config,qid,rank_complete,oracle_beneficial,edited,support_complete_delta,support_recall_delta,added_gold,added_non_gold,removed_gold,removed_non_gold,hard_negative_types
margin15,83bf3b5a0bd911eba7f7acde48001122,True,False,True,0.0,0.0,0,1,0,1,"{""low_signal_deep_negative"": 1}"
margin15,a80d84e7096d11ebbdb0ac1f6bf848b6,True,False,False,0.0,0.0,0,0,0,0,{}
margin15,2dc690ba0bdc11eba7f7acde48001122,False,False,True,0.0,0.0,0,1,0,1,"{""lexical_hard_negative"": 1}"
margin15,462bb642099211ebbdb0ac1f6bf848b6,True,False,False,0.0,0.0,0,0,0,0,{}
margin15,a1cdb240085811ebbd5bac1f6bf848b6,True,False,False,0.0,0.0,0,0,0,0,{}
margin15,6718770a087311ebbd66ac1f6bf848b6,True,False,False,0.0,0.0,0,0,0,0,{}
margin15,7f7046d308f711ebbdaaac1f6bf848b6,True,False,False,0.0,0.0,0,0,0,0,{}
margin15,9fe6a6760baf11ebab90acde48001122,True,False,True,0.0,0.0,0,1,0,1,"{""lexical_hard_negative"": 1}"
margin15,551e024408a611ebbd7fac1f6bf848b6,False,True,False,0.0,0.0,0,0,0,0,{}
margin15,33f51d7e0bde11eba7f7acde48001122,True,False,False,0.0,0.0,0,0,0,0,{}
margin15,914b452c0bdc11eba7f7acde48001122,True,False,True,0.0,0.0,0,1,0,1,"{""lexical_hard_negative"": 1}"
margin15,d6898f78089511ebbd75ac1f6bf848b6,True,False,False,0.0,0.0,0,0,0,0,{}
margin15,006d81bc0bde11eba7f7acde48001122,False,True,False,0.0,0.0,0,0,0,0,{}
margin15,f5e3b9ca0bdb11eba7f7acde48001122,True,False,False,0.0,0.0,0,0,0,0,{}
margin15,265daf200bdc11eba7f7acde48001122,True,False,True,0.0,0.0,0,1,0,1,"{""bridge_entity_distractor"": 1}"
margin15,1c0dd3b00bdc11eba7f7acde48001122,True,False,False,0.0,0.0,0,0,0,0,{}
margin15,bab3b6d00bda11eba7f7acde48001122,True,False,False,0.0,0.0,0,0,0,0,{}
margin15,84b691d8086a11ebbd5fac1f6bf848b6,True,False,False,0.0,0.0,0,0,0,0,{}
margin15,dcbee4b608b011ebbd85ac1f6bf848b6,True,False,False,0.0,0.0,0,0,0,0,{}
margin15,2d8f3ebe0bda11eba7f7acde48001122,True,False,False,0.0,0.0,0,0,0,0,{}
margin15,e6e38bc40bdd11eba7f7acde48001122,True,False,False,0.0,0.0,0,0,0,0,{}
margin15,0bedb7e80bdc11eba7f7acde48001122,True,False,False,0.0,0.0,0,0,0,0,{}
margin15,86508dc60bdc11eba7f7acde48001122,True,False,False,0.0,0.0,0,0,0,0,{}
margin15,e311a3ba0bdc11eba7f7acde48001122,True,False,False,0.0,0.0,0,0,0,0,{}
margin15,bdd526c4091811ebbdaeac1f6bf848b6,True,False,False,0.0,0.0,0,0,0,0,{}
margin15,435f65fa0baf11ebab90acde48001122,True,False,True,0.0,0.0,0,1,0,1,"{""semantic_hard_negative"": 1}"
margin15,5cc01ab60bb011ebab90acde48001122,True,False,True,0.0,0.0,0,1,0,1,"{""low_signal_deep_negative"": 1}"
margin15,2084260e0bde11eba7f7acde48001122,True,False,False,0.0,0.0,0,0,0,0,{}
margin15,7cb81afc0bd911eba7f7acde48001122,True,False,False,0.0,0.0,0,0,0,0,{}
margin15,a1d9a65c0bd911eba7f7acde48001122,True,False,False,0.0,0.0,0,0,0,0,{}
margin15,f34d188608cb11ebbd93ac1f6bf848b6,False,False,False,0.0,0.0,0,0,0,0,{}
margin15,3a3c2efe0bdc11eba7f7acde48001122,False,False,False,0.0,0.0,0,0,0,0,{}
margin15,9aa8008408de11ebbd9eac1f6bf848b6,True,False,False,0.0,0.0,0,0,0,0,{}
margin15,0dfe41f60bdc11eba7f7acde48001122,False,False,False,0.0,0.0,0,0,0,0,{}
margin15,3ce92df80bde11eba7f7acde48001122,False,True,False,0.0,0.0,0,0,0,0,{}
margin15,3e3cd62a086211ebbd5dac1f6bf848b6,True,False,False,0.0,0.0,0,0,0,0,{}
margin15,b672c1ee0bdd11eba7f7acde48001122,True,False,True,0.0,0.0,0,1,0,1,"{""lexical_hard_negative"": 1}"
margin15,01309e5008bd11ebbd89ac1f6bf848b6,True,False,False,0.0,0.0,0,0,0,0,{}
margin15,c5a00e860bda11eba7f7acde48001122,True,False,False,0.0,0.0,0,0,0,0,{}
margin15,434dea7708d211ebbd95ac1f6bf848b6,True,False,False,0.0,0.0,0,0,0,0,{}
margin15,02b62fce087211ebbd64ac1f6bf848b6,True,False,False,0.0,0.0,0,0,0,0,{}
margin15,b0ac0fc8087b11ebbd68ac1f6bf848b6,True,False,False,0.0,0.0,0,0,0,0,{}
margin15,c9a769c608be11ebbd8aac1f6bf848b6,True,False,False,0.0,0.0,0,0,0,0,{}
margin15,3f04140e08c311ebbd8dac1f6bf848b6,True,False,False,0.0,0.0,0,0,0,0,{}
margin15,50e4a65c0bde11eba7f7acde48001122,True,False,False,0.0,0.0,0,0,0,0,{}
margin15,b64f541e088d11ebbd70ac1f6bf848b6,True,False,False,0.0,0.0,0,0,0,0,{}
margin15,f998c58c091b11ebbdaeac1f6bf848b6,True,False,False,0.0,0.0,0,0,0,0,{}
margin15,38da155f087511ebbd67ac1f6bf848b6,True,False,False,0.0,0.0,0,0,0,0,{}
margin15,49b22d0a0bde11eba7f7acde48001122,False,True,False,0.0,0.0,0,0,0,0,{}
margin15,78b10fb00bdc11eba7f7acde48001122,True,False,False,0.0,0.0,0,0,0,0,{}
margin15,879d21e208fc11ebbdadac1f6bf848b6,True,False,False,0.0,0.0,0,0,0,0,{}
margin15,62a9cd640bb011ebab90acde48001122,False,False,True,0.0,0.0,0,1,0,1,"{""lexical_hard_negative"": 1}"
margin15,cda459160bda11eba7f7acde48001122,True,False,False,0.0,0.0,0,0,0,0,{}
margin15,1dfaa6200bdd11eba7f7acde48001122,True,False,False,0.0,0.0,0,0,0,0,{}
margin15,ea151f3908e011ebbda2ac1f6bf848b6,True,False,False,0.0,0.0,0,0,0,0,{}
margin15,8e07f1f00bda11eba7f7acde48001122,True,False,False,0.0,0.0,0,0,0,0,{}
margin15,b7f5f7200bdd11eba7f7acde48001122,True,False,False,0.0,0.0,0,0,0,0,{}
margin15,0dc9691b087911ebbd67ac1f6bf848b6,False,False,False,0.0,0.0,0,0,0,0,{}
margin15,ec70a8a208a311ebbd7cac1f6bf848b6,True,False,False,0.0,0.0,0,0,0,0,{}
margin15,0083038e0bde11eba7f7acde48001122,False,True,True,0.0,0.0,0,1,0,1,"{""lexical_hard_negative"": 1}"
margin15,6b8402c40bdd11eba7f7acde48001122,True,False,False,0.0,0.0,0,0,0,0,{}
margin15,d9c894ec0bd911eba7f7acde48001122,True,False,False,0.0,0.0,0,0,0,0,{}
margin15,4d3ab509099c11ebbdb0ac1f6bf848b6,True,False,False,0.0,0.0,0,0,0,0,{}
margin15,a9e322b20bdc11eba7f7acde48001122,True,False,True,0.0,0.0,0,1,0,1,"{""lexical_hard_negative"": 1}"
margin15,8f783c7a0bda11eba7f7acde48001122,True,False,True,0.0,0.0,0,1,0,1,"{""lexical_hard_negative"": 1}"
margin15,b642318c0bdd11eba7f7acde48001122,True,False,True,0.0,0.0,0,1,0,1,"{""lexical_hard_negative"": 1}"
margin15,a52e9e1908b711ebbd88ac1f6bf848b6,True,False,False,0.0,0.0,0,0,0,0,{}
margin15,fcdafe320bdb11eba7f7acde48001122,True,False,False,0.0,0.0,0,0,0,0,{}
margin15,7d87730c087211ebbd66ac1f6bf848b6,True,False,False,0.0,0.0,0,0,0,0,{}
margin15,ee5cf4a008a711ebbd7fac1f6bf848b6,True,False,False,0.0,0.0,0,0,0,0,{}
margin15,037da85d08c611ebbd90ac1f6bf848b6,True,False,False,0.0,0.0,0,0,0,0,{}
margin15,e15d99380bdd11eba7f7acde48001122,True,False,False,0.0,0.0,0,0,0,0,{}
margin15,f05423560bda11eba7f7acde48001122,True,False,False,0.0,0.0,0,0,0,0,{}
margin15,0ce9a92008ed11ebbda7ac1f6bf848b6,True,False,False,0.0,0.0,0,0,0,0,{}
margin15,7d7237ac08a011ebbd78ac1f6bf848b6,True,False,False,0.0,0.0,0,0,0,0,{}
margin15,90c8793c087411ebbd67ac1f6bf848b6,True,False,False,0.0,0.0,0,0,0,0,{}
margin15,63c16246095211ebbdaeac1f6bf848b6,True,False,False,0.0,0.0,0,0,0,0,{}
margin15,48e6d06e086f11ebbd62ac1f6bf848b6,False,False,False,0.0,0.0,0,0,0,0,{}
margin15,d18fc6640bda11eba7f7acde48001122,True,False,False,0.0,0.0,0,0,0,0,{}
margin15,4a11106f08ea11ebbda7ac1f6bf848b6,True,False,False,0.0,0.0,0,0,0,0,{}
margin15,a457e11c0bdb11eba7f7acde48001122,True,False,False,0.0,0.0,0,0,0,0,{}
margin15,632fcc82085611ebbd59ac1f6bf848b6,True,False,False,0.0,0.0,0,0,0,0,{}
margin15,076288460bde11eba7f7acde48001122,True,False,True,0.0,0.0,0,1,0,1,"{""lexical_hard_negative"": 1}"
margin15,402c6e0008c611ebbd90ac1f6bf848b6,True,False,False,0.0,0.0,0,0,0,0,{}
margin15,9523a3df088911ebbd6eac1f6bf848b6,True,False,False,0.0,0.0,0,0,0,0,{}
margin15,5ff291a80bda11eba7f7acde48001122,True,False,False,0.0,0.0,0,0,0,0,{}
margin15,a08aa2a9089111ebbd73ac1f6bf848b6,True,False,False,0.0,0.0,0,0,0,0,{}
margin15,63240f22089d11ebbd78ac1f6bf848b6,False,False,False,0.0,0.0,0,0,0,0,{}
margin15,fde95590089c11ebbd78ac1f6bf848b6,True,False,False,0.0,0.0,0,0,0,0,{}
margin15,3bb9c0740bb011ebab90acde48001122,False,True,False,0.0,0.0,0,0,0,0,{}
margin15,dfb1d2c8085611ebbd59ac1f6bf848b6,True,False,True,-1.0,-0.25,0,1,1,0,"{""lexical_hard_negative"": 1}"
margin15,e7dc72940baf11ebab90acde48001122,True,False,True,0.0,0.0,0,1,0,1,"{""low_signal_deep_negative"": 1}"
margin15,764446780bde11eba7f7acde48001122,True,False,False,0.0,0.0,0,0,0,0,{}
margin15,bb97d66208ba11ebbd88ac1f6bf848b6,False,False,False,0.0,0.0,0,0,0,0,{}
margin15,f1a794f20bdc11eba7f7acde48001122,True,False,False,0.0,0.0,0,0,0,0,{}
margin15,47bb70600bde11eba7f7acde48001122,True,False,False,0.0,0.0,0,0,0,0,{}
margin15,6cbb0ed6089911ebbd77ac1f6bf848b6,True,False,False,0.0,0.0,0,0,0,0,{}
margin15,594ca25608df11ebbda0ac1f6bf848b6,True,False,False,0.0,0.0,0,0,0,0,{}
margin15,a431a93808d511ebbd98ac1f6bf848b6,True,False,False,0.0,0.0,0,0,0,0,{}
margin15,421d07aa0bb011ebab90acde48001122,True,False,True,0.0,0.0,0,1,0,1,"{""lexical_hard_negative"": 1}"
margin15,3f48bc400bb011ebab90acde48001122,True,False,True,0.0,0.0,0,1,0,1,"{""lexical_hard_negative"": 1}"
margin15,c68eb0be08e611ebbda5ac1f6bf848b6,True,False,False,0.0,0.0,0,0,0,0,{}
margin15,ab28bfb6097d11ebbdb0ac1f6bf848b6,True,False,False,0.0,0.0,0,0,0,0,{}
margin15,0f97e1f3096f11ebbdb0ac1f6bf848b6,True,False,False,0.0,0.0,0,0,0,0,{}
margin15,3ab846860bde11eba7f7acde48001122,False,True,False,0.0,0.0,0,0,0,0,{}
margin15,8cd3fe6c0baf11ebab90acde48001122,True,False,True,0.0,0.0,0,1,0,1,"{""lexical_hard_negative"": 1}"
margin15,0d9251260baf11ebab90acde48001122,True,False,False,0.0,0.0,0,0,0,0,{}
margin15,8cdc97de0bdc11eba7f7acde48001122,True,False,False,0.0,0.0,0,0,0,0,{}
margin15,178a2b9408d611ebbd98ac1f6bf848b6,True,False,False,0.0,0.0,0,0,0,0,{}
margin15,d73fa07c0bdd11eba7f7acde48001122,True,False,True,0.0,0.0,0,1,0,1,"{""lexical_hard_negative"": 1}"
margin15,9bc54aba0bdd11eba7f7acde48001122,True,False,False,0.0,0.0,0,0,0,0,{}
margin15,36b8644508af11ebbd83ac1f6bf848b6,False,False,False,0.0,0.0,0,0,0,0,{}
margin15,81e0d683087c11ebbd6aac1f6bf848b6,True,False,False,0.0,0.0,0,0,0,0,{}
margin15,689d225009b411ebbdb0ac1f6bf848b6,True,False,False,0.0,0.0,0,0,0,0,{}
margin15,5cbb015f087511ebbd67ac1f6bf848b6,True,False,False,0.0,0.0,0,0,0,0,{}
margin15,0016373a0bda11eba7f7acde48001122,False,True,True,0.0,0.0,0,1,0,1,"{""lexical_hard_negative"": 1}"
margin15,ccd086f80bdb11eba7f7acde48001122,True,False,False,0.0,0.0,0,0,0,0,{}
margin15,965e667e0bdd11eba7f7acde48001122,True,False,True,0.0,0.0,0,1,0,1,"{""lexical_hard_negative"": 1}"
margin15,49ccfdfa08ce11ebbd94ac1f6bf848b6,False,True,True,0.0,0.25,1,0,0,1,{}
margin15,43eb7b380bde11eba7f7acde48001122,False,False,True,0.0,0.0,0,1,0,1,"{""lexical_hard_negative"": 1}"
margin15,f48667b80bda11eba7f7acde48001122,True,False,False,0.0,0.0,0,0,0,0,{}
margin15,d6e9771908dd11ebbd9eac1f6bf848b6,True,False,False,0.0,0.0,0,0,0,0,{}
margin15,bd9609880bdb11eba7f7acde48001122,True,False,False,0.0,0.0,0,0,0,0,{}
margin15,748446060bdb11eba7f7acde48001122,False,False,False,0.0,0.0,0,0,0,0,{}
margin15,e2de58500bd911eba7f7acde48001122,True,False,False,0.0,0.0,0,0,0,0,{}
margin15,f04cc9b408d611ebbd99ac1f6bf848b6,False,True,False,0.0,0.0,0,0,0,0,{}
margin15,5c7842780baf11ebab90acde48001122,True,False,True,0.0,0.0,0,1,0,1,"{""lexical_hard_negative"": 1}"
margin15,0c24f02e08c711ebbd91ac1f6bf848b6,True,False,False,0.0,0.0,0,0,0,0,{}
margin15,84c99c760bb011ebab90acde48001122,True,False,True,0.0,0.0,0,1,0,1,"{""lexical_hard_negative"": 1}"
margin15,f253a3040bdd11eba7f7acde48001122,True,False,True,-1.0,-0.5,0,1,1,0,"{""lexical_hard_negative"": 1}"
margin15,8dcaaf24089811ebbd77ac1f6bf848b6,True,False,True,-1.0,-0.25,0,1,1,0,"{""lexical_hard_negative"": 1}"
margin15,43d8b52c0baf11ebab90acde48001122,True,False,True,0.0,0.0,0,1,0,1,"{""lexical_hard_negative"": 1}"
margin15,63ccce2308cb11ebbd92ac1f6bf848b6,True,False,False,0.0,0.0,0,0,0,0,{}
margin15,15d1892108ef11ebbda8ac1f6bf848b6,True,False,False,0.0,0.0,0,0,0,0,{}
margin15,755fdd7c08a411ebbd7cac1f6bf848b6,False,True,False,0.0,0.0,0,0,0,0,{}
margin15,94198d580bb011ebab90acde48001122,False,True,True,0.0,0.5,1,0,0,1,{}
margin15,0ecb27fa0bde11eba7f7acde48001122,True,False,False,0.0,0.0,0,0,0,0,{}
margin15,e9e18ee608d811ebbd9cac1f6bf848b6,True,False,False,0.0,0.0,0,0,0,0,{}
margin15,77ccf6e40bdd11eba7f7acde48001122,True,False,True,0.0,0.0,0,1,0,1,"{""lexical_hard_negative"": 1}"
margin15,287c0ebf08b411ebbd87ac1f6bf848b6,True,False,False,0.0,0.0,0,0,0,0,{}
margin15,cebd0a2a089a11ebbd77ac1f6bf848b6,True,False,False,0.0,0.0,0,0,0,0,{}
margin15,6b6a5a7f092e11ebbdaeac1f6bf848b6,True,False,False,0.0,0.0,0,0,0,0,{}
margin15,843ef89008fa11ebbdacac1f6bf848b6,True,False,False,0.0,0.0,0,0,0,0,{}
margin15,7efb04e708a011ebbd78ac1f6bf848b6,False,True,False,0.0,0.0,0,0,0,0,{}
margin15,96b7c1a60bdd11eba7f7acde48001122,False,True,True,0.0,0.0,0,1,0,1,"{""lexical_hard_negative"": 1}"
margin15,121ddeae0bdc11eba7f7acde48001122,True,False,False,0.0,0.0,0,0,0,0,{}
margin15,3ed2ba7a0bda11eba7f7acde48001122,True,False,False,0.0,0.0,0,0,0,0,{}
margin15,77f521780bb011ebab90acde48001122,True,False,True,-1.0,-0.5,0,1,1,0,"{""lexical_hard_negative"": 1}"
margin15,0868539a0bdb11eba7f7acde48001122,True,False,False,0.0,0.0,0,0,0,0,{}
margin15,b088d3ca08e211ebbda4ac1f6bf848b6,False,False,False,0.0,0.0,0,0,0,0,{}
margin15,44e9813a0bdc11eba7f7acde48001122,True,False,True,0.0,0.0,0,1,0,1,"{""lexical_hard_negative"": 1}"
margin15,2ccc68a108fe11ebbdadac1f6bf848b6,True,False,False,0.0,0.0,0,0,0,0,{}
margin15,29bf69d20bb011ebab90acde48001122,True,False,False,0.0,0.0,0,0,0,0,{}
margin15,acbf27ee089211ebbd73ac1f6bf848b6,True,False,False,0.0,0.0,0,0,0,0,{}
margin15,3040e4fb085611ebbd59ac1f6bf848b6,True,False,False,0.0,0.0,0,0,0,0,{}
margin15,696ce7cd08be11ebbd8aac1f6bf848b6,True,False,False,0.0,0.0,0,0,0,0,{}
margin15,c531e7560baf11ebab90acde48001122,True,False,True,0.0,0.0,0,1,0,1,"{""bridge_entity_distractor"": 1}"
margin15,0cafe4700bb011ebab90acde48001122,False,False,True,0.0,0.0,0,1,0,1,"{""lexical_hard_negative"": 1}"
margin15,60402bf80bde11eba7f7acde48001122,True,False,True,0.0,0.0,0,1,0,1,"{""lexical_hard_negative"": 1}"
margin15,fe2dd4b20bdb11eba7f7acde48001122,True,False,False,0.0,0.0,0,0,0,0,{}
margin15,d5cee073085911ebbd5bac1f6bf848b6,True,False,False,0.0,0.0,0,0,0,0,{}
margin15,6ee6201a0bdc11eba7f7acde48001122,True,False,True,0.0,0.0,0,1,0,1,"{""lexical_hard_negative"": 1}"
margin15,1b36c01f08df11ebbd9fac1f6bf848b6,True,False,True,0.0,0.0,0,1,0,1,"{""answer_string_distractor"": 1}"
margin15,095c87880bdd11eba7f7acde48001122,False,True,True,0.0,0.0,0,1,0,1,"{""answer_string_distractor"": 1}"
margin15,81c9a46c0bb011ebab90acde48001122,True,False,True,0.0,0.0,0,1,0,1,"{""lexical_hard_negative"": 1}"
margin15,1cf6b11808a111ebbd78ac1f6bf848b6,True,False,False,0.0,0.0,0,0,0,0,{}
margin15,f20ae8a80bdd11eba7f7acde48001122,True,False,False,0.0,0.0,0,0,0,0,{}
margin15,86ea0e1e0bb011ebab90acde48001122,True,False,True,0.0,0.0,0,1,0,1,"{""lexical_hard_negative"": 1}"
margin15,e42d315308f711ebbdaaac1f6bf848b6,True,False,False,0.0,0.0,0,0,0,0,{}
margin15,bbfe9c84087511ebbd67ac1f6bf848b6,True,False,False,0.0,0.0,0,0,0,0,{}
margin15,1fa46e26084911ebbd55ac1f6bf848b6,True,False,False,0.0,0.0,0,0,0,0,{}
margin15,4f8e349e08e111ebbda2ac1f6bf848b6,True,False,False,0.0,0.0,0,0,0,0,{}
margin15,f0faeb9a0bdb11eba7f7acde48001122,True,False,True,0.0,0.0,0,1,0,1,"{""lexical_hard_negative"": 1}"
margin15,182ecc9a0baf11ebab90acde48001122,True,False,True,0.0,0.0,0,1,0,1,"{""low_signal_deep_negative"": 1}"
margin15,bcc4e26c08c111ebbd8bac1f6bf848b6,True,False,False,0.0,0.0,0,0,0,0,{}
margin15,31e34c220bde11eba7f7acde48001122,True,False,False,0.0,0.0,0,0,0,0,{}
margin15,38e0bdd2094e11ebbdaeac1f6bf848b6,True,False,False,0.0,0.0,0,0,0,0,{}
margin15,37f3bd380baf11ebab90acde48001122,False,False,True,0.0,0.0,0,1,0,1,"{""semantic_hard_negative"": 1}"
margin15,b8ef144a0bdd11eba7f7acde48001122,False,True,True,1.0,0.5,1,0,0,1,{}
margin15,5caef2f8096411ebbdafac1f6bf848b6,True,False,False,0.0,0.0,0,0,0,0,{}
margin15,0856e5d4085b11ebbd5cac1f6bf848b6,True,False,False,0.0,0.0,0,0,0,0,{}
margin15,498dc8a2089111ebbd72ac1f6bf848b6,True,False,False,0.0,0.0,0,0,0,0,{}
margin15,5d3230dc0bde11eba7f7acde48001122,False,False,False,0.0,0.0,0,0,0,0,{}
margin15,350ec8b80bde11eba7f7acde48001122,True,False,False,0.0,0.0,0,0,0,0,{}
margin15,ee212a820bdc11eba7f7acde48001122,False,True,False,0.0,0.0,0,0,0,0,{}
margin15,337c710c08b511ebbd88ac1f6bf848b6,True,False,True,0.0,0.0,0,1,0,1,"{""lexical_hard_negative"": 1}"
margin15,c46f575c0bd911eba7f7acde48001122,True,False,True,0.0,0.0,0,1,0,1,"{""bridge_entity_distractor"": 1}"
margin15,75668b40094111ebbdaeac1f6bf848b6,True,False,False,0.0,0.0,0,0,0,0,{}
margin15,82de9a9f088911ebbd6eac1f6bf848b6,True,False,False,0.0,0.0,0,0,0,0,{}
margin15,5f2bb1060bd911eba7f7acde48001122,False,True,False,0.0,0.0,0,0,0,0,{}
margin15,92ae94d309bb11ebbdb0ac1f6bf848b6,True,False,False,0.0,0.0,0,0,0,0,{}
margin15,f6582e180bae11ebab90acde48001122,False,False,True,0.0,0.0,0,1,0,1,"{""answer_string_distractor"": 1}"
margin15,ea294116094111ebbdaeac1f6bf848b6,True,False,False,0.0,0.0,0,0,0,0,{}
margin15,c4bdfbea08c911ebbd92ac1f6bf848b6,True,False,False,0.0,0.0,0,0,0,0,{}
margin15,9a7f003a0bdb11eba7f7acde48001122,True,False,False,0.0,0.0,0,0,0,0,{}
margin15,6a4840d608dc11ebbd9cac1f6bf848b6,False,True,True,0.0,0.0,0,1,0,1,"{""bridge_entity_distractor"": 1}"
margin15,c213141e08e411ebbda4ac1f6bf848b6,True,False,True,0.0,0.0,0,1,0,1,"{""answer_string_distractor"": 1}"
margin15,7f95fed108f511ebbdaaac1f6bf848b6,True,False,False,0.0,0.0,0,0,0,0,{}
margin15,a488d6e2089211ebbd73ac1f6bf848b6,True,False,False,0.0,0.0,0,0,0,0,{}
margin15,8540ae66088011ebbd6cac1f6bf848b6,False,True,True,0.0,0.0,0,1,0,1,"{""low_signal_deep_negative"": 1}"
margin15,3d2069fe0bb011ebab90acde48001122,True,False,False,0.0,0.0,0,0,0,0,{}
margin15,db9c6d860baf11ebab90acde48001122,True,False,True,0.0,0.0,0,1,0,1,"{""lexical_hard_negative"": 1}"
margin15,73a066fc085c11ebbd5cac1f6bf848b6,True,False,False,0.0,0.0,0,0,0,0,{}
margin15,a5e0af240bda11eba7f7acde48001122,True,False,True,-1.0,-0.5,0,1,1,0,"{""lexical_hard_negative"": 1}"
margin15,cce5bb160bdd11eba7f7acde48001122,True,False,False,0.0,0.0,0,0,0,0,{}
margin15,bfec064d089311ebbd75ac1f6bf848b6,True,False,False,0.0,0.0,0,0,0,0,{}
margin15,e2c19fd80bae11ebab90acde48001122,True,False,True,0.0,0.0,0,1,0,1,"{""lexical_hard_negative"": 1}"
margin15,ebd237d60bdb11eba7f7acde48001122,False,False,False,0.0,0.0,0,0,0,0,{}
margin15,eeb017fa0bdd11eba7f7acde48001122,True,False,True,0.0,0.0,0,1,0,1,"{""lexical_hard_negative"": 1}"
margin15,f1e802100bd911eba7f7acde48001122,True,False,False,0.0,0.0,0,0,0,0,{}
margin15,87af20a9086c11ebbd61ac1f6bf848b6,True,False,False,0.0,0.0,0,0,0,0,{}
margin15,2330faf1097511ebbdb0ac1f6bf848b6,True,False,False,0.0,0.0,0,0,0,0,{}
margin15,b7d447220bda11eba7f7acde48001122,True,False,True,0.0,0.0,0,1,0,1,"{""lexical_hard_negative"": 1}"
margin15,77fc4f840bb011ebab90acde48001122,True,False,True,0.0,0.0,0,1,0,1,"{""lexical_hard_negative"": 1}"
margin15,a8a18e800bdb11eba7f7acde48001122,False,True,True,1.0,0.5,1,0,0,1,{}
margin15,90c0b632086c11ebbd61ac1f6bf848b6,True,False,False,0.0,0.0,0,0,0,0,{}
margin15,322dc9a2087b11ebbd67ac1f6bf848b6,True,False,False,0.0,0.0,0,0,0,0,{}
margin15,5037e45b08cb11ebbd92ac1f6bf848b6,False,True,True,0.0,0.0,0,1,0,1,"{""lexical_hard_negative"": 1}"
margin15,f4c82ea208a411ebbd7dac1f6bf848b6,False,False,False,0.0,0.0,0,0,0,0,{}
margin15,62ab4e000bb011ebab90acde48001122,True,False,True,0.0,0.0,0,1,0,1,"{""lexical_hard_negative"": 1}"
margin15,3b1002a40bde11eba7f7acde48001122,True,False,True,0.0,0.0,0,1,0,1,"{""lexical_hard_negative"": 1}"
margin15,1bb1993c0bb011ebab90acde48001122,False,True,True,1.0,0.5,1,0,0,1,{}
margin15,ec8167b208a011ebbd78ac1f6bf848b6,False,False,False,0.0,0.0,0,0,0,0,{}
margin15,69c0bb76087711ebbd67ac1f6bf848b6,False,False,False,0.0,0.0,0,0,0,0,{}
margin15,ac1b9ee108b911ebbd88ac1f6bf848b6,False,True,True,1.0,0.5,1,0,0,1,{}
margin15,29524701085711ebbd5aac1f6bf848b6,False,True,True,0.0,-0.25,0,1,1,0,"{""lexical_hard_negative"": 1}"
margin15,a0a66ec40bdd11eba7f7acde48001122,True,False,False,0.0,0.0,0,0,0,0,{}
margin15,f7ddb2ce0bdd11eba7f7acde48001122,True,False,False,0.0,0.0,0,0,0,0,{}
margin15,6a419ba2087611ebbd67ac1f6bf848b6,True,False,False,0.0,0.0,0,0,0,0,{}
margin15,b3b6e11708cb11ebbd92ac1f6bf848b6,True,False,False,0.0,0.0,0,0,0,0,{}
margin15,dced4bf7089e11ebbd78ac1f6bf848b6,True,False,False,0.0,0.0,0,0,0,0,{}
margin15,fb9c5cb208c411ebbd8eac1f6bf848b6,True,False,False,0.0,0.0,0,0,0,0,{}
margin15,c2cc1ed9086611ebbd5eac1f6bf848b6,True,False,False,0.0,0.0,0,0,0,0,{}
margin15,38c774800bdb11eba7f7acde48001122,True,False,False,0.0,0.0,0,0,0,0,{}
margin15,655027de0bb011ebab90acde48001122,True,False,True,0.0,0.0,0,1,0,1,"{""lexical_hard_negative"": 1}"
margin15,8b5f752e0bdd11eba7f7acde48001122,True,False,False,0.0,0.0,0,0,0,0,{}
margin15,37490a640baf11ebab90acde48001122,True,False,True,0.0,0.0,0,1,0,1,"{""lexical_hard_negative"": 1}"
margin15,f6ac1b13089e11ebbd78ac1f6bf848b6,False,True,False,0.0,0.0,0,0,0,0,{}
margin15,31df8b0a0bde11eba7f7acde48001122,True,False,False,0.0,0.0,0,0,0,0,{}
margin15,deea59ca0bdd11eba7f7acde48001122,True,False,False,0.0,0.0,0,0,0,0,{}
margin15,b4b59c3d085e11ebbd5cac1f6bf848b6,True,False,False,0.0,0.0,0,0,0,0,{}
margin15,288f010c0bde11eba7f7acde48001122,True,False,True,0.0,0.0,0,1,0,1,"{""lexical_hard_negative"": 1}"
margin15,2e4804e8086611ebbd5eac1f6bf848b6,True,False,False,0.0,0.0,0,0,0,0,{}
margin15,38ecffde0bdb11eba7f7acde48001122,True,False,False,0.0,0.0,0,0,0,0,{}
margin15,eb3d62d608ad11ebbd83ac1f6bf848b6,False,False,False,0.0,0.0,0,0,0,0,{}
margin15,cb17bffe089611ebbd76ac1f6bf848b6,True,False,False,0.0,0.0,0,0,0,0,{}
margin15,f2d62e4b09b511ebbdb0ac1f6bf848b6,True,False,False,0.0,0.0,0,0,0,0,{}
margin15,584ec9960bdd11eba7f7acde48001122,True,False,False,0.0,0.0,0,0,0,0,{}
margin15,c6243b900bdd11eba7f7acde48001122,True,False,False,0.0,0.0,0,0,0,0,{}
margin15,821e65dc086911ebbd5eac1f6bf848b6,False,False,False,0.0,0.0,0,0,0,0,{}
margin15,0c39da2e085811ebbd5aac1f6bf848b6,True,False,False,0.0,0.0,0,0,0,0,{}
margin15,18f0a0220baf11ebab90acde48001122,False,False,True,0.0,0.0,0,1,0,1,"{""low_signal_deep_negative"": 1}"
margin15,6faf10f40bde11eba7f7acde48001122,False,False,False,0.0,0.0,0,0,0,0,{}
margin15,6138bd9c095411ebbdaeac1f6bf848b6,True,False,False,0.0,0.0,0,0,0,0,{}
margin15,64075230086811ebbd5eac1f6bf848b6,True,False,False,0.0,0.0,0,0,0,0,{}
margin15,78ba517c0bd911eba7f7acde48001122,True,False,True,0.0,0.0,0,1,0,1,"{""low_signal_deep_negative"": 1}"
margin15,74cb7e400bdb11eba7f7acde48001122,False,True,True,1.0,0.5,1,0,0,1,{}
margin15,e5c738900bdc11eba7f7acde48001122,True,False,False,0.0,0.0,0,0,0,0,{}
margin15,a6160eee0bda11eba7f7acde48001122,True,False,True,-1.0,-0.5,0,1,1,0,"{""lexical_hard_negative"": 1}"
margin15,089b1e3a0bde11eba7f7acde48001122,True,False,True,-1.0,-0.5,0,1,1,0,"{""lexical_hard_negative"": 1}"
margin15,c67ed80c092b11ebbdaeac1f6bf848b6,True,False,False,0.0,0.0,0,0,0,0,{}
margin15,95bf64480bdd11eba7f7acde48001122,False,True,True,1.0,0.5,1,0,0,1,{}
margin15,42661902085b11ebbd5cac1f6bf848b6,True,False,False,0.0,0.0,0,0,0,0,{}
margin15,372d95020bde11eba7f7acde48001122,True,False,False,0.0,0.0,0,0,0,0,{}
margin15,bd01362d08e411ebbda4ac1f6bf848b6,True,False,False,0.0,0.0,0,0,0,0,{}
margin15,1f9ccd180bde11eba7f7acde48001122,True,False,False,0.0,0.0,0,0,0,0,{}
margin15,48c0c6fa089011ebbd72ac1f6bf848b6,False,True,False,0.0,0.0,0,0,0,0,{}
margin15,0518615a0bde11eba7f7acde48001122,True,False,True,0.0,0.0,0,1,0,1,"{""low_signal_deep_negative"": 1}"
margin15,81ca57e60bdc11eba7f7acde48001122,True,False,False,0.0,0.0,0,0,0,0,{}
margin15,cbb5ca82095411ebbdaeac1f6bf848b6,False,True,True,1.0,0.5,1,0,0,1,{}
margin15,828b1390093511ebbdaeac1f6bf848b6,True,False,False,0.0,0.0,0,0,0,0,{}
margin15,66cc23c40bdd11eba7f7acde48001122,True,False,False,0.0,0.0,0,0,0,0,{}
margin15,61d018d8086011ebbd5dac1f6bf848b6,False,True,False,0.0,0.0,0,0,0,0,{}
margin15,a41c3c8808bc11ebbd89ac1f6bf848b6,True,False,False,0.0,0.0,0,0,0,0,{}
margin15,8bb8b730085211ebbd58ac1f6bf848b6,True,False,False,0.0,0.0,0,0,0,0,{}
margin15,135fde100bb011ebab90acde48001122,True,False,False,0.0,0.0,0,0,0,0,{}
margin15,6854217908a011ebbd78ac1f6bf848b6,True,False,False,0.0,0.0,0,0,0,0,{}
margin15,74b1498a0bdb11eba7f7acde48001122,True,False,False,0.0,0.0,0,0,0,0,{}
margin15,8b9607820bd911eba7f7acde48001122,True,False,False,0.0,0.0,0,0,0,0,{}
margin15,b6e4474808a311ebbd7bac1f6bf848b6,False,True,False,0.0,0.0,0,0,0,0,{}
margin15,df0079d408fe11ebbdadac1f6bf848b6,True,False,False,0.0,0.0,0,0,0,0,{}
margin15,8474fb5e08a811ebbd7fac1f6bf848b6,True,False,False,0.0,0.0,0,0,0,0,{}
margin15,361dc208086f11ebbd62ac1f6bf848b6,True,False,False,0.0,0.0,0,0,0,0,{}
margin15,3733d61a0bde11eba7f7acde48001122,True,False,False,0.0,0.0,0,0,0,0,{}
margin15,4e9561d40bd911eba7f7acde48001122,False,False,True,0.0,0.0,0,1,0,1,"{""lexical_hard_negative"": 1}"
margin15,f92dceb2084b11ebbd56ac1f6bf848b6,True,False,False,0.0,0.0,0,0,0,0,{}
margin15,511af4e80baf11ebab90acde48001122,False,False,True,0.0,0.0,0,1,0,1,"{""lexical_hard_negative"": 1}"
margin15,f814a4520bdb11eba7f7acde48001122,True,False,True,0.0,0.0,0,1,0,1,"{""lexical_hard_negative"": 1}"
margin15,f52452fc0bda11eba7f7acde48001122,True,False,True,0.0,0.0,0,1,0,1,"{""lexical_hard_negative"": 1}"
margin15,3ce8faa40bde11eba7f7acde48001122,True,False,False,0.0,0.0,0,0,0,0,{}
margin15,f5c9a3f2086111ebbd5dac1f6bf848b6,True,False,False,0.0,0.0,0,0,0,0,{}
margin15,4139616c08d311ebbd96ac1f6bf848b6,True,False,False,0.0,0.0,0,0,0,0,{}
margin15,f5aba0260bdb11eba7f7acde48001122,True,False,True,0.0,0.0,0,1,0,1,"{""lexical_hard_negative"": 1}"
margin15,3cec35b4091011ebbdadac1f6bf848b6,True,False,False,0.0,0.0,0,0,0,0,{}
margin15,079947de0baf11ebab90acde48001122,False,True,True,1.0,0.5,1,0,0,1,{}
margin15,e38e55b40bdb11eba7f7acde48001122,True,False,False,0.0,0.0,0,0,0,0,{}
margin15,3805416e0bde11eba7f7acde48001122,False,True,False,0.0,0.0,0,0,0,0,{}
margin15,3d3bc0720bde11eba7f7acde48001122,True,False,True,0.0,0.0,0,1,0,1,"{""lexical_hard_negative"": 1}"
margin15,5905858e08d911ebbd9cac1f6bf848b6,True,False,False,0.0,0.0,0,0,0,0,{}
margin15,504bb1e0090311ebbdadac1f6bf848b6,True,False,False,0.0,0.0,0,0,0,0,{}
margin15,752f84c60bdb11eba7f7acde48001122,True,False,True,0.0,0.0,0,1,0,1,"{""lexical_hard_negative"": 1}"
margin15,048f56a80bde11eba7f7acde48001122,True,False,False,0.0,0.0,0,0,0,0,{}
margin15,08de5d000baf11ebab90acde48001122,True,False,True,0.0,0.0,0,1,0,1,"{""lexical_hard_negative"": 1}"
margin15,010d6cab08c711ebbd91ac1f6bf848b6,False,False,True,0.0,0.0,0,1,0,1,"{""bridge_entity_distractor"": 1}"
margin15,02102208088011ebbd6cac1f6bf848b6,True,False,False,0.0,0.0,0,0,0,0,{}
margin15,43a34d720bde11eba7f7acde48001122,True,False,False,0.0,0.0,0,0,0,0,{}
margin15,08f5c0bc0bdc11eba7f7acde48001122,False,False,False,0.0,0.0,0,0,0,0,{}
margin15,f2abc5580bdc11eba7f7acde48001122,True,False,False,0.0,0.0,0,0,0,0,{}
margin15,daaaf3480bdc11eba7f7acde48001122,True,False,False,0.0,0.0,0,0,0,0,{}
margin15,a5937fe00baf11ebab90acde48001122,False,True,True,0.0,0.0,0,1,0,1,"{""lexical_hard_negative"": 1}"
margin15,ec9f5b89092d11ebbdaeac1f6bf848b6,True,False,False,0.0,0.0,0,0,0,0,{}
margin15,63b35a580bd911eba7f7acde48001122,True,False,False,0.0,0.0,0,0,0,0,{}
margin15,e73a5394089211ebbd74ac1f6bf848b6,True,False,False,0.0,0.0,0,0,0,0,{}
margin15,75d4c76e086c11ebbd61ac1f6bf848b6,True,False,True,-1.0,-0.25,0,1,1,0,"{""lexical_hard_negative"": 1}"
margin15,1d5abddf088811ebbd6eac1f6bf848b6,True,False,False,0.0,0.0,0,0,0,0,{}
margin15,8cd1b0020bdd11eba7f7acde48001122,False,True,True,0.0,0.0,0,1,0,1,"{""lexical_hard_negative"": 1}"
margin15,6ad78d00086311ebbd5eac1f6bf848b6,True,False,False,0.0,0.0,0,0,0,0,{}
margin15,c02763f708be11ebbd8aac1f6bf848b6,True,False,False,0.0,0.0,0,0,0,0,{}
margin15,a27a3a220bd911eba7f7acde48001122,True,False,False,0.0,0.0,0,0,0,0,{}
margin15,95cf97b40bdd11eba7f7acde48001122,False,False,False,0.0,0.0,0,0,0,0,{}
margin15,e88629000bdd11eba7f7acde48001122,True,False,True,0.0,0.0,0,1,0,1,"{""low_signal_deep_negative"": 1}"
margin15,53f3501408d711ebbd9aac1f6bf848b6,False,True,False,0.0,0.0,0,0,0,0,{}
margin15,d88af85e085a11ebbd5cac1f6bf848b6,False,True,False,0.0,0.0,0,0,0,0,{}
margin15,b890f2420bd911eba7f7acde48001122,True,False,False,0.0,0.0,0,0,0,0,{}
margin15,ad193b1808b411ebbd88ac1f6bf848b6,True,False,False,0.0,0.0,0,0,0,0,{}
margin15,53ff36f60baf11ebab90acde48001122,True,False,True,0.0,0.0,0,1,0,1,"{""answer_string_distractor"": 1}"
margin15,d9d2904c0bdd11eba7f7acde48001122,True,False,True,0.0,0.0,0,1,0,1,"{""bridge_entity_distractor"": 1}"
margin15,ad7e616a09c611ebbdb0ac1f6bf848b6,True,False,False,0.0,0.0,0,0,0,0,{}
margin15,497156a60bdc11eba7f7acde48001122,True,False,True,0.0,0.0,0,1,0,1,"{""lexical_hard_negative"": 1}"
margin15,abb55bf20bda11eba7f7acde48001122,True,False,False,0.0,0.0,0,0,0,0,{}
margin15,2de08f6d08a611ebbd7eac1f6bf848b6,True,False,False,0.0,0.0,0,0,0,0,{}
margin15,3d20c7000bb011ebab90acde48001122,False,False,True,0.0,0.0,0,1,0,1,"{""lexical_hard_negative"": 1}"
margin15,faf6572008e411ebbda4ac1f6bf848b6,True,False,False,0.0,0.0,0,0,0,0,{}
margin15,8ee8432c0bda11eba7f7acde48001122,True,False,False,0.0,0.0,0,0,0,0,{}
margin15,674b49540bda11eba7f7acde48001122,True,False,False,0.0,0.0,0,0,0,0,{}
margin15,3ac0ebec0bde11eba7f7acde48001122,True,False,False,0.0,0.0,0,0,0,0,{}
margin15,10b1efd80bdc11eba7f7acde48001122,True,False,False,0.0,0.0,0,0,0,0,{}
margin15,78107ec8097611ebbdb0ac1f6bf848b6,True,False,False,0.0,0.0,0,0,0,0,{}
margin15,32c23401097711ebbdb0ac1f6bf848b6,True,False,False,0.0,0.0,0,0,0,0,{}
margin15,c5e4c82a0bdd11eba7f7acde48001122,True,False,False,0.0,0.0,0,0,0,0,{}
margin15,711449320bde11eba7f7acde48001122,True,False,False,0.0,0.0,0,0,0,0,{}
margin15,65fa28440bdb11eba7f7acde48001122,True,False,False,0.0,0.0,0,0,0,0,{}
margin15,c69fb1bc0bdd11eba7f7acde48001122,True,False,False,0.0,0.0,0,0,0,0,{}
margin15,09b198a80bde11eba7f7acde48001122,True,False,False,0.0,0.0,0,0,0,0,{}
margin15,d58ede7c086e11ebbd62ac1f6bf848b6,False,False,False,0.0,0.0,0,0,0,0,{}
margin15,337da5aa098111ebbdb0ac1f6bf848b6,True,False,False,0.0,0.0,0,0,0,0,{}
margin15,810be29808b211ebbd85ac1f6bf848b6,True,False,False,0.0,0.0,0,0,0,0,{}
margin15,e437dddd089311ebbd75ac1f6bf848b6,True,False,True,0.0,0.0,0,1,0,1,"{""lexical_hard_negative"": 1}"
margin15,13476e200bdd11eba7f7acde48001122,True,False,True,0.0,0.0,0,1,0,1,"{""lexical_hard_negative"": 1}"
margin15,1332d0ca0bdb11eba7f7acde48001122,True,False,False,0.0,0.0,0,0,0,0,{}
margin15,8055aca40bdb11eba7f7acde48001122,True,False,False,0.0,0.0,0,0,0,0,{}
margin15,0984e6aa0bde11eba7f7acde48001122,True,False,False,0.0,0.0,0,0,0,0,{}
margin15,98f734a60bdd11eba7f7acde48001122,True,False,True,0.0,0.0,0,1,0,1,"{""lexical_hard_negative"": 1}"
margin15,3b76b5c80bdc11eba7f7acde48001122,False,False,False,0.0,0.0,0,0,0,0,{}
margin15,f04a80e20bdc11eba7f7acde48001122,False,False,True,0.0,0.0,0,1,0,1,"{""low_signal_deep_negative"": 1}"
margin15,9d06ec120bdd11eba7f7acde48001122,True,False,False,0.0,0.0,0,0,0,0,{}
margin15,0ad6eeec085811ebbd5aac1f6bf848b6,True,False,False,0.0,0.0,0,0,0,0,{}
margin15,ba015944086611ebbd5eac1f6bf848b6,True,False,False,0.0,0.0,0,0,0,0,{}
margin15,3cc3895c08cf11ebbd94ac1f6bf848b6,True,False,False,0.0,0.0,0,0,0,0,{}
margin15,002e925e0bde11eba7f7acde48001122,False,True,False,0.0,0.0,0,0,0,0,{}
margin15,8d3878060bdc11eba7f7acde48001122,False,False,False,0.0,0.0,0,0,0,0,{}
margin15,ae85fccd089411ebbd75ac1f6bf848b6,False,False,False,0.0,0.0,0,0,0,0,{}
margin15,5cbf94880bb011ebab90acde48001122,False,False,True,0.0,0.0,0,1,0,1,"{""lexical_hard_negative"": 1}"
margin15,fc631640089711ebbd77ac1f6bf848b6,True,False,False,0.0,0.0,0,0,0,0,{}
margin15,8c3c6d9e0bb011ebab90acde48001122,False,True,True,0.0,0.0,0,1,0,1,"{""lexical_hard_negative"": 1}"
margin15,39af8adc0bda11eba7f7acde48001122,True,False,False,0.0,0.0,0,0,0,0,{}
margin15,096e42ba0bde11eba7f7acde48001122,True,False,False,0.0,0.0,0,0,0,0,{}
margin15,1194abf60bb011ebab90acde48001122,False,True,True,0.0,0.0,0,1,0,1,"{""lexical_hard_negative"": 1}"
margin15,6abaf116089c11ebbd78ac1f6bf848b6,True,False,False,0.0,0.0,0,0,0,0,{}
margin15,89a94f720bdb11eba7f7acde48001122,False,False,False,0.0,0.0,0,0,0,0,{}
margin15,43c910980bde11eba7f7acde48001122,False,True,True,0.0,0.0,0,1,0,1,"{""lexical_hard_negative"": 1}"
margin15,6bde832c0bdb11eba7f7acde48001122,True,False,False,0.0,0.0,0,0,0,0,{}
margin15,05ca5a800bda11eba7f7acde48001122,True,False,False,0.0,0.0,0,0,0,0,{}
margin15,b942cafc08c411ebbd8eac1f6bf848b6,False,False,False,0.0,0.0,0,0,0,0,{}
margin15,fc2f7e460bda11eba7f7acde48001122,True,False,False,0.0,0.0,0,0,0,0,{}
margin15,16df4c5a087311ebbd66ac1f6bf848b6,True,False,False,0.0,0.0,0,0,0,0,{}
margin15,e5d895ee0bdd11eba7f7acde48001122,False,True,False,0.0,0.0,0,0,0,0,{}
margin15,1f3ff7880bb011ebab90acde48001122,True,False,False,0.0,0.0,0,0,0,0,{}
margin15,8308df9e08a311ebbd7bac1f6bf848b6,True,False,False,0.0,0.0,0,0,0,0,{}
margin15,375e7e4408c611ebbd90ac1f6bf848b6,True,False,False,0.0,0.0,0,0,0,0,{}
margin15,2152e80a0bdd11eba7f7acde48001122,True,False,False,0.0,0.0,0,0,0,0,{}
margin15,82ce34f6096011ebbdafac1f6bf848b6,True,False,False,0.0,0.0,0,0,0,0,{}
margin15,990a177a08a311ebbd7bac1f6bf848b6,True,False,False,0.0,0.0,0,0,0,0,{}
margin15,d5a1a526088311ebbd6dac1f6bf848b6,True,False,False,0.0,0.0,0,0,0,0,{}
margin15,b42ac0920bda11eba7f7acde48001122,True,False,False,0.0,0.0,0,0,0,0,{}
margin15,49d710a20bde11eba7f7acde48001122,True,False,True,0.0,0.0,0,1,0,1,"{""lexical_hard_negative"": 1}"
margin15,77f5e45a0bb011ebab90acde48001122,True,False,False,0.0,0.0,0,0,0,0,{}
margin15,405c82e8094711ebbdaeac1f6bf848b6,True,False,False,0.0,0.0,0,0,0,0,{}
margin15,896795760bb011ebab90acde48001122,True,False,False,0.0,0.0,0,0,0,0,{}
margin15,88cc034008c211ebbd8cac1f6bf848b6,True,False,False,0.0,0.0,0,0,0,0,{}
margin15,f06252fc0bdd11eba7f7acde48001122,True,False,False,0.0,0.0,0,0,0,0,{}
margin15,b017cdec0bda11eba7f7acde48001122,True,False,False,0.0,0.0,0,0,0,0,{}
margin15,ee999f4408b211ebbd85ac1f6bf848b6,True,False,False,0.0,0.0,0,0,0,0,{}
margin15,f3a16239088011ebbd6dac1f6bf848b6,True,False,False,0.0,0.0,0,0,0,0,{}
margin15,3b5e453a096611ebbdafac1f6bf848b6,True,False,False,0.0,0.0,0,0,0,0,{}
margin15,1816ca87095011ebbdaeac1f6bf848b6,True,False,False,0.0,0.0,0,0,0,0,{}
margin15,50b8f74c0bb011ebab90acde48001122,True,False,True,0.0,0.0,0,1,0,1,"{""lexical_hard_negative"": 1}"
margin15,45153f740bdb11eba7f7acde48001122,True,False,False,0.0,0.0,0,0,0,0,{}
margin15,577638aa0bde11eba7f7acde48001122,True,False,True,0.0,0.0,0,1,0,1,"{""low_signal_deep_negative"": 1}"
margin15,612322280bde11eba7f7acde48001122,True,False,False,0.0,0.0,0,0,0,0,{}
margin15,0069c0220bde11eba7f7acde48001122,True,False,False,0.0,0.0,0,0,0,0,{}
margin15,63c0d3d60bde11eba7f7acde48001122,False,True,True,0.0,0.0,0,1,0,1,"{""lexical_hard_negative"": 1}"
margin15,826592ec08bc11ebbd88ac1f6bf848b6,True,False,False,0.0,0.0,0,0,0,0,{}
margin15,cd76b49608e911ebbda7ac1f6bf848b6,True,False,False,0.0,0.0,0,0,0,0,{}
margin15,ccc8ea860bdd11eba7f7acde48001122,False,True,False,0.0,0.0,0,0,0,0,{}
margin15,cf918c0c0bdb11eba7f7acde48001122,False,False,False,0.0,0.0,0,0,0,0,{}
margin15,8cf32bd6084c11ebbd56ac1f6bf848b6,True,False,False,0.0,0.0,0,0,0,0,{}
margin15,f364ff4c0bae11ebab90acde48001122,False,False,True,0.0,0.0,0,1,0,1,"{""lexical_hard_negative"": 1}"
margin15,497c1bdb094911ebbdaeac1f6bf848b6,True,False,False,0.0,0.0,0,0,0,0,{}
margin15,850c2ecc0bda11eba7f7acde48001122,True,False,False,0.0,0.0,0,0,0,0,{}
margin15,dc68effd08d811ebbd9cac1f6bf848b6,True,False,False,0.0,0.0,0,0,0,0,{}
margin15,39d43b7d08ae11ebbd83ac1f6bf848b6,True,False,False,0.0,0.0,0,0,0,0,{}
margin15,3aa6289708c511ebbd8eac1f6bf848b6,True,False,False,0.0,0.0,0,0,0,0,{}
margin15,923058320bdd11eba7f7acde48001122,True,False,False,0.0,0.0,0,0,0,0,{}
margin15,63a0ba880bd911eba7f7acde48001122,True,False,False,0.0,0.0,0,0,0,0,{}
margin15,b87177b00bdd11eba7f7acde48001122,True,False,False,0.0,0.0,0,0,0,0,{}
margin15,0a66db380bb011ebab90acde48001122,True,False,True,0.0,0.0,0,1,0,1,"{""semantic_hard_negative"": 1}"
margin15,0d27b3c20bda11eba7f7acde48001122,True,False,True,0.0,0.0,0,1,0,1,"{""low_signal_deep_negative"": 1}"
margin15,3f2eb0120baf11ebab90acde48001122,True,False,True,0.0,0.0,0,1,0,1,"{""lexical_hard_negative"": 1}"
margin15,26351014096711ebbdafac1f6bf848b6,True,False,False,0.0,0.0,0,0,0,0,{}
margin15,e7e76caa085611ebbd59ac1f6bf848b6,True,False,False,0.0,0.0,0,0,0,0,{}
margin15,c1bc7e500bdd11eba7f7acde48001122,True,False,True,0.0,0.0,0,1,0,1,"{""lexical_hard_negative"": 1}"
margin15,578144840bde11eba7f7acde48001122,False,False,False,0.0,0.0,0,0,0,0,{}
margin15,cd80e22a08d711ebbd9aac1f6bf848b6,False,True,False,0.0,0.0,0,0,0,0,{}
margin15,d7a948ef09bf11ebbdb0ac1f6bf848b6,True,False,False,0.0,0.0,0,0,0,0,{}
margin15,c510c7b00baf11ebab90acde48001122,True,False,False,0.0,0.0,0,0,0,0,{}
margin15,8abef13108a911ebbd80ac1f6bf848b6,True,False,False,0.0,0.0,0,0,0,0,{}
margin15,ae1baf9708c811ebbd92ac1f6bf848b6,False,False,False,0.0,0.0,0,0,0,0,{}
margin15,ef9dd4360bdd11eba7f7acde48001122,True,False,False,0.0,0.0,0,0,0,0,{}
margin15,6152f66c08df11ebbda0ac1f6bf848b6,True,False,False,0.0,0.0,0,0,0,0,{}
margin15,e6be34b00bdc11eba7f7acde48001122,True,False,False,0.0,0.0,0,0,0,0,{}
margin15,506809580bde11eba7f7acde48001122,True,False,True,0.0,0.0,0,1,0,1,"{""lexical_hard_negative"": 1}"
margin15,6bb80b9c087b11ebbd68ac1f6bf848b6,True,False,False,0.0,0.0,0,0,0,0,{}
margin15,d6c5f2680bdd11eba7f7acde48001122,True,False,True,0.0,0.0,0,1,0,1,"{""lexical_hard_negative"": 1}"
margin15,b930a43b095211ebbdaeac1f6bf848b6,True,False,False,0.0,0.0,0,0,0,0,{}
margin15,dfe3407a088211ebbd6dac1f6bf848b6,False,False,False,0.0,0.0,0,0,0,0,{}
margin15,cd05f93208de11ebbd9fac1f6bf848b6,True,False,False,0.0,0.0,0,0,0,0,{}
margin15,19e6c50608d711ebbd99ac1f6bf848b6,True,False,False,0.0,0.0,0,0,0,0,{}
margin15,a9277caa0bdd11eba7f7acde48001122,False,True,True,0.0,0.0,0,1,0,1,"{""lexical_hard_negative"": 1}"
margin15,5ba83f9a08af11ebbd83ac1f6bf848b6,True,False,True,0.0,0.0,0,1,0,1,"{""lexical_hard_negative"": 1}"
margin15,d9f5fd9a0bdb11eba7f7acde48001122,True,False,False,0.0,0.0,0,0,0,0,{}
margin15,d323fb0208c011ebbd8aac1f6bf848b6,True,False,False,0.0,0.0,0,0,0,0,{}
margin15,4a8ffd360bdb11eba7f7acde48001122,True,False,False,0.0,0.0,0,0,0,0,{}
margin15,abf002e908a611ebbd7fac1f6bf848b6,False,True,False,0.0,0.0,0,0,0,0,{}
margin15,438a3de40bdb11eba7f7acde48001122,True,False,False,0.0,0.0,0,0,0,0,{}
margin15,d501f7c40bdd11eba7f7acde48001122,True,False,True,0.0,0.0,0,1,0,1,"{""lexical_hard_negative"": 1}"
margin15,62aa2da40bb011ebab90acde48001122,True,False,True,0.0,0.0,0,1,0,1,"{""lexical_hard_negative"": 1}"
margin15,2714c89a0baf11ebab90acde48001122,True,False,True,0.0,0.0,0,1,0,1,"{""bridge_entity_distractor"": 1}"
margin15,fd848f860bdd11eba7f7acde48001122,False,True,False,0.0,0.0,0,0,0,0,{}
margin15,767efc000bde11eba7f7acde48001122,False,True,True,1.0,0.5,1,0,0,1,{}
margin15,3413a86c0bb011ebab90acde48001122,True,False,True,0.0,0.0,0,1,0,1,"{""lexical_hard_negative"": 1}"
margin15,7603449c08e711ebbda6ac1f6bf848b6,False,False,False,0.0,0.0,0,0,0,0,{}
margin15,3685f31a0bde11eba7f7acde48001122,True,False,False,0.0,0.0,0,0,0,0,{}
margin15,43a0d7cd087d11ebbd6aac1f6bf848b6,True,False,False,0.0,0.0,0,0,0,0,{}
margin15,261caca2085011ebbd56ac1f6bf848b6,True,False,False,0.0,0.0,0,0,0,0,{}
margin15,3c18a0d00bb011ebab90acde48001122,True,False,True,0.0,0.0,0,1,0,1,"{""lexical_hard_negative"": 1}"
margin15,aaadd9f80baf11ebab90acde48001122,True,False,True,0.0,0.0,0,1,0,1,"{""low_signal_deep_negative"": 1}"
margin15,7a6381980bdd11eba7f7acde48001122,True,False,True,0.0,0.0,0,1,0,1,"{""lexical_hard_negative"": 1}"
margin15,655a05b0089a11ebbd77ac1f6bf848b6,True,False,False,0.0,0.0,0,0,0,0,{}
margin15,49ba338e08b511ebbd88ac1f6bf848b6,True,False,False,0.0,0.0,0,0,0,0,{}
margin15,68a9e3c60bdc11eba7f7acde48001122,False,True,False,0.0,0.0,0,0,0,0,{}
margin15,bf625caa08dc11ebbd9dac1f6bf848b6,True,False,False,0.0,0.0,0,0,0,0,{}
margin15,8f038cdb096011ebbdafac1f6bf848b6,True,False,False,0.0,0.0,0,0,0,0,{}
margin15,1442e9a20bde11eba7f7acde48001122,False,True,True,0.0,0.0,0,1,0,1,"{""lexical_hard_negative"": 1}"
margin15,f7ff22da089011ebbd72ac1f6bf848b6,True,False,False,0.0,0.0,0,0,0,0,{}
margin15,e3280f82092b11ebbdaeac1f6bf848b6,True,False,False,0.0,0.0,0,0,0,0,{}
margin15,7247b1320bb011ebab90acde48001122,True,False,True,0.0,0.0,0,1,0,1,"{""lexical_hard_negative"": 1}"
margin15,f88912f008da11ebbd9cac1f6bf848b6,False,True,False,0.0,0.0,0,0,0,0,{}
margin15,42d8ba2108ec11ebbda7ac1f6bf848b6,True,False,False,0.0,0.0,0,0,0,0,{}
margin15,9f2a95bd08b211ebbd85ac1f6bf848b6,True,False,False,0.0,0.0,0,0,0,0,{}
margin15,fcd3ff500baf11ebab90acde48001122,True,False,False,0.0,0.0,0,0,0,0,{}
margin15,7e6280500bdd11eba7f7acde48001122,True,False,True,0.0,0.0,0,1,0,1,"{""lexical_hard_negative"": 1}"
margin15,6db45b3208bf11ebbd8aac1f6bf848b6,False,False,False,0.0,0.0,0,0,0,0,{}
margin15,a0027b6e087e11ebbd6bac1f6bf848b6,True,False,False,0.0,0.0,0,0,0,0,{}
margin15,e53937d00bae11ebab90acde48001122,True,False,True,0.0,0.0,0,1,0,1,"{""lexical_hard_negative"": 1}"
margin15,2b7db0200bde11eba7f7acde48001122,False,True,True,1.0,0.5,1,0,0,1,{}
margin15,f48a4ace0bdd11eba7f7acde48001122,True,False,False,0.0,0.0,0,0,0,0,{}
margin15,036c82480baf11ebab90acde48001122,True,False,True,0.0,0.0,0,1,0,1,"{""lexical_hard_negative"": 1}"
margin15,d667e18f08d911ebbd9cac1f6bf848b6,False,True,True,0.0,0.0,0,1,0,1,"{""lexical_hard_negative"": 1}"
margin15,ace717d0088411ebbd6dac1f6bf848b6,True,False,False,0.0,0.0,0,0,0,0,{}
margin15,cf357f9008cf11ebbd95ac1f6bf848b6,True,False,False,0.0,0.0,0,0,0,0,{}
margin15,6add3d560bdb11eba7f7acde48001122,False,False,False,0.0,0.0,0,0,0,0,{}
margin15,5498821a0bb011ebab90acde48001122,False,True,True,0.0,0.0,0,1,0,1,"{""lexical_hard_negative"": 1}"
margin15,d0df520a0bdc11eba7f7acde48001122,True,False,True,0.0,0.0,0,1,0,1,"{""lexical_hard_negative"": 1}"
margin15,86d1025008c611ebbd90ac1f6bf848b6,True,False,False,0.0,0.0,0,0,0,0,{}
margin15,1d507a43086d11ebbd61ac1f6bf848b6,False,False,False,0.0,0.0,0,0,0,0,{}
margin15,66bac6160bdc11eba7f7acde48001122,True,False,True,0.0,0.0,0,1,0,1,"{""lexical_hard_negative"": 1}"
margin15,f5bd6a3a093e11ebbdaeac1f6bf848b6,True,False,False,0.0,0.0,0,0,0,0,{}
margin15,10b8567808c311ebbd8dac1f6bf848b6,True,False,False,0.0,0.0,0,0,0,0,{}
margin15,a7f886c5094d11ebbdaeac1f6bf848b6,True,False,False,0.0,0.0,0,0,0,0,{}
margin15,215d741f08e511ebbda4ac1f6bf848b6,True,False,False,0.0,0.0,0,0,0,0,{}
margin15,1d913467087611ebbd67ac1f6bf848b6,True,False,False,0.0,0.0,0,0,0,0,{}
margin15,2ea72c0c084d11ebbd56ac1f6bf848b6,True,False,False,0.0,0.0,0,0,0,0,{}
margin15,1ff759ea0bde11eba7f7acde48001122,True,False,True,0.0,0.0,0,1,0,1,"{""lexical_hard_negative"": 1}"
margin15,7a894f7c0bdd11eba7f7acde48001122,True,False,False,0.0,0.0,0,0,0,0,{}
margin15,90fdcd120bda11eba7f7acde48001122,True,False,False,0.0,0.0,0,0,0,0,{}
margin15,e35cbc5a086511ebbd5eac1f6bf848b6,True,False,False,0.0,0.0,0,0,0,0,{}
margin15,6837abca0bb011ebab90acde48001122,True,False,True,0.0,0.0,0,1,0,1,"{""lexical_hard_negative"": 1}"
margin15,104c34700bde11eba7f7acde48001122,False,True,False,0.0,0.0,0,0,0,0,{}
margin15,a0ff83e808b211ebbd85ac1f6bf848b6,True,False,False,0.0,0.0,0,0,0,0,{}
margin15,4f95a4440bda11eba7f7acde48001122,True,False,True,0.0,0.0,0,1,0,1,"{""lexical_hard_negative"": 1}"
margin15,eb5e96420bda11eba7f7acde48001122,True,False,False,0.0,0.0,0,0,0,0,{}
margin15,dd90826d086c11ebbd61ac1f6bf848b6,False,False,False,0.0,0.0,0,0,0,0,{}
margin15,d64d24180bd911eba7f7acde48001122,True,False,False,0.0,0.0,0,0,0,0,{}
margin15,08bb14940bdc11eba7f7acde48001122,True,False,True,0.0,0.0,0,1,0,1,"{""lexical_hard_negative"": 1}"
margin15,b4e53bdc08c111ebbd8bac1f6bf848b6,True,False,False,0.0,0.0,0,0,0,0,{}
margin15,c35c917e085f11ebbd5dac1f6bf848b6,True,False,False,0.0,0.0,0,0,0,0,{}
margin15,0495b7fc086411ebbd5eac1f6bf848b6,True,False,False,0.0,0.0,0,0,0,0,{}
margin15,d9b98ec5085b11ebbd5cac1f6bf848b6,True,False,False,0.0,0.0,0,0,0,0,{}
margin15,9d1b21eb087d11ebbd6bac1f6bf848b6,True,False,False,0.0,0.0,0,0,0,0,{}
margin15,c9983efa086511ebbd5eac1f6bf848b6,True,False,False,0.0,0.0,0,0,0,0,{}
margin15,1e4d9f2008ff11ebbdadac1f6bf848b6,True,False,False,0.0,0.0,0,0,0,0,{}
margin15,ed2119b608ae11ebbd83ac1f6bf848b6,True,False,False,0.0,0.0,0,0,0,0,{}
margin15,0277d67808c411ebbd8eac1f6bf848b6,True,False,True,0.0,0.0,0,1,0,1,"{""lexical_hard_negative"": 1}"
margin15,a246875408d211ebbd96ac1f6bf848b6,True,False,True,0.0,0.0,0,1,0,1,"{""lexical_hard_negative"": 1}"
margin15,fde3a7880bdc11eba7f7acde48001122,False,False,True,0.0,0.0,0,1,0,1,"{""lexical_hard_negative"": 1}"
margin15,ae585fc20bd911eba7f7acde48001122,True,False,False,0.0,0.0,0,0,0,0,{}
margin15,ea3ca41f09b811ebbdb0ac1f6bf848b6,True,False,False,0.0,0.0,0,0,0,0,{}
margin15,6355d0d1095011ebbdaeac1f6bf848b6,True,False,False,0.0,0.0,0,0,0,0,{}
margin15,d7004d5c0bdb11eba7f7acde48001122,True,False,False,0.0,0.0,0,0,0,0,{}
margin15,6a6bc12208a611ebbd7fac1f6bf848b6,True,False,False,0.0,0.0,0,0,0,0,{}
margin15,ec9f313c08c211ebbd8cac1f6bf848b6,True,False,False,0.0,0.0,0,0,0,0,{}
margin15,6ddf631e0bde11eba7f7acde48001122,False,False,False,0.0,0.0,0,0,0,0,{}
margin15,759305480bde11eba7f7acde48001122,True,False,True,-1.0,-0.5,0,1,1,0,"{""lexical_hard_negative"": 1}"
margin15,80fa14d408e411ebbda4ac1f6bf848b6,True,False,False,0.0,0.0,0,0,0,0,{}
margin15,7939c1460bd911eba7f7acde48001122,True,False,False,0.0,0.0,0,0,0,0,{}
margin15,68f864fe0bde11eba7f7acde48001122,True,False,True,0.0,0.0,0,1,0,1,"{""lexical_hard_negative"": 1}"
margin15,ee3304c2087411ebbd67ac1f6bf848b6,True,False,False,0.0,0.0,0,0,0,0,{}
margin15,cfbc66400bd911eba7f7acde48001122,True,False,False,0.0,0.0,0,0,0,0,{}
margin15,0e161d6c084e11ebbd56ac1f6bf848b6,True,False,False,0.0,0.0,0,0,0,0,{}
margin15,f1145dc6084f11ebbd56ac1f6bf848b6,False,True,False,0.0,0.0,0,0,0,0,{}
margin15,057366eb087311ebbd66ac1f6bf848b6,True,False,False,0.0,0.0,0,0,0,0,{}
margin15,5d474f140baf11ebab90acde48001122,False,False,True,0.0,0.0,0,1,0,1,"{""lexical_hard_negative"": 1}"
margin15,dd5d3c540bdc11eba7f7acde48001122,True,False,False,0.0,0.0,0,0,0,0,{}
margin15,1adcd9bc086911ebbd5eac1f6bf848b6,True,False,False,0.0,0.0,0,0,0,0,{}
margin15,b7de2a860bd911eba7f7acde48001122,False,False,False,0.0,0.0,0,0,0,0,{}
margin15,4e786ebb08f911ebbdaaac1f6bf848b6,True,False,False,0.0,0.0,0,0,0,0,{}
margin15,b3a00ba508bb11ebbd88ac1f6bf848b6,False,True,False,0.0,0.0,0,0,0,0,{}
margin15,fcc1bcc008d311ebbd96ac1f6bf848b6,True,False,False,0.0,0.0,0,0,0,0,{}
margin15,62ce8c8e0bde11eba7f7acde48001122,True,False,True,0.0,0.0,0,1,0,1,"{""lexical_hard_negative"": 1}"
margin15,285016800bda11eba7f7acde48001122,False,False,False,0.0,0.0,0,0,0,0,{}
margin15,583a6e45085c11ebbd5cac1f6bf848b6,True,False,False,0.0,0.0,0,0,0,0,{}
margin15,87f1c0da08e611ebbda5ac1f6bf848b6,False,True,False,0.0,0.0,0,0,0,0,{}
margin15,364458b20baf11ebab90acde48001122,False,True,True,1.0,0.5,1,0,0,1,{}
margin15,db2b0d96086f11ebbd62ac1f6bf848b6,True,False,False,0.0,0.0,0,0,0,0,{}
margin15,1cfbe61008d311ebbd96ac1f6bf848b6,True,False,False,0.0,0.0,0,0,0,0,{}
margin15,3ac032da0baf11ebab90acde48001122,True,False,True,0.0,0.0,0,1,0,1,"{""lexical_hard_negative"": 1}"
margin15,d5cec92708df11ebbda1ac1f6bf848b6,True,False,False,0.0,0.0,0,0,0,0,{}
margin15,07211fce094e11ebbdaeac1f6bf848b6,True,False,False,0.0,0.0,0,0,0,0,{}
margin15,19041a7f08e111ebbda2ac1f6bf848b6,False,True,True,1.0,0.5,1,0,0,1,{}
margin15,0c3dba160bde11eba7f7acde48001122,True,False,False,0.0,0.0,0,0,0,0,{}
margin15,efaaa1bc0bdc11eba7f7acde48001122,True,False,False,0.0,0.0,0,0,0,0,{}
margin15,433bcf3d08b711ebbd88ac1f6bf848b6,False,True,True,0.0,0.25,1,0,0,1,{}
margin15,24672c120bde11eba7f7acde48001122,True,False,False,0.0,0.0,0,0,0,0,{}
margin15,507bc3300bde11eba7f7acde48001122,True,False,True,0.0,0.0,0,1,0,1,"{""low_signal_deep_negative"": 1}"
margin15,2536562e0baf11ebab90acde48001122,False,True,True,0.0,0.0,0,1,0,1,"{""lexical_hard_negative"": 1}"
margin15,4397f3460bde11eba7f7acde48001122,True,False,False,0.0,0.0,0,0,0,0,{}
margin15,97ce0ec00baf11ebab90acde48001122,True,False,True,0.0,0.0,0,1,0,1,"{""low_signal_deep_negative"": 1}"
margin15,c7417f2208d811ebbd9cac1f6bf848b6,True,False,False,0.0,0.0,0,0,0,0,{}
margin15,d5d5034e0bdd11eba7f7acde48001122,True,False,False,0.0,0.0,0,0,0,0,{}
margin15,561a61ae0bdc11eba7f7acde48001122,True,False,False,0.0,0.0,0,0,0,0,{}
margin15,5043b106086011ebbd5dac1f6bf848b6,True,False,False,0.0,0.0,0,0,0,0,{}
margin15,1a5c63320bdd11eba7f7acde48001122,True,False,False,0.0,0.0,0,0,0,0,{}
margin15,11854514087511ebbd67ac1f6bf848b6,False,False,False,0.0,0.0,0,0,0,0,{}
margin15,dcf15106087811ebbd67ac1f6bf848b6,True,False,False,0.0,0.0,0,0,0,0,{}
margin15,16b4c9fe0bdd11eba7f7acde48001122,True,False,False,0.0,0.0,0,0,0,0,{}
margin15,385c3978086f11ebbd62ac1f6bf848b6,False,False,False,0.0,0.0,0,0,0,0,{}
margin15,ddd7f12c086911ebbd5fac1f6bf848b6,False,True,True,1.0,0.5,1,0,0,1,{}
margin15,595209340bb011ebab90acde48001122,False,True,True,0.0,0.0,0,1,0,1,"{""lexical_hard_negative"": 1}"
margin15,67326a9408c711ebbd91ac1f6bf848b6,True,False,False,0.0,0.0,0,0,0,0,{}
margin15,e7d5fd3708c811ebbd92ac1f6bf848b6,True,False,False,0.0,0.0,0,0,0,0,{}
margin15,1649093b091e11ebbdaeac1f6bf848b6,True,False,False,0.0,0.0,0,0,0,0,{}
margin15,371c1d5e0bde11eba7f7acde48001122,True,False,False,0.0,0.0,0,0,0,0,{}
margin15,42525ae2089311ebbd74ac1f6bf848b6,True,False,False,0.0,0.0,0,0,0,0,{}
margin15,b66d42be0bdd11eba7f7acde48001122,True,False,True,0.0,0.0,0,1,0,1,"{""answer_string_distractor"": 1}"
margin15,f9a3bf6a0bdb11eba7f7acde48001122,True,False,True,0.0,0.0,0,1,0,1,"{""lexical_hard_negative"": 1}"
margin15,cc98efde0bdd11eba7f7acde48001122,True,False,True,0.0,0.0,0,1,0,1,"{""lexical_hard_negative"": 1}"
margin15,c91ee6480bdc11eba7f7acde48001122,True,False,False,0.0,0.0,0,0,0,0,{}
margin15,277abef40bda11eba7f7acde48001122,True,False,False,0.0,0.0,0,0,0,0,{}
margin15,26ba678e0bdb11eba7f7acde48001122,True,False,False,0.0,0.0,0,0,0,0,{}
margin15,a96fec4c0bdd11eba7f7acde48001122,True,False,True,0.0,0.0,0,1,0,1,"{""low_signal_deep_negative"": 1}"
margin15,c5d5e525088811ebbd6eac1f6bf848b6,True,False,False,0.0,0.0,0,0,0,0,{}
margin15,2c316f4608bb11ebbd88ac1f6bf848b6,True,False,False,0.0,0.0,0,0,0,0,{}
margin15,c97a9d3c08c411ebbd8eac1f6bf848b6,True,False,False,0.0,0.0,0,0,0,0,{}
margin15,8be3dafe08d511ebbd98ac1f6bf848b6,False,True,False,0.0,0.0,0,0,0,0,{}
margin15,d77302ce08b711ebbd88ac1f6bf848b6,True,False,False,0.0,0.0,0,0,0,0,{}
margin15,57e7c378087311ebbd66ac1f6bf848b6,False,True,True,1.0,0.5,1,0,0,1,{}
margin15,f67a19540bdd11eba7f7acde48001122,True,False,True,0.0,0.0,0,1,0,1,"{""lexical_hard_negative"": 1}"
margin15,5bbe52ec08e311ebbda4ac1f6bf848b6,True,False,False,0.0,0.0,0,0,0,0,{}
margin15,5f35e944087011ebbd62ac1f6bf848b6,False,True,True,1.0,0.5,1,0,0,1,{}
margin15,9ddd446b089f11ebbd78ac1f6bf848b6,False,False,False,0.0,0.0,0,0,0,0,{}
margin15,3d4662300bb011ebab90acde48001122,True,False,True,0.0,0.0,0,1,0,1,"{""lexical_hard_negative"": 1}"
margin15,0735d65e08b711ebbd88ac1f6bf848b6,True,False,False,0.0,0.0,0,0,0,0,{}
margin15,812068dd087e11ebbd6bac1f6bf848b6,True,False,False,0.0,0.0,0,0,0,0,{}
margin15,701433f00baf11ebab90acde48001122,False,True,True,1.0,0.5,1,0,0,1,{}
margin15,53d6ad2a0bb011ebab90acde48001122,False,True,True,1.0,0.5,1,0,0,1,{}
margin15,e979075e0bda11eba7f7acde48001122,True,False,True,-1.0,-0.5,0,1,1,0,"{""bridge_entity_distractor"": 1}"
margin15,2e294eec0bde11eba7f7acde48001122,True,False,True,0.0,0.0,0,1,0,1,"{""lexical_hard_negative"": 1}"
margin15,676bf7000bb011ebab90acde48001122,False,True,True,0.0,0.0,0,1,0,1,"{""lexical_hard_negative"": 1}"
margin15,5760bd8208b311ebbd86ac1f6bf848b6,False,True,False,0.0,0.0,0,0,0,0,{}
margin15,acdf3b1e08d411ebbd96ac1f6bf848b6,True,False,False,0.0,0.0,0,0,0,0,{}
margin15,bb72bde108a711ebbd7fac1f6bf848b6,True,False,False,0.0,0.0,0,0,0,0,{}
margin15,d1ca4c640bdd11eba7f7acde48001122,False,False,True,0.0,0.0,0,1,0,1,"{""lexical_hard_negative"": 1}"
margin15,e140bb540bda11eba7f7acde48001122,True,False,True,0.0,0.0,0,1,0,1,"{""lexical_hard_negative"": 1}"
margin15,7c7bf2d308c011ebbd8aac1f6bf848b6,True,False,False,0.0,0.0,0,0,0,0,{}
margin15,effa87900bdc11eba7f7acde48001122,True,False,True,0.0,0.0,0,1,0,1,"{""lexical_hard_negative"": 1}"
margin15,4fa1e2b5097211ebbdb0ac1f6bf848b6,True,False,False,0.0,0.0,0,0,0,0,{}
margin15,a3ac1ca20bda11eba7f7acde48001122,False,True,True,0.0,0.0,0,1,0,1,"{""lexical_hard_negative"": 1}"
margin15,b358b348084e11ebbd56ac1f6bf848b6,True,False,False,0.0,0.0,0,0,0,0,{}
margin15,13fc53700bde11eba7f7acde48001122,True,False,True,0.0,0.0,0,1,0,1,"{""lexical_hard_negative"": 1}"
margin15,ecf5d7b60bdc11eba7f7acde48001122,False,True,True,0.0,0.0,0,1,0,1,"{""lexical_hard_negative"": 1}"
margin15,8715eeb808e411ebbda4ac1f6bf848b6,False,True,False,0.0,0.0,0,0,0,0,{}
margin15,74e1c5da0bde11eba7f7acde48001122,True,False,False,0.0,0.0,0,0,0,0,{}
margin15,e8df7a2e095c11ebbdaeac1f6bf848b6,True,False,False,0.0,0.0,0,0,0,0,{}
margin15,843cd4520bd911eba7f7acde48001122,True,False,True,0.0,0.0,0,1,0,1,"{""lexical_hard_negative"": 1}"
margin15,d6e0f7f00bda11eba7f7acde48001122,True,False,False,0.0,0.0,0,0,0,0,{}
margin15,ec5882f008bb11ebbd88ac1f6bf848b6,False,True,False,0.0,0.0,0,0,0,0,{}
margin15,df13ddf40bdd11eba7f7acde48001122,True,False,True,0.0,0.0,0,1,0,1,"{""lexical_hard_negative"": 1}"
margin15,4ccfe12d08b811ebbd88ac1f6bf848b6,True,False,False,0.0,0.0,0,0,0,0,{}
margin15,48d7196a08df11ebbda0ac1f6bf848b6,True,False,False,0.0,0.0,0,0,0,0,{}
margin15,87e4e1e0088b11ebbd6fac1f6bf848b6,True,False,False,0.0,0.0,0,0,0,0,{}
margin15,67f75e6008ec11ebbda7ac1f6bf848b6,True,False,False,0.0,0.0,0,0,0,0,{}
margin15,26497355084c11ebbd56ac1f6bf848b6,True,False,False,0.0,0.0,0,0,0,0,{}
margin15,10b8d7940baf11ebab90acde48001122,False,True,True,1.0,0.5,1,0,0,1,{}
margin15,c21f7548085c11ebbd5cac1f6bf848b6,True,False,False,0.0,0.0,0,0,0,0,{}
margin15,c2b303ae08c411ebbd8eac1f6bf848b6,True,False,False,0.0,0.0,0,0,0,0,{}
margin15,1152ae5408f611ebbdaaac1f6bf848b6,True,False,False,0.0,0.0,0,0,0,0,{}
margin15,f6f9fbdc0bd911eba7f7acde48001122,False,False,False,0.0,0.0,0,0,0,0,{}
margin15,4118ac360bda11eba7f7acde48001122,True,False,True,0.0,0.0,0,1,0,1,"{""lexical_hard_negative"": 1}"
margin15,54014a680baf11ebab90acde48001122,True,False,True,0.0,0.0,0,1,0,1,"{""lexical_hard_negative"": 1}"
margin15,a3e5f6e6086711ebbd5eac1f6bf848b6,True,False,False,0.0,0.0,0,0,0,0,{}
margin15,fd704fe00bdc11eba7f7acde48001122,True,False,True,0.0,0.0,0,1,0,1,"{""lexical_hard_negative"": 1}"
margin15,a139d5b8096811ebbdafac1f6bf848b6,True,False,False,0.0,0.0,0,0,0,0,{}
margin15,b4f937fa08cf11ebbd95ac1f6bf848b6,True,False,False,0.0,0.0,0,0,0,0,{}
margin15,fbf8fd9e0bda11eba7f7acde48001122,True,False,False,0.0,0.0,0,0,0,0,{}
margin15,a4d8ea760bdd11eba7f7acde48001122,True,False,False,0.0,0.0,0,0,0,0,{}
margin15,05b1ac800bdd11eba7f7acde48001122,False,False,False,0.0,0.0,0,0,0,0,{}
margin15,6e6f7ec20bde11eba7f7acde48001122,True,False,False,0.0,0.0,0,0,0,0,{}
margin15,08cae5720baf11ebab90acde48001122,True,False,False,0.0,0.0,0,0,0,0,{}
margin15,dfaed4a408b211ebbd85ac1f6bf848b6,False,False,False,0.0,0.0,0,0,0,0,{}
margin15,8c7fffe40bda11eba7f7acde48001122,True,False,False,0.0,0.0,0,0,0,0,{}
margin15,2b9528860bde11eba7f7acde48001122,True,False,True,0.0,0.0,0,1,0,1,"{""answer_string_distractor"": 1}"
margin15,20ad267b087411ebbd67ac1f6bf848b6,True,False,False,0.0,0.0,0,0,0,0,{}
margin15,b73268780bdd11eba7f7acde48001122,True,False,False,0.0,0.0,0,0,0,0,{}
margin15,16e1006809ab11ebbdb0ac1f6bf848b6,False,True,False,0.0,0.0,0,0,0,0,{}
margin15,70a6d78e085311ebbd59ac1f6bf848b6,True,False,False,0.0,0.0,0,0,0,0,{}
margin15,28470e820bda11eba7f7acde48001122,True,False,False,0.0,0.0,0,0,0,0,{}
margin15,0cdb4d11085c11ebbd5cac1f6bf848b6,True,False,False,0.0,0.0,0,0,0,0,{}
margin15,af16832e0bdb11eba7f7acde48001122,False,False,False,0.0,0.0,0,0,0,0,{}
margin15,bd036cfc088811ebbd6eac1f6bf848b6,True,False,False,0.0,0.0,0,0,0,0,{}
margin15,776002d4090a11ebbdadac1f6bf848b6,False,True,True,1.0,0.5,1,0,0,1,{}
margin15,5a733ed40bdb11eba7f7acde48001122,True,False,False,0.0,0.0,0,0,0,0,{}
margin15,cc3587140bdd11eba7f7acde48001122,False,True,False,0.0,0.0,0,0,0,0,{}
margin15,f418184a08be11ebbd8aac1f6bf848b6,False,False,False,0.0,0.0,0,0,0,0,{}
margin15,9d054e980bdd11eba7f7acde48001122,True,False,False,0.0,0.0,0,0,0,0,{}
margin15,b74ad1d208f511ebbdaaac1f6bf848b6,True,False,False,0.0,0.0,0,0,0,0,{}
margin15,ab238f6a0bda11eba7f7acde48001122,True,False,False,0.0,0.0,0,0,0,0,{}
margin15,8e162d18086711ebbd5eac1f6bf848b6,True,False,False,0.0,0.0,0,0,0,0,{}
margin15,89cb4a26089511ebbd75ac1f6bf848b6,True,False,False,0.0,0.0,0,0,0,0,{}
margin15,3143ca94096011ebbdafac1f6bf848b6,True,False,False,0.0,0.0,0,0,0,0,{}
margin15,ae3836900bdc11eba7f7acde48001122,True,False,False,0.0,0.0,0,0,0,0,{}
margin15,a42b97c80bdc11eba7f7acde48001122,False,False,False,0.0,0.0,0,0,0,0,{}
margin15,8bc6a73a0bb011ebab90acde48001122,True,False,True,0.0,0.0,0,1,0,1,"{""lexical_hard_negative"": 1}"
margin15,73755d740bd911eba7f7acde48001122,True,False,False,0.0,0.0,0,0,0,0,{}
margin15,844db8ce0bdb11eba7f7acde48001122,True,False,True,0.0,0.0,0,1,0,1,"{""lexical_hard_negative"": 1}"
margin15,1691ef940bdb11eba7f7acde48001122,False,False,False,0.0,0.0,0,0,0,0,{}
margin15,a8cbc4c40bdc11eba7f7acde48001122,True,False,False,0.0,0.0,0,0,0,0,{}
margin15,1dba599508b811ebbd88ac1f6bf848b6,True,False,False,0.0,0.0,0,0,0,0,{}
margin15,4ab64cf80bda11eba7f7acde48001122,True,False,False,0.0,0.0,0,0,0,0,{}
margin15,1767e56608e011ebbda1ac1f6bf848b6,False,False,False,0.0,0.0,0,0,0,0,{}
margin15,9766cddc0bdc11eba7f7acde48001122,True,False,False,0.0,0.0,0,0,0,0,{}
margin15,5a34b04e0bd911eba7f7acde48001122,True,False,True,0.0,0.0,0,1,0,1,"{""bridge_entity_distractor"": 1}"
margin15,f4427a300bda11eba7f7acde48001122,True,False,False,0.0,0.0,0,0,0,0,{}
margin15,e9940b6a0baf11ebab90acde48001122,True,False,True,0.0,0.0,0,1,0,1,"{""lexical_hard_negative"": 1}"
margin15,064edb0908cd11ebbd93ac1f6bf848b6,True,False,False,0.0,0.0,0,0,0,0,{}
margin15,169c31500bb011ebab90acde48001122,True,False,True,0.0,0.0,0,1,0,1,"{""lexical_hard_negative"": 1}"
margin15,cdab733e086711ebbd5eac1f6bf848b6,True,False,False,0.0,0.0,0,0,0,0,{}
margin15,d759ab480bdd11eba7f7acde48001122,True,False,False,0.0,0.0,0,0,0,0,{}
margin15,f329c007089011ebbd72ac1f6bf848b6,False,True,False,0.0,0.0,0,0,0,0,{}
margin15,37a7af5a0bb011ebab90acde48001122,True,False,True,0.0,0.0,0,1,0,1,"{""bridge_entity_distractor"": 1}"
margin15,5effec28087111ebbd63ac1f6bf848b6,True,False,False,0.0,0.0,0,0,0,0,{}
margin15,28db126d08c911ebbd92ac1f6bf848b6,True,False,False,0.0,0.0,0,0,0,0,{}
margin15,db3efac40bdd11eba7f7acde48001122,True,False,False,0.0,0.0,0,0,0,0,{}
margin15,07f4d7620bdb11eba7f7acde48001122,True,False,False,0.0,0.0,0,0,0,0,{}
margin15,bd46e5d20baf11ebab90acde48001122,True,False,True,-1.0,-0.5,0,1,1,0,"{""lexical_hard_negative"": 1}"
margin15,0cbcfc680bde11eba7f7acde48001122,True,False,False,0.0,0.0,0,0,0,0,{}
margin15,904d037508ab11ebbd82ac1f6bf848b6,True,False,False,0.0,0.0,0,0,0,0,{}
margin15,0e73737408ba11ebbd88ac1f6bf848b6,True,False,False,0.0,0.0,0,0,0,0,{}
margin15,6b6a8d6008c411ebbd8eac1f6bf848b6,True,False,False,0.0,0.0,0,0,0,0,{}
margin15,2cc66d74089011ebbd72ac1f6bf848b6,True,False,False,0.0,0.0,0,0,0,0,{}
margin15,1d3a02a40bdc11eba7f7acde48001122,True,False,True,0.0,0.0,0,1,0,1,"{""low_signal_deep_negative"": 1}"
margin15,534cb7600bdc11eba7f7acde48001122,True,False,False,0.0,0.0,0,0,0,0,{}
margin15,f775073c086b11ebbd60ac1f6bf848b6,True,False,False,0.0,0.0,0,0,0,0,{}
margin15,e3d357bc08d511ebbd98ac1f6bf848b6,True,False,False,0.0,0.0,0,0,0,0,{}
margin15,8f153a80084911ebbd55ac1f6bf848b6,True,False,False,0.0,0.0,0,0,0,0,{}
margin15,4610f47c095811ebbdaeac1f6bf848b6,True,False,False,0.0,0.0,0,0,0,0,{}
margin15,b8f13b3709b111ebbdb0ac1f6bf848b6,False,False,False,0.0,0.0,0,0,0,0,{}
margin15,20058aec0bde11eba7f7acde48001122,True,False,False,0.0,0.0,0,0,0,0,{}
margin15,ab622778089911ebbd77ac1f6bf848b6,False,True,False,0.0,0.0,0,0,0,0,{}
margin15,897bcb4a0bb011ebab90acde48001122,False,True,True,0.0,0.0,0,1,0,1,"{""lexical_hard_negative"": 1}"
margin15,6c7f03240bdb11eba7f7acde48001122,True,False,False,0.0,0.0,0,0,0,0,{}
margin15,5df2969e0baf11ebab90acde48001122,True,False,False,0.0,0.0,0,0,0,0,{}
margin15,66119246086f11ebbd62ac1f6bf848b6,True,False,False,0.0,0.0,0,0,0,0,{}
margin15,8ba63ce8098f11ebbdb0ac1f6bf848b6,True,False,False,0.0,0.0,0,0,0,0,{}
margin15,5bdd3aec087d11ebbd6aac1f6bf848b6,False,True,False,0.0,0.0,0,0,0,0,{}
margin15,858455fe087a11ebbd67ac1f6bf848b6,False,True,False,0.0,0.0,0,0,0,0,{}
margin15,cfa6279a085511ebbd59ac1f6bf848b6,True,False,False,0.0,0.0,0,0,0,0,{}
margin15,6ae33560087211ebbd65ac1f6bf848b6,False,True,False,0.0,0.0,0,0,0,0,{}
margin15,fada4867088b11ebbd6fac1f6bf848b6,True,False,False,0.0,0.0,0,0,0,0,{}
margin15,bc48115a094e11ebbdaeac1f6bf848b6,True,False,False,0.0,0.0,0,0,0,0,{}
margin15,899ecc9e0bb011ebab90acde48001122,False,True,True,0.0,0.0,0,1,0,1,"{""lexical_hard_negative"": 1}"
margin15,979c47d20bdc11eba7f7acde48001122,True,False,True,0.0,0.0,0,1,0,1,"{""lexical_hard_negative"": 1}"
margin15,8820c510086411ebbd5eac1f6bf848b6,False,False,False,0.0,0.0,0,0,0,0,{}
margin15,a56254760bda11eba7f7acde48001122,True,False,False,0.0,0.0,0,0,0,0,{}
margin15,a4f725e5088c11ebbd6fac1f6bf848b6,True,False,False,0.0,0.0,0,0,0,0,{}
margin15,e1a69e46088911ebbd6eac1f6bf848b6,False,False,False,0.0,0.0,0,0,0,0,{}
margin15,f5712c9c08a811ebbd7fac1f6bf848b6,True,False,False,0.0,0.0,0,0,0,0,{}
margin15,adf633ba08b911ebbd88ac1f6bf848b6,True,False,False,0.0,0.0,0,0,0,0,{}
margin15,b0b2952008d311ebbd96ac1f6bf848b6,True,False,False,0.0,0.0,0,0,0,0,{}
margin15,6f4ef6f60bd911eba7f7acde48001122,True,False,False,0.0,0.0,0,0,0,0,{}
margin15,3293d68c0bde11eba7f7acde48001122,True,False,True,0.0,0.0,0,1,0,1,"{""lexical_hard_negative"": 1}"
margin15,611ddbf80bdc11eba7f7acde48001122,True,False,False,0.0,0.0,0,0,0,0,{}
margin15,464cfa460bd911eba7f7acde48001122,False,True,False,0.0,0.0,0,0,0,0,{}
margin15,14576a100bdb11eba7f7acde48001122,False,False,False,0.0,0.0,0,0,0,0,{}
margin15,4ec76c9c089111ebbd73ac1f6bf848b6,True,False,False,0.0,0.0,0,0,0,0,{}
margin15,3bd4278d08fb11ebbdacac1f6bf848b6,True,False,False,0.0,0.0,0,0,0,0,{}
margin15,74eb875e086a11ebbd5fac1f6bf848b6,True,False,False,0.0,0.0,0,0,0,0,{}
margin15,816523c60bdc11eba7f7acde48001122,True,False,True,0.0,0.0,0,1,0,1,"{""low_signal_deep_negative"": 1}"
margin15,7b0abe460baf11ebab90acde48001122,False,True,True,1.0,0.5,1,0,0,1,{}
margin15,81502a9c08c211ebbd8cac1f6bf848b6,True,False,False,0.0,0.0,0,0,0,0,{}
margin15,1ca3370c0bdc11eba7f7acde48001122,False,True,False,0.0,0.0,0,0,0,0,{}
margin15,cc4649340bdb11eba7f7acde48001122,True,False,False,0.0,0.0,0,0,0,0,{}
margin15,8587408808d511ebbd98ac1f6bf848b6,True,False,True,0.0,0.0,0,1,0,1,"{""lexical_hard_negative"": 1}"
margin15,381f9d94086811ebbd5eac1f6bf848b6,True,False,False,0.0,0.0,0,0,0,0,{}
margin15,196d76740bdc11eba7f7acde48001122,True,False,True,0.0,0.0,0,1,0,1,"{""low_signal_deep_negative"": 1}"
margin15,940af910087111ebbd63ac1f6bf848b6,True,False,False,0.0,0.0,0,0,0,0,{}
margin15,fa5c70d4092711ebbdaeac1f6bf848b6,True,False,False,0.0,0.0,0,0,0,0,{}
margin15,7154c5b40bdb11eba7f7acde48001122,False,False,True,0.0,0.0,0,1,0,1,"{""lexical_hard_negative"": 1}"
margin15,2dd3bff80bda11eba7f7acde48001122,True,False,True,-1.0,-0.5,0,1,1,0,"{""lexical_hard_negative"": 1}"
margin15,befd7f2008bf11ebbd8aac1f6bf848b6,False,True,True,1.0,0.5,1,0,0,1,{}
margin15,fa11eeb4095a11ebbdaeac1f6bf848b6,False,True,False,0.0,0.0,0,0,0,0,{}
margin15,4aa323fa0bdd11eba7f7acde48001122,True,False,False,0.0,0.0,0,0,0,0,{}
margin15,7de9188c088b11ebbd6fac1f6bf848b6,True,False,False,0.0,0.0,0,0,0,0,{}
margin15,593584760bb011ebab90acde48001122,True,False,True,0.0,0.0,0,1,0,1,"{""lexical_hard_negative"": 1}"
margin15,9eb2d88408a711ebbd7fac1f6bf848b6,True,False,False,0.0,0.0,0,0,0,0,{}
margin15,a66836a00bdb11eba7f7acde48001122,True,False,False,0.0,0.0,0,0,0,0,{}
margin15,cbbcad9a08d511ebbd98ac1f6bf848b6,True,False,False,0.0,0.0,0,0,0,0,{}
margin15,c4dffdf00bdd11eba7f7acde48001122,True,False,False,0.0,0.0,0,0,0,0,{}
margin15,360ce1840bdc11eba7f7acde48001122,True,False,False,0.0,0.0,0,0,0,0,{}
margin15,2080c9f00bde11eba7f7acde48001122,True,False,False,0.0,0.0,0,0,0,0,{}
margin15,07f2140e0bdc11eba7f7acde48001122,False,True,False,0.0,0.0,0,0,0,0,{}
margin15,4a3e57f708c511ebbd8eac1f6bf848b6,True,False,False,0.0,0.0,0,0,0,0,{}
margin15,2f3b107c0bde11eba7f7acde48001122,True,False,False,0.0,0.0,0,0,0,0,{}
margin15,1ca95b8a084b11ebbd56ac1f6bf848b6,True,False,False,0.0,0.0,0,0,0,0,{}
margin15,f48d94d00bd911eba7f7acde48001122,True,False,True,0.0,0.0,0,1,0,1,"{""lexical_hard_negative"": 1}"
margin15,480d6482089211ebbd73ac1f6bf848b6,False,False,False,0.0,0.0,0,0,0,0,{}
margin15,5a3102b8084c11ebbd56ac1f6bf848b6,True,False,False,0.0,0.0,0,0,0,0,{}
margin15,5b43e68c086211ebbd5dac1f6bf848b6,True,False,False,0.0,0.0,0,0,0,0,{}
margin15,a5a591200bdd11eba7f7acde48001122,True,False,False,0.0,0.0,0,0,0,0,{}
margin15,607cb64a0bde11eba7f7acde48001122,True,False,True,0.0,0.0,0,1,0,1,"{""low_signal_deep_negative"": 1}"
margin15,c50db07a0baf11ebab90acde48001122,True,False,True,0.0,0.0,0,1,0,1,"{""lexical_hard_negative"": 1}"
margin15,d1086a1d08d911ebbd9cac1f6bf848b6,True,False,True,0.0,0.0,0,1,0,1,"{""lexical_hard_negative"": 1}"
margin15,86947bc20bdb11eba7f7acde48001122,False,True,False,0.0,0.0,0,0,0,0,{}
margin15,149af27608ab11ebbd81ac1f6bf848b6,True,False,True,0.0,0.0,0,1,0,1,"{""lexical_hard_negative"": 1}"
margin15,0f26cc3508a711ebbd7fac1f6bf848b6,False,True,True,1.0,0.5,1,0,0,1,{}
margin15,2970a097087111ebbd63ac1f6bf848b6,True,False,False,0.0,0.0,0,0,0,0,{}
margin15,5cb4d8ae0bb011ebab90acde48001122,True,False,True,0.0,0.0,0,1,0,1,"{""lexical_hard_negative"": 1}"
margin15,931a85420bdd11eba7f7acde48001122,True,False,True,0.0,0.0,0,1,0,1,"{""lexical_hard_negative"": 1}"
margin15,44268f9c0bda11eba7f7acde48001122,True,False,False,0.0,0.0,0,0,0,0,{}
margin15,eea5851e088c11ebbd70ac1f6bf848b6,False,True,False,0.0,0.0,0,0,0,0,{}
margin15,7df3efc40baf11ebab90acde48001122,True,False,False,0.0,0.0,0,0,0,0,{}
margin15,02506a4208b611ebbd88ac1f6bf848b6,True,False,False,0.0,0.0,0,0,0,0,{}
margin15,4abc260608dc11ebbd9cac1f6bf848b6,True,False,False,0.0,0.0,0,0,0,0,{}
margin15,81c09831088c11ebbd6fac1f6bf848b6,False,True,True,1.0,0.5,1,0,0,1,{}
margin15,768adc94088411ebbd6dac1f6bf848b6,True,False,False,0.0,0.0,0,0,0,0,{}
margin15,cc66e2500bdd11eba7f7acde48001122,False,True,False,0.0,0.0,0,0,0,0,{}
margin15,aaaf85840bda11eba7f7acde48001122,True,False,False,0.0,0.0,0,0,0,0,{}
margin15,7d84cc78086411ebbd5eac1f6bf848b6,True,False,False,0.0,0.0,0,0,0,0,{}
margin15,3252f09908c511ebbd8eac1f6bf848b6,False,True,True,1.0,0.5,1,0,0,1,{}
margin15,5db7d3f00bdd11eba7f7acde48001122,True,False,False,0.0,0.0,0,0,0,0,{}
margin15,7d638c340bd911eba7f7acde48001122,True,False,True,0.0,0.0,0,1,0,1,"{""lexical_hard_negative"": 1}"
margin15,ee702173086311ebbd5eac1f6bf848b6,True,False,False,0.0,0.0,0,0,0,0,{}
margin15,c3e1ad9e090d11ebbdadac1f6bf848b6,False,True,True,1.0,0.5,1,0,0,1,{}
margin15,3ced5368089311ebbd74ac1f6bf848b6,False,True,False,0.0,0.0,0,0,0,0,{}
margin15,29970e8e0baf11ebab90acde48001122,False,True,True,1.0,0.5,1,0,0,1,{}
margin15,a9a7d5580bdd11eba7f7acde48001122,True,False,True,0.0,0.0,0,1,0,1,"{""lexical_hard_negative"": 1}"
margin15,5affe63d08f311ebbdaaac1f6bf848b6,True,False,False,0.0,0.0,0,0,0,0,{}
margin15,0f06923008d311ebbd96ac1f6bf848b6,True,False,False,0.0,0.0,0,0,0,0,{}
margin15,122324e8089111ebbd72ac1f6bf848b6,True,False,False,0.0,0.0,0,0,0,0,{}
margin15,73ec0f28091811ebbdaeac1f6bf848b6,True,False,False,0.0,0.0,0,0,0,0,{}
margin15,1c92cdf40bdc11eba7f7acde48001122,True,False,False,0.0,0.0,0,0,0,0,{}
margin15,74df4c060bde11eba7f7acde48001122,True,False,False,0.0,0.0,0,0,0,0,{}
margin15,bce26ccf08a811ebbd7fac1f6bf848b6,True,False,False,0.0,0.0,0,0,0,0,{}
margin15,f5175c840bdd11eba7f7acde48001122,False,True,True,0.0,0.0,0,1,0,1,"{""lexical_hard_negative"": 1}"
margin15,b665196708a611ebbd7fac1f6bf848b6,True,False,False,0.0,0.0,0,0,0,0,{}
margin15,05b761f108e211ebbda3ac1f6bf848b6,False,False,False,0.0,0.0,0,0,0,0,{}
margin15,e7f8e98808a311ebbd7cac1f6bf848b6,True,False,False,0.0,0.0,0,0,0,0,{}
margin15,9c5173de0bdb11eba7f7acde48001122,False,False,False,0.0,0.0,0,0,0,0,{}
margin15,027278700bdc11eba7f7acde48001122,True,False,False,0.0,0.0,0,0,0,0,{}
margin15,b045a6bd085711ebbd5aac1f6bf848b6,True,False,False,0.0,0.0,0,0,0,0,{}
margin15,6ffa31bc0bdc11eba7f7acde48001122,False,False,False,0.0,0.0,0,0,0,0,{}
margin15,bea2cca708a911ebbd80ac1f6bf848b6,True,False,False,0.0,0.0,0,0,0,0,{}
margin15,1bf41cb00bda11eba7f7acde48001122,False,False,False,0.0,0.0,0,0,0,0,{}
margin15,d2b2c30008a811ebbd7fac1f6bf848b6,True,False,False,0.0,0.0,0,0,0,0,{}
margin15,6aadb514085b11ebbd5cac1f6bf848b6,True,False,False,0.0,0.0,0,0,0,0,{}
margin15,30170c900bb011ebab90acde48001122,True,False,True,0.0,0.0,0,1,0,1,"{""lexical_hard_negative"": 1}"
margin15,41d2f75d096c11ebbdafac1f6bf848b6,True,False,False,0.0,0.0,0,0,0,0,{}
margin15,aa73a9fb08b611ebbd88ac1f6bf848b6,False,True,False,0.0,0.0,0,0,0,0,{}
margin15,9c34daf20bdc11eba7f7acde48001122,True,False,False,0.0,0.0,0,0,0,0,{}
margin15,71a137c6084a11ebbd56ac1f6bf848b6,True,False,False,0.0,0.0,0,0,0,0,{}
margin15,06a649120bdc11eba7f7acde48001122,True,False,False,0.0,0.0,0,0,0,0,{}
margin15,a85c9b480bdd11eba7f7acde48001122,True,False,True,0.0,0.0,0,1,0,1,"{""low_signal_deep_negative"": 1}"
margin15,567300700bdc11eba7f7acde48001122,False,True,False,0.0,0.0,0,0,0,0,{}
margin15,4bda61000bda11eba7f7acde48001122,False,True,False,0.0,0.0,0,0,0,0,{}
margin15,2f09d429089e11ebbd78ac1f6bf848b6,True,False,False,0.0,0.0,0,0,0,0,{}
margin15,cd4ceac40bd911eba7f7acde48001122,True,False,False,0.0,0.0,0,0,0,0,{}
margin15,0e7078b00bb011ebab90acde48001122,True,False,False,0.0,0.0,0,0,0,0,{}
margin15,0f15e3e40bde11eba7f7acde48001122,True,False,False,0.0,0.0,0,0,0,0,{}
margin15,efdee68e0bdc11eba7f7acde48001122,True,False,False,0.0,0.0,0,0,0,0,{}
margin15,cd73fa43092711ebbdaeac1f6bf848b6,True,False,False,0.0,0.0,0,0,0,0,{}
margin15,1900f7600baf11ebab90acde48001122,True,False,True,0.0,0.0,0,1,0,1,"{""lexical_hard_negative"": 1}"
margin15,642b190c0bda11eba7f7acde48001122,False,False,False,0.0,0.0,0,0,0,0,{}
margin15,f26542c808c511ebbd8fac1f6bf848b6,False,False,False,0.0,0.0,0,0,0,0,{}
margin15,3602458e0bb011ebab90acde48001122,True,False,True,0.0,0.0,0,1,0,1,"{""lexical_hard_negative"": 1}"
margin15,cc1013260bdd11eba7f7acde48001122,True,False,True,0.0,0.0,0,1,0,1,"{""lexical_hard_negative"": 1}"
margin15,6352d6c208d111ebbd95ac1f6bf848b6,True,False,False,0.0,0.0,0,0,0,0,{}
margin15,2319739c0bde11eba7f7acde48001122,False,True,True,0.0,0.0,0,1,0,1,"{""lexical_hard_negative"": 1}"
margin15,e862a5900bdb11eba7f7acde48001122,True,False,True,0.0,0.0,0,1,0,1,"{""lexical_hard_negative"": 1}"
margin15,9f3d48340bdb11eba7f7acde48001122,True,False,True,0.0,0.0,0,1,0,1,"{""answer_string_distractor"": 1}"
margin15,c6d93b11087411ebbd67ac1f6bf848b6,True,False,False,0.0,0.0,0,0,0,0,{}
margin15,ca0b4c4108e411ebbda4ac1f6bf848b6,True,False,False,0.0,0.0,0,0,0,0,{}
margin15,0b0f34d6084a11ebbd55ac1f6bf848b6,True,False,False,0.0,0.0,0,0,0,0,{}
margin15,f4c977620bdd11eba7f7acde48001122,True,False,False,0.0,0.0,0,0,0,0,{}
margin15,c89eb11408a611ebbd7fac1f6bf848b6,False,False,False,0.0,0.0,0,0,0,0,{}
margin15,6c0db92c08e211ebbda4ac1f6bf848b6,False,True,False,0.0,0.0,0,0,0,0,{}
margin15,6789c1140bdc11eba7f7acde48001122,False,True,False,0.0,0.0,0,0,0,0,{}
margin15,f6731dd308ab11ebbd82ac1f6bf848b6,True,False,True,-1.0,-0.25,0,1,1,0,"{""lexical_hard_negative"": 1}"
margin15,adf546880bdb11eba7f7acde48001122,False,False,True,0.0,0.0,0,1,0,1,"{""lexical_hard_negative"": 1}"
margin15,d05cc8bf08c911ebbd92ac1f6bf848b6,False,False,False,0.0,0.0,0,0,0,0,{}
margin15,695689d20baf11ebab90acde48001122,False,True,False,0.0,0.0,0,0,0,0,{}
margin15,d6003284088e11ebbd70ac1f6bf848b6,False,True,False,0.0,0.0,0,0,0,0,{}
margin15,0c403ca20bdc11eba7f7acde48001122,True,False,True,0.0,0.0,0,1,0,1,"{""lexical_hard_negative"": 1}"
margin15,aeeccb8e08d811ebbd9cac1f6bf848b6,False,True,False,0.0,0.0,0,0,0,0,{}
margin15,e98e62cc089a11ebbd78ac1f6bf848b6,True,False,False,0.0,0.0,0,0,0,0,{}
margin15,9248ce6c0bdd11eba7f7acde48001122,True,False,False,0.0,0.0,0,0,0,0,{}
margin15,868df7cd08a011ebbd78ac1f6bf848b6,True,False,False,0.0,0.0,0,0,0,0,{}
margin15,2fae835a0bdd11eba7f7acde48001122,True,False,True,0.0,0.0,0,1,0,1,"{""lexical_hard_negative"": 1}"
margin15,aa7520b80baf11ebab90acde48001122,False,True,True,0.0,0.0,0,1,0,1,"{""bridge_entity_distractor"": 1}"
margin15,491a36140bdc11eba7f7acde48001122,False,True,False,0.0,0.0,0,0,0,0,{}
margin15,84d024380bdd11eba7f7acde48001122,False,True,True,0.0,0.0,0,1,0,1,"{""lexical_hard_negative"": 1}"
margin15,8dfa2e9e0bda11eba7f7acde48001122,True,False,False,0.0,0.0,0,0,0,0,{}
margin15,246a2cd60bda11eba7f7acde48001122,True,False,False,0.0,0.0,0,0,0,0,{}
margin15,de24a3c2089211ebbd74ac1f6bf848b6,True,False,False,0.0,0.0,0,0,0,0,{}
margin15,7032bda20baf11ebab90acde48001122,True,False,True,0.0,0.0,0,1,0,1,"{""lexical_hard_negative"": 1}"
margin15,84c5154a0bdb11eba7f7acde48001122,True,False,False,0.0,0.0,0,0,0,0,{}
margin15,e41f805c0bdb11eba7f7acde48001122,False,False,False,0.0,0.0,0,0,0,0,{}
margin15,29b6c2280bdd11eba7f7acde48001122,True,False,False,0.0,0.0,0,0,0,0,{}
margin15,38be3008086a11ebbd5fac1f6bf848b6,True,False,False,0.0,0.0,0,0,0,0,{}
margin15,c5ac4c81090111ebbdadac1f6bf848b6,True,False,False,0.0,0.0,0,0,0,0,{}
margin15,03f08a740bb011ebab90acde48001122,True,False,False,0.0,0.0,0,0,0,0,{}
margin15,c9238c7c0bda11eba7f7acde48001122,True,False,False,0.0,0.0,0,0,0,0,{}
margin15,0b86c27208c611ebbd90ac1f6bf848b6,True,False,False,0.0,0.0,0,0,0,0,{}
margin15,47219fad085111ebbd58ac1f6bf848b6,True,False,False,0.0,0.0,0,0,0,0,{}
margin15,29b6ef140bdd11eba7f7acde48001122,True,False,True,0.0,0.0,0,1,0,1,"{""lexical_hard_negative"": 1}"
margin15,b09b45600bd911eba7f7acde48001122,True,False,True,0.0,0.0,0,1,0,1,"{""lexical_hard_negative"": 1}"
margin15,08b4d30e08d511ebbd98ac1f6bf848b6,False,True,False,0.0,0.0,0,0,0,0,{}
margin15,ed80d5e108bd11ebbd8aac1f6bf848b6,True,False,False,0.0,0.0,0,0,0,0,{}
margin15,f7bae9100bdd11eba7f7acde48001122,False,False,False,0.0,0.0,0,0,0,0,{}
margin15,ffadb950086c11ebbd61ac1f6bf848b6,True,False,False,0.0,0.0,0,0,0,0,{}
margin15,fec1cc4a087911ebbd67ac1f6bf848b6,False,False,False,0.0,0.0,0,0,0,0,{}
margin15,3c10b1ba0bdb11eba7f7acde48001122,True,False,True,0.0,0.0,0,1,0,1,"{""lexical_hard_negative"": 1}"
margin15,5a7b4936088d11ebbd70ac1f6bf848b6,False,True,False,0.0,0.0,0,0,0,0,{}
margin15,4f362ec80bdb11eba7f7acde48001122,True,False,False,0.0,0.0,0,0,0,0,{}
margin15,9301d39a08c111ebbd8bac1f6bf848b6,True,False,False,0.0,0.0,0,0,0,0,{}
margin15,2b02ce0e08e711ebbda5ac1f6bf848b6,True,False,False,0.0,0.0,0,0,0,0,{}
margin15,005238da0bde11eba7f7acde48001122,True,False,False,0.0,0.0,0,0,0,0,{}
margin15,913ceb43088211ebbd6dac1f6bf848b6,True,False,False,0.0,0.0,0,0,0,0,{}
margin15,6656ed6a0bde11eba7f7acde48001122,True,False,False,0.0,0.0,0,0,0,0,{}
margin15,9f42c2680baf11ebab90acde48001122,True,False,False,0.0,0.0,0,0,0,0,{}
margin15,414884d40bde11eba7f7acde48001122,True,False,False,0.0,0.0,0,0,0,0,{}
margin15,241213420bdb11eba7f7acde48001122,True,False,False,0.0,0.0,0,0,0,0,{}
margin15,96e154420bda11eba7f7acde48001122,False,False,True,0.0,0.0,0,1,0,1,"{""lexical_hard_negative"": 1}"
margin15,367ea308088211ebbd6dac1f6bf848b6,True,False,False,0.0,0.0,0,0,0,0,{}
margin15,0c55bf3e0bda11eba7f7acde48001122,True,False,True,0.0,0.0,0,1,0,1,"{""lexical_hard_negative"": 1}"
margin15,c624d5280bdd11eba7f7acde48001122,True,False,True,0.0,0.0,0,1,0,1,"{""low_signal_deep_negative"": 1}"
margin15,7b6b4dca08c511ebbd8eac1f6bf848b6,True,False,True,0.0,0.0,0,1,0,1,"{""lexical_hard_negative"": 1}"
margin15,49774ef8085511ebbd59ac1f6bf848b6,True,False,False,0.0,0.0,0,0,0,0,{}
margin15,8b9faa26089b11ebbd78ac1f6bf848b6,True,False,False,0.0,0.0,0,0,0,0,{}
margin15,8a8f0be00bd911eba7f7acde48001122,True,False,True,0.0,0.0,0,1,0,1,"{""lexical_hard_negative"": 1}"
margin15,85b6ab18087e11ebbd6bac1f6bf848b6,True,False,False,0.0,0.0,0,0,0,0,{}
margin15,acb9940c0bdd11eba7f7acde48001122,True,False,False,0.0,0.0,0,0,0,0,{}
margin15,5f9dfa7c089b11ebbd78ac1f6bf848b6,True,False,False,0.0,0.0,0,0,0,0,{}
margin15,a8d938b80bda11eba7f7acde48001122,True,False,True,0.0,0.0,0,1,0,1,"{""lexical_hard_negative"": 1}"
margin15,8ecf15540bdb11eba7f7acde48001122,True,False,False,0.0,0.0,0,0,0,0,{}
margin15,c3bddf240baf11ebab90acde48001122,False,True,True,0.0,0.0,0,1,0,1,"{""low_signal_deep_negative"": 1}"
margin15,8398f07e0bdb11eba7f7acde48001122,True,False,False,0.0,0.0,0,0,0,0,{}
margin15,a7c95d2b088511ebbd6dac1f6bf848b6,True,False,False,0.0,0.0,0,0,0,0,{}
margin15,a8f8be800bdb11eba7f7acde48001122,True,False,False,0.0,0.0,0,0,0,0,{}
margin15,5d8a63bc0bdc11eba7f7acde48001122,True,False,False,0.0,0.0,0,0,0,0,{}
margin15,534fbfd00bd911eba7f7acde48001122,True,False,False,0.0,0.0,0,0,0,0,{}
margin15,76ad01f60bdc11eba7f7acde48001122,True,False,True,0.0,0.0,0,1,0,1,"{""lexical_hard_negative"": 1}"
margin15,7574702a08b811ebbd88ac1f6bf848b6,False,True,False,0.0,0.0,0,0,0,0,{}
margin15,453be8e608c411ebbd8eac1f6bf848b6,False,True,False,0.0,0.0,0,0,0,0,{}
margin15,f377a0fc089311ebbd75ac1f6bf848b6,False,True,False,0.0,0.0,0,0,0,0,{}
margin15,d3cbda480bdb11eba7f7acde48001122,True,False,False,0.0,0.0,0,0,0,0,{}
margin15,597a839c0bdc11eba7f7acde48001122,True,False,True,0.0,0.0,0,1,0,1,"{""semantic_hard_negative"": 1}"
margin15,08776469088b11ebbd6fac1f6bf848b6,True,False,False,0.0,0.0,0,0,0,0,{}
margin15,7d55f0e008d411ebbd96ac1f6bf848b6,True,False,False,0.0,0.0,0,0,0,0,{}
margin15,9711615e08cf11ebbd95ac1f6bf848b6,True,False,True,-1.0,-0.25,0,1,1,0,"{""lexical_hard_negative"": 1}"
margin15,d13ac3f40bd911eba7f7acde48001122,False,True,True,0.0,0.0,0,1,0,1,"{""low_signal_deep_negative"": 1}"
margin15,9c082fdc088211ebbd6dac1f6bf848b6,False,True,True,0.0,0.25,1,0,0,1,{}
margin15,f8e1016208f611ebbdaaac1f6bf848b6,True,False,False,0.0,0.0,0,0,0,0,{}
margin15,5f5897fe0baf11ebab90acde48001122,True,False,True,-1.0,-0.5,0,1,1,0,"{""lexical_hard_negative"": 1}"
margin15,bc5a9fef086c11ebbd61ac1f6bf848b6,True,False,False,0.0,0.0,0,0,0,0,{}
margin15,fc9d859008a011ebbd78ac1f6bf848b6,True,False,False,0.0,0.0,0,0,0,0,{}
margin15,7df608580bdd11eba7f7acde48001122,True,False,True,0.0,0.0,0,1,0,1,"{""lexical_hard_negative"": 1}"
margin15,e932be4c09a611ebbdb0ac1f6bf848b6,True,False,False,0.0,0.0,0,0,0,0,{}
margin15,43c31e26089911ebbd77ac1f6bf848b6,True,False,False,0.0,0.0,0,0,0,0,{}
margin15,8bb0faca0bdd11eba7f7acde48001122,True,False,False,0.0,0.0,0,0,0,0,{}
margin15,2e419977088111ebbd6dac1f6bf848b6,True,False,False,0.0,0.0,0,0,0,0,{}
margin15,26f25e9d089c11ebbd78ac1f6bf848b6,True,False,False,0.0,0.0,0,0,0,0,{}
margin15,2bdf129a0bdc11eba7f7acde48001122,True,False,True,-1.0,-0.5,0,1,1,0,"{""lexical_hard_negative"": 1}"
margin15,5f5002360bd911eba7f7acde48001122,True,False,False,0.0,0.0,0,0,0,0,{}
margin15,31c340da0bde11eba7f7acde48001122,True,False,False,0.0,0.0,0,0,0,0,{}
margin15,3085824c0bb011ebab90acde48001122,True,False,True,0.0,0.0,0,1,0,1,"{""low_signal_deep_negative"": 1}"
margin15,3617c14e0bdc11eba7f7acde48001122,True,False,True,0.0,0.0,0,1,0,1,"{""lexical_hard_negative"": 1}"
margin15,c1139a99088a11ebbd6fac1f6bf848b6,False,False,False,0.0,0.0,0,0,0,0,{}
margin15,fb52e1ec0bdb11eba7f7acde48001122,True,False,True,0.0,0.0,0,1,0,1,"{""lexical_hard_negative"": 1}"
margin15,12b4665008f811ebbdaaac1f6bf848b6,True,False,False,0.0,0.0,0,0,0,0,{}
margin15,86a16fb4086411ebbd5eac1f6bf848b6,False,True,False,0.0,0.0,0,0,0,0,{}
margin15,90306af40bdd11eba7f7acde48001122,True,False,True,0.0,0.0,0,1,0,1,"{""lexical_hard_negative"": 1}"
margin15,2bd4454c0bda11eba7f7acde48001122,True,False,False,0.0,0.0,0,0,0,0,{}
margin15,1a28335a0bdd11eba7f7acde48001122,True,False,True,0.0,0.0,0,1,0,1,"{""low_signal_deep_negative"": 1}"
margin15,2705d338093811ebbdaeac1f6bf848b6,True,False,False,0.0,0.0,0,0,0,0,{}
margin15,27b8af06088e11ebbd70ac1f6bf848b6,True,False,False,0.0,0.0,0,0,0,0,{}
margin15,3314f9f708c311ebbd8dac1f6bf848b6,False,True,False,0.0,0.0,0,0,0,0,{}
margin15,32493228084911ebbd55ac1f6bf848b6,False,False,False,0.0,0.0,0,0,0,0,{}
margin15,3ed396b0087f11ebbd6bac1f6bf848b6,False,False,False,0.0,0.0,0,0,0,0,{}
margin15,1f562d40086911ebbd5eac1f6bf848b6,True,False,False,0.0,0.0,0,0,0,0,{}
margin15,e01dc80c0bda11eba7f7acde48001122,True,False,False,0.0,0.0,0,0,0,0,{}
margin15,35b18b54084911ebbd55ac1f6bf848b6,True,False,False,0.0,0.0,0,0,0,0,{}
margin15,5674280a0bdd11eba7f7acde48001122,True,False,False,0.0,0.0,0,0,0,0,{}
margin15,564e614a088311ebbd6dac1f6bf848b6,True,False,False,0.0,0.0,0,0,0,0,{}
margin15,55ff8fc20bdd11eba7f7acde48001122,True,False,False,0.0,0.0,0,0,0,0,{}
margin15,d89acde60bda11eba7f7acde48001122,True,False,True,0.0,0.0,0,1,0,1,"{""low_signal_deep_negative"": 1}"
margin15,e2bddff60bae11ebab90acde48001122,True,False,True,0.0,0.0,0,1,0,1,"{""lexical_hard_negative"": 1}"
margin15,b6aec5ee0bd911eba7f7acde48001122,True,False,True,0.0,0.0,0,1,0,1,"{""answer_string_distractor"": 1}"
margin15,272062fc088c11ebbd6fac1f6bf848b6,False,False,False,0.0,0.0,0,0,0,0,{}
margin15,996b6cd60bdd11eba7f7acde48001122,True,False,False,0.0,0.0,0,0,0,0,{}
margin15,a605c3e20bdd11eba7f7acde48001122,False,True,True,1.0,0.5,1,0,0,1,{}
margin15,b1a94a9a0bdb11eba7f7acde48001122,True,False,False,0.0,0.0,0,0,0,0,{}
margin15,b3d425c20bdd11eba7f7acde48001122,True,False,True,0.0,0.0,0,1,0,1,"{""lexical_hard_negative"": 1}"
margin15,17874a43097411ebbdb0ac1f6bf848b6,False,True,True,1.0,0.5,1,0,0,1,{}
margin15,042a249a0bde11eba7f7acde48001122,True,False,False,0.0,0.0,0,0,0,0,{}
margin15,4aa59d960bde11eba7f7acde48001122,True,False,False,0.0,0.0,0,0,0,0,{}
margin15,e56744640bda11eba7f7acde48001122,True,False,False,0.0,0.0,0,0,0,0,{}
margin15,dd7bd1a6085c11ebbd5cac1f6bf848b6,False,False,False,0.0,0.0,0,0,0,0,{}
margin15,a018c8a40bdc11eba7f7acde48001122,False,True,True,0.0,0.0,0,1,0,1,"{""lexical_hard_negative"": 1}"
margin15,4b2a2efd08d811ebbd9aac1f6bf848b6,True,False,False,0.0,0.0,0,0,0,0,{}
margin15,21906d320bde11eba7f7acde48001122,True,False,False,0.0,0.0,0,0,0,0,{}
margin15,8879d5b60bb011ebab90acde48001122,True,False,True,-1.0,-0.5,0,1,1,0,"{""lexical_hard_negative"": 1}"
margin15,e1228e9f08ca11ebbd92ac1f6bf848b6,False,True,False,0.0,0.0,0,0,0,0,{}
margin15,53ab316c08b911ebbd88ac1f6bf848b6,True,False,False,0.0,0.0,0,0,0,0,{}
margin15,a9c3d8b7085411ebbd59ac1f6bf848b6,True,False,False,0.0,0.0,0,0,0,0,{}
margin15,1d77753308bf11ebbd8aac1f6bf848b6,True,False,False,0.0,0.0,0,0,0,0,{}
margin15,06508ac008aa11ebbd80ac1f6bf848b6,True,False,False,0.0,0.0,0,0,0,0,{}
margin15,1e640b0408d311ebbd96ac1f6bf848b6,False,True,True,1.0,0.5,1,0,0,1,{}
margin15,7620e1b00bde11eba7f7acde48001122,False,True,True,1.0,0.5,1,0,0,1,{}
margin15,90ecd947085e11ebbd5cac1f6bf848b6,False,True,False,0.0,0.0,0,0,0,0,{}
margin15,fe38def208b111ebbd85ac1f6bf848b6,True,False,False,0.0,0.0,0,0,0,0,{}
margin15,3e5ca16a0bd911eba7f7acde48001122,True,False,False,0.0,0.0,0,0,0,0,{}
margin15,9ac2603a0bdd11eba7f7acde48001122,True,False,False,0.0,0.0,0,0,0,0,{}
margin15,bca5eaaf089b11ebbd78ac1f6bf848b6,True,False,False,0.0,0.0,0,0,0,0,{}
margin15,cea1f56e0bdd11eba7f7acde48001122,True,False,False,0.0,0.0,0,0,0,0,{}
margin15,85dd56440baf11ebab90acde48001122,False,False,True,0.0,0.0,0,1,0,1,"{""low_signal_deep_negative"": 1}"
margin15,6e9a0d6a08eb11ebbda7ac1f6bf848b6,True,False,False,0.0,0.0,0,0,0,0,{}
margin15,76a5bc0b08cd11ebbd93ac1f6bf848b6,True,False,False,0.0,0.0,0,0,0,0,{}
margin15,23d98c100bdc11eba7f7acde48001122,True,False,True,0.0,0.0,0,1,0,1,"{""lexical_hard_negative"": 1}"
margin15,753f68d40bde11eba7f7acde48001122,False,True,True,0.0,0.0,0,1,0,1,"{""lexical_hard_negative"": 1}"
margin15,ccc108cd089d11ebbd78ac1f6bf848b6,True,False,False,0.0,0.0,0,0,0,0,{}
margin15,3cfe44540bde11eba7f7acde48001122,False,False,False,0.0,0.0,0,0,0,0,{}
margin15,936c70440bda11eba7f7acde48001122,True,False,False,0.0,0.0,0,0,0,0,{}
margin15,fdc90af60bda11eba7f7acde48001122,True,False,True,0.0,0.0,0,1,0,1,"{""low_signal_deep_negative"": 1}"
margin15,bec5cebe0bdc11eba7f7acde48001122,True,False,True,-1.0,-0.5,0,1,1,0,"{""lexical_hard_negative"": 1}"
margin15,89ee39de0bdb11eba7f7acde48001122,True,False,True,-1.0,-0.5,0,1,1,0,"{""lexical_hard_negative"": 1}"
margin15,00f34c7e088311ebbd6dac1f6bf848b6,True,False,False,0.0,0.0,0,0,0,0,{}
margin15,9cdcbb3e0bda11eba7f7acde48001122,True,False,False,0.0,0.0,0,0,0,0,{}
margin15,61ec410708ea11ebbda7ac1f6bf848b6,True,False,False,0.0,0.0,0,0,0,0,{}
margin15,2ec36c440bb011ebab90acde48001122,False,True,True,1.0,0.5,1,0,0,1,{}
margin15,cd45d99808f211ebbdaaac1f6bf848b6,True,False,False,0.0,0.0,0,0,0,0,{}
margin15,482773fc0baf11ebab90acde48001122,True,False,False,0.0,0.0,0,0,0,0,{}
margin15,18a5ef800bde11eba7f7acde48001122,True,False,True,0.0,0.0,0,1,0,1,"{""lexical_hard_negative"": 1}"
margin15,f85a2ee0085d11ebbd5cac1f6bf848b6,True,False,False,0.0,0.0,0,0,0,0,{}
margin15,7757e42c0baf11ebab90acde48001122,True,False,True,0.0,0.0,0,1,0,1,"{""lexical_hard_negative"": 1}"
margin15,a8f4816708ad11ebbd83ac1f6bf848b6,True,False,False,0.0,0.0,0,0,0,0,{}
margin15,60b304900baf11ebab90acde48001122,False,True,False,0.0,0.0,0,0,0,0,{}
margin15,a0a792ae08d111ebbd95ac1f6bf848b6,True,False,False,0.0,0.0,0,0,0,0,{}
margin15,cce18dc7086211ebbd5dac1f6bf848b6,True,False,True,-1.0,-0.25,0,1,1,0,"{""lexical_hard_negative"": 1}"
margin15,890017540bdb11eba7f7acde48001122,True,False,False,0.0,0.0,0,0,0,0,{}
margin15,308416280bb011ebab90acde48001122,True,False,True,0.0,0.0,0,1,0,1,"{""lexical_hard_negative"": 1}"
margin20,83bf3b5a0bd911eba7f7acde48001122,True,False,False,0.0,0.0,0,0,0,0,{}
margin20,a80d84e7096d11ebbdb0ac1f6bf848b6,True,False,False,0.0,0.0,0,0,0,0,{}
margin20,2dc690ba0bdc11eba7f7acde48001122,False,False,True,0.0,0.0,0,1,0,1,"{""lexical_hard_negative"": 1}"
margin20,462bb642099211ebbdb0ac1f6bf848b6,True,False,False,0.0,0.0,0,0,0,0,{}
margin20,a1cdb240085811ebbd5bac1f6bf848b6,True,False,False,0.0,0.0,0,0,0,0,{}
margin20,6718770a087311ebbd66ac1f6bf848b6,True,False,False,0.0,0.0,0,0,0,0,{}
margin20,7f7046d308f711ebbdaaac1f6bf848b6,True,False,False,0.0,0.0,0,0,0,0,{}
margin20,9fe6a6760baf11ebab90acde48001122,True,False,True,0.0,0.0,0,1,0,1,"{""lexical_hard_negative"": 1}"
margin20,551e024408a611ebbd7fac1f6bf848b6,False,True,False,0.0,0.0,0,0,0,0,{}
margin20,33f51d7e0bde11eba7f7acde48001122,True,False,False,0.0,0.0,0,0,0,0,{}
margin20,914b452c0bdc11eba7f7acde48001122,True,False,True,0.0,0.0,0,1,0,1,"{""lexical_hard_negative"": 1}"
margin20,d6898f78089511ebbd75ac1f6bf848b6,True,False,False,0.0,0.0,0,0,0,0,{}
margin20,006d81bc0bde11eba7f7acde48001122,False,True,False,0.0,0.0,0,0,0,0,{}
margin20,f5e3b9ca0bdb11eba7f7acde48001122,True,False,False,0.0,0.0,0,0,0,0,{}
margin20,265daf200bdc11eba7f7acde48001122,True,False,True,0.0,0.0,0,1,0,1,"{""bridge_entity_distractor"": 1}"
margin20,1c0dd3b00bdc11eba7f7acde48001122,True,False,False,0.0,0.0,0,0,0,0,{}
margin20,bab3b6d00bda11eba7f7acde48001122,True,False,False,0.0,0.0,0,0,0,0,{}
margin20,84b691d8086a11ebbd5fac1f6bf848b6,True,False,False,0.0,0.0,0,0,0,0,{}
margin20,dcbee4b608b011ebbd85ac1f6bf848b6,True,False,False,0.0,0.0,0,0,0,0,{}
margin20,2d8f3ebe0bda11eba7f7acde48001122,True,False,False,0.0,0.0,0,0,0,0,{}
margin20,e6e38bc40bdd11eba7f7acde48001122,True,False,False,0.0,0.0,0,0,0,0,{}
margin20,0bedb7e80bdc11eba7f7acde48001122,True,False,False,0.0,0.0,0,0,0,0,{}
margin20,86508dc60bdc11eba7f7acde48001122,True,False,False,0.0,0.0,0,0,0,0,{}
margin20,e311a3ba0bdc11eba7f7acde48001122,True,False,False,0.0,0.0,0,0,0,0,{}
margin20,bdd526c4091811ebbdaeac1f6bf848b6,True,False,False,0.0,0.0,0,0,0,0,{}
margin20,435f65fa0baf11ebab90acde48001122,True,False,True,0.0,0.0,0,1,0,1,"{""semantic_hard_negative"": 1}"
margin20,5cc01ab60bb011ebab90acde48001122,True,False,False,0.0,0.0,0,0,0,0,{}
margin20,2084260e0bde11eba7f7acde48001122,True,False,False,0.0,0.0,0,0,0,0,{}
margin20,7cb81afc0bd911eba7f7acde48001122,True,False,False,0.0,0.0,0,0,0,0,{}
margin20,a1d9a65c0bd911eba7f7acde48001122,True,False,False,0.0,0.0,0,0,0,0,{}
margin20,f34d188608cb11ebbd93ac1f6bf848b6,False,False,False,0.0,0.0,0,0,0,0,{}
margin20,3a3c2efe0bdc11eba7f7acde48001122,False,False,False,0.0,0.0,0,0,0,0,{}
margin20,9aa8008408de11ebbd9eac1f6bf848b6,True,False,False,0.0,0.0,0,0,0,0,{}
margin20,0dfe41f60bdc11eba7f7acde48001122,False,False,False,0.0,0.0,0,0,0,0,{}
margin20,3ce92df80bde11eba7f7acde48001122,False,True,False,0.0,0.0,0,0,0,0,{}
margin20,3e3cd62a086211ebbd5dac1f6bf848b6,True,False,False,0.0,0.0,0,0,0,0,{}
margin20,b672c1ee0bdd11eba7f7acde48001122,True,False,True,0.0,0.0,0,1,0,1,"{""lexical_hard_negative"": 1}"
margin20,01309e5008bd11ebbd89ac1f6bf848b6,True,False,False,0.0,0.0,0,0,0,0,{}
margin20,c5a00e860bda11eba7f7acde48001122,True,False,False,0.0,0.0,0,0,0,0,{}
margin20,434dea7708d211ebbd95ac1f6bf848b6,True,False,False,0.0,0.0,0,0,0,0,{}
margin20,02b62fce087211ebbd64ac1f6bf848b6,True,False,False,0.0,0.0,0,0,0,0,{}
margin20,b0ac0fc8087b11ebbd68ac1f6bf848b6,True,False,False,0.0,0.0,0,0,0,0,{}
margin20,c9a769c608be11ebbd8aac1f6bf848b6,True,False,False,0.0,0.0,0,0,0,0,{}
margin20,3f04140e08c311ebbd8dac1f6bf848b6,True,False,False,0.0,0.0,0,0,0,0,{}
margin20,50e4a65c0bde11eba7f7acde48001122,True,False,False,0.0,0.0,0,0,0,0,{}
margin20,b64f541e088d11ebbd70ac1f6bf848b6,True,False,False,0.0,0.0,0,0,0,0,{}
margin20,f998c58c091b11ebbdaeac1f6bf848b6,True,False,False,0.0,0.0,0,0,0,0,{}
margin20,38da155f087511ebbd67ac1f6bf848b6,True,False,False,0.0,0.0,0,0,0,0,{}
margin20,49b22d0a0bde11eba7f7acde48001122,False,True,False,0.0,0.0,0,0,0,0,{}
margin20,78b10fb00bdc11eba7f7acde48001122,True,False,False,0.0,0.0,0,0,0,0,{}
margin20,879d21e208fc11ebbdadac1f6bf848b6,True,False,False,0.0,0.0,0,0,0,0,{}
margin20,62a9cd640bb011ebab90acde48001122,False,False,True,0.0,0.0,0,1,0,1,"{""lexical_hard_negative"": 1}"
margin20,cda459160bda11eba7f7acde48001122,True,False,False,0.0,0.0,0,0,0,0,{}
margin20,1dfaa6200bdd11eba7f7acde48001122,True,False,False,0.0,0.0,0,0,0,0,{}
margin20,ea151f3908e011ebbda2ac1f6bf848b6,True,False,False,0.0,0.0,0,0,0,0,{}
margin20,8e07f1f00bda11eba7f7acde48001122,True,False,False,0.0,0.0,0,0,0,0,{}
margin20,b7f5f7200bdd11eba7f7acde48001122,True,False,False,0.0,0.0,0,0,0,0,{}
margin20,0dc9691b087911ebbd67ac1f6bf848b6,False,False,False,0.0,0.0,0,0,0,0,{}
margin20,ec70a8a208a311ebbd7cac1f6bf848b6,True,False,False,0.0,0.0,0,0,0,0,{}
margin20,0083038e0bde11eba7f7acde48001122,False,True,True,0.0,0.0,0,1,0,1,"{""lexical_hard_negative"": 1}"
margin20,6b8402c40bdd11eba7f7acde48001122,True,False,False,0.0,0.0,0,0,0,0,{}
margin20,d9c894ec0bd911eba7f7acde48001122,True,False,False,0.0,0.0,0,0,0,0,{}
margin20,4d3ab509099c11ebbdb0ac1f6bf848b6,True,False,False,0.0,0.0,0,0,0,0,{}
margin20,a9e322b20bdc11eba7f7acde48001122,True,False,True,0.0,0.0,0,1,0,1,"{""lexical_hard_negative"": 1}"
margin20,8f783c7a0bda11eba7f7acde48001122,True,False,True,0.0,0.0,0,1,0,1,"{""lexical_hard_negative"": 1}"
margin20,b642318c0bdd11eba7f7acde48001122,True,False,True,0.0,0.0,0,1,0,1,"{""lexical_hard_negative"": 1}"
margin20,a52e9e1908b711ebbd88ac1f6bf848b6,True,False,False,0.0,0.0,0,0,0,0,{}
margin20,fcdafe320bdb11eba7f7acde48001122,True,False,False,0.0,0.0,0,0,0,0,{}
margin20,7d87730c087211ebbd66ac1f6bf848b6,True,False,False,0.0,0.0,0,0,0,0,{}
margin20,ee5cf4a008a711ebbd7fac1f6bf848b6,True,False,False,0.0,0.0,0,0,0,0,{}
margin20,037da85d08c611ebbd90ac1f6bf848b6,True,False,False,0.0,0.0,0,0,0,0,{}
margin20,e15d99380bdd11eba7f7acde48001122,True,False,False,0.0,0.0,0,0,0,0,{}
margin20,f05423560bda11eba7f7acde48001122,True,False,False,0.0,0.0,0,0,0,0,{}
margin20,0ce9a92008ed11ebbda7ac1f6bf848b6,True,False,False,0.0,0.0,0,0,0,0,{}
margin20,7d7237ac08a011ebbd78ac1f6bf848b6,True,False,False,0.0,0.0,0,0,0,0,{}
margin20,90c8793c087411ebbd67ac1f6bf848b6,True,False,False,0.0,0.0,0,0,0,0,{}
margin20,63c16246095211ebbdaeac1f6bf848b6,True,False,False,0.0,0.0,0,0,0,0,{}
margin20,48e6d06e086f11ebbd62ac1f6bf848b6,False,False,False,0.0,0.0,0,0,0,0,{}
margin20,d18fc6640bda11eba7f7acde48001122,True,False,False,0.0,0.0,0,0,0,0,{}
margin20,4a11106f08ea11ebbda7ac1f6bf848b6,True,False,False,0.0,0.0,0,0,0,0,{}
margin20,a457e11c0bdb11eba7f7acde48001122,True,False,False,0.0,0.0,0,0,0,0,{}
margin20,632fcc82085611ebbd59ac1f6bf848b6,True,False,False,0.0,0.0,0,0,0,0,{}
margin20,076288460bde11eba7f7acde48001122,True,False,True,0.0,0.0,0,1,0,1,"{""lexical_hard_negative"": 1}"
margin20,402c6e0008c611ebbd90ac1f6bf848b6,True,False,False,0.0,0.0,0,0,0,0,{}
margin20,9523a3df088911ebbd6eac1f6bf848b6,True,False,False,0.0,0.0,0,0,0,0,{}
margin20,5ff291a80bda11eba7f7acde48001122,True,False,False,0.0,0.0,0,0,0,0,{}
margin20,a08aa2a9089111ebbd73ac1f6bf848b6,True,False,False,0.0,0.0,0,0,0,0,{}
margin20,63240f22089d11ebbd78ac1f6bf848b6,False,False,False,0.0,0.0,0,0,0,0,{}
margin20,fde95590089c11ebbd78ac1f6bf848b6,True,False,False,0.0,0.0,0,0,0,0,{}
margin20,3bb9c0740bb011ebab90acde48001122,False,True,False,0.0,0.0,0,0,0,0,{}
margin20,dfb1d2c8085611ebbd59ac1f6bf848b6,True,False,True,-1.0,-0.25,0,1,1,0,"{""lexical_hard_negative"": 1}"
margin20,e7dc72940baf11ebab90acde48001122,True,False,True,0.0,0.0,0,1,0,1,"{""low_signal_deep_negative"": 1}"
margin20,764446780bde11eba7f7acde48001122,True,False,False,0.0,0.0,0,0,0,0,{}
margin20,bb97d66208ba11ebbd88ac1f6bf848b6,False,False,False,0.0,0.0,0,0,0,0,{}
margin20,f1a794f20bdc11eba7f7acde48001122,True,False,False,0.0,0.0,0,0,0,0,{}
margin20,47bb70600bde11eba7f7acde48001122,True,False,False,0.0,0.0,0,0,0,0,{}
margin20,6cbb0ed6089911ebbd77ac1f6bf848b6,True,False,False,0.0,0.0,0,0,0,0,{}
margin20,594ca25608df11ebbda0ac1f6bf848b6,True,False,False,0.0,0.0,0,0,0,0,{}
margin20,a431a93808d511ebbd98ac1f6bf848b6,True,False,False,0.0,0.0,0,0,0,0,{}
margin20,421d07aa0bb011ebab90acde48001122,True,False,True,0.0,0.0,0,1,0,1,"{""lexical_hard_negative"": 1}"
margin20,3f48bc400bb011ebab90acde48001122,True,False,True,0.0,0.0,0,1,0,1,"{""lexical_hard_negative"": 1}"
margin20,c68eb0be08e611ebbda5ac1f6bf848b6,True,False,False,0.0,0.0,0,0,0,0,{}
margin20,ab28bfb6097d11ebbdb0ac1f6bf848b6,True,False,False,0.0,0.0,0,0,0,0,{}
margin20,0f97e1f3096f11ebbdb0ac1f6bf848b6,True,False,False,0.0,0.0,0,0,0,0,{}
margin20,3ab846860bde11eba7f7acde48001122,False,True,False,0.0,0.0,0,0,0,0,{}
margin20,8cd3fe6c0baf11ebab90acde48001122,True,False,True,0.0,0.0,0,1,0,1,"{""lexical_hard_negative"": 1}"
margin20,0d9251260baf11ebab90acde48001122,True,False,False,0.0,0.0,0,0,0,0,{}
margin20,8cdc97de0bdc11eba7f7acde48001122,True,False,False,0.0,0.0,0,0,0,0,{}
margin20,178a2b9408d611ebbd98ac1f6bf848b6,True,False,False,0.0,0.0,0,0,0,0,{}
margin20,d73fa07c0bdd11eba7f7acde48001122,True,False,True,0.0,0.0,0,1,0,1,"{""lexical_hard_negative"": 1}"
margin20,9bc54aba0bdd11eba7f7acde48001122,True,False,False,0.0,0.0,0,0,0,0,{}
margin20,36b8644508af11ebbd83ac1f6bf848b6,False,False,False,0.0,0.0,0,0,0,0,{}
margin20,81e0d683087c11ebbd6aac1f6bf848b6,True,False,False,0.0,0.0,0,0,0,0,{}
margin20,689d225009b411ebbdb0ac1f6bf848b6,True,False,False,0.0,0.0,0,0,0,0,{}
margin20,5cbb015f087511ebbd67ac1f6bf848b6,True,False,False,0.0,0.0,0,0,0,0,{}
margin20,0016373a0bda11eba7f7acde48001122,False,True,True,0.0,0.0,0,1,0,1,"{""lexical_hard_negative"": 1}"
margin20,ccd086f80bdb11eba7f7acde48001122,True,False,False,0.0,0.0,0,0,0,0,{}
margin20,965e667e0bdd11eba7f7acde48001122,True,False,True,0.0,0.0,0,1,0,1,"{""lexical_hard_negative"": 1}"
margin20,49ccfdfa08ce11ebbd94ac1f6bf848b6,False,True,False,0.0,0.0,0,0,0,0,{}
margin20,43eb7b380bde11eba7f7acde48001122,False,False,True,0.0,0.0,0,1,0,1,"{""lexical_hard_negative"": 1}"
margin20,f48667b80bda11eba7f7acde48001122,True,False,False,0.0,0.0,0,0,0,0,{}
margin20,d6e9771908dd11ebbd9eac1f6bf848b6,True,False,False,0.0,0.0,0,0,0,0,{}
margin20,bd9609880bdb11eba7f7acde48001122,True,False,False,0.0,0.0,0,0,0,0,{}
margin20,748446060bdb11eba7f7acde48001122,False,False,False,0.0,0.0,0,0,0,0,{}
margin20,e2de58500bd911eba7f7acde48001122,True,False,False,0.0,0.0,0,0,0,0,{}
margin20,f04cc9b408d611ebbd99ac1f6bf848b6,False,True,False,0.0,0.0,0,0,0,0,{}
margin20,5c7842780baf11ebab90acde48001122,True,False,True,0.0,0.0,0,1,0,1,"{""lexical_hard_negative"": 1}"
margin20,0c24f02e08c711ebbd91ac1f6bf848b6,True,False,False,0.0,0.0,0,0,0,0,{}
margin20,84c99c760bb011ebab90acde48001122,True,False,True,0.0,0.0,0,1,0,1,"{""lexical_hard_negative"": 1}"
margin20,f253a3040bdd11eba7f7acde48001122,True,False,True,-1.0,-0.5,0,1,1,0,"{""lexical_hard_negative"": 1}"
margin20,8dcaaf24089811ebbd77ac1f6bf848b6,True,False,True,-1.0,-0.25,0,1,1,0,"{""lexical_hard_negative"": 1}"
margin20,43d8b52c0baf11ebab90acde48001122,True,False,True,0.0,0.0,0,1,0,1,"{""lexical_hard_negative"": 1}"
margin20,63ccce2308cb11ebbd92ac1f6bf848b6,True,False,False,0.0,0.0,0,0,0,0,{}
margin20,15d1892108ef11ebbda8ac1f6bf848b6,True,False,False,0.0,0.0,0,0,0,0,{}
margin20,755fdd7c08a411ebbd7cac1f6bf848b6,False,True,False,0.0,0.0,0,0,0,0,{}
margin20,94198d580bb011ebab90acde48001122,False,True,True,0.0,0.5,1,0,0,1,{}
margin20,0ecb27fa0bde11eba7f7acde48001122,True,False,False,0.0,0.0,0,0,0,0,{}
margin20,e9e18ee608d811ebbd9cac1f6bf848b6,True,False,False,0.0,0.0,0,0,0,0,{}
margin20,77ccf6e40bdd11eba7f7acde48001122,True,False,False,0.0,0.0,0,0,0,0,{}
margin20,287c0ebf08b411ebbd87ac1f6bf848b6,True,False,False,0.0,0.0,0,0,0,0,{}
margin20,cebd0a2a089a11ebbd77ac1f6bf848b6,True,False,False,0.0,0.0,0,0,0,0,{}
margin20,6b6a5a7f092e11ebbdaeac1f6bf848b6,True,False,False,0.0,0.0,0,0,0,0,{}
margin20,843ef89008fa11ebbdacac1f6bf848b6,True,False,False,0.0,0.0,0,0,0,0,{}
margin20,7efb04e708a011ebbd78ac1f6bf848b6,False,True,False,0.0,0.0,0,0,0,0,{}
margin20,96b7c1a60bdd11eba7f7acde48001122,False,True,True,0.0,0.0,0,1,0,1,"{""lexical_hard_negative"": 1}"
margin20,121ddeae0bdc11eba7f7acde48001122,True,False,False,0.0,0.0,0,0,0,0,{}
margin20,3ed2ba7a0bda11eba7f7acde48001122,True,False,False,0.0,0.0,0,0,0,0,{}
margin20,77f521780bb011ebab90acde48001122,True,False,True,-1.0,-0.5,0,1,1,0,"{""lexical_hard_negative"": 1}"
margin20,0868539a0bdb11eba7f7acde48001122,True,False,False,0.0,0.0,0,0,0,0,{}
margin20,b088d3ca08e211ebbda4ac1f6bf848b6,False,False,False,0.0,0.0,0,0,0,0,{}
margin20,44e9813a0bdc11eba7f7acde48001122,True,False,False,0.0,0.0,0,0,0,0,{}
margin20,2ccc68a108fe11ebbdadac1f6bf848b6,True,False,False,0.0,0.0,0,0,0,0,{}
margin20,29bf69d20bb011ebab90acde48001122,True,False,False,0.0,0.0,0,0,0,0,{}
margin20,acbf27ee089211ebbd73ac1f6bf848b6,True,False,False,0.0,0.0,0,0,0,0,{}
margin20,3040e4fb085611ebbd59ac1f6bf848b6,True,False,False,0.0,0.0,0,0,0,0,{}
margin20,696ce7cd08be11ebbd8aac1f6bf848b6,True,False,False,0.0,0.0,0,0,0,0,{}
margin20,c531e7560baf11ebab90acde48001122,True,False,True,0.0,0.0,0,1,0,1,"{""bridge_entity_distractor"": 1}"
margin20,0cafe4700bb011ebab90acde48001122,False,False,True,0.0,0.0,0,1,0,1,"{""lexical_hard_negative"": 1}"
margin20,60402bf80bde11eba7f7acde48001122,True,False,True,0.0,0.0,0,1,0,1,"{""lexical_hard_negative"": 1}"
margin20,fe2dd4b20bdb11eba7f7acde48001122,True,False,False,0.0,0.0,0,0,0,0,{}
margin20,d5cee073085911ebbd5bac1f6bf848b6,True,False,False,0.0,0.0,0,0,0,0,{}
margin20,6ee6201a0bdc11eba7f7acde48001122,True,False,True,0.0,0.0,0,1,0,1,"{""lexical_hard_negative"": 1}"
margin20,1b36c01f08df11ebbd9fac1f6bf848b6,True,False,False,0.0,0.0,0,0,0,0,{}
margin20,095c87880bdd11eba7f7acde48001122,False,True,True,0.0,0.0,0,1,0,1,"{""answer_string_distractor"": 1}"
margin20,81c9a46c0bb011ebab90acde48001122,True,False,False,0.0,0.0,0,0,0,0,{}
margin20,1cf6b11808a111ebbd78ac1f6bf848b6,True,False,False,0.0,0.0,0,0,0,0,{}
margin20,f20ae8a80bdd11eba7f7acde48001122,True,False,False,0.0,0.0,0,0,0,0,{}
margin20,86ea0e1e0bb011ebab90acde48001122,True,False,True,0.0,0.0,0,1,0,1,"{""lexical_hard_negative"": 1}"
margin20,e42d315308f711ebbdaaac1f6bf848b6,True,False,False,0.0,0.0,0,0,0,0,{}
margin20,bbfe9c84087511ebbd67ac1f6bf848b6,True,False,False,0.0,0.0,0,0,0,0,{}
margin20,1fa46e26084911ebbd55ac1f6bf848b6,True,False,False,0.0,0.0,0,0,0,0,{}
margin20,4f8e349e08e111ebbda2ac1f6bf848b6,True,False,False,0.0,0.0,0,0,0,0,{}
margin20,f0faeb9a0bdb11eba7f7acde48001122,True,False,False,0.0,0.0,0,0,0,0,{}
margin20,182ecc9a0baf11ebab90acde48001122,True,False,True,0.0,0.0,0,1,0,1,"{""low_signal_deep_negative"": 1}"
margin20,bcc4e26c08c111ebbd8bac1f6bf848b6,True,False,False,0.0,0.0,0,0,0,0,{}
margin20,31e34c220bde11eba7f7acde48001122,True,False,False,0.0,0.0,0,0,0,0,{}
margin20,38e0bdd2094e11ebbdaeac1f6bf848b6,True,False,False,0.0,0.0,0,0,0,0,{}
margin20,37f3bd380baf11ebab90acde48001122,False,False,True,0.0,0.0,0,1,0,1,"{""semantic_hard_negative"": 1}"
margin20,b8ef144a0bdd11eba7f7acde48001122,False,True,True,1.0,0.5,1,0,0,1,{}
margin20,5caef2f8096411ebbdafac1f6bf848b6,True,False,False,0.0,0.0,0,0,0,0,{}
margin20,0856e5d4085b11ebbd5cac1f6bf848b6,True,False,False,0.0,0.0,0,0,0,0,{}
margin20,498dc8a2089111ebbd72ac1f6bf848b6,True,False,False,0.0,0.0,0,0,0,0,{}
margin20,5d3230dc0bde11eba7f7acde48001122,False,False,False,0.0,0.0,0,0,0,0,{}
margin20,350ec8b80bde11eba7f7acde48001122,True,False,False,0.0,0.0,0,0,0,0,{}
margin20,ee212a820bdc11eba7f7acde48001122,False,True,False,0.0,0.0,0,0,0,0,{}
margin20,337c710c08b511ebbd88ac1f6bf848b6,True,False,True,0.0,0.0,0,1,0,1,"{""lexical_hard_negative"": 1}"
margin20,c46f575c0bd911eba7f7acde48001122,True,False,True,0.0,0.0,0,1,0,1,"{""bridge_entity_distractor"": 1}"
margin20,75668b40094111ebbdaeac1f6bf848b6,True,False,False,0.0,0.0,0,0,0,0,{}
margin20,82de9a9f088911ebbd6eac1f6bf848b6,True,False,False,0.0,0.0,0,0,0,0,{}
margin20,5f2bb1060bd911eba7f7acde48001122,False,True,False,0.0,0.0,0,0,0,0,{}
margin20,92ae94d309bb11ebbdb0ac1f6bf848b6,True,False,False,0.0,0.0,0,0,0,0,{}
margin20,f6582e180bae11ebab90acde48001122,False,False,True,0.0,0.0,0,1,0,1,"{""answer_string_distractor"": 1}"
margin20,ea294116094111ebbdaeac1f6bf848b6,True,False,False,0.0,0.0,0,0,0,0,{}
margin20,c4bdfbea08c911ebbd92ac1f6bf848b6,True,False,False,0.0,0.0,0,0,0,0,{}
margin20,9a7f003a0bdb11eba7f7acde48001122,True,False,False,0.0,0.0,0,0,0,0,{}
margin20,6a4840d608dc11ebbd9cac1f6bf848b6,False,True,True,0.0,0.0,0,1,0,1,"{""bridge_entity_distractor"": 1}"
margin20,c213141e08e411ebbda4ac1f6bf848b6,True,False,False,0.0,0.0,0,0,0,0,{}
margin20,7f95fed108f511ebbdaaac1f6bf848b6,True,False,False,0.0,0.0,0,0,0,0,{}
margin20,a488d6e2089211ebbd73ac1f6bf848b6,True,False,False,0.0,0.0,0,0,0,0,{}
margin20,8540ae66088011ebbd6cac1f6bf848b6,False,True,True,0.0,0.0,0,1,0,1,"{""low_signal_deep_negative"": 1}"
margin20,3d2069fe0bb011ebab90acde48001122,True,False,False,0.0,0.0,0,0,0,0,{}
margin20,db9c6d860baf11ebab90acde48001122,True,False,True,0.0,0.0,0,1,0,1,"{""lexical_hard_negative"": 1}"
margin20,73a066fc085c11ebbd5cac1f6bf848b6,True,False,False,0.0,0.0,0,0,0,0,{}
margin20,a5e0af240bda11eba7f7acde48001122,True,False,False,0.0,0.0,0,0,0,0,{}
margin20,cce5bb160bdd11eba7f7acde48001122,True,False,False,0.0,0.0,0,0,0,0,{}
margin20,bfec064d089311ebbd75ac1f6bf848b6,True,False,False,0.0,0.0,0,0,0,0,{}
margin20,e2c19fd80bae11ebab90acde48001122,True,False,True,0.0,0.0,0,1,0,1,"{""lexical_hard_negative"": 1}"
margin20,ebd237d60bdb11eba7f7acde48001122,False,False,False,0.0,0.0,0,0,0,0,{}
margin20,eeb017fa0bdd11eba7f7acde48001122,True,False,False,0.0,0.0,0,0,0,0,{}
margin20,f1e802100bd911eba7f7acde48001122,True,False,False,0.0,0.0,0,0,0,0,{}
margin20,87af20a9086c11ebbd61ac1f6bf848b6,True,False,False,0.0,0.0,0,0,0,0,{}
margin20,2330faf1097511ebbdb0ac1f6bf848b6,True,False,False,0.0,0.0,0,0,0,0,{}
margin20,b7d447220bda11eba7f7acde48001122,True,False,True,0.0,0.0,0,1,0,1,"{""lexical_hard_negative"": 1}"
margin20,77fc4f840bb011ebab90acde48001122,True,False,True,0.0,0.0,0,1,0,1,"{""lexical_hard_negative"": 1}"
margin20,a8a18e800bdb11eba7f7acde48001122,False,True,False,0.0,0.0,0,0,0,0,{}
margin20,90c0b632086c11ebbd61ac1f6bf848b6,True,False,False,0.0,0.0,0,0,0,0,{}
margin20,322dc9a2087b11ebbd67ac1f6bf848b6,True,False,False,0.0,0.0,0,0,0,0,{}
margin20,5037e45b08cb11ebbd92ac1f6bf848b6,False,True,False,0.0,0.0,0,0,0,0,{}
margin20,f4c82ea208a411ebbd7dac1f6bf848b6,False,False,False,0.0,0.0,0,0,0,0,{}
margin20,62ab4e000bb011ebab90acde48001122,True,False,True,0.0,0.0,0,1,0,1,"{""lexical_hard_negative"": 1}"
margin20,3b1002a40bde11eba7f7acde48001122,True,False,True,0.0,0.0,0,1,0,1,"{""lexical_hard_negative"": 1}"
margin20,1bb1993c0bb011ebab90acde48001122,False,True,True,1.0,0.5,1,0,0,1,{}
margin20,ec8167b208a011ebbd78ac1f6bf848b6,False,False,False,0.0,0.0,0,0,0,0,{}
margin20,69c0bb76087711ebbd67ac1f6bf848b6,False,False,False,0.0,0.0,0,0,0,0,{}
margin20,ac1b9ee108b911ebbd88ac1f6bf848b6,False,True,True,1.0,0.5,1,0,0,1,{}
margin20,29524701085711ebbd5aac1f6bf848b6,False,True,False,0.0,0.0,0,0,0,0,{}
margin20,a0a66ec40bdd11eba7f7acde48001122,True,False,False,0.0,0.0,0,0,0,0,{}
margin20,f7ddb2ce0bdd11eba7f7acde48001122,True,False,False,0.0,0.0,0,0,0,0,{}
margin20,6a419ba2087611ebbd67ac1f6bf848b6,True,False,False,0.0,0.0,0,0,0,0,{}
margin20,b3b6e11708cb11ebbd92ac1f6bf848b6,True,False,False,0.0,0.0,0,0,0,0,{}
margin20,dced4bf7089e11ebbd78ac1f6bf848b6,True,False,False,0.0,0.0,0,0,0,0,{}
margin20,fb9c5cb208c411ebbd8eac1f6bf848b6,True,False,False,0.0,0.0,0,0,0,0,{}
margin20,c2cc1ed9086611ebbd5eac1f6bf848b6,True,False,False,0.0,0.0,0,0,0,0,{}
margin20,38c774800bdb11eba7f7acde48001122,True,False,False,0.0,0.0,0,0,0,0,{}
margin20,655027de0bb011ebab90acde48001122,True,False,True,0.0,0.0,0,1,0,1,"{""lexical_hard_negative"": 1}"
margin20,8b5f752e0bdd11eba7f7acde48001122,True,False,False,0.0,0.0,0,0,0,0,{}
margin20,37490a640baf11ebab90acde48001122,True,False,True,0.0,0.0,0,1,0,1,"{""lexical_hard_negative"": 1}"
margin20,f6ac1b13089e11ebbd78ac1f6bf848b6,False,True,False,0.0,0.0,0,0,0,0,{}
margin20,31df8b0a0bde11eba7f7acde48001122,True,False,False,0.0,0.0,0,0,0,0,{}
margin20,deea59ca0bdd11eba7f7acde48001122,True,False,False,0.0,0.0,0,0,0,0,{}
margin20,b4b59c3d085e11ebbd5cac1f6bf848b6,True,False,False,0.0,0.0,0,0,0,0,{}
margin20,288f010c0bde11eba7f7acde48001122,True,False,True,0.0,0.0,0,1,0,1,"{""lexical_hard_negative"": 1}"
margin20,2e4804e8086611ebbd5eac1f6bf848b6,True,False,False,0.0,0.0,0,0,0,0,{}
margin20,38ecffde0bdb11eba7f7acde48001122,True,False,False,0.0,0.0,0,0,0,0,{}
margin20,eb3d62d608ad11ebbd83ac1f6bf848b6,False,False,False,0.0,0.0,0,0,0,0,{}
margin20,cb17bffe089611ebbd76ac1f6bf848b6,True,False,False,0.0,0.0,0,0,0,0,{}
margin20,f2d62e4b09b511ebbdb0ac1f6bf848b6,True,False,False,0.0,0.0,0,0,0,0,{}
margin20,584ec9960bdd11eba7f7acde48001122,True,False,False,0.0,0.0,0,0,0,0,{}
margin20,c6243b900bdd11eba7f7acde48001122,True,False,False,0.0,0.0,0,0,0,0,{}
margin20,821e65dc086911ebbd5eac1f6bf848b6,False,False,False,0.0,0.0,0,0,0,0,{}
margin20,0c39da2e085811ebbd5aac1f6bf848b6,True,False,False,0.0,0.0,0,0,0,0,{}
margin20,18f0a0220baf11ebab90acde48001122,False,False,True,0.0,0.0,0,1,0,1,"{""low_signal_deep_negative"": 1}"
margin20,6faf10f40bde11eba7f7acde48001122,False,False,False,0.0,0.0,0,0,0,0,{}
margin20,6138bd9c095411ebbdaeac1f6bf848b6,True,False,False,0.0,0.0,0,0,0,0,{}
margin20,64075230086811ebbd5eac1f6bf848b6,True,False,False,0.0,0.0,0,0,0,0,{}
margin20,78ba517c0bd911eba7f7acde48001122,True,False,True,0.0,0.0,0,1,0,1,"{""low_signal_deep_negative"": 1}"
margin20,74cb7e400bdb11eba7f7acde48001122,False,True,True,1.0,0.5,1,0,0,1,{}
margin20,e5c738900bdc11eba7f7acde48001122,True,False,False,0.0,0.0,0,0,0,0,{}
margin20,a6160eee0bda11eba7f7acde48001122,True,False,True,-1.0,-0.5,0,1,1,0,"{""lexical_hard_negative"": 1}"
margin20,089b1e3a0bde11eba7f7acde48001122,True,False,True,-1.0,-0.5,0,1,1,0,"{""lexical_hard_negative"": 1}"
margin20,c67ed80c092b11ebbdaeac1f6bf848b6,True,False,False,0.0,0.0,0,0,0,0,{}
margin20,95bf64480bdd11eba7f7acde48001122,False,True,True,1.0,0.5,1,0,0,1,{}
margin20,42661902085b11ebbd5cac1f6bf848b6,True,False,False,0.0,0.0,0,0,0,0,{}
margin20,372d95020bde11eba7f7acde48001122,True,False,False,0.0,0.0,0,0,0,0,{}
margin20,bd01362d08e411ebbda4ac1f6bf848b6,True,False,False,0.0,0.0,0,0,0,0,{}
margin20,1f9ccd180bde11eba7f7acde48001122,True,False,False,0.0,0.0,0,0,0,0,{}
margin20,48c0c6fa089011ebbd72ac1f6bf848b6,False,True,False,0.0,0.0,0,0,0,0,{}
margin20,0518615a0bde11eba7f7acde48001122,True,False,False,0.0,0.0,0,0,0,0,{}
margin20,81ca57e60bdc11eba7f7acde48001122,True,False,False,0.0,0.0,0,0,0,0,{}
margin20,cbb5ca82095411ebbdaeac1f6bf848b6,False,True,False,0.0,0.0,0,0,0,0,{}
margin20,828b1390093511ebbdaeac1f6bf848b6,True,False,False,0.0,0.0,0,0,0,0,{}
margin20,66cc23c40bdd11eba7f7acde48001122,True,False,False,0.0,0.0,0,0,0,0,{}
margin20,61d018d8086011ebbd5dac1f6bf848b6,False,True,False,0.0,0.0,0,0,0,0,{}
margin20,a41c3c8808bc11ebbd89ac1f6bf848b6,True,False,False,0.0,0.0,0,0,0,0,{}
margin20,8bb8b730085211ebbd58ac1f6bf848b6,True,False,False,0.0,0.0,0,0,0,0,{}
margin20,135fde100bb011ebab90acde48001122,True,False,False,0.0,0.0,0,0,0,0,{}
margin20,6854217908a011ebbd78ac1f6bf848b6,True,False,False,0.0,0.0,0,0,0,0,{}
margin20,74b1498a0bdb11eba7f7acde48001122,True,False,False,0.0,0.0,0,0,0,0,{}
margin20,8b9607820bd911eba7f7acde48001122,True,False,False,0.0,0.0,0,0,0,0,{}
margin20,b6e4474808a311ebbd7bac1f6bf848b6,False,True,False,0.0,0.0,0,0,0,0,{}
margin20,df0079d408fe11ebbdadac1f6bf848b6,True,False,False,0.0,0.0,0,0,0,0,{}
margin20,8474fb5e08a811ebbd7fac1f6bf848b6,True,False,False,0.0,0.0,0,0,0,0,{}
margin20,361dc208086f11ebbd62ac1f6bf848b6,True,False,False,0.0,0.0,0,0,0,0,{}
margin20,3733d61a0bde11eba7f7acde48001122,True,False,False,0.0,0.0,0,0,0,0,{}
margin20,4e9561d40bd911eba7f7acde48001122,False,False,False,0.0,0.0,0,0,0,0,{}
margin20,f92dceb2084b11ebbd56ac1f6bf848b6,True,False,False,0.0,0.0,0,0,0,0,{}
margin20,511af4e80baf11ebab90acde48001122,False,False,False,0.0,0.0,0,0,0,0,{}
margin20,f814a4520bdb11eba7f7acde48001122,True,False,True,0.0,0.0,0,1,0,1,"{""lexical_hard_negative"": 1}"
margin20,f52452fc0bda11eba7f7acde48001122,True,False,False,0.0,0.0,0,0,0,0,{}
margin20,3ce8faa40bde11eba7f7acde48001122,True,False,False,0.0,0.0,0,0,0,0,{}
margin20,f5c9a3f2086111ebbd5dac1f6bf848b6,True,False,False,0.0,0.0,0,0,0,0,{}
margin20,4139616c08d311ebbd96ac1f6bf848b6,True,False,False,0.0,0.0,0,0,0,0,{}
margin20,f5aba0260bdb11eba7f7acde48001122,True,False,False,0.0,0.0,0,0,0,0,{}
margin20,3cec35b4091011ebbdadac1f6bf848b6,True,False,False,0.0,0.0,0,0,0,0,{}
margin20,079947de0baf11ebab90acde48001122,False,True,True,1.0,0.5,1,0,0,1,{}
margin20,e38e55b40bdb11eba7f7acde48001122,True,False,False,0.0,0.0,0,0,0,0,{}
margin20,3805416e0bde11eba7f7acde48001122,False,True,False,0.0,0.0,0,0,0,0,{}
margin20,3d3bc0720bde11eba7f7acde48001122,True,False,False,0.0,0.0,0,0,0,0,{}
margin20,5905858e08d911ebbd9cac1f6bf848b6,True,False,False,0.0,0.0,0,0,0,0,{}
margin20,504bb1e0090311ebbdadac1f6bf848b6,True,False,False,0.0,0.0,0,0,0,0,{}
margin20,752f84c60bdb11eba7f7acde48001122,True,False,True,0.0,0.0,0,1,0,1,"{""lexical_hard_negative"": 1}"
margin20,048f56a80bde11eba7f7acde48001122,True,False,False,0.0,0.0,0,0,0,0,{}
margin20,08de5d000baf11ebab90acde48001122,True,False,True,0.0,0.0,0,1,0,1,"{""lexical_hard_negative"": 1}"
margin20,010d6cab08c711ebbd91ac1f6bf848b6,False,False,False,0.0,0.0,0,0,0,0,{}
margin20,02102208088011ebbd6cac1f6bf848b6,True,False,False,0.0,0.0,0,0,0,0,{}
margin20,43a34d720bde11eba7f7acde48001122,True,False,False,0.0,0.0,0,0,0,0,{}
margin20,08f5c0bc0bdc11eba7f7acde48001122,False,False,False,0.0,0.0,0,0,0,0,{}
margin20,f2abc5580bdc11eba7f7acde48001122,True,False,False,0.0,0.0,0,0,0,0,{}
margin20,daaaf3480bdc11eba7f7acde48001122,True,False,False,0.0,0.0,0,0,0,0,{}
margin20,a5937fe00baf11ebab90acde48001122,False,True,True,0.0,0.0,0,1,0,1,"{""lexical_hard_negative"": 1}"
margin20,ec9f5b89092d11ebbdaeac1f6bf848b6,True,False,False,0.0,0.0,0,0,0,0,{}
margin20,63b35a580bd911eba7f7acde48001122,True,False,False,0.0,0.0,0,0,0,0,{}
margin20,e73a5394089211ebbd74ac1f6bf848b6,True,False,False,0.0,0.0,0,0,0,0,{}
margin20,75d4c76e086c11ebbd61ac1f6bf848b6,True,False,False,0.0,0.0,0,0,0,0,{}
margin20,1d5abddf088811ebbd6eac1f6bf848b6,True,False,False,0.0,0.0,0,0,0,0,{}
margin20,8cd1b0020bdd11eba7f7acde48001122,False,True,True,0.0,0.0,0,1,0,1,"{""lexical_hard_negative"": 1}"
margin20,6ad78d00086311ebbd5eac1f6bf848b6,True,False,False,0.0,0.0,0,0,0,0,{}
margin20,c02763f708be11ebbd8aac1f6bf848b6,True,False,False,0.0,0.0,0,0,0,0,{}
margin20,a27a3a220bd911eba7f7acde48001122,True,False,False,0.0,0.0,0,0,0,0,{}
margin20,95cf97b40bdd11eba7f7acde48001122,False,False,False,0.0,0.0,0,0,0,0,{}
margin20,e88629000bdd11eba7f7acde48001122,True,False,True,0.0,0.0,0,1,0,1,"{""low_signal_deep_negative"": 1}"
margin20,53f3501408d711ebbd9aac1f6bf848b6,False,True,False,0.0,0.0,0,0,0,0,{}
margin20,d88af85e085a11ebbd5cac1f6bf848b6,False,True,False,0.0,0.0,0,0,0,0,{}
margin20,b890f2420bd911eba7f7acde48001122,True,False,False,0.0,0.0,0,0,0,0,{}
margin20,ad193b1808b411ebbd88ac1f6bf848b6,True,False,False,0.0,0.0,0,0,0,0,{}
margin20,53ff36f60baf11ebab90acde48001122,True,False,True,0.0,0.0,0,1,0,1,"{""answer_string_distractor"": 1}"
margin20,d9d2904c0bdd11eba7f7acde48001122,True,False,True,0.0,0.0,0,1,0,1,"{""bridge_entity_distractor"": 1}"
margin20,ad7e616a09c611ebbdb0ac1f6bf848b6,True,False,False,0.0,0.0,0,0,0,0,{}
margin20,497156a60bdc11eba7f7acde48001122,True,False,True,0.0,0.0,0,1,0,1,"{""lexical_hard_negative"": 1}"
margin20,abb55bf20bda11eba7f7acde48001122,True,False,False,0.0,0.0,0,0,0,0,{}
margin20,2de08f6d08a611ebbd7eac1f6bf848b6,True,False,False,0.0,0.0,0,0,0,0,{}
margin20,3d20c7000bb011ebab90acde48001122,False,False,True,0.0,0.0,0,1,0,1,"{""lexical_hard_negative"": 1}"
margin20,faf6572008e411ebbda4ac1f6bf848b6,True,False,False,0.0,0.0,0,0,0,0,{}
margin20,8ee8432c0bda11eba7f7acde48001122,True,False,False,0.0,0.0,0,0,0,0,{}
margin20,674b49540bda11eba7f7acde48001122,True,False,False,0.0,0.0,0,0,0,0,{}
margin20,3ac0ebec0bde11eba7f7acde48001122,True,False,False,0.0,0.0,0,0,0,0,{}
margin20,10b1efd80bdc11eba7f7acde48001122,True,False,False,0.0,0.0,0,0,0,0,{}
margin20,78107ec8097611ebbdb0ac1f6bf848b6,True,False,False,0.0,0.0,0,0,0,0,{}
margin20,32c23401097711ebbdb0ac1f6bf848b6,True,False,False,0.0,0.0,0,0,0,0,{}
margin20,c5e4c82a0bdd11eba7f7acde48001122,True,False,False,0.0,0.0,0,0,0,0,{}
margin20,711449320bde11eba7f7acde48001122,True,False,False,0.0,0.0,0,0,0,0,{}
margin20,65fa28440bdb11eba7f7acde48001122,True,False,False,0.0,0.0,0,0,0,0,{}
margin20,c69fb1bc0bdd11eba7f7acde48001122,True,False,False,0.0,0.0,0,0,0,0,{}
margin20,09b198a80bde11eba7f7acde48001122,True,False,False,0.0,0.0,0,0,0,0,{}
margin20,d58ede7c086e11ebbd62ac1f6bf848b6,False,False,False,0.0,0.0,0,0,0,0,{}
margin20,337da5aa098111ebbdb0ac1f6bf848b6,True,False,False,0.0,0.0,0,0,0,0,{}
margin20,810be29808b211ebbd85ac1f6bf848b6,True,False,False,0.0,0.0,0,0,0,0,{}
margin20,e437dddd089311ebbd75ac1f6bf848b6,True,False,True,0.0,0.0,0,1,0,1,"{""lexical_hard_negative"": 1}"
margin20,13476e200bdd11eba7f7acde48001122,True,False,True,0.0,0.0,0,1,0,1,"{""lexical_hard_negative"": 1}"
margin20,1332d0ca0bdb11eba7f7acde48001122,True,False,False,0.0,0.0,0,0,0,0,{}
margin20,8055aca40bdb11eba7f7acde48001122,True,False,False,0.0,0.0,0,0,0,0,{}
margin20,0984e6aa0bde11eba7f7acde48001122,True,False,False,0.0,0.0,0,0,0,0,{}
margin20,98f734a60bdd11eba7f7acde48001122,True,False,True,0.0,0.0,0,1,0,1,"{""lexical_hard_negative"": 1}"
margin20,3b76b5c80bdc11eba7f7acde48001122,False,False,False,0.0,0.0,0,0,0,0,{}
margin20,f04a80e20bdc11eba7f7acde48001122,False,False,False,0.0,0.0,0,0,0,0,{}
margin20,9d06ec120bdd11eba7f7acde48001122,True,False,False,0.0,0.0,0,0,0,0,{}
margin20,0ad6eeec085811ebbd5aac1f6bf848b6,True,False,False,0.0,0.0,0,0,0,0,{}
margin20,ba015944086611ebbd5eac1f6bf848b6,True,False,False,0.0,0.0,0,0,0,0,{}
margin20,3cc3895c08cf11ebbd94ac1f6bf848b6,True,False,False,0.0,0.0,0,0,0,0,{}
margin20,002e925e0bde11eba7f7acde48001122,False,True,False,0.0,0.0,0,0,0,0,{}
margin20,8d3878060bdc11eba7f7acde48001122,False,False,False,0.0,0.0,0,0,0,0,{}
margin20,ae85fccd089411ebbd75ac1f6bf848b6,False,False,False,0.0,0.0,0,0,0,0,{}
margin20,5cbf94880bb011ebab90acde48001122,False,False,True,0.0,0.0,0,1,0,1,"{""lexical_hard_negative"": 1}"
margin20,fc631640089711ebbd77ac1f6bf848b6,True,False,False,0.0,0.0,0,0,0,0,{}
margin20,8c3c6d9e0bb011ebab90acde48001122,False,True,True,0.0,0.0,0,1,0,1,"{""lexical_hard_negative"": 1}"
margin20,39af8adc0bda11eba7f7acde48001122,True,False,False,0.0,0.0,0,0,0,0,{}
margin20,096e42ba0bde11eba7f7acde48001122,True,False,False,0.0,0.0,0,0,0,0,{}
margin20,1194abf60bb011ebab90acde48001122,False,True,True,0.0,0.0,0,1,0,1,"{""lexical_hard_negative"": 1}"
margin20,6abaf116089c11ebbd78ac1f6bf848b6,True,False,False,0.0,0.0,0,0,0,0,{}
margin20,89a94f720bdb11eba7f7acde48001122,False,False,False,0.0,0.0,0,0,0,0,{}
margin20,43c910980bde11eba7f7acde48001122,False,True,True,0.0,0.0,0,1,0,1,"{""lexical_hard_negative"": 1}"
margin20,6bde832c0bdb11eba7f7acde48001122,True,False,False,0.0,0.0,0,0,0,0,{}
margin20,05ca5a800bda11eba7f7acde48001122,True,False,False,0.0,0.0,0,0,0,0,{}
margin20,b942cafc08c411ebbd8eac1f6bf848b6,False,False,False,0.0,0.0,0,0,0,0,{}
margin20,fc2f7e460bda11eba7f7acde48001122,True,False,False,0.0,0.0,0,0,0,0,{}
margin20,16df4c5a087311ebbd66ac1f6bf848b6,True,False,False,0.0,0.0,0,0,0,0,{}
margin20,e5d895ee0bdd11eba7f7acde48001122,False,True,False,0.0,0.0,0,0,0,0,{}
margin20,1f3ff7880bb011ebab90acde48001122,True,False,False,0.0,0.0,0,0,0,0,{}
margin20,8308df9e08a311ebbd7bac1f6bf848b6,True,False,False,0.0,0.0,0,0,0,0,{}
margin20,375e7e4408c611ebbd90ac1f6bf848b6,True,False,False,0.0,0.0,0,0,0,0,{}
margin20,2152e80a0bdd11eba7f7acde48001122,True,False,False,0.0,0.0,0,0,0,0,{}
margin20,82ce34f6096011ebbdafac1f6bf848b6,True,False,False,0.0,0.0,0,0,0,0,{}
margin20,990a177a08a311ebbd7bac1f6bf848b6,True,False,False,0.0,0.0,0,0,0,0,{}
margin20,d5a1a526088311ebbd6dac1f6bf848b6,True,False,False,0.0,0.0,0,0,0,0,{}
margin20,b42ac0920bda11eba7f7acde48001122,True,False,False,0.0,0.0,0,0,0,0,{}
margin20,49d710a20bde11eba7f7acde48001122,True,False,True,0.0,0.0,0,1,0,1,"{""lexical_hard_negative"": 1}"
margin20,77f5e45a0bb011ebab90acde48001122,True,False,False,0.0,0.0,0,0,0,0,{}
margin20,405c82e8094711ebbdaeac1f6bf848b6,True,False,False,0.0,0.0,0,0,0,0,{}
margin20,896795760bb011ebab90acde48001122,True,False,False,0.0,0.0,0,0,0,0,{}
margin20,88cc034008c211ebbd8cac1f6bf848b6,True,False,False,0.0,0.0,0,0,0,0,{}
margin20,f06252fc0bdd11eba7f7acde48001122,True,False,False,0.0,0.0,0,0,0,0,{}
margin20,b017cdec0bda11eba7f7acde48001122,True,False,False,0.0,0.0,0,0,0,0,{}
margin20,ee999f4408b211ebbd85ac1f6bf848b6,True,False,False,0.0,0.0,0,0,0,0,{}
margin20,f3a16239088011ebbd6dac1f6bf848b6,True,False,False,0.0,0.0,0,0,0,0,{}
margin20,3b5e453a096611ebbdafac1f6bf848b6,True,False,False,0.0,0.0,0,0,0,0,{}
margin20,1816ca87095011ebbdaeac1f6bf848b6,True,False,False,0.0,0.0,0,0,0,0,{}
margin20,50b8f74c0bb011ebab90acde48001122,True,False,True,0.0,0.0,0,1,0,1,"{""lexical_hard_negative"": 1}"
margin20,45153f740bdb11eba7f7acde48001122,True,False,False,0.0,0.0,0,0,0,0,{}
margin20,577638aa0bde11eba7f7acde48001122,True,False,True,0.0,0.0,0,1,0,1,"{""low_signal_deep_negative"": 1}"
margin20,612322280bde11eba7f7acde48001122,True,False,False,0.0,0.0,0,0,0,0,{}
margin20,0069c0220bde11eba7f7acde48001122,True,False,False,0.0,0.0,0,0,0,0,{}
margin20,63c0d3d60bde11eba7f7acde48001122,False,True,False,0.0,0.0,0,0,0,0,{}
margin20,826592ec08bc11ebbd88ac1f6bf848b6,True,False,False,0.0,0.0,0,0,0,0,{}
margin20,cd76b49608e911ebbda7ac1f6bf848b6,True,False,False,0.0,0.0,0,0,0,0,{}
margin20,ccc8ea860bdd11eba7f7acde48001122,False,True,False,0.0,0.0,0,0,0,0,{}
margin20,cf918c0c0bdb11eba7f7acde48001122,False,False,False,0.0,0.0,0,0,0,0,{}
margin20,8cf32bd6084c11ebbd56ac1f6bf848b6,True,False,False,0.0,0.0,0,0,0,0,{}
margin20,f364ff4c0bae11ebab90acde48001122,False,False,False,0.0,0.0,0,0,0,0,{}
margin20,497c1bdb094911ebbdaeac1f6bf848b6,True,False,False,0.0,0.0,0,0,0,0,{}
margin20,850c2ecc0bda11eba7f7acde48001122,True,False,False,0.0,0.0,0,0,0,0,{}
margin20,dc68effd08d811ebbd9cac1f6bf848b6,True,False,False,0.0,0.0,0,0,0,0,{}
margin20,39d43b7d08ae11ebbd83ac1f6bf848b6,True,False,False,0.0,0.0,0,0,0,0,{}
margin20,3aa6289708c511ebbd8eac1f6bf848b6,True,False,False,0.0,0.0,0,0,0,0,{}
margin20,923058320bdd11eba7f7acde48001122,True,False,False,0.0,0.0,0,0,0,0,{}
margin20,63a0ba880bd911eba7f7acde48001122,True,False,False,0.0,0.0,0,0,0,0,{}
margin20,b87177b00bdd11eba7f7acde48001122,True,False,False,0.0,0.0,0,0,0,0,{}
margin20,0a66db380bb011ebab90acde48001122,True,False,True,0.0,0.0,0,1,0,1,"{""low_signal_deep_negative"": 1}"
margin20,0d27b3c20bda11eba7f7acde48001122,True,False,False,0.0,0.0,0,0,0,0,{}
margin20,3f2eb0120baf11ebab90acde48001122,True,False,False,0.0,0.0,0,0,0,0,{}
margin20,26351014096711ebbdafac1f6bf848b6,True,False,False,0.0,0.0,0,0,0,0,{}
margin20,e7e76caa085611ebbd59ac1f6bf848b6,True,False,False,0.0,0.0,0,0,0,0,{}
margin20,c1bc7e500bdd11eba7f7acde48001122,True,False,False,0.0,0.0,0,0,0,0,{}
margin20,578144840bde11eba7f7acde48001122,False,False,False,0.0,0.0,0,0,0,0,{}
margin20,cd80e22a08d711ebbd9aac1f6bf848b6,False,True,False,0.0,0.0,0,0,0,0,{}
margin20,d7a948ef09bf11ebbdb0ac1f6bf848b6,True,False,False,0.0,0.0,0,0,0,0,{}
margin20,c510c7b00baf11ebab90acde48001122,True,False,False,0.0,0.0,0,0,0,0,{}
margin20,8abef13108a911ebbd80ac1f6bf848b6,True,False,False,0.0,0.0,0,0,0,0,{}
margin20,ae1baf9708c811ebbd92ac1f6bf848b6,False,False,False,0.0,0.0,0,0,0,0,{}
margin20,ef9dd4360bdd11eba7f7acde48001122,True,False,False,0.0,0.0,0,0,0,0,{}
margin20,6152f66c08df11ebbda0ac1f6bf848b6,True,False,False,0.0,0.0,0,0,0,0,{}
margin20,e6be34b00bdc11eba7f7acde48001122,True,False,False,0.0,0.0,0,0,0,0,{}
margin20,506809580bde11eba7f7acde48001122,True,False,False,0.0,0.0,0,0,0,0,{}
margin20,6bb80b9c087b11ebbd68ac1f6bf848b6,True,False,False,0.0,0.0,0,0,0,0,{}
margin20,d6c5f2680bdd11eba7f7acde48001122,True,False,True,0.0,0.0,0,1,0,1,"{""lexical_hard_negative"": 1}"
margin20,b930a43b095211ebbdaeac1f6bf848b6,True,False,False,0.0,0.0,0,0,0,0,{}
margin20,dfe3407a088211ebbd6dac1f6bf848b6,False,False,False,0.0,0.0,0,0,0,0,{}
margin20,cd05f93208de11ebbd9fac1f6bf848b6,True,False,False,0.0,0.0,0,0,0,0,{}
margin20,19e6c50608d711ebbd99ac1f6bf848b6,True,False,False,0.0,0.0,0,0,0,0,{}
margin20,a9277caa0bdd11eba7f7acde48001122,False,True,False,0.0,0.0,0,0,0,0,{}
margin20,5ba83f9a08af11ebbd83ac1f6bf848b6,True,False,True,0.0,0.0,0,1,0,1,"{""lexical_hard_negative"": 1}"
margin20,d9f5fd9a0bdb11eba7f7acde48001122,True,False,False,0.0,0.0,0,0,0,0,{}
margin20,d323fb0208c011ebbd8aac1f6bf848b6,True,False,False,0.0,0.0,0,0,0,0,{}
margin20,4a8ffd360bdb11eba7f7acde48001122,True,False,False,0.0,0.0,0,0,0,0,{}
margin20,abf002e908a611ebbd7fac1f6bf848b6,False,True,False,0.0,0.0,0,0,0,0,{}
margin20,438a3de40bdb11eba7f7acde48001122,True,False,False,0.0,0.0,0,0,0,0,{}
margin20,d501f7c40bdd11eba7f7acde48001122,True,False,True,0.0,0.0,0,1,0,1,"{""lexical_hard_negative"": 1}"
margin20,62aa2da40bb011ebab90acde48001122,True,False,True,0.0,0.0,0,1,0,1,"{""lexical_hard_negative"": 1}"
margin20,2714c89a0baf11ebab90acde48001122,True,False,True,0.0,0.0,0,1,0,1,"{""bridge_entity_distractor"": 1}"
margin20,fd848f860bdd11eba7f7acde48001122,False,True,False,0.0,0.0,0,0,0,0,{}
margin20,767efc000bde11eba7f7acde48001122,False,True,True,1.0,0.5,1,0,0,1,{}
margin20,3413a86c0bb011ebab90acde48001122,True,False,True,0.0,0.0,0,1,0,1,"{""lexical_hard_negative"": 1}"
margin20,7603449c08e711ebbda6ac1f6bf848b6,False,False,False,0.0,0.0,0,0,0,0,{}
margin20,3685f31a0bde11eba7f7acde48001122,True,False,False,0.0,0.0,0,0,0,0,{}
margin20,43a0d7cd087d11ebbd6aac1f6bf848b6,True,False,False,0.0,0.0,0,0,0,0,{}
margin20,261caca2085011ebbd56ac1f6bf848b6,True,False,False,0.0,0.0,0,0,0,0,{}
margin20,3c18a0d00bb011ebab90acde48001122,True,False,False,0.0,0.0,0,0,0,0,{}
margin20,aaadd9f80baf11ebab90acde48001122,True,False,True,0.0,0.0,0,1,0,1,"{""low_signal_deep_negative"": 1}"
margin20,7a6381980bdd11eba7f7acde48001122,True,False,False,0.0,0.0,0,0,0,0,{}
margin20,655a05b0089a11ebbd77ac1f6bf848b6,True,False,False,0.0,0.0,0,0,0,0,{}
margin20,49ba338e08b511ebbd88ac1f6bf848b6,True,False,False,0.0,0.0,0,0,0,0,{}
margin20,68a9e3c60bdc11eba7f7acde48001122,False,True,False,0.0,0.0,0,0,0,0,{}
margin20,bf625caa08dc11ebbd9dac1f6bf848b6,True,False,False,0.0,0.0,0,0,0,0,{}
margin20,8f038cdb096011ebbdafac1f6bf848b6,True,False,False,0.0,0.0,0,0,0,0,{}
margin20,1442e9a20bde11eba7f7acde48001122,False,True,True,0.0,0.0,0,1,0,1,"{""lexical_hard_negative"": 1}"
margin20,f7ff22da089011ebbd72ac1f6bf848b6,True,False,False,0.0,0.0,0,0,0,0,{}
margin20,e3280f82092b11ebbdaeac1f6bf848b6,True,False,False,0.0,0.0,0,0,0,0,{}
margin20,7247b1320bb011ebab90acde48001122,True,False,True,0.0,0.0,0,1,0,1,"{""lexical_hard_negative"": 1}"
margin20,f88912f008da11ebbd9cac1f6bf848b6,False,True,False,0.0,0.0,0,0,0,0,{}
margin20,42d8ba2108ec11ebbda7ac1f6bf848b6,True,False,False,0.0,0.0,0,0,0,0,{}
margin20,9f2a95bd08b211ebbd85ac1f6bf848b6,True,False,False,0.0,0.0,0,0,0,0,{}
margin20,fcd3ff500baf11ebab90acde48001122,True,False,False,0.0,0.0,0,0,0,0,{}
margin20,7e6280500bdd11eba7f7acde48001122,True,False,True,0.0,0.0,0,1,0,1,"{""lexical_hard_negative"": 1}"
margin20,6db45b3208bf11ebbd8aac1f6bf848b6,False,False,False,0.0,0.0,0,0,0,0,{}
margin20,a0027b6e087e11ebbd6bac1f6bf848b6,True,False,False,0.0,0.0,0,0,0,0,{}
margin20,e53937d00bae11ebab90acde48001122,True,False,False,0.0,0.0,0,0,0,0,{}
margin20,2b7db0200bde11eba7f7acde48001122,False,True,False,0.0,0.0,0,0,0,0,{}
margin20,f48a4ace0bdd11eba7f7acde48001122,True,False,False,0.0,0.0,0,0,0,0,{}
margin20,036c82480baf11ebab90acde48001122,True,False,True,0.0,0.0,0,1,0,1,"{""lexical_hard_negative"": 1}"
margin20,d667e18f08d911ebbd9cac1f6bf848b6,False,True,False,0.0,0.0,0,0,0,0,{}
margin20,ace717d0088411ebbd6dac1f6bf848b6,True,False,False,0.0,0.0,0,0,0,0,{}
margin20,cf357f9008cf11ebbd95ac1f6bf848b6,True,False,False,0.0,0.0,0,0,0,0,{}
margin20,6add3d560bdb11eba7f7acde48001122,False,False,False,0.0,0.0,0,0,0,0,{}
margin20,5498821a0bb011ebab90acde48001122,False,True,True,0.0,0.0,0,1,0,1,"{""lexical_hard_negative"": 1}"
margin20,d0df520a0bdc11eba7f7acde48001122,True,False,False,0.0,0.0,0,0,0,0,{}
margin20,86d1025008c611ebbd90ac1f6bf848b6,True,False,False,0.0,0.0,0,0,0,0,{}
margin20,1d507a43086d11ebbd61ac1f6bf848b6,False,False,False,0.0,0.0,0,0,0,0,{}
margin20,66bac6160bdc11eba7f7acde48001122,True,False,False,0.0,0.0,0,0,0,0,{}
margin20,f5bd6a3a093e11ebbdaeac1f6bf848b6,True,False,False,0.0,0.0,0,0,0,0,{}
margin20,10b8567808c311ebbd8dac1f6bf848b6,True,False,False,0.0,0.0,0,0,0,0,{}
margin20,a7f886c5094d11ebbdaeac1f6bf848b6,True,False,False,0.0,0.0,0,0,0,0,{}
margin20,215d741f08e511ebbda4ac1f6bf848b6,True,False,False,0.0,0.0,0,0,0,0,{}
margin20,1d913467087611ebbd67ac1f6bf848b6,True,False,False,0.0,0.0,0,0,0,0,{}
margin20,2ea72c0c084d11ebbd56ac1f6bf848b6,True,False,False,0.0,0.0,0,0,0,0,{}
margin20,1ff759ea0bde11eba7f7acde48001122,True,False,True,0.0,0.0,0,1,0,1,"{""lexical_hard_negative"": 1}"
margin20,7a894f7c0bdd11eba7f7acde48001122,True,False,False,0.0,0.0,0,0,0,0,{}
margin20,90fdcd120bda11eba7f7acde48001122,True,False,False,0.0,0.0,0,0,0,0,{}
margin20,e35cbc5a086511ebbd5eac1f6bf848b6,True,False,False,0.0,0.0,0,0,0,0,{}
margin20,6837abca0bb011ebab90acde48001122,True,False,False,0.0,0.0,0,0,0,0,{}
margin20,104c34700bde11eba7f7acde48001122,False,True,False,0.0,0.0,0,0,0,0,{}
margin20,a0ff83e808b211ebbd85ac1f6bf848b6,True,False,False,0.0,0.0,0,0,0,0,{}
margin20,4f95a4440bda11eba7f7acde48001122,True,False,True,0.0,0.0,0,1,0,1,"{""lexical_hard_negative"": 1}"
margin20,eb5e96420bda11eba7f7acde48001122,True,False,False,0.0,0.0,0,0,0,0,{}
margin20,dd90826d086c11ebbd61ac1f6bf848b6,False,False,False,0.0,0.0,0,0,0,0,{}
margin20,d64d24180bd911eba7f7acde48001122,True,False,False,0.0,0.0,0,0,0,0,{}
margin20,08bb14940bdc11eba7f7acde48001122,True,False,True,0.0,0.0,0,1,0,1,"{""lexical_hard_negative"": 1}"
margin20,b4e53bdc08c111ebbd8bac1f6bf848b6,True,False,False,0.0,0.0,0,0,0,0,{}
margin20,c35c917e085f11ebbd5dac1f6bf848b6,True,False,False,0.0,0.0,0,0,0,0,{}
margin20,0495b7fc086411ebbd5eac1f6bf848b6,True,False,False,0.0,0.0,0,0,0,0,{}
margin20,d9b98ec5085b11ebbd5cac1f6bf848b6,True,False,False,0.0,0.0,0,0,0,0,{}
margin20,9d1b21eb087d11ebbd6bac1f6bf848b6,True,False,False,0.0,0.0,0,0,0,0,{}
margin20,c9983efa086511ebbd5eac1f6bf848b6,True,False,False,0.0,0.0,0,0,0,0,{}
margin20,1e4d9f2008ff11ebbdadac1f6bf848b6,True,False,False,0.0,0.0,0,0,0,0,{}
margin20,ed2119b608ae11ebbd83ac1f6bf848b6,True,False,False,0.0,0.0,0,0,0,0,{}
margin20,0277d67808c411ebbd8eac1f6bf848b6,True,False,False,0.0,0.0,0,0,0,0,{}
margin20,a246875408d211ebbd96ac1f6bf848b6,True,False,True,0.0,0.0,0,1,0,1,"{""lexical_hard_negative"": 1}"
margin20,fde3a7880bdc11eba7f7acde48001122,False,False,True,0.0,0.0,0,1,0,1,"{""lexical_hard_negative"": 1}"
margin20,ae585fc20bd911eba7f7acde48001122,True,False,False,0.0,0.0,0,0,0,0,{}
margin20,ea3ca41f09b811ebbdb0ac1f6bf848b6,True,False,False,0.0,0.0,0,0,0,0,{}
margin20,6355d0d1095011ebbdaeac1f6bf848b6,True,False,False,0.0,0.0,0,0,0,0,{}
margin20,d7004d5c0bdb11eba7f7acde48001122,True,False,False,0.0,0.0,0,0,0,0,{}
margin20,6a6bc12208a611ebbd7fac1f6bf848b6,True,False,False,0.0,0.0,0,0,0,0,{}
margin20,ec9f313c08c211ebbd8cac1f6bf848b6,True,False,False,0.0,0.0,0,0,0,0,{}
margin20,6ddf631e0bde11eba7f7acde48001122,False,False,False,0.0,0.0,0,0,0,0,{}
margin20,759305480bde11eba7f7acde48001122,True,False,True,-1.0,-0.5,0,1,1,0,"{""lexical_hard_negative"": 1}"
margin20,80fa14d408e411ebbda4ac1f6bf848b6,True,False,False,0.0,0.0,0,0,0,0,{}
margin20,7939c1460bd911eba7f7acde48001122,True,False,False,0.0,0.0,0,0,0,0,{}
margin20,68f864fe0bde11eba7f7acde48001122,True,False,False,0.0,0.0,0,0,0,0,{}
margin20,ee3304c2087411ebbd67ac1f6bf848b6,True,False,False,0.0,0.0,0,0,0,0,{}
margin20,cfbc66400bd911eba7f7acde48001122,True,False,False,0.0,0.0,0,0,0,0,{}
margin20,0e161d6c084e11ebbd56ac1f6bf848b6,True,False,False,0.0,0.0,0,0,0,0,{}
margin20,f1145dc6084f11ebbd56ac1f6bf848b6,False,True,False,0.0,0.0,0,0,0,0,{}
margin20,057366eb087311ebbd66ac1f6bf848b6,True,False,False,0.0,0.0,0,0,0,0,{}
margin20,5d474f140baf11ebab90acde48001122,False,False,True,0.0,0.0,0,1,0,1,"{""lexical_hard_negative"": 1}"
margin20,dd5d3c540bdc11eba7f7acde48001122,True,False,False,0.0,0.0,0,0,0,0,{}
margin20,1adcd9bc086911ebbd5eac1f6bf848b6,True,False,False,0.0,0.0,0,0,0,0,{}
margin20,b7de2a860bd911eba7f7acde48001122,False,False,False,0.0,0.0,0,0,0,0,{}
margin20,4e786ebb08f911ebbdaaac1f6bf848b6,True,False,False,0.0,0.0,0,0,0,0,{}
margin20,b3a00ba508bb11ebbd88ac1f6bf848b6,False,True,False,0.0,0.0,0,0,0,0,{}
margin20,fcc1bcc008d311ebbd96ac1f6bf848b6,True,False,False,0.0,0.0,0,0,0,0,{}
margin20,62ce8c8e0bde11eba7f7acde48001122,True,False,True,0.0,0.0,0,1,0,1,"{""lexical_hard_negative"": 1}"
margin20,285016800bda11eba7f7acde48001122,False,False,False,0.0,0.0,0,0,0,0,{}
margin20,583a6e45085c11ebbd5cac1f6bf848b6,True,False,False,0.0,0.0,0,0,0,0,{}
margin20,87f1c0da08e611ebbda5ac1f6bf848b6,False,True,False,0.0,0.0,0,0,0,0,{}
margin20,364458b20baf11ebab90acde48001122,False,True,True,1.0,0.5,1,0,0,1,{}
margin20,db2b0d96086f11ebbd62ac1f6bf848b6,True,False,False,0.0,0.0,0,0,0,0,{}
margin20,1cfbe61008d311ebbd96ac1f6bf848b6,True,False,False,0.0,0.0,0,0,0,0,{}
margin20,3ac032da0baf11ebab90acde48001122,True,False,True,0.0,0.0,0,1,0,1,"{""lexical_hard_negative"": 1}"
margin20,d5cec92708df11ebbda1ac1f6bf848b6,True,False,False,0.0,0.0,0,0,0,0,{}
margin20,07211fce094e11ebbdaeac1f6bf848b6,True,False,False,0.0,0.0,0,0,0,0,{}
margin20,19041a7f08e111ebbda2ac1f6bf848b6,False,True,True,1.0,0.5,1,0,0,1,{}
margin20,0c3dba160bde11eba7f7acde48001122,True,False,False,0.0,0.0,0,0,0,0,{}
margin20,efaaa1bc0bdc11eba7f7acde48001122,True,False,False,0.0,0.0,0,0,0,0,{}
margin20,433bcf3d08b711ebbd88ac1f6bf848b6,False,True,False,0.0,0.0,0,0,0,0,{}
margin20,24672c120bde11eba7f7acde48001122,True,False,False,0.0,0.0,0,0,0,0,{}
margin20,507bc3300bde11eba7f7acde48001122,True,False,False,0.0,0.0,0,0,0,0,{}
margin20,2536562e0baf11ebab90acde48001122,False,True,False,0.0,0.0,0,0,0,0,{}
margin20,4397f3460bde11eba7f7acde48001122,True,False,False,0.0,0.0,0,0,0,0,{}
margin20,97ce0ec00baf11ebab90acde48001122,True,False,True,0.0,0.0,0,1,0,1,"{""low_signal_deep_negative"": 1}"
margin20,c7417f2208d811ebbd9cac1f6bf848b6,True,False,False,0.0,0.0,0,0,0,0,{}
margin20,d5d5034e0bdd11eba7f7acde48001122,True,False,False,0.0,0.0,0,0,0,0,{}
margin20,561a61ae0bdc11eba7f7acde48001122,True,False,False,0.0,0.0,0,0,0,0,{}
margin20,5043b106086011ebbd5dac1f6bf848b6,True,False,False,0.0,0.0,0,0,0,0,{}
margin20,1a5c63320bdd11eba7f7acde48001122,True,False,False,0.0,0.0,0,0,0,0,{}
margin20,11854514087511ebbd67ac1f6bf848b6,False,False,False,0.0,0.0,0,0,0,0,{}
margin20,dcf15106087811ebbd67ac1f6bf848b6,True,False,False,0.0,0.0,0,0,0,0,{}
margin20,16b4c9fe0bdd11eba7f7acde48001122,True,False,False,0.0,0.0,0,0,0,0,{}
margin20,385c3978086f11ebbd62ac1f6bf848b6,False,False,False,0.0,0.0,0,0,0,0,{}
margin20,ddd7f12c086911ebbd5fac1f6bf848b6,False,True,True,1.0,0.5,1,0,0,1,{}
margin20,595209340bb011ebab90acde48001122,False,True,True,0.0,0.0,0,1,0,1,"{""lexical_hard_negative"": 1}"
margin20,67326a9408c711ebbd91ac1f6bf848b6,True,False,False,0.0,0.0,0,0,0,0,{}
margin20,e7d5fd3708c811ebbd92ac1f6bf848b6,True,False,False,0.0,0.0,0,0,0,0,{}
margin20,1649093b091e11ebbdaeac1f6bf848b6,True,False,False,0.0,0.0,0,0,0,0,{}
margin20,371c1d5e0bde11eba7f7acde48001122,True,False,False,0.0,0.0,0,0,0,0,{}
margin20,42525ae2089311ebbd74ac1f6bf848b6,True,False,False,0.0,0.0,0,0,0,0,{}
margin20,b66d42be0bdd11eba7f7acde48001122,True,False,False,0.0,0.0,0,0,0,0,{}
margin20,f9a3bf6a0bdb11eba7f7acde48001122,True,False,False,0.0,0.0,0,0,0,0,{}
margin20,cc98efde0bdd11eba7f7acde48001122,True,False,True,0.0,0.0,0,1,0,1,"{""lexical_hard_negative"": 1}"
margin20,c91ee6480bdc11eba7f7acde48001122,True,False,False,0.0,0.0,0,0,0,0,{}
margin20,277abef40bda11eba7f7acde48001122,True,False,False,0.0,0.0,0,0,0,0,{}
margin20,26ba678e0bdb11eba7f7acde48001122,True,False,False,0.0,0.0,0,0,0,0,{}
margin20,a96fec4c0bdd11eba7f7acde48001122,True,False,False,0.0,0.0,0,0,0,0,{}
margin20,c5d5e525088811ebbd6eac1f6bf848b6,True,False,False,0.0,0.0,0,0,0,0,{}
margin20,2c316f4608bb11ebbd88ac1f6bf848b6,True,False,False,0.0,0.0,0,0,0,0,{}
margin20,c97a9d3c08c411ebbd8eac1f6bf848b6,True,False,False,0.0,0.0,0,0,0,0,{}
margin20,8be3dafe08d511ebbd98ac1f6bf848b6,False,True,False,0.0,0.0,0,0,0,0,{}
margin20,d77302ce08b711ebbd88ac1f6bf848b6,True,False,False,0.0,0.0,0,0,0,0,{}
margin20,57e7c378087311ebbd66ac1f6bf848b6,False,True,True,1.0,0.5,1,0,0,1,{}
margin20,f67a19540bdd11eba7f7acde48001122,True,False,True,0.0,0.0,0,1,0,1,"{""lexical_hard_negative"": 1}"
margin20,5bbe52ec08e311ebbda4ac1f6bf848b6,True,False,False,0.0,0.0,0,0,0,0,{}
margin20,5f35e944087011ebbd62ac1f6bf848b6,False,True,True,1.0,0.5,1,0,0,1,{}
margin20,9ddd446b089f11ebbd78ac1f6bf848b6,False,False,False,0.0,0.0,0,0,0,0,{}
margin20,3d4662300bb011ebab90acde48001122,True,False,True,0.0,0.0,0,1,0,1,"{""lexical_hard_negative"": 1}"
margin20,0735d65e08b711ebbd88ac1f6bf848b6,True,False,False,0.0,0.0,0,0,0,0,{}
margin20,812068dd087e11ebbd6bac1f6bf848b6,True,False,False,0.0,0.0,0,0,0,0,{}
margin20,701433f00baf11ebab90acde48001122,False,True,True,1.0,0.5,1,0,0,1,{}
margin20,53d6ad2a0bb011ebab90acde48001122,False,True,True,1.0,0.5,1,0,0,1,{}
margin20,e979075e0bda11eba7f7acde48001122,True,False,True,-1.0,-0.5,0,1,1,0,"{""bridge_entity_distractor"": 1}"
margin20,2e294eec0bde11eba7f7acde48001122,True,False,True,0.0,0.0,0,1,0,1,"{""lexical_hard_negative"": 1}"
margin20,676bf7000bb011ebab90acde48001122,False,True,False,0.0,0.0,0,0,0,0,{}
margin20,5760bd8208b311ebbd86ac1f6bf848b6,False,True,False,0.0,0.0,0,0,0,0,{}
margin20,acdf3b1e08d411ebbd96ac1f6bf848b6,True,False,False,0.0,0.0,0,0,0,0,{}
margin20,bb72bde108a711ebbd7fac1f6bf848b6,True,False,False,0.0,0.0,0,0,0,0,{}
margin20,d1ca4c640bdd11eba7f7acde48001122,False,False,False,0.0,0.0,0,0,0,0,{}
margin20,e140bb540bda11eba7f7acde48001122,True,False,True,0.0,0.0,0,1,0,1,"{""lexical_hard_negative"": 1}"
margin20,7c7bf2d308c011ebbd8aac1f6bf848b6,True,False,False,0.0,0.0,0,0,0,0,{}
margin20,effa87900bdc11eba7f7acde48001122,True,False,True,0.0,0.0,0,1,0,1,"{""lexical_hard_negative"": 1}"
margin20,4fa1e2b5097211ebbdb0ac1f6bf848b6,True,False,False,0.0,0.0,0,0,0,0,{}
margin20,a3ac1ca20bda11eba7f7acde48001122,False,True,True,0.0,0.0,0,1,0,1,"{""lexical_hard_negative"": 1}"
margin20,b358b348084e11ebbd56ac1f6bf848b6,True,False,False,0.0,0.0,0,0,0,0,{}
margin20,13fc53700bde11eba7f7acde48001122,True,False,True,0.0,0.0,0,1,0,1,"{""lexical_hard_negative"": 1}"
margin20,ecf5d7b60bdc11eba7f7acde48001122,False,True,False,0.0,0.0,0,0,0,0,{}
margin20,8715eeb808e411ebbda4ac1f6bf848b6,False,True,False,0.0,0.0,0,0,0,0,{}
margin20,74e1c5da0bde11eba7f7acde48001122,True,False,False,0.0,0.0,0,0,0,0,{}
margin20,e8df7a2e095c11ebbdaeac1f6bf848b6,True,False,False,0.0,0.0,0,0,0,0,{}
margin20,843cd4520bd911eba7f7acde48001122,True,False,True,0.0,0.0,0,1,0,1,"{""lexical_hard_negative"": 1}"
margin20,d6e0f7f00bda11eba7f7acde48001122,True,False,False,0.0,0.0,0,0,0,0,{}
margin20,ec5882f008bb11ebbd88ac1f6bf848b6,False,True,False,0.0,0.0,0,0,0,0,{}
margin20,df13ddf40bdd11eba7f7acde48001122,True,False,False,0.0,0.0,0,0,0,0,{}
margin20,4ccfe12d08b811ebbd88ac1f6bf848b6,True,False,False,0.0,0.0,0,0,0,0,{}
margin20,48d7196a08df11ebbda0ac1f6bf848b6,True,False,False,0.0,0.0,0,0,0,0,{}
margin20,87e4e1e0088b11ebbd6fac1f6bf848b6,True,False,False,0.0,0.0,0,0,0,0,{}
margin20,67f75e6008ec11ebbda7ac1f6bf848b6,True,False,False,0.0,0.0,0,0,0,0,{}
margin20,26497355084c11ebbd56ac1f6bf848b6,True,False,False,0.0,0.0,0,0,0,0,{}
margin20,10b8d7940baf11ebab90acde48001122,False,True,True,1.0,0.5,1,0,0,1,{}
margin20,c21f7548085c11ebbd5cac1f6bf848b6,True,False,False,0.0,0.0,0,0,0,0,{}
margin20,c2b303ae08c411ebbd8eac1f6bf848b6,True,False,False,0.0,0.0,0,0,0,0,{}
margin20,1152ae5408f611ebbdaaac1f6bf848b6,True,False,False,0.0,0.0,0,0,0,0,{}
margin20,f6f9fbdc0bd911eba7f7acde48001122,False,False,False,0.0,0.0,0,0,0,0,{}
margin20,4118ac360bda11eba7f7acde48001122,True,False,True,0.0,0.0,0,1,0,1,"{""lexical_hard_negative"": 1}"
margin20,54014a680baf11ebab90acde48001122,True,False,True,0.0,0.0,0,1,0,1,"{""lexical_hard_negative"": 1}"
margin20,a3e5f6e6086711ebbd5eac1f6bf848b6,True,False,False,0.0,0.0,0,0,0,0,{}
margin20,fd704fe00bdc11eba7f7acde48001122,True,False,True,0.0,0.0,0,1,0,1,"{""lexical_hard_negative"": 1}"
margin20,a139d5b8096811ebbdafac1f6bf848b6,True,False,False,0.0,0.0,0,0,0,0,{}
margin20,b4f937fa08cf11ebbd95ac1f6bf848b6,True,False,False,0.0,0.0,0,0,0,0,{}
margin20,fbf8fd9e0bda11eba7f7acde48001122,True,False,False,0.0,0.0,0,0,0,0,{}
margin20,a4d8ea760bdd11eba7f7acde48001122,True,False,False,0.0,0.0,0,0,0,0,{}
margin20,05b1ac800bdd11eba7f7acde48001122,False,False,False,0.0,0.0,0,0,0,0,{}
margin20,6e6f7ec20bde11eba7f7acde48001122,True,False,False,0.0,0.0,0,0,0,0,{}
margin20,08cae5720baf11ebab90acde48001122,True,False,False,0.0,0.0,0,0,0,0,{}
margin20,dfaed4a408b211ebbd85ac1f6bf848b6,False,False,False,0.0,0.0,0,0,0,0,{}
margin20,8c7fffe40bda11eba7f7acde48001122,True,False,False,0.0,0.0,0,0,0,0,{}
margin20,2b9528860bde11eba7f7acde48001122,True,False,False,0.0,0.0,0,0,0,0,{}
margin20,20ad267b087411ebbd67ac1f6bf848b6,True,False,False,0.0,0.0,0,0,0,0,{}
margin20,b73268780bdd11eba7f7acde48001122,True,False,False,0.0,0.0,0,0,0,0,{}
margin20,16e1006809ab11ebbdb0ac1f6bf848b6,False,True,False,0.0,0.0,0,0,0,0,{}
margin20,70a6d78e085311ebbd59ac1f6bf848b6,True,False,False,0.0,0.0,0,0,0,0,{}
margin20,28470e820bda11eba7f7acde48001122,True,False,False,0.0,0.0,0,0,0,0,{}
margin20,0cdb4d11085c11ebbd5cac1f6bf848b6,True,False,False,0.0,0.0,0,0,0,0,{}
margin20,af16832e0bdb11eba7f7acde48001122,False,False,False,0.0,0.0,0,0,0,0,{}
margin20,bd036cfc088811ebbd6eac1f6bf848b6,True,False,False,0.0,0.0,0,0,0,0,{}
margin20,776002d4090a11ebbdadac1f6bf848b6,False,True,True,1.0,0.5,1,0,0,1,{}
margin20,5a733ed40bdb11eba7f7acde48001122,True,False,False,0.0,0.0,0,0,0,0,{}
margin20,cc3587140bdd11eba7f7acde48001122,False,True,False,0.0,0.0,0,0,0,0,{}
margin20,f418184a08be11ebbd8aac1f6bf848b6,False,False,False,0.0,0.0,0,0,0,0,{}
margin20,9d054e980bdd11eba7f7acde48001122,True,False,False,0.0,0.0,0,0,0,0,{}
margin20,b74ad1d208f511ebbdaaac1f6bf848b6,True,False,False,0.0,0.0,0,0,0,0,{}
margin20,ab238f6a0bda11eba7f7acde48001122,True,False,False,0.0,0.0,0,0,0,0,{}
margin20,8e162d18086711ebbd5eac1f6bf848b6,True,False,False,0.0,0.0,0,0,0,0,{}
margin20,89cb4a26089511ebbd75ac1f6bf848b6,True,False,False,0.0,0.0,0,0,0,0,{}
margin20,3143ca94096011ebbdafac1f6bf848b6,True,False,False,0.0,0.0,0,0,0,0,{}
margin20,ae3836900bdc11eba7f7acde48001122,True,False,False,0.0,0.0,0,0,0,0,{}
margin20,a42b97c80bdc11eba7f7acde48001122,False,False,False,0.0,0.0,0,0,0,0,{}
margin20,8bc6a73a0bb011ebab90acde48001122,True,False,False,0.0,0.0,0,0,0,0,{}
margin20,73755d740bd911eba7f7acde48001122,True,False,False,0.0,0.0,0,0,0,0,{}
margin20,844db8ce0bdb11eba7f7acde48001122,True,False,False,0.0,0.0,0,0,0,0,{}
margin20,1691ef940bdb11eba7f7acde48001122,False,False,False,0.0,0.0,0,0,0,0,{}
margin20,a8cbc4c40bdc11eba7f7acde48001122,True,False,False,0.0,0.0,0,0,0,0,{}
margin20,1dba599508b811ebbd88ac1f6bf848b6,True,False,False,0.0,0.0,0,0,0,0,{}
margin20,4ab64cf80bda11eba7f7acde48001122,True,False,False,0.0,0.0,0,0,0,0,{}
margin20,1767e56608e011ebbda1ac1f6bf848b6,False,False,False,0.0,0.0,0,0,0,0,{}
margin20,9766cddc0bdc11eba7f7acde48001122,True,False,False,0.0,0.0,0,0,0,0,{}
margin20,5a34b04e0bd911eba7f7acde48001122,True,False,True,0.0,0.0,0,1,0,1,"{""bridge_entity_distractor"": 1}"
margin20,f4427a300bda11eba7f7acde48001122,True,False,False,0.0,0.0,0,0,0,0,{}
margin20,e9940b6a0baf11ebab90acde48001122,True,False,True,0.0,0.0,0,1,0,1,"{""lexical_hard_negative"": 1}"
margin20,064edb0908cd11ebbd93ac1f6bf848b6,True,False,False,0.0,0.0,0,0,0,0,{}
margin20,169c31500bb011ebab90acde48001122,True,False,True,0.0,0.0,0,1,0,1,"{""lexical_hard_negative"": 1}"
margin20,cdab733e086711ebbd5eac1f6bf848b6,True,False,False,0.0,0.0,0,0,0,0,{}
margin20,d759ab480bdd11eba7f7acde48001122,True,False,False,0.0,0.0,0,0,0,0,{}
margin20,f329c007089011ebbd72ac1f6bf848b6,False,True,False,0.0,0.0,0,0,0,0,{}
margin20,37a7af5a0bb011ebab90acde48001122,True,False,True,0.0,0.0,0,1,0,1,"{""bridge_entity_distractor"": 1}"
margin20,5effec28087111ebbd63ac1f6bf848b6,True,False,False,0.0,0.0,0,0,0,0,{}
margin20,28db126d08c911ebbd92ac1f6bf848b6,True,False,False,0.0,0.0,0,0,0,0,{}
margin20,db3efac40bdd11eba7f7acde48001122,True,False,False,0.0,0.0,0,0,0,0,{}
margin20,07f4d7620bdb11eba7f7acde48001122,True,False,False,0.0,0.0,0,0,0,0,{}
margin20,bd46e5d20baf11ebab90acde48001122,True,False,True,-1.0,-0.5,0,1,1,0,"{""lexical_hard_negative"": 1}"
margin20,0cbcfc680bde11eba7f7acde48001122,True,False,False,0.0,0.0,0,0,0,0,{}
margin20,904d037508ab11ebbd82ac1f6bf848b6,True,False,False,0.0,0.0,0,0,0,0,{}
margin20,0e73737408ba11ebbd88ac1f6bf848b6,True,False,False,0.0,0.0,0,0,0,0,{}
margin20,6b6a8d6008c411ebbd8eac1f6bf848b6,True,False,False,0.0,0.0,0,0,0,0,{}
margin20,2cc66d74089011ebbd72ac1f6bf848b6,True,False,False,0.0,0.0,0,0,0,0,{}
margin20,1d3a02a40bdc11eba7f7acde48001122,True,False,True,0.0,0.0,0,1,0,1,"{""low_signal_deep_negative"": 1}"
margin20,534cb7600bdc11eba7f7acde48001122,True,False,False,0.0,0.0,0,0,0,0,{}
margin20,f775073c086b11ebbd60ac1f6bf848b6,True,False,False,0.0,0.0,0,0,0,0,{}
margin20,e3d357bc08d511ebbd98ac1f6bf848b6,True,False,False,0.0,0.0,0,0,0,0,{}
margin20,8f153a80084911ebbd55ac1f6bf848b6,True,False,False,0.0,0.0,0,0,0,0,{}
margin20,4610f47c095811ebbdaeac1f6bf848b6,True,False,False,0.0,0.0,0,0,0,0,{}
margin20,b8f13b3709b111ebbdb0ac1f6bf848b6,False,False,False,0.0,0.0,0,0,0,0,{}
margin20,20058aec0bde11eba7f7acde48001122,True,False,False,0.0,0.0,0,0,0,0,{}
margin20,ab622778089911ebbd77ac1f6bf848b6,False,True,False,0.0,0.0,0,0,0,0,{}
margin20,897bcb4a0bb011ebab90acde48001122,False,True,True,0.0,0.0,0,1,0,1,"{""lexical_hard_negative"": 1}"
margin20,6c7f03240bdb11eba7f7acde48001122,True,False,False,0.0,0.0,0,0,0,0,{}
margin20,5df2969e0baf11ebab90acde48001122,True,False,False,0.0,0.0,0,0,0,0,{}
margin20,66119246086f11ebbd62ac1f6bf848b6,True,False,False,0.0,0.0,0,0,0,0,{}
margin20,8ba63ce8098f11ebbdb0ac1f6bf848b6,True,False,False,0.0,0.0,0,0,0,0,{}
margin20,5bdd3aec087d11ebbd6aac1f6bf848b6,False,True,False,0.0,0.0,0,0,0,0,{}
margin20,858455fe087a11ebbd67ac1f6bf848b6,False,True,False,0.0,0.0,0,0,0,0,{}
margin20,cfa6279a085511ebbd59ac1f6bf848b6,True,False,False,0.0,0.0,0,0,0,0,{}
margin20,6ae33560087211ebbd65ac1f6bf848b6,False,True,False,0.0,0.0,0,0,0,0,{}
margin20,fada4867088b11ebbd6fac1f6bf848b6,True,False,False,0.0,0.0,0,0,0,0,{}
margin20,bc48115a094e11ebbdaeac1f6bf848b6,True,False,False,0.0,0.0,0,0,0,0,{}
margin20,899ecc9e0bb011ebab90acde48001122,False,True,False,0.0,0.0,0,0,0,0,{}
margin20,979c47d20bdc11eba7f7acde48001122,True,False,True,0.0,0.0,0,1,0,1,"{""lexical_hard_negative"": 1}"
margin20,8820c510086411ebbd5eac1f6bf848b6,False,False,False,0.0,0.0,0,0,0,0,{}
margin20,a56254760bda11eba7f7acde48001122,True,False,False,0.0,0.0,0,0,0,0,{}
margin20,a4f725e5088c11ebbd6fac1f6bf848b6,True,False,False,0.0,0.0,0,0,0,0,{}
margin20,e1a69e46088911ebbd6eac1f6bf848b6,False,False,False,0.0,0.0,0,0,0,0,{}
margin20,f5712c9c08a811ebbd7fac1f6bf848b6,True,False,False,0.0,0.0,0,0,0,0,{}
margin20,adf633ba08b911ebbd88ac1f6bf848b6,True,False,False,0.0,0.0,0,0,0,0,{}
margin20,b0b2952008d311ebbd96ac1f6bf848b6,True,False,False,0.0,0.0,0,0,0,0,{}
margin20,6f4ef6f60bd911eba7f7acde48001122,True,False,False,0.0,0.0,0,0,0,0,{}
margin20,3293d68c0bde11eba7f7acde48001122,True,False,True,0.0,0.0,0,1,0,1,"{""lexical_hard_negative"": 1}"
margin20,611ddbf80bdc11eba7f7acde48001122,True,False,False,0.0,0.0,0,0,0,0,{}
margin20,464cfa460bd911eba7f7acde48001122,False,True,False,0.0,0.0,0,0,0,0,{}
margin20,14576a100bdb11eba7f7acde48001122,False,False,False,0.0,0.0,0,0,0,0,{}
margin20,4ec76c9c089111ebbd73ac1f6bf848b6,True,False,False,0.0,0.0,0,0,0,0,{}
margin20,3bd4278d08fb11ebbdacac1f6bf848b6,True,False,False,0.0,0.0,0,0,0,0,{}
margin20,74eb875e086a11ebbd5fac1f6bf848b6,True,False,False,0.0,0.0,0,0,0,0,{}
margin20,816523c60bdc11eba7f7acde48001122,True,False,False,0.0,0.0,0,0,0,0,{}
margin20,7b0abe460baf11ebab90acde48001122,False,True,True,1.0,0.5,1,0,0,1,{}
margin20,81502a9c08c211ebbd8cac1f6bf848b6,True,False,False,0.0,0.0,0,0,0,0,{}
margin20,1ca3370c0bdc11eba7f7acde48001122,False,True,False,0.0,0.0,0,0,0,0,{}
margin20,cc4649340bdb11eba7f7acde48001122,True,False,False,0.0,0.0,0,0,0,0,{}
margin20,8587408808d511ebbd98ac1f6bf848b6,True,False,False,0.0,0.0,0,0,0,0,{}
margin20,381f9d94086811ebbd5eac1f6bf848b6,True,False,False,0.0,0.0,0,0,0,0,{}
margin20,196d76740bdc11eba7f7acde48001122,True,False,False,0.0,0.0,0,0,0,0,{}
margin20,940af910087111ebbd63ac1f6bf848b6,True,False,False,0.0,0.0,0,0,0,0,{}
margin20,fa5c70d4092711ebbdaeac1f6bf848b6,True,False,False,0.0,0.0,0,0,0,0,{}
margin20,7154c5b40bdb11eba7f7acde48001122,False,False,True,0.0,0.0,0,1,0,1,"{""lexical_hard_negative"": 1}"
margin20,2dd3bff80bda11eba7f7acde48001122,True,False,True,-1.0,-0.5,0,1,1,0,"{""lexical_hard_negative"": 1}"
margin20,befd7f2008bf11ebbd8aac1f6bf848b6,False,True,True,1.0,0.5,1,0,0,1,{}
margin20,fa11eeb4095a11ebbdaeac1f6bf848b6,False,True,False,0.0,0.0,0,0,0,0,{}
margin20,4aa323fa0bdd11eba7f7acde48001122,True,False,False,0.0,0.0,0,0,0,0,{}
margin20,7de9188c088b11ebbd6fac1f6bf848b6,True,False,False,0.0,0.0,0,0,0,0,{}
margin20,593584760bb011ebab90acde48001122,True,False,True,0.0,0.0,0,1,0,1,"{""lexical_hard_negative"": 1}"
margin20,9eb2d88408a711ebbd7fac1f6bf848b6,True,False,False,0.0,0.0,0,0,0,0,{}
margin20,a66836a00bdb11eba7f7acde48001122,True,False,False,0.0,0.0,0,0,0,0,{}
margin20,cbbcad9a08d511ebbd98ac1f6bf848b6,True,False,False,0.0,0.0,0,0,0,0,{}
margin20,c4dffdf00bdd11eba7f7acde48001122,True,False,False,0.0,0.0,0,0,0,0,{}
margin20,360ce1840bdc11eba7f7acde48001122,True,False,False,0.0,0.0,0,0,0,0,{}
margin20,2080c9f00bde11eba7f7acde48001122,True,False,False,0.0,0.0,0,0,0,0,{}
margin20,07f2140e0bdc11eba7f7acde48001122,False,True,False,0.0,0.0,0,0,0,0,{}
margin20,4a3e57f708c511ebbd8eac1f6bf848b6,True,False,False,0.0,0.0,0,0,0,0,{}
margin20,2f3b107c0bde11eba7f7acde48001122,True,False,False,0.0,0.0,0,0,0,0,{}
margin20,1ca95b8a084b11ebbd56ac1f6bf848b6,True,False,False,0.0,0.0,0,0,0,0,{}
margin20,f48d94d00bd911eba7f7acde48001122,True,False,True,0.0,0.0,0,1,0,1,"{""lexical_hard_negative"": 1}"
margin20,480d6482089211ebbd73ac1f6bf848b6,False,False,False,0.0,0.0,0,0,0,0,{}
margin20,5a3102b8084c11ebbd56ac1f6bf848b6,True,False,False,0.0,0.0,0,0,0,0,{}
margin20,5b43e68c086211ebbd5dac1f6bf848b6,True,False,False,0.0,0.0,0,0,0,0,{}
margin20,a5a591200bdd11eba7f7acde48001122,True,False,False,0.0,0.0,0,0,0,0,{}
margin20,607cb64a0bde11eba7f7acde48001122,True,False,True,0.0,0.0,0,1,0,1,"{""low_signal_deep_negative"": 1}"
margin20,c50db07a0baf11ebab90acde48001122,True,False,True,0.0,0.0,0,1,0,1,"{""lexical_hard_negative"": 1}"
margin20,d1086a1d08d911ebbd9cac1f6bf848b6,True,False,False,0.0,0.0,0,0,0,0,{}
margin20,86947bc20bdb11eba7f7acde48001122,False,True,False,0.0,0.0,0,0,0,0,{}
margin20,149af27608ab11ebbd81ac1f6bf848b6,True,False,True,0.0,0.0,0,1,0,1,"{""lexical_hard_negative"": 1}"
margin20,0f26cc3508a711ebbd7fac1f6bf848b6,False,True,True,1.0,0.5,1,0,0,1,{}
margin20,2970a097087111ebbd63ac1f6bf848b6,True,False,False,0.0,0.0,0,0,0,0,{}
margin20,5cb4d8ae0bb011ebab90acde48001122,True,False,True,0.0,0.0,0,1,0,1,"{""lexical_hard_negative"": 1}"
margin20,931a85420bdd11eba7f7acde48001122,True,False,True,0.0,0.0,0,1,0,1,"{""lexical_hard_negative"": 1}"
margin20,44268f9c0bda11eba7f7acde48001122,True,False,False,0.0,0.0,0,0,0,0,{}
margin20,eea5851e088c11ebbd70ac1f6bf848b6,False,True,False,0.0,0.0,0,0,0,0,{}
margin20,7df3efc40baf11ebab90acde48001122,True,False,False,0.0,0.0,0,0,0,0,{}
margin20,02506a4208b611ebbd88ac1f6bf848b6,True,False,False,0.0,0.0,0,0,0,0,{}
margin20,4abc260608dc11ebbd9cac1f6bf848b6,True,False,False,0.0,0.0,0,0,0,0,{}
margin20,81c09831088c11ebbd6fac1f6bf848b6,False,True,True,1.0,0.5,1,0,0,1,{}
margin20,768adc94088411ebbd6dac1f6bf848b6,True,False,False,0.0,0.0,0,0,0,0,{}
margin20,cc66e2500bdd11eba7f7acde48001122,False,True,False,0.0,0.0,0,0,0,0,{}
margin20,aaaf85840bda11eba7f7acde48001122,True,False,False,0.0,0.0,0,0,0,0,{}
margin20,7d84cc78086411ebbd5eac1f6bf848b6,True,False,False,0.0,0.0,0,0,0,0,{}
margin20,3252f09908c511ebbd8eac1f6bf848b6,False,True,False,0.0,0.0,0,0,0,0,{}
margin20,5db7d3f00bdd11eba7f7acde48001122,True,False,False,0.0,0.0,0,0,0,0,{}
margin20,7d638c340bd911eba7f7acde48001122,True,False,True,0.0,0.0,0,1,0,1,"{""lexical_hard_negative"": 1}"
margin20,ee702173086311ebbd5eac1f6bf848b6,True,False,False,0.0,0.0,0,0,0,0,{}
margin20,c3e1ad9e090d11ebbdadac1f6bf848b6,False,True,True,1.0,0.5,1,0,0,1,{}
margin20,3ced5368089311ebbd74ac1f6bf848b6,False,True,False,0.0,0.0,0,0,0,0,{}
margin20,29970e8e0baf11ebab90acde48001122,False,True,True,1.0,0.5,1,0,0,1,{}
margin20,a9a7d5580bdd11eba7f7acde48001122,True,False,False,0.0,0.0,0,0,0,0,{}
margin20,5affe63d08f311ebbdaaac1f6bf848b6,True,False,False,0.0,0.0,0,0,0,0,{}
margin20,0f06923008d311ebbd96ac1f6bf848b6,True,False,False,0.0,0.0,0,0,0,0,{}
margin20,122324e8089111ebbd72ac1f6bf848b6,True,False,False,0.0,0.0,0,0,0,0,{}
margin20,73ec0f28091811ebbdaeac1f6bf848b6,True,False,False,0.0,0.0,0,0,0,0,{}
margin20,1c92cdf40bdc11eba7f7acde48001122,True,False,False,0.0,0.0,0,0,0,0,{}
margin20,74df4c060bde11eba7f7acde48001122,True,False,False,0.0,0.0,0,0,0,0,{}
margin20,bce26ccf08a811ebbd7fac1f6bf848b6,True,False,False,0.0,0.0,0,0,0,0,{}
margin20,f5175c840bdd11eba7f7acde48001122,False,True,True,0.0,0.0,0,1,0,1,"{""lexical_hard_negative"": 1}"
margin20,b665196708a611ebbd7fac1f6bf848b6,True,False,False,0.0,0.0,0,0,0,0,{}
margin20,05b761f108e211ebbda3ac1f6bf848b6,False,False,False,0.0,0.0,0,0,0,0,{}
margin20,e7f8e98808a311ebbd7cac1f6bf848b6,True,False,False,0.0,0.0,0,0,0,0,{}
margin20,9c5173de0bdb11eba7f7acde48001122,False,False,False,0.0,0.0,0,0,0,0,{}
margin20,027278700bdc11eba7f7acde48001122,True,False,False,0.0,0.0,0,0,0,0,{}
margin20,b045a6bd085711ebbd5aac1f6bf848b6,True,False,False,0.0,0.0,0,0,0,0,{}
margin20,6ffa31bc0bdc11eba7f7acde48001122,False,False,False,0.0,0.0,0,0,0,0,{}
margin20,bea2cca708a911ebbd80ac1f6bf848b6,True,False,False,0.0,0.0,0,0,0,0,{}
margin20,1bf41cb00bda11eba7f7acde48001122,False,False,False,0.0,0.0,0,0,0,0,{}
margin20,d2b2c30008a811ebbd7fac1f6bf848b6,True,False,False,0.0,0.0,0,0,0,0,{}
margin20,6aadb514085b11ebbd5cac1f6bf848b6,True,False,False,0.0,0.0,0,0,0,0,{}
margin20,30170c900bb011ebab90acde48001122,True,False,False,0.0,0.0,0,0,0,0,{}
margin20,41d2f75d096c11ebbdafac1f6bf848b6,True,False,False,0.0,0.0,0,0,0,0,{}
margin20,aa73a9fb08b611ebbd88ac1f6bf848b6,False,True,False,0.0,0.0,0,0,0,0,{}
margin20,9c34daf20bdc11eba7f7acde48001122,True,False,False,0.0,0.0,0,0,0,0,{}
margin20,71a137c6084a11ebbd56ac1f6bf848b6,True,False,False,0.0,0.0,0,0,0,0,{}
margin20,06a649120bdc11eba7f7acde48001122,True,False,False,0.0,0.0,0,0,0,0,{}
margin20,a85c9b480bdd11eba7f7acde48001122,True,False,True,0.0,0.0,0,1,0,1,"{""low_signal_deep_negative"": 1}"
margin20,567300700bdc11eba7f7acde48001122,False,True,False,0.0,0.0,0,0,0,0,{}
margin20,4bda61000bda11eba7f7acde48001122,False,True,False,0.0,0.0,0,0,0,0,{}
margin20,2f09d429089e11ebbd78ac1f6bf848b6,True,False,False,0.0,0.0,0,0,0,0,{}
margin20,cd4ceac40bd911eba7f7acde48001122,True,False,False,0.0,0.0,0,0,0,0,{}
margin20,0e7078b00bb011ebab90acde48001122,True,False,False,0.0,0.0,0,0,0,0,{}
margin20,0f15e3e40bde11eba7f7acde48001122,True,False,False,0.0,0.0,0,0,0,0,{}
margin20,efdee68e0bdc11eba7f7acde48001122,True,False,False,0.0,0.0,0,0,0,0,{}
margin20,cd73fa43092711ebbdaeac1f6bf848b6,True,False,False,0.0,0.0,0,0,0,0,{}
margin20,1900f7600baf11ebab90acde48001122,True,False,True,0.0,0.0,0,1,0,1,"{""lexical_hard_negative"": 1}"
margin20,642b190c0bda11eba7f7acde48001122,False,False,False,0.0,0.0,0,0,0,0,{}
margin20,f26542c808c511ebbd8fac1f6bf848b6,False,False,False,0.0,0.0,0,0,0,0,{}
margin20,3602458e0bb011ebab90acde48001122,True,False,True,0.0,0.0,0,1,0,1,"{""lexical_hard_negative"": 1}"
margin20,cc1013260bdd11eba7f7acde48001122,True,False,True,0.0,0.0,0,1,0,1,"{""lexical_hard_negative"": 1}"
margin20,6352d6c208d111ebbd95ac1f6bf848b6,True,False,False,0.0,0.0,0,0,0,0,{}
margin20,2319739c0bde11eba7f7acde48001122,False,True,True,0.0,0.0,0,1,0,1,"{""lexical_hard_negative"": 1}"
margin20,e862a5900bdb11eba7f7acde48001122,True,False,True,0.0,0.0,0,1,0,1,"{""lexical_hard_negative"": 1}"
margin20,9f3d48340bdb11eba7f7acde48001122,True,False,False,0.0,0.0,0,0,0,0,{}
margin20,c6d93b11087411ebbd67ac1f6bf848b6,True,False,False,0.0,0.0,0,0,0,0,{}
margin20,ca0b4c4108e411ebbda4ac1f6bf848b6,True,False,False,0.0,0.0,0,0,0,0,{}
margin20,0b0f34d6084a11ebbd55ac1f6bf848b6,True,False,False,0.0,0.0,0,0,0,0,{}
margin20,f4c977620bdd11eba7f7acde48001122,True,False,False,0.0,0.0,0,0,0,0,{}
margin20,c89eb11408a611ebbd7fac1f6bf848b6,False,False,False,0.0,0.0,0,0,0,0,{}
margin20,6c0db92c08e211ebbda4ac1f6bf848b6,False,True,False,0.0,0.0,0,0,0,0,{}
margin20,6789c1140bdc11eba7f7acde48001122,False,True,False,0.0,0.0,0,0,0,0,{}
margin20,f6731dd308ab11ebbd82ac1f6bf848b6,True,False,False,0.0,0.0,0,0,0,0,{}
margin20,adf546880bdb11eba7f7acde48001122,False,False,True,0.0,0.0,0,1,0,1,"{""lexical_hard_negative"": 1}"
margin20,d05cc8bf08c911ebbd92ac1f6bf848b6,False,False,False,0.0,0.0,0,0,0,0,{}
margin20,695689d20baf11ebab90acde48001122,False,True,False,0.0,0.0,0,0,0,0,{}
margin20,d6003284088e11ebbd70ac1f6bf848b6,False,True,False,0.0,0.0,0,0,0,0,{}
margin20,0c403ca20bdc11eba7f7acde48001122,True,False,True,0.0,0.0,0,1,0,1,"{""lexical_hard_negative"": 1}"
margin20,aeeccb8e08d811ebbd9cac1f6bf848b6,False,True,False,0.0,0.0,0,0,0,0,{}
margin20,e98e62cc089a11ebbd78ac1f6bf848b6,True,False,False,0.0,0.0,0,0,0,0,{}
margin20,9248ce6c0bdd11eba7f7acde48001122,True,False,False,0.0,0.0,0,0,0,0,{}
margin20,868df7cd08a011ebbd78ac1f6bf848b6,True,False,False,0.0,0.0,0,0,0,0,{}
margin20,2fae835a0bdd11eba7f7acde48001122,True,False,True,0.0,0.0,0,1,0,1,"{""lexical_hard_negative"": 1}"
margin20,aa7520b80baf11ebab90acde48001122,False,True,True,0.0,0.0,0,1,0,1,"{""bridge_entity_distractor"": 1}"
margin20,491a36140bdc11eba7f7acde48001122,False,True,False,0.0,0.0,0,0,0,0,{}
margin20,84d024380bdd11eba7f7acde48001122,False,True,False,0.0,0.0,0,0,0,0,{}
margin20,8dfa2e9e0bda11eba7f7acde48001122,True,False,False,0.0,0.0,0,0,0,0,{}
margin20,246a2cd60bda11eba7f7acde48001122,True,False,False,0.0,0.0,0,0,0,0,{}
margin20,de24a3c2089211ebbd74ac1f6bf848b6,True,False,False,0.0,0.0,0,0,0,0,{}
margin20,7032bda20baf11ebab90acde48001122,True,False,True,0.0,0.0,0,1,0,1,"{""lexical_hard_negative"": 1}"
margin20,84c5154a0bdb11eba7f7acde48001122,True,False,False,0.0,0.0,0,0,0,0,{}
margin20,e41f805c0bdb11eba7f7acde48001122,False,False,False,0.0,0.0,0,0,0,0,{}
margin20,29b6c2280bdd11eba7f7acde48001122,True,False,False,0.0,0.0,0,0,0,0,{}
margin20,38be3008086a11ebbd5fac1f6bf848b6,True,False,False,0.0,0.0,0,0,0,0,{}
margin20,c5ac4c81090111ebbdadac1f6bf848b6,True,False,False,0.0,0.0,0,0,0,0,{}
margin20,03f08a740bb011ebab90acde48001122,True,False,False,0.0,0.0,0,0,0,0,{}
margin20,c9238c7c0bda11eba7f7acde48001122,True,False,False,0.0,0.0,0,0,0,0,{}
margin20,0b86c27208c611ebbd90ac1f6bf848b6,True,False,False,0.0,0.0,0,0,0,0,{}
margin20,47219fad085111ebbd58ac1f6bf848b6,True,False,False,0.0,0.0,0,0,0,0,{}
margin20,29b6ef140bdd11eba7f7acde48001122,True,False,True,0.0,0.0,0,1,0,1,"{""lexical_hard_negative"": 1}"
margin20,b09b45600bd911eba7f7acde48001122,True,False,True,0.0,0.0,0,1,0,1,"{""lexical_hard_negative"": 1}"
margin20,08b4d30e08d511ebbd98ac1f6bf848b6,False,True,False,0.0,0.0,0,0,0,0,{}
margin20,ed80d5e108bd11ebbd8aac1f6bf848b6,True,False,False,0.0,0.0,0,0,0,0,{}
margin20,f7bae9100bdd11eba7f7acde48001122,False,False,False,0.0,0.0,0,0,0,0,{}
margin20,ffadb950086c11ebbd61ac1f6bf848b6,True,False,False,0.0,0.0,0,0,0,0,{}
margin20,fec1cc4a087911ebbd67ac1f6bf848b6,False,False,False,0.0,0.0,0,0,0,0,{}
margin20,3c10b1ba0bdb11eba7f7acde48001122,True,False,True,0.0,0.0,0,1,0,1,"{""lexical_hard_negative"": 1}"
margin20,5a7b4936088d11ebbd70ac1f6bf848b6,False,True,False,0.0,0.0,0,0,0,0,{}
margin20,4f362ec80bdb11eba7f7acde48001122,True,False,False,0.0,0.0,0,0,0,0,{}
margin20,9301d39a08c111ebbd8bac1f6bf848b6,True,False,False,0.0,0.0,0,0,0,0,{}
margin20,2b02ce0e08e711ebbda5ac1f6bf848b6,True,False,False,0.0,0.0,0,0,0,0,{}
margin20,005238da0bde11eba7f7acde48001122,True,False,False,0.0,0.0,0,0,0,0,{}
margin20,913ceb43088211ebbd6dac1f6bf848b6,True,False,False,0.0,0.0,0,0,0,0,{}
margin20,6656ed6a0bde11eba7f7acde48001122,True,False,False,0.0,0.0,0,0,0,0,{}
margin20,9f42c2680baf11ebab90acde48001122,True,False,False,0.0,0.0,0,0,0,0,{}
margin20,414884d40bde11eba7f7acde48001122,True,False,False,0.0,0.0,0,0,0,0,{}
margin20,241213420bdb11eba7f7acde48001122,True,False,False,0.0,0.0,0,0,0,0,{}
margin20,96e154420bda11eba7f7acde48001122,False,False,True,0.0,0.0,0,1,0,1,"{""lexical_hard_negative"": 1}"
margin20,367ea308088211ebbd6dac1f6bf848b6,True,False,False,0.0,0.0,0,0,0,0,{}
margin20,0c55bf3e0bda11eba7f7acde48001122,True,False,True,0.0,0.0,0,1,0,1,"{""lexical_hard_negative"": 1}"
margin20,c624d5280bdd11eba7f7acde48001122,True,False,True,0.0,0.0,0,1,0,1,"{""low_signal_deep_negative"": 1}"
margin20,7b6b4dca08c511ebbd8eac1f6bf848b6,True,False,False,0.0,0.0,0,0,0,0,{}
margin20,49774ef8085511ebbd59ac1f6bf848b6,True,False,False,0.0,0.0,0,0,0,0,{}
margin20,8b9faa26089b11ebbd78ac1f6bf848b6,True,False,False,0.0,0.0,0,0,0,0,{}
margin20,8a8f0be00bd911eba7f7acde48001122,True,False,True,0.0,0.0,0,1,0,1,"{""lexical_hard_negative"": 1}"
margin20,85b6ab18087e11ebbd6bac1f6bf848b6,True,False,False,0.0,0.0,0,0,0,0,{}
margin20,acb9940c0bdd11eba7f7acde48001122,True,False,False,0.0,0.0,0,0,0,0,{}
margin20,5f9dfa7c089b11ebbd78ac1f6bf848b6,True,False,False,0.0,0.0,0,0,0,0,{}
margin20,a8d938b80bda11eba7f7acde48001122,True,False,True,0.0,0.0,0,1,0,1,"{""lexical_hard_negative"": 1}"
margin20,8ecf15540bdb11eba7f7acde48001122,True,False,False,0.0,0.0,0,0,0,0,{}
margin20,c3bddf240baf11ebab90acde48001122,False,True,True,0.0,0.0,0,1,0,1,"{""low_signal_deep_negative"": 1}"
margin20,8398f07e0bdb11eba7f7acde48001122,True,False,False,0.0,0.0,0,0,0,0,{}
margin20,a7c95d2b088511ebbd6dac1f6bf848b6,True,False,False,0.0,0.0,0,0,0,0,{}
margin20,a8f8be800bdb11eba7f7acde48001122,True,False,False,0.0,0.0,0,0,0,0,{}
margin20,5d8a63bc0bdc11eba7f7acde48001122,True,False,False,0.0,0.0,0,0,0,0,{}
margin20,534fbfd00bd911eba7f7acde48001122,True,False,False,0.0,0.0,0,0,0,0,{}
margin20,76ad01f60bdc11eba7f7acde48001122,True,False,True,0.0,0.0,0,1,0,1,"{""lexical_hard_negative"": 1}"
margin20,7574702a08b811ebbd88ac1f6bf848b6,False,True,False,0.0,0.0,0,0,0,0,{}
margin20,453be8e608c411ebbd8eac1f6bf848b6,False,True,False,0.0,0.0,0,0,0,0,{}
margin20,f377a0fc089311ebbd75ac1f6bf848b6,False,True,False,0.0,0.0,0,0,0,0,{}
margin20,d3cbda480bdb11eba7f7acde48001122,True,False,False,0.0,0.0,0,0,0,0,{}
margin20,597a839c0bdc11eba7f7acde48001122,True,False,True,0.0,0.0,0,1,0,1,"{""low_signal_deep_negative"": 1}"
margin20,08776469088b11ebbd6fac1f6bf848b6,True,False,False,0.0,0.0,0,0,0,0,{}
margin20,7d55f0e008d411ebbd96ac1f6bf848b6,True,False,False,0.0,0.0,0,0,0,0,{}
margin20,9711615e08cf11ebbd95ac1f6bf848b6,True,False,False,0.0,0.0,0,0,0,0,{}
margin20,d13ac3f40bd911eba7f7acde48001122,False,True,True,0.0,0.0,0,1,0,1,"{""low_signal_deep_negative"": 1}"
margin20,9c082fdc088211ebbd6dac1f6bf848b6,False,True,True,0.0,0.25,1,0,0,1,{}
margin20,f8e1016208f611ebbdaaac1f6bf848b6,True,False,False,0.0,0.0,0,0,0,0,{}
margin20,5f5897fe0baf11ebab90acde48001122,True,False,True,-1.0,-0.5,0,1,1,0,"{""lexical_hard_negative"": 1}"
margin20,bc5a9fef086c11ebbd61ac1f6bf848b6,True,False,False,0.0,0.0,0,0,0,0,{}
margin20,fc9d859008a011ebbd78ac1f6bf848b6,True,False,False,0.0,0.0,0,0,0,0,{}
margin20,7df608580bdd11eba7f7acde48001122,True,False,True,0.0,0.0,0,1,0,1,"{""lexical_hard_negative"": 1}"
margin20,e932be4c09a611ebbdb0ac1f6bf848b6,True,False,False,0.0,0.0,0,0,0,0,{}
margin20,43c31e26089911ebbd77ac1f6bf848b6,True,False,False,0.0,0.0,0,0,0,0,{}
margin20,8bb0faca0bdd11eba7f7acde48001122,True,False,False,0.0,0.0,0,0,0,0,{}
margin20,2e419977088111ebbd6dac1f6bf848b6,True,False,False,0.0,0.0,0,0,0,0,{}
margin20,26f25e9d089c11ebbd78ac1f6bf848b6,True,False,False,0.0,0.0,0,0,0,0,{}
margin20,2bdf129a0bdc11eba7f7acde48001122,True,False,True,-1.0,-0.5,0,1,1,0,"{""lexical_hard_negative"": 1}"
margin20,5f5002360bd911eba7f7acde48001122,True,False,False,0.0,0.0,0,0,0,0,{}
margin20,31c340da0bde11eba7f7acde48001122,True,False,False,0.0,0.0,0,0,0,0,{}
margin20,3085824c0bb011ebab90acde48001122,True,False,False,0.0,0.0,0,0,0,0,{}
margin20,3617c14e0bdc11eba7f7acde48001122,True,False,True,0.0,0.0,0,1,0,1,"{""lexical_hard_negative"": 1}"
margin20,c1139a99088a11ebbd6fac1f6bf848b6,False,False,False,0.0,0.0,0,0,0,0,{}
margin20,fb52e1ec0bdb11eba7f7acde48001122,True,False,True,0.0,0.0,0,1,0,1,"{""lexical_hard_negative"": 1}"
margin20,12b4665008f811ebbdaaac1f6bf848b6,True,False,False,0.0,0.0,0,0,0,0,{}
margin20,86a16fb4086411ebbd5eac1f6bf848b6,False,True,False,0.0,0.0,0,0,0,0,{}
margin20,90306af40bdd11eba7f7acde48001122,True,False,True,0.0,0.0,0,1,0,1,"{""lexical_hard_negative"": 1}"
margin20,2bd4454c0bda11eba7f7acde48001122,True,False,False,0.0,0.0,0,0,0,0,{}
margin20,1a28335a0bdd11eba7f7acde48001122,True,False,False,0.0,0.0,0,0,0,0,{}
margin20,2705d338093811ebbdaeac1f6bf848b6,True,False,False,0.0,0.0,0,0,0,0,{}
margin20,27b8af06088e11ebbd70ac1f6bf848b6,True,False,False,0.0,0.0,0,0,0,0,{}
margin20,3314f9f708c311ebbd8dac1f6bf848b6,False,True,False,0.0,0.0,0,0,0,0,{}
margin20,32493228084911ebbd55ac1f6bf848b6,False,False,False,0.0,0.0,0,0,0,0,{}
margin20,3ed396b0087f11ebbd6bac1f6bf848b6,False,False,False,0.0,0.0,0,0,0,0,{}
margin20,1f562d40086911ebbd5eac1f6bf848b6,True,False,False,0.0,0.0,0,0,0,0,{}
margin20,e01dc80c0bda11eba7f7acde48001122,True,False,False,0.0,0.0,0,0,0,0,{}
margin20,35b18b54084911ebbd55ac1f6bf848b6,True,False,False,0.0,0.0,0,0,0,0,{}
margin20,5674280a0bdd11eba7f7acde48001122,True,False,False,0.0,0.0,0,0,0,0,{}
margin20,564e614a088311ebbd6dac1f6bf848b6,True,False,False,0.0,0.0,0,0,0,0,{}
margin20,55ff8fc20bdd11eba7f7acde48001122,True,False,False,0.0,0.0,0,0,0,0,{}
margin20,d89acde60bda11eba7f7acde48001122,True,False,True,0.0,0.0,0,1,0,1,"{""low_signal_deep_negative"": 1}"
margin20,e2bddff60bae11ebab90acde48001122,True,False,False,0.0,0.0,0,0,0,0,{}
margin20,b6aec5ee0bd911eba7f7acde48001122,True,False,True,0.0,0.0,0,1,0,1,"{""answer_string_distractor"": 1}"
margin20,272062fc088c11ebbd6fac1f6bf848b6,False,False,False,0.0,0.0,0,0,0,0,{}
margin20,996b6cd60bdd11eba7f7acde48001122,True,False,False,0.0,0.0,0,0,0,0,{}
margin20,a605c3e20bdd11eba7f7acde48001122,False,True,True,1.0,0.5,1,0,0,1,{}
margin20,b1a94a9a0bdb11eba7f7acde48001122,True,False,False,0.0,0.0,0,0,0,0,{}
margin20,b3d425c20bdd11eba7f7acde48001122,True,False,True,0.0,0.0,0,1,0,1,"{""lexical_hard_negative"": 1}"
margin20,17874a43097411ebbdb0ac1f6bf848b6,False,True,True,1.0,0.5,1,0,0,1,{}
margin20,042a249a0bde11eba7f7acde48001122,True,False,False,0.0,0.0,0,0,0,0,{}
margin20,4aa59d960bde11eba7f7acde48001122,True,False,False,0.0,0.0,0,0,0,0,{}
margin20,e56744640bda11eba7f7acde48001122,True,False,False,0.0,0.0,0,0,0,0,{}
margin20,dd7bd1a6085c11ebbd5cac1f6bf848b6,False,False,False,0.0,0.0,0,0,0,0,{}
margin20,a018c8a40bdc11eba7f7acde48001122,False,True,True,0.0,0.0,0,1,0,1,"{""lexical_hard_negative"": 1}"
margin20,4b2a2efd08d811ebbd9aac1f6bf848b6,True,False,False,0.0,0.0,0,0,0,0,{}
margin20,21906d320bde11eba7f7acde48001122,True,False,False,0.0,0.0,0,0,0,0,{}
margin20,8879d5b60bb011ebab90acde48001122,True,False,True,-1.0,-0.5,0,1,1,0,"{""lexical_hard_negative"": 1}"
margin20,e1228e9f08ca11ebbd92ac1f6bf848b6,False,True,False,0.0,0.0,0,0,0,0,{}
margin20,53ab316c08b911ebbd88ac1f6bf848b6,True,False,False,0.0,0.0,0,0,0,0,{}
margin20,a9c3d8b7085411ebbd59ac1f6bf848b6,True,False,False,0.0,0.0,0,0,0,0,{}
margin20,1d77753308bf11ebbd8aac1f6bf848b6,True,False,False,0.0,0.0,0,0,0,0,{}
margin20,06508ac008aa11ebbd80ac1f6bf848b6,True,False,False,0.0,0.0,0,0,0,0,{}
margin20,1e640b0408d311ebbd96ac1f6bf848b6,False,True,False,0.0,0.0,0,0,0,0,{}
margin20,7620e1b00bde11eba7f7acde48001122,False,True,False,0.0,0.0,0,0,0,0,{}
margin20,90ecd947085e11ebbd5cac1f6bf848b6,False,True,False,0.0,0.0,0,0,0,0,{}
margin20,fe38def208b111ebbd85ac1f6bf848b6,True,False,False,0.0,0.0,0,0,0,0,{}
margin20,3e5ca16a0bd911eba7f7acde48001122,True,False,False,0.0,0.0,0,0,0,0,{}
margin20,9ac2603a0bdd11eba7f7acde48001122,True,False,False,0.0,0.0,0,0,0,0,{}
margin20,bca5eaaf089b11ebbd78ac1f6bf848b6,True,False,False,0.0,0.0,0,0,0,0,{}
margin20,cea1f56e0bdd11eba7f7acde48001122,True,False,False,0.0,0.0,0,0,0,0,{}
margin20,85dd56440baf11ebab90acde48001122,False,False,False,0.0,0.0,0,0,0,0,{}
margin20,6e9a0d6a08eb11ebbda7ac1f6bf848b6,True,False,False,0.0,0.0,0,0,0,0,{}
margin20,76a5bc0b08cd11ebbd93ac1f6bf848b6,True,False,False,0.0,0.0,0,0,0,0,{}
margin20,23d98c100bdc11eba7f7acde48001122,True,False,True,0.0,0.0,0,1,0,1,"{""lexical_hard_negative"": 1}"
margin20,753f68d40bde11eba7f7acde48001122,False,True,True,0.0,0.0,0,1,0,1,"{""lexical_hard_negative"": 1}"
margin20,ccc108cd089d11ebbd78ac1f6bf848b6,True,False,False,0.0,0.0,0,0,0,0,{}
margin20,3cfe44540bde11eba7f7acde48001122,False,False,False,0.0,0.0,0,0,0,0,{}
margin20,936c70440bda11eba7f7acde48001122,True,False,False,0.0,0.0,0,0,0,0,{}
margin20,fdc90af60bda11eba7f7acde48001122,True,False,False,0.0,0.0,0,0,0,0,{}
margin20,bec5cebe0bdc11eba7f7acde48001122,True,False,True,-1.0,-0.5,0,1,1,0,"{""lexical_hard_negative"": 1}"
margin20,89ee39de0bdb11eba7f7acde48001122,True,False,True,-1.0,-0.5,0,1,1,0,"{""lexical_hard_negative"": 1}"
margin20,00f34c7e088311ebbd6dac1f6bf848b6,True,False,False,0.0,0.0,0,0,0,0,{}
margin20,9cdcbb3e0bda11eba7f7acde48001122,True,False,False,0.0,0.0,0,0,0,0,{}
margin20,61ec410708ea11ebbda7ac1f6bf848b6,True,False,False,0.0,0.0,0,0,0,0,{}
margin20,2ec36c440bb011ebab90acde48001122,False,True,True,1.0,0.5,1,0,0,1,{}
margin20,cd45d99808f211ebbdaaac1f6bf848b6,True,False,False,0.0,0.0,0,0,0,0,{}
margin20,482773fc0baf11ebab90acde48001122,True,False,False,0.0,0.0,0,0,0,0,{}
margin20,18a5ef800bde11eba7f7acde48001122,True,False,True,0.0,0.0,0,1,0,1,"{""lexical_hard_negative"": 1}"
margin20,f85a2ee0085d11ebbd5cac1f6bf848b6,True,False,False,0.0,0.0,0,0,0,0,{}
margin20,7757e42c0baf11ebab90acde48001122,True,False,True,0.0,0.0,0,1,0,1,"{""lexical_hard_negative"": 1}"
margin20,a8f4816708ad11ebbd83ac1f6bf848b6,True,False,False,0.0,0.0,0,0,0,0,{}
margin20,60b304900baf11ebab90acde48001122,False,True,False,0.0,0.0,0,0,0,0,{}
margin20,a0a792ae08d111ebbd95ac1f6bf848b6,True,False,False,0.0,0.0,0,0,0,0,{}
margin20,cce18dc7086211ebbd5dac1f6bf848b6,True,False,False,0.0,0.0,0,0,0,0,{}
margin20,890017540bdb11eba7f7acde48001122,True,False,False,0.0,0.0,0,0,0,0,{}
margin20,308416280bb011ebab90acde48001122,True,False,True,0.0,0.0,0,1,0,1,"{""lexical_hard_negative"": 1}"
pool10_margin25,83bf3b5a0bd911eba7f7acde48001122,True,False,False,0.0,0.0,0,0,0,0,{}
pool10_margin25,a80d84e7096d11ebbdb0ac1f6bf848b6,True,False,False,0.0,0.0,0,0,0,0,{}
pool10_margin25,2dc690ba0bdc11eba7f7acde48001122,False,False,False,0.0,0.0,0,0,0,0,{}
pool10_margin25,462bb642099211ebbdb0ac1f6bf848b6,True,False,False,0.0,0.0,0,0,0,0,{}
pool10_margin25,a1cdb240085811ebbd5bac1f6bf848b6,True,False,False,0.0,0.0,0,0,0,0,{}
pool10_margin25,6718770a087311ebbd66ac1f6bf848b6,True,False,False,0.0,0.0,0,0,0,0,{}
pool10_margin25,7f7046d308f711ebbdaaac1f6bf848b6,True,False,False,0.0,0.0,0,0,0,0,{}
pool10_margin25,9fe6a6760baf11ebab90acde48001122,True,False,False,0.0,0.0,0,0,0,0,{}
pool10_margin25,551e024408a611ebbd7fac1f6bf848b6,False,True,False,0.0,0.0,0,0,0,0,{}
pool10_margin25,33f51d7e0bde11eba7f7acde48001122,True,False,False,0.0,0.0,0,0,0,0,{}
pool10_margin25,914b452c0bdc11eba7f7acde48001122,True,False,False,0.0,0.0,0,0,0,0,{}
pool10_margin25,d6898f78089511ebbd75ac1f6bf848b6,True,False,False,0.0,0.0,0,0,0,0,{}
pool10_margin25,006d81bc0bde11eba7f7acde48001122,False,True,False,0.0,0.0,0,0,0,0,{}
pool10_margin25,f5e3b9ca0bdb11eba7f7acde48001122,True,False,False,0.0,0.0,0,0,0,0,{}
pool10_margin25,265daf200bdc11eba7f7acde48001122,True,False,False,0.0,0.0,0,0,0,0,{}
pool10_margin25,1c0dd3b00bdc11eba7f7acde48001122,True,False,False,0.0,0.0,0,0,0,0,{}
pool10_margin25,bab3b6d00bda11eba7f7acde48001122,True,False,False,0.0,0.0,0,0,0,0,{}
pool10_margin25,84b691d8086a11ebbd5fac1f6bf848b6,True,False,False,0.0,0.0,0,0,0,0,{}
pool10_margin25,dcbee4b608b011ebbd85ac1f6bf848b6,True,False,False,0.0,0.0,0,0,0,0,{}
pool10_margin25,2d8f3ebe0bda11eba7f7acde48001122,True,False,False,0.0,0.0,0,0,0,0,{}
pool10_margin25,e6e38bc40bdd11eba7f7acde48001122,True,False,False,0.0,0.0,0,0,0,0,{}
pool10_margin25,0bedb7e80bdc11eba7f7acde48001122,True,False,False,0.0,0.0,0,0,0,0,{}
pool10_margin25,86508dc60bdc11eba7f7acde48001122,True,False,False,0.0,0.0,0,0,0,0,{}
pool10_margin25,e311a3ba0bdc11eba7f7acde48001122,True,False,False,0.0,0.0,0,0,0,0,{}
pool10_margin25,bdd526c4091811ebbdaeac1f6bf848b6,True,False,False,0.0,0.0,0,0,0,0,{}
pool10_margin25,435f65fa0baf11ebab90acde48001122,True,False,False,0.0,0.0,0,0,0,0,{}
pool10_margin25,5cc01ab60bb011ebab90acde48001122,True,False,False,0.0,0.0,0,0,0,0,{}
pool10_margin25,2084260e0bde11eba7f7acde48001122,True,False,False,0.0,0.0,0,0,0,0,{}
pool10_margin25,7cb81afc0bd911eba7f7acde48001122,True,False,False,0.0,0.0,0,0,0,0,{}
pool10_margin25,a1d9a65c0bd911eba7f7acde48001122,True,False,False,0.0,0.0,0,0,0,0,{}
pool10_margin25,f34d188608cb11ebbd93ac1f6bf848b6,False,False,False,0.0,0.0,0,0,0,0,{}
pool10_margin25,3a3c2efe0bdc11eba7f7acde48001122,False,False,False,0.0,0.0,0,0,0,0,{}
pool10_margin25,9aa8008408de11ebbd9eac1f6bf848b6,True,False,False,0.0,0.0,0,0,0,0,{}
pool10_margin25,0dfe41f60bdc11eba7f7acde48001122,False,False,False,0.0,0.0,0,0,0,0,{}
pool10_margin25,3ce92df80bde11eba7f7acde48001122,False,True,False,0.0,0.0,0,0,0,0,{}
pool10_margin25,3e3cd62a086211ebbd5dac1f6bf848b6,True,False,False,0.0,0.0,0,0,0,0,{}
pool10_margin25,b672c1ee0bdd11eba7f7acde48001122,True,False,False,0.0,0.0,0,0,0,0,{}
pool10_margin25,01309e5008bd11ebbd89ac1f6bf848b6,True,False,False,0.0,0.0,0,0,0,0,{}
pool10_margin25,c5a00e860bda11eba7f7acde48001122,True,False,False,0.0,0.0,0,0,0,0,{}
pool10_margin25,434dea7708d211ebbd95ac1f6bf848b6,True,False,False,0.0,0.0,0,0,0,0,{}
pool10_margin25,02b62fce087211ebbd64ac1f6bf848b6,True,False,False,0.0,0.0,0,0,0,0,{}
pool10_margin25,b0ac0fc8087b11ebbd68ac1f6bf848b6,True,False,False,0.0,0.0,0,0,0,0,{}
pool10_margin25,c9a769c608be11ebbd8aac1f6bf848b6,True,False,False,0.0,0.0,0,0,0,0,{}
pool10_margin25,3f04140e08c311ebbd8dac1f6bf848b6,True,False,False,0.0,0.0,0,0,0,0,{}
pool10_margin25,50e4a65c0bde11eba7f7acde48001122,True,False,False,0.0,0.0,0,0,0,0,{}
pool10_margin25,b64f541e088d11ebbd70ac1f6bf848b6,True,False,False,0.0,0.0,0,0,0,0,{}
pool10_margin25,f998c58c091b11ebbdaeac1f6bf848b6,True,False,False,0.0,0.0,0,0,0,0,{}
pool10_margin25,38da155f087511ebbd67ac1f6bf848b6,True,False,False,0.0,0.0,0,0,0,0,{}
pool10_margin25,49b22d0a0bde11eba7f7acde48001122,False,True,False,0.0,0.0,0,0,0,0,{}
pool10_margin25,78b10fb00bdc11eba7f7acde48001122,True,False,False,0.0,0.0,0,0,0,0,{}
pool10_margin25,879d21e208fc11ebbdadac1f6bf848b6,True,False,False,0.0,0.0,0,0,0,0,{}
pool10_margin25,62a9cd640bb011ebab90acde48001122,False,False,False,0.0,0.0,0,0,0,0,{}
pool10_margin25,cda459160bda11eba7f7acde48001122,True,False,False,0.0,0.0,0,0,0,0,{}
pool10_margin25,1dfaa6200bdd11eba7f7acde48001122,True,False,False,0.0,0.0,0,0,0,0,{}
pool10_margin25,ea151f3908e011ebbda2ac1f6bf848b6,True,False,False,0.0,0.0,0,0,0,0,{}
pool10_margin25,8e07f1f00bda11eba7f7acde48001122,True,False,False,0.0,0.0,0,0,0,0,{}
pool10_margin25,b7f5f7200bdd11eba7f7acde48001122,True,False,False,0.0,0.0,0,0,0,0,{}
pool10_margin25,0dc9691b087911ebbd67ac1f6bf848b6,False,False,False,0.0,0.0,0,0,0,0,{}
pool10_margin25,ec70a8a208a311ebbd7cac1f6bf848b6,True,False,False,0.0,0.0,0,0,0,0,{}
pool10_margin25,0083038e0bde11eba7f7acde48001122,False,True,True,0.0,0.0,0,1,0,1,"{""lexical_hard_negative"": 1}"
pool10_margin25,6b8402c40bdd11eba7f7acde48001122,True,False,False,0.0,0.0,0,0,0,0,{}
pool10_margin25,d9c894ec0bd911eba7f7acde48001122,True,False,False,0.0,0.0,0,0,0,0,{}
pool10_margin25,4d3ab509099c11ebbdb0ac1f6bf848b6,True,False,False,0.0,0.0,0,0,0,0,{}
pool10_margin25,a9e322b20bdc11eba7f7acde48001122,True,False,False,0.0,0.0,0,0,0,0,{}
pool10_margin25,8f783c7a0bda11eba7f7acde48001122,True,False,False,0.0,0.0,0,0,0,0,{}
pool10_margin25,b642318c0bdd11eba7f7acde48001122,True,False,False,0.0,0.0,0,0,0,0,{}
pool10_margin25,a52e9e1908b711ebbd88ac1f6bf848b6,True,False,False,0.0,0.0,0,0,0,0,{}
pool10_margin25,fcdafe320bdb11eba7f7acde48001122,True,False,False,0.0,0.0,0,0,0,0,{}
pool10_margin25,7d87730c087211ebbd66ac1f6bf848b6,True,False,False,0.0,0.0,0,0,0,0,{}
pool10_margin25,ee5cf4a008a711ebbd7fac1f6bf848b6,True,False,False,0.0,0.0,0,0,0,0,{}
pool10_margin25,037da85d08c611ebbd90ac1f6bf848b6,True,False,False,0.0,0.0,0,0,0,0,{}
pool10_margin25,e15d99380bdd11eba7f7acde48001122,True,False,False,0.0,0.0,0,0,0,0,{}
pool10_margin25,f05423560bda11eba7f7acde48001122,True,False,False,0.0,0.0,0,0,0,0,{}
pool10_margin25,0ce9a92008ed11ebbda7ac1f6bf848b6,True,False,False,0.0,0.0,0,0,0,0,{}
pool10_margin25,7d7237ac08a011ebbd78ac1f6bf848b6,True,False,False,0.0,0.0,0,0,0,0,{}
pool10_margin25,90c8793c087411ebbd67ac1f6bf848b6,True,False,False,0.0,0.0,0,0,0,0,{}
pool10_margin25,63c16246095211ebbdaeac1f6bf848b6,True,False,False,0.0,0.0,0,0,0,0,{}
pool10_margin25,48e6d06e086f11ebbd62ac1f6bf848b6,False,False,False,0.0,0.0,0,0,0,0,{}
pool10_margin25,d18fc6640bda11eba7f7acde48001122,True,False,False,0.0,0.0,0,0,0,0,{}
pool10_margin25,4a11106f08ea11ebbda7ac1f6bf848b6,True,False,False,0.0,0.0,0,0,0,0,{}
pool10_margin25,a457e11c0bdb11eba7f7acde48001122,True,False,False,0.0,0.0,0,0,0,0,{}
pool10_margin25,632fcc82085611ebbd59ac1f6bf848b6,True,False,False,0.0,0.0,0,0,0,0,{}
pool10_margin25,076288460bde11eba7f7acde48001122,True,False,True,0.0,0.0,0,1,0,1,"{""lexical_hard_negative"": 1}"
pool10_margin25,402c6e0008c611ebbd90ac1f6bf848b6,True,False,False,0.0,0.0,0,0,0,0,{}
pool10_margin25,9523a3df088911ebbd6eac1f6bf848b6,True,False,False,0.0,0.0,0,0,0,0,{}
pool10_margin25,5ff291a80bda11eba7f7acde48001122,True,False,False,0.0,0.0,0,0,0,0,{}
pool10_margin25,a08aa2a9089111ebbd73ac1f6bf848b6,True,False,False,0.0,0.0,0,0,0,0,{}
pool10_margin25,63240f22089d11ebbd78ac1f6bf848b6,False,False,False,0.0,0.0,0,0,0,0,{}
pool10_margin25,fde95590089c11ebbd78ac1f6bf848b6,True,False,False,0.0,0.0,0,0,0,0,{}
pool10_margin25,3bb9c0740bb011ebab90acde48001122,False,True,False,0.0,0.0,0,0,0,0,{}
pool10_margin25,dfb1d2c8085611ebbd59ac1f6bf848b6,True,False,False,0.0,0.0,0,0,0,0,{}
pool10_margin25,e7dc72940baf11ebab90acde48001122,True,False,False,0.0,0.0,0,0,0,0,{}
pool10_margin25,764446780bde11eba7f7acde48001122,True,False,False,0.0,0.0,0,0,0,0,{}
pool10_margin25,bb97d66208ba11ebbd88ac1f6bf848b6,False,False,False,0.0,0.0,0,0,0,0,{}
pool10_margin25,f1a794f20bdc11eba7f7acde48001122,True,False,False,0.0,0.0,0,0,0,0,{}
pool10_margin25,47bb70600bde11eba7f7acde48001122,True,False,False,0.0,0.0,0,0,0,0,{}
pool10_margin25,6cbb0ed6089911ebbd77ac1f6bf848b6,True,False,False,0.0,0.0,0,0,0,0,{}
pool10_margin25,594ca25608df11ebbda0ac1f6bf848b6,True,False,False,0.0,0.0,0,0,0,0,{}
pool10_margin25,a431a93808d511ebbd98ac1f6bf848b6,True,False,False,0.0,0.0,0,0,0,0,{}
pool10_margin25,421d07aa0bb011ebab90acde48001122,True,False,False,0.0,0.0,0,0,0,0,{}
pool10_margin25,3f48bc400bb011ebab90acde48001122,True,False,True,0.0,0.0,0,1,0,1,"{""lexical_hard_negative"": 1}"
pool10_margin25,c68eb0be08e611ebbda5ac1f6bf848b6,True,False,False,0.0,0.0,0,0,0,0,{}
pool10_margin25,ab28bfb6097d11ebbdb0ac1f6bf848b6,True,False,False,0.0,0.0,0,0,0,0,{}
pool10_margin25,0f97e1f3096f11ebbdb0ac1f6bf848b6,True,False,False,0.0,0.0,0,0,0,0,{}
pool10_margin25,3ab846860bde11eba7f7acde48001122,False,True,False,0.0,0.0,0,0,0,0,{}
pool10_margin25,8cd3fe6c0baf11ebab90acde48001122,True,False,False,0.0,0.0,0,0,0,0,{}
pool10_margin25,0d9251260baf11ebab90acde48001122,True,False,False,0.0,0.0,0,0,0,0,{}
pool10_margin25,8cdc97de0bdc11eba7f7acde48001122,True,False,False,0.0,0.0,0,0,0,0,{}
pool10_margin25,178a2b9408d611ebbd98ac1f6bf848b6,True,False,False,0.0,0.0,0,0,0,0,{}
pool10_margin25,d73fa07c0bdd11eba7f7acde48001122,True,False,False,0.0,0.0,0,0,0,0,{}
pool10_margin25,9bc54aba0bdd11eba7f7acde48001122,True,False,False,0.0,0.0,0,0,0,0,{}
pool10_margin25,36b8644508af11ebbd83ac1f6bf848b6,False,False,False,0.0,0.0,0,0,0,0,{}
pool10_margin25,81e0d683087c11ebbd6aac1f6bf848b6,True,False,False,0.0,0.0,0,0,0,0,{}
pool10_margin25,689d225009b411ebbdb0ac1f6bf848b6,True,False,False,0.0,0.0,0,0,0,0,{}
pool10_margin25,5cbb015f087511ebbd67ac1f6bf848b6,True,False,False,0.0,0.0,0,0,0,0,{}
pool10_margin25,0016373a0bda11eba7f7acde48001122,False,True,True,0.0,0.0,0,1,0,1,"{""lexical_hard_negative"": 1}"
pool10_margin25,ccd086f80bdb11eba7f7acde48001122,True,False,False,0.0,0.0,0,0,0,0,{}
pool10_margin25,965e667e0bdd11eba7f7acde48001122,True,False,False,0.0,0.0,0,0,0,0,{}
pool10_margin25,49ccfdfa08ce11ebbd94ac1f6bf848b6,False,True,False,0.0,0.0,0,0,0,0,{}
pool10_margin25,43eb7b380bde11eba7f7acde48001122,False,False,False,0.0,0.0,0,0,0,0,{}
pool10_margin25,f48667b80bda11eba7f7acde48001122,True,False,False,0.0,0.0,0,0,0,0,{}
pool10_margin25,d6e9771908dd11ebbd9eac1f6bf848b6,True,False,False,0.0,0.0,0,0,0,0,{}
pool10_margin25,bd9609880bdb11eba7f7acde48001122,True,False,False,0.0,0.0,0,0,0,0,{}
pool10_margin25,748446060bdb11eba7f7acde48001122,False,False,False,0.0,0.0,0,0,0,0,{}
pool10_margin25,e2de58500bd911eba7f7acde48001122,True,False,False,0.0,0.0,0,0,0,0,{}
pool10_margin25,f04cc9b408d611ebbd99ac1f6bf848b6,False,True,False,0.0,0.0,0,0,0,0,{}
pool10_margin25,5c7842780baf11ebab90acde48001122,True,False,True,0.0,0.0,0,1,0,1,"{""lexical_hard_negative"": 1}"
pool10_margin25,0c24f02e08c711ebbd91ac1f6bf848b6,True,False,False,0.0,0.0,0,0,0,0,{}
pool10_margin25,84c99c760bb011ebab90acde48001122,True,False,True,0.0,0.0,0,1,0,1,"{""lexical_hard_negative"": 1}"
pool10_margin25,f253a3040bdd11eba7f7acde48001122,True,False,True,-1.0,-0.5,0,1,1,0,"{""lexical_hard_negative"": 1}"
pool10_margin25,8dcaaf24089811ebbd77ac1f6bf848b6,True,False,False,0.0,0.0,0,0,0,0,{}
pool10_margin25,43d8b52c0baf11ebab90acde48001122,True,False,False,0.0,0.0,0,0,0,0,{}
pool10_margin25,63ccce2308cb11ebbd92ac1f6bf848b6,True,False,False,0.0,0.0,0,0,0,0,{}
pool10_margin25,15d1892108ef11ebbda8ac1f6bf848b6,True,False,False,0.0,0.0,0,0,0,0,{}
pool10_margin25,755fdd7c08a411ebbd7cac1f6bf848b6,False,True,False,0.0,0.0,0,0,0,0,{}
pool10_margin25,94198d580bb011ebab90acde48001122,False,True,True,0.0,0.5,1,0,0,1,{}
pool10_margin25,0ecb27fa0bde11eba7f7acde48001122,True,False,False,0.0,0.0,0,0,0,0,{}
pool10_margin25,e9e18ee608d811ebbd9cac1f6bf848b6,True,False,False,0.0,0.0,0,0,0,0,{}
pool10_margin25,77ccf6e40bdd11eba7f7acde48001122,True,False,False,0.0,0.0,0,0,0,0,{}
pool10_margin25,287c0ebf08b411ebbd87ac1f6bf848b6,True,False,False,0.0,0.0,0,0,0,0,{}
pool10_margin25,cebd0a2a089a11ebbd77ac1f6bf848b6,True,False,False,0.0,0.0,0,0,0,0,{}
pool10_margin25,6b6a5a7f092e11ebbdaeac1f6bf848b6,True,False,False,0.0,0.0,0,0,0,0,{}
pool10_margin25,843ef89008fa11ebbdacac1f6bf848b6,True,False,False,0.0,0.0,0,0,0,0,{}
pool10_margin25,7efb04e708a011ebbd78ac1f6bf848b6,False,True,False,0.0,0.0,0,0,0,0,{}
pool10_margin25,96b7c1a60bdd11eba7f7acde48001122,False,True,False,0.0,0.0,0,0,0,0,{}
pool10_margin25,121ddeae0bdc11eba7f7acde48001122,True,False,False,0.0,0.0,0,0,0,0,{}
pool10_margin25,3ed2ba7a0bda11eba7f7acde48001122,True,False,False,0.0,0.0,0,0,0,0,{}
pool10_margin25,77f521780bb011ebab90acde48001122,True,False,False,0.0,0.0,0,0,0,0,{}
pool10_margin25,0868539a0bdb11eba7f7acde48001122,True,False,False,0.0,0.0,0,0,0,0,{}
pool10_margin25,b088d3ca08e211ebbda4ac1f6bf848b6,False,False,False,0.0,0.0,0,0,0,0,{}
pool10_margin25,44e9813a0bdc11eba7f7acde48001122,True,False,False,0.0,0.0,0,0,0,0,{}
pool10_margin25,2ccc68a108fe11ebbdadac1f6bf848b6,True,False,False,0.0,0.0,0,0,0,0,{}
pool10_margin25,29bf69d20bb011ebab90acde48001122,True,False,False,0.0,0.0,0,0,0,0,{}
pool10_margin25,acbf27ee089211ebbd73ac1f6bf848b6,True,False,False,0.0,0.0,0,0,0,0,{}
pool10_margin25,3040e4fb085611ebbd59ac1f6bf848b6,True,False,False,0.0,0.0,0,0,0,0,{}
pool10_margin25,696ce7cd08be11ebbd8aac1f6bf848b6,True,False,False,0.0,0.0,0,0,0,0,{}
pool10_margin25,c531e7560baf11ebab90acde48001122,True,False,False,0.0,0.0,0,0,0,0,{}
pool10_margin25,0cafe4700bb011ebab90acde48001122,False,False,True,0.0,0.0,0,1,0,1,"{""lexical_hard_negative"": 1}"
pool10_margin25,60402bf80bde11eba7f7acde48001122,True,False,True,0.0,0.0,0,1,0,1,"{""lexical_hard_negative"": 1}"
pool10_margin25,fe2dd4b20bdb11eba7f7acde48001122,True,False,False,0.0,0.0,0,0,0,0,{}
pool10_margin25,d5cee073085911ebbd5bac1f6bf848b6,True,False,False,0.0,0.0,0,0,0,0,{}
pool10_margin25,6ee6201a0bdc11eba7f7acde48001122,True,False,True,0.0,0.0,0,1,0,1,"{""lexical_hard_negative"": 1}"
pool10_margin25,1b36c01f08df11ebbd9fac1f6bf848b6,True,False,False,0.0,0.0,0,0,0,0,{}
pool10_margin25,095c87880bdd11eba7f7acde48001122,False,True,False,0.0,0.0,0,0,0,0,{}
pool10_margin25,81c9a46c0bb011ebab90acde48001122,True,False,False,0.0,0.0,0,0,0,0,{}
pool10_margin25,1cf6b11808a111ebbd78ac1f6bf848b6,True,False,False,0.0,0.0,0,0,0,0,{}
pool10_margin25,f20ae8a80bdd11eba7f7acde48001122,True,False,False,0.0,0.0,0,0,0,0,{}
pool10_margin25,86ea0e1e0bb011ebab90acde48001122,True,False,False,0.0,0.0,0,0,0,0,{}
pool10_margin25,e42d315308f711ebbdaaac1f6bf848b6,True,False,False,0.0,0.0,0,0,0,0,{}
pool10_margin25,bbfe9c84087511ebbd67ac1f6bf848b6,True,False,False,0.0,0.0,0,0,0,0,{}
pool10_margin25,1fa46e26084911ebbd55ac1f6bf848b6,True,False,False,0.0,0.0,0,0,0,0,{}
pool10_margin25,4f8e349e08e111ebbda2ac1f6bf848b6,True,False,False,0.0,0.0,0,0,0,0,{}
pool10_margin25,f0faeb9a0bdb11eba7f7acde48001122,True,False,False,0.0,0.0,0,0,0,0,{}
pool10_margin25,182ecc9a0baf11ebab90acde48001122,True,False,True,0.0,0.0,0,1,0,1,"{""low_signal_deep_negative"": 1}"
pool10_margin25,bcc4e26c08c111ebbd8bac1f6bf848b6,True,False,False,0.0,0.0,0,0,0,0,{}
pool10_margin25,31e34c220bde11eba7f7acde48001122,True,False,False,0.0,0.0,0,0,0,0,{}
pool10_margin25,38e0bdd2094e11ebbdaeac1f6bf848b6,True,False,False,0.0,0.0,0,0,0,0,{}
pool10_margin25,37f3bd380baf11ebab90acde48001122,False,False,False,0.0,0.0,0,0,0,0,{}
pool10_margin25,b8ef144a0bdd11eba7f7acde48001122,False,True,True,1.0,0.5,1,0,0,1,{}
pool10_margin25,5caef2f8096411ebbdafac1f6bf848b6,True,False,False,0.0,0.0,0,0,0,0,{}
pool10_margin25,0856e5d4085b11ebbd5cac1f6bf848b6,True,False,False,0.0,0.0,0,0,0,0,{}
pool10_margin25,498dc8a2089111ebbd72ac1f6bf848b6,True,False,False,0.0,0.0,0,0,0,0,{}
pool10_margin25,5d3230dc0bde11eba7f7acde48001122,False,False,False,0.0,0.0,0,0,0,0,{}
pool10_margin25,350ec8b80bde11eba7f7acde48001122,True,False,False,0.0,0.0,0,0,0,0,{}
pool10_margin25,ee212a820bdc11eba7f7acde48001122,False,True,False,0.0,0.0,0,0,0,0,{}
pool10_margin25,337c710c08b511ebbd88ac1f6bf848b6,True,False,False,0.0,0.0,0,0,0,0,{}
pool10_margin25,c46f575c0bd911eba7f7acde48001122,True,False,False,0.0,0.0,0,0,0,0,{}
pool10_margin25,75668b40094111ebbdaeac1f6bf848b6,True,False,False,0.0,0.0,0,0,0,0,{}
pool10_margin25,82de9a9f088911ebbd6eac1f6bf848b6,True,False,False,0.0,0.0,0,0,0,0,{}
pool10_margin25,5f2bb1060bd911eba7f7acde48001122,False,True,False,0.0,0.0,0,0,0,0,{}
pool10_margin25,92ae94d309bb11ebbdb0ac1f6bf848b6,True,False,False,0.0,0.0,0,0,0,0,{}
pool10_margin25,f6582e180bae11ebab90acde48001122,False,False,True,0.0,0.0,0,1,0,1,"{""answer_string_distractor"": 1}"
pool10_margin25,ea294116094111ebbdaeac1f6bf848b6,True,False,False,0.0,0.0,0,0,0,0,{}
pool10_margin25,c4bdfbea08c911ebbd92ac1f6bf848b6,True,False,False,0.0,0.0,0,0,0,0,{}
pool10_margin25,9a7f003a0bdb11eba7f7acde48001122,True,False,False,0.0,0.0,0,0,0,0,{}
pool10_margin25,6a4840d608dc11ebbd9cac1f6bf848b6,False,True,False,0.0,0.0,0,0,0,0,{}
pool10_margin25,c213141e08e411ebbda4ac1f6bf848b6,True,False,False,0.0,0.0,0,0,0,0,{}
pool10_margin25,7f95fed108f511ebbdaaac1f6bf848b6,True,False,False,0.0,0.0,0,0,0,0,{}
pool10_margin25,a488d6e2089211ebbd73ac1f6bf848b6,True,False,False,0.0,0.0,0,0,0,0,{}
pool10_margin25,8540ae66088011ebbd6cac1f6bf848b6,False,True,False,0.0,0.0,0,0,0,0,{}
pool10_margin25,3d2069fe0bb011ebab90acde48001122,True,False,False,0.0,0.0,0,0,0,0,{}
pool10_margin25,db9c6d860baf11ebab90acde48001122,True,False,False,0.0,0.0,0,0,0,0,{}
pool10_margin25,73a066fc085c11ebbd5cac1f6bf848b6,True,False,False,0.0,0.0,0,0,0,0,{}
pool10_margin25,a5e0af240bda11eba7f7acde48001122,True,False,False,0.0,0.0,0,0,0,0,{}
pool10_margin25,cce5bb160bdd11eba7f7acde48001122,True,False,False,0.0,0.0,0,0,0,0,{}
pool10_margin25,bfec064d089311ebbd75ac1f6bf848b6,True,False,False,0.0,0.0,0,0,0,0,{}
pool10_margin25,e2c19fd80bae11ebab90acde48001122,True,False,False,0.0,0.0,0,0,0,0,{}
pool10_margin25,ebd237d60bdb11eba7f7acde48001122,False,False,False,0.0,0.0,0,0,0,0,{}
pool10_margin25,eeb017fa0bdd11eba7f7acde48001122,True,False,False,0.0,0.0,0,0,0,0,{}
pool10_margin25,f1e802100bd911eba7f7acde48001122,True,False,False,0.0,0.0,0,0,0,0,{}
pool10_margin25,87af20a9086c11ebbd61ac1f6bf848b6,True,False,False,0.0,0.0,0,0,0,0,{}
pool10_margin25,2330faf1097511ebbdb0ac1f6bf848b6,True,False,False,0.0,0.0,0,0,0,0,{}
pool10_margin25,b7d447220bda11eba7f7acde48001122,True,False,False,0.0,0.0,0,0,0,0,{}
pool10_margin25,77fc4f840bb011ebab90acde48001122,True,False,False,0.0,0.0,0,0,0,0,{}
pool10_margin25,a8a18e800bdb11eba7f7acde48001122,False,True,False,0.0,0.0,0,0,0,0,{}
pool10_margin25,90c0b632086c11ebbd61ac1f6bf848b6,True,False,False,0.0,0.0,0,0,0,0,{}
pool10_margin25,322dc9a2087b11ebbd67ac1f6bf848b6,True,False,False,0.0,0.0,0,0,0,0,{}
pool10_margin25,5037e45b08cb11ebbd92ac1f6bf848b6,False,True,False,0.0,0.0,0,0,0,0,{}
pool10_margin25,f4c82ea208a411ebbd7dac1f6bf848b6,False,False,False,0.0,0.0,0,0,0,0,{}
pool10_margin25,62ab4e000bb011ebab90acde48001122,True,False,False,0.0,0.0,0,0,0,0,{}
pool10_margin25,3b1002a40bde11eba7f7acde48001122,True,False,False,0.0,0.0,0,0,0,0,{}
pool10_margin25,1bb1993c0bb011ebab90acde48001122,False,True,True,1.0,0.5,1,0,0,1,{}
pool10_margin25,ec8167b208a011ebbd78ac1f6bf848b6,False,False,False,0.0,0.0,0,0,0,0,{}
pool10_margin25,69c0bb76087711ebbd67ac1f6bf848b6,False,False,False,0.0,0.0,0,0,0,0,{}
pool10_margin25,ac1b9ee108b911ebbd88ac1f6bf848b6,False,True,False,0.0,0.0,0,0,0,0,{}
pool10_margin25,29524701085711ebbd5aac1f6bf848b6,False,True,False,0.0,0.0,0,0,0,0,{}
pool10_margin25,a0a66ec40bdd11eba7f7acde48001122,True,False,False,0.0,0.0,0,0,0,0,{}
pool10_margin25,f7ddb2ce0bdd11eba7f7acde48001122,True,False,False,0.0,0.0,0,0,0,0,{}
pool10_margin25,6a419ba2087611ebbd67ac1f6bf848b6,True,False,False,0.0,0.0,0,0,0,0,{}
pool10_margin25,b3b6e11708cb11ebbd92ac1f6bf848b6,True,False,False,0.0,0.0,0,0,0,0,{}
pool10_margin25,dced4bf7089e11ebbd78ac1f6bf848b6,True,False,False,0.0,0.0,0,0,0,0,{}
pool10_margin25,fb9c5cb208c411ebbd8eac1f6bf848b6,True,False,False,0.0,0.0,0,0,0,0,{}
pool10_margin25,c2cc1ed9086611ebbd5eac1f6bf848b6,True,False,False,0.0,0.0,0,0,0,0,{}
pool10_margin25,38c774800bdb11eba7f7acde48001122,True,False,False,0.0,0.0,0,0,0,0,{}
pool10_margin25,655027de0bb011ebab90acde48001122,True,False,False,0.0,0.0,0,0,0,0,{}
pool10_margin25,8b5f752e0bdd11eba7f7acde48001122,True,False,False,0.0,0.0,0,0,0,0,{}
pool10_margin25,37490a640baf11ebab90acde48001122,True,False,False,0.0,0.0,0,0,0,0,{}
pool10_margin25,f6ac1b13089e11ebbd78ac1f6bf848b6,False,True,False,0.0,0.0,0,0,0,0,{}
pool10_margin25,31df8b0a0bde11eba7f7acde48001122,True,False,False,0.0,0.0,0,0,0,0,{}
pool10_margin25,deea59ca0bdd11eba7f7acde48001122,True,False,False,0.0,0.0,0,0,0,0,{}
pool10_margin25,b4b59c3d085e11ebbd5cac1f6bf848b6,True,False,False,0.0,0.0,0,0,0,0,{}
pool10_margin25,288f010c0bde11eba7f7acde48001122,True,False,False,0.0,0.0,0,0,0,0,{}
pool10_margin25,2e4804e8086611ebbd5eac1f6bf848b6,True,False,False,0.0,0.0,0,0,0,0,{}
pool10_margin25,38ecffde0bdb11eba7f7acde48001122,True,False,False,0.0,0.0,0,0,0,0,{}
pool10_margin25,eb3d62d608ad11ebbd83ac1f6bf848b6,False,False,False,0.0,0.0,0,0,0,0,{}
pool10_margin25,cb17bffe089611ebbd76ac1f6bf848b6,True,False,False,0.0,0.0,0,0,0,0,{}
pool10_margin25,f2d62e4b09b511ebbdb0ac1f6bf848b6,True,False,False,0.0,0.0,0,0,0,0,{}
pool10_margin25,584ec9960bdd11eba7f7acde48001122,True,False,False,0.0,0.0,0,0,0,0,{}
pool10_margin25,c6243b900bdd11eba7f7acde48001122,True,False,False,0.0,0.0,0,0,0,0,{}
pool10_margin25,821e65dc086911ebbd5eac1f6bf848b6,False,False,False,0.0,0.0,0,0,0,0,{}
pool10_margin25,0c39da2e085811ebbd5aac1f6bf848b6,True,False,False,0.0,0.0,0,0,0,0,{}
pool10_margin25,18f0a0220baf11ebab90acde48001122,False,False,False,0.0,0.0,0,0,0,0,{}
pool10_margin25,6faf10f40bde11eba7f7acde48001122,False,False,False,0.0,0.0,0,0,0,0,{}
pool10_margin25,6138bd9c095411ebbdaeac1f6bf848b6,True,False,False,0.0,0.0,0,0,0,0,{}
pool10_margin25,64075230086811ebbd5eac1f6bf848b6,True,False,False,0.0,0.0,0,0,0,0,{}
pool10_margin25,78ba517c0bd911eba7f7acde48001122,True,False,False,0.0,0.0,0,0,0,0,{}
pool10_margin25,74cb7e400bdb11eba7f7acde48001122,False,True,False,0.0,0.0,0,0,0,0,{}
pool10_margin25,e5c738900bdc11eba7f7acde48001122,True,False,False,0.0,0.0,0,0,0,0,{}
pool10_margin25,a6160eee0bda11eba7f7acde48001122,True,False,False,0.0,0.0,0,0,0,0,{}
pool10_margin25,089b1e3a0bde11eba7f7acde48001122,True,False,False,0.0,0.0,0,0,0,0,{}
pool10_margin25,c67ed80c092b11ebbdaeac1f6bf848b6,True,False,False,0.0,0.0,0,0,0,0,{}
pool10_margin25,95bf64480bdd11eba7f7acde48001122,False,True,False,0.0,0.0,0,0,0,0,{}
pool10_margin25,42661902085b11ebbd5cac1f6bf848b6,True,False,False,0.0,0.0,0,0,0,0,{}
pool10_margin25,372d95020bde11eba7f7acde48001122,True,False,False,0.0,0.0,0,0,0,0,{}
pool10_margin25,bd01362d08e411ebbda4ac1f6bf848b6,True,False,False,0.0,0.0,0,0,0,0,{}
pool10_margin25,1f9ccd180bde11eba7f7acde48001122,True,False,False,0.0,0.0,0,0,0,0,{}
pool10_margin25,48c0c6fa089011ebbd72ac1f6bf848b6,False,True,False,0.0,0.0,0,0,0,0,{}
pool10_margin25,0518615a0bde11eba7f7acde48001122,True,False,False,0.0,0.0,0,0,0,0,{}
pool10_margin25,81ca57e60bdc11eba7f7acde48001122,True,False,False,0.0,0.0,0,0,0,0,{}
pool10_margin25,cbb5ca82095411ebbdaeac1f6bf848b6,False,True,False,0.0,0.0,0,0,0,0,{}
pool10_margin25,828b1390093511ebbdaeac1f6bf848b6,True,False,False,0.0,0.0,0,0,0,0,{}
pool10_margin25,66cc23c40bdd11eba7f7acde48001122,True,False,False,0.0,0.0,0,0,0,0,{}
pool10_margin25,61d018d8086011ebbd5dac1f6bf848b6,False,True,False,0.0,0.0,0,0,0,0,{}
pool10_margin25,a41c3c8808bc11ebbd89ac1f6bf848b6,True,False,False,0.0,0.0,0,0,0,0,{}
pool10_margin25,8bb8b730085211ebbd58ac1f6bf848b6,True,False,False,0.0,0.0,0,0,0,0,{}
pool10_margin25,135fde100bb011ebab90acde48001122,True,False,False,0.0,0.0,0,0,0,0,{}
pool10_margin25,6854217908a011ebbd78ac1f6bf848b6,True,False,False,0.0,0.0,0,0,0,0,{}
pool10_margin25,74b1498a0bdb11eba7f7acde48001122,True,False,False,0.0,0.0,0,0,0,0,{}
pool10_margin25,8b9607820bd911eba7f7acde48001122,True,False,False,0.0,0.0,0,0,0,0,{}
pool10_margin25,b6e4474808a311ebbd7bac1f6bf848b6,False,True,False,0.0,0.0,0,0,0,0,{}
pool10_margin25,df0079d408fe11ebbdadac1f6bf848b6,True,False,False,0.0,0.0,0,0,0,0,{}
pool10_margin25,8474fb5e08a811ebbd7fac1f6bf848b6,True,False,False,0.0,0.0,0,0,0,0,{}
pool10_margin25,361dc208086f11ebbd62ac1f6bf848b6,True,False,False,0.0,0.0,0,0,0,0,{}
pool10_margin25,3733d61a0bde11eba7f7acde48001122,True,False,False,0.0,0.0,0,0,0,0,{}
pool10_margin25,4e9561d40bd911eba7f7acde48001122,False,False,False,0.0,0.0,0,0,0,0,{}
pool10_margin25,f92dceb2084b11ebbd56ac1f6bf848b6,True,False,False,0.0,0.0,0,0,0,0,{}
pool10_margin25,511af4e80baf11ebab90acde48001122,False,False,False,0.0,0.0,0,0,0,0,{}
pool10_margin25,f814a4520bdb11eba7f7acde48001122,True,False,False,0.0,0.0,0,0,0,0,{}
pool10_margin25,f52452fc0bda11eba7f7acde48001122,True,False,False,0.0,0.0,0,0,0,0,{}
pool10_margin25,3ce8faa40bde11eba7f7acde48001122,True,False,False,0.0,0.0,0,0,0,0,{}
pool10_margin25,f5c9a3f2086111ebbd5dac1f6bf848b6,True,False,False,0.0,0.0,0,0,0,0,{}
pool10_margin25,4139616c08d311ebbd96ac1f6bf848b6,True,False,False,0.0,0.0,0,0,0,0,{}
pool10_margin25,f5aba0260bdb11eba7f7acde48001122,True,False,False,0.0,0.0,0,0,0,0,{}
pool10_margin25,3cec35b4091011ebbdadac1f6bf848b6,True,False,False,0.0,0.0,0,0,0,0,{}
pool10_margin25,079947de0baf11ebab90acde48001122,False,True,False,0.0,0.0,0,0,0,0,{}
pool10_margin25,e38e55b40bdb11eba7f7acde48001122,True,False,False,0.0,0.0,0,0,0,0,{}
pool10_margin25,3805416e0bde11eba7f7acde48001122,False,True,False,0.0,0.0,0,0,0,0,{}
pool10_margin25,3d3bc0720bde11eba7f7acde48001122,True,False,False,0.0,0.0,0,0,0,0,{}
pool10_margin25,5905858e08d911ebbd9cac1f6bf848b6,True,False,False,0.0,0.0,0,0,0,0,{}
pool10_margin25,504bb1e0090311ebbdadac1f6bf848b6,True,False,False,0.0,0.0,0,0,0,0,{}
pool10_margin25,752f84c60bdb11eba7f7acde48001122,True,False,False,0.0,0.0,0,0,0,0,{}
pool10_margin25,048f56a80bde11eba7f7acde48001122,True,False,False,0.0,0.0,0,0,0,0,{}
pool10_margin25,08de5d000baf11ebab90acde48001122,True,False,True,0.0,0.0,0,1,0,1,"{""lexical_hard_negative"": 1}"
pool10_margin25,010d6cab08c711ebbd91ac1f6bf848b6,False,False,False,0.0,0.0,0,0,0,0,{}
pool10_margin25,02102208088011ebbd6cac1f6bf848b6,True,False,False,0.0,0.0,0,0,0,0,{}
pool10_margin25,43a34d720bde11eba7f7acde48001122,True,False,False,0.0,0.0,0,0,0,0,{}
pool10_margin25,08f5c0bc0bdc11eba7f7acde48001122,False,False,False,0.0,0.0,0,0,0,0,{}
pool10_margin25,f2abc5580bdc11eba7f7acde48001122,True,False,False,0.0,0.0,0,0,0,0,{}
pool10_margin25,daaaf3480bdc11eba7f7acde48001122,True,False,False,0.0,0.0,0,0,0,0,{}
pool10_margin25,a5937fe00baf11ebab90acde48001122,False,True,False,0.0,0.0,0,0,0,0,{}
pool10_margin25,ec9f5b89092d11ebbdaeac1f6bf848b6,True,False,False,0.0,0.0,0,0,0,0,{}
pool10_margin25,63b35a580bd911eba7f7acde48001122,True,False,False,0.0,0.0,0,0,0,0,{}
pool10_margin25,e73a5394089211ebbd74ac1f6bf848b6,True,False,False,0.0,0.0,0,0,0,0,{}
pool10_margin25,75d4c76e086c11ebbd61ac1f6bf848b6,True,False,False,0.0,0.0,0,0,0,0,{}
pool10_margin25,1d5abddf088811ebbd6eac1f6bf848b6,True,False,False,0.0,0.0,0,0,0,0,{}
pool10_margin25,8cd1b0020bdd11eba7f7acde48001122,False,True,False,0.0,0.0,0,0,0,0,{}
pool10_margin25,6ad78d00086311ebbd5eac1f6bf848b6,True,False,False,0.0,0.0,0,0,0,0,{}
pool10_margin25,c02763f708be11ebbd8aac1f6bf848b6,True,False,False,0.0,0.0,0,0,0,0,{}
pool10_margin25,a27a3a220bd911eba7f7acde48001122,True,False,False,0.0,0.0,0,0,0,0,{}
pool10_margin25,95cf97b40bdd11eba7f7acde48001122,False,False,False,0.0,0.0,0,0,0,0,{}
pool10_margin25,e88629000bdd11eba7f7acde48001122,True,False,False,0.0,0.0,0,0,0,0,{}
pool10_margin25,53f3501408d711ebbd9aac1f6bf848b6,False,True,False,0.0,0.0,0,0,0,0,{}
pool10_margin25,d88af85e085a11ebbd5cac1f6bf848b6,False,True,False,0.0,0.0,0,0,0,0,{}
pool10_margin25,b890f2420bd911eba7f7acde48001122,True,False,False,0.0,0.0,0,0,0,0,{}
pool10_margin25,ad193b1808b411ebbd88ac1f6bf848b6,True,False,False,0.0,0.0,0,0,0,0,{}
pool10_margin25,53ff36f60baf11ebab90acde48001122,True,False,False,0.0,0.0,0,0,0,0,{}
pool10_margin25,d9d2904c0bdd11eba7f7acde48001122,True,False,False,0.0,0.0,0,0,0,0,{}
pool10_margin25,ad7e616a09c611ebbdb0ac1f6bf848b6,True,False,False,0.0,0.0,0,0,0,0,{}
pool10_margin25,497156a60bdc11eba7f7acde48001122,True,False,False,0.0,0.0,0,0,0,0,{}
pool10_margin25,abb55bf20bda11eba7f7acde48001122,True,False,False,0.0,0.0,0,0,0,0,{}
pool10_margin25,2de08f6d08a611ebbd7eac1f6bf848b6,True,False,False,0.0,0.0,0,0,0,0,{}
pool10_margin25,3d20c7000bb011ebab90acde48001122,False,False,False,0.0,0.0,0,0,0,0,{}
pool10_margin25,faf6572008e411ebbda4ac1f6bf848b6,True,False,False,0.0,0.0,0,0,0,0,{}
pool10_margin25,8ee8432c0bda11eba7f7acde48001122,True,False,False,0.0,0.0,0,0,0,0,{}
pool10_margin25,674b49540bda11eba7f7acde48001122,True,False,False,0.0,0.0,0,0,0,0,{}
pool10_margin25,3ac0ebec0bde11eba7f7acde48001122,True,False,False,0.0,0.0,0,0,0,0,{}
pool10_margin25,10b1efd80bdc11eba7f7acde48001122,True,False,False,0.0,0.0,0,0,0,0,{}
pool10_margin25,78107ec8097611ebbdb0ac1f6bf848b6,True,False,False,0.0,0.0,0,0,0,0,{}
pool10_margin25,32c23401097711ebbdb0ac1f6bf848b6,True,False,False,0.0,0.0,0,0,0,0,{}
pool10_margin25,c5e4c82a0bdd11eba7f7acde48001122,True,False,False,0.0,0.0,0,0,0,0,{}
pool10_margin25,711449320bde11eba7f7acde48001122,True,False,False,0.0,0.0,0,0,0,0,{}
pool10_margin25,65fa28440bdb11eba7f7acde48001122,True,False,False,0.0,0.0,0,0,0,0,{}
pool10_margin25,c69fb1bc0bdd11eba7f7acde48001122,True,False,False,0.0,0.0,0,0,0,0,{}
pool10_margin25,09b198a80bde11eba7f7acde48001122,True,False,False,0.0,0.0,0,0,0,0,{}
pool10_margin25,d58ede7c086e11ebbd62ac1f6bf848b6,False,False,False,0.0,0.0,0,0,0,0,{}
pool10_margin25,337da5aa098111ebbdb0ac1f6bf848b6,True,False,False,0.0,0.0,0,0,0,0,{}
pool10_margin25,810be29808b211ebbd85ac1f6bf848b6,True,False,False,0.0,0.0,0,0,0,0,{}
pool10_margin25,e437dddd089311ebbd75ac1f6bf848b6,True,False,False,0.0,0.0,0,0,0,0,{}
pool10_margin25,13476e200bdd11eba7f7acde48001122,True,False,False,0.0,0.0,0,0,0,0,{}
pool10_margin25,1332d0ca0bdb11eba7f7acde48001122,True,False,False,0.0,0.0,0,0,0,0,{}
pool10_margin25,8055aca40bdb11eba7f7acde48001122,True,False,False,0.0,0.0,0,0,0,0,{}
pool10_margin25,0984e6aa0bde11eba7f7acde48001122,True,False,False,0.0,0.0,0,0,0,0,{}
pool10_margin25,98f734a60bdd11eba7f7acde48001122,True,False,False,0.0,0.0,0,0,0,0,{}
pool10_margin25,3b76b5c80bdc11eba7f7acde48001122,False,False,False,0.0,0.0,0,0,0,0,{}
pool10_margin25,f04a80e20bdc11eba7f7acde48001122,False,False,False,0.0,0.0,0,0,0,0,{}
pool10_margin25,9d06ec120bdd11eba7f7acde48001122,True,False,False,0.0,0.0,0,0,0,0,{}
pool10_margin25,0ad6eeec085811ebbd5aac1f6bf848b6,True,False,False,0.0,0.0,0,0,0,0,{}
pool10_margin25,ba015944086611ebbd5eac1f6bf848b6,True,False,False,0.0,0.0,0,0,0,0,{}
pool10_margin25,3cc3895c08cf11ebbd94ac1f6bf848b6,True,False,False,0.0,0.0,0,0,0,0,{}
pool10_margin25,002e925e0bde11eba7f7acde48001122,False,True,False,0.0,0.0,0,0,0,0,{}
pool10_margin25,8d3878060bdc11eba7f7acde48001122,False,False,False,0.0,0.0,0,0,0,0,{}
pool10_margin25,ae85fccd089411ebbd75ac1f6bf848b6,False,False,False,0.0,0.0,0,0,0,0,{}
pool10_margin25,5cbf94880bb011ebab90acde48001122,False,False,False,0.0,0.0,0,0,0,0,{}
pool10_margin25,fc631640089711ebbd77ac1f6bf848b6,True,False,False,0.0,0.0,0,0,0,0,{}
pool10_margin25,8c3c6d9e0bb011ebab90acde48001122,False,True,True,0.0,0.0,0,1,0,1,"{""lexical_hard_negative"": 1}"
pool10_margin25,39af8adc0bda11eba7f7acde48001122,True,False,False,0.0,0.0,0,0,0,0,{}
pool10_margin25,096e42ba0bde11eba7f7acde48001122,True,False,False,0.0,0.0,0,0,0,0,{}
pool10_margin25,1194abf60bb011ebab90acde48001122,False,True,False,0.0,0.0,0,0,0,0,{}
pool10_margin25,6abaf116089c11ebbd78ac1f6bf848b6,True,False,False,0.0,0.0,0,0,0,0,{}
pool10_margin25,89a94f720bdb11eba7f7acde48001122,False,False,False,0.0,0.0,0,0,0,0,{}
pool10_margin25,43c910980bde11eba7f7acde48001122,False,True,False,0.0,0.0,0,0,0,0,{}
pool10_margin25,6bde832c0bdb11eba7f7acde48001122,True,False,False,0.0,0.0,0,0,0,0,{}
pool10_margin25,05ca5a800bda11eba7f7acde48001122,True,False,False,0.0,0.0,0,0,0,0,{}
pool10_margin25,b942cafc08c411ebbd8eac1f6bf848b6,False,False,False,0.0,0.0,0,0,0,0,{}
pool10_margin25,fc2f7e460bda11eba7f7acde48001122,True,False,False,0.0,0.0,0,0,0,0,{}
pool10_margin25,16df4c5a087311ebbd66ac1f6bf848b6,True,False,False,0.0,0.0,0,0,0,0,{}
pool10_margin25,e5d895ee0bdd11eba7f7acde48001122,False,True,False,0.0,0.0,0,0,0,0,{}
pool10_margin25,1f3ff7880bb011ebab90acde48001122,True,False,False,0.0,0.0,0,0,0,0,{}
pool10_margin25,8308df9e08a311ebbd7bac1f6bf848b6,True,False,False,0.0,0.0,0,0,0,0,{}
pool10_margin25,375e7e4408c611ebbd90ac1f6bf848b6,True,False,False,0.0,0.0,0,0,0,0,{}
pool10_margin25,2152e80a0bdd11eba7f7acde48001122,True,False,False,0.0,0.0,0,0,0,0,{}
pool10_margin25,82ce34f6096011ebbdafac1f6bf848b6,True,False,False,0.0,0.0,0,0,0,0,{}
pool10_margin25,990a177a08a311ebbd7bac1f6bf848b6,True,False,False,0.0,0.0,0,0,0,0,{}
pool10_margin25,d5a1a526088311ebbd6dac1f6bf848b6,True,False,False,0.0,0.0,0,0,0,0,{}
pool10_margin25,b42ac0920bda11eba7f7acde48001122,True,False,False,0.0,0.0,0,0,0,0,{}
pool10_margin25,49d710a20bde11eba7f7acde48001122,True,False,False,0.0,0.0,0,0,0,0,{}
pool10_margin25,77f5e45a0bb011ebab90acde48001122,True,False,False,0.0,0.0,0,0,0,0,{}
pool10_margin25,405c82e8094711ebbdaeac1f6bf848b6,True,False,False,0.0,0.0,0,0,0,0,{}
pool10_margin25,896795760bb011ebab90acde48001122,True,False,False,0.0,0.0,0,0,0,0,{}
pool10_margin25,88cc034008c211ebbd8cac1f6bf848b6,True,False,False,0.0,0.0,0,0,0,0,{}
pool10_margin25,f06252fc0bdd11eba7f7acde48001122,True,False,False,0.0,0.0,0,0,0,0,{}
pool10_margin25,b017cdec0bda11eba7f7acde48001122,True,False,False,0.0,0.0,0,0,0,0,{}
pool10_margin25,ee999f4408b211ebbd85ac1f6bf848b6,True,False,False,0.0,0.0,0,0,0,0,{}
pool10_margin25,f3a16239088011ebbd6dac1f6bf848b6,True,False,False,0.0,0.0,0,0,0,0,{}
pool10_margin25,3b5e453a096611ebbdafac1f6bf848b6,True,False,False,0.0,0.0,0,0,0,0,{}
pool10_margin25,1816ca87095011ebbdaeac1f6bf848b6,True,False,False,0.0,0.0,0,0,0,0,{}
pool10_margin25,50b8f74c0bb011ebab90acde48001122,True,False,False,0.0,0.0,0,0,0,0,{}
pool10_margin25,45153f740bdb11eba7f7acde48001122,True,False,False,0.0,0.0,0,0,0,0,{}
pool10_margin25,577638aa0bde11eba7f7acde48001122,True,False,False,0.0,0.0,0,0,0,0,{}
pool10_margin25,612322280bde11eba7f7acde48001122,True,False,False,0.0,0.0,0,0,0,0,{}
pool10_margin25,0069c0220bde11eba7f7acde48001122,True,False,False,0.0,0.0,0,0,0,0,{}
pool10_margin25,63c0d3d60bde11eba7f7acde48001122,False,True,False,0.0,0.0,0,0,0,0,{}
pool10_margin25,826592ec08bc11ebbd88ac1f6bf848b6,True,False,False,0.0,0.0,0,0,0,0,{}
pool10_margin25,cd76b49608e911ebbda7ac1f6bf848b6,True,False,False,0.0,0.0,0,0,0,0,{}
pool10_margin25,ccc8ea860bdd11eba7f7acde48001122,False,True,False,0.0,0.0,0,0,0,0,{}
pool10_margin25,cf918c0c0bdb11eba7f7acde48001122,False,False,False,0.0,0.0,0,0,0,0,{}
pool10_margin25,8cf32bd6084c11ebbd56ac1f6bf848b6,True,False,False,0.0,0.0,0,0,0,0,{}
pool10_margin25,f364ff4c0bae11ebab90acde48001122,False,False,False,0.0,0.0,0,0,0,0,{}
pool10_margin25,497c1bdb094911ebbdaeac1f6bf848b6,True,False,False,0.0,0.0,0,0,0,0,{}
pool10_margin25,850c2ecc0bda11eba7f7acde48001122,True,False,False,0.0,0.0,0,0,0,0,{}
pool10_margin25,dc68effd08d811ebbd9cac1f6bf848b6,True,False,False,0.0,0.0,0,0,0,0,{}
pool10_margin25,39d43b7d08ae11ebbd83ac1f6bf848b6,True,False,False,0.0,0.0,0,0,0,0,{}
pool10_margin25,3aa6289708c511ebbd8eac1f6bf848b6,True,False,False,0.0,0.0,0,0,0,0,{}
pool10_margin25,923058320bdd11eba7f7acde48001122,True,False,False,0.0,0.0,0,0,0,0,{}
pool10_margin25,63a0ba880bd911eba7f7acde48001122,True,False,False,0.0,0.0,0,0,0,0,{}
pool10_margin25,b87177b00bdd11eba7f7acde48001122,True,False,False,0.0,0.0,0,0,0,0,{}
pool10_margin25,0a66db380bb011ebab90acde48001122,True,False,False,0.0,0.0,0,0,0,0,{}
pool10_margin25,0d27b3c20bda11eba7f7acde48001122,True,False,False,0.0,0.0,0,0,0,0,{}
pool10_margin25,3f2eb0120baf11ebab90acde48001122,True,False,False,0.0,0.0,0,0,0,0,{}
pool10_margin25,26351014096711ebbdafac1f6bf848b6,True,False,False,0.0,0.0,0,0,0,0,{}
pool10_margin25,e7e76caa085611ebbd59ac1f6bf848b6,True,False,False,0.0,0.0,0,0,0,0,{}
pool10_margin25,c1bc7e500bdd11eba7f7acde48001122,True,False,False,0.0,0.0,0,0,0,0,{}
pool10_margin25,578144840bde11eba7f7acde48001122,False,False,False,0.0,0.0,0,0,0,0,{}
pool10_margin25,cd80e22a08d711ebbd9aac1f6bf848b6,False,True,False,0.0,0.0,0,0,0,0,{}
pool10_margin25,d7a948ef09bf11ebbdb0ac1f6bf848b6,True,False,False,0.0,0.0,0,0,0,0,{}
pool10_margin25,c510c7b00baf11ebab90acde48001122,True,False,False,0.0,0.0,0,0,0,0,{}
pool10_margin25,8abef13108a911ebbd80ac1f6bf848b6,True,False,False,0.0,0.0,0,0,0,0,{}
pool10_margin25,ae1baf9708c811ebbd92ac1f6bf848b6,False,False,False,0.0,0.0,0,0,0,0,{}
pool10_margin25,ef9dd4360bdd11eba7f7acde48001122,True,False,False,0.0,0.0,0,0,0,0,{}
pool10_margin25,6152f66c08df11ebbda0ac1f6bf848b6,True,False,False,0.0,0.0,0,0,0,0,{}
pool10_margin25,e6be34b00bdc11eba7f7acde48001122,True,False,False,0.0,0.0,0,0,0,0,{}
pool10_margin25,506809580bde11eba7f7acde48001122,True,False,False,0.0,0.0,0,0,0,0,{}
pool10_margin25,6bb80b9c087b11ebbd68ac1f6bf848b6,True,False,False,0.0,0.0,0,0,0,0,{}
pool10_margin25,d6c5f2680bdd11eba7f7acde48001122,True,False,False,0.0,0.0,0,0,0,0,{}
pool10_margin25,b930a43b095211ebbdaeac1f6bf848b6,True,False,False,0.0,0.0,0,0,0,0,{}
pool10_margin25,dfe3407a088211ebbd6dac1f6bf848b6,False,False,False,0.0,0.0,0,0,0,0,{}
pool10_margin25,cd05f93208de11ebbd9fac1f6bf848b6,True,False,False,0.0,0.0,0,0,0,0,{}
pool10_margin25,19e6c50608d711ebbd99ac1f6bf848b6,True,False,False,0.0,0.0,0,0,0,0,{}
pool10_margin25,a9277caa0bdd11eba7f7acde48001122,False,True,False,0.0,0.0,0,0,0,0,{}
pool10_margin25,5ba83f9a08af11ebbd83ac1f6bf848b6,True,False,False,0.0,0.0,0,0,0,0,{}
pool10_margin25,d9f5fd9a0bdb11eba7f7acde48001122,True,False,False,0.0,0.0,0,0,0,0,{}
pool10_margin25,d323fb0208c011ebbd8aac1f6bf848b6,True,False,False,0.0,0.0,0,0,0,0,{}
pool10_margin25,4a8ffd360bdb11eba7f7acde48001122,True,False,False,0.0,0.0,0,0,0,0,{}
pool10_margin25,abf002e908a611ebbd7fac1f6bf848b6,False,True,False,0.0,0.0,0,0,0,0,{}
pool10_margin25,438a3de40bdb11eba7f7acde48001122,True,False,False,0.0,0.0,0,0,0,0,{}
pool10_margin25,d501f7c40bdd11eba7f7acde48001122,True,False,False,0.0,0.0,0,0,0,0,{}
pool10_margin25,62aa2da40bb011ebab90acde48001122,True,False,False,0.0,0.0,0,0,0,0,{}
pool10_margin25,2714c89a0baf11ebab90acde48001122,True,False,False,0.0,0.0,0,0,0,0,{}
pool10_margin25,fd848f860bdd11eba7f7acde48001122,False,True,False,0.0,0.0,0,0,0,0,{}
pool10_margin25,767efc000bde11eba7f7acde48001122,False,True,False,0.0,0.0,0,0,0,0,{}
pool10_margin25,3413a86c0bb011ebab90acde48001122,True,False,False,0.0,0.0,0,0,0,0,{}
pool10_margin25,7603449c08e711ebbda6ac1f6bf848b6,False,False,False,0.0,0.0,0,0,0,0,{}
pool10_margin25,3685f31a0bde11eba7f7acde48001122,True,False,False,0.0,0.0,0,0,0,0,{}
pool10_margin25,43a0d7cd087d11ebbd6aac1f6bf848b6,True,False,False,0.0,0.0,0,0,0,0,{}
pool10_margin25,261caca2085011ebbd56ac1f6bf848b6,True,False,False,0.0,0.0,0,0,0,0,{}
pool10_margin25,3c18a0d00bb011ebab90acde48001122,True,False,False,0.0,0.0,0,0,0,0,{}
pool10_margin25,aaadd9f80baf11ebab90acde48001122,True,False,False,0.0,0.0,0,0,0,0,{}
pool10_margin25,7a6381980bdd11eba7f7acde48001122,True,False,False,0.0,0.0,0,0,0,0,{}
pool10_margin25,655a05b0089a11ebbd77ac1f6bf848b6,True,False,False,0.0,0.0,0,0,0,0,{}
pool10_margin25,49ba338e08b511ebbd88ac1f6bf848b6,True,False,False,0.0,0.0,0,0,0,0,{}
pool10_margin25,68a9e3c60bdc11eba7f7acde48001122,False,True,False,0.0,0.0,0,0,0,0,{}
pool10_margin25,bf625caa08dc11ebbd9dac1f6bf848b6,True,False,False,0.0,0.0,0,0,0,0,{}
pool10_margin25,8f038cdb096011ebbdafac1f6bf848b6,True,False,False,0.0,0.0,0,0,0,0,{}
pool10_margin25,1442e9a20bde11eba7f7acde48001122,False,True,False,0.0,0.0,0,0,0,0,{}
pool10_margin25,f7ff22da089011ebbd72ac1f6bf848b6,True,False,False,0.0,0.0,0,0,0,0,{}
pool10_margin25,e3280f82092b11ebbdaeac1f6bf848b6,True,False,False,0.0,0.0,0,0,0,0,{}
pool10_margin25,7247b1320bb011ebab90acde48001122,True,False,False,0.0,0.0,0,0,0,0,{}
pool10_margin25,f88912f008da11ebbd9cac1f6bf848b6,False,True,False,0.0,0.0,0,0,0,0,{}
pool10_margin25,42d8ba2108ec11ebbda7ac1f6bf848b6,True,False,False,0.0,0.0,0,0,0,0,{}
pool10_margin25,9f2a95bd08b211ebbd85ac1f6bf848b6,True,False,False,0.0,0.0,0,0,0,0,{}
pool10_margin25,fcd3ff500baf11ebab90acde48001122,True,False,False,0.0,0.0,0,0,0,0,{}
pool10_margin25,7e6280500bdd11eba7f7acde48001122,True,False,False,0.0,0.0,0,0,0,0,{}
pool10_margin25,6db45b3208bf11ebbd8aac1f6bf848b6,False,False,False,0.0,0.0,0,0,0,0,{}
pool10_margin25,a0027b6e087e11ebbd6bac1f6bf848b6,True,False,False,0.0,0.0,0,0,0,0,{}
pool10_margin25,e53937d00bae11ebab90acde48001122,True,False,False,0.0,0.0,0,0,0,0,{}
pool10_margin25,2b7db0200bde11eba7f7acde48001122,False,True,False,0.0,0.0,0,0,0,0,{}
pool10_margin25,f48a4ace0bdd11eba7f7acde48001122,True,False,False,0.0,0.0,0,0,0,0,{}
pool10_margin25,036c82480baf11ebab90acde48001122,True,False,True,0.0,0.0,0,1,0,1,"{""lexical_hard_negative"": 1}"
pool10_margin25,d667e18f08d911ebbd9cac1f6bf848b6,False,True,False,0.0,0.0,0,0,0,0,{}
pool10_margin25,ace717d0088411ebbd6dac1f6bf848b6,True,False,False,0.0,0.0,0,0,0,0,{}
pool10_margin25,cf357f9008cf11ebbd95ac1f6bf848b6,True,False,False,0.0,0.0,0,0,0,0,{}
pool10_margin25,6add3d560bdb11eba7f7acde48001122,False,False,False,0.0,0.0,0,0,0,0,{}
pool10_margin25,5498821a0bb011ebab90acde48001122,False,True,False,0.0,0.0,0,0,0,0,{}
pool10_margin25,d0df520a0bdc11eba7f7acde48001122,True,False,False,0.0,0.0,0,0,0,0,{}
pool10_margin25,86d1025008c611ebbd90ac1f6bf848b6,True,False,False,0.0,0.0,0,0,0,0,{}
pool10_margin25,1d507a43086d11ebbd61ac1f6bf848b6,False,False,False,0.0,0.0,0,0,0,0,{}
pool10_margin25,66bac6160bdc11eba7f7acde48001122,True,False,False,0.0,0.0,0,0,0,0,{}
pool10_margin25,f5bd6a3a093e11ebbdaeac1f6bf848b6,True,False,False,0.0,0.0,0,0,0,0,{}
pool10_margin25,10b8567808c311ebbd8dac1f6bf848b6,True,False,False,0.0,0.0,0,0,0,0,{}
pool10_margin25,a7f886c5094d11ebbdaeac1f6bf848b6,True,False,False,0.0,0.0,0,0,0,0,{}
pool10_margin25,215d741f08e511ebbda4ac1f6bf848b6,True,False,False,0.0,0.0,0,0,0,0,{}
pool10_margin25,1d913467087611ebbd67ac1f6bf848b6,True,False,False,0.0,0.0,0,0,0,0,{}
pool10_margin25,2ea72c0c084d11ebbd56ac1f6bf848b6,True,False,False,0.0,0.0,0,0,0,0,{}
pool10_margin25,1ff759ea0bde11eba7f7acde48001122,True,False,False,0.0,0.0,0,0,0,0,{}
pool10_margin25,7a894f7c0bdd11eba7f7acde48001122,True,False,False,0.0,0.0,0,0,0,0,{}
pool10_margin25,90fdcd120bda11eba7f7acde48001122,True,False,False,0.0,0.0,0,0,0,0,{}
pool10_margin25,e35cbc5a086511ebbd5eac1f6bf848b6,True,False,False,0.0,0.0,0,0,0,0,{}
pool10_margin25,6837abca0bb011ebab90acde48001122,True,False,False,0.0,0.0,0,0,0,0,{}
pool10_margin25,104c34700bde11eba7f7acde48001122,False,True,False,0.0,0.0,0,0,0,0,{}
pool10_margin25,a0ff83e808b211ebbd85ac1f6bf848b6,True,False,False,0.0,0.0,0,0,0,0,{}
pool10_margin25,4f95a4440bda11eba7f7acde48001122,True,False,False,0.0,0.0,0,0,0,0,{}
pool10_margin25,eb5e96420bda11eba7f7acde48001122,True,False,False,0.0,0.0,0,0,0,0,{}
pool10_margin25,dd90826d086c11ebbd61ac1f6bf848b6,False,False,False,0.0,0.0,0,0,0,0,{}
pool10_margin25,d64d24180bd911eba7f7acde48001122,True,False,False,0.0,0.0,0,0,0,0,{}
pool10_margin25,08bb14940bdc11eba7f7acde48001122,True,False,True,0.0,0.0,0,1,0,1,"{""lexical_hard_negative"": 1}"
pool10_margin25,b4e53bdc08c111ebbd8bac1f6bf848b6,True,False,False,0.0,0.0,0,0,0,0,{}
pool10_margin25,c35c917e085f11ebbd5dac1f6bf848b6,True,False,False,0.0,0.0,0,0,0,0,{}
pool10_margin25,0495b7fc086411ebbd5eac1f6bf848b6,True,False,False,0.0,0.0,0,0,0,0,{}
pool10_margin25,d9b98ec5085b11ebbd5cac1f6bf848b6,True,False,False,0.0,0.0,0,0,0,0,{}
pool10_margin25,9d1b21eb087d11ebbd6bac1f6bf848b6,True,False,False,0.0,0.0,0,0,0,0,{}
pool10_margin25,c9983efa086511ebbd5eac1f6bf848b6,True,False,False,0.0,0.0,0,0,0,0,{}
pool10_margin25,1e4d9f2008ff11ebbdadac1f6bf848b6,True,False,False,0.0,0.0,0,0,0,0,{}
pool10_margin25,ed2119b608ae11ebbd83ac1f6bf848b6,True,False,False,0.0,0.0,0,0,0,0,{}
pool10_margin25,0277d67808c411ebbd8eac1f6bf848b6,True,False,False,0.0,0.0,0,0,0,0,{}
pool10_margin25,a246875408d211ebbd96ac1f6bf848b6,True,False,True,0.0,0.0,0,1,0,1,"{""lexical_hard_negative"": 1}"
pool10_margin25,fde3a7880bdc11eba7f7acde48001122,False,False,False,0.0,0.0,0,0,0,0,{}
pool10_margin25,ae585fc20bd911eba7f7acde48001122,True,False,False,0.0,0.0,0,0,0,0,{}
pool10_margin25,ea3ca41f09b811ebbdb0ac1f6bf848b6,True,False,False,0.0,0.0,0,0,0,0,{}
pool10_margin25,6355d0d1095011ebbdaeac1f6bf848b6,True,False,False,0.0,0.0,0,0,0,0,{}
pool10_margin25,d7004d5c0bdb11eba7f7acde48001122,True,False,False,0.0,0.0,0,0,0,0,{}
pool10_margin25,6a6bc12208a611ebbd7fac1f6bf848b6,True,False,False,0.0,0.0,0,0,0,0,{}
pool10_margin25,ec9f313c08c211ebbd8cac1f6bf848b6,True,False,False,0.0,0.0,0,0,0,0,{}
pool10_margin25,6ddf631e0bde11eba7f7acde48001122,False,False,False,0.0,0.0,0,0,0,0,{}
pool10_margin25,759305480bde11eba7f7acde48001122,True,False,True,-1.0,-0.5,0,1,1,0,"{""lexical_hard_negative"": 1}"
pool10_margin25,80fa14d408e411ebbda4ac1f6bf848b6,True,False,False,0.0,0.0,0,0,0,0,{}
pool10_margin25,7939c1460bd911eba7f7acde48001122,True,False,False,0.0,0.0,0,0,0,0,{}
pool10_margin25,68f864fe0bde11eba7f7acde48001122,True,False,False,0.0,0.0,0,0,0,0,{}
pool10_margin25,ee3304c2087411ebbd67ac1f6bf848b6,True,False,False,0.0,0.0,0,0,0,0,{}
pool10_margin25,cfbc66400bd911eba7f7acde48001122,True,False,False,0.0,0.0,0,0,0,0,{}
pool10_margin25,0e161d6c084e11ebbd56ac1f6bf848b6,True,False,False,0.0,0.0,0,0,0,0,{}
pool10_margin25,f1145dc6084f11ebbd56ac1f6bf848b6,False,True,False,0.0,0.0,0,0,0,0,{}
pool10_margin25,057366eb087311ebbd66ac1f6bf848b6,True,False,False,0.0,0.0,0,0,0,0,{}
pool10_margin25,5d474f140baf11ebab90acde48001122,False,False,False,0.0,0.0,0,0,0,0,{}
pool10_margin25,dd5d3c540bdc11eba7f7acde48001122,True,False,False,0.0,0.0,0,0,0,0,{}
pool10_margin25,1adcd9bc086911ebbd5eac1f6bf848b6,True,False,False,0.0,0.0,0,0,0,0,{}
pool10_margin25,b7de2a860bd911eba7f7acde48001122,False,False,False,0.0,0.0,0,0,0,0,{}
pool10_margin25,4e786ebb08f911ebbdaaac1f6bf848b6,True,False,False,0.0,0.0,0,0,0,0,{}
pool10_margin25,b3a00ba508bb11ebbd88ac1f6bf848b6,False,True,False,0.0,0.0,0,0,0,0,{}
pool10_margin25,fcc1bcc008d311ebbd96ac1f6bf848b6,True,False,False,0.0,0.0,0,0,0,0,{}
pool10_margin25,62ce8c8e0bde11eba7f7acde48001122,True,False,True,0.0,0.0,0,1,0,1,"{""lexical_hard_negative"": 1}"
pool10_margin25,285016800bda11eba7f7acde48001122,False,False,False,0.0,0.0,0,0,0,0,{}
pool10_margin25,583a6e45085c11ebbd5cac1f6bf848b6,True,False,False,0.0,0.0,0,0,0,0,{}
pool10_margin25,87f1c0da08e611ebbda5ac1f6bf848b6,False,True,False,0.0,0.0,0,0,0,0,{}
pool10_margin25,364458b20baf11ebab90acde48001122,False,True,True,1.0,0.5,1,0,0,1,{}
pool10_margin25,db2b0d96086f11ebbd62ac1f6bf848b6,True,False,False,0.0,0.0,0,0,0,0,{}
pool10_margin25,1cfbe61008d311ebbd96ac1f6bf848b6,True,False,False,0.0,0.0,0,0,0,0,{}
pool10_margin25,3ac032da0baf11ebab90acde48001122,True,False,False,0.0,0.0,0,0,0,0,{}
pool10_margin25,d5cec92708df11ebbda1ac1f6bf848b6,True,False,False,0.0,0.0,0,0,0,0,{}
pool10_margin25,07211fce094e11ebbdaeac1f6bf848b6,True,False,False,0.0,0.0,0,0,0,0,{}
pool10_margin25,19041a7f08e111ebbda2ac1f6bf848b6,False,True,True,1.0,0.5,1,0,0,1,{}
pool10_margin25,0c3dba160bde11eba7f7acde48001122,True,False,False,0.0,0.0,0,0,0,0,{}
pool10_margin25,efaaa1bc0bdc11eba7f7acde48001122,True,False,False,0.0,0.0,0,0,0,0,{}
pool10_margin25,433bcf3d08b711ebbd88ac1f6bf848b6,False,True,False,0.0,0.0,0,0,0,0,{}
pool10_margin25,24672c120bde11eba7f7acde48001122,True,False,False,0.0,0.0,0,0,0,0,{}
pool10_margin25,507bc3300bde11eba7f7acde48001122,True,False,False,0.0,0.0,0,0,0,0,{}
pool10_margin25,2536562e0baf11ebab90acde48001122,False,True,False,0.0,0.0,0,0,0,0,{}
pool10_margin25,4397f3460bde11eba7f7acde48001122,True,False,False,0.0,0.0,0,0,0,0,{}
pool10_margin25,97ce0ec00baf11ebab90acde48001122,True,False,False,0.0,0.0,0,0,0,0,{}
pool10_margin25,c7417f2208d811ebbd9cac1f6bf848b6,True,False,False,0.0,0.0,0,0,0,0,{}
pool10_margin25,d5d5034e0bdd11eba7f7acde48001122,True,False,False,0.0,0.0,0,0,0,0,{}
pool10_margin25,561a61ae0bdc11eba7f7acde48001122,True,False,False,0.0,0.0,0,0,0,0,{}
pool10_margin25,5043b106086011ebbd5dac1f6bf848b6,True,False,False,0.0,0.0,0,0,0,0,{}
pool10_margin25,1a5c63320bdd11eba7f7acde48001122,True,False,False,0.0,0.0,0,0,0,0,{}
pool10_margin25,11854514087511ebbd67ac1f6bf848b6,False,False,False,0.0,0.0,0,0,0,0,{}
pool10_margin25,dcf15106087811ebbd67ac1f6bf848b6,True,False,False,0.0,0.0,0,0,0,0,{}
pool10_margin25,16b4c9fe0bdd11eba7f7acde48001122,True,False,False,0.0,0.0,0,0,0,0,{}
pool10_margin25,385c3978086f11ebbd62ac1f6bf848b6,False,False,False,0.0,0.0,0,0,0,0,{}
pool10_margin25,ddd7f12c086911ebbd5fac1f6bf848b6,False,True,False,0.0,0.0,0,0,0,0,{}
pool10_margin25,595209340bb011ebab90acde48001122,False,True,True,0.0,0.0,0,1,0,1,"{""lexical_hard_negative"": 1}"
pool10_margin25,67326a9408c711ebbd91ac1f6bf848b6,True,False,False,0.0,0.0,0,0,0,0,{}
pool10_margin25,e7d5fd3708c811ebbd92ac1f6bf848b6,True,False,False,0.0,0.0,0,0,0,0,{}
pool10_margin25,1649093b091e11ebbdaeac1f6bf848b6,True,False,False,0.0,0.0,0,0,0,0,{}
pool10_margin25,371c1d5e0bde11eba7f7acde48001122,True,False,False,0.0,0.0,0,0,0,0,{}
pool10_margin25,42525ae2089311ebbd74ac1f6bf848b6,True,False,False,0.0,0.0,0,0,0,0,{}
pool10_margin25,b66d42be0bdd11eba7f7acde48001122,True,False,False,0.0,0.0,0,0,0,0,{}
pool10_margin25,f9a3bf6a0bdb11eba7f7acde48001122,True,False,False,0.0,0.0,0,0,0,0,{}
pool10_margin25,cc98efde0bdd11eba7f7acde48001122,True,False,True,0.0,0.0,0,1,0,1,"{""lexical_hard_negative"": 1}"
pool10_margin25,c91ee6480bdc11eba7f7acde48001122,True,False,False,0.0,0.0,0,0,0,0,{}
pool10_margin25,277abef40bda11eba7f7acde48001122,True,False,False,0.0,0.0,0,0,0,0,{}
pool10_margin25,26ba678e0bdb11eba7f7acde48001122,True,False,False,0.0,0.0,0,0,0,0,{}
pool10_margin25,a96fec4c0bdd11eba7f7acde48001122,True,False,False,0.0,0.0,0,0,0,0,{}
pool10_margin25,c5d5e525088811ebbd6eac1f6bf848b6,True,False,False,0.0,0.0,0,0,0,0,{}
pool10_margin25,2c316f4608bb11ebbd88ac1f6bf848b6,True,False,False,0.0,0.0,0,0,0,0,{}
pool10_margin25,c97a9d3c08c411ebbd8eac1f6bf848b6,True,False,False,0.0,0.0,0,0,0,0,{}
pool10_margin25,8be3dafe08d511ebbd98ac1f6bf848b6,False,True,False,0.0,0.0,0,0,0,0,{}
pool10_margin25,d77302ce08b711ebbd88ac1f6bf848b6,True,False,False,0.0,0.0,0,0,0,0,{}
pool10_margin25,57e7c378087311ebbd66ac1f6bf848b6,False,True,False,0.0,0.0,0,0,0,0,{}
pool10_margin25,f67a19540bdd11eba7f7acde48001122,True,False,False,0.0,0.0,0,0,0,0,{}
pool10_margin25,5bbe52ec08e311ebbda4ac1f6bf848b6,True,False,False,0.0,0.0,0,0,0,0,{}
pool10_margin25,5f35e944087011ebbd62ac1f6bf848b6,False,True,False,0.0,0.0,0,0,0,0,{}
pool10_margin25,9ddd446b089f11ebbd78ac1f6bf848b6,False,False,False,0.0,0.0,0,0,0,0,{}
pool10_margin25,3d4662300bb011ebab90acde48001122,True,False,False,0.0,0.0,0,0,0,0,{}
pool10_margin25,0735d65e08b711ebbd88ac1f6bf848b6,True,False,False,0.0,0.0,0,0,0,0,{}
pool10_margin25,812068dd087e11ebbd6bac1f6bf848b6,True,False,False,0.0,0.0,0,0,0,0,{}
pool10_margin25,701433f00baf11ebab90acde48001122,False,True,False,0.0,0.0,0,0,0,0,{}
pool10_margin25,53d6ad2a0bb011ebab90acde48001122,False,True,True,1.0,0.5,1,0,0,1,{}
pool10_margin25,e979075e0bda11eba7f7acde48001122,True,False,False,0.0,0.0,0,0,0,0,{}
pool10_margin25,2e294eec0bde11eba7f7acde48001122,True,False,True,0.0,0.0,0,1,0,1,"{""lexical_hard_negative"": 1}"
pool10_margin25,676bf7000bb011ebab90acde48001122,False,True,False,0.0,0.0,0,0,0,0,{}
pool10_margin25,5760bd8208b311ebbd86ac1f6bf848b6,False,True,False,0.0,0.0,0,0,0,0,{}
pool10_margin25,acdf3b1e08d411ebbd96ac1f6bf848b6,True,False,False,0.0,0.0,0,0,0,0,{}
pool10_margin25,bb72bde108a711ebbd7fac1f6bf848b6,True,False,False,0.0,0.0,0,0,0,0,{}
pool10_margin25,d1ca4c640bdd11eba7f7acde48001122,False,False,False,0.0,0.0,0,0,0,0,{}
pool10_margin25,e140bb540bda11eba7f7acde48001122,True,False,False,0.0,0.0,0,0,0,0,{}
pool10_margin25,7c7bf2d308c011ebbd8aac1f6bf848b6,True,False,False,0.0,0.0,0,0,0,0,{}
pool10_margin25,effa87900bdc11eba7f7acde48001122,True,False,True,0.0,0.0,0,1,0,1,"{""lexical_hard_negative"": 1}"
pool10_margin25,4fa1e2b5097211ebbdb0ac1f6bf848b6,True,False,False,0.0,0.0,0,0,0,0,{}
pool10_margin25,a3ac1ca20bda11eba7f7acde48001122,False,True,True,0.0,0.0,0,1,0,1,"{""lexical_hard_negative"": 1}"
pool10_margin25,b358b348084e11ebbd56ac1f6bf848b6,True,False,False,0.0,0.0,0,0,0,0,{}
pool10_margin25,13fc53700bde11eba7f7acde48001122,True,False,False,0.0,0.0,0,0,0,0,{}
pool10_margin25,ecf5d7b60bdc11eba7f7acde48001122,False,True,False,0.0,0.0,0,0,0,0,{}
pool10_margin25,8715eeb808e411ebbda4ac1f6bf848b6,False,True,False,0.0,0.0,0,0,0,0,{}
pool10_margin25,74e1c5da0bde11eba7f7acde48001122,True,False,False,0.0,0.0,0,0,0,0,{}
pool10_margin25,e8df7a2e095c11ebbdaeac1f6bf848b6,True,False,False,0.0,0.0,0,0,0,0,{}
pool10_margin25,843cd4520bd911eba7f7acde48001122,True,False,False,0.0,0.0,0,0,0,0,{}
pool10_margin25,d6e0f7f00bda11eba7f7acde48001122,True,False,False,0.0,0.0,0,0,0,0,{}
pool10_margin25,ec5882f008bb11ebbd88ac1f6bf848b6,False,True,False,0.0,0.0,0,0,0,0,{}
pool10_margin25,df13ddf40bdd11eba7f7acde48001122,True,False,False,0.0,0.0,0,0,0,0,{}
pool10_margin25,4ccfe12d08b811ebbd88ac1f6bf848b6,True,False,False,0.0,0.0,0,0,0,0,{}
pool10_margin25,48d7196a08df11ebbda0ac1f6bf848b6,True,False,False,0.0,0.0,0,0,0,0,{}
pool10_margin25,87e4e1e0088b11ebbd6fac1f6bf848b6,True,False,False,0.0,0.0,0,0,0,0,{}
pool10_margin25,67f75e6008ec11ebbda7ac1f6bf848b6,True,False,False,0.0,0.0,0,0,0,0,{}
pool10_margin25,26497355084c11ebbd56ac1f6bf848b6,True,False,False,0.0,0.0,0,0,0,0,{}
pool10_margin25,10b8d7940baf11ebab90acde48001122,False,True,False,0.0,0.0,0,0,0,0,{}
pool10_margin25,c21f7548085c11ebbd5cac1f6bf848b6,True,False,False,0.0,0.0,0,0,0,0,{}
pool10_margin25,c2b303ae08c411ebbd8eac1f6bf848b6,True,False,False,0.0,0.0,0,0,0,0,{}
pool10_margin25,1152ae5408f611ebbdaaac1f6bf848b6,True,False,False,0.0,0.0,0,0,0,0,{}
pool10_margin25,f6f9fbdc0bd911eba7f7acde48001122,False,False,False,0.0,0.0,0,0,0,0,{}
pool10_margin25,4118ac360bda11eba7f7acde48001122,True,False,False,0.0,0.0,0,0,0,0,{}
pool10_margin25,54014a680baf11ebab90acde48001122,True,False,False,0.0,0.0,0,0,0,0,{}
pool10_margin25,a3e5f6e6086711ebbd5eac1f6bf848b6,True,False,False,0.0,0.0,0,0,0,0,{}
pool10_margin25,fd704fe00bdc11eba7f7acde48001122,True,False,False,0.0,0.0,0,0,0,0,{}
pool10_margin25,a139d5b8096811ebbdafac1f6bf848b6,True,False,False,0.0,0.0,0,0,0,0,{}
pool10_margin25,b4f937fa08cf11ebbd95ac1f6bf848b6,True,False,False,0.0,0.0,0,0,0,0,{}
pool10_margin25,fbf8fd9e0bda11eba7f7acde48001122,True,False,False,0.0,0.0,0,0,0,0,{}
pool10_margin25,a4d8ea760bdd11eba7f7acde48001122,True,False,False,0.0,0.0,0,0,0,0,{}
pool10_margin25,05b1ac800bdd11eba7f7acde48001122,False,False,False,0.0,0.0,0,0,0,0,{}
pool10_margin25,6e6f7ec20bde11eba7f7acde48001122,True,False,False,0.0,0.0,0,0,0,0,{}
pool10_margin25,08cae5720baf11ebab90acde48001122,True,False,False,0.0,0.0,0,0,0,0,{}
pool10_margin25,dfaed4a408b211ebbd85ac1f6bf848b6,False,False,False,0.0,0.0,0,0,0,0,{}
pool10_margin25,8c7fffe40bda11eba7f7acde48001122,True,False,False,0.0,0.0,0,0,0,0,{}
pool10_margin25,2b9528860bde11eba7f7acde48001122,True,False,False,0.0,0.0,0,0,0,0,{}
pool10_margin25,20ad267b087411ebbd67ac1f6bf848b6,True,False,False,0.0,0.0,0,0,0,0,{}
pool10_margin25,b73268780bdd11eba7f7acde48001122,True,False,False,0.0,0.0,0,0,0,0,{}
pool10_margin25,16e1006809ab11ebbdb0ac1f6bf848b6,False,True,False,0.0,0.0,0,0,0,0,{}
pool10_margin25,70a6d78e085311ebbd59ac1f6bf848b6,True,False,False,0.0,0.0,0,0,0,0,{}
pool10_margin25,28470e820bda11eba7f7acde48001122,True,False,False,0.0,0.0,0,0,0,0,{}
pool10_margin25,0cdb4d11085c11ebbd5cac1f6bf848b6,True,False,False,0.0,0.0,0,0,0,0,{}
pool10_margin25,af16832e0bdb11eba7f7acde48001122,False,False,False,0.0,0.0,0,0,0,0,{}
pool10_margin25,bd036cfc088811ebbd6eac1f6bf848b6,True,False,False,0.0,0.0,0,0,0,0,{}
pool10_margin25,776002d4090a11ebbdadac1f6bf848b6,False,True,False,0.0,0.0,0,0,0,0,{}
pool10_margin25,5a733ed40bdb11eba7f7acde48001122,True,False,False,0.0,0.0,0,0,0,0,{}
pool10_margin25,cc3587140bdd11eba7f7acde48001122,False,True,False,0.0,0.0,0,0,0,0,{}
pool10_margin25,f418184a08be11ebbd8aac1f6bf848b6,False,False,False,0.0,0.0,0,0,0,0,{}
pool10_margin25,9d054e980bdd11eba7f7acde48001122,True,False,False,0.0,0.0,0,0,0,0,{}
pool10_margin25,b74ad1d208f511ebbdaaac1f6bf848b6,True,False,False,0.0,0.0,0,0,0,0,{}
pool10_margin25,ab238f6a0bda11eba7f7acde48001122,True,False,False,0.0,0.0,0,0,0,0,{}
pool10_margin25,8e162d18086711ebbd5eac1f6bf848b6,True,False,False,0.0,0.0,0,0,0,0,{}
pool10_margin25,89cb4a26089511ebbd75ac1f6bf848b6,True,False,False,0.0,0.0,0,0,0,0,{}
pool10_margin25,3143ca94096011ebbdafac1f6bf848b6,True,False,False,0.0,0.0,0,0,0,0,{}
pool10_margin25,ae3836900bdc11eba7f7acde48001122,True,False,False,0.0,0.0,0,0,0,0,{}
pool10_margin25,a42b97c80bdc11eba7f7acde48001122,False,False,False,0.0,0.0,0,0,0,0,{}
pool10_margin25,8bc6a73a0bb011ebab90acde48001122,True,False,False,0.0,0.0,0,0,0,0,{}
pool10_margin25,73755d740bd911eba7f7acde48001122,True,False,False,0.0,0.0,0,0,0,0,{}
pool10_margin25,844db8ce0bdb11eba7f7acde48001122,True,False,False,0.0,0.0,0,0,0,0,{}
pool10_margin25,1691ef940bdb11eba7f7acde48001122,False,False,False,0.0,0.0,0,0,0,0,{}
pool10_margin25,a8cbc4c40bdc11eba7f7acde48001122,True,False,False,0.0,0.0,0,0,0,0,{}
pool10_margin25,1dba599508b811ebbd88ac1f6bf848b6,True,False,False,0.0,0.0,0,0,0,0,{}
pool10_margin25,4ab64cf80bda11eba7f7acde48001122,True,False,False,0.0,0.0,0,0,0,0,{}
pool10_margin25,1767e56608e011ebbda1ac1f6bf848b6,False,False,False,0.0,0.0,0,0,0,0,{}
pool10_margin25,9766cddc0bdc11eba7f7acde48001122,True,False,False,0.0,0.0,0,0,0,0,{}
pool10_margin25,5a34b04e0bd911eba7f7acde48001122,True,False,False,0.0,0.0,0,0,0,0,{}
pool10_margin25,f4427a300bda11eba7f7acde48001122,True,False,False,0.0,0.0,0,0,0,0,{}
pool10_margin25,e9940b6a0baf11ebab90acde48001122,True,False,True,0.0,0.0,0,1,0,1,"{""lexical_hard_negative"": 1}"
pool10_margin25,064edb0908cd11ebbd93ac1f6bf848b6,True,False,False,0.0,0.0,0,0,0,0,{}
pool10_margin25,169c31500bb011ebab90acde48001122,True,False,False,0.0,0.0,0,0,0,0,{}
pool10_margin25,cdab733e086711ebbd5eac1f6bf848b6,True,False,False,0.0,0.0,0,0,0,0,{}
pool10_margin25,d759ab480bdd11eba7f7acde48001122,True,False,False,0.0,0.0,0,0,0,0,{}
pool10_margin25,f329c007089011ebbd72ac1f6bf848b6,False,True,False,0.0,0.0,0,0,0,0,{}
pool10_margin25,37a7af5a0bb011ebab90acde48001122,True,False,False,0.0,0.0,0,0,0,0,{}
pool10_margin25,5effec28087111ebbd63ac1f6bf848b6,True,False,False,0.0,0.0,0,0,0,0,{}
pool10_margin25,28db126d08c911ebbd92ac1f6bf848b6,True,False,False,0.0,0.0,0,0,0,0,{}
pool10_margin25,db3efac40bdd11eba7f7acde48001122,True,False,False,0.0,0.0,0,0,0,0,{}
pool10_margin25,07f4d7620bdb11eba7f7acde48001122,True,False,False,0.0,0.0,0,0,0,0,{}
pool10_margin25,bd46e5d20baf11ebab90acde48001122,True,False,False,0.0,0.0,0,0,0,0,{}
pool10_margin25,0cbcfc680bde11eba7f7acde48001122,True,False,False,0.0,0.0,0,0,0,0,{}
pool10_margin25,904d037508ab11ebbd82ac1f6bf848b6,True,False,False,0.0,0.0,0,0,0,0,{}
pool10_margin25,0e73737408ba11ebbd88ac1f6bf848b6,True,False,False,0.0,0.0,0,0,0,0,{}
pool10_margin25,6b6a8d6008c411ebbd8eac1f6bf848b6,True,False,False,0.0,0.0,0,0,0,0,{}
pool10_margin25,2cc66d74089011ebbd72ac1f6bf848b6,True,False,False,0.0,0.0,0,0,0,0,{}
pool10_margin25,1d3a02a40bdc11eba7f7acde48001122,True,False,True,0.0,0.0,0,1,0,1,"{""low_signal_deep_negative"": 1}"
pool10_margin25,534cb7600bdc11eba7f7acde48001122,True,False,False,0.0,0.0,0,0,0,0,{}
pool10_margin25,f775073c086b11ebbd60ac1f6bf848b6,True,False,False,0.0,0.0,0,0,0,0,{}
pool10_margin25,e3d357bc08d511ebbd98ac1f6bf848b6,True,False,False,0.0,0.0,0,0,0,0,{}
pool10_margin25,8f153a80084911ebbd55ac1f6bf848b6,True,False,False,0.0,0.0,0,0,0,0,{}
pool10_margin25,4610f47c095811ebbdaeac1f6bf848b6,True,False,False,0.0,0.0,0,0,0,0,{}
pool10_margin25,b8f13b3709b111ebbdb0ac1f6bf848b6,False,False,False,0.0,0.0,0,0,0,0,{}
pool10_margin25,20058aec0bde11eba7f7acde48001122,True,False,False,0.0,0.0,0,0,0,0,{}
pool10_margin25,ab622778089911ebbd77ac1f6bf848b6,False,True,False,0.0,0.0,0,0,0,0,{}
pool10_margin25,897bcb4a0bb011ebab90acde48001122,False,True,False,0.0,0.0,0,0,0,0,{}
pool10_margin25,6c7f03240bdb11eba7f7acde48001122,True,False,False,0.0,0.0,0,0,0,0,{}
pool10_margin25,5df2969e0baf11ebab90acde48001122,True,False,False,0.0,0.0,0,0,0,0,{}
pool10_margin25,66119246086f11ebbd62ac1f6bf848b6,True,False,False,0.0,0.0,0,0,0,0,{}
pool10_margin25,8ba63ce8098f11ebbdb0ac1f6bf848b6,True,False,False,0.0,0.0,0,0,0,0,{}
pool10_margin25,5bdd3aec087d11ebbd6aac1f6bf848b6,False,True,False,0.0,0.0,0,0,0,0,{}
pool10_margin25,858455fe087a11ebbd67ac1f6bf848b6,False,True,False,0.0,0.0,0,0,0,0,{}
pool10_margin25,cfa6279a085511ebbd59ac1f6bf848b6,True,False,False,0.0,0.0,0,0,0,0,{}
pool10_margin25,6ae33560087211ebbd65ac1f6bf848b6,False,True,False,0.0,0.0,0,0,0,0,{}
pool10_margin25,fada4867088b11ebbd6fac1f6bf848b6,True,False,False,0.0,0.0,0,0,0,0,{}
pool10_margin25,bc48115a094e11ebbdaeac1f6bf848b6,True,False,False,0.0,0.0,0,0,0,0,{}
pool10_margin25,899ecc9e0bb011ebab90acde48001122,False,True,False,0.0,0.0,0,0,0,0,{}
pool10_margin25,979c47d20bdc11eba7f7acde48001122,True,False,False,0.0,0.0,0,0,0,0,{}
pool10_margin25,8820c510086411ebbd5eac1f6bf848b6,False,False,False,0.0,0.0,0,0,0,0,{}
pool10_margin25,a56254760bda11eba7f7acde48001122,True,False,False,0.0,0.0,0,0,0,0,{}
pool10_margin25,a4f725e5088c11ebbd6fac1f6bf848b6,True,False,False,0.0,0.0,0,0,0,0,{}
pool10_margin25,e1a69e46088911ebbd6eac1f6bf848b6,False,False,False,0.0,0.0,0,0,0,0,{}
pool10_margin25,f5712c9c08a811ebbd7fac1f6bf848b6,True,False,False,0.0,0.0,0,0,0,0,{}
pool10_margin25,adf633ba08b911ebbd88ac1f6bf848b6,True,False,False,0.0,0.0,0,0,0,0,{}
pool10_margin25,b0b2952008d311ebbd96ac1f6bf848b6,True,False,False,0.0,0.0,0,0,0,0,{}
pool10_margin25,6f4ef6f60bd911eba7f7acde48001122,True,False,False,0.0,0.0,0,0,0,0,{}
pool10_margin25,3293d68c0bde11eba7f7acde48001122,True,False,True,0.0,0.0,0,1,0,1,"{""lexical_hard_negative"": 1}"
pool10_margin25,611ddbf80bdc11eba7f7acde48001122,True,False,False,0.0,0.0,0,0,0,0,{}
pool10_margin25,464cfa460bd911eba7f7acde48001122,False,True,False,0.0,0.0,0,0,0,0,{}
pool10_margin25,14576a100bdb11eba7f7acde48001122,False,False,False,0.0,0.0,0,0,0,0,{}
pool10_margin25,4ec76c9c089111ebbd73ac1f6bf848b6,True,False,False,0.0,0.0,0,0,0,0,{}
pool10_margin25,3bd4278d08fb11ebbdacac1f6bf848b6,True,False,False,0.0,0.0,0,0,0,0,{}
pool10_margin25,74eb875e086a11ebbd5fac1f6bf848b6,True,False,False,0.0,0.0,0,0,0,0,{}
pool10_margin25,816523c60bdc11eba7f7acde48001122,True,False,False,0.0,0.0,0,0,0,0,{}
pool10_margin25,7b0abe460baf11ebab90acde48001122,False,True,False,0.0,0.0,0,0,0,0,{}
pool10_margin25,81502a9c08c211ebbd8cac1f6bf848b6,True,False,False,0.0,0.0,0,0,0,0,{}
pool10_margin25,1ca3370c0bdc11eba7f7acde48001122,False,True,False,0.0,0.0,0,0,0,0,{}
pool10_margin25,cc4649340bdb11eba7f7acde48001122,True,False,False,0.0,0.0,0,0,0,0,{}
pool10_margin25,8587408808d511ebbd98ac1f6bf848b6,True,False,False,0.0,0.0,0,0,0,0,{}
pool10_margin25,381f9d94086811ebbd5eac1f6bf848b6,True,False,False,0.0,0.0,0,0,0,0,{}
pool10_margin25,196d76740bdc11eba7f7acde48001122,True,False,False,0.0,0.0,0,0,0,0,{}
pool10_margin25,940af910087111ebbd63ac1f6bf848b6,True,False,False,0.0,0.0,0,0,0,0,{}
pool10_margin25,fa5c70d4092711ebbdaeac1f6bf848b6,True,False,False,0.0,0.0,0,0,0,0,{}
pool10_margin25,7154c5b40bdb11eba7f7acde48001122,False,False,False,0.0,0.0,0,0,0,0,{}
pool10_margin25,2dd3bff80bda11eba7f7acde48001122,True,False,False,0.0,0.0,0,0,0,0,{}
pool10_margin25,befd7f2008bf11ebbd8aac1f6bf848b6,False,True,False,0.0,0.0,0,0,0,0,{}
pool10_margin25,fa11eeb4095a11ebbdaeac1f6bf848b6,False,True,False,0.0,0.0,0,0,0,0,{}
pool10_margin25,4aa323fa0bdd11eba7f7acde48001122,True,False,False,0.0,0.0,0,0,0,0,{}
pool10_margin25,7de9188c088b11ebbd6fac1f6bf848b6,True,False,False,0.0,0.0,0,0,0,0,{}
pool10_margin25,593584760bb011ebab90acde48001122,True,False,False,0.0,0.0,0,0,0,0,{}
pool10_margin25,9eb2d88408a711ebbd7fac1f6bf848b6,True,False,False,0.0,0.0,0,0,0,0,{}
pool10_margin25,a66836a00bdb11eba7f7acde48001122,True,False,False,0.0,0.0,0,0,0,0,{}
pool10_margin25,cbbcad9a08d511ebbd98ac1f6bf848b6,True,False,False,0.0,0.0,0,0,0,0,{}
pool10_margin25,c4dffdf00bdd11eba7f7acde48001122,True,False,False,0.0,0.0,0,0,0,0,{}
pool10_margin25,360ce1840bdc11eba7f7acde48001122,True,False,False,0.0,0.0,0,0,0,0,{}
pool10_margin25,2080c9f00bde11eba7f7acde48001122,True,False,False,0.0,0.0,0,0,0,0,{}
pool10_margin25,07f2140e0bdc11eba7f7acde48001122,False,True,False,0.0,0.0,0,0,0,0,{}
pool10_margin25,4a3e57f708c511ebbd8eac1f6bf848b6,True,False,False,0.0,0.0,0,0,0,0,{}
pool10_margin25,2f3b107c0bde11eba7f7acde48001122,True,False,False,0.0,0.0,0,0,0,0,{}
pool10_margin25,1ca95b8a084b11ebbd56ac1f6bf848b6,True,False,False,0.0,0.0,0,0,0,0,{}
pool10_margin25,f48d94d00bd911eba7f7acde48001122,True,False,True,0.0,0.0,0,1,0,1,"{""lexical_hard_negative"": 1}"
pool10_margin25,480d6482089211ebbd73ac1f6bf848b6,False,False,False,0.0,0.0,0,0,0,0,{}
pool10_margin25,5a3102b8084c11ebbd56ac1f6bf848b6,True,False,False,0.0,0.0,0,0,0,0,{}
pool10_margin25,5b43e68c086211ebbd5dac1f6bf848b6,True,False,False,0.0,0.0,0,0,0,0,{}
pool10_margin25,a5a591200bdd11eba7f7acde48001122,True,False,False,0.0,0.0,0,0,0,0,{}
pool10_margin25,607cb64a0bde11eba7f7acde48001122,True,False,False,0.0,0.0,0,0,0,0,{}
pool10_margin25,c50db07a0baf11ebab90acde48001122,True,False,False,0.0,0.0,0,0,0,0,{}
pool10_margin25,d1086a1d08d911ebbd9cac1f6bf848b6,True,False,False,0.0,0.0,0,0,0,0,{}
pool10_margin25,86947bc20bdb11eba7f7acde48001122,False,True,False,0.0,0.0,0,0,0,0,{}
pool10_margin25,149af27608ab11ebbd81ac1f6bf848b6,True,False,False,0.0,0.0,0,0,0,0,{}
pool10_margin25,0f26cc3508a711ebbd7fac1f6bf848b6,False,True,False,0.0,0.0,0,0,0,0,{}
pool10_margin25,2970a097087111ebbd63ac1f6bf848b6,True,False,False,0.0,0.0,0,0,0,0,{}
pool10_margin25,5cb4d8ae0bb011ebab90acde48001122,True,False,True,0.0,0.0,0,1,0,1,"{""lexical_hard_negative"": 1}"
pool10_margin25,931a85420bdd11eba7f7acde48001122,True,False,False,0.0,0.0,0,0,0,0,{}
pool10_margin25,44268f9c0bda11eba7f7acde48001122,True,False,False,0.0,0.0,0,0,0,0,{}
pool10_margin25,eea5851e088c11ebbd70ac1f6bf848b6,False,True,False,0.0,0.0,0,0,0,0,{}
pool10_margin25,7df3efc40baf11ebab90acde48001122,True,False,False,0.0,0.0,0,0,0,0,{}
pool10_margin25,02506a4208b611ebbd88ac1f6bf848b6,True,False,False,0.0,0.0,0,0,0,0,{}
pool10_margin25,4abc260608dc11ebbd9cac1f6bf848b6,True,False,False,0.0,0.0,0,0,0,0,{}
pool10_margin25,81c09831088c11ebbd6fac1f6bf848b6,False,True,False,0.0,0.0,0,0,0,0,{}
pool10_margin25,768adc94088411ebbd6dac1f6bf848b6,True,False,False,0.0,0.0,0,0,0,0,{}
pool10_margin25,cc66e2500bdd11eba7f7acde48001122,False,True,False,0.0,0.0,0,0,0,0,{}
pool10_margin25,aaaf85840bda11eba7f7acde48001122,True,False,False,0.0,0.0,0,0,0,0,{}
pool10_margin25,7d84cc78086411ebbd5eac1f6bf848b6,True,False,False,0.0,0.0,0,0,0,0,{}
pool10_margin25,3252f09908c511ebbd8eac1f6bf848b6,False,True,False,0.0,0.0,0,0,0,0,{}
pool10_margin25,5db7d3f00bdd11eba7f7acde48001122,True,False,False,0.0,0.0,0,0,0,0,{}
pool10_margin25,7d638c340bd911eba7f7acde48001122,True,False,False,0.0,0.0,0,0,0,0,{}
pool10_margin25,ee702173086311ebbd5eac1f6bf848b6,True,False,False,0.0,0.0,0,0,0,0,{}
pool10_margin25,c3e1ad9e090d11ebbdadac1f6bf848b6,False,True,False,0.0,0.0,0,0,0,0,{}
pool10_margin25,3ced5368089311ebbd74ac1f6bf848b6,False,True,False,0.0,0.0,0,0,0,0,{}
pool10_margin25,29970e8e0baf11ebab90acde48001122,False,True,False,0.0,0.0,0,0,0,0,{}
pool10_margin25,a9a7d5580bdd11eba7f7acde48001122,True,False,False,0.0,0.0,0,0,0,0,{}
pool10_margin25,5affe63d08f311ebbdaaac1f6bf848b6,True,False,False,0.0,0.0,0,0,0,0,{}
pool10_margin25,0f06923008d311ebbd96ac1f6bf848b6,True,False,False,0.0,0.0,0,0,0,0,{}
pool10_margin25,122324e8089111ebbd72ac1f6bf848b6,True,False,False,0.0,0.0,0,0,0,0,{}
pool10_margin25,73ec0f28091811ebbdaeac1f6bf848b6,True,False,False,0.0,0.0,0,0,0,0,{}
pool10_margin25,1c92cdf40bdc11eba7f7acde48001122,True,False,False,0.0,0.0,0,0,0,0,{}
pool10_margin25,74df4c060bde11eba7f7acde48001122,True,False,False,0.0,0.0,0,0,0,0,{}
pool10_margin25,bce26ccf08a811ebbd7fac1f6bf848b6,True,False,False,0.0,0.0,0,0,0,0,{}
pool10_margin25,f5175c840bdd11eba7f7acde48001122,False,True,False,0.0,0.0,0,0,0,0,{}
pool10_margin25,b665196708a611ebbd7fac1f6bf848b6,True,False,False,0.0,0.0,0,0,0,0,{}
pool10_margin25,05b761f108e211ebbda3ac1f6bf848b6,False,False,False,0.0,0.0,0,0,0,0,{}
pool10_margin25,e7f8e98808a311ebbd7cac1f6bf848b6,True,False,False,0.0,0.0,0,0,0,0,{}
pool10_margin25,9c5173de0bdb11eba7f7acde48001122,False,False,False,0.0,0.0,0,0,0,0,{}
pool10_margin25,027278700bdc11eba7f7acde48001122,True,False,False,0.0,0.0,0,0,0,0,{}
pool10_margin25,b045a6bd085711ebbd5aac1f6bf848b6,True,False,False,0.0,0.0,0,0,0,0,{}
pool10_margin25,6ffa31bc0bdc11eba7f7acde48001122,False,False,False,0.0,0.0,0,0,0,0,{}
pool10_margin25,bea2cca708a911ebbd80ac1f6bf848b6,True,False,False,0.0,0.0,0,0,0,0,{}
pool10_margin25,1bf41cb00bda11eba7f7acde48001122,False,False,False,0.0,0.0,0,0,0,0,{}
pool10_margin25,d2b2c30008a811ebbd7fac1f6bf848b6,True,False,False,0.0,0.0,0,0,0,0,{}
pool10_margin25,6aadb514085b11ebbd5cac1f6bf848b6,True,False,False,0.0,0.0,0,0,0,0,{}
pool10_margin25,30170c900bb011ebab90acde48001122,True,False,False,0.0,0.0,0,0,0,0,{}
pool10_margin25,41d2f75d096c11ebbdafac1f6bf848b6,True,False,False,0.0,0.0,0,0,0,0,{}
pool10_margin25,aa73a9fb08b611ebbd88ac1f6bf848b6,False,True,False,0.0,0.0,0,0,0,0,{}
pool10_margin25,9c34daf20bdc11eba7f7acde48001122,True,False,False,0.0,0.0,0,0,0,0,{}
pool10_margin25,71a137c6084a11ebbd56ac1f6bf848b6,True,False,False,0.0,0.0,0,0,0,0,{}
pool10_margin25,06a649120bdc11eba7f7acde48001122,True,False,False,0.0,0.0,0,0,0,0,{}
pool10_margin25,a85c9b480bdd11eba7f7acde48001122,True,False,True,0.0,0.0,0,1,0,1,"{""low_signal_deep_negative"": 1}"
pool10_margin25,567300700bdc11eba7f7acde48001122,False,True,False,0.0,0.0,0,0,0,0,{}
pool10_margin25,4bda61000bda11eba7f7acde48001122,False,True,False,0.0,0.0,0,0,0,0,{}
pool10_margin25,2f09d429089e11ebbd78ac1f6bf848b6,True,False,False,0.0,0.0,0,0,0,0,{}
pool10_margin25,cd4ceac40bd911eba7f7acde48001122,True,False,False,0.0,0.0,0,0,0,0,{}
pool10_margin25,0e7078b00bb011ebab90acde48001122,True,False,False,0.0,0.0,0,0,0,0,{}
pool10_margin25,0f15e3e40bde11eba7f7acde48001122,True,False,False,0.0,0.0,0,0,0,0,{}
pool10_margin25,efdee68e0bdc11eba7f7acde48001122,True,False,False,0.0,0.0,0,0,0,0,{}
pool10_margin25,cd73fa43092711ebbdaeac1f6bf848b6,True,False,False,0.0,0.0,0,0,0,0,{}
pool10_margin25,1900f7600baf11ebab90acde48001122,True,False,False,0.0,0.0,0,0,0,0,{}
pool10_margin25,642b190c0bda11eba7f7acde48001122,False,False,False,0.0,0.0,0,0,0,0,{}
pool10_margin25,f26542c808c511ebbd8fac1f6bf848b6,False,False,False,0.0,0.0,0,0,0,0,{}
pool10_margin25,3602458e0bb011ebab90acde48001122,True,False,True,0.0,0.0,0,1,0,1,"{""lexical_hard_negative"": 1}"
pool10_margin25,cc1013260bdd11eba7f7acde48001122,True,False,False,0.0,0.0,0,0,0,0,{}
pool10_margin25,6352d6c208d111ebbd95ac1f6bf848b6,True,False,False,0.0,0.0,0,0,0,0,{}
pool10_margin25,2319739c0bde11eba7f7acde48001122,False,True,False,0.0,0.0,0,0,0,0,{}
pool10_margin25,e862a5900bdb11eba7f7acde48001122,True,False,False,0.0,0.0,0,0,0,0,{}
pool10_margin25,9f3d48340bdb11eba7f7acde48001122,True,False,False,0.0,0.0,0,0,0,0,{}
pool10_margin25,c6d93b11087411ebbd67ac1f6bf848b6,True,False,False,0.0,0.0,0,0,0,0,{}
pool10_margin25,ca0b4c4108e411ebbda4ac1f6bf848b6,True,False,False,0.0,0.0,0,0,0,0,{}
pool10_margin25,0b0f34d6084a11ebbd55ac1f6bf848b6,True,False,False,0.0,0.0,0,0,0,0,{}
pool10_margin25,f4c977620bdd11eba7f7acde48001122,True,False,False,0.0,0.0,0,0,0,0,{}
pool10_margin25,c89eb11408a611ebbd7fac1f6bf848b6,False,False,False,0.0,0.0,0,0,0,0,{}
pool10_margin25,6c0db92c08e211ebbda4ac1f6bf848b6,False,True,False,0.0,0.0,0,0,0,0,{}
pool10_margin25,6789c1140bdc11eba7f7acde48001122,False,True,False,0.0,0.0,0,0,0,0,{}
pool10_margin25,f6731dd308ab11ebbd82ac1f6bf848b6,True,False,False,0.0,0.0,0,0,0,0,{}
pool10_margin25,adf546880bdb11eba7f7acde48001122,False,False,False,0.0,0.0,0,0,0,0,{}
pool10_margin25,d05cc8bf08c911ebbd92ac1f6bf848b6,False,False,False,0.0,0.0,0,0,0,0,{}
pool10_margin25,695689d20baf11ebab90acde48001122,False,True,False,0.0,0.0,0,0,0,0,{}
pool10_margin25,d6003284088e11ebbd70ac1f6bf848b6,False,True,False,0.0,0.0,0,0,0,0,{}
pool10_margin25,0c403ca20bdc11eba7f7acde48001122,True,False,False,0.0,0.0,0,0,0,0,{}
pool10_margin25,aeeccb8e08d811ebbd9cac1f6bf848b6,False,True,False,0.0,0.0,0,0,0,0,{}
pool10_margin25,e98e62cc089a11ebbd78ac1f6bf848b6,True,False,False,0.0,0.0,0,0,0,0,{}
pool10_margin25,9248ce6c0bdd11eba7f7acde48001122,True,False,False,0.0,0.0,0,0,0,0,{}
pool10_margin25,868df7cd08a011ebbd78ac1f6bf848b6,True,False,False,0.0,0.0,0,0,0,0,{}
pool10_margin25,2fae835a0bdd11eba7f7acde48001122,True,False,False,0.0,0.0,0,0,0,0,{}
pool10_margin25,aa7520b80baf11ebab90acde48001122,False,True,False,0.0,0.0,0,0,0,0,{}
pool10_margin25,491a36140bdc11eba7f7acde48001122,False,True,False,0.0,0.0,0,0,0,0,{}
pool10_margin25,84d024380bdd11eba7f7acde48001122,False,True,False,0.0,0.0,0,0,0,0,{}
pool10_margin25,8dfa2e9e0bda11eba7f7acde48001122,True,False,False,0.0,0.0,0,0,0,0,{}
pool10_margin25,246a2cd60bda11eba7f7acde48001122,True,False,False,0.0,0.0,0,0,0,0,{}
pool10_margin25,de24a3c2089211ebbd74ac1f6bf848b6,True,False,False,0.0,0.0,0,0,0,0,{}
pool10_margin25,7032bda20baf11ebab90acde48001122,True,False,False,0.0,0.0,0,0,0,0,{}
pool10_margin25,84c5154a0bdb11eba7f7acde48001122,True,False,False,0.0,0.0,0,0,0,0,{}
pool10_margin25,e41f805c0bdb11eba7f7acde48001122,False,False,False,0.0,0.0,0,0,0,0,{}
pool10_margin25,29b6c2280bdd11eba7f7acde48001122,True,False,False,0.0,0.0,0,0,0,0,{}
pool10_margin25,38be3008086a11ebbd5fac1f6bf848b6,True,False,False,0.0,0.0,0,0,0,0,{}
pool10_margin25,c5ac4c81090111ebbdadac1f6bf848b6,True,False,False,0.0,0.0,0,0,0,0,{}
pool10_margin25,03f08a740bb011ebab90acde48001122,True,False,False,0.0,0.0,0,0,0,0,{}
pool10_margin25,c9238c7c0bda11eba7f7acde48001122,True,False,False,0.0,0.0,0,0,0,0,{}
pool10_margin25,0b86c27208c611ebbd90ac1f6bf848b6,True,False,False,0.0,0.0,0,0,0,0,{}
pool10_margin25,47219fad085111ebbd58ac1f6bf848b6,True,False,False,0.0,0.0,0,0,0,0,{}
pool10_margin25,29b6ef140bdd11eba7f7acde48001122,True,False,False,0.0,0.0,0,0,0,0,{}
pool10_margin25,b09b45600bd911eba7f7acde48001122,True,False,False,0.0,0.0,0,0,0,0,{}
pool10_margin25,08b4d30e08d511ebbd98ac1f6bf848b6,False,True,False,0.0,0.0,0,0,0,0,{}
pool10_margin25,ed80d5e108bd11ebbd8aac1f6bf848b6,True,False,False,0.0,0.0,0,0,0,0,{}
pool10_margin25,f7bae9100bdd11eba7f7acde48001122,False,False,False,0.0,0.0,0,0,0,0,{}
pool10_margin25,ffadb950086c11ebbd61ac1f6bf848b6,True,False,False,0.0,0.0,0,0,0,0,{}
pool10_margin25,fec1cc4a087911ebbd67ac1f6bf848b6,False,False,False,0.0,0.0,0,0,0,0,{}
pool10_margin25,3c10b1ba0bdb11eba7f7acde48001122,True,False,False,0.0,0.0,0,0,0,0,{}
pool10_margin25,5a7b4936088d11ebbd70ac1f6bf848b6,False,True,False,0.0,0.0,0,0,0,0,{}
pool10_margin25,4f362ec80bdb11eba7f7acde48001122,True,False,False,0.0,0.0,0,0,0,0,{}
pool10_margin25,9301d39a08c111ebbd8bac1f6bf848b6,True,False,False,0.0,0.0,0,0,0,0,{}
pool10_margin25,2b02ce0e08e711ebbda5ac1f6bf848b6,True,False,False,0.0,0.0,0,0,0,0,{}
pool10_margin25,005238da0bde11eba7f7acde48001122,True,False,False,0.0,0.0,0,0,0,0,{}
pool10_margin25,913ceb43088211ebbd6dac1f6bf848b6,True,False,False,0.0,0.0,0,0,0,0,{}
pool10_margin25,6656ed6a0bde11eba7f7acde48001122,True,False,False,0.0,0.0,0,0,0,0,{}
pool10_margin25,9f42c2680baf11ebab90acde48001122,True,False,False,0.0,0.0,0,0,0,0,{}
pool10_margin25,414884d40bde11eba7f7acde48001122,True,False,False,0.0,0.0,0,0,0,0,{}
pool10_margin25,241213420bdb11eba7f7acde48001122,True,False,False,0.0,0.0,0,0,0,0,{}
pool10_margin25,96e154420bda11eba7f7acde48001122,False,False,False,0.0,0.0,0,0,0,0,{}
pool10_margin25,367ea308088211ebbd6dac1f6bf848b6,True,False,False,0.0,0.0,0,0,0,0,{}
pool10_margin25,0c55bf3e0bda11eba7f7acde48001122,True,False,True,0.0,0.0,0,1,0,1,"{""lexical_hard_negative"": 1}"
pool10_margin25,c624d5280bdd11eba7f7acde48001122,True,False,False,0.0,0.0,0,0,0,0,{}
pool10_margin25,7b6b4dca08c511ebbd8eac1f6bf848b6,True,False,False,0.0,0.0,0,0,0,0,{}
pool10_margin25,49774ef8085511ebbd59ac1f6bf848b6,True,False,False,0.0,0.0,0,0,0,0,{}
pool10_margin25,8b9faa26089b11ebbd78ac1f6bf848b6,True,False,False,0.0,0.0,0,0,0,0,{}
pool10_margin25,8a8f0be00bd911eba7f7acde48001122,True,False,False,0.0,0.0,0,0,0,0,{}
pool10_margin25,85b6ab18087e11ebbd6bac1f6bf848b6,True,False,False,0.0,0.0,0,0,0,0,{}
pool10_margin25,acb9940c0bdd11eba7f7acde48001122,True,False,False,0.0,0.0,0,0,0,0,{}
pool10_margin25,5f9dfa7c089b11ebbd78ac1f6bf848b6,True,False,False,0.0,0.0,0,0,0,0,{}
pool10_margin25,a8d938b80bda11eba7f7acde48001122,True,False,True,-1.0,-0.5,0,1,1,0,"{""lexical_hard_negative"": 1}"
pool10_margin25,8ecf15540bdb11eba7f7acde48001122,True,False,False,0.0,0.0,0,0,0,0,{}
pool10_margin25,c3bddf240baf11ebab90acde48001122,False,True,False,0.0,0.0,0,0,0,0,{}
pool10_margin25,8398f07e0bdb11eba7f7acde48001122,True,False,False,0.0,0.0,0,0,0,0,{}
pool10_margin25,a7c95d2b088511ebbd6dac1f6bf848b6,True,False,False,0.0,0.0,0,0,0,0,{}
pool10_margin25,a8f8be800bdb11eba7f7acde48001122,True,False,False,0.0,0.0,0,0,0,0,{}
pool10_margin25,5d8a63bc0bdc11eba7f7acde48001122,True,False,False,0.0,0.0,0,0,0,0,{}
pool10_margin25,534fbfd00bd911eba7f7acde48001122,True,False,False,0.0,0.0,0,0,0,0,{}
pool10_margin25,76ad01f60bdc11eba7f7acde48001122,True,False,False,0.0,0.0,0,0,0,0,{}
pool10_margin25,7574702a08b811ebbd88ac1f6bf848b6,False,True,False,0.0,0.0,0,0,0,0,{}
pool10_margin25,453be8e608c411ebbd8eac1f6bf848b6,False,True,False,0.0,0.0,0,0,0,0,{}
pool10_margin25,f377a0fc089311ebbd75ac1f6bf848b6,False,True,False,0.0,0.0,0,0,0,0,{}
pool10_margin25,d3cbda480bdb11eba7f7acde48001122,True,False,False,0.0,0.0,0,0,0,0,{}
pool10_margin25,597a839c0bdc11eba7f7acde48001122,True,False,False,0.0,0.0,0,0,0,0,{}
pool10_margin25,08776469088b11ebbd6fac1f6bf848b6,True,False,False,0.0,0.0,0,0,0,0,{}
pool10_margin25,7d55f0e008d411ebbd96ac1f6bf848b6,True,False,False,0.0,0.0,0,0,0,0,{}
pool10_margin25,9711615e08cf11ebbd95ac1f6bf848b6,True,False,False,0.0,0.0,0,0,0,0,{}
pool10_margin25,d13ac3f40bd911eba7f7acde48001122,False,True,False,0.0,0.0,0,0,0,0,{}
pool10_margin25,9c082fdc088211ebbd6dac1f6bf848b6,False,True,False,0.0,0.0,0,0,0,0,{}
pool10_margin25,f8e1016208f611ebbdaaac1f6bf848b6,True,False,False,0.0,0.0,0,0,0,0,{}
pool10_margin25,5f5897fe0baf11ebab90acde48001122,True,False,False,0.0,0.0,0,0,0,0,{}
pool10_margin25,bc5a9fef086c11ebbd61ac1f6bf848b6,True,False,False,0.0,0.0,0,0,0,0,{}
pool10_margin25,fc9d859008a011ebbd78ac1f6bf848b6,True,False,False,0.0,0.0,0,0,0,0,{}
pool10_margin25,7df608580bdd11eba7f7acde48001122,True,False,True,0.0,0.0,0,1,0,1,"{""lexical_hard_negative"": 1}"
pool10_margin25,e932be4c09a611ebbdb0ac1f6bf848b6,True,False,False,0.0,0.0,0,0,0,0,{}
pool10_margin25,43c31e26089911ebbd77ac1f6bf848b6,True,False,False,0.0,0.0,0,0,0,0,{}
pool10_margin25,8bb0faca0bdd11eba7f7acde48001122,True,False,False,0.0,0.0,0,0,0,0,{}
pool10_margin25,2e419977088111ebbd6dac1f6bf848b6,True,False,False,0.0,0.0,0,0,0,0,{}
pool10_margin25,26f25e9d089c11ebbd78ac1f6bf848b6,True,False,False,0.0,0.0,0,0,0,0,{}
pool10_margin25,2bdf129a0bdc11eba7f7acde48001122,True,False,False,0.0,0.0,0,0,0,0,{}
pool10_margin25,5f5002360bd911eba7f7acde48001122,True,False,False,0.0,0.0,0,0,0,0,{}
pool10_margin25,31c340da0bde11eba7f7acde48001122,True,False,False,0.0,0.0,0,0,0,0,{}
pool10_margin25,3085824c0bb011ebab90acde48001122,True,False,False,0.0,0.0,0,0,0,0,{}
pool10_margin25,3617c14e0bdc11eba7f7acde48001122,True,False,False,0.0,0.0,0,0,0,0,{}
pool10_margin25,c1139a99088a11ebbd6fac1f6bf848b6,False,False,False,0.0,0.0,0,0,0,0,{}
pool10_margin25,fb52e1ec0bdb11eba7f7acde48001122,True,False,False,0.0,0.0,0,0,0,0,{}
pool10_margin25,12b4665008f811ebbdaaac1f6bf848b6,True,False,False,0.0,0.0,0,0,0,0,{}
pool10_margin25,86a16fb4086411ebbd5eac1f6bf848b6,False,True,False,0.0,0.0,0,0,0,0,{}
pool10_margin25,90306af40bdd11eba7f7acde48001122,True,False,False,0.0,0.0,0,0,0,0,{}
pool10_margin25,2bd4454c0bda11eba7f7acde48001122,True,False,False,0.0,0.0,0,0,0,0,{}
pool10_margin25,1a28335a0bdd11eba7f7acde48001122,True,False,False,0.0,0.0,0,0,0,0,{}
pool10_margin25,2705d338093811ebbdaeac1f6bf848b6,True,False,False,0.0,0.0,0,0,0,0,{}
pool10_margin25,27b8af06088e11ebbd70ac1f6bf848b6,True,False,False,0.0,0.0,0,0,0,0,{}
pool10_margin25,3314f9f708c311ebbd8dac1f6bf848b6,False,True,False,0.0,0.0,0,0,0,0,{}
pool10_margin25,32493228084911ebbd55ac1f6bf848b6,False,False,False,0.0,0.0,0,0,0,0,{}
pool10_margin25,3ed396b0087f11ebbd6bac1f6bf848b6,False,False,False,0.0,0.0,0,0,0,0,{}
pool10_margin25,1f562d40086911ebbd5eac1f6bf848b6,True,False,False,0.0,0.0,0,0,0,0,{}
pool10_margin25,e01dc80c0bda11eba7f7acde48001122,True,False,False,0.0,0.0,0,0,0,0,{}
pool10_margin25,35b18b54084911ebbd55ac1f6bf848b6,True,False,False,0.0,0.0,0,0,0,0,{}
pool10_margin25,5674280a0bdd11eba7f7acde48001122,True,False,False,0.0,0.0,0,0,0,0,{}
pool10_margin25,564e614a088311ebbd6dac1f6bf848b6,True,False,False,0.0,0.0,0,0,0,0,{}
pool10_margin25,55ff8fc20bdd11eba7f7acde48001122,True,False,False,0.0,0.0,0,0,0,0,{}
pool10_margin25,d89acde60bda11eba7f7acde48001122,True,False,False,0.0,0.0,0,0,0,0,{}
pool10_margin25,e2bddff60bae11ebab90acde48001122,True,False,False,0.0,0.0,0,0,0,0,{}
pool10_margin25,b6aec5ee0bd911eba7f7acde48001122,True,False,True,-1.0,-0.5,0,1,1,0,"{""answer_string_distractor"": 1}"
pool10_margin25,272062fc088c11ebbd6fac1f6bf848b6,False,False,False,0.0,0.0,0,0,0,0,{}
pool10_margin25,996b6cd60bdd11eba7f7acde48001122,True,False,False,0.0,0.0,0,0,0,0,{}
pool10_margin25,a605c3e20bdd11eba7f7acde48001122,False,True,True,1.0,0.5,1,0,0,1,{}
pool10_margin25,b1a94a9a0bdb11eba7f7acde48001122,True,False,False,0.0,0.0,0,0,0,0,{}
pool10_margin25,b3d425c20bdd11eba7f7acde48001122,True,False,False,0.0,0.0,0,0,0,0,{}
pool10_margin25,17874a43097411ebbdb0ac1f6bf848b6,False,True,False,0.0,0.0,0,0,0,0,{}
pool10_margin25,042a249a0bde11eba7f7acde48001122,True,False,False,0.0,0.0,0,0,0,0,{}
pool10_margin25,4aa59d960bde11eba7f7acde48001122,True,False,False,0.0,0.0,0,0,0,0,{}
pool10_margin25,e56744640bda11eba7f7acde48001122,True,False,False,0.0,0.0,0,0,0,0,{}
pool10_margin25,dd7bd1a6085c11ebbd5cac1f6bf848b6,False,False,False,0.0,0.0,0,0,0,0,{}
pool10_margin25,a018c8a40bdc11eba7f7acde48001122,False,True,False,0.0,0.0,0,0,0,0,{}
pool10_margin25,4b2a2efd08d811ebbd9aac1f6bf848b6,True,False,False,0.0,0.0,0,0,0,0,{}
pool10_margin25,21906d320bde11eba7f7acde48001122,True,False,False,0.0,0.0,0,0,0,0,{}
pool10_margin25,8879d5b60bb011ebab90acde48001122,True,False,False,0.0,0.0,0,0,0,0,{}
pool10_margin25,e1228e9f08ca11ebbd92ac1f6bf848b6,False,True,False,0.0,0.0,0,0,0,0,{}
pool10_margin25,53ab316c08b911ebbd88ac1f6bf848b6,True,False,False,0.0,0.0,0,0,0,0,{}
pool10_margin25,a9c3d8b7085411ebbd59ac1f6bf848b6,True,False,False,0.0,0.0,0,0,0,0,{}
pool10_margin25,1d77753308bf11ebbd8aac1f6bf848b6,True,False,False,0.0,0.0,0,0,0,0,{}
pool10_margin25,06508ac008aa11ebbd80ac1f6bf848b6,True,False,False,0.0,0.0,0,0,0,0,{}
pool10_margin25,1e640b0408d311ebbd96ac1f6bf848b6,False,True,False,0.0,0.0,0,0,0,0,{}
pool10_margin25,7620e1b00bde11eba7f7acde48001122,False,True,False,0.0,0.0,0,0,0,0,{}
pool10_margin25,90ecd947085e11ebbd5cac1f6bf848b6,False,True,False,0.0,0.0,0,0,0,0,{}
pool10_margin25,fe38def208b111ebbd85ac1f6bf848b6,True,False,False,0.0,0.0,0,0,0,0,{}
pool10_margin25,3e5ca16a0bd911eba7f7acde48001122,True,False,False,0.0,0.0,0,0,0,0,{}
pool10_margin25,9ac2603a0bdd11eba7f7acde48001122,True,False,False,0.0,0.0,0,0,0,0,{}
pool10_margin25,bca5eaaf089b11ebbd78ac1f6bf848b6,True,False,False,0.0,0.0,0,0,0,0,{}
pool10_margin25,cea1f56e0bdd11eba7f7acde48001122,True,False,False,0.0,0.0,0,0,0,0,{}
pool10_margin25,85dd56440baf11ebab90acde48001122,False,False,False,0.0,0.0,0,0,0,0,{}
pool10_margin25,6e9a0d6a08eb11ebbda7ac1f6bf848b6,True,False,False,0.0,0.0,0,0,0,0,{}
pool10_margin25,76a5bc0b08cd11ebbd93ac1f6bf848b6,True,False,False,0.0,0.0,0,0,0,0,{}
pool10_margin25,23d98c100bdc11eba7f7acde48001122,True,False,True,0.0,0.0,0,1,0,1,"{""lexical_hard_negative"": 1}"
pool10_margin25,753f68d40bde11eba7f7acde48001122,False,True,False,0.0,0.0,0,0,0,0,{}
pool10_margin25,ccc108cd089d11ebbd78ac1f6bf848b6,True,False,False,0.0,0.0,0,0,0,0,{}
pool10_margin25,3cfe44540bde11eba7f7acde48001122,False,False,False,0.0,0.0,0,0,0,0,{}
pool10_margin25,936c70440bda11eba7f7acde48001122,True,False,False,0.0,0.0,0,0,0,0,{}
pool10_margin25,fdc90af60bda11eba7f7acde48001122,True,False,False,0.0,0.0,0,0,0,0,{}
pool10_margin25,bec5cebe0bdc11eba7f7acde48001122,True,False,False,0.0,0.0,0,0,0,0,{}
pool10_margin25,89ee39de0bdb11eba7f7acde48001122,True,False,False,0.0,0.0,0,0,0,0,{}
pool10_margin25,00f34c7e088311ebbd6dac1f6bf848b6,True,False,False,0.0,0.0,0,0,0,0,{}
pool10_margin25,9cdcbb3e0bda11eba7f7acde48001122,True,False,False,0.0,0.0,0,0,0,0,{}
pool10_margin25,61ec410708ea11ebbda7ac1f6bf848b6,True,False,False,0.0,0.0,0,0,0,0,{}
pool10_margin25,2ec36c440bb011ebab90acde48001122,False,True,True,1.0,0.5,1,0,0,1,{}
pool10_margin25,cd45d99808f211ebbdaaac1f6bf848b6,True,False,False,0.0,0.0,0,0,0,0,{}
pool10_margin25,482773fc0baf11ebab90acde48001122,True,False,False,0.0,0.0,0,0,0,0,{}
pool10_margin25,18a5ef800bde11eba7f7acde48001122,True,False,False,0.0,0.0,0,0,0,0,{}
pool10_margin25,f85a2ee0085d11ebbd5cac1f6bf848b6,True,False,False,0.0,0.0,0,0,0,0,{}
pool10_margin25,7757e42c0baf11ebab90acde48001122,True,False,False,0.0,0.0,0,0,0,0,{}
pool10_margin25,a8f4816708ad11ebbd83ac1f6bf848b6,True,False,False,0.0,0.0,0,0,0,0,{}
pool10_margin25,60b304900baf11ebab90acde48001122,False,True,False,0.0,0.0,0,0,0,0,{}
pool10_margin25,a0a792ae08d111ebbd95ac1f6bf848b6,True,False,False,0.0,0.0,0,0,0,0,{}
pool10_margin25,cce18dc7086211ebbd5dac1f6bf848b6,True,False,False,0.0,0.0,0,0,0,0,{}
pool10_margin25,890017540bdb11eba7f7acde48001122,True,False,False,0.0,0.0,0,0,0,0,{}
pool10_margin25,308416280bb011ebab90acde48001122,True,False,True,0.0,0.0,0,1,0,1,"{""lexical_hard_negative"": 1}"
