dataset,query_index,question,risk_group,risk_high,requirement_count,dependent_req_count,max_dependency_depth,binding_candidate_count_total,binding_candidate_count_mean,binding_candidate_count_max,gold_doc_count,setr_selected_count,setr_under_selected,dbec_em,dbec_f1,setr_em,setr_f1,delta_em_dbec_minus_setr,delta_f1_dbec_minus_setr,dbec_r5_title,setr_r5_title,delta_r5_title_dbec_minus_setr,setr_parse_success,setr_empty_fallback_used,selective_binding_decision
2Wiki,0,When did Lothair Ii's mother die?,low,0,2,1,1,1.0,1.0,1.0,2,2,0,1.0,1.0,1.0,1.0,0.0,0.0,1.0,1.0,0.0,1,0,bind
2Wiki,1,"Which film was released first, Aas Ka Panchhi or Phoolwari?",high,1,3,1,1,0.0,0.0,0.0,2,2,0,1.0,1.0,1.0,1.0,0.0,0.0,1.0,1.0,0.0,1,0,abstain
2Wiki,2,What is the place of birth of the performer of song Changed It?,low,0,2,1,1,2.0,2.0,2.0,2,2,0,0.0,0.0,0.0,0.0,0.0,0.0,0.5,0.5,0.0,1,0,bind
2Wiki,3,Are Marufabad and Nasamkhrali both located in the same country?,high,1,3,1,1,0.0,0.0,0.0,2,2,0,1.0,1.0,1.0,1.0,0.0,0.0,1.0,1.0,0.0,1,0,abstain
2Wiki,4,"Which film has the director who is older, God'S Gift To Women or Aldri Annet Enn Bråk?",high,1,4,2,1,3.0,1.5,2.0,4,3,1,1.0,1.0,1.0,1.0,0.0,0.0,0.75,0.5,0.25,1,0,bind
2Wiki,5,"Which film whose director was born first, El Tonto or The Heart Of Doreon?",high,1,4,2,1,3.0,1.5,2.0,4,4,0,1.0,1.0,1.0,1.0,0.0,0.0,0.75,1.0,-0.25,1,0,bind
2Wiki,6,Who was born first out of Aivar Kuusmaa and Andy Summers?,high,1,3,1,1,0.0,0.0,0.0,2,2,0,1.0,1.0,1.0,1.0,0.0,0.0,1.0,1.0,0.0,1,0,abstain
2Wiki,7,Who is Raghnall Mac Ruaidhrí's paternal grandfather?,high,1,3,2,2,5.0,2.5,4.0,2,2,0,1.0,1.0,1.0,1.0,0.0,0.0,1.0,1.0,0.0,1,0,bind
2Wiki,8,Do both films Interview With A Hitman and The Last Coupon have the directors from the same country?,high,1,4,2,1,2.0,1.0,1.0,4,3,1,1.0,1.0,1.0,1.0,0.0,0.0,1.0,0.75,0.25,1,0,bind
2Wiki,9,What nationality is the director of film Blood Street?,low,0,2,1,1,1.0,1.0,1.0,2,2,0,0.0,0.6667,0.0,0.6666666666666666,0.0,3.333333333332966e-05,1.0,1.0,0.0,1,0,bind
2Wiki,10,What is the place of birth of the director of film Gaby: A True Story?,low,0,2,1,1,2.0,2.0,2.0,2,2,0,1.0,1.0,1.0,1.0,0.0,0.0,1.0,1.0,0.0,1,0,bind
2Wiki,11,Are Vasilyevsky Island and Preobrazheniya Island located in the same country?,high,1,3,1,1,0.0,0.0,0.0,2,2,0,1.0,1.0,1.0,1.0,0.0,0.0,1.0,1.0,0.0,1,0,abstain
2Wiki,12,What nationality is the performer of song When The Stars Go Blue?,low,0,2,1,1,1.0,1.0,1.0,2,2,0,0.0,0.0,0.0,0.0,0.0,0.0,1.0,1.0,0.0,1,0,bind
2Wiki,13,Who is the child of the performer of song Me And Bobby Mcgee?,low,0,2,1,1,2.0,2.0,2.0,2,2,0,0.0,0.0,0.0,0.0,0.0,0.0,1.0,0.5,0.5,1,0,bind
2Wiki,14,"Where was the place of death of Maurice, Prince Of Orange's father?",low,0,2,1,1,3.0,3.0,3.0,2,3,0,1.0,1.0,1.0,1.0,0.0,0.0,1.0,0.5,0.5,1,0,bind
2Wiki,15,Which country Aleksander Koniecpolski (1620–1659)'s father is from?,low,0,2,1,1,1.0,1.0,1.0,2,2,0,0.0,0.0,0.0,0.0,0.0,0.0,1.0,0.5,0.5,1,0,bind
2Wiki,16,What is the date of death of the director of film Madame La Presidente?,low,0,2,1,1,2.0,2.0,2.0,2,2,0,1.0,1.0,1.0,1.0,0.0,0.0,1.0,1.0,0.0,1,0,bind
2Wiki,17,Do both directors of films Wrong Turn 5: Bloodlines and Dark River (2017 Film) have the same nationality?,high,1,4,2,1,2.0,1.0,1.0,4,4,0,1.0,1.0,1.0,1.0,0.0,0.0,1.0,1.0,0.0,1,0,bind
2Wiki,18,"Which film has the director who died first, The Goose Woman or You Can No Longer Remain Silent?",high,1,4,2,1,2.0,1.0,1.0,4,3,1,1.0,1.0,0.0,0.0,1.0,1.0,1.0,0.75,0.25,1,0,bind
2Wiki,19,Where was the director of film The Private Life Of Cinema born?,low,0,2,1,1,1.0,1.0,1.0,2,2,0,1.0,1.0,1.0,1.0,0.0,0.0,1.0,1.0,0.0,1,0,bind
2Wiki,20,Where did Coulson Wallop's father study?,low,0,2,1,1,2.0,2.0,2.0,2,2,0,0.0,0.0,0.0,0.0,0.0,0.0,1.0,1.0,0.0,1,0,bind
2Wiki,21,Why did John Middleton Murry's wife die?,low,0,2,1,1,1.0,1.0,1.0,2,2,0,0.0,0.3333,0.0,0.6666666666666666,0.0,-0.33336666666666664,1.0,1.0,0.0,1,0,bind
2Wiki,22,Where was the composer of film Billy Elliot born?,low,0,2,1,1,1.0,1.0,1.0,2,3,0,1.0,1.0,0.0,0.6666666666666666,1.0,0.33333333333333337,1.0,1.0,0.0,1,0,bind
2Wiki,23,What is the place of birth of Lisbeth Palme's husband?,low,0,2,1,1,1.0,1.0,1.0,2,2,0,0.0,0.0,0.0,0.0,0.0,0.0,1.0,1.0,0.0,1,0,bind
2Wiki,24,"Which film came out first, 3 Dots or Dying God?",high,1,3,1,1,0.0,0.0,0.0,2,2,0,1.0,1.0,1.0,1.0,0.0,0.0,1.0,1.0,0.0,1,0,abstain
2Wiki,25,Who is the father-in-law of Sisowath Kossamak?,low,0,2,1,1,1.0,1.0,1.0,2,3,0,1.0,1.0,1.0,1.0,0.0,0.0,1.0,1.0,0.0,1,0,bind
2Wiki,26,Who is Mugain's mother-in-law?,high,1,3,2,2,2.0,1.0,1.0,2,2,0,1.0,1.0,1.0,1.0,0.0,0.0,1.0,1.0,0.0,1,0,bind
2Wiki,27,Where did Theodore Salisbury Woolsey's father study?,low,0,2,1,1,1.0,1.0,1.0,2,2,0,0.0,0.6667,0.0,0.6666666666666666,0.0,3.333333333332966e-05,1.0,1.0,0.0,1,0,bind
2Wiki,28,What is the place of birth of the director of film The Return Of Swamp Thing?,low,0,2,1,1,1.0,1.0,1.0,2,2,0,0.0,0.5,0.0,0.5,0.0,0.0,1.0,1.0,0.0,1,0,bind
2Wiki,29,Where was the place of death of the performer of song I Can'T See Myself Leaving You?,low,0,2,1,1,1.0,1.0,1.0,2,2,0,0.0,0.0,0.0,0.0,0.0,0.0,1.0,1.0,0.0,1,0,bind
2Wiki,30,"Which film has the director who was born later, Playing It Wild or I'Ll Be Going Now?",high,1,4,2,1,2.0,1.0,1.0,4,3,1,1.0,1.0,1.0,1.0,0.0,0.0,1.0,0.75,0.25,1,0,bind
2Wiki,31,"What nationality is Beatrice I, Countess Of Burgundy's husband?",low,0,2,1,1,2.0,2.0,2.0,2,3,0,0.0,0.0,0.0,0.0,0.0,0.0,1.0,0.5,0.5,1,0,bind
2Wiki,32,"Which film has the director born later, Christ Walking On The Water or 45 Fathers?",high,1,4,2,1,2.0,1.0,1.0,4,4,0,1.0,1.0,1.0,1.0,0.0,0.0,1.0,1.0,0.0,1,0,bind
2Wiki,33,Where was the performer of song Come Dance With Me (Song) born?,low,0,2,1,1,1.0,1.0,1.0,2,2,0,0.0,0.5,0.0,0.5,0.0,0.0,0.5,0.5,0.0,1,0,bind
2Wiki,34,Where does the director of film Talk About A Stranger work at?,low,0,2,1,1,1.0,1.0,1.0,2,2,0,0.0,0.2857,0.0,0.2857142857142857,0.0,-1.4285714285688922e-05,1.0,1.0,0.0,1,0,bind
2Wiki,35,"Who was born later, Gideon Johnson Pillow or Holm Jølsen?",high,1,3,1,1,0.0,0.0,0.0,2,2,0,0.0,0.0,1.0,1.0,-1.0,-1.0,1.0,1.0,0.0,1,0,abstain
2Wiki,36,What is the place of birth of the composer of film Inherent Vice (Film)?,low,0,2,1,1,3.0,3.0,3.0,2,2,0,0.0,0.0,0.0,0.0,0.0,0.0,1.0,1.0,0.0,1,0,bind
2Wiki,37,"Which film whose director is younger, Dangerously They Live or Salad By The Roots?",high,1,4,2,1,2.0,1.0,1.0,4,4,0,1.0,1.0,1.0,1.0,0.0,0.0,1.0,1.0,0.0,1,0,bind
2Wiki,38,Where did Sylvia Burka's husband die?,low,0,2,1,1,1.0,1.0,1.0,2,2,0,0.0,0.0,0.0,0.33333333333333337,0.0,-0.33333333333333337,1.0,1.0,0.0,1,0,bind
2Wiki,39,"Who lived longer, Ludwig Elsbett or Pamela Ann Rymer?",high,1,3,1,1,0.0,0.0,0.0,2,2,0,0.0,0.0,0.0,0.0,0.0,0.0,1.0,1.0,0.0,1,0,abstain
2Wiki,40,"Which film whose director is younger, Phalitamsha or Gladiators Seven?",high,1,4,2,1,1.0,0.5,1.0,4,4,0,0.0,0.0,1.0,1.0,-1.0,-1.0,1.0,1.0,0.0,1,0,bind
2Wiki,41,"Which film has the director who was born later, Henry Goes Arizona or The Blue Collar Worker And The Hairdresser In A Whirl Of Sex And Politics?",high,1,4,2,1,2.0,1.0,1.0,4,4,0,1.0,1.0,1.0,1.0,0.0,0.0,1.0,1.0,0.0,1,0,bind
2Wiki,42,"Who was born first, Hywel Teifi Edwards or Felix Schuster?",high,1,3,1,1,0.0,0.0,0.0,2,2,0,1.0,1.0,1.0,1.0,0.0,0.0,1.0,1.0,0.0,1,0,abstain
2Wiki,43,"Which film has the director who was born first, Tombstone Rashomon or Waiting For The Clouds?",high,1,4,2,1,1.0,0.5,1.0,4,4,0,1.0,1.0,1.0,1.0,0.0,0.0,1.0,1.0,0.0,1,0,bind
2Wiki,44,Where was the performer of song B Boy (Song) detained?,low,0,2,1,1,2.0,2.0,2.0,2,1,1,0.0,0.0,0.0,0.0,0.0,0.0,1.0,0.5,0.5,1,0,bind
2Wiki,45,"Which film has the director who was born later, Illusions (1982 Film) or It'S A Wonderful Afterlife?",high,1,4,2,1,2.0,1.0,1.0,4,4,0,1.0,1.0,1.0,1.0,0.0,0.0,1.0,1.0,0.0,1,0,bind
2Wiki,46,"Are both movies, Naked Tango and Algiers (Film), from the same country?",high,1,3,1,1,0.0,0.0,0.0,2,2,0,0.0,0.0,1.0,1.0,-1.0,-1.0,0.0,1.0,-1.0,1,0,abstain
2Wiki,47,"Who lived longer, Sir Thomas Wheate, 1St Baronet or Albert Édouard Le Brethon De Caligny?",high,1,4,2,1,0.0,0.0,0.0,2,2,0,1.0,1.0,1.0,1.0,0.0,0.0,1.0,1.0,0.0,1,0,abstain
2Wiki,48,Where did the composer of film The Straw Hat die?,low,0,2,1,1,5.0,5.0,5.0,2,2,0,0.0,0.0,0.0,0.0,0.0,0.0,1.0,1.0,0.0,1,0,bind
2Wiki,49,Where does the director of film A Nest Of Noblemen work at?,low,0,2,1,1,1.0,1.0,1.0,2,2,0,1.0,1.0,1.0,1.0,0.0,0.0,1.0,1.0,0.0,1,0,bind
2Wiki,50,"Were both Pietro Salini and Domenico Ravenna, born in the same place?",high,1,3,1,1,0.0,0.0,0.0,2,6,0,0.0,0.0,0.0,0.0,0.0,0.0,1.0,1.0,0.0,1,0,abstain
2Wiki,51,"Who is the father-in-law of John Ernest, Duke Of Saxe-Eisenach?",low,0,2,1,1,0.0,0.0,0.0,2,3,0,0.0,0.2222,0.0,0.1818181818181818,0.0,0.04038181818181821,0.0,0.0,0.0,1,0,abstain
2Wiki,52,Who is the father of the director of film Palo Alto (2013 Film)?,low,0,2,1,1,1.0,1.0,1.0,2,4,0,1.0,1.0,1.0,1.0,0.0,0.0,1.0,1.0,0.0,1,0,bind
2Wiki,53,Who is the child of the director of film Los Pagares De Mendieta?,low,0,2,1,1,1.0,1.0,1.0,2,3,0,1.0,1.0,1.0,1.0,0.0,0.0,1.0,1.0,0.0,1,0,bind
2Wiki,54,"Who lived longer, Hubert Mordek or Levon Ashotovich Grigorian?",high,1,3,1,1,0.0,0.0,0.0,2,2,0,1.0,1.0,1.0,1.0,0.0,0.0,1.0,1.0,0.0,1,0,abstain
2Wiki,55,Who is the spouse of the director of film My Three Merry Widows?,low,0,2,1,1,1.0,1.0,1.0,2,2,0,1.0,1.0,1.0,1.0,0.0,0.0,1.0,1.0,0.0,1,0,bind
2Wiki,56,Which country the composer of film Thunder On The Hill is from?,low,0,2,1,1,4.0,4.0,4.0,2,2,0,0.0,0.0,0.0,0.0,0.0,0.0,1.0,1.0,0.0,1,0,bind
2Wiki,57,"Which film has the director born later, Arrête Ton Cinéma or Agni (2004 Film)?",high,1,4,2,1,2.0,1.0,1.0,4,3,1,1.0,1.0,1.0,1.0,0.0,0.0,1.0,0.75,0.25,1,0,bind
2Wiki,58,"Who died earlier, Werner Mensching or Karel Zich?",high,1,3,1,1,0.0,0.0,0.0,2,2,0,1.0,1.0,1.0,1.0,0.0,0.0,1.0,1.0,0.0,1,0,abstain
2Wiki,59,Where did Prince Ferdinand Of Bavaria's mother die?,low,0,2,1,1,3.0,3.0,3.0,2,2,0,0.0,0.5,0.0,0.5,0.0,0.0,1.0,1.0,0.0,1,0,bind
2Wiki,60,Who is the child of the director of film An Event?,low,0,2,1,1,2.0,2.0,2.0,2,3,0,0.0,0.0,0.0,0.0,0.0,0.0,1.0,1.0,0.0,1,0,bind
2Wiki,61,What nationality is the director of film Good People (Film)?,low,0,2,1,1,2.0,2.0,2.0,2,2,0,0.0,0.0,0.0,0.0,0.0,0.0,1.0,1.0,0.0,1,0,bind
2Wiki,62,Are Gare De La Roche-Sur-Yon and Gare De Namps-Quevauvillers both located in the same country?,high,1,3,1,1,1.0,1.0,1.0,2,2,0,1.0,1.0,1.0,1.0,0.0,0.0,1.0,1.0,0.0,1,0,bind
2Wiki,63,What is the place of birth of the director of film Fortunella (Film)?,low,0,2,1,1,3.0,3.0,3.0,2,2,0,0.0,0.0,0.0,0.0,0.0,0.0,1.0,1.0,0.0,1,0,bind
2Wiki,64,Where was the husband of Joanna Elisabeth Of Holstein-Gottorp born?,low,0,2,1,1,1.0,1.0,1.0,2,3,0,1.0,1.0,0.0,0.0,1.0,1.0,1.0,0.5,0.5,1,0,bind
2Wiki,65,Where was the place of death of Abdul-Aziz Bin Muhammad's father?,low,0,2,1,1,2.0,2.0,2.0,2,3,0,0.0,0.0,0.0,0.0,0.0,0.0,1.0,1.0,0.0,1,0,bind
2Wiki,66,"Which film has the director who died later, Love, Honor And Oh-Baby! or I Cover The Underworld?",high,1,4,2,1,2.0,1.0,1.0,4,4,0,0.0,0.0,1.0,1.0,-1.0,-1.0,0.5,1.0,-0.5,1,0,bind
2Wiki,67,Where was the director of film The Circus Cyclone born?,low,0,2,1,1,2.0,2.0,2.0,2,2,0,1.0,1.0,1.0,1.0,0.0,0.0,1.0,1.0,0.0,1,0,bind
2Wiki,68,"Are the movies Wizards Of The Lost Kingdom and Final Exam (1981 Film), from the same country?",high,1,3,1,1,0.0,0.0,0.0,2,3,0,1.0,1.0,1.0,1.0,0.0,0.0,1.0,1.0,0.0,1,0,abstain
2Wiki,69,"Which museum was established first, Museum Of Croatian Archaeological Monuments or Bayernhof Music Museum?",high,1,3,1,1,0.0,0.0,0.0,2,2,0,1.0,1.0,1.0,1.0,0.0,0.0,1.0,1.0,0.0,1,0,abstain
2Wiki,70,Are Christopher Newton (Criminal) and Frances M. Vega of the same nationality?,low,0,2,0,0,0.0,0.0,0.0,2,2,0,1.0,1.0,1.0,1.0,0.0,0.0,1.0,1.0,0.0,1,0,abstain
2Wiki,71,Where did the director of film Dancing In The Rain (Film) die?,low,0,2,1,1,4.0,4.0,4.0,2,2,0,1.0,1.0,1.0,1.0,0.0,0.0,1.0,1.0,0.0,1,0,bind
2Wiki,72,Where did Saw Thanda's husband die?,low,0,2,1,1,0.0,0.0,0.0,2,2,0,1.0,1.0,0.0,0.0,1.0,1.0,1.0,0.5,0.5,1,0,abstain
2Wiki,73,"Did the movies Inside The Room and Crude Set Drama, originate from the same country?",high,1,3,1,1,0.0,0.0,0.0,2,2,0,1.0,1.0,1.0,1.0,0.0,0.0,1.0,1.0,0.0,1,0,abstain
2Wiki,74,"Which film has the director who was born earlier, The Marriage Of Princess Demidoff or The Pocket-Knife?",high,1,4,2,1,3.0,1.5,2.0,4,4,0,1.0,1.0,1.0,1.0,0.0,0.0,0.75,1.0,-0.25,1,0,bind
2Wiki,75,"Which film has the director who is older than the other, Airheads or Return To Cabin By The Lake?",high,1,4,2,1,3.0,1.5,2.0,4,4,0,1.0,1.0,1.0,1.0,0.0,0.0,1.0,1.0,0.0,1,0,bind
2Wiki,76,"Which film was released first, A Romance Of Seville or Pirates Of The Sky?",high,1,3,1,1,0.0,0.0,0.0,2,2,0,1.0,1.0,1.0,1.0,0.0,0.0,1.0,1.0,0.0,1,0,abstain
2Wiki,77,"Which film has the director died later, Lost In The Stratosphere or Blind Man'S Eyes?",high,1,4,2,1,1.0,0.5,1.0,4,3,1,0.0,0.0,0.0,0.0,0.0,0.0,0.75,0.5,0.25,1,0,bind
2Wiki,78,What nationality is the performer of song Am I Wrong (Étienne De Crécy Song)?,low,0,2,1,1,1.0,1.0,1.0,2,2,0,0.0,0.0,0.0,0.0,0.0,0.0,1.0,1.0,0.0,1,0,bind
2Wiki,79,"Who was born earlier, Marjatta Raita or Bruce Coulter?",high,1,3,1,1,0.0,0.0,0.0,2,2,0,0.0,0.0,1.0,1.0,-1.0,-1.0,0.0,1.0,-1.0,1,0,abstain
2Wiki,80,Who is the mother of the director of film Atomised (Film)?,low,0,2,1,1,3.0,3.0,3.0,2,2,0,0.0,0.0,1.0,1.0,-1.0,-1.0,1.0,1.0,0.0,1,0,bind
2Wiki,81,Was Angus Wagner or Juan Carlos Falcón born first?,high,1,3,1,1,0.0,0.0,0.0,2,2,0,1.0,1.0,1.0,1.0,0.0,0.0,1.0,1.0,0.0,1,0,abstain
2Wiki,82,What is the date of birth of Henry I Of Ziębice's father?,low,0,2,1,1,1.0,1.0,1.0,2,2,0,0.0,0.4,0.0,0.4,0.0,0.0,1.0,1.0,0.0,1,0,bind
2Wiki,83,Was Sammy Hagar or Renaud Garcia-Fons born first?,high,1,3,1,1,0.0,0.0,0.0,2,2,0,1.0,1.0,1.0,1.0,0.0,0.0,1.0,1.0,0.0,1,0,abstain
2Wiki,84,Do David Elliot (Illustrator) and Eustace William Ferguson share the same nationality?,high,1,3,1,1,2.0,2.0,2.0,2,2,0,1.0,1.0,1.0,1.0,0.0,0.0,1.0,1.0,0.0,1,0,bind
2Wiki,85,Where was the composer of song Back In The U.S.A. born?,low,0,2,1,1,3.0,3.0,3.0,2,5,0,1.0,1.0,1.0,1.0,0.0,0.0,1.0,1.0,0.0,1,0,bind
2Wiki,86,"Who is older, Cheryl Saban or Dmitry Grigorieff?",high,1,3,1,1,0.0,0.0,0.0,2,2,0,1.0,1.0,1.0,1.0,0.0,0.0,1.0,1.0,0.0,1,0,abstain
2Wiki,87,"Which film has the director who was born later, The First Day Of Freedom or Malabimba – The Malicious Whore?",high,1,4,2,1,2.0,1.0,1.0,4,3,1,1.0,1.0,0.0,0.0,1.0,1.0,1.0,0.75,0.25,1,0,bind
2Wiki,88,Was Jorge Ledezma or Yuliya Baraley born first?,high,1,3,1,1,0.0,0.0,0.0,2,2,0,1.0,1.0,1.0,1.0,0.0,0.0,1.0,1.0,0.0,1,0,abstain
2Wiki,89,Who is Sibyl Hathaway's child-in-law?,low,0,2,1,1,1.0,1.0,1.0,2,2,0,0.0,0.0,0.0,0.0,0.0,0.0,0.5,0.5,0.0,1,0,bind
2Wiki,90,"Which film has the director born first, Sins Of Madeleine or Captain Apache?",high,1,3,1,1,4.0,4.0,4.0,4,4,0,1.0,1.0,1.0,1.0,0.0,0.0,1.0,1.0,0.0,1,0,bind
2Wiki,91,Who is Godomar Ii's stepmother?,high,1,3,2,2,0.0,0.0,0.0,2,2,0,0.0,0.0,0.0,0.0,0.0,0.0,1.0,0.5,0.5,1,0,abstain
2Wiki,92,Where was the director of film The Outlaw Express born?,low,0,2,1,1,2.0,2.0,2.0,2,4,0,0.0,0.8,0.0,0.8,0.0,0.0,1.0,1.0,0.0,1,0,bind
2Wiki,93,"Which film has the director who died later, 45 Calibre Echo or Bons Baisers De Hong Kong?",high,1,4,2,1,3.0,1.5,2.0,4,4,0,1.0,1.0,1.0,1.0,0.0,0.0,1.0,0.75,0.25,1,0,bind
2Wiki,94,What nationality is Lamprocles's father?,low,0,2,1,1,1.0,1.0,1.0,2,1,1,1.0,1.0,0.0,0.0,1.0,1.0,1.0,0.5,0.5,1,0,bind
2Wiki,95,Which country the performer of song I Like Control is from?,low,0,2,1,1,1.0,1.0,1.0,2,2,0,0.0,0.0,0.0,0.0,0.0,0.0,1.0,1.0,0.0,1,0,bind
2Wiki,96,"Which film has the director born later, Romance On The Run or The Palace Of Angels?",high,1,4,2,1,2.0,1.0,1.0,4,3,1,1.0,1.0,1.0,1.0,0.0,0.0,1.0,0.75,0.25,1,0,bind
2Wiki,97,"Which film has the director born first, Mord Em'Ly or Ek Hi Bhool (1940 Film)?",high,1,4,2,1,2.0,1.0,1.0,4,3,1,1.0,1.0,1.0,1.0,0.0,0.0,1.0,0.75,0.25,1,0,bind
2Wiki,98,"Which film has the director born earlier, The Korean Wedding Chest or True To The Navy?",high,1,4,2,1,2.0,1.0,1.0,4,4,0,1.0,1.0,1.0,1.0,0.0,0.0,1.0,1.0,0.0,1,0,bind
2Wiki,99,Who is Marianus V Of Arborea's mother?,low,0,1,0,0,0.0,0.0,0.0,2,2,0,0.0,0.5,1.0,1.0,-1.0,-0.5,1.0,1.0,0.0,1,0,abstain
2Wiki,100,"Who is the paternal grandfather of Margaret Of Bavaria, Marchioness Of Mantua?",high,1,3,2,2,10.0,5.0,5.0,2,3,0,1.0,1.0,1.0,1.0,0.0,0.0,1.0,1.0,0.0,1,0,bind
2Wiki,101,"Which film has the director who was born later, Felices 140 or Dr. Who And The Daleks?",high,1,4,2,1,2.0,1.0,1.0,4,3,1,1.0,1.0,1.0,1.0,0.0,0.0,1.0,0.75,0.25,1,0,bind
2Wiki,102,"Which film came out first, Mama'S Little Pirate or Beauties On Motor Scooters?",high,1,3,1,1,0.0,0.0,0.0,2,2,0,1.0,1.0,1.0,1.0,0.0,0.0,1.0,1.0,0.0,1,0,abstain
2Wiki,103,"Which film came out earlier, Two Brides And A Baby or Dinner At The Ritz?",high,1,3,1,1,0.0,0.0,0.0,2,2,0,1.0,1.0,1.0,1.0,0.0,0.0,1.0,1.0,0.0,1,0,abstain
2Wiki,104,Where did the composer of film Camille (1926 Feature Film) die?,low,0,2,1,1,2.0,2.0,2.0,2,2,0,0.0,0.6667,0.0,0.6666666666666666,0.0,3.333333333332966e-05,1.0,1.0,0.0,1,0,bind
2Wiki,105,Who is Colgú Mac Faílbe Flaind's uncle?,high,1,4,3,3,3.0,1.0,1.0,2,2,0,1.0,1.0,1.0,1.0,0.0,0.0,1.0,0.5,0.5,1,0,bind
2Wiki,106,Who is the sibling-in-law of Jean Tangye?,low,0,2,1,1,1.0,1.0,1.0,2,2,0,1.0,1.0,1.0,1.0,0.0,0.0,1.0,1.0,0.0,1,0,bind
2Wiki,107,Where was the founder of magazine Track & Field News born?,low,0,2,1,1,1.0,1.0,1.0,2,1,1,0.0,0.8,0.0,0.8,0.0,0.0,1.0,0.5,0.5,1,0,bind
2Wiki,108,Was Shahanuddin Choudhury or Domenico Distilo born first?,high,1,3,1,1,0.0,0.0,0.0,2,2,0,1.0,1.0,1.0,1.0,0.0,0.0,1.0,1.0,0.0,1,0,abstain
2Wiki,109,"What is the date of death of Alfonso Pérez De Guzmán, 5Th Duke Of Medina Sidonia's father?",low,0,2,1,1,5.0,5.0,5.0,2,5,0,1.0,1.0,1.0,1.0,0.0,0.0,1.0,1.0,0.0,1,0,bind
2Wiki,110,What is the place of birth of the performer of song Merry-Go-Round (Ayumi Hamasaki Song)?,low,0,2,1,1,2.0,2.0,2.0,2,2,0,1.0,1.0,1.0,1.0,0.0,0.0,1.0,1.0,0.0,1,0,bind
2Wiki,111,"Which film has the director who is older than the other, The Lone Prairie or Buckaroo From Powder River?",high,1,4,2,1,5.0,2.5,3.0,4,3,1,1.0,1.0,0.0,0.0,1.0,1.0,0.75,0.75,0.0,1,0,bind
2Wiki,112,"Which film has the director who was born earlier, César And Rosalie or Beatrice (1987 Film)?",high,1,4,2,1,2.0,1.0,1.0,4,4,0,1.0,1.0,1.0,1.0,0.0,0.0,1.0,1.0,0.0,1,0,bind
2Wiki,113,Are Wiqu (Lima) and Qillqa (Melgar) both located in the same country?,high,1,3,1,1,0.0,0.0,0.0,2,2,0,1.0,1.0,1.0,1.0,0.0,0.0,1.0,1.0,0.0,1,0,abstain
2Wiki,114,"Which film has the director died later, The Glass Wall or Where Does It Hurt??",high,1,4,2,1,3.0,1.5,2.0,4,4,0,1.0,1.0,1.0,1.0,0.0,0.0,1.0,1.0,0.0,1,0,bind
2Wiki,115,"What is the date of death of Hermann Ii, Landgrave Of Hesse's father?",low,0,2,1,1,1.0,1.0,1.0,2,2,0,1.0,1.0,1.0,1.0,0.0,0.0,1.0,1.0,0.0,1,0,bind
2Wiki,116,Where was the director of film Do You Believe? (Film) born?,low,0,2,1,1,1.0,1.0,1.0,2,2,0,0.0,0.0,0.0,0.0,0.0,0.0,1.0,1.0,0.0,1,0,bind
2Wiki,117,"When is Napier Sturt, 3Rd Baron Alington's father's birthday?",low,0,2,1,1,3.0,3.0,3.0,2,2,0,1.0,1.0,1.0,1.0,0.0,0.0,1.0,1.0,0.0,1,0,bind
2Wiki,118,"Which film has the director who is older, Amira & Sam or Fat Man And Little Boy?",high,1,4,2,1,2.0,1.0,1.0,4,5,0,1.0,1.0,1.0,1.0,0.0,0.0,1.0,1.0,0.0,1,0,bind
2Wiki,119,What is the place of birth of the director of film Peter'S Friends?,low,0,2,1,1,1.0,1.0,1.0,2,3,0,0.0,0.0,0.0,0.0,0.0,0.0,0.5,0.5,0.0,1,0,bind
2Wiki,120,When was the company that published The Miscellany News founded?,low,0,2,1,1,0.0,0.0,0.0,2,1,1,1.0,1.0,0.0,0.0,1.0,1.0,1.0,0.5,0.5,1,0,abstain
2Wiki,121,"Which film has the director who died first, Haiducii (Film) or My Wife'S Best Friend?",high,1,4,2,1,4.0,2.0,3.0,4,3,1,1.0,1.0,1.0,1.0,0.0,0.0,1.0,0.75,0.25,1,0,bind
2Wiki,122,Who is the father of the director of film Battle In Seattle?,low,0,2,1,1,1.0,1.0,1.0,2,3,0,0.0,0.0,0.0,0.0,0.0,0.0,1.0,1.0,0.0,1,0,bind
2Wiki,123,What nationality is the composer of song Make The World Move?,low,0,2,1,1,0.0,0.0,0.0,2,1,1,0.0,0.0,0.0,0.0,0.0,0.0,0.5,0.5,0.0,1,0,abstain
2Wiki,124,Where was the place of death of the director of film The Notorious Miss Lisle?,low,0,2,1,1,1.0,1.0,1.0,2,2,0,0.0,0.6667,0.0,0.6666666666666666,0.0,3.333333333332966e-05,1.0,1.0,0.0,1,0,bind
2Wiki,125,"Which film whose director was born first, Last Tango In Paris or Beasts Of Prey?",high,1,4,2,1,3.0,1.5,2.0,4,3,1,1.0,1.0,1.0,1.0,0.0,0.0,1.0,0.75,0.25,1,0,bind
2Wiki,126,Who is the paternal grandfather of Dui Finn?,high,1,3,2,2,5.0,2.5,4.0,2,3,0,1.0,1.0,0.0,0.0,1.0,1.0,1.0,0.5,0.5,1,0,bind
2Wiki,127,"Which film was released first, The Tender Years or Range War?",high,1,3,1,1,0.0,0.0,0.0,2,2,0,1.0,1.0,1.0,1.0,0.0,0.0,1.0,1.0,0.0,1,0,abstain
2Wiki,128,"Who is the maternal grandmother of Louis, Dauphin Of France (Son Of Louis Xv)?",high,1,3,2,2,2.0,1.0,1.0,2,5,0,0.0,0.0,0.0,0.0,0.0,0.0,1.0,1.0,0.0,1,0,bind
2Wiki,129,What is the place of birth of Princess Maria Of Greece And Denmark's mother?,low,0,2,1,1,0.0,0.0,0.0,2,2,0,0.0,0.0,0.0,0.0,0.0,0.0,1.0,1.0,0.0,1,0,abstain
2Wiki,130,"Which film has the director died first, I Like Only You or Brother Rat?",high,1,4,2,1,2.0,1.0,1.0,4,5,0,1.0,1.0,0.0,0.0,1.0,1.0,1.0,0.75,0.25,1,0,bind
2Wiki,131,Who is Princess Mafalda Of Savoy's maternal grandmother?,high,1,3,2,2,2.0,1.0,1.0,2,5,0,1.0,1.0,1.0,1.0,0.0,0.0,1.0,1.0,0.0,1,0,bind
2Wiki,132,"Who was born earlier, Wang Shusen or Rona Randall?",high,1,3,1,1,0.0,0.0,0.0,2,2,0,1.0,1.0,1.0,1.0,0.0,0.0,1.0,1.0,0.0,1,0,abstain
2Wiki,133,"Who was born later, Vincenzo Lapuma or Sy Kattelson?",high,1,3,1,1,0.0,0.0,0.0,2,2,0,1.0,1.0,1.0,1.0,0.0,0.0,1.0,1.0,0.0,1,0,abstain
2Wiki,134,"Which film whose director was born first, Broadway Or Bust or Ballad Of Tara?",high,1,4,2,1,1.0,0.5,1.0,4,4,0,1.0,1.0,1.0,1.0,0.0,0.0,0.75,1.0,-0.25,1,0,bind
2Wiki,135,"Who is William Ii, Count Of Flanders's paternal grandmother?",high,1,3,2,1,6.0,3.0,3.0,2,3,0,0.0,0.3333,1.0,1.0,-1.0,-0.6667000000000001,0.0,1.0,-1.0,1,0,bind
2Wiki,136,Where was the performer of song Whispers (Corina Song) born?,low,0,2,1,1,1.0,1.0,1.0,2,2,0,0.0,0.5,0.0,0.5,0.0,0.0,1.0,1.0,0.0,1,0,bind
2Wiki,137,"Which film was released first, Kalaya Tasmai Namaha or Undercover With The Kkk?",high,1,3,1,1,0.0,0.0,0.0,2,2,0,1.0,1.0,1.0,1.0,0.0,0.0,1.0,1.0,0.0,1,0,abstain
2Wiki,138,When did Princess Rodam Of Kartli's husband die?,low,0,2,1,1,0.0,0.0,0.0,2,2,0,0.0,0.5,0.0,0.5,0.0,0.0,1.0,1.0,0.0,1,0,abstain
2Wiki,139,"Who is younger, Isaac P. Walker or Nakkhatra Mangala?",high,1,3,1,1,0.0,0.0,0.0,2,3,0,1.0,1.0,1.0,1.0,0.0,0.0,1.0,1.0,0.0,1,0,abstain
2Wiki,140,Do both Possession (1922 Film) and La Boum films have the directors from the same country?,high,1,4,2,1,6.0,3.0,5.0,4,3,1,0.0,0.0,0.0,0.0,0.0,0.0,1.0,0.75,0.25,1,0,bind
2Wiki,141,"Which film came out earlier, La Marca De Satanás or Sofia'S Last Ambulance?",high,1,3,1,1,0.0,0.0,0.0,2,2,0,1.0,1.0,1.0,1.0,0.0,0.0,1.0,1.0,0.0,1,0,abstain
2Wiki,142,"Who is younger, Denise Kandel or Bruce Robinson?",high,1,3,1,1,0.0,0.0,0.0,2,2,0,1.0,1.0,1.0,1.0,0.0,0.0,1.0,1.0,0.0,1,0,abstain
2Wiki,143,"Which film has the director who is older than the other, Goopy Gyne Bagha Byne or Halloween Kills?",high,1,4,2,1,2.0,1.0,1.0,4,3,1,1.0,1.0,1.0,1.0,0.0,0.0,1.0,0.75,0.25,1,0,bind
2Wiki,144,"Where was the place of death of Sancha Of Castile, Queen Of Navarre's mother?",low,0,2,1,1,1.0,1.0,1.0,2,2,0,1.0,1.0,0.0,0.0,1.0,1.0,1.0,0.5,0.5,1,0,bind
2Wiki,145,What nationality is Hypsicratea's husband?,low,0,2,1,1,0.0,0.0,0.0,2,2,0,0.0,0.0,0.0,0.0,0.0,0.0,1.0,1.0,0.0,1,0,abstain
2Wiki,146,Who is the father of the director of film Power Of Women (Film)?,low,0,2,1,1,1.0,1.0,1.0,2,2,0,1.0,1.0,1.0,1.0,0.0,0.0,1.0,1.0,0.0,1,0,bind
2Wiki,147,Who is Margaret Of Baux's father-in-law?,high,1,3,2,2,5.0,2.5,3.0,2,2,0,0.0,0.6667,0.0,0.6666666666666666,0.0,3.333333333332966e-05,1.0,1.0,0.0,1,0,bind
2Wiki,148,Which country Lucius Antonius (Grandson Of Mark Antony)'s father is from?,low,0,2,1,1,4.0,4.0,4.0,2,2,0,0.0,0.6667,0.0,0.0,0.0,0.6667,1.0,1.0,0.0,1,0,bind
2Wiki,149,"Which film whose director is younger, Forbidden Ground or Free Guy?",high,1,4,2,1,3.0,1.5,2.0,4,3,1,1.0,1.0,1.0,1.0,0.0,0.0,0.75,0.75,0.0,1,0,bind
2Wiki,150,Where was the place of burial of Osthryth's father?,low,0,2,1,1,0.0,0.0,0.0,2,2,0,0.0,0.5,0.0,0.5,0.0,0.0,1.0,1.0,0.0,1,0,abstain
2Wiki,151,"Which magazine came out first, Entertain Magazine or Woman'S Century?",high,1,3,1,1,0.0,0.0,0.0,2,2,0,1.0,1.0,1.0,1.0,0.0,0.0,1.0,1.0,0.0,1,0,abstain
2Wiki,152,Who is the stepmother of Sara Ali Khan?,low,0,2,1,1,0.0,0.0,0.0,2,1,1,0.0,0.0,0.0,0.0,0.0,0.0,1.0,0.5,0.5,1,0,abstain
2Wiki,153,"Which film whose director is younger, Before The Bat'S Flight Is Done or Agar Tum Na Hote?",high,1,4,2,1,2.0,1.0,1.0,4,3,1,1.0,1.0,1.0,1.0,0.0,0.0,1.0,0.75,0.25,1,0,bind
2Wiki,154,"Which film was released earlier, Powerful: Energy For Everyone or Scaregivers?",high,1,3,1,1,0.0,0.0,0.0,2,2,0,1.0,1.0,1.0,1.0,0.0,0.0,1.0,1.0,0.0,1,0,abstain
2Wiki,155,Does Leslie Pietrzyk have the same nationality as Marianne Wiggins?,high,1,3,1,1,0.0,0.0,0.0,2,3,0,1.0,1.0,1.0,1.0,0.0,0.0,1.0,1.0,0.0,1,0,abstain
2Wiki,156,Who is Marie Zéphyrine Of France's paternal grandmother?,high,1,3,2,2,5.0,2.5,4.0,2,4,0,0.0,0.0,0.0,0.0,0.0,0.0,1.0,1.0,0.0,1,0,bind
2Wiki,157,"Who is the paternal grandfather of Anna Dorothea, Abbess Of Quedlinburg?",high,1,3,2,2,3.0,1.5,2.0,2,3,0,0.0,0.6,0.0,0.0,0.0,0.6,0.5,0.5,0.0,1,0,bind
2Wiki,158,When did Conall Mac Comgaill's father die?,low,0,2,1,1,1.0,1.0,1.0,2,2,0,1.0,1.0,0.0,0.0,1.0,1.0,1.0,1.0,0.0,1,0,bind
2Wiki,159,Who is the spouse of the director of film The Glass Boat?,low,0,2,1,1,1.0,1.0,1.0,2,2,0,1.0,1.0,1.0,1.0,0.0,0.0,1.0,1.0,0.0,1,0,bind
2Wiki,160,"Who is younger, Jan Britstra or Leonas Milčius?",high,1,3,1,1,0.0,0.0,0.0,2,2,0,1.0,1.0,1.0,1.0,0.0,0.0,1.0,1.0,0.0,1,0,abstain
2Wiki,161,"Where was the place of death of Humphrey Stafford, Earl Of Stafford's father?",low,0,2,1,1,1.0,1.0,1.0,2,3,0,0.0,0.0,0.0,0.0,0.0,0.0,1.0,1.0,0.0,1,0,bind
2Wiki,162,Do Walfredo Reyes Jr. and Zac Dysert have the same nationality?,high,1,3,1,1,0.0,0.0,0.0,2,3,0,0.0,0.0,0.0,0.0,0.0,0.0,1.0,1.0,0.0,1,0,abstain
2Wiki,163,Which country Al-Mu'Tasim's father is from?,low,0,2,1,1,4.0,4.0,4.0,2,2,0,0.0,0.0,0.0,0.0,0.0,0.0,1.0,1.0,0.0,1,0,bind
2Wiki,164,"Who did Joan Ramon Ii, Count Of Cardona marry?",low,0,1,0,0,0.0,0.0,0.0,2,2,0,0.0,0.6667,0.0,0.6666666666666666,0.0,3.333333333332966e-05,1.0,1.0,0.0,1,0,abstain
2Wiki,165,"Which film has the director born earlier, The Planet Of Junior Brown or A Yank In The R.A.F.?",high,1,4,2,1,3.0,1.5,2.0,4,4,0,0.0,0.0,1.0,1.0,-1.0,-1.0,0.25,1.0,-0.75,1,0,bind
2Wiki,166,Where does Louisa Charlotte Tyndall's husband work at?,low,0,2,1,1,1.0,1.0,1.0,2,2,0,0.0,0.4444,0.0,0.4444444444444445,0.0,-4.444444444445805e-05,1.0,1.0,0.0,1,0,bind
2Wiki,167,Who is the father-in-law of Ermengarde Of Hesbaye?,high,1,3,2,2,5.0,2.5,4.0,2,3,0,1.0,1.0,0.0,0.0,1.0,1.0,1.0,0.5,0.5,1,0,bind
2Wiki,168,"Which film was released earlier, Dreamville Presents: Revenge or One More Time With Feeling?",high,1,3,1,1,0.0,0.0,0.0,2,2,0,1.0,1.0,1.0,1.0,0.0,0.0,1.0,1.0,0.0,1,0,abstain
2Wiki,169,"Which film has the director born first, Mutiny (1952 Film) or The Eagle'S Feather?",high,1,4,2,1,2.0,1.0,1.0,4,4,0,1.0,1.0,1.0,1.0,0.0,0.0,1.0,1.0,0.0,1,0,bind
2Wiki,170,Do both films The Umbrella Coup and The Cow And I have the directors that share the same nationality?,high,1,4,2,1,2.0,1.0,1.0,4,4,0,1.0,1.0,1.0,1.0,0.0,0.0,1.0,1.0,0.0,1,0,bind
2Wiki,171,"Which film has the director who died later, Hotel Paradis or Devil'S Doorway?",high,1,4,2,1,3.0,1.5,2.0,4,4,0,1.0,1.0,1.0,1.0,0.0,0.0,1.0,0.75,0.25,1,0,bind
2Wiki,172,Who is the father of the director of film Duniya Meri Jeb Mein?,low,0,2,1,1,1.0,1.0,1.0,2,2,0,1.0,1.0,1.0,1.0,0.0,0.0,1.0,1.0,0.0,1,0,bind
2Wiki,173,Who is the paternal grandmother of Sigrid Of Sweden (1566–1633)?,low,0,2,1,1,0.0,0.0,0.0,2,3,0,1.0,1.0,0.0,0.0,1.0,1.0,1.0,0.5,0.5,1,0,abstain
2Wiki,174,Do both films A Trial In Prague and Three Strangers have the directors that share the same nationality?,high,1,4,2,1,2.0,1.0,1.0,4,4,0,1.0,1.0,0.0,0.0,1.0,1.0,1.0,1.0,0.0,1,0,bind
2Wiki,175,Where was the wife of Adam Włodek born?,low,0,2,1,1,1.0,1.0,1.0,2,2,0,0.0,0.0,0.0,0.0,0.0,0.0,1.0,1.0,0.0,1,0,bind
2Wiki,176,"Which film was released first, Ryan'S Daughter or A Day At The Museum?",high,1,3,1,1,0.0,0.0,0.0,2,2,0,1.0,1.0,1.0,1.0,0.0,0.0,1.0,1.0,0.0,1,0,abstain
2Wiki,177,Who is Karl Von Habsburg's paternal grandmother?,high,1,3,2,2,0.0,0.0,0.0,2,12,0,0.0,0.2857,0.0,0.0,0.0,0.2857,0.5,0.5,0.0,1,0,abstain
2Wiki,178,"Which country Thomas Lyon-Bowes, Lord Glamis's father is from?",low,0,2,1,1,1.0,1.0,1.0,2,4,0,0.0,0.0,0.0,0.0,0.0,0.0,1.0,1.0,0.0,1,0,bind
2Wiki,179,"Which film was released more recently, An Empress And The Warriors or Die Screaming, Marianne?",high,1,3,1,1,0.0,0.0,0.0,2,2,0,1.0,1.0,1.0,1.0,0.0,0.0,1.0,1.0,0.0,1,0,abstain
2Wiki,180,"Which film has the director born later, Diary Of A Maniac or Return Of The Hero?",high,1,4,2,1,3.0,1.5,2.0,4,3,1,1.0,1.0,1.0,1.0,0.0,0.0,1.0,0.75,0.25,1,0,bind
2Wiki,181,"Which film has the director died later, Dahleez or The Lights Of Buenos Aires?",high,1,4,2,1,1.0,0.5,1.0,4,3,1,1.0,1.0,0.0,0.0,1.0,1.0,1.0,0.75,0.25,1,0,bind
2Wiki,182,Where was the husband of Ting-Xing Ye born?,low,0,2,1,1,0.0,0.0,0.0,2,1,1,0.0,0.0,0.0,0.0,0.0,0.0,0.5,0.5,0.0,1,0,abstain
2Wiki,183,Where was the composer of song By The Beautiful Sea (Song) born?,low,0,2,1,1,3.0,3.0,3.0,2,2,0,1.0,1.0,1.0,1.0,0.0,0.0,1.0,1.0,0.0,1,0,bind
2Wiki,184,What is the place of birth of the director of film The Trail Of The Lonesome Pine (1923 Film)?,low,0,2,1,1,1.0,1.0,1.0,2,2,0,0.0,0.6667,0.0,0.6666666666666666,0.0,3.333333333332966e-05,1.0,1.0,0.0,1,0,bind
2Wiki,185,"Who died first, Thomas Valentine Cooper or John Ellis Roosevelt?",high,1,3,1,1,0.0,0.0,0.0,2,2,0,1.0,1.0,1.0,1.0,0.0,0.0,1.0,1.0,0.0,1,0,abstain
2Wiki,186,Where was the place of death of Edsel Ford's father?,low,0,2,1,1,1.0,1.0,1.0,2,4,0,0.0,0.0,0.0,0.0,0.0,0.0,1.0,1.0,0.0,1,0,bind
2Wiki,187,"Which film came out earlier, A Jester'S Tale or Ang Kwento Ni Mabuti?",high,1,3,1,1,0.0,0.0,0.0,2,2,0,1.0,1.0,1.0,1.0,0.0,0.0,1.0,1.0,0.0,1,0,abstain
2Wiki,188,"Which film has the director who was born later, The Sleeping City or The Lawful Cheater?",high,1,4,2,1,3.0,1.5,2.0,4,4,0,1.0,1.0,1.0,1.0,0.0,0.0,1.0,1.0,0.0,1,0,bind
2Wiki,189,Which country the director of film La Yuma is from?,low,0,2,1,1,1.0,1.0,1.0,2,2,0,0.0,0.0,0.0,0.0,0.0,0.0,1.0,1.0,0.0,1,0,bind
2Wiki,190,"Are both mountains, Allqamari and Juch'Uy Llallawa, located in the same country?",high,1,3,1,1,0.0,0.0,0.0,2,2,0,1.0,1.0,1.0,1.0,0.0,0.0,1.0,1.0,0.0,1,0,abstain
2Wiki,191,Who is Archduchess Maria Antonia Of Austria (1899–1977)'s maternal grandfather?,high,1,3,2,2,2.0,1.0,1.0,2,3,0,1.0,1.0,1.0,1.0,0.0,0.0,1.0,0.5,0.5,1,0,bind
2Wiki,192,"Which album was released first, Don'T Freak Me Out or Love & War (Barlowgirl Album)?",high,1,3,1,1,0.0,0.0,0.0,2,2,0,1.0,1.0,1.0,1.0,0.0,0.0,1.0,1.0,0.0,1,0,abstain
2Wiki,193,Was Ausaf Ali or Steven Perry born first?,high,1,3,1,1,0.0,0.0,0.0,2,2,0,1.0,1.0,1.0,1.0,0.0,0.0,1.0,1.0,0.0,1,0,abstain
2Wiki,194,Who is the father of the director of film Summer Skin (Film)?,low,0,2,1,1,5.0,5.0,5.0,2,3,0,1.0,1.0,1.0,1.0,0.0,0.0,1.0,1.0,0.0,1,0,bind
2Wiki,195,"Which film has the director who is older, A Better Tomorrow Iii: Love & Death In Saigon or Har Dil Jo Pyar Karega?",high,1,4,2,1,2.0,1.0,1.0,4,4,0,1.0,1.0,1.0,1.0,0.0,0.0,1.0,1.0,0.0,1,0,bind
2Wiki,196,"Which film was released earlier, Flash Gordon Conquers The Universe or Siti Noerbaja?",high,1,3,1,1,0.0,0.0,0.0,2,2,0,1.0,1.0,1.0,1.0,0.0,0.0,1.0,1.0,0.0,1,0,abstain
2Wiki,197,Who was born first out of C. Maurice Patterson and Maj-Briht Bergström-Walan?,high,1,3,1,1,0.0,0.0,0.0,2,2,0,1.0,1.0,1.0,1.0,0.0,0.0,1.0,1.0,0.0,1,0,abstain
2Wiki,198,"Which film has the director who died later, Majhli Didi or Dream Of The Rhine?",high,1,4,2,1,2.0,1.0,1.0,4,4,0,1.0,1.0,1.0,1.0,0.0,0.0,1.0,1.0,0.0,1,0,bind
2Wiki,199,"Which film has the director who was born later, Tarzan'S Hidden Jungle or The Brink'S Job?",high,1,4,2,1,2.0,1.0,1.0,4,2,1,1.0,1.0,0.0,0.0,1.0,1.0,1.0,0.5,0.5,1,0,bind
2Wiki,200,Who is Princess Margaret Of Connaught's father?,low,0,1,0,0,0.0,0.0,0.0,2,3,0,0.0,0.8333,0.0,0.8333333333333333,0.0,-3.333333333321864e-05,1.0,1.0,0.0,1,0,abstain
2Wiki,201,"Who is Infanta Adelgundes, Duchess Of Guimarães's father?",low,0,2,1,1,3.0,3.0,3.0,2,2,0,0.0,0.8571,0.0,0.8571428571428571,0.0,-4.285714285712228e-05,1.0,1.0,0.0,1,0,bind
2Wiki,202,Are the directors of films C-Man (Film) and Greencastle (Film) both from the same country?,high,1,4,2,1,7.0,3.5,5.0,4,3,1,1.0,1.0,0.0,0.0,1.0,1.0,1.0,0.75,0.25,1,0,bind
2Wiki,203,Where was the place of death of the director of film The Song Of The Old Days?,low,0,2,1,1,2.0,2.0,2.0,2,2,0,1.0,1.0,1.0,1.0,0.0,0.0,1.0,1.0,0.0,1,0,bind
2Wiki,204,Why did the composer of song Waspman die?,low,0,2,1,1,1.0,1.0,1.0,2,2,0,0.0,0.0,0.0,0.0,0.0,0.0,1.0,1.0,0.0,1,0,bind
2Wiki,205,"Do both films Rip, Sew And Stitch and Clown Princes have the directors from the same country?",high,1,4,2,1,2.0,1.0,1.0,4,4,0,1.0,1.0,1.0,1.0,0.0,0.0,1.0,1.0,0.0,1,0,bind
2Wiki,206,Who is the paternal grandfather of Lady Helen Taylor?,high,1,3,2,2,6.0,3.0,5.0,2,4,0,0.0,0.25,0.0,0.8000000000000002,0.0,-0.5500000000000002,1.0,1.0,0.0,1,0,bind
2Wiki,207,Where was the founder of university Bolivarian Military University Of Venezuela born?,low,0,2,1,1,0.0,0.0,0.0,2,2,0,0.0,0.0,0.0,0.0,0.0,0.0,0.5,0.5,0.0,1,0,abstain
2Wiki,208,Where was the place of death of James Adam (Architect)'s father?,low,0,2,1,1,1.0,1.0,1.0,2,2,0,0.0,0.0,0.0,0.0,0.0,0.0,1.0,1.0,0.0,1,0,bind
2Wiki,209,Where did the composer of film Oru Swakaryam die?,low,0,2,1,1,1.0,1.0,1.0,2,3,0,0.0,0.6667,0.0,0.6666666666666666,0.0,3.333333333332966e-05,1.0,1.0,0.0,1,0,bind
2Wiki,210,"Who lived longer, Ludovico Sabbatini or Marcelino Manuel Da Graça?",high,1,3,1,1,0.0,0.0,0.0,2,2,0,0.0,0.0,1.0,1.0,-1.0,-1.0,0.5,1.0,-0.5,1,0,abstain
2Wiki,211,"Which film was released first, Sudden Fear or The Adventurer Of Chad?",high,1,3,1,1,0.0,0.0,0.0,2,2,0,1.0,1.0,1.0,1.0,0.0,0.0,1.0,1.0,0.0,1,0,abstain
2Wiki,212,What is the date of death of Alexander Of Masovia's father?,low,0,2,1,1,2.0,2.0,2.0,2,2,0,1.0,1.0,1.0,1.0,0.0,0.0,1.0,1.0,0.0,1,0,bind
2Wiki,213,Who is the paternal grandmother of Archduke Ferdinand Karl Joseph Of Austria-Este?,high,1,3,2,2,2.0,1.0,2.0,2,4,0,1.0,1.0,1.0,1.0,0.0,0.0,1.0,1.0,0.0,1,0,bind
2Wiki,214,Where did the composer of film Kadal (1968 Film) die?,low,0,2,1,1,1.0,1.0,1.0,2,2,0,0.0,0.6667,0.0,0.6666666666666666,0.0,3.333333333332966e-05,1.0,1.0,0.0,1,0,bind
2Wiki,215,"Which film whose director is younger, Traces Of A Dragon or Moonnupookkal?",high,1,4,2,1,4.0,2.0,2.0,4,2,1,1.0,1.0,0.0,0.0,1.0,1.0,0.75,0.5,0.25,1,0,bind
2Wiki,216,"Which film came out first, Girl From Hong Kong or Forces Occultes?",high,1,3,1,1,0.0,0.0,0.0,2,2,0,1.0,1.0,1.0,1.0,0.0,0.0,1.0,1.0,0.0,1,0,abstain
2Wiki,217,"Which film has the director born earlier, The Spooky Bunch or His Name Is Nobody?",high,1,4,2,1,2.0,1.0,1.0,4,2,1,1.0,1.0,0.0,0.0,1.0,1.0,1.0,0.5,0.5,1,0,bind
2Wiki,218,Do both films: Racing Extinction and Madame Butterfly (1995 Film) have the directors from the same country?,high,1,4,2,1,4.0,2.0,3.0,4,3,1,1.0,1.0,1.0,1.0,0.0,0.0,0.75,0.5,0.25,1,0,bind
2Wiki,219,Who is the husband of Princess Elene Of Georgia?,low,0,1,0,0,0.0,0.0,0.0,2,2,0,0.0,0.0,0.0,0.0,0.0,0.0,1.0,1.0,0.0,1,0,abstain
2Wiki,220,"What is the date of death of Edward Wingfield, 2Nd Viscount Powerscourt's father?",low,0,2,1,1,3.0,3.0,3.0,2,2,0,1.0,1.0,1.0,1.0,0.0,0.0,1.0,1.0,0.0,1,0,bind
2Wiki,221,Who is Abd Al-Aziz Ibn Al-Walid's paternal grandfather?,low,0,2,1,1,2.0,2.0,2.0,2,2,0,0.0,0.6667,0.0,0.6666666666666666,0.0,3.333333333332966e-05,1.0,1.0,0.0,1,0,bind
2Wiki,222,"Which film has the director born first, La Mazurka Del Barone, Della Santa E Del Fico Fiorone or Safe (2012 Film)?",high,1,4,2,1,3.0,1.5,2.0,4,2,1,1.0,1.0,1.0,1.0,0.0,0.0,0.75,0.5,0.25,1,0,bind
2Wiki,223,"Which film has the director who was born first, Autumn Tale or Secrets Of The Reef?",high,1,4,2,1,5.0,2.5,4.0,4,4,0,0.0,0.0,1.0,1.0,-1.0,-1.0,0.75,0.75,0.0,1,0,bind
2Wiki,224,"Who was born later, Lisbeth Cathrine Amalie Rose or Princess Raiyah Bint Hussein?",high,1,3,1,1,0.0,0.0,0.0,2,2,0,1.0,1.0,1.0,1.0,0.0,0.0,1.0,1.0,0.0,1,0,abstain
2Wiki,225,"Which film has the director who died first, Karin Daughter Of Ingmar or The Man In The Trunk?",high,1,4,2,1,2.0,1.0,1.0,4,2,1,1.0,1.0,1.0,1.0,0.0,0.0,1.0,0.5,0.5,1,0,bind
2Wiki,226,Where does Charles Patin's father work at?,low,0,2,1,1,1.0,1.0,1.0,2,2,0,0.0,0.0,0.0,0.0,0.0,0.0,1.0,1.0,0.0,1,0,bind
2Wiki,227,Where was the wife of Pierre-Marie Gault De Saint-Germain born?,low,0,2,1,1,1.0,1.0,1.0,2,2,0,1.0,1.0,1.0,1.0,0.0,0.0,1.0,1.0,0.0,1,0,bind
2Wiki,228,"Which film has the director who is older than the other, Ven Mi Corazón Te Llama or Waking The Dead (Film)?",high,1,4,2,1,2.0,1.0,1.0,4,4,0,1.0,1.0,1.0,1.0,0.0,0.0,1.0,1.0,0.0,1,0,bind
2Wiki,229,"Who is older, Georg Wenker or Ida Turay?",high,1,3,1,1,0.0,0.0,0.0,2,2,0,1.0,1.0,1.0,1.0,0.0,0.0,1.0,1.0,0.0,1,0,abstain
2Wiki,230,Are Ntnu University Museum and Anno Museum located in the same country?,high,1,3,1,1,0.0,0.0,0.0,2,2,0,1.0,1.0,1.0,1.0,0.0,0.0,1.0,1.0,0.0,1,0,abstain
2Wiki,231,"Who was born later, John Augustus Conolly or Abdel Nasser Barakat?",high,1,3,1,1,0.0,0.0,0.0,2,2,0,1.0,1.0,1.0,1.0,0.0,0.0,1.0,1.0,0.0,1,0,abstain
2Wiki,232,"Are the movies The Rocks Of Valpre (1935 Film) and Proud Flesh (Film), from the same country?",high,1,3,1,1,2.0,2.0,2.0,2,2,0,1.0,1.0,1.0,1.0,0.0,0.0,1.0,1.0,0.0,1,0,bind
2Wiki,233,"Where was the place of death of the director of film Tabitha, Stand Up?",low,0,2,1,1,1.0,1.0,1.0,2,2,0,0.0,0.0,0.0,0.0,0.0,0.0,1.0,1.0,0.0,1,0,bind
2Wiki,234,Who is the paternal grandfather of Hamad Bin Isa Al Khalifa?,high,1,3,2,2,9.0,4.5,5.0,2,4,0,1.0,1.0,0.0,0.8000000000000002,1.0,0.19999999999999984,1.0,1.0,0.0,1,0,bind
2Wiki,235,Which award the director of film Edelweiss Pirates (Film) received?,low,0,2,1,1,2.0,2.0,2.0,2,2,0,0.0,0.0,0.0,0.0,0.0,0.0,1.0,1.0,0.0,1,0,bind
2Wiki,236,"Who is the mother of John I, Count Palatine Of Simmern?",low,0,1,0,0,0.0,0.0,0.0,2,4,0,0.0,0.3333,0.0,0.3333333333333333,0.0,-3.333333333332966e-05,1.0,1.0,0.0,1,0,abstain
2Wiki,237,Do King Baggot (Cinematographer) and James L. Robinson have the same nationality?,high,1,3,1,1,2.0,2.0,2.0,2,2,0,0.0,0.0,1.0,1.0,-1.0,-1.0,0.5,1.0,-0.5,1,0,bind
2Wiki,238,What is the place of birth of Anne Elizabeth Rector's husband?,low,0,2,1,1,1.0,1.0,1.0,2,2,0,0.0,0.6667,0.0,0.6666666666666666,0.0,3.333333333332966e-05,1.0,1.0,0.0,1,0,bind
2Wiki,239,What is the place of birth of the director of film Der König Von Kreuzberg?,low,0,2,1,1,2.0,2.0,2.0,2,2,0,1.0,1.0,1.0,1.0,0.0,0.0,1.0,1.0,0.0,1,0,bind
2Wiki,240,"Who was born first out of Amable Éno, Dit Deschamps and Wayne Sykes?",high,1,3,1,1,0.0,0.0,0.0,2,2,0,1.0,1.0,1.0,1.0,0.0,0.0,1.0,1.0,0.0,1,0,abstain
2Wiki,241,Where was the father of Elizabeth Richeza Of Poland born?,low,0,2,1,1,1.0,1.0,1.0,2,2,0,1.0,1.0,1.0,1.0,0.0,0.0,1.0,1.0,0.0,1,0,bind
2Wiki,242,"Which film has the director born later, Colour Blossoms or Kai Rabe Gegen Die Vatikankiller?",high,1,4,2,1,3.0,1.5,2.0,4,4,0,1.0,1.0,1.0,1.0,0.0,0.0,1.0,1.0,0.0,1,0,bind
2Wiki,243,Where was the place of death of the director of film A Hero Of The Big Snows?,low,0,2,1,1,1.0,1.0,1.0,2,2,0,0.0,0.5714,0.0,0.5714285714285715,0.0,-2.8571428571488866e-05,1.0,1.0,0.0,1,0,bind
2Wiki,244,"Do both films, The Wild Frontier (Film) and The Sundowners (1960 Film), have the directors who are from the same country?",high,1,4,2,1,3.0,1.5,2.0,4,3,1,1.0,1.0,1.0,1.0,0.0,0.0,0.75,0.5,0.25,1,0,bind
2Wiki,245,"Which film has the director who was born first, A Monster And A Half or Un Giorno Speciale?",high,1,4,2,1,4.0,2.0,3.0,4,4,0,1.0,1.0,1.0,1.0,0.0,0.0,1.0,1.0,0.0,1,0,bind
2Wiki,246,"Are both mountains, Munti Wayi and Coñocranra, located in the same country?",high,1,3,1,1,0.0,0.0,0.0,2,2,0,1.0,1.0,1.0,1.0,0.0,0.0,1.0,1.0,0.0,1,0,abstain
2Wiki,247,What is the award that the director of film Bangalore Naatkal earned?,high,1,3,2,2,3.0,1.5,2.0,2,2,0,1.0,1.0,1.0,1.0,0.0,0.0,1.0,1.0,0.0,1,0,bind
2Wiki,248,Where was the director of film Life Classes born?,low,0,2,1,1,2.0,2.0,2.0,2,2,0,0.0,0.8,0.0,0.8,0.0,0.0,1.0,1.0,0.0,1,0,bind
2Wiki,249,"Which film has the director who died earlier, The Hitler Gang or Flannelfoot?",high,1,4,2,1,3.0,1.5,2.0,4,3,1,1.0,1.0,0.0,0.0,1.0,1.0,1.0,0.75,0.25,1,0,bind
2Wiki,250,"Which film has the director who is older, Four Days In November or The Romance Of Tarzan?",high,1,4,2,1,3.0,1.5,2.0,4,4,0,1.0,1.0,1.0,1.0,0.0,0.0,0.75,1.0,-0.25,1,0,bind
2Wiki,251,"Who is the paternal grandmother of Isabel Luísa, Princess Of Beira?",low,0,2,1,1,1.0,1.0,1.0,2,3,0,0.0,0.0,0.0,0.0,0.0,0.0,1.0,0.5,0.5,1,0,bind
2Wiki,252,What nationality is Ameena Begum's husband?,low,0,2,1,1,0.0,0.0,0.0,2,1,1,1.0,1.0,1.0,1.0,0.0,0.0,0.5,0.5,0.0,1,0,abstain
2Wiki,253,"Which one was established first, Shriro or Tj Ryan Foundation?",high,1,3,1,1,0.0,0.0,0.0,2,2,0,1.0,1.0,1.0,1.0,0.0,0.0,1.0,1.0,0.0,1,0,abstain
2Wiki,254,"Which film whose director is younger, The Tiger Makes Out or La Vérité Sur Bébé Donge?",high,1,4,2,1,3.0,1.5,2.0,4,4,0,1.0,1.0,1.0,1.0,0.0,0.0,0.75,1.0,-0.25,1,0,bind
2Wiki,255,What nationality is Arabia (Daughter Of Justin Ii)'s mother?,low,0,2,1,1,1.0,1.0,1.0,2,2,0,0.0,0.6667,0.0,0.6666666666666666,0.0,3.333333333332966e-05,1.0,1.0,0.0,1,0,bind
2Wiki,256,Where was the place of death of Anna Of Pomerania's father?,low,0,2,1,1,2.0,2.0,2.0,2,3,0,0.0,0.0,0.0,0.0,0.0,0.0,0.5,0.5,0.0,1,0,bind
2Wiki,257,Where did the director of film Mary Jane'S Pa die?,low,0,2,1,1,2.0,2.0,2.0,2,2,0,0.0,0.0,0.0,0.0,0.0,0.0,1.0,1.0,0.0,1,0,bind
2Wiki,258,"What is the place of birth of Louis Of Nassau, Lord Of De Lek And Beverweerd's mother?",low,0,2,1,1,1.0,1.0,1.0,2,3,0,1.0,1.0,1.0,1.0,0.0,0.0,1.0,1.0,0.0,1,0,bind
2Wiki,259,"Where did Sholto Douglas, 15Th Earl Of Morton's father study?",low,0,2,1,1,1.0,1.0,1.0,2,2,0,0.0,0.8,0.0,0.8,0.0,0.0,1.0,1.0,0.0,1,0,bind
2Wiki,260,"Which film was released first, Par La Fenêtre or Semi-Tough?",high,1,3,1,1,0.0,0.0,0.0,2,2,0,1.0,1.0,1.0,1.0,0.0,0.0,1.0,1.0,0.0,1,0,abstain
2Wiki,261,"Where did Adolph Of Cleves, Lord Of Ravenstein's mother die?",low,0,2,1,1,4.0,4.0,4.0,2,2,0,0.0,0.3333,0.0,0.0,0.0,0.3333,1.0,0.5,0.5,1,0,bind
2Wiki,262,"Which film has the director born later, Charlie Chan In Honolulu or Lianna?",high,1,4,2,1,3.0,1.5,2.0,4,3,1,1.0,1.0,1.0,1.0,0.0,0.0,1.0,0.75,0.25,1,0,bind
2Wiki,263,Where was the performer of song Evolution (Ayumi Hamasaki Song) born?,low,0,2,1,1,0.0,0.0,0.0,2,2,0,0.0,0.5,1.0,1.0,-1.0,-0.5,1.0,1.0,0.0,1,0,abstain
2Wiki,264,"Who was born earlier, Bruce Mccandless or Brian K. Zahra?",high,1,3,1,1,1.0,1.0,1.0,2,4,0,1.0,1.0,1.0,1.0,0.0,0.0,1.0,1.0,0.0,1,0,bind
2Wiki,265,Where was the place of death of the performer of song I'Ll Come Running Back To You?,low,0,2,1,1,2.0,2.0,2.0,2,2,0,1.0,1.0,1.0,1.0,0.0,0.0,1.0,1.0,0.0,1,0,bind
2Wiki,266,"Which film has the director who died later, Bad Subject or Making Babies?",high,1,4,2,1,2.0,1.0,1.0,4,2,1,1.0,1.0,1.0,1.0,0.0,0.0,1.0,0.5,0.5,1,0,bind
2Wiki,267,What is the date of death of Papianilla (Wife Of Sidonius Apollinaris)'s husband?,low,0,2,1,1,0.0,0.0,0.0,2,2,0,0.0,0.5,0.0,0.5,0.0,0.0,1.0,1.0,0.0,1,0,abstain
2Wiki,268,Where was the director of film Age-Old Friends born?,low,0,2,1,1,1.0,1.0,1.0,2,2,0,1.0,1.0,1.0,1.0,0.0,0.0,1.0,1.0,0.0,1,0,bind
2Wiki,269,Are Bmw M and Mine Safety Appliances both located in the same country?,high,1,3,1,1,0.0,0.0,0.0,2,3,0,1.0,1.0,1.0,1.0,0.0,0.0,1.0,1.0,0.0,1,0,abstain
2Wiki,270,"Which film was released more recently, Behind Locked Doors or Crossing Delancey?",high,1,3,1,1,0.0,0.0,0.0,2,4,0,0.0,0.0,0.0,0.0,0.0,0.0,0.0,1.0,-1.0,1,0,abstain
2Wiki,271,What is the place of birth of the director of film 976-Evil Ii?,low,0,2,1,1,2.0,2.0,2.0,2,3,0,0.0,0.5,0.0,0.5,0.0,0.0,1.0,1.0,0.0,1,0,bind
2Wiki,272,Are director of film Garbo (Film) and director of film Souls At Sea both from the same country?,high,1,4,2,1,4.0,2.0,2.0,4,4,0,1.0,1.0,1.0,1.0,0.0,0.0,1.0,0.75,0.25,1,0,bind
2Wiki,273,"Who was born earlier, Ola Stunes Isene or Ruby Helder?",high,1,3,1,1,0.0,0.0,0.0,2,2,0,1.0,1.0,1.0,1.0,0.0,0.0,1.0,1.0,0.0,1,0,abstain
2Wiki,274,"Which film has the director who was born earlier, Holiday In Tyrol or Las Aventuras De Pito Pérez?",high,1,4,2,1,3.0,1.5,2.0,4,4,0,1.0,1.0,1.0,1.0,0.0,0.0,1.0,1.0,0.0,1,0,bind
2Wiki,275,"Who is the paternal grandmother of David Pigot (Cricketer, Born 1929)?",high,1,3,2,2,1.0,0.5,1.0,2,1,1,1.0,1.0,0.0,0.0,1.0,1.0,1.0,0.5,0.5,1,0,bind
2Wiki,276,"Which film came out earlier, Marriage Blue or 4 Minute Mile?",high,1,3,1,1,0.0,0.0,0.0,2,2,0,1.0,1.0,1.0,1.0,0.0,0.0,1.0,1.0,0.0,1,0,abstain
2Wiki,277,What nationality is the director of film Overland Adventure?,low,0,2,1,1,1.0,1.0,1.0,2,2,0,1.0,1.0,1.0,1.0,0.0,0.0,1.0,1.0,0.0,1,0,bind
2Wiki,278,Who is the father of the director of film Tiger Cage (Film)?,low,0,2,1,1,1.0,1.0,1.0,2,2,0,1.0,1.0,1.0,1.0,0.0,0.0,1.0,1.0,0.0,1,0,bind
2Wiki,279,"Which film has the director born later, Tell It To The Bees or House Of The Black Death?",high,1,4,2,1,3.0,1.5,2.0,4,2,1,1.0,1.0,0.0,0.0,1.0,1.0,0.75,0.5,0.25,1,0,bind
2Wiki,280,"Which film was released first, Vamping Venus or Forbidden Paradise?",high,1,3,1,1,0.0,0.0,0.0,2,2,0,1.0,1.0,1.0,1.0,0.0,0.0,1.0,1.0,0.0,1,0,abstain
2Wiki,281,"Which film has the director who died later, Jára Cimrman Lying, Sleeping or Mr. Ace?",high,1,4,2,1,3.0,1.5,2.0,4,4,0,1.0,1.0,1.0,1.0,0.0,0.0,1.0,1.0,0.0,1,0,bind
2Wiki,282,Do Jen Armbruster and Gus Triandos have the same nationality?,high,1,3,1,1,1.0,1.0,1.0,2,3,0,0.0,0.0,0.0,0.0,0.0,0.0,1.0,1.0,0.0,1,0,bind
2Wiki,283,What nationality is the director of film 3096 Days?,low,0,2,1,1,1.0,1.0,1.0,2,2,0,0.0,0.0,0.0,0.0,0.0,0.0,1.0,1.0,0.0,1,0,bind
2Wiki,284,What is the place of birth of Marisabel Rodríguez De Chávez's husband?,low,0,2,1,1,0.0,0.0,0.0,2,2,0,0.0,0.0,0.0,0.0,0.0,0.0,0.5,0.5,0.0,1,0,abstain
2Wiki,285,"Who died first, Earl Valiquette or Jean-Joseph Gaume?",high,1,3,1,1,0.0,0.0,0.0,2,2,0,1.0,1.0,1.0,1.0,0.0,0.0,1.0,1.0,0.0,1,0,abstain
2Wiki,286,Who is Archduchess Rosa Of Austria's mother-in-law?,high,1,4,3,2,5.0,1.6666666666666667,3.0,2,3,0,1.0,1.0,0.0,0.22222222222222224,1.0,0.7777777777777778,1.0,0.5,0.5,1,0,bind
2Wiki,287,"Where was the father of Victor Amadeus, Prince Of Anhalt-Bernburg born?",low,0,2,1,1,1.0,1.0,1.0,2,4,0,1.0,1.0,1.0,1.0,0.0,0.0,1.0,1.0,0.0,1,0,bind
2Wiki,288,Where was the place of death of Thaddeus P. Mott's father?,low,0,2,1,1,1.0,1.0,1.0,2,2,0,0.0,0.6667,0.0,0.0,0.0,0.6667,1.0,1.0,0.0,1,0,bind
2Wiki,289,Where was the performer of song Netflix (Song) born?,low,0,2,1,1,1.0,1.0,1.0,2,2,0,1.0,1.0,1.0,1.0,0.0,0.0,1.0,1.0,0.0,1,0,bind
2Wiki,290,"Which film was released more recently, No Path Through Fire or Bright Leaf?",high,1,3,1,1,0.0,0.0,0.0,2,2,0,1.0,1.0,1.0,1.0,0.0,0.0,1.0,1.0,0.0,1,0,abstain
2Wiki,291,"Who is younger, Lorenzo Zazzeri or Eliška Krásnohorská?",high,1,3,1,1,0.0,0.0,0.0,2,2,0,1.0,1.0,1.0,1.0,0.0,0.0,1.0,1.0,0.0,1,0,abstain
2Wiki,292,"Where did William Louis, Prince Of Anhalt-Harzgerode's father die?",low,0,2,1,1,2.0,2.0,2.0,2,2,0,1.0,1.0,1.0,1.0,0.0,0.0,1.0,1.0,0.0,1,0,bind
2Wiki,293,"Which film came out first, The Coastline or Un Elefante Color Ilusión?",high,1,3,1,1,0.0,0.0,0.0,2,2,0,1.0,1.0,1.0,1.0,0.0,0.0,1.0,1.0,0.0,1,0,abstain
2Wiki,294,"Who is Princess Elisabeth, Duchess Of Hohenberg's father-in-law?",high,1,3,2,2,3.0,1.5,2.0,2,3,0,1.0,1.0,1.0,1.0,0.0,0.0,1.0,1.0,0.0,1,0,bind
2Wiki,295,What is the date of death of the founder of university University Of Los Andes (Colombia)?,low,0,2,1,1,1.0,1.0,1.0,2,1,1,1.0,1.0,1.0,1.0,0.0,0.0,1.0,0.5,0.5,1,0,bind
2Wiki,296,Where was the director of film The Ape (2005 Film) born?,low,0,2,1,1,2.0,2.0,2.0,2,2,0,0.0,0.0,0.0,0.0,0.0,0.0,0.5,1.0,-0.5,1,0,bind
2Wiki,297,What is the place of birth of the performer of song Damage (Pharoahe Monch Song)?,low,0,2,1,1,0.0,0.0,0.0,2,1,1,0.0,0.3333,0.0,0.33333333333333337,0.0,-3.333333333338517e-05,1.0,0.5,0.5,1,0,abstain
2Wiki,298,"Which film whose director was born first, No Greater Glory or Seeing'S Believing?",high,1,4,2,1,2.0,1.0,1.0,4,4,0,1.0,1.0,1.0,1.0,0.0,0.0,1.0,1.0,0.0,1,0,bind
2Wiki,299,"Which film came out earlier, A Slave Of Love or Remorse, A Story Of The Red Plague?",high,1,3,1,1,0.0,0.0,0.0,2,2,0,1.0,1.0,1.0,1.0,0.0,0.0,1.0,1.0,0.0,1,0,abstain
2Wiki,300,Where did Hasan Ibn Hasan's father die?,low,0,2,1,1,0.0,0.0,0.0,2,2,0,1.0,1.0,0.0,0.0,1.0,1.0,1.0,0.5,0.5,1,0,abstain
2Wiki,301,What is the date of birth of the director of film Moguds Pellams?,low,0,2,1,1,2.0,2.0,2.0,2,2,0,0.0,0.5,0.0,0.5,0.0,0.0,1.0,1.0,0.0,1,0,bind
2Wiki,302,"Who is the paternal grandmother of John Iii, Duke Of Cleves?",high,1,3,2,2,3.0,1.5,2.0,2,10,0,0.0,0.3333,1.0,1.0,-1.0,-0.6667000000000001,1.0,1.0,0.0,1,0,bind
2Wiki,303,"Which film has the director who was born earlier, A Romance Of The Air or How Moscha Came Back?",high,1,4,2,1,2.0,1.0,1.0,4,3,1,1.0,1.0,1.0,1.0,0.0,0.0,1.0,0.75,0.25,1,0,bind
2Wiki,304,"Who is younger, Thomas Praytor or Matthew Knox?",high,1,3,1,1,0.0,0.0,0.0,2,2,0,1.0,1.0,1.0,1.0,0.0,0.0,1.0,1.0,0.0,1,0,abstain
2Wiki,305,Where was the father of Tony Bettenhausen Jr. born?,low,0,2,1,1,0.0,0.0,0.0,2,2,0,0.0,0.0,1.0,1.0,-1.0,-1.0,1.0,1.0,0.0,1,0,abstain
2Wiki,306,Where was the director of film Flags And Waves born?,low,0,2,1,1,1.0,1.0,1.0,2,2,0,0.0,0.0,0.0,0.0,0.0,0.0,0.5,0.5,0.0,1,0,bind
2Wiki,307,What is the place of birth of the composer of film Amarajeevi (1965 Film)?,low,0,2,1,1,1.0,1.0,1.0,2,2,0,0.0,0.0,0.0,0.0,0.0,0.0,1.0,1.0,0.0,1,0,bind
2Wiki,308,When did Sila Zandukeli-Sandunov's wife die?,low,0,2,1,1,1.0,1.0,1.0,2,2,0,1.0,1.0,1.0,1.0,0.0,0.0,1.0,1.0,0.0,1,0,bind
2Wiki,309,Who is the maternal grandfather of Archduchess Maria Theresa Of Austria (1862–1933)?,low,0,2,1,1,1.0,1.0,1.0,2,2,0,1.0,1.0,1.0,1.0,0.0,0.0,1.0,1.0,0.0,1,0,bind
2Wiki,310,"Are both movies, Inauguration Of The Pleasure Dome and Texans Never Cry, from the same country?",high,1,3,1,1,0.0,0.0,0.0,2,4,0,0.0,0.0,1.0,1.0,-1.0,-1.0,0.0,1.0,-1.0,1,0,abstain
2Wiki,311,Where was the director of film The Iron Man (Serial) born?,low,0,2,1,1,2.0,2.0,2.0,2,2,0,1.0,1.0,1.0,1.0,0.0,0.0,1.0,1.0,0.0,1,0,bind
2Wiki,312,"Which film has the director who died first, Vice Raid or The Courier Of Lyon?",high,1,4,2,1,3.0,1.5,2.0,4,5,0,1.0,1.0,1.0,1.0,0.0,0.0,0.75,1.0,-0.25,1,0,bind
2Wiki,313,"Which film has the director who was born first, The King On Main Street or The Crime Doctor'S Diary?",high,1,4,2,1,3.0,1.5,2.0,4,4,0,1.0,1.0,1.0,1.0,0.0,0.0,1.0,1.0,0.0,1,0,bind
2Wiki,314,"Which film was released first, The First 7Th Night or Aansoo Ban Gaye Phool?",high,1,3,1,1,0.0,0.0,0.0,2,2,0,1.0,1.0,1.0,1.0,0.0,0.0,1.0,1.0,0.0,1,0,abstain
2Wiki,315,What is the place of birth of Atang De La Rama's husband?,low,0,2,1,1,0.0,0.0,0.0,2,2,0,0.0,0.0,0.0,0.0,0.0,0.0,0.5,0.5,0.0,1,0,abstain
2Wiki,316,Are director of film Raitu Kutumbam and director of film Closet Land both from the same country?,high,1,4,2,1,3.0,1.5,2.0,4,3,1,1.0,1.0,1.0,1.0,0.0,0.0,1.0,0.75,0.25,1,0,bind
2Wiki,317,"Who lived longer, Jean Grémillon or Ángel Recasens?",high,1,4,2,1,0.0,0.0,0.0,2,2,0,1.0,1.0,0.0,0.0,1.0,1.0,1.0,1.0,0.0,1,0,abstain
2Wiki,318,Who is the mother of the composer of film Charlie Chaplin 2?,low,0,2,1,1,2.0,2.0,2.0,2,3,0,1.0,1.0,1.0,1.0,0.0,0.0,1.0,1.0,0.0,1,0,bind
2Wiki,319,Where was the wife of Lev Karakhan born?,low,0,2,1,1,0.0,0.0,0.0,2,2,0,0.0,0.0,0.0,0.0,0.0,0.0,0.5,0.5,0.0,1,0,abstain
2Wiki,320,"What is the date of death of Alexander Baring, 4Th Baron Ashburton's father?",low,0,2,1,1,1.0,1.0,1.0,2,2,0,1.0,1.0,1.0,1.0,0.0,0.0,1.0,1.0,0.0,1,0,bind
2Wiki,321,"Which film has the producer died later, A Midnight Romance or The Bedford Incident?",high,1,4,2,1,3.0,1.5,2.0,4,4,0,1.0,1.0,1.0,1.0,0.0,0.0,0.5,1.0,-0.5,1,0,bind
2Wiki,322,"Which film has the director who died first, Everybody'S Hobby or One Sunday Afternoon (1948 Film)?",high,1,4,2,1,2.0,1.0,1.0,4,5,0,1.0,1.0,1.0,1.0,0.0,0.0,1.0,0.75,0.25,1,0,bind
2Wiki,323,"Where was the place of death of the director of film Goodbye, Franziska (1941 Film)?",low,0,2,1,1,1.0,1.0,1.0,2,3,0,1.0,1.0,1.0,1.0,0.0,0.0,1.0,1.0,0.0,1,0,bind
2Wiki,324,"Which film has the director who died earlier, Max And Helen or Held Einer Nacht?",high,1,4,2,1,3.0,1.5,2.0,4,3,1,1.0,1.0,0.0,0.0,1.0,1.0,1.0,0.75,0.25,1,0,bind
2Wiki,325,"Who is Robert Iii, Count Of Dreux's paternal grandfather?",low,0,2,1,1,1.0,1.0,1.0,2,4,0,1.0,1.0,1.0,1.0,0.0,0.0,1.0,1.0,0.0,1,0,bind
2Wiki,326,What is the date of death of Bernhard Albrecht Of Limburg And Bronckhorst's father?,low,0,2,1,1,3.0,3.0,3.0,2,2,0,1.0,1.0,1.0,1.0,0.0,0.0,1.0,1.0,0.0,1,0,bind
2Wiki,327,Are Dr. John M. Denison Secondary School and Osgoode Township High School located in the same country?,high,1,3,1,1,0.0,0.0,0.0,2,2,0,1.0,1.0,1.0,1.0,0.0,0.0,1.0,1.0,0.0,1,0,abstain
2Wiki,328,"Which country Henry Cavendish, Earl Of Ogle's father is from?",low,0,2,1,1,3.0,3.0,3.0,2,3,0,0.0,0.0,0.0,0.0,0.0,0.0,1.0,1.0,0.0,1,0,bind
2Wiki,329,What is the award that the performer of song Fine By Me (Chris Brown Song) received?,low,0,2,1,1,0.0,0.0,0.0,2,4,0,1.0,1.0,0.0,0.5,1.0,0.5,1.0,0.5,0.5,1,0,abstain
2Wiki,330,"Did the movies Supercock and Intelligence And The Japanese Civilian, originate from the same country?",high,1,3,1,1,0.0,0.0,0.0,2,2,0,1.0,1.0,0.0,0.0,1.0,1.0,1.0,1.0,0.0,1,0,abstain
2Wiki,331,"Who is Adelaide Of Burgundy, Duchess Of Brabant's paternal grandfather?",high,1,3,2,2,4.0,2.0,3.0,2,6,0,0.0,0.4,0.0,0.25,0.0,0.15000000000000002,0.5,0.5,0.0,1,0,bind
2Wiki,332,"Which film was released more recently, Nearly A Deserter or Face À L'Océan?",high,1,3,1,1,0.0,0.0,0.0,2,2,0,0.0,0.0,1.0,1.0,-1.0,-1.0,1.0,1.0,0.0,1,0,abstain
2Wiki,333,When did Cristina Rodríguez (Noble)'s father die?,low,0,2,1,1,1.0,1.0,1.0,2,2,0,0.0,0.5,0.0,0.0,0.0,0.5,1.0,0.5,0.5,1,0,bind
2Wiki,334,Who is the spouse of the director of film Where Mountains Float?,low,0,2,1,1,1.0,1.0,1.0,2,2,0,1.0,1.0,1.0,1.0,0.0,0.0,1.0,1.0,0.0,1,0,bind
2Wiki,335,Who is the spouse of the director of film Apprentice To Murder?,low,0,2,1,1,1.0,1.0,1.0,2,2,0,0.0,0.0,0.0,0.0,0.0,0.0,1.0,1.0,0.0,1,0,bind
2Wiki,336,Where did the director of film Seven Women (1944 Film) die?,low,0,2,1,1,3.0,3.0,3.0,2,2,0,1.0,1.0,1.0,1.0,0.0,0.0,1.0,1.0,0.0,1,0,bind
2Wiki,337,"Are both villages, Rhosgoch and Qaleh-Ye Sahar, located in the same country?",high,1,3,1,1,0.0,0.0,0.0,2,2,0,1.0,1.0,1.0,1.0,0.0,0.0,1.0,1.0,0.0,1,0,abstain
2Wiki,338,"Which film was released earlier, Before I Disappear or Pravachakan?",high,1,3,1,1,0.0,0.0,0.0,2,2,0,1.0,1.0,1.0,1.0,0.0,0.0,1.0,1.0,0.0,1,0,abstain
2Wiki,339,Which country Konrad Wolf's father is from?,low,0,2,1,1,1.0,1.0,1.0,2,2,0,0.0,0.6667,0.0,0.6666666666666666,0.0,3.333333333332966e-05,1.0,1.0,0.0,1,0,bind
2Wiki,340,What is the place of birth of the editor of magazine Scrutiny (Journal)?,low,0,2,1,1,1.0,1.0,1.0,2,2,0,0.0,0.0,0.0,0.0,0.0,0.0,1.0,1.0,0.0,1,0,bind
2Wiki,341,What nationality is the composer of song Chiquilla (Julio Iglesias Song)?,low,0,2,1,1,0.0,0.0,0.0,2,2,0,1.0,1.0,1.0,1.0,0.0,0.0,1.0,1.0,0.0,1,0,abstain
2Wiki,342,Where did the director of film Life Without Soul die?,low,0,2,1,1,1.0,1.0,1.0,2,2,0,0.0,0.5,0.0,0.5,0.0,0.0,1.0,1.0,0.0,1,0,bind
2Wiki,343,Where did Jean Gimpel's father die?,low,0,2,1,1,1.0,1.0,1.0,2,2,0,0.0,0.2857,0.0,0.2857142857142857,0.0,-1.4285714285688922e-05,1.0,1.0,0.0,1,0,bind
2Wiki,344,"Which film has the director who was born first, The Parson And The Outlaw or The Black Marble?",high,1,4,2,1,1.0,0.5,1.0,4,3,1,1.0,1.0,0.0,0.0,1.0,1.0,0.75,0.75,0.0,1,0,bind
2Wiki,345,"Which film was released more recently, Gola Barood or Babette Bomberling?",high,1,3,1,1,0.0,0.0,0.0,2,2,0,1.0,1.0,1.0,1.0,0.0,0.0,1.0,1.0,0.0,1,0,abstain
2Wiki,346,"Who lived longer, Guido Lauri or Joris Van Severen?",high,1,4,2,1,0.0,0.0,0.0,2,2,0,1.0,1.0,1.0,1.0,0.0,0.0,1.0,1.0,0.0,1,0,abstain
2Wiki,347,"Which film has the director who died first, Robin Hood Of Monterey or Wedding With Erika?",high,1,4,2,1,4.0,2.0,2.0,4,4,0,1.0,1.0,1.0,1.0,0.0,0.0,1.0,1.0,0.0,1,0,bind
2Wiki,348,What is the place of birth of the director of film The Blue And White Lion?,low,0,2,1,1,1.0,1.0,1.0,2,2,0,1.0,1.0,1.0,1.0,0.0,0.0,1.0,1.0,0.0,1,0,bind
2Wiki,349,Which award the director of film The Dream Is Alive earned?,low,0,2,1,1,1.0,1.0,1.0,2,2,0,1.0,1.0,1.0,1.0,0.0,0.0,1.0,1.0,0.0,1,0,bind
2Wiki,350,Which country the director of film Romanoff And Juliet (1961 Film) is from?,low,0,2,1,1,1.0,1.0,1.0,2,2,0,0.0,0.0,0.0,0.0,0.0,0.0,1.0,1.0,0.0,1,0,bind
2Wiki,351,What is the place of birth of the director of film Man At The Carlton Tower?,low,0,2,1,1,3.0,3.0,3.0,2,2,0,0.0,0.6667,0.0,0.6666666666666666,0.0,3.333333333332966e-05,1.0,1.0,0.0,1,0,bind
2Wiki,352,Where was the place of death of Amaury De Montfort (Died 1241)'s father?,low,0,2,1,1,4.0,4.0,4.0,2,2,0,0.0,0.0,1.0,1.0,-1.0,-1.0,1.0,1.0,0.0,1,0,bind
2Wiki,353,"What nationality is the performer of song Daddy, Come Home?",low,0,2,1,1,0.0,0.0,0.0,2,1,1,0.0,0.0,0.0,0.0,0.0,0.0,0.5,0.5,0.0,1,0,abstain
2Wiki,354,What is the date of birth of Alfonso Fadrique's father?,low,0,2,1,1,0.0,0.0,0.0,2,2,0,0.0,0.0,0.0,0.0,0.0,0.0,0.5,0.5,0.0,1,0,abstain
2Wiki,355,Which country the director of film Our Emden is from?,low,0,2,1,1,2.0,2.0,2.0,2,3,0,1.0,1.0,1.0,1.0,0.0,0.0,1.0,1.0,0.0,1,0,bind
2Wiki,356,Are director of film Four Days In November and director of film The Romance Of Tarzan from the same country?,high,1,4,2,1,2.0,1.0,1.0,4,9,0,1.0,1.0,1.0,1.0,0.0,0.0,1.0,1.0,0.0,1,0,bind
2Wiki,357,Do both films: A Slave Of Vanity and Grace Of My Heart have the directors from the same country?,high,1,4,2,1,2.0,1.0,1.0,4,4,0,1.0,1.0,1.0,1.0,0.0,0.0,1.0,1.0,0.0,1,0,bind
2Wiki,358,"Which film has the director who died first, The Love Trader or Clancy Of The Mounted?",high,1,4,2,1,3.0,1.5,2.0,4,4,0,1.0,1.0,1.0,1.0,0.0,0.0,1.0,1.0,0.0,1,0,bind
2Wiki,359,What is the date of death of the director of film The Organization (Film)?,low,0,2,1,1,2.0,2.0,2.0,2,2,0,1.0,1.0,1.0,1.0,0.0,0.0,1.0,1.0,0.0,1,0,bind
2Wiki,360,Which country the director of film Get Carter (2000 Film) is from?,low,0,2,1,1,1.0,1.0,1.0,2,3,0,0.0,0.0,0.0,0.0,0.0,0.0,1.0,0.5,0.5,1,0,bind
2Wiki,361,"Which film has the director who died first, Santa Fe Uprising or Trainer And Temptress?",high,1,4,2,1,2.0,1.0,1.0,4,4,0,1.0,1.0,0.0,0.0,1.0,1.0,1.0,0.75,0.25,1,0,bind
2Wiki,362,Who is the mother of Infante Antonio Pascual Of Spain?,low,0,2,1,1,0.0,0.0,0.0,2,2,0,0.0,0.0,0.0,0.0,0.0,0.0,0.5,0.5,0.0,1,0,abstain
2Wiki,363,"Who was born later, Burhan Atak or Pepe Hern?",high,1,3,1,1,0.0,0.0,0.0,2,2,0,1.0,1.0,1.0,1.0,0.0,0.0,1.0,1.0,0.0,1,0,abstain
2Wiki,364,Who is the maternal grandmother of Princess Catherine Of Württemberg?,high,1,3,2,2,2.0,1.0,1.0,2,3,0,1.0,1.0,0.0,0.8571428571428571,1.0,0.1428571428571429,1.0,1.0,0.0,1,0,bind
2Wiki,365,Where was the director of film Rembrandt'S J'Accuse born?,low,0,2,1,1,1.0,1.0,1.0,2,3,0,1.0,1.0,1.0,1.0,0.0,0.0,1.0,1.0,0.0,1,0,bind
2Wiki,366,Where does Gwen Graham's father work at?,low,0,2,1,1,1.0,1.0,1.0,2,2,0,0.0,0.0,0.0,0.0,0.0,0.0,1.0,1.0,0.0,1,0,bind
2Wiki,367,Who is Eberhard Of Limburg's paternal grandfather?,high,1,3,2,2,8.0,4.0,5.0,2,3,0,1.0,1.0,1.0,1.0,0.0,0.0,1.0,1.0,0.0,1,0,bind
2Wiki,368,"Which film whose director was born first, Shadow Of The Earth or Wolves Of The Range?",high,1,4,2,1,3.0,1.5,2.0,4,4,0,1.0,1.0,1.0,1.0,0.0,0.0,1.0,1.0,0.0,1,0,bind
2Wiki,369,"What is the place of birth of the director of film Do Not Marry, Girls?",low,0,2,1,1,1.0,1.0,1.0,2,1,1,0.0,0.0,0.0,0.0,0.0,0.0,1.0,0.5,0.5,1,0,bind
2Wiki,370,When is Prince Raphael Rainer Of Thurn And Taxis's mother's birthday?,low,0,2,1,1,1.0,1.0,1.0,2,2,0,1.0,1.0,1.0,1.0,0.0,0.0,1.0,1.0,0.0,1,0,bind
2Wiki,371,Which award the director of film Sainikudu earned?,low,0,2,1,1,1.0,1.0,1.0,2,2,0,0.0,0.4,0.0,0.0,0.0,0.4,1.0,1.0,0.0,1,0,bind
2Wiki,372,Where did the composer of film Pepo (Film) die?,low,0,2,1,1,5.0,5.0,5.0,2,2,0,0.0,0.0,0.0,0.0,0.0,0.0,1.0,1.0,0.0,1,0,bind
2Wiki,373,"Which film has the director who was born later, Complete Unknown or Dr. Goldfoot And The Girl Bombs?",high,1,4,2,1,1.0,0.5,1.0,4,2,1,1.0,1.0,1.0,1.0,0.0,0.0,0.75,0.5,0.25,1,0,bind
2Wiki,374,Where was the director of film Katka'S Reinette Apples born?,low,0,2,1,1,1.0,1.0,1.0,2,2,0,1.0,1.0,1.0,1.0,0.0,0.0,1.0,1.0,0.0,1,0,bind
2Wiki,375,"Are the bands Super Wild Horses and Blood, Sweat & Tears, from the same country?",high,1,3,1,1,0.0,0.0,0.0,2,2,0,1.0,1.0,1.0,1.0,0.0,0.0,1.0,1.0,0.0,1,0,abstain
2Wiki,376,Where was the composer of film Love Story 1999 born?,low,0,2,1,1,0.0,0.0,0.0,2,3,0,0.0,0.0,0.0,0.0,0.0,0.0,0.5,0.5,0.0,1,0,abstain
2Wiki,377,Who is the uncle of Filippa Fleming?,low,0,2,1,1,1.0,1.0,1.0,2,2,0,0.0,0.5,0.0,0.5,0.0,0.0,1.0,1.0,0.0,1,0,bind
2Wiki,378,"Who died earlier, Emanuel Sayles or Božena Němcová?",high,1,3,1,1,0.0,0.0,0.0,2,2,0,1.0,1.0,1.0,1.0,0.0,0.0,1.0,1.0,0.0,1,0,abstain
2Wiki,379,"Which film has the director born later, Way...Way Out or The Biggest Show On Earth?",high,1,4,2,1,2.0,1.0,1.0,4,4,0,1.0,1.0,1.0,1.0,0.0,0.0,1.0,1.0,0.0,1,0,bind
2Wiki,380,Who is the mother of the director of film Student Of The Year?,low,0,2,1,1,1.0,1.0,1.0,2,4,0,0.0,0.5,0.0,0.5,0.0,0.0,1.0,0.5,0.5,1,0,bind
2Wiki,381,"Are both businesses, Google and Banco De Ponce, located in the same country?",high,1,3,1,1,0.0,0.0,0.0,2,2,0,1.0,1.0,1.0,1.0,0.0,0.0,1.0,1.0,0.0,1,0,abstain
2Wiki,382,"Who was born first, Patrik Lácha or Brad Booth?",high,1,3,1,1,1.0,1.0,1.0,2,2,0,1.0,1.0,1.0,1.0,0.0,0.0,1.0,1.0,0.0,1,0,bind
2Wiki,383,"Who was born first, Katrien Aerts or Giuliano Rossi?",high,1,3,1,1,0.0,0.0,0.0,2,2,0,1.0,1.0,1.0,1.0,0.0,0.0,1.0,1.0,0.0,1,0,abstain
2Wiki,384,Where was the performer of song Znayu Ya born?,low,0,2,1,1,1.0,1.0,1.0,2,2,0,1.0,1.0,1.0,1.0,0.0,0.0,1.0,1.0,0.0,1,0,bind
2Wiki,385,What is the place of birth of Rohese Of Monmouth's husband?,low,0,2,1,1,1.0,1.0,1.0,2,2,0,0.0,0.0,0.0,0.0,0.0,0.0,1.0,1.0,0.0,1,0,bind
2Wiki,386,Who is the paternal grandfather of Johann Nicolaus Bach?,high,1,3,2,2,6.0,3.0,4.0,2,2,0,1.0,1.0,0.0,0.4,1.0,0.6,1.0,1.0,0.0,1,0,bind
2Wiki,387,"Which film was released first, Moonnam Pakkam or Tribute To The Teachers?",high,1,3,1,1,0.0,0.0,0.0,2,2,0,1.0,1.0,1.0,1.0,0.0,0.0,1.0,1.0,0.0,1,0,abstain
2Wiki,388,Who is Tlilpotoncatzin's uncle?,high,1,3,2,2,1.0,0.5,1.0,2,2,0,0.0,0.0,0.0,0.0,0.0,0.0,1.0,1.0,0.0,1,0,bind
2Wiki,389,Are the directors of both films The Knockout Kid and One Nine Nine Four from the same country?,high,1,4,2,1,2.0,1.0,1.0,4,4,0,1.0,1.0,1.0,1.0,0.0,0.0,1.0,1.0,0.0,1,0,bind
2Wiki,390,Which award the performer of song You Changed Me won?,low,0,2,1,1,2.0,2.0,2.0,2,5,0,0.0,0.0,0.0,0.0,0.0,0.0,1.0,1.0,0.0,1,0,bind
2Wiki,391,What is the place of birth of the director of film Raise Your Voice?,low,0,2,1,1,2.0,2.0,2.0,2,2,0,1.0,1.0,1.0,1.0,0.0,0.0,1.0,1.0,0.0,1,0,bind
2Wiki,392,"Which film has the director who was born first, Who'S Your Brother? or The Last Outpost (1951 Film)?",high,1,4,2,1,3.0,1.5,2.0,4,4,0,1.0,1.0,1.0,1.0,0.0,0.0,1.0,1.0,0.0,1,0,bind
2Wiki,393,"Which film whose director was born first, Tree Without Fruit or Small Town Boy?",high,1,4,2,1,2.0,1.0,1.0,4,4,0,1.0,1.0,1.0,1.0,0.0,0.0,1.0,1.0,0.0,1,0,bind
2Wiki,394,Are Chorion (Company) and Elswick Ordnance Company located in the same country?,high,1,3,1,1,0.0,0.0,0.0,2,2,0,1.0,1.0,1.0,1.0,0.0,0.0,1.0,1.0,0.0,1,0,abstain
2Wiki,395,"Which film came out earlier, The Gentle Gunman or A Maori Maid'S Love?",high,1,3,1,1,0.0,0.0,0.0,2,2,0,1.0,1.0,1.0,1.0,0.0,0.0,1.0,1.0,0.0,1,0,abstain
2Wiki,396,"Who is George Ii, Prince Of Waldeck And Pyrmont's paternal grandfather?",low,0,1,0,0,0.0,0.0,0.0,2,6,0,0.0,0.3636,1.0,1.0,-1.0,-0.6364000000000001,1.0,1.0,0.0,1,0,abstain
2Wiki,397,What nationality is the composer of song Mere Rashke Qamar?,low,0,2,1,1,2.0,2.0,2.0,2,3,0,0.0,0.0,0.0,0.0,0.0,0.0,1.0,1.0,0.0,1,0,bind
2Wiki,398,Which country Şehzade Murad's father is from?,low,0,2,1,1,5.0,5.0,5.0,2,3,0,0.0,0.0,0.0,0.0,0.0,0.0,1.0,0.5,0.5,1,0,bind
2Wiki,399,Where did the director of film The Power (1984 Film) graduate from?,low,0,2,1,1,1.0,1.0,1.0,2,1,1,0.0,0.625,0.0,0.625,0.0,0.0,1.0,0.5,0.5,1,0,bind
2Wiki,400,Where did the composer of song You'Ve Got What Gets Me die?,low,0,2,1,1,1.0,1.0,1.0,2,2,0,0.0,0.0,0.0,0.0,0.0,0.0,1.0,1.0,0.0,1,0,bind
2Wiki,401,Where was the place of death of Archibald Hamilton (1790–1815)'s father?,low,0,2,1,1,1.0,1.0,1.0,2,2,0,0.0,0.5,0.0,0.5,0.0,0.0,1.0,1.0,0.0,1,0,bind
2Wiki,402,"Which film whose director was born first, Curry And Pepper or End Of Watch?",high,1,4,2,1,2.0,1.0,1.0,4,4,0,1.0,1.0,1.0,1.0,0.0,0.0,1.0,1.0,0.0,1,0,bind
2Wiki,403,Are By The Grace Of God (Film) and A Texas Steer from the same country?,high,1,3,1,1,0.0,0.0,0.0,2,2,0,1.0,1.0,1.0,1.0,0.0,0.0,1.0,1.0,0.0,1,0,abstain
2Wiki,404,What is the date of death of Thomas Barnard's father?,low,0,2,1,1,0.0,0.0,0.0,2,2,0,0.0,0.0,1.0,1.0,-1.0,-1.0,0.5,1.0,-0.5,1,0,abstain
2Wiki,405,What is the place of birth of the performer of song Dip (Song)?,low,0,2,1,1,0.0,0.0,0.0,2,2,0,0.0,0.0,0.0,0.0,0.0,0.0,0.5,0.5,0.0,1,0,abstain
2Wiki,406,"Which film has the director who is older, The Last Airbender or Teyzem?",high,1,4,2,1,3.0,1.5,2.0,4,4,0,1.0,1.0,1.0,1.0,0.0,0.0,1.0,1.0,0.0,1,0,bind
2Wiki,407,Who is Anne Woodville's father-in-law?,high,1,3,2,2,4.0,2.0,3.0,2,3,0,1.0,1.0,0.0,0.0,1.0,1.0,1.0,0.5,0.5,1,0,bind
2Wiki,408,"Which album came out first, Sol Niger Within or The Magic Place?",high,1,3,1,1,0.0,0.0,0.0,2,2,0,1.0,1.0,1.0,1.0,0.0,0.0,1.0,1.0,0.0,1,0,abstain
2Wiki,409,Where was the director of film En Aasai Rasave born?,low,0,2,1,1,3.0,3.0,3.0,2,2,0,0.0,0.3333,0.0,0.25,0.0,0.08329999999999999,1.0,1.0,0.0,1,0,bind
2Wiki,410,Who was born first out of Marco De Luigi and Fabio Maistro?,high,1,3,1,1,0.0,0.0,0.0,2,2,0,1.0,1.0,1.0,1.0,0.0,0.0,1.0,1.0,0.0,1,0,abstain
2Wiki,411,"Which film whose director was born first, Anatomy Of Hell or Metello?",high,1,4,2,1,2.0,1.0,1.0,4,3,1,1.0,1.0,1.0,1.0,0.0,0.0,1.0,0.75,0.25,1,0,bind
2Wiki,412,"Which film has the director who died later, Eyes Of Youth or The Vagabond Prince?",high,1,4,2,1,3.0,1.5,2.0,4,3,1,1.0,1.0,1.0,1.0,0.0,0.0,1.0,0.75,0.25,1,0,bind
2Wiki,413,Where did Salin Mibaya's father die?,low,0,2,1,1,0.0,0.0,0.0,2,2,0,0.0,0.3333,0.0,0.6666666666666666,0.0,-0.33336666666666664,1.0,1.0,0.0,1,0,abstain
2Wiki,414,Where did the director of film Hurricane At Pilgrim Hill die?,low,0,2,1,1,1.0,1.0,1.0,2,2,0,0.0,0.8,0.0,0.8,0.0,0.0,1.0,1.0,0.0,1,0,bind
2Wiki,415,Where did Oei Hui-Lan's father die?,low,0,2,1,1,1.0,1.0,1.0,2,2,0,1.0,1.0,1.0,1.0,0.0,0.0,1.0,1.0,0.0,1,0,bind
2Wiki,416,"Who is William Ii, Prince Of Nassau-Dillenburg's paternal grandfather?",low,0,2,1,1,3.0,3.0,3.0,2,2,0,0.0,0.5714,1.0,1.0,-1.0,-0.4286,1.0,1.0,0.0,1,0,bind
2Wiki,417,When did Natalia Alexeievna (Wilhelmina Louisa Of Hesse-Darmstadt)'s mother die?,low,0,2,1,1,1.0,1.0,1.0,2,2,0,1.0,1.0,1.0,1.0,0.0,0.0,1.0,1.0,0.0,1,0,bind
2Wiki,418,"Who is the father-in-law of Elizabeth Somerset, Baroness Herbert?",high,1,3,2,2,3.0,1.5,2.0,2,3,0,0.0,0.0,0.0,0.0,0.0,0.0,1.0,0.5,0.5,1,0,bind
2Wiki,419,"Which film was released more recently, Moscow Pride '06 or My Favourite Fabric?",high,1,3,1,1,0.0,0.0,0.0,2,2,0,1.0,1.0,1.0,1.0,0.0,0.0,1.0,1.0,0.0,1,0,abstain
2Wiki,420,"Which film whose director was born first, Poola Rangadu or Paganini Horror?",high,1,4,2,1,2.0,1.0,1.0,4,3,1,1.0,1.0,0.0,0.0,1.0,1.0,1.0,0.75,0.25,1,0,bind
2Wiki,421,Where was the wife of Lou Breslow born?,low,0,2,1,1,1.0,1.0,1.0,2,2,0,1.0,1.0,1.0,1.0,0.0,0.0,1.0,1.0,0.0,1,0,bind
2Wiki,422,Where did the director of film Shock Treatment (1964 Film) study?,low,0,2,1,1,1.0,1.0,1.0,2,2,0,0.0,0.0,0.0,0.0,0.0,0.0,1.0,0.5,0.5,1,0,bind
2Wiki,423,Are director of film Susanna Whipped Cream and director of film Le Salamandre both from the same country?,high,1,4,2,1,3.0,1.5,2.0,4,4,0,1.0,1.0,1.0,1.0,0.0,0.0,1.0,0.75,0.25,1,0,bind
2Wiki,424,Are both Russell High School (Ontario) and Westside Christian High School located in the same country?,high,1,3,1,1,0.0,0.0,0.0,2,2,0,1.0,1.0,1.0,1.0,0.0,0.0,1.0,1.0,0.0,1,0,abstain
2Wiki,425,Who is Marjorie Flack's sibling-in-law?,high,1,3,2,2,1.0,0.5,1.0,2,4,0,1.0,1.0,1.0,1.0,0.0,0.0,1.0,1.0,0.0,1,0,bind
2Wiki,426,"Which film was released earlier, Soul Boy or Peut-Être?",high,1,3,1,1,0.0,0.0,0.0,2,2,0,1.0,1.0,1.0,1.0,0.0,0.0,1.0,1.0,0.0,1,0,abstain
2Wiki,427,Do both directors of films Friday The 13Th (1916 Film) and Beaumarchais (Film) share the same nationality?,high,1,4,2,1,2.0,1.0,2.0,4,3,1,1.0,1.0,1.0,1.0,0.0,0.0,0.75,0.5,0.25,1,0,bind
2Wiki,428,What nationality is Heather Jansch's husband?,low,0,2,1,1,0.0,0.0,0.0,2,2,0,1.0,1.0,1.0,1.0,0.0,0.0,1.0,1.0,0.0,1,0,abstain
2Wiki,429,"Which film has the director who was born later, Bárbara Atómica or Three Lucky Fools?",high,1,4,2,1,3.0,1.5,2.0,4,4,0,1.0,1.0,1.0,1.0,0.0,0.0,1.0,1.0,0.0,1,0,bind
2Wiki,430,Where was the place of death of Lady Dorothy Macmillan's father?,low,0,2,1,1,2.0,2.0,2.0,2,3,0,1.0,1.0,1.0,1.0,0.0,0.0,1.0,1.0,0.0,1,0,bind
2Wiki,431,Where was the place of death of Nana Saheb's father?,low,0,2,1,1,1.0,1.0,1.0,2,2,0,1.0,1.0,0.0,0.0,1.0,1.0,1.0,1.0,0.0,1,0,bind
2Wiki,432,"Who is younger, Ebtissam Mohamed or Beekman Du Barry?",high,1,3,1,1,0.0,0.0,0.0,2,2,0,1.0,1.0,1.0,1.0,0.0,0.0,1.0,1.0,0.0,1,0,abstain
2Wiki,433,What nationality is Beatrice Of Savoy's mother?,low,0,2,1,1,1.0,1.0,1.0,2,2,0,0.0,0.0,0.0,0.0,0.0,0.0,1.0,1.0,0.0,1,0,bind
2Wiki,434,"Which film came out earlier, The Complaint Of An Empress or Goldilocks And The Jivin' Bears?",high,1,3,1,1,0.0,0.0,0.0,2,2,0,1.0,1.0,1.0,1.0,0.0,0.0,1.0,1.0,0.0,1,0,abstain
2Wiki,435,"Which film has the director born earlier, Badman'S Gold or Sugar, Honey And Pepper?",high,1,4,2,1,3.0,1.5,2.0,4,2,1,1.0,1.0,1.0,1.0,0.0,0.0,0.75,0.5,0.25,1,0,bind
2Wiki,436,"Which film has the director born later, South American George or Getting In?",high,1,4,2,1,6.0,3.0,5.0,4,4,0,1.0,1.0,1.0,1.0,0.0,0.0,1.0,1.0,0.0,1,0,bind
2Wiki,437,"Which film whose director is younger, College Lovers or The Dixie Flyer?",high,1,4,2,1,2.0,1.0,1.0,4,4,0,0.0,0.0,0.0,0.0,0.0,0.0,1.0,1.0,0.0,1,0,bind
2Wiki,438,What nationality is Lord Frederick Cavendish-Bentinck's father?,low,0,2,1,1,2.0,2.0,2.0,2,1,1,0.0,0.0,0.0,0.0,0.0,0.0,0.5,0.5,0.0,1,0,bind
2Wiki,439,Who was born first out of A. K. M. Nurul Islam and Lajos Kelemen?,high,1,3,1,1,0.0,0.0,0.0,2,2,0,1.0,1.0,1.0,1.0,0.0,0.0,1.0,1.0,0.0,1,0,abstain
2Wiki,440,What is the place of birth of the director of film Being Human (2005 Film)?,low,0,2,1,1,2.0,2.0,2.0,2,2,0,1.0,1.0,1.0,1.0,0.0,0.0,1.0,1.0,0.0,1,0,bind
2Wiki,441,"Which film whose director is younger, Tall Man Riding or Şalvar Davası?",high,1,4,2,1,2.0,1.0,1.0,4,3,1,1.0,1.0,1.0,1.0,0.0,0.0,1.0,0.75,0.25,1,0,bind
2Wiki,442,Who is the father of the director of film Homage At Siesta Time?,low,0,2,1,1,1.0,1.0,1.0,2,3,0,1.0,1.0,1.0,1.0,0.0,0.0,1.0,1.0,0.0,1,0,bind
2Wiki,443,"Which film whose director was born first, Naagapanchami or The Girl In The Glass Cage?",high,1,4,2,1,3.0,1.5,2.0,4,4,0,0.0,0.0,1.0,1.0,-1.0,-1.0,0.75,1.0,-0.25,1,0,bind
2Wiki,444,Where was the place of death of the director of film Mera Lahoo?,low,0,2,1,1,1.0,1.0,1.0,2,2,0,0.0,0.0,0.0,0.0,0.0,0.0,1.0,1.0,0.0,1,0,bind
2Wiki,445,What is the date of death of Mary Of Lancaster's mother?,low,0,2,1,1,1.0,1.0,1.0,2,2,0,0.0,0.5,0.0,0.5,0.0,0.0,1.0,1.0,0.0,1,0,bind
2Wiki,446,Who is the maternal grandmother of Prince Dmitri Alexandrovich Of Russia?,high,1,3,2,2,2.0,1.0,1.0,2,2,0,0.0,0.5714,0.0,0.0,0.0,0.5714,1.0,0.5,0.5,1,0,bind
2Wiki,447,"Who is Charles Willoughby, 10Th Baron Willoughby Of Parham's paternal grandfather?",low,0,2,1,1,5.0,5.0,5.0,2,5,0,0.0,0.8,0.0,0.7999999999999999,0.0,1.1102230246251565e-16,0.5,0.5,0.0,1,0,bind
2Wiki,448,What nationality is Margaretha Van Mechelen's husband?,low,0,2,1,1,1.0,1.0,1.0,2,3,0,0.0,0.6667,0.0,0.6666666666666666,0.0,3.333333333332966e-05,0.5,0.0,0.5,1,0,bind
2Wiki,449,Where did Grand Duchess Elena Vladimirovna Of Russia's father die?,low,0,2,1,1,1.0,1.0,1.0,2,2,0,0.0,0.0,1.0,1.0,-1.0,-1.0,1.0,1.0,0.0,1,0,bind
2Wiki,450,Who is the paternal grandfather of Ferdinand Zvonimir Von Habsburg?,high,1,3,2,2,3.0,1.5,2.0,2,2,0,0.0,0.8571,0.0,0.8571428571428571,0.0,-4.285714285712228e-05,1.0,1.0,0.0,1,0,bind
2Wiki,451,"Who is older, Pattom A. Thanu Pillai or Francesco Boccapaduli?",high,1,3,1,1,0.0,0.0,0.0,2,3,0,1.0,1.0,1.0,1.0,0.0,0.0,0.5,0.5,0.0,1,0,abstain
2Wiki,452,Where did Mate Meštrović's father graduate from?,low,0,2,1,1,1.0,1.0,1.0,2,2,0,1.0,1.0,1.0,1.0,0.0,0.0,1.0,1.0,0.0,1,0,bind
2Wiki,453,"Who was born earlier, Jayme De Almeida or Elmina Shepard Taylor?",high,1,3,1,1,0.0,0.0,0.0,2,2,0,1.0,1.0,1.0,1.0,0.0,0.0,1.0,1.0,0.0,1,0,abstain
2Wiki,454,Are Quaqtaq Airport and Fort Nelson/Gordon Field Airport located in the same country?,high,1,3,1,1,0.0,0.0,0.0,2,2,0,1.0,1.0,1.0,1.0,0.0,0.0,1.0,1.0,0.0,1,0,abstain
2Wiki,455,"Who is the paternal grandmother of George Rodney, 3Rd Baron Rodney?",high,1,3,2,2,4.0,2.0,3.0,2,2,0,1.0,1.0,1.0,1.0,0.0,0.0,1.0,1.0,0.0,1,0,bind
2Wiki,456,Who is Charles D'Évreux's paternal grandfather?,high,1,3,2,2,3.0,1.5,2.0,2,2,0,0.0,0.8889,0.0,0.888888888888889,0.0,1.111111111107288e-05,1.0,1.0,0.0,1,0,bind
2Wiki,457,Where did the director of film Yamata die?,low,0,2,1,1,1.0,1.0,1.0,2,2,0,0.0,0.0,0.0,0.0,0.0,0.0,1.0,1.0,0.0,1,0,bind
2Wiki,458,"Which film has the director died earlier, Kanchana Sita or Ghost Of The China Sea?",high,1,4,2,1,4.0,2.0,3.0,4,2,1,1.0,1.0,1.0,1.0,0.0,0.0,1.0,0.5,0.5,1,0,bind
2Wiki,459,"Which film was released more recently, Die Mutter or Where Are You Going All Naked??",high,1,3,1,1,0.0,0.0,0.0,2,2,0,1.0,1.0,1.0,1.0,0.0,0.0,1.0,1.0,0.0,1,0,abstain
2Wiki,460,Which country the composer of film Brecha (2009 Film) is from?,low,0,2,1,1,1.0,1.0,1.0,2,2,0,0.0,0.0,0.0,0.0,0.0,0.0,0.5,1.0,-0.5,1,0,bind
2Wiki,461,"Which film has the director born later, Hum Dil De Chuke Sanam or The Greyhound Limited?",high,1,4,2,1,2.0,1.0,1.0,4,2,1,1.0,1.0,1.0,1.0,0.0,0.0,1.0,0.5,0.5,1,0,bind
2Wiki,462,"Which film came out earlier, Aram + Aram = Kinnaram or Thayagam?",high,1,3,1,1,0.0,0.0,0.0,2,2,0,1.0,1.0,1.0,1.0,0.0,0.0,1.0,1.0,0.0,1,0,abstain
2Wiki,463,Where was the father of Helen Of Greece And Denmark born?,low,0,2,1,1,0.0,0.0,0.0,2,5,0,0.0,0.0,0.0,0.0,0.0,0.0,0.5,0.0,0.5,1,0,abstain
2Wiki,464,"Who lived longer, Louis Ncamiso Ndlovu or Raymond Balze?",high,1,3,1,1,0.0,0.0,0.0,2,2,0,0.0,0.0,1.0,1.0,-1.0,-1.0,1.0,1.0,0.0,1,0,abstain
2Wiki,465,"Which film was released earlier, Swept From The Sea or Aa Naluguru?",high,1,3,1,1,0.0,0.0,0.0,2,3,0,1.0,1.0,1.0,1.0,0.0,0.0,1.0,1.0,0.0,1,0,abstain
2Wiki,466,Who is the maternal grandmother of Marie De Namur?,high,1,3,2,2,2.0,1.0,1.0,2,3,0,1.0,1.0,0.0,0.3333333333333333,1.0,0.6666666666666667,1.0,0.5,0.5,1,0,bind
2Wiki,467,"Which film has the director died earlier, John Jaffer Janardhanan or Kamakalawa?",high,1,4,2,1,0.0,0.0,0.0,4,2,1,1.0,1.0,0.0,0.0,1.0,1.0,0.75,0.5,0.25,1,0,abstain
2Wiki,468,"Who is older, Madeleine Robinson or Dušan Poliačik?",high,1,3,1,1,0.0,0.0,0.0,2,2,0,1.0,1.0,1.0,1.0,0.0,0.0,1.0,1.0,0.0,1,0,abstain
2Wiki,469,"Which film has the director died first, Ask A Policeman or The Half-Naked Truth?",high,1,4,2,1,3.0,1.5,2.0,4,3,1,1.0,1.0,1.0,1.0,0.0,0.0,1.0,0.75,0.25,1,0,bind
2Wiki,470,Who is Teriimaevarua Iii's paternal grandmother?,high,1,3,2,1,2.0,1.0,1.0,2,2,0,0.0,0.5714,0.0,0.5714285714285715,0.0,-2.8571428571488866e-05,1.0,1.0,0.0,1,0,bind
2Wiki,471,What is the place of birth of the director of film Tammy And The T-Rex?,low,0,2,1,1,1.0,1.0,1.0,2,2,0,0.0,0.0,0.0,0.0,0.0,0.0,1.0,1.0,0.0,1,0,bind
2Wiki,472,"Which film whose director is younger, Return Of The Hero or Home In Indiana?",high,1,4,2,1,3.0,1.5,2.0,4,3,1,1.0,1.0,1.0,1.0,0.0,0.0,0.75,0.75,0.0,1,0,bind
2Wiki,473,"Which film has the director born earlier, Comedy! or Ven Mi Corazón Te Llama?",high,1,4,2,1,4.0,2.0,3.0,4,2,1,1.0,1.0,0.0,0.0,1.0,1.0,0.75,0.5,0.25,1,0,bind
2Wiki,474,"Who is Robert Petre, 8Th Baron Petre's paternal grandmother?",low,0,2,1,1,3.0,3.0,3.0,2,1,1,0.0,0.0,0.0,0.0,0.0,0.0,1.0,0.5,0.5,1,0,bind
2Wiki,475,"Where did Charles Stewart, 3Rd Duke Of Richmond's father graduate from?",low,0,2,1,1,1.0,1.0,1.0,2,4,0,1.0,1.0,0.0,0.0,1.0,1.0,1.0,1.0,0.0,1,0,bind
2Wiki,476,"Who is the spouse of the director of film Tonta, Tonta, Pero No Tanto?",low,0,2,1,1,1.0,1.0,1.0,2,2,0,1.0,1.0,1.0,1.0,0.0,0.0,1.0,1.0,0.0,1,0,bind
2Wiki,477,Who is the maternal grandmother of Margaret Of Valois?,high,1,3,2,2,3.0,1.5,2.0,2,3,0,0.0,0.0,1.0,1.0,-1.0,-1.0,1.0,1.0,0.0,1,0,bind
2Wiki,478,"Which film has the director who was born earlier, The Marseille Contract or Strangers Of The Night?",high,1,4,2,1,2.0,1.0,1.0,4,4,0,1.0,1.0,1.0,1.0,0.0,0.0,0.5,1.0,-0.5,1,0,bind
2Wiki,479,"Which film has the director who is older than the other, Colierul De Turcoaze or Leo And Loree?",high,1,4,2,1,3.0,1.5,2.0,4,4,0,1.0,1.0,1.0,1.0,0.0,0.0,1.0,1.0,0.0,1,0,bind
2Wiki,480,"Who died first, Esther Schiff Goldfrank or Kiliwehi?",high,1,3,1,1,0.0,0.0,0.0,2,2,0,1.0,1.0,1.0,1.0,0.0,0.0,1.0,1.0,0.0,1,0,abstain
2Wiki,481,What nationality is the director of film Paradox (2016 Film)?,low,0,2,1,1,3.0,3.0,3.0,2,1,1,1.0,1.0,0.0,0.0,1.0,1.0,1.0,0.5,0.5,1,0,bind
2Wiki,482,"Who is Lionel Sackville-West, 3Rd Baron Sackville's child-in-law?",low,0,1,0,0,0.0,0.0,0.0,2,3,0,0.0,0.0,0.0,0.0,0.0,0.0,0.5,0.5,0.0,1,0,abstain
2Wiki,483,Where was the father of Emilio Azcárraga Milmo born?,low,0,2,1,1,1.0,1.0,1.0,2,2,0,0.0,0.6667,0.0,0.6666666666666666,0.0,3.333333333332966e-05,1.0,1.0,0.0,1,0,bind
2Wiki,484,"Are both universities, African Institute For Future Studies and University Of Kisangani, located in the same country?",high,1,3,1,1,1.0,1.0,1.0,2,2,0,1.0,1.0,1.0,1.0,0.0,0.0,1.0,1.0,0.0,1,0,bind
2Wiki,485,"Which film whose director is younger, Wolves Of The North or Action In Arabia?",high,1,4,2,1,2.0,1.0,2.0,4,2,1,1.0,1.0,0.0,0.0,1.0,1.0,0.75,0.5,0.25,1,0,bind
2Wiki,486,Where was the director of film God'S Comedy born?,low,0,2,1,1,1.0,1.0,1.0,2,2,0,0.0,0.5,0.0,0.5,0.0,0.0,1.0,1.0,0.0,1,0,bind
2Wiki,487,"Which film came out earlier, Murder, She Said or Story Of Barbara?",high,1,3,1,1,0.0,0.0,0.0,2,2,0,1.0,1.0,1.0,1.0,0.0,0.0,1.0,1.0,0.0,1,0,abstain
2Wiki,488,Are both George Mattos and Douglas E. Winter from the same country?,high,1,3,1,1,0.0,0.0,0.0,2,2,0,1.0,1.0,1.0,1.0,0.0,0.0,0.5,1.0,-0.5,1,0,abstain
2Wiki,489,"Are the movies Hellraiser: Revelations and Night Of Mystery, from the same country?",high,1,3,1,1,0.0,0.0,0.0,2,2,0,0.0,0.0,0.0,0.0,0.0,0.0,1.0,1.0,0.0,1,0,abstain
2Wiki,490,"Which film has the director died earlier, Ethnic Notions or Gordon Of Ghost City?",high,1,4,2,1,2.0,1.0,1.0,4,4,0,1.0,1.0,1.0,1.0,0.0,0.0,1.0,1.0,0.0,1,0,bind
2Wiki,491,Was David Fennario or Peter Emanuel Falck born first?,high,1,3,1,1,0.0,0.0,0.0,2,2,0,1.0,1.0,1.0,1.0,0.0,0.0,1.0,1.0,0.0,1,0,abstain
2Wiki,492,"Which film has the director born later, House Of Blackmail or Taxi Zum Klo?",high,1,4,2,1,5.0,2.5,4.0,4,2,1,1.0,1.0,0.0,0.0,1.0,1.0,0.75,0.5,0.25,1,0,bind
2Wiki,493,Where was the place of death of Joseph Ferdinand Of Bavaria's father?,low,0,2,1,1,5.0,5.0,5.0,2,3,0,0.0,0.0,0.0,0.0,0.0,0.0,1.0,1.0,0.0,1,0,bind
2Wiki,494,When did the composer of film Through A Glass Darkly (Film) die?,low,0,2,1,1,3.0,3.0,3.0,2,2,0,0.0,0.5,0.0,0.5,0.0,0.0,1.0,0.5,0.5,1,0,bind
2Wiki,495,Where was the place of death of the director of film Emile The African?,low,0,2,1,1,1.0,1.0,1.0,2,2,0,1.0,1.0,1.0,1.0,0.0,0.0,1.0,1.0,0.0,1,0,bind
2Wiki,496,"Which film was released first, College Coach or Los Últimos Días?",high,1,3,1,1,0.0,0.0,0.0,2,2,0,1.0,1.0,1.0,1.0,0.0,0.0,1.0,1.0,0.0,1,0,abstain
2Wiki,497,"Who is Princess Adrienne, Duchess Of Blekinge's mother?",low,0,2,1,1,1.0,1.0,1.0,2,2,0,0.0,0.4444,0.0,0.4444444444444445,0.0,-4.444444444445805e-05,1.0,1.0,0.0,1,0,bind
2Wiki,498,What nationality is the director of film To Walk With Lions?,low,0,2,1,1,2.0,2.0,2.0,2,2,0,0.0,0.0,0.0,0.0,0.0,0.0,1.0,1.0,0.0,1,0,bind
2Wiki,499,"Which film has the director born later, Ask A Policeman or The Half-Naked Truth?",high,1,4,2,1,2.0,1.0,1.0,4,3,1,1.0,1.0,1.0,1.0,0.0,0.0,1.0,0.75,0.25,1,0,bind
2Wiki,500,What is the place of birth of the director of film The Wanted 18?,low,0,2,1,1,1.0,1.0,1.0,2,2,0,0.0,0.0,1.0,1.0,-1.0,-1.0,1.0,1.0,0.0,1,0,bind
2Wiki,501,Who is the spouse of the director of film Bratuku Teruvu?,low,0,2,1,1,1.0,1.0,1.0,2,2,0,1.0,1.0,1.0,1.0,0.0,0.0,1.0,1.0,0.0,1,0,bind
2Wiki,502,Are both directors of films Target Zero and Midnight Court (Film) from the same country?,high,1,4,2,1,6.0,3.0,4.0,4,3,1,1.0,1.0,0.0,0.0,1.0,1.0,1.0,0.75,0.25,1,0,bind
2Wiki,503,Where was the director of film Aylwin (Film) born?,low,0,2,1,1,4.0,4.0,4.0,2,2,0,1.0,1.0,1.0,1.0,0.0,0.0,1.0,1.0,0.0,1,0,bind
2Wiki,504,Where was the place of burial of Euphemia Of Pomerania's father?,low,0,2,1,1,1.0,1.0,1.0,2,2,0,0.0,0.0,0.0,0.0,0.0,0.0,1.0,1.0,0.0,1,0,bind
2Wiki,505,"Which film has the director born earlier, Did A Good Man Die? or The Last Of The Knucklemen?",high,1,4,2,1,2.0,1.0,1.0,4,2,1,1.0,1.0,1.0,1.0,0.0,0.0,1.0,0.5,0.5,1,0,bind
2Wiki,506,Are both The Lilac Sunbonnet and The Man Without Desire from the same country?,high,1,3,1,1,0.0,0.0,0.0,2,2,0,1.0,1.0,1.0,1.0,0.0,0.0,1.0,1.0,0.0,1,0,abstain
2Wiki,507,"Who was born later, Guy Tzarfati or Bruce Appleyard?",high,1,3,1,1,0.0,0.0,0.0,2,2,0,1.0,1.0,1.0,1.0,0.0,0.0,1.0,1.0,0.0,1,0,abstain
2Wiki,508,"Which film has the director who is older than the other, Safe Haven (Film) or Nomad: In The Footsteps Of Bruce Chatwin?",high,1,4,2,1,4.0,2.0,3.0,4,4,0,1.0,1.0,1.0,1.0,0.0,0.0,1.0,1.0,0.0,1,0,bind
2Wiki,509,Do both films The Majesty Of The Law and The Taint (Film) have the directors that share the same nationality?,high,1,4,2,1,3.0,1.5,2.0,4,3,1,1.0,1.0,1.0,1.0,0.0,0.0,1.0,0.75,0.25,1,0,bind
2Wiki,510,"Did the bands Side By Side (Band) and La Makina, originate from the same country?",high,1,3,1,1,0.0,0.0,0.0,2,2,0,0.0,0.0,0.0,0.0,0.0,0.0,1.0,1.0,0.0,1,0,abstain
2Wiki,511,"Which film was released earlier, Donne Con Le Gonne or Hot Saturday?",high,1,3,1,1,0.0,0.0,0.0,2,2,0,1.0,1.0,1.0,1.0,0.0,0.0,1.0,1.0,0.0,1,0,abstain
2Wiki,512,"Who is older, Ryan Tubridy or Mauro Massironi?",high,1,3,1,1,0.0,0.0,0.0,2,2,0,1.0,1.0,1.0,1.0,0.0,0.0,1.0,1.0,0.0,1,0,abstain
2Wiki,513,"Which film has the director born first, Toto And Cleopatra or Land Of Peace?",high,1,4,2,1,3.0,1.5,2.0,4,4,0,1.0,1.0,1.0,1.0,0.0,0.0,1.0,1.0,0.0,1,0,bind
2Wiki,514,"Which film has the director born first, Shah Jahan Regency or Fatma Bacı?",high,1,4,2,1,3.0,1.5,2.0,4,4,0,1.0,1.0,1.0,1.0,0.0,0.0,0.75,1.0,-0.25,1,0,bind
2Wiki,515,"What is the date of birth of Archduke Karl Pius Of Austria, Prince Of Tuscany's mother?",low,0,2,1,1,2.0,2.0,2.0,2,5,0,1.0,1.0,0.0,0.0,1.0,1.0,1.0,0.5,0.5,1,0,bind
2Wiki,516,Where was the place of death of the director of film They Only Kill Their Masters?,low,0,2,1,1,1.0,1.0,1.0,2,2,0,1.0,1.0,1.0,1.0,0.0,0.0,1.0,1.0,0.0,1,0,bind
2Wiki,517,Are Puka Puka (Chumbivilcas) and Inka Pirqa both located in the same country?,high,1,3,1,1,2.0,2.0,2.0,2,2,0,1.0,1.0,1.0,1.0,0.0,0.0,1.0,1.0,0.0,1,0,bind
2Wiki,518,Are Chemours and Hadag located in the same country?,high,1,3,1,1,0.0,0.0,0.0,2,2,0,1.0,1.0,1.0,1.0,0.0,0.0,1.0,1.0,0.0,1,0,abstain
2Wiki,519,Where did the director of film Reverse (Film) study?,low,0,2,1,1,2.0,2.0,2.0,2,2,0,1.0,1.0,1.0,1.0,0.0,0.0,1.0,1.0,0.0,1,0,bind
2Wiki,520,"Which film has the director died later, Pacific Rendezvous or Calling Bulldog Drummond?",high,1,4,2,1,3.0,1.5,2.0,4,4,0,1.0,1.0,1.0,1.0,0.0,0.0,1.0,0.5,0.5,1,0,bind
2Wiki,521,"Which film was released earlier, The Pistol: The Birth Of A Legend or Unborn In The Usa?",high,1,3,1,1,0.0,0.0,0.0,2,2,0,1.0,1.0,1.0,1.0,0.0,0.0,1.0,1.0,0.0,1,0,abstain
2Wiki,522,When was Joseph-Édouard Perrault's father born?,low,0,2,1,1,2.0,2.0,2.0,2,1,1,1.0,1.0,1.0,1.0,0.0,0.0,1.0,0.5,0.5,1,0,bind
2Wiki,523,"Which country Anthony I, Count Of Ligny's father is from?",low,0,2,1,1,3.0,3.0,3.0,2,4,0,0.0,0.0,0.0,0.0,0.0,0.0,1.0,1.0,0.0,1,0,bind
2Wiki,524,"Which film was released first, Stella'S Favor or Across The Blue Sea?",high,1,3,1,1,0.0,0.0,0.0,2,2,0,1.0,1.0,1.0,1.0,0.0,0.0,1.0,1.0,0.0,1,0,abstain
2Wiki,525,When did the composer of film The Sparrow'S Fluttering die?,low,0,2,1,1,3.0,3.0,3.0,2,2,0,1.0,1.0,0.0,0.5,1.0,0.5,1.0,1.0,0.0,1,0,bind
2Wiki,526,Where was the place of death of the director of film The Picture Of Dorian Gray (1945 Film)?,low,0,2,1,1,1.0,1.0,1.0,2,2,0,0.0,0.0,0.0,0.0,0.0,0.0,1.0,1.0,0.0,1,0,bind
2Wiki,527,"Which film came out earlier, Njan Gandharvan or Conny And Peter Make Music?",high,1,3,1,1,0.0,0.0,0.0,2,2,0,1.0,1.0,1.0,1.0,0.0,0.0,1.0,1.0,0.0,1,0,abstain
2Wiki,528,What is the place of birth of Tatiana Schlossberg's mother?,low,0,2,1,1,1.0,1.0,1.0,2,2,0,0.0,0.0,0.0,0.0,0.0,0.0,1.0,1.0,0.0,1,0,bind
2Wiki,529,Do both films All Souls (Film) and Atomised (Film) have the directors from the same country?,high,1,4,2,1,3.0,1.5,2.0,4,5,0,1.0,1.0,1.0,1.0,0.0,0.0,1.0,1.0,0.0,1,0,bind
2Wiki,530,"Which film has the director who is older, The Gamecock (Film) or Monster A Go-Go?",high,1,4,2,1,4.0,2.0,3.0,4,2,1,1.0,1.0,0.0,0.0,1.0,1.0,0.75,0.5,0.25,1,0,bind
2Wiki,531,Who was born first out of Alberto Casado Cerviño and Arjun Naidu?,high,1,3,1,1,0.0,0.0,0.0,2,2,0,1.0,1.0,1.0,1.0,0.0,0.0,1.0,1.0,0.0,1,0,abstain
2Wiki,532,"Who is Gothelo I, Duke Of Lorraine's paternal grandmother?",high,1,3,2,2,1.0,0.5,1.0,2,2,0,0.0,0.0,0.0,0.0,0.0,0.0,1.0,0.5,0.5,1,0,bind
2Wiki,533,Where was the place of death of the director of film Volavérunt?,low,0,2,1,1,1.0,1.0,1.0,2,2,0,0.0,0.8889,0.0,0.888888888888889,0.0,1.111111111107288e-05,1.0,1.0,0.0,1,0,bind
2Wiki,534,Do both films Operation Petticoat and War Book have the directors from the same country?,high,1,4,2,1,3.0,1.5,2.0,4,6,0,1.0,1.0,1.0,1.0,0.0,0.0,1.0,1.0,0.0,1,0,bind
2Wiki,535,Who is the spouse of the director of film West Of Shanghai?,low,0,2,1,1,3.0,3.0,3.0,2,2,0,1.0,1.0,0.0,0.0,1.0,1.0,1.0,0.5,0.5,1,0,bind
2Wiki,536,Are both Cupid The Cowpuncher and Hashimura Togo from the same country?,high,1,3,1,1,0.0,0.0,0.0,2,2,0,1.0,1.0,1.0,1.0,0.0,0.0,1.0,1.0,0.0,1,0,abstain
2Wiki,537,"Which film has the director born earlier, Frankenstein 90 or Messenger Of Death?",high,1,4,2,1,3.0,1.5,2.0,4,4,0,1.0,1.0,1.0,1.0,0.0,0.0,1.0,1.0,0.0,1,0,bind
2Wiki,538,"Which film has the director who died later, The Whisperers or Concert Of Intrigue?",high,1,4,2,1,4.0,2.0,3.0,4,2,1,1.0,1.0,1.0,1.0,0.0,0.0,1.0,0.5,0.5,1,0,bind
2Wiki,539,What is the place of birth of Consort Liang's husband?,low,0,2,1,1,1.0,1.0,1.0,2,3,0,0.0,0.0,0.0,0.0,0.0,0.0,1.0,1.0,0.0,1,0,bind
2Wiki,540,Who is the spouse of the director of film The Unholy Wife?,low,0,2,1,1,0.0,0.0,0.0,2,2,0,0.0,0.0,0.0,0.0,0.0,0.0,0.5,0.5,0.0,1,0,abstain
2Wiki,541,Are both directors of films The Pit And The Pendulum (1913 Film) and How Sweet It Is! from the same country?,high,1,4,2,1,2.0,1.0,1.0,4,2,1,1.0,1.0,1.0,1.0,0.0,0.0,1.0,0.5,0.5,1,0,bind
2Wiki,542,Do both A Daughter Of Australia (1922 Film) and Autoerotic (Film) films have the directors from the same country?,high,1,4,2,1,5.0,2.5,3.0,4,3,1,0.0,0.0,1.0,1.0,-1.0,-1.0,0.75,0.75,0.0,1,0,bind
2Wiki,543,Who is Prince Hermann Friedrich Of Leiningen's paternal grandmother?,high,1,3,2,2,4.0,2.0,3.0,2,3,0,1.0,1.0,0.0,0.923076923076923,1.0,0.07692307692307698,1.0,1.0,0.0,1,0,bind
2Wiki,544,"Which film has the director born later, Femmes De Sade or La Carapate?",high,1,4,2,1,4.0,2.0,2.0,4,4,0,0.0,0.0,0.0,0.0,0.0,0.0,0.75,1.0,-0.25,1,0,bind
2Wiki,545,"Which film has the director who was born first, O'Shaughnessy'S Boy or Sunday Light?",high,1,4,2,1,2.0,1.0,1.0,4,4,0,1.0,1.0,1.0,1.0,0.0,0.0,1.0,1.0,0.0,1,0,bind
2Wiki,546,Who is the father-in-law of Từ Dụ?,low,0,2,1,1,1.0,1.0,1.0,2,1,1,0.0,0.0,0.0,0.0,0.0,0.0,1.0,0.5,0.5,1,0,bind
2Wiki,547,"Who died later, Charles Fechter or Félix De Blochausen?",high,1,3,1,1,0.0,0.0,0.0,2,2,0,1.0,1.0,1.0,1.0,0.0,0.0,1.0,1.0,0.0,1,0,abstain
2Wiki,548,"Which album came out earlier, Music For The Advancement Of Hip Hop or Something Worth Leaving Behind?",high,1,3,1,1,0.0,0.0,0.0,2,2,0,1.0,1.0,1.0,1.0,0.0,0.0,1.0,1.0,0.0,1,0,abstain
2Wiki,549,"Who is younger, Halcón Suriano Jr. or Pierre De Geyter?",high,1,3,1,1,0.0,0.0,0.0,2,2,0,1.0,1.0,1.0,1.0,0.0,0.0,1.0,1.0,0.0,1,0,abstain
2Wiki,550,Where does Sharon Tiller's husband work at?,low,0,2,1,1,1.0,1.0,1.0,2,2,0,1.0,1.0,1.0,1.0,0.0,0.0,1.0,1.0,0.0,1,0,bind
2Wiki,551,What is the place of birth of the director of film Forgotten Light?,low,0,2,1,1,3.0,3.0,3.0,2,2,0,1.0,1.0,1.0,1.0,0.0,0.0,1.0,1.0,0.0,1,0,bind
2Wiki,552,"Which film has the director died first, Showdown At Boot Hill or The Walls Of Hell?",high,1,4,2,1,3.0,1.5,2.0,4,3,1,1.0,1.0,1.0,1.0,0.0,0.0,1.0,0.75,0.25,1,0,bind
2Wiki,553,Where was the husband of Virginia Foster Durr born?,low,0,2,1,1,1.0,1.0,1.0,2,2,0,0.0,0.0,0.0,0.0,0.0,0.0,1.0,1.0,0.0,1,0,bind
2Wiki,554,Which country Tajlu Khanum's husband is from?,low,0,2,1,1,2.0,2.0,2.0,2,1,1,0.0,0.0,0.0,0.0,0.0,0.0,1.0,0.5,0.5,1,0,bind
2Wiki,555,Who is the mother-in-law of Louise Of Mecklenburg-Güstrow?,low,0,2,1,1,1.0,1.0,1.0,2,5,0,0.0,0.8889,1.0,1.0,-1.0,-0.11109999999999998,1.0,0.5,0.5,1,0,bind
2Wiki,556,What is the place of birth of the performer of song Somebody Slap Me?,low,0,2,1,1,1.0,1.0,1.0,2,2,0,0.0,0.6667,0.0,0.6666666666666666,0.0,3.333333333332966e-05,1.0,1.0,0.0,1,0,bind
2Wiki,557,Who is Henriette Of France (1727–1752)'s maternal grandfather?,low,0,2,1,1,1.0,1.0,1.0,2,2,0,0.0,0.8,0.0,0.0,0.0,0.8,1.0,0.5,0.5,1,0,bind
2Wiki,558,Did R. D. Call and Taryn Power share the same nationality?,high,1,3,1,1,0.0,0.0,0.0,2,2,0,1.0,1.0,1.0,1.0,0.0,0.0,1.0,1.0,0.0,1,0,abstain
2Wiki,559,Which country the director of film Littlerock (Film) is from?,low,0,2,1,1,3.0,3.0,3.0,2,4,0,0.0,0.0,0.0,0.0,0.0,0.0,1.0,1.0,0.0,1,0,bind
2Wiki,560,Where was the place of death of Sirikit's husband?,low,0,2,1,1,0.0,0.0,0.0,2,2,0,0.0,0.0,1.0,1.0,-1.0,-1.0,1.0,1.0,0.0,1,0,abstain
2Wiki,561,"Who lived longer, Jean-Rodolphe Perronet or Gunnar Wiklund?",high,1,4,2,1,0.0,0.0,0.0,2,2,0,1.0,1.0,1.0,1.0,0.0,0.0,1.0,1.0,0.0,1,0,abstain
2Wiki,562,What is the place of birth of the director of film Guai Ai Vinti?,low,0,2,1,1,1.0,1.0,1.0,2,2,0,1.0,1.0,1.0,1.0,0.0,0.0,1.0,1.0,0.0,1,0,bind
2Wiki,563,"Which film has the director born later, Je Fais Le Mort or Red Roses, Red Lips, Red Wine?",high,1,4,2,1,1.0,0.5,1.0,4,3,1,1.0,1.0,1.0,1.0,0.0,0.0,0.75,0.75,0.0,1,0,bind
2Wiki,564,"Which film has the director who was born later, Five Red Tulips or Laughing At Death?",high,1,4,2,1,2.0,1.0,1.0,4,2,1,1.0,1.0,0.0,0.0,1.0,1.0,1.0,0.5,0.5,1,0,bind
2Wiki,565,What is the place of birth of the director of film Under The Cards?,low,0,2,1,1,4.0,4.0,4.0,2,2,0,1.0,1.0,1.0,1.0,0.0,0.0,1.0,1.0,0.0,1,0,bind
2Wiki,566,"Which film has the producer who is older, Aatma Gowravam or Vitti Dandu?",high,1,4,2,1,1.0,0.5,1.0,4,3,1,1.0,1.0,1.0,1.0,0.0,0.0,0.75,0.75,0.0,1,0,bind
2Wiki,567,Did Marian Hillar and John Henry Caldwell share the same nationality?,high,1,3,1,1,1.0,1.0,1.0,2,4,0,0.0,0.0,1.0,1.0,-1.0,-1.0,0.5,1.0,-0.5,1,0,bind
2Wiki,568,Who is the paternal grandfather of Reginald I Of Guelders?,high,1,3,2,2,5.0,2.5,3.0,2,2,0,0.0,0.4444,0.0,0.6,0.0,-0.15559999999999996,0.5,1.0,-0.5,1,0,bind
2Wiki,569,Does Eddie Murray (Rugby League) have the same nationality as Henry Talbot (Photographer)?,high,1,3,1,1,1.0,1.0,1.0,2,2,0,0.0,0.0,0.0,0.0,0.0,0.0,1.0,1.0,0.0,1,0,bind
2Wiki,570,Are Carl Wijk and Anders Lindstedt from the same country?,high,1,3,1,1,0.0,0.0,0.0,2,8,0,1.0,1.0,1.0,1.0,0.0,0.0,1.0,1.0,0.0,1,0,abstain
2Wiki,571,"Which film came out earlier, A Lizard In A Woman'S Skin or Hyderabad Nawabs?",high,1,3,1,1,0.0,0.0,0.0,2,2,0,1.0,1.0,1.0,1.0,0.0,0.0,1.0,1.0,0.0,1,0,abstain
2Wiki,572,Which country Lord Charles Arthur Francis Cavendish's wife is from?,low,0,2,1,1,1.0,1.0,1.0,2,2,0,0.0,0.0,0.0,0.0,0.0,0.0,1.0,1.0,0.0,1,0,bind
2Wiki,573,"Which film has the director who died earlier, The Toast Of Death or The Famous Mrs. Fair?",high,1,4,2,1,2.0,1.0,1.0,4,6,0,1.0,1.0,1.0,1.0,0.0,0.0,1.0,0.75,0.25,1,0,bind
2Wiki,574,Where was the place of death of Neferneferure's mother?,low,0,2,1,1,1.0,1.0,1.0,2,3,0,0.0,0.0,0.0,0.0,0.0,0.0,1.0,1.0,0.0,1,0,bind
2Wiki,575,When was Princess Feodora Of Denmark's father born?,low,0,2,1,1,1.0,1.0,1.0,2,2,0,1.0,1.0,1.0,1.0,0.0,0.0,1.0,1.0,0.0,1,0,bind
2Wiki,576,Where was the mother of Berengaria Of Portugal born?,low,0,2,1,1,1.0,1.0,1.0,2,2,0,0.0,0.0,0.0,0.0,0.0,0.0,1.0,1.0,0.0,1,0,bind
2Wiki,577,Where was the place of burial of Cleopatra Of Jerusalem's husband?,low,0,2,1,1,2.0,2.0,2.0,2,2,0,1.0,1.0,1.0,1.0,0.0,0.0,1.0,1.0,0.0,1,0,bind
2Wiki,578,What is the date of death of Vlatko Vuković's father?,low,0,2,1,1,1.0,1.0,1.0,2,3,0,1.0,1.0,1.0,1.0,0.0,0.0,1.0,1.0,0.0,1,0,bind
2Wiki,579,What is the place of birth of the performer of song The Best Side Of Life?,low,0,2,1,1,1.0,1.0,1.0,2,2,0,1.0,1.0,1.0,1.0,0.0,0.0,1.0,1.0,0.0,1,0,bind
2Wiki,580,Where was the husband of Edadil Kadın born?,low,0,2,1,1,0.0,0.0,0.0,2,2,0,1.0,1.0,0.0,0.5,1.0,0.5,1.0,1.0,0.0,1,0,abstain
2Wiki,581,"Which film has the director died later, Chad Hanna or The Avenging Shadow?",high,1,4,3,2,0.0,0.0,0.0,4,2,1,1.0,1.0,0.0,0.0,1.0,1.0,0.75,0.5,0.25,1,0,abstain
2Wiki,582,"Did the movies The Hideout (Film) and Trieste Mia!, originate from the same country?",high,1,3,1,1,0.0,0.0,0.0,2,2,0,1.0,1.0,0.0,0.0,1.0,1.0,1.0,1.0,0.0,1,0,abstain
2Wiki,583,"Which university was established first, Universidad Autónoma De La Laguna or Penang Free School?",high,1,3,1,1,0.0,0.0,0.0,2,2,0,1.0,1.0,1.0,1.0,0.0,0.0,1.0,1.0,0.0,1,0,abstain
2Wiki,584,"Which film whose director was born first, Swamp Women or Tracy Rides?",high,1,4,2,1,2.0,1.0,1.0,4,3,1,1.0,1.0,1.0,1.0,0.0,0.0,1.0,0.75,0.25,1,0,bind
2Wiki,585,"Which film has the director who is older, Drive A Crooked Road or Kingdom In The Clouds?",high,1,4,2,1,4.0,2.0,3.0,4,4,0,1.0,1.0,1.0,1.0,0.0,0.0,0.75,1.0,-0.25,1,0,bind
2Wiki,586,"Who died earlier, Lazarus Fletcher or Sir William Brereton, 1St Baronet?",high,1,3,1,1,0.0,0.0,0.0,2,2,0,1.0,1.0,1.0,1.0,0.0,0.0,1.0,1.0,0.0,1,0,abstain
2Wiki,587,"Where did Edward, 2Nd Duke Of York's father die?",low,0,2,1,1,1.0,1.0,1.0,2,2,0,0.0,0.0,0.0,0.0,0.0,0.0,1.0,1.0,0.0,1,0,bind
2Wiki,588,"Which film was released earlier, Striporama or The World And His Wife?",high,1,3,1,1,0.0,0.0,0.0,2,2,0,1.0,1.0,1.0,1.0,0.0,0.0,1.0,1.0,0.0,1,0,abstain
2Wiki,589,"Who died later, Alicia Little or Christopher Addison, 1St Viscount Addison?",high,1,3,1,1,0.0,0.0,0.0,2,2,0,1.0,1.0,1.0,1.0,0.0,0.0,1.0,1.0,0.0,1,0,abstain
2Wiki,590,"Which film has the director who was born later, Il Diavolo In Convento or The Big Broadcast Of 1936?",high,1,4,2,1,2.0,1.0,1.0,4,3,1,1.0,1.0,1.0,1.0,0.0,0.0,0.75,0.75,0.0,1,0,bind
2Wiki,591,Who is the maternal grandmother of Eleanor Of Brittany (Abbess)?,high,1,3,2,2,4.0,2.0,3.0,2,4,0,1.0,1.0,1.0,1.0,0.0,0.0,1.0,1.0,0.0,1,0,bind
2Wiki,592,"Which film has the director died later, Modern Husbands or The Fighting Vigilantes?",high,1,4,2,1,4.0,2.0,3.0,4,3,1,1.0,1.0,1.0,1.0,0.0,0.0,1.0,0.75,0.25,1,0,bind
2Wiki,593,"Which film has the director who died first, The People Vs. Larry Flynt or Manila In The Claws Of Light?",high,1,4,2,1,2.0,1.0,1.0,4,4,0,1.0,1.0,1.0,1.0,0.0,0.0,1.0,1.0,0.0,1,0,bind
2Wiki,594,Who is the paternal grandfather of Engelbert Iii Of The Mark?,high,1,3,2,2,3.0,1.5,3.0,2,5,0,0.0,0.5,1.0,1.0,-1.0,-0.5,0.5,1.0,-0.5,1,0,bind
2Wiki,595,Who is the paternal grandfather of Rudolf Of Żagań?,high,1,3,2,2,5.0,2.5,4.0,2,4,0,1.0,1.0,0.0,0.6666666666666666,1.0,0.33333333333333337,1.0,1.0,0.0,1,0,bind
2Wiki,596,Where was the place of burial of Ælfwine Of Deira's father?,low,0,2,1,1,1.0,1.0,1.0,2,4,0,0.0,0.0,0.0,0.0,0.0,0.0,1.0,1.0,0.0,1,0,bind
2Wiki,597,"What is the date of death of Ferdinand, Prince Of Solms-Braunfels's father?",low,0,2,1,1,0.0,0.0,0.0,2,2,0,1.0,1.0,1.0,1.0,0.0,0.0,1.0,1.0,0.0,1,0,abstain
2Wiki,598,"Who is Eustace Iii, Count Of Boulogne's uncle?",low,0,1,0,0,0.0,0.0,0.0,2,4,0,0.0,0.1818,0.0,0.0,0.0,0.1818,0.5,0.5,0.0,1,0,abstain
2Wiki,599,"Which film has the director born first, S Durga or Sweet Emma, Dear Böbe?",high,1,4,2,1,4.0,2.0,2.0,4,5,0,1.0,1.0,1.0,1.0,0.0,0.0,0.75,1.0,-0.25,1,0,bind
2Wiki,600,Are Nancy Drew… Trouble Shooter and Wilderness (Miniseries) both from the same country?,high,1,3,1,1,0.0,0.0,0.0,2,2,0,1.0,1.0,1.0,1.0,0.0,0.0,1.0,1.0,0.0,1,0,abstain
2Wiki,601,"Who was born earlier, Monica Roșu or Bruno Bizarro?",high,1,3,1,1,0.0,0.0,0.0,2,2,0,1.0,1.0,1.0,1.0,0.0,0.0,1.0,1.0,0.0,1,0,abstain
2Wiki,602,What is the place of birth of Konstantin Irmen-Tschet's wife?,low,0,2,1,1,0.0,0.0,0.0,2,1,1,0.0,0.0,0.0,0.0,0.0,0.0,0.5,0.5,0.0,1,0,abstain
2Wiki,603,Where was the place of death of Princess Yolanda Of Savoy's father?,low,0,2,1,1,0.0,0.0,0.0,2,2,0,1.0,1.0,1.0,1.0,0.0,0.0,1.0,0.5,0.5,1,0,abstain
2Wiki,604,"Which film has the director who died earlier, Notes On The Port Of St. Francis or De Luxe Annie?",high,1,4,2,1,3.0,1.5,2.0,4,4,0,1.0,1.0,1.0,1.0,0.0,0.0,1.0,1.0,0.0,1,0,bind
2Wiki,605,"Where was the place of burial of Ælfgar, Earl Of Mercia's father?",low,0,2,1,1,1.0,1.0,1.0,2,2,0,0.0,0.0,0.0,0.0,0.0,0.0,1.0,1.0,0.0,1,0,bind
2Wiki,606,"Are both movies, The Almighty Dollar (1923 Film) and Alfons Zitterbacke, from the same country?",high,1,3,1,1,0.0,0.0,0.0,2,2,0,1.0,1.0,1.0,1.0,0.0,0.0,1.0,1.0,0.0,1,0,abstain
2Wiki,607,"When was John Of Ibelin, The Old Lord Of Beirut's father born?",low,0,2,1,1,2.0,2.0,2.0,2,4,0,1.0,1.0,0.0,0.0,1.0,1.0,1.0,0.5,0.5,1,0,bind
2Wiki,608,Are Frederick Elliott Brown and John Yule both from the same country?,high,1,3,1,1,0.0,0.0,0.0,2,4,0,1.0,1.0,1.0,1.0,0.0,0.0,1.0,1.0,0.0,1,0,abstain
2Wiki,609,What is the place of birth of the director of film The Great Dome Robbery?,low,0,2,1,1,1.0,1.0,1.0,2,2,0,0.0,0.0,0.0,0.0,0.0,0.0,1.0,1.0,0.0,1,0,bind
2Wiki,610,What is the place of birth of the director of film Vent D'Est?,low,0,2,1,1,1.0,1.0,1.0,2,2,0,0.0,0.6667,0.0,0.6666666666666666,0.0,3.333333333332966e-05,1.0,1.0,0.0,1,0,bind
2Wiki,611,"Which film has the director born first, Free Hand For A Tough Cop or Man'S Favorite Sport??",high,1,4,2,1,2.0,1.0,1.0,4,2,1,1.0,1.0,1.0,1.0,0.0,0.0,1.0,0.5,0.5,1,0,bind
2Wiki,612,What nationality is the composer of film The Merry Monahans?,low,0,2,1,1,2.0,2.0,2.0,2,3,0,0.0,0.0,0.0,0.0,0.0,0.0,1.0,1.0,0.0,1,0,bind
2Wiki,613,"Did the movies Laserblast and The Life Of Juanita Castro, originate from the same country?",high,1,3,1,1,0.0,0.0,0.0,2,2,0,1.0,1.0,1.0,1.0,0.0,0.0,1.0,1.0,0.0,1,0,abstain
2Wiki,614,What is the place of birth of the director of film Into The Grizzly Maze?,low,0,2,1,1,2.0,2.0,2.0,2,2,0,1.0,1.0,1.0,1.0,0.0,0.0,1.0,1.0,0.0,1,0,bind
2Wiki,615,What nationality is the director of film Yeh Gulistan Hamara?,low,0,2,1,1,1.0,1.0,1.0,2,1,1,0.0,0.0,0.0,0.0,0.0,0.0,1.0,0.5,0.5,1,0,bind
2Wiki,616,"Which film has the director who was born later, The Devil And Miss Jones or The Man In The Funny Suit?",high,1,4,2,1,2.0,1.0,1.0,4,2,1,1.0,1.0,0.0,0.0,1.0,1.0,1.0,0.25,0.75,1,0,bind
2Wiki,617,Where was the father of Islam Shah Suri born?,low,0,2,1,1,1.0,1.0,1.0,2,5,0,0.0,0.0,0.0,0.0,0.0,0.0,1.0,1.0,0.0,1,0,bind
2Wiki,618,"Which film has the director born earlier, Mummy & Me or Gideon And Samson: Great Leaders Of The Bible?",high,1,4,2,1,4.0,2.0,3.0,4,3,1,1.0,1.0,0.0,0.0,1.0,1.0,1.0,0.75,0.25,1,0,bind
2Wiki,619,"Which film has the director who was born first, Everybody'S Hobby or Ghosts Of Abu Ghraib?",high,1,4,2,1,3.0,1.5,2.0,4,2,1,1.0,1.0,1.0,1.0,0.0,0.0,1.0,0.5,0.5,1,0,bind
2Wiki,620,Are Antoine Jean-Baptiste Thomas and Canardo (Rapper) of the same nationality?,high,1,3,1,1,0.0,0.0,0.0,2,3,0,1.0,1.0,1.0,1.0,0.0,0.0,1.0,1.0,0.0,1,0,abstain
2Wiki,621,Was Louise Of Hesse-Kassel or Viktor Šiljeg born first?,high,1,3,1,1,2.0,2.0,2.0,2,2,0,1.0,1.0,1.0,1.0,0.0,0.0,1.0,1.0,0.0,1,0,bind
2Wiki,622,Did Virginia Gardner and Ramón Hernández (Beach Volleyball) have the same nationality?,high,1,3,1,1,1.0,1.0,1.0,2,2,0,0.0,0.0,0.0,0.0,0.0,0.0,1.0,1.0,0.0,1,0,bind
2Wiki,623,Who is Edith Of Wessex's mother-in-law?,high,1,3,2,2,2.0,1.0,1.0,2,3,0,0.0,0.5,0.0,0.0,0.0,0.5,1.0,0.0,1.0,1,0,bind
2Wiki,624,"Which film has the director who died earlier, The Prince And The Dancer or The Brown Wallet?",high,1,4,2,1,2.0,1.0,1.0,4,4,0,1.0,1.0,1.0,1.0,0.0,0.0,1.0,0.75,0.25,1,0,bind
2Wiki,625,"Which film whose director is younger, Lucky Cowboy or O.K. Connery?",high,1,4,2,1,3.0,1.5,2.0,4,3,1,1.0,1.0,0.0,0.0,1.0,1.0,1.0,0.75,0.25,1,0,bind
2Wiki,626,"Who died earlier, Joseph Dudley or Francisco Herrera Luque?",high,1,3,1,1,0.0,0.0,0.0,2,2,0,1.0,1.0,1.0,1.0,0.0,0.0,1.0,1.0,0.0,1,0,abstain
2Wiki,627,What nationality is the director of film Vortex (1976 Film)?,low,0,2,1,1,1.0,1.0,1.0,2,1,1,0.0,0.0,0.0,0.0,0.0,0.0,0.5,0.5,0.0,1,0,bind
2Wiki,628,Where did Countess Johanna Magdalene Of Hanau-Lichtenberg's mother die?,low,0,2,1,1,1.0,1.0,1.0,2,2,0,1.0,1.0,1.0,1.0,0.0,0.0,1.0,1.0,0.0,1,0,bind
2Wiki,629,Who is Felicia Of Roucy's mother-in-law?,low,0,2,1,1,1.0,1.0,1.0,2,3,0,0.0,0.3333,0.0,0.3333333333333333,0.0,-3.333333333332966e-05,1.0,0.5,0.5,1,0,bind
2Wiki,630,"Which film has the director died later, Tenth Avenue Angel or Brink Of Life?",high,1,4,2,1,2.0,1.0,1.0,4,2,1,1.0,1.0,1.0,1.0,0.0,0.0,1.0,0.5,0.5,1,0,bind
2Wiki,631,Where was the father of Teodor Pejačević born?,low,0,2,1,1,1.0,1.0,1.0,2,2,0,1.0,1.0,1.0,1.0,0.0,0.0,1.0,1.0,0.0,1,0,bind
2Wiki,632,"Are The Collector (2002 Film) and Gulîstan, Land Of Roses both from the same country?",high,1,3,1,1,1.0,1.0,1.0,2,2,0,0.0,0.0,1.0,1.0,-1.0,-1.0,1.0,1.0,0.0,1,0,bind
2Wiki,633,"Which film has the director died earlier, They Who Dare or False Pretenses?",high,1,4,2,1,3.0,1.5,2.0,4,4,0,1.0,1.0,1.0,1.0,0.0,0.0,1.0,1.0,0.0,1,0,bind
2Wiki,634,Where did the performer of song Karma (Alicia Keys Song) study?,low,0,2,1,1,0.0,0.0,0.0,2,2,0,0.0,0.0,0.0,0.0,0.0,0.0,1.0,1.0,0.0,1,0,abstain
2Wiki,635,Where was the place of burial of Parysatis Ii's husband?,low,0,2,1,1,1.0,1.0,1.0,2,4,0,0.0,0.0,0.0,0.0,0.0,0.0,1.0,0.5,0.5,1,0,bind
2Wiki,636,Where was the director of film Broadway Gold born?,low,0,2,1,1,0.0,0.0,0.0,2,2,0,0.0,0.6667,0.0,0.6666666666666666,0.0,3.333333333332966e-05,0.5,0.5,0.0,1,0,abstain
2Wiki,637,Where does Sybil B. G. Eysenck's husband work at?,low,0,2,1,1,1.0,1.0,1.0,2,2,0,0.0,0.0,0.0,0.0,0.0,0.0,1.0,1.0,0.0,1,0,bind
2Wiki,638,Who is Gilukhipa's paternal grandfather?,high,1,3,2,2,5.0,2.5,4.0,2,2,0,0.0,0.0,1.0,1.0,-1.0,-1.0,1.0,1.0,0.0,1,0,bind
2Wiki,639,"Which film has the director who was born later, A Case Of Honor or The Raggedy Rawney?",high,1,4,2,1,2.0,1.0,1.0,4,3,1,1.0,1.0,1.0,1.0,0.0,0.0,1.0,0.75,0.25,1,0,bind
2Wiki,640,Where was the father of Belgutei born?,low,0,2,1,1,1.0,1.0,1.0,2,2,0,0.0,0.0,0.0,0.0,0.0,0.0,1.0,1.0,0.0,1,0,bind
2Wiki,641,Where was the father of Marianus V Of Arborea born?,low,0,2,1,1,2.0,2.0,2.0,2,2,0,0.0,0.0,0.0,0.0,0.0,0.0,1.0,1.0,0.0,1,0,bind
2Wiki,642,"Are the bands M3 (Band) and Cam-Pact, from the same country?",high,1,3,1,1,0.0,0.0,0.0,2,3,0,0.0,0.0,1.0,1.0,-1.0,-1.0,0.5,1.0,-0.5,1,0,abstain
2Wiki,643,What nationality is the director of film A Kiss On The Nose?,low,0,2,1,1,1.0,1.0,1.0,2,2,0,0.0,0.5,0.0,0.5,0.0,0.0,1.0,1.0,0.0,1,0,bind
2Wiki,644,"Which song came out earlier, Can'T Remember To Forget You or Distant Lover?",high,1,3,1,1,0.0,0.0,0.0,2,2,0,0.0,0.0,1.0,1.0,-1.0,-1.0,0.5,1.0,-0.5,1,0,abstain
2Wiki,645,"Who lived longer, Martino Finotto or Franklin Edson?",high,1,4,2,1,0.0,0.0,0.0,2,2,0,1.0,1.0,1.0,1.0,0.0,0.0,1.0,1.0,0.0,1,0,abstain
2Wiki,646,Who is the father of the performer of song Quiero Estar Contigo?,low,0,2,1,1,1.0,1.0,1.0,2,2,0,1.0,1.0,1.0,1.0,0.0,0.0,1.0,1.0,0.0,1,0,bind
2Wiki,647,"Which film has the director who was born first, Going All The Way or Married To The Mob?",high,1,4,2,1,3.0,1.5,2.0,4,4,0,1.0,1.0,1.0,1.0,0.0,0.0,1.0,1.0,0.0,1,0,bind
2Wiki,648,When was the director of film Uncle Silas (Film) born?,low,0,2,1,1,1.0,1.0,1.0,2,1,1,0.0,0.0,0.0,0.0,0.0,0.0,0.5,0.5,0.0,1,0,bind
2Wiki,649,Are The Romance Of Max and Venus (1929 Film) from the same country?,low,0,2,0,0,0.0,0.0,0.0,2,2,0,1.0,1.0,1.0,1.0,0.0,0.0,1.0,1.0,0.0,1,0,abstain
2Wiki,650,"Which film was released earlier, Jazz Boat or Her Husband'S Trademark?",high,1,3,1,1,0.0,0.0,0.0,2,2,0,1.0,1.0,1.0,1.0,0.0,0.0,1.0,1.0,0.0,1,0,abstain
2Wiki,651,Who founded the company that published Moulin Rouge (Magazine)?,low,0,2,1,1,1.0,1.0,1.0,2,2,0,0.0,0.6667,0.0,0.6666666666666666,0.0,3.333333333332966e-05,1.0,1.0,0.0,1,0,bind
2Wiki,652,What nationality is Humehume's father?,low,0,2,1,1,1.0,1.0,1.0,2,1,1,0.0,0.0,0.0,0.0,0.0,0.0,0.5,0.5,0.0,1,0,bind
2Wiki,653,Do director of film Next Of Kin (1982 Film) and director of film Wild Honey (1918 Film) share the same nationality?,high,1,4,2,1,2.0,1.0,2.0,4,3,1,0.0,0.0,0.0,0.0,0.0,0.0,0.75,0.75,0.0,1,0,bind
2Wiki,654,Where does Juan Carlos Gumucio's wife work at?,low,0,2,1,1,1.0,1.0,1.0,2,2,0,1.0,1.0,1.0,1.0,0.0,0.0,1.0,1.0,0.0,1,0,bind
2Wiki,655,Was Jamie Curry or Alyaksey Vasilewski born first?,high,1,3,1,1,0.0,0.0,0.0,2,2,0,1.0,1.0,1.0,1.0,0.0,0.0,1.0,1.0,0.0,1,0,abstain
2Wiki,656,What is the place of birth of the director of film Thiruvannamalai (Film)?,low,0,2,1,1,1.0,1.0,1.0,2,2,0,0.0,0.3333,0.0,0.5,0.0,-0.16670000000000001,1.0,1.0,0.0,1,0,bind
2Wiki,657,"Which film has the director who died first, Reaching For The Sun or Trifling Women?",high,1,4,2,1,2.0,1.0,1.0,4,4,0,1.0,1.0,1.0,1.0,0.0,0.0,1.0,1.0,0.0,1,0,bind
2Wiki,658,"Which film has the director who was born earlier, The Red Eagle or Vishukkani?",high,1,4,2,1,2.0,1.0,1.0,4,4,0,1.0,1.0,1.0,1.0,0.0,0.0,1.0,1.0,0.0,1,0,bind
2Wiki,659,"Which film was released earlier, Hirer Angti or Torn From The Flag?",high,1,3,1,1,0.0,0.0,0.0,2,2,0,1.0,1.0,1.0,1.0,0.0,0.0,1.0,1.0,0.0,1,0,abstain
2Wiki,660,Where did Sonia Greene's husband die?,low,0,2,1,1,1.0,1.0,1.0,2,3,0,0.0,0.0,0.0,0.5,0.0,-0.5,1.0,1.0,0.0,1,0,bind
2Wiki,661,What nationality is the director of film The Mission (1983 Film)?,low,0,2,1,1,2.0,2.0,2.0,2,2,0,0.0,0.0,0.0,0.0,0.0,0.0,1.0,0.0,1.0,1,0,bind
2Wiki,662,Who is the maternal grandmother of Sancho Ramírez?,high,1,3,2,2,2.0,1.0,1.0,2,5,0,0.0,0.4,1.0,1.0,-1.0,-0.6,1.0,1.0,0.0,1,0,bind
2Wiki,663,What is the date of death of Fujiwara No Junshi's father?,low,0,2,1,1,1.0,1.0,1.0,2,2,0,1.0,1.0,1.0,1.0,0.0,0.0,1.0,1.0,0.0,1,0,bind
2Wiki,664,What is the place of birth of the director of film A Chrysanthemum Bursts In Cincoesquinas?,low,0,2,1,1,1.0,1.0,1.0,2,2,0,1.0,1.0,1.0,1.0,0.0,0.0,1.0,1.0,0.0,1,0,bind
2Wiki,665,Which country Benjamin Pierce Cheney Jr.'s wife is from?,low,0,2,1,1,0.0,0.0,0.0,2,1,1,0.0,0.0,0.0,0.0,0.0,0.0,0.5,0.5,0.0,1,0,abstain
2Wiki,666,Where was the director of film The Half-Way Girl born?,low,0,2,1,1,2.0,2.0,2.0,2,2,0,0.0,0.6667,0.0,0.6666666666666666,0.0,3.333333333332966e-05,1.0,1.0,0.0,1,0,bind
2Wiki,667,Are Ailes Gilmour and Chris Schwinden of the same nationality?,high,1,3,1,1,2.0,2.0,2.0,2,3,0,0.0,0.0,0.0,0.0,0.0,0.0,1.0,1.0,0.0,1,0,bind
2Wiki,668,Who is the spouse of the director of film Pratisodh (2004 Film)?,low,0,2,1,1,2.0,2.0,2.0,2,2,0,1.0,1.0,1.0,1.0,0.0,0.0,1.0,1.0,0.0,1,0,bind
2Wiki,669,"Which film has the director who died later, Le Foto Proibite Di Una Signora Per Bene or Licenza Premio?",high,1,4,2,1,2.0,1.0,1.0,4,3,1,1.0,1.0,1.0,1.0,0.0,0.0,1.0,0.75,0.25,1,0,bind
2Wiki,670,Where did the composer of film The Merry Monahans die?,low,0,2,1,1,4.0,4.0,4.0,2,3,0,0.0,0.8,0.0,0.8,0.0,0.0,1.0,1.0,0.0,1,0,bind
2Wiki,671,What nationality is Matilda Of Frisia's husband?,low,0,2,1,1,1.0,1.0,1.0,2,2,0,0.0,0.0,0.0,0.0,0.0,0.0,1.0,1.0,0.0,1,0,bind
2Wiki,672,Who is the mother of the director of film Citizen Usa: A 50 State Road Trip?,low,0,2,1,1,1.0,1.0,1.0,2,3,0,0.0,0.0,1.0,1.0,-1.0,-1.0,1.0,1.0,0.0,1,0,bind
2Wiki,673,"Who is the father-in-law of Elizabeth Howard, Countess Of Effingham?",low,0,2,1,1,1.0,1.0,1.0,2,4,0,0.0,0.6667,1.0,1.0,-1.0,-0.33330000000000004,1.0,1.0,0.0,1,0,bind
2Wiki,674,"Which film was released more recently, Woman Without A Past or Il Seduttore?",high,1,3,1,1,0.0,0.0,0.0,2,2,0,1.0,1.0,1.0,1.0,0.0,0.0,1.0,1.0,0.0,1,0,abstain
2Wiki,675,Who is the paternal grandfather of Fakhr Al-Dawla?,high,1,3,2,2,5.0,2.5,4.0,2,2,0,0.0,0.0,1.0,1.0,-1.0,-1.0,1.0,1.0,0.0,1,0,bind
2Wiki,676,"Do both films, Stagecoach Express (Film) and Cape Fear (1962 Film), have the directors who are from the same country?",high,1,4,2,1,3.0,1.5,2.0,4,5,0,1.0,1.0,1.0,1.0,0.0,0.0,1.0,1.0,0.0,1,0,bind
2Wiki,677,Where was the place of death of Aleksandr Aleksandrovich Bibikov's father?,low,0,2,1,1,0.0,0.0,0.0,2,1,1,1.0,1.0,0.0,0.0,1.0,1.0,1.0,0.5,0.5,1,0,abstain
2Wiki,678,"Which film has the director who is older than the other, Suzanne'S Career or Vente A Alemania, Pepe?",high,1,4,2,1,2.0,1.0,1.0,4,6,0,1.0,1.0,1.0,1.0,0.0,0.0,1.0,0.75,0.25,1,0,bind
2Wiki,679,"Who is Margaret Fiennes, 11Th Baroness Dacre's paternal grandfather?",low,0,1,0,0,0.0,0.0,0.0,2,5,0,1.0,1.0,1.0,1.0,0.0,0.0,1.0,1.0,0.0,1,0,abstain
2Wiki,680,"Which film was released earlier, Navavadhu or The January Man?",high,1,3,1,1,0.0,0.0,0.0,2,2,0,1.0,1.0,1.0,1.0,0.0,0.0,1.0,1.0,0.0,1,0,abstain
2Wiki,681,"Who is younger, George Cawthray or Michaela Ek?",high,1,3,1,1,0.0,0.0,0.0,2,2,0,1.0,1.0,1.0,1.0,0.0,0.0,1.0,1.0,0.0,1,0,abstain
2Wiki,682,Which country Bảo Long's father is from?,low,0,2,1,1,1.0,1.0,1.0,2,2,0,0.0,0.0,0.0,0.0,0.0,0.0,1.0,1.0,0.0,1,0,bind
2Wiki,683,Where was the place of death of the performer of song All Systems Go (Song)?,low,0,2,1,1,1.0,1.0,1.0,2,4,0,0.0,0.0,0.0,0.0,0.0,0.0,1.0,0.5,0.5,1,0,bind
2Wiki,684,Who is the maternal grandfather of Amaury De Montfort (Died 1241)?,low,0,2,1,1,1.0,1.0,1.0,2,2,0,0.0,0.0,1.0,1.0,-1.0,-1.0,1.0,1.0,0.0,1,0,bind
2Wiki,685,What nationality is the director of film Author! Author! (Film)?,low,0,2,1,1,5.0,5.0,5.0,2,2,0,0.0,0.0,0.0,0.0,0.0,0.0,1.0,1.0,0.0,1,0,bind
2Wiki,686,"Are both St. Mary'S School, Patiala and Apeejay Education Society located in the same country?",high,1,3,1,1,0.0,0.0,0.0,2,4,0,1.0,1.0,1.0,1.0,0.0,0.0,1.0,1.0,0.0,1,0,abstain
2Wiki,687,"Which film has the director born first, Time Out For Rhythm or Night Boat To Dublin?",high,1,4,2,1,2.0,1.0,1.0,4,4,0,1.0,1.0,1.0,1.0,0.0,0.0,1.0,1.0,0.0,1,0,bind
2Wiki,688,"Which film whose director is younger, I Think They Call Him John or Tahaan?",high,1,4,2,1,2.0,1.0,1.0,4,4,0,1.0,1.0,1.0,1.0,0.0,0.0,1.0,1.0,0.0,1,0,bind
2Wiki,689,"Which film has the director born later, Life Hits or It'S In The Air?",high,1,4,2,1,2.0,1.0,1.0,4,3,1,1.0,1.0,1.0,1.0,0.0,0.0,1.0,0.75,0.25,1,0,bind
2Wiki,690,What is the place of birth of Princess Helena Of Nassau's father?,low,0,2,1,1,2.0,2.0,2.0,2,6,0,1.0,1.0,0.0,0.0,1.0,1.0,1.0,0.5,0.5,1,0,bind
2Wiki,691,Where did the director of film Evil Alien Conquerors graduate from?,low,0,2,1,1,1.0,1.0,1.0,2,2,0,1.0,1.0,1.0,1.0,0.0,0.0,1.0,1.0,0.0,1,0,bind
2Wiki,692,Are both The Pledge (Film) and Mother Of George from the same country?,high,1,3,1,1,0.0,0.0,0.0,2,2,0,0.0,0.0,0.0,0.0,0.0,0.0,1.0,1.0,0.0,1,0,abstain
2Wiki,693,Are Moredun Creek and Tuggeranong Creek both located in the same country?,high,1,3,1,1,0.0,0.0,0.0,2,2,0,1.0,1.0,1.0,1.0,0.0,0.0,1.0,1.0,0.0,1,0,abstain
2Wiki,694,"Which film was released earlier, Dead Mine or Witch Story?",high,1,3,1,1,0.0,0.0,0.0,2,2,0,1.0,1.0,1.0,1.0,0.0,0.0,1.0,1.0,0.0,1,0,abstain
2Wiki,695,"Which film was released first, On Body And Soul or Pearl Lust?",high,1,3,1,1,0.0,0.0,0.0,2,2,0,1.0,1.0,1.0,1.0,0.0,0.0,1.0,1.0,0.0,1,0,abstain
2Wiki,696,"Which song was released earlier, Wherever I Lay My Hat (That'S My Home) or Don'T Ya?",high,1,3,2,2,0.0,0.0,0.0,2,2,0,0.0,0.0,1.0,1.0,-1.0,-1.0,0.0,0.5,-0.5,1,0,abstain
2Wiki,697,Which country Nicole Briscoe's husband is from?,low,0,2,1,1,1.0,1.0,1.0,2,2,0,0.0,0.0,0.0,0.0,0.0,0.0,1.0,1.0,0.0,1,0,bind
2Wiki,698,"Which film has the director who is older than the other, Mektoub or Sail A Crooked Ship?",high,1,4,2,1,2.0,1.0,1.0,4,4,0,1.0,1.0,1.0,1.0,0.0,0.0,1.0,0.75,0.25,1,0,bind
2Wiki,699,Who is Jan Iii Of Oświęcim's paternal grandfather?,high,1,3,2,2,8.0,4.0,5.0,2,3,0,1.0,1.0,1.0,1.0,0.0,0.0,1.0,0.5,0.5,1,0,bind
2Wiki,700,Where was the husband of Jeanne Raunay born?,low,0,2,1,1,1.0,1.0,1.0,2,2,0,1.0,1.0,1.0,1.0,0.0,0.0,1.0,1.0,0.0,1,0,bind
2Wiki,701,Who is Frederick Dickens's father?,low,0,1,0,0,0.0,0.0,0.0,2,1,1,1.0,1.0,0.0,0.6666666666666666,1.0,0.33333333333333337,1.0,0.5,0.5,1,0,abstain
2Wiki,702,"Who was born later, Peter Samuel George Mackenzie or Josip Petrov Babich?",high,1,3,1,1,0.0,0.0,0.0,2,2,0,1.0,1.0,1.0,1.0,0.0,0.0,1.0,1.0,0.0,1,0,abstain
2Wiki,703,"Are both villages, Mavrolithari and Ampelakia, Evros, located in the same country?",high,1,3,1,1,0.0,0.0,0.0,2,2,0,1.0,1.0,1.0,1.0,0.0,0.0,1.0,1.0,0.0,1,0,abstain
2Wiki,704,"Which film whose director was born first, Return To Return To Nuke 'Em High Aka Volume 2 or Zameen (2003 Film)?",high,1,4,2,1,3.0,1.5,2.0,4,2,1,1.0,1.0,0.0,0.888888888888889,1.0,0.11111111111111105,0.75,0.5,0.25,1,0,bind
2Wiki,705,"Which film has the director who was born later, Caresses or Satiricosissimo?",high,1,4,2,1,3.0,1.5,2.0,4,4,0,1.0,1.0,1.0,1.0,0.0,0.0,0.75,1.0,-0.25,1,0,bind
2Wiki,706,"Which film has the director born later, Jingle All The Way or Pinocchio'S Revenge?",high,1,4,2,1,2.0,1.0,1.0,4,4,0,1.0,1.0,1.0,1.0,0.0,0.0,1.0,1.0,0.0,1,0,bind
2Wiki,707,Are the directors of films (Romance) In The Digital Age and Les Misérables (1917 Film) both from the same country?,high,1,4,2,1,2.0,1.0,1.0,4,3,1,0.0,0.0,0.0,0.0,0.0,0.0,1.0,0.75,0.25,1,0,bind
2Wiki,708,"Which film has the director who is older than the other, Women'S Weapons or She Wants Me?",high,1,4,2,1,2.0,1.0,1.0,4,2,1,1.0,1.0,0.0,0.0,1.0,1.0,1.0,0.5,0.5,1,0,bind
2Wiki,709,"Which film was released more recently, Mystify: Michael Hutchence or The Man On The Roof?",high,1,3,1,1,0.0,0.0,0.0,2,2,0,1.0,1.0,1.0,1.0,0.0,0.0,1.0,1.0,0.0,1,0,abstain
2Wiki,710,Who is the father-in-law of Lady Rose Mclaren?,high,1,3,2,2,5.0,2.5,5.0,2,2,0,0.0,0.0,0.0,0.5714285714285715,0.0,-0.5714285714285715,0.5,1.0,-0.5,1,0,bind
2Wiki,711,What is the place of birth of the director of film Secret Service Of The Air?,low,0,2,1,1,1.0,1.0,1.0,2,2,0,0.0,0.6667,0.0,0.6666666666666666,0.0,3.333333333332966e-05,1.0,1.0,0.0,1,0,bind
2Wiki,712,"Which film has the director died first, Raiders Of Red Gap or A Day Of Fury?",high,1,4,2,1,2.0,1.0,1.0,4,4,0,1.0,1.0,0.0,0.0,1.0,1.0,1.0,0.75,0.25,1,0,bind
2Wiki,713,Where was the wife of Alfred L. Copley born?,low,0,2,1,1,1.0,1.0,1.0,2,2,0,0.0,0.6667,0.0,0.6666666666666666,0.0,3.333333333332966e-05,1.0,1.0,0.0,1,0,bind
2Wiki,714,"Which film was released more recently, Shravana Banthu or Hitler'S Folly?",high,1,3,1,1,0.0,0.0,0.0,2,2,0,1.0,1.0,1.0,1.0,0.0,0.0,1.0,1.0,0.0,1,0,abstain
2Wiki,715,"Which film has the director died later, Too Tough To Kill or Jhoothi?",high,1,4,2,1,1.0,0.5,1.0,4,4,0,1.0,1.0,1.0,1.0,0.0,0.0,0.75,0.75,0.0,1,0,bind
2Wiki,716,"Which film has the director born later, Four For Venice or Gypped In The Penthouse?",high,1,4,2,1,3.0,1.5,2.0,4,3,1,1.0,1.0,1.0,1.0,0.0,0.0,0.75,0.75,0.0,1,0,bind
2Wiki,717,"Who lived longer, Theodore Mcmillian or Hillel Slovak?",high,1,3,1,1,0.0,0.0,0.0,2,2,0,1.0,1.0,1.0,1.0,0.0,0.0,1.0,1.0,0.0,1,0,abstain
2Wiki,718,"Who was born later, Mickey Hart or Tony Owen?",high,1,3,1,1,0.0,0.0,0.0,2,2,0,1.0,1.0,1.0,1.0,0.0,0.0,1.0,1.0,0.0,1,0,abstain
2Wiki,719,Where was the director of film The Strange Case Of Mary Page born?,low,0,2,1,1,1.0,1.0,1.0,2,2,0,1.0,1.0,1.0,1.0,0.0,0.0,1.0,1.0,0.0,1,0,bind
2Wiki,720,When was Prince Paul Of Thurn And Taxis's father born?,low,0,2,1,1,3.0,3.0,3.0,2,2,0,1.0,1.0,1.0,1.0,0.0,0.0,1.0,1.0,0.0,1,0,bind
2Wiki,721,What nationality is the director of film Two For Texas?,low,0,2,1,1,1.0,1.0,1.0,2,2,0,0.0,0.0,0.0,0.0,0.0,0.0,1.0,1.0,0.0,1,0,bind
2Wiki,722,Where was the director of film Thomas Jefferson (Film) born?,low,0,2,1,1,1.0,1.0,1.0,2,2,0,0.0,0.0,0.0,0.0,0.0,0.0,1.0,1.0,0.0,1,0,bind
2Wiki,723,Where was the husband of Serena Evans born?,low,0,2,1,1,1.0,1.0,1.0,2,2,0,1.0,1.0,0.0,0.0,1.0,1.0,1.0,0.5,0.5,1,0,bind
2Wiki,724,Do director of film An Ideal Woman and director of film Goodbye Emmanuelle share the same nationality?,high,1,4,2,1,2.0,1.0,1.0,4,3,1,1.0,1.0,1.0,1.0,0.0,0.0,1.0,0.75,0.25,1,0,bind
2Wiki,725,"Which magazine was founded first, Racing Toward Diversity or Lo Scolaro?",high,1,3,1,1,0.0,0.0,0.0,2,2,0,1.0,1.0,1.0,1.0,0.0,0.0,1.0,1.0,0.0,1,0,abstain
2Wiki,726,Do both directors of films The Measure Of All Things and The Time Of Your Life (Film) share the same nationality?,high,1,4,2,1,2.0,1.0,1.0,4,3,1,1.0,1.0,0.0,0.0,1.0,1.0,1.0,0.75,0.25,1,0,bind
2Wiki,727,When did Margaret Verney's father die?,low,0,2,1,1,1.0,1.0,1.0,2,2,0,1.0,1.0,1.0,1.0,0.0,0.0,1.0,1.0,0.0,1,0,bind
2Wiki,728,Who is Eochu Uairches's paternal grandfather?,high,1,3,2,2,5.0,2.5,4.0,2,3,0,1.0,1.0,0.0,0.0,1.0,1.0,1.0,0.5,0.5,1,0,bind
2Wiki,729,Are Robin Lynn Macy and Kawaipuna Prejean of the same nationality?,high,1,3,1,1,0.0,0.0,0.0,2,2,0,0.0,0.0,0.0,0.0,0.0,0.0,1.0,1.0,0.0,1,0,abstain
2Wiki,730,What nationality is the performer of song Gone Fishin' (Song)?,low,0,2,1,1,2.0,2.0,2.0,2,2,0,0.0,0.0,0.0,0.0,0.0,0.0,1.0,1.0,0.0,1,0,bind
2Wiki,731,Where was the place of death of the director of film Gold And The Woman?,low,0,2,1,1,1.0,1.0,1.0,2,2,0,0.0,0.6667,0.0,0.6666666666666666,0.0,3.333333333332966e-05,1.0,1.0,0.0,1,0,bind
2Wiki,732,"Which film has the director who died earlier, A Doctor'S Diary or Wild Rovers?",high,1,4,2,1,5.0,2.5,3.0,4,4,0,1.0,1.0,1.0,1.0,0.0,0.0,0.75,1.0,-0.25,1,0,bind
2Wiki,733,"Who is younger, Alfred Staines or George Sidney?",high,1,3,1,1,0.0,0.0,0.0,2,2,0,1.0,1.0,1.0,1.0,0.0,0.0,1.0,1.0,0.0,1,0,abstain
2Wiki,734,What is the date of death of Madhavrao Ii's father?,low,0,2,1,1,1.0,1.0,1.0,2,2,0,1.0,1.0,1.0,1.0,0.0,0.0,1.0,1.0,0.0,1,0,bind
2Wiki,735,"Which film whose director is younger, Chased By The Dogs or The Demise Of Herman Durer?",high,1,4,2,1,2.0,1.0,1.0,4,3,1,1.0,1.0,0.0,0.0,1.0,1.0,1.0,0.75,0.25,1,0,bind
2Wiki,736,"Which album was released earlier, Freedom For The Stallion or In The Maybe World?",high,1,3,1,1,0.0,0.0,0.0,2,2,0,1.0,1.0,1.0,1.0,0.0,0.0,1.0,1.0,0.0,1,0,abstain
2Wiki,737,"Where did John Ii, Duke Of Cleves's wife die?",low,0,2,1,1,0.0,0.0,0.0,2,2,0,0.0,0.0,0.0,0.0,0.0,0.0,0.5,0.5,0.0,1,0,abstain
2Wiki,738,"When was Godfrey I, Count Of Verdun's mother born?",low,0,2,1,1,1.0,1.0,1.0,2,2,0,1.0,1.0,1.0,1.0,0.0,0.0,1.0,1.0,0.0,1,0,bind
2Wiki,739,"Who is younger, Amir Temraz or Sophie Ingle?",high,1,3,1,1,0.0,0.0,0.0,2,2,0,1.0,1.0,1.0,1.0,0.0,0.0,1.0,1.0,0.0,1,0,abstain
2Wiki,740,"Which film came out earlier, Return Of The Jedi or China Bound?",high,1,3,1,1,0.0,0.0,0.0,2,2,0,1.0,1.0,1.0,1.0,0.0,0.0,1.0,1.0,0.0,1,0,abstain
2Wiki,741,When did Eduardo Frei Ruiz-Tagle's father die?,low,0,2,1,1,1.0,1.0,1.0,2,2,0,0.0,0.5,0.0,0.5,0.0,0.0,1.0,1.0,0.0,1,0,bind
2Wiki,742,"Which film has the director who died earlier, Toen 'T Licht Verdween or Boum Sur Paris?",high,1,4,2,1,6.0,3.0,4.0,4,2,1,1.0,1.0,1.0,1.0,0.0,0.0,0.75,0.5,0.25,1,0,bind
2Wiki,743,"Who is the paternal grandfather of Prince Charles Louis, Duke Of Chartres?",high,1,3,2,2,6.0,3.0,5.0,2,2,0,1.0,1.0,1.0,1.0,0.0,0.0,1.0,1.0,0.0,1,0,bind
2Wiki,744,"Who was born first, János Damjanich or Bertram J. Rodgers?",high,1,3,1,1,0.0,0.0,0.0,2,2,0,1.0,1.0,1.0,1.0,0.0,0.0,1.0,1.0,0.0,1,0,abstain
2Wiki,745,Who is the father of the director of film Someone I Loved?,low,0,2,1,1,1.0,1.0,1.0,2,2,0,1.0,1.0,1.0,1.0,0.0,0.0,1.0,1.0,0.0,1,0,bind
2Wiki,746,"Which film has the director died later, Darkened Rooms or Future Zone?",high,1,4,2,1,3.0,1.5,2.0,4,4,0,1.0,1.0,1.0,1.0,0.0,0.0,1.0,0.75,0.25,1,0,bind
2Wiki,747,Which country the director of film Hardcase (1972 Film) is from?,low,0,2,1,1,3.0,3.0,3.0,2,2,0,0.0,0.0,0.0,0.0,0.0,0.0,1.0,1.0,0.0,1,0,bind
2Wiki,748,Where was the place of burial of the director of film New World (1995 Film)?,low,0,2,1,1,3.0,3.0,3.0,2,2,0,1.0,1.0,1.0,1.0,0.0,0.0,1.0,1.0,0.0,1,0,bind
2Wiki,749,Where did the director of film The Eagle'S Eye study?,low,0,2,1,1,1.0,1.0,1.0,2,2,0,0.0,0.6667,0.0,0.6666666666666666,0.0,3.333333333332966e-05,1.0,1.0,0.0,1,0,bind
2Wiki,750,Where was the place of death of Flavia Domitilla (Saint)'s husband?,low,0,2,1,1,1.0,1.0,1.0,2,3,0,0.0,0.0,0.0,0.0,0.0,0.0,1.0,1.0,0.0,1,0,bind
2Wiki,751,"Who was born first, Jeanne Mandello or Alexander Herrmann?",high,1,3,1,1,0.0,0.0,0.0,2,2,0,1.0,1.0,1.0,1.0,0.0,0.0,1.0,1.0,0.0,1,0,abstain
2Wiki,752,Where does the director of film Team America: World Police work at?,low,0,2,1,1,1.0,1.0,1.0,2,2,0,0.0,0.0,0.0,0.0,0.0,0.0,1.0,1.0,0.0,1,0,bind
2Wiki,753,"Who was born earlier, Anthony Scott Burns or Oskar Drobne?",high,1,3,1,1,0.0,0.0,0.0,2,2,0,1.0,1.0,1.0,1.0,0.0,0.0,1.0,1.0,0.0,1,0,abstain
2Wiki,754,When did Marzuban Ibn Muhammad's father die?,low,0,2,1,1,1.0,1.0,1.0,2,2,0,0.0,0.0,0.0,0.6666666666666666,0.0,-0.6666666666666666,0.5,1.0,-0.5,1,0,bind
2Wiki,755,"Which film has the director who was born later, Navy Nurse or The Face In The Fog?",high,1,4,2,1,3.0,1.5,2.0,4,4,0,1.0,1.0,1.0,1.0,0.0,0.0,0.75,0.75,0.0,1,0,bind
2Wiki,756,"Which film whose director was born first, Meri Jung or La Fille Du Torrent?",high,1,4,2,1,2.0,1.0,1.0,4,2,1,1.0,1.0,1.0,1.0,0.0,0.0,1.0,0.5,0.5,1,0,bind
2Wiki,757,Do both directors of films Júdás and The Wilby Conspiracy share the same nationality?,high,1,4,2,1,3.0,1.5,2.0,4,3,1,0.0,0.0,0.0,0.0,0.0,0.0,1.0,0.5,0.5,1,0,bind
2Wiki,758,Where did Ștefan I. Nenițescu's father study?,low,0,2,1,1,1.0,1.0,1.0,2,2,0,1.0,1.0,1.0,1.0,0.0,0.0,1.0,1.0,0.0,1,0,bind
2Wiki,759,Where did Binyamin Ze'Ev Kahane's father die?,low,0,2,1,1,0.0,0.0,0.0,2,2,0,0.0,0.0,0.0,0.0,0.0,0.0,1.0,1.0,0.0,1,0,abstain
2Wiki,760,Who is the father of Emperor Taizong Of Song?,low,0,1,0,0,0.0,0.0,0.0,2,2,0,1.0,1.0,1.0,1.0,0.0,0.0,1.0,1.0,0.0,1,0,abstain
2Wiki,761,"Did the movies Junior Army and Live At The Rainbow '74, originate from the same country?",high,1,3,1,1,0.0,0.0,0.0,2,2,0,1.0,1.0,1.0,1.0,0.0,0.0,1.0,1.0,0.0,1,0,abstain
2Wiki,762,Where did the composer of song The Queen Of Spades (Prokofiev) graduate from?,low,0,2,1,1,1.0,1.0,1.0,2,2,0,1.0,1.0,1.0,1.0,0.0,0.0,1.0,0.5,0.5,1,0,bind
2Wiki,763,"Who was born earlier, Marius Mapou or Ademilson Silva Marques?",high,1,3,1,1,0.0,0.0,0.0,2,2,0,1.0,1.0,1.0,1.0,0.0,0.0,1.0,1.0,0.0,1,0,abstain
2Wiki,764,"Are the movies The Brand New Testament and The Boss Of Rustler'S Roost, from the same country?",high,1,3,1,1,0.0,0.0,0.0,2,2,0,1.0,1.0,1.0,1.0,0.0,0.0,1.0,1.0,0.0,1,0,abstain
2Wiki,765,"Who died first, Léopold Demers or Charles Herbert Little?",high,1,3,1,1,0.0,0.0,0.0,2,2,0,1.0,1.0,1.0,1.0,0.0,0.0,1.0,1.0,0.0,1,0,abstain
2Wiki,766,"Who is the paternal grandfather of Bernhard Iv, Prince Of Anhalt-Bernburg?",high,1,3,2,2,9.0,4.5,5.0,2,12,0,1.0,1.0,0.0,0.5714285714285715,1.0,0.4285714285714285,1.0,1.0,0.0,1,0,bind
2Wiki,767,Where was the father of Lord Patrick Crichton-Stuart born?,low,0,2,1,1,1.0,1.0,1.0,2,2,0,1.0,1.0,1.0,1.0,0.0,0.0,1.0,1.0,0.0,1,0,bind
2Wiki,768,What is the place of birth of the director of film Rufus Jones For President?,low,0,2,1,1,1.0,1.0,1.0,2,2,0,1.0,1.0,1.0,1.0,0.0,0.0,1.0,1.0,0.0,1,0,bind
2Wiki,769,"Which film has the director who was born later, It'S A Bikini World or A Moment Of Romance?",high,1,4,2,1,4.0,2.0,3.0,4,3,1,0.0,0.0,1.0,1.0,-1.0,-1.0,0.75,0.75,0.0,1,0,bind
2Wiki,770,Who is Fernando Bermúdez De Cea's uncle?,high,1,3,2,2,1.0,0.5,1.0,2,2,0,1.0,1.0,0.0,0.0,1.0,1.0,1.0,1.0,0.0,1,0,bind
2Wiki,771,Did Julio Nudler and Cristian Bordacahar have the same nationality?,high,1,3,1,1,0.0,0.0,0.0,2,2,0,1.0,1.0,1.0,1.0,0.0,0.0,1.0,1.0,0.0,1,0,abstain
2Wiki,772,Was Manuel Díaz Rodríguez or Mona Tyndall born first?,high,1,3,1,1,1.0,1.0,1.0,2,2,0,1.0,1.0,1.0,1.0,0.0,0.0,1.0,1.0,0.0,1,0,bind
2Wiki,773,Were Jimmy Santiago Baca and Duane Armstrong from the same country?,high,1,3,1,1,0.0,0.0,0.0,2,2,0,1.0,1.0,1.0,1.0,0.0,0.0,1.0,1.0,0.0,1,0,abstain
2Wiki,774,"Which film has the director who was born earlier, Spy Of Napoleon or Song Of Dolores?",high,1,4,2,1,3.0,1.5,2.0,4,4,0,1.0,1.0,1.0,1.0,0.0,0.0,1.0,1.0,0.0,1,0,bind
2Wiki,775,Where was the composer of film Mask In Blue (1953 Film) born?,low,0,2,1,1,3.0,3.0,3.0,2,2,0,1.0,1.0,1.0,1.0,0.0,0.0,1.0,1.0,0.0,1,0,bind
2Wiki,776,Where was the director of film Doctor Krishna born?,low,0,2,1,1,1.0,1.0,1.0,2,2,0,0.0,0.0,0.0,0.0,0.0,0.0,1.0,1.0,0.0,1,0,bind
2Wiki,777,"Which film has the director born first, A.P.E.X. or Quax In Africa?",high,1,4,2,1,4.0,2.0,2.0,4,4,0,1.0,1.0,1.0,1.0,0.0,0.0,0.75,1.0,-0.25,1,0,bind
2Wiki,778,"Who is older, Kevin Hennessy or Emilia Bayer?",high,1,3,1,1,0.0,0.0,0.0,2,2,0,1.0,1.0,1.0,1.0,0.0,0.0,1.0,1.0,0.0,1,0,abstain
2Wiki,779,Where was the director of film The Poll Diaries born?,low,0,2,1,1,4.0,4.0,4.0,2,2,0,1.0,1.0,1.0,1.0,0.0,0.0,1.0,1.0,0.0,1,0,bind
2Wiki,780,What is the place of birth of Richard Socarides's father?,low,0,2,1,1,0.0,0.0,0.0,2,1,1,0.0,0.0,0.0,0.0,0.0,0.0,0.5,0.5,0.0,1,0,abstain
2Wiki,781,"Which film has the director who was born earlier, Pod Banderą Miłości or World In My Corner?",high,1,4,2,1,2.0,1.0,1.0,4,2,1,1.0,1.0,0.0,0.0,1.0,1.0,1.0,0.5,0.5,1,0,bind
2Wiki,782,"Which film was released more recently, Oss 117 – Double Agent or A Man On His Knees?",high,1,3,1,1,0.0,0.0,0.0,2,2,0,1.0,1.0,1.0,1.0,0.0,0.0,1.0,1.0,0.0,1,0,abstain
2Wiki,783,"Which film has the director died earlier, Johnny-On-The-Spot or Bedtime With Rosie?",high,1,4,2,1,4.0,2.0,3.0,4,5,0,1.0,1.0,0.0,0.0,1.0,1.0,1.0,1.0,0.0,1,0,bind
2Wiki,784,"Who is John, Count Of Brienne's paternal grandmother?",low,0,2,1,1,5.0,5.0,5.0,2,2,0,0.0,0.0,0.0,0.3333333333333333,0.0,-0.3333333333333333,0.5,0.5,0.0,1,0,bind
2Wiki,785,Where was the place of death of Cyril Holland's father?,low,0,2,1,1,1.0,1.0,1.0,2,2,0,0.0,0.0,0.0,0.0,0.0,0.0,1.0,1.0,0.0,1,0,bind
2Wiki,786,"Which film was released earlier, Man'S Search For Happiness or Tell It To The Bees?",high,1,3,1,1,0.0,0.0,0.0,2,2,0,1.0,1.0,1.0,1.0,0.0,0.0,1.0,1.0,0.0,1,0,abstain
2Wiki,787,"Which film whose director was born first, Bhaji On The Beach or Bugsy?",high,1,4,2,1,2.0,1.0,1.0,4,3,1,1.0,1.0,1.0,1.0,0.0,0.0,1.0,0.75,0.25,1,0,bind
2Wiki,788,"Which film has the director who is older than the other, The Galloping Kid or Parachute Nurse?",high,1,4,2,1,3.0,1.5,2.0,4,4,0,0.0,0.0,0.0,0.0,0.0,0.0,1.0,1.0,0.0,1,0,bind
2Wiki,789,Are both Magnificent Brute and A Time Of Destiny from the same country?,high,1,3,1,1,0.0,0.0,0.0,2,3,0,0.0,0.0,1.0,1.0,-1.0,-1.0,0.5,1.0,-0.5,1,0,abstain
2Wiki,790,Where was the place of death of Bess Taffel's husband?,low,0,2,1,1,1.0,1.0,1.0,2,2,0,1.0,1.0,1.0,1.0,0.0,0.0,1.0,1.0,0.0,1,0,bind
2Wiki,791,What nationality is the director of film A Dog'S Purpose (Film)?,low,0,2,1,1,1.0,1.0,1.0,2,2,0,1.0,1.0,1.0,1.0,0.0,0.0,1.0,1.0,0.0,1,0,bind
2Wiki,792,"Which film has the director who was born later, Alludugaru or The Laughing Woman?",high,1,4,2,1,2.0,1.0,1.0,4,2,1,1.0,1.0,0.0,0.0,1.0,1.0,1.0,0.5,0.5,1,0,bind
2Wiki,793,Where was the place of burial of Sultan Cem's father?,low,0,2,1,1,1.0,1.0,1.0,2,3,0,0.0,0.5,0.0,0.0,0.0,0.5,0.5,0.5,0.0,1,0,bind
2Wiki,794,Who was born first out of Erick Chipeta and Praveen Agrawal?,high,1,3,1,1,0.0,0.0,0.0,2,2,0,1.0,1.0,1.0,1.0,0.0,0.0,1.0,1.0,0.0,1,0,abstain
2Wiki,795,"Which film whose director was born first, Apasionadamente or The Blue Bead?",high,1,4,2,1,3.0,1.5,2.0,4,3,1,1.0,1.0,1.0,1.0,0.0,0.0,1.0,0.75,0.25,1,0,bind
2Wiki,796,"Which film whose director is younger, Kalippava or A Couch In New York?",high,1,4,2,1,3.0,1.5,2.0,4,2,1,1.0,1.0,1.0,1.0,0.0,0.0,1.0,0.5,0.5,1,0,bind
2Wiki,797,Which award the performer of song See The Usa In Your Chevrolet received?,low,0,2,1,1,1.0,1.0,1.0,2,3,0,0.0,0.0,0.0,0.0,0.0,0.0,1.0,0.5,0.5,1,0,bind
2Wiki,798,Where was the place of death of the director of film A Rare Bird?,low,0,2,1,1,1.0,1.0,1.0,2,2,0,1.0,1.0,1.0,1.0,0.0,0.0,1.0,1.0,0.0,1,0,bind
2Wiki,799,Are Victoria Winter and Jon Sullivan of the same nationality?,high,1,3,1,1,0.0,0.0,0.0,2,3,0,1.0,1.0,0.0,0.0,1.0,1.0,1.0,1.0,0.0,1,0,abstain
2Wiki,800,What is the place of birth of the director of film Preston Tylk?,low,0,2,1,1,1.0,1.0,1.0,2,2,0,0.0,0.0,0.0,0.0,0.0,0.0,1.0,0.5,0.5,1,0,bind
2Wiki,801,"Which film whose director was born first, The Last Paradises: On The Track Of Rare Animals or Waterlily Jaguar?",high,1,4,2,1,2.0,1.0,1.0,4,2,1,1.0,1.0,1.0,1.0,0.0,0.0,1.0,0.5,0.5,1,0,bind
2Wiki,802,What is the award that the performer of song Little More (Royalty) got?,low,0,2,1,1,1.0,1.0,1.0,2,3,0,0.0,0.5,0.0,0.5,0.0,0.0,1.0,0.5,0.5,1,0,bind
2Wiki,803,"Which film has the director who was born later, Sylvie Et Le Fantôme or Sky Patrol?",high,1,4,2,1,2.0,1.0,1.0,4,2,1,1.0,1.0,0.0,0.0,1.0,1.0,1.0,0.5,0.5,1,0,bind
2Wiki,804,"Which film has the director who is older, Angel On The Amazon or The Small World Of Sammy Lee?",high,1,4,2,1,2.0,1.0,1.0,4,4,0,1.0,1.0,1.0,1.0,0.0,0.0,1.0,1.0,0.0,1,0,bind
2Wiki,805,Who is the paternal grandfather of George Tupou V?,high,1,3,2,2,5.0,2.5,4.0,2,3,0,0.0,0.8571,0.0,0.8571428571428571,0.0,-4.285714285712228e-05,1.0,1.0,0.0,1,0,bind
2Wiki,806,"Which film came out earlier, Just Friends or Enkeyo Ketta Kural?",high,1,3,1,1,0.0,0.0,0.0,2,3,0,1.0,1.0,1.0,1.0,0.0,0.0,1.0,1.0,0.0,1,0,abstain
2Wiki,807,"Which film has the director who died later, Airport 1975 or The Mad Doctor Of Blood Island?",high,1,4,2,1,2.0,1.0,1.0,4,4,0,1.0,1.0,1.0,1.0,0.0,0.0,1.0,0.75,0.25,1,0,bind
2Wiki,808,Where did Fedor Frešo's father die?,low,0,2,1,1,1.0,1.0,1.0,2,2,0,1.0,1.0,1.0,1.0,0.0,0.0,1.0,1.0,0.0,1,0,bind
2Wiki,809,"Are the movies Amy (2015 Film) and Manhattan Angel, from the same country?",high,1,3,1,1,0.0,0.0,0.0,2,2,0,0.0,0.0,1.0,1.0,-1.0,-1.0,0.0,1.0,-1.0,1,0,abstain
2Wiki,810,Which country the director of film A Man Called Hero is from?,low,0,2,1,1,1.0,1.0,1.0,2,2,0,0.0,0.0,0.0,0.0,0.0,0.0,1.0,1.0,0.0,1,0,bind
2Wiki,811,Where did Sigrid Sture's father die?,low,0,2,1,1,2.0,2.0,2.0,2,2,0,0.0,0.6667,0.0,0.6666666666666666,0.0,3.333333333332966e-05,1.0,1.0,0.0,1,0,bind
2Wiki,812,Who is the spouse of the composer of song Know Bout Me?,low,0,2,1,1,0.0,0.0,0.0,2,2,0,0.0,0.0,0.0,0.0,0.0,0.0,0.5,1.0,-0.5,1,0,abstain
2Wiki,813,"What is the date of death of Elizabeth Capell, Countess Of Essex (1704-1784)'s father?",low,0,2,1,1,2.0,2.0,2.0,2,2,0,1.0,1.0,1.0,1.0,0.0,0.0,1.0,1.0,0.0,1,0,bind
2Wiki,814,"Which film has the director who was born earlier, The Appeal To Conscience or Pretty Persuasion?",high,1,4,2,1,3.0,1.5,2.0,4,2,1,1.0,1.0,1.0,1.0,0.0,0.0,1.0,0.5,0.5,1,0,bind
2Wiki,815,Where was the place of death of the composer of song Love Is Here To Stay?,low,0,2,1,1,1.0,1.0,1.0,2,2,0,0.0,0.0,0.0,0.0,0.0,0.0,1.0,1.0,0.0,1,0,bind
2Wiki,816,Who is Anne Gust Brown's father-in-law?,high,1,3,2,2,3.0,1.5,2.0,2,2,0,1.0,1.0,1.0,1.0,0.0,0.0,1.0,1.0,0.0,1,0,bind
2Wiki,817,Where did the composer of film Nighthawks (1981 Film) die?,low,0,2,1,1,4.0,4.0,4.0,2,2,0,1.0,1.0,1.0,1.0,0.0,0.0,1.0,1.0,0.0,1,0,bind
2Wiki,818,Where was the composer of film Three Waltzes born?,low,0,2,1,1,3.0,3.0,3.0,2,2,0,0.0,0.0,0.0,0.0,0.0,0.0,1.0,1.0,0.0,1,0,bind
2Wiki,819,"Which album was released more recently, Veliki Prezir (Album) or Everything Remains (As It Never Was)?",high,1,3,2,2,8.0,4.0,4.0,2,5,0,1.0,1.0,1.0,1.0,0.0,0.0,1.0,1.0,0.0,1,0,bind
2Wiki,820,"Who is Thomas Stafford, 3Rd Earl Of Stafford's father?",low,0,2,1,1,1.0,1.0,1.0,2,3,0,0.0,0.6,0.0,0.923076923076923,0.0,-0.32307692307692304,1.0,1.0,0.0,1,0,bind
2Wiki,821,Who is the spouse of the director of film The Invisible Menace?,low,0,2,1,1,0.0,0.0,0.0,2,2,0,0.0,0.0,0.0,0.0,0.0,0.0,0.5,0.5,0.0,1,0,abstain
2Wiki,822,"Which film has the director died later, Rosaura At 10 O'Clock or Uncle'S New Blazer?",high,1,4,2,1,1.0,0.5,1.0,4,14,0,1.0,1.0,1.0,1.0,0.0,0.0,0.75,0.5,0.25,1,0,bind
2Wiki,823,"Who is James Lyon, 7Th Earl Of Strathmore And Kinghorne's paternal grandfather?",low,0,2,1,1,2.0,2.0,2.0,2,4,0,1.0,1.0,1.0,1.0,0.0,0.0,1.0,1.0,0.0,1,0,bind
2Wiki,824,Which country Aristarete's father is from?,low,0,2,1,1,1.0,1.0,1.0,2,2,0,0.0,0.0,0.0,0.0,0.0,0.0,1.0,1.0,0.0,1,0,bind
2Wiki,825,"Which film was released more recently, Bollywood Dream or Pretty Persuasion?",high,1,3,1,1,0.0,0.0,0.0,2,2,0,1.0,1.0,1.0,1.0,0.0,0.0,1.0,1.0,0.0,1,0,abstain
2Wiki,826,"What is the date of birth of John I, Duke Of Brunswick-Grubenhagen's mother?",low,0,2,1,1,1.0,1.0,1.0,2,2,0,0.0,0.6667,0.0,0.6666666666666666,0.0,3.333333333332966e-05,1.0,1.0,0.0,1,0,bind
2Wiki,827,What is the place of birth of the performer of song That'S When Your Heartaches Begin?,low,0,2,1,1,1.0,1.0,1.0,2,2,0,1.0,1.0,1.0,1.0,0.0,0.0,1.0,1.0,0.0,1,0,bind
2Wiki,828,Where was the place of death of Licinia Eudoxia's father?,low,0,2,1,1,1.0,1.0,1.0,2,2,0,1.0,1.0,1.0,1.0,0.0,0.0,1.0,1.0,0.0,1,0,bind
2Wiki,829,"Which film has the director who died earlier, How Dark The Nights Are On The Black Sea or La Carapate?",high,1,4,2,1,3.0,1.5,2.0,4,4,0,0.0,0.0,1.0,1.0,-1.0,-1.0,1.0,1.0,0.0,1,0,bind
2Wiki,830,"Who was born later, Guiomar Novaes or Abdul Nasser Al-Sayegh?",high,1,3,1,1,0.0,0.0,0.0,2,2,0,1.0,1.0,1.0,1.0,0.0,0.0,1.0,1.0,0.0,1,0,abstain
2Wiki,831,"Which film whose director is younger, Keep 'Em Rolling or Balipeetam?",high,1,4,2,1,2.0,1.0,1.0,4,2,1,1.0,1.0,1.0,1.0,0.0,0.0,1.0,0.5,0.5,1,0,bind
2Wiki,832,Where was the composer of song The Trail Of The Lonesome Pine (Song) born?,low,0,2,1,1,3.0,3.0,3.0,2,3,0,1.0,1.0,1.0,1.0,0.0,0.0,1.0,1.0,0.0,1,0,bind
2Wiki,833,"Which film has the director who was born earlier, Day Of The Cobra or Time Of Roses?",high,1,4,2,1,2.0,1.0,1.0,4,3,1,1.0,1.0,0.0,0.3333333333333333,1.0,0.6666666666666667,1.0,0.75,0.25,1,0,bind
2Wiki,834,"Which film whose director is younger, My Baby'S Daddy or A Tale Of Winter?",high,1,4,2,1,2.0,1.0,1.0,4,2,1,1.0,1.0,1.0,1.0,0.0,0.0,1.0,0.5,0.5,1,0,bind
2Wiki,835,Where was the place of burial of Li Sujie's father?,low,0,2,1,1,2.0,2.0,2.0,2,1,1,1.0,1.0,1.0,1.0,0.0,0.0,1.0,0.5,0.5,1,0,bind
2Wiki,836,"Which film has the director who died first, Three Violent People or Girls In White?",high,1,4,2,1,4.0,2.0,2.0,4,4,0,1.0,1.0,1.0,1.0,0.0,0.0,0.75,1.0,-0.25,1,0,bind
2Wiki,837,When did Lord George Scott's father die?,low,0,2,1,1,1.0,1.0,1.0,2,3,0,1.0,1.0,0.0,0.0,1.0,1.0,1.0,0.5,0.5,1,0,bind
2Wiki,838,"Which film has the director died earlier, The Mark Of The Renegade or Muchachas Que Estudian?",high,1,4,2,1,2.0,1.0,1.0,4,2,1,1.0,1.0,0.0,0.0,1.0,1.0,1.0,0.5,0.5,1,0,bind
2Wiki,839,Who is Rani Mukerji's father-in-law?,high,1,3,2,2,4.0,2.0,4.0,2,2,0,0.0,0.0,0.0,0.0,0.0,0.0,0.5,0.5,0.0,1,0,bind
2Wiki,840,"Which film was released first, The Pirate'S Dream or Prem Mhanje Prem Mhanje Prem Asta?",high,1,3,1,1,0.0,0.0,0.0,2,2,0,1.0,1.0,1.0,1.0,0.0,0.0,1.0,1.0,0.0,1,0,abstain
2Wiki,841,"Where was the place of burial of Maria Of Austria, Duchess Of Jülich-Cleves-Berg's husband?",low,0,2,1,1,1.0,1.0,1.0,2,2,0,0.0,0.0,1.0,1.0,-1.0,-1.0,1.0,1.0,0.0,1,0,bind
2Wiki,842,"Which film whose director is younger, Golmaal Again or Ma Femme S'Appelle Maurice?",high,1,4,2,1,2.0,1.0,1.0,4,6,0,1.0,1.0,1.0,1.0,0.0,0.0,1.0,1.0,0.0,1,0,bind
2Wiki,843,"Which film came out earlier, Codename Coq Rouge or A Matter Of Resistance?",high,1,3,1,1,0.0,0.0,0.0,2,2,0,1.0,1.0,1.0,1.0,0.0,0.0,1.0,1.0,0.0,1,0,abstain
2Wiki,844,Where did the director of film White Rabbit (Film) graduate from?,low,0,2,1,1,3.0,3.0,3.0,2,2,0,1.0,1.0,1.0,1.0,0.0,0.0,1.0,1.0,0.0,1,0,bind
2Wiki,845,"Who was born later, Lakutis or Jeff Fabry?",high,1,3,1,1,0.0,0.0,0.0,2,2,0,1.0,1.0,1.0,1.0,0.0,0.0,1.0,1.0,0.0,1,0,abstain
2Wiki,846,Where did Catherine Of Thouars's father die?,low,0,2,1,1,1.0,1.0,1.0,2,2,0,0.0,0.3333,0.0,0.0,0.0,0.3333,1.0,0.5,0.5,1,0,bind
2Wiki,847,Who is the father-in-law of Margaretha Van Mechelen?,low,0,2,1,1,1.0,1.0,1.0,2,6,0,1.0,1.0,0.0,0.0,1.0,1.0,0.5,1.0,-0.5,1,0,bind
2Wiki,848,Where was the place of death of the composer of song A String Of Pearls (Song)?,low,0,2,1,1,1.0,1.0,1.0,2,2,0,0.0,0.0,1.0,1.0,-1.0,-1.0,1.0,1.0,0.0,1,0,bind
2Wiki,849,Where was the place of death of the director of film Never The Twain (Film)?,low,0,2,1,1,1.0,1.0,1.0,2,2,0,1.0,1.0,1.0,1.0,0.0,0.0,1.0,1.0,0.0,1,0,bind
2Wiki,850,Where did the director of film A Trip To Chinatown (Film) die?,low,0,2,1,1,2.0,2.0,2.0,2,2,0,0.0,0.6667,0.0,0.6666666666666666,0.0,3.333333333332966e-05,1.0,1.0,0.0,1,0,bind
2Wiki,851,What is the cause of death of Sophie Gurney's father?,low,0,2,1,1,1.0,1.0,1.0,2,2,0,1.0,1.0,1.0,1.0,0.0,0.0,1.0,1.0,0.0,1,0,bind
2Wiki,852,"Who died first, Jean-Baptiste Chardon or Alejandro Aguilar Reyes?",high,1,3,1,1,0.0,0.0,0.0,2,2,0,1.0,1.0,1.0,1.0,0.0,0.0,1.0,1.0,0.0,1,0,abstain
2Wiki,853,"Who is Louis Armand I, Prince Of Conti's father?",low,0,2,1,1,1.0,1.0,1.0,2,2,0,0.0,0.6667,0.0,0.6666666666666666,0.0,3.333333333332966e-05,1.0,1.0,0.0,1,0,bind
2Wiki,854,What nationality is the performer of song Mimi (Song)?,low,0,2,1,1,1.0,1.0,1.0,2,2,0,1.0,1.0,1.0,1.0,0.0,0.0,1.0,1.0,0.0,1,0,bind
2Wiki,855,When did Bill Patterson (Racing Driver)'s father die?,low,0,2,1,1,1.0,1.0,1.0,2,1,1,1.0,1.0,0.0,0.0,1.0,1.0,1.0,0.5,0.5,1,0,bind
2Wiki,856,Who is the spouse of the director of film Bedre Enn Sitt Rykte?,low,0,2,1,1,2.0,2.0,2.0,2,3,0,1.0,1.0,1.0,1.0,0.0,0.0,1.0,1.0,0.0,1,0,bind
2Wiki,857,"Which film was released more recently, Hotel Reserve or Return To The Hiding Place?",high,1,3,1,1,0.0,0.0,0.0,2,2,0,1.0,1.0,1.0,1.0,0.0,0.0,0.5,1.0,-0.5,1,0,abstain
2Wiki,858,"Which film was released more recently, Muhwagwa or The Policeman Of The 16Th Precinct?",high,1,3,1,1,0.0,0.0,0.0,2,2,0,1.0,1.0,1.0,1.0,0.0,0.0,1.0,1.0,0.0,1,0,abstain
2Wiki,859,Who is Prince Mired Bin Ra'Ad's paternal grandmother?,low,0,2,1,1,1.0,1.0,1.0,2,2,0,1.0,1.0,0.0,0.0,1.0,1.0,1.0,0.5,0.5,1,0,bind
2Wiki,860,What nationality is the director of film Daytime Wives?,low,0,2,1,1,1.0,1.0,1.0,2,2,0,0.0,0.0,0.0,0.0,0.0,0.0,1.0,1.0,0.0,1,0,bind
2Wiki,861,"Which film came out earlier, This Night Is Still Ours or Huma Gun Anmogaldi?",high,1,3,1,1,0.0,0.0,0.0,2,2,0,1.0,1.0,1.0,1.0,0.0,0.0,1.0,1.0,0.0,1,0,abstain
2Wiki,862,"Are both airports, Far View Airport and Bellevue Airfield, located in the same country?",high,1,3,1,1,0.0,0.0,0.0,2,2,0,1.0,1.0,1.0,1.0,0.0,0.0,1.0,1.0,0.0,1,0,abstain
2Wiki,863,What is the place of birth of the director of film God Of War (Film)?,low,0,2,1,1,2.0,2.0,2.0,2,2,0,1.0,1.0,1.0,1.0,0.0,0.0,1.0,1.0,0.0,1,0,bind
2Wiki,864,Where was the father of Princess Elisabeth Of Prussia born?,low,0,2,1,1,1.0,1.0,1.0,2,2,0,1.0,1.0,1.0,1.0,0.0,0.0,1.0,1.0,0.0,1,0,bind
2Wiki,865,"Which film has the director born first, Killer: Dead Or Alive or Adultery: A User'S Guide?",high,1,4,2,1,2.0,1.0,1.0,4,2,1,1.0,1.0,0.0,0.0,1.0,1.0,1.0,0.5,0.5,1,0,bind
2Wiki,866,"Which film was released first, Garçon Stupide or A Groom From The Other World?",high,1,3,1,1,0.0,0.0,0.0,2,2,0,1.0,1.0,1.0,1.0,0.0,0.0,1.0,1.0,0.0,1,0,abstain
2Wiki,867,Where did Elisa Godínez Gómez De Batista's husband die?,low,0,2,1,1,1.0,1.0,1.0,2,2,0,0.0,0.0,0.0,0.0,0.0,0.0,1.0,0.5,0.5,1,0,bind
2Wiki,868,"Which film was released more recently, My Dear Muthachan or Tüzolto Utca 25?",high,1,3,1,1,0.0,0.0,0.0,2,2,0,1.0,1.0,1.0,1.0,0.0,0.0,1.0,1.0,0.0,1,0,abstain
2Wiki,869,"Which film has the director who was born later, Así En El Cielo Como En La Tierra or Buck And The Preacher?",high,1,4,2,1,1.0,0.5,1.0,4,2,1,1.0,1.0,1.0,1.0,0.0,0.0,0.75,0.5,0.25,1,0,bind
2Wiki,870,What is the place of birth of Prince Nayef Bin Abdullah's father?,low,0,2,1,1,2.0,2.0,2.0,2,2,0,0.0,0.4,0.0,0.4,0.0,0.0,1.0,1.0,0.0,1,0,bind
2Wiki,871,Do director of film D'Annunzio (Film) and director of film Così Parlò Bellavista have the same nationality?,high,1,4,2,1,4.0,2.0,3.0,4,3,1,1.0,1.0,1.0,1.0,0.0,0.0,1.0,0.75,0.25,1,0,bind
2Wiki,872,Where did the director of film The Alster Case die?,low,0,2,1,1,1.0,1.0,1.0,2,2,0,0.0,0.6667,0.0,0.6666666666666666,0.0,3.333333333332966e-05,1.0,1.0,0.0,1,0,bind
2Wiki,873,"Which film has the director born first, Shadows In Paradise or Dog Law?",high,1,3,1,1,2.0,2.0,2.0,4,2,1,1.0,1.0,1.0,1.0,0.0,0.0,1.0,0.5,0.5,1,0,bind
2Wiki,874,Are Izaute and Smagne located in the same country?,high,1,3,1,1,0.0,0.0,0.0,2,4,0,1.0,1.0,1.0,1.0,0.0,0.0,1.0,1.0,0.0,1,0,abstain
2Wiki,875,Which country the composer of song Cry Over Me is from?,low,0,2,1,1,2.0,2.0,2.0,2,2,0,0.0,0.0,0.0,0.0,0.0,0.0,1.0,1.0,0.0,1,0,bind
2Wiki,876,"Which film has the director who was born first, Piccoli Fuochi or The Nice Guys?",high,1,4,2,1,3.0,1.5,2.0,4,2,1,1.0,1.0,0.0,0.0,1.0,1.0,0.75,0.5,0.25,1,0,bind
2Wiki,877,When did Manuel Bulnes Pinto's mother die?,low,0,2,1,1,0.0,0.0,0.0,2,2,0,0.0,0.5,1.0,1.0,-1.0,-0.5,1.0,1.0,0.0,1,0,abstain
2Wiki,878,Who is the mother-in-law of Ramiro Sánchez?,low,0,2,1,1,1.0,1.0,1.0,2,4,0,1.0,1.0,1.0,1.0,0.0,0.0,1.0,1.0,0.0,1,0,bind
2Wiki,879,Where was the husband of Julia Bracken Wendt born?,low,0,2,1,1,1.0,1.0,1.0,2,1,1,0.0,0.0,0.0,0.0,0.0,0.0,1.0,0.5,0.5,1,0,bind
2Wiki,880,Where does the director of film Gal Young Un work at?,low,0,2,1,1,1.0,1.0,1.0,2,2,0,0.0,0.3077,0.0,0.3076923076923077,0.0,7.692307692264144e-06,1.0,1.0,0.0,1,0,bind
2Wiki,881,What is the place of birth of the performer of song Did It On'Em?,low,0,2,1,1,0.0,0.0,0.0,2,1,1,0.0,0.0,0.0,0.0,0.0,0.0,0.5,0.5,0.0,1,0,abstain
2Wiki,882,"Which film has the director died later, Calling Philo Vance or The Witch'S Curse?",high,1,4,2,1,3.0,1.5,2.0,4,3,1,1.0,1.0,1.0,1.0,0.0,0.0,1.0,0.75,0.25,1,0,bind
2Wiki,883,What nationality is Charles The Younger's father?,low,0,2,1,1,2.0,2.0,2.0,2,2,0,0.0,0.0,0.0,0.0,0.0,0.0,1.0,1.0,0.0,1,0,bind
2Wiki,884,What is the place of birth of Gwladys's husband?,low,0,2,1,1,0.0,0.0,0.0,2,2,0,0.0,0.0,1.0,1.0,-1.0,-1.0,1.0,1.0,0.0,1,0,abstain
2Wiki,885,"Which film whose director is younger, Term Of Trial or Would You Marry Me??",high,1,4,2,1,2.0,1.0,1.0,4,4,0,1.0,1.0,1.0,1.0,0.0,0.0,1.0,1.0,0.0,1,0,bind
2Wiki,886,"Which film was released first, Raadha Aur Seeta or The Fate Of The Furious?",high,1,3,1,1,0.0,0.0,0.0,2,2,0,1.0,1.0,1.0,1.0,0.0,0.0,1.0,1.0,0.0,1,0,abstain
2Wiki,887,"Which film whose director is younger, Becoming Dick or Nude On The Moon?",high,1,4,2,1,3.0,1.5,2.0,4,3,1,1.0,1.0,1.0,1.0,0.0,0.0,1.0,0.75,0.25,1,0,bind
2Wiki,888,When did Toda Of Pamplona's mother die?,low,0,2,1,1,1.0,1.0,1.0,2,2,0,0.0,0.6667,0.0,0.6666666666666666,0.0,3.333333333332966e-05,1.0,1.0,0.0,1,0,bind
2Wiki,889,"Which film has the director who was born first, Folly To Be Wise or The Jerk?",high,1,4,2,1,2.0,1.0,1.0,4,4,0,1.0,1.0,1.0,1.0,0.0,0.0,1.0,1.0,0.0,1,0,bind
2Wiki,890,What is the cause of death of director of film Destination: Dewsbury?,low,0,2,1,1,2.0,2.0,2.0,2,10,0,0.0,0.0,0.0,0.0,0.0,0.0,1.0,1.0,0.0,1,0,bind
2Wiki,891,"Which film has the director who was born later, Vote For Huggett or Romance In The Dark?",high,1,4,2,1,3.0,1.5,2.0,4,2,1,0.0,0.0,0.0,0.0,0.0,0.0,0.5,0.5,0.0,1,0,bind
2Wiki,892,Where was the place of burial of Princess Augusta Of Württemberg's father?,low,0,2,1,1,2.0,2.0,2.0,2,8,0,0.0,0.0,1.0,1.0,-1.0,-1.0,0.5,1.0,-0.5,1,0,bind
2Wiki,893,Where was the husband of Emmanuelle Seigner born?,low,0,2,1,1,1.0,1.0,1.0,2,2,0,1.0,1.0,1.0,1.0,0.0,0.0,1.0,1.0,0.0,1,0,bind
2Wiki,894,Who is Li Zhong's paternal grandmother?,high,1,3,2,2,5.0,2.5,3.0,2,2,0,1.0,1.0,1.0,1.0,0.0,0.0,1.0,1.0,0.0,1,0,bind
2Wiki,895,Who is the father of the director of film Magic Hunter?,low,0,2,1,1,1.0,1.0,1.0,2,2,0,1.0,1.0,1.0,1.0,0.0,0.0,1.0,1.0,0.0,1,0,bind
2Wiki,896,"Which film whose director is younger, The Pulse Of Life or The Hungover Games?",high,1,4,2,1,2.0,1.0,1.0,4,3,1,1.0,1.0,1.0,1.0,0.0,0.0,1.0,0.75,0.25,1,0,bind
2Wiki,897,What is the place of birth of Charles Eugène Gabriel De Sombreuil's father?,low,0,2,1,1,1.0,1.0,1.0,2,2,0,1.0,1.0,1.0,1.0,0.0,0.0,1.0,1.0,0.0,1,0,bind
2Wiki,898,Where was the director of film Bonnie May born?,low,0,2,1,1,2.0,2.0,2.0,2,2,0,0.0,0.8,0.0,0.8,0.0,0.0,1.0,1.0,0.0,1,0,bind
2Wiki,899,When did Margaret Kenyatta (Mayor)'s mother die?,low,0,2,1,1,1.0,1.0,1.0,2,2,0,1.0,1.0,0.0,0.6666666666666666,1.0,0.33333333333333337,1.0,1.0,0.0,1,0,bind
2Wiki,900,Where was the father of Murad I born?,low,0,2,1,1,2.0,2.0,2.0,2,2,0,1.0,1.0,1.0,1.0,0.0,0.0,1.0,1.0,0.0,1,0,bind
2Wiki,901,"Which film has the director born earlier, More Bloody Meetings or Riders Of The Badlands?",high,1,4,2,1,3.0,1.5,2.0,4,2,1,1.0,1.0,0.0,0.0,1.0,1.0,1.0,0.5,0.5,1,0,bind
2Wiki,902,"Which film has the director who died later, A Journey Through Filmland or The Shepherd Lassie Of Argyle?",high,1,4,2,1,2.0,1.0,1.0,4,2,1,1.0,1.0,1.0,1.0,0.0,0.0,1.0,0.5,0.5,1,0,bind
2Wiki,903,"Which film has the director born later, The Boss And The Worker or Claire'S Knee?",high,1,4,2,1,5.0,2.5,3.0,4,3,1,0.0,0.0008,0.0,0.0,0.0,0.0008,0.75,0.75,0.0,1,0,bind
2Wiki,904,Where was the director of film Kadathanaattu Maakkam born?,low,0,2,1,1,3.0,3.0,3.0,2,2,0,1.0,1.0,1.0,1.0,0.0,0.0,1.0,1.0,0.0,1,0,bind
2Wiki,905,"Where was the place of death of Elizabeth Fitzalan, Duchess Of Norfolk's husband?",low,0,2,1,1,2.0,2.0,2.0,2,2,0,1.0,1.0,1.0,1.0,0.0,0.0,1.0,1.0,0.0,1,0,bind
2Wiki,906,"Which film was released earlier, Karla'S World or Dharti?",high,1,3,1,1,0.0,0.0,0.0,2,2,0,1.0,1.0,1.0,1.0,0.0,0.0,1.0,1.0,0.0,1,0,abstain
2Wiki,907,Are both Cunaú River and Rio Verde (Mato Grosso Do Sul) located in the same country?,high,1,3,1,1,0.0,0.0,0.0,2,2,0,1.0,1.0,1.0,1.0,0.0,0.0,1.0,1.0,0.0,1,0,abstain
2Wiki,908,"Which film has the director who is older than the other, Taming Of The Fire or The Lady Takes A Flyer?",high,1,4,2,1,2.0,1.0,1.0,4,4,0,1.0,1.0,1.0,1.0,0.0,0.0,1.0,1.0,0.0,1,0,bind
2Wiki,909,Where was the place of burial of Bülbül Hatun's husband?,low,0,2,1,1,0.0,0.0,0.0,2,2,0,0.0,0.0,0.0,0.0,0.0,0.0,0.5,1.0,-0.5,1,0,abstain
2Wiki,910,Are the directors of both films Won In The Clouds and I Died A Thousand Times from the same country?,high,1,4,2,1,2.0,1.0,1.0,4,3,1,1.0,1.0,1.0,1.0,0.0,0.0,1.0,0.5,0.5,1,0,bind
2Wiki,911,Are Vivicca Whitsett and Pepa (Rapper) from the same country?,high,1,3,1,1,0.0,0.0,0.0,2,2,0,1.0,1.0,1.0,1.0,0.0,0.0,1.0,1.0,0.0,1,0,abstain
2Wiki,912,"Who is Philippe, Duke Of Anjou's maternal grandfather?",high,1,3,2,2,2.0,1.0,1.0,2,2,0,0.0,0.8,0.0,0.8,0.0,0.0,1.0,1.0,0.0,1,0,bind
2Wiki,913,"Who died later, Giovanni Dei Conti Di Segni or Sakari Simelius?",high,1,3,1,1,0.0,0.0,0.0,2,2,0,1.0,1.0,1.0,1.0,0.0,0.0,1.0,1.0,0.0,1,0,abstain
2Wiki,914,"Who was born earlier, Geoff Bagnall or Caroline Huppert?",high,1,3,1,1,0.0,0.0,0.0,2,2,0,1.0,1.0,1.0,1.0,0.0,0.0,1.0,1.0,0.0,1,0,abstain
2Wiki,915,"Where was the father of Johann Adolf I, Duke Of Saxe-Weissenfels born?",low,0,2,1,1,1.0,1.0,1.0,2,3,0,1.0,1.0,1.0,1.0,0.0,0.0,1.0,1.0,0.0,1,0,bind
2Wiki,916,"Which song was released earlier, Sea Of Voices or Soft-Hearted Hana?",high,1,3,1,1,0.0,0.0,0.0,2,2,0,1.0,1.0,1.0,1.0,0.0,0.0,1.0,1.0,0.0,1,0,abstain
2Wiki,917,"Who is older, Manuel Antonio or Wilfred Macdonald?",high,1,3,1,1,0.0,0.0,0.0,2,2,0,1.0,1.0,1.0,1.0,0.0,0.0,1.0,1.0,0.0,1,0,abstain
2Wiki,918,Which country Shah Muhammad (Kara Koyunlu)'s father is from?,low,0,1,0,0,0.0,0.0,0.0,2,2,0,0.0,0.0,0.0,0.0,0.0,0.0,1.0,1.0,0.0,1,0,abstain
2Wiki,919,"Which film has the director died first, To Mary – With Love or Five Little Peppers And How They Grew?",high,1,4,2,1,2.0,1.0,1.0,4,4,0,1.0,1.0,1.0,1.0,0.0,0.0,1.0,1.0,0.0,1,0,bind
2Wiki,920,"Who was born earlier, Elmer W. Conti or Seth Joshua?",high,1,3,1,1,0.0,0.0,0.0,2,2,0,1.0,1.0,1.0,1.0,0.0,0.0,0.5,1.0,-0.5,1,0,abstain
2Wiki,921,What is the place of birth of the director of film The Devil On Horseback?,low,0,2,1,1,1.0,1.0,1.0,2,3,0,0.0,0.5,0.0,0.5,0.0,0.0,1.0,1.0,0.0,1,0,bind
2Wiki,922,Where was the director of film Bollywood Calling born?,low,0,2,1,1,1.0,1.0,1.0,2,2,0,0.0,0.0,0.0,0.0,0.0,0.0,1.0,1.0,0.0,1,0,bind
2Wiki,923,What is the date of death of Julia Livia's father?,low,0,2,1,1,4.0,4.0,4.0,2,2,0,0.0,0.8571,0.0,0.8571428571428571,0.0,-4.285714285712228e-05,1.0,1.0,0.0,1,0,bind
2Wiki,924,Who is the paternal grandfather of Dibyasambandh?,high,1,3,2,2,4.0,2.0,4.0,2,2,0,0.0,0.4,0.0,0.4,0.0,0.0,1.0,1.0,0.0,1,0,bind
2Wiki,925,What is the date of birth of Mohammed Bin Nawwaf Bin Abdulaziz's father?,low,0,2,1,1,2.0,2.0,2.0,2,2,0,1.0,1.0,1.0,1.0,0.0,0.0,1.0,1.0,0.0,1,0,bind
2Wiki,926,"Which film has the director born earlier, Carlo Giuliani, Boy or Ned Rifle?",high,1,4,1,1,1.0,1.0,1.0,4,3,1,1.0,1.0,1.0,1.0,0.0,0.0,1.0,0.75,0.25,1,0,bind
2Wiki,927,What is the place of birth of the performer of song Take A Picture (Carly Rae Jepsen Song)?,low,0,2,1,1,0.0,0.0,0.0,2,3,0,0.0,0.5,0.0,0.5,0.0,0.0,1.0,1.0,0.0,1,0,abstain
2Wiki,928,"Which film came out first, Run The Race or Cup-Tie Honeymoon?",high,1,3,1,1,0.0,0.0,0.0,2,2,0,1.0,1.0,1.0,1.0,0.0,0.0,1.0,1.0,0.0,1,0,abstain
2Wiki,929,"Which film has the director who was born first, Raiders Of Red Gap or A Day Of Fury?",high,1,4,2,1,2.0,1.0,1.0,4,5,0,1.0,1.0,1.0,1.0,0.0,0.0,1.0,0.75,0.25,1,0,bind
2Wiki,930,"Where was the place of burial of Medan, Son Of Abraham's father?",low,0,2,1,1,0.0,0.0,0.0,2,1,1,0.0,0.0,0.0,0.0,0.0,0.0,1.0,0.5,0.5,1,0,abstain
2Wiki,931,Where did the composer of film Before Sunset study?,low,0,2,1,1,0.0,0.0,0.0,2,1,1,0.0,0.0,0.0,0.25,0.0,-0.25,0.5,0.5,0.0,1,0,abstain
2Wiki,932,Which country Nizar Al-Mustafa's father is from?,low,0,2,1,1,1.0,1.0,1.0,2,2,0,0.0,0.0,0.0,0.0,0.0,0.0,1.0,1.0,0.0,1,0,bind
2Wiki,933,"Do the movies Thor The Conqueror and City Of Pain, originate from the same country?",high,1,3,1,1,0.0,0.0,0.0,2,2,0,1.0,1.0,1.0,1.0,0.0,0.0,1.0,1.0,0.0,1,0,abstain
2Wiki,934,Do director of film Ten9Eight: Shoot For The Moon and director of film Sabotage (1936 Film) share the same nationality?,high,1,4,2,1,2.0,1.0,1.0,4,4,0,0.0,0.0,0.0,0.0,0.0,0.0,1.0,1.0,0.0,1,0,bind
2Wiki,935,"Which film has the director who was born first, Woman By Woman: New Hope For The Villages Of India or Windsor Drive (Film)?",high,1,4,2,1,3.0,1.5,2.0,4,4,0,1.0,1.0,1.0,1.0,0.0,0.0,0.75,1.0,-0.25,1,0,bind
2Wiki,936,"Do both films, Afrika (Film) and Man From The Deep River, have the directors who are from the same country?",high,1,4,2,1,2.0,1.0,1.0,4,3,1,1.0,1.0,1.0,1.0,0.0,0.0,1.0,0.75,0.25,1,0,bind
2Wiki,937,"Which film has the director who was born first, Yaadein (1964 Film) or The Student'S Romance?",high,1,4,2,1,3.0,1.5,2.0,4,2,1,0.0,0.0,0.0,0.0,0.0,0.0,0.75,0.5,0.25,1,0,bind
2Wiki,938,"Which film came out earlier, I Love You Rosa or Pyar Ka Bandhan?",high,1,3,1,1,0.0,0.0,0.0,2,2,0,1.0,1.0,1.0,1.0,0.0,0.0,1.0,1.0,0.0,1,0,abstain
2Wiki,939,Who is the spouse of the director of film Mcdull: Me & My Mum?,low,0,2,1,1,1.0,1.0,1.0,2,2,0,1.0,1.0,1.0,1.0,0.0,0.0,1.0,1.0,0.0,1,0,bind
2Wiki,940,"Who is older, Les Briley or Jean Charles Carbone?",high,1,3,1,1,0.0,0.0,0.0,2,2,0,1.0,1.0,1.0,1.0,0.0,0.0,1.0,1.0,0.0,1,0,abstain
2Wiki,941,Where was the wife of Gerry Neugebauer born?,low,0,2,1,1,0.0,0.0,0.0,2,2,0,0.0,0.8,0.0,0.8,0.0,0.0,1.0,1.0,0.0,1,0,abstain
2Wiki,942,"Which film whose director was born first, Self-Made Maids or A Day For Lionhearts?",high,1,4,2,1,3.0,1.5,2.0,4,2,1,1.0,1.0,0.0,0.0,1.0,1.0,1.0,0.5,0.5,1,0,bind
2Wiki,943,Where was the composer of song Heart On Fire (Ruslana Song) born?,low,0,2,1,1,0.0,0.0,0.0,2,2,0,1.0,1.0,0.0,0.6666666666666666,1.0,0.33333333333333337,1.0,1.0,0.0,1,0,abstain
2Wiki,944,Which country Damrong Rajanubhab's father is from?,low,0,2,1,1,0.0,0.0,0.0,2,2,0,1.0,1.0,0.0,0.0,1.0,1.0,0.5,1.0,-0.5,1,0,abstain
2Wiki,945,Who is the paternal grandfather of Jordan Ii Of Capua?,high,1,3,2,2,6.0,3.0,4.0,2,2,0,1.0,1.0,1.0,1.0,0.0,0.0,1.0,1.0,0.0,1,0,bind
2Wiki,946,"What nationality is Sir Edward Acton, 3Rd Baronet's father?",low,0,2,1,1,1.0,1.0,1.0,2,2,0,1.0,1.0,1.0,1.0,0.0,0.0,1.0,1.0,0.0,1,0,bind
2Wiki,947,"Which film has the director who is older than the other, The Inside Man (Film) or Dog'S Heart?",high,1,4,2,1,1.0,0.5,1.0,4,2,1,1.0,1.0,0.0,0.0,1.0,1.0,0.75,0.5,0.25,1,0,bind
2Wiki,948,What nationality of the company that published Safeguard (Magazine)?,low,0,2,1,1,0.0,0.0,0.0,2,2,0,1.0,1.0,1.0,1.0,0.0,0.0,1.0,1.0,0.0,1,0,abstain
2Wiki,949,What nationality is Wenceslaus I Of Legnica's father?,low,0,2,1,1,1.0,1.0,1.0,2,2,0,0.0,0.0,0.0,0.0,0.0,0.0,1.0,1.0,0.0,1,0,bind
2Wiki,950,Which country Clare Winnicott's husband is from?,low,0,2,1,1,0.0,0.0,0.0,2,2,0,0.0,0.0,0.0,0.0,0.0,0.0,1.0,1.0,0.0,1,0,abstain
2Wiki,951,"Where was the place of burial of George Tuchet, 1St Earl Of Castlehaven's father?",low,0,2,1,1,2.0,2.0,2.0,2,2,0,0.0,0.6667,0.0,0.6666666666666666,0.0,3.333333333332966e-05,1.0,1.0,0.0,1,0,bind
2Wiki,952,"Are both Selo Sanatoriya Imeni Chekhova and Volovo, Lipetsk Oblast located in the same country?",high,1,3,1,1,0.0,0.0,0.0,2,2,0,1.0,1.0,1.0,1.0,0.0,0.0,1.0,1.0,0.0,1,0,abstain
2Wiki,953,Where was the director of film Eight Days A Week (Film) born?,low,0,2,1,1,3.0,3.0,3.0,2,2,0,0.0,0.6667,0.0,0.6666666666666666,0.0,3.333333333332966e-05,1.0,1.0,0.0,1,0,bind
2Wiki,954,Which country the director of film Sarah Silverman: Jesus Is Magic is from?,low,0,2,1,1,1.0,1.0,1.0,2,2,0,0.0,0.5,0.0,0.0,0.0,0.5,1.0,1.0,0.0,1,0,bind
2Wiki,955,Where did the director of film Yang ± Yin: Gender In Chinese Cinema study?,low,0,2,1,1,2.0,2.0,2.0,2,2,0,1.0,1.0,1.0,1.0,0.0,0.0,1.0,1.0,0.0,1,0,bind
2Wiki,956,Are the directors of both films Pretty Foe and Goin' Coconuts from the same country?,high,1,4,2,1,4.0,2.0,3.0,4,2,1,1.0,1.0,1.0,1.0,0.0,0.0,1.0,0.5,0.5,1,0,bind
2Wiki,957,When is Archduchess Maria Antonia Of Austria (1899–1977)'s father's birthday?,low,0,2,1,1,5.0,5.0,5.0,2,3,0,1.0,1.0,1.0,1.0,0.0,0.0,1.0,1.0,0.0,1,0,bind
2Wiki,958,"Who lived longer, Clarence Moore (Businessman) or Wilhelmine Schröder-Devrient?",high,1,4,2,1,0.0,0.0,0.0,2,2,0,0.0,0.0,1.0,1.0,-1.0,-1.0,1.0,1.0,0.0,1,0,abstain
2Wiki,959,Where did M. K. Muthu's father die?,low,0,2,1,1,1.0,1.0,1.0,2,2,0,0.0,0.0,0.0,0.0,0.0,0.0,1.0,1.0,0.0,1,0,bind
2Wiki,960,Who is the father-in-law of Prince Feodor Alexandrovich Of Russia?,high,1,3,2,2,5.0,2.5,5.0,2,3,0,0.0,0.6667,1.0,1.0,-1.0,-0.33330000000000004,1.0,1.0,0.0,1,0,bind
2Wiki,961,"Which film has the director who died earlier, 11 Harrowhouse or A Little Sister Of Everybody?",high,1,4,2,1,2.0,1.0,1.0,4,2,1,1.0,1.0,1.0,1.0,0.0,0.0,1.0,0.5,0.5,1,0,bind
2Wiki,962,"Which film has the director who died later, The Fatal Mistake or The Devil'S Hairpin?",high,1,4,2,1,2.0,1.0,1.0,4,4,0,1.0,1.0,1.0,1.0,0.0,0.0,1.0,1.0,0.0,1,0,bind
2Wiki,963,"Who was born later, Shawn Lewfatt or Ken Karpoff?",high,1,3,1,1,1.0,1.0,1.0,2,2,0,1.0,1.0,1.0,1.0,0.0,0.0,1.0,1.0,0.0,1,0,bind
2Wiki,964,Are Geneviève Pettersen and Edward Peghin from the same country?,high,1,3,1,1,0.0,0.0,0.0,2,3,0,1.0,1.0,1.0,1.0,0.0,0.0,1.0,1.0,0.0,1,0,abstain
2Wiki,965,Do both films Once Upon A Time In America and Naked Violence (Film) have the directors that share the same nationality?,high,1,4,2,1,3.0,1.5,2.0,4,2,1,1.0,1.0,1.0,1.0,0.0,0.0,1.0,0.5,0.5,1,0,bind
2Wiki,966,Are Cherry Creek (Colorado) and Jucurucu River both located in the same country?,high,1,3,1,1,0.0,0.0,0.0,2,3,0,1.0,1.0,1.0,1.0,0.0,0.0,1.0,1.0,0.0,1,0,abstain
2Wiki,967,What is the place of birth of Princess Albertina Frederica Of Baden-Durlach's father?,low,0,2,1,1,5.0,5.0,5.0,2,4,0,0.0,0.0,1.0,1.0,-1.0,-1.0,0.5,1.0,-0.5,1,0,bind
2Wiki,968,"Which film has the director born later, I Sette Dell'Orsa Maggiore or Length Of War?",high,1,4,2,1,2.0,1.0,1.0,4,4,0,1.0,1.0,1.0,1.0,0.0,0.0,1.0,1.0,0.0,1,0,bind
2Wiki,969,Are both Three Live Ghosts (1936 Film) and The Tailor From Ulm from the same country?,high,1,3,1,1,0.0,0.0,0.0,2,4,0,1.0,1.0,1.0,1.0,0.0,0.0,1.0,1.0,0.0,1,0,abstain
2Wiki,970,What is the date of death of the performer of song Goodbye Pork Pie Hat?,low,0,2,1,1,1.0,1.0,1.0,2,2,0,1.0,1.0,1.0,1.0,0.0,0.0,1.0,1.0,0.0,1,0,bind
2Wiki,971,Which country Maria Carolina Zamoyska's mother is from?,low,0,2,1,1,1.0,1.0,1.0,2,6,0,0.0,0.0,0.0,0.0,0.0,0.0,1.0,1.0,0.0,1,0,bind
2Wiki,972,"Who is younger, Carlos Reyté or Dominic Jacotin Gamble?",high,1,3,1,1,0.0,0.0,0.0,2,2,0,1.0,1.0,1.0,1.0,0.0,0.0,1.0,1.0,0.0,1,0,abstain
2Wiki,973,What nationality is Huo Yi's father?,low,0,2,1,1,1.0,1.0,1.0,2,2,0,0.0,0.0,0.0,0.0,0.0,0.0,1.0,1.0,0.0,1,0,bind
2Wiki,974,Who is Albert G. Simms's father-in-law?,high,1,4,3,2,1.0,0.3333333333333333,1.0,2,2,0,0.0,0.0,0.0,0.0,0.0,0.0,0.5,0.5,0.0,1,0,bind
2Wiki,975,Are both Țerova and Slava (River) located in the same country?,high,1,3,1,1,0.0,0.0,0.0,2,2,0,1.0,1.0,1.0,1.0,0.0,0.0,1.0,1.0,0.0,1,0,abstain
2Wiki,976,"Who is older, Mario Baccini or Béchir Sfar?",high,1,3,1,1,0.0,0.0,0.0,2,3,0,1.0,1.0,1.0,1.0,0.0,0.0,1.0,1.0,0.0,1,0,abstain
2Wiki,977,"When was George Howard, 11Th Earl Of Carlisle's father born?",low,0,2,1,1,1.0,1.0,1.0,2,3,0,1.0,1.0,0.0,0.0,1.0,1.0,1.0,0.5,0.5,1,0,bind
2Wiki,978,What is the place of birth of Archduchess Maria Immakulata Of Austria's mother?,low,0,2,1,1,2.0,2.0,2.0,2,2,0,1.0,1.0,1.0,1.0,0.0,0.0,1.0,1.0,0.0,1,0,bind
2Wiki,979,"Which film has the director who is older, Dhuen Ki Lakeer or Night Of The Twelve?",high,1,4,2,1,2.0,1.0,1.0,4,4,0,1.0,1.0,1.0,1.0,0.0,0.0,1.0,1.0,0.0,1,0,bind
2Wiki,980,What is the place of birth of Bea Ballard's father?,low,0,2,1,1,1.0,1.0,1.0,2,2,0,0.0,0.0,0.0,0.0,0.0,0.0,1.0,0.5,0.5,1,0,bind
2Wiki,981,Where was the director of film Noose (1958 Film) born?,low,0,2,1,1,0.0,0.0,0.0,2,2,0,1.0,1.0,1.0,1.0,0.0,0.0,1.0,1.0,0.0,1,0,abstain
2Wiki,982,Where did the composer of song Aren'T You Kind Of Glad We Did? die?,low,0,2,1,1,1.0,1.0,1.0,2,2,0,0.0,0.0,0.0,0.0,0.0,0.0,1.0,1.0,0.0,1,0,bind
2Wiki,983,Where did the director of film That Nazty Nuisance die?,low,0,2,1,1,2.0,2.0,2.0,2,2,0,1.0,1.0,1.0,1.0,0.0,0.0,1.0,1.0,0.0,1,0,bind
2Wiki,984,What is the date of death of Badi' Al-Zaman Mirza's father?,low,0,2,1,1,1.0,1.0,1.0,2,2,0,0.0,0.0,0.0,0.0,0.0,0.0,0.5,0.0,0.5,1,0,bind
2Wiki,985,"Who was born later, Tadeusz Śliwak or Michel Le Denmat?",high,1,3,1,1,0.0,0.0,0.0,2,2,0,1.0,1.0,1.0,1.0,0.0,0.0,1.0,1.0,0.0,1,0,abstain
2Wiki,986,Where did the director of film Ave Caesar! die?,low,0,2,1,1,1.0,1.0,1.0,2,2,0,0.0,0.0,0.0,0.0,0.0,0.0,1.0,1.0,0.0,1,0,bind
2Wiki,987,"Which film was released more recently, The Last Pedestrian or Stranger In Sacramento?",high,1,3,1,1,0.0,0.0,0.0,2,2,0,1.0,1.0,1.0,1.0,0.0,0.0,1.0,1.0,0.0,1,0,abstain
2Wiki,988,"Who is the paternal grandfather of Richard Beauchamp, 1St Earl Of Worcester?",high,1,3,2,2,2.0,1.0,2.0,2,4,0,0.0,0.6667,0.0,0.6,0.0,0.06669999999999998,0.5,1.0,-0.5,1,0,bind
2Wiki,989,"Which film was released more recently, Il Marchio Di Kriminal or Nandhi?",high,1,3,1,1,0.0,0.0,0.0,2,2,0,1.0,1.0,1.0,1.0,0.0,0.0,1.0,1.0,0.0,1,0,abstain
2Wiki,990,Who is Robert Vere Buxton's paternal grandfather?,low,0,2,1,1,1.0,1.0,1.0,2,2,0,1.0,1.0,0.0,0.7499999999999999,1.0,0.2500000000000001,1.0,1.0,0.0,1,0,bind
2Wiki,991,"Where was the father of David Ogilvy, 12Th Earl Of Airlie born?",low,0,2,1,1,1.0,1.0,1.0,2,3,0,1.0,1.0,1.0,1.0,0.0,0.0,1.0,1.0,0.0,1,0,bind
2Wiki,992,Are both directors of films Spione and Five Million Look For An Heir from the same country?,high,1,4,2,1,3.0,1.5,2.0,4,2,1,1.0,1.0,1.0,1.0,0.0,0.0,0.75,0.5,0.25,1,0,bind
2Wiki,993,Who is the paternal grandfather of Archambaud Viii Of Bourbon?,high,1,3,2,2,5.0,2.5,4.0,2,3,0,1.0,1.0,0.0,0.3333333333333333,1.0,0.6666666666666667,1.0,1.0,0.0,1,0,bind
2Wiki,994,"Who lived longer, Bernhard Afinger or Melvin Kranzberg?",high,1,3,1,1,2.0,2.0,2.0,2,2,0,1.0,1.0,1.0,1.0,0.0,0.0,1.0,1.0,0.0,1,0,bind
2Wiki,995,Who is the stepmother of Angélique De Froissy?,low,0,2,1,1,0.0,0.0,0.0,2,2,0,0.0,0.0,0.0,0.0,0.0,0.0,0.5,0.5,0.0,1,0,abstain
2Wiki,996,"Which film came out first, Una Prostituta Al Servizio Del Pubblico E In Regola Con Le Leggi Dello Stato or The Bag Man?",high,1,3,1,1,0.0,0.0,0.0,2,2,0,1.0,1.0,1.0,1.0,0.0,0.0,1.0,1.0,0.0,1,0,abstain
2Wiki,997,Are director of film Count Five And Die and director of film The Green Jacket both from the same country?,high,1,4,2,1,4.0,2.0,3.0,4,3,1,1.0,1.0,1.0,1.0,0.0,0.0,1.0,0.75,0.25,1,0,bind
2Wiki,998,Who is the spouse of the director of film Days And Hours?,low,0,2,1,1,2.0,2.0,2.0,2,2,0,1.0,1.0,1.0,1.0,0.0,0.0,1.0,1.0,0.0,1,0,bind
2Wiki,999,"Who is Geoffrey Iii, Count Of Perche's paternal grandfather?",low,0,2,1,1,3.0,3.0,3.0,2,4,0,0.0,0.5714,1.0,1.0,-1.0,-0.4286,1.0,1.0,0.0,1,0,bind
HotpotQA,0,what is one of the stars of  The Newcomers known for,low,0,2,1,1,1.0,1.0,1.0,2,3,0,0.0,0.5714,0.0,0.0,0.0,0.5714,1.0,1.0,0.0,1,0,bind
HotpotQA,1,"The fictional private detective that appears in ""The Adventure of the Seven Clocks"" what written by whom?",low,0,2,1,1,0.0,0.0,0.0,2,2,0,0.0,0.3636,0.0,0.36363636363636365,0.0,-3.6363636363667684e-05,1.0,1.0,0.0,1,0,abstain
HotpotQA,2,The Distribution of Industry act was passed by a man who was prime minister when?,low,0,2,1,1,1.0,1.0,1.0,2,2,0,1.0,1.0,1.0,1.0,0.0,0.0,1.0,1.0,0.0,1,0,bind
HotpotQA,3,"Sparking the Marian civil war, who helped the recently abdicated queen to escape her imprisonment?",low,0,2,1,1,0.0,0.0,0.0,2,3,0,0.0,0.0,0.0,0.0,0.0,0.0,1.0,0.5,0.5,1,0,abstain
HotpotQA,4,In which county is the town in which Raymond Robertsen was born ?,low,0,2,1,1,1.0,1.0,1.0,2,2,0,0.0,0.6667,0.0,0.6666666666666666,0.0,3.333333333332966e-05,1.0,1.0,0.0,1,0,bind
HotpotQA,5,What screenplay was worked on by both Edward Carfagno and Miklos Rozsa?,high,1,3,1,1,1.0,1.0,1.0,2,2,0,1.0,1.0,0.0,0.0,1.0,1.0,1.0,0.5,0.5,1,0,bind
HotpotQA,6,"Which Walt Disney film was produced first, The Apple Dumpling Gang or Something Wicked This Way Comes?",high,1,3,1,1,0.0,0.0,0.0,2,4,0,1.0,1.0,1.0,1.0,0.0,0.0,1.0,1.0,0.0,1,0,abstain
HotpotQA,7,Bethpage State Parkway begins with an interchange at which Long Island-based limited access highway?,low,0,2,1,1,5.0,5.0,5.0,2,2,0,1.0,1.0,1.0,1.0,0.0,0.0,1.0,1.0,0.0,1,0,bind
HotpotQA,8,Are Colocasia and Coronilla both flowering plants?,high,1,3,1,1,2.0,2.0,2.0,2,2,0,1.0,1.0,1.0,1.0,0.0,0.0,1.0,1.0,0.0,1,0,bind
HotpotQA,9,The 2000 ICC KnockOut Trophy was the debut of a Jamaican cricketer who is a right-handed what?,low,0,2,1,1,1.0,1.0,1.0,2,2,0,0.0,0.5,0.0,0.5,0.0,0.0,1.0,1.0,0.0,1,0,bind
HotpotQA,10,Bytham Castle is a castle in the civil parish of how many houses?,low,0,2,1,1,1.0,1.0,1.0,2,3,0,1.0,1.0,1.0,1.0,0.0,0.0,1.0,1.0,0.0,1,0,bind
HotpotQA,11,"Which is located in Cornwall, Southwell Minster or Truro Cathedral?",high,1,3,1,1,3.0,3.0,3.0,2,4,0,0.0,0.5,0.0,0.5,0.0,0.0,1.0,1.0,0.0,1,0,bind
HotpotQA,12,How do the Peter Laufer books Forbidden Creatures and No Animals Were Harmed differ in their focus on animals?,high,1,3,1,1,1.0,1.0,1.0,2,2,0,0.0,0.0,0.0,0.0,0.0,0.0,1.0,1.0,0.0,1,0,bind
HotpotQA,13,Who is a winner of the 2013 6 Hours of Silverstone a co-commentator for?,low,0,2,1,1,1.0,1.0,1.0,2,2,0,1.0,1.0,1.0,1.0,0.0,0.0,1.0,1.0,0.0,1,0,bind
HotpotQA,14,"Which 2009 animated film is from Japan, Summer Wars or The Secret of Kells?",low,0,1,0,0,0.0,0.0,0.0,2,2,0,1.0,1.0,1.0,1.0,0.0,0.0,1.0,1.0,0.0,1,0,abstain
HotpotQA,15,Are Steve Perry and Leslie West both singers?,high,1,3,1,1,0.0,0.0,0.0,2,4,0,1.0,1.0,1.0,1.0,0.0,0.0,1.0,1.0,0.0,1,0,abstain
HotpotQA,16,"In what year was the Golden State NBA player, who was part of the Cavaliers-Warriors rivalry, named NBA Finals Most Valuable Player?",low,0,2,1,1,5.0,5.0,5.0,2,2,0,1.0,1.0,1.0,1.0,0.0,0.0,1.0,0.5,0.5,1,0,bind
HotpotQA,17,"What is the name of the actor who wrote the memoir Without you: A memoir of love, loss, and the Musical Rent and also stared as Mark Cohen in the Broadway production of ""Rent""?",high,1,3,1,1,3.0,3.0,3.0,2,2,0,1.0,1.0,1.0,1.0,0.0,0.0,1.0,1.0,0.0,1,0,bind
HotpotQA,18,One Raffles Place is one of the tallest skyscrapers in the city of Singapore and tallest in the wolrd outside North America until it was succeeded by a Building in city?,low,0,2,1,1,1.0,1.0,1.0,2,2,0,1.0,1.0,0.0,0.0,1.0,1.0,1.0,0.5,0.5,1,0,bind
HotpotQA,19,Where is the ice hockey team based that Zdeno Chára currently serving as captain of?,low,0,2,1,1,1.0,1.0,1.0,2,5,0,1.0,1.0,1.0,1.0,0.0,0.0,1.0,1.0,0.0,1,0,bind
HotpotQA,20,Sand Mountainis part of the southern tip of a mountain chain in which part of North America ?,low,0,2,1,1,2.0,2.0,2.0,2,2,0,1.0,1.0,1.0,1.0,0.0,0.0,1.0,1.0,0.0,1,0,bind
HotpotQA,21,"At what intersection was the former home of the wooden roller coaster now located at Six Flags Great America in Gurnee, Illinois located?",low,0,2,1,1,3.0,3.0,3.0,2,2,0,0.0,0.0,1.0,1.0,-1.0,-1.0,0.5,1.0,-0.5,1,0,bind
HotpotQA,22,"""Heartbreak Hurricane"" was recorded by which country artist, that also goes by the name Ricky Skaggs?",high,1,4,2,1,2.0,1.0,2.0,2,2,0,0.0,0.4,0.0,0.4,0.0,0.0,1.0,1.0,0.0,1,0,bind
HotpotQA,23,The View from the Bottom is the fifth studio album by an American rock band best known for what hit song?,low,0,2,1,1,4.0,4.0,4.0,2,2,0,1.0,1.0,1.0,1.0,0.0,0.0,1.0,1.0,0.0,1,0,bind
HotpotQA,24,This Experts Network sports analysts was inducted into the Pro Football Hall of Fame in 2000 and played in the NFL for how many seasons?,low,0,2,1,1,1.0,1.0,1.0,2,1,1,0.0,0.6667,0.0,0.6666666666666666,0.0,3.333333333332966e-05,1.0,0.5,0.5,1,0,bind
HotpotQA,25,In between  Polytechnic University of the Philippines and California Polytechnic State University which was founded as a vocational high school?,high,1,3,2,2,3.0,1.5,3.0,2,2,0,1.0,1.0,1.0,1.0,0.0,0.0,1.0,1.0,0.0,1,0,bind
HotpotQA,26,Are Giuseppe Verdi and Ambroise Thomas both Opera composers ?,high,1,4,2,1,0.0,0.0,0.0,2,3,0,1.0,1.0,1.0,1.0,0.0,0.0,1.0,1.0,0.0,1,0,abstain
HotpotQA,27,Which historical drama filmed in the Winter Palace of the Russian State Hermitage Museum stars Sergey Dreyden?,high,1,3,2,2,5.0,2.5,4.0,2,2,0,1.0,1.0,1.0,1.0,0.0,0.0,1.0,1.0,0.0,1,0,bind
HotpotQA,28,"Who was born first, Karen Joy Fowler or Bruce Chatwin?",high,1,3,1,1,0.0,0.0,0.0,2,2,0,1.0,1.0,1.0,1.0,0.0,0.0,1.0,1.0,0.0,1,0,abstain
HotpotQA,29,"What WikiLeaks using whistleblower is notable for having a hacking organization with a user base of over 1,800,000?",high,1,4,2,2,0.0,0.0,0.0,2,2,0,1.0,1.0,0.0,0.0,1.0,1.0,1.0,1.0,0.0,1,0,abstain
HotpotQA,30,"Egremont Castle is located in what market town, civil parish, and two electoral wards in the Borough of Copeland in Cumbria, England?",high,1,3,0,0,0.0,0.0,0.0,2,3,0,1.0,1.0,1.0,1.0,0.0,0.0,1.0,1.0,0.0,1,0,abstain
HotpotQA,31,"Which opera has more acts, La jolie fille de Perth or Mitridate, re di Ponto?",high,1,3,1,1,0.0,0.0,0.0,2,2,0,0.0,0.5263,0.0,0.5263157894736842,0.0,-1.5789473684191258e-05,1.0,1.0,0.0,1,0,abstain
HotpotQA,32,What subsidiary of the largest airline of the Republic of China (Taiwan) has a main hub at Taichung Airport?,high,1,3,2,2,4.0,2.0,2.0,2,2,0,1.0,1.0,1.0,1.0,0.0,0.0,1.0,1.0,0.0,1,0,bind
HotpotQA,33,What is the name of the former MGM Grand Garden Special Events Center where the Mayweather-Ortiz fight took place?,low,0,2,1,1,2.0,2.0,2.0,2,2,0,0.0,0.6,0.0,0.6,0.0,0.0,1.0,1.0,0.0,1,0,bind
HotpotQA,34,Who created the NBC sitcom that Johnny Pemberton appears in as the character Bo Thompson?,low,0,2,1,1,1.0,1.0,1.0,2,2,0,1.0,1.0,1.0,1.0,0.0,0.0,1.0,1.0,0.0,1,0,bind
HotpotQA,35,Which aircraft engine powers a General Dynamics aircraft of which over 4500 have been built?,low,0,2,1,1,1.0,1.0,1.0,2,2,0,1.0,1.0,1.0,1.0,0.0,0.0,1.0,1.0,0.0,1,0,bind
HotpotQA,36,Which British racing driver has raced for 7 different teams and won the European Grand Prix in 1999?,high,1,4,3,3,3.0,1.0,1.0,2,2,0,1.0,1.0,1.0,1.0,0.0,0.0,1.0,1.0,0.0,1,0,bind
HotpotQA,37,In what city can a person find both the Nusretiye Clock Tower and the Eski Imaret Mosque be found?,high,1,3,1,1,0.0,0.0,0.0,2,2,0,0.0,0.6667,0.0,0.6666666666666666,0.0,3.333333333332966e-05,1.0,1.0,0.0,1,0,abstain
HotpotQA,38,"Which English musician is known for both the songs ""See Yourself"" and ""Withing You Without You""?",high,1,3,1,1,3.0,3.0,3.0,2,2,0,1.0,1.0,1.0,1.0,0.0,0.0,1.0,1.0,0.0,1,0,bind
HotpotQA,39,"Who has written more than 300 papers, Semyon Aranovich Gershgorin or Pavel Alexandrov?",high,1,4,2,1,0.0,0.0,0.0,2,2,0,0.0,0.8,0.0,0.8,0.0,0.0,1.0,1.0,0.0,1,0,abstain
HotpotQA,40,Which software application was originally made for the company that acquired RadioShack in 1963?,low,0,2,1,1,1.0,1.0,1.0,2,2,0,0.0,0.0,1.0,1.0,-1.0,-1.0,0.5,1.0,-0.5,1,0,bind
HotpotQA,41,Who wrote Bring Me Sunshine and where did they write it?,low,0,2,1,1,0.0,0.0,0.0,2,2,0,0.0,0.0,0.0,0.0,0.0,0.0,0.5,0.5,0.0,1,0,abstain
HotpotQA,42,What American professional Hawaiian surfer born 18 October 1992 won the Rip Curl Pro Portugal?,high,1,4,3,1,3.0,1.0,1.0,2,3,0,1.0,1.0,1.0,1.0,0.0,0.0,1.0,1.0,0.0,1,0,bind
HotpotQA,43,Bill Nelson flew as a Payload Specialist on a Space Shuttle launched for the first time in what year?,high,1,3,2,2,2.0,1.0,2.0,2,3,0,1.0,1.0,1.0,1.0,0.0,0.0,1.0,1.0,0.0,1,0,bind
HotpotQA,44,"The actress and singer Heather Morris is best known for her role in which series, becoming a regular character in the second season?",high,1,3,2,1,2.0,1.0,1.0,2,3,0,1.0,1.0,1.0,1.0,0.0,0.0,1.0,1.0,0.0,1,0,bind
HotpotQA,45,What age was Georgia Middleman when she started singing in the seventh-most populated city in the United States?,low,0,2,1,1,1.0,1.0,1.0,2,2,0,0.0,0.0,0.0,0.0,0.0,0.0,0.5,1.0,-0.5,1,0,bind
HotpotQA,46,Stockely Webster has paintings hanging in what home (that serves as the residence for the Mayor of New York)?,low,0,2,1,1,1.0,1.0,1.0,2,4,0,1.0,1.0,1.0,1.0,0.0,0.0,1.0,1.0,0.0,1,0,bind
HotpotQA,47,What composer with an Italian libretto was born 4 March 1678?,high,1,4,3,1,0.0,0.0,0.0,2,3,0,0.0,0.8,0.0,0.8,0.0,0.0,0.5,1.0,-0.5,1,0,abstain
HotpotQA,48,Ellie Parker is a 2005 American drama-comedy film whose title character is played by an English actress who made her screen debut in what Australian drama film?,low,0,2,1,1,2.0,2.0,2.0,2,3,0,1.0,1.0,1.0,1.0,0.0,0.0,1.0,1.0,0.0,1,0,bind
HotpotQA,49,A scam involving a male calling small town fast-food restaurants and pretending to be a police officer to have them strip search employees was turned into a movie of what name?,low,0,1,0,0,0.0,0.0,0.0,2,2,0,1.0,1.0,1.0,1.0,0.0,0.0,1.0,1.0,0.0,1,0,abstain
HotpotQA,50,Faith Goldy got fired after an interview she gave on what production site edited by Andrew Anglin?,low,0,2,1,1,1.0,1.0,1.0,2,2,0,1.0,1.0,1.0,1.0,0.0,0.0,1.0,1.0,0.0,1,0,bind
HotpotQA,51,What is the current home arena of the NHL team Chris Summers plays for?,low,0,2,1,1,1.0,1.0,1.0,2,2,0,1.0,1.0,1.0,1.0,0.0,0.0,1.0,1.0,0.0,1,0,bind
HotpotQA,52,Where is the headquarters for the service broadcaster the show Tenko is on?,low,0,2,1,1,1.0,1.0,1.0,2,2,0,0.0,0.4,0.0,0.4,0.0,0.0,1.0,1.0,0.0,1,0,bind
HotpotQA,53,"Meghan Strange is an American actress and voice actress, known for her role as Robin on what American animated television series produced for Disney Channel?",low,0,1,0,0,0.0,0.0,0.0,2,2,0,1.0,1.0,1.0,1.0,0.0,0.0,1.0,1.0,0.0,1,0,abstain
HotpotQA,54,Sam Mendes and Ruby Yang share what profession?,low,0,1,0,0,0.0,0.0,0.0,2,6,0,0.0,0.0,1.0,1.0,-1.0,-1.0,1.0,0.5,0.5,1,0,abstain
HotpotQA,55,The fourth episode The Simpsons' seventh season has what kind of theme?,low,0,2,1,1,0.0,0.0,0.0,2,2,0,1.0,1.0,0.0,0.0,1.0,1.0,1.0,1.0,0.0,1,0,abstain
HotpotQA,56,"La Machine a ecirire was written by what French writer, designer, playright, artist, and filmmaker, who is known for his novel, ""Les Enfants Terribles""?",low,0,2,1,1,1.0,1.0,1.0,2,4,0,0.0,0.5714,0.0,0.5714285714285715,0.0,-2.8571428571488866e-05,1.0,1.0,0.0,1,0,bind
HotpotQA,57,Gleanntáin Ghlas' Ghaoth Dobhair is a song that can be heard in pubs licensed to serve what?,low,0,2,1,1,0.0,0.0,0.0,2,2,0,1.0,1.0,1.0,1.0,0.0,0.0,1.0,1.0,0.0,1,0,abstain
HotpotQA,58,"In what year was the composer of ""Anthem"" born?",low,0,2,1,1,2.0,2.0,2.0,2,5,0,1.0,1.0,0.0,0.0,1.0,1.0,1.0,0.5,0.5,1,0,bind
HotpotQA,59,What profession do Raj Kapoor and Mike Cahill share?,high,1,3,1,1,0.0,0.0,0.0,2,8,0,0.0,0.0,0.0,0.6666666666666666,0.0,-0.6666666666666666,1.0,1.0,0.0,1,0,abstain
HotpotQA,60,"Wexner Graduate Fellowships are given to students who show an ability of an individual to ""lead"" or guide who?",low,0,2,1,1,0.0,0.0,0.0,2,3,0,0.0,0.0,0.0,0.0,0.0,0.0,1.0,1.0,0.0,1,0,abstain
HotpotQA,61,What is the birthdate of this Norwegian professional footballer who plays as an attacking midfielder and who broke the record for the youngest player that has ever played in the Norwegian top league?,low,0,2,1,1,4.0,4.0,4.0,2,2,0,1.0,1.0,1.0,1.0,0.0,0.0,1.0,1.0,0.0,1,0,bind
HotpotQA,62,"Works by Hanna Leena Kristiina Varis are part of a collection in a museum that houses approximately 65,000 what?",low,0,2,1,1,0.0,0.0,0.0,2,2,0,1.0,1.0,1.0,1.0,0.0,0.0,1.0,1.0,0.0,1,0,abstain
HotpotQA,63,Devil's Food is a singles compilation by an American rock and roll band that has also been known to play country shows under what?,low,0,2,1,1,3.0,3.0,3.0,2,2,0,0.0,0.0,1.0,1.0,-1.0,-1.0,1.0,1.0,0.0,1,0,bind
HotpotQA,64,What musical was inspired by the films that included Ruth Leuwerik's best known role?,high,1,3,2,2,1.0,0.5,1.0,2,3,0,1.0,1.0,1.0,1.0,0.0,0.0,1.0,1.0,0.0,1,0,bind
HotpotQA,65,What 1944 Bollywood film was the mother of Bollywood actor Govinda in?,low,0,1,0,0,0.0,0.0,0.0,2,2,0,0.0,0.5,0.0,0.5,0.0,0.0,1.0,1.0,0.0,1,0,abstain
HotpotQA,66,How many episodes were in the original run of the HBO show that Kristin Davis played the character Charlotte York Goldenblatt?,low,0,2,1,1,1.0,1.0,1.0,2,4,0,1.0,1.0,1.0,1.0,0.0,0.0,1.0,0.5,0.5,1,0,bind
HotpotQA,67,"Haier has North American rights to which appliance company headquartered in Louisville, Kentucky?",high,1,3,1,1,2.0,2.0,2.0,2,2,0,0.0,0.0,1.0,1.0,-1.0,-1.0,1.0,1.0,0.0,1,0,bind
HotpotQA,68,"When was the track from which a sample was featured in ""Take Me to the Clouds Above"" released?",low,0,2,1,1,1.0,1.0,1.0,2,3,0,0.0,0.0,0.0,0.0,0.0,0.0,0.5,1.0,-0.5,1,0,bind
HotpotQA,69,Who directed a 2006 film where Ron Perkins character plays the manager of a hotel?,low,0,2,1,1,1.0,1.0,1.0,2,2,0,1.0,1.0,1.0,1.0,0.0,0.0,1.0,1.0,0.0,1,0,bind
HotpotQA,70,What movie did Chris Duesterdiek work on that was directed by Seth Rogen and Evan Goldberg?,low,0,2,1,1,2.0,2.0,2.0,2,2,0,1.0,1.0,1.0,1.0,0.0,0.0,1.0,1.0,0.0,1,0,bind
HotpotQA,71,"The producer of ""Live By NIght"" began his film career playing what role in ""Critters 3""?",low,0,2,1,1,3.0,3.0,3.0,2,2,0,0.0,0.0,1.0,1.0,-1.0,-1.0,0.5,0.5,0.0,1,0,bind
HotpotQA,72,"What is the county seat of the county in which Keokuk Falls, Oklahoma is loated?",low,0,2,1,1,0.0,0.0,0.0,2,2,0,1.0,1.0,1.0,1.0,0.0,0.0,1.0,1.0,0.0,1,0,abstain
HotpotQA,73,What former president of ABC television is a high ranking officer in the same company as Christine Mccarthy?,high,1,3,1,1,0.0,0.0,0.0,2,3,0,0.0,0.5,0.0,0.5,0.0,0.0,1.0,1.0,0.0,1,0,abstain
HotpotQA,74,Where was the second World Junior Ice Hockey Championship in which Miroslav Přerost coached the men's national junior ice hockey team hosted?,high,1,4,3,3,1.0,0.3333333333333333,1.0,2,3,0,0.0,0.0,1.0,1.0,-1.0,-1.0,0.5,1.0,-0.5,1,0,bind
HotpotQA,75,"Between two bands Audioslave and Bodyjar, which group formed earlier?",high,1,3,1,1,0.0,0.0,0.0,2,2,0,1.0,1.0,1.0,1.0,0.0,0.0,1.0,1.0,0.0,1,0,abstain
HotpotQA,76,What music school did the singer of The Search for Everything: Wave One attend?,low,0,2,1,1,1.0,1.0,1.0,2,1,1,1.0,1.0,1.0,1.0,0.0,0.0,1.0,0.5,0.5,1,0,bind
HotpotQA,77,"Gérald Genta, a Swiss jewelllery designer, worked with what luxury Swiss watch manufacturer which was founded by American Watch,aker Florentine Ariosts Jones?",high,1,3,1,1,4.0,4.0,4.0,2,2,0,0.0,0.6667,0.0,0.6666666666666666,0.0,3.333333333332966e-05,1.0,1.0,0.0,1,0,bind
HotpotQA,78,What city did the musician whose debut album shares its title with the 1959 Alfred Hitchcock hail from?,high,1,4,3,3,8.0,2.6666666666666665,5.0,2,3,0,0.0,0.0,0.0,0.6666666666666666,0.0,-0.6666666666666666,0.5,1.0,-0.5,1,0,bind
HotpotQA,79,The 53rd National Hockey League All-Star Game took place at the indoor arena that was completed in what year?,low,0,1,0,0,0.0,0.0,0.0,2,2,0,1.0,1.0,1.0,1.0,0.0,0.0,1.0,1.0,0.0,1,0,abstain
HotpotQA,80,Which of Damon Stoudamire's cousins once played college basketball for the University of Kentucky?,low,0,2,1,1,1.0,1.0,1.0,2,4,0,1.0,1.0,1.0,1.0,0.0,0.0,1.0,1.0,0.0,1,0,bind
HotpotQA,81,The player who defeated Johnny Majors for the Heisman Trophy in 1956 was born in what year?,low,0,2,1,1,1.0,1.0,1.0,2,2,0,1.0,1.0,1.0,1.0,0.0,0.0,1.0,1.0,0.0,1,0,bind
HotpotQA,82,In which election did Norm Coleman won to become the last republican elected as of 2017?,low,0,1,0,0,0.0,0.0,0.0,2,3,0,1.0,1.0,0.0,0.25,1.0,0.75,1.0,1.0,0.0,1,0,abstain
HotpotQA,83,"Who is the mother of Mary, Crown Princess of Denmark's husband?",low,0,2,1,1,2.0,2.0,2.0,2,3,0,1.0,1.0,1.0,1.0,0.0,0.0,1.0,1.0,0.0,1,0,bind
HotpotQA,84,What park replaced American's first waterpark designed by the creator of seaworld?,high,1,3,2,2,0.0,0.0,0.0,2,2,0,0.0,0.0,0.0,0.0,0.0,0.0,1.0,1.0,0.0,1,0,abstain
HotpotQA,85,What year did Fifty Shades of Grey release?,low,0,1,0,0,0.0,0.0,0.0,2,4,0,1.0,1.0,1.0,1.0,0.0,0.0,1.0,1.0,0.0,1,0,abstain
HotpotQA,86,The ghetto that George Kadish documented held how many people at its peak?,low,0,2,1,1,2.0,2.0,2.0,2,2,0,1.0,1.0,1.0,1.0,0.0,0.0,1.0,1.0,0.0,1,0,bind
HotpotQA,87,In which poetic form is Mad Girl's Love Song written and appears in the novel The Bell Jar by Sylvia Plath?,high,1,3,2,2,0.0,0.0,0.0,2,1,1,0.0,0.5,0.0,0.5,0.0,0.0,1.0,0.5,0.5,1,0,abstain
HotpotQA,88,Which production company was involved with both of the movies A Kid in King Arthur's Court and The Great Locomotive Chase?,high,1,3,1,1,2.0,2.0,2.0,2,2,0,1.0,1.0,1.0,1.0,0.0,0.0,1.0,1.0,0.0,1,0,bind
HotpotQA,89,What where both Hawker Hurricane and No. 1455 Flight apart of?,high,1,3,1,1,0.0,0.0,0.0,2,4,0,0.0,0.0,1.0,1.0,-1.0,-1.0,1.0,1.0,0.0,1,0,abstain
HotpotQA,90,Kadeem Jack is a player in a league that started with how many teams?,low,0,2,1,1,1.0,1.0,1.0,2,1,1,0.0,0.0,0.0,0.0,0.0,0.0,1.0,0.5,0.5,1,0,bind
HotpotQA,91,What country is the member of Gujarat Legislative Assembly and parliament representing?,low,0,2,1,1,4.0,4.0,4.0,2,9,0,0.0,0.0,0.0,0.0,0.0,0.0,0.5,0.5,0.0,1,0,bind
HotpotQA,92,"Of four Harry S. Truman Supreme Court candidates, who was the 53rd United States Secretary of the Treasury and the 13th Chief Justice of the United States?",low,0,2,1,1,1.0,1.0,1.0,2,2,0,1.0,1.0,1.0,1.0,0.0,0.0,1.0,1.0,0.0,1,0,bind
HotpotQA,93,In what month was the relief first officer of the flight that crashed on its way to Cairo with a stop in New York Born?,high,1,3,2,2,7.0,3.5,4.0,2,2,0,1.0,1.0,1.0,1.0,0.0,0.0,1.0,1.0,0.0,1,0,bind
HotpotQA,94,Are The Datsuns and The Black Crowes both rock bands?,high,1,3,1,1,0.0,0.0,0.0,2,4,0,1.0,1.0,1.0,1.0,0.0,0.0,1.0,1.0,0.0,1,0,abstain
HotpotQA,95,Legends of the Fall was based on a novella by what poetry and fiction writer?,low,0,1,0,0,0.0,0.0,0.0,2,2,0,0.0,0.5,0.0,0.5,0.0,0.0,1.0,1.0,0.0,1,0,abstain
HotpotQA,96,Rimo I and Passu Sar are both part of which mountain range?,high,1,3,1,1,1.0,1.0,1.0,2,2,0,0.0,0.5,0.0,0.5,0.0,0.0,1.0,1.0,0.0,1,0,bind
HotpotQA,97,"What was the country which has border with the village where an Austrian forest caretaker, naturalist, pseudoscientistref>Ronald Engert: ""Die Forellenturbine als Prinzip der kostenlosen Energiegewinnung born?",low,0,2,1,1,0.0,0.0,0.0,2,2,0,1.0,1.0,1.0,1.0,0.0,0.0,1.0,1.0,0.0,1,0,abstain
HotpotQA,98,Which team did Joe Buck's father broadcast for?,low,0,2,1,1,0.0,0.0,0.0,2,4,0,1.0,1.0,1.0,1.0,0.0,0.0,1.0,1.0,0.0,1,0,abstain
HotpotQA,99,What is the name of the city located near the historical region known as Margianḗ in Greek?,low,0,2,1,1,4.0,4.0,4.0,2,2,0,0.0,0.0,0.0,0.0,0.0,0.0,1.0,1.0,0.0,1,0,bind
HotpotQA,100,The eastern coast of Ivan Zammit's birth city is located along what body of water?,low,0,2,1,1,1.0,1.0,1.0,2,2,0,1.0,1.0,1.0,1.0,0.0,0.0,1.0,1.0,0.0,1,0,bind
HotpotQA,101,"Who was born earlier, Robert Mulligan or James Foley?",high,1,3,1,1,0.0,0.0,0.0,2,2,0,0.0,0.8,0.0,0.8,0.0,0.0,1.0,1.0,0.0,1,0,abstain
HotpotQA,102,Lex Antonia nullified the dictatorial laws set up by which Roman general?,low,0,2,1,1,1.0,1.0,1.0,2,3,0,1.0,1.0,1.0,1.0,0.0,0.0,1.0,1.0,0.0,1,0,bind
HotpotQA,103,What player was the first overall pick in the 2004 NFL draft and had the Manning Field named after him?,low,0,2,1,1,2.0,2.0,2.0,2,3,0,1.0,1.0,1.0,1.0,0.0,0.0,1.0,0.5,0.5,1,0,bind
HotpotQA,104,What did  the man who  led Sweden to military supremacy during the Thirty Years' War found in 1623?,low,0,2,1,1,1.0,1.0,1.0,2,2,0,0.0,0.0,1.0,1.0,-1.0,-1.0,0.5,1.0,-0.5,1,0,bind
HotpotQA,105,Cliburn railway station was a station situated on This railway that  ran between Clifton Junction near Penrith and Kirkby Stephen via what?,low,0,2,1,1,2.0,2.0,2.0,2,6,0,1.0,1.0,1.0,1.0,0.0,0.0,1.0,1.0,0.0,1,0,bind
HotpotQA,106,Pajottenland has historically provided beers that include are fermented through yeasts native to what valley?,low,0,1,0,0,0.0,0.0,0.0,2,2,0,1.0,1.0,1.0,1.0,0.0,0.0,1.0,1.0,0.0,1,0,abstain
HotpotQA,107,APB and Sleeper are both from britain?,high,1,3,1,1,1.0,1.0,1.0,2,9,0,1.0,1.0,1.0,1.0,0.0,0.0,1.0,1.0,0.0,1,0,bind
HotpotQA,108,Which  princess of French origin did Conrad IV of Germany married to,low,0,2,1,1,2.0,2.0,2.0,2,2,0,0.0,0.6667,0.0,0.6666666666666666,0.0,3.333333333332966e-05,1.0,0.5,0.5,1,0,bind
HotpotQA,109,"Mr. Wilson's Cabinet of Wonder: Pronged Ants, Horned Humans, Mice on Toast, and Other Marvels of Jurassic Technology is a book about a museum that is located in which city ?",low,0,1,0,0,0.0,0.0,0.0,2,3,0,1.0,1.0,1.0,1.0,0.0,0.0,1.0,1.0,0.0,1,0,abstain
HotpotQA,110,"Which American singer and songwriter has a mezzo-soprano vocal range, Tim Armstrong or Tori Amos?",high,1,4,0,0,0.0,0.0,0.0,2,2,0,1.0,1.0,1.0,1.0,0.0,0.0,1.0,1.0,0.0,1,0,abstain
HotpotQA,111,"When was the actor in the CW show developed by Greg Berlanti who also appears in ""Gods and Generals"" born?",low,0,2,1,1,4.0,4.0,4.0,2,2,0,0.0,0.5,0.0,0.0,0.0,0.5,1.0,0.5,0.5,1,0,bind
HotpotQA,112,Where was the set for the winner of the WD Weatherford Award in 1998?,low,0,2,1,1,0.0,0.0,0.0,2,2,0,0.0,0.0,0.0,0.5,0.0,-0.5,0.0,1.0,-1.0,1,0,abstain
HotpotQA,113,Who beacme a star as a comic book character created by Gerry Conway and Bob Oksner?,low,0,2,1,1,1.0,1.0,1.0,2,2,0,0.0,0.0,1.0,1.0,-1.0,-1.0,0.5,1.0,-0.5,1,0,bind
HotpotQA,114,The creek of which Paradise Creek is a tributary is a tributary of what river?,low,0,1,0,0,0.0,0.0,0.0,2,2,0,1.0,1.0,1.0,1.0,0.0,0.0,1.0,1.0,0.0,1,0,abstain
HotpotQA,115,Did the Beaulieu Mine or the McIntyre Mines yield gold and copper?,high,1,4,2,1,2.0,1.0,1.0,2,2,0,0.0,0.2222,0.0,0.16666666666666666,0.0,0.05553333333333335,1.0,1.0,0.0,1,0,bind
HotpotQA,116,"Which dog breed has more derivative breeds from the original, German Spitz or Norfolk Spaniel?",high,1,3,1,1,2.0,2.0,2.0,2,5,0,1.0,1.0,1.0,1.0,0.0,0.0,1.0,1.0,0.0,1,0,bind
HotpotQA,117,"Which album was released first, ""Talk That Talk"" or ""Loud""?",high,1,3,1,1,0.0,0.0,0.0,2,6,0,1.0,1.0,1.0,1.0,0.0,0.0,1.0,0.5,0.5,1,0,abstain
HotpotQA,118,"What was the name of the storm that was the fifth hurricane of the season where Miami, Florida became the new National Hurricane Center?",low,0,2,1,1,3.0,3.0,3.0,2,2,0,1.0,1.0,1.0,1.0,0.0,0.0,0.5,1.0,-0.5,1,0,bind
HotpotQA,119,"Hans Florian Zimmer composed The original music score for  Pacific Heights, since the 19080's how many films has he composed music for?",low,0,1,0,0,0.0,0.0,0.0,2,2,0,0.0,0.8,0.0,0.8,0.0,0.0,1.0,1.0,0.0,1,0,abstain
HotpotQA,120,"Who is older, Tarryl Lynn Clark or Michele Marie Bachmann?",high,1,3,1,1,1.0,1.0,1.0,2,2,0,1.0,1.0,1.0,1.0,0.0,0.0,1.0,1.0,0.0,1,0,bind
HotpotQA,121,What Harry Potter actor strred in My Boy Jack?,high,1,3,2,2,1.0,0.5,1.0,2,3,0,1.0,1.0,1.0,1.0,0.0,0.0,1.0,1.0,0.0,1,0,bind
HotpotQA,122,When was the king that started coin production in Copenhagen born?,low,0,2,1,1,0.0,0.0,0.0,2,2,0,0.0,0.5,1.0,1.0,-1.0,-0.5,0.5,1.0,-0.5,1,0,abstain
HotpotQA,123,Which professional baseball player and National 1993 Baseball Hall of Fame inductee is featured in the Greatest Sports Legends anthology?,high,1,3,2,2,3.0,1.5,2.0,2,2,0,0.0,0.6667,0.0,0.6666666666666666,0.0,3.333333333332966e-05,1.0,1.0,0.0,1,0,bind
HotpotQA,124,Additi Gupta is known for negative roles in the drama series that broadcasts on what country's Star Plus network?,low,0,2,1,1,0.0,0.0,0.0,2,2,0,0.0,0.0,0.0,0.0,0.0,0.0,1.0,1.0,0.0,1,0,abstain
HotpotQA,125,Bartlett's Bridge was built by the engineer who worked for the county seat of which Massachusetts county?,low,0,2,1,1,0.0,0.0,0.0,2,2,0,1.0,1.0,1.0,1.0,0.0,0.0,1.0,1.0,0.0,1,0,abstain
HotpotQA,126,What term is the current chairman of Prince William County serving?,low,0,2,1,1,1.0,1.0,1.0,2,2,0,0.0,0.6667,0.0,0.6666666666666666,0.0,3.333333333332966e-05,1.0,1.0,0.0,1,0,bind
HotpotQA,127,The Twelfth United States Army Group commander was the first chairman of what?,low,0,2,1,1,4.0,4.0,4.0,2,2,0,1.0,1.0,1.0,1.0,0.0,0.0,1.0,1.0,0.0,1,0,bind
HotpotQA,128,Are William James and Bret Easton Ellis both screenwriters?,high,1,4,2,1,1.0,0.5,1.0,2,2,0,1.0,1.0,1.0,1.0,0.0,0.0,1.0,1.0,0.0,1,0,bind
HotpotQA,129,One of Central Dublin's most historic working-class neighbourhoods is the home to a football club who were the first ever winners of what cup?,low,0,2,1,1,2.0,2.0,2.0,2,2,0,1.0,1.0,1.0,1.0,0.0,0.0,1.0,1.0,0.0,1,0,bind
HotpotQA,130,What where Mark Chamberlain and Alex Oxlade-Chamberlain being?,high,1,3,1,1,1.0,1.0,1.0,2,3,0,0.0,0.3333,0.0,0.0,0.0,0.3333,1.0,1.0,0.0,1,0,bind
HotpotQA,131,Dianne Hiles is the current Australian Greens candidate for which 1968 federal proclamation?,low,0,1,0,0,0.0,0.0,0.0,2,2,0,1.0,1.0,1.0,1.0,0.0,0.0,1.0,1.0,0.0,1,0,abstain
HotpotQA,132,"Which character did this Australian-American actress who appeared in the movie ""Felony"" play in the Australian soap opera ""Home and Away?""",low,0,2,1,1,0.0,0.0,0.0,2,2,0,1.0,1.0,1.0,1.0,0.0,0.0,1.0,1.0,0.0,1,0,abstain
HotpotQA,133,"Which city in Missouri is the Route 66 State Park closest to travel from, St.Louis or Eureka?",high,1,4,3,1,3.0,1.0,1.0,2,3,0,1.0,1.0,1.0,1.0,0.0,0.0,1.0,1.0,0.0,1,0,bind
HotpotQA,134,What was the nickname of the 76er who was drafted 3rd in the 2014 draft?,low,0,2,1,1,2.0,2.0,2.0,2,2,0,1.0,1.0,1.0,1.0,0.0,0.0,1.0,1.0,0.0,1,0,bind
HotpotQA,135,"Red Bend Catholic College contributes 800 students of the 7,560 population of what central west region of south Wales, Australia town?",low,0,2,1,1,3.0,3.0,3.0,2,2,0,0.0,0.1818,0.0,0.18181818181818182,0.0,-1.8181818181833842e-05,1.0,1.0,0.0,1,0,bind
HotpotQA,136,"In what year was the narrator of ""Blackadder's Christmas Carol"" born?",low,0,2,1,1,1.0,1.0,1.0,2,2,0,1.0,1.0,1.0,1.0,0.0,0.0,1.0,1.0,0.0,1,0,bind
HotpotQA,137,Black Journal is based on the real life events of what serial killer that  murdered three women in Correggio?,low,0,2,1,1,1.0,1.0,1.0,2,2,0,1.0,1.0,1.0,1.0,0.0,0.0,1.0,1.0,0.0,1,0,bind
HotpotQA,138,Where did the descendants of the group of black Indians associated with the Seminole people settle?,low,0,2,1,1,2.0,2.0,2.0,2,4,0,0.0,0.0,1.0,1.0,-1.0,-1.0,0.5,1.0,-0.5,1,0,bind
HotpotQA,139,What state was the dissenter in Kessler v. Treat from?,low,0,2,1,1,1.0,1.0,1.0,2,1,1,1.0,1.0,1.0,1.0,0.0,0.0,1.0,0.5,0.5,1,0,bind
HotpotQA,140,In what town is the office organization solutions company whose Canadian arm is Oxford headquartered?,low,0,2,1,1,1.0,1.0,1.0,2,2,0,1.0,1.0,1.0,1.0,0.0,0.0,1.0,1.0,0.0,1,0,bind
HotpotQA,141,What was the name of the lawyer who took the main role in the report that helped land Pete Rose a lifetime suspension from baseball?,low,0,2,1,1,1.0,1.0,1.0,2,2,0,1.0,1.0,1.0,1.0,0.0,0.0,1.0,1.0,0.0,1,0,bind
HotpotQA,142,Which American anthology horror series created and produced by Ryan Murphy and Brad Falchuk did  Denis O'Hare filmography performance in the first season of,low,0,2,1,1,3.0,3.0,3.0,2,4,0,1.0,1.0,1.0,1.0,0.0,0.0,1.0,1.0,0.0,1,0,bind
HotpotQA,143,Has Stefan Edberg won more events than  Édouard Roger-Vasselin?,high,1,3,1,1,4.0,4.0,4.0,2,6,0,1.0,1.0,1.0,1.0,0.0,0.0,1.0,0.5,0.5,1,0,bind
HotpotQA,144,"Which movie came out first, ""Bambi"" or ""Underdog""?",high,1,3,1,1,0.0,0.0,0.0,2,2,0,1.0,1.0,1.0,1.0,0.0,0.0,1.0,1.0,0.0,1,0,abstain
HotpotQA,145,Who was known for playing a fictionalized version of the wild politician who was the face of communist scare tact's in the early 1950's?,high,1,4,3,3,3.0,1.0,2.0,2,1,1,0.0,0.0,1.0,1.0,-1.0,-1.0,0.5,0.5,0.0,1,0,bind
HotpotQA,146,"In the The Simpsons episode ""Principal Charming, Homer invites a character over for dinner who is voiced by whom?",low,0,2,1,1,1.0,1.0,1.0,2,4,0,1.0,1.0,1.0,1.0,0.0,0.0,1.0,1.0,0.0,1,0,bind
HotpotQA,147,The comedy play written by Shakespeare titled Twelfth Night is also know by what name?,low,0,1,0,0,0.0,0.0,0.0,2,6,0,1.0,1.0,1.0,1.0,0.0,0.0,0.5,0.5,0.0,1,0,abstain
HotpotQA,148,"Which author found inspiration in their career prior to writing, Hart Crane or John le Carré?",high,1,4,2,1,0.0,0.0,0.0,2,2,0,1.0,1.0,1.0,1.0,0.0,0.0,1.0,1.0,0.0,1,0,abstain
HotpotQA,149,In what year was the Commander of the second human spaceflight mission in the United States Apollo space program born?,low,0,2,1,1,2.0,2.0,2.0,2,2,0,1.0,1.0,1.0,1.0,0.0,0.0,1.0,1.0,0.0,1,0,bind
HotpotQA,150,"Which of Mabel Keyes Babcock's distant relatives wrote ""Of Plymouth Plantation"" and served as Governor of the Plymouth Colony?",high,1,3,2,2,2.0,1.0,1.0,2,3,0,1.0,1.0,1.0,1.0,0.0,0.0,1.0,1.0,0.0,1,0,bind
HotpotQA,151,Bride of the Regiment was later remade into a 1948 film starring the actress and pin-up girl who was the highest-salaried American woman in which two years?,high,1,3,2,2,4.0,2.0,4.0,2,2,0,1.0,1.0,1.0,1.0,0.0,0.0,1.0,1.0,0.0,1,0,bind
HotpotQA,152,"When was the multinational group headquartered in the Netherlands adjacent to the Junction 27 Retail Park near Birstall, Batley, West Yorkshite, England, founded?",low,0,2,1,1,0.0,0.0,0.0,2,2,0,1.0,1.0,1.0,1.0,0.0,0.0,1.0,1.0,0.0,1,0,abstain
HotpotQA,153,"Which film has more writers, Splash or Christopher Robin?",high,1,3,1,1,2.0,2.0,2.0,2,2,0,1.0,1.0,1.0,1.0,0.0,0.0,1.0,1.0,0.0,1,0,bind
HotpotQA,154,Who composed the theme music in 1989 of an animated television series which has the current arrangement by a person who  has scored or orchestrated music for more than 30 films and television shows?,high,1,4,3,2,9.0,3.0,3.0,2,2,0,1.0,1.0,1.0,1.0,0.0,0.0,1.0,1.0,0.0,1,0,bind
HotpotQA,155,"Ist das Ihr Fahrrad Mr O’Brien? is a German biographical radio play about life, works and legacy of an Irish novelist whose many satrical columns were written under what name?",low,0,2,1,1,4.0,4.0,4.0,2,2,0,1.0,1.0,1.0,1.0,0.0,0.0,1.0,1.0,0.0,1,0,bind
HotpotQA,156,Who is the writer of this song that was inspired by words on a tombstone and was the first track on the box set Back to Mono?,low,0,2,1,1,1.0,1.0,1.0,2,2,0,1.0,1.0,1.0,1.0,0.0,0.0,1.0,1.0,0.0,1,0,bind
HotpotQA,157,Lou Cutell appeared on the third episode of the ninth season of an CBS sitcom that was what number episode overall?,low,0,2,1,1,1.0,1.0,1.0,2,2,0,0.0,0.0,0.0,0.0,0.0,0.0,1.0,1.0,0.0,1,0,bind
HotpotQA,158,"Which breed, Chinese Chongqing Dog or Kanni, is used for hunting?",high,1,3,1,1,0.0,0.0,0.0,2,2,0,0.0,0.0,1.0,1.0,-1.0,-1.0,1.0,1.0,0.0,1,0,abstain
HotpotQA,159,What kind of material forms the wrapping for the chocolate candies that Hershey Kissables were shaped like?,low,0,2,1,1,3.0,3.0,3.0,2,2,0,1.0,1.0,1.0,1.0,0.0,0.0,1.0,1.0,0.0,1,0,bind
HotpotQA,160,Who is the cofounder of Big Gates Records that collaborated with DJ Khaled on his second album “We the Best”?,high,1,3,2,2,1.0,0.5,1.0,2,2,0,0.0,0.0,0.0,0.0,0.0,0.0,0.5,0.5,0.0,1,0,bind
HotpotQA,161,"What actor appeared in ""Evening in Byzantium"" and was nominated for the Academy Award for Best Supporting Actor in 1973 for ""The Heartbreak Kid""?",high,1,3,1,1,1.0,1.0,1.0,2,2,0,0.0,0.4,0.0,0.4,0.0,0.0,1.0,1.0,0.0,1,0,bind
HotpotQA,162,"The movie ""100 Million BC"" continues the urban myth of an experiment allegedly carried out at waht shipyard?",low,0,2,1,1,1.0,1.0,1.0,2,2,0,1.0,1.0,1.0,1.0,0.0,0.0,1.0,1.0,0.0,1,0,bind
HotpotQA,163,What three other National forests are administered by the same people who administer the park in which the Art Loeb trail runs through?,high,1,3,2,2,3.0,1.5,2.0,2,3,0,1.0,1.0,1.0,1.0,0.0,0.0,1.0,1.0,0.0,1,0,bind
HotpotQA,164,What machine has the same name as another machine created by Ludwig Boltzmann?,low,0,2,1,1,1.0,1.0,1.0,2,2,0,1.0,1.0,0.0,0.4,1.0,0.6,1.0,0.5,0.5,1,0,bind
HotpotQA,165,What is it called when a piece of media is altered from its original state like when Bubba Sparxxx was featured in the song Oops?,low,0,1,0,0,0.0,0.0,0.0,2,2,0,1.0,1.0,1.0,1.0,0.0,0.0,1.0,1.0,0.0,1,0,abstain
HotpotQA,166,Are Benjamin Britten and Béla Bartók from the same country?,high,1,3,1,1,0.0,0.0,0.0,2,3,0,1.0,1.0,1.0,1.0,0.0,0.0,1.0,1.0,0.0,1,0,abstain
HotpotQA,167,"Who was the architect of a Dutch museum dedicated to the arts and history in Amsterdam, located at the Museum Square?",low,0,2,1,1,3.0,3.0,3.0,2,4,0,0.0,0.5714,0.0,0.5714285714285715,0.0,-2.8571428571488866e-05,1.0,1.0,0.0,1,0,bind
HotpotQA,168,Do Lush and P.O.D. both consist of four band members?,high,1,3,1,1,0.0,0.0,0.0,2,2,0,1.0,1.0,1.0,1.0,0.0,0.0,1.0,1.0,0.0,1,0,abstain
HotpotQA,169,"Which singer is younger, Shirley Manson or Jim Kerr?",high,1,3,1,1,0.0,0.0,0.0,2,2,0,0.0,0.8,0.0,0.8,0.0,0.0,1.0,1.0,0.0,1,0,abstain
HotpotQA,170,"Murray Seafield St George Head most recognised for which song from the concept album and subsequent musical ""Chess"" by Tim Rice, Benny Andersson and Björn Ulvaeus?",low,0,1,0,0,0.0,0.0,0.0,2,3,0,1.0,1.0,1.0,1.0,0.0,0.0,1.0,1.0,0.0,1,0,abstain
HotpotQA,171,William Pery served as Captain of the Yeomen of the Guard under the lord who served in what position from 1865 to 1868?,low,0,2,1,1,1.0,1.0,1.0,2,3,0,1.0,1.0,0.0,0.0,1.0,1.0,1.0,1.0,0.0,1,0,bind
HotpotQA,172,"Whiich genus has more species, Dracula or Pistacia?",high,1,3,1,1,0.0,0.0,0.0,2,5,0,1.0,1.0,1.0,1.0,0.0,0.0,1.0,1.0,0.0,1,0,abstain
HotpotQA,173,What occupation do Anita Loos and Grace Metalious share?,high,1,3,1,1,1.0,1.0,1.0,2,9,0,0.0,0.6667,0.0,0.6666666666666666,0.0,3.333333333332966e-05,1.0,1.0,0.0,1,0,bind
HotpotQA,174,"Who is affiliated with more countries as a director, Robert Florey and R. G. Springsteen?",high,1,4,3,2,0.0,0.0,0.0,2,7,0,1.0,1.0,1.0,1.0,0.0,0.0,1.0,1.0,0.0,1,0,abstain
HotpotQA,175,"Grammy winner for song of the year, also put out a 1971 album by the Carpenters, but what song did he win an Academy Award for Best Original Songs?",low,0,2,1,1,2.0,2.0,2.0,2,5,0,0.0,0.0,0.0,0.0,0.0,0.0,1.0,0.5,0.5,1,0,bind
HotpotQA,176,"""One Less Set of Footsteps"" is a song written and performed by a singer born in which year ?",low,0,2,1,1,1.0,1.0,1.0,2,2,0,1.0,1.0,1.0,1.0,0.0,0.0,1.0,1.0,0.0,1,0,bind
HotpotQA,177,which sultan of the Ottoman Empire was  Gevherhan Sultan her granddaughter,low,0,2,1,1,1.0,1.0,1.0,2,2,0,0.0,0.5,0.0,0.0,0.0,0.5,1.0,0.5,0.5,1,0,bind
HotpotQA,178,What is the name of the hotel on the Upper West Side of New York City that housed a gay bathhouse?,low,0,2,1,1,2.0,2.0,2.0,2,2,0,0.0,0.6667,0.0,0.6666666666666666,0.0,3.333333333332966e-05,1.0,1.0,0.0,1,0,bind
HotpotQA,179,Which group of outlaws from the 1890s shares a name with a Yugoslav rock band?,high,1,3,2,2,6.0,3.0,5.0,2,2,0,1.0,1.0,1.0,1.0,0.0,0.0,1.0,1.0,0.0,1,0,bind
HotpotQA,180,What county is Keene High School located in?,low,0,2,1,1,2.0,2.0,2.0,2,3,0,1.0,1.0,0.0,0.5,1.0,0.5,1.0,0.5,0.5,1,0,bind
HotpotQA,181,How many cards can a player choose from to be part of their hand in the card game that was the culmination game of the United States Poker Championship?,low,0,2,1,1,1.0,1.0,1.0,2,2,0,0.0,0.0,0.0,0.0,0.0,0.0,1.0,0.5,0.5,1,0,bind
HotpotQA,182,"Which other film did one of the supporting cast in ""Sleepless in Seattle"" appear?",low,0,2,1,1,2.0,2.0,2.0,2,4,0,0.0,0.0,0.0,0.0,0.0,0.0,1.0,1.0,0.0,1,0,bind
HotpotQA,183,What type of diary did one of the founders of the John Bishop Memorial Hospital in Srinagar write?,low,0,2,1,1,1.0,1.0,1.0,2,3,0,0.0,0.5,1.0,1.0,-1.0,-0.5,0.5,1.0,-0.5,1,0,bind
HotpotQA,184,What year did Guns N Roses perform a promo for a movie starring Arnold Schwarzenegger as a former New York Police detective?,low,0,2,1,1,1.0,1.0,1.0,2,3,0,1.0,1.0,1.0,1.0,0.0,0.0,0.5,1.0,-0.5,1,0,bind
HotpotQA,185,What key role did the stadium's snowplow operated play in the game following the Dolphins win against the Minnesota Vikings?,low,0,2,1,1,5.0,5.0,5.0,2,1,1,0.0,0.4762,0.0,0.0,0.0,0.4762,1.0,0.5,0.5,1,0,bind
HotpotQA,186,In which sport does both Virginia Ruzici and Andy Murray participate?,high,1,3,1,1,5.0,5.0,5.0,2,8,0,0.0,0.5,0.0,0.5,0.0,0.0,1.0,1.0,0.0,1,0,bind
HotpotQA,187,"Which breed was bred first, the English Water Spaniel or the Estonian Hound?",high,1,3,1,1,0.0,0.0,0.0,2,2,0,0.0,0.0,0.0,0.0,0.0,0.0,1.0,1.0,0.0,1,0,abstain
HotpotQA,188,What notable work from French music video director Yoann Lemoine features an apology and plea for forgiveness?,low,0,1,0,0,0.0,0.0,0.0,2,2,0,0.0,0.0,0.0,0.0,0.0,0.0,1.0,0.5,0.5,1,0,abstain
HotpotQA,189,Did Zaza Pachulia win an NBA Championship with the Atlanta Hawks?,low,0,2,1,1,1.0,1.0,1.0,2,3,0,0.0,0.0,0.0,0.0,0.0,0.0,1.0,1.0,0.0,1,0,bind
HotpotQA,190,The company that created the Data Universal Numbering System has a database that contains how many business records?,low,0,2,1,1,0.0,0.0,0.0,2,2,0,0.0,0.6667,1.0,1.0,-1.0,-0.33330000000000004,1.0,1.0,0.0,1,0,abstain
HotpotQA,191,"What 1997 song was on the Garth Brooks album that debuted at #1 on the ""Billboard"" 200?",low,0,2,1,1,3.0,3.0,3.0,2,2,0,1.0,1.0,0.0,0.0,1.0,1.0,1.0,1.0,0.0,1,0,bind
HotpotQA,192,"What was the name of the band of Confederate army deserters in the 2016 movie starring Matthew McConaughey, Gugu Mbatha-Raw, and Keri Russell?",low,0,2,1,1,1.0,1.0,1.0,2,2,0,1.0,1.0,1.0,1.0,0.0,0.0,1.0,1.0,0.0,1,0,bind
HotpotQA,193,Is the Marsilea or the Brabejum the genus of more individual species of plants?,high,1,3,1,1,1.0,1.0,1.0,2,3,0,1.0,1.0,1.0,1.0,0.0,0.0,1.0,0.5,0.5,1,0,bind
HotpotQA,194,"In which period was this German composer, pianist, organist and conductor born in 1847 active, whose work ""Wedding March"" became reference to any ""wedding march?""",low,0,2,1,1,1.0,1.0,1.0,2,2,0,1.0,1.0,1.0,1.0,0.0,0.0,1.0,0.5,0.5,1,0,bind
HotpotQA,195,The king deposed in the Glorious Revolution of 1688 was supported by the grandson of what Viscount Barnewall?,high,1,3,2,2,2.0,1.0,2.0,2,5,0,0.0,0.5,0.0,0.4,0.0,0.09999999999999998,1.0,1.0,0.0,1,0,bind
HotpotQA,196,"Are Wilco Melissant and Todd Field both involved in the film industry (e.g. director, filmmaker, actor)?",high,1,4,2,1,0.0,0.0,0.0,2,8,0,1.0,1.0,1.0,1.0,0.0,0.0,1.0,1.0,0.0,1,0,abstain
HotpotQA,197,James Fowle Baldwin helped design a historic railroad that operated in Massachusetts and whose line later operated as part of what?,low,0,2,1,1,1.0,1.0,1.0,2,3,0,1.0,1.0,1.0,1.0,0.0,0.0,1.0,1.0,0.0,1,0,bind
HotpotQA,198,What Danish sports club based in Copenhagen  did striker Søren Lindsted start his career at?,low,0,2,1,1,0.0,0.0,0.0,2,2,0,0.0,0.0,0.0,0.0,0.0,0.0,1.0,1.0,0.0,1,0,abstain
HotpotQA,199,Are Mirpur University of Science and Technology and University of Debrecen both Universities located outside of the United States?,high,1,3,1,1,5.0,5.0,5.0,2,2,0,1.0,1.0,1.0,1.0,0.0,0.0,1.0,1.0,0.0,1,0,bind
HotpotQA,200,What is special about the wristwatches that Favre-Leuba manufactures?,low,0,2,1,1,0.0,0.0,0.0,2,1,1,0.0,0.0,0.0,0.0,0.0,0.0,1.0,0.5,0.5,1,0,abstain
HotpotQA,201,On what kind of field did the team led by head coach Joe Harasymiak play?,low,0,2,1,1,3.0,3.0,3.0,2,3,0,1.0,1.0,1.0,1.0,0.0,0.0,1.0,1.0,0.0,1,0,bind
HotpotQA,202,What profession does H. L. Mencken and Albert Camus have in common?,high,1,3,1,1,1.0,1.0,1.0,2,3,0,0.0,0.0,0.0,0.0,0.0,0.0,1.0,1.0,0.0,1,0,bind
HotpotQA,203,What type of rock makes up the formation where Douglas Crabbe drove into a bar?,low,0,2,1,1,1.0,1.0,1.0,2,2,0,1.0,1.0,1.0,1.0,0.0,0.0,1.0,1.0,0.0,1,0,bind
HotpotQA,204,What is the river that Sangin is found in the valley of the primary watershed for?,low,0,2,1,1,1.0,1.0,1.0,2,3,0,0.0,0.8,0.0,0.0,0.0,0.8,1.0,1.0,0.0,1,0,bind
HotpotQA,205,What family are the genus' Sinofranchetia and Stauntonia from?,high,1,3,1,1,0.0,0.0,0.0,2,2,0,0.0,0.25,0.0,0.25,0.0,0.0,1.0,1.0,0.0,1,0,abstain
HotpotQA,206,"""Collateral Damage"" is an episode of the television series ""Millennium"" and features the host of a late night talk show that airs how often?",low,0,2,1,1,0.0,0.0,0.0,2,5,0,1.0,1.0,1.0,1.0,0.0,0.0,1.0,1.0,0.0,1,0,abstain
HotpotQA,207,What building in the capital of city of Brandenburg has a roof that is 1 m bigger than the roof of the Der Oderturm?,high,1,3,2,2,4.0,2.0,2.0,2,2,0,1.0,1.0,1.0,1.0,0.0,0.0,1.0,1.0,0.0,1,0,bind
HotpotQA,208,The actor that played Gutthi on Comedy nights with Kapil Show also starred in what 2016 Punjabi film directed by Smeep Kang?,low,0,2,1,1,1.0,1.0,1.0,2,2,0,1.0,1.0,1.0,1.0,0.0,0.0,1.0,1.0,0.0,1,0,bind
HotpotQA,209,"What, known as AAS, is commonly used in bodybuilding?",low,0,2,1,1,0.0,0.0,0.0,2,3,0,0.0,0.5,0.0,0.5,0.0,0.0,1.0,0.5,0.5,1,0,abstain
HotpotQA,210,"What was the previous name of the hotel Bill Cosby recorded his comedy album, For Adults Only, in?",low,0,2,1,1,0.0,0.0,0.0,2,2,0,0.0,0.0,0.0,0.0,0.0,0.0,1.0,1.0,0.0,1,0,abstain
HotpotQA,211,Cagliostro-Walzer op.370 was composed by a man born in what year?,low,0,2,1,1,2.0,2.0,2.0,2,2,0,1.0,1.0,1.0,1.0,0.0,0.0,1.0,1.0,0.0,1,0,bind
HotpotQA,212,At which university did the notable psychoanalyst associated with the University of Chicago serve most of his career as a professor of psychiatry?,low,0,2,1,1,0.0,0.0,0.0,2,2,0,0.0,0.7692,0.0,0.7692307692307693,0.0,-3.076923076927862e-05,1.0,1.0,0.0,1,0,abstain
HotpotQA,213,"What is the main industry of this town with a population of around 2,600 as of 2010 that has Mountain Valley High School attendees as residents?",high,1,3,2,2,6.0,3.0,5.0,2,2,0,0.0,0.6667,0.0,0.6666666666666666,0.0,3.333333333332966e-05,1.0,1.0,0.0,1,0,bind
HotpotQA,214,"Who won the 2007 Copa America Final, with help from Julio Baptista?",high,1,4,3,3,6.0,2.0,5.0,2,1,1,1.0,1.0,1.0,1.0,0.0,0.0,1.0,0.5,0.5,1,0,bind
HotpotQA,215,"The 1974 Texas Tech Raiders football team represented what public research university in Lubbock, Texas?",low,0,1,0,0,0.0,0.0,0.0,2,2,0,1.0,1.0,1.0,1.0,0.0,0.0,1.0,1.0,0.0,1,0,abstain
HotpotQA,216,Which British Indian novelist and essayist did Anthony Burgess address in a lengthy letter?,low,0,2,1,1,1.0,1.0,1.0,2,2,0,1.0,1.0,1.0,1.0,0.0,0.0,1.0,1.0,0.0,1,0,bind
HotpotQA,217,Are Daryl Hall and Gerry Marsden both musicians?,high,1,3,1,1,2.0,2.0,2.0,2,4,0,1.0,1.0,1.0,1.0,0.0,0.0,1.0,1.0,0.0,1,0,bind
HotpotQA,218,What basketball player elected to the National Collegiate Basketball Hall of Fame released music through Rendezvous Music?,low,0,2,1,1,3.0,3.0,3.0,2,2,0,1.0,1.0,1.0,1.0,0.0,0.0,1.0,1.0,0.0,1,0,bind
HotpotQA,219,"Gail Matthius co-anchored the Weekend Update segment of ""Saturday Night Live"" with the actor who played the villain Nicholas Andre in what movie?",high,1,4,3,3,3.0,1.0,2.0,2,2,0,1.0,1.0,1.0,1.0,0.0,0.0,1.0,1.0,0.0,1,0,bind
HotpotQA,220,Are University of Virginia and Massachusetts Institute of Technology in the same country?,high,1,3,1,1,0.0,0.0,0.0,2,4,0,1.0,1.0,1.0,1.0,0.0,0.0,1.0,1.0,0.0,1,0,abstain
HotpotQA,221,In which county does the United States Navy air base located in which  Attack Squadron 174 (VA-174) was based on?,low,0,2,1,1,1.0,1.0,1.0,2,2,0,1.0,1.0,1.0,1.0,0.0,0.0,1.0,1.0,0.0,1,0,bind
HotpotQA,222,Were Basil Dean and Francis Ford Coppola both alive at some point in time?,high,1,4,2,1,0.0,0.0,0.0,2,2,0,1.0,1.0,1.0,1.0,0.0,0.0,1.0,1.0,0.0,1,0,abstain
HotpotQA,223,Where is the seminar Jeanne Marie Beaumont directed in 2007-2010 located?,low,0,2,1,1,0.0,0.0,0.0,2,1,1,0.0,0.4,0.0,0.4,0.0,0.0,0.5,0.5,0.0,1,0,abstain
HotpotQA,224,Which  Australian singer-songwriter wrote  Cold Hard Bitch,low,0,1,0,0,0.0,0.0,0.0,2,4,0,0.0,0.0,0.0,0.0,0.0,0.0,1.0,1.0,0.0,1,0,abstain
HotpotQA,225,"Did Qionghai or Suining  have a population of 658,798 in 2002?",high,1,4,2,1,0.0,0.0,0.0,2,2,0,0.0,0.25,0.0,0.25,0.0,0.0,1.0,1.0,0.0,1,0,abstain
HotpotQA,226,"What Province in Sicily, founded in the eighth century B.C., was the birthplace of the famous historical mathematician Archimedes?",high,1,3,2,2,2.0,1.0,1.0,2,2,0,1.0,1.0,1.0,1.0,0.0,0.0,1.0,1.0,0.0,1,0,bind
HotpotQA,227,"What was the population during the 2000 census of the town in Sagadahoc County, Maine that had a population of 3,411 during the 2010 census?",low,0,2,1,1,1.0,1.0,1.0,2,2,0,1.0,1.0,1.0,1.0,0.0,0.0,1.0,1.0,0.0,1,0,bind
HotpotQA,228,"How does this series represent a function, which is also used in the Homotopy analysis method?",low,0,2,1,1,0.0,0.0,0.0,2,2,0,0.0,0.5,0.0,0.5,0.0,0.0,1.0,1.0,0.0,1,0,abstain
HotpotQA,229,"The Company They Keep is a book written by Diana Pavlac Glyer, who is a professor at a university in Azusa, California, that was founded in 1899, and is under the auspices of what religion?",high,1,3,2,2,1.0,0.5,1.0,2,2,0,1.0,1.0,1.0,1.0,0.0,0.0,1.0,1.0,0.0,1,0,bind
HotpotQA,230,Who was the Goal keeper for Iraq in the 1996 AFC Asian Cup played in the United Arab Emirates?,low,0,2,1,1,0.0,0.0,0.0,2,1,1,1.0,1.0,1.0,1.0,0.0,0.0,1.0,0.5,0.5,1,0,abstain
HotpotQA,231,The On Tour Forever album gave Blues Traveler the opportunity to display what musical trademark?,low,0,1,0,0,0.0,0.0,0.0,2,4,0,0.0,0.0,0.0,0.0,0.0,0.0,1.0,1.0,0.0,1,0,abstain
HotpotQA,232,"What was the real name of the author of the book ""Coraline"" has been compared to?",low,0,2,1,1,1.0,1.0,1.0,2,2,0,1.0,1.0,1.0,1.0,0.0,0.0,1.0,1.0,0.0,1,0,bind
HotpotQA,233,Who resides in the palace that was the inspiration for the Kensington System's name?,low,0,2,1,1,1.0,1.0,1.0,2,2,0,0.0,0.0,0.0,0.0,0.0,0.0,1.0,1.0,0.0,1,0,bind
HotpotQA,234,"What German medium tank, sometimes called the ""Mark V"", that was deployed on the Eastern and Western fronts from mid-1943 provided the armor and suspension for the chassis of the tank destroyer built by Nazi Germany during World War II?",high,1,3,2,2,4.0,2.0,3.0,2,2,0,1.0,1.0,0.0,0.6666666666666666,1.0,0.33333333333333337,1.0,1.0,0.0,1,0,bind
HotpotQA,235,Siegfriedstellung in the First World War was a defensive position of what country's army?,low,0,2,1,1,3.0,3.0,3.0,2,2,0,0.0,0.0,0.0,0.0,0.0,0.0,1.0,1.0,0.0,1,0,bind
HotpotQA,236,Evan Williams played for what professional football club that was originally known as St. Luke's FC?,high,1,3,2,2,3.0,1.5,3.0,2,2,0,0.0,0.5714,0.0,0.0,0.0,0.5714,1.0,1.0,0.0,1,0,bind
HotpotQA,237,How many times has the national team Joseph Raich Garriga played for in 1941 participated in FIFA World Cups?,high,1,3,2,2,5.0,2.5,5.0,2,1,1,0.0,0.0,0.0,0.0,0.0,0.0,1.0,0.5,0.5,1,0,bind
HotpotQA,238,Little Brown Stein is a rivalry trophy that imitates a mug made out of what item?,low,0,1,0,0,0.0,0.0,0.0,2,3,0,1.0,1.0,1.0,1.0,0.0,0.0,1.0,1.0,0.0,1,0,abstain
HotpotQA,239,Davey Brozowski is a percussionist for a band that formed in what city in Washington?,low,0,2,1,1,1.0,1.0,1.0,2,4,0,1.0,1.0,1.0,1.0,0.0,0.0,1.0,1.0,0.0,1,0,bind
HotpotQA,240,In which town was the amusement park that is operated by Britannia Jinky Jersey Ltd located where the first  Tomorrow's Parties Festival was held?.,high,1,3,1,1,2.0,2.0,2.0,2,2,0,1.0,1.0,1.0,1.0,0.0,0.0,1.0,1.0,0.0,1,0,bind
HotpotQA,241,How many episodes were there of the TV series where Julianna Margulies had the role of Carol Hathaway ?,low,0,2,1,1,2.0,2.0,2.0,2,3,0,0.0,0.6667,0.0,0.6666666666666666,0.0,3.333333333332966e-05,1.0,1.0,0.0,1,0,bind
HotpotQA,242,"In the Cherokee Rose episode of ""The Walking Dead,"" the character that continues to search for Sophia Peletier is portrayed by an actor who is also famous for his work in what company's advertisements?",low,0,2,1,1,4.0,4.0,4.0,2,3,0,1.0,1.0,0.0,0.0,1.0,1.0,1.0,1.0,0.0,1,0,bind
HotpotQA,243,What street was the adult entertainment district of the Liberty Tree District centered on?,low,0,2,1,1,1.0,1.0,1.0,2,2,0,1.0,1.0,1.0,1.0,0.0,0.0,1.0,1.0,0.0,1,0,bind
HotpotQA,244,Kevin Rowland and Lauri Ylönen both share what occupation?,low,0,1,0,0,0.0,0.0,0.0,2,3,0,0.0,0.0,0.0,0.0,0.0,0.0,0.5,1.0,-0.5,1,0,abstain
HotpotQA,245,"What was the name of the publisher who published ""Finnegans Wake"" in 1939 by James Joyce",low,0,2,1,1,0.0,0.0,0.0,2,3,0,0.0,0.0,0.0,0.0,0.0,0.0,0.5,0.5,0.0,1,0,abstain
HotpotQA,246,In which city are the headquarters of the American research and scientific development company where Ravi Sethi worked as computer scientist located?,low,0,2,1,1,1.0,1.0,1.0,2,2,0,1.0,1.0,1.0,1.0,0.0,0.0,1.0,1.0,0.0,1,0,bind
HotpotQA,247,Which company used a voice actor who also voiced He-Man?,low,0,2,1,1,0.0,0.0,0.0,2,3,0,0.0,0.0,0.0,0.0,0.0,0.0,1.0,0.5,0.5,1,0,abstain
HotpotQA,248,The Death Camp of Tolerance is an episode from an animated television series that was created by which two people?,high,1,3,2,2,5.0,2.5,3.0,2,2,0,1.0,1.0,1.0,1.0,0.0,0.0,1.0,1.0,0.0,1,0,bind
HotpotQA,249,What product by FLEXcon represents data by geometric patterns?,low,0,1,0,0,0.0,0.0,0.0,2,2,0,0.0,0.0,0.0,0.0,0.0,0.0,1.0,1.0,0.0,1,0,abstain
HotpotQA,250,"Although Michael Fincke's record was broken by Scott Kelly, commander of the International Space Station (ISS) on Expeditions 26, 45, and 46, what was his record for the most time in space?",high,1,3,2,2,0.0,0.0,0.0,2,4,0,1.0,1.0,1.0,1.0,0.0,0.0,1.0,1.0,0.0,1,0,abstain
HotpotQA,251,Does the genus Cunninghamia or Chilopsis contain only one species?,high,1,3,1,1,0.0,0.0,0.0,2,2,0,1.0,1.0,1.0,1.0,0.0,0.0,1.0,1.0,0.0,1,0,abstain
HotpotQA,252,What type of veterinary specialist is the star veterinarian of The Bionic Vet?,low,0,2,1,1,1.0,1.0,1.0,2,2,0,1.0,1.0,1.0,1.0,0.0,0.0,1.0,1.0,0.0,1,0,bind
HotpotQA,253,What is the official currency in the country that hosts the Asahi-Ryokuken Yomiuri Memorial tournament?,low,0,2,1,1,0.0,0.0,0.0,2,2,0,1.0,1.0,1.0,1.0,0.0,0.0,1.0,1.0,0.0,1,0,abstain
HotpotQA,254,"In which genus number of species are more, Lavatera or Oplismenus?",high,1,3,1,1,0.0,0.0,0.0,2,2,0,1.0,1.0,1.0,1.0,0.0,0.0,1.0,1.0,0.0,1,0,abstain
HotpotQA,255,Who was the pivotal in the formation of schools catering for the primary and early secondary education of children in remote and outback Australia?,low,0,2,1,1,1.0,1.0,1.0,2,2,0,0.0,0.5,0.0,0.5,0.0,0.0,1.0,1.0,0.0,1,0,bind
HotpotQA,256,"Which plant genus is part of a family with a longer name, Morning glory or Rothmannia?",high,1,3,1,1,1.0,1.0,1.0,2,2,0,1.0,1.0,1.0,1.0,0.0,0.0,1.0,1.0,0.0,1,0,bind
HotpotQA,257,"What american singer,had Warren Fu as one of their video directors, and also had to face allegation of illegal marriage with R. Kelly?",low,0,2,1,1,2.0,2.0,2.0,2,5,0,1.0,1.0,1.0,1.0,0.0,0.0,1.0,0.5,0.5,1,0,bind
HotpotQA,258,Harry Emerson Fosdick was called to serve as pastor at a church that opened its doors on what date?,low,0,2,1,1,1.0,1.0,1.0,2,2,0,1.0,1.0,1.0,1.0,0.0,0.0,1.0,1.0,0.0,1,0,bind
HotpotQA,259,"Jennifer Gordon received a bachelor of arts degree from which women's liberal arts college in Cambridge, Massachusetts, and functioned as a female coordinate institution for the all-male Harvard College?",high,1,3,2,2,2.0,1.0,1.0,2,3,0,1.0,1.0,1.0,1.0,0.0,0.0,1.0,1.0,0.0,1,0,bind
HotpotQA,260,Which CEO of FedEx becked  Value America,high,1,3,2,2,1.0,0.5,1.0,2,2,0,0.0,0.5714,0.0,0.5714285714285715,0.0,-2.8571428571488866e-05,1.0,1.0,0.0,1,0,bind
HotpotQA,261,Which American pro basketball player who won gold at the 2008 Summer Olympics was signed by the Utah Jazz during the 2005-05 offseason?,high,1,4,3,3,7.0,2.3333333333333335,3.0,2,3,0,0.0,0.6667,0.0,0.0,0.0,0.6667,1.0,0.5,0.5,1,0,bind
HotpotQA,262,Mazda's Mazda6 belongs to which country's car manufacturer?,low,0,1,0,0,0.0,0.0,0.0,2,3,0,0.0,0.0,0.0,0.0,0.0,0.0,0.5,1.0,-0.5,1,0,abstain
HotpotQA,263,"What is the name of the detective novelist parent of the author of '""Q"" Is for Quarry'?",high,1,4,3,3,2.0,0.6666666666666666,2.0,2,2,0,1.0,1.0,1.0,1.0,0.0,0.0,1.0,1.0,0.0,1,0,bind
HotpotQA,264,"What is the name of the genocidal mass slaughter of Tutsi Rwanda, in which Cyprian and Daphrose Rugamba were assassinated?",high,1,3,2,2,1.0,0.5,1.0,2,2,0,1.0,1.0,1.0,1.0,0.0,0.0,1.0,1.0,0.0,1,0,bind
HotpotQA,265,"When did the English local newspaper, featuring the sculpture and war memorial in the Forbury gardens, change names?",low,0,2,1,1,1.0,1.0,1.0,2,3,0,1.0,1.0,1.0,1.0,0.0,0.0,1.0,1.0,0.0,1,0,bind
HotpotQA,266,What Congressional District did John Shimkus represent before the 20th Congressional District of Illinois?,low,0,1,0,0,0.0,0.0,0.0,2,4,0,0.0,0.0,0.0,0.0,0.0,0.0,1.0,1.0,0.0,1,0,abstain
HotpotQA,267,WHat dish is  Dacryopinax spathularia included in that is also sometimes called Luóhàn cài?,high,1,4,2,1,2.0,1.0,1.0,2,2,0,1.0,1.0,1.0,1.0,0.0,0.0,1.0,1.0,0.0,1,0,bind
HotpotQA,268,"Which came to market first, ""Hey Pa! There's a Goat on the Roof"" or ""Poleconomy""",high,1,3,1,1,0.0,0.0,0.0,2,2,0,1.0,1.0,1.0,1.0,0.0,0.0,1.0,1.0,0.0,1,0,abstain
HotpotQA,269,What is the name of the record label owned by one of the three artists responsible for creating the 1993 album Honky Tonk Angels?,low,0,2,1,1,1.0,1.0,1.0,2,3,0,0.0,0.0,0.0,0.5,0.0,-0.5,1.0,0.5,0.5,1,0,bind
HotpotQA,270,"Who produced the 1998 British comedy starring the director of the feature film ""Eddie the Eagle""?",high,1,3,2,2,4.0,2.0,3.0,2,2,0,1.0,1.0,1.0,1.0,0.0,0.0,1.0,1.0,0.0,1,0,bind
HotpotQA,271,"In 2008, who were the two actors stared along with a South Korean actor, singer, and model who won best actor in five prestigious award ceremonies.",low,0,2,1,1,2.0,2.0,2.0,2,3,0,0.0,0.0,0.0,0.0,0.0,0.0,1.0,1.0,0.0,1,0,bind
HotpotQA,272,"Which was founded first, Dain Rauscher Wessels or Berenberg Bank?",high,1,3,1,1,1.0,1.0,1.0,2,4,0,0.0,0.0,0.0,0.0,0.0,0.0,1.0,1.0,0.0,1,0,bind
HotpotQA,273,Are Castor et Pollux and Manon Lescaut composed by the same people?,high,1,3,1,1,1.0,1.0,1.0,2,4,0,1.0,1.0,1.0,1.0,0.0,0.0,1.0,1.0,0.0,1,0,bind
HotpotQA,274,Orchard Gateway connects what shopping mall in singapore with 313 @ Somerset?,low,0,1,0,0,0.0,0.0,0.0,2,2,0,1.0,1.0,1.0,1.0,0.0,0.0,1.0,0.5,0.5,1,0,abstain
HotpotQA,275,Which is the younger brother in the composer duo that composed Aati Kya Khandala?,low,0,2,1,1,1.0,1.0,1.0,2,3,0,1.0,1.0,1.0,1.0,0.0,0.0,1.0,1.0,0.0,1,0,bind
HotpotQA,276,Shannon Purser played the role of June Acosta in a 2017 horror film directed by who?,low,0,2,1,1,1.0,1.0,1.0,2,2,0,1.0,1.0,1.0,1.0,0.0,0.0,1.0,1.0,0.0,1,0,bind
HotpotQA,277,How many Studio albums did the group that released the debut album The Cactus Al/Bum release in their initial career?,low,0,2,1,1,1.0,1.0,1.0,2,2,0,0.0,0.0,0.0,0.0,0.0,0.0,1.0,1.0,0.0,1,0,bind
HotpotQA,278,"What was the nickname of Anthony Corallo, boss to ""Sal"" Avellino and head of the Lucchese mob family mob in New York?",low,0,2,1,1,0.0,0.0,0.0,2,2,0,1.0,1.0,1.0,1.0,0.0,0.0,1.0,1.0,0.0,1,0,abstain
HotpotQA,279,Is Chicago Rockford International Airport or McClellan–Palomar Airport closer to their nearest cities?,high,1,3,1,1,1.0,1.0,1.0,2,3,0,1.0,1.0,1.0,1.0,0.0,0.0,1.0,1.0,0.0,1,0,bind
HotpotQA,280,"Between The Goldeneye and Monkey Gland, which cocktail requires more ingredients?",high,1,4,2,1,0.0,0.0,0.0,2,2,0,1.0,1.0,1.0,1.0,0.0,0.0,1.0,1.0,0.0,1,0,abstain
HotpotQA,281,Mexican Indignados Movement is a response to a war also known as?,low,0,2,1,1,1.0,1.0,1.0,2,2,0,1.0,1.0,1.0,1.0,0.0,0.0,1.0,1.0,0.0,1,0,bind
HotpotQA,282,Are either Edward H. Griffith or Edward Burns from Germany?,high,1,4,2,1,2.0,1.0,2.0,2,6,0,1.0,1.0,1.0,1.0,0.0,0.0,1.0,1.0,0.0,1,0,bind
HotpotQA,283,What year did the shopping centre on the street numbered B411 open in the space of in the retail space of the former William Whiteley Limited department store?,low,0,2,1,1,1.0,1.0,1.0,2,2,0,1.0,1.0,1.0,1.0,0.0,0.0,1.0,1.0,0.0,1,0,bind
HotpotQA,284,Who was hung for assisting the attempted surrender of a defector from the American Continental Army to the British Army?,low,0,2,1,1,4.0,4.0,4.0,2,2,0,1.0,1.0,1.0,1.0,0.0,0.0,1.0,1.0,0.0,1,0,bind
HotpotQA,285,What is Peter Daou's website's slogan?,low,0,2,1,1,2.0,2.0,2.0,2,3,0,1.0,1.0,1.0,1.0,0.0,0.0,1.0,1.0,0.0,1,0,bind
HotpotQA,286,"Human Shadow Etched in Stone is an exhibition to showcase which bombing that killed 129,000 people in 1945?",low,0,2,1,1,2.0,2.0,2.0,2,2,0,0.0,0.6667,0.0,0.5,0.0,0.16669999999999996,1.0,1.0,0.0,1,0,bind
HotpotQA,287,"What is Opry Mills in Nashville, Tennessee?",low,0,2,1,1,0.0,0.0,0.0,2,4,0,1.0,1.0,1.0,1.0,0.0,0.0,1.0,1.0,0.0,1,0,abstain
HotpotQA,288,Which them park is host to both the Back to the Future Rid and The Simpsons Ride?,high,1,3,1,1,1.0,1.0,1.0,2,3,0,0.0,0.6667,0.0,0.6,0.0,0.06669999999999998,1.0,1.0,0.0,1,0,bind
HotpotQA,289,What was the benefit of reintroducing piston power and replacing the most popular turboprop engine in history?,high,1,4,2,2,4.0,2.0,3.0,2,2,0,0.0,0.8571,0.0,0.8571428571428571,0.0,-4.285714285712228e-05,1.0,1.0,0.0,1,0,bind
HotpotQA,290,The languages Hussein Ali Mahfouz studied are spoken by how many people?,low,0,2,1,1,1.0,1.0,1.0,2,2,0,0.0,0.8889,0.0,0.888888888888889,0.0,1.111111111107288e-05,1.0,1.0,0.0,1,0,bind
HotpotQA,291,"when the Marlins are the home team, games are played at this park which was LEED certified as the greenest MLB park in what year?",low,0,2,1,1,1.0,1.0,1.0,2,3,0,1.0,1.0,1.0,1.0,0.0,0.0,1.0,1.0,0.0,1,0,bind
HotpotQA,292,Who is the Mexican actor that starred in Sex and Breakfast?,low,0,2,1,1,1.0,1.0,1.0,2,3,0,0.0,0.6667,0.0,0.6666666666666666,0.0,3.333333333332966e-05,1.0,1.0,0.0,1,0,bind
HotpotQA,293,Australian Associated Press was established by a journalist born in which year ?,low,0,2,1,1,1.0,1.0,1.0,2,2,0,1.0,1.0,1.0,1.0,0.0,0.0,1.0,1.0,0.0,1,0,bind
HotpotQA,294,Which season did Brain Billick coach the Baltimore Ravens though in 2001?,low,0,1,0,0,0.0,0.0,0.0,2,2,0,0.0,0.0,0.0,0.0,0.0,0.0,1.0,1.0,0.0,1,0,abstain
HotpotQA,295,Henry W. Bloch School of Management is named after the founder of an American tax preparation company that is based where?,low,0,2,1,1,3.0,3.0,3.0,2,2,0,1.0,1.0,1.0,1.0,0.0,0.0,1.0,1.0,0.0,1,0,bind
HotpotQA,296,Hate Them is the ninth album by a band likened to who?,low,0,2,1,1,1.0,1.0,1.0,2,2,0,1.0,1.0,1.0,1.0,0.0,0.0,1.0,1.0,0.0,1,0,bind
HotpotQA,297,What was the population in 2016 of the city that Norman Foote is originally from?,low,0,2,1,1,1.0,1.0,1.0,2,2,0,1.0,1.0,1.0,1.0,0.0,0.0,1.0,1.0,0.0,1,0,bind
HotpotQA,298,Which actor in the film Equus is also in the film The Informers?,high,1,3,2,2,1.0,0.5,1.0,2,2,0,0.0,0.0,0.0,0.0,0.0,0.0,1.0,0.5,0.5,1,0,bind
HotpotQA,299,Firstar Center was the name for two buildings before the company changed its name to match which company based in Minneapolis?,low,0,2,1,1,1.0,1.0,1.0,2,2,0,1.0,1.0,1.0,1.0,0.0,0.0,1.0,0.5,0.5,1,0,bind
HotpotQA,300,Which services did Rock Nominees Ltd and  ISS A/S (Integrated Service Solutions) have in common?,high,1,3,1,1,1.0,1.0,1.0,2,2,0,0.0,0.8889,1.0,1.0,-1.0,-0.11109999999999998,1.0,1.0,0.0,1,0,bind
HotpotQA,301,The most principle species of plants which requires an ericaceous type of compost can have what effect on its surroundings because of the way it takes up cations?,high,1,3,2,2,1.0,0.5,1.0,2,3,0,0.0,0.4286,0.0,0.0,0.0,0.4286,1.0,0.5,0.5,1,0,bind
HotpotQA,302,"The man, who the award in which ""Summer of the Monkeys"" won, was a spokesman for white sector of America?",high,1,3,2,2,2.0,1.0,2.0,2,2,0,0.0,0.0,0.0,0.0,0.0,0.0,1.0,1.0,0.0,1,0,bind
HotpotQA,303,Who is younger Jenny Bae or Lionel Richie ?,high,1,3,1,1,0.0,0.0,0.0,2,2,0,1.0,1.0,1.0,1.0,0.0,0.0,1.0,1.0,0.0,1,0,abstain
HotpotQA,304,"The album ""The Best of LeAnn Rimes"" contained a song used as the theme song for a film. What is the name of the film?",low,0,2,1,1,1.0,1.0,1.0,2,2,0,1.0,1.0,1.0,1.0,0.0,0.0,1.0,0.5,0.5,1,0,bind
HotpotQA,305,What division of Mexican football is the team that Jesús Daniel García Esparza currently plays for?,low,0,2,1,1,1.0,1.0,1.0,2,2,0,1.0,1.0,1.0,1.0,0.0,0.0,1.0,1.0,0.0,1,0,bind
HotpotQA,306,What is the are of the university at which Dick Biddle served as head football coach?,low,0,2,1,1,1.0,1.0,1.0,2,2,0,0.0,0.6667,0.0,0.6666666666666666,0.0,3.333333333332966e-05,1.0,1.0,0.0,1,0,bind
HotpotQA,307,What is the seventh book of the Hebrew and Christina bible and also has Quran references to the river drinking experience?,high,1,3,2,2,4.0,2.0,2.0,2,2,0,1.0,1.0,1.0,1.0,0.0,0.0,1.0,1.0,0.0,1,0,bind
HotpotQA,308,"What are the letters of the radio station serves the area comprising all of Belknap County, among others?",low,0,2,1,1,2.0,2.0,2.0,2,2,0,0.0,0.0,0.0,0.0,0.0,0.0,1.0,1.0,0.0,1,0,bind
HotpotQA,309,"""This Ole House"" topped the UK chart in 1981 in a recording by a platinum-selling British rock and roll singer whose recording and performing career began when?",low,0,2,1,1,1.0,1.0,1.0,2,2,0,0.0,0.8,0.0,0.8,0.0,0.0,1.0,1.0,0.0,1,0,bind
HotpotQA,310,Which Prince of Bismarcks EMS dispatch incited France to declare the Franco-Prussian War in July 1870,low,0,2,1,1,1.0,1.0,1.0,2,3,0,0.0,0.3333,0.0,0.3333333333333333,0.0,-3.333333333332966e-05,1.0,1.0,0.0,1,0,bind
HotpotQA,311,What is the original name of the place where The 1st Minnesota Light Artillery Battery mustered?,low,0,2,1,1,1.0,1.0,1.0,2,2,0,1.0,1.0,1.0,1.0,0.0,0.0,1.0,1.0,0.0,1,0,bind
HotpotQA,312,What man with a lazy left eye starred in Sacred Ground?,low,0,2,1,1,1.0,1.0,1.0,2,2,0,1.0,1.0,1.0,1.0,0.0,0.0,1.0,1.0,0.0,1,0,bind
HotpotQA,313,When was the magazine Sam Duckworth got his name Get Cape. Wear Cape. Fly from launched?,low,0,2,1,1,0.0,0.0,0.0,2,2,0,0.0,0.0,0.0,0.6666666666666666,0.0,-0.6666666666666666,0.5,1.0,-0.5,1,0,abstain
HotpotQA,314,The 2017–18 Wigan Athletic F.C. season will be a year in which the team competes in the league cup known as what for sponsorship reasons?,low,0,1,0,0,0.0,0.0,0.0,2,2,0,1.0,1.0,1.0,1.0,0.0,0.0,1.0,1.0,0.0,1,0,abstain
HotpotQA,315,What 2003 Christmas-themed romantic comedy did Gregor Fisher have a role in?,low,0,1,0,0,0.0,0.0,0.0,2,3,0,1.0,1.0,1.0,1.0,0.0,0.0,1.0,0.5,0.5,1,0,abstain
HotpotQA,316,In what year did a movie that starred both Nicholas Cage and Cher come out?,high,1,4,2,2,6.0,3.0,5.0,2,2,0,1.0,1.0,1.0,1.0,0.0,0.0,1.0,1.0,0.0,1,0,bind
HotpotQA,317,"What is the original surname for the actor who sang ""It's a De-Lovely"" in the 1962 revival of ""Anything Goes""?",low,0,2,1,1,1.0,1.0,1.0,2,2,0,1.0,1.0,1.0,1.0,0.0,0.0,1.0,1.0,0.0,1,0,bind
HotpotQA,318,"What is the year of the event that occured first, Making Today a Perfect Day was produced, or Frozen was produced?",high,1,3,1,1,1.0,1.0,1.0,2,3,0,1.0,1.0,1.0,1.0,0.0,0.0,1.0,1.0,0.0,1,0,bind
HotpotQA,319,A relative of the emu is native to which continent?,low,0,2,1,1,1.0,1.0,1.0,2,5,0,0.0,0.0,1.0,1.0,-1.0,-1.0,1.0,1.0,0.0,1,0,bind
HotpotQA,320,"Who directed the film that had ""The Distance"" in the soundtrack?",low,0,2,1,1,3.0,3.0,3.0,2,2,0,1.0,1.0,1.0,1.0,0.0,0.0,1.0,1.0,0.0,1,0,bind
HotpotQA,321,"Swiss music duo Double released their best known single ""The Captain of Her Heart"" in what year?",low,0,1,0,0,0.0,0.0,0.0,2,4,0,0.0,0.0,0.0,0.0,0.0,0.0,1.0,1.0,0.0,1,0,abstain
HotpotQA,322,Did Lewis Allen or Danny DeVito play Louie De Palma?,high,1,3,2,1,0.0,0.0,0.0,2,4,0,0.0,0.3333,0.0,0.3333333333333333,0.0,-3.333333333332966e-05,1.0,1.0,0.0,1,0,abstain
HotpotQA,323,The father of Manning Marius Kimmel retired from the Navy in what year?,low,0,2,1,1,1.0,1.0,1.0,2,3,0,1.0,1.0,1.0,1.0,0.0,0.0,1.0,1.0,0.0,1,0,bind
HotpotQA,324,What award did Flossie Bailey receive that was named after the first female self-made millionaire in America?,low,0,2,1,1,2.0,2.0,2.0,2,2,0,0.0,0.8889,0.0,0.888888888888889,0.0,1.111111111107288e-05,1.0,1.0,0.0,1,0,bind
HotpotQA,325,Castle Hill is a plantation near what primary residence of Thomas Jefferson?,low,0,2,1,1,2.0,2.0,2.0,2,3,0,1.0,1.0,1.0,1.0,0.0,0.0,1.0,1.0,0.0,1,0,bind
HotpotQA,326,Toyota Innova is part of the IMV program along with which light commercial vehicle?,low,0,1,0,0,0.0,0.0,0.0,2,2,0,1.0,1.0,0.0,0.6666666666666666,1.0,0.33333333333333337,1.0,0.5,0.5,1,0,abstain
HotpotQA,327,Were Ilya Ehrenburg and Harold Robbins both translators?,high,1,3,1,1,0.0,0.0,0.0,2,4,0,1.0,1.0,1.0,1.0,0.0,0.0,1.0,1.0,0.0,1,0,abstain
HotpotQA,328,"What is unique about the forum an American poet, memoirist, and civil rights activist spoke at?",high,1,3,2,2,5.0,2.5,3.0,2,2,0,0.0,0.7692,0.0,0.7692307692307693,0.0,-3.076923076927862e-05,1.0,1.0,0.0,1,0,bind
HotpotQA,329,Who graduated from The SC Bastia Reserves and Academy  and was born 9 September 1987?,low,0,1,0,0,0.0,0.0,0.0,2,2,0,0.0,0.3333,0.0,0.3333333333333333,0.0,-3.333333333332966e-05,1.0,1.0,0.0,1,0,abstain
HotpotQA,330,The Hong Kong Museum of Coastal Defence is located on an island with a population of what?,low,0,2,1,1,3.0,3.0,3.0,2,3,0,1.0,1.0,1.0,1.0,0.0,0.0,1.0,1.0,0.0,1,0,bind
HotpotQA,331,Friedrich Ratzel coined the phrase Lebensraum; which political movement made it notorious by taking it to extremes?,low,0,2,1,1,0.0,0.0,0.0,2,2,0,1.0,1.0,1.0,1.0,0.0,0.0,1.0,1.0,0.0,1,0,abstain
HotpotQA,332,Which How to Steal a Million actor attended the Royal Academy of Dramatic Art?,low,0,2,1,1,1.0,1.0,1.0,2,2,0,1.0,1.0,1.0,1.0,0.0,0.0,1.0,1.0,0.0,1,0,bind
HotpotQA,333,Which former mill town is near Rivington Hall Barn?,low,0,2,1,1,2.0,2.0,2.0,2,3,0,1.0,1.0,1.0,1.0,0.0,0.0,1.0,1.0,0.0,1,0,bind
HotpotQA,334,What 4-D film attraction at Walt Disney World is based off a 2004 computer-animated Christmas movie?,low,0,1,0,0,0.0,0.0,0.0,2,2,0,1.0,1.0,1.0,1.0,0.0,0.0,1.0,1.0,0.0,1,0,abstain
HotpotQA,335,Do Singapore Sling and Fish House Punch both contain alcohol?,high,1,3,1,1,0.0,0.0,0.0,2,4,0,1.0,1.0,1.0,1.0,0.0,0.0,1.0,1.0,0.0,1,0,abstain
HotpotQA,336,"What is the name of the range of characteristics pertaining to, and differentiating between, masculinity and femininity which Mary Karooro Okurut was appointed to in 2012 as Minister of?",high,1,3,1,1,4.0,4.0,4.0,2,2,0,0.0,0.4,0.0,0.4,0.0,0.0,1.0,1.0,0.0,1,0,bind
HotpotQA,337,What is the name of the number-one single featuring the winner of Celebrity Apprentice 3?,low,0,2,1,1,1.0,1.0,1.0,2,3,0,1.0,1.0,0.0,0.0,1.0,1.0,1.0,0.5,0.5,1,0,bind
HotpotQA,338,Four presidents including the 26th president Theodore Roosevelt were featured in the 60ft sculpture in the granite face of Mount Rushmore which was sculpted by what sculptor?,high,1,4,2,1,4.0,2.0,4.0,2,3,0,0.0,0.8,0.0,0.8,0.0,0.0,0.5,1.0,-0.5,1,0,bind
HotpotQA,339,The Northern Circuit dates from a year when a King of England married to whom sent his justices on circuit?,high,1,3,2,1,0.0,0.0,0.0,2,2,0,1.0,1.0,1.0,1.0,0.0,0.0,1.0,1.0,0.0,1,0,abstain
HotpotQA,340,"Which movie was released first, Return to Oz or Midnight Madness?",high,1,3,1,1,0.0,0.0,0.0,2,2,0,1.0,1.0,1.0,1.0,0.0,0.0,1.0,1.0,0.0,1,0,abstain
HotpotQA,341,Which retired Argentine footballer who played as a forward was a main player for Valencia CF?,low,0,1,0,0,0.0,0.0,0.0,2,5,0,0.0,0.8,0.0,0.0,0.0,0.8,1.0,0.5,0.5,1,0,abstain
HotpotQA,342,What type of believer does Mir Jafar Baghirov and Joseph Stalin have in common?,high,1,3,1,1,1.0,1.0,1.0,2,2,0,1.0,1.0,0.0,0.0,1.0,1.0,1.0,1.0,0.0,1,0,bind
HotpotQA,343,Jared Has Aides was about the spokesperson for which company?,low,0,1,0,0,0.0,0.0,0.0,2,2,0,1.0,1.0,1.0,1.0,0.0,0.0,1.0,1.0,0.0,1,0,abstain
HotpotQA,344,Are Anja Salomonowitz and Rod Lurie both directors?,high,1,3,1,1,0.0,0.0,0.0,2,2,0,1.0,1.0,1.0,1.0,0.0,0.0,1.0,1.0,0.0,1,0,abstain
HotpotQA,345,Which date occurred first the end of Riley Hawk's amateur career or end of production of Skateboard Magazine ?,high,1,3,1,1,0.0,0.0,0.0,2,2,0,1.0,1.0,1.0,1.0,0.0,0.0,1.0,1.0,0.0,1,0,abstain
HotpotQA,346,What public radio network in New York has allowed Eric Plakun to dis his psychiatric work?,high,1,3,2,2,3.0,1.5,2.0,2,2,0,1.0,1.0,1.0,1.0,0.0,0.0,1.0,1.0,0.0,1,0,bind
HotpotQA,347,Taylor Momsen and Craig Mabbitt from Escape the Fate have what in common?,low,0,2,1,1,3.0,3.0,3.0,2,6,0,0.0,0.2,0.0,0.22222222222222224,0.0,-0.022222222222222227,1.0,0.5,0.5,1,0,bind
HotpotQA,348,"Les Ottolenghi was previously the Chief Information Officer at what casino in Paradise, Nevada?",low,0,2,1,1,1.0,1.0,1.0,2,2,0,0.0,0.8571,1.0,1.0,-1.0,-0.14290000000000003,1.0,1.0,0.0,1,0,bind
HotpotQA,349,In what year was Shin Hyun-joon in the successful South Korean comey sequel?,low,0,2,1,1,2.0,2.0,2.0,2,8,0,1.0,1.0,1.0,1.0,0.0,0.0,1.0,1.0,0.0,1,0,bind
HotpotQA,350,Which New Jersey-based manufacturer of suitcases and bags for travel is located in the Shops at Columbus Circle in New York City?,low,0,1,0,0,0.0,0.0,0.0,2,2,0,0.0,0.5,0.0,0.8,0.0,-0.30000000000000004,1.0,1.0,0.0,1,0,abstain
HotpotQA,351,Where was the original line of the railroad William Howard worked for?,low,0,2,1,1,1.0,1.0,1.0,2,2,0,0.0,0.0,0.0,0.0,0.0,0.0,1.0,1.0,0.0,1,0,bind
HotpotQA,352,The author of Sexual Politics attended which British University?,low,0,2,1,1,2.0,2.0,2.0,2,2,0,0.0,0.6667,0.0,0.6666666666666666,0.0,3.333333333332966e-05,1.0,1.0,0.0,1,0,bind
HotpotQA,353,Li Yitong played Huang Rong is a tv series directed by who?,low,0,2,1,1,2.0,2.0,2.0,2,2,0,1.0,1.0,1.0,1.0,0.0,0.0,1.0,1.0,0.0,1,0,bind
HotpotQA,354,"How many major novels did the author write, whose 1811 book was adapted for a 2008 film with a screenplay by Andrew Davies ?",high,1,3,2,2,6.0,3.0,5.0,2,2,0,0.0,0.0,0.0,0.0,0.0,0.0,1.0,1.0,0.0,1,0,bind
HotpotQA,355,"What aviator participated to the Transatlantic flight organized by the ""heir apparent"" to Italian dictator Benito Mussolini?",low,0,2,1,1,3.0,3.0,3.0,2,2,0,1.0,1.0,1.0,1.0,0.0,0.0,1.0,1.0,0.0,1,0,bind
HotpotQA,356,Which mechanical device which engages and disengages power transmission  uses brake fluid?,low,0,2,1,1,1.0,1.0,1.0,2,4,0,0.0,0.6667,0.0,0.6666666666666666,0.0,3.333333333332966e-05,1.0,1.0,0.0,1,0,bind
HotpotQA,357,"Between Gareth Evans and Pierre Chenal, who's had a more diver career?",high,1,3,1,1,0.0,0.0,0.0,2,10,0,0.0,0.0,0.0,0.8,0.0,-0.8,1.0,1.0,0.0,1,0,abstain
HotpotQA,358,Pablo Jose Ozuna is the cousin of a Dominican professional baseball left fielder who made his MLB debut in what year?,low,0,2,1,1,5.0,5.0,5.0,2,2,0,1.0,1.0,1.0,1.0,0.0,0.0,1.0,1.0,0.0,1,0,bind
HotpotQA,359,"Who is Bruce Spizer an expert on, known as the most influential act of the rock era?",low,0,2,1,1,0.0,0.0,0.0,2,4,0,1.0,1.0,1.0,1.0,0.0,0.0,1.0,1.0,0.0,1,0,abstain
HotpotQA,360,"How many records had the team sold before performing ""aint thinkin' 'bout you""?",low,0,1,0,0,0.0,0.0,0.0,2,2,0,0.0,0.0,0.0,0.3333333333333333,0.0,-0.3333333333333333,0.5,0.0,0.5,1,0,abstain
HotpotQA,361,Which American politician who served as United States Senator from 1971 to 1989 was Governor of Florida before Buddy MacKay?,low,0,2,1,1,1.0,1.0,1.0,2,2,0,1.0,1.0,1.0,1.0,0.0,0.0,1.0,1.0,0.0,1,0,bind
HotpotQA,362,What year did a director of a North Korean cinema film get kidnapped?,low,0,2,1,1,1.0,1.0,1.0,2,2,0,1.0,1.0,1.0,1.0,0.0,0.0,1.0,0.5,0.5,1,0,bind
HotpotQA,363,"Who achieved more academically, Andrea Martin or Mark Hoplamazian?",high,1,3,1,1,1.0,1.0,1.0,2,4,0,0.0,0.8,0.0,0.8,0.0,0.0,1.0,1.0,0.0,1,0,bind
HotpotQA,364,"Toby Scott worked with which American singer born on May 24, 1941?",low,0,2,1,1,2.0,2.0,2.0,2,2,0,1.0,1.0,1.0,1.0,0.0,0.0,1.0,1.0,0.0,1,0,bind
HotpotQA,365,Where is the head quarter of the Blue Bird Body Company?,low,0,1,0,0,0.0,0.0,0.0,2,7,0,1.0,1.0,1.0,1.0,0.0,0.0,1.0,1.0,0.0,1,0,abstain
HotpotQA,366,Are Waco Regional Airport and Idaho Falls Regional Airport both city owned airports?,high,1,3,1,1,2.0,2.0,2.0,2,2,0,1.0,1.0,1.0,1.0,0.0,0.0,1.0,1.0,0.0,1,0,bind
HotpotQA,367,Where was the university at which  Barrie Ciliberti was a professor located?,low,0,2,1,1,1.0,1.0,1.0,2,2,0,0.0,0.3333,0.0,0.3333333333333333,0.0,-3.333333333332966e-05,1.0,1.0,0.0,1,0,bind
HotpotQA,368,"Which has more species, Festuca or Dactylis?",high,1,3,1,1,1.0,1.0,1.0,2,6,0,1.0,1.0,1.0,1.0,0.0,0.0,1.0,1.0,0.0,1,0,bind
HotpotQA,369,Which building is taller Bertelsmann Building or 432 Park Avenue?,high,1,3,1,1,0.0,0.0,0.0,2,3,0,1.0,1.0,1.0,1.0,0.0,0.0,1.0,1.0,0.0,1,0,abstain
HotpotQA,370,Are both American Foxhound and Löwchen types of Foxhounds?,high,1,3,2,2,1.0,0.5,1.0,2,3,0,1.0,1.0,1.0,1.0,0.0,0.0,1.0,1.0,0.0,1,0,bind
HotpotQA,371,"Which facility was founded in Missouri, Discovery Zone or Valentino's?",high,1,4,2,1,1.0,0.5,1.0,2,2,0,1.0,1.0,1.0,1.0,0.0,0.0,1.0,1.0,0.0,1,0,bind
HotpotQA,372,"What is the name of the daughter of the Irish entertainer in the girl band Maxi, Dick and Twink?",low,0,2,1,1,2.0,2.0,2.0,2,3,0,0.0,0.5714,0.0,0.5714285714285715,0.0,-2.8571428571488866e-05,0.5,1.0,-0.5,1,0,bind
HotpotQA,373,"Which Kevin Costner movie included an actor who also starred in ""Little Big League""?",high,1,3,2,2,3.0,1.5,2.0,2,3,0,1.0,1.0,1.0,1.0,0.0,0.0,1.0,1.0,0.0,1,0,bind
HotpotQA,374,Who was the director of 2004 American teen comedy adventure film in which Michelle Christine Trachtenberg appeared?,high,1,3,2,2,3.0,1.5,3.0,2,1,1,0.0,0.6667,0.0,0.6666666666666666,0.0,3.333333333332966e-05,1.0,0.5,0.5,1,0,bind
HotpotQA,375,Japanese destroyer Oite participated in what conflict that ended with the surrender of the American forces to the Empire of Japan?,high,1,3,2,2,4.0,2.0,2.0,2,2,0,1.0,1.0,1.0,1.0,0.0,0.0,1.0,1.0,0.0,1,0,bind
HotpotQA,376,Christopher de Haro provided the financial backing to what Portuguese explorer who organised the Spanish expedition to the East Indies from 1519 to 1522?,low,0,2,1,1,1.0,1.0,1.0,2,2,0,1.0,1.0,1.0,1.0,0.0,0.0,1.0,1.0,0.0,1,0,bind
HotpotQA,377,Falling Stars is a role-playing game published by the company based out of what country?,low,0,2,1,1,2.0,2.0,2.0,2,1,1,1.0,1.0,0.0,0.0,1.0,1.0,1.0,0.5,0.5,1,0,bind
HotpotQA,378,The Zapruder film shows President John F. Kennedy's motorcade as it passed through a plaza that was named aNational Historic Landmark in what year?,low,0,2,1,1,1.0,1.0,1.0,2,2,0,1.0,1.0,1.0,1.0,0.0,0.0,1.0,1.0,0.0,1,0,bind
HotpotQA,379,"Who lived longer, Tony Richardson or Giorgio Ferroni?",high,1,4,2,1,0.0,0.0,0.0,2,2,0,0.0,0.0,1.0,1.0,-1.0,-1.0,1.0,1.0,0.0,1,0,abstain
HotpotQA,380,Are Water dropwort and Costus both in the family Apiaceae?,high,1,3,1,1,2.0,2.0,2.0,2,4,0,1.0,1.0,1.0,1.0,0.0,0.0,1.0,1.0,0.0,1,0,bind
HotpotQA,381,Gerd Neggo trained under the founder of which type of dance analysis?,low,0,2,1,1,1.0,1.0,1.0,2,2,0,1.0,1.0,1.0,1.0,0.0,0.0,1.0,1.0,0.0,1,0,bind
HotpotQA,382,What is the population of the town that gets it's water supply from Canobie Lake?,low,0,2,1,1,0.0,0.0,0.0,2,2,0,0.0,0.4,0.0,0.4,0.0,0.0,1.0,1.0,0.0,1,0,abstain
HotpotQA,383,"Who has released more studio albums, Candlelight Red or Motion City Soundtrack?",high,1,3,1,1,3.0,3.0,3.0,2,8,0,1.0,1.0,1.0,1.0,0.0,0.0,1.0,1.0,0.0,1,0,bind
HotpotQA,384,Who wrote the 1970 international hit song Murray Head is most recognized for?,low,0,2,1,1,5.0,5.0,5.0,2,4,0,1.0,1.0,1.0,1.0,0.0,0.0,1.0,1.0,0.0,1,0,bind
HotpotQA,385,"Where is the singer of ""B Boy"" raised?",low,0,2,1,1,4.0,4.0,4.0,2,3,0,1.0,1.0,1.0,1.0,0.0,0.0,1.0,1.0,0.0,1,0,bind
HotpotQA,386,The major benefactor who donated money to build Archbold Gymnasium sold his oil company to whom?,low,0,2,1,1,1.0,1.0,1.0,2,2,0,1.0,1.0,1.0,1.0,0.0,0.0,1.0,1.0,0.0,1,0,bind
HotpotQA,387,Me and You and Everyone We Know was directed by an artist who also directed what 2011 film?,low,0,2,1,1,2.0,2.0,2.0,2,2,0,1.0,1.0,1.0,1.0,0.0,0.0,1.0,1.0,0.0,1,0,bind
HotpotQA,388,"What role did the actor who played Colonel Sherman T. Potter in ""M*A*S*H"" play in ""Kentucky Jones""",low,0,2,1,1,1.0,1.0,1.0,2,2,0,1.0,1.0,1.0,1.0,0.0,0.0,1.0,1.0,0.0,1,0,bind
HotpotQA,389,The owner of radio station KWPW has the same name as an American character actor. What is it?,low,0,2,1,1,1.0,1.0,1.0,2,2,0,1.0,1.0,1.0,1.0,0.0,0.0,1.0,1.0,0.0,1,0,bind
HotpotQA,390,George Tawengwa was the first black person to buy a farm located in a country now known as which country ?,low,0,2,1,1,1.0,1.0,1.0,2,4,0,1.0,1.0,1.0,1.0,0.0,0.0,1.0,1.0,0.0,1,0,bind
HotpotQA,391,"Which film was released first, Home on the Range or Pete's Dragon?",high,1,3,1,1,0.0,0.0,0.0,2,2,0,1.0,1.0,1.0,1.0,0.0,0.0,1.0,1.0,0.0,1,0,abstain
HotpotQA,392,Command and Control was a book that discusses the 1980 incident in what state?,low,0,2,1,1,2.0,2.0,2.0,2,2,0,1.0,1.0,1.0,1.0,0.0,0.0,1.0,1.0,0.0,1,0,bind
HotpotQA,393,The host of PokerFace is from where?,low,0,2,1,1,1.0,1.0,1.0,2,3,0,0.0,0.4,0.0,0.0,0.0,0.4,1.0,1.0,0.0,1,0,bind
HotpotQA,394,"Of which painting was this German dancer, actress, and writer who lived during the Weimar period and appeared in the 1918 German silent drama film ""The Story of Dida Ibsen"" the subject?",low,0,2,1,1,1.0,1.0,1.0,2,2,0,0.0,0.6667,0.0,0.6666666666666666,0.0,3.333333333332966e-05,1.0,1.0,0.0,1,0,bind
HotpotQA,395,"In the USA, gun powder is used in conjunction with this to start the Boomershot.",low,0,1,0,0,0.0,0.0,0.0,2,2,0,0.0,0.6667,0.0,0.0,0.0,0.6667,1.0,1.0,0.0,1,0,abstain
HotpotQA,396,"What resort in Biloxi, Mississippi does the Chief Operating Officer of the largest single hotel in the United States oversee?",high,1,3,2,2,3.0,1.5,2.0,2,2,0,1.0,1.0,1.0,1.0,0.0,0.0,1.0,1.0,0.0,1,0,bind
HotpotQA,397,What park is just south of the location where the New York Jets played prior to moving to Shea Stadium?,low,0,2,1,1,1.0,1.0,1.0,2,4,0,1.0,1.0,1.0,1.0,0.0,0.0,1.0,1.0,0.0,1,0,bind
HotpotQA,398,Who directed the film where Susanne Pollatschek voiced Olivia Flaversham?,low,0,2,1,1,1.0,1.0,1.0,2,2,0,0.0,0.8571,0.0,0.8571428571428571,0.0,-4.285714285712228e-05,1.0,1.0,0.0,1,0,bind
HotpotQA,399,Did both  Slaughter-House Cases and United States v. Darby Lumber Co. involve civil rights law?,high,1,3,1,1,0.0,0.0,0.0,2,2,0,1.0,1.0,1.0,1.0,0.0,0.0,1.0,1.0,0.0,1,0,abstain
HotpotQA,400,Where did Cale Gundy's brother play football in college?,low,0,2,1,1,0.0,0.0,0.0,2,2,0,1.0,1.0,1.0,1.0,0.0,0.0,1.0,1.0,0.0,1,0,abstain
HotpotQA,401,Who constructed Auburn the Antebellum mansion and was accused of the Manhattan Well Murder?,high,1,4,3,3,12.0,4.0,5.0,2,2,0,1.0,1.0,1.0,1.0,0.0,0.0,1.0,1.0,0.0,1,0,bind
HotpotQA,402,"Which dog originated in Galicia, the Bullenbeisser or Can de Palleiro?",high,1,3,1,1,1.0,1.0,1.0,2,2,0,1.0,1.0,1.0,1.0,0.0,0.0,1.0,1.0,0.0,1,0,bind
HotpotQA,403,"Shane and Friends have interviewed an American YouTube personality who has two active YouTube channels, which have a combined total of how many views?",high,1,4,3,3,8.0,2.6666666666666665,4.0,2,2,0,1.0,1.0,1.0,1.0,0.0,0.0,1.0,1.0,0.0,1,0,bind
HotpotQA,404,"""52nd Street"" is a 1978 album that earned two Grammy Awards for which piano-playing songwriter?",high,1,3,2,2,2.0,1.0,2.0,2,2,0,1.0,1.0,1.0,1.0,0.0,0.0,1.0,1.0,0.0,1,0,bind
HotpotQA,405,Who preceded the man who had the Nassak Diamond cut and placed into the handle of his sword?,low,0,2,1,1,1.0,1.0,1.0,2,7,0,1.0,1.0,1.0,1.0,0.0,0.0,1.0,1.0,0.0,1,0,bind
HotpotQA,406,What other jobs did the man that co-produced Gyara Hazar Ladkian have?,low,0,2,1,1,1.0,1.0,1.0,2,2,0,0.0,0.5714,0.0,0.5714285714285715,0.0,-2.8571428571488866e-05,1.0,1.0,0.0,1,0,bind
HotpotQA,407,Pyotr Verzilov is married to a Russian conceptual artist and what kind of activist?,low,0,2,1,1,1.0,1.0,1.0,2,2,0,0.0,0.6667,1.0,1.0,-1.0,-0.33330000000000004,1.0,1.0,0.0,1,0,bind
HotpotQA,408,Which American band from Knoxville Tennessee released the album From Birth to Burial?,low,0,1,0,0,0.0,0.0,0.0,2,3,0,1.0,1.0,1.0,1.0,0.0,0.0,1.0,1.0,0.0,1,0,abstain
HotpotQA,409,Renáta Tomanová and Larisa Neiland are former professional athletes for what sport?,high,1,3,1,1,0.0,0.0,0.0,2,3,0,0.0,0.6667,0.0,0.6666666666666666,0.0,3.333333333332966e-05,1.0,1.0,0.0,1,0,abstain
HotpotQA,410,What is in both the Lithocarpus and Duranta species?,high,1,3,1,1,5.0,5.0,5.0,2,4,0,0.0,0.0,0.0,0.0,0.0,0.0,1.0,1.0,0.0,1,0,bind
HotpotQA,411,What medieval fortress is believed to refer to a chapel at the bottom of a hill?,low,0,1,0,0,0.0,0.0,0.0,2,1,1,1.0,1.0,1.0,1.0,0.0,0.0,1.0,0.5,0.5,1,0,abstain
HotpotQA,412,"When was the Russian composer who composed ""Prisoner of the Caucasus"" born?",low,0,2,1,1,2.0,2.0,2.0,2,2,0,0.0,0.4,0.0,0.4,0.0,0.0,1.0,1.0,0.0,1,0,bind
HotpotQA,413,The eighth-longest rollercoaster in the world is located in what theme park?,low,0,2,1,1,1.0,1.0,1.0,2,2,0,0.0,0.6667,1.0,1.0,-1.0,-0.33330000000000004,0.5,1.0,-0.5,1,0,bind
HotpotQA,414,What religion is the composer for India's first science fiction film series?,low,0,2,1,1,1.0,1.0,1.0,2,4,0,0.0,0.0,0.0,0.0,0.0,0.0,1.0,0.5,0.5,1,0,bind
HotpotQA,415,"Which feature film was released earlier, One Magic Christmas or Muppet Treasure Island?",high,1,3,1,1,0.0,0.0,0.0,2,2,0,1.0,1.0,1.0,1.0,0.0,0.0,1.0,1.0,0.0,1,0,abstain
HotpotQA,416,"Who was also an actor, Serri or John Fogerty?",high,1,4,2,1,5.0,2.5,4.0,2,2,0,1.0,1.0,1.0,1.0,0.0,0.0,1.0,1.0,0.0,1,0,bind
HotpotQA,417,In which Sottish Region is the castle in which] Sir Roger de Kirkpatrick was born ?,low,0,2,1,1,1.0,1.0,1.0,2,2,0,1.0,1.0,1.0,1.0,0.0,0.0,1.0,1.0,0.0,1,0,bind
HotpotQA,418,"When was the American actor, film director which  Dana Brunetti is the president of his company born",high,1,3,2,2,5.0,2.5,4.0,2,3,0,0.0,0.5,1.0,1.0,-1.0,-0.5,0.5,1.0,-0.5,1,0,bind
HotpotQA,419,"Which building, the Metropolitan Life Insurance Company Tower or the 432 Park Avenue building, has two addresses?",high,1,4,2,1,0.0,0.0,0.0,2,2,0,1.0,1.0,1.0,1.0,0.0,0.0,1.0,1.0,0.0,1,0,abstain
HotpotQA,420,Who was born first out of Leopold Lummerstorfer and Laurent Touil-Tartour?,high,1,3,1,1,0.0,0.0,0.0,2,2,0,1.0,1.0,1.0,1.0,0.0,0.0,1.0,1.0,0.0,1,0,abstain
HotpotQA,421,Which conflict involving the Mende ethnic group lasted for eleven years?,low,0,2,1,1,2.0,2.0,2.0,2,3,0,1.0,1.0,1.0,1.0,0.0,0.0,1.0,1.0,0.0,1,0,bind
HotpotQA,422,Are Des Moines International Airport and Grand Canyon National Park Airport both major airline hubs?,high,1,3,1,1,0.0,0.0,0.0,2,4,0,1.0,1.0,1.0,1.0,0.0,0.0,1.0,1.0,0.0,1,0,abstain
HotpotQA,423,"Often seen at the Academy Awards pre-show, what is Robin Roberts's occupation?",low,0,2,1,1,1.0,1.0,1.0,2,2,0,0.0,0.8,0.0,0.4,0.0,0.4,1.0,0.5,0.5,1,0,bind
HotpotQA,424,"What is the name of this suburb within the Central Coast Council local government area, where Tessa, of Microwave Jenny, grew up?",low,0,2,1,1,2.0,2.0,2.0,2,2,0,0.0,0.5714,0.0,0.5714285714285715,0.0,-2.8571428571488866e-05,1.0,1.0,0.0,1,0,bind
HotpotQA,425,Sum 41 and Passion Pit have what in common?,low,0,2,1,1,0.0,0.0,0.0,2,3,0,0.0,0.0,0.0,0.0,0.0,0.0,1.0,1.0,0.0,1,0,abstain
HotpotQA,426,"What is the founding year of this public research university in the Netherlands, where Jan Borgman was a professor from 1968 to 1988?",low,0,2,1,1,1.0,1.0,1.0,2,2,0,1.0,1.0,1.0,1.0,0.0,0.0,1.0,1.0,0.0,1,0,bind
HotpotQA,427,To Catch a Predator was devoted to impersonating people below the age of consent for which in North America varies by what?,low,0,2,1,1,0.0,0.0,0.0,2,2,0,1.0,1.0,1.0,1.0,0.0,0.0,1.0,1.0,0.0,1,0,abstain
HotpotQA,428,Whistle and Yodel both specialize in what service?,low,0,1,0,0,0.0,0.0,0.0,2,2,0,0.0,0.4,0.0,0.5,0.0,-0.09999999999999998,1.0,1.0,0.0,1,0,abstain
HotpotQA,429,This One's for the Children had lead vocals by the singer and songwriter of what nationality?,low,0,2,1,1,3.0,3.0,3.0,2,2,0,1.0,1.0,1.0,1.0,0.0,0.0,1.0,1.0,0.0,1,0,bind
HotpotQA,430,"Flynn Rider is voiced by which American actor and singer born September 29, 1980?",high,1,3,2,1,4.0,2.0,2.0,2,2,0,1.0,1.0,1.0,1.0,0.0,0.0,1.0,1.0,0.0,1,0,bind
HotpotQA,431,What was the position in the United States Army of the Lieutenant general that Confederate General Robert E. Lee surrendered to?,low,0,2,1,1,1.0,1.0,1.0,2,3,0,1.0,1.0,0.0,0.0,1.0,1.0,1.0,0.5,0.5,1,0,bind
HotpotQA,432,Who was the ruler ousted by the 30th Prime Minister of Cambodia after Khmer Rouge's victory over the Lon Nol government?,high,1,4,2,1,2.0,1.0,2.0,2,3,0,0.0,0.5714,0.0,0.7499999999999999,0.0,-0.17859999999999987,1.0,1.0,0.0,1,0,bind
HotpotQA,433,"Who was born more recently, Flula Borg, or Dirk Nowitzki?",high,1,3,1,1,0.0,0.0,0.0,2,2,0,1.0,1.0,1.0,1.0,0.0,0.0,1.0,1.0,0.0,1,0,abstain
HotpotQA,434,"Nuestra Belleza México 2010 was crowned by the winner of what other 2010 pageant, the winner of which was crowned on 23 August 2010?",low,0,2,1,1,1.0,1.0,1.0,2,2,0,1.0,1.0,1.0,1.0,0.0,0.0,1.0,1.0,0.0,1,0,bind
HotpotQA,435,Peter Curtis and Scott Draper are both what?,low,0,1,0,0,0.0,0.0,0.0,2,8,0,0.0,0.6667,0.0,0.5714285714285715,0.0,0.09527142857142845,1.0,1.0,0.0,1,0,abstain
HotpotQA,436,Armie Hammer stars as Oliver in a film directed by who ?,low,0,2,1,1,1.0,1.0,1.0,2,2,0,1.0,1.0,1.0,1.0,0.0,0.0,1.0,1.0,0.0,1,0,bind
HotpotQA,437,When did the British philosopher whose works inspired Kate Horsley's interest in Zen die?,low,0,2,1,1,2.0,2.0,2.0,2,2,0,0.0,0.5,0.0,0.5,0.0,0.0,1.0,1.0,0.0,1,0,bind
HotpotQA,438,"This stadium, the largest in eastern Europe, was home to the 1998 IAAF Grand Prix Final.  How many seats does it have?",low,0,2,1,1,1.0,1.0,1.0,2,2,0,0.0,0.6667,0.0,0.6666666666666666,0.0,3.333333333332966e-05,1.0,1.0,0.0,1,0,bind
HotpotQA,439,"When was the anthology, in which fisrt pages of The Incal"" were released, created?",low,0,2,1,1,1.0,1.0,1.0,2,2,0,0.0,0.6667,0.0,0.6666666666666666,0.0,3.333333333332966e-05,1.0,1.0,0.0,1,0,bind
HotpotQA,440,Figure 2 Ranch Airport supports launch operations of what aerospace manufacturer and space flight services company?,low,0,1,0,0,0.0,0.0,0.0,2,2,0,1.0,1.0,1.0,1.0,0.0,0.0,1.0,1.0,0.0,1,0,abstain
HotpotQA,441,"When did the University, of which The Dove Marine Laboratory is a part, gain University status ? ?",low,0,2,1,1,1.0,1.0,1.0,2,2,0,1.0,1.0,1.0,1.0,0.0,0.0,1.0,1.0,0.0,1,0,bind
HotpotQA,442,What was the address of the penitentiary where Jimmy Elliot was sentenced?,low,0,2,1,1,1.0,1.0,1.0,2,2,0,1.0,1.0,0.0,0.4615384615384615,1.0,0.5384615384615385,1.0,1.0,0.0,1,0,bind
HotpotQA,443,Who produced the film that was Jennifer Kent's directorial debut?,low,0,2,1,1,2.0,2.0,2.0,2,2,0,1.0,1.0,1.0,1.0,0.0,0.0,1.0,1.0,0.0,1,0,bind
HotpotQA,444,Lee Sung-jae stars in the film Barking Dogs Never Bite which is what film genre?,low,0,1,0,0,0.0,0.0,0.0,2,2,0,0.0,0.6667,0.0,0.6666666666666666,0.0,3.333333333332966e-05,1.0,1.0,0.0,1,0,abstain
HotpotQA,445,"In the seventh-largest country in Africa, what is the oil prodcution of the city at the mouth of the Congo River?",high,1,3,2,2,3.0,1.5,2.0,2,2,0,1.0,1.0,1.0,1.0,0.0,0.0,1.0,1.0,0.0,1,0,bind
HotpotQA,446,"Which 1970's film was released first, Charley and the Angel or The Boatniks?",high,1,3,1,1,0.0,0.0,0.0,2,2,0,0.0,0.1176,0.0,0.11764705882352941,0.0,-4.705882352941393e-05,1.0,1.0,0.0,1,0,abstain
HotpotQA,447,Not About Angels was used in the film adaptation of what novel by John Green?,low,0,1,0,0,0.0,0.0,0.0,2,4,0,1.0,1.0,1.0,1.0,0.0,0.0,1.0,1.0,0.0,1,0,abstain
HotpotQA,448,"What year was the film ""Mom"" released, starring the voice of Shashaa Tirupati?",low,0,2,1,1,1.0,1.0,1.0,2,2,0,1.0,1.0,1.0,1.0,0.0,0.0,1.0,1.0,0.0,1,0,bind
HotpotQA,449,What bluegrass singer provides vocals for a song on the album which was released in September 2013 through PRMD Music?,low,0,2,1,1,1.0,1.0,1.0,2,3,0,0.0,0.0,1.0,1.0,-1.0,-1.0,0.5,1.0,-0.5,1,0,bind
HotpotQA,450,Which player signed to Bayern Munich before the 2012-2013 season was known mostly as a central defender?,low,0,2,1,1,1.0,1.0,1.0,2,2,0,1.0,1.0,1.0,1.0,0.0,0.0,1.0,1.0,0.0,1,0,bind
HotpotQA,451,David Huntsinger has worked with this gospel singer born in the month of July?,low,0,2,1,1,3.0,3.0,3.0,2,4,0,1.0,1.0,1.0,1.0,0.0,0.0,1.0,1.0,0.0,1,0,bind
HotpotQA,452,"The younger brother, who became king, of Princess Mafalda of Savoy reigned for how many days?",high,1,3,2,2,1.0,0.5,1.0,2,2,0,0.0,0.6667,0.0,0.6666666666666666,0.0,3.333333333332966e-05,1.0,1.0,0.0,1,0,bind
HotpotQA,453,Which actor that has performed as Inspector Javert in a Les Misérables production Has won the Laurence Olivier Award for Best Actor in a musical three times?,low,0,2,1,1,3.0,3.0,3.0,2,3,0,1.0,1.0,1.0,1.0,0.0,0.0,1.0,1.0,0.0,1,0,bind
HotpotQA,454,Of which band was the singer who released the record I Get Weak once a member ?,low,0,2,1,1,1.0,1.0,1.0,2,2,0,1.0,1.0,1.0,1.0,0.0,0.0,1.0,1.0,0.0,1,0,bind
HotpotQA,455,Which of the following buildings was designed by SHoP Architects: 247 Cherry or General Motors Building?,high,1,3,2,1,2.0,1.0,1.0,2,2,0,1.0,1.0,1.0,1.0,0.0,0.0,1.0,0.5,0.5,1,0,bind
HotpotQA,456,Wheelock Whitney is just one member of the Whitney Family. Where did this American family originate from?,low,0,1,0,0,0.0,0.0,0.0,2,10,0,1.0,1.0,1.0,1.0,0.0,0.0,1.0,0.5,0.5,1,0,abstain
HotpotQA,457,"Midland F1 Racing was a racing team that, in 2007, competed under what name for sponsorship reasons?",low,0,1,0,0,0.0,0.0,0.0,2,2,0,1.0,1.0,0.0,0.5714285714285715,1.0,0.4285714285714285,1.0,1.0,0.0,1,0,abstain
HotpotQA,458,Giselle Cossard was known as Mother Giselle of what type of diety?,low,0,1,0,0,0.0,0.0,0.0,2,2,0,0.0,0.0,0.0,0.5,0.0,-0.5,1.0,1.0,0.0,1,0,abstain
HotpotQA,459,Which of the teams that Sun-woo Kim played on never won a division title?,high,1,3,2,2,7.0,3.5,5.0,2,5,0,1.0,1.0,1.0,1.0,0.0,0.0,1.0,1.0,0.0,1,0,bind
HotpotQA,460,What studio album did Kanye West record with Roc-A-Fella Records and soul singer Dwele?,high,1,3,2,2,10.0,5.0,5.0,2,4,0,0.0,0.0,0.0,0.0,0.0,0.0,0.0,0.5,-0.5,1,0,bind
HotpotQA,461,What team plays within the Big 12 Conference and has Kevin Bookout playing for them?,low,0,2,1,1,0.0,0.0,0.0,2,2,0,0.0,0.6667,0.0,0.6666666666666666,0.0,3.333333333332966e-05,1.0,1.0,0.0,1,0,abstain
HotpotQA,462,What is the first two words of the fifth studio album of Joseph Edgar Foreman?,low,0,2,1,1,2.0,2.0,2.0,2,2,0,1.0,1.0,1.0,1.0,0.0,0.0,1.0,1.0,0.0,1,0,bind
HotpotQA,463,In what year was the soft drink that the Coca-Cola Company designed Red Flash to compete against created?,low,0,2,1,1,1.0,1.0,1.0,2,2,0,1.0,1.0,1.0,1.0,0.0,0.0,1.0,1.0,0.0,1,0,bind
HotpotQA,464,"Which ""The Chronicles of Narnia"" character is prominently featured in ""The Lion, the Witch and the Wardrobe"" and is a close friend with Lucy Pevensie whom she meets in the Lantern Waste.",low,0,2,1,1,4.0,4.0,4.0,2,3,0,1.0,1.0,1.0,1.0,0.0,0.0,1.0,1.0,0.0,1,0,bind
HotpotQA,465,J.B. Scotts located on this 11 mile stretch in Albany New York and is also known by this name in Schenectady County?,low,0,2,1,1,2.0,2.0,2.0,2,2,0,1.0,1.0,1.0,1.0,0.0,0.0,1.0,1.0,0.0,1,0,bind
HotpotQA,466,What county in Minnesota holds a 202 lb slab of greywacke covered in runes?,low,0,1,0,0,0.0,0.0,0.0,2,2,0,0.0,0.6667,0.0,0.6666666666666666,0.0,3.333333333332966e-05,1.0,1.0,0.0,1,0,abstain
HotpotQA,467,What annual event occurs on a property co-founded by an American who was the best-selling recording artist of the 20th century?,high,1,3,2,2,5.0,2.5,3.0,2,2,0,0.0,0.0,1.0,1.0,-1.0,-1.0,0.5,1.0,-0.5,1,0,bind
HotpotQA,468,What is the name of the fashion label that the founder of the Faena Arts Center founded in 1985?,low,0,2,1,1,2.0,2.0,2.0,2,2,0,1.0,1.0,1.0,1.0,0.0,0.0,1.0,1.0,0.0,1,0,bind
HotpotQA,469,What championship did the person who substituted for Simon Pagenaud secure a contract to drive in 2017?,low,0,2,1,1,0.0,0.0,0.0,2,2,0,1.0,1.0,1.0,1.0,0.0,0.0,1.0,1.0,0.0,1,0,abstain
HotpotQA,470,Are both Barry Unsworth and P. G. Wodehouse from the same country?,high,1,3,1,1,0.0,0.0,0.0,2,2,0,1.0,1.0,1.0,1.0,0.0,0.0,1.0,1.0,0.0,1,0,abstain
HotpotQA,471,To which taxonomic category do both Hyacinthoides and Anthriscus belong?,high,1,3,1,1,0.0,0.0,0.0,2,2,0,0.0,0.0,1.0,1.0,-1.0,-1.0,1.0,1.0,0.0,1,0,abstain
HotpotQA,472,"Which town has a greater population as of the 2010 census, Minden, Nevada or Gardnerville, Nevada?",high,1,3,1,1,5.0,5.0,5.0,2,3,0,0.0,0.6667,0.0,0.6666666666666666,0.0,3.333333333332966e-05,1.0,1.0,0.0,1,0,bind
HotpotQA,473,"Which is in the pop genre, Capital Cities or Tweaker?",high,1,3,1,1,0.0,0.0,0.0,2,2,0,1.0,1.0,1.0,1.0,0.0,0.0,1.0,1.0,0.0,1,0,abstain
HotpotQA,474,What Canadian filmmaker created a film about Bettie Page in 2005?,high,1,3,2,2,2.0,1.0,1.0,2,5,0,0.0,0.5,0.0,0.5,0.0,0.0,1.0,1.0,0.0,1,0,bind
HotpotQA,475,What movement was the the person referred to as Mumia part of?,low,0,1,0,0,0.0,0.0,0.0,2,3,0,0.0,0.4,0.0,0.4,0.0,0.0,1.0,0.5,0.5,1,0,abstain
HotpotQA,476,"Which restaurant chain is based further south, Pizza Fusion or Imo's Pizza?",high,1,3,1,1,0.0,0.0,0.0,2,2,0,1.0,1.0,1.0,1.0,0.0,0.0,1.0,1.0,0.0,1,0,abstain
HotpotQA,477,"Which restaurant was founded first, Papa Murphy's or Gino's Pizza and Spaghetti?",high,1,3,1,1,0.0,0.0,0.0,2,2,0,1.0,1.0,1.0,1.0,0.0,0.0,1.0,1.0,0.0,1,0,abstain
HotpotQA,478,"Which team was older when it had it's worst season, The Cleveland Browns or the Detroit Lions",high,1,3,1,1,1.0,1.0,1.0,2,5,0,1.0,1.0,0.0,0.0,1.0,1.0,1.0,1.0,0.0,1,0,bind
HotpotQA,479,The first Latina Supreme Court Justice was part of the majority decision of a case that upheld which previous supreme court case?,high,1,3,2,2,4.0,2.0,3.0,2,2,0,1.0,1.0,1.0,1.0,0.0,0.0,1.0,1.0,0.0,1,0,bind
HotpotQA,480,Which Australian professional women's basketball team has an American playing in it?,low,0,2,1,1,0.0,0.0,0.0,2,2,0,1.0,1.0,0.0,0.0,1.0,1.0,1.0,0.5,0.5,1,0,abstain
HotpotQA,481,What singer who was the seventh place finalist on the 7th season of American Idol first recorded the song Like My Mother Does,high,1,3,2,2,6.0,3.0,5.0,2,2,0,1.0,1.0,1.0,1.0,0.0,0.0,1.0,1.0,0.0,1,0,bind
HotpotQA,482,PISCES was developed by the company that is headquartered in what city?,low,0,2,1,1,0.0,0.0,0.0,2,2,0,0.0,0.6667,0.0,0.6666666666666666,0.0,3.333333333332966e-05,1.0,1.0,0.0,1,0,abstain
HotpotQA,483,What supernatural horror film did Miles Doleac have a role in?,low,0,2,1,1,0.0,0.0,0.0,2,4,0,0.0,0.0,0.0,0.0,0.0,0.0,0.5,0.5,0.0,1,0,abstain
HotpotQA,484,Which publisher released the prequel to the 2012 novel Boneland in 1960?,high,1,3,2,2,1.0,0.5,1.0,2,2,0,0.0,0.5,0.0,0.5,0.0,0.0,1.0,1.0,0.0,1,0,bind
HotpotQA,485,"This work of literature _______ , known by its Greek title Oedipus Tyrannus was argued by Sigmund Freud to be one of the greatest works of world literature in his 1928 article.",low,0,2,1,1,1.0,1.0,1.0,2,2,0,1.0,1.0,1.0,1.0,0.0,0.0,1.0,1.0,0.0,1,0,bind
HotpotQA,486,"In what century did this Native warrior and chief, whose brother Tenskwatawa led the Tippecanoe order of battle, become the primary leader of a large, multi tribal confederacy?",low,0,2,1,1,1.0,1.0,1.0,2,4,0,0.0,0.0,0.0,0.0,0.0,0.0,1.0,0.5,0.5,1,0,bind
HotpotQA,487,"In what year was the novel that Lourenço Mutarelli based ""Nina"" on based first published?",low,0,2,1,1,1.0,1.0,1.0,2,2,0,1.0,1.0,1.0,1.0,0.0,0.0,1.0,1.0,0.0,1,0,bind
HotpotQA,488,Are Control Room and Meeting Resistance both documentary films that involve Iraq?,low,0,2,0,0,0.0,0.0,0.0,2,2,0,1.0,1.0,1.0,1.0,0.0,0.0,1.0,1.0,0.0,1,0,abstain
HotpotQA,489,"Which writer died later, Agatha Christie or Clement Greenberg?",high,1,3,1,1,0.0,0.0,0.0,2,2,0,1.0,1.0,1.0,1.0,0.0,0.0,1.0,1.0,0.0,1,0,abstain
HotpotQA,490,"Does Jimmy Barnes have more hits, both solo and in a group, than Yang Seung-ho has with his group?",high,1,3,1,1,0.0,0.0,0.0,2,6,0,1.0,1.0,1.0,1.0,0.0,0.0,1.0,1.0,0.0,1,0,abstain
HotpotQA,491,Where did the designer of the Van de Graaff generator teach at?,low,0,2,1,1,1.0,1.0,1.0,2,5,0,1.0,1.0,0.0,0.7272727272727273,1.0,0.2727272727272727,1.0,0.5,0.5,1,0,bind
HotpotQA,492,Are Yucca and Rodgersia both perennials?,high,1,3,1,1,4.0,4.0,4.0,2,2,0,1.0,1.0,1.0,1.0,0.0,0.0,1.0,1.0,0.0,1,0,bind
HotpotQA,493,What is the nationality of the poet who wrote Une Tempete and first performed it in Tunisia?,high,1,3,2,2,2.0,1.0,2.0,2,2,0,1.0,1.0,1.0,1.0,0.0,0.0,1.0,1.0,0.0,1,0,bind
HotpotQA,494,"The Declaration of Montreal was the founding document of which world event, lasting from July 26-August 5, 2006?",low,0,2,1,1,1.0,1.0,1.0,2,2,0,0.0,0.8,0.0,0.6666666666666666,0.0,0.13333333333333341,1.0,1.0,0.0,1,0,bind
HotpotQA,495,The Roissy Airport connects to Paris and cities in what countries?,low,0,2,1,1,0.0,0.0,0.0,2,3,0,0.0,0.4,0.0,0.25,0.0,0.15000000000000002,1.0,1.0,0.0,1,0,abstain
HotpotQA,496,What city did the Freebooters F.C. soccer team lose in that is now known as Croke Park?,high,1,3,2,2,0.0,0.0,0.0,2,2,0,1.0,1.0,1.0,1.0,0.0,0.0,1.0,1.0,0.0,1,0,abstain
HotpotQA,497,Are Chlidanthus and Maianthemum both flowering plants?,high,1,3,1,1,0.0,0.0,0.0,2,2,0,1.0,1.0,1.0,1.0,0.0,0.0,1.0,1.0,0.0,1,0,abstain
HotpotQA,498,Were both Life magazine and Strictly Slots magazine published monthly in 1998?,high,1,3,1,1,1.0,1.0,1.0,2,2,0,1.0,1.0,0.0,0.0,1.0,1.0,1.0,1.0,0.0,1,0,bind
HotpotQA,499,"Which was Disney's 2nd animated production, Pinocchio or Home on the Range?",low,0,2,1,1,5.0,5.0,5.0,2,2,0,1.0,1.0,1.0,1.0,0.0,0.0,1.0,1.0,0.0,1,0,bind
HotpotQA,500,What city does Paul Clyne and David Soares have in common?,high,1,3,1,1,2.0,2.0,2.0,2,2,0,0.0,0.0,0.0,0.0,0.0,0.0,1.0,1.0,0.0,1,0,bind
HotpotQA,501,Black Book starred the actress and writer of what heritage?,low,0,2,1,1,1.0,1.0,1.0,2,2,0,1.0,1.0,1.0,1.0,0.0,0.0,1.0,1.0,0.0,1,0,bind
HotpotQA,502,In what year did the parent show of The URL with Phred Show end?,low,0,2,1,1,1.0,1.0,1.0,2,2,0,1.0,1.0,1.0,1.0,0.0,0.0,1.0,1.0,0.0,1,0,bind
HotpotQA,503,What is the birthday of the Earl of Merioneth?,low,0,1,0,0,0.0,0.0,0.0,2,2,0,0.0,0.0,1.0,1.0,-1.0,-1.0,0.5,1.0,-0.5,1,0,abstain
HotpotQA,504,"What novella was ""Eyes Wide Shut,"" starring Vinessa Elizabeth Shaw, based on?",low,0,1,0,0,0.0,0.0,0.0,2,2,0,0.0,0.5,0.0,0.5,0.0,0.0,1.0,1.0,0.0,1,0,abstain
HotpotQA,505,Whose helmet is it discovered in 1939 which is well preserved and together with the Coppergate Helmet?,low,0,2,1,1,1.0,1.0,1.0,2,3,0,0.0,0.0,0.0,0.0,0.0,0.0,1.0,1.0,0.0,1,0,bind
HotpotQA,506,"The 1996 film ""The Christmas Tree"" stars Andrew McCarthy and an actress that has won how any Emmy Awards?",low,0,2,1,1,1.0,1.0,1.0,2,2,0,1.0,1.0,1.0,1.0,0.0,0.0,1.0,1.0,0.0,1,0,bind
HotpotQA,507,"In what city is the mortgage lending company, founded by Dan Gilbert, headquartered?",low,0,2,1,1,1.0,1.0,1.0,2,2,0,0.0,0.6667,0.0,0.6666666666666666,0.0,3.333333333332966e-05,1.0,1.0,0.0,1,0,bind
HotpotQA,508,What is the nickname of the peninsula that is home to the Calabrian Black Squirrel?,low,0,2,1,1,2.0,2.0,2.0,2,3,0,0.0,0.8,0.0,0.8,0.0,0.0,1.0,1.0,0.0,1,0,bind
HotpotQA,509,Are Dogo Cubano and the Dutch Shepherd both breeds of dog?,high,1,3,1,1,0.0,0.0,0.0,2,3,0,1.0,1.0,1.0,1.0,0.0,0.0,1.0,1.0,0.0,1,0,abstain
HotpotQA,510,"Are Jiujiang, Guangdong and Ruzhou located in the same Chinese district?",high,1,3,1,1,2.0,2.0,2.0,2,4,0,1.0,1.0,1.0,1.0,0.0,0.0,1.0,1.0,0.0,1,0,bind
HotpotQA,511,What position does Kyle York hold at the internet performance management company Dyn?,low,0,1,0,0,0.0,0.0,0.0,2,1,1,1.0,1.0,1.0,1.0,0.0,0.0,1.0,0.5,0.5,1,0,abstain
HotpotQA,512,Is Edison Sault Power Canal somehow linked with or used with the Cayuga–Seneca Canal?,high,1,3,1,1,0.0,0.0,0.0,2,4,0,1.0,1.0,1.0,1.0,0.0,0.0,1.0,1.0,0.0,1,0,abstain
HotpotQA,513,What is type of philosophies is The Structure of Liberty about?,low,0,2,1,1,1.0,1.0,1.0,2,4,0,0.0,0.0,0.0,0.0,0.0,0.0,1.0,1.0,0.0,1,0,bind
HotpotQA,514,The director of a film about Wong Fei-hung also made what film?,low,0,2,1,1,2.0,2.0,2.0,2,7,0,0.0,0.0,0.0,0.0,0.0,0.0,0.5,0.5,0.0,1,0,bind
HotpotQA,515,What sort of activist is the author of The Irrational Atheist?,low,0,2,1,1,2.0,2.0,2.0,2,2,0,0.0,0.6667,1.0,1.0,-1.0,-0.33330000000000004,1.0,1.0,0.0,1,0,bind
HotpotQA,516,Are PC Magazine and Sculptural Pursuit both technology publications?,low,0,2,0,0,0.0,0.0,0.0,2,5,0,1.0,1.0,1.0,1.0,0.0,0.0,1.0,1.0,0.0,1,0,abstain
HotpotQA,517,"What film, based on the book “Boston Strong”, featured the actress Alex McKenna?",high,1,3,2,2,5.0,2.5,4.0,2,3,0,1.0,1.0,1.0,1.0,0.0,0.0,1.0,1.0,0.0,1,0,bind
HotpotQA,518,"George H. W. Bush,  a resident of West Oaks Subdivision in Houston Texas, became what number President in 1989?",low,0,2,1,1,1.0,1.0,1.0,2,5,0,0.0,0.0,0.0,0.0,0.0,0.0,1.0,1.0,0.0,1,0,bind
HotpotQA,519,"what is the group called that Dianne Morgan and Joe Wilkinson a part of in the BBC comedy ""Two Episodes of Mash""",low,0,2,1,1,0.0,0.0,0.0,2,2,0,0.0,0.0,0.0,0.0,0.0,0.0,1.0,1.0,0.0,1,0,abstain
HotpotQA,520,"What singer-songwriter from Derry appeared on Paul van Dyk's 2012 album, Evolution?",low,0,1,0,0,0.0,0.0,0.0,2,2,0,1.0,1.0,1.0,1.0,0.0,0.0,1.0,1.0,0.0,1,0,abstain
HotpotQA,521,"Which airport is busier, Palm Springs International Airport or Trenton–Mercer Airport?",high,1,3,1,1,0.0,0.0,0.0,2,2,0,0.0,0.3333,1.0,1.0,-1.0,-0.6667000000000001,1.0,1.0,0.0,1,0,abstain
HotpotQA,522,"The thid episode of the first season of The Simpsons, features which character voiced by Harry Shearer?",low,0,2,1,1,1.0,1.0,1.0,2,2,0,0.0,0.5,0.0,0.5,0.0,0.0,1.0,1.0,0.0,1,0,bind
HotpotQA,523,Which casino closed first The Atlantic Club Casino Hotel or Trump Plaza Hotel and Casino ?,high,1,3,1,1,0.0,0.0,0.0,2,2,0,1.0,1.0,1.0,1.0,0.0,0.0,1.0,1.0,0.0,1,0,abstain
HotpotQA,524,To what sport does the Atomweight class belong?,low,0,1,0,0,0.0,0.0,0.0,2,5,0,0.0,0.0,1.0,1.0,-1.0,-1.0,1.0,1.0,0.0,1,0,abstain
HotpotQA,525,Were Cinderella and The Emperor's New Groove released by the same picture company?,high,1,3,1,1,1.0,1.0,1.0,2,3,0,1.0,1.0,1.0,1.0,0.0,0.0,1.0,1.0,0.0,1,0,bind
HotpotQA,526,Viscount Yamaji Motoharu was a general in the early Imperial Japanese Army which belonged to which Empire?,low,0,1,0,0,0.0,0.0,0.0,2,3,0,1.0,1.0,1.0,1.0,0.0,0.0,1.0,1.0,0.0,1,0,abstain
HotpotQA,527,Boggle is a word game originally distributed by a toy and game manufacturer that published more than how many games?,low,0,2,1,1,1.0,1.0,1.0,2,2,0,1.0,1.0,1.0,1.0,0.0,0.0,1.0,1.0,0.0,1,0,bind
HotpotQA,528,Of these two publication--Báiki and Sick--what type of publication is the one that was published most frequently?,high,1,3,1,1,0.0,0.0,0.0,2,2,0,0.0,0.0,0.0,0.0,0.0,0.0,1.0,1.0,0.0,1,0,abstain
HotpotQA,529,In which county does the  8th Military Police Brigade  of the United States Army's Barracks located?,low,0,2,1,1,1.0,1.0,1.0,2,2,0,1.0,1.0,1.0,1.0,0.0,0.0,1.0,1.0,0.0,1,0,bind
HotpotQA,530,What magazine was started in 1925 and features the work of Barry Werth?,low,0,2,1,1,1.0,1.0,1.0,2,2,0,1.0,1.0,1.0,1.0,0.0,0.0,1.0,1.0,0.0,1,0,bind
HotpotQA,531,Kenneth Arnold reported the first unidentified object sighting in what city and state in 1947?,low,0,1,0,0,0.0,0.0,0.0,2,3,0,1.0,1.0,1.0,1.0,0.0,0.0,1.0,1.0,0.0,1,0,abstain
HotpotQA,532,Hina is derived from a dye prepared in what areas?,low,0,1,0,0,0.0,0.0,0.0,2,3,0,1.0,1.0,0.0,0.0,1.0,1.0,1.0,0.5,0.5,1,0,abstain
HotpotQA,533,"The title track of Carla Bruni discography was used in a  film directed by James Ivory, and was also used in what other film?",high,1,3,2,2,3.0,1.5,3.0,2,2,0,1.0,1.0,1.0,1.0,0.0,0.0,1.0,1.0,0.0,1,0,bind
HotpotQA,534,What country do both Adnan Akmal and Kamran Akmal represent in cricket?,high,1,3,1,1,0.0,0.0,0.0,2,2,0,0.0,0.0,0.0,0.0,0.0,0.0,1.0,1.0,0.0,1,0,abstain
HotpotQA,535,Woodland is a census-designated place in a town that had this population as of the 2010 census?,low,0,2,0,0,0.0,0.0,0.0,2,2,0,1.0,1.0,1.0,1.0,0.0,0.0,1.0,1.0,0.0,1,0,abstain
HotpotQA,536,When did the author of the book One More River is based on win the Nobel Prize?,low,0,2,1,1,1.0,1.0,1.0,2,2,0,1.0,1.0,1.0,1.0,0.0,0.0,1.0,1.0,0.0,1,0,bind
HotpotQA,537,"The NG postcode area is situated approximately how many miles from Gamston, Rushcliffe?",low,0,2,1,1,0.0,0.0,0.0,2,2,0,0.0,0.5,0.0,0.5,0.0,0.0,1.0,1.0,0.0,1,0,abstain
HotpotQA,538,William Bromley-Davenport held political office under the Prime Minister who was of which party?,low,0,2,1,1,1.0,1.0,1.0,2,2,0,1.0,1.0,1.0,1.0,0.0,0.0,1.0,1.0,0.0,1,0,bind
HotpotQA,539,What is the nationality of the author of Fifty Shades Freed?,low,0,2,1,1,1.0,1.0,1.0,2,6,0,1.0,1.0,1.0,1.0,0.0,0.0,0.0,0.5,-0.5,1,0,bind
HotpotQA,540,Are both Grapico and Izze artificially flavored soft drinks?,high,1,3,1,1,0.0,0.0,0.0,2,2,0,1.0,1.0,1.0,1.0,0.0,0.0,1.0,1.0,0.0,1,0,abstain
HotpotQA,541,Which Canadian Professional ice hockey player of Albanian origin bought in on the deal for the Ontario Raiders?,low,0,2,1,1,2.0,2.0,2.0,2,2,0,1.0,1.0,0.0,0.0,1.0,1.0,1.0,0.5,0.5,1,0,bind
HotpotQA,542,Zacarías Ferreira is the uncle of a professional basketball player who played college basketball for who?,low,0,2,1,1,1.0,1.0,1.0,2,2,0,1.0,1.0,1.0,1.0,0.0,0.0,1.0,1.0,0.0,1,0,bind
HotpotQA,543,Do both Changle District and Longkou face water?,high,1,4,2,1,0.0,0.0,0.0,2,2,0,1.0,1.0,1.0,1.0,0.0,0.0,1.0,1.0,0.0,1,0,abstain
HotpotQA,544,What job do both Alfred Santell and David Fincher have in common?,high,1,4,2,2,5.0,2.5,3.0,2,2,0,0.0,0.5,0.0,0.6666666666666666,0.0,-0.16666666666666663,1.0,1.0,0.0,1,0,bind
HotpotQA,545,Which reservation is located in Hill and Chouteau and named after the principal leader of the Montana Chippewa-Cree?,high,1,3,1,1,2.0,2.0,2.0,2,3,0,1.0,1.0,1.0,1.0,0.0,0.0,1.0,1.0,0.0,1,0,bind
HotpotQA,546,"In which Florida city is Skyplex being constructed, featuring Skyscraper, the tallest rollercoaster in the world?",high,1,3,2,2,1.0,0.5,1.0,2,2,0,1.0,1.0,1.0,1.0,0.0,0.0,1.0,1.0,0.0,1,0,bind
HotpotQA,547,What is the name of one the Italian Navy's new warship?,low,0,1,0,0,0.0,0.0,0.0,2,1,1,0.0,0.4,0.0,0.4,0.0,0.0,1.0,0.5,0.5,1,0,abstain
HotpotQA,548,"How many small-box format stores are there for one of Newell Brands' brand that sells scented candles, candleholders, accessories, and dinnerware?",high,1,4,3,3,2.0,0.6666666666666666,1.0,2,2,0,1.0,1.0,1.0,1.0,0.0,0.0,1.0,1.0,0.0,1,0,bind
HotpotQA,549,Jimmy D'Arcy played in Northern Ireland for the team based in what county?,low,0,2,1,1,1.0,1.0,1.0,2,2,0,0.0,0.6667,0.0,0.6666666666666666,0.0,3.333333333332966e-05,1.0,1.0,0.0,1,0,bind
HotpotQA,550,"Which was published more frequently, Popular Science or Girlfriends?",high,1,3,1,1,1.0,1.0,1.0,2,2,0,1.0,1.0,1.0,1.0,0.0,0.0,1.0,1.0,0.0,1,0,bind
HotpotQA,551,"Who was born first, Martin Degville or Richie Furay?",high,1,3,1,1,0.0,0.0,0.0,2,2,0,1.0,1.0,1.0,1.0,0.0,0.0,1.0,1.0,0.0,1,0,abstain
HotpotQA,552,What is the 2010 census population of the county where Wildcat Brook flows through Jackson?,low,0,2,1,1,2.0,2.0,2.0,2,2,0,1.0,1.0,1.0,1.0,0.0,0.0,1.0,1.0,0.0,1,0,bind
HotpotQA,553,"Which came out first, Dinosaur or McFarland, USA",high,1,3,1,1,0.0,0.0,0.0,2,2,0,1.0,1.0,1.0,1.0,0.0,0.0,1.0,1.0,0.0,1,0,abstain
HotpotQA,554,"In which city did he painter and printmaker associated with ""Les Nabis"" found Salon d'Automne?",low,0,2,1,1,5.0,5.0,5.0,2,5,0,1.0,1.0,1.0,1.0,0.0,0.0,1.0,1.0,0.0,1,0,bind
HotpotQA,555,What is the call sign of the airline that operates the flight with United Express Flight 3411 incident?,low,0,2,1,1,3.0,3.0,3.0,2,2,0,1.0,1.0,1.0,1.0,0.0,0.0,1.0,0.5,0.5,1,0,bind
HotpotQA,556,The man who currently serves as the wide receivers coach for the Dallas Cowboys used to coach at what college?,low,0,2,1,1,2.0,2.0,2.0,2,2,0,0.0,0.8,0.0,0.3333333333333333,0.0,0.46666666666666673,1.0,0.5,0.5,1,0,bind
HotpotQA,557,"In what year did the actor who starred in the TV Land original series ""The Soul Man"" host the Black Movie Awards?",low,0,2,1,1,5.0,5.0,5.0,2,2,0,1.0,1.0,1.0,1.0,0.0,0.0,1.0,1.0,0.0,1,0,bind
HotpotQA,558,My Secret Hotel is a television series starring a South Korean DJ who rose to fame as the lead actress in what?,low,0,2,1,1,1.0,1.0,1.0,2,3,0,1.0,1.0,1.0,1.0,0.0,0.0,1.0,1.0,0.0,1,0,bind
HotpotQA,559,Mía Maestro had a role in the 2002 biopic directed by whom?,low,0,2,1,1,1.0,1.0,1.0,2,3,0,1.0,1.0,1.0,1.0,0.0,0.0,1.0,0.5,0.5,1,0,bind
HotpotQA,560,"The Simpsons episode that aired on February 19, 2012 entitled ""At Long Last Leave"" represented what milestone for the show?",low,0,1,0,0,0.0,0.0,0.0,2,2,0,0.0,0.8,0.0,0.8,0.0,0.0,1.0,1.0,0.0,1,0,abstain
HotpotQA,561,What sibling of John D. Rockefeller III was the chairman of Chase Manhattan Corporation?,high,1,3,2,2,2.0,1.0,2.0,2,5,0,1.0,1.0,1.0,1.0,0.0,0.0,1.0,1.0,0.0,1,0,bind
HotpotQA,562,The Album Against the Wind was the 11th Album of a Rock singer Robert C Seger born may 6 1945. What was the Rock singers stage name ?,low,0,1,0,0,0.0,0.0,0.0,2,2,0,1.0,1.0,1.0,1.0,0.0,0.0,1.0,1.0,0.0,1,0,abstain
HotpotQA,563,In what city does a Christian minister who won the singles title with Jan Kodes in the 1970 French Open currently reside?,low,0,2,1,1,2.0,2.0,2.0,2,2,0,0.0,0.5,0.0,0.5,0.0,0.0,1.0,1.0,0.0,1,0,bind
HotpotQA,564,"Which rock band chose its name by drawing it out of a hat, Switchfoot or Midnight Oil?",low,0,2,1,1,1.0,1.0,1.0,2,1,1,1.0,1.0,1.0,1.0,0.0,0.0,1.0,0.5,0.5,1,0,bind
HotpotQA,565,"What character did G.D. Spradlin's collaborator Marlon Brando portray in ""On the Waterfront""?",high,1,3,1,1,0.0,0.0,0.0,2,4,0,1.0,1.0,1.0,1.0,0.0,0.0,1.0,1.0,0.0,1,0,abstain
HotpotQA,566,If You Ever Get Lonely was covered by what Lyric Street Records-affiliated band?,high,1,3,2,2,4.0,2.0,3.0,2,3,0,1.0,1.0,1.0,1.0,0.0,0.0,1.0,1.0,0.0,1,0,bind
HotpotQA,567,"Which genus has more species, Azorina or Azadirachta?",high,1,3,1,1,1.0,1.0,1.0,2,2,0,1.0,1.0,1.0,1.0,0.0,0.0,1.0,1.0,0.0,1,0,bind
HotpotQA,568,Heath Ledger Australian actor was in the movie Brokeback Mountain directed by who?,low,0,2,1,1,0.0,0.0,0.0,2,3,0,1.0,1.0,1.0,1.0,0.0,0.0,1.0,0.5,0.5,1,0,abstain
HotpotQA,569,Daddy was an American Pit Bull who was integral to the work of what Mexican-American dog behaviorist with over 25 years of canine experience?,high,1,3,2,2,1.0,0.5,1.0,2,2,0,1.0,1.0,1.0,1.0,0.0,0.0,1.0,1.0,0.0,1,0,bind
HotpotQA,570,Who is the father of the king who attempted to have Eardwulf assassinated,low,0,2,1,1,2.0,2.0,2.0,2,2,0,1.0,1.0,1.0,1.0,0.0,0.0,1.0,1.0,0.0,1,0,bind
HotpotQA,571,"Howard Bilerman produced an album for which songwriter from Athens, Georgia?",low,0,2,1,1,5.0,5.0,5.0,2,3,0,1.0,1.0,0.0,0.0,1.0,1.0,1.0,0.5,0.5,1,0,bind
HotpotQA,572,Who co-founded View Askew Productions and produced numerous movies starring Jason Lee?,high,1,4,3,3,3.0,1.0,2.0,2,4,0,1.0,1.0,1.0,1.0,0.0,0.0,1.0,1.0,0.0,1,0,bind
HotpotQA,573,Which author wrote about a woman captured by the Symbionese Liberation Army?,low,0,2,1,1,1.0,1.0,1.0,2,4,0,0.0,0.0,0.0,0.0,0.0,0.0,0.5,1.0,-0.5,1,0,bind
HotpotQA,574,"Football at the 2006 Asian Games with Wisoon Wichaya as its coach was played how many days prior to the opening ceromony in Doha, Qatar in 2006?",high,1,3,2,2,0.0,0.0,0.0,2,3,0,1.0,1.0,1.0,1.0,0.0,0.0,1.0,1.0,0.0,1,0,abstain
HotpotQA,575,"Which of the steering committee was an American broadcast journalist, best known as anchorman for the ""CBS Evening News"" for 19 years?",high,1,3,2,2,6.0,3.0,4.0,2,4,0,1.0,1.0,1.0,1.0,0.0,0.0,1.0,1.0,0.0,1,0,bind
HotpotQA,576,What was the occupation of the man who published an individualist anarchist journal?,low,0,2,1,1,3.0,3.0,3.0,2,17,0,0.0,0.8571,0.0,0.8571428571428571,0.0,-4.285714285712228e-05,1.0,1.0,0.0,1,0,bind
HotpotQA,577,Who did a new permanent member on the fourteenth season of  So You Think You Can Dance play in High School Musical?,low,0,2,1,1,1.0,1.0,1.0,2,3,0,1.0,1.0,1.0,1.0,0.0,0.0,1.0,1.0,0.0,1,0,bind
HotpotQA,578,"Which amusement park at Coney Island, Brooklyn, New York City,  without being the grandest, was the island's longest lasting?",high,1,4,3,2,15.0,5.0,5.0,2,3,0,1.0,1.0,1.0,1.0,0.0,0.0,1.0,1.0,0.0,1,0,bind
HotpotQA,579,Richard Münch portrayed the German general who served in what capacity during WWII in the 1970 movie Patton?,low,0,2,1,1,1.0,1.0,1.0,2,2,0,0.0,0.0,0.0,0.0,0.0,0.0,1.0,1.0,0.0,1,0,bind
HotpotQA,580,"Cordyline ruba grows from Bundaberg, Queensland to which northeastern city in New South Whales, Australia?",low,0,2,1,1,1.0,1.0,1.0,2,2,0,1.0,1.0,1.0,1.0,0.0,0.0,1.0,1.0,0.0,1,0,bind
HotpotQA,581,"When was the American singer, songwriter, record producer, dancer and actress born who's second studio album is Chapter II?",low,0,2,1,1,1.0,1.0,1.0,2,2,0,1.0,1.0,1.0,1.0,0.0,0.0,1.0,1.0,0.0,1,0,bind
HotpotQA,582,What type of structure does 277 Park Avenue and 126 Madison Avenue have in common?,high,1,3,1,1,1.0,1.0,1.0,2,3,0,0.0,0.0,0.0,0.0,0.0,0.0,1.0,1.0,0.0,1,0,bind
HotpotQA,583,Anna Lewandowska is married to a footballer who plays for what club?,low,0,2,1,1,1.0,1.0,1.0,2,2,0,1.0,1.0,1.0,1.0,0.0,0.0,1.0,1.0,0.0,1,0,bind
HotpotQA,584,What city is the army division that conducted Operation Blue Hearts in the Korean War based out of?,low,0,2,1,1,1.0,1.0,1.0,2,2,0,0.0,0.8,0.0,0.8,0.0,0.0,1.0,1.0,0.0,1,0,bind
HotpotQA,585,Who was born in Ireland and has coached the captain of MLS club Colorado Rapids?,low,0,2,1,1,3.0,3.0,3.0,2,2,0,1.0,1.0,1.0,1.0,0.0,0.0,1.0,0.5,0.5,1,0,bind
HotpotQA,586,What record company does distribution for Joan Marie Larkin and Kenny Laguna?,high,1,3,1,1,4.0,4.0,4.0,2,3,0,1.0,1.0,1.0,1.0,0.0,0.0,0.5,0.5,0.0,1,0,bind
HotpotQA,587,where was the 2006 Commonwealth Games that Mmoloki Nogeng won a bronze medal at held?,low,0,2,1,1,0.0,0.0,0.0,2,2,0,1.0,1.0,0.0,0.4,1.0,0.6,1.0,1.0,0.0,1,0,abstain
HotpotQA,588,"Whose native growing land is more south, Beech or Daviesia?",high,1,3,1,1,2.0,2.0,2.0,2,2,0,0.0,0.0,1.0,1.0,-1.0,-1.0,1.0,1.0,0.0,1,0,bind
HotpotQA,589,"In the muti-sport games usually held every four years between nations around the Mediterranean Sea, Fatma Lanouar is best known for winning gold in which event?",low,0,2,1,1,2.0,2.0,2.0,2,2,0,0.0,0.8,0.0,0.8,0.0,0.0,1.0,1.0,0.0,1,0,bind
HotpotQA,590,Is It Just Me? was a single by the English rock band from what Suffolk city?,low,0,2,1,1,1.0,1.0,1.0,2,2,0,1.0,1.0,1.0,1.0,0.0,0.0,1.0,1.0,0.0,1,0,bind
HotpotQA,591,"How many records did the boy band who released ""Said and Done"" sell worldwide as of 2013?",low,0,2,1,1,3.0,3.0,3.0,2,2,0,1.0,1.0,1.0,1.0,0.0,0.0,1.0,1.0,0.0,1,0,bind
HotpotQA,592,"What is the name of the region that includes the cities Dover and Portsmouth, New Hampshire?",high,1,3,1,1,3.0,3.0,3.0,2,4,0,1.0,1.0,1.0,1.0,0.0,0.0,1.0,1.0,0.0,1,0,bind
HotpotQA,593,Mr. & Mrs. Mxyzptlk is an episode of the superhero TV series that originally aired on what network?,low,0,2,1,1,1.0,1.0,1.0,2,4,0,0.0,0.0,1.0,1.0,-1.0,-1.0,1.0,1.0,0.0,1,0,bind
HotpotQA,594,When was the plaintiff in the 1892 Barbed Wire Patent Case born?,low,0,2,1,1,2.0,2.0,2.0,2,2,0,0.0,0.5,0.0,0.5,0.0,0.0,1.0,1.0,0.0,1,0,bind
HotpotQA,595,Atlanta Zero Mile Post is located within a historic area opened in what year ?,low,0,1,0,0,0.0,0.0,0.0,2,3,0,1.0,1.0,0.0,0.0,1.0,1.0,1.0,0.5,0.5,1,0,abstain
HotpotQA,596,What team won the XLII super bowl in their 48th overall season?,low,0,2,1,1,3.0,3.0,3.0,2,4,0,0.0,0.2857,0.0,0.28571428571428575,0.0,-1.4285714285744433e-05,1.0,1.0,0.0,1,0,bind
HotpotQA,597,Kang Sung-yeon played Prince Yeonsan in a film that runs for how many minutes ?,low,0,2,1,1,3.0,3.0,3.0,2,2,0,0.0,0.6667,0.0,0.6666666666666666,0.0,3.333333333332966e-05,1.0,1.0,0.0,1,0,bind
HotpotQA,598,What are the colors of the tricolour flag that was adopted in 1919?,low,0,2,1,1,0.0,0.0,0.0,2,2,0,0.0,0.6667,0.0,0.8,0.0,-0.13330000000000009,0.5,1.0,-0.5,1,0,abstain
HotpotQA,599,An cricket star who played a supporting role in the film Sinhawalokanaya was a former captain of which cricket team?,low,0,2,1,1,2.0,2.0,2.0,2,2,0,1.0,1.0,1.0,1.0,0.0,0.0,1.0,1.0,0.0,1,0,bind
HotpotQA,600,Armageddon in Retrospect was written by the author who was best known for what 1969 satire novel?,low,0,2,1,1,1.0,1.0,1.0,2,2,0,1.0,1.0,1.0,1.0,0.0,0.0,1.0,1.0,0.0,1,0,bind
HotpotQA,601,What do Wrigley Park and social networks have in common?,low,0,1,0,0,0.0,0.0,0.0,2,3,0,0.0,0.0,0.0,0.0,0.0,0.0,0.5,1.0,-0.5,1,0,abstain
HotpotQA,602,Which voice actor plays the voice of the cartoon character that is most famous for his semi-intelligible speech and his mischievous and temperamental personality?,low,0,2,1,1,1.0,1.0,1.0,2,4,0,1.0,1.0,0.0,0.0,1.0,1.0,1.0,0.5,0.5,1,0,bind
HotpotQA,603,"What event in 1920 was established by the director of the play ""The Miracle?""",low,0,2,1,1,1.0,1.0,1.0,2,2,0,1.0,1.0,1.0,1.0,0.0,0.0,1.0,0.5,0.5,1,0,bind
HotpotQA,604,Who was the brother of the wife of the Democratic Party nomination for Vice President in 1972?,high,1,3,2,2,3.0,1.5,2.0,2,3,0,0.0,0.5714,0.0,0.3333333333333333,0.0,0.2380666666666667,1.0,1.0,0.0,1,0,bind
HotpotQA,605,What type of product is the sponsor of the Premiership Rugby Sevens SeriesSeries ?,low,0,2,1,1,1.0,1.0,1.0,2,5,0,1.0,1.0,0.0,0.0,1.0,1.0,1.0,0.5,0.5,1,0,bind
HotpotQA,606,When was Erik Watts' father born?,low,0,2,1,1,1.0,1.0,1.0,2,2,0,1.0,1.0,1.0,1.0,0.0,0.0,1.0,1.0,0.0,1,0,bind
HotpotQA,607,"When was one of the fresco mural, one of the greatest treasures of the Hood Museum of Art, painted?",low,0,2,1,1,0.0,0.0,0.0,2,2,0,0.0,0.4,0.0,0.4,0.0,0.0,1.0,1.0,0.0,1,0,abstain
HotpotQA,608,"Love Child is a 1982 biopic starring Beau Bridges, Mackenzie Phillips, and an actress that was nominated for the Academy Award for Best Supporting Actress for what 1985 film?",high,1,4,3,3,4.0,1.3333333333333333,3.0,2,2,0,1.0,1.0,1.0,1.0,0.0,0.0,1.0,1.0,0.0,1,0,bind
HotpotQA,609,Ho Iat Seng  is a member of a legislative assembly that has how many members ?,low,0,2,1,1,1.0,1.0,1.0,2,2,0,0.0,0.0,0.0,0.0,0.0,0.0,1.0,1.0,0.0,1,0,bind
HotpotQA,610,How many times has the team Jack McKeon managed won the World Series?,high,1,3,2,2,1.0,0.5,1.0,2,9,0,0.0,0.0,0.0,0.0,0.0,0.0,0.5,1.0,-0.5,1,0,bind
HotpotQA,611,are Tinto Brass and Baltasar Kormákur both from the same country ?,high,1,3,1,1,2.0,2.0,2.0,2,3,0,1.0,1.0,1.0,1.0,0.0,0.0,1.0,1.0,0.0,1,0,bind
HotpotQA,612,Who is younger Kirk Humphreys or Tom Coburn?,high,1,3,1,1,0.0,0.0,0.0,2,2,0,1.0,1.0,0.0,0.0,1.0,1.0,1.0,1.0,0.0,1,0,abstain
HotpotQA,613,The head writer for which show also wrote a Simpsons' episode narrated by James Earl Jones?,high,1,3,2,2,8.0,4.0,5.0,2,2,0,0.0,0.0,1.0,1.0,-1.0,-1.0,0.5,1.0,-0.5,1,0,bind
HotpotQA,614,"Which singer has been in more music bands, Michael Crafter or Martin Degville?",high,1,3,1,1,1.0,1.0,1.0,2,4,0,1.0,1.0,1.0,1.0,0.0,0.0,1.0,1.0,0.0,1,0,bind
HotpotQA,615,Who is prime minister of this West African country that covers 36125km2?,low,0,2,1,1,1.0,1.0,1.0,2,2,0,1.0,1.0,1.0,1.0,0.0,0.0,1.0,1.0,0.0,1,0,bind
HotpotQA,616,"Which football team does Lewis Young's older brother, Ashley Young, play for?",low,0,2,1,1,0.0,0.0,0.0,2,2,0,0.0,0.3636,0.0,0.3636363636363636,0.0,-3.636363636361217e-05,1.0,1.0,0.0,1,0,abstain
HotpotQA,617,What album starring Ed Sheeran was released on 3 March 2017?,high,1,3,2,2,5.0,2.5,5.0,2,1,1,0.0,0.1538,0.0,0.15384615384615385,0.0,-4.615384615386242e-05,1.0,0.0,1.0,1,0,bind
HotpotQA,618,What nationality was the lover of Lord Alfred Douglas ?,low,0,2,1,1,1.0,1.0,1.0,2,8,0,1.0,1.0,0.0,0.0,1.0,1.0,1.0,0.5,0.5,1,0,bind
HotpotQA,619,"Which band included more previously-known figures when it was formed, !!! or Puddle of Mudd?",high,1,4,3,2,2.0,0.6666666666666666,1.0,2,5,0,1.0,0.0,1.0,0.0,0.0,0.0,1.0,1.0,0.0,1,0,bind
HotpotQA,620,Edward C. Hugger and Alexander Acosta served at appointees for what job?,low,0,1,0,0,0.0,0.0,0.0,2,2,0,1.0,1.0,1.0,1.0,0.0,0.0,1.0,1.0,0.0,1,0,abstain
HotpotQA,621,What man is linked to both Johnny Tremain and Magic Kingdom?,low,0,1,0,0,0.0,0.0,0.0,2,2,0,1.0,1.0,0.0,0.0,1.0,1.0,1.0,0.5,0.5,1,0,abstain
HotpotQA,622,What drum machine was introduced in 1989 and allowed 32 notes to be played simultaneously?,low,0,2,1,1,2.0,2.0,2.0,2,1,1,0.0,0.3333,0.0,0.3333333333333333,0.0,-3.333333333332966e-05,0.5,0.5,0.0,1,0,bind
HotpotQA,623,"What characteristic meaning it's transferable between species, does monkeypox and cowpox virus both share?",low,0,1,0,0,0.0,0.0,0.0,2,3,0,1.0,1.0,1.0,1.0,0.0,0.0,1.0,1.0,0.0,1,0,abstain
HotpotQA,624,Near what ocean does the highway carried by the Long-Allen bridge terminate near?,low,0,2,1,1,1.0,1.0,1.0,2,2,0,1.0,1.0,1.0,1.0,0.0,0.0,1.0,1.0,0.0,1,0,bind
HotpotQA,625,"The song ""Medicine"" by The 1975 appears in a film directed by what Danish filmmaker?",high,1,3,2,2,0.0,0.0,0.0,2,2,0,0.0,0.0,1.0,1.0,-1.0,-1.0,1.0,0.5,0.5,1,0,abstain
HotpotQA,626,Which member of Odd Future also had a guest appearance on the album too Cozy?,low,0,2,1,1,0.0,0.0,0.0,2,2,0,1.0,1.0,1.0,1.0,0.0,0.0,0.5,0.5,0.0,1,0,abstain
HotpotQA,627,"What two shows is the director of the first ""Clone Wars"" series known for creating?",low,0,2,1,1,1.0,1.0,1.0,2,2,0,0.0,0.8889,0.0,0.888888888888889,0.0,1.111111111107288e-05,1.0,0.5,0.5,1,0,bind
HotpotQA,628,Who is the son of John Button under contract with as a driver?,low,0,2,1,1,1.0,1.0,1.0,2,2,0,0.0,0.0,1.0,1.0,-1.0,-1.0,1.0,1.0,0.0,1,0,bind
HotpotQA,629,"What person, known also as Jane Ryan, has a four lane highway in the Philippines name after her?",low,0,2,1,1,0.0,0.0,0.0,2,2,0,1.0,1.0,1.0,1.0,0.0,0.0,1.0,1.0,0.0,1,0,abstain
HotpotQA,630,"Which band was formed first, Wire or Young the Giant?",high,1,3,1,1,0.0,0.0,0.0,2,2,0,1.0,1.0,1.0,1.0,0.0,0.0,1.0,1.0,0.0,1,0,abstain
HotpotQA,631,Do Cathy Berberian and Dickran Tevrizian share the same profession ?,high,1,3,1,1,1.0,1.0,1.0,2,2,0,1.0,1.0,1.0,1.0,0.0,0.0,1.0,1.0,0.0,1,0,bind
HotpotQA,632,What occupation do Chris Menges and Aram Avakian share?,high,1,3,1,1,0.0,0.0,0.0,2,5,0,0.0,0.6667,1.0,1.0,-1.0,-0.33330000000000004,1.0,1.0,0.0,1,0,abstain
HotpotQA,633,Who is the film dedicated to that Paramount Classics and MTV Films co-purchased the rights to?,low,0,2,1,1,1.0,1.0,1.0,2,2,0,0.0,0.0,1.0,1.0,-1.0,-1.0,0.5,1.0,-0.5,1,0,bind
HotpotQA,634,"Who was the murderer sent to ""Old Smokey"" for allegedly commiting ""The Crime of the Century""?",low,0,1,0,0,0.0,0.0,0.0,2,2,0,1.0,1.0,1.0,1.0,0.0,0.0,1.0,1.0,0.0,1,0,abstain
HotpotQA,635,Nostie lies a short distance from one of Scotland's popular tourist attractions a small tidal island dominated by a picturesque castle that frequently apperas in what?,low,0,2,1,1,4.0,4.0,4.0,2,2,0,1.0,1.0,1.0,1.0,0.0,0.0,1.0,1.0,0.0,1,0,bind
HotpotQA,636,Which producer from the 2015 British documentary film about the life and death of British singer-songwriter Amy Winehouse also worked on the film Oasis: Supersonic as a film producer?,high,1,3,1,1,1.0,1.0,1.0,2,2,0,1.0,1.0,1.0,1.0,0.0,0.0,1.0,1.0,0.0,1,0,bind
HotpotQA,637,What is the name of the conditions that the radiologist who served as chief of radiology at the U.S. Army's flagship medical center from 1909 to 2011?,low,0,2,1,1,0.0,0.0,0.0,2,2,0,1.0,1.0,1.0,1.0,0.0,0.0,1.0,1.0,0.0,1,0,abstain
HotpotQA,638,"Considered the strongest recorded tropical cyclone, which cyclone had a film made about it in 2007?",low,0,2,1,1,4.0,4.0,4.0,2,2,0,1.0,1.0,1.0,1.0,0.0,0.0,1.0,1.0,0.0,1,0,bind
HotpotQA,639,Who was the opponent of the Republican of Indenosia when Nugroho Notosusanto served as a member of the Student Army,high,1,4,2,2,2.0,1.0,1.0,2,3,0,1.0,1.0,1.0,1.0,0.0,0.0,1.0,1.0,0.0,1,0,bind
HotpotQA,640,What intrusment did Jem Finer play in the band The Pogues?,low,0,2,1,1,0.0,0.0,0.0,2,4,0,0.0,0.6667,0.0,0.6666666666666666,0.0,3.333333333332966e-05,1.0,0.5,0.5,1,0,abstain
HotpotQA,641,Who directed the movie for which Jason O'Bryan was nominated for a grammy for best soundtrack?,low,0,2,1,1,4.0,4.0,4.0,2,2,0,1.0,1.0,1.0,1.0,0.0,0.0,1.0,1.0,0.0,1,0,bind
HotpotQA,642,"What single was released by a American country singer, songwriter and multi-instrumentalist on MCA Nashville in 2000?",low,0,2,1,1,4.0,4.0,4.0,2,3,0,0.0,0.25,0.0,0.0,0.0,0.25,0.0,1.0,-1.0,1,0,bind
HotpotQA,643,Are Broughtonia and Laeliocattleya both orchids?,high,1,3,1,1,1.0,1.0,1.0,2,6,0,1.0,1.0,1.0,1.0,0.0,0.0,1.0,1.0,0.0,1,0,bind
HotpotQA,644,Christopher Oscar Pena was recognized by an entertainment-industry brand aimed at what?,low,0,2,1,1,1.0,1.0,1.0,2,2,0,0.0,0.7273,0.0,0.7272727272727273,0.0,2.727272727265362e-05,1.0,1.0,0.0,1,0,bind
HotpotQA,645,what are the low sea stacks in the Shetland Islands called?,low,0,1,0,0,0.0,0.0,0.0,2,3,0,1.0,1.0,0.0,0.0,1.0,1.0,1.0,1.0,0.0,1,0,abstain
HotpotQA,646,"When was the American singer, songwriter, actress and LGBT rights activist born who won Grammy and Emmy award?",low,0,2,1,1,2.0,2.0,2.0,2,2,0,1.0,1.0,1.0,1.0,0.0,0.0,0.5,1.0,-0.5,1,0,bind
HotpotQA,647,What vocalist and pianist was recorded by Modular Recordings?,low,0,1,0,0,0.0,0.0,0.0,2,14,0,0.0,0.0,0.0,0.0,0.0,0.0,0.5,0.5,0.0,1,0,abstain
HotpotQA,648,The design team for role playing game Black Crusade featured the work of this designer who was the lead developer for what game?,low,0,2,1,1,1.0,1.0,1.0,2,2,0,0.0,0.0,1.0,1.0,-1.0,-1.0,1.0,1.0,0.0,1,0,bind
HotpotQA,649,"What ""God Gave Me You"" artist wrote the song ""Imagine That"" for Diamond Rio?",low,0,2,1,1,1.0,1.0,1.0,2,2,0,0.0,0.8,0.0,0.8,0.0,0.0,1.0,1.0,0.0,1,0,bind
HotpotQA,650,"Which games, Strange Synergy or Qwirkle,  is a card game published by Steve Jackson Games?",low,0,1,0,0,0.0,0.0,0.0,2,14,0,1.0,1.0,1.0,1.0,0.0,0.0,1.0,1.0,0.0,1,0,abstain
HotpotQA,651,"Which author lived longer, Nelson Algren or Nathanael West?",high,1,4,2,1,0.0,0.0,0.0,2,2,0,1.0,1.0,1.0,1.0,0.0,0.0,1.0,1.0,0.0,1,0,abstain
HotpotQA,652,"Which space mission did the man, in which the Onizuka Prop Wash Award is named after, perish?",low,0,2,1,1,1.0,1.0,1.0,2,2,0,0.0,0.0,1.0,1.0,-1.0,-1.0,1.0,1.0,0.0,1,0,bind
HotpotQA,653,"How long does the lower level degree program, offered at Helene Fuld College of Nursing, typically last?",low,0,2,1,1,1.0,1.0,1.0,2,3,0,1.0,1.0,1.0,1.0,0.0,0.0,1.0,1.0,0.0,1,0,bind
HotpotQA,654,"What band formed in 1995 and came out with an album called ""Welcome Interstate Managers'?",high,1,3,2,2,6.0,3.0,5.0,2,4,0,1.0,1.0,1.0,1.0,0.0,0.0,0.5,1.0,-0.5,1,0,bind
HotpotQA,655,"what air force based named in honor of Carl Benjamin ""Ben"" Eielson is located 26 miles southeast of Fairbanks, Alaska?",low,0,2,1,1,1.0,1.0,1.0,2,4,0,1.0,1.0,1.0,1.0,0.0,0.0,1.0,1.0,0.0,1,0,bind
HotpotQA,656,where is the American professional basketball team which Jalen Jones played for based,low,0,2,1,1,1.0,1.0,1.0,2,2,0,0.0,0.5,0.0,0.5,0.0,0.0,1.0,1.0,0.0,1,0,bind
HotpotQA,657,Sebastian Gutierrez is known for writing the screenplay for the 2003 film directed by whom?,high,1,3,2,2,4.0,2.0,2.0,2,2,0,1.0,1.0,1.0,1.0,0.0,0.0,1.0,1.0,0.0,1,0,bind
HotpotQA,658,Roxie Hart starred the entertainer and comedic actor who had what nickname?,low,0,2,1,1,3.0,3.0,3.0,2,5,0,1.0,1.0,1.0,1.0,0.0,0.0,1.0,0.5,0.5,1,0,bind
HotpotQA,659,"What festival is held every June in Bartlesville, Oklahoma?",low,0,2,1,1,1.0,1.0,1.0,2,1,1,0.0,0.8,1.0,1.0,-1.0,-0.19999999999999996,1.0,0.5,0.5,1,0,bind
HotpotQA,660,What is the name of the executive producer of the film that has a score composed by Jerry Goldsmith?,low,0,2,1,1,5.0,5.0,5.0,2,6,0,0.0,0.0,0.0,0.0,0.0,0.0,0.5,0.0,0.5,1,0,bind
HotpotQA,661,"What is the scientific name of the true creature featured in ""Creature from the Black Lagoon?",low,0,1,0,0,0.0,0.0,0.0,2,4,0,1.0,1.0,1.0,1.0,0.0,0.0,1.0,1.0,0.0,1,0,abstain
HotpotQA,662,Which KaBoom! Entertainment Inc. film is based on a story by Rudyard Kipling?,low,0,1,0,0,0.0,0.0,0.0,2,2,0,0.0,0.8,0.0,0.8,0.0,0.0,1.0,1.0,0.0,1,0,abstain
HotpotQA,663,Have tennis players Françoise Dürr and Mate Pavić both won a doubles title?,high,1,3,1,1,4.0,4.0,4.0,2,4,0,1.0,1.0,1.0,1.0,0.0,0.0,1.0,1.0,0.0,1,0,bind
HotpotQA,664,"What coastal town in Australia did army personnel Robin Reid and Paul Luckman kidnap and bring teenage boys to beat, torture, and sexually assault them?",low,0,2,1,1,0.0,0.0,0.0,2,2,0,0.0,0.4,0.0,0.4,0.0,0.0,1.0,1.0,0.0,1,0,abstain
HotpotQA,665,Where does Śivarāma Swami conduct courses on Vaishnava Theology?,low,0,1,0,0,0.0,0.0,0.0,2,2,0,0.0,0.0,0.0,0.0,0.0,0.0,1.0,0.5,0.5,1,0,abstain
HotpotQA,666,"Barnstable County Hospital was the location of the autopsy of the son of President John F. Kennedy and Jacqueline Kennedy, and the younger brother of who?",low,0,2,1,1,2.0,2.0,2.0,2,4,0,1.0,1.0,0.0,0.4,1.0,0.6,1.0,1.0,0.0,1,0,bind
HotpotQA,667,The 2014–15 UEFA Champions League knockout phase lead to the final of the 23rd season since it was renamed from what?,low,0,2,1,1,0.0,0.0,0.0,2,3,0,1.0,1.0,1.0,1.0,0.0,0.0,1.0,1.0,0.0,1,0,abstain
HotpotQA,668,Are both American bands The Four Seasons and Local H popular around the Beatles were around?,high,1,4,1,1,0.0,0.0,0.0,2,3,0,1.0,1.0,1.0,1.0,0.0,0.0,1.0,0.5,0.5,1,0,abstain
HotpotQA,669,The 2006 NCAA Wrestling Championships crowned Jake Rosholt and another athlete known for powerful punches from what hand?,low,0,2,1,1,1.0,1.0,1.0,2,3,0,1.0,1.0,1.0,1.0,0.0,0.0,1.0,1.0,0.0,1,0,bind
HotpotQA,670,"Who is the creator of the animated television series that its fourteenth episode of season three's title is ""Time Keeps on Slippin""?",low,0,2,1,1,2.0,2.0,2.0,2,2,0,1.0,1.0,1.0,1.0,0.0,0.0,1.0,1.0,0.0,1,0,bind
HotpotQA,671,What club does the footballer who surpassed David Beckham for the appearance record play for?,low,0,2,1,1,1.0,1.0,1.0,2,2,0,0.0,0.4,0.0,0.4,0.0,0.0,1.0,1.0,0.0,1,0,bind
HotpotQA,672,when was american stunt performer which Stunt Cycle attempted to cash in with born,low,0,2,1,1,4.0,4.0,4.0,2,2,0,1.0,1.0,1.0,1.0,0.0,0.0,1.0,1.0,0.0,1,0,bind
HotpotQA,673,"In what year was the Moldavian, later Romanian writer, known for his work ""The Goat and Her Three Kids"" born?",low,0,2,1,1,4.0,4.0,4.0,2,2,0,1.0,1.0,1.0,1.0,0.0,0.0,1.0,1.0,0.0,1,0,bind
HotpotQA,674,"In what capacity did the author of the book,  An Inconvenient Truth,  serve in the United States government ?",low,0,2,1,1,1.0,1.0,1.0,2,1,1,1.0,1.0,1.0,1.0,0.0,0.0,1.0,0.5,0.5,1,0,bind
HotpotQA,675,What were the nations after 1722 that composed a culture that was extensively studied by William N. Fenton?,low,0,2,1,1,1.0,1.0,1.0,2,3,0,0.0,0.0,0.0,0.0,0.0,0.0,1.0,1.0,0.0,1,0,bind
HotpotQA,676,"When was the movie adaption of Jennifer Weiner's novel ""In Her Shoes"" released?",low,0,1,0,0,0.0,0.0,0.0,2,2,0,1.0,1.0,1.0,1.0,0.0,0.0,1.0,1.0,0.0,1,0,abstain
HotpotQA,677,Which auto club has sanctioned races run in California as well as Indianapolis?,high,1,3,1,1,1.0,1.0,1.0,2,3,0,1.0,1.0,1.0,1.0,0.0,0.0,1.0,1.0,0.0,1,0,bind
HotpotQA,678,The 2014 Baylor Bears football games were played at the stadium whose name was changed during what month?,low,0,2,1,1,2.0,2.0,2.0,2,2,0,0.0,0.0,0.0,0.6666666666666666,0.0,-0.6666666666666666,1.0,1.0,0.0,1,0,bind
HotpotQA,679,"The historical Nimavar school in the Nimavar Bazaar, or bazar, is located in which country?",low,0,2,1,1,0.0,0.0,0.0,2,2,0,1.0,1.0,1.0,1.0,0.0,0.0,1.0,0.5,0.5,1,0,abstain
HotpotQA,680,What is part of an alternate title to a Three 6 Mafia song and is slang for a concoction which includes prescription-strength cough syrup also known as purple drank?,low,0,2,1,1,1.0,1.0,1.0,2,2,0,0.0,0.4,1.0,1.0,-1.0,-0.6,1.0,1.0,0.0,1,0,bind
HotpotQA,681,Dahlia and Aruncus are both examples of what type of plant catagorization?,low,0,1,0,0,0.0,0.0,0.0,2,2,0,1.0,1.0,0.0,0.0,1.0,1.0,1.0,1.0,0.0,1,0,abstain
HotpotQA,682,"How many miles west of Phoenix, Arizona is the base where the 63d Fighter Squadron is assigned?",low,0,2,1,1,4.0,4.0,4.0,2,2,0,1.0,1.0,1.0,1.0,0.0,0.0,1.0,1.0,0.0,1,0,bind
HotpotQA,683,"Which  baseball team who represents Texas Tech University in NCAA Division I college baseball is  ""The Law"" its home stadium",high,1,4,3,3,8.0,2.6666666666666665,5.0,2,6,0,0.0,0.8889,0.0,0.888888888888889,0.0,1.111111111107288e-05,1.0,1.0,0.0,1,0,bind
HotpotQA,684,"Corbin Sinclair Bryant played for the Buffalo Bills and what other NFL team that was founded in 1933, and is the oldest franchise in the AFC?",low,0,2,1,1,1.0,1.0,1.0,2,2,0,1.0,1.0,1.0,1.0,0.0,0.0,1.0,1.0,0.0,1,0,bind
HotpotQA,685,"What film was the screen debut of the musician nicknamed ""Lady Day""?",low,0,2,1,1,1.0,1.0,1.0,2,2,0,1.0,1.0,1.0,1.0,0.0,0.0,1.0,1.0,0.0,1,0,bind
HotpotQA,686,"Who wrote The Devils, and was an eninent English theater, opera and film director?",low,0,2,1,1,0.0,0.0,0.0,2,3,0,0.0,0.0,1.0,1.0,-1.0,-1.0,1.0,1.0,0.0,1,0,abstain
HotpotQA,687,"Fantasy Records is know for recordings of comedian Lenny Bruce, Creedence Clearwater Revival, and what American jazz pianist who composed the music for the animated television adaptations of the ""Peanuts"" comic strip?",high,1,4,3,2,5.0,1.6666666666666667,3.0,2,2,0,0.0,0.4,0.0,0.4,0.0,0.0,1.0,1.0,0.0,1,0,bind
HotpotQA,688,What team did Robbie Keane play for after Inter Milan?,low,0,2,1,1,0.0,0.0,0.0,2,2,0,0.0,0.0,1.0,1.0,-1.0,-1.0,1.0,1.0,0.0,1,0,abstain
HotpotQA,689,"What is the current capital of the district that Michael ""Mike"" Campbell is from?",low,0,2,1,1,0.0,0.0,0.0,2,2,0,1.0,1.0,1.0,1.0,0.0,0.0,1.0,1.0,0.0,1,0,abstain
HotpotQA,690,"Horace Brindley played for what professional association football club that is based in the seaside town of Blackpool, Lancashire, England?",high,1,3,1,1,2.0,2.0,2.0,2,2,0,0.0,0.4,0.0,0.4,0.0,0.0,1.0,1.0,0.0,1,0,bind
HotpotQA,691,"Who did Muhummad Ali fight next, in Houston, after the so-called Fight of the Century with Joe Frazier?",high,1,3,2,2,0.0,0.0,0.0,2,2,0,1.0,1.0,1.0,1.0,0.0,0.0,1.0,0.5,0.5,1,0,abstain
HotpotQA,692,"Which has a higher population, Qinzhou or Jingjiang?",high,1,3,1,1,0.0,0.0,0.0,2,2,0,1.0,1.0,1.0,1.0,0.0,0.0,1.0,1.0,0.0,1,0,abstain
HotpotQA,693,Are Greater Swiss Mountain Dog and Harrier both dog breeds?,high,1,3,1,1,0.0,0.0,0.0,2,2,0,1.0,1.0,1.0,1.0,0.0,0.0,1.0,1.0,0.0,1,0,abstain
HotpotQA,694,What was the other name for the war between the Cherokee people and white settlers in 1793?,low,0,2,1,1,1.0,1.0,1.0,2,2,0,0.0,0.0,1.0,1.0,-1.0,-1.0,1.0,1.0,0.0,1,0,bind
HotpotQA,695,"In which year was the American politician, that both represented New York in the United States Senate and served as an adviser to President Richard Nixon, re-elected for a fourth term as U.S. Senator?",low,0,2,1,1,2.0,2.0,2.0,2,2,0,1.0,1.0,1.0,1.0,0.0,0.0,1.0,1.0,0.0,1,0,bind
HotpotQA,696,Bobby Bowden coached which former Toronto Blue Jays minor league baseball player?,low,0,2,1,1,1.0,1.0,1.0,2,3,0,0.0,0.0,1.0,1.0,-1.0,-1.0,0.5,1.0,-0.5,1,0,bind
HotpotQA,697,"Why are many of the band, Hirsute Pursuit's songs considered controversial?",high,1,3,2,2,2.0,1.0,2.0,2,1,1,0.0,0.0,0.0,0.11764705882352942,0.0,-0.11764705882352942,0.5,0.5,0.0,1,0,bind
HotpotQA,698,Whose former city palace did Erna Flegel work at?,low,0,1,0,0,0.0,0.0,0.0,2,2,0,1.0,1.0,1.0,1.0,0.0,0.0,1.0,1.0,0.0,1,0,abstain
HotpotQA,699,Dan Balan co-wrote the song from what T.I. album?,low,0,2,1,1,1.0,1.0,1.0,2,4,0,1.0,1.0,1.0,1.0,0.0,0.0,1.0,1.0,0.0,1,0,bind
HotpotQA,700,"how many films has the director of ""Girl 6"" produced since 1983?",low,0,2,1,1,1.0,1.0,1.0,2,3,0,0.0,0.5,0.0,0.5,0.0,0.0,1.0,1.0,0.0,1,0,bind
HotpotQA,701,"Which was formed first, the duo Big & Rich or Lonestar?",high,1,3,1,1,0.0,0.0,0.0,2,4,0,1.0,1.0,1.0,1.0,0.0,0.0,1.0,1.0,0.0,1,0,abstain
HotpotQA,702,Who has the highest scope in profession in  Rob Thomas or  James Dean Bradfield,high,1,3,1,1,1.0,1.0,1.0,2,10,0,0.0,0.0,0.0,0.0,0.0,0.0,1.0,1.0,0.0,1,0,bind
HotpotQA,703,Are both Deerhunter and Nine Lashes American Christian rock bands?,high,1,4,2,1,6.0,3.0,3.0,2,2,0,1.0,1.0,1.0,1.0,0.0,0.0,1.0,1.0,0.0,1,0,bind
HotpotQA,704,"Which genus of plant grows originally in Mexico and Guatemala, Phylica or Weldenia?",high,1,4,3,2,11.0,3.6666666666666665,5.0,2,9,0,1.0,1.0,1.0,1.0,0.0,0.0,1.0,0.5,0.5,1,0,bind
HotpotQA,705,Edithvale railway station is located on a line that is situated in what city?,low,0,2,1,1,1.0,1.0,1.0,2,2,0,0.0,0.6667,0.0,0.6666666666666666,0.0,3.333333333332966e-05,1.0,1.0,0.0,1,0,bind
HotpotQA,706,"Nicholas Scibetta's hit man brother-in-law, who confessed to being involved in the murder of 19 people, helped prosecutors convict what Gambino family boss?",low,0,2,1,1,1.0,1.0,1.0,2,4,0,1.0,1.0,1.0,1.0,0.0,0.0,1.0,1.0,0.0,1,0,bind
HotpotQA,707,Which market town in Lancashire is part of the BB postcode area?,low,0,2,1,1,1.0,1.0,1.0,2,2,0,1.0,1.0,1.0,1.0,0.0,0.0,1.0,1.0,0.0,1,0,bind
HotpotQA,708,What conference does the team that drafted Derrick Hamilton in 2004 belong to?,low,0,2,1,1,1.0,1.0,1.0,2,2,0,0.0,0.3333,0.0,0.5714285714285715,0.0,-0.23812857142857152,1.0,1.0,0.0,1,0,bind
HotpotQA,709,"Los Angeles Historic-Cultural Monument (No. 139) hosted an event by what organization on Oct 12, 1991?",low,0,2,1,1,3.0,3.0,3.0,2,2,0,0.0,0.8571,0.0,0.5,0.0,0.3571,1.0,1.0,0.0,1,0,bind
HotpotQA,710,"Who has won more Grand Slam women's doubles titles, Lisa Raymond or Liezel Huber?",high,1,3,1,1,2.0,2.0,2.0,2,2,0,0.0,0.0,0.0,0.0,0.0,0.0,1.0,1.0,0.0,1,0,bind
HotpotQA,711,"Which cast member of Pitch Perfect 2 was born March 9, 1986?",low,0,1,0,0,0.0,0.0,0.0,2,9,0,1.0,1.0,1.0,1.0,0.0,0.0,1.0,1.0,0.0,1,0,abstain
HotpotQA,712,"Michaël Llodra of France, called ""the best volleyer on tour"", defeated Juan Martín del Potro a professional of what nationality?",high,1,3,1,1,0.0,0.0,0.0,2,3,0,1.0,1.0,1.0,1.0,0.0,0.0,1.0,1.0,0.0,1,0,abstain
HotpotQA,713,The Nun is based on what film series based on the real life cases of Ed and Lorraine Warren?,low,0,2,1,1,1.0,1.0,1.0,2,3,0,1.0,1.0,1.0,1.0,0.0,0.0,1.0,1.0,0.0,1,0,bind
HotpotQA,714,"Which opera has more acts, Don Quichotte or Tosca?",high,1,3,1,1,1.0,1.0,1.0,2,2,0,1.0,1.0,1.0,1.0,0.0,0.0,1.0,1.0,0.0,1,0,bind
HotpotQA,715,Is Northeast Florida Regional Airport farther from St. Augustine than Glacier Park International Airport is to Kalispell?,high,1,3,1,1,0.0,0.0,0.0,2,2,0,1.0,1.0,1.0,1.0,0.0,0.0,1.0,1.0,0.0,1,0,abstain
HotpotQA,716,The Plymouth fury produced from 1955 to 1989  was replaced by what for police and fleet applications?,low,0,2,1,1,0.0,0.0,0.0,2,4,0,0.0,0.0,1.0,1.0,-1.0,-1.0,1.0,1.0,0.0,1,0,abstain
HotpotQA,717,Which show co-hosted by Hoda Kotb was produced by Brian Balthazar?,low,0,2,1,1,0.0,0.0,0.0,2,2,0,0.0,0.0,0.0,0.0,0.0,0.0,1.0,0.5,0.5,1,0,abstain
HotpotQA,718,Multiple award-winning actor Gary Sinise appeared in The Stand in 1994 - a miniseries based on a novel and screenplay by which noted author?,low,0,2,1,1,1.0,1.0,1.0,2,2,0,1.0,1.0,1.0,1.0,0.0,0.0,1.0,0.5,0.5,1,0,bind
HotpotQA,719,"How many acts is the ballet Rita Sangalli premiered in, in the year 1876?",low,0,2,1,1,1.0,1.0,1.0,2,2,0,0.0,0.8571,0.0,0.8571428571428571,0.0,-4.285714285712228e-05,1.0,1.0,0.0,1,0,bind
HotpotQA,720,Who provided the source material for the 2015 Australian revenge comedy-drama film in which Rebecca Gibney featured?,low,0,2,1,1,1.0,1.0,1.0,2,2,0,1.0,1.0,1.0,1.0,0.0,0.0,1.0,1.0,0.0,1,0,bind
HotpotQA,721,Thunderbirds was a film featuring the exploits of what part of the Oklahoma Army National Guard?,low,0,2,1,1,4.0,4.0,4.0,2,3,0,1.0,1.0,1.0,1.0,0.0,0.0,1.0,1.0,0.0,1,0,bind
HotpotQA,722,The community that contains Downtown Summerlin occupies how many acres?,low,0,2,1,1,1.0,1.0,1.0,2,2,0,0.0,0.6667,0.0,0.6666666666666666,0.0,3.333333333332966e-05,1.0,1.0,0.0,1,0,bind
HotpotQA,723,"On which station did the 2014 South Korean television series, starring the main rapper of boyband SS501, air?",high,1,3,2,2,4.0,2.0,2.0,2,2,0,1.0,1.0,0.0,0.0,1.0,1.0,1.0,0.5,0.5,1,0,bind
HotpotQA,724,"Which river system in Chilhowie, Virginia was the starting place for most Longhunters?",low,0,1,0,0,0.0,0.0,0.0,2,2,0,1.0,1.0,1.0,1.0,0.0,0.0,1.0,1.0,0.0,1,0,abstain
HotpotQA,725,What is the name of the person that named Moltke Nunatak after the Chief of the German General staff that served from 1906 to 1914?,low,0,2,1,1,1.0,1.0,1.0,2,2,0,0.0,0.3636,0.0,0.0,0.0,0.3636,1.0,1.0,0.0,1,0,bind
HotpotQA,726,"What trio was the songwriter of ""What Are We Doin' Lonesome"" from?",low,0,1,0,0,0.0,0.0,0.0,2,2,0,0.0,0.1667,0.0,0.16666666666666666,0.0,3.333333333332966e-05,1.0,1.0,0.0,1,0,abstain
HotpotQA,727,Where is the 1999 British comedy-drama film starring Jimi Mistry set?,low,0,1,0,0,0.0,0.0,0.0,2,12,0,1.0,1.0,1.0,1.0,0.0,0.0,1.0,1.0,0.0,1,0,abstain
HotpotQA,728,"Which restaurant chain's headquarters is further north, Pizza Inn or Papa Gino's?",high,1,3,1,1,0.0,0.0,0.0,2,2,0,1.0,1.0,1.0,1.0,0.0,0.0,1.0,1.0,0.0,1,0,abstain
HotpotQA,729,At what stadium did Mychal George Thompson play home games with the San Antonio Spurs?,high,1,3,2,2,0.0,0.0,0.0,2,3,0,0.0,0.5714,0.0,0.5714285714285715,0.0,-2.8571428571488866e-05,1.0,1.0,0.0,1,0,abstain
HotpotQA,730,What is the English translation of the noodle similar to Taglierini that is not tagliatelle?,low,0,2,1,1,1.0,1.0,1.0,2,3,0,0.0,0.0,0.0,0.0,0.0,0.0,1.0,0.5,0.5,1,0,bind
HotpotQA,731,"Which writer is older, Joseph Epstein or Milan Kundera?",high,1,3,1,1,0.0,0.0,0.0,2,2,0,1.0,1.0,1.0,1.0,0.0,0.0,1.0,1.0,0.0,1,0,abstain
HotpotQA,732,Which channel produced the ninth volume of the tv series that premiered as the same date as RuPaul's first album?,high,1,3,2,2,5.0,2.5,5.0,2,3,0,0.0,0.0,0.0,0.0,0.0,0.0,1.0,1.0,0.0,1,0,bind
HotpotQA,733,Dan Hurley is the brother of which head coach of Arizona State's men's basketball team?,high,1,4,2,1,9.0,4.5,5.0,2,2,0,0.0,0.4,0.0,0.4,0.0,0.0,1.0,1.0,0.0,1,0,bind
HotpotQA,734,"What Danish eurodance group had a single called ""Barbie Girl"" which resulted in a lawsuit in 2002?",low,0,2,1,1,1.0,1.0,1.0,2,5,0,1.0,1.0,1.0,1.0,0.0,0.0,1.0,1.0,0.0,1,0,bind
HotpotQA,735,"When they were formed, did The Fatima Mansions or Nude have more members?",high,1,3,2,2,2.0,1.0,1.0,2,2,0,1.0,1.0,1.0,1.0,0.0,0.0,0.5,1.0,-0.5,1,0,bind
HotpotQA,736,"Who else besides ""The Golden Jet"" was born in Point Anne, Ontario?",high,1,3,2,2,8.0,4.0,5.0,2,2,0,0.0,0.4,0.0,0.3076923076923077,0.0,0.09230769230769231,1.0,0.5,0.5,1,0,bind
HotpotQA,737,"Under which ring name does the wrestler who participated in a taser match with Bam Bam Bigelow, associate himself with in the World Wrestling Federation?",low,0,2,1,1,1.0,1.0,1.0,2,5,0,1.0,1.0,1.0,1.0,0.0,0.0,1.0,1.0,0.0,1,0,bind
HotpotQA,738,"which German philosopher wrote ""The opera ""Lulu""",low,0,1,0,0,0.0,0.0,0.0,2,2,0,1.0,1.0,1.0,1.0,0.0,0.0,1.0,1.0,0.0,1,0,abstain
HotpotQA,739,Jihad: A Story of the Others is a documentary by the director who is of what descent?,low,0,2,1,1,1.0,1.0,1.0,2,2,0,1.0,1.0,1.0,1.0,0.0,0.0,1.0,1.0,0.0,1,0,bind
HotpotQA,740,"Where is the American honky tonk country band, whose first studio album was Honky Tonks and Cheap Motels, based?",low,0,2,1,1,1.0,1.0,1.0,2,2,0,0.0,0.6667,0.0,0.6666666666666666,0.0,3.333333333332966e-05,1.0,1.0,0.0,1,0,bind
HotpotQA,741,What Australian Electoral Division in New South Wales created in 1906 covers suburbs like Alexandria?,high,1,3,2,2,4.0,2.0,3.0,2,2,0,1.0,1.0,1.0,1.0,0.0,0.0,1.0,1.0,0.0,1,0,bind
HotpotQA,742,"Besides the founder of Led Zeppelin, and Bert Jansch, what other to British musician was heavily influenced by Davey Graham?",high,1,3,2,2,3.0,1.5,2.0,2,7,0,1.0,1.0,1.0,1.0,0.0,0.0,1.0,0.5,0.5,1,0,bind
HotpotQA,743,When was the Chinese American electronic musician and singer who collaborated on the album I Remember born?,low,0,2,1,1,0.0,0.0,0.0,2,2,0,1.0,1.0,1.0,1.0,0.0,0.0,1.0,1.0,0.0,1,0,abstain
HotpotQA,744,What kind of result does 2013 Ghana Movie Awards and A Northern Affair have in common?,high,1,3,1,1,0.0,0.0,0.0,2,3,0,0.0,0.0,0.0,0.0,0.0,0.0,1.0,1.0,0.0,1,0,abstain
HotpotQA,745,With what team did the player who eclipsed Bill Madlock's batting title record for a third baseman win the World Series?,low,0,2,1,1,1.0,1.0,1.0,2,3,0,1.0,1.0,1.0,1.0,0.0,0.0,1.0,1.0,0.0,1,0,bind
HotpotQA,746,What is the genus and species of the bear in which the Florida black bear is a subspecies of?,low,0,2,1,1,1.0,1.0,1.0,2,2,0,1.0,1.0,1.0,1.0,0.0,0.0,1.0,1.0,0.0,1,0,bind
HotpotQA,747,"Which city is at coastal county-level, Wenling or Ruili?",low,0,1,0,0,0.0,0.0,0.0,2,2,0,1.0,1.0,1.0,1.0,0.0,0.0,1.0,1.0,0.0,1,0,abstain
HotpotQA,748,What retailer did Albert Heijn start up that eventually merged with the Delhaize Group?,high,1,3,2,2,5.0,2.5,4.0,2,6,0,0.0,0.5,0.0,0.0,0.0,0.5,1.0,1.0,0.0,1,0,bind
HotpotQA,749,What country of origin does The Late Late Show and Craig Kilborn have in common?,high,1,3,1,1,0.0,0.0,0.0,2,6,0,0.0,0.0,0.0,0.0,0.0,0.0,1.0,1.0,0.0,1,0,abstain
HotpotQA,750,The State Theatre is part of a performing arts centre located in what Australian suburb?,low,0,2,1,1,4.0,4.0,4.0,2,2,0,1.0,1.0,1.0,1.0,0.0,0.0,1.0,1.0,0.0,1,0,bind
HotpotQA,751,What was the Canadian movie called in Italy that stared a professional American football defensive end of the National Football League along with Michael Ironside?,high,1,4,3,3,2.0,0.6666666666666666,2.0,2,3,0,1.0,1.0,1.0,1.0,0.0,0.0,1.0,0.5,0.5,1,0,bind
HotpotQA,752,"The Order of th elithuanian Grand Duke Gediminas features one of the earliest symbols of Lithuania, that was used by the Lithuanian Republic as a minor state symbol during what period?",low,0,2,1,1,2.0,2.0,2.0,2,2,0,1.0,1.0,1.0,1.0,0.0,0.0,1.0,1.0,0.0,1,0,bind
HotpotQA,753,"Cowie Castle at Stonehaven, and Allardice Castle near Inverbervie, are part of a coastal chain of castles in Scotland overlooking which sea?",low,0,2,1,1,0.0,0.0,0.0,2,7,0,1.0,1.0,1.0,1.0,0.0,0.0,1.0,1.0,0.0,1,0,abstain
HotpotQA,754,"which star of Hwarang: The Poet Warrior Youth was born on November 16, 1991 ?",low,0,1,0,0,0.0,0.0,0.0,2,2,0,1.0,1.0,1.0,1.0,0.0,0.0,1.0,1.0,0.0,1,0,abstain
HotpotQA,755,"What Pakistani actor and writer from Islamabad helped write for the 2012 Pakistani comedy drama sitcom, ""Coke Kahani""?",high,1,3,2,2,3.0,1.5,3.0,2,2,0,1.0,1.0,1.0,1.0,0.0,0.0,1.0,1.0,0.0,1,0,bind
HotpotQA,756,Substorm was described in qualitative terms by a scientist nominated for what seven times?,low,0,2,1,1,1.0,1.0,1.0,2,2,0,1.0,1.0,1.0,1.0,0.0,0.0,1.0,1.0,0.0,1,0,bind
HotpotQA,757,"When was one of the teacher of Nikolai Lugansky died who was a Russian Soviet pianist, composer?",low,0,2,1,1,1.0,1.0,1.0,2,2,0,0.0,0.5,0.0,0.5,0.0,0.0,1.0,1.0,0.0,1,0,bind
HotpotQA,758,What Japanese fashion label was founded by the creator of Dover Street Market?,low,0,2,1,1,2.0,2.0,2.0,2,3,0,1.0,1.0,1.0,1.0,0.0,0.0,1.0,1.0,0.0,1,0,bind
HotpotQA,759,The Soul of a Butterfly is an autobiography of a professional boxer that was born in what year?,low,0,2,1,1,1.0,1.0,1.0,2,2,0,1.0,1.0,1.0,1.0,0.0,0.0,1.0,1.0,0.0,1,0,bind
HotpotQA,760,The uncle of Paul Capellani died at a military operation during a battle was fought between who?,high,1,4,3,3,5.0,1.6666666666666667,2.0,2,2,0,1.0,1.0,1.0,1.0,0.0,0.0,1.0,1.0,0.0,1,0,bind
HotpotQA,761,The General Survey Act was passed shortly after the Supreme Court decision that discussed what concept?,low,0,2,1,1,1.0,1.0,1.0,2,2,0,0.0,0.3636,0.0,0.5714285714285715,0.0,-0.20782857142857153,1.0,1.0,0.0,1,0,bind
HotpotQA,762,Are Peter Balakian and James Der Derian both teachers?,high,1,4,2,1,3.0,1.5,3.0,2,2,0,1.0,1.0,1.0,1.0,0.0,0.0,1.0,1.0,0.0,1,0,bind
HotpotQA,763,"Which California band, whose debut album Adrenaline appeared in 1995, has been referred to as ""the Radiohead of metal""?",low,0,2,1,1,5.0,5.0,5.0,2,2,0,1.0,1.0,1.0,1.0,0.0,0.0,1.0,1.0,0.0,1,0,bind
HotpotQA,764,Which will be higher Time Warner Center or One Manhattan Square ?,high,1,3,2,2,0.0,0.0,0.0,2,4,0,1.0,1.0,1.0,1.0,0.0,0.0,1.0,1.0,0.0,1,0,abstain
HotpotQA,765,What philosophy related to creationism is Paul Nelson noted for?,low,0,2,1,1,0.0,0.0,0.0,2,3,0,0.0,0.0,0.0,0.0,0.0,0.0,1.0,1.0,0.0,1,0,abstain
HotpotQA,766,Where is the location of Liberty Square park in Disneyland California?,low,0,1,0,0,0.0,0.0,0.0,2,2,0,0.0,0.0,0.0,0.0,0.0,0.0,0.5,0.5,0.0,1,0,abstain
HotpotQA,767,How is the namesake of The Mountbatten Institute related to Elizabeth II?,low,0,2,1,1,5.0,5.0,5.0,2,4,0,0.0,0.8,0.0,0.7272727272727273,0.0,0.07272727272727275,1.0,1.0,0.0,1,0,bind
HotpotQA,768,Who coached the Indians and was the first Native American to win a gold metal his home country?,low,0,2,1,1,1.0,1.0,1.0,2,2,0,1.0,1.0,1.0,1.0,0.0,0.0,1.0,1.0,0.0,1,0,bind
HotpotQA,769,What land elevation does Khunyang Chhish and Ismoil Somoni Peak have in common?,high,1,3,1,1,0.0,0.0,0.0,2,2,0,0.0,0.0,0.0,0.0,0.0,0.0,1.0,1.0,0.0,1,0,abstain
HotpotQA,770,"What heritage site, known for a British explorer, is listed Seventeen Seventy Australia?",low,0,2,1,1,2.0,2.0,2.0,2,3,0,1.0,1.0,1.0,1.0,0.0,0.0,1.0,1.0,0.0,1,0,bind
HotpotQA,771,"How many rooms are in the building built in 1883 at Garden City in Nassau County, New York?",low,0,2,1,1,1.0,1.0,1.0,2,2,0,0.0,0.0,0.0,0.0,0.0,0.0,1.0,1.0,0.0,1,0,bind
HotpotQA,772,Thomas Parker Sanborn was a model for the protagonist in the only novel by a poet originally from what country?,low,0,2,1,1,2.0,2.0,2.0,2,2,0,1.0,1.0,1.0,1.0,0.0,0.0,1.0,1.0,0.0,1,0,bind
HotpotQA,773,"The song by English indie rock band Florence and the Machine written by Florence Welch and Francis ""Eg"" White and released in 2011 is named after the painting which was completed in which year?",high,1,3,2,2,8.0,4.0,5.0,2,2,0,1.0,1.0,1.0,1.0,0.0,0.0,0.5,1.0,-0.5,1,0,bind
HotpotQA,774,"Which documentary was made first, The Shame of a City or Unchained Memories?",high,1,3,1,1,0.0,0.0,0.0,2,2,0,1.0,1.0,1.0,1.0,0.0,0.0,1.0,1.0,0.0,1,0,abstain
HotpotQA,775,Which  French ace pilot and adventurer fly L'Oiseau Blanc,low,0,1,0,0,0.0,0.0,0.0,2,4,0,0.0,0.5,0.0,0.5,0.0,0.0,1.0,1.0,0.0,1,0,abstain
HotpotQA,776,"What Taylor swift song released December 7, 2008 was written by the same writer as ""You Belong to Me""?",low,0,2,1,1,2.0,2.0,2.0,2,3,0,0.0,0.0,1.0,1.0,-1.0,-1.0,0.5,1.0,-0.5,1,0,bind
HotpotQA,777,"Who was born first, Ronnie Radke or Dave Brockie?",high,1,3,1,1,0.0,0.0,0.0,2,2,0,1.0,1.0,1.0,1.0,0.0,0.0,1.0,1.0,0.0,1,0,abstain
HotpotQA,778,The Memphis Hustle are based in a suburb of a city with a population of what in 2010?,low,0,2,1,1,0.0,0.0,0.0,2,2,0,1.0,1.0,0.0,0.0,1.0,1.0,1.0,1.0,0.0,1,0,abstain
HotpotQA,779,"Spaceware Sky Division II is manufactured by this subsidiary, which is one of twelve subdivisions of Inner Mongolia, China?",low,0,2,1,1,0.0,0.0,0.0,2,2,0,1.0,1.0,1.0,1.0,0.0,0.0,1.0,1.0,0.0,1,0,abstain
HotpotQA,780,Milo Parker starred in which 2014 movie alongside Gillian Anderson?,high,1,4,2,1,2.0,1.0,2.0,2,2,0,1.0,1.0,1.0,1.0,0.0,0.0,1.0,0.5,0.5,1,0,bind
HotpotQA,781,"Gerald Grosvenor, 6th Duke of Westminster was succeeded by the British aristocrat who is estimated to be worth how much?",low,0,2,1,1,1.0,1.0,1.0,2,2,0,1.0,1.0,1.0,1.0,0.0,0.0,1.0,1.0,0.0,1,0,bind
HotpotQA,782,A writer for The Kenyon Review won a Pulitzer Prize in what year?,low,0,2,1,1,2.0,2.0,2.0,2,3,0,1.0,1.0,0.0,0.0,1.0,1.0,1.0,0.5,0.5,1,0,bind
HotpotQA,783,"Name the movie that was cowritten by Paul Rudd and the director of the 2011 British science fiction horror comedy film written and directed by Joe Cornish and starring John Boyega, Nick Frost, Jodie Whittaker and Luke Treadaway.",low,0,2,1,1,1.0,1.0,1.0,2,3,0,1.0,1.0,1.0,1.0,0.0,0.0,1.0,1.0,0.0,1,0,bind
HotpotQA,784,In what town is Suffolk county hamlet that was served by the Suffolk Traction Company?,low,0,2,1,1,1.0,1.0,1.0,2,3,0,0.0,0.0,0.0,0.0,0.0,0.0,1.0,1.0,0.0,1,0,bind
HotpotQA,785,Are Maro Ajemian and Patricia Field both pianists?,high,1,3,1,1,0.0,0.0,0.0,2,6,0,1.0,1.0,1.0,1.0,0.0,0.0,1.0,1.0,0.0,1,0,abstain
HotpotQA,786,"Bandit was built in 1988 by which Japanese amusement ride company that built roller coasters, giant wheels, carousels, flumes, dark rides, sky cycles and other amusement rides?",high,1,3,2,2,3.0,1.5,2.0,2,2,0,0.0,0.6667,0.0,0.6666666666666666,0.0,3.333333333332966e-05,1.0,1.0,0.0,1,0,bind
HotpotQA,787,In what year was the mathematician husband of Anneli Cahn Lax born?,low,0,2,1,1,1.0,1.0,1.0,2,2,0,1.0,1.0,1.0,1.0,0.0,0.0,1.0,1.0,0.0,1,0,bind
HotpotQA,788,"Musical artist Diabolic and Vinnie Paz, who was featured on Diabolic's second studio album Fightin' Words, are both what type of musicians?",low,0,1,0,0,0.0,0.0,0.0,2,5,0,0.0,0.0,0.0,0.0,0.0,0.0,1.0,1.0,0.0,1,0,abstain
HotpotQA,789,"Which American film director and actor famous for his role as Donny ""The Bear Jew"" Donowitz wrote the 2012 film ""The Man with the Iron Fists""?",low,0,2,1,1,2.0,2.0,2.0,2,2,0,1.0,1.0,1.0,1.0,0.0,0.0,1.0,1.0,0.0,1,0,bind
HotpotQA,790,In what ecclesiastical province is Stephen Conway currently part of?,low,0,1,0,0,0.0,0.0,0.0,2,1,1,1.0,1.0,1.0,1.0,0.0,0.0,1.0,0.5,0.5,1,0,abstain
HotpotQA,791,Who founded the Canadian manufacturer of winter clothing which is a major sponsor of Polar Bears International?,high,1,4,2,1,2.0,1.0,1.0,2,2,0,1.0,1.0,1.0,1.0,0.0,0.0,1.0,1.0,0.0,1,0,bind
HotpotQA,792,Who directed the 2015 South Korean drama film starring Hwang Jung-min?,low,0,2,1,1,2.0,2.0,2.0,2,3,0,1.0,1.0,1.0,1.0,0.0,0.0,1.0,0.5,0.5,1,0,bind
HotpotQA,793,"Q: Which actor played a role in the comedy series ""30 Rock"" as well as the drama series ""Mad Men""? A: Jon Hamm",high,1,3,1,1,5.0,5.0,5.0,2,5,0,1.0,1.0,1.0,1.0,0.0,0.0,0.5,1.0,-0.5,1,0,bind
HotpotQA,794,Maine State Route 111 connects Alfred to Biddenford but what county is Alfred in?,low,0,2,0,0,0.0,0.0,0.0,2,2,0,1.0,1.0,1.0,1.0,0.0,0.0,1.0,1.0,0.0,1,0,abstain
HotpotQA,795,"Which music group has the most members, DC Talk, or Manchester Orchestra?",high,1,3,1,1,1.0,1.0,1.0,2,2,0,1.0,1.0,1.0,1.0,0.0,0.0,1.0,1.0,0.0,1,0,bind
HotpotQA,796,Are the films Gasland from 2010 and Pumping Iron from 1977 both documentaries?,high,1,3,1,1,0.0,0.0,0.0,2,2,0,1.0,1.0,1.0,1.0,0.0,0.0,1.0,1.0,0.0,1,0,abstain
HotpotQA,797,In which of the largest surviving medieval old towns in Europe is the Vilnius Cathedral located?,high,1,3,1,1,2.0,2.0,2.0,2,3,0,1.0,1.0,1.0,1.0,0.0,0.0,1.0,1.0,0.0,1,0,bind
HotpotQA,798,What album succeeded Kendrick Lamar's album that had the song Money Trees in it?,low,0,2,1,1,1.0,1.0,1.0,2,3,0,0.0,0.0,0.0,0.0,0.0,0.0,1.0,1.0,0.0,1,0,bind
HotpotQA,799,Are both Viken Babikian and Don Manoukian American ?,high,1,3,1,1,0.0,0.0,0.0,2,2,0,1.0,1.0,1.0,1.0,0.0,0.0,1.0,1.0,0.0,1,0,abstain
HotpotQA,800,"How many albums had been recorded by Talking Heads by November, 1980?",low,0,2,1,1,4.0,4.0,4.0,2,4,0,0.0,0.0,0.0,0.0,0.0,0.0,1.0,1.0,0.0,1,0,bind
HotpotQA,801,Dunstan is an electoral district that includes which suburb of Adelaide in the City of Norwood Payneham St Peters?,low,0,2,1,1,4.0,4.0,4.0,2,8,0,0.0,0.0,0.0,0.0,0.0,0.0,1.0,1.0,0.0,1,0,bind
HotpotQA,802,Was 9/11: Press for Truth released prior to Chasing Coral?,high,1,3,1,1,0.0,0.0,0.0,2,3,0,1.0,1.0,1.0,1.0,0.0,0.0,1.0,1.0,0.0,1,0,abstain
HotpotQA,803,In what city is the company that Fastjet Tanzania was originally founded as a part of prior to rebranding based?,low,0,2,1,1,0.0,0.0,0.0,2,2,0,0.0,0.6667,0.0,0.6666666666666666,0.0,3.333333333332966e-05,1.0,1.0,0.0,1,0,abstain
HotpotQA,804,Who made the If/Then musical which has a theatrical score by a man who won the Tony Award and 2008 Outer Critics Circle Award?,low,0,2,1,1,1.0,1.0,1.0,2,2,0,0.0,0.0,0.0,0.0,0.0,0.0,1.0,1.0,0.0,1,0,bind
HotpotQA,805,Who choreographed one who is said to be the last muse for the choreographer and starred in the Nutcracker?,high,1,3,2,2,4.0,2.0,2.0,2,2,0,0.0,0.0,1.0,1.0,-1.0,-1.0,1.0,1.0,0.0,1,0,bind
HotpotQA,806,Are the Chien Français Blanc et Orange and Cretan Hound both used for hunting in packs?,high,1,3,1,1,0.0,0.0,0.0,2,3,0,1.0,1.0,1.0,1.0,0.0,0.0,1.0,1.0,0.0,1,0,abstain
HotpotQA,807,Fodder on My Wings is an album by a singer/pianist/songwriter born in which year ?,low,0,2,1,1,2.0,2.0,2.0,2,2,0,1.0,1.0,1.0,1.0,0.0,0.0,1.0,1.0,0.0,1,0,bind
HotpotQA,808,What distinction about his birth makes the contemporary of Bill Pollack unique as a winner of the Formula One World Drivers' Championship?,low,0,2,1,1,1.0,1.0,1.0,2,2,0,0.0,0.5,0.0,0.5,0.0,0.0,1.0,1.0,0.0,1,0,bind
HotpotQA,809,Who else beside the  American university administrator and politician from the state of Oklahoma was part of the  Boren-McCurdy proposals?,high,1,3,2,2,5.0,2.5,5.0,2,8,0,1.0,1.0,1.0,1.0,0.0,0.0,1.0,1.0,0.0,1,0,bind
HotpotQA,810,What years was the auto racing series held that was followed on by the 2016 Blancpain GT Series Sprint Cup?,low,0,2,1,1,1.0,1.0,1.0,2,8,0,1.0,1.0,0.0,0.0,1.0,1.0,1.0,0.5,0.5,1,0,bind
HotpotQA,811,What university did the winner of the 2014 CFL's Most Outstanding Defensive Player Award attend?,low,0,2,1,1,0.0,0.0,0.0,2,1,1,0.0,0.3333,0.0,0.0,0.0,0.3333,0.5,0.5,0.0,1,0,abstain
HotpotQA,812,"What song was on an American radio network that is owned by Disney Channels Worldwide, Inc. is a song by Senegalese-American R&B and rapper Akon?",low,0,2,1,1,2.0,2.0,2.0,2,2,0,1.0,1.0,1.0,1.0,0.0,0.0,1.0,1.0,0.0,1,0,bind
HotpotQA,813,"How many miles does the train, which passes through the Amtrak Jacksonville station and shares the track with the Silver Meteor, run?",low,0,2,1,1,2.0,2.0,2.0,2,4,0,1.0,1.0,1.0,1.0,0.0,0.0,1.0,1.0,0.0,1,0,bind
HotpotQA,814,What episode of South Park was the episode that aired in May before Funnybot?,low,0,2,1,1,1.0,1.0,1.0,2,2,0,0.0,0.0,0.0,0.0,0.0,0.0,1.0,1.0,0.0,1,0,bind
HotpotQA,815,"What was the name of the bear promoted to corporal in the Polish army, and celebrated by an ongoing fundraising trust based in Scotland?",high,1,3,2,2,2.0,1.0,1.0,2,2,0,1.0,1.0,1.0,1.0,0.0,0.0,1.0,1.0,0.0,1,0,bind
HotpotQA,816,Is James Bourne a band member of both McBusted and The Auteurs?,high,1,4,3,2,2.0,0.6666666666666666,1.0,2,3,0,1.0,1.0,1.0,1.0,0.0,0.0,0.5,1.0,-0.5,1,0,bind
HotpotQA,817,What tribe was the Megaoryzomys curioi previously in that Nesoryzomys are also in?,low,0,2,1,1,0.0,0.0,0.0,2,2,0,1.0,1.0,1.0,1.0,0.0,0.0,1.0,1.0,0.0,1,0,abstain
HotpotQA,818,Robert Smith founded the multinational company headquartered in what city?,low,0,2,1,1,1.0,1.0,1.0,2,2,0,0.0,0.8,0.0,0.8,0.0,0.0,1.0,1.0,0.0,1,0,bind
HotpotQA,819,"Which Republican Chairman was born June 1, 1956?",low,0,1,0,0,0.0,0.0,0.0,2,1,1,1.0,1.0,0.0,0.0,1.0,1.0,0.5,0.5,0.0,1,0,abstain
HotpotQA,820,"What I Saw: Reports from Berlin, 1920-1933 is a book by a writer born in which year ?",low,0,2,1,1,2.0,2.0,2.0,2,2,0,1.0,1.0,1.0,1.0,0.0,0.0,1.0,1.0,0.0,1,0,bind
HotpotQA,821,When was the  former Indian cricketer who made his ODI debuts during the 2000 ICC KnockOut Trophy born?,low,0,2,1,1,1.0,1.0,1.0,2,2,0,1.0,1.0,1.0,1.0,0.0,0.0,1.0,1.0,0.0,1,0,bind
HotpotQA,822,What is this subfamily within the cat family Felidae named by Reginald Innes Pocock that is descendant of Pseudaelurus?,high,1,4,3,3,2.0,0.6666666666666666,1.0,2,2,0,1.0,1.0,1.0,1.0,0.0,0.0,1.0,1.0,0.0,1,0,bind
HotpotQA,823,What country does Haringey Heartlands and The Mall Wood Green have in common?,high,1,3,1,1,2.0,2.0,2.0,2,3,0,0.0,0.0,0.0,0.0,0.0,0.0,1.0,1.0,0.0,1,0,bind
HotpotQA,824,"Die Nacht was composed by German composer, Richard Strauss. What other well known operas did he compose?",low,0,1,0,0,0.0,0.0,0.0,2,4,0,0.0,0.4,0.0,0.4,0.0,0.0,1.0,0.5,0.5,1,0,abstain
HotpotQA,825,What date was the person born that Samuel Flores Borrego was the right hand man of?,low,0,2,1,1,1.0,1.0,1.0,2,2,0,1.0,1.0,1.0,1.0,0.0,0.0,1.0,1.0,0.0,1,0,bind
HotpotQA,826,Is Mary Pierce or Gustavo Kuerten the older tennis player?,high,1,3,1,1,0.0,0.0,0.0,2,2,0,1.0,1.0,1.0,1.0,0.0,0.0,1.0,1.0,0.0,1,0,abstain
HotpotQA,827,"which actress was a notable practitioner at the white bear theatre and is also known for playing the role of melanie owen in the BBC one soap opera ""eatenders""?",low,0,2,1,1,1.0,1.0,1.0,2,2,0,1.0,1.0,1.0,1.0,0.0,0.0,1.0,1.0,0.0,1,0,bind
HotpotQA,828,"Who wrote the book that inspired the name of the CD/DVD ""Here at the End of All Things""?",low,0,2,1,1,0.0,0.0,0.0,2,2,0,1.0,1.0,1.0,1.0,0.0,0.0,1.0,1.0,0.0,1,0,abstain
HotpotQA,829,"Which of the actors starred in ""Sollathaan Ninaikkiren"" was born in 7 November 1954?",low,0,2,1,1,1.0,1.0,1.0,2,2,0,1.0,1.0,1.0,1.0,0.0,0.0,1.0,1.0,0.0,1,0,bind
HotpotQA,830,Sadok Sassi played for a national team that made its first World Cup in what year?,low,0,2,1,1,0.0,0.0,0.0,2,2,0,1.0,1.0,1.0,1.0,0.0,0.0,1.0,1.0,0.0,1,0,abstain
HotpotQA,831,What two positions did the man who broke Buzz Arlett's home run record play?,low,0,2,1,1,1.0,1.0,1.0,2,2,0,1.0,1.0,1.0,1.0,0.0,0.0,1.0,1.0,0.0,1,0,bind
HotpotQA,832,Where are Catcha Lake and Hedley Mascot Mine located?,low,0,2,0,0,0.0,0.0,0.0,2,3,0,0.0,0.5,0.0,0.5,0.0,0.0,1.0,1.0,0.0,1,0,abstain
HotpotQA,833,The team that would become the Little Giants was located in the county seat of which Ohio county?,low,0,2,1,1,1.0,1.0,1.0,2,2,0,0.0,0.5,1.0,1.0,-1.0,-0.5,0.5,1.0,-0.5,1,0,bind
HotpotQA,834,Sporobolus and Zea are in the same what?,low,0,1,0,0,0.0,0.0,0.0,2,2,0,1.0,1.0,1.0,1.0,0.0,0.0,1.0,1.0,0.0,1,0,abstain
HotpotQA,835,Who directed the film based on the rock opera 5:15 appeared in?,low,0,2,1,1,1.0,1.0,1.0,2,2,0,1.0,1.0,1.0,1.0,0.0,0.0,1.0,1.0,0.0,1,0,bind
HotpotQA,836,"When did Senator Ted Kennedy helped dedicate a new room at the location to his maternal grandfather, John F. Fitzgerald.",low,0,1,0,0,0.0,0.0,0.0,2,1,1,0.0,0.3333,0.0,0.33333333333333337,0.0,-3.333333333338517e-05,1.0,0.5,0.5,1,0,abstain
HotpotQA,837,Extract starred what American actress who is known for her work on Saturday Night Live from 2005-2012?,low,0,2,1,1,1.0,1.0,1.0,2,2,0,0.0,0.8,0.0,0.8,0.0,0.0,1.0,1.0,0.0,1,0,bind
HotpotQA,838,"Giuseppina Tuissi played a role in the execution of a National Fasict Party leader, as well as what female associated with the leader?",low,0,2,1,1,1.0,1.0,1.0,2,5,0,1.0,1.0,1.0,1.0,0.0,0.0,1.0,1.0,0.0,1,0,bind
HotpotQA,839,Who was known by his stage name Aladin and helped organizations improve their performance as a consultant?,high,1,3,2,2,1.0,0.5,1.0,2,1,1,1.0,1.0,1.0,1.0,0.0,0.0,1.0,0.5,0.5,1,0,bind
HotpotQA,840,Which school with which Gabriela Lemus has been affiliated is a member school of the Thurgood Marshall College Fund?,low,0,2,1,1,1.0,1.0,1.0,2,2,0,0.0,0.0,0.0,0.0,0.0,0.0,1.0,1.0,0.0,1,0,bind
HotpotQA,841,Which rebellion did Sir John Wedderburn and Charles Edward Stuart fight for that ended with defeat at the Battle of Culloden?,high,1,3,2,2,2.0,1.0,2.0,2,4,0,0.0,0.2857,0.0,0.6666666666666665,0.0,-0.3809666666666665,1.0,1.0,0.0,1,0,bind
HotpotQA,842,"The Prodigal Daughter, though a book about an American, is by a novelist of what nationality?",low,0,2,1,1,2.0,2.0,2.0,2,2,0,1.0,1.0,1.0,1.0,0.0,0.0,1.0,1.0,0.0,1,0,bind
HotpotQA,843,Were both Sinclair Research and the Wave Mate Bullet founded in the 1970s?,high,1,3,1,1,0.0,0.0,0.0,2,2,0,0.0,0.0,0.0,0.0,0.0,0.0,1.0,1.0,0.0,1,0,abstain
HotpotQA,844,"What city, located in Lincoln County, Montana, United States, is Vegepet based in?",high,1,3,1,1,1.0,1.0,1.0,2,2,0,0.0,0.6667,0.0,0.6666666666666666,0.0,3.333333333332966e-05,1.0,1.0,0.0,1,0,bind
HotpotQA,845,Did Billy Corgan's band The Smashing Pumpkins or Greek Fire originate in a more southern location?,high,1,4,2,2,1.0,0.5,1.0,2,4,0,1.0,1.0,0.0,0.0,1.0,1.0,1.0,1.0,0.0,1,0,bind
HotpotQA,846,What do both Spider-Man and Spider-Man in film have in comman,low,0,1,0,0,0.0,0.0,0.0,2,9,0,0.0,0.0,0.0,0.0,0.0,0.0,1.0,0.5,0.5,1,0,abstain
HotpotQA,847,Who created the British television series to which Tofu was a sister series focusing on a range of sex attitudes in the twenty-first century from the viewpoint of everyday people?,low,0,2,1,1,2.0,2.0,2.0,2,2,0,1.0,1.0,1.0,1.0,0.0,0.0,1.0,1.0,0.0,1,0,bind
HotpotQA,848,Which band The Innocence Mission or Starflyer 59 was formed first ?,high,1,3,1,1,0.0,0.0,0.0,2,2,0,1.0,1.0,1.0,1.0,0.0,0.0,1.0,1.0,0.0,1,0,abstain
HotpotQA,849,"When was the Indian film actor, producer and playback singer born who debut with the 2000 War film, ""Refugee"" and had lead role in Main Prem Ki Diwani Hoon?",low,0,2,1,1,3.0,3.0,3.0,2,2,0,1.0,1.0,1.0,1.0,0.0,0.0,1.0,0.5,0.5,1,0,bind
HotpotQA,850,"The world's greatest Super-Heroes anthology showcased one of four superheroes known for speaking the phrase ""SHAZAM"", what was their name?",low,0,2,1,1,1.0,1.0,1.0,2,2,0,1.0,1.0,1.0,1.0,0.0,0.0,1.0,1.0,0.0,1,0,bind
HotpotQA,851,"What Electoral Division in Victoria contained a suburb of Melbourne with a population of 25,147 at the 2016 Census?",low,0,2,1,1,1.0,1.0,1.0,2,2,0,0.0,0.6667,0.0,0.6666666666666666,0.0,3.333333333332966e-05,1.0,0.5,0.5,1,0,bind
HotpotQA,852,Which film was released first out of The Hunchback of Notre Dame and Miracle of the White Stallions?,high,1,3,1,1,0.0,0.0,0.0,2,2,0,1.0,1.0,1.0,1.0,0.0,0.0,1.0,1.0,0.0,1,0,abstain
HotpotQA,853,What was the code name of The landing barge primarily used to provide hot meals to the landing crew?,low,0,1,0,0,0.0,0.0,0.0,2,1,1,1.0,1.0,0.0,0.0,1.0,1.0,1.0,0.5,0.5,1,0,abstain
HotpotQA,854,"Which 1994 British romantic comedy featured the song ""Love Is All Around""?",low,0,1,0,0,0.0,0.0,0.0,2,3,0,1.0,1.0,1.0,1.0,0.0,0.0,1.0,1.0,0.0,1,0,abstain
HotpotQA,855,Which movie produced by Esta Malka Charkham was the first to star a woman as the lead role?,high,1,4,3,3,5.0,1.6666666666666667,3.0,2,2,0,1.0,1.0,1.0,1.0,0.0,0.0,1.0,1.0,0.0,1,0,bind
HotpotQA,856,"Stephen Joseph Bercik was mayer of a city that had a population of 124,969 as of the 2010 United States Census, and that has an estimated population of what for 2015?",low,0,2,1,1,1.0,1.0,1.0,2,2,0,1.0,1.0,1.0,1.0,0.0,0.0,1.0,1.0,0.0,1,0,bind
HotpotQA,857,"Spawn, a fictional character who Mustafa Shakir has expressed interest in playing, was created by?",low,0,2,1,1,0.0,0.0,0.0,2,2,0,1.0,1.0,1.0,1.0,0.0,0.0,1.0,0.5,0.5,1,0,abstain
HotpotQA,858,"Hayden is a singer-songwriter from Canada, but where does Buck-Tick hail from?",low,0,1,0,0,0.0,0.0,0.0,2,5,0,1.0,1.0,1.0,1.0,0.0,0.0,1.0,1.0,0.0,1,0,abstain
HotpotQA,859,Where does the state legislature in which John Coffin Talbot served convene?,low,0,2,1,1,1.0,1.0,1.0,2,2,0,0.0,0.4,0.0,0.4,0.0,0.0,1.0,1.0,0.0,1,0,bind
HotpotQA,860,Spider9 was founded in 2011 by the head of which subsidiary of Wanxiang Group?,low,0,2,1,1,0.0,0.0,0.0,2,3,0,0.0,0.8,0.0,0.8,0.0,0.0,1.0,1.0,0.0,1,0,abstain
HotpotQA,861,"Alexander Young, also known as George Alexander, is the uncle to which Scottish musician who replaced Malcolm Young in the band AC/DC in 2014?",high,1,4,3,3,6.0,2.0,3.0,2,2,0,0.0,0.4,0.0,0.8,0.0,-0.4,1.0,1.0,0.0,1,0,bind
HotpotQA,862,Kent Dairy Round Barn is near the city in what Montana county?,high,1,3,2,2,2.0,1.0,2.0,2,2,0,1.0,1.0,1.0,1.0,0.0,0.0,1.0,1.0,0.0,1,0,bind
HotpotQA,863,What made the man who abolished the Consell in 1718 resume the throne?,low,0,2,1,1,1.0,1.0,1.0,2,2,0,0.0,0.8571,0.0,0.8571428571428571,0.0,-4.285714285712228e-05,1.0,1.0,0.0,1,0,bind
HotpotQA,864,What 3 countries are part of the legal name of the airline that merged with Braathens in 2004?,high,1,3,2,2,5.0,2.5,3.0,2,2,0,0.0,0.0,0.0,0.0,0.0,0.0,1.0,1.0,0.0,1,0,bind
HotpotQA,865,Town's first season in their new stadium was under the leadership of an English Football manager who was born when?,low,0,2,1,1,2.0,2.0,2.0,2,2,0,0.0,0.5,1.0,1.0,-1.0,-0.5,1.0,1.0,0.0,1,0,bind
HotpotQA,866,Are Hanafuda and Okey both card games?,high,1,3,1,1,0.0,0.0,0.0,2,4,0,1.0,1.0,1.0,1.0,0.0,0.0,1.0,1.0,0.0,1,0,abstain
HotpotQA,867,"Who was born first, Sathish Kalathil or Jacques Feyder?",high,1,3,1,1,0.0,0.0,0.0,2,2,0,1.0,1.0,1.0,1.0,0.0,0.0,1.0,1.0,0.0,1,0,abstain
HotpotQA,868,By what other names was the king known whose reign was the first included in the Year Books?,low,0,2,1,1,0.0,0.0,0.0,2,2,0,1.0,1.0,1.0,1.0,0.0,0.0,1.0,1.0,0.0,1,0,abstain
HotpotQA,869,What game where a play must act as a night security guard was a new intellectual property released in 2014?,low,0,1,0,0,0.0,0.0,0.0,2,2,0,1.0,1.0,1.0,1.0,0.0,0.0,1.0,1.0,0.0,1,0,abstain
HotpotQA,870,In what year was the aviator in whose honour the Quai d'Auteuil was renamed born?,low,0,2,1,1,1.0,1.0,1.0,2,2,0,1.0,1.0,1.0,1.0,0.0,0.0,1.0,1.0,0.0,1,0,bind
HotpotQA,871,What role did Slim Dunlap take when he joined the Minnesota band the Replacements in 1987?,low,0,1,0,0,0.0,0.0,0.0,2,2,0,0.0,0.6667,0.0,0.6666666666666666,0.0,3.333333333332966e-05,1.0,1.0,0.0,1,0,abstain
HotpotQA,872,"What concert tour headlined by Coal Chamber in 1999 was named after the popular hit song by the Puerto Rican singer Ricky Martin, spanish for ""the crazy life""?",low,0,2,1,1,1.0,1.0,1.0,2,4,0,0.0,0.75,0.0,0.75,0.0,0.0,1.0,1.0,0.0,1,0,bind
HotpotQA,873,Bure Family Wines is named after former ice hockey player?,low,0,1,0,0,0.0,0.0,0.0,2,2,0,0.0,0.0,0.0,0.0,0.0,0.0,1.0,1.0,0.0,1,0,abstain
HotpotQA,874,In what order does Three Colours: Blue appear in the Three Colours trilogy?,low,0,2,1,1,1.0,1.0,1.0,2,3,0,1.0,1.0,1.0,1.0,0.0,0.0,1.0,1.0,0.0,1,0,bind
HotpotQA,875,What regular performer at the R-26 club in Paris was known for her banana-themed costume?,high,1,3,2,2,1.0,0.5,1.0,2,2,0,1.0,1.0,1.0,1.0,0.0,0.0,1.0,1.0,0.0,1,0,bind
HotpotQA,876,What city is the women's Vans Triple Crown of Surfing event hosted at?,low,0,1,0,0,0.0,0.0,0.0,2,2,0,0.0,0.0,0.0,0.33333333333333337,0.0,-0.33333333333333337,1.0,0.5,0.5,1,0,abstain
HotpotQA,877,"This American is best known for his work on such Disney animated films as ""Beauty and the Beast"" and a 1996 American animated musical drama film whose plot centers on who?",high,1,3,2,1,0.0,0.0,0.0,2,3,0,1.0,1.0,1.0,1.0,0.0,0.0,1.0,1.0,0.0,1,0,abstain
HotpotQA,878,Muslim Mahammad oglu Magomayev is the grandfther of what Soviet Azerbaijani singer who was dubbed the King of Songs?,low,0,2,1,1,4.0,4.0,4.0,2,2,0,0.0,0.8,0.0,0.8,0.0,0.0,1.0,1.0,0.0,1,0,bind
HotpotQA,879,What was the name of the person that was interviewed and later written about by John G. Neihardt?,low,0,1,0,0,0.0,0.0,0.0,2,2,0,1.0,1.0,1.0,1.0,0.0,0.0,1.0,1.0,0.0,1,0,abstain
HotpotQA,880,The 2003 South Australian National Football League Grand Final saw the Central District Bulldogs defeat a football club whose home base is currently known as what?,low,0,2,1,1,1.0,1.0,1.0,2,2,0,1.0,1.0,1.0,1.0,0.0,0.0,1.0,1.0,0.0,1,0,bind
HotpotQA,881,The director of Panic 5 Bravo was born in what year?,low,0,2,1,1,1.0,1.0,1.0,2,2,0,1.0,1.0,0.0,0.0,1.0,1.0,1.0,0.5,0.5,1,0,bind
HotpotQA,882,Prince Michael of Prussia was a member of the house that arose in what town in the 11th century?,low,0,2,1,1,1.0,1.0,1.0,2,2,0,0.0,0.5,0.0,0.5,0.0,0.0,1.0,1.0,0.0,1,0,bind
HotpotQA,883,"What is the nationality of this actor, film producer and musician who has lived most of his life in Australia and appeared in Romper Stomper alongside Daniel Pollock, Jacqueline McKenzie and Tony Lee?",low,0,2,1,1,2.0,2.0,2.0,2,3,0,0.0,0.8,0.0,0.8,0.0,0.0,1.0,1.0,0.0,1,0,bind
HotpotQA,884,Kaiser Ventures corporation was founded by an American industrialist who became known as the father of modern American shipbuilding?,low,0,2,1,1,1.0,1.0,1.0,2,3,0,0.0,0.0,0.0,0.0,0.0,0.0,1.0,1.0,0.0,1,0,bind
HotpotQA,885,Where was the comedian from And There's More born?,low,0,2,1,1,4.0,4.0,4.0,2,2,0,0.0,0.0,0.0,0.0,0.0,0.0,1.0,1.0,0.0,1,0,bind
HotpotQA,886,"Michael Braz completed a libretto for what Georgia college, founded in 1906?",low,0,1,0,0,0.0,0.0,0.0,2,2,0,0.0,0.0,0.0,0.0,0.0,0.0,1.0,1.0,0.0,1,0,abstain
HotpotQA,887,Jim Betts ran against the first American to orbit what?,high,1,3,2,1,4.0,2.0,2.0,2,2,0,1.0,1.0,1.0,1.0,0.0,0.0,1.0,1.0,0.0,1,0,bind
HotpotQA,888,Who is the father of the Prince in which William Joseph Weaver is most famous for painting a full length portrait of?,low,0,2,1,1,1.0,1.0,1.0,2,2,0,0.0,0.8,0.0,0.8,0.0,0.0,1.0,1.0,0.0,1,0,bind
HotpotQA,889,How large of the area is the nature reserve south of Seacroft Esplanade?,low,0,2,1,1,1.0,1.0,1.0,2,2,0,1.0,1.0,1.0,1.0,0.0,0.0,1.0,1.0,0.0,1,0,bind
HotpotQA,890,Are Bitter Jester and The Future of Food both documentaries about food?,high,1,3,1,1,0.0,0.0,0.0,2,3,0,1.0,1.0,1.0,1.0,0.0,0.0,1.0,1.0,0.0,1,0,abstain
HotpotQA,891,The 1966–67 NHL season ended with a win in the Stanley Cup by the team from which division of the Eastern Conference?,low,0,2,1,1,2.0,2.0,2.0,2,3,0,0.0,0.6667,0.0,0.6666666666666666,0.0,3.333333333332966e-05,1.0,1.0,0.0,1,0,bind
HotpotQA,892,"Which pizza shop opened first, Toppers Pizza or America's Incredible Pizza Company?",high,1,3,1,1,1.0,1.0,1.0,2,2,0,1.0,1.0,1.0,1.0,0.0,0.0,1.0,1.0,0.0,1,0,bind
HotpotQA,893,Both Tim Conlon and Kehinde Wiley have what type of occupation?,high,1,3,1,1,0.0,0.0,0.0,2,2,0,1.0,1.0,0.0,0.0,1.0,1.0,1.0,1.0,0.0,1,0,abstain
HotpotQA,894,Crucible is a geodemography computer system created by a company that has stores in how many countries?,low,0,2,1,1,1.0,1.0,1.0,2,2,0,1.0,1.0,1.0,1.0,0.0,0.0,1.0,1.0,0.0,1,0,bind
HotpotQA,895,Wiener Werkstätte Style was part of the movement that took place during what eras?,low,0,2,1,1,0.0,0.0,0.0,2,3,0,1.0,1.0,1.0,1.0,0.0,0.0,1.0,1.0,0.0,1,0,abstain
HotpotQA,896,Woman's Era and Naj are what kind of magazines?,low,0,1,0,0,0.0,0.0,0.0,2,2,0,0.0,0.2857,0.0,0.28571428571428575,0.0,-1.4285714285744433e-05,1.0,1.0,0.0,1,0,abstain
HotpotQA,897,What 1986 drama directed by Lee Doo-yong starred Lee Mi-sook?,low,0,1,0,0,0.0,0.0,0.0,2,2,0,1.0,1.0,1.0,1.0,0.0,0.0,1.0,1.0,0.0,1,0,abstain
HotpotQA,898,What is the given name of the character depicted as Juliet Hulme in Heavenly Creatures?,low,0,2,1,1,2.0,2.0,2.0,2,4,0,0.0,0.0,0.0,0.0,0.0,0.0,1.0,1.0,0.0,1,0,bind
HotpotQA,899,In which football league does the son of Souleyman Sané play?,low,0,2,1,1,1.0,1.0,1.0,2,2,0,1.0,1.0,1.0,1.0,0.0,0.0,1.0,1.0,0.0,1,0,bind
HotpotQA,900,What is the name the French give to the war during which the Prussians occupied the Pavillon du Butard?,low,0,2,1,1,3.0,3.0,3.0,2,2,0,1.0,1.0,1.0,1.0,0.0,0.0,1.0,1.0,0.0,1,0,bind
HotpotQA,901,How old was Virginia Bruce when she starred in Let Freedom Ring?,high,1,3,2,2,0.0,0.0,0.0,2,2,0,1.0,1.0,1.0,1.0,0.0,0.0,1.0,1.0,0.0,1,0,abstain
HotpotQA,902,What is common between Matt Vasgersian and Michael Casey?,high,1,3,1,1,3.0,3.0,3.0,2,8,0,0.0,0.0,0.0,0.0,0.0,0.0,1.0,1.0,0.0,1,0,bind
HotpotQA,903,What party campaigned for the Irish Home Rule Movement?,low,0,1,0,0,0.0,0.0,0.0,2,4,0,1.0,1.0,1.0,1.0,0.0,0.0,1.0,0.5,0.5,1,0,abstain
HotpotQA,904,"Which building will have more floors, 15 Penn Plaza, or 247 Cherry?",high,1,3,1,1,0.0,0.0,0.0,2,2,0,1.0,1.0,1.0,1.0,0.0,0.0,1.0,1.0,0.0,1,0,abstain
HotpotQA,905,"Which internationl football team has had a player endorse the ""Nike Hypervenom"" football boot?",low,0,2,1,1,0.0,0.0,0.0,2,3,0,1.0,1.0,1.0,1.0,0.0,0.0,1.0,1.0,0.0,1,0,abstain
HotpotQA,906,"Who lived longer, Leonid Khachiyan or Nikolai Lobachevsky?",high,1,4,2,1,0.0,0.0,0.0,2,2,0,0.0,0.8,0.0,0.8,0.0,0.0,1.0,1.0,0.0,1,0,abstain
HotpotQA,907,Javier Frana and Thomaz Koch both share what occupation?,low,0,1,0,0,0.0,0.0,0.0,2,10,0,0.0,0.8,0.0,0.4,0.0,0.4,1.0,1.0,0.0,1,0,abstain
HotpotQA,908,Vincas Kudirka is the author of both the music and lyrics of a national anthem which has how many words?,low,0,2,1,1,1.0,1.0,1.0,2,3,0,0.0,0.0,0.0,0.0,0.0,0.0,1.0,1.0,0.0,1,0,bind
HotpotQA,909,What career led Brandon James Routh to move to the city where Brian Ralston lives?,low,0,2,1,1,1.0,1.0,1.0,2,2,0,0.0,0.6667,0.0,0.6666666666666666,0.0,3.333333333332966e-05,1.0,1.0,0.0,1,0,bind
HotpotQA,910,"Consider the band formed in 2015 by JYP Entertainment through the reality show ""Sixteen"". How many tracks are on the reissue of their third album?",high,1,3,2,2,3.0,1.5,2.0,2,3,0,1.0,1.0,1.0,1.0,0.0,0.0,1.0,1.0,0.0,1,0,bind
HotpotQA,911,Did Greg Costikyan have the same profession as John Dolmayan?,high,1,3,1,1,2.0,2.0,2.0,2,10,0,1.0,1.0,1.0,1.0,0.0,0.0,1.0,1.0,0.0,1,0,bind
HotpotQA,912,Stephen susco wrote a movie produced by which american film actor?,high,1,3,2,2,3.0,1.5,3.0,2,3,0,1.0,1.0,1.0,1.0,0.0,0.0,0.5,0.5,0.0,1,0,bind
HotpotQA,913,"What is the genus of the viral disease that has symptoms such as fever, chills, loss of appetite, nausea, muscle pains, and headaches, and has a chance of causing liver damage?",low,0,2,1,1,5.0,5.0,5.0,2,5,0,1.0,1.0,1.0,1.0,0.0,0.0,0.5,1.0,-0.5,1,0,bind
HotpotQA,914,Ali Eren Balıkel started a restaurant which hosted a number of famous figures including an English actor who won three consecutive what?,high,1,4,2,2,3.0,1.5,2.0,2,3,0,0.0,0.5714,0.0,0.5714285714285715,0.0,-2.8571428571488866e-05,1.0,0.5,0.5,1,0,bind
HotpotQA,915,Are Couroupita and Graptopetalum plants both native to central America?,high,1,3,1,1,0.0,0.0,0.0,2,4,0,0.0,0.0,1.0,1.0,-1.0,-1.0,1.0,1.0,0.0,1,0,abstain
HotpotQA,916,Rostker v. Goldberg held that the practice of what way of filling armed forces vacancies was consitutional?,low,0,2,1,1,0.0,0.0,0.0,2,1,1,0.0,0.0,0.0,0.0,0.0,0.0,1.0,0.5,0.5,1,0,abstain
HotpotQA,917,Who was the last king of the Shahiya?,low,0,1,0,0,0.0,0.0,0.0,2,2,0,0.0,0.0,0.0,0.0,0.0,0.0,1.0,1.0,0.0,1,0,abstain
HotpotQA,918,What chef is the owner of a Japanese restaurant in the Tribeca neighborhood and also owns two Bar Masas in New York and Nevada?,high,1,4,3,2,6.0,2.0,4.0,2,2,0,0.0,0.8,0.0,0.8,0.0,0.0,1.0,1.0,0.0,1,0,bind
HotpotQA,919,In what year did Australian-born comedian Peter Helliar write I Love you Too?,high,1,3,2,2,0.0,0.0,0.0,2,1,1,1.0,1.0,1.0,1.0,0.0,0.0,1.0,0.5,0.5,1,0,abstain
HotpotQA,920,This Australian racing driver currently drives the No. 22 Holden VF Commodore produced by Holden Commodore which manufactures what other models?,high,1,4,2,2,1.0,0.5,1.0,2,2,0,0.0,0.2222,0.0,0.18181818181818182,0.0,0.040381818181818185,1.0,1.0,0.0,1,0,bind
HotpotQA,921,"Who is the director of Hollywood film ""7th Heaven"" (1927), Jerry Belson or  Frank Borzage?",high,1,3,2,1,0.0,0.0,0.0,2,3,0,1.0,1.0,1.0,1.0,0.0,0.0,1.0,0.5,0.5,1,0,abstain
HotpotQA,922,"In which suburb of Melbourne, Australia did Harold Edward Holt go missing?",low,0,2,1,1,0.0,0.0,0.0,2,2,0,0.0,0.6667,0.0,0.6666666666666666,0.0,3.333333333332966e-05,1.0,1.0,0.0,1,0,abstain
HotpotQA,923,What is another name for the people that the Torra di Tizzà was created to protect against?,low,0,2,1,1,0.0,0.0,0.0,2,2,0,0.0,0.5,0.0,0.5,0.0,0.0,1.0,1.0,0.0,1,0,abstain
HotpotQA,924,"What is the other occupation of this Indian film actress who appeared in ""Hate Story 2"" (2014) and ""Saadi Love Story?""",low,0,2,1,1,2.0,2.0,2.0,2,3,0,1.0,1.0,1.0,1.0,0.0,0.0,1.0,1.0,0.0,1,0,bind
HotpotQA,925,What flow of goods and services were managed and distributed by General Blood?,low,0,1,0,0,0.0,0.0,0.0,2,2,0,0.0,0.8889,0.0,0.888888888888889,0.0,1.111111111107288e-05,1.0,1.0,0.0,1,0,abstain
HotpotQA,926,Which St. Louis Rams season was the final full season played by the 2008 winner of the Heisman Trophy?,low,0,2,1,1,3.0,3.0,3.0,2,2,0,0.0,0.0,0.0,0.0,0.0,0.0,1.0,1.0,0.0,1,0,bind
HotpotQA,927,"Which singer is also a comic book writer, Max Bemis or Robert Palmer?",high,1,4,2,1,0.0,0.0,0.0,2,2,0,0.0,0.8,0.0,0.8,0.0,0.0,1.0,0.5,0.5,1,0,abstain
HotpotQA,928,Where does the descendant of the Red Setter originate?,low,0,2,1,1,0.0,0.0,0.0,2,3,0,1.0,1.0,1.0,1.0,0.0,0.0,1.0,1.0,0.0,1,0,abstain
HotpotQA,929,Do the bands named Phoenix and Shearwater specialize in the exact same genre?,high,1,3,1,1,0.0,0.0,0.0,2,6,0,1.0,1.0,1.0,1.0,0.0,0.0,1.0,1.0,0.0,1,0,abstain
HotpotQA,930,White love was what number of single created by a record label est in 2008 by Kim Shi Dao?,low,0,2,1,1,1.0,1.0,1.0,2,2,0,1.0,1.0,1.0,1.0,0.0,0.0,1.0,1.0,0.0,1,0,bind
HotpotQA,931,What year was the actor son of Jeremiah Porter born?,low,0,2,1,1,0.0,0.0,0.0,2,6,0,0.0,0.0,0.0,0.0,0.0,0.0,0.5,0.5,0.0,1,0,abstain
HotpotQA,932,"What country does Eric A. Sykes and Eccles, Greater Manchester have ion common?",high,1,3,1,1,2.0,2.0,2.0,2,2,0,0.0,0.0,1.0,1.0,-1.0,-1.0,1.0,1.0,0.0,1,0,bind
HotpotQA,933,"Ithihasa and the Indian music composer of  ""Chronic Bachelor"", ""Udayananu Tharam"", ""Naran"", ""Puthiya Mukham,"" ""Urumi"", ""Grandmaster"" and ""Bhaskar the Rascal"" are known in what type of films/cinema?",low,0,1,0,0,0.0,0.0,0.0,2,7,0,0.0,0.6667,0.0,0.6666666666666666,0.0,3.333333333332966e-05,1.0,1.0,0.0,1,0,abstain
HotpotQA,934,Alfie Allen played Theon Greyjoy on which show?,low,0,1,0,0,0.0,0.0,0.0,2,4,0,1.0,1.0,1.0,1.0,0.0,0.0,1.0,1.0,0.0,1,0,abstain
HotpotQA,935,The project that Jeder Rappen zählt is inspired by began in what year?,low,0,2,1,1,1.0,1.0,1.0,2,2,0,1.0,1.0,1.0,1.0,0.0,0.0,1.0,1.0,0.0,1,0,bind
HotpotQA,936,What was the release date and price for the release of Mac OS X that has the software for creating WWF files?,low,0,2,1,1,0.0,0.0,0.0,2,2,0,0.0,0.75,1.0,1.0,-1.0,-0.25,1.0,1.0,0.0,1,0,abstain
HotpotQA,937,Who was the fourth son of the lord of the Seventeen Provinces of the Netherlands in 1555?,high,1,3,2,2,3.0,1.5,3.0,2,2,0,1.0,1.0,1.0,1.0,0.0,0.0,1.0,1.0,0.0,1,0,bind
HotpotQA,938,In the 2012-13 FC Sion they brought in Gennaro Gattuso and a player who now plays for what Scottish team?,high,1,3,1,1,0.0,0.0,0.0,2,3,0,0.0,0.4,0.0,0.4,0.0,0.0,1.0,1.0,0.0,1,0,abstain
HotpotQA,939,"The actor known for his role as ""Freddie""  in The Deep Blue Sea won the Laurence Olivier Award for his role in which play?",high,1,3,2,2,1.0,0.5,1.0,2,6,0,1.0,1.0,1.0,1.0,0.0,0.0,1.0,1.0,0.0,1,0,bind
HotpotQA,940,"Who directed the Hindi remake of the Korean film that starred Uhm Jung-hwa, Kim Sang-kyung, and Song Young-Chang?",high,1,3,2,2,3.0,1.5,2.0,2,2,0,1.0,1.0,1.0,1.0,0.0,0.0,1.0,1.0,0.0,1,0,bind
HotpotQA,941,"Which man who presented the Australia 2022 FIFA World Cup bid was born on October 22, 1930?",high,1,4,3,3,2.0,0.6666666666666666,1.0,2,2,0,1.0,1.0,1.0,1.0,0.0,0.0,1.0,1.0,0.0,1,0,bind
HotpotQA,942,Which South Korean film about an affair between an attractive thirty-two-year-old woman and a youth just short of legal majority premiered at the 2005 Sundance Film Festival?,high,1,4,3,3,9.0,3.0,5.0,2,2,0,1.0,1.0,1.0,1.0,0.0,0.0,1.0,1.0,0.0,1,0,bind
HotpotQA,943,3TEETH was the debut album for the opening act for the2016 tour with a headlining band that was formed in which California city?,low,0,2,1,1,1.0,1.0,1.0,2,2,0,1.0,1.0,1.0,1.0,0.0,0.0,1.0,1.0,0.0,1,0,bind
HotpotQA,944,"Which is a choreographer, Yuen Woo-ping or Basil Dean?",high,1,3,2,1,8.0,4.0,4.0,2,2,0,1.0,1.0,1.0,1.0,0.0,0.0,1.0,1.0,0.0,1,0,bind
HotpotQA,945,Toby Kebbell starred in a fantasy action film based on a video game series in 2016 notably set in teh world of what?,low,0,2,1,1,1.0,1.0,1.0,2,3,0,1.0,1.0,1.0,1.0,0.0,0.0,1.0,1.0,0.0,1,0,bind
HotpotQA,946,"Which is farther north, Steel Venom or Wicked Twister?",high,1,3,1,1,1.0,1.0,1.0,2,3,0,0.0,0.0,0.0,0.0,0.0,0.0,1.0,1.0,0.0,1,0,bind
HotpotQA,947,"What Japanese Auto Manufacturer headquarted in Minato, Tokyo, Japan did Nissan aquire controlling interest in?",high,1,3,1,1,3.0,3.0,3.0,2,2,0,0.0,0.6667,0.0,0.6666666666666666,0.0,3.333333333332966e-05,1.0,1.0,0.0,1,0,bind
HotpotQA,948,"What village in Nassau County, New York with a name meaning ""a pleasant place"" is represented by Kathleen Rice in the United States House of Representatives?",high,1,3,2,2,7.0,3.5,5.0,2,2,0,1.0,1.0,1.0,1.0,0.0,0.0,1.0,1.0,0.0,1,0,bind
HotpotQA,949,What is the country of origin of the film Dui Purush and the music director Pankaj Mullick,low,0,2,0,0,0.0,0.0,0.0,2,2,0,0.0,0.0,0.0,0.0,0.0,0.0,1.0,1.0,0.0,1,0,abstain
HotpotQA,950,What facility is shared by RAAF Base Williamtown and Newcastle Airport in New South Wales?,low,0,1,0,0,0.0,0.0,0.0,2,2,0,0.0,0.6667,0.0,0.6666666666666666,0.0,3.333333333332966e-05,1.0,1.0,0.0,1,0,abstain
HotpotQA,951,Black Star is the debut fragrance by a singer-songwriter that has sold approximately how many albums worldwide?,low,0,2,1,1,1.0,1.0,1.0,2,2,0,1.0,1.0,1.0,1.0,0.0,0.0,1.0,1.0,0.0,1,0,bind
HotpotQA,952,Dionne Bunsha worked most recently for the magazine published by what company?,low,0,2,1,1,1.0,1.0,1.0,2,3,0,0.0,0.6667,0.0,0.6666666666666666,0.0,3.333333333332966e-05,1.0,1.0,0.0,1,0,bind
HotpotQA,953,"Which dog is used for herding, the Bosnian Coarse-haired Hound or Dutch Shepherd?",high,1,3,1,1,0.0,0.0,0.0,2,2,0,1.0,1.0,1.0,1.0,0.0,0.0,1.0,1.0,0.0,1,0,abstain
HotpotQA,954,John Valliant’s work has appeared in which outdoor-focused magazine whose first issue was published in September 1977?,low,0,2,1,1,1.0,1.0,1.0,2,2,0,1.0,1.0,1.0,1.0,0.0,0.0,1.0,1.0,0.0,1,0,bind
HotpotQA,955,Ruffin Horne McNeill Jr. an American football coach was named interim head coach after the suspension of a head coach that lead the team to winning seasons in every year of his what?,high,1,4,2,2,10.0,5.0,5.0,2,3,0,1.0,1.0,1.0,1.0,0.0,0.0,1.0,1.0,0.0,1,0,bind
HotpotQA,956,Who was the son and heir of Henry Beauclerc?,low,0,1,0,0,0.0,0.0,0.0,2,2,0,1.0,1.0,1.0,1.0,0.0,0.0,1.0,0.5,0.5,1,0,abstain
HotpotQA,957,Bill Woodfull opened pairing with what cricketer who died in April of 1991?,high,1,4,3,3,4.0,1.3333333333333333,2.0,2,2,0,1.0,1.0,1.0,1.0,0.0,0.0,1.0,1.0,0.0,1,0,bind
HotpotQA,958,Both José Aponte de la Torre Airport and Boulder City Municipal Airport are classified as what type of airport?,high,1,3,1,1,0.0,0.0,0.0,2,2,0,0.0,0.0,0.0,0.0,0.0,0.0,1.0,1.0,0.0,1,0,abstain
HotpotQA,959,"Which magazine has been around longer, Guitar World or Golf Digest?",high,1,3,1,1,0.0,0.0,0.0,2,2,0,1.0,1.0,1.0,1.0,0.0,0.0,1.0,1.0,0.0,1,0,abstain
HotpotQA,960,"Which band formed in England, Of Montreal or Vib Gyor?",high,1,3,2,1,8.0,4.0,4.0,2,2,0,0.0,0.3333,0.0,0.33333333333333337,0.0,-3.333333333338517e-05,1.0,1.0,0.0,1,0,bind
HotpotQA,961,"Which author is an economist, Czesław Miłosz or Bhabananda Deka?",high,1,4,2,1,0.0,0.0,0.0,2,2,0,0.0,0.8,0.0,0.8,0.0,0.0,1.0,0.5,0.5,1,0,abstain
HotpotQA,962,Did Yasuzo Masumura and Pitof hail from the same country and professional career?,high,1,3,1,1,0.0,0.0,0.0,2,2,0,1.0,1.0,1.0,1.0,0.0,0.0,1.0,1.0,0.0,1,0,abstain
HotpotQA,963,This film is an adaption of a Jacques Offenbach's opera that was written by a Hungarian British screenwriter?,high,1,3,2,2,5.0,2.5,4.0,2,3,0,1.0,1.0,0.0,0.0,1.0,1.0,1.0,1.0,0.0,1,0,bind
HotpotQA,964,Are Vintage Life and InStyle both US-based magazines?,high,1,3,1,1,1.0,1.0,1.0,2,3,0,1.0,1.0,1.0,1.0,0.0,0.0,1.0,1.0,0.0,1,0,bind
HotpotQA,965,Whose brother was a king of the East-Saxons?,low,0,2,1,1,3.0,3.0,3.0,2,2,0,1.0,1.0,1.0,1.0,0.0,0.0,1.0,1.0,0.0,1,0,bind
HotpotQA,966,"Who was a pianist, Maro Ajemian or Richard C. Sarafian?",high,1,4,2,1,0.0,0.0,0.0,2,5,0,1.0,1.0,1.0,1.0,0.0,0.0,1.0,1.0,0.0,1,0,abstain
HotpotQA,967,What type of band is the group who released a 2007 compilation CD?,low,0,2,1,1,5.0,5.0,5.0,2,8,0,0.0,0.0,0.0,0.0,0.0,0.0,0.5,0.5,0.0,1,0,bind
HotpotQA,968,What Ruben Fleischer film did No One's Gonna Love You appear in?,low,0,1,0,0,0.0,0.0,0.0,2,2,0,1.0,1.0,1.0,1.0,0.0,0.0,1.0,1.0,0.0,1,0,abstain
HotpotQA,969,Are Harry Everett Smith and Vladimir Danilevich both from Russia?,high,1,3,1,1,0.0,0.0,0.0,2,4,0,1.0,1.0,1.0,1.0,0.0,0.0,1.0,1.0,0.0,1,0,abstain
HotpotQA,970,Are the writing from Maurice Level and Alice Hoffman focused on different audieces?,high,1,3,1,1,0.0,0.0,0.0,2,4,0,1.0,1.0,1.0,1.0,0.0,0.0,1.0,1.0,0.0,1,0,abstain
HotpotQA,971,which writer has the highest number of skill  Langston Hughes or  Ian McEwan,high,1,3,1,1,0.0,0.0,0.0,2,2,0,0.0,0.0,0.0,0.0,0.0,0.0,1.0,1.0,0.0,1,0,abstain
HotpotQA,972,Abraham Lincoln Neiman and his wife Carrie Marcus Neiman cofounded Neiman Marcus with Carrie's brother Herbert in which American city in 1907?,low,0,2,1,1,3.0,3.0,3.0,2,5,0,1.0,1.0,1.0,1.0,0.0,0.0,1.0,0.5,0.5,1,0,bind
HotpotQA,973,Which physicist known for his work on parity violation has a son who became an American chemist teaching at Cornell University?,high,1,4,2,2,8.0,4.0,5.0,2,2,0,1.0,1.0,1.0,1.0,0.0,0.0,1.0,1.0,0.0,1,0,bind
HotpotQA,974,"ElvenQuest is a comic fantasy broadcast that stars what English actress who is the wife of Lord Frederick Windsor, and who is formally referred to as what?",high,1,3,2,2,6.0,3.0,4.0,2,2,0,0.0,0.75,0.0,0.7499999999999999,0.0,1.1102230246251565e-16,1.0,1.0,0.0,1,0,bind
HotpotQA,975,What other jobs did the actress Olivia Munn from Mortdecai have?,low,0,1,0,0,0.0,0.0,0.0,2,7,0,0.0,0.0,0.0,0.0,0.0,0.0,1.0,0.5,0.5,1,0,abstain
HotpotQA,976,Mis'ry's Comin' Aroun is by an American librettist that won how many Tony Awards?,low,0,2,1,1,2.0,2.0,2.0,2,2,0,0.0,0.5,0.0,0.5,0.0,0.0,1.0,1.0,0.0,1,0,bind
HotpotQA,977,"Following The Simple Things a featurette directed by Burny Mattinson was produced, called what?",low,0,1,0,0,0.0,0.0,0.0,2,1,1,1.0,1.0,0.0,0.0,1.0,1.0,1.0,0.5,0.5,1,0,abstain
HotpotQA,978,Kevin House Jr. played professionally for the team that is in what NFL conference?,low,0,2,1,1,1.0,1.0,1.0,2,2,0,0.0,0.75,0.0,0.33333333333333337,0.0,0.41666666666666663,1.0,1.0,0.0,1,0,bind
HotpotQA,979,What Lord of the Rings actor starred alongside Paul Hogan in Flipper?,high,1,3,2,2,8.0,4.0,5.0,2,2,0,1.0,1.0,1.0,1.0,0.0,0.0,0.5,1.0,-0.5,1,0,bind
HotpotQA,980,"By what type of music was this English composer who collaborated with Ella Mary Leather on ""Twelve Traditional Carols from Herefordshire"" influenced strongly?",low,0,2,1,1,1.0,1.0,1.0,2,2,0,1.0,1.0,1.0,1.0,0.0,0.0,1.0,1.0,0.0,1,0,bind
HotpotQA,981,"Which genus has more species, Quesnelia or Honeysuckle?",high,1,3,1,1,0.0,0.0,0.0,2,2,0,1.0,1.0,1.0,1.0,0.0,0.0,1.0,1.0,0.0,1,0,abstain
HotpotQA,982,"Which genus of plant is named after a person, Amesiella or Cucurbita?",high,1,3,1,1,1.0,1.0,1.0,2,2,0,1.0,1.0,1.0,1.0,0.0,0.0,1.0,1.0,0.0,1,0,bind
HotpotQA,983,Who is the chairman of the company that operates Suncoast Hotel and Casino?,low,0,2,1,1,2.0,2.0,2.0,2,2,0,1.0,1.0,1.0,1.0,0.0,0.0,1.0,1.0,0.0,1,0,bind
HotpotQA,984,How many books are in the text composed by the founder Nyaya school of Hindu philosophy and is used in the development of Indian logic?,high,1,3,2,2,1.0,0.5,1.0,2,2,0,0.0,0.0,0.0,0.0,0.0,0.0,1.0,1.0,0.0,1,0,bind
HotpotQA,985,Follow the Yellow Brick Road Tour is taking place to commemorate the album that was recorded where?,low,0,2,1,1,1.0,1.0,1.0,2,2,0,0.0,0.0,0.0,0.0,0.0,0.0,1.0,1.0,0.0,1,0,bind
HotpotQA,986,What type of arts that have existed since ancient times did the Stieber Twins specialize in?,low,0,2,1,1,1.0,1.0,1.0,2,3,0,1.0,1.0,1.0,1.0,0.0,0.0,1.0,1.0,0.0,1,0,bind
HotpotQA,987,How many Major League Baseball teams usually attend the meeting where the John H. Johnson President's Award is awarded?,low,0,2,1,1,1.0,1.0,1.0,2,2,0,0.0,0.3333,0.0,0.33333333333333337,0.0,-3.333333333338517e-05,1.0,1.0,0.0,1,0,bind
HotpotQA,988,"Of what ethnicity is the founder of the Orchestra which debuted on January 1, 1988?",high,1,3,2,2,4.0,2.0,3.0,2,2,0,1.0,1.0,1.0,1.0,0.0,0.0,1.0,1.0,0.0,1,0,bind
HotpotQA,989,"In the USA, a tobacconist, also called a tobacco shop or smoke shop, is traditionally represented by which advertisement figure, that is often a three-dimensional wooden sculpture several feet tall?",high,1,3,2,2,4.0,2.0,2.0,2,2,0,1.0,1.0,0.0,0.4,1.0,0.6,1.0,1.0,0.0,1,0,bind
HotpotQA,990,Edwyn Collins and Ian Gillan both have which profession in common?,high,1,3,1,1,2.0,2.0,2.0,2,2,0,0.0,0.0,0.0,0.0,0.0,0.0,1.0,1.0,0.0,1,0,bind
HotpotQA,991,Who was the secretary to the Winter Queen?,low,0,2,1,1,4.0,4.0,4.0,2,2,0,0.0,0.8,0.0,0.8,0.0,0.0,1.0,1.0,0.0,1,0,bind
HotpotQA,992,Who was the older brother of the leader who asked Juan Romero de Figueroa to remain at his parish?,low,0,2,1,1,0.0,0.0,0.0,2,3,0,0.0,0.0,0.0,0.0,0.0,0.0,0.5,0.5,0.0,1,0,abstain
HotpotQA,993,During what war were the Russia-United Kingdom relations in a state of rivalry after the abdication of Emperor Nicholas II?,low,0,2,1,1,0.0,0.0,0.0,2,4,0,0.0,0.8,0.0,0.8,0.0,0.0,1.0,1.0,0.0,1,0,abstain
HotpotQA,994,What is the height of the tallest mountain from which the Glen River flows?,low,0,2,1,1,1.0,1.0,1.0,2,3,0,1.0,1.0,1.0,1.0,0.0,0.0,1.0,1.0,0.0,1,0,bind
HotpotQA,995,which league is the 121th season of top-tier competitive football in Switzerland which Ulrich Forte coach FC Zürich in the league,high,1,3,1,1,1.0,1.0,1.0,2,2,0,0.0,0.8571,1.0,1.0,-1.0,-0.14290000000000003,1.0,1.0,0.0,1,0,bind
HotpotQA,996,Who was born in August and was a professor?,high,1,3,2,2,4.0,2.0,3.0,2,10,0,0.0,0.0,0.0,0.0,0.0,0.0,0.0,0.0,0.0,1,0,bind
HotpotQA,997,"Domestic Disturbance stars an actor who voiced what character in ""Monsters, Inc.""?",low,0,2,1,1,3.0,3.0,3.0,2,3,0,1.0,1.0,1.0,1.0,0.0,0.0,1.0,1.0,0.0,1,0,bind
HotpotQA,998,When was the peer-reviewed open access scientific journal established in which Milivoje Kostic Editor-in-Chief of the Thermodynamics section?,low,0,2,1,1,1.0,1.0,1.0,2,2,0,1.0,1.0,1.0,1.0,0.0,0.0,1.0,1.0,0.0,1,0,bind
HotpotQA,999,Are Fastbacks and Local Natives both from the same US state?,high,1,3,1,1,0.0,0.0,0.0,2,2,0,1.0,1.0,0.0,0.0,1.0,1.0,1.0,1.0,0.0,1,0,abstain
MuSiQue,0,When was the person who Messi's goals in Copa del Rey compared to get signed by Barcelona?,low,0,2,1,1,0.0,0.0,0.0,2,6,0,0.0,0.6667,0.0,0.6666666666666666,0.0,3.333333333332966e-05,1.0,1.0,0.0,1,0,abstain
MuSiQue,1,"What month did the Tripartite discussions begin between Britain, France, and the country where, despite being headquartered in the nation called the nobilities commonwealth, the top-ranking Warsaw Pact operatives originated?",high,1,4,2,1,1.0,0.5,1.0,3,2,1,0.0,0.0,0.0,0.0,0.0,0.0,1.0,0.3333333333333333,0.6666666666666667,1,0,bind
MuSiQue,2,What county is Erik Hort's birthplace a part of?,low,0,2,1,1,1.0,1.0,1.0,2,2,0,1.0,1.0,0.0,0.6666666666666666,1.0,0.33333333333333337,1.0,1.0,0.0,1,0,bind
MuSiQue,3,What year did the publisher of Labyrinth end?,low,0,2,1,1,1.0,1.0,1.0,2,2,0,1.0,1.0,1.0,1.0,0.0,0.0,1.0,1.0,0.0,1,0,bind
MuSiQue,4,When was Lady Godiva's birthplace abolished?,low,0,2,1,1,0.0,0.0,0.0,2,2,0,0.0,0.0,0.0,0.0,0.0,0.0,0.5,0.5,0.0,1,0,abstain
MuSiQue,5,When was the region immediately north of the region where Israel is located and the location of the Battle of Qurah and Umm al Maradim created?,high,1,4,2,1,1.0,0.5,1.0,4,5,0,0.0,0.0,0.0,0.0,0.0,0.0,0.5,0.5,0.0,1,0,bind
MuSiQue,6,Where does the body of water by the city where the Southeast Library designer died empty into the Gulf of Mexico?,high,1,4,3,3,0.0,0.0,0.0,4,4,0,0.0,0.0,0.0,0.0,0.0,0.0,0.75,0.5,0.25,1,0,abstain
MuSiQue,7,When did the explorer reach the city where the headquarters of the only group larger than Vilaiyaadu Mankatha's record label is located?,high,1,3,2,2,0.0,0.0,0.0,4,3,1,0.0,0.0,0.0,0.0,0.0,0.0,0.25,0.5,-0.25,1,0,abstain
MuSiQue,8,When was the start of the battle of the birthplace of the performer of III?,high,1,3,2,2,3.0,1.5,2.0,3,2,1,0.0,0.0,0.0,0.0,0.0,0.0,0.3333333333333333,0.0,0.3333333333333333,1,0,bind
MuSiQue,9,What is the Till dom ensamma performer's birth date?,low,0,2,1,1,1.0,1.0,1.0,2,2,0,1.0,1.0,1.0,1.0,0.0,0.0,1.0,1.0,0.0,1,0,bind
MuSiQue,10,How many episodes are in season 5 of the series with The Bag or the Bat?,low,0,2,1,1,1.0,1.0,1.0,2,2,0,0.0,0.0,1.0,1.0,-1.0,-1.0,1.0,1.0,0.0,1,0,bind
MuSiQue,11,How were the people from whom new coins were a proclamation of independence by the Somali Muslim Ajuran Empire expelled from the country between Thailand and A Lim's country?,high,1,4,2,2,0.0,0.0,0.0,4,5,0,0.0,0.0,0.0,0.0,0.0,0.0,0.5,0.5,0.0,1,0,abstain
MuSiQue,12,What is the birthplace of the person after whom São José dos Campos was named?,low,0,2,1,1,0.0,0.0,0.0,2,2,0,0.0,0.0,0.0,0.0,0.0,0.0,0.5,0.5,0.0,1,0,abstain
MuSiQue,13,How many times did plague occur in the place where Crucifixion's creator died?,low,0,2,1,1,0.0,0.0,0.0,3,4,0,1.0,1.0,0.0,0.0,1.0,1.0,0.6666666666666666,0.3333333333333333,0.3333333333333333,1,0,abstain
MuSiQue,14,What year did the Governor of the city where the basilica named after the same saint as the one that Mantua Cathedral is dedicated to die?,high,1,4,3,3,10.0,3.3333333333333335,5.0,3,4,0,1.0,1.0,0.0,0.0,1.0,1.0,0.6666666666666666,0.3333333333333333,0.3333333333333333,1,0,bind
MuSiQue,15,What company succeeded the owner of Empire Sports Network?,low,0,2,1,1,0.0,0.0,0.0,2,2,0,0.0,0.4,0.0,0.0,0.0,0.4,1.0,1.0,0.0,1,0,abstain
MuSiQue,16,When was the Palau de la Generalitat constructed in the city where Martin from the region where Perdiguera is located died?,high,1,4,3,3,0.0,0.0,0.0,3,3,0,1.0,1.0,1.0,1.0,0.0,0.0,1.0,1.0,0.0,1,0,abstain
MuSiQue,17,Who married the actor from Terminator?,low,0,2,1,1,0.0,0.0,0.0,2,6,0,1.0,1.0,0.0,0.0,1.0,1.0,1.0,0.5,0.5,1,0,abstain
MuSiQue,18,Who was in charge of the place where Castricum is located?,low,0,2,1,1,1.0,1.0,1.0,2,2,0,1.0,1.0,1.0,1.0,0.0,0.0,1.0,1.0,0.0,1,0,bind
MuSiQue,19,Who is the mascot of the university related to Randy Conrads?,low,0,2,1,1,1.0,1.0,1.0,2,3,0,1.0,1.0,1.0,1.0,0.0,0.0,1.0,1.0,0.0,1,0,bind
MuSiQue,20,"What does seal stand for in the U.S. military branch that operates destroyers, as well as the USS Edsall?",high,1,4,2,1,0.0,0.0,0.0,3,4,0,1.0,1.0,0.0,0.0,1.0,1.0,1.0,0.6666666666666666,0.33333333333333337,1,0,abstain
MuSiQue,21,Who is the child of Chiang Hsiao-wen's father?,low,0,2,1,1,5.0,5.0,5.0,2,3,0,0.0,0.5,0.0,0.3636363636363636,0.0,0.1363636363636364,1.0,1.0,0.0,1,0,bind
MuSiQue,22,Where was the person who wrote about the rioting being a dividing factor in Birmingham educated?,low,0,2,1,1,1.0,1.0,1.0,2,2,0,1.0,1.0,0.0,0.0,1.0,1.0,1.0,0.5,0.5,1,0,bind
MuSiQue,23,Whose sister played Susie in miracle on 34th street?,high,1,3,2,2,0.0,0.0,0.0,2,2,0,0.0,0.0,0.0,0.0,0.0,0.0,0.5,0.0,0.5,1,0,abstain
MuSiQue,24,Who is the child of the Italian navigator who explored the eastern coast of the continent César Gaytan was born in for the English?,high,1,3,2,2,3.0,1.5,3.0,4,3,1,1.0,1.0,1.0,1.0,0.0,0.0,0.75,0.5,0.25,1,0,bind
MuSiQue,25,Who is the spouse of Young Man Luther's author?,low,0,2,1,1,0.0,0.0,0.0,2,2,0,0.0,0.0,0.0,0.0,0.0,0.0,1.0,0.5,0.5,1,0,abstain
MuSiQue,26,How many times did the plague occur in the city where the painter of The Bacchanal of the Andrians died?,high,1,3,2,2,3.0,1.5,3.0,3,4,0,1.0,1.0,1.0,1.0,0.0,0.0,0.6666666666666666,1.0,-0.33333333333333337,1,0,bind
MuSiQue,27,In what year was the group who performed Attics To Eden formed?,low,0,2,1,1,1.0,1.0,1.0,2,3,0,1.0,1.0,1.0,1.0,0.0,0.0,1.0,1.0,0.0,1,0,bind
MuSiQue,28,Where did the arguer that the country Directive 10/2 called for actions against had become an imperialist power declare he would intervene in the Korean conflict?,high,1,3,2,2,0.0,0.0,0.0,3,2,1,0.0,0.0,0.0,0.0,0.0,0.0,0.6666666666666666,0.6666666666666666,0.0,1,0,abstain
MuSiQue,29,When did military instruction start at the place where Larry Alcala was educated?,low,0,2,1,1,0.0,0.0,0.0,2,2,0,1.0,1.0,1.0,1.0,0.0,0.0,1.0,1.0,0.0,1,0,abstain
MuSiQue,30,When did the city where Greenwood Laboratory School is located become capitol of the state where the screenwriter of The Poor Boob was born?,high,1,4,3,3,6.0,2.0,4.0,4,5,0,0.0,0.0,0.0,0.0,0.0,0.0,0.75,0.75,0.0,1,0,bind
MuSiQue,31,Who is played by the director of The Good Shepherd in The Godfather?,low,0,2,1,1,0.0,0.0,0.0,2,7,0,1.0,1.0,1.0,1.0,0.0,0.0,1.0,1.0,0.0,1,0,abstain
MuSiQue,32,How long are the council terms of the city that shares a county with Helvetia?,low,0,2,1,1,4.0,4.0,4.0,3,4,0,0.0,0.0,0.0,0.0,0.0,0.0,1.0,0.6666666666666666,0.33333333333333337,1,0,bind
MuSiQue,33,When was the region immediately north of the region that prevailed with the disgrace of Near East and the terrain feature on which shamal is located created?,high,1,4,2,2,1.0,0.5,1.0,4,4,0,0.0,0.0,0.0,0.0,0.0,0.0,0.5,0.25,0.25,1,0,bind
MuSiQue,34,How did did the people fare during the reign of the abolisher of sati partha in India?,high,1,3,2,2,0.0,0.0,0.0,2,5,0,0.0,0.0,0.0,0.0,0.0,0.0,1.0,0.5,0.5,1,0,abstain
MuSiQue,35,What is the position of the 1st governor general of India?,low,0,2,1,1,1.0,1.0,1.0,2,6,0,1.0,1.0,1.0,1.0,0.0,0.0,1.0,1.0,0.0,1,0,bind
MuSiQue,36,Who is the child of the president who suffered a major defeat when the body which approves members of the American cabinet refused to ratify the Versailles treaty?,low,0,2,1,1,1.0,1.0,1.0,3,5,0,1.0,1.0,0.0,0.0,1.0,1.0,0.6666666666666666,0.6666666666666666,0.0,1,0,bind
MuSiQue,37,What does dell call the feature letting the interface replacing FireWire in later iterations of the iPod drives to remain powered when the computer is off?,low,0,1,0,0,0.0,0.0,0.0,2,3,0,0.0,0.0,1.0,1.0,-1.0,-1.0,1.0,1.0,0.0,1,0,abstain
MuSiQue,38,Who wrote Turn Me On by the singer of Come Away with Me?,low,0,2,1,1,1.0,1.0,1.0,2,4,0,1.0,1.0,1.0,1.0,0.0,0.0,1.0,1.0,0.0,1,0,bind
MuSiQue,39,Who was second pick in the 1999 draft of the league that has a competition where they give out the MLB MVP award after it?,low,0,2,1,1,0.0,0.0,0.0,4,3,1,1.0,1.0,1.0,1.0,0.0,0.0,0.5,0.5,0.0,1,0,abstain
MuSiQue,40,The Commission of Truth and Friendship established governments for Bustami's birth country and a second country that had who as president after declaring independence?,high,1,3,2,2,0.0,0.0,0.0,3,3,0,0.0,0.0,0.0,0.0,0.0,0.0,0.6666666666666666,0.6666666666666666,0.0,1,0,abstain
MuSiQue,41,Where is the country with ISO code ISO 3166-2:CV located?,low,0,1,0,0,0.0,0.0,0.0,2,2,0,0.0,0.0,1.0,1.0,-1.0,-1.0,1.0,1.0,0.0,1,0,abstain
MuSiQue,42,"What was the form of the language Auctor is in, used in the era of the Frankish king who created the Holy Roman Empire, later known as?",low,0,2,1,1,0.0,0.0,0.0,3,7,0,0.0,0.6667,0.0,0.6666666666666666,0.0,3.333333333332966e-05,0.6666666666666666,0.6666666666666666,0.0,1,0,abstain
MuSiQue,43,"When did the political party that favored harsh punishment of southern states after the Civil War, gain control of the House?",low,0,2,1,1,0.0,0.0,0.0,2,3,0,0.0,0.0,0.0,0.6666666666666666,0.0,-0.6666666666666666,0.5,0.5,0.0,1,0,abstain
MuSiQue,44,When did the person chosen to be president of the confederacy end his fight in the Mexican-American war?,low,0,2,1,1,0.0,0.0,0.0,2,4,0,1.0,1.0,1.0,1.0,0.0,0.0,1.0,1.0,0.0,1,0,abstain
MuSiQue,45,What city is the star of Sous les pieds des femmes from?,low,0,2,1,1,1.0,1.0,1.0,2,2,0,1.0,1.0,1.0,1.0,0.0,0.0,1.0,1.0,0.0,1,0,bind
MuSiQue,46,what is meaning of the word that is a majority religion of the area that became India when the country origin of Mizraab was created in Arabic dictionary?,high,1,3,2,2,0.0,0.0,0.0,3,4,0,0.0,0.0,0.0,0.0,0.0,0.0,0.6666666666666666,0.3333333333333333,0.3333333333333333,1,0,abstain
MuSiQue,47,"Who stars in the video ""One Last Time"" by the performer of Baby I?",high,1,3,2,2,0.0,0.0,0.0,2,3,0,0.0,0.5714,0.0,0.5714285714285715,0.0,-2.8571428571488866e-05,1.0,1.0,0.0,1,0,abstain
MuSiQue,48,When did the majority party in the House of Representatives gain control of the body which approves members of the Cabinet?,low,0,2,1,1,1.0,1.0,1.0,3,4,0,0.0,0.0,0.0,0.0,0.0,0.0,0.0,0.3333333333333333,-0.3333333333333333,1,0,bind
MuSiQue,49,How many ethnic minorities were looked at differently in the city where the headquarters of the only group larger than Långa nätter's record label is located?,low,0,2,1,1,0.0,0.0,0.0,4,8,0,0.0,0.0,0.0,0.0,0.0,0.0,0.25,0.5,-0.25,1,0,abstain
MuSiQue,50,"When did the country the top-ranking Warsaw Pact operatives came from, despite it being headquartered in the country where A Generation is set, agree to a unified Germany inside NATO?",high,1,4,2,2,0.0,0.0,0.0,3,6,0,1.0,1.0,0.0,0.0,1.0,1.0,1.0,0.6666666666666666,0.33333333333333337,1,0,abstain
MuSiQue,51,Who won the Indy Car Race in the largest populated city of the state where the performer of Mingus Three is from?,high,1,4,3,3,0.0,0.0,0.0,4,4,0,1.0,1.0,1.0,1.0,0.0,0.0,0.5,0.75,-0.25,1,0,abstain
MuSiQue,52,Who did the person who married their half sister in the bible marry after the death of sarah?,low,0,2,1,1,0.0,0.0,0.0,2,3,0,1.0,1.0,1.0,1.0,0.0,0.0,1.0,0.5,0.5,1,0,abstain
MuSiQue,53,What is the average salary of a working person with the same nationality as the producer of The Wild Women of Chastity Gulch?,high,1,3,2,2,2.0,1.0,1.0,3,3,0,0.0,0.0,0.0,0.0,0.0,0.0,0.6666666666666666,0.6666666666666666,0.0,1,0,bind
MuSiQue,54,Who was Beyonce's husband talking about in the the song Cry?,low,0,2,1,1,0.0,0.0,0.0,2,6,0,0.0,0.0,0.0,0.0,0.0,0.0,1.0,1.0,0.0,1,0,abstain
MuSiQue,55,When was the region immediately north of the region where Israel is located and the site of the most growth in desalination for agricultural use established?,high,1,4,2,1,0.0,0.0,0.0,4,3,1,0.0,0.0,0.0,0.0,0.0,0.0,0.5,0.25,0.25,1,0,abstain
MuSiQue,56,An Indy car race was held in the capital of the state where the performer of Mingus Plays Piano was born. Who won the race?,high,1,4,3,3,5.0,1.6666666666666667,3.0,4,4,0,0.0,0.0,0.0,0.0,0.0,0.0,0.5,0.25,0.25,1,0,bind
MuSiQue,57,What is the name of the famous bridge in the birth city of the composer of Scanderbeg?,high,1,3,2,2,0.0,0.0,0.0,3,4,0,1.0,1.0,0.0,0.4,1.0,0.6,0.6666666666666666,0.3333333333333333,0.3333333333333333,1,0,abstain
MuSiQue,58,Who was the spouse of a leading speaker against slavery and publisher of an antislavery newspaper?,low,0,2,1,1,3.0,3.0,3.0,2,3,0,1.0,1.0,1.0,1.0,0.0,0.0,1.0,1.0,0.0,1,0,bind
MuSiQue,59,Where is the district that the person who wanted to reform and address John Kodwo Amissah's religion preached a sermon on Marian devotion before his death located?,low,0,2,1,1,0.0,0.0,0.0,4,3,1,1.0,1.0,0.0,0.0,1.0,1.0,0.5,0.25,0.25,1,0,abstain
MuSiQue,60,What is the capital of the county where Fort Deposit is located?,low,0,2,1,1,0.0,0.0,0.0,2,2,0,1.0,1.0,1.0,1.0,0.0,0.0,1.0,1.0,0.0,1,0,abstain
MuSiQue,61,How long had Pfrang Association's headquarters location been the capitol city of the area where Guangling District is located?,high,1,3,2,2,0.0,0.0,0.0,3,4,0,0.0,0.3333,0.0,0.3333333333333333,0.0,-3.333333333332966e-05,1.0,1.0,0.0,1,0,abstain
MuSiQue,62,What was the language Auctor comes from during the era of the man crowned first Holy Roman Emperor later known as?,low,0,2,1,1,0.0,0.0,0.0,3,4,0,0.0,0.6667,0.0,0.6666666666666666,0.0,3.333333333332966e-05,0.6666666666666666,0.6666666666666666,0.0,1,0,abstain
MuSiQue,63,When did the 1979-80 European Cup winner win the FA Cup?,low,0,2,1,1,3.0,3.0,3.0,2,3,0,0.0,0.5,1.0,1.0,-1.0,-0.5,1.0,1.0,0.0,1,0,bind
MuSiQue,64,Who was a prominent figure at the radio division of the network that created the version of The Biggest Loser set in the country where Seria is?,high,1,3,2,2,2.0,1.0,2.0,3,3,0,0.0,0.0,0.0,0.0,0.0,0.0,0.6666666666666666,0.6666666666666666,0.0,1,0,bind
MuSiQue,65,What was the 2018 population of the Italian city that's underwater?,low,0,2,1,1,0.0,0.0,0.0,2,5,0,1.0,1.0,1.0,1.0,0.0,0.0,1.0,1.0,0.0,1,0,abstain
MuSiQue,66,What was the language from which the last name Sylvester originated during the era of the person crowned emperor of the west in 800 CE later known as?,high,1,3,1,1,0.0,0.0,0.0,3,5,0,0.0,0.6667,0.0,0.6666666666666666,0.0,3.333333333332966e-05,0.6666666666666666,0.6666666666666666,0.0,1,0,abstain
MuSiQue,67,Who is the head of the agency that created MYSTIC?,low,0,2,1,1,0.0,0.0,0.0,2,2,0,0.0,0.0,0.0,0.888888888888889,0.0,-0.888888888888889,0.5,1.0,-0.5,1,0,abstain
MuSiQue,68,What was the wettest year of the administrative territorial entity that contains the administrative territorial entity where Drexel Heights is located?,high,1,3,2,2,6.0,3.0,4.0,3,4,0,1.0,1.0,1.0,1.0,0.0,0.0,1.0,1.0,0.0,1,0,bind
MuSiQue,69,Who won the Indy Car Race in the largest populated city of the state where the performer of Mingus Plays Piano is from?,high,1,4,3,3,0.0,0.0,0.0,4,3,1,0.0,0.0,0.0,0.0,0.0,0.0,0.5,0.5,0.0,1,0,abstain
MuSiQue,70,What does the river that Darling Mills Creek turns into flow into?,low,0,2,1,1,0.0,0.0,0.0,2,2,0,0.0,0.0,1.0,1.0,-1.0,-1.0,0.5,1.0,-0.5,1,0,abstain
MuSiQue,71,What administrative territorial entity does Darley Ramon Torres's place of birth located?,low,0,2,1,1,0.0,0.0,0.0,2,2,0,0.0,0.6667,0.0,0.0,0.0,0.6667,1.0,0.5,0.5,1,0,abstain
MuSiQue,72,Which county shares a border with the county where the most populous city in the state where Washington State Prison can be found is located?,high,1,4,3,3,0.0,0.0,0.0,4,5,0,0.0,0.0,0.0,0.0,0.0,0.0,0.25,0.5,-0.25,1,0,abstain
MuSiQue,73,What is the meaning of the name of the city where the Yongle emperor greeted the person to whom the edict was addressed?,low,0,2,1,1,0.0,0.0,0.0,3,4,0,1.0,1.0,1.0,1.0,0.0,0.0,1.0,1.0,0.0,1,0,abstain
MuSiQue,74,What is the direction of flow of the body of water by the city where Write This Down was formed?,low,0,2,1,1,1.0,1.0,1.0,3,2,1,0.0,0.0,0.0,0.0,0.0,0.0,0.6666666666666666,0.6666666666666666,0.0,1,0,bind
MuSiQue,75,How were people from whom new coins were a proclamation of independence by the Somali Muslim Ajuran Empire expelled from the natural boundary between Thailand and A Don's country?,high,1,3,2,2,0.0,0.0,0.0,4,5,0,0.0,0.0,0.0,0.0,0.0,0.0,0.5,0.25,0.25,1,0,abstain
MuSiQue,76,Who is the father of Empress Wang's husband?,low,0,2,1,1,2.0,2.0,2.0,2,3,0,1.0,1.0,1.0,1.0,0.0,0.0,1.0,1.0,0.0,1,0,bind
MuSiQue,77,When did the country with a co-official language used in the film titled after the city that is the final resting place of Tito first attend the Olympics games?,high,1,4,3,3,0.0,0.0,0.0,4,4,0,0.0,0.0,0.0,0.0,0.0,0.0,0.5,0.75,-0.25,1,0,abstain
MuSiQue,78,Who is the spouse of the actress who played the fairy god mother in Shrek 2?,low,0,2,1,1,0.0,0.0,0.0,2,3,0,1.0,1.0,0.0,0.0,1.0,1.0,1.0,0.5,0.5,1,0,abstain
MuSiQue,79,When was the last time Darren Carter's team beat the 1894-95 FA Cup winner?,low,0,2,1,1,0.0,0.0,0.0,3,4,0,0.0,0.0,0.0,0.0,0.0,0.0,0.6666666666666666,0.3333333333333333,0.3333333333333333,1,0,abstain
MuSiQue,80,What is the name of the famous bridge in the city where the composer of La Silvia was born?,high,1,3,2,2,0.0,0.0,0.0,3,4,0,1.0,1.0,1.0,1.0,0.0,0.0,0.6666666666666666,0.6666666666666666,0.0,1,0,abstain
MuSiQue,81,Who is the spouse of the actor that plays Jarvis in the Avengers Age of Ultron?,low,0,2,1,1,1.0,1.0,1.0,2,2,0,0.0,0.5,0.0,0.0,0.0,0.5,0.5,0.5,0.0,1,0,bind
MuSiQue,82,What is the location of formation of the film company distributing The Boss?,low,0,2,1,1,2.0,2.0,2.0,2,2,0,0.0,0.6667,0.0,0.6666666666666666,0.0,3.333333333332966e-05,1.0,1.0,0.0,1,0,bind
MuSiQue,83,How long are the city council terms in the second largest city in the state where Yuma is located?,high,1,3,2,2,0.0,0.0,0.0,4,2,1,0.0,0.0,0.0,0.0,0.0,0.0,0.75,0.5,0.25,1,0,abstain
MuSiQue,84,Who is the child of the president under whom prohibition occurred?,low,0,2,1,1,1.0,1.0,1.0,2,3,0,1.0,1.0,1.0,1.0,0.0,0.0,1.0,0.5,0.5,1,0,bind
MuSiQue,85,What administrative territorial entity contains the place where KPRM is licensed to broadcast to?,low,0,2,1,1,0.0,0.0,0.0,2,2,0,0.0,0.5,1.0,1.0,-1.0,-0.5,0.5,1.0,-0.5,1,0,abstain
MuSiQue,86,Who played the girlfriend of who plays marty mcfly's daughter in back to the future 2?,low,0,2,1,1,1.0,1.0,1.0,2,7,0,0.0,0.0,1.0,1.0,-1.0,-1.0,1.0,1.0,0.0,1,0,bind
MuSiQue,87,When was the death penalty abolished in the country near the country where the writer of The Book Thief is a citizen of?,high,1,4,3,3,0.0,0.0,0.0,4,2,1,1.0,1.0,0.0,0.0,1.0,1.0,0.25,0.25,0.0,1,0,abstain
MuSiQue,88,What is the tallest building in the state where KZAR is located?,low,0,2,1,1,0.0,0.0,0.0,2,3,0,0.0,0.0,1.0,1.0,-1.0,-1.0,0.5,1.0,-0.5,1,0,abstain
MuSiQue,89,What is the maximum load drawn by the 1.0 and 2.0 versions of the device that replaced FireWire in later iPods?,high,1,3,2,1,0.0,0.0,0.0,2,4,0,0.0,0.0,0.0,0.0,0.0,0.0,1.0,0.5,0.5,1,0,abstain
MuSiQue,90,Where is the headquarters of Radio Television of this country that has a co-official language that is the same as the language of Olivera Markovic?,low,0,2,1,1,0.0,0.0,0.0,3,2,1,0.0,0.0,0.0,0.0,0.0,0.0,0.6666666666666666,0.3333333333333333,0.3333333333333333,1,0,abstain
MuSiQue,91,What county has a city that is adjacent to the capital city of Erskine College's state?,high,1,4,3,3,0.0,0.0,0.0,4,3,1,0.0,0.5,1.0,1.0,-1.0,-0.5,0.25,0.5,-0.25,1,0,abstain
MuSiQue,92,When did the majority party in the House of Representatives gain control of the body which determines rules of the US House and US Senate?,low,0,2,1,1,1.0,1.0,1.0,3,4,0,0.0,0.0,0.0,0.0,0.0,0.0,0.0,0.3333333333333333,-0.3333333333333333,1,0,bind
MuSiQue,93,"When did Nissan, the Acura Legend maker and the Scion Fuse manufacturer open US assembly plants?",low,0,2,1,1,0.0,0.0,0.0,3,2,1,0.0,0.0,0.0,0.0,0.0,0.0,1.0,0.3333333333333333,0.6666666666666667,1,0,abstain
MuSiQue,94,Who had the lowest batting average in the league where the team with the most games in the series after which the MLB MVP is awarded played?,high,1,3,2,2,0.0,0.0,0.0,4,4,0,1.0,1.0,0.0,0.0,1.0,1.0,0.75,0.75,0.0,1,0,abstain
MuSiQue,95,What is the public library system called in the place where the Cosbys live in New York?,low,0,2,1,1,0.0,0.0,0.0,2,3,0,1.0,1.0,1.0,1.0,0.0,0.0,1.0,1.0,0.0,1,0,abstain
MuSiQue,96,What is an example of a railroad line in the country first to invade Manchuria?,low,0,2,1,1,1.0,1.0,1.0,2,6,0,1.0,1.0,0.0,0.5,1.0,0.5,0.5,0.0,0.5,1,0,bind
MuSiQue,97,Who is the child of the Victim of Romance performer?,low,0,2,1,1,0.0,0.0,0.0,2,2,0,1.0,1.0,1.0,1.0,0.0,0.0,1.0,1.0,0.0,1,0,abstain
MuSiQue,98,How many times did the plague occur in the birth place of Concerto in C Major Op 3 6's composer?,high,1,3,2,2,2.0,1.0,1.0,3,5,0,1.0,1.0,1.0,1.0,0.0,0.0,0.6666666666666666,0.6666666666666666,0.0,1,0,bind
MuSiQue,99,When was the region immediately north of the region where the country in which Aluf can be found is located and the Persian Gulf established?,high,1,3,2,2,3.0,1.5,2.0,4,8,0,0.0,0.0,0.0,0.0,0.0,0.0,0.25,0.25,0.0,1,0,bind
MuSiQue,100,"When did the performer of I Love Life, Thank You release Best Day Ever?",low,0,2,1,1,0.0,0.0,0.0,2,3,0,1.0,1.0,1.0,1.0,0.0,0.0,1.0,1.0,0.0,1,0,abstain
MuSiQue,101,Between the state university in the state without North Point Mall and where Edwards won the primary and the university in Fort Hill's town which has the more national championships?,high,1,4,2,2,0.0,0.0,0.0,4,6,0,1.0,1.0,0.0,0.3333333333333333,1.0,0.6666666666666667,1.0,0.75,0.25,1,0,abstain
MuSiQue,102,What is the population in 2010 of they city popular with tourists?,low,0,2,1,1,0.0,0.0,0.0,2,6,0,1.0,1.0,0.0,0.0,1.0,1.0,1.0,0.0,1.0,1,0,abstain
MuSiQue,103,How many people work at the school that holds the Julian P. Kanter Political Commercial Archive?,low,0,2,1,1,0.0,0.0,0.0,2,2,0,1.0,1.0,1.0,1.0,0.0,0.0,1.0,1.0,0.0,1,0,abstain
MuSiQue,104,When did the U.S. and the country in effective control of political and military functions of the group the People's Socialist Republic of Albania was a member of become allies?,low,0,2,1,1,0.0,0.0,0.0,3,10,0,0.0,0.6667,0.0,0.0,0.0,0.6667,0.6666666666666666,0.3333333333333333,0.3333333333333333,1,0,abstain
MuSiQue,105,Who were the leaders of the opposition of the party that controlled the house of representatives in 2002?,low,0,2,1,1,2.0,2.0,2.0,2,5,0,0.0,0.1429,0.0,0.14285714285714285,0.0,4.285714285715003e-05,1.0,0.5,0.5,1,0,bind
MuSiQue,106,In what state is the district where the man who wanted to reform the religion practiced by Innocenzo Ferrieri preached a sermon on Marian devotion?,high,1,3,2,2,0.0,0.0,0.0,4,4,0,1.0,1.0,0.0,0.0,1.0,1.0,0.75,0.5,0.25,1,0,abstain
MuSiQue,107,"What UK label was purchased by the company that, along with the distributor of The Cube, and ABC, is the other major New York-based broadcaster?",high,1,4,3,3,0.0,0.0,0.0,3,7,0,1.0,1.0,1.0,1.0,0.0,0.0,1.0,0.3333333333333333,0.6666666666666667,1,0,abstain
MuSiQue,108,What date saw the writing of the song where the devil went down to the state where WDXQ is located?,low,0,2,1,1,0.0,0.0,0.0,2,3,0,0.0,0.5,0.0,0.5,0.0,0.0,1.0,1.0,0.0,1,0,abstain
MuSiQue,109,What is the experimental satellite that was the forerunner to communication satellite of the operator of INSAT-4CR called?,low,0,2,1,1,0.0,0.0,0.0,2,2,0,0.0,0.0,1.0,1.0,-1.0,-1.0,0.5,0.5,0.0,1,0,abstain
MuSiQue,110,Who won the 1993 Indy Car Race in the largest city of the state containing the city where the performer of the album Mingus Three is from?,high,1,3,2,2,3.0,1.5,3.0,4,7,0,0.0,0.5,0.0,0.0,0.0,0.5,0.5,0.75,-0.25,1,0,bind
MuSiQue,111,What mountain can you see from Portland in the state where Fishing Creek Confederacy is located?,low,0,2,1,1,0.0,0.0,0.0,3,3,0,0.0,0.0,0.0,0.0,0.0,0.0,0.6666666666666666,0.6666666666666666,0.0,1,0,abstain
MuSiQue,112,When was Burma's name changed to that of the country on the natural boundary between the country that hosted the tournament and the country where That Dam is from?,high,1,4,2,2,0.0,0.0,0.0,4,4,0,0.0,0.0,0.0,0.0,0.0,0.0,0.25,0.25,0.0,1,0,abstain
MuSiQue,113,"When did the maker of the Acura EL, the company that owns Scion, and Nissan, open US assembly plants?",high,1,4,2,1,0.0,0.0,0.0,3,3,0,0.0,0.0,0.0,0.0,0.0,0.0,1.0,0.3333333333333333,0.6666666666666667,1,0,abstain
MuSiQue,114,"What dissolved the privileges in Poland of the empire that the British sided with against the Ottomans, the Kingdom that acquired some Thuringian territory in 1815, and the Habsburg Monarchy?",high,1,4,1,1,0.0,0.0,0.0,3,6,0,0.0,0.75,0.0,0.75,0.0,0.0,1.0,1.0,0.0,1,0,abstain
MuSiQue,115,When did the political party of Stewart and Harlan take control of the body that has Standing Rules derived from Article One that do not apply to the House?,high,1,4,1,1,3.0,3.0,3.0,3,7,0,0.0,0.0,0.0,0.0,0.0,0.0,0.6666666666666666,0.6666666666666666,0.0,1,0,bind
MuSiQue,116,"Who is the grandmother of Philippe, Duke of Orléans?",high,1,3,2,2,2.0,1.0,2.0,2,3,0,0.0,0.6667,1.0,1.0,-1.0,-0.33330000000000004,1.0,0.5,0.5,1,0,bind
MuSiQue,117,Who's the son of the Italian navigator who explored the eastern coast of the continent Manuel Balbi was born in?,low,0,2,1,1,2.0,2.0,2.0,4,2,1,1.0,1.0,0.0,0.0,1.0,1.0,0.75,0.25,0.5,1,0,bind
MuSiQue,118,What is the deepest part of the ocean by the state where Main Street Station is located?,low,0,2,1,1,1.0,1.0,1.0,4,3,1,0.0,0.0,0.0,0.0,0.0,0.0,0.75,0.5,0.25,1,0,bind
MuSiQue,119,What is the name of the castle in the city where the performer of Never Too Loud was formed?,high,1,3,2,2,1.0,0.5,1.0,3,3,0,0.0,0.0,0.0,0.0,0.0,0.0,0.6666666666666666,0.6666666666666666,0.0,1,0,bind
MuSiQue,120,Who has the most hits in the league whose member team has the most wins of the championship series which proceeds the MVP award?,low,0,2,1,1,0.0,0.0,0.0,4,5,0,0.0,0.0,1.0,1.0,-1.0,-1.0,0.5,0.5,0.0,1,0,abstain
MuSiQue,121,Which university employed the person that Mach bands are named after?,low,0,2,1,1,0.0,0.0,0.0,2,3,0,0.0,0.4,0.0,0.6666666666666666,0.0,-0.2666666666666666,1.0,1.0,0.0,1,0,abstain
MuSiQue,122,What is the maximum load drawn by the device that was designed to standardize connection of computer peripherals?,low,0,2,1,1,0.0,0.0,0.0,2,3,0,0.0,0.0,0.0,0.0,0.0,0.0,1.0,1.0,0.0,1,0,abstain
MuSiQue,123,Where is the headquarters of the organization that the Office of Science Education is a part of?,low,0,2,1,1,1.0,1.0,1.0,2,2,0,0.0,0.0,0.0,0.0,0.0,0.0,0.5,0.5,0.0,1,0,bind
MuSiQue,124,Which countries found economic growth while cog-railways were built in the Alps?,low,0,2,1,1,1.0,1.0,1.0,2,5,0,0.0,0.0,0.0,0.28571428571428575,0.0,-0.28571428571428575,0.5,0.5,0.0,1,0,bind
MuSiQue,125,Who is the chief judge of Friday Osanebi's birthplace?,low,0,2,1,1,0.0,0.0,0.0,2,4,0,0.0,0.0,0.0,0.0,0.0,0.0,0.5,1.0,-0.5,1,0,abstain
MuSiQue,126,When does the river that the majority of Egyptians live near flood each year?,low,0,2,1,1,0.0,0.0,0.0,2,3,0,0.0,0.6667,0.0,0.0,0.0,0.6667,1.0,1.0,0.0,1,0,abstain
MuSiQue,127,Who was president when congress declared war on the country where Glumpers was filmed?,high,1,3,2,2,2.0,1.0,2.0,2,14,0,0.0,0.5,0.0,0.6666666666666666,0.0,-0.16666666666666663,1.0,1.0,0.0,1,0,bind
MuSiQue,128,What year did the company that published Starship Command end?,low,0,2,1,1,2.0,2.0,2.0,2,2,0,1.0,1.0,1.0,1.0,0.0,0.0,1.0,1.0,0.0,1,0,bind
MuSiQue,129,Who was the US physicist who directed the project that developed the first atomic bomb at the same place where Feynman worked on Water Boiler?,high,1,4,2,1,2.0,1.0,1.0,2,3,0,1.0,1.0,1.0,1.0,0.0,0.0,1.0,1.0,0.0,1,0,bind
MuSiQue,130,What season was the performer of Blue Skies on?,low,0,2,1,1,0.0,0.0,0.0,2,5,0,1.0,1.0,0.0,0.0,1.0,1.0,1.0,1.0,0.0,1,0,abstain
MuSiQue,131,What label was responsible for the performer of Live Life Loud?,low,0,2,1,1,1.0,1.0,1.0,2,3,0,1.0,1.0,1.0,1.0,0.0,0.0,1.0,1.0,0.0,1,0,bind
MuSiQue,132,What city is located in the county containing Qiantong?,low,0,2,1,1,0.0,0.0,0.0,2,2,0,1.0,1.0,0.0,0.0,1.0,1.0,1.0,0.5,0.5,1,0,abstain
MuSiQue,133,"A country's military branch, the equivalent of which in the US contains the Air Defense Artillery, was unprepared for the invasion of the country occupied by the Nazi's. When was the word ""Slavs"" used in the national anthem of the unprepared country?",high,1,3,2,2,0.0,0.0,0.0,4,6,0,0.0,0.0,0.0,0.0,0.0,0.0,0.25,0.5,-0.25,1,0,abstain
MuSiQue,134,What award was received by the person who authored Missing Person?,low,0,2,1,1,1.0,1.0,1.0,2,2,0,0.0,0.8889,0.0,0.888888888888889,0.0,1.111111111107288e-05,1.0,1.0,0.0,1,0,bind
MuSiQue,135,"What does the abbreviated name of the organization that includes the Scottish Football Association as a member, stand for?",low,0,2,1,1,0.0,0.0,0.0,2,7,0,1.0,1.0,1.0,1.0,0.0,0.0,0.5,1.0,-0.5,1,0,abstain
MuSiQue,136,How many students attend the school that employs Roberto Andorno?,low,0,2,1,1,0.0,0.0,0.0,2,2,0,0.0,0.6667,0.0,0.6666666666666666,0.0,3.333333333332966e-05,1.0,1.0,0.0,1,0,abstain
MuSiQue,137,The person whom Sikyona is named after is part of what?,low,0,2,1,1,1.0,1.0,1.0,2,2,0,1.0,1.0,1.0,1.0,0.0,0.0,1.0,1.0,0.0,1,0,bind
MuSiQue,138,Who wrote the fictional work Doctor Fate exists in?,low,0,2,1,1,1.0,1.0,1.0,2,1,1,0.0,0.5714,0.0,0.0,0.0,0.5714,1.0,0.5,0.5,1,0,bind
MuSiQue,139,The 2010 study found that what modern population is most closely related to the group that represents at least 70% of Jews worldwide?,low,0,2,1,1,0.0,0.0,0.0,2,9,0,0.0,0.6667,0.0,0.6666666666666666,0.0,3.333333333332966e-05,1.0,1.0,0.0,1,0,abstain
MuSiQue,140,"When did the party who holds the majority in the House of Representatives, take control of the political body that the President calls on for support in his USAF appointments?",high,1,3,1,1,0.0,0.0,0.0,3,10,0,0.0,0.0,0.0,0.0,0.0,0.0,0.3333333333333333,0.0,0.3333333333333333,1,0,abstain
MuSiQue,141,Kiwil's birth country participated in a Commission of Truth and Friendship. Who is the president of the other country that participated?,high,1,3,2,2,3.0,1.5,3.0,3,3,0,0.0,0.0,0.0,0.0,0.0,0.0,0.6666666666666666,0.6666666666666666,0.0,1,0,bind
MuSiQue,142,Who was the mother of the person who found the sacred writings that became the Book of Mormon?,low,0,2,1,1,1.0,1.0,1.0,2,5,0,1.0,1.0,1.0,1.0,0.0,0.0,1.0,0.5,0.5,1,0,bind
MuSiQue,143,Between which years was the war with the person who suffered a great amount of losses battling the Roman army?,low,0,2,1,1,0.0,0.0,0.0,2,12,0,0.0,0.2857,0.0,0.28571428571428575,0.0,-1.4285714285744433e-05,1.0,1.0,0.0,1,0,abstain
MuSiQue,144,What was the percentage that the Dow Jones fell when the US had the highest unemployment rate?,high,1,3,2,2,1.0,0.5,1.0,2,3,0,0.0,0.0,0.0,0.0,0.0,0.0,1.0,1.0,0.0,1,0,bind
MuSiQue,145,What is the highest city in the state where Dell ranks sixth by revenue?,low,0,2,1,1,0.0,0.0,0.0,2,3,0,1.0,1.0,1.0,1.0,0.0,0.0,1.0,1.0,0.0,1,0,abstain
MuSiQue,146,When was the most recent Bicycle Friendly Community Award given to the city where the company Study in Brown's record label is part of is headquartered?,low,0,2,1,1,0.0,0.0,0.0,4,3,1,1.0,1.0,1.0,1.0,0.0,0.0,1.0,0.5,0.5,1,0,abstain
MuSiQue,147,What is the dynasty the oldest wooden buildings in China be dated to an example of?,low,0,2,1,1,1.0,1.0,1.0,2,3,0,0.0,0.0,0.0,0.0,0.0,0.0,0.5,0.5,0.0,1,0,bind
MuSiQue,148,"Along with the Closer performer, what notable pop artist started out his career on adult contemporary radio?",high,1,3,1,1,1.0,1.0,1.0,2,4,0,1.0,1.0,1.0,1.0,0.0,0.0,1.0,1.0,0.0,1,0,bind
MuSiQue,149,What is the meaning of the word that is also a majority religion in India when the country where Banna is located was created in the Arabic dictionary?,high,1,3,1,1,1.0,1.0,1.0,3,6,0,0.0,0.0,0.0,0.0,0.0,0.0,1.0,1.0,0.0,1,0,bind
MuSiQue,150,Normalization occurred in Country A that invaded Country B because the military branch was unprepared. Country B was the only communist country to have an embassy where?,high,1,3,2,2,0.0,0.0,0.0,4,3,1,0.0,0.5,0.0,0.5,0.0,0.0,0.25,0.5,-0.25,1,0,abstain
MuSiQue,151,Who owns the record label of the Another Page performer?,low,0,2,1,1,0.0,0.0,0.0,3,3,0,0.0,0.0,0.0,0.4,0.0,-0.4,0.3333333333333333,0.6666666666666666,-0.3333333333333333,1,0,abstain
MuSiQue,152,When was the region that lies to the north of where Israel is located and the location of Operation Earnest Will established?,high,1,4,1,1,3.0,3.0,3.0,4,4,0,0.0,0.0,0.0,0.0,0.0,0.0,0.5,0.5,0.0,1,0,bind
MuSiQue,153,"What day is the feast held, in the city that holds the headquarters of the only music company that is larger than the record label of Vilaiyaadu Mankatha?",high,1,3,2,2,0.0,0.0,0.0,4,3,1,0.0,0.0,0.0,0.0,0.0,0.0,0.5,0.5,0.0,1,0,abstain
MuSiQue,154,What company is the record label of Magic Christian Music part of?,low,0,2,1,1,1.0,1.0,1.0,2,2,0,0.0,0.8,0.0,0.8,0.0,0.0,1.0,1.0,0.0,1,0,bind
MuSiQue,155,What is the competition the 1972 Federation Cup is part of named after?,low,0,2,1,1,2.0,2.0,2.0,2,3,0,1.0,1.0,1.0,1.0,0.0,0.0,1.0,1.0,0.0,1,0,bind
MuSiQue,156,When was the last time Tony Richard's team beat the 1894-95 FA Cup Winner?,high,1,3,1,1,0.0,0.0,0.0,3,3,0,0.0,0.0,0.0,0.0,0.0,0.0,0.3333333333333333,0.3333333333333333,0.0,1,0,abstain
MuSiQue,157,When did the city where the headquarters of Barton Premium Blend's manufacturer is located elect its first black mayor?,high,1,3,2,2,3.0,1.5,3.0,3,4,0,0.0,0.0,0.0,0.0,0.0,0.0,0.6666666666666666,0.6666666666666666,0.0,1,0,bind
MuSiQue,158,When did the majority party in the body which determines the rules of the US House and US Senate gain control of the House?,high,1,3,2,2,0.0,0.0,0.0,3,5,0,0.0,0.0,0.0,0.0,0.0,0.0,0.3333333333333333,0.0,0.3333333333333333,1,0,abstain
MuSiQue,159,Where did the arguer that Dmitry Okhotsimsky's country of citizenship had become an imperialist power declare he would intervene in the Korean conflict?,high,1,3,1,1,0.0,0.0,0.0,3,3,0,0.0,0.0,0.0,0.0,0.0,0.0,1.0,0.3333333333333333,0.6666666666666667,1,0,abstain
MuSiQue,160,Who did the person Sarah married to in the bible marry after the death of Sarah?,low,0,2,1,1,0.0,0.0,0.0,2,3,0,1.0,1.0,1.0,1.0,0.0,0.0,1.0,0.5,0.5,1,0,abstain
MuSiQue,161,Where is the origin of the river that Kraai River is a tributary of?,low,0,2,1,1,3.0,3.0,3.0,2,2,0,0.0,0.0,0.0,0.0,0.0,0.0,1.0,1.0,0.0,1,0,bind
MuSiQue,162,Who created the work that features the appearance of Cosmic Boy?,low,0,2,1,1,1.0,1.0,1.0,2,2,0,0.0,0.5714,0.0,0.0,0.0,0.5714,1.0,0.5,0.5,1,0,bind
MuSiQue,163,What is the league of the Carolina Panthers an example of?,low,0,2,1,1,4.0,4.0,4.0,2,10,0,0.0,0.5,0.0,0.0,0.0,0.5,0.5,0.5,0.0,1,0,bind
MuSiQue,164,When was the region that lies to the north of the region where Strangers No More took place and the Persian Gulf created?,high,1,3,2,2,0.0,0.0,0.0,4,6,0,0.0,0.0,0.0,0.0,0.0,0.0,0.5,0.5,0.0,1,0,abstain
MuSiQue,165,What is the date of birth for the performer of Hits?,low,0,2,1,1,4.0,4.0,4.0,2,2,0,1.0,1.0,1.0,1.0,0.0,0.0,1.0,1.0,0.0,1,0,bind
MuSiQue,166,When did the city where the author of Sacerdotii Nostri Primordia died become its own country?,high,1,4,3,2,0.0,0.0,0.0,3,3,0,0.0,0.5,0.0,0.5,0.0,0.0,0.6666666666666666,0.6666666666666666,0.0,1,0,abstain
MuSiQue,167,In which state is Póvoa de Santa Iria's municipality located?,low,0,1,0,0,0.0,0.0,0.0,2,2,0,0.0,0.0,0.0,0.0,0.0,0.0,1.0,1.0,0.0,1,0,abstain
MuSiQue,168,When was the company that makes Skyflash abolished?,low,0,2,1,1,1.0,1.0,1.0,2,2,0,0.0,0.5,0.0,0.0,0.0,0.5,1.0,0.5,0.5,1,0,bind
MuSiQue,169,Where was the founder of the National Women's Party born?,low,0,2,1,1,0.0,0.0,0.0,2,2,0,0.0,0.0,0.0,0.0,0.0,0.0,1.0,1.0,0.0,1,0,abstain
MuSiQue,170,How many times did plague occur in the place where Bajazet's composer was born?,high,1,3,2,2,4.0,2.0,3.0,3,4,0,1.0,1.0,0.0,0.0,1.0,1.0,0.6666666666666666,0.3333333333333333,0.3333333333333333,1,0,bind
MuSiQue,171,"In Batman Under the Red Hood, who does the actor of Barney Stinson from How I Met Your Mother play?",low,0,2,1,1,0.0,0.0,0.0,2,4,0,1.0,1.0,0.0,0.0,1.0,1.0,1.0,0.5,0.5,1,0,abstain
MuSiQue,172,Who is the city where Lesnoye Sanatorium is located named after?,low,0,2,1,1,1.0,1.0,1.0,2,2,0,1.0,1.0,1.0,1.0,0.0,0.0,1.0,1.0,0.0,1,0,bind
MuSiQue,173,When was one internet browser's version of Windows 8 made accessible?,low,0,2,1,1,0.0,0.0,0.0,2,2,0,1.0,1.0,1.0,1.0,0.0,0.0,1.0,0.5,0.5,1,0,abstain
MuSiQue,174,When was the Palau de la Generalitat constructed in the city where Martin of the region of Pedrola died?,low,0,2,1,1,0.0,0.0,0.0,3,3,0,1.0,1.0,1.0,1.0,0.0,0.0,1.0,1.0,0.0,1,0,abstain
MuSiQue,175,Who won the indy car race in the largest populated city in the state that the performer of Changes Two is from?,high,1,3,2,2,0.0,0.0,0.0,4,4,0,0.0,0.0,1.0,1.0,-1.0,-1.0,0.5,0.5,0.0,1,0,abstain
MuSiQue,176,When did the city that contains the basilica named after the saint who is holding a knife in the last supper become a country?,high,1,4,3,3,0.0,0.0,0.0,3,3,0,0.0,0.5,0.0,0.5,0.0,0.0,1.0,0.6666666666666666,0.33333333333333337,1,0,abstain
MuSiQue,177,What was the role of God in the Biblical crossing of the sea where herbivorous fishes have been seen feeding on gelatinous zooplankton?,low,0,2,1,1,1.0,1.0,1.0,2,3,0,0.0,0.8,0.0,0.0,0.0,0.8,1.0,0.5,0.5,1,0,bind
MuSiQue,178,"Who wrote Turn Me On by the performer of Live from Austin, TX?",low,0,2,1,1,3.0,3.0,3.0,2,3,0,1.0,1.0,1.0,1.0,0.0,0.0,1.0,1.0,0.0,1,0,bind
MuSiQue,179,What county is the city that shares a border with the state capital of the state where Andrew Deveaux was born located in?,high,1,4,3,3,0.0,0.0,0.0,4,7,0,0.0,0.5,0.0,0.5,0.0,0.0,0.25,0.5,-0.25,1,0,abstain
MuSiQue,180,There is a video game named after the sports association that chooses where the super bowl is held. What was Nintendo's limit on games per developer per year on that game's platform?,low,0,2,1,1,0.0,0.0,0.0,4,4,0,1.0,1.0,1.0,1.0,0.0,0.0,0.75,0.75,0.0,1,0,abstain
MuSiQue,181,What century did the author of A Treatise Concerning the Principles of Human Knowledge live in?,low,0,2,1,1,0.0,0.0,0.0,2,3,0,1.0,1.0,1.0,1.0,0.0,0.0,1.0,0.5,0.5,1,0,abstain
MuSiQue,182,Which county shares a border with the county where the most populous city in the state where armed robbery is a capital crime is located?,high,1,4,3,3,0.0,0.0,0.0,4,4,0,0.0,0.4,0.0,0.4,0.0,0.0,0.25,0.25,0.0,1,0,abstain
MuSiQue,183,What region is directly north of where Israel and the final destination of export crops is?,low,0,2,1,1,0.0,0.0,0.0,3,3,0,0.0,0.0,0.0,0.0,0.0,0.0,0.6666666666666666,0.6666666666666666,0.0,1,0,abstain
MuSiQue,184,Where is the Bridge of Sighs located in the place of death of Sonata pian'e forte's composer?,high,1,3,1,1,1.0,1.0,1.0,3,4,0,0.0,0.0,0.0,0.0,0.0,0.0,0.6666666666666666,0.6666666666666666,0.0,1,0,bind
MuSiQue,185,Who owns the record label of the Lovin' All Night performer?,low,0,1,0,0,0.0,0.0,0.0,3,5,0,0.0,0.4,0.0,0.4,0.0,0.0,0.6666666666666666,0.6666666666666666,0.0,1,0,abstain
MuSiQue,186,Who many major sports centers are located in where the Yongle Emporer did great who the edict was addressed to?,low,0,2,1,1,0.0,0.0,0.0,3,13,0,1.0,1.0,1.0,1.0,0.0,0.0,1.0,1.0,0.0,1,0,abstain
MuSiQue,187,What worldwide ranking does the university where Manuel Isaías López was educated hold?,low,0,2,1,1,0.0,0.0,0.0,2,2,0,0.0,0.0,1.0,1.0,-1.0,-1.0,0.0,1.0,-1.0,1,0,abstain
MuSiQue,188,"What is the Arabic dictionary meaning of the word referring to the majority religion in the area of British India, that became India when the country containing Barawal was formed?",high,1,4,2,1,1.0,0.5,1.0,3,5,0,0.0,0.0,0.0,0.0,0.0,0.0,1.0,0.6666666666666666,0.33333333333333337,1,0,bind
MuSiQue,189,What river does the system containing Umchabezi River serve as the mouth of?,low,0,2,1,1,0.0,0.0,0.0,2,2,0,1.0,1.0,1.0,1.0,0.0,0.0,1.0,1.0,0.0,1,0,abstain
MuSiQue,190,What was the original name of the bank that bought FleetBoston Financial?,low,0,2,1,1,0.0,0.0,0.0,2,2,0,1.0,1.0,0.0,0.6666666666666666,1.0,0.33333333333333337,1.0,1.0,0.0,1,0,abstain
MuSiQue,191,"The actor who played Thelma in ""Thelma and Louise"" also played which character in ""A League of Their Own""?",low,0,2,1,1,0.0,0.0,0.0,2,3,0,1.0,1.0,1.0,1.0,0.0,0.0,1.0,1.0,0.0,1,0,abstain
MuSiQue,192,What were the Genesis's advantages over the platform of the game Nightshade?,low,0,2,1,1,0.0,0.0,0.0,3,4,0,0.0,0.1333,0.0,0.0,0.0,0.1333,0.6666666666666666,0.6666666666666666,0.0,1,0,abstain
MuSiQue,193,Which season was the runner up of the third season of American Idol on?,low,0,2,1,1,1.0,1.0,1.0,2,3,0,0.0,0.0,0.0,0.0,0.0,0.0,1.0,1.0,0.0,1,0,bind
MuSiQue,194,Where did the person who sponsored the resolution to reopen trade with Vietnam along with Kerry go to college?,low,0,2,1,1,0.0,0.0,0.0,2,3,0,0.0,0.0,0.0,0.16666666666666666,0.0,-0.16666666666666666,1.0,0.5,0.5,1,0,abstain
MuSiQue,195,When was the last time the team Matthew Webb was a member of beat the winner of the 1894-95 FA Cup?,low,0,2,1,1,0.0,0.0,0.0,3,3,0,0.0,0.0,0.0,0.0,0.0,0.0,0.6666666666666666,0.3333333333333333,0.3333333333333333,1,0,abstain
MuSiQue,196,Who is the president of the newly declared independent country that formed the Timor Leste Commission of Truth and Friendship with the country where Pantar is found?,high,1,3,2,2,0.0,0.0,0.0,3,4,0,1.0,1.0,1.0,1.0,0.0,0.0,1.0,0.6666666666666666,0.33333333333333337,1,0,abstain
MuSiQue,197,Who plays the legendary figure featured in Historia Regum Britanniae in the show Once Upon a Time?,low,0,2,1,1,5.0,5.0,5.0,2,5,0,1.0,1.0,1.0,1.0,0.0,0.0,1.0,0.5,0.5,1,0,bind
MuSiQue,198,"After the period which limited the supply of shellac; Białystok, Przemyśl were returned to what country along with the region they had been given in the Treaty of Schönbrunn?",high,1,4,3,3,0.0,0.0,0.0,3,4,0,0.0,0.0,0.0,0.0,0.0,0.0,1.0,0.6666666666666666,0.33333333333333337,1,0,abstain
MuSiQue,199,What team is the highest goal scorer in the EPL a member of?,low,0,2,1,1,3.0,3.0,3.0,2,7,0,0.0,0.0,0.0,0.0,0.0,0.0,0.5,0.5,0.0,1,0,bind
MuSiQue,200,What two dialects does the /u/ remaining distinct in this form of Catalan include?,low,0,2,1,1,0.0,0.0,0.0,2,4,0,1.0,1.0,0.0,0.28571428571428575,1.0,0.7142857142857142,1.0,1.0,0.0,1,0,abstain
MuSiQue,201,The Unwinding author volunteered for which organisation?,low,0,1,0,0,0.0,0.0,0.0,2,2,0,1.0,1.0,0.0,0.0,1.0,1.0,1.0,0.5,0.5,1,0,abstain
MuSiQue,202,Who was honored with the award Dhondo Keshav Karve received prior to becoming president of India?,low,0,2,1,1,0.0,0.0,0.0,2,3,0,0.0,0.0,0.0,0.0,0.0,0.0,0.5,0.0,0.5,1,0,abstain
MuSiQue,203,Who sings home alone tonight with the singer of you can crash my party anytime?,high,1,3,1,1,2.0,2.0,2.0,2,3,0,0.0,0.0,1.0,1.0,-1.0,-1.0,1.0,1.0,0.0,1,0,bind
MuSiQue,204,What is the longest home run hit in the league where the team with the most games in the series after which the MLB MVP is awarded plays?,high,1,3,2,2,0.0,0.0,0.0,4,6,0,0.0,0.4,0.0,0.8,0.0,-0.4,0.75,0.5,0.25,1,0,abstain
MuSiQue,205,When did the team that won the 1959 fa cup final beating luton town 2-1 win the fa cup?,low,0,2,1,1,1.0,1.0,1.0,2,2,0,0.0,0.5,0.0,0.5,0.0,0.0,1.0,1.0,0.0,1,0,bind
MuSiQue,206,Who won the Indy car race in the largest city and capitol of the state where the Changes Two performer is from?,low,0,2,1,1,0.0,0.0,0.0,4,4,0,1.0,1.0,0.0,0.0,1.0,1.0,0.75,0.25,0.5,1,0,abstain
MuSiQue,207,Who was honoured with the highest award a citizen without military experience in India before becoming a president?,low,0,2,1,1,0.0,0.0,0.0,2,8,0,0.0,0.0,0.0,0.0,0.0,0.0,0.0,0.0,0.0,1,0,abstain
MuSiQue,208,In what country is women's football played in the country where the German chancellor criticized by The Sun held citizenship?,low,0,2,1,1,0.0,0.0,0.0,3,6,0,0.0,0.0,0.0,0.6666666666666666,0.0,-0.6666666666666666,0.6666666666666666,1.0,-0.33333333333333337,1,0,abstain
MuSiQue,209,Who played the girlfriend of Alex P. Keaton's actor on Family Ties in Back to the Future?,low,0,2,1,1,0.0,0.0,0.0,2,4,0,1.0,1.0,0.0,0.0,1.0,1.0,1.0,0.5,0.5,1,0,abstain
MuSiQue,210,When did the rx 350 model of the luxury division of the company that built Daihatsu boon change body style?,high,1,3,2,2,0.0,0.0,0.0,3,2,1,0.0,0.2857,0.0,0.2857142857142857,0.0,-1.4285714285688922e-05,1.0,0.6666666666666666,0.33333333333333337,1,0,abstain
MuSiQue,211,When did the famous leader of the Confederate Military end his fight in the Mexican-American war?,low,0,2,1,1,0.0,0.0,0.0,2,5,0,1.0,1.0,1.0,1.0,0.0,0.0,0.5,0.5,0.0,1,0,abstain
MuSiQue,212,What is the name of one library that the author of The Canon of Medicine had access to?,high,1,3,2,2,0.0,0.0,0.0,2,5,0,0.0,0.0,0.0,0.0,0.0,0.0,1.0,1.0,0.0,1,0,abstain
MuSiQue,213,When did the place where the author of Princeps Pastorum died become its own country?,high,1,3,2,2,0.0,0.0,0.0,3,2,1,0.0,0.0,0.0,0.0,0.0,0.0,0.3333333333333333,0.0,0.3333333333333333,1,0,abstain
MuSiQue,214,At the end of what year did the tribes from the place where the Rossen culture is located invade the Roman Empire?,low,0,2,1,1,0.0,0.0,0.0,2,4,0,0.0,0.0,0.0,0.0,0.0,0.0,0.5,1.0,-0.5,1,0,abstain
MuSiQue,215,How were people from whom new coins were a proclamation of independence by the Somali Muslim Ajuran Empire expelled from the natural boundary between Thailand and Muang Kasi's country?,high,1,3,2,2,0.0,0.0,0.0,4,2,1,0.0,0.0,0.0,0.0,0.0,0.0,0.5,0.25,0.25,1,0,abstain
MuSiQue,216,Which two features were played up by the highest paid person in the world?,low,0,2,1,1,1.0,1.0,1.0,2,2,0,0.0,0.1429,0.0,0.14285714285714288,0.0,4.285714285712228e-05,1.0,0.0,1.0,1,0,bind
MuSiQue,217,How many times did plague occur in the birth city of the composer of La fida ninfa?,high,1,3,2,2,0.0,0.0,0.0,3,3,0,1.0,1.0,1.0,1.0,0.0,0.0,0.6666666666666666,0.6666666666666666,0.0,1,0,abstain
MuSiQue,218,"Who is the president of the newly declared independent country, that established the Timor Leste Commission of Truth and Friendship with the country where the Alas is found?",high,1,4,2,1,3.0,1.5,3.0,3,4,0,1.0,1.0,0.0,0.0,1.0,1.0,1.0,0.6666666666666666,0.33333333333333337,1,0,bind
MuSiQue,219,Who won the Indy car race in the largest city and the capital of the state of origin of the performer of A Modern Jazz Symposium of Music and Poetry?,high,1,4,3,2,3.0,1.0,1.0,4,9,0,0.0,0.0,0.0,0.0,0.0,0.0,0.75,0.25,0.5,1,0,bind
MuSiQue,220,There is a state A where Storm of the Century was filmed based on the book by the author who wrote a short story featuring the author of This Is My God. What is the population of state A?,high,1,4,3,3,4.0,1.3333333333333333,2.0,4,4,0,0.0,0.0,1.0,1.0,-1.0,-1.0,0.75,1.0,-0.25,1,0,bind
MuSiQue,221,The Move Ya Body song's band is named after who?,low,0,2,1,1,2.0,2.0,2.0,2,2,0,0.0,0.0,0.0,0.6666666666666666,0.0,-0.6666666666666666,1.0,1.0,0.0,1,0,bind
MuSiQue,222,When is the opening day of the season of the league that Jim Wilson's team plays for?,low,0,2,1,1,2.0,2.0,2.0,3,3,0,0.0,0.0,0.0,0.8,0.0,-0.8,0.3333333333333333,0.6666666666666666,-0.3333333333333333,1,0,bind
MuSiQue,223,How many parties rule the city where the Yongle emperor greeted the person to whom the edict was addressed?,high,1,3,2,2,0.0,0.0,0.0,3,3,0,0.0,0.0,0.0,0.0,0.0,0.0,1.0,0.3333333333333333,0.6666666666666667,1,0,abstain
MuSiQue,224,What does the acronym of the organization Danish Football Union is part of stand for?,low,0,2,1,1,0.0,0.0,0.0,2,2,0,0.0,0.4,0.0,0.25,0.0,0.15000000000000002,0.5,0.5,0.0,1,0,abstain
MuSiQue,225,What is the place of birth of the person who submitted the first version of the equal rights amendment to congress in 1923?,low,0,2,1,1,2.0,2.0,2.0,2,2,0,0.0,0.0,0.0,0.0,0.0,0.0,1.0,1.0,0.0,1,0,bind
MuSiQue,226,Who is the actor who plays the title character in The Bourne Betrayal?,low,0,2,1,1,0.0,0.0,0.0,2,5,0,1.0,1.0,0.0,0.0,1.0,1.0,1.0,1.0,0.0,1,0,abstain
MuSiQue,227,Where was Osbert Sitwell's sibling educated?,low,0,2,1,1,0.0,0.0,0.0,2,2,0,0.0,0.0,0.0,0.5,0.0,-0.5,1.0,1.0,0.0,1,0,abstain
MuSiQue,228,What is the longest home run in the history of the league that Jim Wilson's team is a part of?,low,0,2,1,1,0.0,0.0,0.0,3,2,1,0.0,0.3333,0.0,0.3333333333333333,0.0,-3.333333333332966e-05,0.6666666666666666,0.6666666666666666,0.0,1,0,abstain
MuSiQue,229,On what date did the creator of Peace Concluded die?,low,0,2,1,1,1.0,1.0,1.0,2,3,0,1.0,1.0,1.0,1.0,0.0,0.0,1.0,1.0,0.0,1,0,bind
MuSiQue,230,What is the name of the castle in the place where the performer of Dragon Dreams was born?,high,1,3,2,2,1.0,0.5,1.0,3,3,0,0.0,0.0,0.0,0.0,0.0,0.0,0.6666666666666666,0.3333333333333333,0.3333333333333333,1,0,bind
MuSiQue,231,When did the location of the basilica which is named for the same saint that the Bremen Cathedral is named for become a country?,high,1,3,2,2,0.0,0.0,0.0,3,6,0,0.0,0.5,0.0,0.5,0.0,0.0,0.6666666666666666,0.6666666666666666,0.0,1,0,abstain
MuSiQue,232,Who is the child of the male star of the 1921 film Money?,low,0,2,1,1,0.0,0.0,0.0,2,2,0,0.0,0.5,0.0,0.5,0.0,0.0,1.0,1.0,0.0,1,0,abstain
MuSiQue,233,What was the population of the republic that participated in The Battle of the Kentish Knock before this emigration?,low,0,2,1,1,0.0,0.0,0.0,2,4,0,1.0,1.0,1.0,1.0,0.0,0.0,1.0,1.0,0.0,1,0,abstain
MuSiQue,234,What type of government did North Korea have during the conflict when UN troops approached the Yalu River?,low,0,2,1,1,0.0,0.0,0.0,2,3,0,0.0,0.6667,0.0,0.6666666666666666,0.0,3.333333333332966e-05,1.0,0.5,0.5,1,0,abstain
MuSiQue,235,What is the symbol of the Saints from the city that is the location of Blanton's manufacturer's headquarters called?,low,0,2,1,1,2.0,2.0,2.0,3,4,0,0.0,0.0,0.0,0.0,0.0,0.0,0.6666666666666666,0.3333333333333333,0.3333333333333333,1,0,bind
MuSiQue,236,"What is the average winter daytime temperature in the region where Richmond is found, in the state where WIRR operates?",high,1,3,1,1,1.0,1.0,1.0,3,3,0,0.0,0.0,1.0,1.0,-1.0,-1.0,0.6666666666666666,1.0,-0.33333333333333337,1,0,bind
MuSiQue,237,Who was in charge in the country that is the natural boundary between the country that hosted the tournament and the country where That Dam is located?,high,1,4,2,2,0.0,0.0,0.0,4,3,1,0.0,0.0,0.0,0.0,0.0,0.0,0.25,0.25,0.0,1,0,abstain
MuSiQue,238,Where is the headquarters of the 1st Combat Communication Squadron located?,low,0,1,0,0,0.0,0.0,0.0,2,1,1,0.0,0.0,0.0,0.0,0.0,0.0,1.0,0.5,0.5,1,0,abstain
MuSiQue,239,What movement was Vibullia Alcia Agrippina's child a proponent for?,low,0,2,1,1,0.0,0.0,0.0,2,3,0,0.0,0.0,0.0,0.0,0.0,0.0,0.5,1.0,-0.5,1,0,abstain
MuSiQue,240,What military overran much of Erich Zakowski's place of birth?,low,0,2,1,1,0.0,0.0,0.0,2,3,0,0.0,0.0,0.0,0.8,0.0,-0.8,1.0,1.0,0.0,1,0,abstain
MuSiQue,241,Who constituted the freikorps in the country that the German Socialist Party was part of?,low,0,2,1,1,0.0,0.0,0.0,2,4,0,0.0,0.7273,0.0,0.5333333333333333,0.0,0.19396666666666662,1.0,1.0,0.0,1,0,abstain
MuSiQue,242,When was the performer of So Nice born?,low,0,2,1,1,1.0,1.0,1.0,2,12,0,1.0,1.0,0.0,0.0,1.0,1.0,1.0,0.5,0.5,1,0,bind
MuSiQue,243,Who is the spouse of the person who voices Jarvis in the Avengers Age of Ultron?,low,0,2,1,1,1.0,1.0,1.0,2,3,0,1.0,1.0,0.0,0.0,1.0,1.0,0.5,0.5,0.0,1,0,bind
MuSiQue,244,What years was Aeacides of Epirus's child at war?,low,0,2,1,1,0.0,0.0,0.0,2,4,0,1.0,1.0,0.0,0.5,1.0,0.5,1.0,0.5,0.5,1,0,abstain
MuSiQue,245,"Among the top five largest urban areas in the state where Getting Away with Murder's performer was formed, where does city in which Alexander Golitzen died rank?",high,1,4,2,2,0.0,0.0,0.0,4,5,0,0.0,0.0,0.0,0.0,0.0,0.0,0.75,0.75,0.0,1,0,abstain
MuSiQue,246,What mythology is the city where Eutychides was born in a part of?,low,0,2,1,1,1.0,1.0,1.0,2,3,0,0.0,0.6667,0.0,0.6666666666666666,0.0,3.333333333332966e-05,1.0,1.0,0.0,1,0,bind
MuSiQue,247,When did the majority party in the body which approves members of the American Cabinet gain control of the House?,high,1,3,2,2,0.0,0.0,0.0,3,5,0,0.0,0.0,0.0,0.0,0.0,0.0,0.3333333333333333,0.3333333333333333,0.0,1,0,abstain
MuSiQue,248,Who won the Indy car race in the largest populated city in the state where the Pithecanthropus Erectus performer is from?,high,1,3,2,2,0.0,0.0,0.0,4,4,0,1.0,1.0,0.0,0.0,1.0,1.0,0.5,0.25,0.25,1,0,abstain
MuSiQue,249,Who is the newly elected Chief Justice of the country where Masherbrum is located?,low,0,2,1,1,0.0,0.0,0.0,2,2,0,1.0,1.0,1.0,1.0,0.0,0.0,1.0,1.0,0.0,1,0,abstain
MuSiQue,250,"What is the three letter abbreviation for the country, which maintains border troops, that claims Bernd Baumgart as a citizen?",low,0,2,1,1,1.0,1.0,1.0,3,3,0,0.0,0.0,0.0,0.0,0.0,0.0,0.6666666666666666,0.3333333333333333,0.3333333333333333,1,0,bind
MuSiQue,251,Where do greyhound buses leave from in the city where the performer of Darlings was born?,high,1,3,2,2,2.0,1.0,1.0,3,3,0,0.0,0.5,0.0,0.3333333333333333,0.0,0.16666666666666669,0.6666666666666666,0.3333333333333333,0.3333333333333333,1,0,bind
MuSiQue,252,What is the name of the castle in the city where the performer of Fall was born?,high,1,3,2,2,2.0,1.0,2.0,3,3,0,0.0,0.0,0.0,0.0,0.0,0.0,0.3333333333333333,0.3333333333333333,0.0,1,0,bind
MuSiQue,253,What administrative territorial entity contains the place where Mycenae House is located?,low,0,2,1,1,0.0,0.0,0.0,2,2,0,1.0,1.0,1.0,1.0,0.0,0.0,1.0,1.0,0.0,1,0,abstain
MuSiQue,254,What is the place of birth of who does the voice of stan on the series that Insecurity is part of?,low,0,2,1,1,0.0,0.0,0.0,3,4,0,0.0,0.5,0.0,0.0,0.0,0.5,0.6666666666666666,0.6666666666666666,0.0,1,0,abstain
MuSiQue,255,The author of Elizabeth and After attended which university?,low,0,2,1,1,2.0,2.0,2.0,2,2,0,1.0,1.0,1.0,1.0,0.0,0.0,1.0,1.0,0.0,1,0,bind
MuSiQue,256,How were the same people who the Somali Muslim Ajuran Empire declared independence from expelled from the natural boundary between Thailand and the country where Nam Khan is found?,high,1,4,2,2,0.0,0.0,0.0,4,4,0,0.0,0.2222,0.0,0.33333333333333337,0.0,-0.11113333333333336,0.75,0.5,0.25,1,0,abstain
MuSiQue,257,When was the father of Diego Sinagra signed by Barcelona?,low,0,2,1,1,0.0,0.0,0.0,2,2,0,0.0,0.6667,0.0,0.6666666666666666,0.0,3.333333333332966e-05,1.0,1.0,0.0,1,0,abstain
MuSiQue,258,Who's the son of the Italian navigator who explored the eastern coast of the continent where Christian Sánchez was born?,high,1,4,2,1,6.0,3.0,3.0,4,2,1,1.0,1.0,1.0,1.0,0.0,0.0,0.75,0.5,0.25,1,0,bind
MuSiQue,259,What does SEAL stand for in the military group that is part of the branch that operates the USS Chillicothe?,high,1,3,2,2,0.0,0.0,0.0,3,2,1,1.0,1.0,1.0,1.0,0.0,0.0,0.6666666666666666,0.3333333333333333,0.3333333333333333,1,0,abstain
MuSiQue,260,What was the show named after the character featured in the video game Mickey's Safari in Letterland?,low,0,2,1,1,0.0,0.0,0.0,2,10,0,0.0,0.0,0.0,0.8,0.0,-0.8,0.5,0.5,0.0,1,0,abstain
MuSiQue,261,Where was the film The Beach filmed in the country where Ercole Manfredi died?,high,1,4,2,1,0.0,0.0,0.0,3,2,1,0.0,0.0,0.0,0.0,0.0,0.0,0.6666666666666666,0.6666666666666666,0.0,1,0,abstain
MuSiQue,262,What award did the author of The Happy Journey to Trenton and Camden receive?,low,0,2,1,1,0.0,0.0,0.0,2,2,0,1.0,1.0,0.0,0.0,1.0,1.0,1.0,1.0,0.0,1,0,abstain
MuSiQue,263,What is the symbol of the Saints from the headquarters location of Ten High's manufacturer called?,low,0,2,1,1,1.0,1.0,1.0,3,6,0,0.0,0.0,0.0,0.0,0.0,0.0,0.6666666666666666,0.3333333333333333,0.3333333333333333,1,0,bind
MuSiQue,264,who was the first black student admitted to the university that Stewart Patridge attended?,low,0,2,1,1,0.0,0.0,0.0,2,2,0,1.0,1.0,1.0,1.0,0.0,0.0,1.0,1.0,0.0,1,0,abstain
MuSiQue,265,Where did the wrestler who has won the most intercontinental championships win in 2008?,low,0,2,1,1,0.0,0.0,0.0,2,3,0,1.0,1.0,0.0,0.0,1.0,1.0,1.0,0.5,0.5,1,0,abstain
MuSiQue,266,What is the name of the castle found in the birthplace of the performer of Falling Out?,low,0,2,1,1,1.0,1.0,1.0,3,3,0,0.0,0.0,0.0,0.0,0.0,0.0,0.6666666666666666,0.6666666666666666,0.0,1,0,bind
MuSiQue,267,What league does the team that uses Dick's Sporting Goods Park play for?,low,0,2,1,1,1.0,1.0,1.0,2,2,0,1.0,1.0,1.0,1.0,0.0,0.0,1.0,1.0,0.0,1,0,bind
MuSiQue,268,The band Pathology formed in a city whose urban area ranks where by size among the urban areas of the state where the Still Swingin' song's band formed?,high,1,4,2,1,0.0,0.0,0.0,4,6,0,0.0,0.0,0.0,0.0,0.0,0.0,0.75,1.0,-0.25,1,0,abstain
MuSiQue,269,"During WW2, who was the leader of the country near the country of citizenship of the writer of The Book Thief?",high,1,3,2,2,0.0,0.0,0.0,4,3,1,0.0,0.0,0.0,0.0,0.0,0.0,0.25,0.25,0.0,1,0,abstain
MuSiQue,270,What nationality was the notable subjective idealist?,low,0,2,1,1,0.0,0.0,0.0,2,4,0,1.0,1.0,1.0,1.0,0.0,0.0,1.0,0.5,0.5,1,0,abstain
MuSiQue,271,What is the enrollment at Jack Clay's employer?,low,0,2,1,1,0.0,0.0,0.0,2,3,0,1.0,1.0,1.0,1.0,0.0,0.0,1.0,1.0,0.0,1,0,abstain
MuSiQue,272,How many refugees emigrated to the participant of Battle of Kentish Knock?,high,1,3,2,2,8.0,4.0,5.0,2,5,0,1.0,1.0,0.0,0.0,1.0,1.0,1.0,1.0,0.0,1,0,bind
MuSiQue,273,"When is Celebrity Big Brother coming to the network which, along with ABC and the network which aired Law of the Plainsman, is the other major broadcaster based in NY?",high,1,3,2,2,2.0,1.0,1.0,3,4,0,1.0,1.0,1.0,1.0,0.0,0.0,0.6666666666666666,1.0,-0.33333333333333337,1,0,bind
MuSiQue,274,"In the Arabic dictionary, what's the meaning of the word for the majority religion in the area of British India that became India when Dourkhan's country was created?",low,0,2,1,1,0.0,0.0,0.0,3,9,0,0.0,0.2857,0.0,0.28571428571428575,0.0,-1.4285714285744433e-05,0.6666666666666666,0.6666666666666666,0.0,1,0,abstain
MuSiQue,275,What is the parent company of the record label releasing Cold Turkey?,low,0,2,1,1,2.0,2.0,2.0,2,2,0,0.0,0.8,0.0,0.8,0.0,0.0,1.0,1.0,0.0,1,0,bind
MuSiQue,276,What's the longest homer in the history of the league where the team with the most titles from the event after which they give out the MLB MVP award plays?,high,1,3,2,2,0.0,0.0,0.0,4,5,0,0.0,0.3333,0.0,0.6666666666666666,0.0,-0.33336666666666664,0.75,0.25,0.5,1,0,abstain
MuSiQue,277,Where is Chris Meffert's birth place in the state of Florida?,low,0,2,1,1,1.0,1.0,1.0,2,1,1,0.0,0.0,0.0,0.0,0.0,0.0,1.0,0.5,0.5,1,0,bind
MuSiQue,278,Into what does the river for which Toongabbie Creek serves as the mouth flow?,low,0,2,1,1,3.0,3.0,3.0,2,2,0,1.0,1.0,1.0,1.0,0.0,0.0,1.0,1.0,0.0,1,0,bind
MuSiQue,279,When is the next episode of the series that Steven the Sword Fighter is a part of being released?,low,0,2,1,1,3.0,3.0,3.0,2,2,0,0.0,0.0,0.0,0.0,0.0,0.0,1.0,1.0,0.0,1,0,bind
MuSiQue,280,What is the meaning of the word also known as the majority religion in the area of British India that became India when the country where Mandeer is located was created in arabic dictionary?,low,0,2,1,1,0.0,0.0,0.0,3,4,0,0.0,0.0,0.0,0.0,0.0,0.0,1.0,0.3333333333333333,0.6666666666666667,1,0,abstain
MuSiQue,281,"How were the people that the Somali Muslim Ajuran Empire made coins to proclaim independence from, expelled from the country where Star Cola is produced?",high,1,4,3,3,0.0,0.0,0.0,3,2,1,0.0,0.0,0.0,0.0,0.0,0.0,0.6666666666666666,0.6666666666666666,0.0,1,0,abstain
MuSiQue,282,Who did the Huguenots in the state primary Edwards won outside of Georgia buy land from?,low,0,2,1,1,0.0,0.0,0.0,2,2,0,1.0,1.0,0.0,0.0,1.0,1.0,1.0,0.5,0.5,1,0,abstain
MuSiQue,283,What time of day can you start purchasing alcohol in the state that includes Narraguagus High School?,high,1,3,2,2,1.0,0.5,1.0,2,2,0,1.0,1.0,1.0,1.0,0.0,0.0,1.0,1.0,0.0,1,0,bind
MuSiQue,284,"Besides the body of water by the city where Nicolaus Schuback died and the Irish Channel, what else was lowered in the last cold phase?",high,1,4,2,2,0.0,0.0,0.0,3,3,0,0.0,0.0,0.0,0.0,0.0,0.0,0.6666666666666666,1.0,-0.33333333333333337,1,0,abstain
MuSiQue,285,What league was the team that Jose Cancela was a member of in?,low,0,2,1,1,1.0,1.0,1.0,2,3,0,1.0,1.0,1.0,1.0,0.0,0.0,1.0,1.0,0.0,1,0,bind
MuSiQue,286,Who is the child of the creator of A Distinguished Member of the Humane Society?,low,0,2,1,1,0.0,0.0,0.0,2,2,0,0.0,0.0,0.0,0.0,0.0,0.0,0.5,0.5,0.0,1,0,abstain
MuSiQue,287,Who is the federal leader of the party that James Rajotte is a member of?,low,0,2,1,1,1.0,1.0,1.0,2,3,0,1.0,1.0,1.0,1.0,0.0,0.0,1.0,1.0,0.0,1,0,bind
MuSiQue,288,What team picked the highest point average holder in NBA history in the NBA draft?,low,0,2,1,1,0.0,0.0,0.0,2,2,0,0.0,0.0,1.0,1.0,-1.0,-1.0,0.5,0.5,0.0,1,0,abstain
MuSiQue,289,Where are the Ozark Mountains located within the state where Robert Patton worked in May 2014?,low,0,2,1,1,0.0,0.0,0.0,2,9,0,1.0,1.0,1.0,1.0,0.0,0.0,0.5,1.0,-0.5,1,0,abstain
MuSiQue,290,When did the Battle at Choo Hoey's birthplace end?,low,0,2,1,1,0.0,0.0,0.0,2,2,0,1.0,1.0,1.0,1.0,0.0,0.0,1.0,1.0,0.0,1,0,abstain
MuSiQue,291,"Who was played by the creator of Push, Nevada in Dazed and Confused?",low,0,2,1,1,1.0,1.0,1.0,2,3,0,1.0,1.0,0.0,0.0,1.0,1.0,1.0,0.5,0.5,1,0,bind
MuSiQue,292,What countries found their economic growth in the period young boys were employed in the glass making industries?,low,0,2,1,1,0.0,0.0,0.0,2,6,0,0.0,0.0,0.0,0.0,0.0,0.0,0.5,0.5,0.0,1,0,abstain
MuSiQue,293,What country is between Lithuania and Frederic Chopin's home country?,low,0,2,1,1,0.0,0.0,0.0,2,10,0,0.0,0.0,0.0,0.0,0.0,0.0,0.5,0.5,0.0,1,0,abstain
MuSiQue,294,Who in the14th century introduced musical notation used where Jack later participated in a covert mission?,low,0,2,1,1,0.0,0.0,0.0,2,3,0,1.0,1.0,1.0,1.0,0.0,0.0,1.0,1.0,0.0,1,0,abstain
MuSiQue,295,Who is the sibling of the screenwriter of War of the Coprophages?,low,0,2,1,1,0.0,0.0,0.0,2,1,1,0.0,0.0,0.0,0.0,0.0,0.0,0.5,0.5,0.0,1,0,abstain
MuSiQue,296,What is the mascot of the institution that owns Memorial Union?,low,0,2,1,1,2.0,2.0,2.0,2,3,0,1.0,1.0,1.0,1.0,0.0,0.0,1.0,1.0,0.0,1,0,bind
MuSiQue,297,What year did the post end of Governor of the city where the author of Quadragesimo Anno died?,high,1,4,3,3,0.0,0.0,0.0,3,4,0,1.0,1.0,1.0,1.0,0.0,0.0,0.6666666666666666,0.6666666666666666,0.0,1,0,abstain
MuSiQue,298,What was the language from which the last name Sylvester originates during the era of the person crowned new Roman emperor in 800 A.D. later known as?,low,0,2,1,1,0.0,0.0,0.0,3,5,0,0.0,0.6667,0.0,0.6666666666666666,0.0,3.333333333332966e-05,1.0,1.0,0.0,1,0,abstain
MuSiQue,299,What is the meaning of the word that is also a majority religion in the area that became India when the country where Masherbrum is located was created in the Arabic dictionary?,high,1,4,3,3,0.0,0.0,0.0,3,8,0,0.0,0.0,0.0,0.0,0.0,0.0,1.0,1.0,0.0,1,0,abstain
MuSiQue,300,Where is the location of the headquarters of the publisher of Bamboo Among the Oaks?,low,0,2,1,1,0.0,0.0,0.0,2,2,0,0.0,0.3333,0.0,0.25,0.0,0.08329999999999999,1.0,1.0,0.0,1,0,abstain
MuSiQue,301,"The German priest, who wanted to reform the religious denomination now the largest in the US, preached a sermon on Marian devotion soon before his death in which German state?",high,1,3,2,2,2.0,1.0,2.0,4,5,0,0.0,0.0,0.0,0.0,0.0,0.0,0.5,0.25,0.25,1,0,bind
MuSiQue,302,What does SEAL stand for in the military group that is part of the military branch that operates USS Dour?,high,1,3,2,2,0.0,0.0,0.0,3,2,1,1.0,1.0,1.0,1.0,0.0,0.0,0.6666666666666666,0.6666666666666666,0.0,1,0,abstain
MuSiQue,303,Who did the creator of Derech Mitzvosecha follow?,low,0,2,1,1,0.0,0.0,0.0,2,2,0,0.0,0.0,0.0,0.8,0.0,-0.8,1.0,1.0,0.0,1,0,abstain
MuSiQue,304,Who is the spouse of the actor who plays Paul in Breakfast at Tiffany's?,low,0,2,1,1,0.0,0.0,0.0,2,3,0,0.0,0.0,0.0,0.0,0.0,0.0,0.5,0.5,0.0,1,0,abstain
MuSiQue,305,"Who is Grant Park, in the largest city by population in the state where WEKL is found, named after?",low,0,2,1,1,2.0,2.0,2.0,3,4,0,0.0,0.1818,0.0,0.6,0.0,-0.4182,0.6666666666666666,0.6666666666666666,0.0,1,0,bind
MuSiQue,306,Who did the original voice for the character whose series Mickey's safari in Letterland is from?,low,0,2,1,1,0.0,0.0,0.0,2,5,0,1.0,1.0,1.0,1.0,0.0,0.0,1.0,1.0,0.0,1,0,abstain
MuSiQue,307,Who has played for West Ham Ajax and the team from the city where Malcolm Graham died?,low,0,2,1,1,0.0,0.0,0.0,2,6,0,1.0,1.0,1.0,1.0,0.0,0.0,1.0,1.0,0.0,1,0,abstain
MuSiQue,308,Who founded the political party of Dimuthu Bandara Abayakoon?,low,0,2,1,1,0.0,0.0,0.0,2,2,0,1.0,1.0,1.0,1.0,0.0,0.0,1.0,1.0,0.0,1,0,abstain
MuSiQue,309,Which county shares a border with the county where the most populous city in the state where WEKL operates is located?,high,1,4,3,3,0.0,0.0,0.0,4,5,0,0.0,0.4,0.0,0.4,0.0,0.0,0.25,0.25,0.0,1,0,abstain
MuSiQue,310,"What does seal stand for in the U.S. military branch that operates a list of destroyer classes, as well as the USS Sable?",low,0,2,1,1,0.0,0.0,0.0,3,6,0,1.0,1.0,1.0,1.0,0.0,0.0,1.0,1.0,0.0,1,0,abstain
MuSiQue,311,"Where does the body of water by the city where the Lots More Blues, Rags and Hollers performer was formed and the Ohio River meet?",low,0,2,1,1,0.0,0.0,0.0,4,4,0,0.0,0.2667,0.0,0.0,0.0,0.2667,0.5,0.5,0.0,1,0,abstain
MuSiQue,312,What other types of theater performance are seen in the city where the Yongle emperor greeted the person to whom the edict was addressed?,high,1,3,2,2,0.0,0.0,0.0,3,2,1,0.0,0.7368,0.0,0.15384615384615383,0.0,0.5829538461538462,1.0,0.3333333333333333,0.6666666666666667,1,0,abstain
MuSiQue,313,What does the seal stand for in the operator of the list of destroyer classes of the operator of the USS ZigZag seals?,low,0,2,1,1,0.0,0.0,0.0,3,4,0,0.0,0.0,0.0,0.0,0.0,0.0,0.6666666666666666,0.3333333333333333,0.3333333333333333,1,0,abstain
MuSiQue,314,Why did Roncalli leave the place where the composer of Al gran sole carico d'amore worked?,high,1,3,2,2,0.0,0.0,0.0,3,2,1,0.0,0.6667,0.0,0.6666666666666665,0.0,3.3333333333440684e-05,1.0,0.6666666666666666,0.33333333333333337,1,0,abstain
MuSiQue,315,"This cast member in ""Search for the Gods"" also plays a character in which film?",low,0,2,1,1,1.0,1.0,1.0,2,6,0,0.0,0.0,0.0,0.0,0.0,0.0,0.5,1.0,-0.5,1,0,bind
MuSiQue,316,How many games do team in the league where Barcelona won titles in 1948 and 1949 play?,low,0,2,1,1,0.0,0.0,0.0,2,8,0,1.0,1.0,1.0,1.0,0.0,0.0,1.0,1.0,0.0,1,0,abstain
MuSiQue,317,What was Nintendo's limit on games per developer per year on the platform of Yoshi?,low,0,2,1,1,0.0,0.0,0.0,3,4,0,0.0,0.6667,1.0,1.0,-1.0,-0.33330000000000004,1.0,1.0,0.0,1,0,abstain
MuSiQue,318,"What is the longest win streak, in the history of the league, that includes the team with the most titles, from the event preceding the awarding of the MLB MVP?",high,1,3,2,2,0.0,0.0,0.0,4,6,0,1.0,1.0,0.0,0.0,1.0,1.0,0.75,0.75,0.0,1,0,abstain
MuSiQue,319,Who does the narrator on How I Met Your Mother end up with?,low,0,2,1,1,0.0,0.0,0.0,2,7,0,1.0,1.0,1.0,1.0,0.0,0.0,0.5,1.0,-0.5,1,0,abstain
MuSiQue,320,When did the French and Indian War in the continent where bison antiquus is found end?,low,0,2,1,1,1.0,1.0,1.0,2,7,0,0.0,0.5,1.0,1.0,-1.0,-0.5,1.0,1.0,0.0,1,0,bind
MuSiQue,321,In what year was Twilight Princess from the game series on which The Legend of Neil was based originally planned for release?,low,0,2,1,1,0.0,0.0,0.0,2,2,0,1.0,1.0,1.0,1.0,0.0,0.0,1.0,0.5,0.5,1,0,abstain
MuSiQue,322,"When did the country, that has the original language of the film named after Vladimir Karalić's birthplace as a co-official language, first attend the Olympics as an independent team?",high,1,3,2,2,0.0,0.0,0.0,4,4,0,0.0,0.0,0.0,0.0,0.0,0.0,0.75,0.75,0.0,1,0,abstain
MuSiQue,323,"When did the team that John Surtees is a member of, the owner of Scion, and Nissan open US assembly plants?",high,1,4,2,1,0.0,0.0,0.0,3,4,0,0.0,0.0,0.0,0.0,0.0,0.0,1.0,0.3333333333333333,0.6666666666666667,1,0,abstain
MuSiQue,324,Where is the origin of the Caledon River?,low,0,1,0,0,0.0,0.0,0.0,2,4,0,0.0,0.0,0.0,0.0,0.0,0.0,1.0,1.0,0.0,1,0,abstain
MuSiQue,325,What company is the employer of Marie Rutkoski part of?,low,0,2,1,1,1.0,1.0,1.0,2,1,1,1.0,1.0,1.0,1.0,0.0,0.0,1.0,0.5,0.5,1,0,bind
MuSiQue,326,Who is the spouse of the actor who played Zeb in How the West was Won?,low,0,2,1,1,0.0,0.0,0.0,2,6,0,0.0,0.0,1.0,1.0,-1.0,-1.0,0.5,1.0,-0.5,1,0,abstain
MuSiQue,327,Who wrote a book about growing up in the same nationality as the man who produced The Wild Women of Chastity Gulch?,high,1,3,2,2,3.0,1.5,2.0,3,3,0,0.0,0.6,0.0,0.6,0.0,0.0,1.0,1.0,0.0,1,0,bind
MuSiQue,328,What is the name of the experimental satellite that was the forerunner to the communication satellite of IRS-P3's operator?,low,0,2,1,1,1.0,1.0,1.0,2,2,0,0.0,0.0,1.0,1.0,-1.0,-1.0,0.5,1.0,-0.5,1,0,bind
MuSiQue,329,how long lasting was the pact between Kravchuk and the person organizers wanted to arrest?,high,1,3,1,1,1.0,1.0,1.0,2,2,0,0.0,0.0,0.0,0.0,0.0,0.0,1.0,1.0,0.0,1,0,bind
MuSiQue,330,In what region of the country containing Hạ Hòa is John Phan's birthplace found?,high,1,3,1,1,0.0,0.0,0.0,3,2,1,1.0,1.0,0.0,0.0,1.0,1.0,1.0,0.6666666666666666,0.33333333333333337,1,0,abstain
MuSiQue,331,What is the enrollment where the first debate between Kerry and Bush took place?,low,0,2,1,1,0.0,0.0,0.0,2,2,0,0.0,0.0,0.0,0.0,0.0,0.0,0.5,0.5,0.0,1,0,abstain
MuSiQue,332,What does the acronym of the organization that said there is no historical connection to association football with any other game outside of Europe stand for?,low,0,2,1,1,0.0,0.0,0.0,2,1,1,1.0,1.0,1.0,1.0,0.0,0.0,0.5,0.5,0.0,1,0,abstain
MuSiQue,333,Who wrote the song The Story sung by the performer of Give Up the Ghost?,low,0,2,1,1,0.0,0.0,0.0,2,2,0,1.0,1.0,1.0,1.0,0.0,0.0,1.0,1.0,0.0,1,0,abstain
MuSiQue,334,What treaty ceded territory to the US extending west to the body of water by the city where the designer of Southeast Library died?,high,1,4,3,3,0.0,0.0,0.0,4,4,0,0.0,0.8571,0.0,0.4,0.0,0.45709999999999995,0.5,0.25,0.25,1,0,abstain
MuSiQue,335,Common Sense which was written by the author of The Age of Reason was an important work because?,low,0,2,1,1,1.0,1.0,1.0,2,3,0,0.0,0.4444,0.0,0.4,0.0,0.044399999999999995,1.0,1.0,0.0,1,0,bind
MuSiQue,336,What shares a border with the city where the person who went to the state where most billionaires in America live during the gold rush works?,high,1,4,3,3,0.0,0.0,0.0,4,7,0,0.0,0.0,0.0,0.0,0.0,0.0,0.25,0.75,-0.5,1,0,abstain
MuSiQue,337,Who is the child of the first person who gave in person state of the union?,low,0,2,1,1,1.0,1.0,1.0,2,2,0,1.0,1.0,1.0,1.0,0.0,0.0,1.0,1.0,0.0,1,0,bind
MuSiQue,338,What was the overwhelming ethnic majority in the city where the Yongle emperor greeted the person to whom the edict was addressed?,high,1,3,1,1,0.0,0.0,0.0,3,4,0,1.0,1.0,1.0,1.0,0.0,0.0,1.0,1.0,0.0,1,0,abstain
MuSiQue,339,What were the Genesis's advantages over the console whose three letter abbreviation stood for the full console name and also featured the game Yoshi?,low,0,2,1,1,0.0,0.0,0.0,3,5,0,0.0,0.0952,0.0,0.0,0.0,0.0952,0.6666666666666666,0.6666666666666666,0.0,1,0,abstain
MuSiQue,340,What happened to the Curonians who lived in the area where Erich Zakowski was born?,low,0,2,1,1,0.0,0.0,0.0,2,2,0,0.0,0.8,0.0,0.5,0.0,0.30000000000000004,1.0,1.0,0.0,1,0,abstain
MuSiQue,341,Who won the All-Star MVP for the league that the team that Jim Wilson plays for is a part of?,high,1,3,2,2,0.0,0.0,0.0,3,3,0,1.0,1.0,0.0,0.0,1.0,1.0,0.6666666666666666,0.6666666666666666,0.0,1,0,abstain
MuSiQue,342,Who owns the rehabilitation center at the place where Hank Moonjean died?,low,0,2,1,1,1.0,1.0,1.0,2,2,0,1.0,1.0,0.0,0.0,1.0,1.0,1.0,1.0,0.0,1,0,bind
MuSiQue,343,What was Nintendo's limit on games per developer per year on the platform that plays Drac's Night Out?,low,0,2,1,1,0.0,0.0,0.0,3,4,0,0.0,0.6667,1.0,1.0,-1.0,-0.33330000000000004,1.0,1.0,0.0,1,0,abstain
MuSiQue,344,What is the average yearly income for a person of the same nationality as the creator of MacGruder and Loud?,high,1,3,2,2,0.0,0.0,0.0,3,3,0,0.0,0.0,0.0,0.0,0.0,0.0,0.6666666666666666,0.3333333333333333,0.3333333333333333,1,0,abstain
MuSiQue,345,Mehmet Hayri Tarhan's birthplace is the capital of what municipality?,low,0,2,1,1,0.0,0.0,0.0,2,2,0,1.0,1.0,1.0,1.0,0.0,0.0,1.0,1.0,0.0,1,0,abstain
MuSiQue,346,When did the party Oklahoma's US Senators come from take control of the body determining the rules of the US House and US Senate?,low,0,2,1,1,0.0,0.0,0.0,3,2,1,0.0,0.0,0.0,0.0,0.0,0.0,0.6666666666666666,0.3333333333333333,0.3333333333333333,1,0,abstain
MuSiQue,347,What year did the city were Hans-Joachim Merker was born end?,low,0,2,1,1,0.0,0.0,0.0,2,1,1,0.0,0.0,0.0,0.0,0.0,0.0,1.0,0.5,0.5,1,0,abstain
MuSiQue,348,What tribe did the wife of the person who first brought postal service to Umayyad lands belong to?,high,1,3,2,2,5.0,2.5,5.0,2,2,0,1.0,1.0,1.0,1.0,0.0,0.0,1.0,1.0,0.0,1,0,bind
MuSiQue,349,Who was the first president in the country where the Kamchatka Peninsula is located?,low,0,2,1,1,3.0,3.0,3.0,2,6,0,0.0,0.6667,0.0,0.6666666666666666,0.0,3.333333333332966e-05,0.5,1.0,-0.5,1,0,bind
MuSiQue,350,Who wrote Turn Me On by the performer who also did Sinkin' Soon?,low,0,1,0,0,0.0,0.0,0.0,2,2,0,1.0,1.0,1.0,1.0,0.0,0.0,1.0,1.0,0.0,1,0,abstain
MuSiQue,351,In which district was Alhandra born?,low,0,1,0,0,0.0,0.0,0.0,2,2,0,1.0,1.0,1.0,1.0,0.0,0.0,1.0,1.0,0.0,1,0,abstain
MuSiQue,352,Who introduced a system of musical notation used in the region the Romans aimed to re-bolster influence in after the Second Punic war in the 14th century?,low,0,2,1,1,0.0,0.0,0.0,2,2,0,1.0,1.0,1.0,1.0,0.0,0.0,1.0,0.5,0.5,1,0,abstain
MuSiQue,353,Why did Roncalli leave the place where Violante's painter died?,low,0,2,1,1,0.0,0.0,0.0,3,3,0,0.0,0.0,0.0,0.0,0.0,0.0,0.6666666666666666,0.6666666666666666,0.0,1,0,abstain
MuSiQue,354,Who is the wife of the actor of Grace's boyfriend in Frankie and Grace?,high,1,3,2,2,0.0,0.0,0.0,2,2,0,0.0,0.0,0.0,0.0,0.0,0.0,0.5,0.5,0.0,1,0,abstain
MuSiQue,355,When did the birthplace of Ah Via Musicom's performer become the capital of the state Knowles is from?,high,1,3,2,2,1.0,0.5,1.0,4,4,0,0.0,0.0,0.0,0.0,0.0,0.0,0.25,0.25,0.0,1,0,bind
MuSiQue,356,who did the performer of Sings America play on young and restless?,high,1,3,2,2,7.0,3.5,4.0,2,2,0,0.0,0.0,1.0,1.0,-1.0,-1.0,0.5,1.0,-0.5,1,0,bind
MuSiQue,357,What song did Paul McCartney write for the person who performed Too Late for Goodbyes?,low,0,2,1,1,1.0,1.0,1.0,2,3,0,0.0,0.0,0.0,0.0,0.0,0.0,0.5,0.5,0.0,1,0,bind
MuSiQue,358,"What is the average daytime temperature in the region where Richmond is found, in the state where WGCK-FM is located?",high,1,3,1,1,1.0,1.0,1.0,3,2,1,0.0,0.0,0.0,0.0,0.0,0.0,0.6666666666666666,0.6666666666666666,0.0,1,0,bind
MuSiQue,359,What team was Anna Benson's husband on?,low,0,2,1,1,1.0,1.0,1.0,2,2,0,1.0,1.0,1.0,1.0,0.0,0.0,1.0,1.0,0.0,1,0,bind
MuSiQue,360,Who is president of the newly declared independent country that is part of the Commission of Truth and Friendship with the country where Opor originated?,low,0,2,1,1,2.0,2.0,2.0,3,3,0,1.0,1.0,1.0,1.0,0.0,0.0,1.0,1.0,0.0,1,0,bind
MuSiQue,361,In what region of the country containing the district of A Lưới is the city that has the Zone 5 Military Museum located?,high,1,4,2,1,0.0,0.0,0.0,3,3,0,1.0,1.0,1.0,1.0,0.0,0.0,1.0,1.0,0.0,1,0,abstain
MuSiQue,362,New coins by the Somali Muslim Ajuran Empire were a proclamation of independence from a nation. How were the people of that nation expelled from country that borders Thailand and Ban Nampo village's country?,high,1,3,2,2,0.0,0.0,0.0,4,5,0,0.0,0.0,0.0,0.1818181818181818,0.0,-0.1818181818181818,0.5,0.5,0.0,1,0,abstain
MuSiQue,363,When was the country established that lies immediately north of the Persian Gulf and the region where the country containing Urim is located?,high,1,4,2,1,0.0,0.0,0.0,4,4,0,0.0,0.0,1.0,1.0,-1.0,-1.0,0.25,0.5,-0.25,1,0,abstain
MuSiQue,364,Which professional sports team would you not see play a home game where Jim Foster came up with the idea for arena football?,low,0,2,1,1,0.0,0.0,0.0,2,6,0,0.0,0.0,0.0,0.0,0.0,0.0,0.5,0.5,0.0,1,0,abstain
MuSiQue,365,"What is the average winter daytime temperature in the region containing Richmond, in the state where WXBX is located?",high,1,3,2,2,2.0,1.0,1.0,3,4,0,0.0,0.0,1.0,1.0,-1.0,-1.0,0.6666666666666666,1.0,-0.33333333333333337,1,0,bind
MuSiQue,366,What record label does the spouse of the performer of Somethin' Bad belong to?,high,1,3,2,2,1.0,0.5,1.0,3,2,1,0.0,0.0,0.0,0.4,0.0,-0.4,0.3333333333333333,0.3333333333333333,0.0,1,0,bind
MuSiQue,367,What is the food safety system of the antibiotic approval agency known as?,low,0,2,1,1,0.0,0.0,0.0,2,8,0,0.0,0.8889,0.0,0.888888888888889,0.0,1.111111111107288e-05,1.0,1.0,0.0,1,0,abstain
MuSiQue,368,Who did the star of Dark Hazard play in The Ten Commandments?,high,1,3,2,2,0.0,0.0,0.0,2,2,0,1.0,1.0,1.0,1.0,0.0,0.0,1.0,1.0,0.0,1,0,abstain
MuSiQue,369,Who is the mother of the composer of Jag tror på sommaren?,low,0,2,1,1,1.0,1.0,1.0,2,2,0,0.0,0.0,0.0,0.0,0.0,0.0,1.0,1.0,0.0,1,0,bind
MuSiQue,370,When did the city that headquarters the manufacturer of McAfee's benchmark elect its first black Mayor?,high,1,3,2,2,4.0,2.0,3.0,3,4,0,1.0,1.0,0.0,0.0,1.0,1.0,0.6666666666666666,0.6666666666666666,0.0,1,0,bind
MuSiQue,371,What song did Paul McCartney write for Sean Lennon's siblings?,low,0,2,1,1,0.0,0.0,0.0,2,6,0,1.0,1.0,1.0,1.0,0.0,0.0,1.0,0.5,0.5,1,0,abstain
MuSiQue,372,How were the same people who the Somali Muslim Ajuran Empire declared independence from expelled from the natural boundary between Thailand and the country where Ban Pakpo is found?,high,1,3,1,1,0.0,0.0,0.0,4,6,0,0.0,0.3333,0.0,0.0,0.0,0.3333,1.0,0.5,0.5,1,0,abstain
MuSiQue,373,What is the name of the child of the Italian navigator who sailed for England and explored the east coast of the continent Francisco Vázquez' birthplace is located?,high,1,3,2,1,6.0,3.0,3.0,4,2,1,0.0,0.0,1.0,1.0,-1.0,-1.0,0.5,0.5,0.0,1,0,bind
MuSiQue,374,What does the U.S. believe caused the country Beatrice Heuser was born to help Japan?,low,0,2,1,1,0.0,0.0,0.0,3,4,0,0.0,0.4,0.0,0.0,0.0,0.4,0.6666666666666666,0.3333333333333333,0.3333333333333333,1,0,abstain
MuSiQue,375,What forced the departure from the country responsible for Phoe Pyonn Cho of the people once defied by new coinage?,low,0,2,1,1,0.0,0.0,0.0,3,2,1,0.0,0.0,0.0,0.0,0.0,0.0,0.3333333333333333,0.3333333333333333,0.0,1,0,abstain
MuSiQue,376,Who was the mayor of New York during the time when the US had its highest unemployment rate?,high,1,3,2,2,1.0,0.5,1.0,2,9,0,0.0,0.0,1.0,1.0,-1.0,-1.0,1.0,1.0,0.0,1,0,bind
MuSiQue,377,"What did the singer of ""Moon River"" in the movie Breakfast at Tiffany win a Tony for?",low,0,2,1,1,2.0,2.0,2.0,2,4,0,0.0,0.8235,0.0,0.8235294117647058,0.0,-2.94117647058334e-05,1.0,1.0,0.0,1,0,bind
MuSiQue,378,"Who employs the author of ""Ravenswood: The Steelworkers' Victory and the Revival of American Labor""?",low,0,2,1,1,1.0,1.0,1.0,2,2,0,1.0,1.0,1.0,1.0,0.0,0.0,1.0,1.0,0.0,1,0,bind
MuSiQue,379,"When did Nissan, the Acura Legend maker and the Scion xD manufacturer open US assembly plants?",low,0,2,1,1,0.0,0.0,0.0,3,2,1,0.0,0.0,0.0,0.0,0.0,0.0,0.6666666666666666,0.3333333333333333,0.3333333333333333,1,0,abstain
MuSiQue,380,Where is the origin of the river that Orlam clans crossed to migrate to Namibia?,low,0,2,1,1,1.0,1.0,1.0,2,4,0,0.0,0.0,0.0,0.0,0.0,0.0,1.0,1.0,0.0,1,0,bind
MuSiQue,381,who played who sang is she really going out with him in the who sang she's out of my life movie?,low,0,2,1,1,0.0,0.0,0.0,3,3,0,0.0,0.0,0.0,0.0,0.0,0.0,0.6666666666666666,1.0,-0.33333333333333337,1,0,abstain
MuSiQue,382,Which city of the sea linked to another sea that Theodoric was trying to gain access to by attacking Narbo Martius was the main port of Axum?,high,1,3,2,2,0.0,0.0,0.0,3,4,0,1.0,1.0,1.0,1.0,0.0,0.0,0.6666666666666666,0.6666666666666666,0.0,1,0,abstain
MuSiQue,383,Who is the owner of the record label of the guitarist who performed on the Top Gun theme?,high,1,3,2,2,2.0,1.0,2.0,3,3,0,0.0,0.4,0.0,0.6666666666666666,0.0,-0.2666666666666666,0.6666666666666666,0.6666666666666666,0.0,1,0,bind
MuSiQue,384,The actor playing Barney in How I Met Your Mother played who in Batman Under The Red Hood?,low,0,2,1,1,0.0,0.0,0.0,2,3,0,1.0,1.0,1.0,1.0,0.0,0.0,1.0,1.0,0.0,1,0,abstain
MuSiQue,385,Who sent naval ships to the body of water that joins the Atlantic and the sea where the Rhine ends?,low,0,2,1,1,0.0,0.0,0.0,3,6,0,0.0,0.0,0.0,0.0,0.0,0.0,1.0,0.3333333333333333,0.6666666666666667,1,0,abstain
MuSiQue,386,How long had the city where the Yongle emperor greeted the person to whom the edict was addressed been the capitol of Yaxing Coach's headquarters location?,high,1,4,3,2,0.0,0.0,0.0,4,4,0,0.0,0.0,0.0,0.0,0.0,0.0,0.75,0.75,0.0,1,0,abstain
MuSiQue,387,When is the birthday of the creator of Le ruisseau noir?,low,0,2,1,1,1.0,1.0,1.0,2,2,0,1.0,1.0,1.0,1.0,0.0,0.0,1.0,1.0,0.0,1,0,bind
MuSiQue,388,What was the population in 1900 of the second largest city in the US state having the Library District of the county containing Yuma?,high,1,4,3,3,0.0,0.0,0.0,4,5,0,0.0,0.0,1.0,1.0,-1.0,-1.0,0.5,0.75,-0.25,1,0,abstain
MuSiQue,389,What geological event caused the foundations of the land beneath the city where most university graduates stay after acquiring a degree?,low,0,2,1,1,0.0,0.0,0.0,2,2,0,0.0,0.0,0.0,0.0,0.0,0.0,1.0,1.0,0.0,1,0,abstain
MuSiQue,390,"A country's military branch, the equivalent of which in the US helped the Old West's local police, was unprepared for the invasion of the country that developed the ZH-29. The unprepared country was the only communist country to have an embassy where?",high,1,4,3,3,0.0,0.0,0.0,4,4,0,0.0,0.5,0.0,0.5,0.0,0.0,0.75,1.0,-0.25,1,0,abstain
MuSiQue,391,"What UK label was bought by the company which, along with ABC and the network which broadcasted The Chisholms, is the other major broadcaster based in NY?",low,0,2,1,1,0.0,0.0,0.0,3,3,0,0.0,0.0,1.0,1.0,-1.0,-1.0,0.6666666666666666,0.3333333333333333,0.3333333333333333,1,0,abstain
MuSiQue,392,During which era was the company that makes Nirbhay founded?,low,0,2,1,1,0.0,0.0,0.0,2,2,0,0.0,0.8571,0.0,0.8571428571428571,0.0,-4.285714285712228e-05,1.0,1.0,0.0,1,0,abstain
MuSiQue,393,What's the population of the largest state in the region of the U.S. where trading practices were once threatened by the Navigation Acts?,high,1,3,2,2,2.0,1.0,1.0,3,3,0,1.0,1.0,0.0,0.0,1.0,1.0,1.0,0.3333333333333333,0.6666666666666667,1,0,bind
MuSiQue,394,"The volcano, named after the legendary King featured in Historia Regum Britanniae, last erupted when?",high,1,3,2,2,8.0,4.0,5.0,2,4,0,0.0,0.0,0.0,0.0,0.0,0.0,0.5,0.0,0.5,1,0,bind
MuSiQue,395,What year did the country that includes the birth city of Bodindecha form an alliance with Japan?,high,1,3,2,2,1.0,0.5,1.0,3,3,0,1.0,1.0,1.0,1.0,0.0,0.0,0.3333333333333333,0.6666666666666666,-0.3333333333333333,1,0,bind
MuSiQue,396,The military group of which the Air Defense Artillery is a branch was unprepared for the invasion of the territory the Nazis occupied. The country of this group was the only communist country to have an embassy where?,high,1,3,2,2,0.0,0.0,0.0,4,6,0,0.0,0.5,0.0,0.5,0.0,0.0,0.25,0.5,-0.25,1,0,abstain
MuSiQue,397,When was the last time Gary Rowett's team beat the 1894-95 FA Cup winner?,low,0,2,1,1,0.0,0.0,0.0,3,5,0,0.0,0.0,0.0,0.0,0.0,0.0,0.6666666666666666,0.3333333333333333,0.3333333333333333,1,0,abstain
MuSiQue,398,How long had Anhua Gao's birthplace been the capitol city of Yaxing Coach's headquarters location?,high,1,3,1,1,0.0,0.0,0.0,3,5,0,0.0,0.4,0.0,0.4,0.0,0.0,1.0,1.0,0.0,1,0,abstain
MuSiQue,399,When did the party that holds the majority in the House of Representatives take control of the branch that gives regulators discretion to prohibit proprietary trades?,high,1,3,1,1,0.0,0.0,0.0,3,8,0,0.0,0.0,0.0,0.6666666666666666,0.0,-0.6666666666666666,0.3333333333333333,0.6666666666666666,-0.3333333333333333,1,0,abstain
MuSiQue,400,"A country's military branch, the equivalent of which in the US contains the Air Defense Artillery, was unprepared for the invasion of Ivo Werner's country. When was the word ""Slavs"" used in the national anthem of the unprepared country?",high,1,3,2,2,0.0,0.0,0.0,4,3,1,0.0,0.0,0.0,0.0,0.0,0.0,0.75,0.75,0.0,1,0,abstain
MuSiQue,401,Where is New Perry's place of death found in Florida?,low,0,1,0,0,0.0,0.0,0.0,2,3,0,0.0,0.0,0.0,0.0,0.0,0.0,1.0,0.5,0.5,1,0,abstain
MuSiQue,402,Who is the wife of the man who produced the documentary of the pop star who influenced Beyonce?,high,1,3,2,2,1.0,0.5,1.0,3,2,1,0.0,0.0,0.0,0.0,0.0,0.0,0.6666666666666666,0.6666666666666666,0.0,1,0,bind
MuSiQue,403,What day is the Feast held in the city where the headquarters of the only group larger than Långa nätter's record label is located?,high,1,4,3,3,0.0,0.0,0.0,4,4,0,0.0,0.0,0.0,0.0,0.0,0.0,0.5,0.5,0.0,1,0,abstain
MuSiQue,404,What treaty ceded territory to the US extending west to the body of water by the city where Write This Down was formed?,high,1,3,2,2,1.0,0.5,1.0,3,5,0,0.0,0.5714,0.0,0.5714285714285715,0.0,-2.8571428571488866e-05,0.6666666666666666,0.6666666666666666,0.0,1,0,bind
MuSiQue,405,When did the party that hold the majority in the House of Reps take control of the branch that approves members of the American cabinet?,low,0,2,1,1,1.0,1.0,1.0,3,5,0,0.0,0.0,0.0,0.0,0.0,0.0,0.0,0.6666666666666666,-0.6666666666666666,1,0,bind
MuSiQue,406,What is the mascot of the operator of RV Wecoma?,low,0,2,1,1,1.0,1.0,1.0,2,3,0,1.0,1.0,1.0,1.0,0.0,0.0,1.0,1.0,0.0,1,0,bind
MuSiQue,407,What is the birth place of the US president with whose election the republican ascendancy of the 1920's began?,low,0,2,1,1,0.0,0.0,0.0,2,4,0,0.0,0.8,0.0,0.8,0.0,0.0,1.0,1.0,0.0,1,0,abstain
MuSiQue,408,What state contains the place where Fatata te Miti is displayed?,low,0,2,1,1,1.0,1.0,1.0,2,3,0,1.0,1.0,1.0,1.0,0.0,0.0,1.0,1.0,0.0,1,0,bind
MuSiQue,409,"What year did the group that performed From Them, Through Us, to You form?",low,0,2,1,1,1.0,1.0,1.0,2,2,0,1.0,1.0,1.0,1.0,0.0,0.0,1.0,1.0,0.0,1,0,bind
MuSiQue,410,"When were the American colonies lost by the country that owned the region that secured southern Lebanon in 1978, before it achieved country status?",low,0,2,1,1,0.0,0.0,0.0,3,4,0,1.0,1.0,1.0,1.0,0.0,0.0,0.6666666666666666,0.6666666666666666,0.0,1,0,abstain
MuSiQue,411,Who is the brother of the Melissa and Joey Theme Song singer?,low,0,2,1,1,0.0,0.0,0.0,2,4,0,0.0,0.0,0.0,0.0,0.0,0.0,0.5,0.5,0.0,1,0,abstain
MuSiQue,412,Who is the father of the Labo M performer?,low,0,2,1,1,2.0,2.0,2.0,2,2,0,1.0,1.0,1.0,1.0,0.0,0.0,1.0,0.5,0.5,1,0,bind
MuSiQue,413,"When did Nissan, the Acura Legend maker and the top selling car brand open US assembly plants?",low,0,2,1,1,0.0,0.0,0.0,3,2,1,0.0,0.0,0.0,0.0,0.0,0.0,0.6666666666666666,0.3333333333333333,0.3333333333333333,1,0,abstain
MuSiQue,414,When did the Governor of the city where the Basilica named after the saint holding the knife in the Last Supper is located in end?,high,1,3,2,2,1.0,0.5,1.0,3,3,0,1.0,1.0,0.0,0.0,1.0,1.0,0.6666666666666666,0.3333333333333333,0.3333333333333333,1,0,bind
MuSiQue,415,Where do greyhound buses leave from in the city where the performer of Darlings formed?,high,1,3,2,2,0.0,0.0,0.0,3,3,0,0.0,0.0,1.0,1.0,-1.0,-1.0,0.3333333333333333,0.6666666666666666,-0.3333333333333333,1,0,abstain
MuSiQue,416,Where did the inventor of the Money in the Bank ladder match win in 2008?,low,0,2,1,1,0.0,0.0,0.0,2,3,0,1.0,1.0,1.0,1.0,0.0,0.0,1.0,1.0,0.0,1,0,abstain
MuSiQue,417,Who is the guy defending this stuff from the book from which by the skin of your teeth originated?,high,1,3,2,2,0.0,0.0,0.0,2,4,0,1.0,1.0,0.0,0.0,1.0,1.0,1.0,0.5,0.5,1,0,abstain
MuSiQue,418,How many times did plague occur in Al gran sole carico d'amore's composer's work location?,high,1,3,2,2,0.0,0.0,0.0,3,4,0,1.0,1.0,1.0,1.0,0.0,0.0,1.0,0.6666666666666666,0.33333333333333337,1,0,abstain
MuSiQue,419,Who is the creator of Mickey Mouse's spouse?,low,0,2,1,1,0.0,0.0,0.0,2,4,0,0.0,0.5714,0.0,0.5714285714285715,0.0,-2.8571428571488866e-05,0.5,0.5,0.0,1,0,abstain
MuSiQue,420,When did the town WLUJ is licensed in become capitol of the state in which a statue of a Latin mother goddess is located?,low,0,2,1,1,0.0,0.0,0.0,4,4,0,1.0,1.0,0.0,0.0,1.0,1.0,0.75,0.75,0.0,1,0,abstain
MuSiQue,421,"In New Zealand, 12.6% of Christians belong to a church that is also active in Lesotho. What movement was led by a man who challenged this church?",high,1,3,2,2,1.0,0.5,1.0,4,5,0,0.0,0.0,0.0,0.0,0.0,0.0,0.5,0.5,0.0,1,0,bind
MuSiQue,422,What is the oldest college in the state that contains Borough House Plantation?,low,0,2,1,1,0.0,0.0,0.0,2,2,0,1.0,1.0,1.0,1.0,0.0,0.0,1.0,1.0,0.0,1,0,abstain
MuSiQue,423,Who was the spouse of the first convert to the faith that is the most common religion in Lebanon?,high,1,3,2,2,0.0,0.0,0.0,3,3,0,1.0,1.0,1.0,1.0,0.0,0.0,1.0,1.0,0.0,1,0,abstain
MuSiQue,424,"Who, along with the author of An Essay on the History of Civil Society, criticized the idea of social contract theorists?",low,0,2,1,1,0.0,0.0,0.0,2,2,0,1.0,1.0,1.0,1.0,0.0,0.0,1.0,1.0,0.0,1,0,abstain
MuSiQue,425,Which competition did the performer of Cadore 33 participated?,low,0,2,1,1,0.0,0.0,0.0,2,2,0,1.0,1.0,1.0,1.0,0.0,0.0,1.0,1.0,0.0,1,0,abstain
MuSiQue,426,When was the most recent Bicycle Friendly Community Award given to the city where the headquarters of the only group larger than Långa nätter's record label is located?,high,1,4,3,3,0.0,0.0,0.0,4,7,0,1.0,1.0,1.0,1.0,0.0,0.0,0.5,0.75,-0.25,1,0,abstain
MuSiQue,427,When does the show of the cast member of Politically Incorrect start again in 2018?,low,0,2,1,1,0.0,0.0,0.0,2,4,0,0.0,0.3333,0.0,0.0,0.0,0.3333,1.0,0.0,1.0,1,0,abstain
MuSiQue,428,"Who wrote turn me on, which was performed by the person who also performed Chasing Pirates?",low,0,2,1,1,1.0,1.0,1.0,2,5,0,1.0,1.0,1.0,1.0,0.0,0.0,1.0,1.0,0.0,1,0,bind
MuSiQue,429,Where did the arguer that Kirill Eskov's country of citizenship had become an imperialist power declare he would intervene in the Korean conflict?,high,1,4,3,2,0.0,0.0,0.0,3,3,0,0.0,0.0,0.0,0.0,0.0,0.0,1.0,0.3333333333333333,0.6666666666666667,1,0,abstain
MuSiQue,430,Which mythological tradition has the group of heroes that includes Aegialeus?,low,0,2,1,1,1.0,1.0,1.0,2,2,0,0.0,0.0,0.0,0.0,0.0,0.0,1.0,1.0,0.0,1,0,bind
MuSiQue,431,How many members in the seats of the organization that enacted the Directory of Public Worship into law are members of the Scottish Government?,high,1,4,3,3,0.0,0.0,0.0,2,2,0,1.0,1.0,1.0,1.0,0.0,0.0,1.0,1.0,0.0,1,0,abstain
MuSiQue,432,In which county is Southern Maryland Electric Cooperative headquartered?,low,0,2,1,1,1.0,1.0,1.0,2,2,0,0.0,0.6667,1.0,1.0,-1.0,-0.33330000000000004,1.0,1.0,0.0,1,0,bind
MuSiQue,433,What institute did the actor playing the voice of John Smith in Pocahontas attend?,low,0,2,1,1,0.0,0.0,0.0,2,2,0,0.0,0.2,0.0,0.9090909090909091,0.0,-0.709090909090909,0.5,1.0,-0.5,1,0,abstain
MuSiQue,434,Who played who sang is she really going out with him in the performer of Anthology movie?,low,0,2,1,1,2.0,2.0,2.0,3,3,0,0.0,0.0,0.0,0.0,0.0,0.0,1.0,0.6666666666666666,0.33333333333333337,1,0,bind
MuSiQue,435,"What record label released the debut album of the artist behind the 1993 album ""Let There be Love"".",high,1,3,2,2,6.0,3.0,5.0,2,2,0,1.0,1.0,1.0,1.0,0.0,0.0,1.0,1.0,0.0,1,0,bind
MuSiQue,436,Who is the president of the group Kim Un-yong is a member of?,low,0,2,1,1,1.0,1.0,1.0,2,2,0,1.0,1.0,1.0,1.0,0.0,0.0,1.0,1.0,0.0,1,0,bind
MuSiQue,437,When did the rapper on On and On and Beyond release Best day Ever?,low,0,2,1,1,0.0,0.0,0.0,2,2,0,1.0,1.0,1.0,1.0,0.0,0.0,1.0,1.0,0.0,1,0,abstain
MuSiQue,438,The leader visiting where Steven Spielberg's grandparents are from met with whom on November 22?,high,1,3,2,2,0.0,0.0,0.0,3,2,1,0.0,0.0,0.0,0.0,0.0,0.0,1.0,0.6666666666666666,0.33333333333333337,1,0,abstain
MuSiQue,439,Who was married to the star of No Escape?,low,0,2,1,1,0.0,0.0,0.0,2,2,0,1.0,1.0,1.0,1.0,0.0,0.0,1.0,1.0,0.0,1,0,abstain
MuSiQue,440,What is the name of the famous bridge in the city where the composer of La costanza trionfante degl'amori e de gl'odii was born?,high,1,3,2,2,0.0,0.0,0.0,3,5,0,1.0,1.0,1.0,1.0,0.0,0.0,0.6666666666666666,0.6666666666666666,0.0,1,0,abstain
MuSiQue,441,Who owns the record label of the Every Turn of the World performer?,high,1,3,2,2,0.0,0.0,0.0,3,2,1,0.0,0.0,0.0,0.4,0.0,-0.4,0.3333333333333333,0.3333333333333333,0.0,1,0,abstain
MuSiQue,442,What is the capital of the county that shares a border with the county where KRSU is licensed to broadcast?,high,1,3,2,2,0.0,0.0,0.0,4,5,0,0.0,0.0,0.0,0.0,0.0,0.0,0.25,0.25,0.0,1,0,abstain
MuSiQue,443,What is the Book of Healing by the writer of The Canon of Medicine referred to in Arabic?,low,0,2,1,1,0.0,0.0,0.0,2,6,0,0.0,0.0,0.0,0.0,0.0,0.0,1.0,1.0,0.0,1,0,abstain
MuSiQue,444,Who was the person talking at the beginning of Thriller by Fall Out Boy talking about in Song Cry?,low,0,2,1,1,0.0,0.0,0.0,2,1,1,0.0,0.0,0.0,0.0,0.0,0.0,1.0,0.5,0.5,1,0,abstain
MuSiQue,445,What record label did the performer of The Place and the Time belong to?,low,0,2,1,1,0.0,0.0,0.0,2,3,0,0.0,0.5,1.0,1.0,-1.0,-0.5,1.0,1.0,0.0,1,0,abstain
MuSiQue,446,What film features Anil Devgan's sibling?,low,0,2,1,1,0.0,0.0,0.0,2,3,0,0.0,0.0,0.0,0.0,0.0,0.0,0.5,0.5,0.0,1,0,abstain
MuSiQue,447,When did the party Harlan and Stewart were affiliated with gain control of the body which determines rules of the US House and US Senate?,high,1,3,1,1,0.0,0.0,0.0,3,7,0,0.0,0.0,0.0,0.6666666666666666,0.0,-0.6666666666666666,0.6666666666666666,0.3333333333333333,0.3333333333333333,1,0,abstain
MuSiQue,448,"According to QS World University Rankings, what is the ranking of the place that employed Said Ashour?",high,1,3,2,2,0.0,0.0,0.0,2,2,0,0.0,0.0,0.0,0.0,0.0,0.0,0.0,1.0,-1.0,1,0,abstain
MuSiQue,449,Who is the president of the newly declared independent country that is part of the Commission of Truth and Friendship with Radiansyah's birth country?,low,0,2,1,1,2.0,2.0,2.0,3,4,0,1.0,1.0,1.0,1.0,0.0,0.0,0.6666666666666666,1.0,-0.33333333333333337,1,0,bind
MuSiQue,450,Who is the mother of the founder of Mormonism?,low,0,2,1,1,4.0,4.0,4.0,2,3,0,1.0,1.0,1.0,1.0,0.0,0.0,1.0,0.5,0.5,1,0,bind
MuSiQue,451,Who is the president of newly declared independent country part of the Commission of Truth and Friendship with the country where Kaimana is located?,high,1,3,2,2,3.0,1.5,3.0,3,4,0,1.0,1.0,1.0,1.0,0.0,0.0,1.0,1.0,0.0,1,0,bind
MuSiQue,452,The actor who plays copper in Fox and the Hound is a character in which film?,low,0,2,1,1,0.0,0.0,0.0,2,3,0,0.0,0.0,0.0,0.0,0.0,0.0,0.5,0.5,0.0,1,0,abstain
MuSiQue,453,"The German priest, who wanted Joseph Strickland's religious denomination to reform, preached a sermon on Marian devotion soon before his death in what German state?",low,0,2,1,1,0.0,0.0,0.0,4,3,1,1.0,1.0,0.0,0.0,1.0,1.0,0.75,0.5,0.25,1,0,abstain
MuSiQue,454,When did the performer of Goosebumpz release best day ever?,low,0,2,1,1,0.0,0.0,0.0,2,3,0,1.0,1.0,1.0,1.0,0.0,0.0,1.0,1.0,0.0,1,0,abstain
MuSiQue,455,Why does the place where Step Up Revolution takes place have a duck for a mascot?,high,1,3,2,2,0.0,0.0,0.0,2,3,0,0.0,0.0,0.0,0.0,0.0,0.0,0.5,0.5,0.0,1,0,abstain
MuSiQue,456,"What artist was featured on Smooth Jazz Stations, along with Kenny G and the performer of The Dance?",low,0,2,1,1,1.0,1.0,1.0,2,9,0,0.0,0.0,0.0,0.0,0.0,0.0,1.0,1.0,0.0,1,0,bind
MuSiQue,457,What is the experimental satellite which was the forerunner to the communication satellite of the operator of GSAT-7 called?,low,0,2,1,1,0.0,0.0,0.0,2,2,0,1.0,1.0,1.0,1.0,0.0,0.0,1.0,1.0,0.0,1,0,abstain
MuSiQue,458,Who was the person who acquired the parent company of the music service Beyonce owns part of talking about in the song Cry?,low,0,2,1,1,0.0,0.0,0.0,2,2,0,0.0,0.0,0.0,0.0,0.0,0.0,1.0,0.5,0.5,1,0,abstain
MuSiQue,459,Who play's Marty's girlfriend in back to the future?,low,0,1,0,0,0.0,0.0,0.0,2,3,0,1.0,1.0,1.0,1.0,0.0,0.0,1.0,0.5,0.5,1,0,abstain
MuSiQue,460,Arthur Marryatt is a member of a sports association that has who as president?,low,0,2,1,1,0.0,0.0,0.0,2,3,0,1.0,1.0,1.0,1.0,0.0,0.0,1.0,1.0,0.0,1,0,abstain
MuSiQue,461,Where was Popper's academic appointment in the country near the country of citizenship of the person who wrote The Book Thief?,high,1,4,3,3,2.0,0.6666666666666666,2.0,4,4,0,0.0,0.0,1.0,1.0,-1.0,-1.0,0.25,0.5,-0.25,1,0,bind
MuSiQue,462,What month did the person who retained trust in Longchamp go away to the Holy Land?,low,0,2,1,1,1.0,1.0,1.0,2,3,0,1.0,1.0,0.0,0.0,1.0,1.0,1.0,0.5,0.5,1,0,bind
MuSiQue,463,Who did the screenwriter for Good Will Hunting play in Dazed and Confused?,high,1,3,2,2,3.0,1.5,2.0,2,4,0,1.0,1.0,1.0,1.0,0.0,0.0,1.0,1.0,0.0,1,0,bind
MuSiQue,464,Who introduced a system of musical notation in the 14th century that is used in the area where most of the invasion of the eastern Roman Empire took place?,low,0,2,1,1,0.0,0.0,0.0,2,4,0,1.0,1.0,1.0,1.0,0.0,0.0,1.0,1.0,0.0,1,0,abstain
MuSiQue,465,What award did the author of The Red Tree receive?,low,0,2,1,1,1.0,1.0,1.0,2,2,0,1.0,1.0,1.0,1.0,0.0,0.0,1.0,1.0,0.0,1,0,bind
MuSiQue,466,Where was the president born on the fourth of July born?,low,0,2,1,1,0.0,0.0,0.0,2,2,0,0.0,0.0,0.0,0.8,0.0,-0.8,1.0,1.0,0.0,1,0,abstain
MuSiQue,467,What was the population of the European country the Huguenots felt kinship for emigration to before this emigration?,low,0,2,1,1,0.0,0.0,0.0,2,3,0,1.0,1.0,1.0,1.0,0.0,0.0,1.0,1.0,0.0,1,0,abstain
MuSiQue,468,What taxa is Ommatidae part of?,low,0,1,0,0,0.0,0.0,0.0,2,2,0,1.0,1.0,0.0,0.0,1.0,1.0,1.0,0.5,0.5,1,0,abstain
MuSiQue,469,The London broil cut comes from a country with an emergency response guidebook with response guides in which section?,high,1,3,2,2,0.0,0.0,0.0,2,2,0,0.0,0.6667,1.0,1.0,-1.0,-0.33330000000000004,1.0,1.0,0.0,1,0,abstain
MuSiQue,470,How long was the place where the Yongle Emperor greeted who the Ming court thought representatives were sent by the capitol of the city in which Guangling District is located?,high,1,4,3,3,0.0,0.0,0.0,4,7,0,0.0,0.0,0.0,0.0,0.0,0.0,1.0,0.75,0.25,1,0,abstain
MuSiQue,471,Who is the owner of the record label of the performer of What Kind of Love?,high,1,3,2,2,0.0,0.0,0.0,3,5,0,0.0,0.0,1.0,1.0,-1.0,-1.0,0.6666666666666666,1.0,-0.33333333333333337,1,0,abstain
MuSiQue,472,When is the opening day of the league in which the team with the most games in the series after which the MLB MVP is awarded plays?,high,1,3,2,2,0.0,0.0,0.0,4,6,0,0.0,0.0,0.0,0.0,0.0,0.0,0.75,0.25,0.5,1,0,abstain
MuSiQue,473,Who wrote the song turn me on that is performed by performer of Feelin' the Same Way?,low,0,1,0,0,0.0,0.0,0.0,2,2,0,1.0,1.0,1.0,1.0,0.0,0.0,1.0,1.0,0.0,1,0,abstain
MuSiQue,474,What is the seat of the county sharing a border with the county in which J. P. Hayes was born?,high,1,3,2,2,0.0,0.0,0.0,4,4,0,0.0,0.0,1.0,1.0,-1.0,-1.0,0.25,0.25,0.0,1,0,abstain
MuSiQue,475,When did the party that controls the House of Representatives take control of the branch who determines the rules of the US house and Senate?,low,0,2,1,1,0.0,0.0,0.0,3,6,0,0.0,0.0,0.0,0.6666666666666666,0.0,-0.6666666666666666,0.0,0.6666666666666666,-0.6666666666666666,1,0,abstain
MuSiQue,476,What does seal stand for in the seals of the service operating list of destroyer classes of the operator of USS Peril?,high,1,3,2,2,0.0,0.0,0.0,3,2,1,1.0,1.0,0.0,0.0,1.0,1.0,1.0,0.3333333333333333,0.6666666666666667,1,0,abstain
MuSiQue,477,"When is Celebrity Big Brother coming to the network which, along with ABC and the network which broadcasted The Chisholms, is the other major broadcaster based in NY?",high,1,3,2,2,1.0,0.5,1.0,3,4,0,1.0,1.0,1.0,1.0,0.0,0.0,1.0,1.0,0.0,1,0,bind
MuSiQue,478,What company is the label responsible for Don't Let Me Wait Too Long a part of?,low,0,2,1,1,1.0,1.0,1.0,2,2,0,0.0,0.8,0.0,0.8,0.0,0.0,1.0,1.0,0.0,1,0,bind
MuSiQue,479,Who is the child of Mahmoud Mirza's father?,low,0,2,1,1,0.0,0.0,0.0,2,1,1,0.0,0.0,0.0,0.0,0.0,0.0,1.0,0.5,0.5,1,0,abstain
MuSiQue,480,What was the story of the character from The Bourne Deception based on?,low,0,1,0,0,0.0,0.0,0.0,2,5,0,0.0,0.4444,0.0,0.4444444444444445,0.0,-4.444444444445805e-05,0.5,1.0,-0.5,1,0,abstain
MuSiQue,481,Which record label does the band who sang hey now you're an allstar belong to?,low,0,2,1,1,2.0,2.0,2.0,2,5,0,1.0,1.0,1.0,1.0,0.0,0.0,1.0,1.0,0.0,1,0,bind
MuSiQue,482,When did the U.S. stop trading with the country that started hostilities?,low,0,2,1,1,1.0,1.0,1.0,2,5,0,0.0,0.0,0.0,0.0,0.0,0.0,0.0,0.5,-0.5,1,0,bind
MuSiQue,483,What team is the person with the highest point average in NBA history on?,low,0,2,1,1,0.0,0.0,0.0,2,6,0,0.0,0.0,0.0,0.0,0.0,0.0,0.5,0.5,0.0,1,0,abstain
MuSiQue,484,Who is part of the group performing Ask the Fish?,low,0,1,0,0,0.0,0.0,0.0,2,3,0,0.0,0.0,0.0,0.0,0.0,0.0,1.0,1.0,0.0,1,0,abstain
MuSiQue,485,"When did the maker of the Acura RLX, the owner of Scion, and Nissan open US assembly plants?",high,1,4,2,1,0.0,0.0,0.0,3,3,0,1.0,1.0,0.0,0.0,1.0,1.0,1.0,0.6666666666666666,0.33333333333333337,1,0,abstain
MuSiQue,486,Which interpretation of the work of the writer of The Canon of Medicine was taught more in Islamic schools?,low,0,2,1,1,0.0,0.0,0.0,2,5,0,0.0,0.0,0.0,0.0,0.0,0.0,1.0,0.5,0.5,1,0,abstain
MuSiQue,487,The native country of emu birds started conscription. This occurred during the war depicted in The Things They Carried. What year did the draft start?,high,1,4,2,1,3.0,1.5,2.0,3,3,0,1.0,1.0,1.0,1.0,0.0,0.0,0.6666666666666666,1.0,-0.33333333333333337,1,0,bind
MuSiQue,488,What character in Princess Diaries does the actress play who was also a cast member in On Golden Pond?,high,1,4,3,2,5.0,1.6666666666666667,3.0,2,4,0,1.0,1.0,1.0,1.0,0.0,0.0,1.0,1.0,0.0,1,0,bind
MuSiQue,489,What were the Genesis' advantages over the platform of Colorful Dragon?,high,1,3,2,2,2.0,1.0,1.0,3,5,0,0.0,0.1176,0.0,0.13333333333333333,0.0,-0.015733333333333335,0.6666666666666666,0.6666666666666666,0.0,1,0,bind
MuSiQue,490,When does daylight savings end in the country near the country where the author of The Book Thief is from?,high,1,4,3,3,0.0,0.0,0.0,4,9,0,0.0,0.75,0.0,0.25,0.0,0.5,0.25,0.5,-0.25,1,0,abstain
MuSiQue,491,"In what region of the country that contains Phu Luong, is the city that has the Zone 5 Military Museum located?",high,1,3,1,1,0.0,0.0,0.0,3,3,0,1.0,1.0,1.0,1.0,0.0,0.0,1.0,1.0,0.0,1,0,abstain
MuSiQue,492,who has had the most hits in the league that includes the team that has played the most games of the type played just before the league MVP is awarded?,high,1,3,2,2,0.0,0.0,0.0,4,3,1,1.0,1.0,1.0,1.0,0.0,0.0,0.5,0.5,0.0,1,0,abstain
MuSiQue,493,Who has the most hits in the history of the organization that includes the team Jim Wilson was released by?,low,0,2,1,1,0.0,0.0,0.0,3,2,1,1.0,1.0,1.0,1.0,0.0,0.0,0.6666666666666666,0.6666666666666666,0.0,1,0,abstain
MuSiQue,494,"Along with Kenny G and the performer of Hello Tomorrow, what artist was featured on Smooth Jazz Stations?",low,0,2,1,1,1.0,1.0,1.0,2,4,0,1.0,1.0,1.0,1.0,0.0,0.0,1.0,1.0,0.0,1,0,bind
MuSiQue,495,What year did the country that is the natural boundary between where the tournament was hosted and where A Don is located host the ASEAN Conference?,low,0,2,1,1,0.0,0.0,0.0,4,2,1,0.0,0.4,0.0,0.4,0.0,0.0,0.5,0.5,0.0,1,0,abstain
MuSiQue,496,Who is the mother of Katharine Smith Salisbury's brother?,low,0,2,1,1,1.0,1.0,1.0,2,2,0,1.0,1.0,0.0,0.0,1.0,1.0,1.0,0.5,0.5,1,0,bind
MuSiQue,497,Who is the father of the performer of Je dis aime?,low,0,2,1,1,1.0,1.0,1.0,2,3,0,1.0,1.0,1.0,1.0,0.0,0.0,1.0,1.0,0.0,1,0,bind
MuSiQue,498,What does the name of the topic that Eisenhower didn't discuss during the campaign stand for?,low,0,2,1,1,1.0,1.0,1.0,2,2,0,0.0,0.0,1.0,1.0,-1.0,-1.0,1.0,0.5,0.5,1,0,bind
MuSiQue,499,When did the person who first brought a postal service into Umayyad lands become caliph?,low,0,2,1,1,0.0,0.0,0.0,2,5,0,1.0,1.0,1.0,1.0,0.0,0.0,1.0,1.0,0.0,1,0,abstain
MuSiQue,500,Where did Katrina hit the hardest in the Toussaint performer's birthplace?,low,0,2,1,1,1.0,1.0,1.0,3,7,0,1.0,1.0,1.0,1.0,0.0,0.0,0.3333333333333333,0.3333333333333333,0.0,1,0,bind
MuSiQue,501,Who played Seether's performer in willy wonka and the chocolate factory?,low,0,2,1,1,0.0,0.0,0.0,2,5,0,0.0,0.0,0.0,0.0,0.0,0.0,0.0,0.5,-0.5,1,0,abstain
MuSiQue,502,Who is the owner of the record label that the performer of Better Than Me is signed with?,high,1,3,2,2,1.0,0.5,1.0,3,2,1,0.0,0.6667,0.0,0.4,0.0,0.26669999999999994,0.6666666666666666,0.6666666666666666,0.0,1,0,bind
MuSiQue,503,What is the administrative territorial entity that contains the location of Eric Marcus Municipal Airport PBS station?,low,0,2,1,1,0.0,0.0,0.0,3,2,1,0.0,0.0,0.0,0.0,0.0,0.0,0.6666666666666666,0.6666666666666666,0.0,1,0,abstain
MuSiQue,504,"By 1931, what percentage of the world's Jews were the group of Jews that represented the bulk of modern Jewry?",low,0,1,0,0,0.0,0.0,0.0,2,3,0,0.0,0.6667,0.0,0.6666666666666666,0.0,3.333333333332966e-05,1.0,1.0,0.0,1,0,abstain
MuSiQue,505,Who was married to the creator of Ruby Loftus Screwing a Breech Ring?,low,0,2,1,1,0.0,0.0,0.0,2,2,0,0.0,0.0,1.0,1.0,-1.0,-1.0,0.5,1.0,-0.5,1,0,abstain
MuSiQue,506,Country A has an embassy from the country that contains the bay where the city of General Santos is located. What network created country A's version of The Biggest Loser?,high,1,3,2,2,2.0,1.0,2.0,4,4,0,1.0,1.0,1.0,1.0,0.0,0.0,0.75,1.0,-0.25,1,0,bind
MuSiQue,507,What is the symbol of the Saints from the city where the headquarters of the manufacturer of McAfee's Benchmark called?,low,0,2,1,1,0.0,0.0,0.0,3,3,0,1.0,1.0,0.0,0.0,1.0,1.0,1.0,0.3333333333333333,0.6666666666666667,1,0,abstain
MuSiQue,508,What is the name of the famous bridge located in the birthplace of the composer of Nulla in mundo pax sincera?,low,0,2,1,1,1.0,1.0,1.0,3,4,0,1.0,1.0,1.0,1.0,0.0,0.0,0.6666666666666666,0.6666666666666666,0.0,1,0,bind
MuSiQue,509,When was the Palau de la Generalitat constructed in the city where Martin from the region where Codo is located died?,high,1,4,3,3,0.0,0.0,0.0,3,3,0,1.0,1.0,1.0,1.0,0.0,0.0,1.0,1.0,0.0,1,0,abstain
MuSiQue,510,When did Charles Frederick II's birthplace fall?,low,0,2,1,1,1.0,1.0,1.0,2,2,0,0.0,0.0,0.0,0.0,0.0,0.0,1.0,1.0,0.0,1,0,bind
MuSiQue,511,What was the story of the character from The Bourne Ultimatum based on?,low,0,1,0,0,0.0,0.0,0.0,2,5,0,0.0,0.7273,0.0,0.7272727272727273,0.0,2.727272727265362e-05,1.0,1.0,0.0,1,0,abstain
MuSiQue,512,Where is the newspaper that originated the term Baby Boomer based?,low,0,2,1,1,2.0,2.0,2.0,2,2,0,1.0,1.0,1.0,1.0,0.0,0.0,1.0,1.0,0.0,1,0,bind
MuSiQue,513,When did the luxury division of the company that produces TMG EV P001 change the body style of rx 350?,high,1,3,2,2,1.0,0.5,1.0,3,3,0,0.0,0.2857,0.0,0.2857142857142857,0.0,-1.4285714285688922e-05,0.6666666666666666,0.6666666666666666,0.0,1,0,bind
MuSiQue,514,In which county is the city of KABG located?,low,0,1,0,0,0.0,0.0,0.0,2,1,1,0.0,0.4,0.0,0.0,0.0,0.4,0.5,0.5,0.0,1,0,abstain
MuSiQue,515,Where did the arguer that Nadezhda Tkachenko's country of citizenship had become an imperialist power declare he would intervene in the Korean conflict?,high,1,3,2,2,0.0,0.0,0.0,3,2,1,0.0,0.0,0.0,0.0,0.0,0.0,0.6666666666666666,0.3333333333333333,0.3333333333333333,1,0,abstain
MuSiQue,516,The city where WOCA is located is in which part of Florida?,low,0,2,1,1,1.0,1.0,1.0,2,2,0,0.0,0.6667,0.0,0.6666666666666666,0.0,3.333333333332966e-05,1.0,1.0,0.0,1,0,bind
MuSiQue,517,"When did the country where the top-ranking Warsaw Pact operatives originated, despite its being headquartered in the nation known as the nobilities commonwealth, become allies with the US?",high,1,4,2,2,0.0,0.0,0.0,3,5,0,0.0,0.6667,0.0,0.6666666666666666,0.0,3.333333333332966e-05,1.0,0.6666666666666666,0.33333333333333337,1,0,abstain
MuSiQue,518,What label is responsible for the performer of Crazy Love?,low,0,2,1,1,1.0,1.0,1.0,2,3,0,0.0,0.0,0.0,0.0,0.0,0.0,1.0,0.5,0.5,1,0,bind
MuSiQue,519,"In what region of the country where Châu Đức is found, is the birthplace of John Phan?",high,1,4,2,1,1.0,0.5,1.0,3,3,0,1.0,1.0,1.0,1.0,0.0,0.0,1.0,1.0,0.0,1,0,bind
MuSiQue,520,What is the seat of the county sharing a border with the county in which Amy McKenzie was born?,high,1,3,2,2,0.0,0.0,0.0,4,3,1,1.0,1.0,0.0,0.0,1.0,1.0,0.25,0.25,0.0,1,0,abstain
MuSiQue,521,What is the country of the border troops of the country of the literature of the country Wilfried Grobner was in?,high,1,4,3,3,5.0,1.6666666666666667,2.0,3,4,0,1.0,1.0,1.0,1.0,0.0,0.0,0.6666666666666666,1.0,-0.33333333333333337,1,0,bind
MuSiQue,522,What county is the Ira C. Allen Mansion located in?,low,0,2,1,1,1.0,1.0,1.0,2,1,1,0.0,0.5,0.0,0.0,0.0,0.5,0.5,0.5,0.0,1,0,bind
MuSiQue,523,In the arabic dictionary what is the meaning of the word that also refers to the majority religion in India during the creation of the country where Rabwah is located?,low,0,2,1,1,0.0,0.0,0.0,3,3,0,0.0,0.0,0.0,0.28571428571428575,0.0,-0.28571428571428575,0.6666666666666666,0.3333333333333333,0.3333333333333333,1,0,abstain
MuSiQue,524,Where did the founder of the Acting Company study?,low,0,2,1,1,2.0,2.0,2.0,2,2,0,0.0,0.0,0.0,0.0,0.0,0.0,0.5,0.5,0.0,1,0,bind
MuSiQue,525,When did the city that contains the basilica named after the saint who is holding a knife in the last supper become a country?,high,1,4,3,3,0.0,0.0,0.0,3,3,0,0.0,0.5,0.0,0.5,0.0,0.0,1.0,0.6666666666666666,0.33333333333333337,1,0,abstain
MuSiQue,526,Who led the military expedition in the province that borders Zhejiang to the south?,low,0,2,1,1,0.0,0.0,0.0,2,3,0,0.0,0.5714,0.0,0.0,0.0,0.5714,1.0,1.0,0.0,1,0,abstain
MuSiQue,527,What is the direction of the flow of the river near the city where the designer of Southeast Library died?,high,1,3,2,2,0.0,0.0,0.0,4,5,0,0.0,0.1667,0.0,0.0,0.0,0.1667,0.5,0.5,0.0,1,0,abstain
MuSiQue,528,Who is the host of Who Wants to be a Millionaire in the country that MacGruder and Loud's creator is from?,low,0,2,1,1,1.0,1.0,1.0,3,4,0,1.0,1.0,1.0,1.0,0.0,0.0,1.0,0.6666666666666666,0.33333333333333337,1,0,bind
MuSiQue,529,What is the source of the body of water where Augrabies Falls is located?,low,0,2,1,1,0.0,0.0,0.0,2,3,0,1.0,1.0,1.0,1.0,0.0,0.0,1.0,1.0,0.0,1,0,abstain
MuSiQue,530,Who is the child of the horse who also fathered Tompion?,low,0,2,1,1,0.0,0.0,0.0,2,2,0,0.0,0.0,0.0,0.0,0.0,0.0,1.0,1.0,0.0,1,0,abstain
MuSiQue,531,Who is the federal leader of the political party Ken Epp belongs to?,low,0,2,1,1,1.0,1.0,1.0,2,3,0,1.0,1.0,1.0,1.0,0.0,0.0,1.0,1.0,0.0,1,0,bind
MuSiQue,532,What is another notable work by the illustrator of Sylvester and the Magic Pebble?,low,0,2,1,1,1.0,1.0,1.0,2,5,0,1.0,1.0,1.0,1.0,0.0,0.0,1.0,1.0,0.0,1,0,bind
MuSiQue,533,What movie won the Knock on Any Door cast member his only Oscar?,low,0,2,1,1,1.0,1.0,1.0,2,4,0,1.0,1.0,1.0,1.0,0.0,0.0,1.0,1.0,0.0,1,0,bind
MuSiQue,534,The city that Psycho Donuts is located in is in which county?,low,0,2,1,1,0.0,0.0,0.0,2,2,0,0.0,0.8,1.0,1.0,-1.0,-0.19999999999999996,1.0,1.0,0.0,1,0,abstain
MuSiQue,535,How many atms does the bank that bought FleetBoston Financial has are there?,low,0,2,1,1,0.0,0.0,0.0,2,2,0,1.0,1.0,0.0,0.0,1.0,1.0,1.0,0.5,0.5,1,0,abstain
MuSiQue,536,what is the deepest part of the ocean off the east coast of the united states?,low,0,1,0,0,0.0,0.0,0.0,2,1,1,0.0,0.0,1.0,1.0,-1.0,-1.0,1.0,0.5,0.5,1,0,abstain
MuSiQue,537,"Who was the artist who is associated with Beyonce's premiere solo recording talking about in the song ""Cry""?",low,0,2,1,1,0.0,0.0,0.0,2,3,0,0.0,0.0,0.0,0.0,0.0,0.0,1.0,0.5,0.5,1,0,abstain
MuSiQue,538,"When is Celebrity Big Brother coming to the network that, along with ABC and the distributor of The Cube, is one of the the major broadcasters based in New York?",high,1,3,2,2,0.0,0.0,0.0,3,3,0,1.0,1.0,0.0,0.4,1.0,0.6,0.6666666666666666,0.6666666666666666,0.0,1,0,abstain
MuSiQue,539,Who was the British general in the birthplace of the performer of Here Come the Girls?,high,1,3,2,2,3.0,1.5,2.0,3,5,0,0.0,0.0,0.0,0.0,0.0,0.0,0.6666666666666666,0.6666666666666666,0.0,1,0,bind
MuSiQue,540,Who is the actress who played the woman who was the Queen of England in 1890 on the network that produced Monsterpiece Theater?,high,1,3,2,2,0.0,0.0,0.0,3,3,0,0.0,0.0,1.0,1.0,-1.0,-1.0,0.6666666666666666,0.6666666666666666,0.0,1,0,abstain
MuSiQue,541,What company merged in 2002 with the CEMM developer?,low,0,2,1,1,1.0,1.0,1.0,2,2,0,1.0,1.0,1.0,1.0,0.0,0.0,1.0,1.0,0.0,1,0,bind
MuSiQue,542,"What day is the feast held in the city containing the headquarters of the company, that owns the record label that released Study in Brown?",high,1,3,2,2,5.0,2.5,3.0,4,3,1,0.0,0.5,0.0,0.0,0.0,0.5,0.5,0.5,0.0,1,0,bind
MuSiQue,543,When did the party who gained control of congress in the midterm elections in 1946 take control of the determiner of rules of the US House and US Senate?,low,0,2,1,1,0.0,0.0,0.0,3,3,0,0.0,0.0,0.0,0.0,0.0,0.0,1.0,0.3333333333333333,0.6666666666666667,1,0,abstain
MuSiQue,544,Where is the province of Aqqala County located?,low,0,1,0,0,0.0,0.0,0.0,2,3,0,0.0,0.0,0.0,0.36363636363636365,0.0,-0.36363636363636365,1.0,1.0,0.0,1,0,abstain
MuSiQue,545,In what region of the country where Lam Dong is located is John Phan's birthplace?,low,0,2,1,1,3.0,3.0,3.0,3,2,1,0.0,0.4,0.0,0.4,0.0,0.0,1.0,0.6666666666666666,0.33333333333333337,1,0,bind
MuSiQue,546,What does seal stand for in the U.S. military branch that operates a list of destroyer classes and the USS Stag?,low,0,2,1,1,0.0,0.0,0.0,3,4,0,1.0,1.0,1.0,1.0,0.0,0.0,1.0,1.0,0.0,1,0,abstain
MuSiQue,547,Who did the cast member of The Woman in the Window play in the Ten Commendments?,high,1,3,2,2,0.0,0.0,0.0,2,2,0,1.0,1.0,0.0,0.0,1.0,1.0,1.0,0.5,0.5,1,0,abstain
MuSiQue,548,"What was the name of Forced Vengeance's producer in Walker, Texas Ranger?",low,0,2,1,1,0.0,0.0,0.0,2,2,0,0.0,0.0,0.0,0.0,0.0,0.0,1.0,0.5,0.5,1,0,abstain
MuSiQue,549,Who was the company preceding Metalmark Capital named after?,low,0,2,1,1,0.0,0.0,0.0,2,1,1,1.0,1.0,0.0,0.5,1.0,0.5,1.0,0.5,0.5,1,0,abstain
MuSiQue,550,Where did the arguer that the country in control of Estonia before the Germans had become an imperialist power declare he would intervene in the Korean conflict?,high,1,3,2,2,1.0,0.5,1.0,3,4,0,0.0,0.0,0.0,0.0,0.0,0.0,0.6666666666666666,0.3333333333333333,0.3333333333333333,1,0,bind
MuSiQue,551,"What label is responsible for the performer of ""Friend Like That""?",low,0,2,1,1,1.0,1.0,1.0,2,2,0,1.0,1.0,1.0,1.0,0.0,0.0,1.0,1.0,0.0,1,0,bind
MuSiQue,552,How many miles is Sloan Thomas' birthplace from Nashville?,low,0,2,1,1,0.0,0.0,0.0,2,5,0,1.0,1.0,1.0,1.0,0.0,0.0,1.0,1.0,0.0,1,0,abstain
MuSiQue,553,Which county shares a border with the county where the most populous city in the other state that sent Tennessee the most tourists in 2013 is located?,high,1,3,2,2,0.0,0.0,0.0,4,5,0,0.0,0.4,0.0,0.4,0.0,0.0,0.25,0.25,0.0,1,0,abstain
MuSiQue,554,Who won the Indy car race in the largest city and the capital of the US state of origin of the performer of The Black Saint and the Sinner Lady?,high,1,4,3,2,1.0,0.3333333333333333,1.0,4,6,0,0.0,0.0,0.0,0.0,0.0,0.0,0.5,0.0,0.5,1,0,bind
MuSiQue,555,Who is the spouse of the actor who plays the father on I Can Only Imagine?,low,0,2,1,1,0.0,0.0,0.0,2,4,0,0.0,0.0,0.0,0.0,0.0,0.0,0.5,1.0,-0.5,1,0,abstain
MuSiQue,556,What is the record label for the singer who originally sang You Belong To Me.,low,0,2,1,1,1.0,1.0,1.0,2,3,0,0.0,0.5,0.0,0.5,0.0,0.0,1.0,1.0,0.0,1,0,bind
MuSiQue,557,How long had Lijia Zhang's birthplace been the capitol city of Yaxing Coach's headquarters location?,high,1,4,3,2,0.0,0.0,0.0,3,4,0,0.0,0.4,0.0,0.4,0.0,0.0,1.0,1.0,0.0,1,0,abstain
MuSiQue,558,What did M. King Hubbert's employer announce it was in the process of doing in April 2010?,low,0,2,1,1,0.0,0.0,0.0,2,3,0,0.0,0.1053,0.0,0.1111111111111111,0.0,-0.0058111111111111,1.0,1.0,0.0,1,0,abstain
MuSiQue,559,"What was Nintendo's limit on games per developer per year on the platform, also known by a three letter abbreviation, of the video game Xexyz?",low,0,2,1,1,1.0,1.0,1.0,3,2,1,0.0,0.0,0.0,0.0,0.0,0.0,0.6666666666666666,0.6666666666666666,0.0,1,0,bind
MuSiQue,560,In what year did Margaret Knox's spouse pass away?,low,0,2,1,1,0.0,0.0,0.0,2,2,0,1.0,1.0,1.0,1.0,0.0,0.0,1.0,0.5,0.5,1,0,abstain
MuSiQue,561,What is the date of birth of the performer of Stand Up?,low,0,2,1,1,1.0,1.0,1.0,2,7,0,1.0,1.0,0.0,0.0,1.0,1.0,1.0,0.0,1.0,1,0,bind
MuSiQue,562,What treaty ceded territory to the US extending west to the body of water by the location of the Minikahda Club?,low,0,2,1,1,0.0,0.0,0.0,3,4,0,0.0,0.4,0.0,0.5714285714285715,0.0,-0.17142857142857149,0.3333333333333333,0.3333333333333333,0.0,1,0,abstain
MuSiQue,563,"According to the organization that creates census county division, what is the total area in square miles?",low,0,2,1,1,0.0,0.0,0.0,2,11,0,0.0,0.5,0.0,0.0,0.0,0.5,1.0,1.0,0.0,1,0,abstain
MuSiQue,564,When was self-government achieved in the location where Lord of the Rings was filmed?,low,0,2,1,1,0.0,0.0,0.0,2,3,0,0.0,0.0,0.0,0.0,0.0,0.0,1.0,0.5,0.5,1,0,abstain
MuSiQue,565,When did the headquarters city of Kentucky Tavern's manufacturer elect its first black mayor?,low,0,2,1,1,0.0,0.0,0.0,3,2,1,1.0,1.0,0.0,0.0,1.0,1.0,0.6666666666666666,0.3333333333333333,0.3333333333333333,1,0,abstain
MuSiQue,566,"What dissolved the privileges of the empire using Pan-Slavism as a political tool, the kingdom acquiring some Thuringian territory or Habsburg Monarchy?",low,0,2,1,1,0.0,0.0,0.0,3,4,0,0.0,0.0,0.0,0.5714285714285715,0.0,-0.5714285714285715,1.0,0.3333333333333333,0.6666666666666667,1,0,abstain
MuSiQue,567,"Which has more national championships, university of the state having Fort Hill or university of the state whose primary was won by Edwards besides the state having Ted Wright Stadium?",high,1,4,2,1,1.0,0.5,1.0,4,5,0,0.0,0.3333,0.0,0.3333333333333333,0.0,-3.333333333332966e-05,0.75,0.75,0.0,1,0,bind
MuSiQue,568,What is the name of the castle in the city where the performer of We Sweat Blood formed?,high,1,3,2,2,4.0,2.0,2.0,3,2,1,0.0,0.0,0.0,0.0,0.0,0.0,0.6666666666666666,0.3333333333333333,0.3333333333333333,1,0,bind
MuSiQue,569,How long are the council terms in the second largest city in the US state focused by the cross-border transactions committee of the Department of Real Estate?,low,0,2,1,1,0.0,0.0,0.0,3,5,0,0.0,0.0,0.0,0.0,0.0,0.0,0.6666666666666666,0.3333333333333333,0.3333333333333333,1,0,abstain
MuSiQue,570,In what region of the country where Sa Thay is located is John Phan's birthplace?,high,1,4,2,1,2.0,1.0,2.0,3,3,0,1.0,1.0,0.0,0.4,1.0,0.6,1.0,0.6666666666666666,0.33333333333333337,1,0,bind
MuSiQue,571,What else happened in the northern part of Erich Zakowski's birthplace in the now Russian area?,low,0,2,1,1,0.0,0.0,0.0,2,8,0,0.0,0.1333,0.0,0.14285714285714285,0.0,-0.009557142857142847,1.0,0.5,0.5,1,0,abstain
MuSiQue,572,Who was played by the director of The Good Shepherd in The Godfather Part II?,low,0,2,1,1,0.0,0.0,0.0,2,3,0,1.0,1.0,1.0,1.0,0.0,0.0,1.0,1.0,0.0,1,0,abstain
MuSiQue,573,Another world leader said that Vladimir Rapoport's country was imperialist. Where did that leader announce that he would intervene in the Korean conflict?,low,0,2,1,1,0.0,0.0,0.0,3,2,1,0.0,0.0,0.0,0.0,0.0,0.0,0.6666666666666666,0.3333333333333333,0.3333333333333333,1,0,abstain
MuSiQue,574,Who is the guy in the video of the performer of One Last Time?,low,0,2,1,1,0.0,0.0,0.0,2,2,0,1.0,1.0,1.0,1.0,0.0,0.0,1.0,1.0,0.0,1,0,abstain
MuSiQue,575,"What treaty ceded territory to the US extending west to body of water by the city where the Lots More Blues, Rags and Hollers performer was formed?",high,1,3,2,2,0.0,0.0,0.0,4,4,0,0.0,0.0,0.0,0.5714285714285715,0.0,-0.5714285714285715,0.5,0.5,0.0,1,0,abstain
MuSiQue,576,"What was the name of the star of Forced Vengeance in Walter, Texas Ranger?",low,0,2,1,1,0.0,0.0,0.0,2,4,0,0.0,0.0,0.0,0.0,0.0,0.0,1.0,1.0,0.0,1,0,abstain
MuSiQue,577,Why did Roncalli leave the city where the creator of Flora died?,high,1,3,2,2,1.0,0.5,1.0,3,5,0,0.0,0.0,0.0,0.0,0.0,0.0,0.6666666666666666,0.3333333333333333,0.3333333333333333,1,0,bind
MuSiQue,578,How were people from whom new coins were a proclamation of independence by the Somali Muslim Ajuran Empire expelled from the natural boundary between Thailand and Phommathat's country of citizenship?,low,0,1,0,0,0.0,0.0,0.0,4,5,0,0.0,0.0,0.0,0.0,0.0,0.0,0.25,0.5,-0.25,1,0,abstain
MuSiQue,579,The space agency operating IRS-P2 had a communication satellite preceded by which experimental satellite?,high,1,3,2,2,0.0,0.0,0.0,2,2,0,0.0,0.0,1.0,1.0,-1.0,-1.0,0.5,1.0,-0.5,1,0,abstain
MuSiQue,580,"A country's military branch, which in the US contains the Air Defense Artillery, was unprepared for the invasion of the country whose ccTLD was "".cs"". The unprepared country was the only communist country to have an embassy where?",high,1,4,2,2,0.0,0.0,0.0,4,5,0,0.0,0.5,0.0,0.5,0.0,0.0,1.0,0.75,0.25,1,0,abstain
MuSiQue,581,Who is the guy defending this stuff from the highest authority in Protestantism for morals?,low,0,2,1,1,1.0,1.0,1.0,2,5,0,0.0,0.0,0.0,0.0,0.0,0.0,0.5,0.5,0.0,1,0,bind
MuSiQue,582,What county shares a border with the county where the singer of Hungry Eyes from the movie Dirty Dancing was born?,high,1,3,2,2,3.0,1.5,2.0,4,5,0,0.0,0.0,0.0,0.5,0.0,-0.5,0.5,0.5,0.0,1,0,bind
MuSiQue,583,"When was the kingdom lying immediately to the north of the region prevailing with ""Near East"" disgrace and the region having the most growth in desalination for agricultural use created?",high,1,4,2,2,3.0,1.5,2.0,4,4,0,0.0,0.0,0.0,0.0,0.0,0.0,0.5,0.5,0.0,1,0,bind
MuSiQue,584,When was the last time Krystian Pearce's sports team beat the winner of the 1894-95 FA Cup?,high,1,3,1,1,0.0,0.0,0.0,3,6,0,0.0,0.0,0.0,0.0,0.0,0.0,0.6666666666666666,0.6666666666666666,0.0,1,0,abstain
MuSiQue,585,A participant of the Battle of Brechin is an instance of?,low,0,2,1,1,1.0,1.0,1.0,2,2,0,0.0,0.5,0.0,0.5,0.0,0.0,1.0,1.0,0.0,1,0,bind
MuSiQue,586,What administrative territorial entity includes the arrondissement that contains the Digne Cathedral?,low,0,2,1,1,2.0,2.0,2.0,2,2,0,0.0,0.6667,0.0,0.6666666666666666,0.0,3.333333333332966e-05,1.0,1.0,0.0,1,0,bind
MuSiQue,587,Who did Hayek work for upon being hired by the author of Bureaucracy?,low,0,2,1,1,0.0,0.0,0.0,2,3,0,1.0,1.0,1.0,1.0,0.0,0.0,1.0,1.0,0.0,1,0,abstain
MuSiQue,588,What year did the Leone brothers start their band?,low,0,2,1,1,3.0,3.0,3.0,2,2,0,0.0,0.0,0.0,0.0,0.0,0.0,0.5,0.5,0.0,1,0,bind
MuSiQue,589,Who owns the record label where Neil Young's co-singer on Four Strong Winds records?,high,1,3,2,2,1.0,0.5,1.0,3,4,0,0.0,0.0,0.0,0.4,0.0,-0.4,0.3333333333333333,0.6666666666666666,-0.3333333333333333,1,0,bind
MuSiQue,590,Which city shares border with the area having Bella Vista High School?,low,0,2,1,1,2.0,2.0,2.0,2,3,0,0.0,0.0,1.0,1.0,-1.0,-1.0,1.0,1.0,0.0,1,0,bind
MuSiQue,591,How many people work in Susan Winchester's alma mater?,low,0,2,1,1,0.0,0.0,0.0,2,3,0,1.0,1.0,1.0,1.0,0.0,0.0,1.0,1.0,0.0,1,0,abstain
MuSiQue,592,Who did Hay work for after being hired by his other notable influence regarding resource distribution other than Max Weber?,low,0,2,1,1,0.0,0.0,0.0,2,4,0,1.0,1.0,0.0,0.0,1.0,1.0,1.0,1.0,0.0,1,0,abstain
MuSiQue,593,What is the name of the castle in the city where the performer of Sleep is the Enemy was formed?,high,1,3,2,2,3.0,1.5,2.0,3,4,0,0.0,0.0,0.0,0.0,0.0,0.0,0.6666666666666666,0.3333333333333333,0.3333333333333333,1,0,bind
MuSiQue,594,Who was the first African American student to attend Stewart Patridge's university?,low,0,2,1,1,0.0,0.0,0.0,2,3,0,1.0,1.0,1.0,1.0,0.0,0.0,1.0,1.0,0.0,1,0,abstain
MuSiQue,595,What sports team is the person who had the most sacks in the NFL this season a member of?,low,0,2,1,1,0.0,0.0,0.0,2,2,0,0.0,0.0,1.0,1.0,-1.0,-1.0,0.5,1.0,-0.5,1,0,abstain
MuSiQue,596,Which war did the operator of the Fabian Wrede-class training ship serve in?,low,0,1,0,0,0.0,0.0,0.0,2,2,0,1.0,1.0,1.0,1.0,0.0,0.0,1.0,1.0,0.0,1,0,abstain
MuSiQue,597,Who did the person considered the founder of three major monotheistic religions marry after the death of Sarah?,low,0,2,1,1,0.0,0.0,0.0,2,1,1,1.0,1.0,0.0,0.0,1.0,1.0,1.0,0.5,0.5,1,0,abstain
MuSiQue,598,What was where the last name sylvester comes from of who was Rotrude's father's era later known as?,low,0,2,1,1,0.0,0.0,0.0,3,6,0,0.0,0.6667,0.0,0.0,0.0,0.6667,0.6666666666666666,1.0,-0.33333333333333337,1,0,abstain
MuSiQue,599,What is the full name of the organization that publishes he Laws of the Game?,low,0,1,0,0,0.0,0.0,0.0,2,2,0,1.0,1.0,1.0,1.0,0.0,0.0,0.5,0.5,0.0,1,0,abstain
MuSiQue,600,"Who was the first elected president of the country where, along with the nation where Ágnes Konkoly is from, many expelled French Jews relocated to?",high,1,3,2,2,0.0,0.0,0.0,3,3,0,0.0,0.0,1.0,1.0,-1.0,-1.0,0.3333333333333333,1.0,-0.6666666666666667,1,0,abstain
MuSiQue,601,What is the name of the city where Tess Gallagher's spouse was born in?,low,0,2,1,1,0.0,0.0,0.0,2,2,0,0.0,0.0,0.0,0.0,0.0,0.0,0.5,0.5,0.0,1,0,abstain
MuSiQue,602,What county shares a border with the county where the birthplace of Tonight You're Mine's performer is located?,high,1,3,2,2,0.0,0.0,0.0,4,4,0,0.0,0.0,0.0,0.0,0.0,0.0,0.25,0.25,0.0,1,0,abstain
MuSiQue,603,Who wrote Turn Me On by the Thinking About You performer?,low,0,2,1,1,1.0,1.0,1.0,2,2,0,1.0,1.0,1.0,1.0,0.0,0.0,1.0,1.0,0.0,1,0,bind
MuSiQue,604,Arie Supriyatna's birth country was one participant in a Commission of Truth and Friendship. Who is the president of the other country that participated?,high,1,3,2,2,1.0,0.5,1.0,3,2,1,1.0,1.0,0.0,0.0,1.0,1.0,1.0,0.6666666666666666,0.33333333333333337,1,0,bind
MuSiQue,605,What county is the city that shares a border with the state capital of the state where Velma Barfield was born located in?,high,1,4,3,3,0.0,0.0,0.0,4,4,0,0.0,0.5,0.0,0.5,0.0,0.0,0.25,0.25,0.0,1,0,abstain
MuSiQue,606,Who is the spouse of the creator of The Nanny Reunion: A Nosh to Remember?,low,0,2,1,1,0.0,0.0,0.0,2,2,0,0.0,0.6667,1.0,1.0,-1.0,-0.33330000000000004,0.5,1.0,-0.5,1,0,abstain
MuSiQue,607,What does seal stand for in the operator of the list of destroyer classes of the operator of the USS Tringa seals?,low,0,2,1,1,0.0,0.0,0.0,3,14,0,0.0,0.0,1.0,1.0,-1.0,-1.0,0.6666666666666666,1.0,-0.33333333333333337,1,0,abstain
MuSiQue,608,When did the birthplace of the Live and Beyond performer become the capitol of the state Knowles was from?,high,1,4,3,2,3.0,1.0,1.0,4,3,1,1.0,1.0,1.0,1.0,0.0,0.0,0.75,0.25,0.5,1,0,bind
MuSiQue,609,Who gives out the award named after the person who argued that colonies were redundant?,high,1,3,2,2,6.0,3.0,5.0,2,2,0,1.0,1.0,1.0,1.0,0.0,0.0,1.0,1.0,0.0,1,0,bind
MuSiQue,610,"When did the state, that contains the county where Elmo is found, reinstate the death penalty?",high,1,3,2,2,1.0,0.5,1.0,3,3,0,0.0,0.0,0.0,0.0,0.0,0.0,1.0,0.6666666666666666,0.33333333333333337,1,0,bind
MuSiQue,611,What two dialects are included in the other pattern other vowels follow?,low,0,2,1,1,0.0,0.0,0.0,2,7,0,0.0,0.5,0.0,0.28571428571428575,0.0,0.21428571428571425,1.0,1.0,0.0,1,0,abstain
MuSiQue,612,What was Germany's main goal in the battle of the ocean adjacent to the US city having WEDR?,high,1,3,2,2,0.0,0.0,0.0,3,5,0,0.0,0.6,0.0,0.10526315789473685,0.0,0.49473684210526314,0.6666666666666666,0.6666666666666666,0.0,1,0,abstain
MuSiQue,613,What is one railway line in the country the produced The Longest Night in the city where You Wenhui was born?,low,0,2,1,1,0.0,0.0,0.0,3,3,0,0.0,0.0,0.0,0.0,0.0,0.0,0.6666666666666666,0.6666666666666666,0.0,1,0,abstain
MuSiQue,614,When did the first mosque in the place where the Marshall Islands International Airport is located open?,low,0,2,1,1,3.0,3.0,3.0,2,2,0,1.0,1.0,1.0,1.0,0.0,0.0,1.0,1.0,0.0,1,0,bind
MuSiQue,615,"In which province is San Clemente, from the country where Fuser and Alberto meet the indigenous couple who were traveling to look for work?",high,1,4,1,1,2.0,2.0,2.0,2,2,0,0.0,0.0,0.0,0.6666666666666666,0.0,-0.6666666666666666,1.0,1.0,0.0,1,0,bind
MuSiQue,616,What pop artist started his career on adult contemporary radio along with the subject of the song The One That Got Away?,low,0,2,1,1,1.0,1.0,1.0,2,4,0,0.0,0.0,1.0,1.0,-1.0,-1.0,1.0,1.0,0.0,1,0,bind
MuSiQue,617,In what county is located the city that shares a border with the capital of the state that won the 2017 NCAA Basketball Tournament?,high,1,4,3,3,3.0,1.0,2.0,4,7,0,1.0,1.0,1.0,1.0,0.0,0.0,0.25,0.25,0.0,1,0,bind
MuSiQue,618,Where is the place where Rudolph the red-nosed reindeer lives on the world map?,low,0,2,1,1,1.0,1.0,1.0,2,4,0,0.0,0.3333,0.0,0.3333333333333333,0.0,-3.333333333332966e-05,1.0,0.5,0.5,1,0,bind
MuSiQue,619,Who does the performer of Don't Be Cruel play in the wire?,low,0,2,1,1,0.0,0.0,0.0,2,2,0,0.0,0.0,0.0,0.0,0.0,0.0,0.5,0.5,0.0,1,0,abstain
MuSiQue,620,In the Arabic dictionary what is the meaning of the word that also refers to the majority religion in India when the country containing the Neolithic graveyards was created?,high,1,4,2,2,2.0,1.0,1.0,3,4,0,0.0,0.0,0.0,0.0,0.0,0.0,1.0,0.6666666666666666,0.33333333333333337,1,0,bind
MuSiQue,621,Who was the all-star MVP of the league where the team with the most titles from the event after which they give out the MLB MVP award plays?,low,0,2,1,1,0.0,0.0,0.0,4,6,0,1.0,1.0,0.0,0.0,1.0,1.0,0.5,0.25,0.25,1,0,abstain
MuSiQue,622,When was the region that lies to the north of the region Israel is located and where The World is located created?,high,1,4,2,1,2.0,1.0,2.0,4,5,0,0.0,0.0,0.0,0.0,0.0,0.0,0.5,0.5,0.0,1,0,bind
MuSiQue,623,"When do hurricanes occur in the ocean that borders the state where Williamsburg, Main Street Station and another share a track?",high,1,4,3,2,0.0,0.0,0.0,4,4,0,0.0,0.75,0.0,0.0,0.0,0.75,0.5,0.25,0.25,1,0,abstain
MuSiQue,624,"When did the party that controls the House of Representatives right now, take control of the political body that the President calls on to support his USAF appointments?",low,0,2,1,1,0.0,0.0,0.0,3,7,0,0.0,0.0,0.0,0.6666666666666666,0.0,-0.6666666666666666,0.3333333333333333,0.3333333333333333,0.0,1,0,abstain
MuSiQue,625,Who runs the school system in the country that is the natural boundary between the country that hosted the tournament and the country where That Dam is located?,high,1,4,2,2,0.0,0.0,0.0,4,4,0,1.0,1.0,1.0,1.0,0.0,0.0,0.5,0.5,0.0,1,0,abstain
MuSiQue,626,"In 2010, what was the population of the city where the Yongle emperor greeted the person to whom the edict was addressed?",high,1,3,2,2,0.0,0.0,0.0,3,3,0,1.0,1.0,0.0,0.0,1.0,1.0,1.0,0.6666666666666666,0.33333333333333337,1,0,abstain
MuSiQue,627,When did the city where the Basilica that is named after the same saint as the one in San Pietro in Montorio located in become a country?,high,1,3,2,2,0.0,0.0,0.0,3,4,0,0.0,0.5,0.0,0.5,0.0,0.0,1.0,1.0,0.0,1,0,abstain
MuSiQue,628,"Who burned down the city where Keeping Up with the Joneses is set, during the war marking the first time that the number of black people living in NYC declined?",high,1,3,2,2,1.0,0.5,1.0,3,3,0,0.0,0.0,0.0,0.0,0.0,0.0,1.0,0.6666666666666666,0.33333333333333337,1,0,bind
MuSiQue,629,What date did the Governor of the city where the basilica named after the same saint as the one that Mantua Cathedral is dedicated to end?,high,1,4,3,3,0.0,0.0,0.0,3,4,0,0.0,0.0,0.0,0.0,0.0,0.0,0.3333333333333333,0.6666666666666666,-0.3333333333333333,1,0,abstain
MuSiQue,630,Who constituted the free crops in the location where the democratic government set up in Germany in 1919?,high,1,3,2,2,2.0,1.0,2.0,2,5,0,0.0,0.1818,0.0,0.15384615384615383,0.0,0.027953846153846162,0.5,0.5,0.0,1,0,bind
MuSiQue,631,How far is Hod Lisenbee's place of death in TN from Nashville?,low,0,2,1,1,0.0,0.0,0.0,2,4,0,0.0,0.0,0.0,0.0,0.0,0.0,1.0,1.0,0.0,1,0,abstain
MuSiQue,632,"What shares a border with the administrative territorial entity Radwanice, Polkowice County is located in?",low,0,2,1,1,1.0,1.0,1.0,2,2,0,0.0,0.0,0.0,0.0,0.0,0.0,1.0,1.0,0.0,1,0,bind
MuSiQue,633,How long did the pact last between Kravchuk and the person who signed the decree suspending the Communist Party of the Russian SFSR?,high,1,4,3,3,0.0,0.0,0.0,2,2,0,0.0,0.0,0.0,0.0,0.0,0.0,1.0,1.0,0.0,1,0,abstain
MuSiQue,634,Who many players can play in the game based on the show that Steven the Sword Fighter is part of?,low,0,2,1,1,0.0,0.0,0.0,2,2,0,0.0,0.0,0.0,0.0,0.0,0.0,1.0,0.5,0.5,1,0,abstain
MuSiQue,635,"When was the end of the governorship where the head of Catholicism is, along with the basilica named after the saint who San Pietro in Ciel d'Oro is named for?",high,1,4,3,3,0.0,0.0,0.0,3,4,0,1.0,1.0,1.0,1.0,0.0,0.0,0.6666666666666666,0.6666666666666666,0.0,1,0,abstain
MuSiQue,636,When did the Japanese get to Liang Jiahong's birthplace and the rest of Guangdong?,low,0,2,1,1,0.0,0.0,0.0,2,2,0,1.0,1.0,1.0,1.0,0.0,0.0,1.0,1.0,0.0,1,0,abstain
MuSiQue,637,Why did Roncalli leave the city where La Bella's creator died?,low,0,2,1,1,0.0,0.0,0.0,3,4,0,0.0,0.0,0.0,0.6666666666666665,0.0,-0.6666666666666665,0.6666666666666666,1.0,-0.33333333333333337,1,0,abstain
MuSiQue,638,When did the death city of Taito Kantonen become the capital of the US state having the statue being the title of the various Latin Mother goddess?,low,0,2,1,1,0.0,0.0,0.0,4,4,0,0.0,0.0,0.0,0.0,0.0,0.0,0.5,0.5,0.0,1,0,abstain
MuSiQue,639,What movement did the person who wanted to reform and address the church that the general population converted to lead?,low,0,2,1,1,0.0,0.0,0.0,4,7,0,0.0,0.0,0.0,0.0,0.0,0.0,0.25,0.25,0.0,1,0,abstain
MuSiQue,640,what was the name of the producer of Forest Warrior walker texas ranger?,low,0,1,0,0,0.0,0.0,0.0,2,2,0,0.0,0.0,0.0,0.0,0.0,0.0,1.0,0.5,0.5,1,0,abstain
MuSiQue,641,When is the date of birth of the creator of A Burial at Ornans?,low,0,2,1,1,1.0,1.0,1.0,2,2,0,1.0,1.0,1.0,1.0,0.0,0.0,1.0,1.0,0.0,1,0,bind
MuSiQue,642,When did the first mosque open where Air Marshall Islands is headquartered?,low,0,2,1,1,1.0,1.0,1.0,2,2,0,1.0,1.0,1.0,1.0,0.0,0.0,1.0,1.0,0.0,1,0,bind
MuSiQue,643,Where did they film The Beach in the country where Bodindecha died?,high,1,4,2,1,0.0,0.0,0.0,3,3,0,0.0,0.0,0.0,0.0,0.0,0.0,0.6666666666666666,0.6666666666666666,0.0,1,0,abstain
MuSiQue,644,Who is the father of the man who conceived of the 'new' police?,low,0,2,1,1,0.0,0.0,0.0,2,2,0,0.0,0.0,0.0,0.4,0.0,-0.4,0.5,1.0,-0.5,1,0,abstain
MuSiQue,645,How long had Mao Yushi's birthplace been the capitol city of Yaxing Coach's headquarters location?,high,1,3,2,2,0.0,0.0,0.0,3,3,0,0.0,0.0,0.0,0.4,0.0,-0.4,1.0,1.0,0.0,1,0,abstain
MuSiQue,646,For what major conflict is the country on the natural boundary between the country that hosted the tournament and the country where A Don is from known?,high,1,4,2,2,0.0,0.0,0.0,4,3,1,0.0,0.0,0.0,0.0,0.0,0.0,0.25,0.25,0.0,1,0,abstain
MuSiQue,647,The population of the country that worked with the outfit behind Man in Space Soonest numbers how much?,low,0,2,1,1,1.0,1.0,1.0,3,2,1,0.0,0.4,0.0,0.5,0.0,-0.09999999999999998,0.3333333333333333,0.3333333333333333,0.0,1,0,bind
MuSiQue,648,"Who was the artist who did a duet with Beyonce in the single ""Deja Vu"" talking about in the song ""Cry""?",high,1,3,2,2,4.0,2.0,4.0,2,3,0,0.0,0.0,0.0,0.0,0.0,0.0,1.0,0.5,0.5,1,0,bind
MuSiQue,649,When was the last time the winner of the American League East in 2017 met the Dodgers in the event after which the MLB MVP award is given out?,high,1,4,2,2,0.0,0.0,0.0,3,4,0,0.0,0.0,0.0,0.0,0.0,0.0,0.6666666666666666,0.0,0.6666666666666666,1,0,abstain
MuSiQue,650,What instrument is played by the person from The Blackout All-Stars?,low,0,2,1,1,2.0,2.0,2.0,2,2,0,0.0,0.0,1.0,1.0,-1.0,-1.0,0.5,1.0,-0.5,1,0,bind
MuSiQue,651,What was the 1900 population of the city located within the county that also contains Helvetia?,low,0,2,1,1,1.0,1.0,1.0,3,2,1,1.0,1.0,1.0,1.0,0.0,0.0,1.0,0.6666666666666666,0.33333333333333337,1,0,bind
MuSiQue,652,The Small Cowper Madonna painting is displayed in what state?,low,0,1,0,0,0.0,0.0,0.0,2,1,1,0.0,0.0,0.0,0.0,0.0,0.0,1.0,0.5,0.5,1,0,abstain
MuSiQue,653,Where do greyhound buses leave from in the city where the performer of Spirit If... was formed?,high,1,3,2,2,2.0,1.0,1.0,3,3,0,0.0,0.0,1.0,1.0,-1.0,-1.0,0.6666666666666666,0.6666666666666666,0.0,1,0,bind
MuSiQue,654,What is the manufacturer of the Kentucky Tavern headquarters location saints symbol called?,low,0,2,1,1,0.0,0.0,0.0,3,6,0,0.0,0.0,0.0,0.0,0.0,0.0,0.3333333333333333,0.3333333333333333,0.0,1,0,abstain
MuSiQue,655,In what region of the country of S-Fone is the location of the administrative territorial entity of Zone 5 Military Museum located?,low,0,2,1,1,0.0,0.0,0.0,3,3,0,1.0,1.0,1.0,1.0,0.0,0.0,1.0,1.0,0.0,1,0,abstain
MuSiQue,656,Who is the owner of the record label of the performer of Groovy Little Summer Song?,high,1,3,2,2,2.0,1.0,2.0,3,4,0,1.0,1.0,0.0,0.0,1.0,1.0,0.6666666666666666,0.6666666666666666,0.0,1,0,bind
MuSiQue,657,When does the regular season begin for the league the Carolina Hurricanes belong to?,low,0,2,1,1,0.0,0.0,0.0,2,3,0,0.0,0.3333,0.0,0.3333333333333333,0.0,-3.333333333332966e-05,1.0,0.5,0.5,1,0,abstain
MuSiQue,658,"Who was the child of the Italian navigator who sailed for England, and explored the eastern coast of the continent where the birthplace of Eduardo Cuervo is found?",high,1,4,2,2,7.0,3.5,4.0,4,3,1,1.0,1.0,1.0,1.0,0.0,0.0,0.75,0.75,0.0,1,0,bind
MuSiQue,659,When was the region that lies to the north of the country where Sar-El is located and the Persian Gulf established?,high,1,3,2,2,0.0,0.0,0.0,4,10,0,0.0,0.0,0.0,0.0,0.0,0.0,0.25,0.25,0.0,1,0,abstain
MuSiQue,660,Who won the Indy car race in the largest city and capitol of the state where the Oh Yeah performer is from?,high,1,3,2,2,0.0,0.0,0.0,4,5,0,0.0,0.0,1.0,1.0,-1.0,-1.0,0.0,0.25,-0.25,1,0,abstain
MuSiQue,661,Who is the child of Empress Dowager Huang's child?,low,0,2,1,1,1.0,1.0,1.0,2,2,0,0.0,0.0,1.0,1.0,-1.0,-1.0,0.5,1.0,-0.5,1,0,bind
MuSiQue,662,How long had the city where Qing lost in 1853 been the capital of the administrative territorial entity Guangling District is located?,low,0,2,1,1,0.0,0.0,0.0,3,3,0,0.0,0.4,0.0,0.3333333333333333,0.0,0.06666666666666671,1.0,0.6666666666666666,0.33333333333333337,1,0,abstain
MuSiQue,663,What went down after the Soviet president visiting the country of citizenship of Yasyn Khamid while the protests were taking place departed from the Kremlin?,high,1,3,1,1,2.0,2.0,2.0,3,3,0,0.0,0.0,0.0,0.3636363636363636,0.0,-0.3636363636363636,1.0,0.6666666666666666,0.33333333333333337,1,0,bind
MuSiQue,664,"Who sing ""Home Alone Tonight"" with the performer of ""country Man""?",high,1,3,1,1,1.0,1.0,1.0,2,2,0,1.0,1.0,1.0,1.0,0.0,0.0,1.0,1.0,0.0,1,0,bind
MuSiQue,665,The all time top goal scorer in premier league in one season is a member of what team?,low,0,2,1,1,3.0,3.0,3.0,2,4,0,0.0,0.0,0.0,0.0,0.0,0.0,0.0,0.5,-0.5,1,0,bind
MuSiQue,666,When did the town WIZE is licensed in become capitol of the state where Jackson Township is located?,low,0,2,1,1,2.0,2.0,2.0,4,3,1,0.0,0.0,0.0,0.0,0.0,0.0,0.5,0.25,0.25,1,0,bind
MuSiQue,667,What was the lifespan of the most influential figure in Islamic philosophy?,low,0,2,1,1,0.0,0.0,0.0,2,3,0,1.0,1.0,1.0,1.0,0.0,0.0,1.0,1.0,0.0,1,0,abstain
MuSiQue,668,What shares a border with the city where someone worked who went to the state where Atwell Mill Grove is located during the gold rush?,high,1,4,3,3,2.0,0.6666666666666666,2.0,4,3,1,0.0,0.0,0.0,0.0,0.0,0.0,0.25,0.25,0.0,1,0,bind
MuSiQue,669,When was the Palau de la Generalitat constructed in the city where Martin from where Jaulin is located died?,low,0,2,1,1,0.0,0.0,0.0,3,3,0,0.0,0.0,1.0,1.0,-1.0,-1.0,0.6666666666666666,1.0,-0.33333333333333337,1,0,abstain
MuSiQue,670,On what date was the battle where Muhammad Shobran was born?,low,0,2,1,1,0.0,0.0,0.0,2,2,0,0.0,0.6667,0.0,0.0,0.0,0.6667,1.0,0.5,0.5,1,0,abstain
MuSiQue,671,Who founded the company that distributed the film UHF?,low,0,2,1,1,1.0,1.0,1.0,2,4,0,0.0,0.0,1.0,1.0,-1.0,-1.0,0.5,1.0,-0.5,1,0,bind
MuSiQue,672,"What other film is the cast member of Now You See Him, Now You Don't a character for?",low,0,2,1,1,0.0,0.0,0.0,2,6,0,0.0,0.0,0.0,0.0,0.0,0.0,0.5,1.0,-0.5,1,0,abstain
MuSiQue,673,"In The Godfather Part II, who did the producer of Mistress play?",low,0,2,1,1,0.0,0.0,0.0,2,5,0,0.0,0.0,0.0,0.0,0.0,0.0,1.0,1.0,0.0,1,0,abstain
MuSiQue,674,In what region of the country where An Phu is located is John Phan's birthplace?,high,1,4,2,1,2.0,1.0,2.0,3,2,1,1.0,1.0,0.0,0.0,1.0,1.0,1.0,0.6666666666666666,0.33333333333333337,1,0,bind
MuSiQue,675,Who was the spouse of the British queen?,low,0,2,1,1,0.0,0.0,0.0,2,6,0,0.0,0.0,0.0,0.5714285714285715,0.0,-0.5714285714285715,0.0,0.5,-0.5,1,0,abstain
MuSiQue,676,What was the person who discovered that nuclei of atoms contained neutrons with no charge a participant in?,low,0,2,1,1,1.0,1.0,1.0,2,4,0,0.0,0.4,0.0,0.4,0.0,0.0,1.0,1.0,0.0,1,0,bind
MuSiQue,677,What did the spouse of Andrea Dotti win a Tony for?,high,1,3,2,2,1.0,0.5,1.0,2,11,0,0.0,0.8235,0.0,0.0,0.0,0.8235,1.0,0.5,0.5,1,0,bind
MuSiQue,678,When does real time with the pizza man cast member start again in 2018?,low,0,1,0,0,0.0,0.0,0.0,2,2,0,0.0,0.0,0.0,0.0,0.0,0.0,1.0,0.5,0.5,1,0,abstain
MuSiQue,679,When did the country using Olivera Marković's native language as one of its official languages first have its own Olympic team?,high,1,3,2,2,1.0,0.5,1.0,3,3,0,0.0,0.0,0.0,0.0,0.0,0.0,0.6666666666666666,0.6666666666666666,0.0,1,0,bind
MuSiQue,680,What city shares a border with the city where a person worked during the gold rush in the state that has the most house of representatives seat?,high,1,3,2,2,0.0,0.0,0.0,4,6,0,0.0,0.0,0.0,0.0,0.0,0.0,0.0,0.5,-0.5,1,0,abstain
MuSiQue,681,Border troops of the country of literature of the country of citizenship of Rainer Ernst are from what country?,high,1,4,3,3,0.0,0.0,0.0,3,5,0,0.0,0.0,1.0,1.0,-1.0,-1.0,0.6666666666666666,1.0,-0.33333333333333337,1,0,abstain
MuSiQue,682,When did the explorer reach the headquarters location of the group Study in Brown's record label is part of?,low,0,2,1,1,1.0,1.0,1.0,4,6,0,0.0,0.0,0.0,0.0,0.0,0.0,0.5,0.5,0.0,1,0,bind
MuSiQue,683,Where are NASCAR races held in the city that shares a county with Helvetia?,low,0,2,1,1,4.0,4.0,4.0,3,4,0,1.0,1.0,1.0,1.0,0.0,0.0,1.0,0.6666666666666666,0.33333333333333337,1,0,bind
MuSiQue,684,The rapper who owns Aspiro was inspired by what when writing Song Cry?,low,0,2,1,1,0.0,0.0,0.0,2,3,0,0.0,0.6,0.0,0.4444444444444445,0.0,0.1555555555555555,1.0,1.0,0.0,1,0,abstain
MuSiQue,685,By how many votes did the person the organizers wanted to arrest survive impeachment?,low,0,2,1,1,1.0,1.0,1.0,2,2,0,0.0,0.0,1.0,1.0,-1.0,-1.0,0.5,0.5,0.0,1,0,bind
MuSiQue,686,Who were the leaders of the opposition party that was created as a result of the kansas-nebraska act?,low,0,2,1,1,2.0,2.0,2.0,2,2,0,0.0,0.625,0.0,0.6250000000000001,0.0,-1.1102230246251565e-16,1.0,1.0,0.0,1,0,bind
MuSiQue,687,Who owns the record label where the singer of All Right records?,high,1,3,2,2,5.0,2.5,4.0,3,3,0,0.0,0.0,0.0,0.4,0.0,-0.4,0.3333333333333333,0.6666666666666666,-0.3333333333333333,1,0,bind
MuSiQue,688,Who is the federal leader of Leon Benoit's political party?,low,0,2,1,1,1.0,1.0,1.0,2,3,0,1.0,1.0,1.0,1.0,0.0,0.0,1.0,1.0,0.0,1,0,bind
MuSiQue,689,"What is the direction of flow of the river by the city where the Lots More Blues, Rags and Hollers performer was formed?",low,0,2,1,1,2.0,2.0,2.0,4,5,0,0.0,0.0,0.0,0.0,0.0,0.0,1.0,0.75,0.25,1,0,bind
MuSiQue,690,What is the capital of the county that shares a border with the county whose capital is the birthplace of Erik Jensen?,high,1,4,3,3,3.0,1.0,3.0,4,3,1,0.0,0.0,0.0,0.0,0.0,0.0,0.25,0.25,0.0,1,0,bind
MuSiQue,691,What company was formed after a merger of the company that built ASM-N-5 Gorgon V?,low,0,2,1,1,0.0,0.0,0.0,2,2,0,1.0,1.0,1.0,1.0,0.0,0.0,1.0,1.0,0.0,1,0,abstain
MuSiQue,692,What is the goal of the group that European Movement Germany is a member of?,low,0,2,1,1,0.0,0.0,0.0,2,2,0,0.0,0.8,0.0,0.8,0.0,0.0,1.0,1.0,0.0,1,0,abstain
MuSiQue,693,"When was the Palau de la Generalitat built in the place of death of Martin, of the region containing Piedratajada?",high,1,3,1,1,0.0,0.0,0.0,3,3,0,1.0,1.0,1.0,1.0,0.0,0.0,1.0,1.0,0.0,1,0,abstain
MuSiQue,694,"What does seal stand for in the U.S. military branch that operates a list of destroyer classes, as well as the USS Dextrous?",high,1,4,2,1,0.0,0.0,0.0,3,2,1,1.0,1.0,1.0,1.0,0.0,0.0,1.0,0.6666666666666666,0.33333333333333337,1,0,abstain
MuSiQue,695,what is the meaning of the word that is also the majority religion in the area that became India when the country where BCCI is based was created in the Arabic dictionary?,high,1,4,3,3,0.0,0.0,0.0,3,7,0,0.0,0.0,0.0,0.0,0.0,0.0,0.6666666666666666,0.3333333333333333,0.3333333333333333,1,0,abstain
MuSiQue,696,"When was the region that lies to the north of what used to be known as the ""Near East"" and the location of the final destination of exported crops created?",high,1,4,2,1,1.0,0.5,1.0,4,5,0,0.0,0.0,0.0,0.0,0.0,0.0,0.5,0.5,0.0,1,0,bind
MuSiQue,697,What country had the Border Troops of the republic known for the literature of the country of citizenship of Ilona Richter?,low,0,2,1,1,0.0,0.0,0.0,3,2,1,0.0,0.4,1.0,1.0,-1.0,-0.6,0.3333333333333333,0.6666666666666666,-0.3333333333333333,1,0,abstain
MuSiQue,698,"When did the state, that contains the county where Raven Creek is located, reinstate the death penalty?",high,1,3,2,2,0.0,0.0,0.0,3,3,0,0.0,0.0,0.0,0.0,0.0,0.0,0.6666666666666666,0.6666666666666666,0.0,1,0,abstain
MuSiQue,699,"Besides areas of the country that gained control of Florida after the conflict Charles Edmund Nugent participated in, what other differences are there between Paco Godia's birthplace and Real Madrid?",high,1,4,2,2,1.0,0.5,1.0,4,6,0,0.0,0.0,0.0,0.0,0.0,0.0,0.5,0.5,0.0,1,0,bind
MuSiQue,700,"In Willy Wonka and the Chocolate Factory, who played the character that the band who performs Eight Arms to Hold You is named after?",high,1,3,2,2,0.0,0.0,0.0,2,2,0,1.0,1.0,1.0,1.0,0.0,0.0,0.5,1.0,-0.5,1,0,abstain
MuSiQue,701,What is the record label of the Thrill of a Lifetime performer?,low,0,2,1,1,1.0,1.0,1.0,2,3,0,0.0,0.4,0.0,0.0,0.0,0.4,1.0,0.5,0.5,1,0,bind
MuSiQue,702,What was Germany's goal in the Battle of the ocean adjacent to the city Herbert Saffir died in?,high,1,3,2,2,0.0,0.0,0.0,3,5,0,1.0,1.0,0.0,0.1111111111111111,1.0,0.8888888888888888,0.6666666666666666,0.6666666666666666,0.0,1,0,abstain
MuSiQue,703,How long was the city where the Yongle emperor greeted the person the Ming court thought the representatives were sent by the capitol of Yaxing Coach's headquarters location?,high,1,4,3,3,0.0,0.0,0.0,4,3,1,0.0,0.0,0.0,0.0,0.0,0.0,0.75,0.75,0.0,1,0,abstain
MuSiQue,704,When was the region that lies to the north of the region Israel is located and where the Battle of Qurah and Umm al Maradim is took place established?,high,1,3,2,2,0.0,0.0,0.0,4,3,1,0.0,0.0,0.0,0.0,0.0,0.0,0.5,0.25,0.25,1,0,abstain
MuSiQue,705,During what time span were there findings of habitation in India and the country that withdrew its forces in accordance with the UN resolution of August 1948?,high,1,3,1,1,1.0,1.0,1.0,2,4,0,0.0,0.0,0.0,0.0,0.0,0.0,1.0,1.0,0.0,1,0,bind
MuSiQue,706,How many people work in the university that is related with Mark F. Green?,low,0,2,1,1,0.0,0.0,0.0,2,3,0,1.0,1.0,0.0,0.0,1.0,1.0,1.0,0.5,0.5,1,0,abstain
MuSiQue,707,What is the direction of flow of the body of water by the home of the juicy lucy?,low,0,2,1,1,1.0,1.0,1.0,3,10,0,0.0,0.0,0.0,0.0,0.0,0.0,0.6666666666666666,1.0,-0.33333333333333337,1,0,bind
MuSiQue,708,"When did Nissan, the HPD ARX-03 maker and the Scion owner open US assembly plants?",low,0,2,1,1,0.0,0.0,0.0,3,2,1,0.0,0.0,0.0,0.0,0.0,0.0,1.0,0.3333333333333333,0.6666666666666667,1,0,abstain
MuSiQue,709,"When was the region that lies to the north of what used to be known as the ""Near East"" and the location of Operation Earnest Will established?",high,1,4,1,1,1.0,1.0,1.0,4,4,0,0.0,0.0,0.0,0.0,0.0,0.0,0.5,0.25,0.25,1,0,bind
MuSiQue,710,In what region of the country of S-Fone is The place of birth of John Phan located?,low,0,2,1,1,0.0,0.0,0.0,3,4,0,1.0,1.0,1.0,1.0,0.0,0.0,1.0,1.0,0.0,1,0,abstain
MuSiQue,711,Who is the mother of Nephalion's father?,low,0,2,1,1,1.0,1.0,1.0,2,2,0,1.0,1.0,1.0,1.0,0.0,0.0,1.0,1.0,0.0,1,0,bind
MuSiQue,712,Where did the arguer that Norair Sisakian's country of citizenship had itself become an imperialist power declare he would intervene in the Korean conflict?,high,1,4,3,3,0.0,0.0,0.0,3,16,0,0.0,0.0,0.0,0.0,0.0,0.0,1.0,0.6666666666666666,0.33333333333333337,1,0,abstain
MuSiQue,713,When was the last time the team employing Ronnie Morris beat the 1894-95 FA Cup winner?,high,1,4,1,1,0.0,0.0,0.0,3,4,0,0.0,0.0,0.0,0.0,0.0,0.0,0.6666666666666666,0.3333333333333333,0.3333333333333333,1,0,abstain
MuSiQue,714,Who won the Indy car race in the largest populated city in the state where the performer of A Modern Jazz Symposium of Music and Poetry is from?,high,1,4,3,3,0.0,0.0,0.0,4,4,0,0.0,0.0,1.0,1.0,-1.0,-1.0,0.5,0.5,0.0,1,0,abstain
MuSiQue,715,How many refugees emigrated to the European country where Huguenots felt a kinship for emigration?,low,0,2,1,1,0.0,0.0,0.0,2,6,0,1.0,1.0,1.0,1.0,0.0,0.0,1.0,1.0,0.0,1,0,abstain
MuSiQue,716,When did the president of the Confederate States of America end his fight in the Mexican-American war?,low,0,2,1,1,0.0,0.0,0.0,2,5,0,1.0,1.0,1.0,1.0,0.0,0.0,0.5,1.0,-0.5,1,0,abstain
MuSiQue,717,How many books were said to be written by the most influential in Islamic philosophy?,low,0,2,1,1,0.0,0.0,0.0,2,5,0,1.0,1.0,1.0,1.0,0.0,0.0,1.0,1.0,0.0,1,0,abstain
MuSiQue,718,What is the name of the university that educated the character that Mel Brooks plays in Mr. Peabody and Sherman?,low,0,2,1,1,1.0,1.0,1.0,2,3,0,0.0,0.0,0.0,0.0,0.0,0.0,1.0,0.5,0.5,1,0,bind
MuSiQue,719,How many ethnic minorities were looked at differently in the city where the headquarters of the only group larger than Vilaiyaadu Mankatha's record label is located?,high,1,4,3,3,0.0,0.0,0.0,4,5,0,0.0,0.0,0.0,0.0,0.0,0.0,0.5,0.5,0.0,1,0,abstain
MuSiQue,720,When did the majority party in the body which approves members of the Cabinet gain control of the House?,high,1,3,2,2,0.0,0.0,0.0,3,3,0,0.0,0.0,0.0,0.0,0.0,0.0,0.3333333333333333,0.3333333333333333,0.0,1,0,abstain
MuSiQue,721,At the end of which year did tribes from the area where Linear Pottery culture was found invade the Roman Empire?,low,0,2,1,1,0.0,0.0,0.0,2,2,0,0.0,0.0,0.0,0.0,0.0,0.0,0.0,0.5,-0.5,1,0,abstain
MuSiQue,722,"What dissolved privileges in Poland held by the empire that used Pan-Slavism as a tool, the leader of the North German Confederation during the Franco-Prussian War, and the Habsburg Monarchy?",high,1,3,0,0,0.0,0.0,0.0,3,4,0,0.0,0.0,0.0,0.25,0.0,-0.25,1.0,0.6666666666666666,0.33333333333333337,1,0,abstain
MuSiQue,723,When did the city where Souvenir's performer was born become the capitol of the state Knowles was from?,low,0,2,1,1,0.0,0.0,0.0,4,3,1,0.0,0.0,0.0,0.0,0.0,0.0,0.0,0.0,0.0,1,0,abstain
MuSiQue,724,When did the person who ended the Archaemenid Empire by conquest in 330 BC die?,low,0,2,1,1,1.0,1.0,1.0,2,3,0,1.0,1.0,0.0,0.5,1.0,0.5,1.0,0.5,0.5,1,0,bind
MuSiQue,725,What happened to Buckingham after the departure of the queen who Martha Ann Ricks presented the famed Liberian coffee tree to?,high,1,3,2,2,0.0,0.0,0.0,2,5,0,0.0,0.6667,0.0,0.6666666666666666,0.0,3.333333333332966e-05,1.0,1.0,0.0,1,0,abstain
MuSiQue,726,When was the last time the team who Bernard Lowe was a member of beat the winner of the 1894-95 FA Cup?,high,1,3,1,1,0.0,0.0,0.0,3,5,0,0.0,0.0,0.0,0.0,0.0,0.0,0.6666666666666666,0.6666666666666666,0.0,1,0,abstain
MuSiQue,727,What is the meaning of the word that is also a majority religion in the region that became India when the country where Kohat is located was created in the Arabic dictionary?,high,1,3,2,2,0.0,0.0,0.0,3,4,0,0.0,0.0,0.0,0.0,0.0,0.0,1.0,0.3333333333333333,0.6666666666666667,1,0,abstain
MuSiQue,728,"When is Celebrity Big Brother coming to the network which, along with ABC and the network which broadcasted Highway to Heaven, is the other major broadcaster based in NY?",low,0,2,1,1,1.0,1.0,1.0,3,5,0,1.0,1.0,0.0,0.0,1.0,1.0,0.6666666666666666,0.6666666666666666,0.0,1,0,bind
MuSiQue,729,When did the luxury division of the employer of Katsuaki Watanabe change the body style of the rx 350?,high,1,3,2,2,0.0,0.0,0.0,3,3,0,0.0,0.2857,0.0,0.2857142857142857,0.0,-1.4285714285688922e-05,1.0,1.0,0.0,1,0,abstain
MuSiQue,730,When was the last time the team that won the American League East in 2017 and the Dodgers met in the championship event that precedes the MLB MVP award?,low,0,2,1,1,1.0,1.0,1.0,3,4,0,1.0,1.0,0.0,0.0,1.0,1.0,0.6666666666666666,0.3333333333333333,0.3333333333333333,1,0,bind
MuSiQue,731,Of which river is the river Kichi Sipi Bridge crosses a tributary?,low,0,2,1,1,3.0,3.0,3.0,2,3,0,0.0,0.0,0.0,0.0,0.0,0.0,1.0,1.0,0.0,1,0,bind
MuSiQue,732,When was the region immediately north of the region where Urim's country is located and the Persian Gulf created?,high,1,4,2,2,0.0,0.0,0.0,4,8,0,0.0,0.0,0.0,0.0,0.0,0.0,0.0,0.25,-0.25,1,0,abstain
MuSiQue,733,Where does the body of water by the city Astronautalis is from and the Ohio River meet?,high,1,3,1,1,0.0,0.0,0.0,3,3,0,0.0,0.0,0.0,0.0,0.0,0.0,0.6666666666666666,0.3333333333333333,0.3333333333333333,1,0,abstain
MuSiQue,734,Which war did the operator of Finnish coastal defence ship Väinämöinen serve in?,low,0,2,1,1,2.0,2.0,2.0,2,2,0,1.0,1.0,1.0,1.0,0.0,0.0,1.0,1.0,0.0,1,0,bind
MuSiQue,735,What county is the city that shares a border with the state capital of the state where Zubly Cemetery is located in?,high,1,4,3,3,0.0,0.0,0.0,4,3,1,0.0,0.0,0.0,0.5,0.0,-0.5,0.25,0.5,-0.25,1,0,abstain
MuSiQue,736,"What county shares a border with the other county, that contains the city, where the singer of Hungry Eyes in the movie Dirty Dancing, was born?",high,1,4,3,3,6.0,2.0,3.0,4,3,1,0.0,0.0,0.0,0.0,0.0,0.0,0.5,0.5,0.0,1,0,bind
MuSiQue,737,"The actor who plays Barney in ""How I Met Your Mother"" plays what character in Batman Under the Red Hood?",low,0,2,1,1,0.0,0.0,0.0,2,4,0,1.0,1.0,0.0,0.0,1.0,1.0,1.0,0.5,0.5,1,0,abstain
MuSiQue,738,What was Nintendo's limit on games per developer per year on the platform of Robodemons?,low,0,2,1,1,0.0,0.0,0.0,3,3,0,1.0,1.0,1.0,1.0,0.0,0.0,1.0,1.0,0.0,1,0,abstain
MuSiQue,739,Where was the spouse of Frances Tupper born?,low,0,2,1,1,0.0,0.0,0.0,2,2,0,0.0,0.0,0.0,0.0,0.0,0.0,1.0,0.5,0.5,1,0,abstain
MuSiQue,740,When did the owner of Bucephalus die?,low,0,2,1,1,0.0,0.0,0.0,2,1,1,1.0,1.0,0.0,0.5,1.0,0.5,0.5,0.5,0.0,1,0,abstain
MuSiQue,741,"What label was bought by the company which, along with ABC and the network which aired Law of the Plainsman, is the other major broadcaster based in NY?",low,0,2,1,1,0.0,0.0,0.0,3,3,0,0.0,0.0,0.0,0.0,0.0,0.0,1.0,0.6666666666666666,0.33333333333333337,1,0,abstain
MuSiQue,742,Which county has the location that shares a border with the city that became the state capital of where Representative Thomas Tucker was from?,low,0,2,1,1,0.0,0.0,0.0,4,4,0,0.0,0.5,0.0,0.5,0.0,0.0,0.0,0.5,-0.5,1,0,abstain
MuSiQue,743,When is the all-star game of the league whose member played in the most championship series which proceed the MVP award?,high,1,4,3,2,0.0,0.0,0.0,4,7,0,0.0,0.5,0.0,0.0,0.0,0.5,0.5,0.5,0.0,1,0,abstain
MuSiQue,744,Who did the state where Christian Science Pleasant View Home was located vote for in 2016?,high,1,3,2,2,8.0,4.0,5.0,2,2,0,1.0,1.0,1.0,1.0,0.0,0.0,1.0,1.0,0.0,1,0,bind
MuSiQue,745,What is the name of the famous bridge in the birthplace of Gloria in D Major's composer?,high,1,3,2,2,1.0,0.5,1.0,3,3,0,1.0,1.0,1.0,1.0,0.0,0.0,0.6666666666666666,0.6666666666666666,0.0,1,0,bind
MuSiQue,746,Where does the body of water by the city that shares a border with Elizabeth Berg's birthplace and Ohio River meet?,high,1,3,2,2,0.0,0.0,0.0,4,10,0,0.0,0.0,0.0,0.0,0.0,0.0,0.75,0.5,0.25,1,0,abstain
MuSiQue,747,What happened to Buckingham Palace after the first monarch to reside there left?,low,0,2,1,1,0.0,0.0,0.0,2,4,0,0.0,0.6667,0.0,0.6666666666666666,0.0,3.333333333332966e-05,1.0,1.0,0.0,1,0,abstain
MuSiQue,748,"In the top five largest urban areas in the state where the performer of The Paramour Sessions was from, where does the place of death for Alexander Golitzen rank?",high,1,4,2,2,0.0,0.0,0.0,4,6,0,0.0,0.0,0.0,0.0,0.0,0.0,0.25,0.5,-0.25,1,0,abstain
MuSiQue,749,How were the same people who the Somali Muslim Ajuran Empire declared independence from expelled from the natural boundary between Thailand and the country Setthathirath is a citizen of?,high,1,4,2,2,0.0,0.0,0.0,4,4,0,0.0,0.3333,0.0,0.0,0.0,0.3333,0.75,0.5,0.25,1,0,abstain
MuSiQue,750,What compression method is part of the CAB format used by one of the original partners in the TV channel that hosts Rachel Maddow's show?,high,1,3,2,2,0.0,0.0,0.0,3,3,0,1.0,1.0,1.0,1.0,0.0,0.0,1.0,1.0,0.0,1,0,abstain
MuSiQue,751,This is an instance of who was named commander in chief of texas forces by the new national government of texas National Forest?,low,0,1,0,0,0.0,0.0,0.0,2,11,0,0.0,0.0,0.0,0.0,0.0,0.0,1.0,1.0,0.0,1,0,abstain
MuSiQue,752,When was the region that lies to the north of where Israel is located and where Shamal is located established?,high,1,4,2,1,6.0,3.0,4.0,4,3,1,0.0,0.0,0.0,0.0,0.0,0.0,1.0,0.25,0.75,1,0,bind
MuSiQue,753,What is the average salary of a working person of the same nationality as MacGruder and Loud's creator?,high,1,3,2,2,0.0,0.0,0.0,3,4,0,0.0,0.0,0.0,0.0,0.0,0.0,0.6666666666666666,0.6666666666666666,0.0,1,0,abstain
MuSiQue,754,What record label is the performer of Almost Made Ya signed to?,low,0,2,1,1,1.0,1.0,1.0,2,2,0,0.0,0.0,0.0,0.5714285714285715,0.0,-0.5714285714285715,1.0,1.0,0.0,1,0,bind
MuSiQue,755,Which country is the Desert Forest Golf Club located in?,low,0,1,0,0,0.0,0.0,0.0,2,3,0,0.0,0.0,0.0,0.0,0.0,0.0,1.0,1.0,0.0,1,0,abstain
MuSiQue,756,What territorial entity does the town where John the Hairy lived belong to?,low,0,2,1,1,0.0,0.0,0.0,2,1,1,0.0,0.0,0.0,0.0,0.0,0.0,0.5,0.5,0.0,1,0,abstain
MuSiQue,757,How many miles of highways are in the city where the Yongle emperor greeted the person to whom the edict was addressed?,high,1,3,1,1,0.0,0.0,0.0,3,5,0,0.0,0.6667,0.0,0.6666666666666666,0.0,3.333333333332966e-05,1.0,1.0,0.0,1,0,abstain
MuSiQue,758,"When did the maker of the Acura Legend, the manufacturer of Toyopet Master, and Nissan open US assembly plants?",high,1,4,2,1,0.0,0.0,0.0,3,3,0,0.0,0.0,0.0,0.0,0.0,0.0,0.6666666666666666,0.3333333333333333,0.3333333333333333,1,0,abstain
MuSiQue,759,Whose father was a navigator who explored the east coast of the continental region where Sergio Villanueva would later be born?,high,1,4,3,3,3.0,1.0,2.0,4,2,1,0.0,0.0,0.0,0.0,0.0,0.0,0.25,0.25,0.0,1,0,bind
MuSiQue,760,"When did the political party that holds the majority in the political body that passed a bill giving regulators discretion to prohibit proprietary trades, gain control of the House?",high,1,3,2,2,0.0,0.0,0.0,3,6,0,0.0,0.0,0.0,0.6666666666666666,0.0,-0.6666666666666666,0.3333333333333333,0.6666666666666666,-0.3333333333333333,1,0,abstain
MuSiQue,761,When was the region that lies to the north of where Israel is located and the body of water between East Africa and the Arabian peninsula created?,high,1,4,2,1,8.0,4.0,4.0,4,6,0,0.0,0.0,0.0,0.0,0.0,0.0,0.25,0.25,0.0,1,0,bind
MuSiQue,762,What did the actress in My Fair Lady win a Tony for?,low,0,2,1,1,0.0,0.0,0.0,2,3,0,0.0,0.0,0.0,0.5714285714285715,0.0,-0.5714285714285715,0.5,0.5,0.0,1,0,abstain
MuSiQue,763,Where was Obama's opponent in his first election educated?,low,0,2,1,1,0.0,0.0,0.0,2,2,0,0.0,0.0,0.0,0.0,0.0,0.0,0.5,0.5,0.0,1,0,abstain
MuSiQue,764,In which county is the city to which KKVU is licensed to broadcast?,low,0,2,1,1,0.0,0.0,0.0,2,1,1,0.0,0.0,0.0,0.0,0.0,0.0,0.5,0.5,0.0,1,0,abstain
MuSiQue,765,When did the performer of Blue Slide Park release Best Day Ever?,low,0,2,1,1,0.0,0.0,0.0,2,2,0,1.0,1.0,1.0,1.0,0.0,0.0,1.0,0.5,0.5,1,0,abstain
MuSiQue,766,"In the 14th century, who introduced a system of musical notation used in the area where 3% of Turkey is located?",low,0,2,1,1,0.0,0.0,0.0,2,3,0,1.0,1.0,1.0,1.0,0.0,0.0,1.0,1.0,0.0,1,0,abstain
MuSiQue,767,Who constituted the free corps in the country that the Free State of Mecklenburg-Schwerin is located in?,low,0,2,1,1,0.0,0.0,0.0,2,3,0,0.0,0.7273,0.0,0.7272727272727273,0.0,2.727272727265362e-05,1.0,1.0,0.0,1,0,abstain
MuSiQue,768,Who is the spouse of the actor who played Scarlet in Gone with the wind?,low,0,2,1,1,0.0,0.0,0.0,2,12,0,1.0,1.0,0.0,0.8,1.0,0.19999999999999996,0.5,0.5,0.0,1,0,abstain
MuSiQue,769,When did the town WIZE is licensed in become capitol of the state where Ward Township is located?,low,0,2,1,1,2.0,2.0,2.0,4,3,1,0.0,0.0,0.0,0.0,0.0,0.0,0.5,0.25,0.25,1,0,bind
MuSiQue,770,Where was the designer of the Lap Engine educated?,low,0,2,1,1,1.0,1.0,1.0,2,3,0,1.0,1.0,1.0,1.0,0.0,0.0,1.0,1.0,0.0,1,0,bind
MuSiQue,771,When did the town WLUJ is licensed in become capitol of the state where Brantley York was born?,high,1,4,2,2,3.0,1.5,2.0,4,4,0,0.0,0.0,0.0,0.0,0.0,0.0,0.5,0.5,0.0,1,0,bind
MuSiQue,772,Where does the city where Alexander Golitzen died rank in the top five largest urban areas of the state where Still Swingin's performers were formed?,high,1,3,1,1,0.0,0.0,0.0,4,6,0,0.0,0.0,0.0,0.0,0.0,0.0,0.5,0.5,0.0,1,0,abstain
MuSiQue,773,What administrative territorial entity does Heinrich Gross's birth place located?,low,0,2,1,1,0.0,0.0,0.0,2,2,0,1.0,1.0,1.0,1.0,0.0,0.0,1.0,1.0,0.0,1,0,abstain
MuSiQue,774,Can foreign tourists cruise to the country between the nation that hosted 2020 AFC U-23 Championship qualification and the one that contains A Don.?,high,1,3,1,1,0.0,0.0,0.0,4,3,1,0.0,0.0,0.0,0.0,0.0,0.0,0.5,0.5,0.0,1,0,abstain
MuSiQue,775,who is the president of newly declared independent country which is the country of the country of Alabio –Timor Leste Commission of Truth and Friendship?,low,0,2,1,1,4.0,4.0,4.0,3,3,0,1.0,1.0,1.0,1.0,0.0,0.0,1.0,0.6666666666666666,0.33333333333333337,1,0,bind
MuSiQue,776,What body of water is by the headquarters location of Wipac?,low,0,2,1,1,1.0,1.0,1.0,2,3,0,1.0,1.0,0.0,0.0,1.0,1.0,1.0,0.5,0.5,1,0,bind
MuSiQue,777,Who is the spouse of the producer of Dolores Claiborne?,low,0,2,1,1,1.0,1.0,1.0,2,3,0,0.0,0.0,0.0,0.0,0.0,0.0,1.0,0.5,0.5,1,0,bind
MuSiQue,778,"According to QS World University Rankings, where does the college that Ibrahim Shihata attended rank?",low,0,2,1,1,0.0,0.0,0.0,2,2,0,0.0,0.0,0.0,0.0,0.0,0.0,1.0,1.0,0.0,1,0,abstain
MuSiQue,779,What is the river where Long Spruce Generating Station is located a tributary of?,low,0,2,1,1,1.0,1.0,1.0,2,1,1,1.0,1.0,1.0,1.0,0.0,0.0,1.0,0.5,0.5,1,0,bind
MuSiQue,780,What is the name of the castle in the city where the creator of Scene in the Northwest: Portrait of John Henry Lefroy died?,high,1,3,2,2,3.0,1.5,2.0,3,3,0,1.0,1.0,0.0,0.0,1.0,1.0,0.6666666666666666,0.6666666666666666,0.0,1,0,bind
MuSiQue,781,The Freddie Mercury film's producer played who in Godfather 2?,low,0,2,1,1,0.0,0.0,0.0,2,3,0,0.0,0.5,0.0,0.0,0.0,0.5,1.0,0.5,0.5,1,0,abstain
MuSiQue,782,"Who is the actress who plays the role of the Queen of England in 1890, on the network that aired The Dinosaurs!?",high,1,3,2,1,0.0,0.0,0.0,3,12,0,1.0,1.0,0.0,0.0,1.0,1.0,1.0,1.0,0.0,1,0,abstain
MuSiQue,783,Who is the child of the cast member of Ice Bound: A Woman's Survival at the South Pole?,low,0,2,1,1,0.0,0.0,0.0,2,2,0,1.0,1.0,1.0,1.0,0.0,0.0,1.0,1.0,0.0,1,0,abstain
MuSiQue,784,What is the current population in 2017 of the country being the defending champions of champions trophy?,low,0,2,1,1,0.0,0.0,0.0,2,6,0,0.0,0.8,0.0,0.8,0.0,0.0,1.0,1.0,0.0,1,0,abstain
MuSiQue,785,"When did the maker of Acura Legend, the manufacturer of Scion Fuse and Nissan open US assembly plants?",high,1,4,3,2,0.0,0.0,0.0,3,2,1,0.0,0.0,0.0,0.0,0.0,0.0,1.0,0.3333333333333333,0.6666666666666667,1,0,abstain
MuSiQue,786,What is the enrollment at Henry Latimer's alma mater?,low,0,2,1,1,0.0,0.0,0.0,2,2,0,0.0,0.0,0.0,0.0,0.0,0.0,0.5,0.5,0.0,1,0,abstain
MuSiQue,787,When did the political party Alaska generally supports take control of the determiner of rules of the US House and US Senate?,low,0,2,1,1,2.0,2.0,2.0,3,5,0,0.0,0.0,0.0,0.0,0.0,0.0,0.3333333333333333,0.3333333333333333,0.0,1,0,bind
MuSiQue,788,Who played the king that was king of england in 1951 in the king's speech?,low,0,2,1,1,0.0,0.0,0.0,2,4,0,1.0,1.0,1.0,1.0,0.0,0.0,1.0,1.0,0.0,1,0,abstain
MuSiQue,789,Who played the girlfriend of the actor who played Marlene McFly in Back to the Future?,low,0,2,1,1,0.0,0.0,0.0,2,3,0,0.0,0.0,1.0,1.0,-1.0,-1.0,1.0,0.5,0.5,1,0,abstain
MuSiQue,790,What does SEAL stand for in the military branch that operates USS Prevail?,low,0,2,1,1,0.0,0.0,0.0,3,3,0,1.0,1.0,1.0,1.0,0.0,0.0,0.6666666666666666,0.6666666666666666,0.0,1,0,abstain
MuSiQue,791,What's the largest med school in what was the nobilities commonwealth?,low,0,2,1,1,1.0,1.0,1.0,2,5,0,0.0,0.0,0.0,0.4,0.0,-0.4,1.0,1.0,0.0,1,0,bind
MuSiQue,792,"Along with Kenny G and the performer of Off the Beaten Path, what artist was featured on smooth jazz stations?",low,0,2,1,1,1.0,1.0,1.0,2,6,0,0.0,0.0,1.0,1.0,-1.0,-1.0,1.0,1.0,0.0,1,0,bind
MuSiQue,793,How long had Pfrang Association's headquarters location been the capitol city of Yaxing Coach's headquarters location?,high,1,3,2,2,0.0,0.0,0.0,3,3,0,0.0,0.4,0.0,0.4,0.0,0.0,1.0,1.0,0.0,1,0,abstain
MuSiQue,794,For what did the singer of the original version of Moon River win a Tony award?,low,0,2,1,1,1.0,1.0,1.0,2,2,0,0.0,0.1818,0.0,0.18181818181818182,0.0,-1.8181818181833842e-05,1.0,0.5,0.5,1,0,bind
MuSiQue,795,When did the city where the author of Pacem in Terris died become its own country?,high,1,4,3,2,0.0,0.0,0.0,3,3,0,0.0,0.5,1.0,1.0,-1.0,-0.5,1.0,0.6666666666666666,0.33333333333333337,1,0,abstain
MuSiQue,796,How many mandatory transmitters of the Canadian Broadcasting Centre's owner were updated before the deadline?,high,1,3,2,2,0.0,0.0,0.0,2,4,0,0.0,0.0,0.0,0.0,0.0,0.0,0.5,0.5,0.0,1,0,abstain
MuSiQue,797,When was the painter of Femme nue couchée born?,low,0,2,1,1,1.0,1.0,1.0,2,2,0,1.0,1.0,0.0,0.5,1.0,0.5,1.0,1.0,0.0,1,0,bind
MuSiQue,798,As a result of the black death it is estimated that the population of the country for Bâton à feu was reduced by how much?,high,1,3,2,2,0.0,0.0,0.0,2,5,0,0.0,0.0,0.0,0.0,0.0,0.0,1.0,0.5,0.5,1,0,abstain
MuSiQue,799,Between which years did war with the person for whom Pyrrhic victory is named occur?,low,0,2,1,1,1.0,1.0,1.0,2,5,0,0.0,0.2857,0.0,0.28571428571428575,0.0,-1.4285714285744433e-05,0.5,1.0,-0.5,1,0,bind
MuSiQue,800,When did the creator of Christ in the House of His Parents die?,low,0,2,1,1,1.0,1.0,1.0,2,1,1,0.0,0.5,1.0,1.0,-1.0,-0.5,1.0,0.5,0.5,1,0,bind
MuSiQue,801,Who is the spouse of the first nominated African American presidential candidate?,low,0,2,1,1,0.0,0.0,0.0,2,1,1,0.0,0.0,0.0,0.0,0.0,0.0,0.5,0.0,0.5,1,0,abstain
MuSiQue,802,What location borders the city founded by a former newspaper publisher selling supplies in the state where the valley girl accent originated?,high,1,4,3,3,1.0,0.3333333333333333,1.0,4,4,0,0.0,0.0,0.0,0.0,0.0,0.0,0.5,0.5,0.0,1,0,bind
MuSiQue,803,In what region of the country where Ha Hoa is located is the city where Zone 5 Military Museum is found?,low,0,2,1,1,1.0,1.0,1.0,3,2,1,0.0,0.0,0.0,0.5,0.0,-0.5,0.6666666666666666,0.6666666666666666,0.0,1,0,bind
MuSiQue,804,Who is the spouse of the actor playing Bart's father in I can only imagine?,low,0,2,1,1,0.0,0.0,0.0,2,4,0,0.0,0.0,0.0,0.0,0.0,0.0,0.5,1.0,-0.5,1,0,abstain
MuSiQue,805,Where do Greyhound buses leave from in the city where the band that recorded the album Never Too Loud formed?,high,1,4,3,3,0.0,0.0,0.0,3,2,1,0.0,0.0,1.0,1.0,-1.0,-1.0,0.3333333333333333,0.6666666666666666,-0.3333333333333333,1,0,abstain
MuSiQue,806,What religion is Anubis' father part of?,low,0,2,1,1,0.0,0.0,0.0,2,3,0,0.0,0.8,1.0,1.0,-1.0,-0.19999999999999996,1.0,1.0,0.0,1,0,abstain
MuSiQue,807,Who is the spouse of the actress who plays Scarlett in Gone With the Wind?,low,0,2,1,1,0.0,0.0,0.0,2,3,0,0.0,0.8,0.0,0.8,0.0,0.0,0.5,0.5,0.0,1,0,abstain
MuSiQue,808,Which county shares border with the county having the birth city of the director of Let the Good Times Roll?,high,1,3,2,2,2.0,1.0,1.0,4,4,0,0.0,0.0,0.0,0.5,0.0,-0.5,0.5,0.5,0.0,1,0,bind
MuSiQue,809,Which company followed the company that made AAM-N-4 Oriole?,low,0,2,1,1,1.0,1.0,1.0,2,2,0,1.0,1.0,0.0,0.5,1.0,0.5,1.0,1.0,0.0,1,0,bind
MuSiQue,810,What is the capital of the county that shares a border with the county where the band Tenement was formed?,high,1,3,2,2,0.0,0.0,0.0,4,3,1,0.0,0.0,0.0,0.0,0.0,0.0,0.5,0.5,0.0,1,0,abstain
MuSiQue,811,Who is the child of the cast member of Green Ice?,low,0,2,1,1,0.0,0.0,0.0,2,3,0,0.0,0.0,1.0,1.0,-1.0,-1.0,1.0,1.0,0.0,1,0,abstain
MuSiQue,812,Who constituted the free crops in the state having Free State of Brunswick?,low,0,2,1,1,2.0,2.0,2.0,2,6,0,0.0,0.0,0.0,0.0,0.0,0.0,0.5,0.5,0.0,1,0,bind
MuSiQue,813,Who was the first black student admitted to the school that owns Swayze Field?,low,0,2,1,1,0.0,0.0,0.0,2,3,0,1.0,1.0,1.0,1.0,0.0,0.0,1.0,1.0,0.0,1,0,abstain
MuSiQue,814,Who was the second pick in the 1999 draft of the league Jim Wilson played in?,low,0,2,1,1,1.0,1.0,1.0,3,3,0,0.0,0.5,1.0,1.0,-1.0,-0.5,0.6666666666666666,0.6666666666666666,0.0,1,0,bind
MuSiQue,815,"Who was a prominent figure at the radio division of the broadcasting company that created the version of The Biggest Loser: The Final Chance, set in the country containing Labu?",high,1,3,2,2,0.0,0.0,0.0,3,2,1,0.0,0.0,0.0,0.0,0.0,0.0,0.6666666666666666,0.6666666666666666,0.0,1,0,abstain
MuSiQue,816,From where do buses leave the city CKIS-FM serves?,low,0,2,1,1,0.0,0.0,0.0,2,2,0,1.0,1.0,0.0,0.0,1.0,1.0,1.0,0.5,0.5,1,0,abstain
MuSiQue,817,In what part of Florida is Tom Denney's birthplace located?,low,0,2,1,1,1.0,1.0,1.0,2,2,0,1.0,1.0,1.0,1.0,0.0,0.0,1.0,1.0,0.0,1,0,bind
MuSiQue,818,What date did the creator of Autumn Leaves die?,low,0,2,1,1,0.0,0.0,0.0,2,4,0,0.0,0.0,0.0,0.0,0.0,0.0,0.5,0.0,0.5,1,0,abstain
MuSiQue,819,How many books were said to have been written by the person who proposed explanations for the origins of earthquakes and the formation of mountains?,low,0,2,1,1,0.0,0.0,0.0,2,5,0,1.0,1.0,1.0,1.0,0.0,0.0,1.0,0.5,0.5,1,0,abstain
MuSiQue,820,What were the Genesis's advantage over the platform of Pictionary?,high,1,3,2,2,0.0,0.0,0.0,3,4,0,0.0,0.0,0.0,0.0,0.0,0.0,0.6666666666666666,0.6666666666666666,0.0,1,0,abstain
MuSiQue,821,Where does the body of water by the home of the Juicy Lucy empty into the gulf of Mexico?,low,0,2,1,1,0.0,0.0,0.0,3,6,0,0.0,0.0,0.0,0.0,0.0,0.0,1.0,0.3333333333333333,0.6666666666666667,1,0,abstain
MuSiQue,822,Who did the actor who played Batman in the new Justice League play in Dazed and Confused?,low,0,2,1,1,0.0,0.0,0.0,2,2,0,1.0,1.0,1.0,1.0,0.0,0.0,1.0,0.5,0.5,1,0,abstain
MuSiQue,823,Where is the Voshmgir District located?,low,0,2,1,1,0.0,0.0,0.0,2,4,0,0.0,0.0,0.0,0.0,0.0,0.0,1.0,1.0,0.0,1,0,abstain
MuSiQue,824,Who does the cast member from Julie play in Princess Diaries?,low,0,2,1,1,0.0,0.0,0.0,2,2,0,1.0,1.0,1.0,1.0,0.0,0.0,1.0,0.5,0.5,1,0,abstain
MuSiQue,825,The Real Housewives series from the largest city of the state where WEKL transmits started when?,high,1,3,2,2,0.0,0.0,0.0,3,4,0,0.0,0.5,1.0,1.0,-1.0,-0.5,0.6666666666666666,0.6666666666666666,0.0,1,0,abstain
MuSiQue,826,Where is the district that the person who wanted to reform and address Bernhard Lichtenberg's religion preached a sermon on Marian devotion before his death located?,low,0,2,1,1,0.0,0.0,0.0,4,3,1,1.0,1.0,0.0,0.0,1.0,1.0,1.0,0.25,0.75,1,0,abstain
MuSiQue,827,Over how many slaves ended up getting emancipated on the birth place of Francis Watson?,high,1,3,2,2,0.0,0.0,0.0,2,2,0,1.0,1.0,1.0,1.0,0.0,0.0,1.0,0.5,0.5,1,0,abstain
MuSiQue,828,How many places of higher learning are in the city where the Yongle emperor greeted the person to whom the edict was addressed?,high,1,3,1,1,0.0,0.0,0.0,3,8,0,1.0,1.0,1.0,1.0,0.0,0.0,1.0,1.0,0.0,1,0,abstain
MuSiQue,829,What were Genesis's advantages over the platform that plays Bigfoot?,low,0,2,1,1,0.0,0.0,0.0,3,5,0,0.0,0.1,0.0,0.11111111111111112,0.0,-0.011111111111111113,0.6666666666666666,0.6666666666666666,0.0,1,0,abstain
MuSiQue,830,"In The Office, Pam get's together with her husband in which episode?",low,0,1,0,0,0.0,0.0,0.0,2,5,0,0.0,0.3333,0.0,0.0,0.0,0.3333,1.0,1.0,0.0,1,0,abstain
MuSiQue,831,"When is Celebrity Big Brother coming to the network that, along with the original network of Then Came Bronson and ABC, is based in New York?",high,1,4,3,3,2.0,0.6666666666666666,1.0,3,4,0,1.0,1.0,1.0,1.0,0.0,0.0,0.6666666666666666,1.0,-0.33333333333333337,1,0,bind
MuSiQue,832,Who is the spouse of the person who plays Batman in the Lego Batman Movie?,low,0,2,1,1,0.0,0.0,0.0,2,7,0,0.0,0.0,0.0,0.0,0.0,0.0,1.0,0.5,0.5,1,0,abstain
MuSiQue,833,"Besides the Irish Channel and the body of water by the city Caspar Voght died in, what else lowered in the last cold phase?",low,0,2,1,1,1.0,1.0,1.0,3,3,0,0.0,0.0,0.0,0.0,0.0,0.0,0.6666666666666666,0.6666666666666666,0.0,1,0,bind
MuSiQue,834,What were the Genesis's advantages over the system which had a three letter abbreviation and was also the platform for Star Voyager?,low,0,2,1,1,0.0,0.0,0.0,3,4,0,0.0,0.1111,0.0,0.11111111111111112,0.0,-1.1111111111114513e-05,0.6666666666666666,0.6666666666666666,0.0,1,0,abstain
MuSiQue,835,"Who led the movement against communism, in the country where, along with the nation that Ágnes Konkoly is from, many expelled French Jews relocated to?",high,1,3,2,2,0.0,0.0,0.0,3,3,0,0.0,0.0,0.0,0.0,0.0,0.0,0.6666666666666666,0.6666666666666666,0.0,1,0,abstain
MuSiQue,836,What gun does the director of Pollock use in Westworld?,high,1,3,2,2,0.0,0.0,0.0,2,2,0,0.0,0.0,0.0,0.0,0.0,0.0,0.5,0.0,0.5,1,0,abstain
MuSiQue,837,What is the name of the castle in the city where the performers of Born A Lion was formed?,low,0,2,1,1,0.0,0.0,0.0,3,2,1,0.0,0.0,0.0,0.0,0.0,0.0,0.3333333333333333,0.3333333333333333,0.0,1,0,abstain
MuSiQue,838,What was the average per capita GVA in 2013 of the country which created Burma's academic system?,low,0,2,1,1,1.0,1.0,1.0,2,3,0,0.0,0.0,0.0,0.0,0.0,0.0,1.0,0.5,0.5,1,0,bind
MuSiQue,839,"What were the Genesis's advantages over the platform with a three letter abbreviation, that had a video game named after the league in charge of the Super Bowl halftime show?",low,0,2,1,1,1.0,1.0,1.0,4,4,0,0.0,0.1111,0.0,0.0,0.0,0.1111,0.75,0.5,0.25,1,0,bind
MuSiQue,840,What field does the author of Parallel Worlds work in?,low,0,2,1,1,0.0,0.0,0.0,2,2,0,0.0,0.0,0.0,0.0,0.0,0.0,1.0,1.0,0.0,1,0,abstain
MuSiQue,841,"A line with Williamsburg, Main Street and another station are in a state that's next to an ocean. When did that ocean start to open up?",low,0,2,1,1,0.0,0.0,0.0,4,5,0,0.0,0.6667,0.0,0.6666666666666665,0.0,3.3333333333440684e-05,0.5,0.5,0.0,1,0,abstain
MuSiQue,842,"When was the performer of the album From Them, Through Us, to You formed?",low,0,2,1,1,1.0,1.0,1.0,2,2,0,1.0,1.0,1.0,1.0,0.0,0.0,1.0,1.0,0.0,1,0,bind
MuSiQue,843,When were the monuments built in the Mother-in-Law performer's birthplace?,high,1,3,2,2,0.0,0.0,0.0,3,6,0,0.0,0.0,0.0,0.0,0.0,0.0,0.6666666666666666,0.6666666666666666,0.0,1,0,abstain
MuSiQue,844,When was the Palau de la Generalitat constructed in the city where Martin from the region where Erla is located died?,high,1,3,2,2,0.0,0.0,0.0,3,3,0,1.0,1.0,1.0,1.0,0.0,0.0,1.0,1.0,0.0,1,0,abstain
MuSiQue,845,How long had the city considered the nominal capitol of the Republic of China been the capitol city of Yaxing Coach's headquarters location?,high,1,3,1,1,0.0,0.0,0.0,3,3,0,0.0,0.0,0.0,0.0,0.0,0.0,1.0,0.6666666666666666,0.33333333333333337,1,0,abstain
MuSiQue,846,When was the Palau de la Generalitat constructed in the city where Martin from where Mianos is located died?,high,1,4,3,3,1.0,0.3333333333333333,1.0,3,3,0,0.0,0.0,1.0,1.0,-1.0,-1.0,1.0,1.0,0.0,1,0,bind
MuSiQue,847,Where did the author of The National Dream go to university?,low,0,2,1,1,1.0,1.0,1.0,2,2,0,1.0,1.0,1.0,1.0,0.0,0.0,1.0,1.0,0.0,1,0,bind
MuSiQue,848,What does SEAL stand for in the branch of military that operates USS Mahan?,low,0,2,1,1,0.0,0.0,0.0,3,2,1,1.0,1.0,1.0,1.0,0.0,0.0,1.0,0.3333333333333333,0.6666666666666667,1,0,abstain
MuSiQue,849,"What UK label was bought by the company which, along with ABC and the network which hosts Hero High, is the other major broadcaster based in NY?",low,0,2,1,1,0.0,0.0,0.0,3,4,0,0.0,0.0,0.0,0.5,0.0,-0.5,0.6666666666666666,0.6666666666666666,0.0,1,0,abstain
MuSiQue,850,What label was responsible for who sang or played Delta Hardware?,low,0,2,1,1,1.0,1.0,1.0,2,3,0,1.0,1.0,1.0,1.0,0.0,0.0,1.0,1.0,0.0,1,0,bind
MuSiQue,851,What was the language of Auctor of who built a european empire and was crowned emperor of the romans in 800 era later known as?,low,0,2,1,1,0.0,0.0,0.0,3,8,0,0.0,0.0,0.0,0.0,0.0,0.0,0.3333333333333333,0.3333333333333333,0.0,1,0,abstain
MuSiQue,852,What was the main goal of Germany in the battle of the ocean region adjacent to the city where The Golden Palace is set?,high,1,3,2,2,0.0,0.0,0.0,3,3,0,0.0,0.6,0.0,0.11764705882352941,0.0,0.48235294117647054,0.6666666666666666,0.6666666666666666,0.0,1,0,abstain
MuSiQue,853,Who is the president of the newly declared independent country that is part of the Commission of Truth and Friendship with the country where Sumardi was born?,high,1,3,2,2,3.0,1.5,3.0,3,5,0,1.0,1.0,1.0,1.0,0.0,0.0,1.0,1.0,0.0,1,0,bind
MuSiQue,854,Who played the singer of is She Really Going Out With Him in the movie based on the artist whose concert was the first Beyonce attended?,high,1,3,2,2,5.0,2.5,4.0,3,3,0,0.0,0.0,0.0,0.0,0.0,0.0,1.0,0.3333333333333333,0.6666666666666667,1,0,bind
MuSiQue,855,What team is the person who hit the first home run at the new stadium where the american league Wildcard game will be played a member of?,high,1,3,2,2,2.0,1.0,1.0,3,4,0,1.0,1.0,1.0,1.0,0.0,0.0,1.0,0.6666666666666666,0.33333333333333337,1,0,bind
MuSiQue,856,What is the longest home run in the history of the league of the team that has played the most games in the competition they give out MVP awards after?,low,0,2,1,1,0.0,0.0,0.0,4,6,0,0.0,0.6667,0.0,0.3333333333333333,0.0,0.33336666666666664,0.75,1.0,-0.25,1,0,abstain
MuSiQue,857,Who's the sibling of the player who won the men's wimbledon championship 2016?,low,0,2,1,1,0.0,0.0,0.0,2,2,0,1.0,1.0,1.0,1.0,0.0,0.0,0.5,1.0,-0.5,1,0,abstain
MuSiQue,858,What was the population density of Tammy Leitner's city of birth in 2009?,low,0,2,1,1,0.0,0.0,0.0,2,2,0,0.0,0.2857,0.0,0.9090909090909091,0.0,-0.6233909090909091,1.0,1.0,0.0,1,0,abstain
MuSiQue,859,Who is the spouse of the actor portraying Jerry Lee Lewis in Great Balls of Fire?,low,0,2,1,1,0.0,0.0,0.0,2,2,0,0.0,0.0,0.0,0.0,0.0,0.0,0.5,0.5,0.0,1,0,abstain
MuSiQue,860,What is the enrollment at the school that owns the Miami Hurricane?,low,0,2,1,1,1.0,1.0,1.0,2,2,0,1.0,1.0,1.0,1.0,0.0,0.0,1.0,1.0,0.0,1,0,bind
MuSiQue,861,In what region of Germany is the district where a sermon on Marian devotion was preached by the man who wanted to reform the religion of Victor Razafimahatratra?,high,1,3,2,2,0.0,0.0,0.0,4,4,0,1.0,1.0,0.0,0.0,1.0,1.0,0.75,0.25,0.5,1,0,abstain
MuSiQue,862,Who is the mother of the father of Julia Murdock Smith?,low,0,2,1,1,1.0,1.0,1.0,2,5,0,1.0,1.0,1.0,1.0,0.0,0.0,1.0,1.0,0.0,1,0,bind
MuSiQue,863,In what region of the country where Lam Thao is located is John Phan's birthplace?,high,1,4,2,1,1.0,0.5,1.0,3,2,1,0.0,0.0,0.0,0.0,0.0,0.0,0.6666666666666666,0.6666666666666666,0.0,1,0,bind
MuSiQue,864,"Who wrote ""Turn Me On"" by performer of ""Happy Pills""?",low,0,2,1,1,1.0,1.0,1.0,2,2,0,1.0,1.0,1.0,1.0,0.0,0.0,1.0,1.0,0.0,1,0,bind
MuSiQue,865,Who is the Chief Judge in the place where DeltaWomen's headquarters in located?,low,0,2,1,1,0.0,0.0,0.0,2,2,0,0.0,0.0,0.0,0.0,0.0,0.0,1.0,1.0,0.0,1,0,abstain
MuSiQue,866,which professional sports team would you not see play a home game in the arena where the last place Cream performed?,low,0,2,1,1,0.0,0.0,0.0,2,7,0,0.0,0.0,0.0,0.0,0.0,0.0,0.5,0.5,0.0,1,0,abstain
MuSiQue,867,"What was the form of the language that the last name Sylvester comes from, used in the era of Fastrada's spouse, later known as?",low,0,2,1,1,0.0,0.0,0.0,3,8,0,1.0,1.0,0.0,0.0,1.0,1.0,1.0,0.6666666666666666,0.33333333333333337,1,0,abstain
MuSiQue,868,What continent is the country located near the country of citizenship of The Book Thief's author part of?,high,1,3,2,2,0.0,0.0,0.0,4,4,0,0.0,0.0,0.0,0.0,0.0,0.0,0.25,0.25,0.0,1,0,abstain
MuSiQue,869,Who is the guy in the One Last Time video by the participant in The Listening Sessions?,high,1,3,2,2,0.0,0.0,0.0,2,2,0,1.0,1.0,1.0,1.0,0.0,0.0,1.0,1.0,0.0,1,0,abstain
MuSiQue,870,Who did the original voice of the character that Mila Kunis plays in Family Guy?,low,0,2,1,1,0.0,0.0,0.0,2,4,0,1.0,1.0,1.0,1.0,0.0,0.0,1.0,1.0,0.0,1,0,abstain
MuSiQue,871,"Besides the body of water by the city where Erwin Speckler died, and the Irish Channel, what else was lowered in the last cold phase?",high,1,4,2,1,2.0,1.0,1.0,3,3,0,0.0,0.0,0.0,0.0,0.0,0.0,1.0,0.3333333333333333,0.6666666666666667,1,0,bind
MuSiQue,872,What is the mascot of the school that owns Goss Stadium at Coleman Field?,low,0,2,1,1,1.0,1.0,1.0,2,2,0,0.0,0.0,1.0,1.0,-1.0,-1.0,0.5,1.0,-0.5,1,0,bind
MuSiQue,873,How many ethnic minorities were looked at differently in the city where the headquarters of the company that Study in Brown's record label is a part of?,high,1,3,2,2,0.0,0.0,0.0,4,4,0,0.0,0.0,0.0,0.0,0.0,0.0,0.5,0.5,0.0,1,0,abstain
MuSiQue,874,What is the longest home run hit in the league where the team with the most titles from the event after which the MLB MVP is awarded plays?,high,1,4,3,3,0.0,0.0,0.0,4,7,0,0.0,0.8,0.0,0.4,0.0,0.4,0.75,0.25,0.5,1,0,abstain
MuSiQue,875,When did the state that Frozen Run is located in reinstate the death penalty?,low,0,2,1,1,1.0,1.0,1.0,3,2,1,1.0,1.0,0.0,0.0,1.0,1.0,0.6666666666666666,0.6666666666666666,0.0,1,0,bind
MuSiQue,876,Who married the publisher of abolitionist newspaper The North Star?,low,0,2,1,1,2.0,2.0,2.0,2,3,0,1.0,1.0,1.0,1.0,0.0,0.0,1.0,1.0,0.0,1,0,bind
MuSiQue,877,When was the star to which Solgränd is named after discovered to be the center of the solar system?,low,0,2,1,1,0.0,0.0,0.0,2,2,0,0.0,0.25,0.0,0.6666666666666666,0.0,-0.41666666666666663,1.0,0.5,0.5,1,0,abstain
MuSiQue,878,When did the city where Hillcrest High School is located become capitol of the state where the screenwriter of The Poor Boob was born?,high,1,4,3,3,6.0,2.0,4.0,4,4,0,0.0,0.0,1.0,1.0,-1.0,-1.0,0.75,0.75,0.0,1,0,bind
MuSiQue,879,Where in the country where Bodindecha was born was The Beach filmed?,high,1,4,2,1,0.0,0.0,0.0,3,3,0,0.0,0.0,0.0,0.8571428571428571,0.0,-0.8571428571428571,0.6666666666666666,0.6666666666666666,0.0,1,0,abstain
MuSiQue,880,What was the resulting browser for the company Mozilla Messaging is a part of?,low,0,2,1,1,2.0,2.0,2.0,2,2,0,1.0,1.0,1.0,1.0,0.0,0.0,1.0,0.5,0.5,1,0,bind
MuSiQue,881,What is the abbreviated name of the exclusive platform of the video game named for the league with a halftime event just before the publishers clearing house sweepstakes drawing.,low,0,2,1,1,1.0,1.0,1.0,4,4,0,0.0,0.0,1.0,1.0,-1.0,-1.0,0.25,0.75,-0.5,1,0,bind
MuSiQue,882,What year did the author of The First Blast of the Trumpet Against the Monstruous Regiment of Women die?,low,0,2,1,1,1.0,1.0,1.0,2,2,0,0.0,0.0,1.0,1.0,-1.0,-1.0,0.5,1.0,-0.5,1,0,bind
MuSiQue,883,When did the person who launched the Bardoli Satyagraha on 4th february 1928 die?,low,0,2,1,1,1.0,1.0,1.0,2,2,0,1.0,1.0,1.0,1.0,0.0,0.0,1.0,1.0,0.0,1,0,bind
MuSiQue,884,How were the same people who the Somali Muslim Ajuran Empire declared independence from expelled from the natural boundary between Thailand and the country where Route 3 is found?,high,1,4,2,2,0.0,0.0,0.0,4,5,0,0.0,0.25,0.0,0.0,0.0,0.25,0.75,0.5,0.25,1,0,abstain
MuSiQue,885,Who is the employer of the physicist who Mach number is named after?,low,0,2,1,1,0.0,0.0,0.0,2,3,0,0.0,0.6667,0.0,0.6666666666666666,0.0,3.333333333332966e-05,1.0,1.0,0.0,1,0,abstain
MuSiQue,886,"What country is between Lithuania and the country many expelled French Jews relocated to, along with the country of citizenship of Marie Antoinette's mother?",high,1,4,2,1,1.0,0.5,1.0,4,3,1,0.0,0.0,0.0,0.0,0.0,0.0,0.25,0.5,-0.25,1,0,bind
MuSiQue,887,What county is the NRHEG High School located in?,low,0,2,1,1,3.0,3.0,3.0,2,2,0,0.0,0.6667,1.0,1.0,-1.0,-0.33330000000000004,1.0,1.0,0.0,1,0,bind
MuSiQue,888,The island where they filmed ninja warrior in Australia is located in what harbor?,low,0,2,1,1,1.0,1.0,1.0,2,2,0,1.0,1.0,1.0,1.0,0.0,0.0,1.0,1.0,0.0,1,0,bind
MuSiQue,889,"Where did the leader who argued that the country of citizenship of Vladimir Lefebvre had become imperialist, declare that he would intervene in the Korean conflict?",low,0,2,1,1,0.0,0.0,0.0,3,3,0,0.0,0.0,0.0,0.0,0.0,0.0,1.0,0.6666666666666666,0.33333333333333337,1,0,abstain
MuSiQue,890,When did the spacecraft that detected storms on Neptune leave our solar system?,low,0,2,1,1,0.0,0.0,0.0,2,2,0,0.0,0.0,0.0,0.0,0.0,0.0,1.0,0.5,0.5,1,0,abstain
MuSiQue,891,How many students attend Daniel Thürer's university?,low,0,2,1,1,0.0,0.0,0.0,2,2,0,0.0,0.6667,0.0,0.6666666666666666,0.0,3.333333333332966e-05,1.0,1.0,0.0,1,0,abstain
MuSiQue,892,"When did Nissan, the Acura Legend maker and the Scion owner open US assembly plants?",low,0,2,1,1,0.0,0.0,0.0,3,2,1,0.0,0.0,0.0,0.0,0.0,0.0,0.6666666666666666,0.3333333333333333,0.3333333333333333,1,0,abstain
MuSiQue,893,When did Germany launch an air attack on the country the U.S. fought during the American Revolution?,low,0,2,1,1,0.0,0.0,0.0,2,4,0,0.0,0.0,0.0,0.0,0.0,0.0,0.5,0.0,0.5,1,0,abstain
MuSiQue,894,"When is Celebrity Big Brother coming to the broadcast company that, along with the network of Just Men!?, and ABC, is one of the major broadcasters based in New York?",low,0,2,1,1,0.0,0.0,0.0,3,5,0,0.0,0.5,0.0,0.5,0.0,0.0,0.6666666666666666,0.6666666666666666,0.0,1,0,abstain
MuSiQue,895,What were the Genesis's advantages over the platform in which Robodemons is played?,low,0,2,1,1,0.0,0.0,0.0,3,4,0,0.0,0.4444,0.0,0.4444444444444445,0.0,-4.444444444445805e-05,0.6666666666666666,0.6666666666666666,0.0,1,0,abstain
MuSiQue,896,When was Burma's name changed to the country between the country that hosted the tournament and the country where A Don is from?,high,1,3,1,1,0.0,0.0,0.0,4,4,0,0.0,0.0,0.0,0.0,0.0,0.0,0.25,0.25,0.0,1,0,abstain
MuSiQue,897,Which affiliate left the company that owns and operates most of the CBC television stations due to an agreement with CHBC?,high,1,4,3,3,1.0,0.3333333333333333,1.0,2,1,1,0.0,0.5,0.0,0.5,0.0,0.0,1.0,0.5,0.5,1,0,bind
MuSiQue,898,Where do Greyhound buses leave from in the city where the creator of Scene in the Northwest: Portrait of John Henry Lefroy lived when he died?,high,1,3,2,2,2.0,1.0,1.0,3,4,0,0.0,0.0,1.0,1.0,-1.0,-1.0,0.6666666666666666,1.0,-0.33333333333333337,1,0,bind
MuSiQue,899,Who is the father of the father of Anwer Ali?,low,0,2,1,1,0.0,0.0,0.0,2,1,1,0.0,0.0,0.0,0.0,0.0,0.0,0.5,0.5,0.0,1,0,abstain
MuSiQue,900,What year did the Governor of the city where Pacem in Terris' author died end?,high,1,4,3,3,0.0,0.0,0.0,3,2,1,1.0,1.0,0.0,0.0,1.0,1.0,1.0,0.3333333333333333,0.6666666666666667,1,0,abstain
MuSiQue,901,Where does the body of water by the city where Write This Down was formed and Ohio River meet?,high,1,3,2,2,0.0,0.0,0.0,3,2,1,0.0,0.0,0.0,0.0,0.0,0.0,0.6666666666666666,0.3333333333333333,0.3333333333333333,1,0,abstain
MuSiQue,902,What is the capital of the county that shares a border with the county where Don Werner was born?,high,1,3,2,2,1.0,0.5,1.0,4,2,1,0.0,0.0,1.0,1.0,-1.0,-1.0,0.25,0.25,0.0,1,0,bind
MuSiQue,903,Who is the president of the organization that Avery Brundage is a member of?,low,0,2,1,1,1.0,1.0,1.0,2,2,0,0.0,0.0,1.0,1.0,-1.0,-1.0,1.0,1.0,0.0,1,0,bind
MuSiQue,904,Who is the sibling of the author of Kapalkundala?,low,0,2,1,1,0.0,0.0,0.0,2,2,0,0.0,0.0,0.0,0.0,0.0,0.0,0.5,0.5,0.0,1,0,abstain
MuSiQue,905,What actor had the role of the narrator of How I Met Your Mother?,low,0,2,1,1,0.0,0.0,0.0,2,5,0,0.0,0.0,0.0,0.0,0.0,0.0,1.0,1.0,0.0,1,0,abstain
MuSiQue,906,What is the name of the famous bridge in the place of birth of the composer of La fida ninfa?,high,1,3,2,2,0.0,0.0,0.0,3,3,0,1.0,1.0,0.0,0.4,1.0,0.6,0.6666666666666666,0.3333333333333333,0.3333333333333333,1,0,abstain
MuSiQue,907,"Who did the creator of Push, Nevada play in Dazed and Confused?",low,0,2,1,1,1.0,1.0,1.0,2,5,0,0.0,0.0,1.0,1.0,-1.0,-1.0,0.5,1.0,-0.5,1,0,bind
MuSiQue,908,When does the regular season of the league where the team with the most titles from the series after which the MLB MVP award is given out plays?,high,1,4,3,3,0.0,0.0,0.0,4,3,1,0.0,0.0,0.0,0.16666666666666666,0.0,-0.16666666666666666,0.5,0.5,0.0,1,0,abstain
MuSiQue,909,Who is the spouse of the individual who lives in the houses in Windsor Castle?,low,0,2,1,1,0.0,0.0,0.0,2,3,0,0.0,0.0,0.0,0.0,0.0,0.0,0.5,0.5,0.0,1,0,abstain
MuSiQue,910,"What year saw the publication of the version of the Molotov–Ribbentrop Pact, engineered by the politician who succeeded the leader of the Bolsheviks in the November Revolution?",high,1,3,2,2,1.0,0.5,1.0,3,4,0,0.0,0.0,0.0,0.0,0.0,0.0,0.6666666666666666,0.6666666666666666,0.0,1,0,bind
MuSiQue,911,"How long was the city where the Yongle Emperor greeted the leader that the edict was addressed to, the capital city of Yangzhou?",high,1,4,2,2,0.0,0.0,0.0,3,7,0,0.0,0.4,0.0,0.0,0.0,0.4,1.0,0.6666666666666666,0.33333333333333337,1,0,abstain
MuSiQue,912,Who did the person portraying Batman in the Justice League movie play in Dazed and Confused?,high,1,3,2,2,0.0,0.0,0.0,2,2,0,1.0,1.0,0.0,0.0,1.0,1.0,1.0,0.5,0.5,1,0,abstain
MuSiQue,913,What was the first OS to support Hyper-V from the company the letters MS stands for in the network that broadcasts Buchanan & Press?,high,1,3,2,2,1.0,0.5,1.0,3,4,0,0.0,0.3333,1.0,1.0,-1.0,-0.6667000000000001,1.0,1.0,0.0,1,0,bind
MuSiQue,914,When did the first mosque open in the place where Tobolar Copra plant is located?,low,0,2,1,1,0.0,0.0,0.0,2,2,0,1.0,1.0,1.0,1.0,0.0,0.0,1.0,1.0,0.0,1,0,abstain
MuSiQue,915,Which iPod generation introduced compatibility with the industry standard connection that was first widely used at version 1.1?,low,0,2,1,1,0.0,0.0,0.0,2,3,0,1.0,1.0,1.0,1.0,0.0,0.0,1.0,1.0,0.0,1,0,abstain
MuSiQue,916,"Along with the subject of Katy Perry's The One Who Got Away, what notable pop artist started out his career on adult contemporary radio?",high,1,3,2,2,2.0,1.0,1.0,2,2,0,0.0,0.0,1.0,1.0,-1.0,-1.0,1.0,0.5,0.5,1,0,bind
MuSiQue,917,What year saw the publication of the version of the Molotov–Ribbentrop Pact established by the man who succeeded the leader of the group which created the Soviet state?,low,0,2,1,1,0.0,0.0,0.0,3,3,0,1.0,1.0,0.0,0.0,1.0,1.0,0.6666666666666666,0.6666666666666666,0.0,1,0,abstain
MuSiQue,918,What mountain can you see from Portland in the state where Frozen Run's county is located?,low,0,2,1,1,0.0,0.0,0.0,3,4,0,0.0,0.0,0.0,0.0,0.0,0.0,0.6666666666666666,0.6666666666666666,0.0,1,0,abstain
MuSiQue,919,When was the company that abolished the dual system of government in Bengal established?,low,0,2,1,1,0.0,0.0,0.0,2,5,0,0.0,0.0,0.0,0.0,0.0,0.0,0.5,0.0,0.5,1,0,abstain
MuSiQue,920,When was the organization that manufactured BAe 146 abolished?,low,0,2,1,1,3.0,3.0,3.0,2,3,0,0.0,0.5,0.0,0.0,0.0,0.5,1.0,1.0,0.0,1,0,bind
MuSiQue,921,"When did the maker of the Acura Legend, the largest auto company in the world, and Nissan open US assembly plants?",high,1,4,2,1,0.0,0.0,0.0,3,3,0,0.0,0.0,0.0,0.0,0.0,0.0,1.0,0.3333333333333333,0.6666666666666667,1,0,abstain
MuSiQue,922,What major conflict is the country between the country that hosted the tournament and the country where That Dam is from known for?,high,1,3,1,1,1.0,1.0,1.0,4,3,1,0.0,0.0,0.0,0.0,0.0,0.0,0.25,0.25,0.0,1,0,bind
MuSiQue,923,What was the date that Pam got married in The Office?,low,0,1,0,0,0.0,0.0,0.0,2,3,0,0.0,0.0,1.0,1.0,-1.0,-1.0,0.5,1.0,-0.5,1,0,abstain
MuSiQue,924,How many students attend the university that Edith Humphrey was educated?,low,0,2,1,1,0.0,0.0,0.0,2,2,0,0.0,0.6667,0.0,0.6666666666666666,0.0,3.333333333332966e-05,1.0,1.0,0.0,1,0,abstain
MuSiQue,925,Where is the district that the person who wanted to reform and address Jesus Varela's religion preached a sermon on Marian devotion before his death located?,high,1,3,2,2,0.0,0.0,0.0,4,3,1,0.0,0.0,0.0,0.0,0.0,0.0,0.75,0.25,0.5,1,0,abstain
MuSiQue,926,Who were the leaders of the opposition of the political group that has a large number of Protestants?,low,0,2,1,1,2.0,2.0,2.0,2,3,0,0.0,0.0,0.0,0.0,0.0,0.0,1.0,0.0,1.0,1,0,bind
MuSiQue,927,When was the entity that was dissolved after the Indian Rebellion in 1857 chartered?,low,0,2,1,1,0.0,0.0,0.0,2,5,0,1.0,1.0,1.0,1.0,0.0,0.0,1.0,0.5,0.5,1,0,abstain
MuSiQue,928,Who developed the eponymous character from the series that contains Mickey's Safari in Letterland?,low,0,2,1,1,0.0,0.0,0.0,2,4,0,0.0,0.5714,0.0,0.5714285714285715,0.0,-2.8571428571488866e-05,1.0,1.0,0.0,1,0,abstain
MuSiQue,929,The 1967 Federation Cup is an instance of this tournament which is named after what organization?,low,0,1,0,0,0.0,0.0,0.0,2,2,0,1.0,1.0,1.0,1.0,0.0,0.0,1.0,1.0,0.0,1,0,abstain
MuSiQue,930,Who is the lead singer of the band performing Bang Bang Rock & Roll?,low,0,2,1,1,0.0,0.0,0.0,2,2,0,1.0,1.0,1.0,1.0,0.0,0.0,1.0,1.0,0.0,1,0,abstain
MuSiQue,931,What league does the team that plays in Stadio Ciro Vigorito play for?,low,0,2,1,1,0.0,0.0,0.0,2,1,1,0.0,0.0,0.0,0.0,0.0,0.0,0.5,0.5,0.0,1,0,abstain
MuSiQue,932,Where did the player who scored the most points in a NBA season go in the NBA Draft?,high,1,3,2,2,6.0,3.0,5.0,2,4,0,0.0,0.0,0.0,0.0,0.0,0.0,1.0,0.5,0.5,1,0,bind
MuSiQue,933,When was the region immediately north of the region prevailing with the disgrace of the Near East and the final destination for the export crops established?,low,0,2,1,1,0.0,0.0,0.0,4,4,0,0.0,0.0,0.0,0.0,0.0,0.0,0.5,0.5,0.0,1,0,abstain
MuSiQue,934,On what date did the Governor of the place of death of Princeps Pastorum's author end?,high,1,4,3,2,0.0,0.0,0.0,3,3,0,0.0,0.0,0.0,0.0,0.0,0.0,0.3333333333333333,0.6666666666666666,-0.3333333333333333,1,0,abstain
MuSiQue,935,who is the president of newly declared independent country of the country of the birthplace of Mulham Arufin–Timor Leste Commission of Truth and Friendship?,high,1,3,2,2,1.0,0.5,1.0,3,3,0,1.0,1.0,1.0,1.0,0.0,0.0,1.0,1.0,0.0,1,0,bind
MuSiQue,936,The scientist that the GHZ experiment is named for is in what field of work?,low,0,2,1,1,1.0,1.0,1.0,2,2,0,0.0,0.6667,0.0,0.6666666666666666,0.0,3.333333333332966e-05,1.0,1.0,0.0,1,0,bind
MuSiQue,937,What line by a cast member of Doing His Bit is believed to have started the archie nickname?,low,0,2,1,1,0.0,0.0,0.0,2,2,0,0.0,0.0,1.0,1.0,-1.0,-1.0,1.0,1.0,0.0,1,0,abstain
MuSiQue,938,What is the experimental satellite which was the forerunner to the communication satellite of the operator of the RESOURCESAT-2 called?,low,0,2,1,1,0.0,0.0,0.0,2,3,0,0.0,0.0,0.0,0.0,0.0,0.0,0.5,0.5,0.0,1,0,abstain
MuSiQue,939,What is the largest national park in the country where hunters are estimated to spend fifty to one hundred times that of the average ecotourist?,low,0,2,1,1,0.0,0.0,0.0,2,4,0,1.0,1.0,1.0,1.0,0.0,0.0,1.0,1.0,0.0,1,0,abstain
MuSiQue,940,When did the country whose co-official language was used in the show named for the place Slavko Surdonja died first attend the Olympics games as an independent team?,low,0,2,1,1,0.0,0.0,0.0,4,4,0,0.0,0.0,0.0,0.0,0.0,0.0,0.75,0.5,0.25,1,0,abstain
MuSiQue,941,When did the location of the basilica named after the apostle crucified upside down become its own country?,high,1,3,2,2,0.0,0.0,0.0,3,5,0,0.0,0.5,0.0,0.5,0.0,0.0,0.6666666666666666,0.6666666666666666,0.0,1,0,abstain
MuSiQue,942,When did the headquarters city of the Blanton's manufacturer elect its first black mayor?,low,0,2,1,1,0.0,0.0,0.0,3,3,0,0.0,0.0,0.0,0.0,0.0,0.0,0.6666666666666666,0.6666666666666666,0.0,1,0,abstain
MuSiQue,943,In what region of the country where Lam Thao is located is the city where the Zone 5 Military Museum can be found?,low,0,2,1,1,1.0,1.0,1.0,3,2,1,0.0,0.0,0.0,0.5,0.0,-0.5,0.6666666666666666,0.6666666666666666,0.0,1,0,bind
MuSiQue,944,At the end of which year did the tribes from the location of the Lusatia invade the Roman Empire?,low,0,2,1,1,0.0,0.0,0.0,2,16,0,0.0,0.0,0.0,0.0,0.0,0.0,0.0,1.0,-1.0,1,0,abstain
MuSiQue,945,Who is the spouse of the person who played the sergeant major in We Were Soldiers?,low,0,2,1,1,1.0,1.0,1.0,2,3,0,0.0,0.0,0.0,0.0,0.0,0.0,0.5,0.5,0.0,1,0,bind
MuSiQue,946,What is the name of the castle in the place of birth of the performer of When I Was a Boy?,high,1,3,2,2,2.0,1.0,2.0,3,2,1,0.0,0.0,0.0,0.0,0.0,0.0,0.3333333333333333,0.3333333333333333,0.0,1,0,bind
MuSiQue,947,How many miles are there between Nashville and the place in Tennessee where Mark Day was born?,low,0,2,1,1,0.0,0.0,0.0,2,2,0,1.0,1.0,1.0,1.0,0.0,0.0,1.0,1.0,0.0,1,0,abstain
MuSiQue,948,"When did the country the top-ranking Warsaw Pact operatives came from, despite it being headquartered in the country known as the nobilities commonwealth, agree to a unified Germany inside NATO?",high,1,4,2,2,0.0,0.0,0.0,3,5,0,0.0,0.0,1.0,1.0,-1.0,-1.0,0.6666666666666666,0.6666666666666666,0.0,1,0,abstain
MuSiQue,949,What was the cast member from Real Life nominated for?,low,0,2,1,1,2.0,2.0,2.0,2,3,0,1.0,1.0,0.0,0.9090909090909091,1.0,0.09090909090909094,1.0,0.5,0.5,1,0,bind
MuSiQue,950,What time do alcohol sales begin in the largest state of the region where the fictional Gilead is located in The Handmaid's Tale?,high,1,3,2,2,2.0,1.0,1.0,3,4,0,1.0,1.0,1.0,1.0,0.0,0.0,1.0,1.0,0.0,1,0,bind
MuSiQue,951,MV Miralda's owner announced it was in the process of doing what in April 2010?,low,0,2,1,1,0.0,0.0,0.0,2,2,0,0.0,0.5882,0.0,0.0,0.0,0.5882,1.0,0.5,0.5,1,0,abstain
MuSiQue,952,Who is the father of the artist who painted Head I?,low,0,2,1,1,1.0,1.0,1.0,2,2,0,1.0,1.0,1.0,1.0,0.0,0.0,1.0,1.0,0.0,1,0,bind
MuSiQue,953,What county contains the city with a radio station that broadcasts to the capital city of the state where the Peace center is located?,high,1,4,3,3,0.0,0.0,0.0,4,4,0,0.0,0.5,1.0,1.0,-1.0,-0.5,0.25,0.75,-0.5,1,0,abstain
MuSiQue,954,Who was a prominent figure at the radio division of the broadcast company that created the version of The Biggest Loser set in the country where Kelupis originated?,high,1,3,2,2,0.0,0.0,0.0,3,2,1,0.0,0.0,0.0,0.0,0.0,0.0,0.6666666666666666,0.6666666666666666,0.0,1,0,abstain
MuSiQue,955,Who has the lowest batting average in the league that Jim Wilson's team plays for?,high,1,3,2,2,0.0,0.0,0.0,3,4,0,0.0,0.0,1.0,1.0,-1.0,-1.0,0.6666666666666666,0.6666666666666666,0.0,1,0,abstain
MuSiQue,956,Hana Mandlikova was born in Country A that invaded Country B because the military branch that helped Old West's local police was unprepared. Country B was the only communist country to have an embassy where?,high,1,4,2,1,1.0,0.5,1.0,4,7,0,0.0,0.5,0.0,0.5,0.0,0.0,0.75,0.75,0.0,1,0,bind
MuSiQue,957,"Who is the father of Edward Baring, 1st Baron Revelstoke's father?",low,0,2,1,1,0.0,0.0,0.0,2,2,0,0.0,0.2857,0.0,0.28571428571428575,0.0,-1.4285714285744433e-05,1.0,1.0,0.0,1,0,abstain
MuSiQue,958,The Nicole and Natalie album's band is named after who?,low,0,2,1,1,2.0,2.0,2.0,2,2,0,0.0,0.4,0.0,0.4,0.0,0.0,1.0,1.0,0.0,1,0,bind
MuSiQue,959,What was the population of the founder of New Amsterdam before influx of Huguenot refugees?,low,0,2,1,1,0.0,0.0,0.0,2,6,0,1.0,1.0,1.0,1.0,0.0,0.0,1.0,1.0,0.0,1,0,abstain
MuSiQue,960,Who is the uncle of Liu Bin?,low,0,2,1,1,0.0,0.0,0.0,2,3,0,0.0,0.0,0.0,0.0,0.0,0.0,0.5,0.0,0.5,1,0,abstain
MuSiQue,961,Who is the spouse of the actor of Ethan in A Dog's Purpose?,low,0,2,1,1,1.0,1.0,1.0,2,2,0,0.0,0.0,0.0,0.0,0.0,0.0,0.5,0.5,0.0,1,0,bind
MuSiQue,962,Who was the father of The Portrait of George Dyer Talking's creator?,low,0,2,1,1,1.0,1.0,1.0,2,2,0,1.0,1.0,1.0,1.0,0.0,0.0,1.0,1.0,0.0,1,0,bind
MuSiQue,963,Where was Mary's betrothed born?,low,0,2,1,1,1.0,1.0,1.0,2,3,0,0.0,0.0,0.0,0.0,0.0,0.0,0.5,0.5,0.0,1,0,bind
MuSiQue,964,Which child of the author of One More Time helped adapt it into a play?,low,0,2,1,1,0.0,0.0,0.0,2,2,0,1.0,1.0,0.0,0.0,1.0,1.0,1.0,1.0,0.0,1,0,abstain
MuSiQue,965,Who pushed for a canal crossing across the continent El Valle is located linking the Pacific Ocean and the ocean Sampit River leads to?,high,1,3,2,2,0.0,0.0,0.0,4,9,0,0.0,0.0,0.0,0.0,0.0,0.0,0.5,0.25,0.25,1,0,abstain
MuSiQue,966,Who is a cast member of the show that contains the character Michael Knight?,low,0,2,1,1,1.0,1.0,1.0,2,4,0,0.0,0.0,0.0,0.0,0.0,0.0,1.0,1.0,0.0,1,0,bind
MuSiQue,967,What record label does the artist who sang you belong to me belong to?,low,0,2,1,1,2.0,2.0,2.0,2,6,0,0.0,0.5,1.0,1.0,-1.0,-0.5,1.0,0.5,0.5,1,0,bind
MuSiQue,968,In what city was the author of Elephant born?,low,0,2,1,1,1.0,1.0,1.0,2,2,0,1.0,1.0,1.0,1.0,0.0,0.0,1.0,1.0,0.0,1,0,bind
MuSiQue,969,In which district was Ernie Watts born?,low,0,2,1,1,1.0,1.0,1.0,2,2,0,1.0,1.0,1.0,1.0,0.0,0.0,1.0,1.0,0.0,1,0,bind
MuSiQue,970,How many students attend the school that granted Francis Travis a Ph.D.?,low,0,2,1,1,0.0,0.0,0.0,2,2,0,0.0,0.6667,0.0,0.6666666666666666,0.0,3.333333333332966e-05,1.0,1.0,0.0,1,0,abstain
MuSiQue,971,"What does seal stand for in the branch of the U.S. military that operates a list of destroyer classes, as well as containing the rank O-1?",high,1,3,1,1,0.0,0.0,0.0,3,3,0,0.0,0.0,1.0,1.0,-1.0,-1.0,1.0,0.6666666666666666,0.33333333333333337,1,0,abstain
MuSiQue,972,"What UK label was bought by the company which, along with ABC and the network which broadcasted Hello, Larry, is the other major broadcaster based in NY?",high,1,4,3,3,0.0,0.0,0.0,3,6,0,1.0,1.0,0.0,0.0,1.0,1.0,1.0,1.0,0.0,1,0,abstain
MuSiQue,973,When did the first mosque in the place where Marshall Islands International Airport is located open?,high,1,3,2,2,7.0,3.5,4.0,2,2,0,1.0,1.0,1.0,1.0,0.0,0.0,1.0,0.5,0.5,1,0,bind
MuSiQue,974,What was Nintendo's limit on games per developer per year for the platform supporting the video game named after the sports organisation in charge of the Super Bowl halftime show?,low,0,2,1,1,1.0,1.0,1.0,4,4,0,1.0,1.0,0.0,0.6666666666666666,1.0,0.33333333333333337,1.0,0.5,0.5,1,0,bind
MuSiQue,975,What was the director of Lisa Picard is Famous nominated for?,low,0,2,1,1,1.0,1.0,1.0,2,2,0,0.0,0.7692,0.0,0.7692307692307693,0.0,-3.076923076927862e-05,1.0,1.0,0.0,1,0,bind
MuSiQue,976,Where does the body of water by the city home to the Juicy Lucy and the Ohio River meet?,low,0,2,1,1,0.0,0.0,0.0,3,7,0,0.0,0.5714,0.0,0.5714285714285715,0.0,-2.8571428571488866e-05,1.0,1.0,0.0,1,0,abstain
MuSiQue,977,Which county shares a border with the county where the most populous city in the state that sentenced Demarcus Sears to death is located?,high,1,4,3,3,0.0,0.0,0.0,4,5,0,0.0,0.4,0.0,0.4,0.0,0.0,0.25,0.25,0.0,1,0,abstain
MuSiQue,978,Of which watercourse is the river the Willemsbrug crosses over the mouth?,low,0,2,1,1,0.0,0.0,0.0,2,2,0,0.0,0.0,0.0,0.0,0.0,0.0,1.0,0.5,0.5,1,0,abstain
MuSiQue,979,When did the city where the manufacturer of Ten High is headquartered elect its first black mayor?,high,1,4,3,3,0.0,0.0,0.0,3,2,1,1.0,1.0,0.0,0.0,1.0,1.0,0.6666666666666666,0.3333333333333333,0.3333333333333333,1,0,abstain
MuSiQue,980,What was Nintendo's limit on games per developer per year on the gaming platform with a three letter abbreviation that the game Bigfoot was on?,low,0,2,1,1,0.0,0.0,0.0,3,3,0,1.0,1.0,1.0,1.0,0.0,0.0,1.0,1.0,0.0,1,0,abstain
MuSiQue,981,What is the Smile performer's birthday?,low,0,2,1,1,1.0,1.0,1.0,2,4,0,1.0,1.0,0.0,0.0,1.0,1.0,1.0,0.5,0.5,1,0,bind
MuSiQue,982,When did the performer of Watching Movies release Best Day Ever?,low,0,2,1,1,0.0,0.0,0.0,2,3,0,1.0,1.0,1.0,1.0,0.0,0.0,1.0,1.0,0.0,1,0,abstain
MuSiQue,983,Who is the owner of the record label that the performer of Days of Our Lives is on?,high,1,3,2,2,3.0,1.5,3.0,3,7,0,0.0,0.6667,0.0,0.4,0.0,0.26669999999999994,0.3333333333333333,0.6666666666666666,-0.3333333333333333,1,0,bind
MuSiQue,984,Where did who argued that the country of citizenship of Victor Denisov had itself beome an imperialist power declare that he would intervene in the Korean conflict?,high,1,3,2,2,0.0,0.0,0.0,3,2,1,0.0,0.0,0.0,0.0,0.0,0.0,1.0,0.6666666666666666,0.33333333333333337,1,0,abstain
MuSiQue,985,Which city is in the same county as Gmina Jordanow?,low,0,1,0,0,0.0,0.0,0.0,2,3,0,1.0,1.0,1.0,1.0,0.0,0.0,1.0,1.0,0.0,1,0,abstain
MuSiQue,986,What gun was used by Pollack's director in Westworld?,low,0,2,1,1,0.0,0.0,0.0,2,3,0,0.0,0.0,0.0,0.0,0.0,0.0,0.5,0.0,0.5,1,0,abstain
MuSiQue,987,Who is the other child of Chian Hsiao-chang's father?,high,1,3,2,2,10.0,5.0,5.0,2,3,0,0.0,0.3333,0.0,0.3333333333333333,0.0,-3.333333333332966e-05,1.0,1.0,0.0,1,0,bind
MuSiQue,988,The capital of the state where Mary Boykin Chesnut lived borders a city within which county?,high,1,4,3,3,0.0,0.0,0.0,4,6,0,1.0,1.0,1.0,1.0,0.0,0.0,0.25,0.75,-0.5,1,0,abstain
MuSiQue,989,Why did Roncali leave the city where the creator of Vanity died?,high,1,3,2,2,0.0,0.0,0.0,3,4,0,0.0,0.6667,0.0,0.0,0.0,0.6667,0.6666666666666666,0.3333333333333333,0.3333333333333333,1,0,abstain
MuSiQue,990,Who was the spouse of the person the Bible says was the first king of Israel?,low,0,2,1,1,2.0,2.0,2.0,2,2,0,0.0,0.0,1.0,1.0,-1.0,-1.0,0.5,1.0,-0.5,1,0,bind
MuSiQue,991,What undertaking included the person who discovered that the number of protons in each element's atoms is unique?,low,0,2,1,1,1.0,1.0,1.0,2,4,0,0.0,0.4,0.0,0.0,0.0,0.4,1.0,0.5,0.5,1,0,bind
MuSiQue,992,Who is the spouse of the leading actor in the film The 6th Day?,low,0,2,1,1,0.0,0.0,0.0,2,2,0,1.0,1.0,1.0,1.0,0.0,0.0,1.0,1.0,0.0,1,0,abstain
MuSiQue,993,How many tourists does visit annually the city where the Yongle Emperor greeted the one seen addressed on an preserved edict.,low,0,2,1,1,0.0,0.0,0.0,3,5,0,1.0,1.0,1.0,1.0,0.0,0.0,1.0,0.3333333333333333,0.6666666666666667,1,0,abstain
MuSiQue,994,"A country gained control of Florida after the war in which Charles Edmund Nugent saw action. Besides their locations in that country, what other differences are there between Real Madrid and the football team from the city where Aleran died?",high,1,4,2,2,0.0,0.0,0.0,4,5,0,0.0,0.0,0.0,0.0,0.0,0.0,0.5,1.0,-0.5,1,0,abstain
MuSiQue,995,What does seal stand for in the operator of the list of destroyer classes of the operator of the USS Acme seals?,low,0,2,1,1,0.0,0.0,0.0,3,7,0,0.0,0.0,0.0,0.0,0.0,0.0,1.0,0.6666666666666666,0.33333333333333337,1,0,abstain
MuSiQue,996,"In Grown Ups, who plays the wife of the actor who produced The Chosen One?",low,0,2,1,1,0.0,0.0,0.0,2,3,0,0.0,0.0,0.0,0.0,0.0,0.0,1.0,1.0,0.0,1,0,abstain
MuSiQue,997,"When did the maker of Acura Legend, the manufacturer of Lexus RX and Nissan open US assembly plants?",high,1,4,3,2,0.0,0.0,0.0,3,2,1,0.0,0.0,0.0,0.0,0.0,0.0,0.6666666666666666,0.3333333333333333,0.3333333333333333,1,0,abstain
MuSiQue,998,According to QS World University Rankings where does the university where Hawass graduated rank?,low,0,2,1,1,1.0,1.0,1.0,2,2,0,0.0,0.0,0.0,0.0,0.0,0.0,1.0,1.0,0.0,1,0,bind
MuSiQue,999,"What UK label was bought by the broadcast company that, along with ABC and the original network of Undercovers, is one of the major broadcasters based in New York?",low,0,2,1,1,0.0,0.0,0.0,3,3,0,0.0,0.0,0.0,0.0,0.0,0.0,1.0,0.3333333333333333,0.6666666666666667,1,0,abstain
