pilot_slice,policy,dataset,base_dataset,query_index,question,gold_title,source_has_gold,source_best_gold_rank,expanded_best_gold_rank,rank_improvement_vs_source,expanded_hit_at_5,expanded_hit_at_10,expanded_hit_at_20,expanded_hit_at_50,expanded_hit_at_100,final_new_at_5,pool_absent_recovered_at_100,retrieval_calls,slot_count,resolved_slot_count,slot_coverage,expanded_top5_titles_json
source_pool_absent,fixed_pool_top100,MuSiQue,musique,7,When did the explorer reach the city where the headquarters of the only group larger than Vilaiyaadu Mankatha's record label is located?,"Santa Monica, California",0,,,,0,0,0,0,0,0,0,0,3,0,0.0,"[""Jamnagar district"", ""Richmond, Virginia"", ""Biltmore Records"", ""Vilaiyaadu Mankatha"", ""Kathmandu""]"
source_pool_absent,rank_expansion,MuSiQue,musique,7,When did the explorer reach the city where the headquarters of the only group larger than Vilaiyaadu Mankatha's record label is located?,"Santa Monica, California",0,,94,,0,0,0,0,1,0,1,1,0,0,,"[""Vilaiyaadu Mankatha"", ""MCA Records"", ""Sony Music"", ""Equity Music Group"", ""50 home run club""]"
source_pool_absent,independent_demand,MuSiQue,musique,7,When did the explorer reach the city where the headquarters of the only group larger than Vilaiyaadu Mankatha's record label is located?,"Santa Monica, California",0,,28,,0,0,0,1,1,0,1,3,3,3,1.0,"[""Vilaiyaadu Mankatha"", ""Mile run world record progression"", ""MCA Records"", ""Sony Music"", ""Sony Music""]"
source_pool_absent,context_iterative_lite,MuSiQue,musique,7,When did the explorer reach the city where the headquarters of the only group larger than Vilaiyaadu Mankatha's record label is located?,"Santa Monica, California",0,,,,0,0,0,0,0,0,0,4,0,0,,"[""Vilaiyaadu Mankatha"", ""MCA Records"", ""Sony Music"", ""Equity Music Group"", ""50 home run club""]"
source_pool_absent,dbir_det,MuSiQue,musique,7,When did the explorer reach the city where the headquarters of the only group larger than Vilaiyaadu Mankatha's record label is located?,"Santa Monica, California",0,,,,0,0,0,0,0,0,0,3,3,3,1.0,"[""Vilaiyaadu Mankatha"", ""Mile run world record progression"", ""MCA Records"", ""Sony Music"", ""Sony Music""]"
source_pool_absent,fixed_pool_top100,MuSiQue,musique,8,When was the start of the battle of the birthplace of the performer of III?,Flyin' the Koop,0,,,,0,0,0,0,0,0,0,0,3,0,0.0,"[""Battle of Korytsa"", ""Philip III of Spain"", ""Charles Russell Lowell"", ""Battle of the Border"", ""William Shakespeare""]"
source_pool_absent,rank_expansion,MuSiQue,musique,8,When was the start of the battle of the birthplace of the performer of III?,Flyin' the Koop,0,,,,0,0,0,0,0,0,0,1,0,0,,"[""Second Battle of Donetsk Airport"", ""Battle of Preveza"", ""Battle of Abbeville"", ""Battle of Sempach"", ""Modern history""]"
source_pool_absent,independent_demand,MuSiQue,musique,8,When was the start of the battle of the birthplace of the performer of III?,Flyin' the Koop,0,,,,0,0,0,0,0,0,0,3,3,3,1.0,"[""Back to the Future Part III"", ""III (Stanton Moore album)"", ""Philip III of Spain"", ""Robert Munford III"", ""James III of Cyprus""]"
source_pool_absent,context_iterative_lite,MuSiQue,musique,8,When was the start of the battle of the birthplace of the performer of III?,Flyin' the Koop,0,,,,0,0,0,0,0,0,0,4,0,0,,"[""Second Battle of Donetsk Airport"", ""Battle of Preveza"", ""Battle of Abbeville"", ""Battle of Sempach"", ""Modern history""]"
source_pool_absent,dbir_det,MuSiQue,musique,8,When was the start of the battle of the birthplace of the performer of III?,Flyin' the Koop,0,,,,0,0,0,0,0,0,0,3,3,3,1.0,"[""Back to the Future Part III"", ""III (Stanton Moore album)"", ""Philip III of Spain"", ""Robert Munford III"", ""James III of Cyprus""]"
source_visible_not_rank_or_dbec,fixed_pool_top100,MuSiQue,musique,24,Who is the child of the Italian navigator who explored the eastern coast of the continent César Gaytan was born in for the English?,Paula Santiago,1,18,18,0,0,0,1,1,1,0,0,0,3,0,0.0,"[""César Gaytan"", ""Sebastian Cabot (explorer)"", ""Pedro Álvares Cabral"", ""Francisco de Eliza"", ""Giovanni Battista Caviglia""]"
source_visible_not_rank_or_dbec,rank_expansion,MuSiQue,musique,24,Who is the child of the Italian navigator who explored the eastern coast of the continent César Gaytan was born in for the English?,Paula Santiago,1,18,,,0,0,0,0,0,0,0,1,0,0,,"[""César Gaytan"", ""Portugal"", ""History of the west coast of North America"", ""Fiela's Child"", ""History of Australia""]"
source_visible_not_rank_or_dbec,independent_demand,MuSiQue,musique,24,Who is the child of the Italian navigator who explored the eastern coast of the continent César Gaytan was born in for the English?,Paula Santiago,1,18,,,0,0,0,0,0,0,0,3,3,3,1.0,"[""César Gaytan"", ""César Gabriel de Choiseul"", ""Isabelle Carré"", ""Repsol-YPF tower"", ""UNO-96 Alliance""]"
source_visible_not_rank_or_dbec,context_iterative_lite,MuSiQue,musique,24,Who is the child of the Italian navigator who explored the eastern coast of the continent César Gaytan was born in for the English?,Paula Santiago,1,18,,,0,0,0,0,0,0,0,4,0,0,,"[""César Gaytan"", ""Portugal"", ""History of the west coast of North America"", ""Fiela's Child"", ""History of Australia""]"
source_visible_not_rank_or_dbec,dbir_det,MuSiQue,musique,24,Who is the child of the Italian navigator who explored the eastern coast of the continent César Gaytan was born in for the English?,Paula Santiago,1,18,,,0,0,0,0,0,0,0,3,3,3,1.0,"[""César Gaytan"", ""César Gabriel de Choiseul"", ""Isabelle Carré"", ""Repsol-YPF tower"", ""UNO-96 Alliance""]"
source_visible_not_rank_or_dbec,fixed_pool_top100,MuSiQue,musique,28,Where did the arguer that the country Directive 10/2 called for actions against had become an imperialist power declare he would intervene in the Korean conflict?,Imperialism,1,7,3,4,1,1,1,1,1,1,0,0,3,0,0.0,"[""Central Intelligence Agency"", ""Korean War"", ""Molotov–Ribbentrop Pact"", ""Imperialism"", ""United States in the Korean War""]"
source_visible_not_rank_or_dbec,rank_expansion,MuSiQue,musique,28,Where did the arguer that the country Directive 10/2 called for actions against had become an imperialist power declare he would intervene in the Korean conflict?,Imperialism,1,7,1,6,1,1,1,1,1,1,0,1,0,0,,"[""Korean War"", ""Imperialism"", ""Powers of the United States Congress"", ""Korean War"", ""United States in the Korean War""]"
source_visible_not_rank_or_dbec,independent_demand,MuSiQue,musique,28,Where did the arguer that the country Directive 10/2 called for actions against had become an imperialist power declare he would intervene in the Korean conflict?,Imperialism,1,7,,,0,0,0,0,0,0,0,3,3,3,1.0,"[""Data Protection Directive"", ""Fundamental Rights, Directive Principles and Fundamental Duties of India"", ""Central Intelligence Agency"", ""The Blitz"", ""Antibiotic""]"
source_visible_not_rank_or_dbec,context_iterative_lite,MuSiQue,musique,28,Where did the arguer that the country Directive 10/2 called for actions against had become an imperialist power declare he would intervene in the Korean conflict?,Imperialism,1,7,1,6,1,1,1,1,1,1,0,4,0,0,,"[""Korean War"", ""Imperialism"", ""Powers of the United States Congress"", ""Korean War"", ""United States in the Korean War""]"
source_visible_not_rank_or_dbec,dbir_det,MuSiQue,musique,28,Where did the arguer that the country Directive 10/2 called for actions against had become an imperialist power declare he would intervene in the Korean conflict?,Imperialism,1,7,,,0,0,0,0,0,0,0,3,3,3,1.0,"[""Data Protection Directive"", ""Fundamental Rights, Directive Principles and Fundamental Duties of India"", ""Central Intelligence Agency"", ""The Blitz"", ""Antibiotic""]"
source_visible_not_rank_or_dbec,fixed_pool_top100,MuSiQue,musique,39,Who was second pick in the 1999 draft of the league that has a competition where they give out the MLB MVP award after it?,New York Yankees,1,51,48,3,0,0,0,1,1,0,0,0,2,0,0.0,"[""Major League Baseball draft"", ""Hart Memorial Trophy"", ""World Series Most Valuable Player Award"", ""Major League Baseball Most Valuable Player Award"", ""1999 Major League Baseball draft""]"
source_visible_not_rank_or_dbec,fixed_pool_top100,MuSiQue,musique,39,Who was second pick in the 1999 draft of the league that has a competition where they give out the MLB MVP award after it?,World Series,1,58,53,5,0,0,0,0,1,0,0,0,2,0,0.0,"[""Major League Baseball draft"", ""Hart Memorial Trophy"", ""World Series Most Valuable Player Award"", ""Major League Baseball Most Valuable Player Award"", ""1999 Major League Baseball draft""]"
source_visible_not_rank_or_dbec,rank_expansion,MuSiQue,musique,39,Who was second pick in the 1999 draft of the league that has a competition where they give out the MLB MVP award after it?,New York Yankees,1,51,,,0,0,0,0,0,0,0,1,0,0,,"[""Major League Baseball All-Star Game Most Valuable Player Award"", ""Major League Baseball draft"", ""2017 NHL Entry Draft"", ""Dwyane Wade"", ""1999 Major League Baseball draft""]"
source_visible_not_rank_or_dbec,rank_expansion,MuSiQue,musique,39,Who was second pick in the 1999 draft of the league that has a competition where they give out the MLB MVP award after it?,World Series,1,58,,,0,0,0,0,0,0,0,1,0,0,,"[""Major League Baseball All-Star Game Most Valuable Player Award"", ""Major League Baseball draft"", ""2017 NHL Entry Draft"", ""Dwyane Wade"", ""1999 Major League Baseball draft""]"
source_visible_not_rank_or_dbec,independent_demand,MuSiQue,musique,39,Who was second pick in the 1999 draft of the league that has a competition where they give out the MLB MVP award after it?,New York Yankees,1,51,,,0,0,0,0,0,0,0,2,2,2,1.0,"[""Major League Baseball All-Star Game Most Valuable Player Award"", ""MLB Tonight"", ""Super Bowl Most Valuable Player Award"", ""World Series Most Valuable Player Award"", ""Major League Baseball Most Valuable Player Award""]"
source_visible_not_rank_or_dbec,independent_demand,MuSiQue,musique,39,Who was second pick in the 1999 draft of the league that has a competition where they give out the MLB MVP award after it?,World Series,1,58,,,0,0,0,0,0,0,0,2,2,2,1.0,"[""Major League Baseball All-Star Game Most Valuable Player Award"", ""MLB Tonight"", ""Super Bowl Most Valuable Player Award"", ""World Series Most Valuable Player Award"", ""Major League Baseball Most Valuable Player Award""]"
source_visible_not_rank_or_dbec,context_iterative_lite,MuSiQue,musique,39,Who was second pick in the 1999 draft of the league that has a competition where they give out the MLB MVP award after it?,New York Yankees,1,51,,,0,0,0,0,0,0,0,4,0,0,,"[""Major League Baseball All-Star Game Most Valuable Player Award"", ""Major League Baseball draft"", ""2017 NHL Entry Draft"", ""Dwyane Wade"", ""1999 Major League Baseball draft""]"
source_visible_not_rank_or_dbec,context_iterative_lite,MuSiQue,musique,39,Who was second pick in the 1999 draft of the league that has a competition where they give out the MLB MVP award after it?,World Series,1,58,,,0,0,0,0,0,0,0,4,0,0,,"[""Major League Baseball All-Star Game Most Valuable Player Award"", ""Major League Baseball draft"", ""2017 NHL Entry Draft"", ""Dwyane Wade"", ""1999 Major League Baseball draft""]"
source_visible_not_rank_or_dbec,dbir_det,MuSiQue,musique,39,Who was second pick in the 1999 draft of the league that has a competition where they give out the MLB MVP award after it?,New York Yankees,1,51,,,0,0,0,0,0,0,0,2,2,2,1.0,"[""Major League Baseball All-Star Game Most Valuable Player Award"", ""MLB Tonight"", ""Super Bowl Most Valuable Player Award"", ""World Series Most Valuable Player Award"", ""Major League Baseball Most Valuable Player Award""]"
source_visible_not_rank_or_dbec,dbir_det,MuSiQue,musique,39,Who was second pick in the 1999 draft of the league that has a competition where they give out the MLB MVP award after it?,World Series,1,58,,,0,0,0,0,0,0,0,2,2,2,1.0,"[""Major League Baseball All-Star Game Most Valuable Player Award"", ""MLB Tonight"", ""Super Bowl Most Valuable Player Award"", ""World Series Most Valuable Player Award"", ""Major League Baseball Most Valuable Player Award""]"
source_visible_not_rank_or_dbec,fixed_pool_top100,MuSiQue,musique,55,When was the region immediately north of the region where Israel is located and the site of the most growth in desalination for agricultural use established?,Geography of Saudi Arabia,1,27,19,8,0,0,1,1,1,0,0,0,4,0,0.0,"[""Water resources"", ""Israel"", ""Near East"", ""Hevel Eilot Regional Council"", ""Jordan""]"
source_visible_not_rank_or_dbec,fixed_pool_top100,MuSiQue,musique,55,When was the region immediately north of the region where Israel is located and the site of the most growth in desalination for agricultural use established?,Saudi Arabia,1,75,60,15,0,0,0,0,1,0,0,0,4,0,0.0,"[""Water resources"", ""Israel"", ""Near East"", ""Hevel Eilot Regional Council"", ""Jordan""]"
source_visible_not_rank_or_dbec,rank_expansion,MuSiQue,musique,55,When was the region immediately north of the region where Israel is located and the site of the most growth in desalination for agricultural use established?,Geography of Saudi Arabia,1,27,,,0,0,0,0,0,0,0,1,0,0,,"[""Water resources"", ""Israel"", ""Israel"", ""Religion in Israel"", ""Hanford Site""]"
source_visible_not_rank_or_dbec,rank_expansion,MuSiQue,musique,55,When was the region immediately north of the region where Israel is located and the site of the most growth in desalination for agricultural use established?,Saudi Arabia,1,75,,,0,0,0,0,0,0,0,1,0,0,,"[""Water resources"", ""Israel"", ""Israel"", ""Religion in Israel"", ""Hanford Site""]"
source_visible_not_rank_or_dbec,independent_demand,MuSiQue,musique,55,When was the region immediately north of the region where Israel is located and the site of the most growth in desalination for agricultural use established?,Geography of Saudi Arabia,1,27,,,0,0,0,0,0,0,0,4,4,4,1.0,"[""Religion in Israel"", ""Israel"", ""Israel"", ""Israel"", ""Israel""]"
source_visible_not_rank_or_dbec,independent_demand,MuSiQue,musique,55,When was the region immediately north of the region where Israel is located and the site of the most growth in desalination for agricultural use established?,Saudi Arabia,1,75,,,0,0,0,0,0,0,0,4,4,4,1.0,"[""Religion in Israel"", ""Israel"", ""Israel"", ""Israel"", ""Israel""]"
source_visible_not_rank_or_dbec,context_iterative_lite,MuSiQue,musique,55,When was the region immediately north of the region where Israel is located and the site of the most growth in desalination for agricultural use established?,Geography of Saudi Arabia,1,27,,,0,0,0,0,0,0,0,4,0,0,,"[""Water resources"", ""Israel"", ""Israel"", ""Religion in Israel"", ""Hanford Site""]"
source_visible_not_rank_or_dbec,context_iterative_lite,MuSiQue,musique,55,When was the region immediately north of the region where Israel is located and the site of the most growth in desalination for agricultural use established?,Saudi Arabia,1,75,,,0,0,0,0,0,0,0,4,0,0,,"[""Water resources"", ""Israel"", ""Israel"", ""Religion in Israel"", ""Hanford Site""]"
source_visible_not_rank_or_dbec,dbir_det,MuSiQue,musique,55,When was the region immediately north of the region where Israel is located and the site of the most growth in desalination for agricultural use established?,Geography of Saudi Arabia,1,27,,,0,0,0,0,0,0,0,4,4,4,1.0,"[""Religion in Israel"", ""Israel"", ""Israel"", ""Israel"", ""Israel""]"
source_visible_not_rank_or_dbec,dbir_det,MuSiQue,musique,55,When was the region immediately north of the region where Israel is located and the site of the most growth in desalination for agricultural use established?,Saudi Arabia,1,75,,,0,0,0,0,0,0,0,4,4,4,1.0,"[""Religion in Israel"", ""Israel"", ""Israel"", ""Israel"", ""Israel""]"
source_visible_not_rank_or_dbec,fixed_pool_top100,MuSiQue,musique,59,Where is the district that the person who wanted to reform and address John Kodwo Amissah's religion preached a sermon on Marian devotion before his death located?,Reformation,1,5,3,2,1,1,1,1,1,1,0,0,2,0,0.0,"[""John Kodwo Amissah"", ""Mary, mother of Jesus"", ""Henry Scott Holland"", ""Reformation"", ""A River Runs Through It (film)""]"
source_visible_not_rank_or_dbec,fixed_pool_top100,MuSiQue,musique,59,Where is the district that the person who wanted to reform and address John Kodwo Amissah's religion preached a sermon on Marian devotion before his death located?,Wittenberg (district),1,27,24,3,0,0,0,1,1,0,0,0,2,0,0.0,"[""John Kodwo Amissah"", ""Mary, mother of Jesus"", ""Henry Scott Holland"", ""Reformation"", ""A River Runs Through It (film)""]"
source_visible_not_rank_or_dbec,rank_expansion,MuSiQue,musique,59,Where is the district that the person who wanted to reform and address John Kodwo Amissah's religion preached a sermon on Marian devotion before his death located?,Reformation,1,5,63,-58,0,0,0,0,1,0,0,1,0,0,,"[""John Kodwo Amissah"", ""Mary, mother of Jesus"", ""Pope Paul VI"", ""History of the Rosary"", ""John, King of England""]"
source_visible_not_rank_or_dbec,rank_expansion,MuSiQue,musique,59,Where is the district that the person who wanted to reform and address John Kodwo Amissah's religion preached a sermon on Marian devotion before his death located?,Wittenberg (district),1,27,,,0,0,0,0,0,0,0,1,0,0,,"[""John Kodwo Amissah"", ""Mary, mother of Jesus"", ""Pope Paul VI"", ""History of the Rosary"", ""John, King of England""]"
source_visible_not_rank_or_dbec,independent_demand,MuSiQue,musique,59,Where is the district that the person who wanted to reform and address John Kodwo Amissah's religion preached a sermon on Marian devotion before his death located?,Reformation,1,5,,,0,0,0,0,0,0,0,2,2,2,1.0,"[""John Kodwo Amissah"", ""John, King of England"", ""John, King of England"", ""John Walsh (television host)"", ""John, King of England""]"
source_visible_not_rank_or_dbec,independent_demand,MuSiQue,musique,59,Where is the district that the person who wanted to reform and address John Kodwo Amissah's religion preached a sermon on Marian devotion before his death located?,Wittenberg (district),1,27,,,0,0,0,0,0,0,0,2,2,2,1.0,"[""John Kodwo Amissah"", ""John, King of England"", ""John, King of England"", ""John Walsh (television host)"", ""John, King of England""]"
source_visible_not_rank_or_dbec,context_iterative_lite,MuSiQue,musique,59,Where is the district that the person who wanted to reform and address John Kodwo Amissah's religion preached a sermon on Marian devotion before his death located?,Reformation,1,5,23,-18,0,0,0,1,1,0,0,4,0,0,,"[""John Kodwo Amissah"", ""Mary, mother of Jesus"", ""Pope Paul VI"", ""History of the Rosary"", ""John, King of England""]"
source_visible_not_rank_or_dbec,context_iterative_lite,MuSiQue,musique,59,Where is the district that the person who wanted to reform and address John Kodwo Amissah's religion preached a sermon on Marian devotion before his death located?,Wittenberg (district),1,27,,,0,0,0,0,0,0,0,4,0,0,,"[""John Kodwo Amissah"", ""Mary, mother of Jesus"", ""Pope Paul VI"", ""History of the Rosary"", ""John, King of England""]"
source_visible_not_rank_or_dbec,dbir_det,MuSiQue,musique,59,Where is the district that the person who wanted to reform and address John Kodwo Amissah's religion preached a sermon on Marian devotion before his death located?,Reformation,1,5,,,0,0,0,0,0,0,0,2,2,2,1.0,"[""John Kodwo Amissah"", ""John, King of England"", ""John, King of England"", ""John Walsh (television host)"", ""John, King of England""]"
source_visible_not_rank_or_dbec,dbir_det,MuSiQue,musique,59,Where is the district that the person who wanted to reform and address John Kodwo Amissah's religion preached a sermon on Marian devotion before his death located?,Wittenberg (district),1,27,,,0,0,0,0,0,0,0,2,2,2,1.0,"[""John Kodwo Amissah"", ""John, King of England"", ""John, King of England"", ""John Walsh (television host)"", ""John, King of England""]"
source_visible_not_rank_or_dbec,fixed_pool_top100,MuSiQue,musique,69,Who won the Indy Car Race in the largest populated city of the state where the performer of Mingus Plays Piano is from?,"Tucson, Arizona",1,94,84,10,0,0,0,0,1,0,0,0,4,0,0.0,"[""Mingus Plays Piano"", ""Indiana"", ""Arizona"", ""Zarqa Governorate"", ""Charles Mingus""]"
source_visible_not_rank_or_dbec,rank_expansion,MuSiQue,musique,69,Who won the Indy Car Race in the largest populated city of the state where the performer of Mingus Plays Piano is from?,"Tucson, Arizona",1,94,33,61,0,0,0,1,1,0,0,1,0,0,,"[""Mingus Plays Piano"", ""Charles Mingus"", ""Mingus Three"", ""Jazz Portraits: Mingus in Wonderland"", ""Desert Diamond West Valley Phoenix Grand Prix""]"
source_visible_not_rank_or_dbec,independent_demand,MuSiQue,musique,69,Who won the Indy Car Race in the largest populated city of the state where the performer of Mingus Plays Piano is from?,"Tucson, Arizona",1,94,10,84,0,0,1,1,1,0,0,4,4,4,1.0,"[""Mingus Plays Piano"", ""Charles Mingus"", ""Mingus Three"", ""Jazz Portraits: Mingus in Wonderland"", ""Piano Sonata in A minor, D 784 (Schubert)""]"
source_visible_not_rank_or_dbec,context_iterative_lite,MuSiQue,musique,69,Who won the Indy Car Race in the largest populated city of the state where the performer of Mingus Plays Piano is from?,"Tucson, Arizona",1,94,,,0,0,0,0,0,0,0,4,0,0,,"[""Mingus Plays Piano"", ""Charles Mingus"", ""Mingus Three"", ""Jazz Portraits: Mingus in Wonderland"", ""Desert Diamond West Valley Phoenix Grand Prix""]"
source_visible_not_rank_or_dbec,dbir_det,MuSiQue,musique,69,Who won the Indy Car Race in the largest populated city of the state where the performer of Mingus Plays Piano is from?,"Tucson, Arizona",1,94,,,0,0,0,0,0,0,0,4,4,4,1.0,"[""Mingus Plays Piano"", ""Charles Mingus"", ""Mingus Three"", ""Jazz Portraits: Mingus in Wonderland"", ""Piano Sonata in A minor, D 784 (Schubert)""]"
source_visible_not_rank_or_dbec,fixed_pool_top100,MuSiQue,musique,74,What is the direction of flow of the body of water by the city where Write This Down was formed?,Mississippi River,1,50,46,4,0,0,0,1,1,0,0,0,2,0,0.0,"[""Write This Down (band)"", ""Minneapolis"", ""J. David Irwin"", ""Missouri"", ""Astronautalis""]"
source_visible_not_rank_or_dbec,rank_expansion,MuSiQue,musique,74,What is the direction of flow of the body of water by the city where Write This Down was formed?,Mississippi River,1,50,,,0,0,0,0,0,0,0,1,0,0,,"[""Write This Down (band)"", ""Water resources of China"", ""One Direction"", ""Rhine"", ""Water supply and sanitation in South Africa""]"
source_visible_not_rank_or_dbec,independent_demand,MuSiQue,musique,74,What is the direction of flow of the body of water by the city where Write This Down was formed?,Mississippi River,1,50,,,0,0,0,0,0,0,0,2,2,2,1.0,"[""Write This Down (band)"", ""Write It on Your Skin"", ""The Devil Went Down to Georgia"", ""Go Down Records"", ""I Won't Let You Down (OK Go song)""]"
source_visible_not_rank_or_dbec,context_iterative_lite,MuSiQue,musique,74,What is the direction of flow of the body of water by the city where Write This Down was formed?,Mississippi River,1,50,,,0,0,0,0,0,0,0,4,0,0,,"[""Write This Down (band)"", ""Water resources of China"", ""One Direction"", ""Rhine"", ""Water supply and sanitation in South Africa""]"
source_visible_not_rank_or_dbec,dbir_det,MuSiQue,musique,74,What is the direction of flow of the body of water by the city where Write This Down was formed?,Mississippi River,1,50,,,0,0,0,0,0,0,0,2,2,2,1.0,"[""Write This Down (band)"", ""Write It on Your Skin"", ""The Devil Went Down to Georgia"", ""Go Down Records"", ""I Won't Let You Down (OK Go song)""]"
source_visible_not_rank_or_dbec,fixed_pool_top100,MuSiQue,musique,87,When was the death penalty abolished in the country near the country where the writer of The Book Thief is a citizen of?,1952 Winter Olympics,1,81,71,10,0,0,0,0,1,0,0,0,4,0,0.0,"[""The Book Thief (film)"", ""Capital punishment in the United States"", ""Capital punishment in the United Kingdom"", ""Capital punishment in New Zealand"", ""Sarah's Key""]"
source_visible_not_rank_or_dbec,fixed_pool_top100,MuSiQue,musique,87,When was the death penalty abolished in the country near the country where the writer of The Book Thief is a citizen of?,The Messenger (Zusak novel),1,15,10,5,0,0,1,1,1,0,0,0,4,0,0.0,"[""The Book Thief (film)"", ""Capital punishment in the United States"", ""Capital punishment in the United Kingdom"", ""Capital punishment in New Zealand"", ""Sarah's Key""]"
source_visible_not_rank_or_dbec,rank_expansion,MuSiQue,musique,87,When was the death penalty abolished in the country near the country where the writer of The Book Thief is a citizen of?,1952 Winter Olympics,1,81,,,0,0,0,0,0,0,0,1,0,0,,"[""The Book Thief (film)"", ""The Book Thief (film)"", ""Demon Thief"", ""Capital punishment in the United States"", ""Kamilla and the Thief""]"
source_visible_not_rank_or_dbec,rank_expansion,MuSiQue,musique,87,When was the death penalty abolished in the country near the country where the writer of The Book Thief is a citizen of?,The Messenger (Zusak novel),1,15,,,0,0,0,0,0,0,0,1,0,0,,"[""The Book Thief (film)"", ""The Book Thief (film)"", ""Demon Thief"", ""Capital punishment in the United States"", ""Kamilla and the Thief""]"
source_visible_not_rank_or_dbec,independent_demand,MuSiQue,musique,87,When was the death penalty abolished in the country near the country where the writer of The Book Thief is a citizen of?,1952 Winter Olympics,1,81,,,0,0,0,0,0,0,0,4,4,4,1.0,"[""The Book Thief (film)"", ""The Book Thief (film)"", ""Demon Thief"", ""Kamilla and the Thief"", ""Book of Ruth""]"
source_visible_not_rank_or_dbec,independent_demand,MuSiQue,musique,87,When was the death penalty abolished in the country near the country where the writer of The Book Thief is a citizen of?,The Messenger (Zusak novel),1,15,,,0,0,0,0,0,0,0,4,4,4,1.0,"[""The Book Thief (film)"", ""The Book Thief (film)"", ""Demon Thief"", ""Kamilla and the Thief"", ""Book of Ruth""]"
source_visible_not_rank_or_dbec,context_iterative_lite,MuSiQue,musique,87,When was the death penalty abolished in the country near the country where the writer of The Book Thief is a citizen of?,1952 Winter Olympics,1,81,,,0,0,0,0,0,0,0,4,0,0,,"[""The Book Thief (film)"", ""The Book Thief (film)"", ""Demon Thief"", ""Capital punishment in the United States"", ""Kamilla and the Thief""]"
source_visible_not_rank_or_dbec,context_iterative_lite,MuSiQue,musique,87,When was the death penalty abolished in the country near the country where the writer of The Book Thief is a citizen of?,The Messenger (Zusak novel),1,15,16,-1,0,0,1,1,1,0,0,4,0,0,,"[""The Book Thief (film)"", ""The Book Thief (film)"", ""Demon Thief"", ""Capital punishment in the United States"", ""Kamilla and the Thief""]"
source_visible_not_rank_or_dbec,dbir_det,MuSiQue,musique,87,When was the death penalty abolished in the country near the country where the writer of The Book Thief is a citizen of?,1952 Winter Olympics,1,81,,,0,0,0,0,0,0,0,4,4,4,1.0,"[""The Book Thief (film)"", ""The Book Thief (film)"", ""Demon Thief"", ""Kamilla and the Thief"", ""Book of Ruth""]"
source_visible_not_rank_or_dbec,dbir_det,MuSiQue,musique,87,When was the death penalty abolished in the country near the country where the writer of The Book Thief is a citizen of?,The Messenger (Zusak novel),1,15,13,2,0,0,1,1,1,0,0,4,4,4,1.0,"[""The Book Thief (film)"", ""The Book Thief (film)"", ""Demon Thief"", ""Kamilla and the Thief"", ""Book of Ruth""]"
source_visible_not_rank_or_dbec,fixed_pool_top100,MuSiQue,musique,90,Where is the headquarters of Radio Television of this country that has a co-official language that is the same as the language of Olivera Markovic?,Media in Pristina,1,28,26,2,0,0,0,1,1,0,0,0,2,0,0.0,"[""Olivera Marković"", ""Serbian language"", ""Olivera Katarina"", ""List of territorial entities where English is an official language"", ""Josip Broz Tito""]"
source_visible_not_rank_or_dbec,rank_expansion,MuSiQue,musique,90,Where is the headquarters of Radio Television of this country that has a co-official language that is the same as the language of Olivera Markovic?,Media in Pristina,1,28,,,0,0,0,0,0,0,0,1,0,0,,"[""List of territorial entities where German is an official language"", ""Olivera Marković"", ""List of territorial entities where English is an official language"", ""Spanish language in the United States"", ""Revival of the Hebrew language""]"
source_visible_not_rank_or_dbec,independent_demand,MuSiQue,musique,90,Where is the headquarters of Radio Television of this country that has a co-official language that is the same as the language of Olivera Markovic?,Media in Pristina,1,28,,,0,0,0,0,0,0,0,2,2,2,1.0,"[""Olivera Marković"", ""Olivera Katarina"", ""List of territorial entities where German is an official language"", ""List of territorial entities where English is an official language"", ""Spanish language in the United States""]"
source_visible_not_rank_or_dbec,context_iterative_lite,MuSiQue,musique,90,Where is the headquarters of Radio Television of this country that has a co-official language that is the same as the language of Olivera Markovic?,Media in Pristina,1,28,,,0,0,0,0,0,0,0,4,0,0,,"[""List of territorial entities where German is an official language"", ""Olivera Marković"", ""List of territorial entities where English is an official language"", ""Spanish language in the United States"", ""Revival of the Hebrew language""]"
source_visible_not_rank_or_dbec,dbir_det,MuSiQue,musique,90,Where is the headquarters of Radio Television of this country that has a co-official language that is the same as the language of Olivera Markovic?,Media in Pristina,1,28,,,0,0,0,0,0,0,0,2,2,2,1.0,"[""Olivera Marković"", ""Olivera Katarina"", ""List of territorial entities where German is an official language"", ""List of territorial entities where English is an official language"", ""Spanish language in the United States""]"
source_visible_not_rank_or_dbec,fixed_pool_top100,MuSiQue,musique,91,What county has a city that is adjacent to the capital city of Erskine College's state?,"Charleston, South Carolina",1,10,10,0,0,0,1,1,1,0,0,0,4,0,0.0,"[""Erskine College"", ""Erskine College–Due West Historic District"", ""List of capitals in the United States"", ""Mississippi"", ""Minneapolis""]"
source_visible_not_rank_or_dbec,fixed_pool_top100,MuSiQue,musique,91,What county has a city that is adjacent to the capital city of Erskine College's state?,WWNQ,1,26,24,2,0,0,0,1,1,0,0,0,4,0,0.0,"[""Erskine College"", ""Erskine College–Due West Historic District"", ""List of capitals in the United States"", ""Mississippi"", ""Minneapolis""]"
source_visible_not_rank_or_dbec,rank_expansion,MuSiQue,musique,91,What county has a city that is adjacent to the capital city of Erskine College's state?,"Charleston, South Carolina",1,10,,,0,0,0,0,0,0,0,1,0,0,,"[""Erskine College–Due West Historic District"", ""Erskine College"", ""College of Southern Nevada"", ""Ancilla College"", ""Aqqala County""]"
source_visible_not_rank_or_dbec,rank_expansion,MuSiQue,musique,91,What county has a city that is adjacent to the capital city of Erskine College's state?,WWNQ,1,26,,,0,0,0,0,0,0,0,1,0,0,,"[""Erskine College–Due West Historic District"", ""Erskine College"", ""College of Southern Nevada"", ""Ancilla College"", ""Aqqala County""]"
source_visible_not_rank_or_dbec,independent_demand,MuSiQue,musique,91,What county has a city that is adjacent to the capital city of Erskine College's state?,"Charleston, South Carolina",1,10,,,0,0,0,0,0,0,0,4,4,4,1.0,"[""Erskine College–Due West Historic District"", ""Erskine College"", ""Ancilla College"", ""Early College High School (Salem, Oregon)"", ""Whitman College, Princeton University""]"
source_visible_not_rank_or_dbec,independent_demand,MuSiQue,musique,91,What county has a city that is adjacent to the capital city of Erskine College's state?,WWNQ,1,26,,,0,0,0,0,0,0,0,4,4,4,1.0,"[""Erskine College–Due West Historic District"", ""Erskine College"", ""Ancilla College"", ""Early College High School (Salem, Oregon)"", ""Whitman College, Princeton University""]"
source_visible_not_rank_or_dbec,context_iterative_lite,MuSiQue,musique,91,What county has a city that is adjacent to the capital city of Erskine College's state?,"Charleston, South Carolina",1,10,10,0,0,0,1,1,1,0,0,4,0,0,,"[""Erskine College–Due West Historic District"", ""Erskine College"", ""College of Southern Nevada"", ""Ancilla College"", ""Aqqala County""]"
source_visible_not_rank_or_dbec,context_iterative_lite,MuSiQue,musique,91,What county has a city that is adjacent to the capital city of Erskine College's state?,WWNQ,1,26,,,0,0,0,0,0,0,0,4,0,0,,"[""Erskine College–Due West Historic District"", ""Erskine College"", ""College of Southern Nevada"", ""Ancilla College"", ""Aqqala County""]"
source_visible_not_rank_or_dbec,dbir_det,MuSiQue,musique,91,What county has a city that is adjacent to the capital city of Erskine College's state?,"Charleston, South Carolina",1,10,18,-8,0,0,1,1,1,0,0,4,4,4,1.0,"[""Erskine College–Due West Historic District"", ""Erskine College"", ""Ancilla College"", ""Early College High School (Salem, Oregon)"", ""Whitman College, Princeton University""]"
source_visible_not_rank_or_dbec,dbir_det,MuSiQue,musique,91,What county has a city that is adjacent to the capital city of Erskine College's state?,WWNQ,1,26,,,0,0,0,0,0,0,0,4,4,4,1.0,"[""Erskine College–Due West Historic District"", ""Erskine College"", ""Ancilla College"", ""Early College High School (Salem, Oregon)"", ""Whitman College, Princeton University""]"
source_visible_not_rank_or_dbec,fixed_pool_top100,MuSiQue,musique,117,Who's the son of the Italian navigator who explored the eastern coast of the continent Manuel Balbi was born in?,Paula Santiago,1,15,15,0,0,0,1,1,1,0,0,0,2,0,0.0,"[""Manuel Balbi"", ""John Cabot"", ""Sebastian Cabot (explorer)"", ""Sergio Villanueva"", ""Francisco H. Vázquez""]"
source_visible_not_rank_or_dbec,rank_expansion,MuSiQue,musique,117,Who's the son of the Italian navigator who explored the eastern coast of the continent Manuel Balbi was born in?,Paula Santiago,1,15,,,0,0,0,0,0,0,0,1,0,0,,"[""Manuel Balbi"", ""Portugal"", ""Spice trade"", ""Balbi Holy Conversation"", ""History of the west coast of North America""]"
source_visible_not_rank_or_dbec,independent_demand,MuSiQue,musique,117,Who's the son of the Italian navigator who explored the eastern coast of the continent Manuel Balbi was born in?,Paula Santiago,1,15,,,0,0,0,0,0,0,0,2,2,2,1.0,"[""Manuel Balbi"", ""Balbi Holy Conversation"", ""Manuel Buising"", ""Manuel Blázquez"", ""Manuel Rodriguez Lopez""]"
source_visible_not_rank_or_dbec,context_iterative_lite,MuSiQue,musique,117,Who's the son of the Italian navigator who explored the eastern coast of the continent Manuel Balbi was born in?,Paula Santiago,1,15,,,0,0,0,0,0,0,0,4,0,0,,"[""Manuel Balbi"", ""Portugal"", ""Spice trade"", ""Balbi Holy Conversation"", ""History of the west coast of North America""]"
source_visible_not_rank_or_dbec,dbir_det,MuSiQue,musique,117,Who's the son of the Italian navigator who explored the eastern coast of the continent Manuel Balbi was born in?,Paula Santiago,1,15,,,0,0,0,0,0,0,0,2,2,2,1.0,"[""Manuel Balbi"", ""Balbi Holy Conversation"", ""Manuel Buising"", ""Manuel Blázquez"", ""Manuel Rodriguez Lopez""]"
source_visible_not_rank_or_dbec,fixed_pool_top100,MuSiQue,musique,118,What is the deepest part of the ocean by the state where Main Street Station is located?,"Newport News, Virginia",1,96,89,7,0,0,0,0,1,0,0,0,2,0,0.0,"[""Mariana Trench"", ""Puerto Rico Trench"", ""East Coast of the United States"", ""Maine"", ""Richmond, Virginia""]"
source_visible_not_rank_or_dbec,rank_expansion,MuSiQue,musique,118,What is the deepest part of the ocean by the state where Main Street Station is located?,"Newport News, Virginia",1,96,,,0,0,0,0,0,0,0,1,0,0,,"[""Metropolitan Avenue/Lorimer Street station"", ""Finsbury Park station"", ""Oslo West Station"", ""Landsborough railway station, Victoria"", ""Waban station""]"
source_visible_not_rank_or_dbec,independent_demand,MuSiQue,musique,118,What is the deepest part of the ocean by the state where Main Street Station is located?,"Newport News, Virginia",1,96,,,0,0,0,0,0,0,0,2,2,2,1.0,"[""Metropolitan Avenue/Lorimer Street station"", ""Finsbury Park station"", ""Oslo West Station"", ""Landsborough railway station, Victoria"", ""Waban station""]"
source_visible_not_rank_or_dbec,context_iterative_lite,MuSiQue,musique,118,What is the deepest part of the ocean by the state where Main Street Station is located?,"Newport News, Virginia",1,96,,,0,0,0,0,0,0,0,4,0,0,,"[""Metropolitan Avenue/Lorimer Street station"", ""Finsbury Park station"", ""Oslo West Station"", ""Landsborough railway station, Victoria"", ""Waban station""]"
source_visible_not_rank_or_dbec,dbir_det,MuSiQue,musique,118,What is the deepest part of the ocean by the state where Main Street Station is located?,"Newport News, Virginia",1,96,,,0,0,0,0,0,0,0,2,2,2,1.0,"[""Metropolitan Avenue/Lorimer Street station"", ""Finsbury Park station"", ""Oslo West Station"", ""Landsborough railway station, Victoria"", ""Waban station""]"
source_pool_absent,fixed_pool_top100,MuSiQue,musique,150,Normalization occurred in Country A that invaded Country B because the military branch was unprepared. Country B was the only communist country to have an embassy where?,Police,0,,,,0,0,0,0,0,0,0,0,3,0,0.0,"[""Josip Broz Tito"", ""John Kerry"", ""1937 South American Championship"", ""Guarani alphabet"", ""Norman, Wisconsin""]"
source_pool_absent,rank_expansion,MuSiQue,musique,150,Normalization occurred in Country A that invaded Country B because the military branch was unprepared. Country B was the only communist country to have an embassy where?,Police,0,,,,0,0,0,0,0,0,0,1,0,0,,"[""Josip Broz Tito"", ""Communist Party of India"", ""Cold War"", ""Embassy of the United Arab Emirates, London"", ""Article One of the United States Constitution""]"
source_pool_absent,independent_demand,MuSiQue,musique,150,Normalization occurred in Country A that invaded Country B because the military branch was unprepared. Country B was the only communist country to have an embassy where?,Police,0,,,,0,0,0,0,0,0,0,3,3,3,1.0,"[""Northern Seven Years' War"", ""Crimean War"", ""Portugal"", ""Korean War"", ""Rajendra Chola I""]"
source_pool_absent,context_iterative_lite,MuSiQue,musique,150,Normalization occurred in Country A that invaded Country B because the military branch was unprepared. Country B was the only communist country to have an embassy where?,Police,0,,,,0,0,0,0,0,0,0,4,0,0,,"[""Josip Broz Tito"", ""Communist Party of India"", ""Cold War"", ""Embassy of the United Arab Emirates, London"", ""Article One of the United States Constitution""]"
source_pool_absent,dbir_det,MuSiQue,musique,150,Normalization occurred in Country A that invaded Country B because the military branch was unprepared. Country B was the only communist country to have an embassy where?,Police,0,,,,0,0,0,0,0,0,0,3,3,3,1.0,"[""Northern Seven Years' War"", ""Crimean War"", ""Portugal"", ""Korean War"", ""Rajendra Chola I""]"
source_pool_absent,fixed_pool_top100,MuSiQue,musique,153,"What day is the feast held, in the city that holds the headquarters of the only music company that is larger than the record label of Vilaiyaadu Mankatha?","Santa Monica, California",0,,,,0,0,0,0,0,0,0,0,3,0,0.0,"[""Vilaiyaadu Mankatha"", ""Richmond, Virginia"", ""Sony Music"", ""Pure BS"", ""Multidirection""]"
source_pool_absent,rank_expansion,MuSiQue,musique,153,"What day is the feast held, in the city that holds the headquarters of the only music company that is larger than the record label of Vilaiyaadu Mankatha?","Santa Monica, California",0,,78,,0,0,0,0,1,0,1,1,0,0,,"[""Vilaiyaadu Mankatha"", ""Sony Music"", ""Sony Music"", ""Sony Music"", ""Nothing Records""]"
source_pool_absent,independent_demand,MuSiQue,musique,153,"What day is the feast held, in the city that holds the headquarters of the only music company that is larger than the record label of Vilaiyaadu Mankatha?","Santa Monica, California",0,,25,,0,0,0,1,1,0,1,3,3,3,1.0,"[""Vilaiyaadu Mankatha"", ""Sony Music"", ""Sony Music"", ""Nothing Records"", ""Sony Music""]"
source_pool_absent,context_iterative_lite,MuSiQue,musique,153,"What day is the feast held, in the city that holds the headquarters of the only music company that is larger than the record label of Vilaiyaadu Mankatha?","Santa Monica, California",0,,,,0,0,0,0,0,0,0,4,0,0,,"[""Vilaiyaadu Mankatha"", ""Sony Music"", ""Sony Music"", ""Sony Music"", ""Nothing Records""]"
source_pool_absent,dbir_det,MuSiQue,musique,153,"What day is the feast held, in the city that holds the headquarters of the only music company that is larger than the record label of Vilaiyaadu Mankatha?","Santa Monica, California",0,,,,0,0,0,0,0,0,0,3,3,3,1.0,"[""Vilaiyaadu Mankatha"", ""Sony Music"", ""Sony Music"", ""Nothing Records"", ""Sony Music""]"
source_visible_not_rank_or_dbec,fixed_pool_top100,MuSiQue,musique,213,When did the place where the author of Princeps Pastorum died become its own country?,Canonization of Pope John XXIII and Pope John Paul II,1,14,13,1,0,0,1,1,1,0,0,0,3,0,0.0,"[""Princeps pastorum"", ""Kingdom of Bohemia"", ""Queen Victoria"", ""Criticism of Christianity"", ""Paris""]"
source_visible_not_rank_or_dbec,fixed_pool_top100,MuSiQue,musique,213,When did the place where the author of Princeps Pastorum died become its own country?,Vatican City,1,20,18,2,0,0,1,1,1,0,0,0,3,0,0.0,"[""Princeps pastorum"", ""Kingdom of Bohemia"", ""Queen Victoria"", ""Criticism of Christianity"", ""Paris""]"
source_visible_not_rank_or_dbec,rank_expansion,MuSiQue,musique,213,When did the place where the author of Princeps Pastorum died become its own country?,Canonization of Pope John XXIII and Pope John Paul II,1,14,,,0,0,0,0,0,0,0,1,0,0,,"[""Princeps pastorum"", ""Arthur F. Holmes"", ""Imperialism"", ""Primus inter pares"", ""Dwight D. Eisenhower""]"
source_visible_not_rank_or_dbec,rank_expansion,MuSiQue,musique,213,When did the place where the author of Princeps Pastorum died become its own country?,Vatican City,1,20,,,0,0,0,0,0,0,0,1,0,0,,"[""Princeps pastorum"", ""Arthur F. Holmes"", ""Imperialism"", ""Primus inter pares"", ""Dwight D. Eisenhower""]"
source_visible_not_rank_or_dbec,independent_demand,MuSiQue,musique,213,When did the place where the author of Princeps Pastorum died become its own country?,Canonization of Pope John XXIII and Pope John Paul II,1,14,,,0,0,0,0,0,0,0,3,3,3,1.0,"[""Princeps pastorum"", ""Primus inter pares"", ""Jean-Michel Iribarren"", ""A Sinless Season"", ""The Emperor's Children""]"
source_visible_not_rank_or_dbec,independent_demand,MuSiQue,musique,213,When did the place where the author of Princeps Pastorum died become its own country?,Vatican City,1,20,,,0,0,0,0,0,0,0,3,3,3,1.0,"[""Princeps pastorum"", ""Primus inter pares"", ""Jean-Michel Iribarren"", ""A Sinless Season"", ""The Emperor's Children""]"
source_visible_not_rank_or_dbec,context_iterative_lite,MuSiQue,musique,213,When did the place where the author of Princeps Pastorum died become its own country?,Canonization of Pope John XXIII and Pope John Paul II,1,14,11,3,0,0,1,1,1,0,0,4,0,0,,"[""Princeps pastorum"", ""Arthur F. Holmes"", ""Imperialism"", ""Primus inter pares"", ""Dwight D. Eisenhower""]"
source_visible_not_rank_or_dbec,context_iterative_lite,MuSiQue,musique,213,When did the place where the author of Princeps Pastorum died become its own country?,Vatican City,1,20,,,0,0,0,0,0,0,0,4,0,0,,"[""Princeps pastorum"", ""Arthur F. Holmes"", ""Imperialism"", ""Primus inter pares"", ""Dwight D. Eisenhower""]"
source_visible_not_rank_or_dbec,dbir_det,MuSiQue,musique,213,When did the place where the author of Princeps Pastorum died become its own country?,Canonization of Pope John XXIII and Pope John Paul II,1,14,11,3,0,0,1,1,1,0,0,3,3,3,1.0,"[""Princeps pastorum"", ""Primus inter pares"", ""Jean-Michel Iribarren"", ""A Sinless Season"", ""The Emperor's Children""]"
source_visible_not_rank_or_dbec,dbir_det,MuSiQue,musique,213,When did the place where the author of Princeps Pastorum died become its own country?,Vatican City,1,20,,,0,0,0,0,0,0,0,3,3,3,1.0,"[""Princeps pastorum"", ""Primus inter pares"", ""Jean-Michel Iribarren"", ""A Sinless Season"", ""The Emperor's Children""]"
source_visible_not_rank_or_dbec,fixed_pool_top100,MuSiQue,musique,228,What is the longest home run in the history of the league that Jim Wilson's team is a part of?,Cleveland Indians,1,23,20,3,0,0,0,1,1,0,0,0,2,0,0.0,"[""Home run"", ""Jim Wilson (first baseman)"", ""Dan Johnson (baseball)"", ""Bill Massey (baseball)"", ""50 home run club""]"
source_visible_not_rank_or_dbec,rank_expansion,MuSiQue,musique,228,What is the longest home run in the history of the league that Jim Wilson's team is a part of?,Cleveland Indians,1,23,43,-20,0,0,0,1,1,0,0,1,0,0,,"[""Home run"", ""List of Major League Baseball single-game home run leaders"", ""50 home run club"", ""List of Major League Baseball longest winning streaks"", ""Chicago Cubs""]"
source_visible_not_rank_or_dbec,independent_demand,MuSiQue,musique,228,What is the longest home run in the history of the league that Jim Wilson's team is a part of?,Cleveland Indians,1,23,,,0,0,0,0,0,0,0,2,2,2,1.0,"[""Jim Wilson (first baseman)"", ""Russell Wilson"", ""Wilson Phillips"", ""Jim Halpert"", ""Mara Wilson""]"
source_visible_not_rank_or_dbec,context_iterative_lite,MuSiQue,musique,228,What is the longest home run in the history of the league that Jim Wilson's team is a part of?,Cleveland Indians,1,23,,,0,0,0,0,0,0,0,4,0,0,,"[""Home run"", ""List of Major League Baseball single-game home run leaders"", ""50 home run club"", ""List of Major League Baseball longest winning streaks"", ""Chicago Cubs""]"
source_visible_not_rank_or_dbec,dbir_det,MuSiQue,musique,228,What is the longest home run in the history of the league that Jim Wilson's team is a part of?,Cleveland Indians,1,23,,,0,0,0,0,0,0,0,2,2,2,1.0,"[""Jim Wilson (first baseman)"", ""Russell Wilson"", ""Wilson Phillips"", ""Jim Halpert"", ""Mara Wilson""]"
source_visible_not_rank_or_dbec,fixed_pool_top100,MuSiQue,musique,237,Who was in charge in the country that is the natural boundary between the country that hosted the tournament and the country where That Dam is located?,2020 AFC U-23 Championship qualification,1,71,62,9,0,0,0,0,1,0,0,0,4,0,0.0,"[""Switzerland"", ""1986 FIFA World Cup"", ""UEFA Euro 2012 Final"", ""Adams–Onís Treaty"", ""That Dam""]"
source_visible_not_rank_or_dbec,fixed_pool_top100,MuSiQue,musique,237,Who was in charge in the country that is the natural boundary between the country that hosted the tournament and the country where That Dam is located?,Geography of Myanmar,1,29,25,4,0,0,0,1,1,0,0,0,4,0,0.0,"[""Switzerland"", ""1986 FIFA World Cup"", ""UEFA Euro 2012 Final"", ""Adams–Onís Treaty"", ""That Dam""]"
source_visible_not_rank_or_dbec,fixed_pool_top100,MuSiQue,musique,237,Who was in charge in the country that is the natural boundary between the country that hosted the tournament and the country where That Dam is located?,Myanmar,1,77,67,10,0,0,0,0,1,0,0,0,4,0,0.0,"[""Switzerland"", ""1986 FIFA World Cup"", ""UEFA Euro 2012 Final"", ""Adams–Onís Treaty"", ""That Dam""]"
source_visible_not_rank_or_dbec,rank_expansion,MuSiQue,musique,237,Who was in charge in the country that is the natural boundary between the country that hosted the tournament and the country where That Dam is located?,2020 AFC U-23 Championship qualification,1,71,,,0,0,0,0,0,0,0,1,0,0,,"[""Natural Dam, Arkansas"", ""Yaté Dam"", ""Albeni Falls Dam"", ""Vajiralongkorn Dam"", ""Ankang Dam""]"
source_visible_not_rank_or_dbec,rank_expansion,MuSiQue,musique,237,Who was in charge in the country that is the natural boundary between the country that hosted the tournament and the country where That Dam is located?,Geography of Myanmar,1,29,,,0,0,0,0,0,0,0,1,0,0,,"[""Natural Dam, Arkansas"", ""Yaté Dam"", ""Albeni Falls Dam"", ""Vajiralongkorn Dam"", ""Ankang Dam""]"
source_visible_not_rank_or_dbec,rank_expansion,MuSiQue,musique,237,Who was in charge in the country that is the natural boundary between the country that hosted the tournament and the country where That Dam is located?,Myanmar,1,77,37,40,0,0,0,1,1,0,0,1,0,0,,"[""Natural Dam, Arkansas"", ""Yaté Dam"", ""Albeni Falls Dam"", ""Vajiralongkorn Dam"", ""Ankang Dam""]"
source_visible_not_rank_or_dbec,independent_demand,MuSiQue,musique,237,Who was in charge in the country that is the natural boundary between the country that hosted the tournament and the country where That Dam is located?,2020 AFC U-23 Championship qualification,1,71,,,0,0,0,0,0,0,0,4,4,4,1.0,"[""2018 ACC Men's Basketball Tournament"", ""2018 Big 12 Men's Basketball Tournament"", ""Ice hockey at the 2018 Winter Olympics – Men's tournament"", ""NCAA Division I Men's Basketball Tournament"", ""NCAA Division I Men's Basketball Tournament""]"
source_visible_not_rank_or_dbec,independent_demand,MuSiQue,musique,237,Who was in charge in the country that is the natural boundary between the country that hosted the tournament and the country where That Dam is located?,Geography of Myanmar,1,29,,,0,0,0,0,0,0,0,4,4,4,1.0,"[""2018 ACC Men's Basketball Tournament"", ""2018 Big 12 Men's Basketball Tournament"", ""Ice hockey at the 2018 Winter Olympics – Men's tournament"", ""NCAA Division I Men's Basketball Tournament"", ""NCAA Division I Men's Basketball Tournament""]"
source_visible_not_rank_or_dbec,independent_demand,MuSiQue,musique,237,Who was in charge in the country that is the natural boundary between the country that hosted the tournament and the country where That Dam is located?,Myanmar,1,77,,,0,0,0,0,0,0,0,4,4,4,1.0,"[""2018 ACC Men's Basketball Tournament"", ""2018 Big 12 Men's Basketball Tournament"", ""Ice hockey at the 2018 Winter Olympics – Men's tournament"", ""NCAA Division I Men's Basketball Tournament"", ""NCAA Division I Men's Basketball Tournament""]"
source_visible_not_rank_or_dbec,context_iterative_lite,MuSiQue,musique,237,Who was in charge in the country that is the natural boundary between the country that hosted the tournament and the country where That Dam is located?,2020 AFC U-23 Championship qualification,1,71,,,0,0,0,0,0,0,0,4,0,0,,"[""Natural Dam, Arkansas"", ""Yaté Dam"", ""Albeni Falls Dam"", ""Vajiralongkorn Dam"", ""Ankang Dam""]"
source_visible_not_rank_or_dbec,context_iterative_lite,MuSiQue,musique,237,Who was in charge in the country that is the natural boundary between the country that hosted the tournament and the country where That Dam is located?,Geography of Myanmar,1,29,,,0,0,0,0,0,0,0,4,0,0,,"[""Natural Dam, Arkansas"", ""Yaté Dam"", ""Albeni Falls Dam"", ""Vajiralongkorn Dam"", ""Ankang Dam""]"
source_visible_not_rank_or_dbec,context_iterative_lite,MuSiQue,musique,237,Who was in charge in the country that is the natural boundary between the country that hosted the tournament and the country where That Dam is located?,Myanmar,1,77,,,0,0,0,0,0,0,0,4,0,0,,"[""Natural Dam, Arkansas"", ""Yaté Dam"", ""Albeni Falls Dam"", ""Vajiralongkorn Dam"", ""Ankang Dam""]"
source_visible_not_rank_or_dbec,dbir_det,MuSiQue,musique,237,Who was in charge in the country that is the natural boundary between the country that hosted the tournament and the country where That Dam is located?,2020 AFC U-23 Championship qualification,1,71,,,0,0,0,0,0,0,0,4,4,4,1.0,"[""2018 ACC Men's Basketball Tournament"", ""2018 Big 12 Men's Basketball Tournament"", ""Ice hockey at the 2018 Winter Olympics – Men's tournament"", ""NCAA Division I Men's Basketball Tournament"", ""NCAA Division I Men's Basketball Tournament""]"
source_visible_not_rank_or_dbec,dbir_det,MuSiQue,musique,237,Who was in charge in the country that is the natural boundary between the country that hosted the tournament and the country where That Dam is located?,Geography of Myanmar,1,29,,,0,0,0,0,0,0,0,4,4,4,1.0,"[""2018 ACC Men's Basketball Tournament"", ""2018 Big 12 Men's Basketball Tournament"", ""Ice hockey at the 2018 Winter Olympics – Men's tournament"", ""NCAA Division I Men's Basketball Tournament"", ""NCAA Division I Men's Basketball Tournament""]"
source_visible_not_rank_or_dbec,dbir_det,MuSiQue,musique,237,Who was in charge in the country that is the natural boundary between the country that hosted the tournament and the country where That Dam is located?,Myanmar,1,77,,,0,0,0,0,0,0,0,4,4,4,1.0,"[""2018 ACC Men's Basketball Tournament"", ""2018 Big 12 Men's Basketball Tournament"", ""Ice hockey at the 2018 Winter Olympics – Men's tournament"", ""NCAA Division I Men's Basketball Tournament"", ""NCAA Division I Men's Basketball Tournament""]"
source_pool_absent,fixed_pool_top100,MuSiQue,musique,258,Who's the son of the Italian navigator who explored the eastern coast of the continent where Christian Sánchez was born?,Paula Santiago,0,,,,0,0,0,0,0,0,0,0,4,0,0.0,"[""Christian Sánchez (Mexican footballer)"", ""Pedro Álvares Cabral"", ""Eduardo Cuervo"", ""Sebastian Cabot (explorer)"", ""Vicente Yáñez Pinzón""]"
source_pool_absent,rank_expansion,MuSiQue,musique,258,Who's the son of the Italian navigator who explored the eastern coast of the continent where Christian Sánchez was born?,Paula Santiago,0,,,,0,0,0,0,0,0,0,1,0,0,,"[""Christian Sánchez (Mexican footballer)"", ""Portugal"", ""History of the west coast of North America"", ""History of Australia"", ""Spice trade""]"
source_pool_absent,independent_demand,MuSiQue,musique,258,Who's the son of the Italian navigator who explored the eastern coast of the continent where Christian Sánchez was born?,Paula Santiago,0,,,,0,0,0,0,0,0,0,4,4,4,1.0,"[""Italian Eritrea"", ""Pedro Álvares Cabral"", ""Giovanni Battista Caviglia"", ""Exploration of North America"", ""List of Italian musical terms used in English""]"
source_pool_absent,context_iterative_lite,MuSiQue,musique,258,Who's the son of the Italian navigator who explored the eastern coast of the continent where Christian Sánchez was born?,Paula Santiago,0,,,,0,0,0,0,0,0,0,4,0,0,,"[""Christian Sánchez (Mexican footballer)"", ""Portugal"", ""History of the west coast of North America"", ""History of Australia"", ""Spice trade""]"
source_pool_absent,dbir_det,MuSiQue,musique,258,Who's the son of the Italian navigator who explored the eastern coast of the continent where Christian Sánchez was born?,Paula Santiago,0,,,,0,0,0,0,0,0,0,4,4,4,1.0,"[""Italian Eritrea"", ""Pedro Álvares Cabral"", ""Giovanni Battista Caviglia"", ""Exploration of North America"", ""List of Italian musical terms used in English""]"
source_visible_not_rank_or_dbec,fixed_pool_top100,MuSiQue,musique,259,What does SEAL stand for in the military group that is part of the branch that operates the USS Chillicothe?,List of destroyer classes of the United States Navy,1,16,15,1,0,0,1,1,1,0,0,0,3,0,0.0,"[""USS Chillicothe (1862)"", ""United States Navy SEALs"", ""Rudy Boesch"", ""USS Chanticleer (ASR-7)"", ""USS Don (1862)""]"
source_visible_not_rank_or_dbec,rank_expansion,MuSiQue,musique,259,What does SEAL stand for in the military group that is part of the branch that operates the USS Chillicothe?,List of destroyer classes of the United States Navy,1,16,,,0,0,0,0,0,0,0,1,0,0,,"[""USS Chillicothe (1862)"", ""Lost Seal Stream"", ""Stand by Me"", ""Stand by You (Rachel Platten song)"", ""Seal Online""]"
source_visible_not_rank_or_dbec,independent_demand,MuSiQue,musique,259,What does SEAL stand for in the military group that is part of the branch that operates the USS Chillicothe?,List of destroyer classes of the United States Navy,1,16,,,0,0,0,0,0,0,0,3,3,3,1.0,"[""USS Chillicothe (1862)"", ""USS Arizona Memorial"", ""USS Mahan (DDG-42)"", ""USS Balch (DD-363)"", ""USS Brownson (DD-868)""]"
source_visible_not_rank_or_dbec,context_iterative_lite,MuSiQue,musique,259,What does SEAL stand for in the military group that is part of the branch that operates the USS Chillicothe?,List of destroyer classes of the United States Navy,1,16,,,0,0,0,0,0,0,0,4,0,0,,"[""USS Chillicothe (1862)"", ""Lost Seal Stream"", ""Stand by Me"", ""Stand by You (Rachel Platten song)"", ""Seal Online""]"
source_visible_not_rank_or_dbec,dbir_det,MuSiQue,musique,259,What does SEAL stand for in the military group that is part of the branch that operates the USS Chillicothe?,List of destroyer classes of the United States Navy,1,16,,,0,0,0,0,0,0,0,3,3,3,1.0,"[""USS Chillicothe (1862)"", ""USS Arizona Memorial"", ""USS Mahan (DDG-42)"", ""USS Balch (DD-363)"", ""USS Brownson (DD-868)""]"
source_visible_not_rank_or_dbec,fixed_pool_top100,MuSiQue,musique,261,Where was the film The Beach filmed in the country where Ercole Manfredi died?,Bang Bon District,1,38,36,2,0,0,0,1,1,0,0,0,4,0,0.0,"[""Ercole Manfredi"", ""The Beach (film)"", ""Home (2012 film)"", ""Thailand"", ""Le pillole di Ercole""]"
source_visible_not_rank_or_dbec,rank_expansion,MuSiQue,musique,261,Where was the film The Beach filmed in the country where Ercole Manfredi died?,Bang Bon District,1,38,,,0,0,0,0,0,0,0,1,0,0,,"[""Ercole Manfredi"", ""Le pillole di Ercole"", ""The Beach (film)"", ""The Beach (film)"", ""Lost (TV series)""]"
source_visible_not_rank_or_dbec,independent_demand,MuSiQue,musique,261,Where was the film The Beach filmed in the country where Ercole Manfredi died?,Bang Bon District,1,38,,,0,0,0,0,0,0,0,4,4,4,1.0,"[""Ercole Manfredi"", ""Le pillole di Ercole"", ""Die Hard Trilogy 2: Viva Las Vegas"", ""Die Hippie, Die"", ""Orcs Must Die! 2""]"
source_visible_not_rank_or_dbec,context_iterative_lite,MuSiQue,musique,261,Where was the film The Beach filmed in the country where Ercole Manfredi died?,Bang Bon District,1,38,,,0,0,0,0,0,0,0,4,0,0,,"[""Ercole Manfredi"", ""Le pillole di Ercole"", ""The Beach (film)"", ""The Beach (film)"", ""Lost (TV series)""]"
source_visible_not_rank_or_dbec,dbir_det,MuSiQue,musique,261,Where was the film The Beach filmed in the country where Ercole Manfredi died?,Bang Bon District,1,38,,,0,0,0,0,0,0,0,4,4,4,1.0,"[""Ercole Manfredi"", ""Le pillole di Ercole"", ""Die Hard Trilogy 2: Viva Las Vegas"", ""Die Hippie, Die"", ""Orcs Must Die! 2""]"
source_pool_absent,fixed_pool_top100,MuSiQue,musique,269,"During WW2, who was the leader of the country near the country of citizenship of the writer of The Book Thief?",1952 Winter Olympics,0,,,,0,0,0,0,0,0,0,0,3,0,0.0,"[""The Book Thief (film)"", ""Sarah's Key"", ""Art theft and looting during World War II"", ""Southern Europe"", ""Declarations of war during World War II""]"
source_visible_not_rank_or_dbec,fixed_pool_top100,MuSiQue,musique,269,"During WW2, who was the leader of the country near the country of citizenship of the writer of The Book Thief?",Military history of New Zealand during World War II,1,9,8,1,0,1,1,1,1,0,0,0,3,0,0.0,"[""The Book Thief (film)"", ""Sarah's Key"", ""Art theft and looting during World War II"", ""Southern Europe"", ""Declarations of war during World War II""]"
source_visible_not_rank_or_dbec,fixed_pool_top100,MuSiQue,musique,269,"During WW2, who was the leader of the country near the country of citizenship of the writer of The Book Thief?",The Messenger (Zusak novel),1,11,10,1,0,0,1,1,1,0,0,0,3,0,0.0,"[""The Book Thief (film)"", ""Sarah's Key"", ""Art theft and looting during World War II"", ""Southern Europe"", ""Declarations of war during World War II""]"
source_pool_absent,rank_expansion,MuSiQue,musique,269,"During WW2, who was the leader of the country near the country of citizenship of the writer of The Book Thief?",1952 Winter Olympics,0,,,,0,0,0,0,0,0,0,1,0,0,,"[""The Book Thief (film)"", ""The Book Thief (film)"", ""Demon Thief"", ""Kamilla and the Thief"", ""Leader of the Official Opposition (Ontario)""]"
source_visible_not_rank_or_dbec,rank_expansion,MuSiQue,musique,269,"During WW2, who was the leader of the country near the country of citizenship of the writer of The Book Thief?",Military history of New Zealand during World War II,1,9,,,0,0,0,0,0,0,0,1,0,0,,"[""The Book Thief (film)"", ""The Book Thief (film)"", ""Demon Thief"", ""Kamilla and the Thief"", ""Leader of the Official Opposition (Ontario)""]"
source_visible_not_rank_or_dbec,rank_expansion,MuSiQue,musique,269,"During WW2, who was the leader of the country near the country of citizenship of the writer of The Book Thief?",The Messenger (Zusak novel),1,11,,,0,0,0,0,0,0,0,1,0,0,,"[""The Book Thief (film)"", ""The Book Thief (film)"", ""Demon Thief"", ""Kamilla and the Thief"", ""Leader of the Official Opposition (Ontario)""]"
source_pool_absent,independent_demand,MuSiQue,musique,269,"During WW2, who was the leader of the country near the country of citizenship of the writer of The Book Thief?",1952 Winter Olympics,0,,,,0,0,0,0,0,0,0,3,3,3,1.0,"[""The Book Thief (film)"", ""The Book Thief (film)"", ""Demon Thief"", ""Kamilla and the Thief"", ""Book of Ruth""]"
source_visible_not_rank_or_dbec,independent_demand,MuSiQue,musique,269,"During WW2, who was the leader of the country near the country of citizenship of the writer of The Book Thief?",Military history of New Zealand during World War II,1,9,,,0,0,0,0,0,0,0,3,3,3,1.0,"[""The Book Thief (film)"", ""The Book Thief (film)"", ""Demon Thief"", ""Kamilla and the Thief"", ""Book of Ruth""]"
source_visible_not_rank_or_dbec,independent_demand,MuSiQue,musique,269,"During WW2, who was the leader of the country near the country of citizenship of the writer of The Book Thief?",The Messenger (Zusak novel),1,11,,,0,0,0,0,0,0,0,3,3,3,1.0,"[""The Book Thief (film)"", ""The Book Thief (film)"", ""Demon Thief"", ""Kamilla and the Thief"", ""Book of Ruth""]"
source_pool_absent,context_iterative_lite,MuSiQue,musique,269,"During WW2, who was the leader of the country near the country of citizenship of the writer of The Book Thief?",1952 Winter Olympics,0,,,,0,0,0,0,0,0,0,4,0,0,,"[""The Book Thief (film)"", ""The Book Thief (film)"", ""Demon Thief"", ""Kamilla and the Thief"", ""Leader of the Official Opposition (Ontario)""]"
source_visible_not_rank_or_dbec,context_iterative_lite,MuSiQue,musique,269,"During WW2, who was the leader of the country near the country of citizenship of the writer of The Book Thief?",Military history of New Zealand during World War II,1,9,,,0,0,0,0,0,0,0,4,0,0,,"[""The Book Thief (film)"", ""The Book Thief (film)"", ""Demon Thief"", ""Kamilla and the Thief"", ""Leader of the Official Opposition (Ontario)""]"
source_visible_not_rank_or_dbec,context_iterative_lite,MuSiQue,musique,269,"During WW2, who was the leader of the country near the country of citizenship of the writer of The Book Thief?",The Messenger (Zusak novel),1,11,15,-4,0,0,1,1,1,0,0,4,0,0,,"[""The Book Thief (film)"", ""The Book Thief (film)"", ""Demon Thief"", ""Kamilla and the Thief"", ""Leader of the Official Opposition (Ontario)""]"
source_pool_absent,dbir_det,MuSiQue,musique,269,"During WW2, who was the leader of the country near the country of citizenship of the writer of The Book Thief?",1952 Winter Olympics,0,,,,0,0,0,0,0,0,0,3,3,3,1.0,"[""The Book Thief (film)"", ""The Book Thief (film)"", ""Demon Thief"", ""Kamilla and the Thief"", ""Book of Ruth""]"
source_visible_not_rank_or_dbec,dbir_det,MuSiQue,musique,269,"During WW2, who was the leader of the country near the country of citizenship of the writer of The Book Thief?",Military history of New Zealand during World War II,1,9,,,0,0,0,0,0,0,0,3,3,3,1.0,"[""The Book Thief (film)"", ""The Book Thief (film)"", ""Demon Thief"", ""Kamilla and the Thief"", ""Book of Ruth""]"
source_visible_not_rank_or_dbec,dbir_det,MuSiQue,musique,269,"During WW2, who was the leader of the country near the country of citizenship of the writer of The Book Thief?",The Messenger (Zusak novel),1,11,13,-2,0,0,1,1,1,0,0,3,3,3,1.0,"[""The Book Thief (film)"", ""The Book Thief (film)"", ""Demon Thief"", ""Kamilla and the Thief"", ""Book of Ruth""]"
source_visible_not_rank_or_dbec,fixed_pool_top100,MuSiQue,musique,281,"How were the people that the Somali Muslim Ajuran Empire made coins to proclaim independence from, expelled from the country where Star Cola is produced?",Myanmar,1,83,59,24,0,0,0,0,1,0,0,0,4,0,0.0,"[""Ottoman Empire"", ""Star Cola"", ""Somalis"", ""East Timor"", ""Schweppes Cola""]"
source_visible_not_rank_or_dbec,rank_expansion,MuSiQue,musique,281,"How were the people that the Somali Muslim Ajuran Empire made coins to proclaim independence from, expelled from the country where Star Cola is produced?",Myanmar,1,83,,,0,0,0,0,0,0,0,1,0,0,,"[""Star Cola"", ""Ottoman Empire"", ""Schweppes Cola"", ""Ottoman Empire"", ""British Empire""]"
source_visible_not_rank_or_dbec,independent_demand,MuSiQue,musique,281,"How were the people that the Somali Muslim Ajuran Empire made coins to proclaim independence from, expelled from the country where Star Cola is produced?",Myanmar,1,83,,,0,0,0,0,0,0,0,4,4,4,1.0,"[""Star Cola"", ""Schweppes Cola"", ""Coca-Cola Bottling Company of Cape Cod"", ""List of Star Trek composers and music"", ""Coca-Cola Cowboy""]"
source_visible_not_rank_or_dbec,context_iterative_lite,MuSiQue,musique,281,"How were the people that the Somali Muslim Ajuran Empire made coins to proclaim independence from, expelled from the country where Star Cola is produced?",Myanmar,1,83,,,0,0,0,0,0,0,0,4,0,0,,"[""Star Cola"", ""Ottoman Empire"", ""Schweppes Cola"", ""Ottoman Empire"", ""British Empire""]"
source_visible_not_rank_or_dbec,dbir_det,MuSiQue,musique,281,"How were the people that the Somali Muslim Ajuran Empire made coins to proclaim independence from, expelled from the country where Star Cola is produced?",Myanmar,1,83,,,0,0,0,0,0,0,0,4,4,4,1.0,"[""Star Cola"", ""Schweppes Cola"", ""Coca-Cola Bottling Company of Cape Cod"", ""List of Star Trek composers and music"", ""Coca-Cola Cowboy""]"
source_visible_not_rank_or_dbec,fixed_pool_top100,MuSiQue,musique,302,What does SEAL stand for in the military group that is part of the military branch that operates USS Dour?,List of destroyer classes of the United States Navy,1,19,18,1,0,0,1,1,1,0,0,0,3,0,0.0,"[""United States Navy SEALs"", ""USS Dour (AM-223)"", ""Rudy Boesch"", ""USS Chanticleer (ASR-7)"", ""USS Stag (AW-1)""]"
source_visible_not_rank_or_dbec,rank_expansion,MuSiQue,musique,302,What does SEAL stand for in the military group that is part of the military branch that operates USS Dour?,List of destroyer classes of the United States Navy,1,19,,,0,0,0,0,0,0,0,1,0,0,,"[""USS Dour (AM-223)"", ""Military history of the United States during World War II"", ""German military administration in occupied France during World War II"", ""Military history of Indonesia"", ""Alexander Military Law Academy""]"
source_visible_not_rank_or_dbec,independent_demand,MuSiQue,musique,302,What does SEAL stand for in the military group that is part of the military branch that operates USS Dour?,List of destroyer classes of the United States Navy,1,19,,,0,0,0,0,0,0,0,3,3,3,1.0,"[""USS Dour (AM-223)"", ""USS Arizona Memorial"", ""USS Mahan (DDG-42)"", ""USS Balch (DD-363)"", ""USS Brownson (DD-868)""]"
source_visible_not_rank_or_dbec,context_iterative_lite,MuSiQue,musique,302,What does SEAL stand for in the military group that is part of the military branch that operates USS Dour?,List of destroyer classes of the United States Navy,1,19,,,0,0,0,0,0,0,0,4,0,0,,"[""USS Dour (AM-223)"", ""Military history of the United States during World War II"", ""German military administration in occupied France during World War II"", ""Military history of Indonesia"", ""Alexander Military Law Academy""]"
source_visible_not_rank_or_dbec,dbir_det,MuSiQue,musique,302,What does SEAL stand for in the military group that is part of the military branch that operates USS Dour?,List of destroyer classes of the United States Navy,1,19,,,0,0,0,0,0,0,0,3,3,3,1.0,"[""USS Dour (AM-223)"", ""USS Arizona Memorial"", ""USS Mahan (DDG-42)"", ""USS Balch (DD-363)"", ""USS Brownson (DD-868)""]"
source_visible_not_rank_or_dbec,fixed_pool_top100,MuSiQue,musique,346,When did the party Oklahoma's US Senators come from take control of the body determining the rules of the US House and US Senate?,2014 United States Senate elections,1,20,14,6,0,0,1,1,1,0,0,0,2,0,0.0,"[""Standing Rules of the United States Senate"", ""Party leaders of the United States Senate"", ""United States House of Representatives"", ""Oklahoma"", ""Speaker of the United States House of Representatives""]"
source_visible_not_rank_or_dbec,rank_expansion,MuSiQue,musique,346,When did the party Oklahoma's US Senators come from take control of the body determining the rules of the US House and US Senate?,2014 United States Senate elections,1,20,92,-72,0,0,0,0,1,0,0,1,0,0,,"[""Party leaders of the United States Senate"", ""Party leaders of the United States Senate"", ""Standing Rules of the United States Senate"", ""Filibuster in the United States Senate"", ""Democratic Party of Oregon""]"
source_visible_not_rank_or_dbec,independent_demand,MuSiQue,musique,346,When did the party Oklahoma's US Senators come from take control of the body determining the rules of the US House and US Senate?,2014 United States Senate elections,1,20,,,0,0,0,0,0,0,0,2,2,2,1.0,"[""Oklahoma"", ""Oklahoma City"", ""Oklahoma City"", ""Oklahoma"", ""Oklahoma City""]"
source_visible_not_rank_or_dbec,context_iterative_lite,MuSiQue,musique,346,When did the party Oklahoma's US Senators come from take control of the body determining the rules of the US House and US Senate?,2014 United States Senate elections,1,20,,,0,0,0,0,0,0,0,4,0,0,,"[""Party leaders of the United States Senate"", ""Party leaders of the United States Senate"", ""Standing Rules of the United States Senate"", ""Filibuster in the United States Senate"", ""Democratic Party of Oregon""]"
source_visible_not_rank_or_dbec,dbir_det,MuSiQue,musique,346,When did the party Oklahoma's US Senators come from take control of the body determining the rules of the US House and US Senate?,2014 United States Senate elections,1,20,,,0,0,0,0,0,0,0,2,2,2,1.0,"[""Oklahoma"", ""Oklahoma City"", ""Oklahoma City"", ""Oklahoma"", ""Oklahoma City""]"
source_visible_not_rank_or_dbec,fixed_pool_top100,MuSiQue,musique,358,"What is the average daytime temperature in the region where Richmond is found, in the state where WGCK-FM is located?",North Carolina,1,73,66,7,0,0,0,0,1,0,0,0,3,0,0.0,"[""WGCK-FM"", ""Richmond, Virginia"", ""WKHK"", ""WFFG-FM"", ""WXBX""]"
source_visible_not_rank_or_dbec,rank_expansion,MuSiQue,musique,358,"What is the average daytime temperature in the region where Richmond is found, in the state where WGCK-FM is located?",North Carolina,1,73,,,0,0,0,0,0,0,0,1,0,0,,"[""Richmond, Virginia"", ""WGCK-FM"", ""Richmond, Virginia"", ""New York City"", ""Richmond, Virginia""]"
source_visible_not_rank_or_dbec,independent_demand,MuSiQue,musique,358,"What is the average daytime temperature in the region where Richmond is found, in the state where WGCK-FM is located?",North Carolina,1,73,,,0,0,0,0,0,0,0,3,3,3,1.0,"[""WGCK-FM"", ""Richmond, Virginia"", ""Richmond, Virginia"", ""Richmond, Virginia"", ""Richmond, Virginia""]"
source_visible_not_rank_or_dbec,context_iterative_lite,MuSiQue,musique,358,"What is the average daytime temperature in the region where Richmond is found, in the state where WGCK-FM is located?",North Carolina,1,73,,,0,0,0,0,0,0,0,4,0,0,,"[""Richmond, Virginia"", ""WGCK-FM"", ""Richmond, Virginia"", ""New York City"", ""Richmond, Virginia""]"
source_visible_not_rank_or_dbec,dbir_det,MuSiQue,musique,358,"What is the average daytime temperature in the region where Richmond is found, in the state where WGCK-FM is located?",North Carolina,1,73,,,0,0,0,0,0,0,0,3,3,3,1.0,"[""WGCK-FM"", ""Richmond, Virginia"", ""Richmond, Virginia"", ""Richmond, Virginia"", ""Richmond, Virginia""]"
source_visible_not_rank_or_dbec,fixed_pool_top100,MuSiQue,musique,373,What is the name of the child of the Italian navigator who sailed for England and explored the east coast of the continent Francisco Vázquez' birthplace is located?,Paula Santiago,1,24,23,1,0,0,0,1,1,0,0,0,3,0,0.0,"[""Francisco H. Vázquez"", ""Francisco de Eliza"", ""Pedro Álvares Cabral"", ""Giovanni Battista Caviglia"", ""John Cabot""]"
source_visible_not_rank_or_dbec,rank_expansion,MuSiQue,musique,373,What is the name of the child of the Italian navigator who sailed for England and explored the east coast of the continent Francisco Vázquez' birthplace is located?,Paula Santiago,1,24,,,0,0,0,0,0,0,0,1,0,0,,"[""Francisco H. Vázquez"", ""Pennell Coast"", ""History of Australia"", ""History of the west coast of North America"", ""East Coast of the United States""]"
source_visible_not_rank_or_dbec,independent_demand,MuSiQue,musique,373,What is the name of the child of the Italian navigator who sailed for England and explored the east coast of the continent Francisco Vázquez' birthplace is located?,Paula Santiago,1,24,,,0,0,0,0,0,0,0,3,3,3,1.0,"[""Pennell Coast"", ""History of Australia"", ""History of the west coast of North America"", ""East Coast of the United States"", ""Portugal""]"
source_visible_not_rank_or_dbec,context_iterative_lite,MuSiQue,musique,373,What is the name of the child of the Italian navigator who sailed for England and explored the east coast of the continent Francisco Vázquez' birthplace is located?,Paula Santiago,1,24,,,0,0,0,0,0,0,0,4,0,0,,"[""Francisco H. Vázquez"", ""Pennell Coast"", ""History of Australia"", ""History of the west coast of North America"", ""East Coast of the United States""]"
source_visible_not_rank_or_dbec,dbir_det,MuSiQue,musique,373,What is the name of the child of the Italian navigator who sailed for England and explored the east coast of the continent Francisco Vázquez' birthplace is located?,Paula Santiago,1,24,,,0,0,0,0,0,0,0,3,3,3,1.0,"[""Pennell Coast"", ""History of Australia"", ""History of the west coast of North America"", ""East Coast of the United States"", ""Portugal""]"
source_visible_not_rank_or_dbec,fixed_pool_top100,MuSiQue,musique,375,What forced the departure from the country responsible for Phoe Pyonn Cho of the people once defied by new coinage?,Myanmar,1,14,14,0,0,0,1,1,1,0,0,0,2,0,0.0,"[""Franco-Prussian War"", ""Phoe Pyonn Cho"", ""Gamal Abdel Nasser"", ""Coinage of India"", ""Hellenistic period""]"
source_visible_not_rank_or_dbec,fixed_pool_top100,MuSiQue,musique,375,What forced the departure from the country responsible for Phoe Pyonn Cho of the people once defied by new coinage?,Ottoman Empire,1,30,28,2,0,0,0,1,1,0,0,0,2,0,0.0,"[""Franco-Prussian War"", ""Phoe Pyonn Cho"", ""Gamal Abdel Nasser"", ""Coinage of India"", ""Hellenistic period""]"
source_visible_not_rank_or_dbec,rank_expansion,MuSiQue,musique,375,What forced the departure from the country responsible for Phoe Pyonn Cho of the people once defied by new coinage?,Myanmar,1,14,,,0,0,0,0,0,0,0,1,0,0,,"[""Phoe Pyonn Cho"", ""Ottoman Empire"", ""Cho Chi-hyo"", ""Cho-Liang Lin"", ""Coinage of India""]"
source_visible_not_rank_or_dbec,rank_expansion,MuSiQue,musique,375,What forced the departure from the country responsible for Phoe Pyonn Cho of the people once defied by new coinage?,Ottoman Empire,1,30,1,29,1,1,1,1,1,1,0,1,0,0,,"[""Phoe Pyonn Cho"", ""Ottoman Empire"", ""Cho Chi-hyo"", ""Cho-Liang Lin"", ""Coinage of India""]"
source_visible_not_rank_or_dbec,independent_demand,MuSiQue,musique,375,What forced the departure from the country responsible for Phoe Pyonn Cho of the people once defied by new coinage?,Myanmar,1,14,,,0,0,0,0,0,0,0,2,2,2,1.0,"[""Phoe Pyonn Cho"", ""Cho Chi-hyo"", ""Cho-Liang Lin"", ""Agents of Secret Stuff"", ""Dumbledore's Army""]"
source_visible_not_rank_or_dbec,independent_demand,MuSiQue,musique,375,What forced the departure from the country responsible for Phoe Pyonn Cho of the people once defied by new coinage?,Ottoman Empire,1,30,10,20,0,0,1,1,1,0,0,2,2,2,1.0,"[""Phoe Pyonn Cho"", ""Cho Chi-hyo"", ""Cho-Liang Lin"", ""Agents of Secret Stuff"", ""Dumbledore's Army""]"
source_visible_not_rank_or_dbec,context_iterative_lite,MuSiQue,musique,375,What forced the departure from the country responsible for Phoe Pyonn Cho of the people once defied by new coinage?,Myanmar,1,14,,,0,0,0,0,0,0,0,4,0,0,,"[""Phoe Pyonn Cho"", ""Ottoman Empire"", ""Cho Chi-hyo"", ""Cho-Liang Lin"", ""Coinage of India""]"
source_visible_not_rank_or_dbec,context_iterative_lite,MuSiQue,musique,375,What forced the departure from the country responsible for Phoe Pyonn Cho of the people once defied by new coinage?,Ottoman Empire,1,30,1,29,1,1,1,1,1,1,0,4,0,0,,"[""Phoe Pyonn Cho"", ""Ottoman Empire"", ""Cho Chi-hyo"", ""Cho-Liang Lin"", ""Coinage of India""]"
source_visible_not_rank_or_dbec,dbir_det,MuSiQue,musique,375,What forced the departure from the country responsible for Phoe Pyonn Cho of the people once defied by new coinage?,Myanmar,1,14,,,0,0,0,0,0,0,0,2,2,2,1.0,"[""Phoe Pyonn Cho"", ""Cho Chi-hyo"", ""Cho-Liang Lin"", ""Agents of Secret Stuff"", ""Dumbledore's Army""]"
source_visible_not_rank_or_dbec,dbir_det,MuSiQue,musique,375,What forced the departure from the country responsible for Phoe Pyonn Cho of the people once defied by new coinage?,Ottoman Empire,1,30,,,0,0,0,0,0,0,0,2,2,2,1.0,"[""Phoe Pyonn Cho"", ""Cho Chi-hyo"", ""Cho-Liang Lin"", ""Agents of Secret Stuff"", ""Dumbledore's Army""]"
source_visible_not_rank_or_dbec,fixed_pool_top100,MuSiQue,musique,379,"When did Nissan, the Acura Legend maker and the Scion xD manufacturer open US assembly plants?",Scion xD,1,6,6,0,0,1,1,1,1,0,0,0,2,0,0.0,"[""1973 oil crisis"", ""Acura Legend"", ""Acura RL"", ""Acura RLX"", ""Acura EL""]"
source_visible_not_rank_or_dbec,rank_expansion,MuSiQue,musique,379,"When did Nissan, the Acura Legend maker and the Scion xD manufacturer open US assembly plants?",Scion xD,1,6,4,2,1,1,1,1,1,1,0,1,0,0,,"[""Acura Legend"", ""Acura RL"", ""Acura RL"", ""Acura RLX"", ""Scion xD""]"
source_visible_not_rank_or_dbec,independent_demand,MuSiQue,musique,379,"When did Nissan, the Acura Legend maker and the Scion xD manufacturer open US assembly plants?",Scion xD,1,6,4,2,1,1,1,1,1,1,0,2,2,2,1.0,"[""Acura Legend"", ""Acura RL"", ""Acura RL"", ""Acura RLX"", ""Scion xD""]"
source_visible_not_rank_or_dbec,context_iterative_lite,MuSiQue,musique,379,"When did Nissan, the Acura Legend maker and the Scion xD manufacturer open US assembly plants?",Scion xD,1,6,4,2,1,1,1,1,1,1,0,4,0,0,,"[""Acura Legend"", ""Acura RL"", ""Acura RL"", ""Acura RLX"", ""Scion xD""]"
source_visible_not_rank_or_dbec,dbir_det,MuSiQue,musique,379,"When did Nissan, the Acura Legend maker and the Scion xD manufacturer open US assembly plants?",Scion xD,1,6,4,2,1,1,1,1,1,1,0,2,2,2,1.0,"[""Acura Legend"", ""Acura RL"", ""Acura RL"", ""Acura RLX"", ""Scion xD""]"
source_visible_not_rank_or_dbec,fixed_pool_top100,MuSiQue,musique,400,"A country's military branch, the equivalent of which in the US contains the Air Defense Artillery, was unprepared for the invasion of Ivo Werner's country. When was the word ""Slavs"" used in the national anthem of the unprepared country?",United States Army,1,32,14,18,0,0,1,1,1,0,0,0,3,0,0.0,"[""Slavs"", ""Josip Broz Tito"", ""Czech Republic"", ""Warsaw Pact"", ""Ivo Werner""]"
source_visible_not_rank_or_dbec,rank_expansion,MuSiQue,musique,400,"A country's military branch, the equivalent of which in the US contains the Air Defense Artillery, was unprepared for the invasion of Ivo Werner's country. When was the word ""Slavs"" used in the national anthem of the unprepared country?",United States Army,1,32,12,20,0,0,1,1,1,0,0,1,0,0,,"[""Ivo Werner"", ""Slavs"", ""Air Defense Identification Zone (East China Sea)"", ""Korean War"", ""Military history of the United States""]"
source_visible_not_rank_or_dbec,independent_demand,MuSiQue,musique,400,"A country's military branch, the equivalent of which in the US contains the Air Defense Artillery, was unprepared for the invasion of Ivo Werner's country. When was the word ""Slavs"" used in the national anthem of the unprepared country?",United States Army,1,32,9,23,0,1,1,1,1,0,0,3,3,3,1.0,"[""Air Defense Identification Zone (East China Sea)"", ""United States Air Force"", ""Georgia State Defense Force"", ""Iron Beam"", ""Chief of the Air Staff (Nigeria)""]"
source_visible_not_rank_or_dbec,context_iterative_lite,MuSiQue,musique,400,"A country's military branch, the equivalent of which in the US contains the Air Defense Artillery, was unprepared for the invasion of Ivo Werner's country. When was the word ""Slavs"" used in the national anthem of the unprepared country?",United States Army,1,32,,,0,0,0,0,0,0,0,4,0,0,,"[""Ivo Werner"", ""Slavs"", ""Air Defense Identification Zone (East China Sea)"", ""Korean War"", ""Military history of the United States""]"
source_visible_not_rank_or_dbec,dbir_det,MuSiQue,musique,400,"A country's military branch, the equivalent of which in the US contains the Air Defense Artillery, was unprepared for the invasion of Ivo Werner's country. When was the word ""Slavs"" used in the national anthem of the unprepared country?",United States Army,1,32,9,23,0,1,1,1,1,0,0,3,3,3,1.0,"[""Air Defense Identification Zone (East China Sea)"", ""United States Air Force"", ""Georgia State Defense Force"", ""Iron Beam"", ""Chief of the Air Staff (Nigeria)""]"
source_visible_not_rank_or_dbec,fixed_pool_top100,MuSiQue,musique,402,Who is the wife of the man who produced the documentary of the pop star who influenced Beyonce?,Liza and David,1,33,13,20,0,0,1,1,1,0,0,0,3,0,0.0,"[""Michael Jackson: The Life of an Icon"", ""Beyoncé"", ""Nine Days that Changed the World"", ""Kanye West"", ""Working Day and Night""]"
source_visible_not_rank_or_dbec,rank_expansion,MuSiQue,musique,402,Who is the wife of the man who produced the documentary of the pop star who influenced Beyonce?,Liza and David,1,33,,,0,0,0,0,0,0,0,1,0,0,,"[""Beyoncé"", ""Beyoncé"", ""Beyoncé"", ""Beyoncé"", ""Beyoncé""]"
source_visible_not_rank_or_dbec,independent_demand,MuSiQue,musique,402,Who is the wife of the man who produced the documentary of the pop star who influenced Beyonce?,Liza and David,1,33,,,0,0,0,0,0,0,0,3,3,3,1.0,"[""Beyoncé"", ""Beyoncé"", ""Beyoncé"", ""Beyoncé"", ""Beyoncé""]"
source_visible_not_rank_or_dbec,context_iterative_lite,MuSiQue,musique,402,Who is the wife of the man who produced the documentary of the pop star who influenced Beyonce?,Liza and David,1,33,,,0,0,0,0,0,0,0,4,0,0,,"[""Beyoncé"", ""Beyoncé"", ""Beyoncé"", ""Beyoncé"", ""Beyoncé""]"
source_visible_not_rank_or_dbec,dbir_det,MuSiQue,musique,402,Who is the wife of the man who produced the documentary of the pop star who influenced Beyonce?,Liza and David,1,33,,,0,0,0,0,0,0,0,3,3,3,1.0,"[""Beyoncé"", ""Beyoncé"", ""Beyoncé"", ""Beyoncé"", ""Beyoncé""]"
source_visible_not_rank_or_dbec,fixed_pool_top100,MuSiQue,musique,413,"When did Nissan, the Acura Legend maker and the top selling car brand open US assembly plants?",List of best-selling automobiles,1,12,11,1,0,0,1,1,1,0,0,0,2,0,0.0,"[""1973 oil crisis"", ""Acura Legend"", ""Acura RL"", ""Acura EL"", ""Acura MDX""]"
source_visible_not_rank_or_dbec,rank_expansion,MuSiQue,musique,413,"When did Nissan, the Acura Legend maker and the top selling car brand open US assembly plants?",List of best-selling automobiles,1,12,13,-1,0,0,1,1,1,0,0,1,0,0,,"[""Acura Legend"", ""Acura RL"", ""Acura ZDX"", ""Acura RL"", ""Acura RLX""]"
source_visible_not_rank_or_dbec,independent_demand,MuSiQue,musique,413,"When did Nissan, the Acura Legend maker and the top selling car brand open US assembly plants?",List of best-selling automobiles,1,12,,,0,0,0,0,0,0,0,2,2,2,1.0,"[""Acura Legend"", ""Acura RL"", ""Acura RL"", ""Acura RLX"", ""Acura ZDX""]"
source_visible_not_rank_or_dbec,context_iterative_lite,MuSiQue,musique,413,"When did Nissan, the Acura Legend maker and the top selling car brand open US assembly plants?",List of best-selling automobiles,1,12,16,-4,0,0,1,1,1,0,0,4,0,0,,"[""Acura Legend"", ""Acura RL"", ""Acura ZDX"", ""Acura RL"", ""Acura RLX""]"
source_visible_not_rank_or_dbec,dbir_det,MuSiQue,musique,413,"When did Nissan, the Acura Legend maker and the top selling car brand open US assembly plants?",List of best-selling automobiles,1,12,,,0,0,0,0,0,0,0,2,2,2,1.0,"[""Acura Legend"", ""Acura RL"", ""Acura RL"", ""Acura RLX"", ""Acura ZDX""]"
source_visible_not_rank_or_dbec,fixed_pool_top100,MuSiQue,musique,441,Who owns the record label of the Every Turn of the World performer?,Back of My Mind,1,35,31,4,0,0,0,1,1,0,0,0,3,0,0.0,"[""Every Turn of the World"", ""Turn Me On (Mark Dinning song)"", ""Midnight Blue (Kenny Burrell album)"", ""Madonna (entertainer)"", ""I'll Cry If I Want To""]"
source_visible_not_rank_or_dbec,fixed_pool_top100,MuSiQue,musique,441,Who owns the record label of the Every Turn of the World performer?,Warner Records,1,21,18,3,0,0,1,1,1,0,0,0,3,0,0.0,"[""Every Turn of the World"", ""Turn Me On (Mark Dinning song)"", ""Midnight Blue (Kenny Burrell album)"", ""Madonna (entertainer)"", ""I'll Cry If I Want To""]"
source_visible_not_rank_or_dbec,rank_expansion,MuSiQue,musique,441,Who owns the record label of the Every Turn of the World performer?,Back of My Mind,1,35,,,0,0,0,0,0,0,0,1,0,0,,"[""Every Turn of the World"", ""Mile run world record progression"", ""Turn Me On (Mark Dinning song)"", ""Phonograph record"", ""2002 FIFA World Cup Final""]"
source_visible_not_rank_or_dbec,rank_expansion,MuSiQue,musique,441,Who owns the record label of the Every Turn of the World performer?,Warner Records,1,21,,,0,0,0,0,0,0,0,1,0,0,,"[""Every Turn of the World"", ""Mile run world record progression"", ""Turn Me On (Mark Dinning song)"", ""Phonograph record"", ""2002 FIFA World Cup Final""]"
source_visible_not_rank_or_dbec,independent_demand,MuSiQue,musique,441,Who owns the record label of the Every Turn of the World performer?,Back of My Mind,1,35,,,0,0,0,0,0,0,0,3,3,3,1.0,"[""Every Turn of the World"", ""Turn Me On (Mark Dinning song)"", ""Wales at the FIFA World Cup"", ""List of IIHF World Championship medalists"", ""List of FIFA World Cup finals""]"
source_visible_not_rank_or_dbec,independent_demand,MuSiQue,musique,441,Who owns the record label of the Every Turn of the World performer?,Warner Records,1,21,,,0,0,0,0,0,0,0,3,3,3,1.0,"[""Every Turn of the World"", ""Turn Me On (Mark Dinning song)"", ""Wales at the FIFA World Cup"", ""List of IIHF World Championship medalists"", ""List of FIFA World Cup finals""]"
source_visible_not_rank_or_dbec,context_iterative_lite,MuSiQue,musique,441,Who owns the record label of the Every Turn of the World performer?,Back of My Mind,1,35,,,0,0,0,0,0,0,0,4,0,0,,"[""Every Turn of the World"", ""Mile run world record progression"", ""Turn Me On (Mark Dinning song)"", ""Phonograph record"", ""2002 FIFA World Cup Final""]"
source_visible_not_rank_or_dbec,context_iterative_lite,MuSiQue,musique,441,Who owns the record label of the Every Turn of the World performer?,Warner Records,1,21,,,0,0,0,0,0,0,0,4,0,0,,"[""Every Turn of the World"", ""Mile run world record progression"", ""Turn Me On (Mark Dinning song)"", ""Phonograph record"", ""2002 FIFA World Cup Final""]"
source_visible_not_rank_or_dbec,dbir_det,MuSiQue,musique,441,Who owns the record label of the Every Turn of the World performer?,Back of My Mind,1,35,27,8,0,0,0,1,1,0,0,3,3,3,1.0,"[""Every Turn of the World"", ""Turn Me On (Mark Dinning song)"", ""Wales at the FIFA World Cup"", ""List of IIHF World Championship medalists"", ""List of FIFA World Cup finals""]"
source_visible_not_rank_or_dbec,dbir_det,MuSiQue,musique,441,Who owns the record label of the Every Turn of the World performer?,Warner Records,1,21,,,0,0,0,0,0,0,0,3,3,3,1.0,"[""Every Turn of the World"", ""Turn Me On (Mark Dinning song)"", ""Wales at the FIFA World Cup"", ""List of IIHF World Championship medalists"", ""List of FIFA World Cup finals""]"
source_visible_not_rank_or_dbec,fixed_pool_top100,MuSiQue,musique,453,"The German priest, who wanted Joseph Strickland's religious denomination to reform, preached a sermon on Marian devotion soon before his death in what German state?",Reformation,1,4,3,1,1,1,1,1,1,0,0,0,2,0,0.0,"[""Joseph Strickland"", ""Mary, mother of Jesus"", ""Wittenberg (district)"", ""Reformation"", ""Bernhard Lichtenberg""]"
source_visible_not_rank_or_dbec,rank_expansion,MuSiQue,musique,453,"The German priest, who wanted Joseph Strickland's religious denomination to reform, preached a sermon on Marian devotion soon before his death in what German state?",Reformation,1,4,,,0,0,0,0,0,0,0,1,0,0,,"[""Mary, mother of Jesus"", ""Joseph Strickland"", ""A River Runs Through It (film)"", ""German reunification"", ""1939 German ultimatum to Lithuania""]"
source_visible_not_rank_or_dbec,independent_demand,MuSiQue,musique,453,"The German priest, who wanted Joseph Strickland's religious denomination to reform, preached a sermon on Marian devotion soon before his death in what German state?",Reformation,1,4,,,0,0,0,0,0,0,0,2,2,2,1.0,"[""Joseph Strickland"", ""Tony Strickland"", ""Sisters of St Joseph of Nazareth"", ""History of Joseph Smith by His Mother"", ""Joseph Cumming""]"
source_visible_not_rank_or_dbec,context_iterative_lite,MuSiQue,musique,453,"The German priest, who wanted Joseph Strickland's religious denomination to reform, preached a sermon on Marian devotion soon before his death in what German state?",Reformation,1,4,13,-9,0,0,1,1,1,0,0,4,0,0,,"[""Mary, mother of Jesus"", ""Joseph Strickland"", ""A River Runs Through It (film)"", ""German reunification"", ""1939 German ultimatum to Lithuania""]"
source_visible_not_rank_or_dbec,dbir_det,MuSiQue,musique,453,"The German priest, who wanted Joseph Strickland's religious denomination to reform, preached a sermon on Marian devotion soon before his death in what German state?",Reformation,1,4,,,0,0,0,0,0,0,0,2,2,2,1.0,"[""Joseph Strickland"", ""Tony Strickland"", ""Sisters of St Joseph of Nazareth"", ""History of Joseph Smith by His Mother"", ""Joseph Cumming""]"
source_visible_not_rank_or_dbec,fixed_pool_top100,MuSiQue,musique,492,who has had the most hits in the league that includes the team that has played the most games of the type played just before the league MVP is awarded?,New York Yankees,1,39,35,4,0,0,0,1,1,0,0,0,3,0,0.0,"[""List of Major League Baseball single-game hits leaders"", ""Major League Baseball Most Valuable Player Award"", ""NBA Most Valuable Player Award"", ""World Series Most Valuable Player Award"", ""Hart Memorial Trophy""]"
source_visible_not_rank_or_dbec,fixed_pool_top100,MuSiQue,musique,492,who has had the most hits in the league that includes the team that has played the most games of the type played just before the league MVP is awarded?,World Series,1,6,6,0,0,1,1,1,1,0,0,0,3,0,0.0,"[""List of Major League Baseball single-game hits leaders"", ""Major League Baseball Most Valuable Player Award"", ""NBA Most Valuable Player Award"", ""World Series Most Valuable Player Award"", ""Hart Memorial Trophy""]"
source_visible_not_rank_or_dbec,rank_expansion,MuSiQue,musique,492,who has had the most hits in the league that includes the team that has played the most games of the type played just before the league MVP is awarded?,New York Yankees,1,39,,,0,0,0,0,0,0,0,1,0,0,,"[""Major League Baseball All-Star Game Most Valuable Player Award"", ""Premier League records and statistics"", ""Preki"", ""Major League Baseball Most Valuable Player Award"", ""Major League Baseball schedule""]"
source_visible_not_rank_or_dbec,rank_expansion,MuSiQue,musique,492,who has had the most hits in the league that includes the team that has played the most games of the type played just before the league MVP is awarded?,World Series,1,6,95,-89,0,0,0,0,1,0,0,1,0,0,,"[""Major League Baseball All-Star Game Most Valuable Player Award"", ""Premier League records and statistics"", ""Preki"", ""Major League Baseball Most Valuable Player Award"", ""Major League Baseball schedule""]"
source_visible_not_rank_or_dbec,independent_demand,MuSiQue,musique,492,who has had the most hits in the league that includes the team that has played the most games of the type played just before the league MVP is awarded?,New York Yankees,1,39,,,0,0,0,0,0,0,0,3,3,3,1.0,"[""Preki"", ""Major League Baseball schedule"", ""Montreal Expos"", ""List of Major League Baseball All-Star Games"", ""Minnesota Vikings""]"
source_visible_not_rank_or_dbec,independent_demand,MuSiQue,musique,492,who has had the most hits in the league that includes the team that has played the most games of the type played just before the league MVP is awarded?,World Series,1,6,,,0,0,0,0,0,0,0,3,3,3,1.0,"[""Preki"", ""Major League Baseball schedule"", ""Montreal Expos"", ""List of Major League Baseball All-Star Games"", ""Minnesota Vikings""]"
source_visible_not_rank_or_dbec,context_iterative_lite,MuSiQue,musique,492,who has had the most hits in the league that includes the team that has played the most games of the type played just before the league MVP is awarded?,New York Yankees,1,39,,,0,0,0,0,0,0,0,4,0,0,,"[""Major League Baseball All-Star Game Most Valuable Player Award"", ""Premier League records and statistics"", ""Preki"", ""Major League Baseball Most Valuable Player Award"", ""Major League Baseball schedule""]"
source_visible_not_rank_or_dbec,context_iterative_lite,MuSiQue,musique,492,who has had the most hits in the league that includes the team that has played the most games of the type played just before the league MVP is awarded?,World Series,1,6,,,0,0,0,0,0,0,0,4,0,0,,"[""Major League Baseball All-Star Game Most Valuable Player Award"", ""Premier League records and statistics"", ""Preki"", ""Major League Baseball Most Valuable Player Award"", ""Major League Baseball schedule""]"
source_visible_not_rank_or_dbec,dbir_det,MuSiQue,musique,492,who has had the most hits in the league that includes the team that has played the most games of the type played just before the league MVP is awarded?,New York Yankees,1,39,,,0,0,0,0,0,0,0,3,3,3,1.0,"[""Preki"", ""Major League Baseball schedule"", ""Montreal Expos"", ""List of Major League Baseball All-Star Games"", ""Minnesota Vikings""]"
source_visible_not_rank_or_dbec,dbir_det,MuSiQue,musique,492,who has had the most hits in the league that includes the team that has played the most games of the type played just before the league MVP is awarded?,World Series,1,6,,,0,0,0,0,0,0,0,3,3,3,1.0,"[""Preki"", ""Major League Baseball schedule"", ""Montreal Expos"", ""List of Major League Baseball All-Star Games"", ""Minnesota Vikings""]"
source_visible_not_rank_or_dbec,fixed_pool_top100,MuSiQue,musique,493,Who has the most hits in the history of the organization that includes the team Jim Wilson was released by?,Cleveland Indians,1,51,49,2,0,0,0,1,1,0,0,0,2,0,0.0,"[""Jim Wilson (first baseman)"", ""List of Wigan Warriors players"", ""Dugout (baseball)"", ""Dan Johnson (baseball)"", ""Cleveland Bulldogs""]"
source_visible_not_rank_or_dbec,rank_expansion,MuSiQue,musique,493,Who has the most hits in the history of the organization that includes the team Jim Wilson was released by?,Cleveland Indians,1,51,,,0,0,0,0,0,0,0,1,0,0,,"[""Jim Wilson (first baseman)"", ""Decade of Hits (George Canyon album)"", ""History of the Denver Broncos"", ""List of NBA players with most championships"", ""Greatest Hits (Andy Williams album)""]"
source_visible_not_rank_or_dbec,independent_demand,MuSiQue,musique,493,Who has the most hits in the history of the organization that includes the team Jim Wilson was released by?,Cleveland Indians,1,51,,,0,0,0,0,0,0,0,2,2,2,1.0,"[""Jim Wilson (first baseman)"", ""Russell Wilson"", ""Wilson Phillips"", ""Jim Halpert"", ""Mara Wilson""]"
source_visible_not_rank_or_dbec,context_iterative_lite,MuSiQue,musique,493,Who has the most hits in the history of the organization that includes the team Jim Wilson was released by?,Cleveland Indians,1,51,,,0,0,0,0,0,0,0,4,0,0,,"[""Jim Wilson (first baseman)"", ""Decade of Hits (George Canyon album)"", ""History of the Denver Broncos"", ""List of NBA players with most championships"", ""Greatest Hits (Andy Williams album)""]"
source_visible_not_rank_or_dbec,dbir_det,MuSiQue,musique,493,Who has the most hits in the history of the organization that includes the team Jim Wilson was released by?,Cleveland Indians,1,51,,,0,0,0,0,0,0,0,2,2,2,1.0,"[""Jim Wilson (first baseman)"", ""Russell Wilson"", ""Wilson Phillips"", ""Jim Halpert"", ""Mara Wilson""]"
source_visible_not_rank_or_dbec,fixed_pool_top100,MuSiQue,musique,495,What year did the country that is the natural boundary between where the tournament was hosted and where A Don is located host the ASEAN Conference?,2020 AFC U-23 Championship qualification,1,9,8,1,0,1,1,1,1,0,0,0,2,0,0.0,"[""2016 FIFA Club World Cup"", ""A Don"", ""A Lim"", ""A Kiom"", ""Myanmar""]"
source_visible_not_rank_or_dbec,fixed_pool_top100,MuSiQue,musique,495,What year did the country that is the natural boundary between where the tournament was hosted and where A Don is located host the ASEAN Conference?,Geography of Myanmar,1,11,10,1,0,0,1,1,1,0,0,0,2,0,0.0,"[""2016 FIFA Club World Cup"", ""A Don"", ""A Lim"", ""A Kiom"", ""Myanmar""]"
source_visible_not_rank_or_dbec,rank_expansion,MuSiQue,musique,495,What year did the country that is the natural boundary between where the tournament was hosted and where A Don is located host the ASEAN Conference?,2020 AFC U-23 Championship qualification,1,9,,,0,0,0,0,0,0,0,1,0,0,,"[""Myanmar"", ""2018 ACC Men's Basketball Tournament"", ""Blue Chip Conference"", ""2018 Big 12 Men's Basketball Tournament"", ""2026 FIFA World Cup""]"
source_visible_not_rank_or_dbec,rank_expansion,MuSiQue,musique,495,What year did the country that is the natural boundary between where the tournament was hosted and where A Don is located host the ASEAN Conference?,Geography of Myanmar,1,11,,,0,0,0,0,0,0,0,1,0,0,,"[""Myanmar"", ""2018 ACC Men's Basketball Tournament"", ""Blue Chip Conference"", ""2018 Big 12 Men's Basketball Tournament"", ""2026 FIFA World Cup""]"
source_visible_not_rank_or_dbec,independent_demand,MuSiQue,musique,495,What year did the country that is the natural boundary between where the tournament was hosted and where A Don is located host the ASEAN Conference?,2020 AFC U-23 Championship qualification,1,9,,,0,0,0,0,0,0,0,2,2,2,1.0,"[""2018 ACC Men's Basketball Tournament"", ""Ice hockey at the 2018 Winter Olympics – Men's tournament"", ""2018 Big 12 Men's Basketball Tournament"", ""Don Draper"", ""NCAA Division I Men's Basketball Tournament""]"
source_visible_not_rank_or_dbec,independent_demand,MuSiQue,musique,495,What year did the country that is the natural boundary between where the tournament was hosted and where A Don is located host the ASEAN Conference?,Geography of Myanmar,1,11,,,0,0,0,0,0,0,0,2,2,2,1.0,"[""2018 ACC Men's Basketball Tournament"", ""Ice hockey at the 2018 Winter Olympics – Men's tournament"", ""2018 Big 12 Men's Basketball Tournament"", ""Don Draper"", ""NCAA Division I Men's Basketball Tournament""]"
source_visible_not_rank_or_dbec,context_iterative_lite,MuSiQue,musique,495,What year did the country that is the natural boundary between where the tournament was hosted and where A Don is located host the ASEAN Conference?,2020 AFC U-23 Championship qualification,1,9,,,0,0,0,0,0,0,0,4,0,0,,"[""Myanmar"", ""2018 ACC Men's Basketball Tournament"", ""Blue Chip Conference"", ""2018 Big 12 Men's Basketball Tournament"", ""2026 FIFA World Cup""]"
source_visible_not_rank_or_dbec,context_iterative_lite,MuSiQue,musique,495,What year did the country that is the natural boundary between where the tournament was hosted and where A Don is located host the ASEAN Conference?,Geography of Myanmar,1,11,,,0,0,0,0,0,0,0,4,0,0,,"[""Myanmar"", ""2018 ACC Men's Basketball Tournament"", ""Blue Chip Conference"", ""2018 Big 12 Men's Basketball Tournament"", ""2026 FIFA World Cup""]"
source_visible_not_rank_or_dbec,dbir_det,MuSiQue,musique,495,What year did the country that is the natural boundary between where the tournament was hosted and where A Don is located host the ASEAN Conference?,2020 AFC U-23 Championship qualification,1,9,,,0,0,0,0,0,0,0,2,2,2,1.0,"[""2018 ACC Men's Basketball Tournament"", ""Ice hockey at the 2018 Winter Olympics – Men's tournament"", ""2018 Big 12 Men's Basketball Tournament"", ""Don Draper"", ""NCAA Division I Men's Basketball Tournament""]"
source_visible_not_rank_or_dbec,dbir_det,MuSiQue,musique,495,What year did the country that is the natural boundary between where the tournament was hosted and where A Don is located host the ASEAN Conference?,Geography of Myanmar,1,11,,,0,0,0,0,0,0,0,2,2,2,1.0,"[""2018 ACC Men's Basketball Tournament"", ""Ice hockey at the 2018 Winter Olympics – Men's tournament"", ""2018 Big 12 Men's Basketball Tournament"", ""Don Draper"", ""NCAA Division I Men's Basketball Tournament""]"
source_visible_not_rank_or_dbec,fixed_pool_top100,MuSiQue,musique,502,Who is the owner of the record label that the performer of Better Than Me is signed with?,Warner Records,1,31,27,4,0,0,0,1,1,0,0,0,3,0,0.0,"[""Better Than Me (Terry Dexter song)"", ""Terry Dexter (album)"", ""Roxy Recordings"", ""Sony Music"", ""American Idol""]"
source_visible_not_rank_or_dbec,rank_expansion,MuSiQue,musique,502,Who is the owner of the record label that the performer of Better Than Me is signed with?,Warner Records,1,31,,,0,0,0,0,0,0,0,1,0,0,,"[""Aretha Franklin"", ""Better Than Me (Terry Dexter song)"", ""Tittsworth"", ""Sony Music"", ""Larry Norman""]"
source_visible_not_rank_or_dbec,independent_demand,MuSiQue,musique,502,Who is the owner of the record label that the performer of Better Than Me is signed with?,Warner Records,1,31,,,0,0,0,0,0,0,0,3,3,3,1.0,"[""Better Than Me (Terry Dexter song)"", ""Better Class of Losers"", ""Better Living TV Theater"", ""Better Call Saul (season 4)"", ""Better Angels (The Walking Dead)""]"
source_visible_not_rank_or_dbec,context_iterative_lite,MuSiQue,musique,502,Who is the owner of the record label that the performer of Better Than Me is signed with?,Warner Records,1,31,,,0,0,0,0,0,0,0,4,0,0,,"[""Aretha Franklin"", ""Better Than Me (Terry Dexter song)"", ""Tittsworth"", ""Sony Music"", ""Larry Norman""]"
source_visible_not_rank_or_dbec,dbir_det,MuSiQue,musique,502,Who is the owner of the record label that the performer of Better Than Me is signed with?,Warner Records,1,31,,,0,0,0,0,0,0,0,3,3,3,1.0,"[""Better Than Me (Terry Dexter song)"", ""Better Class of Losers"", ""Better Living TV Theater"", ""Better Call Saul (season 4)"", ""Better Angels (The Walking Dead)""]"
source_pool_absent,fixed_pool_top100,MuSiQue,musique,515,Where did the arguer that Nadezhda Tkachenko's country of citizenship had become an imperialist power declare he would intervene in the Korean conflict?,Olga Kuragina,0,,,,0,0,0,0,0,0,0,0,3,0,0.0,"[""Korean War"", ""Imperialism"", ""Munich Agreement"", ""United States in the Korean War"", ""Molotov–Ribbentrop Pact""]"
source_pool_absent,rank_expansion,MuSiQue,musique,515,Where did the arguer that Nadezhda Tkachenko's country of citizenship had become an imperialist power declare he would intervene in the Korean conflict?,Olga Kuragina,0,,15,,0,0,1,1,1,0,1,1,0,0,,"[""Korean War"", ""Korean War"", ""United States in the Korean War"", ""Imperialism"", ""Powers of the United States Congress""]"
source_pool_absent,independent_demand,MuSiQue,musique,515,Where did the arguer that Nadezhda Tkachenko's country of citizenship had become an imperialist power declare he would intervene in the Korean conflict?,Olga Kuragina,0,,0,,1,1,1,1,1,1,1,3,3,3,1.0,"[""Olga Kuragina"", ""Vladimir Lenin"", ""Myanmar"", ""Sophia (robot)"", ""United States Department of Homeland Security""]"
source_pool_absent,context_iterative_lite,MuSiQue,musique,515,Where did the arguer that Nadezhda Tkachenko's country of citizenship had become an imperialist power declare he would intervene in the Korean conflict?,Olga Kuragina,0,,,,0,0,0,0,0,0,0,4,0,0,,"[""Korean War"", ""Korean War"", ""United States in the Korean War"", ""Imperialism"", ""Powers of the United States Congress""]"
source_pool_absent,dbir_det,MuSiQue,musique,515,Where did the arguer that Nadezhda Tkachenko's country of citizenship had become an imperialist power declare he would intervene in the Korean conflict?,Olga Kuragina,0,,0,,1,1,1,1,1,1,1,3,3,3,1.0,"[""Olga Kuragina"", ""Vladimir Lenin"", ""Myanmar"", ""Sophia (robot)"", ""United States Department of Homeland Security""]"
source_pool_absent,fixed_pool_top100,MuSiQue,musique,520,What is the seat of the county sharing a border with the county in which Amy McKenzie was born?,Jerome Quinn,0,,,,0,0,0,0,0,0,0,0,3,0,0.0,"[""Amy McKenzie"", ""Mecklenburg County, North Carolina"", ""Anne Simonett"", ""Don Werner"", ""Erik Jensen (American football)""]"
source_pool_absent,fixed_pool_top100,MuSiQue,musique,520,What is the seat of the county sharing a border with the county in which Amy McKenzie was born?,John C. Petersen,0,,,,0,0,0,0,0,0,0,0,3,0,0.0,"[""Amy McKenzie"", ""Mecklenburg County, North Carolina"", ""Anne Simonett"", ""Don Werner"", ""Erik Jensen (American football)""]"
source_pool_absent,fixed_pool_top100,MuSiQue,musique,520,What is the seat of the county sharing a border with the county in which Amy McKenzie was born?,Pulaski High School,0,,,,0,0,0,0,0,0,0,0,3,0,0.0,"[""Amy McKenzie"", ""Mecklenburg County, North Carolina"", ""Anne Simonett"", ""Don Werner"", ""Erik Jensen (American football)""]"
source_pool_absent,rank_expansion,MuSiQue,musique,520,What is the seat of the county sharing a border with the county in which Amy McKenzie was born?,Jerome Quinn,0,,,,0,0,0,0,0,0,0,1,0,0,,"[""Amy McKenzie"", ""Mecklenburg County, North Carolina"", ""Chunggang County"", ""Pinellas County, Florida"", ""Baranya County""]"
source_pool_absent,rank_expansion,MuSiQue,musique,520,What is the seat of the county sharing a border with the county in which Amy McKenzie was born?,John C. Petersen,0,,,,0,0,0,0,0,0,0,1,0,0,,"[""Amy McKenzie"", ""Mecklenburg County, North Carolina"", ""Chunggang County"", ""Pinellas County, Florida"", ""Baranya County""]"
source_pool_absent,rank_expansion,MuSiQue,musique,520,What is the seat of the county sharing a border with the county in which Amy McKenzie was born?,Pulaski High School,0,,,,0,0,0,0,0,0,0,1,0,0,,"[""Amy McKenzie"", ""Mecklenburg County, North Carolina"", ""Chunggang County"", ""Pinellas County, Florida"", ""Baranya County""]"
source_pool_absent,independent_demand,MuSiQue,musique,520,What is the seat of the county sharing a border with the county in which Amy McKenzie was born?,Jerome Quinn,0,,,,0,0,0,0,0,0,0,3,3,3,1.0,"[""Amy McKenzie"", ""Ashley McKenzie"", ""Amy Farrington"", ""Amy Adams"", ""Pitch Perfect 3""]"
source_pool_absent,independent_demand,MuSiQue,musique,520,What is the seat of the county sharing a border with the county in which Amy McKenzie was born?,John C. Petersen,0,,,,0,0,0,0,0,0,0,3,3,3,1.0,"[""Amy McKenzie"", ""Ashley McKenzie"", ""Amy Farrington"", ""Amy Adams"", ""Pitch Perfect 3""]"
source_pool_absent,independent_demand,MuSiQue,musique,520,What is the seat of the county sharing a border with the county in which Amy McKenzie was born?,Pulaski High School,0,,,,0,0,0,0,0,0,0,3,3,3,1.0,"[""Amy McKenzie"", ""Ashley McKenzie"", ""Amy Farrington"", ""Amy Adams"", ""Pitch Perfect 3""]"
source_pool_absent,context_iterative_lite,MuSiQue,musique,520,What is the seat of the county sharing a border with the county in which Amy McKenzie was born?,Jerome Quinn,0,,,,0,0,0,0,0,0,0,4,0,0,,"[""Amy McKenzie"", ""Mecklenburg County, North Carolina"", ""Chunggang County"", ""Pinellas County, Florida"", ""Baranya County""]"
source_pool_absent,context_iterative_lite,MuSiQue,musique,520,What is the seat of the county sharing a border with the county in which Amy McKenzie was born?,John C. Petersen,0,,,,0,0,0,0,0,0,0,4,0,0,,"[""Amy McKenzie"", ""Mecklenburg County, North Carolina"", ""Chunggang County"", ""Pinellas County, Florida"", ""Baranya County""]"
source_pool_absent,context_iterative_lite,MuSiQue,musique,520,What is the seat of the county sharing a border with the county in which Amy McKenzie was born?,Pulaski High School,0,,,,0,0,0,0,0,0,0,4,0,0,,"[""Amy McKenzie"", ""Mecklenburg County, North Carolina"", ""Chunggang County"", ""Pinellas County, Florida"", ""Baranya County""]"
source_pool_absent,dbir_det,MuSiQue,musique,520,What is the seat of the county sharing a border with the county in which Amy McKenzie was born?,Jerome Quinn,0,,,,0,0,0,0,0,0,0,3,3,3,1.0,"[""Amy McKenzie"", ""Ashley McKenzie"", ""Amy Farrington"", ""Amy Adams"", ""Pitch Perfect 3""]"
source_pool_absent,dbir_det,MuSiQue,musique,520,What is the seat of the county sharing a border with the county in which Amy McKenzie was born?,John C. Petersen,0,,,,0,0,0,0,0,0,0,3,3,3,1.0,"[""Amy McKenzie"", ""Ashley McKenzie"", ""Amy Farrington"", ""Amy Adams"", ""Pitch Perfect 3""]"
source_pool_absent,dbir_det,MuSiQue,musique,520,What is the seat of the county sharing a border with the county in which Amy McKenzie was born?,Pulaski High School,0,,,,0,0,0,0,0,0,0,3,3,3,1.0,"[""Amy McKenzie"", ""Ashley McKenzie"", ""Amy Farrington"", ""Amy Adams"", ""Pitch Perfect 3""]"
source_pool_absent,fixed_pool_top100,MuSiQue,musique,542,"What day is the feast held in the city containing the headquarters of the company, that owns the record label that released Study in Brown?","Santa Monica, California",0,,,,0,0,0,0,0,0,0,0,3,0,0.0,"[""Study in Brown"", ""EmArcy Records"", ""Jam Session (album)"", ""Brown and Roach Incorporated"", ""Honey in the Lion's Head""]"
source_pool_absent,rank_expansion,MuSiQue,musique,542,"What day is the feast held in the city containing the headquarters of the company, that owns the record label that released Study in Brown?","Santa Monica, California",0,,47,,0,0,0,1,1,0,1,1,0,0,,"[""Study in Brown"", ""Sony Music"", ""Brown and Roach Incorporated"", ""Brown Eyed Girl"", ""Café Coffee Day""]"
source_pool_absent,independent_demand,MuSiQue,musique,542,"What day is the feast held in the city containing the headquarters of the company, that owns the record label that released Study in Brown?","Santa Monica, California",0,,29,,0,0,0,1,1,0,1,3,3,3,1.0,"[""Study in Brown"", ""Brown and Roach Incorporated"", ""Brown Eyed Girl"", ""Graham Oberlin-Brown"", ""Father Brown, Detective""]"
source_pool_absent,context_iterative_lite,MuSiQue,musique,542,"What day is the feast held in the city containing the headquarters of the company, that owns the record label that released Study in Brown?","Santa Monica, California",0,,,,0,0,0,0,0,0,0,4,0,0,,"[""Study in Brown"", ""Sony Music"", ""Brown and Roach Incorporated"", ""Brown Eyed Girl"", ""Café Coffee Day""]"
source_pool_absent,dbir_det,MuSiQue,musique,542,"What day is the feast held in the city containing the headquarters of the company, that owns the record label that released Study in Brown?","Santa Monica, California",0,,,,0,0,0,0,0,0,0,3,3,3,1.0,"[""Study in Brown"", ""Brown and Roach Incorporated"", ""Brown Eyed Girl"", ""Graham Oberlin-Brown"", ""Father Brown, Detective""]"
source_visible_not_rank_or_dbec,fixed_pool_top100,MuSiQue,musique,565,When did the headquarters city of Kentucky Tavern's manufacturer elect its first black mayor?,Sazerac,1,7,7,0,0,1,1,1,1,0,0,0,2,0,0.0,"[""Detroit"", ""Kentucky Tavern"", ""Black people"", ""Blanton's"", ""Ten High""]"
source_visible_not_rank_or_dbec,rank_expansion,MuSiQue,musique,565,When did the headquarters city of Kentucky Tavern's manufacturer elect its first black mayor?,Sazerac,1,7,,,0,0,0,0,0,0,0,1,0,0,,"[""Kentucky Tavern"", ""The Black Tavern"", ""Black people"", ""Black people"", ""Green Door Tavern""]"
source_visible_not_rank_or_dbec,independent_demand,MuSiQue,musique,565,When did the headquarters city of Kentucky Tavern's manufacturer elect its first black mayor?,Sazerac,1,7,,,0,0,0,0,0,0,0,2,2,2,1.0,"[""Kentucky Tavern"", ""Green Door Tavern"", ""The Black Tavern"", ""Potter's Tavern"", ""South Portsmouth, Kentucky""]"
source_visible_not_rank_or_dbec,context_iterative_lite,MuSiQue,musique,565,When did the headquarters city of Kentucky Tavern's manufacturer elect its first black mayor?,Sazerac,1,7,19,-12,0,0,1,1,1,0,0,4,0,0,,"[""Kentucky Tavern"", ""The Black Tavern"", ""Black people"", ""Black people"", ""Green Door Tavern""]"
source_visible_not_rank_or_dbec,dbir_det,MuSiQue,musique,565,When did the headquarters city of Kentucky Tavern's manufacturer elect its first black mayor?,Sazerac,1,7,16,-9,0,0,1,1,1,0,0,2,2,2,1.0,"[""Kentucky Tavern"", ""Green Door Tavern"", ""The Black Tavern"", ""Potter's Tavern"", ""South Portsmouth, Kentucky""]"
source_visible_not_rank_or_dbec,fixed_pool_top100,MuSiQue,musique,568,What is the name of the castle in the city where the performer of We Sweat Blood formed?,Casa Loma,1,68,67,1,0,0,0,0,1,0,0,0,3,0,0.0,"[""We Sweat Blood"", ""Baynard's Castle"", ""Robert Fitz Richard"", ""Danko Jones"", ""Sound of Love""]"
source_visible_not_rank_or_dbec,rank_expansion,MuSiQue,musique,568,What is the name of the castle in the city where the performer of We Sweat Blood formed?,Casa Loma,1,68,,,0,0,0,0,0,0,0,1,0,0,,"[""We Sweat Blood"", ""The Collection (1993 Blood, Sweat & Tears album)"", ""Blood Stain Child"", ""World Blood Donor Day"", ""Terringzean Castle, East Ayrshire""]"
source_visible_not_rank_or_dbec,independent_demand,MuSiQue,musique,568,What is the name of the castle in the city where the performer of We Sweat Blood formed?,Casa Loma,1,68,,,0,0,0,0,0,0,0,3,3,3,1.0,"[""We Sweat Blood"", ""World Blood Donor Day"", ""Blood Stain Child"", ""The Collection (1993 Blood, Sweat & Tears album)"", ""Aldosterone""]"
source_visible_not_rank_or_dbec,context_iterative_lite,MuSiQue,musique,568,What is the name of the castle in the city where the performer of We Sweat Blood formed?,Casa Loma,1,68,,,0,0,0,0,0,0,0,4,0,0,,"[""We Sweat Blood"", ""The Collection (1993 Blood, Sweat & Tears album)"", ""Blood Stain Child"", ""World Blood Donor Day"", ""Terringzean Castle, East Ayrshire""]"
source_visible_not_rank_or_dbec,dbir_det,MuSiQue,musique,568,What is the name of the castle in the city where the performer of We Sweat Blood formed?,Casa Loma,1,68,,,0,0,0,0,0,0,0,3,3,3,1.0,"[""We Sweat Blood"", ""World Blood Donor Day"", ""Blood Stain Child"", ""The Collection (1993 Blood, Sweat & Tears album)"", ""Aldosterone""]"
source_visible_not_rank_or_dbec,fixed_pool_top100,MuSiQue,musique,573,Another world leader said that Vladimir Rapoport's country was imperialist. Where did that leader announce that he would intervene in the Korean conflict?,Vladimir Rapoport,1,23,8,15,0,1,1,1,1,0,0,0,2,0,0.0,"[""Imperialism"", ""Korean War"", ""Dwight D. Eisenhower"", ""Molotov–Ribbentrop Pact"", ""United States in the Korean War""]"
source_visible_not_rank_or_dbec,rank_expansion,MuSiQue,musique,573,Another world leader said that Vladimir Rapoport's country was imperialist. Where did that leader announce that he would intervene in the Korean conflict?,Vladimir Rapoport,1,23,0,23,1,1,1,1,1,1,0,1,0,0,,"[""Vladimir Rapoport"", ""Leader of the Official Opposition (Ontario)"", ""Leader of Opposition (Uganda)"", ""Korean War"", ""Imperialism""]"
source_visible_not_rank_or_dbec,independent_demand,MuSiQue,musique,573,Another world leader said that Vladimir Rapoport's country was imperialist. Where did that leader announce that he would intervene in the Korean conflict?,Vladimir Rapoport,1,23,0,23,1,1,1,1,1,1,0,2,2,2,1.0,"[""Vladimir Rapoport"", ""Vladimir-Suzdal"", ""Alek Rapoport"", ""Vladimír Čech"", ""Vladimir Karalić""]"
source_visible_not_rank_or_dbec,context_iterative_lite,MuSiQue,musique,573,Another world leader said that Vladimir Rapoport's country was imperialist. Where did that leader announce that he would intervene in the Korean conflict?,Vladimir Rapoport,1,23,0,23,1,1,1,1,1,1,0,4,0,0,,"[""Vladimir Rapoport"", ""Leader of the Official Opposition (Ontario)"", ""Leader of Opposition (Uganda)"", ""Korean War"", ""Imperialism""]"
source_visible_not_rank_or_dbec,dbir_det,MuSiQue,musique,573,Another world leader said that Vladimir Rapoport's country was imperialist. Where did that leader announce that he would intervene in the Korean conflict?,Vladimir Rapoport,1,23,0,23,1,1,1,1,1,1,0,2,2,2,1.0,"[""Vladimir Rapoport"", ""Vladimir-Suzdal"", ""Alek Rapoport"", ""Vladimír Čech"", ""Vladimir Karalić""]"
source_pool_absent,fixed_pool_top100,MuSiQue,musique,608,When did the birthplace of the Live and Beyond performer become the capitol of the state Knowles was from?,Suga Mama,0,,,,0,0,0,0,0,0,0,0,4,0,0.0,"[""Beyoncé"", ""Live and Beyond"", ""History of Austin, Texas"", ""Destiny's Child"", ""Oklahoma""]"
source_pool_absent,rank_expansion,MuSiQue,musique,608,When did the birthplace of the Live and Beyond performer become the capitol of the state Knowles was from?,Suga Mama,0,,5,,0,1,1,1,1,0,1,1,0,0,,"[""Beyond Warped Live Music Series"", ""Live and Beyond"", ""Cape Knowles"", ""Beyond the Beyond"", ""On and On and Beyond""]"
source_pool_absent,independent_demand,MuSiQue,musique,608,When did the birthplace of the Live and Beyond performer become the capitol of the state Knowles was from?,Suga Mama,0,,12,,0,0,1,1,1,0,1,4,4,4,1.0,"[""Beyond Warped Live Music Series"", ""Live and Beyond"", ""Beyond the Beyond"", ""On and On and Beyond"", ""Live in the UK 2008""]"
source_pool_absent,context_iterative_lite,MuSiQue,musique,608,When did the birthplace of the Live and Beyond performer become the capitol of the state Knowles was from?,Suga Mama,0,,5,,0,1,1,1,1,0,1,4,0,0,,"[""Beyond Warped Live Music Series"", ""Live and Beyond"", ""Cape Knowles"", ""Beyond the Beyond"", ""On and On and Beyond""]"
source_pool_absent,dbir_det,MuSiQue,musique,608,When did the birthplace of the Live and Beyond performer become the capitol of the state Knowles was from?,Suga Mama,0,,,,0,0,0,0,0,0,0,4,4,4,1.0,"[""Beyond Warped Live Music Series"", ""Live and Beyond"", ""Beyond the Beyond"", ""On and On and Beyond"", ""Live in the UK 2008""]"
source_pool_absent,fixed_pool_top100,MuSiQue,musique,646,For what major conflict is the country on the natural boundary between the country that hosted the tournament and the country where A Don is from known?,Geography of Myanmar,0,,,,0,0,0,0,0,0,0,0,4,0,0.0,"[""2016 FIFA Club World Cup"", ""A Don"", ""A Lim"", ""A Kiom"", ""Geography of Pakistan""]"
source_visible_not_rank_or_dbec,fixed_pool_top100,MuSiQue,musique,646,For what major conflict is the country on the natural boundary between the country that hosted the tournament and the country where A Don is from known?,2020 AFC U-23 Championship qualification,1,76,67,9,0,0,0,0,1,0,0,0,4,0,0.0,"[""2016 FIFA Club World Cup"", ""A Don"", ""A Lim"", ""A Kiom"", ""Geography of Pakistan""]"
source_visible_not_rank_or_dbec,fixed_pool_top100,MuSiQue,musique,646,For what major conflict is the country on the natural boundary between the country that hosted the tournament and the country where A Don is from known?,Myanmar,1,79,70,9,0,0,0,0,1,0,0,0,4,0,0.0,"[""2016 FIFA Club World Cup"", ""A Don"", ""A Lim"", ""A Kiom"", ""Geography of Pakistan""]"
source_pool_absent,rank_expansion,MuSiQue,musique,646,For what major conflict is the country on the natural boundary between the country that hosted the tournament and the country where A Don is from known?,Geography of Myanmar,0,,,,0,0,0,0,0,0,0,1,0,0,,"[""2018 ACC Men's Basketball Tournament"", ""Natural satellite"", ""Ice hockey at the 2018 Winter Olympics – Men's tournament"", ""NCAA Division I Men's Basketball Tournament"", ""2017 Major League Baseball All-Star Game""]"
source_visible_not_rank_or_dbec,rank_expansion,MuSiQue,musique,646,For what major conflict is the country on the natural boundary between the country that hosted the tournament and the country where A Don is from known?,2020 AFC U-23 Championship qualification,1,76,,,0,0,0,0,0,0,0,1,0,0,,"[""2018 ACC Men's Basketball Tournament"", ""Natural satellite"", ""Ice hockey at the 2018 Winter Olympics – Men's tournament"", ""NCAA Division I Men's Basketball Tournament"", ""2017 Major League Baseball All-Star Game""]"
source_visible_not_rank_or_dbec,rank_expansion,MuSiQue,musique,646,For what major conflict is the country on the natural boundary between the country that hosted the tournament and the country where A Don is from known?,Myanmar,1,79,40,39,0,0,0,1,1,0,0,1,0,0,,"[""2018 ACC Men's Basketball Tournament"", ""Natural satellite"", ""Ice hockey at the 2018 Winter Olympics – Men's tournament"", ""NCAA Division I Men's Basketball Tournament"", ""2017 Major League Baseball All-Star Game""]"
source_pool_absent,independent_demand,MuSiQue,musique,646,For what major conflict is the country on the natural boundary between the country that hosted the tournament and the country where A Don is from known?,Geography of Myanmar,0,,,,0,0,0,0,0,0,0,4,4,4,1.0,"[""2018 ACC Men's Basketball Tournament"", ""2018 Big 12 Men's Basketball Tournament"", ""Ice hockey at the 2018 Winter Olympics – Men's tournament"", ""NCAA Division I Men's Basketball Tournament"", ""NCAA Division I Men's Basketball Tournament""]"
source_visible_not_rank_or_dbec,independent_demand,MuSiQue,musique,646,For what major conflict is the country on the natural boundary between the country that hosted the tournament and the country where A Don is from known?,2020 AFC U-23 Championship qualification,1,76,,,0,0,0,0,0,0,0,4,4,4,1.0,"[""2018 ACC Men's Basketball Tournament"", ""2018 Big 12 Men's Basketball Tournament"", ""Ice hockey at the 2018 Winter Olympics – Men's tournament"", ""NCAA Division I Men's Basketball Tournament"", ""NCAA Division I Men's Basketball Tournament""]"
source_visible_not_rank_or_dbec,independent_demand,MuSiQue,musique,646,For what major conflict is the country on the natural boundary between the country that hosted the tournament and the country where A Don is from known?,Myanmar,1,79,,,0,0,0,0,0,0,0,4,4,4,1.0,"[""2018 ACC Men's Basketball Tournament"", ""2018 Big 12 Men's Basketball Tournament"", ""Ice hockey at the 2018 Winter Olympics – Men's tournament"", ""NCAA Division I Men's Basketball Tournament"", ""NCAA Division I Men's Basketball Tournament""]"
source_pool_absent,context_iterative_lite,MuSiQue,musique,646,For what major conflict is the country on the natural boundary between the country that hosted the tournament and the country where A Don is from known?,Geography of Myanmar,0,,,,0,0,0,0,0,0,0,4,0,0,,"[""2018 ACC Men's Basketball Tournament"", ""Natural satellite"", ""Ice hockey at the 2018 Winter Olympics – Men's tournament"", ""NCAA Division I Men's Basketball Tournament"", ""2017 Major League Baseball All-Star Game""]"
source_visible_not_rank_or_dbec,context_iterative_lite,MuSiQue,musique,646,For what major conflict is the country on the natural boundary between the country that hosted the tournament and the country where A Don is from known?,2020 AFC U-23 Championship qualification,1,76,,,0,0,0,0,0,0,0,4,0,0,,"[""2018 ACC Men's Basketball Tournament"", ""Natural satellite"", ""Ice hockey at the 2018 Winter Olympics – Men's tournament"", ""NCAA Division I Men's Basketball Tournament"", ""2017 Major League Baseball All-Star Game""]"
source_visible_not_rank_or_dbec,context_iterative_lite,MuSiQue,musique,646,For what major conflict is the country on the natural boundary between the country that hosted the tournament and the country where A Don is from known?,Myanmar,1,79,,,0,0,0,0,0,0,0,4,0,0,,"[""2018 ACC Men's Basketball Tournament"", ""Natural satellite"", ""Ice hockey at the 2018 Winter Olympics – Men's tournament"", ""NCAA Division I Men's Basketball Tournament"", ""2017 Major League Baseball All-Star Game""]"
source_pool_absent,dbir_det,MuSiQue,musique,646,For what major conflict is the country on the natural boundary between the country that hosted the tournament and the country where A Don is from known?,Geography of Myanmar,0,,,,0,0,0,0,0,0,0,4,4,4,1.0,"[""2018 ACC Men's Basketball Tournament"", ""2018 Big 12 Men's Basketball Tournament"", ""Ice hockey at the 2018 Winter Olympics – Men's tournament"", ""NCAA Division I Men's Basketball Tournament"", ""NCAA Division I Men's Basketball Tournament""]"
source_visible_not_rank_or_dbec,dbir_det,MuSiQue,musique,646,For what major conflict is the country on the natural boundary between the country that hosted the tournament and the country where A Don is from known?,2020 AFC U-23 Championship qualification,1,76,,,0,0,0,0,0,0,0,4,4,4,1.0,"[""2018 ACC Men's Basketball Tournament"", ""2018 Big 12 Men's Basketball Tournament"", ""Ice hockey at the 2018 Winter Olympics – Men's tournament"", ""NCAA Division I Men's Basketball Tournament"", ""NCAA Division I Men's Basketball Tournament""]"
source_visible_not_rank_or_dbec,dbir_det,MuSiQue,musique,646,For what major conflict is the country on the natural boundary between the country that hosted the tournament and the country where A Don is from known?,Myanmar,1,79,,,0,0,0,0,0,0,0,4,4,4,1.0,"[""2018 ACC Men's Basketball Tournament"", ""2018 Big 12 Men's Basketball Tournament"", ""Ice hockey at the 2018 Winter Olympics – Men's tournament"", ""NCAA Division I Men's Basketball Tournament"", ""NCAA Division I Men's Basketball Tournament""]"
source_visible_not_rank_or_dbec,fixed_pool_top100,MuSiQue,musique,647,The population of the country that worked with the outfit behind Man in Space Soonest numbers how much?,Anti-aircraft warfare,1,10,7,3,0,1,1,1,1,0,0,0,2,0,0.0,"[""Space Race"", ""List of South American countries by population"", ""Saburro Peak"", ""Myanmar"", ""Sucha County""]"
source_visible_not_rank_or_dbec,fixed_pool_top100,MuSiQue,musique,647,The population of the country that worked with the outfit behind Man in Space Soonest numbers how much?,Jews,1,79,65,14,0,0,0,0,1,0,0,0,2,0,0.0,"[""Space Race"", ""List of South American countries by population"", ""Saburro Peak"", ""Myanmar"", ""Sucha County""]"
source_visible_not_rank_or_dbec,rank_expansion,MuSiQue,musique,647,The population of the country that worked with the outfit behind Man in Space Soonest numbers how much?,Anti-aircraft warfare,1,10,92,-82,0,0,0,0,1,0,0,1,0,0,,"[""Space Race"", ""Space Race"", ""Slender Man (film)"", ""History of the Goddard Space Flight Center"", ""Black Death""]"
source_visible_not_rank_or_dbec,rank_expansion,MuSiQue,musique,647,The population of the country that worked with the outfit behind Man in Space Soonest numbers how much?,Jews,1,79,,,0,0,0,0,0,0,0,1,0,0,,"[""Space Race"", ""Space Race"", ""Slender Man (film)"", ""History of the Goddard Space Flight Center"", ""Black Death""]"
source_visible_not_rank_or_dbec,independent_demand,MuSiQue,musique,647,The population of the country that worked with the outfit behind Man in Space Soonest numbers how much?,Anti-aircraft warfare,1,10,,,0,0,0,0,0,0,0,2,2,2,1.0,"[""Space Race"", ""Space Race"", ""History of the Goddard Space Flight Center"", ""Burning Man"", ""Vandenberg AFB Space Launch Complex 8""]"
source_visible_not_rank_or_dbec,independent_demand,MuSiQue,musique,647,The population of the country that worked with the outfit behind Man in Space Soonest numbers how much?,Jews,1,79,,,0,0,0,0,0,0,0,2,2,2,1.0,"[""Space Race"", ""Space Race"", ""History of the Goddard Space Flight Center"", ""Burning Man"", ""Vandenberg AFB Space Launch Complex 8""]"
source_visible_not_rank_or_dbec,context_iterative_lite,MuSiQue,musique,647,The population of the country that worked with the outfit behind Man in Space Soonest numbers how much?,Anti-aircraft warfare,1,10,,,0,0,0,0,0,0,0,4,0,0,,"[""Space Race"", ""Space Race"", ""Slender Man (film)"", ""History of the Goddard Space Flight Center"", ""Black Death""]"
source_visible_not_rank_or_dbec,context_iterative_lite,MuSiQue,musique,647,The population of the country that worked with the outfit behind Man in Space Soonest numbers how much?,Jews,1,79,,,0,0,0,0,0,0,0,4,0,0,,"[""Space Race"", ""Space Race"", ""Slender Man (film)"", ""History of the Goddard Space Flight Center"", ""Black Death""]"
source_visible_not_rank_or_dbec,dbir_det,MuSiQue,musique,647,The population of the country that worked with the outfit behind Man in Space Soonest numbers how much?,Anti-aircraft warfare,1,10,,,0,0,0,0,0,0,0,2,2,2,1.0,"[""Space Race"", ""Space Race"", ""History of the Goddard Space Flight Center"", ""Burning Man"", ""Vandenberg AFB Space Launch Complex 8""]"
source_visible_not_rank_or_dbec,dbir_det,MuSiQue,musique,647,The population of the country that worked with the outfit behind Man in Space Soonest numbers how much?,Jews,1,79,,,0,0,0,0,0,0,0,2,2,2,1.0,"[""Space Race"", ""Space Race"", ""History of the Goddard Space Flight Center"", ""Burning Man"", ""Vandenberg AFB Space Launch Complex 8""]"
source_pool_absent,fixed_pool_top100,MuSiQue,musique,658,"Who was the child of the Italian navigator who sailed for England, and explored the eastern coast of the continent where the birthplace of Eduardo Cuervo is found?",Paula Santiago,0,,,,0,0,0,0,0,0,0,0,4,0,0.0,"[""Eduardo Cuervo"", ""Edward Furlong"", ""Christian Sánchez (Mexican footballer)"", ""John Cabot"", ""Sebastian Cabot (explorer)""]"
source_pool_absent,rank_expansion,MuSiQue,musique,658,"Who was the child of the Italian navigator who sailed for England, and explored the eastern coast of the continent where the birthplace of Eduardo Cuervo is found?",Paula Santiago,0,,,,0,0,0,0,0,0,0,1,0,0,,"[""Eduardo Cuervo"", ""Portugal"", ""Pennell Coast"", ""History of the west coast of North America"", ""British Empire""]"
source_pool_absent,independent_demand,MuSiQue,musique,658,"Who was the child of the Italian navigator who sailed for England, and explored the eastern coast of the continent where the birthplace of Eduardo Cuervo is found?",Paula Santiago,0,,,,0,0,0,0,0,0,0,4,4,4,1.0,"[""Exploration of North America"", ""Italian Eritrea"", ""The New England Quarterly"", ""David Melgueiro"", ""Vicente Yáñez Pinzón""]"
source_pool_absent,context_iterative_lite,MuSiQue,musique,658,"Who was the child of the Italian navigator who sailed for England, and explored the eastern coast of the continent where the birthplace of Eduardo Cuervo is found?",Paula Santiago,0,,,,0,0,0,0,0,0,0,4,0,0,,"[""Eduardo Cuervo"", ""Portugal"", ""Pennell Coast"", ""History of the west coast of North America"", ""British Empire""]"
source_pool_absent,dbir_det,MuSiQue,musique,658,"Who was the child of the Italian navigator who sailed for England, and explored the eastern coast of the continent where the birthplace of Eduardo Cuervo is found?",Paula Santiago,0,,,,0,0,0,0,0,0,0,4,4,4,1.0,"[""Exploration of North America"", ""Italian Eritrea"", ""The New England Quarterly"", ""David Melgueiro"", ""Vicente Yáñez Pinzón""]"
source_visible_not_rank_or_dbec,fixed_pool_top100,MuSiQue,musique,666,When did the town WIZE is licensed in become capitol of the state where Jackson Township is located?,"Randolph County, Illinois",1,27,27,0,0,0,0,1,1,0,0,0,2,0,0.0,"[""WIZE"", ""Mississippi"", ""WEVJ"", ""Minneapolis"", ""Mount View High School (Maine)""]"
source_visible_not_rank_or_dbec,fixed_pool_top100,MuSiQue,musique,666,When did the town WIZE is licensed in become capitol of the state where Jackson Township is located?,"Springfield, Illinois",1,24,24,0,0,0,0,1,1,0,0,0,2,0,0.0,"[""WIZE"", ""Mississippi"", ""WEVJ"", ""Minneapolis"", ""Mount View High School (Maine)""]"
source_visible_not_rank_or_dbec,rank_expansion,MuSiQue,musique,666,When did the town WIZE is licensed in become capitol of the state where Jackson Township is located?,"Randolph County, Illinois",1,27,,,0,0,0,0,0,0,0,1,0,0,,"[""Jackson Township, Randolph County, Indiana"", ""WIZE"", ""Michael Jackson: The Life of an Icon"", ""WRBJ-FM"", ""Richmond Township, Marquette County, Michigan""]"
source_visible_not_rank_or_dbec,rank_expansion,MuSiQue,musique,666,When did the town WIZE is licensed in become capitol of the state where Jackson Township is located?,"Springfield, Illinois",1,24,,,0,0,0,0,0,0,0,1,0,0,,"[""Jackson Township, Randolph County, Indiana"", ""WIZE"", ""Michael Jackson: The Life of an Icon"", ""WRBJ-FM"", ""Richmond Township, Marquette County, Michigan""]"
source_visible_not_rank_or_dbec,independent_demand,MuSiQue,musique,666,When did the town WIZE is licensed in become capitol of the state where Jackson Township is located?,"Randolph County, Illinois",1,27,,,0,0,0,0,0,0,0,2,2,2,1.0,"[""Jackson Township, Randolph County, Indiana"", ""Michael Jackson: The Life of an Icon"", ""Richmond Township, Marquette County, Michigan"", ""Rockville Township, Stearns County, Minnesota"", ""Jackson Avery""]"
source_visible_not_rank_or_dbec,independent_demand,MuSiQue,musique,666,When did the town WIZE is licensed in become capitol of the state where Jackson Township is located?,"Springfield, Illinois",1,24,,,0,0,0,0,0,0,0,2,2,2,1.0,"[""Jackson Township, Randolph County, Indiana"", ""Michael Jackson: The Life of an Icon"", ""Richmond Township, Marquette County, Michigan"", ""Rockville Township, Stearns County, Minnesota"", ""Jackson Avery""]"
source_visible_not_rank_or_dbec,context_iterative_lite,MuSiQue,musique,666,When did the town WIZE is licensed in become capitol of the state where Jackson Township is located?,"Randolph County, Illinois",1,27,,,0,0,0,0,0,0,0,4,0,0,,"[""Jackson Township, Randolph County, Indiana"", ""WIZE"", ""Michael Jackson: The Life of an Icon"", ""WRBJ-FM"", ""Richmond Township, Marquette County, Michigan""]"
source_visible_not_rank_or_dbec,context_iterative_lite,MuSiQue,musique,666,When did the town WIZE is licensed in become capitol of the state where Jackson Township is located?,"Springfield, Illinois",1,24,,,0,0,0,0,0,0,0,4,0,0,,"[""Jackson Township, Randolph County, Indiana"", ""WIZE"", ""Michael Jackson: The Life of an Icon"", ""WRBJ-FM"", ""Richmond Township, Marquette County, Michigan""]"
source_visible_not_rank_or_dbec,dbir_det,MuSiQue,musique,666,When did the town WIZE is licensed in become capitol of the state where Jackson Township is located?,"Randolph County, Illinois",1,27,16,11,0,0,1,1,1,0,0,2,2,2,1.0,"[""Jackson Township, Randolph County, Indiana"", ""Michael Jackson: The Life of an Icon"", ""Richmond Township, Marquette County, Michigan"", ""Rockville Township, Stearns County, Minnesota"", ""Jackson Avery""]"
source_visible_not_rank_or_dbec,dbir_det,MuSiQue,musique,666,When did the town WIZE is licensed in become capitol of the state where Jackson Township is located?,"Springfield, Illinois",1,24,,,0,0,0,0,0,0,0,2,2,2,1.0,"[""Jackson Township, Randolph County, Indiana"", ""Michael Jackson: The Life of an Icon"", ""Richmond Township, Marquette County, Michigan"", ""Rockville Township, Stearns County, Minnesota"", ""Jackson Avery""]"
source_pool_absent,fixed_pool_top100,MuSiQue,musique,668,What shares a border with the city where someone worked who went to the state where Atwell Mill Grove is located during the gold rush?,Rio Linda High School,0,,,,0,0,0,0,0,0,0,0,4,0,0.0,"[""Atwell Mill Grove"", ""Salt Lake City"", ""Mill City, Butte County, California"", ""Klondike Gold Rush"", ""Pete Harman""]"
source_visible_not_rank_or_dbec,fixed_pool_top100,MuSiQue,musique,668,What shares a border with the city where someone worked who went to the state where Atwell Mill Grove is located during the gold rush?,California Gold Rush,1,10,10,0,0,0,1,1,1,0,0,0,4,0,0.0,"[""Atwell Mill Grove"", ""Salt Lake City"", ""Mill City, Butte County, California"", ""Klondike Gold Rush"", ""Pete Harman""]"
source_visible_not_rank_or_dbec,fixed_pool_top100,MuSiQue,musique,668,What shares a border with the city where someone worked who went to the state where Atwell Mill Grove is located during the gold rush?,"History of Sacramento, California",1,73,71,2,0,0,0,0,1,0,0,0,4,0,0.0,"[""Atwell Mill Grove"", ""Salt Lake City"", ""Mill City, Butte County, California"", ""Klondike Gold Rush"", ""Pete Harman""]"
source_pool_absent,rank_expansion,MuSiQue,musique,668,What shares a border with the city where someone worked who went to the state where Atwell Mill Grove is located during the gold rush?,Rio Linda High School,0,,,,0,0,0,0,0,0,0,1,0,0,,"[""Atwell Mill Grove"", ""Klondike Gold Rush"", ""California Gold Rush"", ""Black Hills Gold Rush"", ""Someone Could Lose a Heart Tonight""]"
source_visible_not_rank_or_dbec,rank_expansion,MuSiQue,musique,668,What shares a border with the city where someone worked who went to the state where Atwell Mill Grove is located during the gold rush?,California Gold Rush,1,10,2,8,1,1,1,1,1,1,0,1,0,0,,"[""Atwell Mill Grove"", ""Klondike Gold Rush"", ""California Gold Rush"", ""Black Hills Gold Rush"", ""Someone Could Lose a Heart Tonight""]"
source_visible_not_rank_or_dbec,rank_expansion,MuSiQue,musique,668,What shares a border with the city where someone worked who went to the state where Atwell Mill Grove is located during the gold rush?,"History of Sacramento, California",1,73,,,0,0,0,0,0,0,0,1,0,0,,"[""Atwell Mill Grove"", ""Klondike Gold Rush"", ""California Gold Rush"", ""Black Hills Gold Rush"", ""Someone Could Lose a Heart Tonight""]"
source_pool_absent,independent_demand,MuSiQue,musique,668,What shares a border with the city where someone worked who went to the state where Atwell Mill Grove is located during the gold rush?,Rio Linda High School,0,,,,0,0,0,0,0,0,0,4,4,4,1.0,"[""Atwell Mill Grove"", ""Mariposa Grove"", ""New Mill and Depot Building, Hawthorne Woolen Mill"", ""Old Gun Mill"", ""Spring Grove, Virginia""]"
source_visible_not_rank_or_dbec,independent_demand,MuSiQue,musique,668,What shares a border with the city where someone worked who went to the state where Atwell Mill Grove is located during the gold rush?,California Gold Rush,1,10,11,-1,0,0,1,1,1,0,0,4,4,4,1.0,"[""Atwell Mill Grove"", ""Mariposa Grove"", ""New Mill and Depot Building, Hawthorne Woolen Mill"", ""Old Gun Mill"", ""Spring Grove, Virginia""]"
source_visible_not_rank_or_dbec,independent_demand,MuSiQue,musique,668,What shares a border with the city where someone worked who went to the state where Atwell Mill Grove is located during the gold rush?,"History of Sacramento, California",1,73,,,0,0,0,0,0,0,0,4,4,4,1.0,"[""Atwell Mill Grove"", ""Mariposa Grove"", ""New Mill and Depot Building, Hawthorne Woolen Mill"", ""Old Gun Mill"", ""Spring Grove, Virginia""]"
source_pool_absent,context_iterative_lite,MuSiQue,musique,668,What shares a border with the city where someone worked who went to the state where Atwell Mill Grove is located during the gold rush?,Rio Linda High School,0,,,,0,0,0,0,0,0,0,4,0,0,,"[""Atwell Mill Grove"", ""Klondike Gold Rush"", ""California Gold Rush"", ""Black Hills Gold Rush"", ""Someone Could Lose a Heart Tonight""]"
source_visible_not_rank_or_dbec,context_iterative_lite,MuSiQue,musique,668,What shares a border with the city where someone worked who went to the state where Atwell Mill Grove is located during the gold rush?,California Gold Rush,1,10,2,8,1,1,1,1,1,1,0,4,0,0,,"[""Atwell Mill Grove"", ""Klondike Gold Rush"", ""California Gold Rush"", ""Black Hills Gold Rush"", ""Someone Could Lose a Heart Tonight""]"
source_visible_not_rank_or_dbec,context_iterative_lite,MuSiQue,musique,668,What shares a border with the city where someone worked who went to the state where Atwell Mill Grove is located during the gold rush?,"History of Sacramento, California",1,73,,,0,0,0,0,0,0,0,4,0,0,,"[""Atwell Mill Grove"", ""Klondike Gold Rush"", ""California Gold Rush"", ""Black Hills Gold Rush"", ""Someone Could Lose a Heart Tonight""]"
source_pool_absent,dbir_det,MuSiQue,musique,668,What shares a border with the city where someone worked who went to the state where Atwell Mill Grove is located during the gold rush?,Rio Linda High School,0,,,,0,0,0,0,0,0,0,4,4,4,1.0,"[""Atwell Mill Grove"", ""Mariposa Grove"", ""New Mill and Depot Building, Hawthorne Woolen Mill"", ""Old Gun Mill"", ""Spring Grove, Virginia""]"
source_visible_not_rank_or_dbec,dbir_det,MuSiQue,musique,668,What shares a border with the city where someone worked who went to the state where Atwell Mill Grove is located during the gold rush?,California Gold Rush,1,10,,,0,0,0,0,0,0,0,4,4,4,1.0,"[""Atwell Mill Grove"", ""Mariposa Grove"", ""New Mill and Depot Building, Hawthorne Woolen Mill"", ""Old Gun Mill"", ""Spring Grove, Virginia""]"
source_visible_not_rank_or_dbec,dbir_det,MuSiQue,musique,668,What shares a border with the city where someone worked who went to the state where Atwell Mill Grove is located during the gold rush?,"History of Sacramento, California",1,73,,,0,0,0,0,0,0,0,4,4,4,1.0,"[""Atwell Mill Grove"", ""Mariposa Grove"", ""New Mill and Depot Building, Hawthorne Woolen Mill"", ""Old Gun Mill"", ""Spring Grove, Virginia""]"
source_pool_absent,fixed_pool_top100,MuSiQue,musique,690,What is the capital of the county that shares a border with the county whose capital is the birthplace of Erik Jensen?,Pulaski High School,0,,,,0,0,0,0,0,0,0,0,4,0,0.0,"[""Erik Jensen (American football)"", ""Kaunas County"", ""Aqqala County"", ""J. P. Hayes"", ""Don Werner""]"
source_visible_not_rank_or_dbec,fixed_pool_top100,MuSiQue,musique,690,What is the capital of the county that shares a border with the county whose capital is the birthplace of Erik Jensen?,Jerome Quinn,1,76,75,1,0,0,0,0,1,0,0,0,4,0,0.0,"[""Erik Jensen (American football)"", ""Kaunas County"", ""Aqqala County"", ""J. P. Hayes"", ""Don Werner""]"
source_visible_not_rank_or_dbec,fixed_pool_top100,MuSiQue,musique,690,What is the capital of the county that shares a border with the county whose capital is the birthplace of Erik Jensen?,John C. Petersen,1,69,68,1,0,0,0,0,1,0,0,0,4,0,0.0,"[""Erik Jensen (American football)"", ""Kaunas County"", ""Aqqala County"", ""J. P. Hayes"", ""Don Werner""]"
source_pool_absent,rank_expansion,MuSiQue,musique,690,What is the capital of the county that shares a border with the county whose capital is the birthplace of Erik Jensen?,Pulaski High School,0,,,,0,0,0,0,0,0,0,1,0,0,,"[""Baranya County"", ""Erik Jensen (American football)"", ""Aqqala County"", ""Kexholm County"", ""Mecklenburg County, North Carolina""]"
source_visible_not_rank_or_dbec,rank_expansion,MuSiQue,musique,690,What is the capital of the county that shares a border with the county whose capital is the birthplace of Erik Jensen?,Jerome Quinn,1,76,,,0,0,0,0,0,0,0,1,0,0,,"[""Baranya County"", ""Erik Jensen (American football)"", ""Aqqala County"", ""Kexholm County"", ""Mecklenburg County, North Carolina""]"
source_visible_not_rank_or_dbec,rank_expansion,MuSiQue,musique,690,What is the capital of the county that shares a border with the county whose capital is the birthplace of Erik Jensen?,John C. Petersen,1,69,,,0,0,0,0,0,0,0,1,0,0,,"[""Baranya County"", ""Erik Jensen (American football)"", ""Aqqala County"", ""Kexholm County"", ""Mecklenburg County, North Carolina""]"
source_pool_absent,independent_demand,MuSiQue,musique,690,What is the capital of the county that shares a border with the county whose capital is the birthplace of Erik Jensen?,Pulaski High School,0,,,,0,0,0,0,0,0,0,4,4,4,1.0,"[""Erik Jensen (American football)"", ""Jensen Glacier"", ""Långe Erik"", ""Erik Hort"", ""Erik von Frenckell""]"
source_visible_not_rank_or_dbec,independent_demand,MuSiQue,musique,690,What is the capital of the county that shares a border with the county whose capital is the birthplace of Erik Jensen?,Jerome Quinn,1,76,,,0,0,0,0,0,0,0,4,4,4,1.0,"[""Erik Jensen (American football)"", ""Jensen Glacier"", ""Långe Erik"", ""Erik Hort"", ""Erik von Frenckell""]"
source_visible_not_rank_or_dbec,independent_demand,MuSiQue,musique,690,What is the capital of the county that shares a border with the county whose capital is the birthplace of Erik Jensen?,John C. Petersen,1,69,,,0,0,0,0,0,0,0,4,4,4,1.0,"[""Erik Jensen (American football)"", ""Jensen Glacier"", ""Långe Erik"", ""Erik Hort"", ""Erik von Frenckell""]"
source_pool_absent,context_iterative_lite,MuSiQue,musique,690,What is the capital of the county that shares a border with the county whose capital is the birthplace of Erik Jensen?,Pulaski High School,0,,,,0,0,0,0,0,0,0,4,0,0,,"[""Baranya County"", ""Erik Jensen (American football)"", ""Aqqala County"", ""Kexholm County"", ""Mecklenburg County, North Carolina""]"
source_visible_not_rank_or_dbec,context_iterative_lite,MuSiQue,musique,690,What is the capital of the county that shares a border with the county whose capital is the birthplace of Erik Jensen?,Jerome Quinn,1,76,,,0,0,0,0,0,0,0,4,0,0,,"[""Baranya County"", ""Erik Jensen (American football)"", ""Aqqala County"", ""Kexholm County"", ""Mecklenburg County, North Carolina""]"
source_visible_not_rank_or_dbec,context_iterative_lite,MuSiQue,musique,690,What is the capital of the county that shares a border with the county whose capital is the birthplace of Erik Jensen?,John C. Petersen,1,69,,,0,0,0,0,0,0,0,4,0,0,,"[""Baranya County"", ""Erik Jensen (American football)"", ""Aqqala County"", ""Kexholm County"", ""Mecklenburg County, North Carolina""]"
source_pool_absent,dbir_det,MuSiQue,musique,690,What is the capital of the county that shares a border with the county whose capital is the birthplace of Erik Jensen?,Pulaski High School,0,,,,0,0,0,0,0,0,0,4,4,4,1.0,"[""Erik Jensen (American football)"", ""Jensen Glacier"", ""Långe Erik"", ""Erik Hort"", ""Erik von Frenckell""]"
source_visible_not_rank_or_dbec,dbir_det,MuSiQue,musique,690,What is the capital of the county that shares a border with the county whose capital is the birthplace of Erik Jensen?,Jerome Quinn,1,76,,,0,0,0,0,0,0,0,4,4,4,1.0,"[""Erik Jensen (American football)"", ""Jensen Glacier"", ""Långe Erik"", ""Erik Hort"", ""Erik von Frenckell""]"
source_visible_not_rank_or_dbec,dbir_det,MuSiQue,musique,690,What is the capital of the county that shares a border with the county whose capital is the birthplace of Erik Jensen?,John C. Petersen,1,69,,,0,0,0,0,0,0,0,4,4,4,1.0,"[""Erik Jensen (American football)"", ""Jensen Glacier"", ""Långe Erik"", ""Erik Hort"", ""Erik von Frenckell""]"
source_visible_not_rank_or_dbec,fixed_pool_top100,MuSiQue,musique,697,What country had the Border Troops of the republic known for the literature of the country of citizenship of Ilona Richter?,Heinz-Josef Große,1,21,20,1,0,0,0,1,1,0,0,0,2,0,0.0,"[""Iron Curtain"", ""Ilona Richter"", ""Bernd Baumgart"", ""Graham Oberlin-Brown"", ""Literature of East Germany""]"
source_visible_not_rank_or_dbec,rank_expansion,MuSiQue,musique,697,What country had the Border Troops of the republic known for the literature of the country of citizenship of Ilona Richter?,Heinz-Josef Große,1,21,,,0,0,0,0,0,0,0,1,0,0,,"[""Ilona Richter"", ""Literature of East Germany"", ""Canada–United States border"", ""Canada–United States border"", ""India–Pakistan border""]"
source_visible_not_rank_or_dbec,independent_demand,MuSiQue,musique,697,What country had the Border Troops of the republic known for the literature of the country of citizenship of Ilona Richter?,Heinz-Josef Große,1,21,,,0,0,0,0,0,0,0,2,2,2,1.0,"[""Ilona Richter"", ""C'est les vacances"", ""Volksbühne"", ""The Woman in the Advocate's Gown"", ""Birth control""]"
source_visible_not_rank_or_dbec,context_iterative_lite,MuSiQue,musique,697,What country had the Border Troops of the republic known for the literature of the country of citizenship of Ilona Richter?,Heinz-Josef Große,1,21,,,0,0,0,0,0,0,0,4,0,0,,"[""Ilona Richter"", ""Literature of East Germany"", ""Canada–United States border"", ""Canada–United States border"", ""India–Pakistan border""]"
source_visible_not_rank_or_dbec,dbir_det,MuSiQue,musique,697,What country had the Border Troops of the republic known for the literature of the country of citizenship of Ilona Richter?,Heinz-Josef Große,1,21,,,0,0,0,0,0,0,0,2,2,2,1.0,"[""Ilona Richter"", ""C'est les vacances"", ""Volksbühne"", ""The Woman in the Advocate's Gown"", ""Birth control""]"
source_visible_not_rank_or_dbec,fixed_pool_top100,MuSiQue,musique,704,When was the region that lies to the north of the region Israel is located and where the Battle of Qurah and Umm al Maradim is took place established?,Geography of Saudi Arabia,1,72,56,16,0,0,0,0,1,0,0,0,3,0,0.0,"[""Battle of Qurah and Umm al Maradim"", ""Qaruh Island"", ""Israel"", ""Near East"", ""Jordan""]"
source_visible_not_rank_or_dbec,fixed_pool_top100,MuSiQue,musique,704,When was the region that lies to the north of the region Israel is located and where the Battle of Qurah and Umm al Maradim is took place established?,Saudi Arabia,1,58,45,13,0,0,0,1,1,0,0,0,3,0,0.0,"[""Battle of Qurah and Umm al Maradim"", ""Qaruh Island"", ""Israel"", ""Near East"", ""Jordan""]"
source_visible_not_rank_or_dbec,rank_expansion,MuSiQue,musique,704,When was the region that lies to the north of the region Israel is located and where the Battle of Qurah and Umm al Maradim is took place established?,Geography of Saudi Arabia,1,72,,,0,0,0,0,0,0,0,1,0,0,,"[""Battle of Qurah and Umm al Maradim"", ""Battle of Maroun al-Ras"", ""Battle of Verdun"", ""Battle of Verdun"", ""Israel""]"
source_visible_not_rank_or_dbec,rank_expansion,MuSiQue,musique,704,When was the region that lies to the north of the region Israel is located and where the Battle of Qurah and Umm al Maradim is took place established?,Saudi Arabia,1,58,,,0,0,0,0,0,0,0,1,0,0,,"[""Battle of Qurah and Umm al Maradim"", ""Battle of Maroun al-Ras"", ""Battle of Verdun"", ""Battle of Verdun"", ""Israel""]"
source_visible_not_rank_or_dbec,independent_demand,MuSiQue,musique,704,When was the region that lies to the north of the region Israel is located and where the Battle of Qurah and Umm al Maradim is took place established?,Geography of Saudi Arabia,1,72,,,0,0,0,0,0,0,0,3,3,3,1.0,"[""Religion in Israel"", ""Israel"", ""Israel"", ""Israel"", ""Israel""]"
source_visible_not_rank_or_dbec,independent_demand,MuSiQue,musique,704,When was the region that lies to the north of the region Israel is located and where the Battle of Qurah and Umm al Maradim is took place established?,Saudi Arabia,1,58,,,0,0,0,0,0,0,0,3,3,3,1.0,"[""Religion in Israel"", ""Israel"", ""Israel"", ""Israel"", ""Israel""]"
source_visible_not_rank_or_dbec,context_iterative_lite,MuSiQue,musique,704,When was the region that lies to the north of the region Israel is located and where the Battle of Qurah and Umm al Maradim is took place established?,Geography of Saudi Arabia,1,72,,,0,0,0,0,0,0,0,4,0,0,,"[""Battle of Qurah and Umm al Maradim"", ""Battle of Maroun al-Ras"", ""Battle of Verdun"", ""Battle of Verdun"", ""Israel""]"
source_visible_not_rank_or_dbec,context_iterative_lite,MuSiQue,musique,704,When was the region that lies to the north of the region Israel is located and where the Battle of Qurah and Umm al Maradim is took place established?,Saudi Arabia,1,58,,,0,0,0,0,0,0,0,4,0,0,,"[""Battle of Qurah and Umm al Maradim"", ""Battle of Maroun al-Ras"", ""Battle of Verdun"", ""Battle of Verdun"", ""Israel""]"
source_visible_not_rank_or_dbec,dbir_det,MuSiQue,musique,704,When was the region that lies to the north of the region Israel is located and where the Battle of Qurah and Umm al Maradim is took place established?,Geography of Saudi Arabia,1,72,,,0,0,0,0,0,0,0,3,3,3,1.0,"[""Religion in Israel"", ""Israel"", ""Israel"", ""Israel"", ""Israel""]"
source_visible_not_rank_or_dbec,dbir_det,MuSiQue,musique,704,When was the region that lies to the north of the region Israel is located and where the Battle of Qurah and Umm al Maradim is took place established?,Saudi Arabia,1,58,,,0,0,0,0,0,0,0,3,3,3,1.0,"[""Religion in Israel"", ""Israel"", ""Israel"", ""Israel"", ""Israel""]"
source_pool_absent,fixed_pool_top100,MuSiQue,musique,723,When did the city where Souvenir's performer was born become the capitol of the state Knowles was from?,"Live from Austin, TX (Eric Johnson album)",0,,,,0,0,0,0,0,0,0,0,2,0,0.0,"[""History of Georgia (U.S. state)"", ""Beyoncé"", ""Destiny's Child"", ""List of municipalities in Georgia (U.S. state)"", ""List of capitals in the United States""]"
source_pool_absent,fixed_pool_top100,MuSiQue,musique,723,When did the city where Souvenir's performer was born become the capitol of the state Knowles was from?,Souvenir (Eric Johnson album),0,,,,0,0,0,0,0,0,0,0,2,0,0.0,"[""History of Georgia (U.S. state)"", ""Beyoncé"", ""Destiny's Child"", ""List of municipalities in Georgia (U.S. state)"", ""List of capitals in the United States""]"
source_pool_absent,fixed_pool_top100,MuSiQue,musique,723,When did the city where Souvenir's performer was born become the capitol of the state Knowles was from?,Suga Mama,0,,,,0,0,0,0,0,0,0,0,2,0,0.0,"[""History of Georgia (U.S. state)"", ""Beyoncé"", ""Destiny's Child"", ""List of municipalities in Georgia (U.S. state)"", ""List of capitals in the United States""]"
source_pool_absent,rank_expansion,MuSiQue,musique,723,When did the city where Souvenir's performer was born become the capitol of the state Knowles was from?,"Live from Austin, TX (Eric Johnson album)",0,,,,0,0,0,0,0,0,0,1,0,0,,"[""Cape Knowles"", ""Souvenir (Eric Johnson album)"", ""Beyoncé"", ""Suga Mama"", ""Tara Knowles""]"
source_pool_absent,rank_expansion,MuSiQue,musique,723,When did the city where Souvenir's performer was born become the capitol of the state Knowles was from?,Souvenir (Eric Johnson album),0,,1,,1,1,1,1,1,1,1,1,0,0,,"[""Cape Knowles"", ""Souvenir (Eric Johnson album)"", ""Beyoncé"", ""Suga Mama"", ""Tara Knowles""]"
source_pool_absent,rank_expansion,MuSiQue,musique,723,When did the city where Souvenir's performer was born become the capitol of the state Knowles was from?,Suga Mama,0,,3,,1,1,1,1,1,1,1,1,0,0,,"[""Cape Knowles"", ""Souvenir (Eric Johnson album)"", ""Beyoncé"", ""Suga Mama"", ""Tara Knowles""]"
source_pool_absent,independent_demand,MuSiQue,musique,723,When did the city where Souvenir's performer was born become the capitol of the state Knowles was from?,"Live from Austin, TX (Eric Johnson album)",0,,,,0,0,0,0,0,0,0,2,2,2,1.0,"[""Cape Knowles"", ""Tara Knowles"", ""Suga Mama"", ""Destiny's Child"", ""Ring the Alarm""]"
source_pool_absent,independent_demand,MuSiQue,musique,723,When did the city where Souvenir's performer was born become the capitol of the state Knowles was from?,Souvenir (Eric Johnson album),0,,10,,0,0,1,1,1,0,1,2,2,2,1.0,"[""Cape Knowles"", ""Tara Knowles"", ""Suga Mama"", ""Destiny's Child"", ""Ring the Alarm""]"
source_pool_absent,independent_demand,MuSiQue,musique,723,When did the city where Souvenir's performer was born become the capitol of the state Knowles was from?,Suga Mama,0,,2,,1,1,1,1,1,1,1,2,2,2,1.0,"[""Cape Knowles"", ""Tara Knowles"", ""Suga Mama"", ""Destiny's Child"", ""Ring the Alarm""]"
source_pool_absent,context_iterative_lite,MuSiQue,musique,723,When did the city where Souvenir's performer was born become the capitol of the state Knowles was from?,"Live from Austin, TX (Eric Johnson album)",0,,,,0,0,0,0,0,0,0,4,0,0,,"[""Cape Knowles"", ""Souvenir (Eric Johnson album)"", ""Beyoncé"", ""Suga Mama"", ""Tara Knowles""]"
source_pool_absent,context_iterative_lite,MuSiQue,musique,723,When did the city where Souvenir's performer was born become the capitol of the state Knowles was from?,Souvenir (Eric Johnson album),0,,1,,1,1,1,1,1,1,1,4,0,0,,"[""Cape Knowles"", ""Souvenir (Eric Johnson album)"", ""Beyoncé"", ""Suga Mama"", ""Tara Knowles""]"
source_pool_absent,context_iterative_lite,MuSiQue,musique,723,When did the city where Souvenir's performer was born become the capitol of the state Knowles was from?,Suga Mama,0,,3,,1,1,1,1,1,1,1,4,0,0,,"[""Cape Knowles"", ""Souvenir (Eric Johnson album)"", ""Beyoncé"", ""Suga Mama"", ""Tara Knowles""]"
source_pool_absent,dbir_det,MuSiQue,musique,723,When did the city where Souvenir's performer was born become the capitol of the state Knowles was from?,"Live from Austin, TX (Eric Johnson album)",0,,,,0,0,0,0,0,0,0,2,2,2,1.0,"[""Cape Knowles"", ""Tara Knowles"", ""Suga Mama"", ""Destiny's Child"", ""Ring the Alarm""]"
source_pool_absent,dbir_det,MuSiQue,musique,723,When did the city where Souvenir's performer was born become the capitol of the state Knowles was from?,Souvenir (Eric Johnson album),0,,18,,0,0,1,1,1,0,1,2,2,2,1.0,"[""Cape Knowles"", ""Tara Knowles"", ""Suga Mama"", ""Destiny's Child"", ""Ring the Alarm""]"
source_pool_absent,dbir_det,MuSiQue,musique,723,When did the city where Souvenir's performer was born become the capitol of the state Knowles was from?,Suga Mama,0,,2,,1,1,1,1,1,1,1,2,2,2,1.0,"[""Cape Knowles"", ""Tara Knowles"", ""Suga Mama"", ""Destiny's Child"", ""Ring the Alarm""]"
source_pool_absent,fixed_pool_top100,MuSiQue,musique,736,"What county shares a border with the other county, that contains the city, where the singer of Hungry Eyes in the movie Dirty Dancing, was born?","Gold Hill, North Carolina",0,,,,0,0,0,0,0,0,0,0,4,0,0.0,"[""Hungry Eyes"", ""The Definitive Collection (Eric Carmen album)"", ""She's Like the Wind"", ""Dirty Dancing"", ""Kelly Bishop""]"
source_pool_absent,rank_expansion,MuSiQue,musique,736,"What county shares a border with the other county, that contains the city, where the singer of Hungry Eyes in the movie Dirty Dancing, was born?","Gold Hill, North Carolina",0,,,,0,0,0,0,0,0,0,1,0,0,,"[""Hungry Eyes"", ""Hungry Eyes"", ""Dirty Dancing"", ""Baranya County"", ""Dirty Dancing""]"
source_pool_absent,independent_demand,MuSiQue,musique,736,"What county shares a border with the other county, that contains the city, where the singer of Hungry Eyes in the movie Dirty Dancing, was born?","Gold Hill, North Carolina",0,,,,0,0,0,0,0,0,0,4,4,4,1.0,"[""Hungry Eyes"", ""Hungry Eyes"", ""Dirty Dancing"", ""Dirty Dancing"", ""Hungry Jack's""]"
source_pool_absent,context_iterative_lite,MuSiQue,musique,736,"What county shares a border with the other county, that contains the city, where the singer of Hungry Eyes in the movie Dirty Dancing, was born?","Gold Hill, North Carolina",0,,,,0,0,0,0,0,0,0,4,0,0,,"[""Hungry Eyes"", ""Hungry Eyes"", ""Dirty Dancing"", ""Baranya County"", ""Dirty Dancing""]"
source_pool_absent,dbir_det,MuSiQue,musique,736,"What county shares a border with the other county, that contains the city, where the singer of Hungry Eyes in the movie Dirty Dancing, was born?","Gold Hill, North Carolina",0,,,,0,0,0,0,0,0,0,4,4,4,1.0,"[""Hungry Eyes"", ""Hungry Eyes"", ""Dirty Dancing"", ""Dirty Dancing"", ""Hungry Jack's""]"
source_visible_not_rank_or_dbec,fixed_pool_top100,MuSiQue,musique,759,Whose father was a navigator who explored the east coast of the continental region where Sergio Villanueva would later be born?,Paula Santiago,1,23,22,1,0,0,0,1,1,0,0,0,4,0,0.0,"[""Vicente Yáñez Pinzón"", ""Sergio Villanueva"", ""Francisco de Orellana"", ""Pedro Álvares Cabral"", ""Francisco de Eliza""]"
source_visible_not_rank_or_dbec,fixed_pool_top100,MuSiQue,musique,759,Whose father was a navigator who explored the east coast of the continental region where Sergio Villanueva would later be born?,Sebastian Cabot (explorer),1,7,7,0,0,1,1,1,1,0,0,0,4,0,0.0,"[""Vicente Yáñez Pinzón"", ""Sergio Villanueva"", ""Francisco de Orellana"", ""Pedro Álvares Cabral"", ""Francisco de Eliza""]"
source_visible_not_rank_or_dbec,rank_expansion,MuSiQue,musique,759,Whose father was a navigator who explored the east coast of the continental region where Sergio Villanueva would later be born?,Paula Santiago,1,23,,,0,0,0,0,0,0,0,1,0,0,,"[""Sergio Villanueva"", ""History of Australia"", ""History of the west coast of North America"", ""East Coast of the United States"", ""Portugal""]"
source_visible_not_rank_or_dbec,rank_expansion,MuSiQue,musique,759,Whose father was a navigator who explored the east coast of the continental region where Sergio Villanueva would later be born?,Sebastian Cabot (explorer),1,7,,,0,0,0,0,0,0,0,1,0,0,,"[""Sergio Villanueva"", ""History of Australia"", ""History of the west coast of North America"", ""East Coast of the United States"", ""Portugal""]"
source_visible_not_rank_or_dbec,independent_demand,MuSiQue,musique,759,Whose father was a navigator who explored the east coast of the continental region where Sergio Villanueva would later be born?,Paula Santiago,1,23,,,0,0,0,0,0,0,0,4,4,4,1.0,"[""Sergio Villanueva"", ""Sergio Furlan"", ""Duck, You Sucker!"", ""Father of the Nation"", ""Ashkenazi Jews""]"
source_visible_not_rank_or_dbec,independent_demand,MuSiQue,musique,759,Whose father was a navigator who explored the east coast of the continental region where Sergio Villanueva would later be born?,Sebastian Cabot (explorer),1,7,,,0,0,0,0,0,0,0,4,4,4,1.0,"[""Sergio Villanueva"", ""Sergio Furlan"", ""Duck, You Sucker!"", ""Father of the Nation"", ""Ashkenazi Jews""]"
source_visible_not_rank_or_dbec,context_iterative_lite,MuSiQue,musique,759,Whose father was a navigator who explored the east coast of the continental region where Sergio Villanueva would later be born?,Paula Santiago,1,23,,,0,0,0,0,0,0,0,4,0,0,,"[""Sergio Villanueva"", ""History of Australia"", ""History of the west coast of North America"", ""East Coast of the United States"", ""Portugal""]"
source_visible_not_rank_or_dbec,context_iterative_lite,MuSiQue,musique,759,Whose father was a navigator who explored the east coast of the continental region where Sergio Villanueva would later be born?,Sebastian Cabot (explorer),1,7,,,0,0,0,0,0,0,0,4,0,0,,"[""Sergio Villanueva"", ""History of Australia"", ""History of the west coast of North America"", ""East Coast of the United States"", ""Portugal""]"
source_visible_not_rank_or_dbec,dbir_det,MuSiQue,musique,759,Whose father was a navigator who explored the east coast of the continental region where Sergio Villanueva would later be born?,Paula Santiago,1,23,,,0,0,0,0,0,0,0,4,4,4,1.0,"[""Sergio Villanueva"", ""Sergio Furlan"", ""Duck, You Sucker!"", ""Father of the Nation"", ""Ashkenazi Jews""]"
source_visible_not_rank_or_dbec,dbir_det,MuSiQue,musique,759,Whose father was a navigator who explored the east coast of the continental region where Sergio Villanueva would later be born?,Sebastian Cabot (explorer),1,7,,,0,0,0,0,0,0,0,4,4,4,1.0,"[""Sergio Villanueva"", ""Sergio Furlan"", ""Duck, You Sucker!"", ""Father of the Nation"", ""Ashkenazi Jews""]"
source_visible_not_rank_or_dbec,fixed_pool_top100,MuSiQue,musique,769,When did the town WIZE is licensed in become capitol of the state where Ward Township is located?,"Randolph County, Illinois",1,31,31,0,0,0,0,1,1,0,0,0,2,0,0.0,"[""WIZE"", ""Ohio"", ""KKSS"", ""WLUJ"", ""WHOS""]"
source_visible_not_rank_or_dbec,fixed_pool_top100,MuSiQue,musique,769,When did the town WIZE is licensed in become capitol of the state where Ward Township is located?,"Springfield, Illinois",1,28,28,0,0,0,0,1,1,0,0,0,2,0,0.0,"[""WIZE"", ""Ohio"", ""KKSS"", ""WLUJ"", ""WHOS""]"
source_visible_not_rank_or_dbec,rank_expansion,MuSiQue,musique,769,When did the town WIZE is licensed in become capitol of the state where Ward Township is located?,"Randolph County, Illinois",1,31,,,0,0,0,0,0,0,0,1,0,0,,"[""Ward Township, Randolph County, Indiana"", ""WIZE"", ""Mary Jane Ward"", ""Richmond Township, Marquette County, Michigan"", ""Rockville Township, Stearns County, Minnesota""]"
source_visible_not_rank_or_dbec,rank_expansion,MuSiQue,musique,769,When did the town WIZE is licensed in become capitol of the state where Ward Township is located?,"Springfield, Illinois",1,28,,,0,0,0,0,0,0,0,1,0,0,,"[""Ward Township, Randolph County, Indiana"", ""WIZE"", ""Mary Jane Ward"", ""Richmond Township, Marquette County, Michigan"", ""Rockville Township, Stearns County, Minnesota""]"
source_visible_not_rank_or_dbec,independent_demand,MuSiQue,musique,769,When did the town WIZE is licensed in become capitol of the state where Ward Township is located?,"Randolph County, Illinois",1,31,,,0,0,0,0,0,0,0,2,2,2,1.0,"[""Ward Township, Randolph County, Indiana"", ""Mary Jane Ward"", ""Richmond Township, Marquette County, Michigan"", ""Rockville Township, Stearns County, Minnesota"", ""Eden Lake Township, Stearns County, Minnesota""]"
source_visible_not_rank_or_dbec,independent_demand,MuSiQue,musique,769,When did the town WIZE is licensed in become capitol of the state where Ward Township is located?,"Springfield, Illinois",1,28,,,0,0,0,0,0,0,0,2,2,2,1.0,"[""Ward Township, Randolph County, Indiana"", ""Mary Jane Ward"", ""Richmond Township, Marquette County, Michigan"", ""Rockville Township, Stearns County, Minnesota"", ""Eden Lake Township, Stearns County, Minnesota""]"
source_visible_not_rank_or_dbec,context_iterative_lite,MuSiQue,musique,769,When did the town WIZE is licensed in become capitol of the state where Ward Township is located?,"Randolph County, Illinois",1,31,,,0,0,0,0,0,0,0,4,0,0,,"[""Ward Township, Randolph County, Indiana"", ""WIZE"", ""Mary Jane Ward"", ""Richmond Township, Marquette County, Michigan"", ""Rockville Township, Stearns County, Minnesota""]"
source_visible_not_rank_or_dbec,context_iterative_lite,MuSiQue,musique,769,When did the town WIZE is licensed in become capitol of the state where Ward Township is located?,"Springfield, Illinois",1,28,,,0,0,0,0,0,0,0,4,0,0,,"[""Ward Township, Randolph County, Indiana"", ""WIZE"", ""Mary Jane Ward"", ""Richmond Township, Marquette County, Michigan"", ""Rockville Township, Stearns County, Minnesota""]"
source_visible_not_rank_or_dbec,dbir_det,MuSiQue,musique,769,When did the town WIZE is licensed in become capitol of the state where Ward Township is located?,"Randolph County, Illinois",1,31,13,18,0,0,1,1,1,0,0,2,2,2,1.0,"[""Ward Township, Randolph County, Indiana"", ""Mary Jane Ward"", ""Richmond Township, Marquette County, Michigan"", ""Rockville Township, Stearns County, Minnesota"", ""Eden Lake Township, Stearns County, Minnesota""]"
source_visible_not_rank_or_dbec,dbir_det,MuSiQue,musique,769,When did the town WIZE is licensed in become capitol of the state where Ward Township is located?,"Springfield, Illinois",1,28,,,0,0,0,0,0,0,0,2,2,2,1.0,"[""Ward Township, Randolph County, Indiana"", ""Mary Jane Ward"", ""Richmond Township, Marquette County, Michigan"", ""Rockville Township, Stearns County, Minnesota"", ""Eden Lake Township, Stearns County, Minnesota""]"
source_visible_not_rank_or_dbec,fixed_pool_top100,MuSiQue,musique,774,Can foreign tourists cruise to the country between the nation that hosted 2020 AFC U-23 Championship qualification and the one that contains A Don.?,Geography of Myanmar,1,27,22,5,0,0,0,1,1,0,0,0,3,0,0.0,"[""2020 AFC U-23 Championship qualification"", ""A Don"", ""FIFA World Cup"", ""A Lim"", ""A Kiom""]"
source_visible_not_rank_or_dbec,fixed_pool_top100,MuSiQue,musique,774,Can foreign tourists cruise to the country between the nation that hosted 2020 AFC U-23 Championship qualification and the one that contains A Don.?,Myanmar,1,6,6,0,0,1,1,1,1,0,0,0,3,0,0.0,"[""2020 AFC U-23 Championship qualification"", ""A Don"", ""FIFA World Cup"", ""A Lim"", ""A Kiom""]"
source_visible_not_rank_or_dbec,rank_expansion,MuSiQue,musique,774,Can foreign tourists cruise to the country between the nation that hosted 2020 AFC U-23 Championship qualification and the one that contains A Don.?,Geography of Myanmar,1,27,,,0,0,0,0,0,0,0,1,0,0,,"[""2020 AFC U-23 Championship qualification"", ""2020 United States presidential election"", ""Carnival Cruise Line"", ""Don't Ask Me Why (Billy Joel song)"", ""Super Bowl LV""]"
source_visible_not_rank_or_dbec,rank_expansion,MuSiQue,musique,774,Can foreign tourists cruise to the country between the nation that hosted 2020 AFC U-23 Championship qualification and the one that contains A Don.?,Myanmar,1,6,,,0,0,0,0,0,0,0,1,0,0,,"[""2020 AFC U-23 Championship qualification"", ""2020 United States presidential election"", ""Carnival Cruise Line"", ""Don't Ask Me Why (Billy Joel song)"", ""Super Bowl LV""]"
source_visible_not_rank_or_dbec,independent_demand,MuSiQue,musique,774,Can foreign tourists cruise to the country between the nation that hosted 2020 AFC U-23 Championship qualification and the one that contains A Don.?,Geography of Myanmar,1,27,,,0,0,0,0,0,0,0,3,3,3,1.0,"[""2020 AFC U-23 Championship qualification"", ""2020 United States presidential election"", ""India national football team"", ""World Snooker Championship"", ""Qualification types in the United Kingdom""]"
source_visible_not_rank_or_dbec,independent_demand,MuSiQue,musique,774,Can foreign tourists cruise to the country between the nation that hosted 2020 AFC U-23 Championship qualification and the one that contains A Don.?,Myanmar,1,6,,,0,0,0,0,0,0,0,3,3,3,1.0,"[""2020 AFC U-23 Championship qualification"", ""2020 United States presidential election"", ""India national football team"", ""World Snooker Championship"", ""Qualification types in the United Kingdom""]"
source_visible_not_rank_or_dbec,context_iterative_lite,MuSiQue,musique,774,Can foreign tourists cruise to the country between the nation that hosted 2020 AFC U-23 Championship qualification and the one that contains A Don.?,Geography of Myanmar,1,27,,,0,0,0,0,0,0,0,4,0,0,,"[""2020 AFC U-23 Championship qualification"", ""2020 United States presidential election"", ""Carnival Cruise Line"", ""Don't Ask Me Why (Billy Joel song)"", ""Super Bowl LV""]"
source_visible_not_rank_or_dbec,context_iterative_lite,MuSiQue,musique,774,Can foreign tourists cruise to the country between the nation that hosted 2020 AFC U-23 Championship qualification and the one that contains A Don.?,Myanmar,1,6,,,0,0,0,0,0,0,0,4,0,0,,"[""2020 AFC U-23 Championship qualification"", ""2020 United States presidential election"", ""Carnival Cruise Line"", ""Don't Ask Me Why (Billy Joel song)"", ""Super Bowl LV""]"
source_visible_not_rank_or_dbec,dbir_det,MuSiQue,musique,774,Can foreign tourists cruise to the country between the nation that hosted 2020 AFC U-23 Championship qualification and the one that contains A Don.?,Geography of Myanmar,1,27,,,0,0,0,0,0,0,0,3,3,3,1.0,"[""2020 AFC U-23 Championship qualification"", ""2020 United States presidential election"", ""India national football team"", ""World Snooker Championship"", ""Qualification types in the United Kingdom""]"
source_visible_not_rank_or_dbec,dbir_det,MuSiQue,musique,774,Can foreign tourists cruise to the country between the nation that hosted 2020 AFC U-23 Championship qualification and the one that contains A Don.?,Myanmar,1,6,,,0,0,0,0,0,0,0,3,3,3,1.0,"[""2020 AFC U-23 Championship qualification"", ""2020 United States presidential election"", ""India national football team"", ""World Snooker Championship"", ""Qualification types in the United Kingdom""]"
source_visible_not_rank_or_dbec,fixed_pool_top100,MuSiQue,musique,803,In what region of the country where Ha Hoa is located is the city where Zone 5 Military Museum is found?,South Central Coast,1,5,5,0,0,1,1,1,1,0,0,0,2,0,0.0,"[""Zone 5 Military Museum, Danang"", ""Hạ Hòa District"", ""Việt Yên District"", ""Lâm Thao District"", ""Museum of Cham Sculpture""]"
source_visible_not_rank_or_dbec,rank_expansion,MuSiQue,musique,803,In what region of the country where Ha Hoa is located is the city where Zone 5 Military Museum is found?,South Central Coast,1,5,,,0,0,0,0,0,0,0,1,0,0,,"[""Zone 5 Military Museum, Danang"", ""German military administration in occupied France during World War II"", ""Hạ Hòa District"", ""Khánh Hòa Province"", ""Fort Vredeburg Museum""]"
source_visible_not_rank_or_dbec,independent_demand,MuSiQue,musique,803,In what region of the country where Ha Hoa is located is the city where Zone 5 Military Museum is found?,South Central Coast,1,5,,,0,0,0,0,0,0,0,2,2,2,1.0,"[""Hạ Hòa District"", ""Khánh Hòa Province"", ""Đức Huệ District"", ""Việt Yên District"", ""Võ Út Cường""]"
source_visible_not_rank_or_dbec,context_iterative_lite,MuSiQue,musique,803,In what region of the country where Ha Hoa is located is the city where Zone 5 Military Museum is found?,South Central Coast,1,5,,,0,0,0,0,0,0,0,4,0,0,,"[""Zone 5 Military Museum, Danang"", ""German military administration in occupied France during World War II"", ""Hạ Hòa District"", ""Khánh Hòa Province"", ""Fort Vredeburg Museum""]"
source_visible_not_rank_or_dbec,dbir_det,MuSiQue,musique,803,In what region of the country where Ha Hoa is located is the city where Zone 5 Military Museum is found?,South Central Coast,1,5,,,0,0,0,0,0,0,0,2,2,2,1.0,"[""Hạ Hòa District"", ""Khánh Hòa Province"", ""Đức Huệ District"", ""Việt Yên District"", ""Võ Út Cường""]"
source_visible_not_rank_or_dbec,fixed_pool_top100,MuSiQue,musique,810,What is the capital of the county that shares a border with the county where the band Tenement was formed?,Jerome Quinn,1,5,5,0,0,1,1,1,1,0,0,0,3,0,0.0,"[""Tenement (band)"", ""Kaunas County"", ""Danko Jones"", ""John C. Petersen"", ""KRSU (FM)""]"
source_visible_not_rank_or_dbec,fixed_pool_top100,MuSiQue,musique,810,What is the capital of the county that shares a border with the county where the band Tenement was formed?,Pulaski High School,1,17,17,0,0,0,1,1,1,0,0,0,3,0,0.0,"[""Tenement (band)"", ""Kaunas County"", ""Danko Jones"", ""John C. Petersen"", ""KRSU (FM)""]"
source_visible_not_rank_or_dbec,rank_expansion,MuSiQue,musique,810,What is the capital of the county that shares a border with the county where the band Tenement was formed?,Jerome Quinn,1,5,,,0,0,0,0,0,0,0,1,0,0,,"[""Baranya County"", ""Aqqala County"", ""Mecklenburg County, North Carolina"", ""Tenement (band)"", ""County of Gorizia""]"
source_visible_not_rank_or_dbec,rank_expansion,MuSiQue,musique,810,What is the capital of the county that shares a border with the county where the band Tenement was formed?,Pulaski High School,1,17,,,0,0,0,0,0,0,0,1,0,0,,"[""Baranya County"", ""Aqqala County"", ""Mecklenburg County, North Carolina"", ""Tenement (band)"", ""County of Gorizia""]"
source_visible_not_rank_or_dbec,independent_demand,MuSiQue,musique,810,What is the capital of the county that shares a border with the county where the band Tenement was formed?,Jerome Quinn,1,5,,,0,0,0,0,0,0,0,3,3,3,1.0,"[""Tenement (band)"", ""Max Rosenthal Tenement in Bydgoszcz"", ""Holy Cross Goodtime Marching Band"", ""Hong Kong Police Band"", ""Bowling for Soup""]"
source_visible_not_rank_or_dbec,independent_demand,MuSiQue,musique,810,What is the capital of the county that shares a border with the county where the band Tenement was formed?,Pulaski High School,1,17,,,0,0,0,0,0,0,0,3,3,3,1.0,"[""Tenement (band)"", ""Max Rosenthal Tenement in Bydgoszcz"", ""Holy Cross Goodtime Marching Band"", ""Hong Kong Police Band"", ""Bowling for Soup""]"
source_visible_not_rank_or_dbec,context_iterative_lite,MuSiQue,musique,810,What is the capital of the county that shares a border with the county where the band Tenement was formed?,Jerome Quinn,1,5,,,0,0,0,0,0,0,0,4,0,0,,"[""Baranya County"", ""Aqqala County"", ""Mecklenburg County, North Carolina"", ""Tenement (band)"", ""County of Gorizia""]"
source_visible_not_rank_or_dbec,context_iterative_lite,MuSiQue,musique,810,What is the capital of the county that shares a border with the county where the band Tenement was formed?,Pulaski High School,1,17,,,0,0,0,0,0,0,0,4,0,0,,"[""Baranya County"", ""Aqqala County"", ""Mecklenburg County, North Carolina"", ""Tenement (band)"", ""County of Gorizia""]"
source_visible_not_rank_or_dbec,dbir_det,MuSiQue,musique,810,What is the capital of the county that shares a border with the county where the band Tenement was formed?,Jerome Quinn,1,5,,,0,0,0,0,0,0,0,3,3,3,1.0,"[""Tenement (band)"", ""Max Rosenthal Tenement in Bydgoszcz"", ""Holy Cross Goodtime Marching Band"", ""Hong Kong Police Band"", ""Bowling for Soup""]"
source_visible_not_rank_or_dbec,dbir_det,MuSiQue,musique,810,What is the capital of the county that shares a border with the county where the band Tenement was formed?,Pulaski High School,1,17,,,0,0,0,0,0,0,0,3,3,3,1.0,"[""Tenement (band)"", ""Max Rosenthal Tenement in Bydgoszcz"", ""Holy Cross Goodtime Marching Band"", ""Hong Kong Police Band"", ""Bowling for Soup""]"
source_visible_not_rank_or_dbec,fixed_pool_top100,MuSiQue,musique,815,"Who was a prominent figure at the radio division of the broadcasting company that created the version of The Biggest Loser: The Final Chance, set in the country containing Labu?",Adult contemporary music,1,81,78,3,0,0,0,0,1,0,0,0,3,0,0.0,"[""The Biggest Loser Brunei: Lose It All"", ""Labu, Temburong"", ""The Biggest Loser (season 5)"", ""Labu dan Labi"", ""Ali Vincent""]"
source_visible_not_rank_or_dbec,rank_expansion,MuSiQue,musique,815,"Who was a prominent figure at the radio division of the broadcasting company that created the version of The Biggest Loser: The Final Chance, set in the country containing Labu?",Adult contemporary music,1,81,,,0,0,0,0,0,0,0,1,0,0,,"[""The Biggest Loser Brunei: Lose It All"", ""The Biggest Loser (season 1)"", ""The Biggest Loser (season 5)"", ""The Biggest Loser (season 2)"", ""The Biggest Loser (season 16)""]"
source_visible_not_rank_or_dbec,independent_demand,MuSiQue,musique,815,"Who was a prominent figure at the radio division of the broadcasting company that created the version of The Biggest Loser: The Final Chance, set in the country containing Labu?",Adult contemporary music,1,81,,,0,0,0,0,0,0,0,3,3,3,1.0,"[""The Biggest Loser Brunei: Lose It All"", ""The Biggest Loser (season 1)"", ""The Biggest Loser (season 5)"", ""The Biggest Loser (season 2)"", ""The Biggest Loser (season 16)""]"
source_visible_not_rank_or_dbec,context_iterative_lite,MuSiQue,musique,815,"Who was a prominent figure at the radio division of the broadcasting company that created the version of The Biggest Loser: The Final Chance, set in the country containing Labu?",Adult contemporary music,1,81,,,0,0,0,0,0,0,0,4,0,0,,"[""The Biggest Loser Brunei: Lose It All"", ""The Biggest Loser (season 1)"", ""The Biggest Loser (season 5)"", ""The Biggest Loser (season 2)"", ""The Biggest Loser (season 16)""]"
source_visible_not_rank_or_dbec,dbir_det,MuSiQue,musique,815,"Who was a prominent figure at the radio division of the broadcasting company that created the version of The Biggest Loser: The Final Chance, set in the country containing Labu?",Adult contemporary music,1,81,,,0,0,0,0,0,0,0,3,3,3,1.0,"[""The Biggest Loser Brunei: Lose It All"", ""The Biggest Loser (season 1)"", ""The Biggest Loser (season 5)"", ""The Biggest Loser (season 2)"", ""The Biggest Loser (season 16)""]"
source_visible_not_rank_or_dbec,fixed_pool_top100,MuSiQue,musique,837,What is the name of the castle in the city where the performers of Born A Lion was formed?,Casa Loma,1,88,86,2,0,0,0,0,1,0,0,0,2,0,0.0,"[""Born a Lion"", ""We Sweat Blood"", ""Baynard's Castle"", ""Robert Fitz Richard"", ""Danko Jones""]"
source_visible_not_rank_or_dbec,rank_expansion,MuSiQue,musique,837,What is the name of the castle in the city where the performers of Born A Lion was formed?,Casa Loma,1,88,,,0,0,0,0,0,0,0,1,0,0,,"[""Lion"", ""Born a Lion"", ""Arthur's Seat"", ""Hall of Great Western Performers"", ""Terringzean Castle, East Ayrshire""]"
source_visible_not_rank_or_dbec,independent_demand,MuSiQue,musique,837,What is the name of the castle in the city where the performers of Born A Lion was formed?,Casa Loma,1,88,,,0,0,0,0,0,0,0,2,2,2,1.0,"[""Lion"", ""Born a Lion"", ""Hall of Great Western Performers"", ""Honey in the Lion's Head"", ""Natural-born-citizen clause""]"
source_visible_not_rank_or_dbec,context_iterative_lite,MuSiQue,musique,837,What is the name of the castle in the city where the performers of Born A Lion was formed?,Casa Loma,1,88,,,0,0,0,0,0,0,0,4,0,0,,"[""Lion"", ""Born a Lion"", ""Arthur's Seat"", ""Hall of Great Western Performers"", ""Terringzean Castle, East Ayrshire""]"
source_visible_not_rank_or_dbec,dbir_det,MuSiQue,musique,837,What is the name of the castle in the city where the performers of Born A Lion was formed?,Casa Loma,1,88,,,0,0,0,0,0,0,0,2,2,2,1.0,"[""Lion"", ""Born a Lion"", ""Hall of Great Western Performers"", ""Honey in the Lion's Head"", ""Natural-born-citizen clause""]"
source_visible_not_rank_or_dbec,fixed_pool_top100,MuSiQue,musique,863,In what region of the country where Lam Thao is located is John Phan's birthplace?,South Central Coast,1,5,5,0,0,1,1,1,1,0,0,0,4,0,0.0,"[""John Phan"", ""Lâm Thao District"", ""Hạ Hòa District"", ""Việt Yên District"", ""Lâm Đồng Province""]"
source_visible_not_rank_or_dbec,rank_expansion,MuSiQue,musique,863,In what region of the country where Lam Thao is located is John Phan's birthplace?,South Central Coast,1,5,,,0,0,0,0,0,0,0,1,0,0,,"[""Lâm Thao District"", ""John Phan"", ""Ho Chi Minh trail"", ""Tiffany Lam"", ""Lâm Đồng Province""]"
source_visible_not_rank_or_dbec,independent_demand,MuSiQue,musique,863,In what region of the country where Lam Thao is located is John Phan's birthplace?,South Central Coast,1,5,,,0,0,0,0,0,0,0,4,4,3,0.75,"[""Lâm Thao District"", ""Tiffany Lam"", ""Lâm Đồng Province"", ""Lâm Quang Thi"", ""Ho Chi Minh trail""]"
source_visible_not_rank_or_dbec,context_iterative_lite,MuSiQue,musique,863,In what region of the country where Lam Thao is located is John Phan's birthplace?,South Central Coast,1,5,,,0,0,0,0,0,0,0,4,0,0,,"[""Lâm Thao District"", ""John Phan"", ""Ho Chi Minh trail"", ""Tiffany Lam"", ""Lâm Đồng Province""]"
source_visible_not_rank_or_dbec,dbir_det,MuSiQue,musique,863,In what region of the country where Lam Thao is located is John Phan's birthplace?,South Central Coast,1,5,,,0,0,0,0,0,0,0,4,4,4,1.0,"[""Lâm Thao District"", ""Tiffany Lam"", ""Lâm Đồng Province"", ""Lâm Quang Thi"", ""Ho Chi Minh trail""]"
source_pool_absent,fixed_pool_top100,MuSiQue,musique,875,When did the state that Frozen Run is located in reinstate the death penalty?,"Socialist Party of Oregon (Columbia County, Oregon)",0,,,,0,0,0,0,0,0,0,0,2,0,0.0,"[""Frozen Run"", ""Capital punishment in the United States"", ""Furman v. Georgia"", ""Capital punishment in Oregon"", ""Fishing Creek Confederacy""]"
source_pool_absent,rank_expansion,MuSiQue,musique,875,When did the state that Frozen Run is located in reinstate the death penalty?,"Socialist Party of Oregon (Columbia County, Oregon)",0,,,,0,0,0,0,0,0,0,1,0,0,,"[""Frozen Run"", ""Capital punishment in the United States"", ""Capital punishment in the United States"", ""Home run"", ""Black Death""]"
source_pool_absent,independent_demand,MuSiQue,musique,875,When did the state that Frozen Run is located in reinstate the death penalty?,"Socialist Party of Oregon (Columbia County, Oregon)",0,,,,0,0,0,0,0,0,0,2,2,2,1.0,"[""Frozen Run"", ""Home run"", ""West Branch Run"", ""50 home run club"", ""Band on the Run (song)""]"
source_pool_absent,context_iterative_lite,MuSiQue,musique,875,When did the state that Frozen Run is located in reinstate the death penalty?,"Socialist Party of Oregon (Columbia County, Oregon)",0,,,,0,0,0,0,0,0,0,4,0,0,,"[""Frozen Run"", ""Capital punishment in the United States"", ""Capital punishment in the United States"", ""Home run"", ""Black Death""]"
source_pool_absent,dbir_det,MuSiQue,musique,875,When did the state that Frozen Run is located in reinstate the death penalty?,"Socialist Party of Oregon (Columbia County, Oregon)",0,,,,0,0,0,0,0,0,0,2,2,2,1.0,"[""Frozen Run"", ""Home run"", ""West Branch Run"", ""50 home run club"", ""Band on the Run (song)""]"
source_visible_not_rank_or_dbec,fixed_pool_top100,MuSiQue,musique,886,"What country is between Lithuania and the country many expelled French Jews relocated to, along with the country of citizenship of Marie Antoinette's mother?",César Gabriel de Choiseul,1,33,27,6,0,0,0,1,1,0,0,0,4,0,0.0,"[""Florimond Claude, Comte de Mercy-Argenteau"", ""Rose Bertin"", ""Kaliningrad"", ""Ashkenazi Jews"", ""1939 German ultimatum to Lithuania""]"
source_visible_not_rank_or_dbec,rank_expansion,MuSiQue,musique,886,"What country is between Lithuania and the country many expelled French Jews relocated to, along with the country of citizenship of Marie Antoinette's mother?",César Gabriel de Choiseul,1,33,,,0,0,0,0,0,0,0,1,0,0,,"[""Jews"", ""Ashkenazi Jews"", ""Ashkenazi Jews"", ""Ashkenazi Jews"", ""Anne-Antoinette Diderot""]"
source_visible_not_rank_or_dbec,independent_demand,MuSiQue,musique,886,"What country is between Lithuania and the country many expelled French Jews relocated to, along with the country of citizenship of Marie Antoinette's mother?",César Gabriel de Choiseul,1,33,,,0,0,0,0,0,0,0,4,4,4,1.0,"[""Jews"", ""Ashkenazi Jews"", ""Ashkenazi Jews"", ""Ashkenazi Jews"", ""Ashkenazi Jews""]"
source_visible_not_rank_or_dbec,context_iterative_lite,MuSiQue,musique,886,"What country is between Lithuania and the country many expelled French Jews relocated to, along with the country of citizenship of Marie Antoinette's mother?",César Gabriel de Choiseul,1,33,,,0,0,0,0,0,0,0,4,0,0,,"[""Jews"", ""Ashkenazi Jews"", ""Ashkenazi Jews"", ""Ashkenazi Jews"", ""Anne-Antoinette Diderot""]"
source_visible_not_rank_or_dbec,dbir_det,MuSiQue,musique,886,"What country is between Lithuania and the country many expelled French Jews relocated to, along with the country of citizenship of Marie Antoinette's mother?",César Gabriel de Choiseul,1,33,,,0,0,0,0,0,0,0,4,4,4,1.0,"[""Jews"", ""Ashkenazi Jews"", ""Ashkenazi Jews"", ""Ashkenazi Jews"", ""Ashkenazi Jews""]"
source_visible_not_rank_or_dbec,fixed_pool_top100,MuSiQue,musique,892,"When did Nissan, the Acura Legend maker and the Scion owner open US assembly plants?",Scion (automobile),1,5,5,0,0,1,1,1,1,0,0,0,2,0,0.0,"[""1973 oil crisis"", ""Acura Legend"", ""Acura RL"", ""Acura RLX"", ""Toyota""]"
source_visible_not_rank_or_dbec,rank_expansion,MuSiQue,musique,892,"When did Nissan, the Acura Legend maker and the Scion owner open US assembly plants?",Scion (automobile),1,5,7,-2,0,1,1,1,1,0,0,1,0,0,,"[""Acura Legend"", ""Acura RL"", ""Acura RL"", ""Acura RLX"", ""Nissan Rogue""]"
source_visible_not_rank_or_dbec,independent_demand,MuSiQue,musique,892,"When did Nissan, the Acura Legend maker and the Scion owner open US assembly plants?",Scion (automobile),1,5,5,0,0,1,1,1,1,0,0,2,2,2,1.0,"[""Acura Legend"", ""Acura RL"", ""Acura RL"", ""Acura RLX"", ""Nissan Fuga""]"
source_visible_not_rank_or_dbec,context_iterative_lite,MuSiQue,musique,892,"When did Nissan, the Acura Legend maker and the Scion owner open US assembly plants?",Scion (automobile),1,5,7,-2,0,1,1,1,1,0,0,4,0,0,,"[""Acura Legend"", ""Acura RL"", ""Acura RL"", ""Acura RLX"", ""Nissan Rogue""]"
source_visible_not_rank_or_dbec,dbir_det,MuSiQue,musique,892,"When did Nissan, the Acura Legend maker and the Scion owner open US assembly plants?",Scion (automobile),1,5,5,0,0,1,1,1,1,0,0,2,2,2,1.0,"[""Acura Legend"", ""Acura RL"", ""Acura RL"", ""Acura RLX"", ""Nissan Fuga""]"
source_visible_not_rank_or_dbec,fixed_pool_top100,MuSiQue,musique,901,Where does the body of water by the city where Write This Down was formed and Ohio River meet?,Minneapolis,1,22,21,1,0,0,0,1,1,0,0,0,3,0,0.0,"[""Allegheny River"", ""List of crossings of the Kiskiminetas River"", ""Ohio River"", ""Monongahela City Bridge"", ""Petroleum Street Bridge""]"
source_visible_not_rank_or_dbec,rank_expansion,MuSiQue,musique,901,Where does the body of water by the city where Write This Down was formed and Ohio River meet?,Minneapolis,1,22,,,0,0,0,0,0,0,0,1,0,0,,"[""Write This Down (band)"", ""Ohio River"", ""Water resources of China"", ""Holitna River"", ""Ohio River""]"
source_visible_not_rank_or_dbec,independent_demand,MuSiQue,musique,901,Where does the body of water by the city where Write This Down was formed and Ohio River meet?,Minneapolis,1,22,,,0,0,0,0,0,0,0,3,3,3,1.0,"[""Write This Down (band)"", ""Write It on Your Skin"", ""The Devil Went Down to Georgia"", ""Go Down Records"", ""I Won't Let You Down (OK Go song)""]"
source_visible_not_rank_or_dbec,context_iterative_lite,MuSiQue,musique,901,Where does the body of water by the city where Write This Down was formed and Ohio River meet?,Minneapolis,1,22,13,9,0,0,1,1,1,0,0,4,0,0,,"[""Write This Down (band)"", ""Ohio River"", ""Water resources of China"", ""Holitna River"", ""Ohio River""]"
source_visible_not_rank_or_dbec,dbir_det,MuSiQue,musique,901,Where does the body of water by the city where Write This Down was formed and Ohio River meet?,Minneapolis,1,22,15,7,0,0,1,1,1,0,0,3,3,3,1.0,"[""Write This Down (band)"", ""Write It on Your Skin"", ""The Devil Went Down to Georgia"", ""Go Down Records"", ""I Won't Let You Down (OK Go song)""]"
source_pool_absent,fixed_pool_top100,MuSiQue,musique,902,What is the capital of the county that shares a border with the county where Don Werner was born?,John C. Petersen,0,,,,0,0,0,0,0,0,0,0,3,0,0.0,"[""Don Werner"", ""Oklahoma City"", ""J. P. Hayes"", ""Anne Simonett"", ""Erik Jensen (American football)""]"
source_pool_absent,fixed_pool_top100,MuSiQue,musique,902,What is the capital of the county that shares a border with the county where Don Werner was born?,Pulaski High School,0,,,,0,0,0,0,0,0,0,0,3,0,0.0,"[""Don Werner"", ""Oklahoma City"", ""J. P. Hayes"", ""Anne Simonett"", ""Erik Jensen (American football)""]"
source_pool_absent,rank_expansion,MuSiQue,musique,902,What is the capital of the county that shares a border with the county where Don Werner was born?,John C. Petersen,0,,,,0,0,0,0,0,0,0,1,0,0,,"[""Baranya County"", ""Don Werner"", ""Aqqala County"", ""Mecklenburg County, North Carolina"", ""Kexholm County""]"
source_pool_absent,rank_expansion,MuSiQue,musique,902,What is the capital of the county that shares a border with the county where Don Werner was born?,Pulaski High School,0,,,,0,0,0,0,0,0,0,1,0,0,,"[""Baranya County"", ""Don Werner"", ""Aqqala County"", ""Mecklenburg County, North Carolina"", ""Kexholm County""]"
source_pool_absent,independent_demand,MuSiQue,musique,902,What is the capital of the county that shares a border with the county where Don Werner was born?,John C. Petersen,0,,,,0,0,0,0,0,0,0,3,3,3,1.0,"[""Don Werner"", ""Ivo Werner"", ""Werner Erhard and Associates"", ""Don Draper"", ""Don Frye""]"
source_pool_absent,independent_demand,MuSiQue,musique,902,What is the capital of the county that shares a border with the county where Don Werner was born?,Pulaski High School,0,,,,0,0,0,0,0,0,0,3,3,3,1.0,"[""Don Werner"", ""Ivo Werner"", ""Werner Erhard and Associates"", ""Don Draper"", ""Don Frye""]"
source_pool_absent,context_iterative_lite,MuSiQue,musique,902,What is the capital of the county that shares a border with the county where Don Werner was born?,John C. Petersen,0,,,,0,0,0,0,0,0,0,4,0,0,,"[""Baranya County"", ""Don Werner"", ""Aqqala County"", ""Mecklenburg County, North Carolina"", ""Kexholm County""]"
source_pool_absent,context_iterative_lite,MuSiQue,musique,902,What is the capital of the county that shares a border with the county where Don Werner was born?,Pulaski High School,0,,,,0,0,0,0,0,0,0,4,0,0,,"[""Baranya County"", ""Don Werner"", ""Aqqala County"", ""Mecklenburg County, North Carolina"", ""Kexholm County""]"
source_pool_absent,dbir_det,MuSiQue,musique,902,What is the capital of the county that shares a border with the county where Don Werner was born?,John C. Petersen,0,,,,0,0,0,0,0,0,0,3,3,3,1.0,"[""Don Werner"", ""Ivo Werner"", ""Werner Erhard and Associates"", ""Don Draper"", ""Don Frye""]"
source_pool_absent,dbir_det,MuSiQue,musique,902,What is the capital of the county that shares a border with the county where Don Werner was born?,Pulaski High School,0,,,,0,0,0,0,0,0,0,3,3,3,1.0,"[""Don Werner"", ""Ivo Werner"", ""Werner Erhard and Associates"", ""Don Draper"", ""Don Frye""]"
source_visible_not_rank_or_dbec,fixed_pool_top100,MuSiQue,musique,908,When does the regular season of the league where the team with the most titles from the series after which the MLB MVP award is given out plays?,New York Yankees,1,19,16,3,0,0,1,1,1,0,0,0,4,0,0.0,"[""NBA Most Valuable Player Award"", ""Major League Baseball schedule"", ""Opening Day"", ""Major League Baseball Most Valuable Player Award"", ""World Series""]"
source_visible_not_rank_or_dbec,rank_expansion,MuSiQue,musique,908,When does the regular season of the league where the team with the most titles from the series after which the MLB MVP award is given out plays?,New York Yankees,1,19,,,0,0,0,0,0,0,0,1,0,0,,"[""Major League Baseball All-Star Game Most Valuable Player Award"", ""World Series Most Valuable Player Award"", ""Lin Chih-chieh"", ""NBA Most Valuable Player Award"", ""MLB Tonight""]"
source_visible_not_rank_or_dbec,independent_demand,MuSiQue,musique,908,When does the regular season of the league where the team with the most titles from the series after which the MLB MVP award is given out plays?,New York Yankees,1,19,,,0,0,0,0,0,0,0,4,4,4,1.0,"[""Major League Baseball All-Star Game Most Valuable Player Award"", ""MLB Tonight"", ""World Series Most Valuable Player Award"", ""Super Bowl Most Valuable Player Award"", ""Derek Jeter""]"
source_visible_not_rank_or_dbec,context_iterative_lite,MuSiQue,musique,908,When does the regular season of the league where the team with the most titles from the series after which the MLB MVP award is given out plays?,New York Yankees,1,19,,,0,0,0,0,0,0,0,4,0,0,,"[""Major League Baseball All-Star Game Most Valuable Player Award"", ""World Series Most Valuable Player Award"", ""Lin Chih-chieh"", ""NBA Most Valuable Player Award"", ""MLB Tonight""]"
source_visible_not_rank_or_dbec,dbir_det,MuSiQue,musique,908,When does the regular season of the league where the team with the most titles from the series after which the MLB MVP award is given out plays?,New York Yankees,1,19,,,0,0,0,0,0,0,0,4,4,4,1.0,"[""Major League Baseball All-Star Game Most Valuable Player Award"", ""MLB Tonight"", ""World Series Most Valuable Player Award"", ""Super Bowl Most Valuable Player Award"", ""Derek Jeter""]"
source_pool_absent,fixed_pool_top100,MuSiQue,musique,922,What major conflict is the country between the country that hosted the tournament and the country where That Dam is from known for?,Geography of Myanmar,0,,,,0,0,0,0,0,0,0,0,3,0,0.0,"[""That Dam"", ""Switzerland"", ""Pakxan"", ""UEFA Euro 2012 Final"", ""2018 Winter Olympics""]"
source_pool_absent,fixed_pool_top100,MuSiQue,musique,922,What major conflict is the country between the country that hosted the tournament and the country where That Dam is from known for?,Myanmar,0,,,,0,0,0,0,0,0,0,0,3,0,0.0,"[""That Dam"", ""Switzerland"", ""Pakxan"", ""UEFA Euro 2012 Final"", ""2018 Winter Olympics""]"
source_pool_absent,rank_expansion,MuSiQue,musique,922,What major conflict is the country between the country that hosted the tournament and the country where That Dam is from known for?,Geography of Myanmar,0,,,,0,0,0,0,0,0,0,1,0,0,,"[""J. Percy Priest Dam"", ""Vajiralongkorn Dam"", ""2018 ACC Men's Basketball Tournament"", ""Yaté Dam"", ""Ankang Dam""]"
source_pool_absent,rank_expansion,MuSiQue,musique,922,What major conflict is the country between the country that hosted the tournament and the country where That Dam is from known for?,Myanmar,0,,,,0,0,0,0,0,0,0,1,0,0,,"[""J. Percy Priest Dam"", ""Vajiralongkorn Dam"", ""2018 ACC Men's Basketball Tournament"", ""Yaté Dam"", ""Ankang Dam""]"
source_pool_absent,independent_demand,MuSiQue,musique,922,What major conflict is the country between the country that hosted the tournament and the country where That Dam is from known for?,Geography of Myanmar,0,,,,0,0,0,0,0,0,0,3,3,3,1.0,"[""2018 ACC Men's Basketball Tournament"", ""2018 Big 12 Men's Basketball Tournament"", ""Ice hockey at the 2018 Winter Olympics – Men's tournament"", ""NCAA Division I Men's Basketball Tournament"", ""NCAA Division I Men's Basketball Tournament""]"
source_pool_absent,independent_demand,MuSiQue,musique,922,What major conflict is the country between the country that hosted the tournament and the country where That Dam is from known for?,Myanmar,0,,,,0,0,0,0,0,0,0,3,3,3,1.0,"[""2018 ACC Men's Basketball Tournament"", ""2018 Big 12 Men's Basketball Tournament"", ""Ice hockey at the 2018 Winter Olympics – Men's tournament"", ""NCAA Division I Men's Basketball Tournament"", ""NCAA Division I Men's Basketball Tournament""]"
source_pool_absent,context_iterative_lite,MuSiQue,musique,922,What major conflict is the country between the country that hosted the tournament and the country where That Dam is from known for?,Geography of Myanmar,0,,,,0,0,0,0,0,0,0,4,0,0,,"[""J. Percy Priest Dam"", ""Vajiralongkorn Dam"", ""2018 ACC Men's Basketball Tournament"", ""Yaté Dam"", ""Ankang Dam""]"
source_pool_absent,context_iterative_lite,MuSiQue,musique,922,What major conflict is the country between the country that hosted the tournament and the country where That Dam is from known for?,Myanmar,0,,,,0,0,0,0,0,0,0,4,0,0,,"[""J. Percy Priest Dam"", ""Vajiralongkorn Dam"", ""2018 ACC Men's Basketball Tournament"", ""Yaté Dam"", ""Ankang Dam""]"
source_pool_absent,dbir_det,MuSiQue,musique,922,What major conflict is the country between the country that hosted the tournament and the country where That Dam is from known for?,Geography of Myanmar,0,,,,0,0,0,0,0,0,0,3,3,3,1.0,"[""2018 ACC Men's Basketball Tournament"", ""2018 Big 12 Men's Basketball Tournament"", ""Ice hockey at the 2018 Winter Olympics – Men's tournament"", ""NCAA Division I Men's Basketball Tournament"", ""NCAA Division I Men's Basketball Tournament""]"
source_pool_absent,dbir_det,MuSiQue,musique,922,What major conflict is the country between the country that hosted the tournament and the country where That Dam is from known for?,Myanmar,0,,,,0,0,0,0,0,0,0,3,3,3,1.0,"[""2018 ACC Men's Basketball Tournament"", ""2018 Big 12 Men's Basketball Tournament"", ""Ice hockey at the 2018 Winter Olympics – Men's tournament"", ""NCAA Division I Men's Basketball Tournament"", ""NCAA Division I Men's Basketball Tournament""]"
source_visible_not_rank_or_dbec,fixed_pool_top100,MuSiQue,musique,925,Where is the district that the person who wanted to reform and address Jesus Varela's religion preached a sermon on Marian devotion before his death located?,Reformation,1,8,6,2,0,1,1,1,1,0,0,0,3,0,0.0,"[""Jesus Varela"", ""Mary, mother of Jesus"", ""Wittenberg (district)"", ""Henry Scott Holland"", ""John Kodwo Amissah""]"
source_visible_not_rank_or_dbec,rank_expansion,MuSiQue,musique,925,Where is the district that the person who wanted to reform and address Jesus Varela's religion preached a sermon on Marian devotion before his death located?,Reformation,1,8,39,-31,0,0,0,1,1,0,0,1,0,0,,"[""Mary, mother of Jesus"", ""Jesus Varela"", ""Crucifixion of Jesus"", ""Crucifixion of Jesus"", ""Mary, mother of Jesus""]"
source_visible_not_rank_or_dbec,independent_demand,MuSiQue,musique,925,Where is the district that the person who wanted to reform and address Jesus Varela's religion preached a sermon on Marian devotion before his death located?,Reformation,1,8,,,0,0,0,0,0,0,0,3,3,3,1.0,"[""Jesus Varela"", ""José Enrique Varela"", ""Crucifixion of Jesus"", ""Raúl Pérez Varela"", ""Crucifixion of Jesus""]"
source_visible_not_rank_or_dbec,context_iterative_lite,MuSiQue,musique,925,Where is the district that the person who wanted to reform and address Jesus Varela's religion preached a sermon on Marian devotion before his death located?,Reformation,1,8,14,-6,0,0,1,1,1,0,0,4,0,0,,"[""Mary, mother of Jesus"", ""Jesus Varela"", ""Crucifixion of Jesus"", ""Crucifixion of Jesus"", ""Mary, mother of Jesus""]"
source_visible_not_rank_or_dbec,dbir_det,MuSiQue,musique,925,Where is the district that the person who wanted to reform and address Jesus Varela's religion preached a sermon on Marian devotion before his death located?,Reformation,1,8,23,-15,0,0,0,1,1,0,0,3,3,3,1.0,"[""Jesus Varela"", ""José Enrique Varela"", ""Crucifixion of Jesus"", ""Raúl Pérez Varela"", ""Crucifixion of Jesus""]"
source_visible_not_rank_or_dbec,fixed_pool_top100,MuSiQue,musique,943,In what region of the country where Lam Thao is located is the city where the Zone 5 Military Museum can be found?,South Central Coast,1,5,5,0,0,1,1,1,1,0,0,0,2,0,0.0,"[""Zone 5 Military Museum, Danang"", ""Lâm Thao District"", ""Hạ Hòa District"", ""Việt Yên District"", ""Museum of Cham Sculpture""]"
source_visible_not_rank_or_dbec,rank_expansion,MuSiQue,musique,943,In what region of the country where Lam Thao is located is the city where the Zone 5 Military Museum can be found?,South Central Coast,1,5,,,0,0,0,0,0,0,0,1,0,0,,"[""Lâm Thao District"", ""Zone 5 Military Museum, Danang"", ""Lâm Quang Thi"", ""German military administration in occupied France during World War II"", ""Tiffany Lam""]"
source_visible_not_rank_or_dbec,independent_demand,MuSiQue,musique,943,In what region of the country where Lam Thao is located is the city where the Zone 5 Military Museum can be found?,South Central Coast,1,5,,,0,0,0,0,0,0,0,2,2,2,1.0,"[""Lâm Thao District"", ""Tiffany Lam"", ""Lâm Đồng Province"", ""Lâm Quang Thi"", ""Ho Chi Minh trail""]"
source_visible_not_rank_or_dbec,context_iterative_lite,MuSiQue,musique,943,In what region of the country where Lam Thao is located is the city where the Zone 5 Military Museum can be found?,South Central Coast,1,5,,,0,0,0,0,0,0,0,4,0,0,,"[""Lâm Thao District"", ""Zone 5 Military Museum, Danang"", ""Lâm Quang Thi"", ""German military administration in occupied France during World War II"", ""Tiffany Lam""]"
source_visible_not_rank_or_dbec,dbir_det,MuSiQue,musique,943,In what region of the country where Lam Thao is located is the city where the Zone 5 Military Museum can be found?,South Central Coast,1,5,,,0,0,0,0,0,0,0,2,2,2,1.0,"[""Lâm Thao District"", ""Tiffany Lam"", ""Lâm Đồng Province"", ""Lâm Quang Thi"", ""Ho Chi Minh trail""]"
source_visible_not_rank_or_dbec,fixed_pool_top100,MuSiQue,musique,946,What is the name of the castle in the place of birth of the performer of When I Was a Boy?,Casa Loma,1,71,67,4,0,0,0,0,1,0,0,0,3,0,0.0,"[""Claus von Stauffenberg"", ""Prince Jean of Luxembourg"", ""Ben Castle"", ""Ray Stewart (Scottish footballer)"", ""Bette Rogge""]"
source_visible_not_rank_or_dbec,fixed_pool_top100,MuSiQue,musique,946,What is the name of the castle in the place of birth of the performer of When I Was a Boy?,Gavin Bradley,1,45,44,1,0,0,0,1,1,0,0,0,3,0,0.0,"[""Claus von Stauffenberg"", ""Prince Jean of Luxembourg"", ""Ben Castle"", ""Ray Stewart (Scottish footballer)"", ""Bette Rogge""]"
source_visible_not_rank_or_dbec,rank_expansion,MuSiQue,musique,946,What is the name of the castle in the place of birth of the performer of When I Was a Boy?,Casa Loma,1,71,,,0,0,0,0,0,0,0,1,0,0,,"[""Terringzean Castle, East Ayrshire"", ""Czocha Castle"", ""Windsor Castle"", ""Windsor Castle"", ""Katzenstein Castle""]"
source_visible_not_rank_or_dbec,rank_expansion,MuSiQue,musique,946,What is the name of the castle in the place of birth of the performer of When I Was a Boy?,Gavin Bradley,1,45,,,0,0,0,0,0,0,0,1,0,0,,"[""Terringzean Castle, East Ayrshire"", ""Czocha Castle"", ""Windsor Castle"", ""Windsor Castle"", ""Katzenstein Castle""]"
source_visible_not_rank_or_dbec,independent_demand,MuSiQue,musique,946,What is the name of the castle in the place of birth of the performer of When I Was a Boy?,Casa Loma,1,71,,,0,0,0,0,0,0,0,3,3,3,1.0,"[""The Boy Nexxt Door"", ""Bobst Boy"", ""Mary's Boy Child"", ""Little Boy"", ""Cosmic Boy""]"
source_visible_not_rank_or_dbec,independent_demand,MuSiQue,musique,946,What is the name of the castle in the place of birth of the performer of When I Was a Boy?,Gavin Bradley,1,45,,,0,0,0,0,0,0,0,3,3,3,1.0,"[""The Boy Nexxt Door"", ""Bobst Boy"", ""Mary's Boy Child"", ""Little Boy"", ""Cosmic Boy""]"
source_visible_not_rank_or_dbec,context_iterative_lite,MuSiQue,musique,946,What is the name of the castle in the place of birth of the performer of When I Was a Boy?,Casa Loma,1,71,,,0,0,0,0,0,0,0,4,0,0,,"[""Terringzean Castle, East Ayrshire"", ""Czocha Castle"", ""Windsor Castle"", ""Windsor Castle"", ""Katzenstein Castle""]"
source_visible_not_rank_or_dbec,context_iterative_lite,MuSiQue,musique,946,What is the name of the castle in the place of birth of the performer of When I Was a Boy?,Gavin Bradley,1,45,,,0,0,0,0,0,0,0,4,0,0,,"[""Terringzean Castle, East Ayrshire"", ""Czocha Castle"", ""Windsor Castle"", ""Windsor Castle"", ""Katzenstein Castle""]"
source_visible_not_rank_or_dbec,dbir_det,MuSiQue,musique,946,What is the name of the castle in the place of birth of the performer of When I Was a Boy?,Casa Loma,1,71,,,0,0,0,0,0,0,0,3,3,3,1.0,"[""The Boy Nexxt Door"", ""Bobst Boy"", ""Mary's Boy Child"", ""Little Boy"", ""Cosmic Boy""]"
source_visible_not_rank_or_dbec,dbir_det,MuSiQue,musique,946,What is the name of the castle in the place of birth of the performer of When I Was a Boy?,Gavin Bradley,1,45,,,0,0,0,0,0,0,0,3,3,3,1.0,"[""The Boy Nexxt Door"", ""Bobst Boy"", ""Mary's Boy Child"", ""Little Boy"", ""Cosmic Boy""]"
source_visible_not_rank_or_dbec,fixed_pool_top100,MuSiQue,musique,954,Who was a prominent figure at the radio division of the broadcast company that created the version of The Biggest Loser set in the country where Kelupis originated?,Adult contemporary music,1,72,68,4,0,0,0,0,1,0,0,0,3,0,0.0,"[""The Biggest Loser Brunei: Lose It All"", ""Kelupis"", ""The Biggest Loser (season 5)"", ""Ali Vincent"", ""Labu, Temburong""]"
source_visible_not_rank_or_dbec,rank_expansion,MuSiQue,musique,954,Who was a prominent figure at the radio division of the broadcast company that created the version of The Biggest Loser set in the country where Kelupis originated?,Adult contemporary music,1,72,,,0,0,0,0,0,0,0,1,0,0,,"[""The Biggest Loser Brunei: Lose It All"", ""The Biggest Loser (season 1)"", ""The Biggest Loser (season 5)"", ""The Biggest Loser (season 2)"", ""The Biggest Loser (season 16)""]"
source_visible_not_rank_or_dbec,independent_demand,MuSiQue,musique,954,Who was a prominent figure at the radio division of the broadcast company that created the version of The Biggest Loser set in the country where Kelupis originated?,Adult contemporary music,1,72,,,0,0,0,0,0,0,0,3,3,3,1.0,"[""The Biggest Loser Brunei: Lose It All"", ""The Biggest Loser (season 1)"", ""The Biggest Loser (season 5)"", ""The Biggest Loser (season 2)"", ""The Biggest Loser (season 16)""]"
source_visible_not_rank_or_dbec,context_iterative_lite,MuSiQue,musique,954,Who was a prominent figure at the radio division of the broadcast company that created the version of The Biggest Loser set in the country where Kelupis originated?,Adult contemporary music,1,72,,,0,0,0,0,0,0,0,4,0,0,,"[""The Biggest Loser Brunei: Lose It All"", ""The Biggest Loser (season 1)"", ""The Biggest Loser (season 5)"", ""The Biggest Loser (season 2)"", ""The Biggest Loser (season 16)""]"
source_visible_not_rank_or_dbec,dbir_det,MuSiQue,musique,954,Who was a prominent figure at the radio division of the broadcast company that created the version of The Biggest Loser set in the country where Kelupis originated?,Adult contemporary music,1,72,,,0,0,0,0,0,0,0,3,3,3,1.0,"[""The Biggest Loser Brunei: Lose It All"", ""The Biggest Loser (season 1)"", ""The Biggest Loser (season 5)"", ""The Biggest Loser (season 2)"", ""The Biggest Loser (season 16)""]"
source_visible_not_rank_or_dbec,fixed_pool_top100,MuSiQue,musique,979,When did the city where the manufacturer of Ten High is headquartered elect its first black mayor?,Sazerac,1,23,20,3,0,0,0,1,1,0,0,0,4,0,0.0,"[""Ten High"", ""1967 Detroit riot"", ""Ann Arbor, Michigan"", ""New York City"", ""Black people""]"
source_visible_not_rank_or_dbec,rank_expansion,MuSiQue,musique,979,When did the city where the manufacturer of Ten High is headquartered elect its first black mayor?,Sazerac,1,23,,,0,0,0,0,0,0,0,1,0,0,,"[""Ten High"", ""Black people"", ""Black people"", ""Black Death"", ""Black Spectre""]"
source_visible_not_rank_or_dbec,independent_demand,MuSiQue,musique,979,When did the city where the manufacturer of Ten High is headquartered elect its first black mayor?,Sazerac,1,23,,,0,0,0,0,0,0,0,4,4,4,1.0,"[""Ten High"", ""The Ten Commandments (1956 film)"", ""Service High School"", ""NBA high school draftees"", ""Stroman High School""]"
source_visible_not_rank_or_dbec,context_iterative_lite,MuSiQue,musique,979,When did the city where the manufacturer of Ten High is headquartered elect its first black mayor?,Sazerac,1,23,17,6,0,0,1,1,1,0,0,4,0,0,,"[""Ten High"", ""Black people"", ""Black people"", ""Black Death"", ""Black Spectre""]"
source_visible_not_rank_or_dbec,dbir_det,MuSiQue,musique,979,When did the city where the manufacturer of Ten High is headquartered elect its first black mayor?,Sazerac,1,23,16,7,0,0,1,1,1,0,0,4,4,4,1.0,"[""Ten High"", ""The Ten Commandments (1956 film)"", ""Service High School"", ""NBA high school draftees"", ""Stroman High School""]"
source_visible_not_rank_or_dbec,fixed_pool_top100,MuSiQue,musique,997,"When did the maker of Acura Legend, the manufacturer of Lexus RX and Nissan open US assembly plants?",Shigeyuki Hori,1,16,15,1,0,0,1,1,1,0,0,0,4,0,0.0,"[""1973 oil crisis"", ""Acura RL"", ""Acura RLX"", ""Acura Legend"", ""Acura MDX""]"
source_visible_not_rank_or_dbec,rank_expansion,MuSiQue,musique,997,"When did the maker of Acura Legend, the manufacturer of Lexus RX and Nissan open US assembly plants?",Shigeyuki Hori,1,16,71,-55,0,0,0,0,1,0,0,1,0,0,,"[""Acura Legend"", ""Acura RL"", ""Acura RL"", ""Acura RLX"", ""Infiniti J30""]"
source_visible_not_rank_or_dbec,independent_demand,MuSiQue,musique,997,"When did the maker of Acura Legend, the manufacturer of Lexus RX and Nissan open US assembly plants?",Shigeyuki Hori,1,16,15,1,0,0,1,1,1,0,0,4,4,4,1.0,"[""Acura Legend"", ""Acura RL"", ""Acura RL"", ""Acura RLX"", ""Acura ZDX""]"
source_visible_not_rank_or_dbec,context_iterative_lite,MuSiQue,musique,997,"When did the maker of Acura Legend, the manufacturer of Lexus RX and Nissan open US assembly plants?",Shigeyuki Hori,1,16,,,0,0,0,0,0,0,0,4,0,0,,"[""Acura Legend"", ""Acura RL"", ""Acura RL"", ""Acura RLX"", ""Infiniti J30""]"
source_visible_not_rank_or_dbec,dbir_det,MuSiQue,musique,997,"When did the maker of Acura Legend, the manufacturer of Lexus RX and Nissan open US assembly plants?",Shigeyuki Hori,1,16,34,-18,0,0,0,1,1,0,0,4,4,4,1.0,"[""Acura Legend"", ""Acura RL"", ""Acura RL"", ""Acura RLX"", ""Acura ZDX""]"
