dataset,variant,baseline,metric,rank_quota,max_repairs,min_gain,branch_policy,n,delta_mean,ci_low,ci_high,p_delta_gt_0,ci_excludes_zero
2Wiki,rq1_mr1_g000_branchoff,rank_fill5,support_recall,1,1,0.0,off,122,0.040983606557377046,0.020491803278688523,0.06352459016393443,1.0,True
2Wiki,rq1_mr1_g000_branchoff,dbec_selective,support_recall,1,1,0.0,off,122,-0.006147540983606557,-0.02459016393442623,0.014344262295081968,0.2278,False
2Wiki,rq1_mr1_g000_branchoff,rank_fill5,support_complete,1,1,0.0,off,122,0.14754098360655737,0.06557377049180328,0.22950819672131148,0.9999,True
2Wiki,rq1_mr1_g000_branchoff,dbec_selective,support_complete,1,1,0.0,off,122,-0.00819672131147541,-0.07377049180327869,0.05737704918032787,0.358,False
2Wiki,rq1_mr1_g000_branchoff,rank_fill5,support_hit_count,1,1,0.0,off,122,0.16393442622950818,0.08196721311475409,0.2540983606557377,1.0,True
2Wiki,rq1_mr1_g000_branchoff,dbec_selective,support_hit_count,1,1,0.0,off,122,-0.02459016393442623,-0.09836065573770492,0.05737704918032787,0.234,False
2Wiki,rq1_mr1_g000_branchstrict,rank_fill5,support_recall,1,1,0.0,strict,122,0.040983606557377046,0.020491803278688523,0.06352459016393443,1.0,True
2Wiki,rq1_mr1_g000_branchstrict,dbec_selective,support_recall,1,1,0.0,strict,122,-0.006147540983606557,-0.02459016393442623,0.014344262295081968,0.2283,False
2Wiki,rq1_mr1_g000_branchstrict,rank_fill5,support_complete,1,1,0.0,strict,122,0.14754098360655737,0.06557377049180328,0.22950819672131148,0.9996,True
2Wiki,rq1_mr1_g000_branchstrict,dbec_selective,support_complete,1,1,0.0,strict,122,-0.00819672131147541,-0.07377049180327869,0.05737704918032787,0.3546,False
2Wiki,rq1_mr1_g000_branchstrict,rank_fill5,support_hit_count,1,1,0.0,strict,122,0.16393442622950818,0.08196721311475409,0.2540983606557377,1.0,True
2Wiki,rq1_mr1_g000_branchstrict,dbec_selective,support_hit_count,1,1,0.0,strict,122,-0.02459016393442623,-0.09836065573770492,0.04918032786885246,0.2305,False
2Wiki,rq1_mr1_g003_branchoff,rank_fill5,support_recall,1,1,0.03,off,122,0.040983606557377046,0.020491803278688523,0.06147540983606557,0.9999,True
2Wiki,rq1_mr1_g003_branchoff,dbec_selective,support_recall,1,1,0.03,off,122,-0.006147540983606557,-0.02459016393442623,0.012295081967213115,0.2215,False
2Wiki,rq1_mr1_g003_branchoff,rank_fill5,support_complete,1,1,0.03,off,122,0.14754098360655737,0.06557377049180328,0.22950819672131148,0.9998,True
2Wiki,rq1_mr1_g003_branchoff,dbec_selective,support_complete,1,1,0.03,off,122,-0.00819672131147541,-0.07377049180327869,0.05737704918032787,0.3531,False
2Wiki,rq1_mr1_g003_branchoff,rank_fill5,support_hit_count,1,1,0.03,off,122,0.16393442622950818,0.08196721311475409,0.2540983606557377,0.9997,True
2Wiki,rq1_mr1_g003_branchoff,dbec_selective,support_hit_count,1,1,0.03,off,122,-0.02459016393442623,-0.09836065573770492,0.05737704918032787,0.2261,False
2Wiki,rq1_mr1_g003_branchstrict,rank_fill5,support_recall,1,1,0.03,strict,122,0.040983606557377046,0.020491803278688523,0.06352459016393443,0.9999,True
2Wiki,rq1_mr1_g003_branchstrict,dbec_selective,support_recall,1,1,0.03,strict,122,-0.006147540983606557,-0.02459016393442623,0.012295081967213115,0.228,False
2Wiki,rq1_mr1_g003_branchstrict,rank_fill5,support_complete,1,1,0.03,strict,122,0.14754098360655737,0.06557377049180328,0.22950819672131148,0.9996,True
2Wiki,rq1_mr1_g003_branchstrict,dbec_selective,support_complete,1,1,0.03,strict,122,-0.00819672131147541,-0.07377049180327869,0.05737704918032787,0.3534,False
2Wiki,rq1_mr1_g003_branchstrict,rank_fill5,support_hit_count,1,1,0.03,strict,122,0.16393442622950818,0.08196721311475409,0.2540983606557377,1.0,True
2Wiki,rq1_mr1_g003_branchstrict,dbec_selective,support_hit_count,1,1,0.03,strict,122,-0.02459016393442623,-0.09836065573770492,0.05737704918032787,0.2302,False
2Wiki,rq1_mr1_g005_branchoff,rank_fill5,support_recall,1,1,0.05,off,122,0.040983606557377046,0.020491803278688523,0.06352459016393443,0.9999,True
2Wiki,rq1_mr1_g005_branchoff,dbec_selective,support_recall,1,1,0.05,off,122,-0.006147540983606557,-0.02459016393442623,0.014344262295081968,0.2328,False
2Wiki,rq1_mr1_g005_branchoff,rank_fill5,support_complete,1,1,0.05,off,122,0.14754098360655737,0.07377049180327869,0.22950819672131148,0.9997,True
2Wiki,rq1_mr1_g005_branchoff,dbec_selective,support_complete,1,1,0.05,off,122,-0.00819672131147541,-0.07377049180327869,0.05737704918032787,0.3527,False
2Wiki,rq1_mr1_g005_branchoff,rank_fill5,support_hit_count,1,1,0.05,off,122,0.16393442622950818,0.08196721311475409,0.2459016393442623,0.9999,True
2Wiki,rq1_mr1_g005_branchoff,dbec_selective,support_hit_count,1,1,0.05,off,122,-0.02459016393442623,-0.09836065573770492,0.05737704918032787,0.236,False
2Wiki,rq1_mr1_g005_branchstrict,rank_fill5,support_recall,1,1,0.05,strict,122,0.040983606557377046,0.018442622950819672,0.06352459016393443,1.0,True
2Wiki,rq1_mr1_g005_branchstrict,dbec_selective,support_recall,1,1,0.05,strict,122,-0.006147540983606557,-0.02459016393442623,0.012295081967213115,0.2256,False
2Wiki,rq1_mr1_g005_branchstrict,rank_fill5,support_complete,1,1,0.05,strict,122,0.14754098360655737,0.06557377049180328,0.22950819672131148,0.9998,True
2Wiki,rq1_mr1_g005_branchstrict,dbec_selective,support_complete,1,1,0.05,strict,122,-0.00819672131147541,-0.07377049180327869,0.05737704918032787,0.357,False
2Wiki,rq1_mr1_g005_branchstrict,rank_fill5,support_hit_count,1,1,0.05,strict,122,0.16393442622950818,0.08196721311475409,0.2459016393442623,0.9999,True
2Wiki,rq1_mr1_g005_branchstrict,dbec_selective,support_hit_count,1,1,0.05,strict,122,-0.02459016393442623,-0.09836065573770492,0.04918032786885246,0.2313,False
2Wiki,rq1_mr1_g010_branchoff,rank_fill5,support_recall,1,1,0.1,off,122,0.040983606557377046,0.020491803278688523,0.06352459016393443,0.9999,True
2Wiki,rq1_mr1_g010_branchoff,dbec_selective,support_recall,1,1,0.1,off,122,-0.006147540983606557,-0.02459016393442623,0.012295081967213115,0.2313,False
2Wiki,rq1_mr1_g010_branchoff,rank_fill5,support_complete,1,1,0.1,off,122,0.14754098360655737,0.06557377049180328,0.22950819672131148,0.9996,True
2Wiki,rq1_mr1_g010_branchoff,dbec_selective,support_complete,1,1,0.1,off,122,-0.00819672131147541,-0.07377049180327869,0.05737704918032787,0.3533,False
2Wiki,rq1_mr1_g010_branchoff,rank_fill5,support_hit_count,1,1,0.1,off,122,0.16393442622950818,0.08196721311475409,0.2540983606557377,0.9999,True
2Wiki,rq1_mr1_g010_branchoff,dbec_selective,support_hit_count,1,1,0.1,off,122,-0.02459016393442623,-0.09836065573770492,0.05737704918032787,0.2294,False
2Wiki,rq1_mr1_g010_branchstrict,rank_fill5,support_recall,1,1,0.1,strict,122,0.040983606557377046,0.020491803278688523,0.06352459016393443,1.0,True
2Wiki,rq1_mr1_g010_branchstrict,dbec_selective,support_recall,1,1,0.1,strict,122,-0.006147540983606557,-0.02459016393442623,0.012295081967213115,0.2235,False
2Wiki,rq1_mr1_g010_branchstrict,rank_fill5,support_complete,1,1,0.1,strict,122,0.14754098360655737,0.06557377049180328,0.22950819672131148,0.9998,True
2Wiki,rq1_mr1_g010_branchstrict,dbec_selective,support_complete,1,1,0.1,strict,122,-0.00819672131147541,-0.07377049180327869,0.05737704918032787,0.354,False
2Wiki,rq1_mr1_g010_branchstrict,rank_fill5,support_hit_count,1,1,0.1,strict,122,0.16393442622950818,0.08196721311475409,0.2540983606557377,0.9999,True
2Wiki,rq1_mr1_g010_branchstrict,dbec_selective,support_hit_count,1,1,0.1,strict,122,-0.02459016393442623,-0.09836065573770492,0.04918032786885246,0.223,False
2Wiki,rq1_mr2_g000_branchoff,rank_fill5,support_recall,1,2,0.0,off,122,0.05122950819672131,0.02459016393442623,0.07991803278688525,1.0,True
2Wiki,rq1_mr2_g000_branchoff,dbec_selective,support_recall,1,2,0.0,off,122,0.004098360655737705,-0.006147540983606557,0.01639344262295082,0.7025,False
2Wiki,rq1_mr2_g000_branchoff,rank_fill5,support_complete,1,2,0.0,off,122,0.1721311475409836,0.07377049180327869,0.27049180327868855,0.9998,True
2Wiki,rq1_mr2_g000_branchoff,dbec_selective,support_complete,1,2,0.0,off,122,0.01639344262295082,-0.02459016393442623,0.05737704918032787,0.7308,False
2Wiki,rq1_mr2_g000_branchoff,rank_fill5,support_hit_count,1,2,0.0,off,122,0.20491803278688525,0.09836065573770492,0.3114754098360656,0.9998,True
2Wiki,rq1_mr2_g000_branchoff,dbec_selective,support_hit_count,1,2,0.0,off,122,0.01639344262295082,-0.02459016393442623,0.06557377049180328,0.7125,False
2Wiki,rq1_mr2_g000_branchstrict,rank_fill5,support_recall,1,2,0.0,strict,122,0.05122950819672131,0.02459016393442623,0.07991803278688525,0.9998,True
2Wiki,rq1_mr2_g000_branchstrict,dbec_selective,support_recall,1,2,0.0,strict,122,0.004098360655737705,-0.006147540983606557,0.01639344262295082,0.7028,False
2Wiki,rq1_mr2_g000_branchstrict,rank_fill5,support_complete,1,2,0.0,strict,122,0.1721311475409836,0.07377049180327869,0.27049180327868855,0.9999,True
2Wiki,rq1_mr2_g000_branchstrict,dbec_selective,support_complete,1,2,0.0,strict,122,0.01639344262295082,-0.02459016393442623,0.05737704918032787,0.7357,False
2Wiki,rq1_mr2_g000_branchstrict,rank_fill5,support_hit_count,1,2,0.0,strict,122,0.20491803278688525,0.09836065573770492,0.319672131147541,0.9998,True
2Wiki,rq1_mr2_g000_branchstrict,dbec_selective,support_hit_count,1,2,0.0,strict,122,0.01639344262295082,-0.02459016393442623,0.06557377049180328,0.6916,False
2Wiki,rq1_mr2_g003_branchoff,rank_fill5,support_recall,1,2,0.03,off,122,0.05122950819672131,0.02459016393442623,0.07991803278688525,0.9998,True
2Wiki,rq1_mr2_g003_branchoff,dbec_selective,support_recall,1,2,0.03,off,122,0.004098360655737705,-0.006147540983606557,0.01639344262295082,0.7041,False
2Wiki,rq1_mr2_g003_branchoff,rank_fill5,support_complete,1,2,0.03,off,122,0.1721311475409836,0.07377049180327869,0.27049180327868855,0.9995,True
2Wiki,rq1_mr2_g003_branchoff,dbec_selective,support_complete,1,2,0.03,off,122,0.01639344262295082,-0.02459016393442623,0.05737704918032787,0.7392,False
2Wiki,rq1_mr2_g003_branchoff,rank_fill5,support_hit_count,1,2,0.03,off,122,0.20491803278688525,0.09836065573770492,0.3114754098360656,0.9999,True
2Wiki,rq1_mr2_g003_branchoff,dbec_selective,support_hit_count,1,2,0.03,off,122,0.01639344262295082,-0.02459016393442623,0.05737704918032787,0.7087,False
2Wiki,rq1_mr2_g003_branchstrict,rank_fill5,support_recall,1,2,0.03,strict,122,0.05122950819672131,0.02459016393442623,0.0778688524590164,1.0,True
2Wiki,rq1_mr2_g003_branchstrict,dbec_selective,support_recall,1,2,0.03,strict,122,0.004098360655737705,-0.006147540983606557,0.01639344262295082,0.7087,False
2Wiki,rq1_mr2_g003_branchstrict,rank_fill5,support_complete,1,2,0.03,strict,122,0.1721311475409836,0.07377049180327869,0.27049180327868855,0.9991,True
2Wiki,rq1_mr2_g003_branchstrict,dbec_selective,support_complete,1,2,0.03,strict,122,0.01639344262295082,-0.02459016393442623,0.05737704918032787,0.7247,False
2Wiki,rq1_mr2_g003_branchstrict,rank_fill5,support_hit_count,1,2,0.03,strict,122,0.20491803278688525,0.09836065573770492,0.319672131147541,0.9998,True
2Wiki,rq1_mr2_g003_branchstrict,dbec_selective,support_hit_count,1,2,0.03,strict,122,0.01639344262295082,-0.02459016393442623,0.06557377049180328,0.7127,False
2Wiki,rq1_mr2_g005_branchoff,rank_fill5,support_recall,1,2,0.05,off,122,0.05122950819672131,0.02459016393442623,0.07991803278688525,0.9999,True
2Wiki,rq1_mr2_g005_branchoff,dbec_selective,support_recall,1,2,0.05,off,122,0.004098360655737705,-0.006147540983606557,0.01639344262295082,0.6976,False
2Wiki,rq1_mr2_g005_branchoff,rank_fill5,support_complete,1,2,0.05,off,122,0.1721311475409836,0.07377049180327869,0.27049180327868855,0.9994,True
2Wiki,rq1_mr2_g005_branchoff,dbec_selective,support_complete,1,2,0.05,off,122,0.01639344262295082,-0.02459016393442623,0.05737704918032787,0.7239,False
2Wiki,rq1_mr2_g005_branchoff,rank_fill5,support_hit_count,1,2,0.05,off,122,0.20491803278688525,0.09836065573770492,0.3114754098360656,0.9999,True
2Wiki,rq1_mr2_g005_branchoff,dbec_selective,support_hit_count,1,2,0.05,off,122,0.01639344262295082,-0.02459016393442623,0.06557377049180328,0.7013,False
2Wiki,rq1_mr2_g005_branchstrict,rank_fill5,support_recall,1,2,0.05,strict,122,0.05327868852459016,0.02663934426229508,0.07991803278688525,0.9999,True
2Wiki,rq1_mr2_g005_branchstrict,dbec_selective,support_recall,1,2,0.05,strict,122,0.006147540983606557,-0.006147540983606557,0.018442622950819672,0.7974,False
2Wiki,rq1_mr2_g005_branchstrict,rank_fill5,support_complete,1,2,0.05,strict,122,0.18032786885245902,0.08196721311475409,0.2786885245901639,0.9999,True
2Wiki,rq1_mr2_g005_branchstrict,dbec_selective,support_complete,1,2,0.05,strict,122,0.02459016393442623,-0.01639344262295082,0.06557377049180328,0.8317,False
2Wiki,rq1_mr2_g005_branchstrict,rank_fill5,support_hit_count,1,2,0.05,strict,122,0.21311475409836064,0.10655737704918032,0.319672131147541,1.0,True
2Wiki,rq1_mr2_g005_branchstrict,dbec_selective,support_hit_count,1,2,0.05,strict,122,0.02459016393442623,-0.02459016393442623,0.07377049180327869,0.8032,False
2Wiki,rq1_mr2_g010_branchoff,rank_fill5,support_recall,1,2,0.1,off,122,0.05327868852459016,0.02663934426229508,0.07991803278688525,1.0,True
2Wiki,rq1_mr2_g010_branchoff,dbec_selective,support_recall,1,2,0.1,off,122,0.006147540983606557,-0.006147540983606557,0.018442622950819672,0.8104,False
2Wiki,rq1_mr2_g010_branchoff,rank_fill5,support_complete,1,2,0.1,off,122,0.18032786885245902,0.08196721311475409,0.2786885245901639,0.9997,True
2Wiki,rq1_mr2_g010_branchoff,dbec_selective,support_complete,1,2,0.1,off,122,0.02459016393442623,-0.01639344262295082,0.06557377049180328,0.8359,False
2Wiki,rq1_mr2_g010_branchoff,rank_fill5,support_hit_count,1,2,0.1,off,122,0.21311475409836064,0.10655737704918032,0.319672131147541,1.0,True
2Wiki,rq1_mr2_g010_branchoff,dbec_selective,support_hit_count,1,2,0.1,off,122,0.02459016393442623,-0.02459016393442623,0.07377049180327869,0.8009,False
2Wiki,rq1_mr2_g010_branchstrict,rank_fill5,support_recall,1,2,0.1,strict,122,0.055327868852459015,0.028688524590163935,0.08196721311475409,0.9999,True
2Wiki,rq1_mr2_g010_branchstrict,dbec_selective,support_recall,1,2,0.1,strict,122,0.00819672131147541,-0.004098360655737705,0.022540983606557378,0.8467,False
2Wiki,rq1_mr2_g010_branchstrict,rank_fill5,support_complete,1,2,0.1,strict,122,0.1885245901639344,0.09836065573770492,0.28688524590163933,0.9999,True
2Wiki,rq1_mr2_g010_branchstrict,dbec_selective,support_complete,1,2,0.1,strict,122,0.03278688524590164,-0.00819672131147541,0.08196721311475409,0.9025,False
2Wiki,rq1_mr2_g010_branchstrict,rank_fill5,support_hit_count,1,2,0.1,strict,122,0.22131147540983606,0.11475409836065574,0.32786885245901637,1.0,True
2Wiki,rq1_mr2_g010_branchstrict,dbec_selective,support_hit_count,1,2,0.1,strict,122,0.03278688524590164,-0.01639344262295082,0.09016393442622951,0.8412,False
2Wiki,rq1_mr3_g000_branchoff,rank_fill5,support_recall,1,3,0.0,off,122,0.05122950819672131,0.02459016393442623,0.07991803278688525,0.9998,True
2Wiki,rq1_mr3_g000_branchoff,dbec_selective,support_recall,1,3,0.0,off,122,0.004098360655737705,-0.006147540983606557,0.01639344262295082,0.7009,False
2Wiki,rq1_mr3_g000_branchoff,rank_fill5,support_complete,1,3,0.0,off,122,0.1721311475409836,0.07377049180327869,0.27049180327868855,0.9999,True
2Wiki,rq1_mr3_g000_branchoff,dbec_selective,support_complete,1,3,0.0,off,122,0.01639344262295082,-0.02459016393442623,0.05737704918032787,0.7369,False
2Wiki,rq1_mr3_g000_branchoff,rank_fill5,support_hit_count,1,3,0.0,off,122,0.20491803278688525,0.09836065573770492,0.319672131147541,1.0,True
2Wiki,rq1_mr3_g000_branchoff,dbec_selective,support_hit_count,1,3,0.0,off,122,0.01639344262295082,-0.03278688524590164,0.06557377049180328,0.6958,False
2Wiki,rq1_mr3_g000_branchstrict,rank_fill5,support_recall,1,3,0.0,strict,122,0.05122950819672131,0.02459016393442623,0.0778688524590164,1.0,True
2Wiki,rq1_mr3_g000_branchstrict,dbec_selective,support_recall,1,3,0.0,strict,122,0.004098360655737705,-0.006147540983606557,0.01639344262295082,0.7052,False
2Wiki,rq1_mr3_g000_branchstrict,rank_fill5,support_complete,1,3,0.0,strict,122,0.1721311475409836,0.07377049180327869,0.27049180327868855,0.9996,True
2Wiki,rq1_mr3_g000_branchstrict,dbec_selective,support_complete,1,3,0.0,strict,122,0.01639344262295082,-0.02459016393442623,0.05737704918032787,0.7362,False
2Wiki,rq1_mr3_g000_branchstrict,rank_fill5,support_hit_count,1,3,0.0,strict,122,0.20491803278688525,0.09836065573770492,0.3114754098360656,1.0,True
2Wiki,rq1_mr3_g000_branchstrict,dbec_selective,support_hit_count,1,3,0.0,strict,122,0.01639344262295082,-0.02459016393442623,0.06557377049180328,0.7078,False
2Wiki,rq1_mr3_g003_branchoff,rank_fill5,support_recall,1,3,0.03,off,122,0.05122950819672131,0.02459016393442623,0.0778688524590164,0.9999,True
2Wiki,rq1_mr3_g003_branchoff,dbec_selective,support_recall,1,3,0.03,off,122,0.004098360655737705,-0.006147540983606557,0.01639344262295082,0.6977,False
2Wiki,rq1_mr3_g003_branchoff,rank_fill5,support_complete,1,3,0.03,off,122,0.1721311475409836,0.07377049180327869,0.27049180327868855,0.9997,True
2Wiki,rq1_mr3_g003_branchoff,dbec_selective,support_complete,1,3,0.03,off,122,0.01639344262295082,-0.02459016393442623,0.05737704918032787,0.7258,False
2Wiki,rq1_mr3_g003_branchoff,rank_fill5,support_hit_count,1,3,0.03,off,122,0.20491803278688525,0.09836065573770492,0.3114754098360656,0.9998,True
2Wiki,rq1_mr3_g003_branchoff,dbec_selective,support_hit_count,1,3,0.03,off,122,0.01639344262295082,-0.024795081967212928,0.06557377049180328,0.7022,False
2Wiki,rq1_mr3_g003_branchstrict,rank_fill5,support_recall,1,3,0.03,strict,122,0.05122950819672131,0.02459016393442623,0.0778688524590164,1.0,True
2Wiki,rq1_mr3_g003_branchstrict,dbec_selective,support_recall,1,3,0.03,strict,122,0.004098360655737705,-0.006147540983606557,0.014344262295081968,0.7061,False
2Wiki,rq1_mr3_g003_branchstrict,rank_fill5,support_complete,1,3,0.03,strict,122,0.1721311475409836,0.07377049180327869,0.27049180327868855,0.9998,True
2Wiki,rq1_mr3_g003_branchstrict,dbec_selective,support_complete,1,3,0.03,strict,122,0.01639344262295082,-0.02459016393442623,0.05737704918032787,0.7379,False
2Wiki,rq1_mr3_g003_branchstrict,rank_fill5,support_hit_count,1,3,0.03,strict,122,0.20491803278688525,0.09836065573770492,0.3114754098360656,1.0,True
2Wiki,rq1_mr3_g003_branchstrict,dbec_selective,support_hit_count,1,3,0.03,strict,122,0.01639344262295082,-0.02459016393442623,0.06557377049180328,0.6999,False
2Wiki,rq1_mr3_g005_branchoff,rank_fill5,support_recall,1,3,0.05,off,122,0.05122950819672131,0.02459016393442623,0.0778688524590164,0.9997,True
2Wiki,rq1_mr3_g005_branchoff,dbec_selective,support_recall,1,3,0.05,off,122,0.004098360655737705,-0.006147540983606557,0.01639344262295082,0.6999,False
2Wiki,rq1_mr3_g005_branchoff,rank_fill5,support_complete,1,3,0.05,off,122,0.1721311475409836,0.07377049180327869,0.27049180327868855,0.9997,True
2Wiki,rq1_mr3_g005_branchoff,dbec_selective,support_complete,1,3,0.05,off,122,0.01639344262295082,-0.02459016393442623,0.05737704918032787,0.7316,False
2Wiki,rq1_mr3_g005_branchoff,rank_fill5,support_hit_count,1,3,0.05,off,122,0.20491803278688525,0.09836065573770492,0.3114754098360656,0.9999,True
2Wiki,rq1_mr3_g005_branchoff,dbec_selective,support_hit_count,1,3,0.05,off,122,0.01639344262295082,-0.03278688524590164,0.06557377049180328,0.7005,False
2Wiki,rq1_mr3_g005_branchstrict,rank_fill5,support_recall,1,3,0.05,strict,122,0.05327868852459016,0.02663934426229508,0.07991803278688525,0.9999,True
2Wiki,rq1_mr3_g005_branchstrict,dbec_selective,support_recall,1,3,0.05,strict,122,0.006147540983606557,-0.006147540983606557,0.018442622950819672,0.7991,False
2Wiki,rq1_mr3_g005_branchstrict,rank_fill5,support_complete,1,3,0.05,strict,122,0.18032786885245902,0.08196721311475409,0.2786885245901639,0.9998,True
2Wiki,rq1_mr3_g005_branchstrict,dbec_selective,support_complete,1,3,0.05,strict,122,0.02459016393442623,-0.01639344262295082,0.06557377049180328,0.834,False
2Wiki,rq1_mr3_g005_branchstrict,rank_fill5,support_hit_count,1,3,0.05,strict,122,0.21311475409836064,0.10655737704918032,0.319672131147541,1.0,True
2Wiki,rq1_mr3_g005_branchstrict,dbec_selective,support_hit_count,1,3,0.05,strict,122,0.02459016393442623,-0.02459016393442623,0.07377049180327869,0.8002,False
2Wiki,rq1_mr3_g010_branchoff,rank_fill5,support_recall,1,3,0.1,off,122,0.05327868852459016,0.02663934426229508,0.07991803278688525,1.0,True
2Wiki,rq1_mr3_g010_branchoff,dbec_selective,support_recall,1,3,0.1,off,122,0.006147540983606557,-0.006147540983606557,0.018442622950819672,0.8037,False
2Wiki,rq1_mr3_g010_branchoff,rank_fill5,support_complete,1,3,0.1,off,122,0.18032786885245902,0.08196721311475409,0.2786885245901639,1.0,True
2Wiki,rq1_mr3_g010_branchoff,dbec_selective,support_complete,1,3,0.1,off,122,0.02459016393442623,-0.01639344262295082,0.06557377049180328,0.8311,False
2Wiki,rq1_mr3_g010_branchoff,rank_fill5,support_hit_count,1,3,0.1,off,122,0.21311475409836064,0.10655737704918032,0.319672131147541,0.9999,True
2Wiki,rq1_mr3_g010_branchoff,dbec_selective,support_hit_count,1,3,0.1,off,122,0.02459016393442623,-0.02459016393442623,0.07377049180327869,0.802,False
2Wiki,rq1_mr3_g010_branchstrict,rank_fill5,support_recall,1,3,0.1,strict,122,0.055327868852459015,0.028688524590163935,0.08196721311475409,1.0,True
2Wiki,rq1_mr3_g010_branchstrict,dbec_selective,support_recall,1,3,0.1,strict,122,0.00819672131147541,-0.004098360655737705,0.022540983606557378,0.8467,False
2Wiki,rq1_mr3_g010_branchstrict,rank_fill5,support_complete,1,3,0.1,strict,122,0.1885245901639344,0.09016393442622951,0.28688524590163933,1.0,True
2Wiki,rq1_mr3_g010_branchstrict,dbec_selective,support_complete,1,3,0.1,strict,122,0.03278688524590164,-0.00819672131147541,0.08196721311475409,0.8947,False
2Wiki,rq1_mr3_g010_branchstrict,rank_fill5,support_hit_count,1,3,0.1,strict,122,0.22131147540983606,0.12295081967213115,0.32786885245901637,1.0,True
2Wiki,rq1_mr3_g010_branchstrict,dbec_selective,support_hit_count,1,3,0.1,strict,122,0.03278688524590164,-0.01639344262295082,0.09016393442622951,0.8451,False
2Wiki,rq2_mr1_g000_branchoff,rank_fill5,support_recall,2,1,0.0,off,122,0.010245901639344262,-0.0020491803278688526,0.02459016393442623,0.9157,False
2Wiki,rq2_mr1_g000_branchoff,dbec_selective,support_recall,2,1,0.0,off,122,-0.036885245901639344,-0.06147540983606557,-0.010245901639344262,0.0019,True
2Wiki,rq2_mr1_g000_branchoff,rank_fill5,support_complete,2,1,0.0,off,122,0.02459016393442623,-0.01639344262295082,0.06557377049180328,0.831,False
2Wiki,rq2_mr1_g000_branchoff,dbec_selective,support_complete,2,1,0.0,off,122,-0.13114754098360656,-0.22950819672131148,-0.040983606557377046,0.0023,True
2Wiki,rq2_mr1_g000_branchoff,rank_fill5,support_hit_count,2,1,0.0,off,122,0.040983606557377046,-0.00819672131147541,0.09836065573770492,0.9194,False
2Wiki,rq2_mr1_g000_branchoff,dbec_selective,support_hit_count,2,1,0.0,off,122,-0.14754098360655737,-0.2459016393442623,-0.04918032786885246,0.0012,True
2Wiki,rq2_mr1_g000_branchstrict,rank_fill5,support_recall,2,1,0.0,strict,122,0.010245901639344262,-0.0020491803278688526,0.02459016393442623,0.9171,False
2Wiki,rq2_mr1_g000_branchstrict,dbec_selective,support_recall,2,1,0.0,strict,122,-0.036885245901639344,-0.06147540983606557,-0.012295081967213115,0.0017,True
2Wiki,rq2_mr1_g000_branchstrict,rank_fill5,support_complete,2,1,0.0,strict,122,0.02459016393442623,-0.01639344262295082,0.06557377049180328,0.831,False
2Wiki,rq2_mr1_g000_branchstrict,dbec_selective,support_complete,2,1,0.0,strict,122,-0.13114754098360656,-0.22950819672131148,-0.040983606557377046,0.0023,True
2Wiki,rq2_mr1_g000_branchstrict,rank_fill5,support_hit_count,2,1,0.0,strict,122,0.040983606557377046,-0.00819672131147541,0.09836065573770492,0.9202,False
2Wiki,rq2_mr1_g000_branchstrict,dbec_selective,support_hit_count,2,1,0.0,strict,122,-0.14754098360655737,-0.2459016393442623,-0.04918032786885246,0.0022,True
2Wiki,rq2_mr1_g003_branchoff,rank_fill5,support_recall,2,1,0.03,off,122,0.010245901639344262,-0.0020491803278688526,0.02459016393442623,0.9206,False
2Wiki,rq2_mr1_g003_branchoff,dbec_selective,support_recall,2,1,0.03,off,122,-0.036885245901639344,-0.06147540983606557,-0.012243852459017138,0.0023,True
2Wiki,rq2_mr1_g003_branchoff,rank_fill5,support_complete,2,1,0.03,off,122,0.02459016393442623,-0.01639344262295082,0.06557377049180328,0.8342,False
2Wiki,rq2_mr1_g003_branchoff,dbec_selective,support_complete,2,1,0.03,off,122,-0.13114754098360656,-0.22131147540983606,-0.040983606557377046,0.0019,True
2Wiki,rq2_mr1_g003_branchoff,rank_fill5,support_hit_count,2,1,0.03,off,122,0.040983606557377046,-0.00819672131147541,0.09016393442622951,0.9202,False
2Wiki,rq2_mr1_g003_branchoff,dbec_selective,support_hit_count,2,1,0.03,off,122,-0.14754098360655737,-0.2459016393442623,-0.04918032786885246,0.0022,True
2Wiki,rq2_mr1_g003_branchstrict,rank_fill5,support_recall,2,1,0.03,strict,122,0.010245901639344262,-0.0020491803278688526,0.02459016393442623,0.9167,False
2Wiki,rq2_mr1_g003_branchstrict,dbec_selective,support_recall,2,1,0.03,strict,122,-0.036885245901639344,-0.06147540983606557,-0.012295081967213115,0.0015,True
2Wiki,rq2_mr1_g003_branchstrict,rank_fill5,support_complete,2,1,0.03,strict,122,0.02459016393442623,-0.01639344262295082,0.06557377049180328,0.8285,False
2Wiki,rq2_mr1_g003_branchstrict,dbec_selective,support_complete,2,1,0.03,strict,122,-0.13114754098360656,-0.22131147540983606,-0.040983606557377046,0.0025,True
2Wiki,rq2_mr1_g003_branchstrict,rank_fill5,support_hit_count,2,1,0.03,strict,122,0.040983606557377046,-0.00819672131147541,0.09836065573770492,0.9112,False
2Wiki,rq2_mr1_g003_branchstrict,dbec_selective,support_hit_count,2,1,0.03,strict,122,-0.14754098360655737,-0.2459016393442623,-0.04918032786885246,0.0014,True
2Wiki,rq2_mr1_g005_branchoff,rank_fill5,support_recall,2,1,0.05,off,122,0.010245901639344262,-0.0020491803278688526,0.02459016393442623,0.9161,False
2Wiki,rq2_mr1_g005_branchoff,dbec_selective,support_recall,2,1,0.05,off,122,-0.036885245901639344,-0.06147540983606557,-0.012295081967213115,0.0017,True
2Wiki,rq2_mr1_g005_branchoff,rank_fill5,support_complete,2,1,0.05,off,122,0.02459016393442623,-0.01639344262295082,0.06557377049180328,0.8266,False
2Wiki,rq2_mr1_g005_branchoff,dbec_selective,support_complete,2,1,0.05,off,122,-0.13114754098360656,-0.22131147540983606,-0.040983606557377046,0.002,True
2Wiki,rq2_mr1_g005_branchoff,rank_fill5,support_hit_count,2,1,0.05,off,122,0.040983606557377046,-0.00819672131147541,0.09016393442622951,0.9177,False
2Wiki,rq2_mr1_g005_branchoff,dbec_selective,support_hit_count,2,1,0.05,off,122,-0.14754098360655737,-0.2459016393442623,-0.04918032786885246,0.0017,True
2Wiki,rq2_mr1_g005_branchstrict,rank_fill5,support_recall,2,1,0.05,strict,122,0.010245901639344262,-0.0020491803278688526,0.02459016393442623,0.9164,False
2Wiki,rq2_mr1_g005_branchstrict,dbec_selective,support_recall,2,1,0.05,strict,122,-0.036885245901639344,-0.06147540983606557,-0.012295081967213115,0.001,True
2Wiki,rq2_mr1_g005_branchstrict,rank_fill5,support_complete,2,1,0.05,strict,122,0.02459016393442623,-0.01639344262295082,0.06557377049180328,0.8294,False
2Wiki,rq2_mr1_g005_branchstrict,dbec_selective,support_complete,2,1,0.05,strict,122,-0.13114754098360656,-0.22950819672131148,-0.040983606557377046,0.0021,True
2Wiki,rq2_mr1_g005_branchstrict,rank_fill5,support_hit_count,2,1,0.05,strict,122,0.040983606557377046,-0.00819672131147541,0.09016393442622951,0.9193,False
2Wiki,rq2_mr1_g005_branchstrict,dbec_selective,support_hit_count,2,1,0.05,strict,122,-0.14754098360655737,-0.2459016393442623,-0.04918032786885246,0.0018,True
2Wiki,rq2_mr1_g010_branchoff,rank_fill5,support_recall,2,1,0.1,off,122,0.010245901639344262,-0.0020491803278688526,0.02459016393442623,0.9199,False
2Wiki,rq2_mr1_g010_branchoff,dbec_selective,support_recall,2,1,0.1,off,122,-0.036885245901639344,-0.06147540983606557,-0.012295081967213115,0.0018,True
2Wiki,rq2_mr1_g010_branchoff,rank_fill5,support_complete,2,1,0.1,off,122,0.02459016393442623,-0.01639344262295082,0.06557377049180328,0.8306,False
2Wiki,rq2_mr1_g010_branchoff,dbec_selective,support_complete,2,1,0.1,off,122,-0.13114754098360656,-0.22950819672131148,-0.040983606557377046,0.0019,True
2Wiki,rq2_mr1_g010_branchoff,rank_fill5,support_hit_count,2,1,0.1,off,122,0.040983606557377046,-0.00819672131147541,0.09836065573770492,0.9207,False
2Wiki,rq2_mr1_g010_branchoff,dbec_selective,support_hit_count,2,1,0.1,off,122,-0.14754098360655737,-0.2459016393442623,-0.040983606557377046,0.0018,True
2Wiki,rq2_mr1_g010_branchstrict,rank_fill5,support_recall,2,1,0.1,strict,122,0.010245901639344262,-0.0020491803278688526,0.02459016393442623,0.9186,False
2Wiki,rq2_mr1_g010_branchstrict,dbec_selective,support_recall,2,1,0.1,strict,122,-0.036885245901639344,-0.06147540983606557,-0.012295081967213115,0.0024,True
2Wiki,rq2_mr1_g010_branchstrict,rank_fill5,support_complete,2,1,0.1,strict,122,0.02459016393442623,-0.01639344262295082,0.06557377049180328,0.8328,False
2Wiki,rq2_mr1_g010_branchstrict,dbec_selective,support_complete,2,1,0.1,strict,122,-0.13114754098360656,-0.22131147540983606,-0.040983606557377046,0.0016,True
2Wiki,rq2_mr1_g010_branchstrict,rank_fill5,support_hit_count,2,1,0.1,strict,122,0.040983606557377046,-0.00819672131147541,0.09836065573770492,0.921,False
2Wiki,rq2_mr1_g010_branchstrict,dbec_selective,support_hit_count,2,1,0.1,strict,122,-0.14754098360655737,-0.2459016393442623,-0.040983606557377046,0.0018,True
2Wiki,rq2_mr2_g000_branchoff,rank_fill5,support_recall,2,2,0.0,off,122,0.010245901639344262,-0.0020491803278688526,0.022540983606557378,0.9172,False
2Wiki,rq2_mr2_g000_branchoff,dbec_selective,support_recall,2,2,0.0,off,122,-0.036885245901639344,-0.06147540983606557,-0.012295081967213115,0.002,True
2Wiki,rq2_mr2_g000_branchoff,rank_fill5,support_complete,2,2,0.0,off,122,0.02459016393442623,-0.01639344262295082,0.06557377049180328,0.8303,False
2Wiki,rq2_mr2_g000_branchoff,dbec_selective,support_complete,2,2,0.0,off,122,-0.13114754098360656,-0.22131147540983606,-0.040983606557377046,0.0024,True
2Wiki,rq2_mr2_g000_branchoff,rank_fill5,support_hit_count,2,2,0.0,off,122,0.040983606557377046,-0.00819672131147541,0.09836065573770492,0.9236,False
2Wiki,rq2_mr2_g000_branchoff,dbec_selective,support_hit_count,2,2,0.0,off,122,-0.14754098360655737,-0.2459016393442623,-0.04918032786885246,0.0019,True
2Wiki,rq2_mr2_g000_branchstrict,rank_fill5,support_recall,2,2,0.0,strict,122,0.010245901639344262,-0.0020491803278688526,0.02459016393442623,0.9217,False
2Wiki,rq2_mr2_g000_branchstrict,dbec_selective,support_recall,2,2,0.0,strict,122,-0.036885245901639344,-0.06147540983606557,-0.012295081967213115,0.0013,True
2Wiki,rq2_mr2_g000_branchstrict,rank_fill5,support_complete,2,2,0.0,strict,122,0.02459016393442623,-0.01639344262295082,0.06557377049180328,0.8338,False
2Wiki,rq2_mr2_g000_branchstrict,dbec_selective,support_complete,2,2,0.0,strict,122,-0.13114754098360656,-0.22131147540983606,-0.040983606557377046,0.0016,True
2Wiki,rq2_mr2_g000_branchstrict,rank_fill5,support_hit_count,2,2,0.0,strict,122,0.040983606557377046,-0.00819672131147541,0.09836065573770492,0.9203,False
2Wiki,rq2_mr2_g000_branchstrict,dbec_selective,support_hit_count,2,2,0.0,strict,122,-0.14754098360655737,-0.2459016393442623,-0.04918032786885246,0.0023,True
2Wiki,rq2_mr2_g003_branchoff,rank_fill5,support_recall,2,2,0.03,off,122,0.010245901639344262,-0.0020491803278688526,0.02459016393442623,0.9193,False
2Wiki,rq2_mr2_g003_branchoff,dbec_selective,support_recall,2,2,0.03,off,122,-0.036885245901639344,-0.06352459016393443,-0.012295081967213115,0.0016,True
2Wiki,rq2_mr2_g003_branchoff,rank_fill5,support_complete,2,2,0.03,off,122,0.02459016393442623,-0.01639344262295082,0.06557377049180328,0.8362,False
2Wiki,rq2_mr2_g003_branchoff,dbec_selective,support_complete,2,2,0.03,off,122,-0.13114754098360656,-0.22131147540983606,-0.03278688524590164,0.0019,True
2Wiki,rq2_mr2_g003_branchoff,rank_fill5,support_hit_count,2,2,0.03,off,122,0.040983606557377046,-0.00819672131147541,0.09016393442622951,0.9189,False
2Wiki,rq2_mr2_g003_branchoff,dbec_selective,support_hit_count,2,2,0.03,off,122,-0.14754098360655737,-0.2459016393442623,-0.040983606557377046,0.0016,True
2Wiki,rq2_mr2_g003_branchstrict,rank_fill5,support_recall,2,2,0.03,strict,122,0.010245901639344262,-0.0020491803278688526,0.02459016393442623,0.9194,False
2Wiki,rq2_mr2_g003_branchstrict,dbec_selective,support_recall,2,2,0.03,strict,122,-0.036885245901639344,-0.06147540983606557,-0.012295081967213115,0.0013,True
2Wiki,rq2_mr2_g003_branchstrict,rank_fill5,support_complete,2,2,0.03,strict,122,0.02459016393442623,-0.01639344262295082,0.06557377049180328,0.8314,False
2Wiki,rq2_mr2_g003_branchstrict,dbec_selective,support_complete,2,2,0.03,strict,122,-0.13114754098360656,-0.22131147540983606,-0.040983606557377046,0.0017,True
2Wiki,rq2_mr2_g003_branchstrict,rank_fill5,support_hit_count,2,2,0.03,strict,122,0.040983606557377046,-0.00819672131147541,0.09836065573770492,0.9175,False
2Wiki,rq2_mr2_g003_branchstrict,dbec_selective,support_hit_count,2,2,0.03,strict,122,-0.14754098360655737,-0.24610655737704898,-0.04918032786885246,0.0016,True
2Wiki,rq2_mr2_g005_branchoff,rank_fill5,support_recall,2,2,0.05,off,122,0.010245901639344262,-0.0020491803278688526,0.02459016393442623,0.9224,False
2Wiki,rq2_mr2_g005_branchoff,dbec_selective,support_recall,2,2,0.05,off,122,-0.036885245901639344,-0.06147540983606557,-0.012295081967213115,0.002,True
2Wiki,rq2_mr2_g005_branchoff,rank_fill5,support_complete,2,2,0.05,off,122,0.02459016393442623,-0.01639344262295082,0.06557377049180328,0.8351,False
2Wiki,rq2_mr2_g005_branchoff,dbec_selective,support_complete,2,2,0.05,off,122,-0.13114754098360656,-0.22131147540983606,-0.040983606557377046,0.0023,True
2Wiki,rq2_mr2_g005_branchoff,rank_fill5,support_hit_count,2,2,0.05,off,122,0.040983606557377046,-0.00819672131147541,0.09836065573770492,0.9195,False
2Wiki,rq2_mr2_g005_branchoff,dbec_selective,support_hit_count,2,2,0.05,off,122,-0.14754098360655737,-0.2459016393442623,-0.04918032786885246,0.0017,True
2Wiki,rq2_mr2_g005_branchstrict,rank_fill5,support_recall,2,2,0.05,strict,122,0.010245901639344262,-0.0020491803278688526,0.022540983606557378,0.9173,False
2Wiki,rq2_mr2_g005_branchstrict,dbec_selective,support_recall,2,2,0.05,strict,122,-0.036885245901639344,-0.06147540983606557,-0.012295081967213115,0.0023,True
2Wiki,rq2_mr2_g005_branchstrict,rank_fill5,support_complete,2,2,0.05,strict,122,0.02459016393442623,-0.01639344262295082,0.06557377049180328,0.8368,False
2Wiki,rq2_mr2_g005_branchstrict,dbec_selective,support_complete,2,2,0.05,strict,122,-0.13114754098360656,-0.22950819672131148,-0.040983606557377046,0.0025,True
2Wiki,rq2_mr2_g005_branchstrict,rank_fill5,support_hit_count,2,2,0.05,strict,122,0.040983606557377046,-0.00819672131147541,0.09836065573770492,0.9225,False
2Wiki,rq2_mr2_g005_branchstrict,dbec_selective,support_hit_count,2,2,0.05,strict,122,-0.14754098360655737,-0.2459016393442623,-0.04918032786885246,0.0014,True
2Wiki,rq2_mr2_g010_branchoff,rank_fill5,support_recall,2,2,0.1,off,122,0.010245901639344262,-0.0020491803278688526,0.02459016393442623,0.923,False
2Wiki,rq2_mr2_g010_branchoff,dbec_selective,support_recall,2,2,0.1,off,122,-0.036885245901639344,-0.06147540983606557,-0.012295081967213115,0.0012,True
2Wiki,rq2_mr2_g010_branchoff,rank_fill5,support_complete,2,2,0.1,off,122,0.02459016393442623,-0.01639344262295082,0.06557377049180328,0.8327,False
2Wiki,rq2_mr2_g010_branchoff,dbec_selective,support_complete,2,2,0.1,off,122,-0.13114754098360656,-0.22131147540983606,-0.040983606557377046,0.0021,True
2Wiki,rq2_mr2_g010_branchoff,rank_fill5,support_hit_count,2,2,0.1,off,122,0.040983606557377046,-0.00819672131147541,0.09016393442622951,0.9175,False
2Wiki,rq2_mr2_g010_branchoff,dbec_selective,support_hit_count,2,2,0.1,off,122,-0.14754098360655737,-0.2459016393442623,-0.04918032786885246,0.0023,True
2Wiki,rq2_mr2_g010_branchstrict,rank_fill5,support_recall,2,2,0.1,strict,122,0.010245901639344262,-0.0020491803278688526,0.02459016393442623,0.9222,False
2Wiki,rq2_mr2_g010_branchstrict,dbec_selective,support_recall,2,2,0.1,strict,122,-0.036885245901639344,-0.06147540983606557,-0.012295081967213115,0.0016,True
2Wiki,rq2_mr2_g010_branchstrict,rank_fill5,support_complete,2,2,0.1,strict,122,0.02459016393442623,-0.01639344262295082,0.06557377049180328,0.8314,False
2Wiki,rq2_mr2_g010_branchstrict,dbec_selective,support_complete,2,2,0.1,strict,122,-0.13114754098360656,-0.22131147540983606,-0.040983606557377046,0.0024,True
2Wiki,rq2_mr2_g010_branchstrict,rank_fill5,support_hit_count,2,2,0.1,strict,122,0.040983606557377046,-0.00819672131147541,0.09016393442622951,0.9159,False
2Wiki,rq2_mr2_g010_branchstrict,dbec_selective,support_hit_count,2,2,0.1,strict,122,-0.14754098360655737,-0.2459016393442623,-0.04918032786885246,0.0017,True
2Wiki,rq2_mr3_g000_branchoff,rank_fill5,support_recall,2,3,0.0,off,122,0.010245901639344262,-0.0020491803278688526,0.02459016393442623,0.9191,False
2Wiki,rq2_mr3_g000_branchoff,dbec_selective,support_recall,2,3,0.0,off,122,-0.036885245901639344,-0.06147540983606557,-0.012295081967213115,0.0012,True
2Wiki,rq2_mr3_g000_branchoff,rank_fill5,support_complete,2,3,0.0,off,122,0.02459016393442623,-0.01639344262295082,0.06557377049180328,0.8349,False
2Wiki,rq2_mr3_g000_branchoff,dbec_selective,support_complete,2,3,0.0,off,122,-0.13114754098360656,-0.22950819672131148,-0.040983606557377046,0.0031,True
2Wiki,rq2_mr3_g000_branchoff,rank_fill5,support_hit_count,2,3,0.0,off,122,0.040983606557377046,-0.00819672131147541,0.09836065573770492,0.9221,False
2Wiki,rq2_mr3_g000_branchoff,dbec_selective,support_hit_count,2,3,0.0,off,122,-0.14754098360655737,-0.2459016393442623,-0.04918032786885246,0.0022,True
2Wiki,rq2_mr3_g000_branchstrict,rank_fill5,support_recall,2,3,0.0,strict,122,0.010245901639344262,-0.0020491803278688526,0.02459016393442623,0.9222,False
2Wiki,rq2_mr3_g000_branchstrict,dbec_selective,support_recall,2,3,0.0,strict,122,-0.036885245901639344,-0.06147540983606557,-0.010245901639344262,0.003,True
2Wiki,rq2_mr3_g000_branchstrict,rank_fill5,support_complete,2,3,0.0,strict,122,0.02459016393442623,-0.01639344262295082,0.06557377049180328,0.8353,False
2Wiki,rq2_mr3_g000_branchstrict,dbec_selective,support_complete,2,3,0.0,strict,122,-0.13114754098360656,-0.22131147540983606,-0.03278688524590164,0.0025,True
2Wiki,rq2_mr3_g000_branchstrict,rank_fill5,support_hit_count,2,3,0.0,strict,122,0.040983606557377046,-0.00819672131147541,0.09836065573770492,0.9168,False
2Wiki,rq2_mr3_g000_branchstrict,dbec_selective,support_hit_count,2,3,0.0,strict,122,-0.14754098360655737,-0.2459016393442623,-0.040983606557377046,0.0022,True
2Wiki,rq2_mr3_g003_branchoff,rank_fill5,support_recall,2,3,0.03,off,122,0.010245901639344262,-0.0020491803278688526,0.022540983606557378,0.9143,False
2Wiki,rq2_mr3_g003_branchoff,dbec_selective,support_recall,2,3,0.03,off,122,-0.036885245901639344,-0.06147540983606557,-0.012295081967213115,0.0014,True
2Wiki,rq2_mr3_g003_branchoff,rank_fill5,support_complete,2,3,0.03,off,122,0.02459016393442623,-0.01639344262295082,0.06557377049180328,0.8369,False
2Wiki,rq2_mr3_g003_branchoff,dbec_selective,support_complete,2,3,0.03,off,122,-0.13114754098360656,-0.22950819672131148,-0.040983606557377046,0.0022,True
2Wiki,rq2_mr3_g003_branchoff,rank_fill5,support_hit_count,2,3,0.03,off,122,0.040983606557377046,-0.00819672131147541,0.09016393442622951,0.921,False
2Wiki,rq2_mr3_g003_branchoff,dbec_selective,support_hit_count,2,3,0.03,off,122,-0.14754098360655737,-0.2459016393442623,-0.040983606557377046,0.0019,True
2Wiki,rq2_mr3_g003_branchstrict,rank_fill5,support_recall,2,3,0.03,strict,122,0.010245901639344262,-0.0020491803278688526,0.02459016393442623,0.9194,False
2Wiki,rq2_mr3_g003_branchstrict,dbec_selective,support_recall,2,3,0.03,strict,122,-0.036885245901639344,-0.06147540983606557,-0.012295081967213115,0.0021,True
2Wiki,rq2_mr3_g003_branchstrict,rank_fill5,support_complete,2,3,0.03,strict,122,0.02459016393442623,-0.01639344262295082,0.06557377049180328,0.8311,False
2Wiki,rq2_mr3_g003_branchstrict,dbec_selective,support_complete,2,3,0.03,strict,122,-0.13114754098360656,-0.22131147540983606,-0.040983606557377046,0.0021,True
2Wiki,rq2_mr3_g003_branchstrict,rank_fill5,support_hit_count,2,3,0.03,strict,122,0.040983606557377046,-0.00819672131147541,0.09836065573770492,0.9189,False
2Wiki,rq2_mr3_g003_branchstrict,dbec_selective,support_hit_count,2,3,0.03,strict,122,-0.14754098360655737,-0.2459016393442623,-0.04918032786885246,0.0018,True
2Wiki,rq2_mr3_g005_branchoff,rank_fill5,support_recall,2,3,0.05,off,122,0.010245901639344262,-0.0020491803278688526,0.02459016393442623,0.9231,False
2Wiki,rq2_mr3_g005_branchoff,dbec_selective,support_recall,2,3,0.05,off,122,-0.036885245901639344,-0.06147540983606557,-0.012295081967213115,0.0019,True
2Wiki,rq2_mr3_g005_branchoff,rank_fill5,support_complete,2,3,0.05,off,122,0.02459016393442623,-0.01639344262295082,0.06557377049180328,0.8292,False
2Wiki,rq2_mr3_g005_branchoff,dbec_selective,support_complete,2,3,0.05,off,122,-0.13114754098360656,-0.22950819672131148,-0.040983606557377046,0.0021,True
2Wiki,rq2_mr3_g005_branchoff,rank_fill5,support_hit_count,2,3,0.05,off,122,0.040983606557377046,-0.00819672131147541,0.09836065573770492,0.9192,False
2Wiki,rq2_mr3_g005_branchoff,dbec_selective,support_hit_count,2,3,0.05,off,122,-0.14754098360655737,-0.2459016393442623,-0.04918032786885246,0.0017,True
2Wiki,rq2_mr3_g005_branchstrict,rank_fill5,support_recall,2,3,0.05,strict,122,0.010245901639344262,-0.0020491803278688526,0.022540983606557378,0.9179,False
2Wiki,rq2_mr3_g005_branchstrict,dbec_selective,support_recall,2,3,0.05,strict,122,-0.036885245901639344,-0.06147540983606557,-0.010245901639344262,0.0018,True
2Wiki,rq2_mr3_g005_branchstrict,rank_fill5,support_complete,2,3,0.05,strict,122,0.02459016393442623,-0.01639344262295082,0.06557377049180328,0.8376,False
2Wiki,rq2_mr3_g005_branchstrict,dbec_selective,support_complete,2,3,0.05,strict,122,-0.13114754098360656,-0.22131147540983606,-0.040983606557377046,0.0022,True
2Wiki,rq2_mr3_g005_branchstrict,rank_fill5,support_hit_count,2,3,0.05,strict,122,0.040983606557377046,-0.00819672131147541,0.09836065573770492,0.9198,False
2Wiki,rq2_mr3_g005_branchstrict,dbec_selective,support_hit_count,2,3,0.05,strict,122,-0.14754098360655737,-0.2459016393442623,-0.040983606557377046,0.0022,True
2Wiki,rq2_mr3_g010_branchoff,rank_fill5,support_recall,2,3,0.1,off,122,0.010245901639344262,-0.0020491803278688526,0.022540983606557378,0.9181,False
2Wiki,rq2_mr3_g010_branchoff,dbec_selective,support_recall,2,3,0.1,off,122,-0.036885245901639344,-0.06147540983606557,-0.012295081967213115,0.0016,True
2Wiki,rq2_mr3_g010_branchoff,rank_fill5,support_complete,2,3,0.1,off,122,0.02459016393442623,-0.01639344262295082,0.06557377049180328,0.8323,False
2Wiki,rq2_mr3_g010_branchoff,dbec_selective,support_complete,2,3,0.1,off,122,-0.13114754098360656,-0.22950819672131148,-0.040983606557377046,0.0024,True
2Wiki,rq2_mr3_g010_branchoff,rank_fill5,support_hit_count,2,3,0.1,off,122,0.040983606557377046,-0.00819672131147541,0.09836065573770492,0.9226,False
2Wiki,rq2_mr3_g010_branchoff,dbec_selective,support_hit_count,2,3,0.1,off,122,-0.14754098360655737,-0.2459016393442623,-0.04918032786885246,0.0021,True
2Wiki,rq2_mr3_g010_branchstrict,rank_fill5,support_recall,2,3,0.1,strict,122,0.010245901639344262,-0.0020491803278688526,0.02459016393442623,0.9195,False
2Wiki,rq2_mr3_g010_branchstrict,dbec_selective,support_recall,2,3,0.1,strict,122,-0.036885245901639344,-0.06147540983606557,-0.012295081967213115,0.0019,True
2Wiki,rq2_mr3_g010_branchstrict,rank_fill5,support_complete,2,3,0.1,strict,122,0.02459016393442623,-0.01639344262295082,0.06557377049180328,0.8293,False
2Wiki,rq2_mr3_g010_branchstrict,dbec_selective,support_complete,2,3,0.1,strict,122,-0.13114754098360656,-0.22950819672131148,-0.040983606557377046,0.0016,True
2Wiki,rq2_mr3_g010_branchstrict,rank_fill5,support_hit_count,2,3,0.1,strict,122,0.040983606557377046,-0.00819672131147541,0.09016393442622951,0.9189,False
2Wiki,rq2_mr3_g010_branchstrict,dbec_selective,support_hit_count,2,3,0.1,strict,122,-0.14754098360655737,-0.2459016393442623,-0.04918032786885246,0.0022,True
HotpotQA,rq1_mr1_g000_branchoff,rank_fill5,support_recall,1,1,0.0,off,32,0.03125,0.0,0.078125,0.8675,False
HotpotQA,rq1_mr1_g000_branchoff,dbec_selective,support_recall,1,1,0.0,off,32,0.015625,0.0,0.046875,0.6382,False
HotpotQA,rq1_mr1_g000_branchoff,rank_fill5,support_complete,1,1,0.0,off,32,0.0625,0.0,0.15625,0.8698,False
HotpotQA,rq1_mr1_g000_branchoff,dbec_selective,support_complete,1,1,0.0,off,32,0.03125,0.0,0.09375,0.6384,False
HotpotQA,rq1_mr1_g000_branchoff,rank_fill5,support_hit_count,1,1,0.0,off,32,0.0625,0.0,0.15625,0.8719,False
HotpotQA,rq1_mr1_g000_branchoff,dbec_selective,support_hit_count,1,1,0.0,off,32,0.03125,0.0,0.09375,0.6323,False
HotpotQA,rq1_mr1_g000_branchstrict,rank_fill5,support_recall,1,1,0.0,strict,32,0.03125,0.0,0.078125,0.8727,False
HotpotQA,rq1_mr1_g000_branchstrict,dbec_selective,support_recall,1,1,0.0,strict,32,0.015625,0.0,0.046875,0.6416,False
HotpotQA,rq1_mr1_g000_branchstrict,rank_fill5,support_complete,1,1,0.0,strict,32,0.0625,0.0,0.15625,0.8715,False
HotpotQA,rq1_mr1_g000_branchstrict,dbec_selective,support_complete,1,1,0.0,strict,32,0.03125,0.0,0.09375,0.6341,False
HotpotQA,rq1_mr1_g000_branchstrict,rank_fill5,support_hit_count,1,1,0.0,strict,32,0.0625,0.0,0.15625,0.8701,False
HotpotQA,rq1_mr1_g000_branchstrict,dbec_selective,support_hit_count,1,1,0.0,strict,32,0.03125,0.0,0.09375,0.643,False
HotpotQA,rq1_mr1_g003_branchoff,rank_fill5,support_recall,1,1,0.03,off,32,0.03125,0.0,0.078125,0.8708,False
HotpotQA,rq1_mr1_g003_branchoff,dbec_selective,support_recall,1,1,0.03,off,32,0.015625,0.0,0.046875,0.634,False
HotpotQA,rq1_mr1_g003_branchoff,rank_fill5,support_complete,1,1,0.03,off,32,0.0625,0.0,0.15625,0.8755,False
HotpotQA,rq1_mr1_g003_branchoff,dbec_selective,support_complete,1,1,0.03,off,32,0.03125,0.0,0.09375,0.6339,False
HotpotQA,rq1_mr1_g003_branchoff,rank_fill5,support_hit_count,1,1,0.03,off,32,0.0625,0.0,0.15625,0.8797,False
HotpotQA,rq1_mr1_g003_branchoff,dbec_selective,support_hit_count,1,1,0.03,off,32,0.03125,0.0,0.09375,0.6416,False
HotpotQA,rq1_mr1_g003_branchstrict,rank_fill5,support_recall,1,1,0.03,strict,32,0.03125,0.0,0.078125,0.8685,False
HotpotQA,rq1_mr1_g003_branchstrict,dbec_selective,support_recall,1,1,0.03,strict,32,0.015625,0.0,0.046875,0.6445,False
HotpotQA,rq1_mr1_g003_branchstrict,rank_fill5,support_complete,1,1,0.03,strict,32,0.0625,0.0,0.15625,0.8758,False
HotpotQA,rq1_mr1_g003_branchstrict,dbec_selective,support_complete,1,1,0.03,strict,32,0.03125,0.0,0.09375,0.6399,False
HotpotQA,rq1_mr1_g003_branchstrict,rank_fill5,support_hit_count,1,1,0.03,strict,32,0.0625,0.0,0.15625,0.872,False
HotpotQA,rq1_mr1_g003_branchstrict,dbec_selective,support_hit_count,1,1,0.03,strict,32,0.03125,0.0,0.09375,0.6464,False
HotpotQA,rq1_mr1_g005_branchoff,rank_fill5,support_recall,1,1,0.05,off,32,0.03125,0.0,0.078125,0.8739,False
HotpotQA,rq1_mr1_g005_branchoff,dbec_selective,support_recall,1,1,0.05,off,32,0.015625,0.0,0.046875,0.644,False
HotpotQA,rq1_mr1_g005_branchoff,rank_fill5,support_complete,1,1,0.05,off,32,0.0625,0.0,0.15625,0.8722,False
HotpotQA,rq1_mr1_g005_branchoff,dbec_selective,support_complete,1,1,0.05,off,32,0.03125,0.0,0.09375,0.6442,False
HotpotQA,rq1_mr1_g005_branchoff,rank_fill5,support_hit_count,1,1,0.05,off,32,0.0625,0.0,0.15625,0.8704,False
HotpotQA,rq1_mr1_g005_branchoff,dbec_selective,support_hit_count,1,1,0.05,off,32,0.03125,0.0,0.09375,0.6365,False
HotpotQA,rq1_mr1_g005_branchstrict,rank_fill5,support_recall,1,1,0.05,strict,32,0.03125,0.0,0.078125,0.8728,False
HotpotQA,rq1_mr1_g005_branchstrict,dbec_selective,support_recall,1,1,0.05,strict,32,0.015625,0.0,0.046875,0.6317,False
HotpotQA,rq1_mr1_g005_branchstrict,rank_fill5,support_complete,1,1,0.05,strict,32,0.0625,0.0,0.15625,0.8707,False
HotpotQA,rq1_mr1_g005_branchstrict,dbec_selective,support_complete,1,1,0.05,strict,32,0.03125,0.0,0.09375,0.6447,False
HotpotQA,rq1_mr1_g005_branchstrict,rank_fill5,support_hit_count,1,1,0.05,strict,32,0.0625,0.0,0.15625,0.8791,False
HotpotQA,rq1_mr1_g005_branchstrict,dbec_selective,support_hit_count,1,1,0.05,strict,32,0.03125,0.0,0.09375,0.6405,False
HotpotQA,rq1_mr1_g010_branchoff,rank_fill5,support_recall,1,1,0.1,off,32,0.03125,0.0,0.078125,0.8729,False
HotpotQA,rq1_mr1_g010_branchoff,dbec_selective,support_recall,1,1,0.1,off,32,0.015625,0.0,0.046875,0.6397,False
HotpotQA,rq1_mr1_g010_branchoff,rank_fill5,support_complete,1,1,0.1,off,32,0.0625,0.0,0.15625,0.867,False
HotpotQA,rq1_mr1_g010_branchoff,dbec_selective,support_complete,1,1,0.1,off,32,0.03125,0.0,0.09375,0.639,False
HotpotQA,rq1_mr1_g010_branchoff,rank_fill5,support_hit_count,1,1,0.1,off,32,0.0625,0.0,0.15625,0.8739,False
HotpotQA,rq1_mr1_g010_branchoff,dbec_selective,support_hit_count,1,1,0.1,off,32,0.03125,0.0,0.09375,0.6401,False
HotpotQA,rq1_mr1_g010_branchstrict,rank_fill5,support_recall,1,1,0.1,strict,32,0.03125,0.0,0.078125,0.8755,False
HotpotQA,rq1_mr1_g010_branchstrict,dbec_selective,support_recall,1,1,0.1,strict,32,0.015625,0.0,0.046875,0.6391,False
HotpotQA,rq1_mr1_g010_branchstrict,rank_fill5,support_complete,1,1,0.1,strict,32,0.0625,0.0,0.15625,0.8749,False
HotpotQA,rq1_mr1_g010_branchstrict,dbec_selective,support_complete,1,1,0.1,strict,32,0.03125,0.0,0.09375,0.632,False
HotpotQA,rq1_mr1_g010_branchstrict,rank_fill5,support_hit_count,1,1,0.1,strict,32,0.0625,0.0,0.15625,0.8733,False
HotpotQA,rq1_mr1_g010_branchstrict,dbec_selective,support_hit_count,1,1,0.1,strict,32,0.03125,0.0,0.09375,0.6402,False
HotpotQA,rq1_mr2_g000_branchoff,rank_fill5,support_recall,1,2,0.0,off,32,0.03125,0.0,0.078125,0.8735,False
HotpotQA,rq1_mr2_g000_branchoff,dbec_selective,support_recall,1,2,0.0,off,32,0.015625,0.0,0.046875,0.6445,False
HotpotQA,rq1_mr2_g000_branchoff,rank_fill5,support_complete,1,2,0.0,off,32,0.0625,0.0,0.15625,0.8708,False
HotpotQA,rq1_mr2_g000_branchoff,dbec_selective,support_complete,1,2,0.0,off,32,0.03125,0.0,0.09375,0.6374,False
HotpotQA,rq1_mr2_g000_branchoff,rank_fill5,support_hit_count,1,2,0.0,off,32,0.0625,0.0,0.15625,0.8712,False
HotpotQA,rq1_mr2_g000_branchoff,dbec_selective,support_hit_count,1,2,0.0,off,32,0.03125,0.0,0.09375,0.6321,False
HotpotQA,rq1_mr2_g000_branchstrict,rank_fill5,support_recall,1,2,0.0,strict,32,0.03125,0.0,0.078125,0.8724,False
HotpotQA,rq1_mr2_g000_branchstrict,dbec_selective,support_recall,1,2,0.0,strict,32,0.015625,0.0,0.046875,0.6386,False
HotpotQA,rq1_mr2_g000_branchstrict,rank_fill5,support_complete,1,2,0.0,strict,32,0.0625,0.0,0.15625,0.8657,False
HotpotQA,rq1_mr2_g000_branchstrict,dbec_selective,support_complete,1,2,0.0,strict,32,0.03125,0.0,0.09375,0.6421,False
HotpotQA,rq1_mr2_g000_branchstrict,rank_fill5,support_hit_count,1,2,0.0,strict,32,0.0625,0.0,0.15625,0.8713,False
HotpotQA,rq1_mr2_g000_branchstrict,dbec_selective,support_hit_count,1,2,0.0,strict,32,0.03125,0.0,0.09375,0.6291,False
HotpotQA,rq1_mr2_g003_branchoff,rank_fill5,support_recall,1,2,0.03,off,32,0.03125,0.0,0.078125,0.877,False
HotpotQA,rq1_mr2_g003_branchoff,dbec_selective,support_recall,1,2,0.03,off,32,0.015625,0.0,0.046875,0.6358,False
HotpotQA,rq1_mr2_g003_branchoff,rank_fill5,support_complete,1,2,0.03,off,32,0.0625,0.0,0.15625,0.863,False
HotpotQA,rq1_mr2_g003_branchoff,dbec_selective,support_complete,1,2,0.03,off,32,0.03125,0.0,0.09375,0.6344,False
HotpotQA,rq1_mr2_g003_branchoff,rank_fill5,support_hit_count,1,2,0.03,off,32,0.0625,0.0,0.15625,0.878,False
HotpotQA,rq1_mr2_g003_branchoff,dbec_selective,support_hit_count,1,2,0.03,off,32,0.03125,0.0,0.09375,0.642,False
HotpotQA,rq1_mr2_g003_branchstrict,rank_fill5,support_recall,1,2,0.03,strict,32,0.03125,0.0,0.078125,0.8728,False
HotpotQA,rq1_mr2_g003_branchstrict,dbec_selective,support_recall,1,2,0.03,strict,32,0.015625,0.0,0.046875,0.6381,False
HotpotQA,rq1_mr2_g003_branchstrict,rank_fill5,support_complete,1,2,0.03,strict,32,0.0625,0.0,0.15625,0.8695,False
HotpotQA,rq1_mr2_g003_branchstrict,dbec_selective,support_complete,1,2,0.03,strict,32,0.03125,0.0,0.09375,0.6366,False
HotpotQA,rq1_mr2_g003_branchstrict,rank_fill5,support_hit_count,1,2,0.03,strict,32,0.0625,0.0,0.15625,0.8717,False
HotpotQA,rq1_mr2_g003_branchstrict,dbec_selective,support_hit_count,1,2,0.03,strict,32,0.03125,0.0,0.09375,0.6471,False
HotpotQA,rq1_mr2_g005_branchoff,rank_fill5,support_recall,1,2,0.05,off,32,0.03125,0.0,0.078125,0.8782,False
HotpotQA,rq1_mr2_g005_branchoff,dbec_selective,support_recall,1,2,0.05,off,32,0.015625,0.0,0.046875,0.6393,False
HotpotQA,rq1_mr2_g005_branchoff,rank_fill5,support_complete,1,2,0.05,off,32,0.0625,0.0,0.15625,0.872,False
HotpotQA,rq1_mr2_g005_branchoff,dbec_selective,support_complete,1,2,0.05,off,32,0.03125,0.0,0.09375,0.6391,False
HotpotQA,rq1_mr2_g005_branchoff,rank_fill5,support_hit_count,1,2,0.05,off,32,0.0625,0.0,0.15625,0.8679,False
HotpotQA,rq1_mr2_g005_branchoff,dbec_selective,support_hit_count,1,2,0.05,off,32,0.03125,0.0,0.09375,0.6355,False
HotpotQA,rq1_mr2_g005_branchstrict,rank_fill5,support_recall,1,2,0.05,strict,32,0.03125,0.0,0.078125,0.8776,False
HotpotQA,rq1_mr2_g005_branchstrict,dbec_selective,support_recall,1,2,0.05,strict,32,0.015625,0.0,0.046875,0.6424,False
HotpotQA,rq1_mr2_g005_branchstrict,rank_fill5,support_complete,1,2,0.05,strict,32,0.0625,0.0,0.15625,0.8649,False
HotpotQA,rq1_mr2_g005_branchstrict,dbec_selective,support_complete,1,2,0.05,strict,32,0.03125,0.0,0.09375,0.6368,False
HotpotQA,rq1_mr2_g005_branchstrict,rank_fill5,support_hit_count,1,2,0.05,strict,32,0.0625,0.0,0.15625,0.8684,False
HotpotQA,rq1_mr2_g005_branchstrict,dbec_selective,support_hit_count,1,2,0.05,strict,32,0.03125,0.0,0.09375,0.6355,False
HotpotQA,rq1_mr2_g010_branchoff,rank_fill5,support_recall,1,2,0.1,off,32,0.03125,0.0,0.078125,0.8712,False
HotpotQA,rq1_mr2_g010_branchoff,dbec_selective,support_recall,1,2,0.1,off,32,0.015625,0.0,0.046875,0.6354,False
HotpotQA,rq1_mr2_g010_branchoff,rank_fill5,support_complete,1,2,0.1,off,32,0.0625,0.0,0.15625,0.8781,False
HotpotQA,rq1_mr2_g010_branchoff,dbec_selective,support_complete,1,2,0.1,off,32,0.03125,0.0,0.09375,0.6387,False
HotpotQA,rq1_mr2_g010_branchoff,rank_fill5,support_hit_count,1,2,0.1,off,32,0.0625,0.0,0.15625,0.8737,False
HotpotQA,rq1_mr2_g010_branchoff,dbec_selective,support_hit_count,1,2,0.1,off,32,0.03125,0.0,0.09375,0.6332,False
HotpotQA,rq1_mr2_g010_branchstrict,rank_fill5,support_recall,1,2,0.1,strict,32,0.03125,0.0,0.078125,0.877,False
HotpotQA,rq1_mr2_g010_branchstrict,dbec_selective,support_recall,1,2,0.1,strict,32,0.015625,0.0,0.046875,0.631,False
HotpotQA,rq1_mr2_g010_branchstrict,rank_fill5,support_complete,1,2,0.1,strict,32,0.0625,0.0,0.15625,0.8688,False
HotpotQA,rq1_mr2_g010_branchstrict,dbec_selective,support_complete,1,2,0.1,strict,32,0.03125,0.0,0.09375,0.6477,False
HotpotQA,rq1_mr2_g010_branchstrict,rank_fill5,support_hit_count,1,2,0.1,strict,32,0.0625,0.0,0.15625,0.8738,False
HotpotQA,rq1_mr2_g010_branchstrict,dbec_selective,support_hit_count,1,2,0.1,strict,32,0.03125,0.0,0.09375,0.6402,False
HotpotQA,rq1_mr3_g000_branchoff,rank_fill5,support_recall,1,3,0.0,off,32,0.03125,0.0,0.078125,0.8741,False
HotpotQA,rq1_mr3_g000_branchoff,dbec_selective,support_recall,1,3,0.0,off,32,0.015625,0.0,0.046875,0.6352,False
HotpotQA,rq1_mr3_g000_branchoff,rank_fill5,support_complete,1,3,0.0,off,32,0.0625,0.0,0.15625,0.8745,False
HotpotQA,rq1_mr3_g000_branchoff,dbec_selective,support_complete,1,3,0.0,off,32,0.03125,0.0,0.09375,0.6309,False
HotpotQA,rq1_mr3_g000_branchoff,rank_fill5,support_hit_count,1,3,0.0,off,32,0.0625,0.0,0.15625,0.878,False
HotpotQA,rq1_mr3_g000_branchoff,dbec_selective,support_hit_count,1,3,0.0,off,32,0.03125,0.0,0.09375,0.6387,False
HotpotQA,rq1_mr3_g000_branchstrict,rank_fill5,support_recall,1,3,0.0,strict,32,0.03125,0.0,0.078125,0.874,False
HotpotQA,rq1_mr3_g000_branchstrict,dbec_selective,support_recall,1,3,0.0,strict,32,0.015625,0.0,0.046875,0.6377,False
HotpotQA,rq1_mr3_g000_branchstrict,rank_fill5,support_complete,1,3,0.0,strict,32,0.0625,0.0,0.15625,0.8719,False
HotpotQA,rq1_mr3_g000_branchstrict,dbec_selective,support_complete,1,3,0.0,strict,32,0.03125,0.0,0.09375,0.6407,False
HotpotQA,rq1_mr3_g000_branchstrict,rank_fill5,support_hit_count,1,3,0.0,strict,32,0.0625,0.0,0.15625,0.8774,False
HotpotQA,rq1_mr3_g000_branchstrict,dbec_selective,support_hit_count,1,3,0.0,strict,32,0.03125,0.0,0.09375,0.6284,False
HotpotQA,rq1_mr3_g003_branchoff,rank_fill5,support_recall,1,3,0.03,off,32,0.03125,0.0,0.078125,0.87,False
HotpotQA,rq1_mr3_g003_branchoff,dbec_selective,support_recall,1,3,0.03,off,32,0.015625,0.0,0.046875,0.6228,False
HotpotQA,rq1_mr3_g003_branchoff,rank_fill5,support_complete,1,3,0.03,off,32,0.0625,0.0,0.15625,0.8771,False
HotpotQA,rq1_mr3_g003_branchoff,dbec_selective,support_complete,1,3,0.03,off,32,0.03125,0.0,0.09375,0.6303,False
HotpotQA,rq1_mr3_g003_branchoff,rank_fill5,support_hit_count,1,3,0.03,off,32,0.0625,0.0,0.15625,0.8812,False
HotpotQA,rq1_mr3_g003_branchoff,dbec_selective,support_hit_count,1,3,0.03,off,32,0.03125,0.0,0.09375,0.6396,False
HotpotQA,rq1_mr3_g003_branchstrict,rank_fill5,support_recall,1,3,0.03,strict,32,0.03125,0.0,0.078125,0.8725,False
HotpotQA,rq1_mr3_g003_branchstrict,dbec_selective,support_recall,1,3,0.03,strict,32,0.015625,0.0,0.046875,0.6424,False
HotpotQA,rq1_mr3_g003_branchstrict,rank_fill5,support_complete,1,3,0.03,strict,32,0.0625,0.0,0.15625,0.8691,False
HotpotQA,rq1_mr3_g003_branchstrict,dbec_selective,support_complete,1,3,0.03,strict,32,0.03125,0.0,0.09375,0.6268,False
HotpotQA,rq1_mr3_g003_branchstrict,rank_fill5,support_hit_count,1,3,0.03,strict,32,0.0625,0.0,0.15625,0.8735,False
HotpotQA,rq1_mr3_g003_branchstrict,dbec_selective,support_hit_count,1,3,0.03,strict,32,0.03125,0.0,0.09375,0.6413,False
HotpotQA,rq1_mr3_g005_branchoff,rank_fill5,support_recall,1,3,0.05,off,32,0.03125,0.0,0.078125,0.8745,False
HotpotQA,rq1_mr3_g005_branchoff,dbec_selective,support_recall,1,3,0.05,off,32,0.015625,0.0,0.046875,0.6389,False
HotpotQA,rq1_mr3_g005_branchoff,rank_fill5,support_complete,1,3,0.05,off,32,0.0625,0.0,0.15625,0.8769,False
HotpotQA,rq1_mr3_g005_branchoff,dbec_selective,support_complete,1,3,0.05,off,32,0.03125,0.0,0.09375,0.6386,False
HotpotQA,rq1_mr3_g005_branchoff,rank_fill5,support_hit_count,1,3,0.05,off,32,0.0625,0.0,0.15625,0.8695,False
HotpotQA,rq1_mr3_g005_branchoff,dbec_selective,support_hit_count,1,3,0.05,off,32,0.03125,0.0,0.09375,0.6376,False
HotpotQA,rq1_mr3_g005_branchstrict,rank_fill5,support_recall,1,3,0.05,strict,32,0.03125,0.0,0.078125,0.8731,False
HotpotQA,rq1_mr3_g005_branchstrict,dbec_selective,support_recall,1,3,0.05,strict,32,0.015625,0.0,0.046875,0.6389,False
HotpotQA,rq1_mr3_g005_branchstrict,rank_fill5,support_complete,1,3,0.05,strict,32,0.0625,0.0,0.15625,0.8707,False
HotpotQA,rq1_mr3_g005_branchstrict,dbec_selective,support_complete,1,3,0.05,strict,32,0.03125,0.0,0.09375,0.6371,False
HotpotQA,rq1_mr3_g005_branchstrict,rank_fill5,support_hit_count,1,3,0.05,strict,32,0.0625,0.0,0.15625,0.8789,False
HotpotQA,rq1_mr3_g005_branchstrict,dbec_selective,support_hit_count,1,3,0.05,strict,32,0.03125,0.0,0.09375,0.6344,False
HotpotQA,rq1_mr3_g010_branchoff,rank_fill5,support_recall,1,3,0.1,off,32,0.03125,0.0,0.078125,0.8692,False
HotpotQA,rq1_mr3_g010_branchoff,dbec_selective,support_recall,1,3,0.1,off,32,0.015625,0.0,0.046875,0.6348,False
HotpotQA,rq1_mr3_g010_branchoff,rank_fill5,support_complete,1,3,0.1,off,32,0.0625,0.0,0.15625,0.8721,False
HotpotQA,rq1_mr3_g010_branchoff,dbec_selective,support_complete,1,3,0.1,off,32,0.03125,0.0,0.09375,0.6307,False
HotpotQA,rq1_mr3_g010_branchoff,rank_fill5,support_hit_count,1,3,0.1,off,32,0.0625,0.0,0.15625,0.8713,False
HotpotQA,rq1_mr3_g010_branchoff,dbec_selective,support_hit_count,1,3,0.1,off,32,0.03125,0.0,0.09375,0.6333,False
HotpotQA,rq1_mr3_g010_branchstrict,rank_fill5,support_recall,1,3,0.1,strict,32,0.03125,0.0,0.078125,0.8693,False
HotpotQA,rq1_mr3_g010_branchstrict,dbec_selective,support_recall,1,3,0.1,strict,32,0.015625,0.0,0.046875,0.6381,False
HotpotQA,rq1_mr3_g010_branchstrict,rank_fill5,support_complete,1,3,0.1,strict,32,0.0625,0.0,0.15625,0.8673,False
HotpotQA,rq1_mr3_g010_branchstrict,dbec_selective,support_complete,1,3,0.1,strict,32,0.03125,0.0,0.09375,0.639,False
HotpotQA,rq1_mr3_g010_branchstrict,rank_fill5,support_hit_count,1,3,0.1,strict,32,0.0625,0.0,0.15625,0.8748,False
HotpotQA,rq1_mr3_g010_branchstrict,dbec_selective,support_hit_count,1,3,0.1,strict,32,0.03125,0.0,0.09375,0.6323,False
HotpotQA,rq2_mr1_g000_branchoff,rank_fill5,support_recall,2,1,0.0,off,32,0.03125,0.0,0.078125,0.8744,False
HotpotQA,rq2_mr1_g000_branchoff,dbec_selective,support_recall,2,1,0.0,off,32,0.015625,0.0,0.046875,0.6347,False
HotpotQA,rq2_mr1_g000_branchoff,rank_fill5,support_complete,2,1,0.0,off,32,0.0625,0.0,0.15625,0.8721,False
HotpotQA,rq2_mr1_g000_branchoff,dbec_selective,support_complete,2,1,0.0,off,32,0.03125,0.0,0.09375,0.6381,False
HotpotQA,rq2_mr1_g000_branchoff,rank_fill5,support_hit_count,2,1,0.0,off,32,0.0625,0.0,0.15625,0.8691,False
HotpotQA,rq2_mr1_g000_branchoff,dbec_selective,support_hit_count,2,1,0.0,off,32,0.03125,0.0,0.09375,0.6354,False
HotpotQA,rq2_mr1_g000_branchstrict,rank_fill5,support_recall,2,1,0.0,strict,32,0.03125,0.0,0.078125,0.8715,False
HotpotQA,rq2_mr1_g000_branchstrict,dbec_selective,support_recall,2,1,0.0,strict,32,0.015625,0.0,0.046875,0.6429,False
HotpotQA,rq2_mr1_g000_branchstrict,rank_fill5,support_complete,2,1,0.0,strict,32,0.0625,0.0,0.15625,0.8736,False
HotpotQA,rq2_mr1_g000_branchstrict,dbec_selective,support_complete,2,1,0.0,strict,32,0.03125,0.0,0.09375,0.6357,False
HotpotQA,rq2_mr1_g000_branchstrict,rank_fill5,support_hit_count,2,1,0.0,strict,32,0.0625,0.0,0.15625,0.8797,False
HotpotQA,rq2_mr1_g000_branchstrict,dbec_selective,support_hit_count,2,1,0.0,strict,32,0.03125,0.0,0.09375,0.6342,False
HotpotQA,rq2_mr1_g003_branchoff,rank_fill5,support_recall,2,1,0.03,off,32,0.03125,0.0,0.078125,0.8731,False
HotpotQA,rq2_mr1_g003_branchoff,dbec_selective,support_recall,2,1,0.03,off,32,0.015625,0.0,0.046875,0.6455,False
HotpotQA,rq2_mr1_g003_branchoff,rank_fill5,support_complete,2,1,0.03,off,32,0.0625,0.0,0.15625,0.868,False
HotpotQA,rq2_mr1_g003_branchoff,dbec_selective,support_complete,2,1,0.03,off,32,0.03125,0.0,0.09375,0.6334,False
HotpotQA,rq2_mr1_g003_branchoff,rank_fill5,support_hit_count,2,1,0.03,off,32,0.0625,0.0,0.15625,0.8686,False
HotpotQA,rq2_mr1_g003_branchoff,dbec_selective,support_hit_count,2,1,0.03,off,32,0.03125,0.0,0.09375,0.6439,False
HotpotQA,rq2_mr1_g003_branchstrict,rank_fill5,support_recall,2,1,0.03,strict,32,0.03125,0.0,0.078125,0.8753,False
HotpotQA,rq2_mr1_g003_branchstrict,dbec_selective,support_recall,2,1,0.03,strict,32,0.015625,0.0,0.046875,0.6337,False
HotpotQA,rq2_mr1_g003_branchstrict,rank_fill5,support_complete,2,1,0.03,strict,32,0.0625,0.0,0.15625,0.8737,False
HotpotQA,rq2_mr1_g003_branchstrict,dbec_selective,support_complete,2,1,0.03,strict,32,0.03125,0.0,0.09375,0.6405,False
HotpotQA,rq2_mr1_g003_branchstrict,rank_fill5,support_hit_count,2,1,0.03,strict,32,0.0625,0.0,0.15625,0.872,False
HotpotQA,rq2_mr1_g003_branchstrict,dbec_selective,support_hit_count,2,1,0.03,strict,32,0.03125,0.0,0.09375,0.6372,False
HotpotQA,rq2_mr1_g005_branchoff,rank_fill5,support_recall,2,1,0.05,off,32,0.03125,0.0,0.078125,0.87,False
HotpotQA,rq2_mr1_g005_branchoff,dbec_selective,support_recall,2,1,0.05,off,32,0.015625,0.0,0.046875,0.6396,False
HotpotQA,rq2_mr1_g005_branchoff,rank_fill5,support_complete,2,1,0.05,off,32,0.0625,0.0,0.15625,0.8741,False
HotpotQA,rq2_mr1_g005_branchoff,dbec_selective,support_complete,2,1,0.05,off,32,0.03125,0.0,0.09375,0.6353,False
HotpotQA,rq2_mr1_g005_branchoff,rank_fill5,support_hit_count,2,1,0.05,off,32,0.0625,0.0,0.15625,0.8743,False
HotpotQA,rq2_mr1_g005_branchoff,dbec_selective,support_hit_count,2,1,0.05,off,32,0.03125,0.0,0.09375,0.6371,False
HotpotQA,rq2_mr1_g005_branchstrict,rank_fill5,support_recall,2,1,0.05,strict,32,0.03125,0.0,0.078125,0.8714,False
HotpotQA,rq2_mr1_g005_branchstrict,dbec_selective,support_recall,2,1,0.05,strict,32,0.015625,0.0,0.046875,0.6371,False
HotpotQA,rq2_mr1_g005_branchstrict,rank_fill5,support_complete,2,1,0.05,strict,32,0.0625,0.0,0.15625,0.8698,False
HotpotQA,rq2_mr1_g005_branchstrict,dbec_selective,support_complete,2,1,0.05,strict,32,0.03125,0.0,0.09375,0.6427,False
HotpotQA,rq2_mr1_g005_branchstrict,rank_fill5,support_hit_count,2,1,0.05,strict,32,0.0625,0.0,0.15625,0.8733,False
HotpotQA,rq2_mr1_g005_branchstrict,dbec_selective,support_hit_count,2,1,0.05,strict,32,0.03125,0.0,0.09375,0.6356,False
HotpotQA,rq2_mr1_g010_branchoff,rank_fill5,support_recall,2,1,0.1,off,32,0.03125,0.0,0.078125,0.8752,False
HotpotQA,rq2_mr1_g010_branchoff,dbec_selective,support_recall,2,1,0.1,off,32,0.015625,0.0,0.046875,0.6371,False
HotpotQA,rq2_mr1_g010_branchoff,rank_fill5,support_complete,2,1,0.1,off,32,0.0625,0.0,0.15625,0.8737,False
HotpotQA,rq2_mr1_g010_branchoff,dbec_selective,support_complete,2,1,0.1,off,32,0.03125,0.0,0.09375,0.6391,False
HotpotQA,rq2_mr1_g010_branchoff,rank_fill5,support_hit_count,2,1,0.1,off,32,0.0625,0.0,0.15625,0.8736,False
HotpotQA,rq2_mr1_g010_branchoff,dbec_selective,support_hit_count,2,1,0.1,off,32,0.03125,0.0,0.09375,0.6411,False
HotpotQA,rq2_mr1_g010_branchstrict,rank_fill5,support_recall,2,1,0.1,strict,32,0.03125,0.0,0.078125,0.8758,False
HotpotQA,rq2_mr1_g010_branchstrict,dbec_selective,support_recall,2,1,0.1,strict,32,0.015625,0.0,0.046875,0.6429,False
HotpotQA,rq2_mr1_g010_branchstrict,rank_fill5,support_complete,2,1,0.1,strict,32,0.0625,0.0,0.15625,0.8754,False
HotpotQA,rq2_mr1_g010_branchstrict,dbec_selective,support_complete,2,1,0.1,strict,32,0.03125,0.0,0.09375,0.6362,False
HotpotQA,rq2_mr1_g010_branchstrict,rank_fill5,support_hit_count,2,1,0.1,strict,32,0.0625,0.0,0.15625,0.8775,False
HotpotQA,rq2_mr1_g010_branchstrict,dbec_selective,support_hit_count,2,1,0.1,strict,32,0.03125,0.0,0.09375,0.6377,False
HotpotQA,rq2_mr2_g000_branchoff,rank_fill5,support_recall,2,2,0.0,off,32,0.03125,0.0,0.078125,0.8759,False
HotpotQA,rq2_mr2_g000_branchoff,dbec_selective,support_recall,2,2,0.0,off,32,0.015625,0.0,0.046875,0.6412,False
HotpotQA,rq2_mr2_g000_branchoff,rank_fill5,support_complete,2,2,0.0,off,32,0.0625,0.0,0.15625,0.8717,False
HotpotQA,rq2_mr2_g000_branchoff,dbec_selective,support_complete,2,2,0.0,off,32,0.03125,0.0,0.09375,0.6391,False
HotpotQA,rq2_mr2_g000_branchoff,rank_fill5,support_hit_count,2,2,0.0,off,32,0.0625,0.0,0.15625,0.8746,False
HotpotQA,rq2_mr2_g000_branchoff,dbec_selective,support_hit_count,2,2,0.0,off,32,0.03125,0.0,0.09375,0.6367,False
HotpotQA,rq2_mr2_g000_branchstrict,rank_fill5,support_recall,2,2,0.0,strict,32,0.03125,0.0,0.078125,0.8739,False
HotpotQA,rq2_mr2_g000_branchstrict,dbec_selective,support_recall,2,2,0.0,strict,32,0.015625,0.0,0.046875,0.6401,False
HotpotQA,rq2_mr2_g000_branchstrict,rank_fill5,support_complete,2,2,0.0,strict,32,0.0625,0.0,0.15625,0.8727,False
HotpotQA,rq2_mr2_g000_branchstrict,dbec_selective,support_complete,2,2,0.0,strict,32,0.03125,0.0,0.09375,0.6425,False
HotpotQA,rq2_mr2_g000_branchstrict,rank_fill5,support_hit_count,2,2,0.0,strict,32,0.0625,0.0,0.15625,0.8763,False
HotpotQA,rq2_mr2_g000_branchstrict,dbec_selective,support_hit_count,2,2,0.0,strict,32,0.03125,0.0,0.09375,0.6394,False
HotpotQA,rq2_mr2_g003_branchoff,rank_fill5,support_recall,2,2,0.03,off,32,0.03125,0.0,0.078125,0.8774,False
HotpotQA,rq2_mr2_g003_branchoff,dbec_selective,support_recall,2,2,0.03,off,32,0.015625,0.0,0.046875,0.6398,False
HotpotQA,rq2_mr2_g003_branchoff,rank_fill5,support_complete,2,2,0.03,off,32,0.0625,0.0,0.15625,0.8718,False
HotpotQA,rq2_mr2_g003_branchoff,dbec_selective,support_complete,2,2,0.03,off,32,0.03125,0.0,0.09375,0.6423,False
HotpotQA,rq2_mr2_g003_branchoff,rank_fill5,support_hit_count,2,2,0.03,off,32,0.0625,0.0,0.15625,0.8732,False
HotpotQA,rq2_mr2_g003_branchoff,dbec_selective,support_hit_count,2,2,0.03,off,32,0.03125,0.0,0.09375,0.6393,False
HotpotQA,rq2_mr2_g003_branchstrict,rank_fill5,support_recall,2,2,0.03,strict,32,0.03125,0.0,0.078125,0.8771,False
HotpotQA,rq2_mr2_g003_branchstrict,dbec_selective,support_recall,2,2,0.03,strict,32,0.015625,0.0,0.046875,0.6302,False
HotpotQA,rq2_mr2_g003_branchstrict,rank_fill5,support_complete,2,2,0.03,strict,32,0.0625,0.0,0.15625,0.8737,False
HotpotQA,rq2_mr2_g003_branchstrict,dbec_selective,support_complete,2,2,0.03,strict,32,0.03125,0.0,0.09375,0.6337,False
HotpotQA,rq2_mr2_g003_branchstrict,rank_fill5,support_hit_count,2,2,0.03,strict,32,0.0625,0.0,0.15625,0.8732,False
HotpotQA,rq2_mr2_g003_branchstrict,dbec_selective,support_hit_count,2,2,0.03,strict,32,0.03125,0.0,0.09375,0.6404,False
HotpotQA,rq2_mr2_g005_branchoff,rank_fill5,support_recall,2,2,0.05,off,32,0.03125,0.0,0.078125,0.8727,False
HotpotQA,rq2_mr2_g005_branchoff,dbec_selective,support_recall,2,2,0.05,off,32,0.015625,0.0,0.046875,0.6338,False
HotpotQA,rq2_mr2_g005_branchoff,rank_fill5,support_complete,2,2,0.05,off,32,0.0625,0.0,0.15625,0.869,False
HotpotQA,rq2_mr2_g005_branchoff,dbec_selective,support_complete,2,2,0.05,off,32,0.03125,0.0,0.09375,0.63,False
HotpotQA,rq2_mr2_g005_branchoff,rank_fill5,support_hit_count,2,2,0.05,off,32,0.0625,0.0,0.15625,0.8753,False
HotpotQA,rq2_mr2_g005_branchoff,dbec_selective,support_hit_count,2,2,0.05,off,32,0.03125,0.0,0.09375,0.6371,False
HotpotQA,rq2_mr2_g005_branchstrict,rank_fill5,support_recall,2,2,0.05,strict,32,0.03125,0.0,0.078125,0.8678,False
HotpotQA,rq2_mr2_g005_branchstrict,dbec_selective,support_recall,2,2,0.05,strict,32,0.015625,0.0,0.046875,0.6351,False
HotpotQA,rq2_mr2_g005_branchstrict,rank_fill5,support_complete,2,2,0.05,strict,32,0.0625,0.0,0.15625,0.8736,False
HotpotQA,rq2_mr2_g005_branchstrict,dbec_selective,support_complete,2,2,0.05,strict,32,0.03125,0.0,0.09375,0.6409,False
HotpotQA,rq2_mr2_g005_branchstrict,rank_fill5,support_hit_count,2,2,0.05,strict,32,0.0625,0.0,0.15625,0.8771,False
HotpotQA,rq2_mr2_g005_branchstrict,dbec_selective,support_hit_count,2,2,0.05,strict,32,0.03125,0.0,0.09375,0.6332,False
HotpotQA,rq2_mr2_g010_branchoff,rank_fill5,support_recall,2,2,0.1,off,32,0.03125,0.0,0.078125,0.8708,False
HotpotQA,rq2_mr2_g010_branchoff,dbec_selective,support_recall,2,2,0.1,off,32,0.015625,0.0,0.046875,0.6348,False
HotpotQA,rq2_mr2_g010_branchoff,rank_fill5,support_complete,2,2,0.1,off,32,0.0625,0.0,0.15625,0.8764,False
HotpotQA,rq2_mr2_g010_branchoff,dbec_selective,support_complete,2,2,0.1,off,32,0.03125,0.0,0.09375,0.642,False
HotpotQA,rq2_mr2_g010_branchoff,rank_fill5,support_hit_count,2,2,0.1,off,32,0.0625,0.0,0.15625,0.8717,False
HotpotQA,rq2_mr2_g010_branchoff,dbec_selective,support_hit_count,2,2,0.1,off,32,0.03125,0.0,0.09375,0.6338,False
HotpotQA,rq2_mr2_g010_branchstrict,rank_fill5,support_recall,2,2,0.1,strict,32,0.03125,0.0,0.078125,0.8731,False
HotpotQA,rq2_mr2_g010_branchstrict,dbec_selective,support_recall,2,2,0.1,strict,32,0.015625,0.0,0.046875,0.6386,False
HotpotQA,rq2_mr2_g010_branchstrict,rank_fill5,support_complete,2,2,0.1,strict,32,0.0625,0.0,0.15625,0.8666,False
HotpotQA,rq2_mr2_g010_branchstrict,dbec_selective,support_complete,2,2,0.1,strict,32,0.03125,0.0,0.09375,0.6339,False
HotpotQA,rq2_mr2_g010_branchstrict,rank_fill5,support_hit_count,2,2,0.1,strict,32,0.0625,0.0,0.15625,0.8692,False
HotpotQA,rq2_mr2_g010_branchstrict,dbec_selective,support_hit_count,2,2,0.1,strict,32,0.03125,0.0,0.09375,0.6384,False
HotpotQA,rq2_mr3_g000_branchoff,rank_fill5,support_recall,2,3,0.0,off,32,0.03125,0.0,0.078125,0.8748,False
HotpotQA,rq2_mr3_g000_branchoff,dbec_selective,support_recall,2,3,0.0,off,32,0.015625,0.0,0.046875,0.6383,False
HotpotQA,rq2_mr3_g000_branchoff,rank_fill5,support_complete,2,3,0.0,off,32,0.0625,0.0,0.15625,0.8701,False
HotpotQA,rq2_mr3_g000_branchoff,dbec_selective,support_complete,2,3,0.0,off,32,0.03125,0.0,0.09375,0.6375,False
HotpotQA,rq2_mr3_g000_branchoff,rank_fill5,support_hit_count,2,3,0.0,off,32,0.0625,0.0,0.15625,0.8703,False
HotpotQA,rq2_mr3_g000_branchoff,dbec_selective,support_hit_count,2,3,0.0,off,32,0.03125,0.0,0.09375,0.6408,False
HotpotQA,rq2_mr3_g000_branchstrict,rank_fill5,support_recall,2,3,0.0,strict,32,0.03125,0.0,0.078125,0.8777,False
HotpotQA,rq2_mr3_g000_branchstrict,dbec_selective,support_recall,2,3,0.0,strict,32,0.015625,0.0,0.046875,0.6465,False
HotpotQA,rq2_mr3_g000_branchstrict,rank_fill5,support_complete,2,3,0.0,strict,32,0.0625,0.0,0.15625,0.8743,False
HotpotQA,rq2_mr3_g000_branchstrict,dbec_selective,support_complete,2,3,0.0,strict,32,0.03125,0.0,0.09375,0.6389,False
HotpotQA,rq2_mr3_g000_branchstrict,rank_fill5,support_hit_count,2,3,0.0,strict,32,0.0625,0.0,0.15625,0.8717,False
HotpotQA,rq2_mr3_g000_branchstrict,dbec_selective,support_hit_count,2,3,0.0,strict,32,0.03125,0.0,0.09375,0.6438,False
HotpotQA,rq2_mr3_g003_branchoff,rank_fill5,support_recall,2,3,0.03,off,32,0.03125,0.0,0.078125,0.8757,False
HotpotQA,rq2_mr3_g003_branchoff,dbec_selective,support_recall,2,3,0.03,off,32,0.015625,0.0,0.046875,0.6448,False
HotpotQA,rq2_mr3_g003_branchoff,rank_fill5,support_complete,2,3,0.03,off,32,0.0625,0.0,0.15625,0.8766,False
HotpotQA,rq2_mr3_g003_branchoff,dbec_selective,support_complete,2,3,0.03,off,32,0.03125,0.0,0.09375,0.6393,False
HotpotQA,rq2_mr3_g003_branchoff,rank_fill5,support_hit_count,2,3,0.03,off,32,0.0625,0.0,0.15625,0.8748,False
HotpotQA,rq2_mr3_g003_branchoff,dbec_selective,support_hit_count,2,3,0.03,off,32,0.03125,0.0,0.09375,0.6296,False
HotpotQA,rq2_mr3_g003_branchstrict,rank_fill5,support_recall,2,3,0.03,strict,32,0.03125,0.0,0.078125,0.871,False
HotpotQA,rq2_mr3_g003_branchstrict,dbec_selective,support_recall,2,3,0.03,strict,32,0.015625,0.0,0.046875,0.631,False
HotpotQA,rq2_mr3_g003_branchstrict,rank_fill5,support_complete,2,3,0.03,strict,32,0.0625,0.0,0.15625,0.8755,False
HotpotQA,rq2_mr3_g003_branchstrict,dbec_selective,support_complete,2,3,0.03,strict,32,0.03125,0.0,0.09375,0.643,False
HotpotQA,rq2_mr3_g003_branchstrict,rank_fill5,support_hit_count,2,3,0.03,strict,32,0.0625,0.0,0.15625,0.8728,False
HotpotQA,rq2_mr3_g003_branchstrict,dbec_selective,support_hit_count,2,3,0.03,strict,32,0.03125,0.0,0.09375,0.6302,False
HotpotQA,rq2_mr3_g005_branchoff,rank_fill5,support_recall,2,3,0.05,off,32,0.03125,0.0,0.078125,0.8743,False
HotpotQA,rq2_mr3_g005_branchoff,dbec_selective,support_recall,2,3,0.05,off,32,0.015625,0.0,0.046875,0.6415,False
HotpotQA,rq2_mr3_g005_branchoff,rank_fill5,support_complete,2,3,0.05,off,32,0.0625,0.0,0.15625,0.8743,False
HotpotQA,rq2_mr3_g005_branchoff,dbec_selective,support_complete,2,3,0.05,off,32,0.03125,0.0,0.09375,0.6434,False
HotpotQA,rq2_mr3_g005_branchoff,rank_fill5,support_hit_count,2,3,0.05,off,32,0.0625,0.0,0.15625,0.8782,False
HotpotQA,rq2_mr3_g005_branchoff,dbec_selective,support_hit_count,2,3,0.05,off,32,0.03125,0.0,0.09375,0.6397,False
HotpotQA,rq2_mr3_g005_branchstrict,rank_fill5,support_recall,2,3,0.05,strict,32,0.03125,0.0,0.078125,0.8715,False
HotpotQA,rq2_mr3_g005_branchstrict,dbec_selective,support_recall,2,3,0.05,strict,32,0.015625,0.0,0.046875,0.6329,False
HotpotQA,rq2_mr3_g005_branchstrict,rank_fill5,support_complete,2,3,0.05,strict,32,0.0625,0.0,0.15625,0.8737,False
HotpotQA,rq2_mr3_g005_branchstrict,dbec_selective,support_complete,2,3,0.05,strict,32,0.03125,0.0,0.09375,0.6422,False
HotpotQA,rq2_mr3_g005_branchstrict,rank_fill5,support_hit_count,2,3,0.05,strict,32,0.0625,0.0,0.15625,0.8727,False
HotpotQA,rq2_mr3_g005_branchstrict,dbec_selective,support_hit_count,2,3,0.05,strict,32,0.03125,0.0,0.09375,0.6362,False
HotpotQA,rq2_mr3_g010_branchoff,rank_fill5,support_recall,2,3,0.1,off,32,0.03125,0.0,0.078125,0.8665,False
HotpotQA,rq2_mr3_g010_branchoff,dbec_selective,support_recall,2,3,0.1,off,32,0.015625,0.0,0.046875,0.636,False
HotpotQA,rq2_mr3_g010_branchoff,rank_fill5,support_complete,2,3,0.1,off,32,0.0625,0.0,0.15625,0.8723,False
HotpotQA,rq2_mr3_g010_branchoff,dbec_selective,support_complete,2,3,0.1,off,32,0.03125,0.0,0.09375,0.6325,False
HotpotQA,rq2_mr3_g010_branchoff,rank_fill5,support_hit_count,2,3,0.1,off,32,0.0625,0.0,0.15625,0.8737,False
HotpotQA,rq2_mr3_g010_branchoff,dbec_selective,support_hit_count,2,3,0.1,off,32,0.03125,0.0,0.09375,0.6381,False
HotpotQA,rq2_mr3_g010_branchstrict,rank_fill5,support_recall,2,3,0.1,strict,32,0.03125,0.0,0.078125,0.8734,False
HotpotQA,rq2_mr3_g010_branchstrict,dbec_selective,support_recall,2,3,0.1,strict,32,0.015625,0.0,0.046875,0.6359,False
HotpotQA,rq2_mr3_g010_branchstrict,rank_fill5,support_complete,2,3,0.1,strict,32,0.0625,0.0,0.15625,0.8668,False
HotpotQA,rq2_mr3_g010_branchstrict,dbec_selective,support_complete,2,3,0.1,strict,32,0.03125,0.0,0.09375,0.6423,False
HotpotQA,rq2_mr3_g010_branchstrict,rank_fill5,support_hit_count,2,3,0.1,strict,32,0.0625,0.0,0.15625,0.8813,False
HotpotQA,rq2_mr3_g010_branchstrict,dbec_selective,support_hit_count,2,3,0.1,strict,32,0.03125,0.0,0.09375,0.6356,False
MuSiQue,rq1_mr1_g000_branchoff,rank_fill5,support_recall,1,1,0.0,off,106,0.0047169811320754715,-0.012578616352201259,0.02122641509433962,0.6931,False
MuSiQue,rq1_mr1_g000_branchoff,dbec_selective,support_recall,1,1,0.0,off,106,0.02358490566037736,-0.00157232704402516,0.050314465408805034,0.961,False
MuSiQue,rq1_mr1_g000_branchoff,rank_fill5,support_complete,1,1,0.0,off,106,-0.009433962264150943,-0.03773584905660377,0.018867924528301886,0.1784,False
MuSiQue,rq1_mr1_g000_branchoff,dbec_selective,support_complete,1,1,0.0,off,106,0.0,-0.04716981132075472,0.05660377358490566,0.4284,False
MuSiQue,rq1_mr1_g000_branchoff,rank_fill5,support_hit_count,1,1,0.0,off,106,0.018867924528301886,-0.03773584905660377,0.07547169811320754,0.6945,False
MuSiQue,rq1_mr1_g000_branchoff,dbec_selective,support_hit_count,1,1,0.0,off,106,0.08490566037735849,-0.009433962264150943,0.1792452830188679,0.96,False
MuSiQue,rq1_mr1_g000_branchstrict,rank_fill5,support_recall,1,1,0.0,strict,106,0.0047169811320754715,-0.01179245283018868,0.0220125786163522,0.6948,False
MuSiQue,rq1_mr1_g000_branchstrict,dbec_selective,support_recall,1,1,0.0,strict,106,0.02358490566037736,-0.001572327044025158,0.049528301886792456,0.9645,False
MuSiQue,rq1_mr1_g000_branchstrict,rank_fill5,support_complete,1,1,0.0,strict,106,-0.009433962264150943,-0.04716981132075472,0.018867924528301886,0.1864,False
MuSiQue,rq1_mr1_g000_branchstrict,dbec_selective,support_complete,1,1,0.0,strict,106,0.0,-0.05660377358490566,0.05660377358490566,0.4249,False
MuSiQue,rq1_mr1_g000_branchstrict,rank_fill5,support_hit_count,1,1,0.0,strict,106,0.018867924528301886,-0.03773584905660377,0.07547169811320754,0.6841,False
MuSiQue,rq1_mr1_g000_branchstrict,dbec_selective,support_hit_count,1,1,0.0,strict,106,0.08490566037735849,-0.009433962264150943,0.1792452830188679,0.96,False
MuSiQue,rq1_mr1_g003_branchoff,rank_fill5,support_recall,1,1,0.03,off,106,0.0047169811320754715,-0.01179245283018868,0.02122641509433962,0.6878,False
MuSiQue,rq1_mr1_g003_branchoff,dbec_selective,support_recall,1,1,0.03,off,106,0.02358490566037736,-0.002358490566037736,0.050314465408805034,0.9621,False
MuSiQue,rq1_mr1_g003_branchoff,rank_fill5,support_complete,1,1,0.03,off,106,-0.009433962264150943,-0.03773584905660377,0.018867924528301886,0.1888,False
MuSiQue,rq1_mr1_g003_branchoff,dbec_selective,support_complete,1,1,0.03,off,106,0.0,-0.05660377358490566,0.05660377358490566,0.4258,False
MuSiQue,rq1_mr1_g003_branchoff,rank_fill5,support_hit_count,1,1,0.03,off,106,0.018867924528301886,-0.03773584905660377,0.07547169811320754,0.6816,False
MuSiQue,rq1_mr1_g003_branchoff,dbec_selective,support_hit_count,1,1,0.03,off,106,0.08490566037735849,0.0,0.1792452830188679,0.9632,False
MuSiQue,rq1_mr1_g003_branchstrict,rank_fill5,support_recall,1,1,0.03,strict,106,0.0047169811320754715,-0.01179245283018868,0.02122641509433962,0.6949,False
MuSiQue,rq1_mr1_g003_branchstrict,dbec_selective,support_recall,1,1,0.03,strict,106,0.02358490566037736,-0.001572327044025159,0.05188679245283018,0.9627,False
MuSiQue,rq1_mr1_g003_branchstrict,rank_fill5,support_complete,1,1,0.03,strict,106,-0.009433962264150943,-0.04716981132075472,0.018867924528301886,0.1858,False
MuSiQue,rq1_mr1_g003_branchstrict,dbec_selective,support_complete,1,1,0.03,strict,106,0.0,-0.05660377358490566,0.04716981132075472,0.4289,False
MuSiQue,rq1_mr1_g003_branchstrict,rank_fill5,support_hit_count,1,1,0.03,strict,106,0.018867924528301886,-0.03773584905660377,0.07547169811320754,0.6869,False
MuSiQue,rq1_mr1_g003_branchstrict,dbec_selective,support_hit_count,1,1,0.03,strict,106,0.08490566037735849,0.0,0.1792452830188679,0.964,False
MuSiQue,rq1_mr1_g005_branchoff,rank_fill5,support_recall,1,1,0.05,off,106,0.0047169811320754715,-0.01179245283018868,0.02122641509433962,0.6957,False
MuSiQue,rq1_mr1_g005_branchoff,dbec_selective,support_recall,1,1,0.05,off,106,0.02358490566037736,-0.001572327044025159,0.051100628930817606,0.9635,False
MuSiQue,rq1_mr1_g005_branchoff,rank_fill5,support_complete,1,1,0.05,off,106,-0.009433962264150943,-0.04716981132075472,0.018867924528301886,0.1855,False
MuSiQue,rq1_mr1_g005_branchoff,dbec_selective,support_complete,1,1,0.05,off,106,0.0,-0.05660377358490566,0.05660377358490566,0.427,False
MuSiQue,rq1_mr1_g005_branchoff,rank_fill5,support_hit_count,1,1,0.05,off,106,0.018867924528301886,-0.03773584905660377,0.07547169811320754,0.6878,False
MuSiQue,rq1_mr1_g005_branchoff,dbec_selective,support_hit_count,1,1,0.05,off,106,0.08490566037735849,0.0,0.1792452830188679,0.9661,False
MuSiQue,rq1_mr1_g005_branchstrict,rank_fill5,support_recall,1,1,0.05,strict,106,0.0047169811320754715,-0.011792452830188682,0.02122641509433962,0.693,False
MuSiQue,rq1_mr1_g005_branchstrict,dbec_selective,support_recall,1,1,0.05,strict,106,0.02358490566037736,-0.0023584905660377358,0.051100628930817606,0.9607,False
MuSiQue,rq1_mr1_g005_branchstrict,rank_fill5,support_complete,1,1,0.05,strict,106,-0.009433962264150943,-0.04716981132075472,0.018867924528301886,0.1835,False
MuSiQue,rq1_mr1_g005_branchstrict,dbec_selective,support_complete,1,1,0.05,strict,106,0.0,-0.05660377358490566,0.05660377358490566,0.4239,False
MuSiQue,rq1_mr1_g005_branchstrict,rank_fill5,support_hit_count,1,1,0.05,strict,106,0.018867924528301886,-0.03773584905660377,0.07547169811320754,0.6881,False
MuSiQue,rq1_mr1_g005_branchstrict,dbec_selective,support_hit_count,1,1,0.05,strict,106,0.08490566037735849,0.0,0.1792452830188679,0.961,False
MuSiQue,rq1_mr1_g010_branchoff,rank_fill5,support_recall,1,1,0.1,off,106,0.0047169811320754715,-0.011792452830188682,0.0220125786163522,0.6863,False
MuSiQue,rq1_mr1_g010_branchoff,dbec_selective,support_recall,1,1,0.1,off,106,0.02358490566037736,-0.00157232704402516,0.050314465408805034,0.9623,False
MuSiQue,rq1_mr1_g010_branchoff,rank_fill5,support_complete,1,1,0.1,off,106,-0.009433962264150943,-0.03773584905660377,0.018867924528301886,0.1883,False
MuSiQue,rq1_mr1_g010_branchoff,dbec_selective,support_complete,1,1,0.1,off,106,0.0,-0.04716981132075472,0.04740566037735506,0.4283,False
MuSiQue,rq1_mr1_g010_branchoff,rank_fill5,support_hit_count,1,1,0.1,off,106,0.018867924528301886,-0.03773584905660377,0.07547169811320754,0.682,False
MuSiQue,rq1_mr1_g010_branchoff,dbec_selective,support_hit_count,1,1,0.1,off,106,0.08490566037735849,-0.00023584905660355908,0.1792452830188679,0.9608,False
MuSiQue,rq1_mr1_g010_branchstrict,rank_fill5,support_recall,1,1,0.1,strict,106,0.0047169811320754715,-0.01179245283018868,0.0220125786163522,0.6891,False
MuSiQue,rq1_mr1_g010_branchstrict,dbec_selective,support_recall,1,1,0.1,strict,106,0.02358490566037736,-0.0023584905660377353,0.050314465408805034,0.9641,False
MuSiQue,rq1_mr1_g010_branchstrict,rank_fill5,support_complete,1,1,0.1,strict,106,-0.009433962264150943,-0.04716981132075472,0.018867924528301886,0.185,False
MuSiQue,rq1_mr1_g010_branchstrict,dbec_selective,support_complete,1,1,0.1,strict,106,0.0,-0.05660377358490566,0.04716981132075472,0.4231,False
MuSiQue,rq1_mr1_g010_branchstrict,rank_fill5,support_hit_count,1,1,0.1,strict,106,0.018867924528301886,-0.03773584905660377,0.07547169811320754,0.6865,False
MuSiQue,rq1_mr1_g010_branchstrict,dbec_selective,support_hit_count,1,1,0.1,strict,106,0.08490566037735849,0.0,0.1792452830188679,0.9614,False
MuSiQue,rq1_mr2_g000_branchoff,rank_fill5,support_recall,1,2,0.0,off,106,0.002358490566037736,-0.017295597484276733,0.0220125786163522,0.5896,False
MuSiQue,rq1_mr2_g000_branchoff,dbec_selective,support_recall,1,2,0.0,off,106,0.02122641509433962,-0.002358490566037739,0.04716981132075472,0.9558,False
MuSiQue,rq1_mr2_g000_branchoff,rank_fill5,support_complete,1,2,0.0,off,106,-0.018867924528301886,-0.05660377358490566,0.018867924528301886,0.0918,False
MuSiQue,rq1_mr2_g000_branchoff,dbec_selective,support_complete,1,2,0.0,off,106,-0.009433962264150943,-0.05660377358490566,0.03773584905660377,0.2776,False
MuSiQue,rq1_mr2_g000_branchoff,rank_fill5,support_hit_count,1,2,0.0,off,106,0.009433962264150943,-0.05660377358490566,0.07547169811320754,0.5541,False
MuSiQue,rq1_mr2_g000_branchoff,dbec_selective,support_hit_count,1,2,0.0,off,106,0.07547169811320754,-0.009433962264150943,0.16981132075471697,0.9497,False
MuSiQue,rq1_mr2_g000_branchstrict,rank_fill5,support_recall,1,2,0.0,strict,106,0.002358490566037736,-0.017295597484276733,0.02122641509433962,0.5871,False
MuSiQue,rq1_mr2_g000_branchstrict,dbec_selective,support_recall,1,2,0.0,strict,106,0.02122641509433962,-0.002358490566037737,0.04638364779874214,0.959,False
MuSiQue,rq1_mr2_g000_branchstrict,rank_fill5,support_complete,1,2,0.0,strict,106,-0.018867924528301886,-0.05660377358490566,0.018867924528301886,0.093,False
MuSiQue,rq1_mr2_g000_branchstrict,dbec_selective,support_complete,1,2,0.0,strict,106,-0.009433962264150943,-0.05660377358490566,0.03773584905660377,0.2841,False
MuSiQue,rq1_mr2_g000_branchstrict,rank_fill5,support_hit_count,1,2,0.0,strict,106,0.009433962264150943,-0.05660377358490566,0.07547169811320754,0.5482,False
MuSiQue,rq1_mr2_g000_branchstrict,dbec_selective,support_hit_count,1,2,0.0,strict,106,0.07547169811320754,-0.009433962264150943,0.16037735849056603,0.9515,False
MuSiQue,rq1_mr2_g003_branchoff,rank_fill5,support_recall,1,2,0.03,off,106,0.002358490566037736,-0.017295597484276733,0.0220125786163522,0.577,False
MuSiQue,rq1_mr2_g003_branchoff,dbec_selective,support_recall,1,2,0.03,off,106,0.02122641509433962,-0.0023584905660377358,0.04638364779874214,0.9587,False
MuSiQue,rq1_mr2_g003_branchoff,rank_fill5,support_complete,1,2,0.03,off,106,-0.018867924528301886,-0.05660377358490566,0.018867924528301886,0.09,False
MuSiQue,rq1_mr2_g003_branchoff,dbec_selective,support_complete,1,2,0.03,off,106,-0.009433962264150943,-0.05660377358490566,0.03773584905660377,0.2881,False
MuSiQue,rq1_mr2_g003_branchoff,rank_fill5,support_hit_count,1,2,0.03,off,106,0.009433962264150943,-0.05660377358490566,0.07547169811320754,0.5526,False
MuSiQue,rq1_mr2_g003_branchoff,dbec_selective,support_hit_count,1,2,0.03,off,106,0.07547169811320754,-0.009433962264150943,0.16037735849056603,0.9555,False
MuSiQue,rq1_mr2_g003_branchstrict,rank_fill5,support_recall,1,2,0.03,strict,106,0.0047169811320754715,-0.014150943396226415,0.023584905660377353,0.6733,False
MuSiQue,rq1_mr2_g003_branchstrict,dbec_selective,support_recall,1,2,0.03,strict,106,0.02358490566037736,-0.0007861635220125779,0.049528301886792456,0.9708,False
MuSiQue,rq1_mr2_g003_branchstrict,rank_fill5,support_complete,1,2,0.03,strict,106,-0.009433962264150943,-0.04716981132075472,0.018867924528301886,0.1838,False
MuSiQue,rq1_mr2_g003_branchstrict,dbec_selective,support_complete,1,2,0.03,strict,106,0.0,-0.05660377358490566,0.05660377358490566,0.438,False
MuSiQue,rq1_mr2_g003_branchstrict,rank_fill5,support_hit_count,1,2,0.03,strict,106,0.018867924528301886,-0.04716981132075472,0.08490566037735849,0.659,False
MuSiQue,rq1_mr2_g003_branchstrict,dbec_selective,support_hit_count,1,2,0.03,strict,106,0.08490566037735849,0.0,0.16981132075471697,0.9712,False
MuSiQue,rq1_mr2_g005_branchoff,rank_fill5,support_recall,1,2,0.05,off,106,0.002358490566037736,-0.01729559748427673,0.0220125786163522,0.5828,False
MuSiQue,rq1_mr2_g005_branchoff,dbec_selective,support_recall,1,2,0.05,off,106,0.02122641509433962,-0.002358490566037737,0.04716981132075472,0.9582,False
MuSiQue,rq1_mr2_g005_branchoff,rank_fill5,support_complete,1,2,0.05,off,106,-0.018867924528301886,-0.05660377358490566,0.018867924528301886,0.0959,False
MuSiQue,rq1_mr2_g005_branchoff,dbec_selective,support_complete,1,2,0.05,off,106,-0.009433962264150943,-0.05660377358490566,0.03773584905660377,0.2899,False
MuSiQue,rq1_mr2_g005_branchoff,rank_fill5,support_hit_count,1,2,0.05,off,106,0.009433962264150943,-0.05660377358490566,0.07547169811320754,0.5546,False
MuSiQue,rq1_mr2_g005_branchoff,dbec_selective,support_hit_count,1,2,0.05,off,106,0.07547169811320754,-0.009433962264150943,0.16037735849056603,0.949,False
MuSiQue,rq1_mr2_g005_branchstrict,rank_fill5,support_recall,1,2,0.05,strict,106,0.0047169811320754715,-0.014150943396226415,0.02358490566037736,0.6836,False
MuSiQue,rq1_mr2_g005_branchstrict,dbec_selective,support_recall,1,2,0.05,strict,106,0.02358490566037736,-1.047380211910525e-18,0.04874213836477987,0.9737,False
MuSiQue,rq1_mr2_g005_branchstrict,rank_fill5,support_complete,1,2,0.05,strict,106,-0.009433962264150943,-0.04716981132075472,0.018867924528301886,0.1844,False
MuSiQue,rq1_mr2_g005_branchstrict,dbec_selective,support_complete,1,2,0.05,strict,106,0.0,-0.04716981132075472,0.05660377358490566,0.4243,False
MuSiQue,rq1_mr2_g005_branchstrict,rank_fill5,support_hit_count,1,2,0.05,strict,106,0.018867924528301886,-0.04716981132075472,0.08490566037735849,0.6613,False
MuSiQue,rq1_mr2_g005_branchstrict,dbec_selective,support_hit_count,1,2,0.05,strict,106,0.08490566037735849,0.0,0.16981132075471697,0.9681,False
MuSiQue,rq1_mr2_g010_branchoff,rank_fill5,support_recall,1,2,0.1,off,106,0.0047169811320754715,-0.014150943396226415,0.02358490566037736,0.6793,False
MuSiQue,rq1_mr2_g010_branchoff,dbec_selective,support_recall,1,2,0.1,off,106,0.02358490566037736,-2.09476042382105e-18,0.04874213836477988,0.9715,False
MuSiQue,rq1_mr2_g010_branchoff,rank_fill5,support_complete,1,2,0.1,off,106,-0.009433962264150943,-0.03773584905660377,0.018867924528301886,0.1853,False
MuSiQue,rq1_mr2_g010_branchoff,dbec_selective,support_complete,1,2,0.1,off,106,0.0,-0.05660377358490566,0.05660377358490566,0.4321,False
MuSiQue,rq1_mr2_g010_branchoff,rank_fill5,support_hit_count,1,2,0.1,off,106,0.018867924528301886,-0.04716981132075472,0.08490566037735849,0.6744,False
MuSiQue,rq1_mr2_g010_branchoff,dbec_selective,support_hit_count,1,2,0.1,off,106,0.08490566037735849,0.0,0.1792452830188679,0.972,False
MuSiQue,rq1_mr2_g010_branchstrict,rank_fill5,support_recall,1,2,0.1,strict,106,0.0047169811320754715,-0.014150943396226415,0.02358490566037736,0.6786,False
MuSiQue,rq1_mr2_g010_branchstrict,dbec_selective,support_recall,1,2,0.1,strict,106,0.02358490566037736,-1.5710703178657876e-18,0.049528301886792456,0.9722,False
MuSiQue,rq1_mr2_g010_branchstrict,rank_fill5,support_complete,1,2,0.1,strict,106,-0.009433962264150943,-0.04716981132075472,0.018867924528301886,0.1829,False
MuSiQue,rq1_mr2_g010_branchstrict,dbec_selective,support_complete,1,2,0.1,strict,106,0.0,-0.05660377358490566,0.04716981132075472,0.4306,False
MuSiQue,rq1_mr2_g010_branchstrict,rank_fill5,support_hit_count,1,2,0.1,strict,106,0.018867924528301886,-0.04716981132075472,0.08490566037735849,0.6675,False
MuSiQue,rq1_mr2_g010_branchstrict,dbec_selective,support_hit_count,1,2,0.1,strict,106,0.08490566037735849,0.0,0.16981132075471697,0.9716,False
MuSiQue,rq1_mr3_g000_branchoff,rank_fill5,support_recall,1,3,0.0,off,106,0.002358490566037736,-0.017295597484276733,0.0220125786163522,0.5816,False
MuSiQue,rq1_mr3_g000_branchoff,dbec_selective,support_recall,1,3,0.0,off,106,0.02122641509433962,-0.0015919811320754564,0.04716981132075472,0.9583,False
MuSiQue,rq1_mr3_g000_branchoff,rank_fill5,support_complete,1,3,0.0,off,106,-0.018867924528301886,-0.05660377358490566,0.018867924528301886,0.0909,False
MuSiQue,rq1_mr3_g000_branchoff,dbec_selective,support_complete,1,3,0.0,off,106,-0.009433962264150943,-0.05660377358490566,0.03773584905660377,0.2819,False
MuSiQue,rq1_mr3_g000_branchoff,rank_fill5,support_hit_count,1,3,0.0,off,106,0.009433962264150943,-0.05660377358490566,0.07547169811320754,0.5586,False
MuSiQue,rq1_mr3_g000_branchoff,dbec_selective,support_hit_count,1,3,0.0,off,106,0.07547169811320754,-0.009433962264150943,0.16037735849056603,0.9512,False
MuSiQue,rq1_mr3_g000_branchstrict,rank_fill5,support_recall,1,3,0.0,strict,106,0.002358490566037736,-0.017295597484276733,0.022012578616352203,0.5819,False
MuSiQue,rq1_mr3_g000_branchstrict,dbec_selective,support_recall,1,3,0.0,strict,106,0.02122641509433962,-0.0023584905660377358,0.045597484276729564,0.9608,False
MuSiQue,rq1_mr3_g000_branchstrict,rank_fill5,support_complete,1,3,0.0,strict,106,-0.018867924528301886,-0.05660377358490566,0.018867924528301886,0.0889,False
MuSiQue,rq1_mr3_g000_branchstrict,dbec_selective,support_complete,1,3,0.0,strict,106,-0.009433962264150943,-0.05660377358490566,0.03773584905660377,0.2851,False
MuSiQue,rq1_mr3_g000_branchstrict,rank_fill5,support_hit_count,1,3,0.0,strict,106,0.009433962264150943,-0.05660377358490566,0.07547169811320754,0.5511,False
MuSiQue,rq1_mr3_g000_branchstrict,dbec_selective,support_hit_count,1,3,0.0,strict,106,0.07547169811320754,-0.009433962264150943,0.16037735849056603,0.956,False
MuSiQue,rq1_mr3_g003_branchoff,rank_fill5,support_recall,1,3,0.03,off,106,0.002358490566037736,-0.017295597484276733,0.0220125786163522,0.5833,False
MuSiQue,rq1_mr3_g003_branchoff,dbec_selective,support_recall,1,3,0.03,off,106,0.02122641509433962,-0.0015723270440251595,0.047169811320754707,0.9591,False
MuSiQue,rq1_mr3_g003_branchoff,rank_fill5,support_complete,1,3,0.03,off,106,-0.018867924528301886,-0.05660377358490566,0.018867924528301886,0.0917,False
MuSiQue,rq1_mr3_g003_branchoff,dbec_selective,support_complete,1,3,0.03,off,106,-0.009433962264150943,-0.05660377358490566,0.03773584905660377,0.2837,False
MuSiQue,rq1_mr3_g003_branchoff,rank_fill5,support_hit_count,1,3,0.03,off,106,0.009433962264150943,-0.05660377358490566,0.07547169811320754,0.5531,False
MuSiQue,rq1_mr3_g003_branchoff,dbec_selective,support_hit_count,1,3,0.03,off,106,0.07547169811320754,-0.009433962264150943,0.16037735849056603,0.9543,False
MuSiQue,rq1_mr3_g003_branchstrict,rank_fill5,support_recall,1,3,0.03,strict,106,0.0047169811320754715,-0.014150943396226417,0.02358490566037736,0.676,False
MuSiQue,rq1_mr3_g003_branchstrict,dbec_selective,support_recall,1,3,0.03,strict,106,0.02358490566037736,-0.000786163522012579,0.04874213836477988,0.9712,False
MuSiQue,rq1_mr3_g003_branchstrict,rank_fill5,support_complete,1,3,0.03,strict,106,-0.009433962264150943,-0.04716981132075472,0.018867924528301886,0.177,False
MuSiQue,rq1_mr3_g003_branchstrict,dbec_selective,support_complete,1,3,0.03,strict,106,0.0,-0.04716981132075472,0.05660377358490566,0.4254,False
MuSiQue,rq1_mr3_g003_branchstrict,rank_fill5,support_hit_count,1,3,0.03,strict,106,0.018867924528301886,-0.04716981132075472,0.08490566037735849,0.661,False
MuSiQue,rq1_mr3_g003_branchstrict,dbec_selective,support_hit_count,1,3,0.03,strict,106,0.08490566037735849,0.0,0.1792452830188679,0.9666,False
MuSiQue,rq1_mr3_g005_branchoff,rank_fill5,support_recall,1,3,0.05,off,106,0.002358490566037736,-0.017295597484276733,0.0220125786163522,0.5847,False
MuSiQue,rq1_mr3_g005_branchoff,dbec_selective,support_recall,1,3,0.05,off,106,0.02122641509433962,-0.002358490566037737,0.04638364779874214,0.9576,False
MuSiQue,rq1_mr3_g005_branchoff,rank_fill5,support_complete,1,3,0.05,off,106,-0.018867924528301886,-0.05660377358490566,0.018867924528301886,0.0905,False
MuSiQue,rq1_mr3_g005_branchoff,dbec_selective,support_complete,1,3,0.05,off,106,-0.009433962264150943,-0.05660377358490566,0.03773584905660377,0.283,False
MuSiQue,rq1_mr3_g005_branchoff,rank_fill5,support_hit_count,1,3,0.05,off,106,0.009433962264150943,-0.05660377358490566,0.07547169811320754,0.554,False
MuSiQue,rq1_mr3_g005_branchoff,dbec_selective,support_hit_count,1,3,0.05,off,106,0.07547169811320754,-0.009433962264150943,0.16037735849056603,0.9517,False
MuSiQue,rq1_mr3_g005_branchstrict,rank_fill5,support_recall,1,3,0.05,strict,106,0.0047169811320754715,-0.014150943396226415,0.022798742138364782,0.6697,False
MuSiQue,rq1_mr3_g005_branchstrict,dbec_selective,support_recall,1,3,0.05,strict,106,0.02358490566037736,-0.000786163522012579,0.049528301886792456,0.9703,False
MuSiQue,rq1_mr3_g005_branchstrict,rank_fill5,support_complete,1,3,0.05,strict,106,-0.009433962264150943,-0.04716981132075472,0.018867924528301886,0.1886,False
MuSiQue,rq1_mr3_g005_branchstrict,dbec_selective,support_complete,1,3,0.05,strict,106,0.0,-0.05660377358490566,0.04716981132075472,0.4277,False
MuSiQue,rq1_mr3_g005_branchstrict,rank_fill5,support_hit_count,1,3,0.05,strict,106,0.018867924528301886,-0.04716981132075472,0.08490566037735849,0.674,False
MuSiQue,rq1_mr3_g005_branchstrict,dbec_selective,support_hit_count,1,3,0.05,strict,106,0.08490566037735849,0.0,0.1792452830188679,0.9718,False
MuSiQue,rq1_mr3_g010_branchoff,rank_fill5,support_recall,1,3,0.1,off,106,0.0047169811320754715,-0.014150943396226417,0.024371069182389935,0.6842,False
MuSiQue,rq1_mr3_g010_branchoff,dbec_selective,support_recall,1,3,0.1,off,106,0.02358490566037736,-1.5710703178657876e-18,0.049528301886792456,0.9724,False
MuSiQue,rq1_mr3_g010_branchoff,rank_fill5,support_complete,1,3,0.1,off,106,-0.009433962264150943,-0.03773584905660377,0.018867924528301886,0.184,False
MuSiQue,rq1_mr3_g010_branchoff,dbec_selective,support_complete,1,3,0.1,off,106,0.0,-0.05660377358490566,0.05660377358490566,0.4256,False
MuSiQue,rq1_mr3_g010_branchoff,rank_fill5,support_hit_count,1,3,0.1,off,106,0.018867924528301886,-0.04716981132075472,0.08490566037735849,0.6618,False
MuSiQue,rq1_mr3_g010_branchoff,dbec_selective,support_hit_count,1,3,0.1,off,106,0.08490566037735849,0.0,0.17004716981131732,0.9689,False
MuSiQue,rq1_mr3_g010_branchstrict,rank_fill5,support_recall,1,3,0.1,strict,106,0.0047169811320754715,-0.014150943396226415,0.02358490566037736,0.6814,False
MuSiQue,rq1_mr3_g010_branchstrict,dbec_selective,support_recall,1,3,0.1,strict,106,0.02358490566037736,-0.00078616352201258,0.04954795597484249,0.9689,False
MuSiQue,rq1_mr3_g010_branchstrict,rank_fill5,support_complete,1,3,0.1,strict,106,-0.009433962264150943,-0.04716981132075472,0.018867924528301886,0.1812,False
MuSiQue,rq1_mr3_g010_branchstrict,dbec_selective,support_complete,1,3,0.1,strict,106,0.0,-0.04716981132075472,0.04716981132075472,0.4231,False
MuSiQue,rq1_mr3_g010_branchstrict,rank_fill5,support_hit_count,1,3,0.1,strict,106,0.018867924528301886,-0.04716981132075472,0.08490566037735849,0.6745,False
MuSiQue,rq1_mr3_g010_branchstrict,dbec_selective,support_hit_count,1,3,0.1,strict,106,0.08490566037735849,0.0,0.16981132075471697,0.9703,False
MuSiQue,rq2_mr1_g000_branchoff,rank_fill5,support_recall,2,1,0.0,off,106,0.0023584905660377353,-0.012578616352201259,0.017295597484276733,0.5951,False
MuSiQue,rq2_mr1_g000_branchoff,dbec_selective,support_recall,2,1,0.0,off,106,0.02122641509433962,-0.0070754716981132094,0.05110062893081761,0.9215,False
MuSiQue,rq2_mr1_g000_branchoff,rank_fill5,support_complete,2,1,0.0,off,106,-0.009433962264150943,-0.03773584905660377,0.018867924528301886,0.1844,False
MuSiQue,rq2_mr1_g000_branchoff,dbec_selective,support_complete,2,1,0.0,off,106,0.0,-0.04716981132075472,0.05660377358490566,0.4261,False
MuSiQue,rq2_mr1_g000_branchoff,rank_fill5,support_hit_count,2,1,0.0,off,106,0.009433962264150943,-0.03773584905660377,0.05660377358490566,0.5775,False
MuSiQue,rq2_mr1_g000_branchoff,dbec_selective,support_hit_count,2,1,0.0,off,106,0.07547169811320754,-0.02830188679245283,0.1792452830188679,0.9138,False
MuSiQue,rq2_mr1_g000_branchstrict,rank_fill5,support_recall,2,1,0.0,strict,106,0.0023584905660377353,-0.012578616352201259,0.01729559748427673,0.5964,False
MuSiQue,rq2_mr1_g000_branchstrict,dbec_selective,support_recall,2,1,0.0,strict,106,0.02122641509433962,-0.0070754716981132094,0.050314465408805034,0.9249,False
MuSiQue,rq2_mr1_g000_branchstrict,rank_fill5,support_complete,2,1,0.0,strict,106,-0.009433962264150943,-0.04716981132075472,0.018867924528301886,0.1879,False
MuSiQue,rq2_mr1_g000_branchstrict,dbec_selective,support_complete,2,1,0.0,strict,106,0.0,-0.05660377358490566,0.05660377358490566,0.432,False
MuSiQue,rq2_mr1_g000_branchstrict,rank_fill5,support_hit_count,2,1,0.0,strict,106,0.009433962264150943,-0.03773584905660377,0.05660377358490566,0.5736,False
MuSiQue,rq2_mr1_g000_branchstrict,dbec_selective,support_hit_count,2,1,0.0,strict,106,0.07547169811320754,-0.02830188679245283,0.1792452830188679,0.9139,False
MuSiQue,rq2_mr1_g003_branchoff,rank_fill5,support_recall,2,1,0.03,off,106,0.0023584905660377353,-0.012578616352201259,0.01729559748427673,0.6011,False
MuSiQue,rq2_mr1_g003_branchoff,dbec_selective,support_recall,2,1,0.03,off,106,0.02122641509433962,-0.007861635220125786,0.051100628930817606,0.9184,False
MuSiQue,rq2_mr1_g003_branchoff,rank_fill5,support_complete,2,1,0.03,off,106,-0.009433962264150943,-0.04716981132075472,0.018867924528301886,0.1816,False
MuSiQue,rq2_mr1_g003_branchoff,dbec_selective,support_complete,2,1,0.03,off,106,0.0,-0.05660377358490566,0.05660377358490566,0.4289,False
MuSiQue,rq2_mr1_g003_branchoff,rank_fill5,support_hit_count,2,1,0.03,off,106,0.009433962264150943,-0.03773584905660377,0.05660377358490566,0.5687,False
MuSiQue,rq2_mr1_g003_branchoff,dbec_selective,support_hit_count,2,1,0.03,off,106,0.07547169811320754,-0.02830188679245283,0.1792452830188679,0.9107,False
MuSiQue,rq2_mr1_g003_branchstrict,rank_fill5,support_recall,2,1,0.03,strict,106,0.0023584905660377353,-0.012578616352201259,0.017295597484276726,0.6059,False
MuSiQue,rq2_mr1_g003_branchstrict,dbec_selective,support_recall,2,1,0.03,strict,106,0.02122641509433962,-0.007861635220125786,0.051100628930817606,0.9212,False
MuSiQue,rq2_mr1_g003_branchstrict,rank_fill5,support_complete,2,1,0.03,strict,106,-0.009433962264150943,-0.04716981132075472,0.018867924528301886,0.1777,False
MuSiQue,rq2_mr1_g003_branchstrict,dbec_selective,support_complete,2,1,0.03,strict,106,0.0,-0.05660377358490566,0.05660377358490566,0.433,False
MuSiQue,rq2_mr1_g003_branchstrict,rank_fill5,support_hit_count,2,1,0.03,strict,106,0.009433962264150943,-0.03773584905660377,0.05660377358490566,0.5796,False
MuSiQue,rq2_mr1_g003_branchstrict,dbec_selective,support_hit_count,2,1,0.03,strict,106,0.07547169811320754,-0.02830188679245283,0.1792452830188679,0.9112,False
MuSiQue,rq2_mr1_g005_branchoff,rank_fill5,support_recall,2,1,0.05,off,106,0.0023584905660377353,-0.012578616352201259,0.01729559748427673,0.6008,False
MuSiQue,rq2_mr1_g005_branchoff,dbec_selective,support_recall,2,1,0.05,off,106,0.02122641509433962,-0.007861635220125784,0.05031446540880503,0.9199,False
MuSiQue,rq2_mr1_g005_branchoff,rank_fill5,support_complete,2,1,0.05,off,106,-0.009433962264150943,-0.04716981132075472,0.018867924528301886,0.182,False
MuSiQue,rq2_mr1_g005_branchoff,dbec_selective,support_complete,2,1,0.05,off,106,0.0,-0.05660377358490566,0.04716981132075472,0.4367,False
MuSiQue,rq2_mr1_g005_branchoff,rank_fill5,support_hit_count,2,1,0.05,off,106,0.009433962264150943,-0.03773584905660377,0.05660377358490566,0.5753,False
MuSiQue,rq2_mr1_g005_branchoff,dbec_selective,support_hit_count,2,1,0.05,off,106,0.07547169811320754,-0.02830188679245283,0.1792452830188679,0.9128,False
MuSiQue,rq2_mr1_g005_branchstrict,rank_fill5,support_recall,2,1,0.05,strict,106,0.0023584905660377353,-0.012578616352201259,0.01729559748427673,0.6045,False
MuSiQue,rq2_mr1_g005_branchstrict,dbec_selective,support_recall,2,1,0.05,strict,106,0.02122641509433962,-0.007861635220125786,0.05188679245283019,0.9222,False
MuSiQue,rq2_mr1_g005_branchstrict,rank_fill5,support_complete,2,1,0.05,strict,106,-0.009433962264150943,-0.03773584905660377,0.018867924528301886,0.1808,False
MuSiQue,rq2_mr1_g005_branchstrict,dbec_selective,support_complete,2,1,0.05,strict,106,0.0,-0.05660377358490566,0.05660377358490566,0.4258,False
MuSiQue,rq2_mr1_g005_branchstrict,rank_fill5,support_hit_count,2,1,0.05,strict,106,0.009433962264150943,-0.03773584905660377,0.05660377358490566,0.5733,False
MuSiQue,rq2_mr1_g005_branchstrict,dbec_selective,support_hit_count,2,1,0.05,strict,106,0.07547169811320754,-0.02830188679245283,0.1792452830188679,0.911,False
MuSiQue,rq2_mr1_g010_branchoff,rank_fill5,support_recall,2,1,0.1,off,106,0.0023584905660377353,-0.011792452830188682,0.01729559748427673,0.5976,False
MuSiQue,rq2_mr1_g010_branchoff,dbec_selective,support_recall,2,1,0.1,off,106,0.02122641509433962,-0.007075471698113208,0.051100628930817606,0.9258,False
MuSiQue,rq2_mr1_g010_branchoff,rank_fill5,support_complete,2,1,0.1,off,106,-0.009433962264150943,-0.04716981132075472,0.018867924528301886,0.179,False
MuSiQue,rq2_mr1_g010_branchoff,dbec_selective,support_complete,2,1,0.1,off,106,0.0,-0.05660377358490566,0.05660377358490566,0.4259,False
MuSiQue,rq2_mr1_g010_branchoff,rank_fill5,support_hit_count,2,1,0.1,off,106,0.009433962264150943,-0.03773584905660377,0.05660377358490566,0.5767,False
MuSiQue,rq2_mr1_g010_branchoff,dbec_selective,support_hit_count,2,1,0.1,off,106,0.07547169811320754,-0.018867924528301886,0.1792452830188679,0.9196,False
MuSiQue,rq2_mr1_g010_branchstrict,rank_fill5,support_recall,2,1,0.1,strict,106,0.0023584905660377353,-0.012578616352201259,0.01729559748427673,0.5934,False
MuSiQue,rq2_mr1_g010_branchstrict,dbec_selective,support_recall,2,1,0.1,strict,106,0.02122641509433962,-0.007861635220125786,0.05110062893081761,0.9264,False
MuSiQue,rq2_mr1_g010_branchstrict,rank_fill5,support_complete,2,1,0.1,strict,106,-0.009433962264150943,-0.04716981132075472,0.018867924528301886,0.1861,False
MuSiQue,rq2_mr1_g010_branchstrict,dbec_selective,support_complete,2,1,0.1,strict,106,0.0,-0.05660377358490566,0.05660377358490566,0.4322,False
MuSiQue,rq2_mr1_g010_branchstrict,rank_fill5,support_hit_count,2,1,0.1,strict,106,0.009433962264150943,-0.03773584905660377,0.05660377358490566,0.5744,False
MuSiQue,rq2_mr1_g010_branchstrict,dbec_selective,support_hit_count,2,1,0.1,strict,106,0.07547169811320754,-0.02830188679245283,0.1792452830188679,0.9155,False
MuSiQue,rq2_mr2_g000_branchoff,rank_fill5,support_recall,2,2,0.0,off,106,0.0023584905660377353,-0.012578616352201259,0.01729559748427673,0.5908,False
MuSiQue,rq2_mr2_g000_branchoff,dbec_selective,support_recall,2,2,0.0,off,106,0.02122641509433962,-0.007861635220125788,0.051100628930817606,0.9201,False
MuSiQue,rq2_mr2_g000_branchoff,rank_fill5,support_complete,2,2,0.0,off,106,-0.009433962264150943,-0.03773584905660377,0.018867924528301886,0.1804,False
MuSiQue,rq2_mr2_g000_branchoff,dbec_selective,support_complete,2,2,0.0,off,106,0.0,-0.05660377358490566,0.05660377358490566,0.4281,False
MuSiQue,rq2_mr2_g000_branchoff,rank_fill5,support_hit_count,2,2,0.0,off,106,0.009433962264150943,-0.03773584905660377,0.05660377358490566,0.5807,False
MuSiQue,rq2_mr2_g000_branchoff,dbec_selective,support_hit_count,2,2,0.0,off,106,0.07547169811320754,-0.02830188679245283,0.1792452830188679,0.9107,False
MuSiQue,rq2_mr2_g000_branchstrict,rank_fill5,support_recall,2,2,0.0,strict,106,0.0023584905660377353,-0.011792452830188682,0.017295597484276733,0.5949,False
MuSiQue,rq2_mr2_g000_branchstrict,dbec_selective,support_recall,2,2,0.0,strict,106,0.02122641509433962,-0.0070754716981132094,0.051100628930817606,0.9263,False
MuSiQue,rq2_mr2_g000_branchstrict,rank_fill5,support_complete,2,2,0.0,strict,106,-0.009433962264150943,-0.04716981132075472,0.018867924528301886,0.1798,False
MuSiQue,rq2_mr2_g000_branchstrict,dbec_selective,support_complete,2,2,0.0,strict,106,0.0,-0.04716981132075472,0.04716981132075472,0.4192,False
MuSiQue,rq2_mr2_g000_branchstrict,rank_fill5,support_hit_count,2,2,0.0,strict,106,0.009433962264150943,-0.03773584905660377,0.05660377358490566,0.5774,False
MuSiQue,rq2_mr2_g000_branchstrict,dbec_selective,support_hit_count,2,2,0.0,strict,106,0.07547169811320754,-0.02830188679245283,0.1792452830188679,0.9164,False
MuSiQue,rq2_mr2_g003_branchoff,rank_fill5,support_recall,2,2,0.03,off,106,0.0023584905660377353,-0.012578616352201259,0.01650943396226415,0.5992,False
MuSiQue,rq2_mr2_g003_branchoff,dbec_selective,support_recall,2,2,0.03,off,106,0.02122641509433962,-0.007861635220125786,0.05110062893081761,0.9163,False
MuSiQue,rq2_mr2_g003_branchoff,rank_fill5,support_complete,2,2,0.03,off,106,-0.009433962264150943,-0.04716981132075472,0.018867924528301886,0.1837,False
MuSiQue,rq2_mr2_g003_branchoff,dbec_selective,support_complete,2,2,0.03,off,106,0.0,-0.04716981132075472,0.05660377358490566,0.4267,False
MuSiQue,rq2_mr2_g003_branchoff,rank_fill5,support_hit_count,2,2,0.03,off,106,0.009433962264150943,-0.03773584905660377,0.05660377358490566,0.5768,False
MuSiQue,rq2_mr2_g003_branchoff,dbec_selective,support_hit_count,2,2,0.03,off,106,0.07547169811320754,-0.02830188679245283,0.1792452830188679,0.9143,False
MuSiQue,rq2_mr2_g003_branchstrict,rank_fill5,support_recall,2,2,0.03,strict,106,0.0023584905660377353,-0.012578616352201259,0.017295597484276733,0.5992,False
MuSiQue,rq2_mr2_g003_branchstrict,dbec_selective,support_recall,2,2,0.03,strict,106,0.02122641509433962,-0.007075471698113208,0.050314465408805034,0.9217,False
MuSiQue,rq2_mr2_g003_branchstrict,rank_fill5,support_complete,2,2,0.03,strict,106,-0.009433962264150943,-0.04716981132075472,0.018867924528301886,0.1843,False
MuSiQue,rq2_mr2_g003_branchstrict,dbec_selective,support_complete,2,2,0.03,strict,106,0.0,-0.05660377358490566,0.04716981132075472,0.4221,False
MuSiQue,rq2_mr2_g003_branchstrict,rank_fill5,support_hit_count,2,2,0.03,strict,106,0.009433962264150943,-0.03773584905660377,0.05660377358490566,0.5752,False
MuSiQue,rq2_mr2_g003_branchstrict,dbec_selective,support_hit_count,2,2,0.03,strict,106,0.07547169811320754,-0.02830188679245283,0.1792452830188679,0.9103,False
MuSiQue,rq2_mr2_g005_branchoff,rank_fill5,support_recall,2,2,0.05,off,106,0.0023584905660377353,-0.012578616352201259,0.017295597484276733,0.6042,False
MuSiQue,rq2_mr2_g005_branchoff,dbec_selective,support_recall,2,2,0.05,off,106,0.02122641509433962,-0.007075471698113208,0.051100628930817606,0.9225,False
MuSiQue,rq2_mr2_g005_branchoff,rank_fill5,support_complete,2,2,0.05,off,106,-0.009433962264150943,-0.04716981132075472,0.018867924528301886,0.1886,False
MuSiQue,rq2_mr2_g005_branchoff,dbec_selective,support_complete,2,2,0.05,off,106,0.0,-0.04740566037735828,0.05660377358490566,0.429,False
MuSiQue,rq2_mr2_g005_branchoff,rank_fill5,support_hit_count,2,2,0.05,off,106,0.009433962264150943,-0.03773584905660377,0.05660377358490566,0.5741,False
MuSiQue,rq2_mr2_g005_branchoff,dbec_selective,support_hit_count,2,2,0.05,off,106,0.07547169811320754,-0.02830188679245283,0.1792452830188679,0.9117,False
MuSiQue,rq2_mr2_g005_branchstrict,rank_fill5,support_recall,2,2,0.05,strict,106,0.0023584905660377353,-0.012578616352201259,0.017295597484276733,0.601,False
MuSiQue,rq2_mr2_g005_branchstrict,dbec_selective,support_recall,2,2,0.05,strict,106,0.02122641509433962,-0.0070754716981132094,0.051100628930817606,0.9243,False
MuSiQue,rq2_mr2_g005_branchstrict,rank_fill5,support_complete,2,2,0.05,strict,106,-0.009433962264150943,-0.04716981132075472,0.018867924528301886,0.1819,False
MuSiQue,rq2_mr2_g005_branchstrict,dbec_selective,support_complete,2,2,0.05,strict,106,0.0,-0.05660377358490566,0.04716981132075472,0.4292,False
MuSiQue,rq2_mr2_g005_branchstrict,rank_fill5,support_hit_count,2,2,0.05,strict,106,0.009433962264150943,-0.03773584905660377,0.05660377358490566,0.5746,False
MuSiQue,rq2_mr2_g005_branchstrict,dbec_selective,support_hit_count,2,2,0.05,strict,106,0.07547169811320754,-0.02830188679245283,0.1792452830188679,0.916,False
MuSiQue,rq2_mr2_g010_branchoff,rank_fill5,support_recall,2,2,0.1,off,106,0.0023584905660377353,-0.012578616352201259,0.017295597484276733,0.5962,False
MuSiQue,rq2_mr2_g010_branchoff,dbec_selective,support_recall,2,2,0.1,off,106,0.02122641509433962,-0.007861635220125786,0.05188679245283019,0.9225,False
MuSiQue,rq2_mr2_g010_branchoff,rank_fill5,support_complete,2,2,0.1,off,106,-0.009433962264150943,-0.04716981132075472,0.018867924528301886,0.1823,False
MuSiQue,rq2_mr2_g010_branchoff,dbec_selective,support_complete,2,2,0.1,off,106,0.0,-0.04716981132075472,0.04716981132075472,0.4359,False
MuSiQue,rq2_mr2_g010_branchoff,rank_fill5,support_hit_count,2,2,0.1,off,106,0.009433962264150943,-0.03773584905660377,0.05660377358490566,0.5799,False
MuSiQue,rq2_mr2_g010_branchoff,dbec_selective,support_hit_count,2,2,0.1,off,106,0.07547169811320754,-0.02830188679245283,0.1792452830188679,0.9135,False
MuSiQue,rq2_mr2_g010_branchstrict,rank_fill5,support_recall,2,2,0.1,strict,106,0.0023584905660377353,-0.012578616352201259,0.01729559748427673,0.5991,False
MuSiQue,rq2_mr2_g010_branchstrict,dbec_selective,support_recall,2,2,0.1,strict,106,0.02122641509433962,-0.007075471698113209,0.05188679245283018,0.9228,False
MuSiQue,rq2_mr2_g010_branchstrict,rank_fill5,support_complete,2,2,0.1,strict,106,-0.009433962264150943,-0.04716981132075472,0.018867924528301886,0.1793,False
MuSiQue,rq2_mr2_g010_branchstrict,dbec_selective,support_complete,2,2,0.1,strict,106,0.0,-0.05660377358490566,0.04716981132075472,0.4261,False
MuSiQue,rq2_mr2_g010_branchstrict,rank_fill5,support_hit_count,2,2,0.1,strict,106,0.009433962264150943,-0.03773584905660377,0.05660377358490566,0.5778,False
MuSiQue,rq2_mr2_g010_branchstrict,dbec_selective,support_hit_count,2,2,0.1,strict,106,0.07547169811320754,-0.02830188679245283,0.1792452830188679,0.9133,False
MuSiQue,rq2_mr3_g000_branchoff,rank_fill5,support_recall,2,3,0.0,off,106,0.0023584905660377353,-0.012578616352201259,0.01729559748427673,0.5966,False
MuSiQue,rq2_mr3_g000_branchoff,dbec_selective,support_recall,2,3,0.0,off,106,0.02122641509433962,-0.007861635220125786,0.051100628930817606,0.9222,False
MuSiQue,rq2_mr3_g000_branchoff,rank_fill5,support_complete,2,3,0.0,off,106,-0.009433962264150943,-0.04716981132075472,0.018867924528301886,0.1814,False
MuSiQue,rq2_mr3_g000_branchoff,dbec_selective,support_complete,2,3,0.0,off,106,0.0,-0.04716981132075472,0.05660377358490566,0.4246,False
MuSiQue,rq2_mr3_g000_branchoff,rank_fill5,support_hit_count,2,3,0.0,off,106,0.009433962264150943,-0.03773584905660377,0.05660377358490566,0.5852,False
MuSiQue,rq2_mr3_g000_branchoff,dbec_selective,support_hit_count,2,3,0.0,off,106,0.07547169811320754,-0.02830188679245283,0.1792452830188679,0.9114,False
MuSiQue,rq2_mr3_g000_branchstrict,rank_fill5,support_recall,2,3,0.0,strict,106,0.0023584905660377353,-0.01179245283018868,0.01729559748427673,0.5989,False
MuSiQue,rq2_mr3_g000_branchstrict,dbec_selective,support_recall,2,3,0.0,strict,106,0.02122641509433962,-0.0070754716981132094,0.05188679245283019,0.9258,False
MuSiQue,rq2_mr3_g000_branchstrict,rank_fill5,support_complete,2,3,0.0,strict,106,-0.009433962264150943,-0.04716981132075472,0.018867924528301886,0.1843,False
MuSiQue,rq2_mr3_g000_branchstrict,dbec_selective,support_complete,2,3,0.0,strict,106,0.0,-0.04716981132075472,0.05660377358490566,0.4307,False
MuSiQue,rq2_mr3_g000_branchstrict,rank_fill5,support_hit_count,2,3,0.0,strict,106,0.009433962264150943,-0.03773584905660377,0.05660377358490566,0.5769,False
MuSiQue,rq2_mr3_g000_branchstrict,dbec_selective,support_hit_count,2,3,0.0,strict,106,0.07547169811320754,-0.02830188679245283,0.1792452830188679,0.9196,False
MuSiQue,rq2_mr3_g003_branchoff,rank_fill5,support_recall,2,3,0.03,off,106,0.0023584905660377353,-0.012578616352201259,0.017295597484276733,0.5968,False
MuSiQue,rq2_mr3_g003_branchoff,dbec_selective,support_recall,2,3,0.03,off,106,0.02122641509433962,-0.007075471698113208,0.050314465408805034,0.9236,False
MuSiQue,rq2_mr3_g003_branchoff,rank_fill5,support_complete,2,3,0.03,off,106,-0.009433962264150943,-0.03773584905660377,0.018867924528301886,0.1855,False
MuSiQue,rq2_mr3_g003_branchoff,dbec_selective,support_complete,2,3,0.03,off,106,0.0,-0.04716981132075472,0.05660377358490566,0.4263,False
MuSiQue,rq2_mr3_g003_branchoff,rank_fill5,support_hit_count,2,3,0.03,off,106,0.009433962264150943,-0.03773584905660377,0.05660377358490566,0.5724,False
MuSiQue,rq2_mr3_g003_branchoff,dbec_selective,support_hit_count,2,3,0.03,off,106,0.07547169811320754,-0.02830188679245283,0.1792452830188679,0.9103,False
MuSiQue,rq2_mr3_g003_branchstrict,rank_fill5,support_recall,2,3,0.03,strict,106,0.0023584905660377353,-0.011792452830188682,0.017295597484276726,0.602,False
MuSiQue,rq2_mr3_g003_branchstrict,dbec_selective,support_recall,2,3,0.03,strict,106,0.02122641509433962,-0.007075471698113208,0.05110062893081761,0.9256,False
MuSiQue,rq2_mr3_g003_branchstrict,rank_fill5,support_complete,2,3,0.03,strict,106,-0.009433962264150943,-0.04716981132075472,0.018867924528301886,0.1842,False
MuSiQue,rq2_mr3_g003_branchstrict,dbec_selective,support_complete,2,3,0.03,strict,106,0.0,-0.04716981132075472,0.05660377358490566,0.4242,False
MuSiQue,rq2_mr3_g003_branchstrict,rank_fill5,support_hit_count,2,3,0.03,strict,106,0.009433962264150943,-0.03773584905660377,0.05660377358490566,0.5762,False
MuSiQue,rq2_mr3_g003_branchstrict,dbec_selective,support_hit_count,2,3,0.03,strict,106,0.07547169811320754,-0.02830188679245283,0.1792452830188679,0.9112,False
MuSiQue,rq2_mr3_g005_branchoff,rank_fill5,support_recall,2,3,0.05,off,106,0.0023584905660377353,-0.012578616352201259,0.017295597484276733,0.6083,False
MuSiQue,rq2_mr3_g005_branchoff,dbec_selective,support_recall,2,3,0.05,off,106,0.02122641509433962,-0.007075471698113208,0.051100628930817606,0.9267,False
MuSiQue,rq2_mr3_g005_branchoff,rank_fill5,support_complete,2,3,0.05,off,106,-0.009433962264150943,-0.04716981132075472,0.018867924528301886,0.1886,False
MuSiQue,rq2_mr3_g005_branchoff,dbec_selective,support_complete,2,3,0.05,off,106,0.0,-0.04716981132075472,0.05660377358490566,0.4271,False
MuSiQue,rq2_mr3_g005_branchoff,rank_fill5,support_hit_count,2,3,0.05,off,106,0.009433962264150943,-0.03773584905660377,0.05660377358490566,0.5773,False
MuSiQue,rq2_mr3_g005_branchoff,dbec_selective,support_hit_count,2,3,0.05,off,106,0.07547169811320754,-0.02830188679245283,0.1792452830188679,0.9103,False
MuSiQue,rq2_mr3_g005_branchstrict,rank_fill5,support_recall,2,3,0.05,strict,106,0.0023584905660377353,-0.012578616352201259,0.01729559748427673,0.6031,False
MuSiQue,rq2_mr3_g005_branchstrict,dbec_selective,support_recall,2,3,0.05,strict,106,0.02122641509433962,-0.0070754716981132094,0.05188679245283019,0.9215,False
MuSiQue,rq2_mr3_g005_branchstrict,rank_fill5,support_complete,2,3,0.05,strict,106,-0.009433962264150943,-0.04716981132075472,0.018867924528301886,0.1809,False
MuSiQue,rq2_mr3_g005_branchstrict,dbec_selective,support_complete,2,3,0.05,strict,106,0.0,-0.05660377358490566,0.05660377358490566,0.435,False
MuSiQue,rq2_mr3_g005_branchstrict,rank_fill5,support_hit_count,2,3,0.05,strict,106,0.009433962264150943,-0.03773584905660377,0.05660377358490566,0.572,False
MuSiQue,rq2_mr3_g005_branchstrict,dbec_selective,support_hit_count,2,3,0.05,strict,106,0.07547169811320754,-0.02830188679245283,0.1792452830188679,0.9155,False
MuSiQue,rq2_mr3_g010_branchoff,rank_fill5,support_recall,2,3,0.1,off,106,0.0023584905660377353,-0.012578616352201259,0.017295597484276733,0.6024,False
MuSiQue,rq2_mr3_g010_branchoff,dbec_selective,support_recall,2,3,0.1,off,106,0.02122641509433962,-0.007075471698113209,0.05188679245283019,0.9224,False
MuSiQue,rq2_mr3_g010_branchoff,rank_fill5,support_complete,2,3,0.1,off,106,-0.009433962264150943,-0.04716981132075472,0.018867924528301886,0.1715,False
MuSiQue,rq2_mr3_g010_branchoff,dbec_selective,support_complete,2,3,0.1,off,106,0.0,-0.05660377358490566,0.05660377358490566,0.4302,False
MuSiQue,rq2_mr3_g010_branchoff,rank_fill5,support_hit_count,2,3,0.1,off,106,0.009433962264150943,-0.03773584905660377,0.05660377358490566,0.577,False
MuSiQue,rq2_mr3_g010_branchoff,dbec_selective,support_hit_count,2,3,0.1,off,106,0.07547169811320754,-0.02830188679245283,0.1792452830188679,0.9109,False
MuSiQue,rq2_mr3_g010_branchstrict,rank_fill5,support_recall,2,3,0.1,strict,106,0.0023584905660377353,-0.012578616352201259,0.01729559748427673,0.6023,False
MuSiQue,rq2_mr3_g010_branchstrict,dbec_selective,support_recall,2,3,0.1,strict,106,0.02122641509433962,-0.00707547169811321,0.050314465408805034,0.9205,False
MuSiQue,rq2_mr3_g010_branchstrict,rank_fill5,support_complete,2,3,0.1,strict,106,-0.009433962264150943,-0.03773584905660377,0.018867924528301886,0.1796,False
MuSiQue,rq2_mr3_g010_branchstrict,dbec_selective,support_complete,2,3,0.1,strict,106,0.0,-0.05660377358490566,0.05660377358490566,0.4322,False
MuSiQue,rq2_mr3_g010_branchstrict,rank_fill5,support_hit_count,2,3,0.1,strict,106,0.009433962264150943,-0.03773584905660377,0.05660377358490566,0.5702,False
MuSiQue,rq2_mr3_g010_branchstrict,dbec_selective,support_hit_count,2,3,0.1,strict,106,0.07547169811320754,-0.02830188679245283,0.1792452830188679,0.9183,False
