INFO:src.hipporag.prompts.prompt_template_manager:Loading templates from directory: /mnt/nvme/code/HippoRAG/src/hipporag/prompts/templates
INFO:src.hipporag.HippoRAG:Loaded graph from outputs_step0_general_nvembed_musique/qwen3-8b_VLLM_nvidia_NV-Embed-v2/graph.pickle with 111597 nodes, 1694715 edges
INFO:src.hipporag.embedding_store:Loaded 11656 records from outputs_step0_general_nvembed_musique/qwen3-8b_VLLM_nvidia_NV-Embed-v2/chunk_embeddings/vdb_chunk.parquet
INFO:src.hipporag.embedding_store:Loaded 99941 records from outputs_step0_general_nvembed_musique/qwen3-8b_VLLM_nvidia_NV-Embed-v2/entity_embeddings/vdb_entity.parquet
INFO:src.hipporag.embedding_store:Loaded 135279 records from outputs_step0_general_nvembed_musique/qwen3-8b_VLLM_nvidia_NV-Embed-v2/fact_embeddings/vdb_fact.parquet
INFO:src.hipporag.prompts.prompt_template_manager:Loading templates from directory: /mnt/nvme/code/HippoRAG/src/hipporag/prompts/templates
INFO:src.hipporag.HippoRAG:Indexing Documents
INFO:src.hipporag.HippoRAG:Performing OpenIE
INFO:src.hipporag.embedding_store:Inserting 0 new records, 11656 records already exist.
INFO:src.hipporag.HippoRAG:OpenIE results saved to outputs_step0_general_nvembed_musique/openie_results_ner_qwen3-8b.json
INFO:src.hipporag.HippoRAG:Encoding Entities
INFO:src.hipporag.embedding_store:Inserting 0 new records, 99941 records already exist.
INFO:src.hipporag.HippoRAG:Encoding Facts
INFO:src.hipporag.embedding_store:Inserting 0 new records, 135279 records already exist.
INFO:src.hipporag.HippoRAG:Constructing Graph
INFO:src.hipporag.HippoRAG:Adding OpenIE triples to graph.
0it [00:00, ?it/s]2898it [00:00, 28974.71it/s]5796it [00:00, 26536.10it/s]8464it [00:00, 24221.92it/s]10908it [00:00, 9991.35it/s]11656it [00:00, 13164.30it/s]
INFO:src.hipporag.HippoRAG:Connecting passage nodes to phrase nodes.
0it [00:00, ?it/s]11656it [00:00, 4133311.42it/s]
WARNING:src.hipporag.evaluation.retrieval_eval:Length of retrieved docs (100) is smaller than largest topk for recall score (200)
WARNING:src.hipporag.evaluation.retrieval_eval:Length of retrieved docs (100) is smaller than largest topk for recall score (200)
WARNING:src.hipporag.evaluation.retrieval_eval:Length of retrieved docs (100) is smaller than largest topk for recall score (200)
WARNING:src.hipporag.evaluation.retrieval_eval:Length of retrieved docs (100) is smaller than largest topk for recall score (200)
WARNING:src.hipporag.evaluation.retrieval_eval:Length of retrieved docs (100) is smaller than largest topk for recall score (200)
WARNING:src.hipporag.evaluation.retrieval_eval:Length of retrieved docs (100) is smaller than largest topk for recall score (200)
WARNING:src.hipporag.evaluation.retrieval_eval:Length of retrieved docs (100) is smaller than largest topk for recall score (200)
WARNING:src.hipporag.evaluation.retrieval_eval:Length of retrieved docs (100) is smaller than largest topk for recall score (200)
WARNING:src.hipporag.evaluation.retrieval_eval:Length of retrieved docs (100) is smaller than largest topk for recall score (200)
WARNING:src.hipporag.evaluation.retrieval_eval:Length of retrieved docs (100) is smaller than largest topk for recall score (200)
WARNING:src.hipporag.evaluation.retrieval_eval:Length of retrieved docs (100) is smaller than largest topk for recall score (200)
WARNING:src.hipporag.evaluation.retrieval_eval:Length of retrieved docs (100) is smaller than largest topk for recall score (200)
WARNING:src.hipporag.evaluation.retrieval_eval:Length of retrieved docs (100) is smaller than largest topk for recall score (200)
WARNING:src.hipporag.evaluation.retrieval_eval:Length of retrieved docs (100) is smaller than largest topk for recall score (200)
WARNING:src.hipporag.evaluation.retrieval_eval:Length of retrieved docs (100) is smaller than largest topk for recall score (200)
WARNING:src.hipporag.evaluation.retrieval_eval:Length of retrieved docs (100) is smaller than largest topk for recall score (200)
WARNING:src.hipporag.evaluation.retrieval_eval:Length of retrieved docs (100) is smaller than largest topk for recall score (200)
WARNING:src.hipporag.evaluation.retrieval_eval:Length of retrieved docs (100) is smaller than largest topk for recall score (200)
WARNING:src.hipporag.evaluation.retrieval_eval:Length of retrieved docs (100) is smaller than largest topk for recall score (200)
WARNING:src.hipporag.evaluation.retrieval_eval:Length of retrieved docs (100) is smaller than largest topk for recall score (200)
WARNING:src.hipporag.evaluation.retrieval_eval:Length of retrieved docs (100) is smaller than largest topk for recall score (200)
WARNING:src.hipporag.evaluation.retrieval_eval:Length of retrieved docs (100) is smaller than largest topk for recall score (200)
WARNING:src.hipporag.evaluation.retrieval_eval:Length of retrieved docs (100) is smaller than largest topk for recall score (200)
WARNING:src.hipporag.evaluation.retrieval_eval:Length of retrieved docs (100) is smaller than largest topk for recall score (200)
WARNING:src.hipporag.evaluation.retrieval_eval:Length of retrieved docs (100) is smaller than largest topk for recall score (200)
WARNING:src.hipporag.evaluation.retrieval_eval:Length of retrieved docs (100) is smaller than largest topk for recall score (200)
WARNING:src.hipporag.evaluation.retrieval_eval:Length of retrieved docs (100) is smaller than largest topk for recall score (200)
WARNING:src.hipporag.evaluation.retrieval_eval:Length of retrieved docs (100) is smaller than largest topk for recall score (200)
WARNING:src.hipporag.evaluation.retrieval_eval:Length of retrieved docs (100) is smaller than largest topk for recall score (200)
WARNING:src.hipporag.evaluation.retrieval_eval:Length of retrieved docs (100) is smaller than largest topk for recall score (200)
WARNING:src.hipporag.evaluation.retrieval_eval:Length of retrieved docs (100) is smaller than largest topk for recall score (200)
WARNING:src.hipporag.evaluation.retrieval_eval:Length of retrieved docs (100) is smaller than largest topk for recall score (200)
WARNING:src.hipporag.evaluation.retrieval_eval:Length of retrieved docs (100) is smaller than largest topk for recall score (200)
WARNING:src.hipporag.evaluation.retrieval_eval:Length of retrieved docs (100) is smaller than largest topk for recall score (200)
WARNING:src.hipporag.evaluation.retrieval_eval:Length of retrieved docs (100) is smaller than largest topk for recall score (200)
WARNING:src.hipporag.evaluation.retrieval_eval:Length of retrieved docs (100) is smaller than largest topk for recall score (200)
WARNING:src.hipporag.evaluation.retrieval_eval:Length of retrieved docs (100) is smaller than largest topk for recall score (200)
WARNING:src.hipporag.evaluation.retrieval_eval:Length of retrieved docs (100) is smaller than largest topk for recall score (200)
WARNING:src.hipporag.evaluation.retrieval_eval:Length of retrieved docs (100) is smaller than largest topk for recall score (200)
WARNING:src.hipporag.evaluation.retrieval_eval:Length of retrieved docs (100) is smaller than largest topk for recall score (200)
WARNING:src.hipporag.evaluation.retrieval_eval:Length of retrieved docs (100) is smaller than largest topk for recall score (200)
WARNING:src.hipporag.evaluation.retrieval_eval:Length of retrieved docs (100) is smaller than largest topk for recall score (200)
WARNING:src.hipporag.evaluation.retrieval_eval:Length of retrieved docs (100) is smaller than largest topk for recall score (200)
WARNING:src.hipporag.evaluation.retrieval_eval:Length of retrieved docs (100) is smaller than largest topk for recall score (200)
WARNING:src.hipporag.evaluation.retrieval_eval:Length of retrieved docs (100) is smaller than largest topk for recall score (200)
WARNING:src.hipporag.evaluation.retrieval_eval:Length of retrieved docs (100) is smaller than largest topk for recall score (200)
WARNING:src.hipporag.evaluation.retrieval_eval:Length of retrieved docs (100) is smaller than largest topk for recall score (200)
WARNING:src.hipporag.evaluation.retrieval_eval:Length of retrieved docs (100) is smaller than largest topk for recall score (200)
WARNING:src.hipporag.evaluation.retrieval_eval:Length of retrieved docs (100) is smaller than largest topk for recall score (200)
WARNING:src.hipporag.evaluation.retrieval_eval:Length of retrieved docs (100) is smaller than largest topk for recall score (200)
WARNING:src.hipporag.evaluation.retrieval_eval:Length of retrieved docs (100) is smaller than largest topk for recall score (200)
WARNING:src.hipporag.evaluation.retrieval_eval:Length of retrieved docs (100) is smaller than largest topk for recall score (200)
WARNING:src.hipporag.evaluation.retrieval_eval:Length of retrieved docs (100) is smaller than largest topk for recall score (200)
WARNING:src.hipporag.evaluation.retrieval_eval:Length of retrieved docs (100) is smaller than largest topk for recall score (200)
WARNING:src.hipporag.evaluation.retrieval_eval:Length of retrieved docs (100) is smaller than largest topk for recall score (200)
WARNING:src.hipporag.evaluation.retrieval_eval:Length of retrieved docs (100) is smaller than largest topk for recall score (200)
WARNING:src.hipporag.evaluation.retrieval_eval:Length of retrieved docs (100) is smaller than largest topk for recall score (200)
WARNING:src.hipporag.evaluation.retrieval_eval:Length of retrieved docs (100) is smaller than largest topk for recall score (200)
WARNING:src.hipporag.evaluation.retrieval_eval:Length of retrieved docs (100) is smaller than largest topk for recall score (200)
WARNING:src.hipporag.evaluation.retrieval_eval:Length of retrieved docs (100) is smaller than largest topk for recall score (200)
WARNING:src.hipporag.evaluation.retrieval_eval:Length of retrieved docs (100) is smaller than largest topk for recall score (200)
WARNING:src.hipporag.evaluation.retrieval_eval:Length of retrieved docs (100) is smaller than largest topk for recall score (200)
WARNING:src.hipporag.evaluation.retrieval_eval:Length of retrieved docs (100) is smaller than largest topk for recall score (200)
WARNING:src.hipporag.evaluation.retrieval_eval:Length of retrieved docs (100) is smaller than largest topk for recall score (200)
WARNING:src.hipporag.evaluation.retrieval_eval:Length of retrieved docs (100) is smaller than largest topk for recall score (200)
WARNING:src.hipporag.evaluation.retrieval_eval:Length of retrieved docs (100) is smaller than largest topk for recall score (200)
WARNING:src.hipporag.evaluation.retrieval_eval:Length of retrieved docs (100) is smaller than largest topk for recall score (200)
WARNING:src.hipporag.evaluation.retrieval_eval:Length of retrieved docs (100) is smaller than largest topk for recall score (200)
WARNING:src.hipporag.evaluation.retrieval_eval:Length of retrieved docs (100) is smaller than largest topk for recall score (200)
WARNING:src.hipporag.evaluation.retrieval_eval:Length of retrieved docs (100) is smaller than largest topk for recall score (200)
WARNING:src.hipporag.evaluation.retrieval_eval:Length of retrieved docs (100) is smaller than largest topk for recall score (200)
WARNING:src.hipporag.evaluation.retrieval_eval:Length of retrieved docs (100) is smaller than largest topk for recall score (200)
WARNING:src.hipporag.evaluation.retrieval_eval:Length of retrieved docs (100) is smaller than largest topk for recall score (200)
WARNING:src.hipporag.evaluation.retrieval_eval:Length of retrieved docs (100) is smaller than largest topk for recall score (200)
WARNING:src.hipporag.evaluation.retrieval_eval:Length of retrieved docs (100) is smaller than largest topk for recall score (200)
WARNING:src.hipporag.evaluation.retrieval_eval:Length of retrieved docs (100) is smaller than largest topk for recall score (200)
WARNING:src.hipporag.evaluation.retrieval_eval:Length of retrieved docs (100) is smaller than largest topk for recall score (200)
WARNING:src.hipporag.evaluation.retrieval_eval:Length of retrieved docs (100) is smaller than largest topk for recall score (200)
WARNING:src.hipporag.evaluation.retrieval_eval:Length of retrieved docs (100) is smaller than largest topk for recall score (200)
WARNING:src.hipporag.evaluation.retrieval_eval:Length of retrieved docs (100) is smaller than largest topk for recall score (200)
WARNING:src.hipporag.evaluation.retrieval_eval:Length of retrieved docs (100) is smaller than largest topk for recall score (200)
WARNING:src.hipporag.evaluation.retrieval_eval:Length of retrieved docs (100) is smaller than largest topk for recall score (200)
WARNING:src.hipporag.evaluation.retrieval_eval:Length of retrieved docs (100) is smaller than largest topk for recall score (200)
WARNING:src.hipporag.evaluation.retrieval_eval:Length of retrieved docs (100) is smaller than largest topk for recall score (200)
WARNING:src.hipporag.evaluation.retrieval_eval:Length of retrieved docs (100) is smaller than largest topk for recall score (200)
WARNING:src.hipporag.evaluation.retrieval_eval:Length of retrieved docs (100) is smaller than largest topk for recall score (200)
WARNING:src.hipporag.evaluation.retrieval_eval:Length of retrieved docs (100) is smaller than largest topk for recall score (200)
WARNING:src.hipporag.evaluation.retrieval_eval:Length of retrieved docs (100) is smaller than largest topk for recall score (200)
WARNING:src.hipporag.evaluation.retrieval_eval:Length of retrieved docs (100) is smaller than largest topk for recall score (200)
WARNING:src.hipporag.evaluation.retrieval_eval:Length of retrieved docs (100) is smaller than largest topk for recall score (200)
WARNING:src.hipporag.evaluation.retrieval_eval:Length of retrieved docs (100) is smaller than largest topk for recall score (200)
WARNING:src.hipporag.evaluation.retrieval_eval:Length of retrieved docs (100) is smaller than largest topk for recall score (200)
WARNING:src.hipporag.evaluation.retrieval_eval:Length of retrieved docs (100) is smaller than largest topk for recall score (200)
WARNING:src.hipporag.evaluation.retrieval_eval:Length of retrieved docs (100) is smaller than largest topk for recall score (200)
WARNING:src.hipporag.evaluation.retrieval_eval:Length of retrieved docs (100) is smaller than largest topk for recall score (200)
WARNING:src.hipporag.evaluation.retrieval_eval:Length of retrieved docs (100) is smaller than largest topk for recall score (200)
WARNING:src.hipporag.evaluation.retrieval_eval:Length of retrieved docs (100) is smaller than largest topk for recall score (200)
WARNING:src.hipporag.evaluation.retrieval_eval:Length of retrieved docs (100) is smaller than largest topk for recall score (200)
WARNING:src.hipporag.evaluation.retrieval_eval:Length of retrieved docs (100) is smaller than largest topk for recall score (200)
WARNING:src.hipporag.evaluation.retrieval_eval:Length of retrieved docs (100) is smaller than largest topk for recall score (200)
WARNING:src.hipporag.evaluation.retrieval_eval:Length of retrieved docs (100) is smaller than largest topk for recall score (200)
WARNING:src.hipporag.evaluation.retrieval_eval:Length of retrieved docs (100) is smaller than largest topk for recall score (200)
WARNING:src.hipporag.evaluation.retrieval_eval:Length of retrieved docs (100) is smaller than largest topk for recall score (200)
WARNING:src.hipporag.evaluation.retrieval_eval:Length of retrieved docs (100) is smaller than largest topk for recall score (200)
WARNING:src.hipporag.evaluation.retrieval_eval:Length of retrieved docs (100) is smaller than largest topk for recall score (200)
WARNING:src.hipporag.evaluation.retrieval_eval:Length of retrieved docs (100) is smaller than largest topk for recall score (200)
WARNING:src.hipporag.evaluation.retrieval_eval:Length of retrieved docs (100) is smaller than largest topk for recall score (200)
WARNING:src.hipporag.evaluation.retrieval_eval:Length of retrieved docs (100) is smaller than largest topk for recall score (200)
WARNING:src.hipporag.evaluation.retrieval_eval:Length of retrieved docs (100) is smaller than largest topk for recall score (200)
WARNING:src.hipporag.evaluation.retrieval_eval:Length of retrieved docs (100) is smaller than largest topk for recall score (200)
WARNING:src.hipporag.evaluation.retrieval_eval:Length of retrieved docs (100) is smaller than largest topk for recall score (200)
WARNING:src.hipporag.evaluation.retrieval_eval:Length of retrieved docs (100) is smaller than largest topk for recall score (200)
WARNING:src.hipporag.evaluation.retrieval_eval:Length of retrieved docs (100) is smaller than largest topk for recall score (200)
WARNING:src.hipporag.evaluation.retrieval_eval:Length of retrieved docs (100) is smaller than largest topk for recall score (200)
WARNING:src.hipporag.evaluation.retrieval_eval:Length of retrieved docs (100) is smaller than largest topk for recall score (200)
WARNING:src.hipporag.evaluation.retrieval_eval:Length of retrieved docs (100) is smaller than largest topk for recall score (200)
WARNING:src.hipporag.evaluation.retrieval_eval:Length of retrieved docs (100) is smaller than largest topk for recall score (200)
WARNING:src.hipporag.evaluation.retrieval_eval:Length of retrieved docs (100) is smaller than largest topk for recall score (200)
WARNING:src.hipporag.evaluation.retrieval_eval:Length of retrieved docs (100) is smaller than largest topk for recall score (200)
WARNING:src.hipporag.evaluation.retrieval_eval:Length of retrieved docs (100) is smaller than largest topk for recall score (200)
WARNING:src.hipporag.evaluation.retrieval_eval:Length of retrieved docs (100) is smaller than largest topk for recall score (200)
WARNING:src.hipporag.evaluation.retrieval_eval:Length of retrieved docs (100) is smaller than largest topk for recall score (200)
WARNING:src.hipporag.evaluation.retrieval_eval:Length of retrieved docs (100) is smaller than largest topk for recall score (200)
WARNING:src.hipporag.evaluation.retrieval_eval:Length of retrieved docs (100) is smaller than largest topk for recall score (200)
WARNING:src.hipporag.evaluation.retrieval_eval:Length of retrieved docs (100) is smaller than largest topk for recall score (200)
WARNING:src.hipporag.evaluation.retrieval_eval:Length of retrieved docs (100) is smaller than largest topk for recall score (200)
WARNING:src.hipporag.evaluation.retrieval_eval:Length of retrieved docs (100) is smaller than largest topk for recall score (200)
WARNING:src.hipporag.evaluation.retrieval_eval:Length of retrieved docs (100) is smaller than largest topk for recall score (200)
WARNING:src.hipporag.evaluation.retrieval_eval:Length of retrieved docs (100) is smaller than largest topk for recall score (200)
WARNING:src.hipporag.evaluation.retrieval_eval:Length of retrieved docs (100) is smaller than largest topk for recall score (200)
WARNING:src.hipporag.evaluation.retrieval_eval:Length of retrieved docs (100) is smaller than largest topk for recall score (200)
WARNING:src.hipporag.evaluation.retrieval_eval:Length of retrieved docs (100) is smaller than largest topk for recall score (200)
WARNING:src.hipporag.evaluation.retrieval_eval:Length of retrieved docs (100) is smaller than largest topk for recall score (200)
WARNING:src.hipporag.evaluation.retrieval_eval:Length of retrieved docs (100) is smaller than largest topk for recall score (200)
WARNING:src.hipporag.evaluation.retrieval_eval:Length of retrieved docs (100) is smaller than largest topk for recall score (200)
WARNING:src.hipporag.evaluation.retrieval_eval:Length of retrieved docs (100) is smaller than largest topk for recall score (200)
WARNING:src.hipporag.evaluation.retrieval_eval:Length of retrieved docs (100) is smaller than largest topk for recall score (200)
WARNING:src.hipporag.evaluation.retrieval_eval:Length of retrieved docs (100) is smaller than largest topk for recall score (200)
WARNING:src.hipporag.evaluation.retrieval_eval:Length of retrieved docs (100) is smaller than largest topk for recall score (200)
WARNING:src.hipporag.evaluation.retrieval_eval:Length of retrieved docs (100) is smaller than largest topk for recall score (200)
WARNING:src.hipporag.evaluation.retrieval_eval:Length of retrieved docs (100) is smaller than largest topk for recall score (200)
WARNING:src.hipporag.evaluation.retrieval_eval:Length of retrieved docs (100) is smaller than largest topk for recall score (200)
WARNING:src.hipporag.evaluation.retrieval_eval:Length of retrieved docs (100) is smaller than largest topk for recall score (200)
WARNING:src.hipporag.evaluation.retrieval_eval:Length of retrieved docs (100) is smaller than largest topk for recall score (200)
WARNING:src.hipporag.evaluation.retrieval_eval:Length of retrieved docs (100) is smaller than largest topk for recall score (200)
WARNING:src.hipporag.evaluation.retrieval_eval:Length of retrieved docs (100) is smaller than largest topk for recall score (200)
WARNING:src.hipporag.evaluation.retrieval_eval:Length of retrieved docs (100) is smaller than largest topk for recall score (200)
WARNING:src.hipporag.evaluation.retrieval_eval:Length of retrieved docs (100) is smaller than largest topk for recall score (200)
WARNING:src.hipporag.evaluation.retrieval_eval:Length of retrieved docs (100) is smaller than largest topk for recall score (200)
WARNING:src.hipporag.evaluation.retrieval_eval:Length of retrieved docs (100) is smaller than largest topk for recall score (200)
WARNING:src.hipporag.evaluation.retrieval_eval:Length of retrieved docs (100) is smaller than largest topk for recall score (200)
WARNING:src.hipporag.evaluation.retrieval_eval:Length of retrieved docs (100) is smaller than largest topk for recall score (200)
WARNING:src.hipporag.evaluation.retrieval_eval:Length of retrieved docs (100) is smaller than largest topk for recall score (200)
WARNING:src.hipporag.evaluation.retrieval_eval:Length of retrieved docs (100) is smaller than largest topk for recall score (200)
WARNING:src.hipporag.evaluation.retrieval_eval:Length of retrieved docs (100) is smaller than largest topk for recall score (200)
WARNING:src.hipporag.evaluation.retrieval_eval:Length of retrieved docs (100) is smaller than largest topk for recall score (200)
WARNING:src.hipporag.evaluation.retrieval_eval:Length of retrieved docs (100) is smaller than largest topk for recall score (200)
WARNING:src.hipporag.evaluation.retrieval_eval:Length of retrieved docs (100) is smaller than largest topk for recall score (200)
WARNING:src.hipporag.evaluation.retrieval_eval:Length of retrieved docs (100) is smaller than largest topk for recall score (200)
WARNING:src.hipporag.evaluation.retrieval_eval:Length of retrieved docs (100) is smaller than largest topk for recall score (200)
WARNING:src.hipporag.evaluation.retrieval_eval:Length of retrieved docs (100) is smaller than largest topk for recall score (200)
WARNING:src.hipporag.evaluation.retrieval_eval:Length of retrieved docs (100) is smaller than largest topk for recall score (200)
WARNING:src.hipporag.evaluation.retrieval_eval:Length of retrieved docs (100) is smaller than largest topk for recall score (200)
WARNING:src.hipporag.evaluation.retrieval_eval:Length of retrieved docs (100) is smaller than largest topk for recall score (200)
WARNING:src.hipporag.evaluation.retrieval_eval:Length of retrieved docs (100) is smaller than largest topk for recall score (200)
WARNING:src.hipporag.evaluation.retrieval_eval:Length of retrieved docs (100) is smaller than largest topk for recall score (200)
WARNING:src.hipporag.evaluation.retrieval_eval:Length of retrieved docs (100) is smaller than largest topk for recall score (200)
WARNING:src.hipporag.evaluation.retrieval_eval:Length of retrieved docs (100) is smaller than largest topk for recall score (200)
WARNING:src.hipporag.evaluation.retrieval_eval:Length of retrieved docs (100) is smaller than largest topk for recall score (200)
WARNING:src.hipporag.evaluation.retrieval_eval:Length of retrieved docs (100) is smaller than largest topk for recall score (200)
WARNING:src.hipporag.evaluation.retrieval_eval:Length of retrieved docs (100) is smaller than largest topk for recall score (200)
WARNING:src.hipporag.evaluation.retrieval_eval:Length of retrieved docs (100) is smaller than largest topk for recall score (200)
WARNING:src.hipporag.evaluation.retrieval_eval:Length of retrieved docs (100) is smaller than largest topk for recall score (200)
WARNING:src.hipporag.evaluation.retrieval_eval:Length of retrieved docs (100) is smaller than largest topk for recall score (200)
WARNING:src.hipporag.evaluation.retrieval_eval:Length of retrieved docs (100) is smaller than largest topk for recall score (200)
WARNING:src.hipporag.evaluation.retrieval_eval:Length of retrieved docs (100) is smaller than largest topk for recall score (200)
WARNING:src.hipporag.evaluation.retrieval_eval:Length of retrieved docs (100) is smaller than largest topk for recall score (200)
WARNING:src.hipporag.evaluation.retrieval_eval:Length of retrieved docs (100) is smaller than largest topk for recall score (200)
WARNING:src.hipporag.evaluation.retrieval_eval:Length of retrieved docs (100) is smaller than largest topk for recall score (200)
WARNING:src.hipporag.evaluation.retrieval_eval:Length of retrieved docs (100) is smaller than largest topk for recall score (200)
WARNING:src.hipporag.evaluation.retrieval_eval:Length of retrieved docs (100) is smaller than largest topk for recall score (200)
WARNING:src.hipporag.evaluation.retrieval_eval:Length of retrieved docs (100) is smaller than largest topk for recall score (200)
WARNING:src.hipporag.evaluation.retrieval_eval:Length of retrieved docs (100) is smaller than largest topk for recall score (200)
WARNING:src.hipporag.evaluation.retrieval_eval:Length of retrieved docs (100) is smaller than largest topk for recall score (200)
WARNING:src.hipporag.evaluation.retrieval_eval:Length of retrieved docs (100) is smaller than largest topk for recall score (200)
WARNING:src.hipporag.evaluation.retrieval_eval:Length of retrieved docs (100) is smaller than largest topk for recall score (200)
WARNING:src.hipporag.evaluation.retrieval_eval:Length of retrieved docs (100) is smaller than largest topk for recall score (200)
WARNING:src.hipporag.evaluation.retrieval_eval:Length of retrieved docs (100) is smaller than largest topk for recall score (200)
WARNING:src.hipporag.evaluation.retrieval_eval:Length of retrieved docs (100) is smaller than largest topk for recall score (200)
WARNING:src.hipporag.evaluation.retrieval_eval:Length of retrieved docs (100) is smaller than largest topk for recall score (200)
WARNING:src.hipporag.evaluation.retrieval_eval:Length of retrieved docs (100) is smaller than largest topk for recall score (200)
WARNING:src.hipporag.evaluation.retrieval_eval:Length of retrieved docs (100) is smaller than largest topk for recall score (200)
WARNING:src.hipporag.evaluation.retrieval_eval:Length of retrieved docs (100) is smaller than largest topk for recall score (200)
WARNING:src.hipporag.evaluation.retrieval_eval:Length of retrieved docs (100) is smaller than largest topk for recall score (200)
WARNING:src.hipporag.evaluation.retrieval_eval:Length of retrieved docs (100) is smaller than largest topk for recall score (200)
WARNING:src.hipporag.evaluation.retrieval_eval:Length of retrieved docs (100) is smaller than largest topk for recall score (200)
WARNING:src.hipporag.evaluation.retrieval_eval:Length of retrieved docs (100) is smaller than largest topk for recall score (200)
WARNING:src.hipporag.evaluation.retrieval_eval:Length of retrieved docs (100) is smaller than largest topk for recall score (200)
WARNING:src.hipporag.evaluation.retrieval_eval:Length of retrieved docs (100) is smaller than largest topk for recall score (200)
WARNING:src.hipporag.evaluation.retrieval_eval:Length of retrieved docs (100) is smaller than largest topk for recall score (200)
WARNING:src.hipporag.evaluation.retrieval_eval:Length of retrieved docs (100) is smaller than largest topk for recall score (200)
WARNING:src.hipporag.evaluation.retrieval_eval:Length of retrieved docs (100) is smaller than largest topk for recall score (200)
WARNING:src.hipporag.evaluation.retrieval_eval:Length of retrieved docs (100) is smaller than largest topk for recall score (200)
WARNING:src.hipporag.evaluation.retrieval_eval:Length of retrieved docs (100) is smaller than largest topk for recall score (200)
WARNING:src.hipporag.evaluation.retrieval_eval:Length of retrieved docs (100) is smaller than largest topk for recall score (200)
WARNING:src.hipporag.evaluation.retrieval_eval:Length of retrieved docs (100) is smaller than largest topk for recall score (200)
WARNING:src.hipporag.evaluation.retrieval_eval:Length of retrieved docs (100) is smaller than largest topk for recall score (200)
WARNING:src.hipporag.evaluation.retrieval_eval:Length of retrieved docs (100) is smaller than largest topk for recall score (200)
WARNING:src.hipporag.evaluation.retrieval_eval:Length of retrieved docs (100) is smaller than largest topk for recall score (200)
WARNING:src.hipporag.evaluation.retrieval_eval:Length of retrieved docs (100) is smaller than largest topk for recall score (200)
WARNING:src.hipporag.evaluation.retrieval_eval:Length of retrieved docs (100) is smaller than largest topk for recall score (200)
WARNING:src.hipporag.evaluation.retrieval_eval:Length of retrieved docs (100) is smaller than largest topk for recall score (200)
WARNING:src.hipporag.evaluation.retrieval_eval:Length of retrieved docs (100) is smaller than largest topk for recall score (200)
WARNING:src.hipporag.evaluation.retrieval_eval:Length of retrieved docs (100) is smaller than largest topk for recall score (200)
WARNING:src.hipporag.evaluation.retrieval_eval:Length of retrieved docs (100) is smaller than largest topk for recall score (200)
WARNING:src.hipporag.evaluation.retrieval_eval:Length of retrieved docs (100) is smaller than largest topk for recall score (200)
WARNING:src.hipporag.evaluation.retrieval_eval:Length of retrieved docs (100) is smaller than largest topk for recall score (200)
WARNING:src.hipporag.evaluation.retrieval_eval:Length of retrieved docs (100) is smaller than largest topk for recall score (200)
WARNING:src.hipporag.evaluation.retrieval_eval:Length of retrieved docs (100) is smaller than largest topk for recall score (200)
WARNING:src.hipporag.evaluation.retrieval_eval:Length of retrieved docs (100) is smaller than largest topk for recall score (200)
WARNING:src.hipporag.evaluation.retrieval_eval:Length of retrieved docs (100) is smaller than largest topk for recall score (200)
WARNING:src.hipporag.evaluation.retrieval_eval:Length of retrieved docs (100) is smaller than largest topk for recall score (200)
WARNING:src.hipporag.evaluation.retrieval_eval:Length of retrieved docs (100) is smaller than largest topk for recall score (200)
WARNING:src.hipporag.evaluation.retrieval_eval:Length of retrieved docs (100) is smaller than largest topk for recall score (200)
WARNING:src.hipporag.evaluation.retrieval_eval:Length of retrieved docs (100) is smaller than largest topk for recall score (200)
WARNING:src.hipporag.evaluation.retrieval_eval:Length of retrieved docs (100) is smaller than largest topk for recall score (200)
WARNING:src.hipporag.evaluation.retrieval_eval:Length of retrieved docs (100) is smaller than largest topk for recall score (200)
WARNING:src.hipporag.evaluation.retrieval_eval:Length of retrieved docs (100) is smaller than largest topk for recall score (200)
WARNING:src.hipporag.evaluation.retrieval_eval:Length of retrieved docs (100) is smaller than largest topk for recall score (200)
WARNING:src.hipporag.evaluation.retrieval_eval:Length of retrieved docs (100) is smaller than largest topk for recall score (200)
WARNING:src.hipporag.evaluation.retrieval_eval:Length of retrieved docs (100) is smaller than largest topk for recall score (200)
WARNING:src.hipporag.evaluation.retrieval_eval:Length of retrieved docs (100) is smaller than largest topk for recall score (200)
WARNING:src.hipporag.evaluation.retrieval_eval:Length of retrieved docs (100) is smaller than largest topk for recall score (200)
WARNING:src.hipporag.evaluation.retrieval_eval:Length of retrieved docs (100) is smaller than largest topk for recall score (200)
WARNING:src.hipporag.evaluation.retrieval_eval:Length of retrieved docs (100) is smaller than largest topk for recall score (200)
WARNING:src.hipporag.evaluation.retrieval_eval:Length of retrieved docs (100) is smaller than largest topk for recall score (200)
WARNING:src.hipporag.evaluation.retrieval_eval:Length of retrieved docs (100) is smaller than largest topk for recall score (200)
WARNING:src.hipporag.evaluation.retrieval_eval:Length of retrieved docs (100) is smaller than largest topk for recall score (200)
WARNING:src.hipporag.evaluation.retrieval_eval:Length of retrieved docs (100) is smaller than largest topk for recall score (200)
WARNING:src.hipporag.evaluation.retrieval_eval:Length of retrieved docs (100) is smaller than largest topk for recall score (200)
WARNING:src.hipporag.evaluation.retrieval_eval:Length of retrieved docs (100) is smaller than largest topk for recall score (200)
WARNING:src.hipporag.evaluation.retrieval_eval:Length of retrieved docs (100) is smaller than largest topk for recall score (200)
WARNING:src.hipporag.evaluation.retrieval_eval:Length of retrieved docs (100) is smaller than largest topk for recall score (200)
WARNING:src.hipporag.evaluation.retrieval_eval:Length of retrieved docs (100) is smaller than largest topk for recall score (200)
WARNING:src.hipporag.evaluation.retrieval_eval:Length of retrieved docs (100) is smaller than largest topk for recall score (200)
WARNING:src.hipporag.evaluation.retrieval_eval:Length of retrieved docs (100) is smaller than largest topk for recall score (200)
WARNING:src.hipporag.evaluation.retrieval_eval:Length of retrieved docs (100) is smaller than largest topk for recall score (200)
WARNING:src.hipporag.evaluation.retrieval_eval:Length of retrieved docs (100) is smaller than largest topk for recall score (200)
WARNING:src.hipporag.evaluation.retrieval_eval:Length of retrieved docs (100) is smaller than largest topk for recall score (200)
WARNING:src.hipporag.evaluation.retrieval_eval:Length of retrieved docs (100) is smaller than largest topk for recall score (200)
WARNING:src.hipporag.evaluation.retrieval_eval:Length of retrieved docs (100) is smaller than largest topk for recall score (200)
WARNING:src.hipporag.evaluation.retrieval_eval:Length of retrieved docs (100) is smaller than largest topk for recall score (200)
WARNING:src.hipporag.evaluation.retrieval_eval:Length of retrieved docs (100) is smaller than largest topk for recall score (200)
WARNING:src.hipporag.evaluation.retrieval_eval:Length of retrieved docs (100) is smaller than largest topk for recall score (200)
WARNING:src.hipporag.evaluation.retrieval_eval:Length of retrieved docs (100) is smaller than largest topk for recall score (200)
WARNING:src.hipporag.evaluation.retrieval_eval:Length of retrieved docs (100) is smaller than largest topk for recall score (200)
WARNING:src.hipporag.evaluation.retrieval_eval:Length of retrieved docs (100) is smaller than largest topk for recall score (200)
WARNING:src.hipporag.evaluation.retrieval_eval:Length of retrieved docs (100) is smaller than largest topk for recall score (200)
WARNING:src.hipporag.evaluation.retrieval_eval:Length of retrieved docs (100) is smaller than largest topk for recall score (200)
WARNING:src.hipporag.evaluation.retrieval_eval:Length of retrieved docs (100) is smaller than largest topk for recall score (200)
WARNING:src.hipporag.evaluation.retrieval_eval:Length of retrieved docs (100) is smaller than largest topk for recall score (200)
WARNING:src.hipporag.evaluation.retrieval_eval:Length of retrieved docs (100) is smaller than largest topk for recall score (200)
WARNING:src.hipporag.evaluation.retrieval_eval:Length of retrieved docs (100) is smaller than largest topk for recall score (200)
WARNING:src.hipporag.evaluation.retrieval_eval:Length of retrieved docs (100) is smaller than largest topk for recall score (200)
WARNING:src.hipporag.evaluation.retrieval_eval:Length of retrieved docs (100) is smaller than largest topk for recall score (200)
WARNING:src.hipporag.evaluation.retrieval_eval:Length of retrieved docs (100) is smaller than largest topk for recall score (200)
WARNING:src.hipporag.evaluation.retrieval_eval:Length of retrieved docs (100) is smaller than largest topk for recall score (200)
WARNING:src.hipporag.evaluation.retrieval_eval:Length of retrieved docs (100) is smaller than largest topk for recall score (200)
WARNING:src.hipporag.evaluation.retrieval_eval:Length of retrieved docs (100) is smaller than largest topk for recall score (200)
WARNING:src.hipporag.evaluation.retrieval_eval:Length of retrieved docs (100) is smaller than largest topk for recall score (200)
WARNING:src.hipporag.evaluation.retrieval_eval:Length of retrieved docs (100) is smaller than largest topk for recall score (200)
WARNING:src.hipporag.evaluation.retrieval_eval:Length of retrieved docs (100) is smaller than largest topk for recall score (200)
WARNING:src.hipporag.evaluation.retrieval_eval:Length of retrieved docs (100) is smaller than largest topk for recall score (200)
WARNING:src.hipporag.evaluation.retrieval_eval:Length of retrieved docs (100) is smaller than largest topk for recall score (200)
WARNING:src.hipporag.evaluation.retrieval_eval:Length of retrieved docs (100) is smaller than largest topk for recall score (200)
WARNING:src.hipporag.evaluation.retrieval_eval:Length of retrieved docs (100) is smaller than largest topk for recall score (200)
WARNING:src.hipporag.evaluation.retrieval_eval:Length of retrieved docs (100) is smaller than largest topk for recall score (200)
WARNING:src.hipporag.evaluation.retrieval_eval:Length of retrieved docs (100) is smaller than largest topk for recall score (200)
WARNING:src.hipporag.evaluation.retrieval_eval:Length of retrieved docs (100) is smaller than largest topk for recall score (200)
WARNING:src.hipporag.evaluation.retrieval_eval:Length of retrieved docs (100) is smaller than largest topk for recall score (200)
WARNING:src.hipporag.evaluation.retrieval_eval:Length of retrieved docs (100) is smaller than largest topk for recall score (200)
WARNING:src.hipporag.evaluation.retrieval_eval:Length of retrieved docs (100) is smaller than largest topk for recall score (200)
WARNING:src.hipporag.evaluation.retrieval_eval:Length of retrieved docs (100) is smaller than largest topk for recall score (200)
WARNING:src.hipporag.evaluation.retrieval_eval:Length of retrieved docs (100) is smaller than largest topk for recall score (200)
WARNING:src.hipporag.evaluation.retrieval_eval:Length of retrieved docs (100) is smaller than largest topk for recall score (200)
WARNING:src.hipporag.evaluation.retrieval_eval:Length of retrieved docs (100) is smaller than largest topk for recall score (200)
WARNING:src.hipporag.evaluation.retrieval_eval:Length of retrieved docs (100) is smaller than largest topk for recall score (200)
WARNING:src.hipporag.evaluation.retrieval_eval:Length of retrieved docs (100) is smaller than largest topk for recall score (200)
WARNING:src.hipporag.evaluation.retrieval_eval:Length of retrieved docs (100) is smaller than largest topk for recall score (200)
WARNING:src.hipporag.evaluation.retrieval_eval:Length of retrieved docs (100) is smaller than largest topk for recall score (200)
WARNING:src.hipporag.evaluation.retrieval_eval:Length of retrieved docs (100) is smaller than largest topk for recall score (200)
WARNING:src.hipporag.evaluation.retrieval_eval:Length of retrieved docs (100) is smaller than largest topk for recall score (200)
WARNING:src.hipporag.evaluation.retrieval_eval:Length of retrieved docs (100) is smaller than largest topk for recall score (200)
WARNING:src.hipporag.evaluation.retrieval_eval:Length of retrieved docs (100) is smaller than largest topk for recall score (200)
WARNING:src.hipporag.evaluation.retrieval_eval:Length of retrieved docs (100) is smaller than largest topk for recall score (200)
WARNING:src.hipporag.evaluation.retrieval_eval:Length of retrieved docs (100) is smaller than largest topk for recall score (200)
WARNING:src.hipporag.evaluation.retrieval_eval:Length of retrieved docs (100) is smaller than largest topk for recall score (200)
WARNING:src.hipporag.evaluation.retrieval_eval:Length of retrieved docs (100) is smaller than largest topk for recall score (200)
WARNING:src.hipporag.evaluation.retrieval_eval:Length of retrieved docs (100) is smaller than largest topk for recall score (200)
WARNING:src.hipporag.evaluation.retrieval_eval:Length of retrieved docs (100) is smaller than largest topk for recall score (200)
WARNING:src.hipporag.evaluation.retrieval_eval:Length of retrieved docs (100) is smaller than largest topk for recall score (200)
WARNING:src.hipporag.evaluation.retrieval_eval:Length of retrieved docs (100) is smaller than largest topk for recall score (200)
WARNING:src.hipporag.evaluation.retrieval_eval:Length of retrieved docs (100) is smaller than largest topk for recall score (200)
WARNING:src.hipporag.evaluation.retrieval_eval:Length of retrieved docs (100) is smaller than largest topk for recall score (200)
WARNING:src.hipporag.evaluation.retrieval_eval:Length of retrieved docs (100) is smaller than largest topk for recall score (200)
WARNING:src.hipporag.evaluation.retrieval_eval:Length of retrieved docs (100) is smaller than largest topk for recall score (200)
WARNING:src.hipporag.evaluation.retrieval_eval:Length of retrieved docs (100) is smaller than largest topk for recall score (200)
WARNING:src.hipporag.evaluation.retrieval_eval:Length of retrieved docs (100) is smaller than largest topk for recall score (200)
WARNING:src.hipporag.evaluation.retrieval_eval:Length of retrieved docs (100) is smaller than largest topk for recall score (200)
WARNING:src.hipporag.evaluation.retrieval_eval:Length of retrieved docs (100) is smaller than largest topk for recall score (200)
WARNING:src.hipporag.evaluation.retrieval_eval:Length of retrieved docs (100) is smaller than largest topk for recall score (200)
WARNING:src.hipporag.evaluation.retrieval_eval:Length of retrieved docs (100) is smaller than largest topk for recall score (200)
WARNING:src.hipporag.evaluation.retrieval_eval:Length of retrieved docs (100) is smaller than largest topk for recall score (200)
WARNING:src.hipporag.evaluation.retrieval_eval:Length of retrieved docs (100) is smaller than largest topk for recall score (200)
WARNING:src.hipporag.evaluation.retrieval_eval:Length of retrieved docs (100) is smaller than largest topk for recall score (200)
WARNING:src.hipporag.evaluation.retrieval_eval:Length of retrieved docs (100) is smaller than largest topk for recall score (200)
WARNING:src.hipporag.evaluation.retrieval_eval:Length of retrieved docs (100) is smaller than largest topk for recall score (200)
WARNING:src.hipporag.evaluation.retrieval_eval:Length of retrieved docs (100) is smaller than largest topk for recall score (200)
WARNING:src.hipporag.evaluation.retrieval_eval:Length of retrieved docs (100) is smaller than largest topk for recall score (200)
WARNING:src.hipporag.evaluation.retrieval_eval:Length of retrieved docs (100) is smaller than largest topk for recall score (200)
WARNING:src.hipporag.evaluation.retrieval_eval:Length of retrieved docs (100) is smaller than largest topk for recall score (200)
WARNING:src.hipporag.evaluation.retrieval_eval:Length of retrieved docs (100) is smaller than largest topk for recall score (200)
WARNING:src.hipporag.evaluation.retrieval_eval:Length of retrieved docs (100) is smaller than largest topk for recall score (200)
WARNING:src.hipporag.evaluation.retrieval_eval:Length of retrieved docs (100) is smaller than largest topk for recall score (200)
WARNING:src.hipporag.evaluation.retrieval_eval:Length of retrieved docs (100) is smaller than largest topk for recall score (200)
WARNING:src.hipporag.evaluation.retrieval_eval:Length of retrieved docs (100) is smaller than largest topk for recall score (200)
WARNING:src.hipporag.evaluation.retrieval_eval:Length of retrieved docs (100) is smaller than largest topk for recall score (200)
WARNING:src.hipporag.evaluation.retrieval_eval:Length of retrieved docs (100) is smaller than largest topk for recall score (200)
WARNING:src.hipporag.evaluation.retrieval_eval:Length of retrieved docs (100) is smaller than largest topk for recall score (200)
WARNING:src.hipporag.evaluation.retrieval_eval:Length of retrieved docs (100) is smaller than largest topk for recall score (200)
WARNING:src.hipporag.evaluation.retrieval_eval:Length of retrieved docs (100) is smaller than largest topk for recall score (200)
WARNING:src.hipporag.evaluation.retrieval_eval:Length of retrieved docs (100) is smaller than largest topk for recall score (200)
WARNING:src.hipporag.evaluation.retrieval_eval:Length of retrieved docs (100) is smaller than largest topk for recall score (200)
WARNING:src.hipporag.evaluation.retrieval_eval:Length of retrieved docs (100) is smaller than largest topk for recall score (200)
WARNING:src.hipporag.evaluation.retrieval_eval:Length of retrieved docs (100) is smaller than largest topk for recall score (200)
WARNING:src.hipporag.evaluation.retrieval_eval:Length of retrieved docs (100) is smaller than largest topk for recall score (200)
WARNING:src.hipporag.evaluation.retrieval_eval:Length of retrieved docs (100) is smaller than largest topk for recall score (200)
WARNING:src.hipporag.evaluation.retrieval_eval:Length of retrieved docs (100) is smaller than largest topk for recall score (200)
WARNING:src.hipporag.evaluation.retrieval_eval:Length of retrieved docs (100) is smaller than largest topk for recall score (200)
WARNING:src.hipporag.evaluation.retrieval_eval:Length of retrieved docs (100) is smaller than largest topk for recall score (200)
WARNING:src.hipporag.evaluation.retrieval_eval:Length of retrieved docs (100) is smaller than largest topk for recall score (200)
WARNING:src.hipporag.evaluation.retrieval_eval:Length of retrieved docs (100) is smaller than largest topk for recall score (200)
WARNING:src.hipporag.evaluation.retrieval_eval:Length of retrieved docs (100) is smaller than largest topk for recall score (200)
WARNING:src.hipporag.evaluation.retrieval_eval:Length of retrieved docs (100) is smaller than largest topk for recall score (200)
WARNING:src.hipporag.evaluation.retrieval_eval:Length of retrieved docs (100) is smaller than largest topk for recall score (200)
WARNING:src.hipporag.evaluation.retrieval_eval:Length of retrieved docs (100) is smaller than largest topk for recall score (200)
WARNING:src.hipporag.evaluation.retrieval_eval:Length of retrieved docs (100) is smaller than largest topk for recall score (200)
WARNING:src.hipporag.evaluation.retrieval_eval:Length of retrieved docs (100) is smaller than largest topk for recall score (200)
WARNING:src.hipporag.evaluation.retrieval_eval:Length of retrieved docs (100) is smaller than largest topk for recall score (200)
WARNING:src.hipporag.evaluation.retrieval_eval:Length of retrieved docs (100) is smaller than largest topk for recall score (200)
WARNING:src.hipporag.evaluation.retrieval_eval:Length of retrieved docs (100) is smaller than largest topk for recall score (200)
WARNING:src.hipporag.evaluation.retrieval_eval:Length of retrieved docs (100) is smaller than largest topk for recall score (200)
WARNING:src.hipporag.evaluation.retrieval_eval:Length of retrieved docs (100) is smaller than largest topk for recall score (200)
WARNING:src.hipporag.evaluation.retrieval_eval:Length of retrieved docs (100) is smaller than largest topk for recall score (200)
WARNING:src.hipporag.evaluation.retrieval_eval:Length of retrieved docs (100) is smaller than largest topk for recall score (200)
WARNING:src.hipporag.evaluation.retrieval_eval:Length of retrieved docs (100) is smaller than largest topk for recall score (200)
WARNING:src.hipporag.evaluation.retrieval_eval:Length of retrieved docs (100) is smaller than largest topk for recall score (200)
WARNING:src.hipporag.evaluation.retrieval_eval:Length of retrieved docs (100) is smaller than largest topk for recall score (200)
WARNING:src.hipporag.evaluation.retrieval_eval:Length of retrieved docs (100) is smaller than largest topk for recall score (200)
WARNING:src.hipporag.evaluation.retrieval_eval:Length of retrieved docs (100) is smaller than largest topk for recall score (200)
WARNING:src.hipporag.evaluation.retrieval_eval:Length of retrieved docs (100) is smaller than largest topk for recall score (200)
WARNING:src.hipporag.evaluation.retrieval_eval:Length of retrieved docs (100) is smaller than largest topk for recall score (200)
WARNING:src.hipporag.evaluation.retrieval_eval:Length of retrieved docs (100) is smaller than largest topk for recall score (200)
WARNING:src.hipporag.evaluation.retrieval_eval:Length of retrieved docs (100) is smaller than largest topk for recall score (200)
WARNING:src.hipporag.evaluation.retrieval_eval:Length of retrieved docs (100) is smaller than largest topk for recall score (200)
WARNING:src.hipporag.evaluation.retrieval_eval:Length of retrieved docs (100) is smaller than largest topk for recall score (200)
WARNING:src.hipporag.evaluation.retrieval_eval:Length of retrieved docs (100) is smaller than largest topk for recall score (200)
WARNING:src.hipporag.evaluation.retrieval_eval:Length of retrieved docs (100) is smaller than largest topk for recall score (200)
WARNING:src.hipporag.evaluation.retrieval_eval:Length of retrieved docs (100) is smaller than largest topk for recall score (200)
WARNING:src.hipporag.evaluation.retrieval_eval:Length of retrieved docs (100) is smaller than largest topk for recall score (200)
WARNING:src.hipporag.evaluation.retrieval_eval:Length of retrieved docs (100) is smaller than largest topk for recall score (200)
WARNING:src.hipporag.evaluation.retrieval_eval:Length of retrieved docs (100) is smaller than largest topk for recall score (200)
WARNING:src.hipporag.evaluation.retrieval_eval:Length of retrieved docs (100) is smaller than largest topk for recall score (200)
WARNING:src.hipporag.evaluation.retrieval_eval:Length of retrieved docs (100) is smaller than largest topk for recall score (200)
WARNING:src.hipporag.evaluation.retrieval_eval:Length of retrieved docs (100) is smaller than largest topk for recall score (200)
WARNING:src.hipporag.evaluation.retrieval_eval:Length of retrieved docs (100) is smaller than largest topk for recall score (200)
WARNING:src.hipporag.evaluation.retrieval_eval:Length of retrieved docs (100) is smaller than largest topk for recall score (200)
WARNING:src.hipporag.evaluation.retrieval_eval:Length of retrieved docs (100) is smaller than largest topk for recall score (200)
WARNING:src.hipporag.evaluation.retrieval_eval:Length of retrieved docs (100) is smaller than largest topk for recall score (200)
WARNING:src.hipporag.evaluation.retrieval_eval:Length of retrieved docs (100) is smaller than largest topk for recall score (200)
WARNING:src.hipporag.evaluation.retrieval_eval:Length of retrieved docs (100) is smaller than largest topk for recall score (200)
WARNING:src.hipporag.evaluation.retrieval_eval:Length of retrieved docs (100) is smaller than largest topk for recall score (200)
WARNING:src.hipporag.evaluation.retrieval_eval:Length of retrieved docs (100) is smaller than largest topk for recall score (200)
WARNING:src.hipporag.evaluation.retrieval_eval:Length of retrieved docs (100) is smaller than largest topk for recall score (200)
WARNING:src.hipporag.evaluation.retrieval_eval:Length of retrieved docs (100) is smaller than largest topk for recall score (200)
WARNING:src.hipporag.evaluation.retrieval_eval:Length of retrieved docs (100) is smaller than largest topk for recall score (200)
WARNING:src.hipporag.evaluation.retrieval_eval:Length of retrieved docs (100) is smaller than largest topk for recall score (200)
WARNING:src.hipporag.evaluation.retrieval_eval:Length of retrieved docs (100) is smaller than largest topk for recall score (200)
WARNING:src.hipporag.evaluation.retrieval_eval:Length of retrieved docs (100) is smaller than largest topk for recall score (200)
WARNING:src.hipporag.evaluation.retrieval_eval:Length of retrieved docs (100) is smaller than largest topk for recall score (200)
WARNING:src.hipporag.evaluation.retrieval_eval:Length of retrieved docs (100) is smaller than largest topk for recall score (200)
WARNING:src.hipporag.evaluation.retrieval_eval:Length of retrieved docs (100) is smaller than largest topk for recall score (200)
WARNING:src.hipporag.evaluation.retrieval_eval:Length of retrieved docs (100) is smaller than largest topk for recall score (200)
WARNING:src.hipporag.evaluation.retrieval_eval:Length of retrieved docs (100) is smaller than largest topk for recall score (200)
WARNING:src.hipporag.evaluation.retrieval_eval:Length of retrieved docs (100) is smaller than largest topk for recall score (200)
WARNING:src.hipporag.evaluation.retrieval_eval:Length of retrieved docs (100) is smaller than largest topk for recall score (200)
WARNING:src.hipporag.evaluation.retrieval_eval:Length of retrieved docs (100) is smaller than largest topk for recall score (200)
WARNING:src.hipporag.evaluation.retrieval_eval:Length of retrieved docs (100) is smaller than largest topk for recall score (200)
WARNING:src.hipporag.evaluation.retrieval_eval:Length of retrieved docs (100) is smaller than largest topk for recall score (200)
WARNING:src.hipporag.evaluation.retrieval_eval:Length of retrieved docs (100) is smaller than largest topk for recall score (200)
WARNING:src.hipporag.evaluation.retrieval_eval:Length of retrieved docs (100) is smaller than largest topk for recall score (200)
WARNING:src.hipporag.evaluation.retrieval_eval:Length of retrieved docs (100) is smaller than largest topk for recall score (200)
WARNING:src.hipporag.evaluation.retrieval_eval:Length of retrieved docs (100) is smaller than largest topk for recall score (200)
WARNING:src.hipporag.evaluation.retrieval_eval:Length of retrieved docs (100) is smaller than largest topk for recall score (200)
WARNING:src.hipporag.evaluation.retrieval_eval:Length of retrieved docs (100) is smaller than largest topk for recall score (200)
WARNING:src.hipporag.evaluation.retrieval_eval:Length of retrieved docs (100) is smaller than largest topk for recall score (200)
WARNING:src.hipporag.evaluation.retrieval_eval:Length of retrieved docs (100) is smaller than largest topk for recall score (200)
WARNING:src.hipporag.evaluation.retrieval_eval:Length of retrieved docs (100) is smaller than largest topk for recall score (200)
WARNING:src.hipporag.evaluation.retrieval_eval:Length of retrieved docs (100) is smaller than largest topk for recall score (200)
WARNING:src.hipporag.evaluation.retrieval_eval:Length of retrieved docs (100) is smaller than largest topk for recall score (200)
WARNING:src.hipporag.evaluation.retrieval_eval:Length of retrieved docs (100) is smaller than largest topk for recall score (200)
WARNING:src.hipporag.evaluation.retrieval_eval:Length of retrieved docs (100) is smaller than largest topk for recall score (200)
WARNING:src.hipporag.evaluation.retrieval_eval:Length of retrieved docs (100) is smaller than largest topk for recall score (200)
WARNING:src.hipporag.evaluation.retrieval_eval:Length of retrieved docs (100) is smaller than largest topk for recall score (200)
WARNING:src.hipporag.evaluation.retrieval_eval:Length of retrieved docs (100) is smaller than largest topk for recall score (200)
WARNING:src.hipporag.evaluation.retrieval_eval:Length of retrieved docs (100) is smaller than largest topk for recall score (200)
WARNING:src.hipporag.evaluation.retrieval_eval:Length of retrieved docs (100) is smaller than largest topk for recall score (200)
WARNING:src.hipporag.evaluation.retrieval_eval:Length of retrieved docs (100) is smaller than largest topk for recall score (200)
WARNING:src.hipporag.evaluation.retrieval_eval:Length of retrieved docs (100) is smaller than largest topk for recall score (200)
WARNING:src.hipporag.evaluation.retrieval_eval:Length of retrieved docs (100) is smaller than largest topk for recall score (200)
WARNING:src.hipporag.evaluation.retrieval_eval:Length of retrieved docs (100) is smaller than largest topk for recall score (200)
WARNING:src.hipporag.evaluation.retrieval_eval:Length of retrieved docs (100) is smaller than largest topk for recall score (200)
WARNING:src.hipporag.evaluation.retrieval_eval:Length of retrieved docs (100) is smaller than largest topk for recall score (200)
WARNING:src.hipporag.evaluation.retrieval_eval:Length of retrieved docs (100) is smaller than largest topk for recall score (200)
WARNING:src.hipporag.evaluation.retrieval_eval:Length of retrieved docs (100) is smaller than largest topk for recall score (200)
WARNING:src.hipporag.evaluation.retrieval_eval:Length of retrieved docs (100) is smaller than largest topk for recall score (200)
WARNING:src.hipporag.evaluation.retrieval_eval:Length of retrieved docs (100) is smaller than largest topk for recall score (200)
WARNING:src.hipporag.evaluation.retrieval_eval:Length of retrieved docs (100) is smaller than largest topk for recall score (200)
WARNING:src.hipporag.evaluation.retrieval_eval:Length of retrieved docs (100) is smaller than largest topk for recall score (200)
WARNING:src.hipporag.evaluation.retrieval_eval:Length of retrieved docs (100) is smaller than largest topk for recall score (200)
WARNING:src.hipporag.evaluation.retrieval_eval:Length of retrieved docs (100) is smaller than largest topk for recall score (200)
WARNING:src.hipporag.evaluation.retrieval_eval:Length of retrieved docs (100) is smaller than largest topk for recall score (200)
WARNING:src.hipporag.evaluation.retrieval_eval:Length of retrieved docs (100) is smaller than largest topk for recall score (200)
WARNING:src.hipporag.evaluation.retrieval_eval:Length of retrieved docs (100) is smaller than largest topk for recall score (200)
WARNING:src.hipporag.evaluation.retrieval_eval:Length of retrieved docs (100) is smaller than largest topk for recall score (200)
WARNING:src.hipporag.evaluation.retrieval_eval:Length of retrieved docs (100) is smaller than largest topk for recall score (200)
WARNING:src.hipporag.evaluation.retrieval_eval:Length of retrieved docs (100) is smaller than largest topk for recall score (200)
WARNING:src.hipporag.evaluation.retrieval_eval:Length of retrieved docs (100) is smaller than largest topk for recall score (200)
WARNING:src.hipporag.evaluation.retrieval_eval:Length of retrieved docs (100) is smaller than largest topk for recall score (200)
WARNING:src.hipporag.evaluation.retrieval_eval:Length of retrieved docs (100) is smaller than largest topk for recall score (200)
WARNING:src.hipporag.evaluation.retrieval_eval:Length of retrieved docs (100) is smaller than largest topk for recall score (200)
WARNING:src.hipporag.evaluation.retrieval_eval:Length of retrieved docs (100) is smaller than largest topk for recall score (200)
WARNING:src.hipporag.evaluation.retrieval_eval:Length of retrieved docs (100) is smaller than largest topk for recall score (200)
WARNING:src.hipporag.evaluation.retrieval_eval:Length of retrieved docs (100) is smaller than largest topk for recall score (200)
WARNING:src.hipporag.evaluation.retrieval_eval:Length of retrieved docs (100) is smaller than largest topk for recall score (200)
WARNING:src.hipporag.evaluation.retrieval_eval:Length of retrieved docs (100) is smaller than largest topk for recall score (200)
WARNING:src.hipporag.evaluation.retrieval_eval:Length of retrieved docs (100) is smaller than largest topk for recall score (200)
WARNING:src.hipporag.evaluation.retrieval_eval:Length of retrieved docs (100) is smaller than largest topk for recall score (200)
WARNING:src.hipporag.evaluation.retrieval_eval:Length of retrieved docs (100) is smaller than largest topk for recall score (200)
WARNING:src.hipporag.evaluation.retrieval_eval:Length of retrieved docs (100) is smaller than largest topk for recall score (200)
WARNING:src.hipporag.evaluation.retrieval_eval:Length of retrieved docs (100) is smaller than largest topk for recall score (200)
WARNING:src.hipporag.evaluation.retrieval_eval:Length of retrieved docs (100) is smaller than largest topk for recall score (200)
WARNING:src.hipporag.evaluation.retrieval_eval:Length of retrieved docs (100) is smaller than largest topk for recall score (200)
WARNING:src.hipporag.evaluation.retrieval_eval:Length of retrieved docs (100) is smaller than largest topk for recall score (200)
WARNING:src.hipporag.evaluation.retrieval_eval:Length of retrieved docs (100) is smaller than largest topk for recall score (200)
WARNING:src.hipporag.evaluation.retrieval_eval:Length of retrieved docs (100) is smaller than largest topk for recall score (200)
WARNING:src.hipporag.evaluation.retrieval_eval:Length of retrieved docs (100) is smaller than largest topk for recall score (200)
WARNING:src.hipporag.evaluation.retrieval_eval:Length of retrieved docs (100) is smaller than largest topk for recall score (200)
WARNING:src.hipporag.evaluation.retrieval_eval:Length of retrieved docs (100) is smaller than largest topk for recall score (200)
WARNING:src.hipporag.evaluation.retrieval_eval:Length of retrieved docs (100) is smaller than largest topk for recall score (200)
WARNING:src.hipporag.evaluation.retrieval_eval:Length of retrieved docs (100) is smaller than largest topk for recall score (200)
WARNING:src.hipporag.evaluation.retrieval_eval:Length of retrieved docs (100) is smaller than largest topk for recall score (200)
WARNING:src.hipporag.evaluation.retrieval_eval:Length of retrieved docs (100) is smaller than largest topk for recall score (200)
WARNING:src.hipporag.evaluation.retrieval_eval:Length of retrieved docs (100) is smaller than largest topk for recall score (200)
WARNING:src.hipporag.evaluation.retrieval_eval:Length of retrieved docs (100) is smaller than largest topk for recall score (200)
WARNING:src.hipporag.evaluation.retrieval_eval:Length of retrieved docs (100) is smaller than largest topk for recall score (200)
WARNING:src.hipporag.evaluation.retrieval_eval:Length of retrieved docs (100) is smaller than largest topk for recall score (200)
WARNING:src.hipporag.evaluation.retrieval_eval:Length of retrieved docs (100) is smaller than largest topk for recall score (200)
WARNING:src.hipporag.evaluation.retrieval_eval:Length of retrieved docs (100) is smaller than largest topk for recall score (200)
WARNING:src.hipporag.evaluation.retrieval_eval:Length of retrieved docs (100) is smaller than largest topk for recall score (200)
WARNING:src.hipporag.evaluation.retrieval_eval:Length of retrieved docs (100) is smaller than largest topk for recall score (200)
WARNING:src.hipporag.evaluation.retrieval_eval:Length of retrieved docs (100) is smaller than largest topk for recall score (200)
WARNING:src.hipporag.evaluation.retrieval_eval:Length of retrieved docs (100) is smaller than largest topk for recall score (200)
WARNING:src.hipporag.evaluation.retrieval_eval:Length of retrieved docs (100) is smaller than largest topk for recall score (200)
WARNING:src.hipporag.evaluation.retrieval_eval:Length of retrieved docs (100) is smaller than largest topk for recall score (200)
WARNING:src.hipporag.evaluation.retrieval_eval:Length of retrieved docs (100) is smaller than largest topk for recall score (200)
WARNING:src.hipporag.evaluation.retrieval_eval:Length of retrieved docs (100) is smaller than largest topk for recall score (200)
WARNING:src.hipporag.evaluation.retrieval_eval:Length of retrieved docs (100) is smaller than largest topk for recall score (200)
WARNING:src.hipporag.evaluation.retrieval_eval:Length of retrieved docs (100) is smaller than largest topk for recall score (200)
WARNING:src.hipporag.evaluation.retrieval_eval:Length of retrieved docs (100) is smaller than largest topk for recall score (200)
WARNING:src.hipporag.evaluation.retrieval_eval:Length of retrieved docs (100) is smaller than largest topk for recall score (200)
WARNING:src.hipporag.evaluation.retrieval_eval:Length of retrieved docs (100) is smaller than largest topk for recall score (200)
WARNING:src.hipporag.evaluation.retrieval_eval:Length of retrieved docs (100) is smaller than largest topk for recall score (200)
WARNING:src.hipporag.evaluation.retrieval_eval:Length of retrieved docs (100) is smaller than largest topk for recall score (200)
WARNING:src.hipporag.evaluation.retrieval_eval:Length of retrieved docs (100) is smaller than largest topk for recall score (200)
WARNING:src.hipporag.evaluation.retrieval_eval:Length of retrieved docs (100) is smaller than largest topk for recall score (200)
WARNING:src.hipporag.evaluation.retrieval_eval:Length of retrieved docs (100) is smaller than largest topk for recall score (200)
WARNING:src.hipporag.evaluation.retrieval_eval:Length of retrieved docs (100) is smaller than largest topk for recall score (200)
WARNING:src.hipporag.evaluation.retrieval_eval:Length of retrieved docs (100) is smaller than largest topk for recall score (200)
WARNING:src.hipporag.evaluation.retrieval_eval:Length of retrieved docs (100) is smaller than largest topk for recall score (200)
WARNING:src.hipporag.evaluation.retrieval_eval:Length of retrieved docs (100) is smaller than largest topk for recall score (200)
WARNING:src.hipporag.evaluation.retrieval_eval:Length of retrieved docs (100) is smaller than largest topk for recall score (200)
WARNING:src.hipporag.evaluation.retrieval_eval:Length of retrieved docs (100) is smaller than largest topk for recall score (200)
WARNING:src.hipporag.evaluation.retrieval_eval:Length of retrieved docs (100) is smaller than largest topk for recall score (200)
WARNING:src.hipporag.evaluation.retrieval_eval:Length of retrieved docs (100) is smaller than largest topk for recall score (200)
WARNING:src.hipporag.evaluation.retrieval_eval:Length of retrieved docs (100) is smaller than largest topk for recall score (200)
WARNING:src.hipporag.evaluation.retrieval_eval:Length of retrieved docs (100) is smaller than largest topk for recall score (200)
WARNING:src.hipporag.evaluation.retrieval_eval:Length of retrieved docs (100) is smaller than largest topk for recall score (200)
WARNING:src.hipporag.evaluation.retrieval_eval:Length of retrieved docs (100) is smaller than largest topk for recall score (200)
WARNING:src.hipporag.evaluation.retrieval_eval:Length of retrieved docs (100) is smaller than largest topk for recall score (200)
WARNING:src.hipporag.evaluation.retrieval_eval:Length of retrieved docs (100) is smaller than largest topk for recall score (200)
WARNING:src.hipporag.evaluation.retrieval_eval:Length of retrieved docs (100) is smaller than largest topk for recall score (200)
WARNING:src.hipporag.evaluation.retrieval_eval:Length of retrieved docs (100) is smaller than largest topk for recall score (200)
WARNING:src.hipporag.evaluation.retrieval_eval:Length of retrieved docs (100) is smaller than largest topk for recall score (200)
WARNING:src.hipporag.evaluation.retrieval_eval:Length of retrieved docs (100) is smaller than largest topk for recall score (200)
WARNING:src.hipporag.evaluation.retrieval_eval:Length of retrieved docs (100) is smaller than largest topk for recall score (200)
WARNING:src.hipporag.evaluation.retrieval_eval:Length of retrieved docs (100) is smaller than largest topk for recall score (200)
WARNING:src.hipporag.evaluation.retrieval_eval:Length of retrieved docs (100) is smaller than largest topk for recall score (200)
WARNING:src.hipporag.evaluation.retrieval_eval:Length of retrieved docs (100) is smaller than largest topk for recall score (200)
WARNING:src.hipporag.evaluation.retrieval_eval:Length of retrieved docs (100) is smaller than largest topk for recall score (200)
WARNING:src.hipporag.evaluation.retrieval_eval:Length of retrieved docs (100) is smaller than largest topk for recall score (200)
WARNING:src.hipporag.evaluation.retrieval_eval:Length of retrieved docs (100) is smaller than largest topk for recall score (200)
WARNING:src.hipporag.evaluation.retrieval_eval:Length of retrieved docs (100) is smaller than largest topk for recall score (200)
WARNING:src.hipporag.evaluation.retrieval_eval:Length of retrieved docs (100) is smaller than largest topk for recall score (200)
WARNING:src.hipporag.evaluation.retrieval_eval:Length of retrieved docs (100) is smaller than largest topk for recall score (200)
WARNING:src.hipporag.evaluation.retrieval_eval:Length of retrieved docs (100) is smaller than largest topk for recall score (200)
WARNING:src.hipporag.evaluation.retrieval_eval:Length of retrieved docs (100) is smaller than largest topk for recall score (200)
WARNING:src.hipporag.evaluation.retrieval_eval:Length of retrieved docs (100) is smaller than largest topk for recall score (200)
WARNING:src.hipporag.evaluation.retrieval_eval:Length of retrieved docs (100) is smaller than largest topk for recall score (200)
WARNING:src.hipporag.evaluation.retrieval_eval:Length of retrieved docs (100) is smaller than largest topk for recall score (200)
WARNING:src.hipporag.evaluation.retrieval_eval:Length of retrieved docs (100) is smaller than largest topk for recall score (200)
WARNING:src.hipporag.evaluation.retrieval_eval:Length of retrieved docs (100) is smaller than largest topk for recall score (200)
WARNING:src.hipporag.evaluation.retrieval_eval:Length of retrieved docs (100) is smaller than largest topk for recall score (200)
WARNING:src.hipporag.evaluation.retrieval_eval:Length of retrieved docs (100) is smaller than largest topk for recall score (200)
WARNING:src.hipporag.evaluation.retrieval_eval:Length of retrieved docs (100) is smaller than largest topk for recall score (200)
WARNING:src.hipporag.evaluation.retrieval_eval:Length of retrieved docs (100) is smaller than largest topk for recall score (200)
WARNING:src.hipporag.evaluation.retrieval_eval:Length of retrieved docs (100) is smaller than largest topk for recall score (200)
WARNING:src.hipporag.evaluation.retrieval_eval:Length of retrieved docs (100) is smaller than largest topk for recall score (200)
WARNING:src.hipporag.evaluation.retrieval_eval:Length of retrieved docs (100) is smaller than largest topk for recall score (200)
WARNING:src.hipporag.evaluation.retrieval_eval:Length of retrieved docs (100) is smaller than largest topk for recall score (200)
WARNING:src.hipporag.evaluation.retrieval_eval:Length of retrieved docs (100) is smaller than largest topk for recall score (200)
WARNING:src.hipporag.evaluation.retrieval_eval:Length of retrieved docs (100) is smaller than largest topk for recall score (200)
WARNING:src.hipporag.evaluation.retrieval_eval:Length of retrieved docs (100) is smaller than largest topk for recall score (200)
WARNING:src.hipporag.evaluation.retrieval_eval:Length of retrieved docs (100) is smaller than largest topk for recall score (200)
WARNING:src.hipporag.evaluation.retrieval_eval:Length of retrieved docs (100) is smaller than largest topk for recall score (200)
WARNING:src.hipporag.evaluation.retrieval_eval:Length of retrieved docs (100) is smaller than largest topk for recall score (200)
WARNING:src.hipporag.evaluation.retrieval_eval:Length of retrieved docs (100) is smaller than largest topk for recall score (200)
WARNING:src.hipporag.evaluation.retrieval_eval:Length of retrieved docs (100) is smaller than largest topk for recall score (200)
WARNING:src.hipporag.evaluation.retrieval_eval:Length of retrieved docs (100) is smaller than largest topk for recall score (200)
WARNING:src.hipporag.evaluation.retrieval_eval:Length of retrieved docs (100) is smaller than largest topk for recall score (200)
WARNING:src.hipporag.evaluation.retrieval_eval:Length of retrieved docs (100) is smaller than largest topk for recall score (200)
WARNING:src.hipporag.evaluation.retrieval_eval:Length of retrieved docs (100) is smaller than largest topk for recall score (200)
WARNING:src.hipporag.evaluation.retrieval_eval:Length of retrieved docs (100) is smaller than largest topk for recall score (200)
WARNING:src.hipporag.evaluation.retrieval_eval:Length of retrieved docs (100) is smaller than largest topk for recall score (200)
WARNING:src.hipporag.evaluation.retrieval_eval:Length of retrieved docs (100) is smaller than largest topk for recall score (200)
WARNING:src.hipporag.evaluation.retrieval_eval:Length of retrieved docs (100) is smaller than largest topk for recall score (200)
WARNING:src.hipporag.evaluation.retrieval_eval:Length of retrieved docs (100) is smaller than largest topk for recall score (200)
WARNING:src.hipporag.evaluation.retrieval_eval:Length of retrieved docs (100) is smaller than largest topk for recall score (200)
WARNING:src.hipporag.evaluation.retrieval_eval:Length of retrieved docs (100) is smaller than largest topk for recall score (200)
WARNING:src.hipporag.evaluation.retrieval_eval:Length of retrieved docs (100) is smaller than largest topk for recall score (200)
WARNING:src.hipporag.evaluation.retrieval_eval:Length of retrieved docs (100) is smaller than largest topk for recall score (200)
WARNING:src.hipporag.evaluation.retrieval_eval:Length of retrieved docs (100) is smaller than largest topk for recall score (200)
WARNING:src.hipporag.evaluation.retrieval_eval:Length of retrieved docs (100) is smaller than largest topk for recall score (200)
WARNING:src.hipporag.evaluation.retrieval_eval:Length of retrieved docs (100) is smaller than largest topk for recall score (200)
WARNING:src.hipporag.evaluation.retrieval_eval:Length of retrieved docs (100) is smaller than largest topk for recall score (200)
WARNING:src.hipporag.evaluation.retrieval_eval:Length of retrieved docs (100) is smaller than largest topk for recall score (200)
WARNING:src.hipporag.evaluation.retrieval_eval:Length of retrieved docs (100) is smaller than largest topk for recall score (200)
WARNING:src.hipporag.evaluation.retrieval_eval:Length of retrieved docs (100) is smaller than largest topk for recall score (200)
WARNING:src.hipporag.evaluation.retrieval_eval:Length of retrieved docs (100) is smaller than largest topk for recall score (200)
WARNING:src.hipporag.evaluation.retrieval_eval:Length of retrieved docs (100) is smaller than largest topk for recall score (200)
WARNING:src.hipporag.evaluation.retrieval_eval:Length of retrieved docs (100) is smaller than largest topk for recall score (200)
WARNING:src.hipporag.evaluation.retrieval_eval:Length of retrieved docs (100) is smaller than largest topk for recall score (200)
WARNING:src.hipporag.evaluation.retrieval_eval:Length of retrieved docs (100) is smaller than largest topk for recall score (200)
WARNING:src.hipporag.evaluation.retrieval_eval:Length of retrieved docs (100) is smaller than largest topk for recall score (200)
WARNING:src.hipporag.evaluation.retrieval_eval:Length of retrieved docs (100) is smaller than largest topk for recall score (200)
WARNING:src.hipporag.evaluation.retrieval_eval:Length of retrieved docs (100) is smaller than largest topk for recall score (200)
WARNING:src.hipporag.evaluation.retrieval_eval:Length of retrieved docs (100) is smaller than largest topk for recall score (200)
WARNING:src.hipporag.evaluation.retrieval_eval:Length of retrieved docs (100) is smaller than largest topk for recall score (200)
WARNING:src.hipporag.evaluation.retrieval_eval:Length of retrieved docs (100) is smaller than largest topk for recall score (200)
WARNING:src.hipporag.evaluation.retrieval_eval:Length of retrieved docs (100) is smaller than largest topk for recall score (200)
WARNING:src.hipporag.evaluation.retrieval_eval:Length of retrieved docs (100) is smaller than largest topk for recall score (200)
WARNING:src.hipporag.evaluation.retrieval_eval:Length of retrieved docs (100) is smaller than largest topk for recall score (200)
WARNING:src.hipporag.evaluation.retrieval_eval:Length of retrieved docs (100) is smaller than largest topk for recall score (200)
WARNING:src.hipporag.evaluation.retrieval_eval:Length of retrieved docs (100) is smaller than largest topk for recall score (200)
WARNING:src.hipporag.evaluation.retrieval_eval:Length of retrieved docs (100) is smaller than largest topk for recall score (200)
WARNING:src.hipporag.evaluation.retrieval_eval:Length of retrieved docs (100) is smaller than largest topk for recall score (200)
WARNING:src.hipporag.evaluation.retrieval_eval:Length of retrieved docs (100) is smaller than largest topk for recall score (200)
WARNING:src.hipporag.evaluation.retrieval_eval:Length of retrieved docs (100) is smaller than largest topk for recall score (200)
WARNING:src.hipporag.evaluation.retrieval_eval:Length of retrieved docs (100) is smaller than largest topk for recall score (200)
WARNING:src.hipporag.evaluation.retrieval_eval:Length of retrieved docs (100) is smaller than largest topk for recall score (200)
WARNING:src.hipporag.evaluation.retrieval_eval:Length of retrieved docs (100) is smaller than largest topk for recall score (200)
WARNING:src.hipporag.evaluation.retrieval_eval:Length of retrieved docs (100) is smaller than largest topk for recall score (200)
WARNING:src.hipporag.evaluation.retrieval_eval:Length of retrieved docs (100) is smaller than largest topk for recall score (200)
WARNING:src.hipporag.evaluation.retrieval_eval:Length of retrieved docs (100) is smaller than largest topk for recall score (200)
WARNING:src.hipporag.evaluation.retrieval_eval:Length of retrieved docs (100) is smaller than largest topk for recall score (200)
WARNING:src.hipporag.evaluation.retrieval_eval:Length of retrieved docs (100) is smaller than largest topk for recall score (200)
WARNING:src.hipporag.evaluation.retrieval_eval:Length of retrieved docs (100) is smaller than largest topk for recall score (200)
WARNING:src.hipporag.evaluation.retrieval_eval:Length of retrieved docs (100) is smaller than largest topk for recall score (200)
WARNING:src.hipporag.evaluation.retrieval_eval:Length of retrieved docs (100) is smaller than largest topk for recall score (200)
WARNING:src.hipporag.evaluation.retrieval_eval:Length of retrieved docs (100) is smaller than largest topk for recall score (200)
WARNING:src.hipporag.evaluation.retrieval_eval:Length of retrieved docs (100) is smaller than largest topk for recall score (200)
WARNING:src.hipporag.evaluation.retrieval_eval:Length of retrieved docs (100) is smaller than largest topk for recall score (200)
WARNING:src.hipporag.evaluation.retrieval_eval:Length of retrieved docs (100) is smaller than largest topk for recall score (200)
WARNING:src.hipporag.evaluation.retrieval_eval:Length of retrieved docs (100) is smaller than largest topk for recall score (200)
WARNING:src.hipporag.evaluation.retrieval_eval:Length of retrieved docs (100) is smaller than largest topk for recall score (200)
WARNING:src.hipporag.evaluation.retrieval_eval:Length of retrieved docs (100) is smaller than largest topk for recall score (200)
WARNING:src.hipporag.evaluation.retrieval_eval:Length of retrieved docs (100) is smaller than largest topk for recall score (200)
WARNING:src.hipporag.evaluation.retrieval_eval:Length of retrieved docs (100) is smaller than largest topk for recall score (200)
WARNING:src.hipporag.evaluation.retrieval_eval:Length of retrieved docs (100) is smaller than largest topk for recall score (200)
WARNING:src.hipporag.evaluation.retrieval_eval:Length of retrieved docs (100) is smaller than largest topk for recall score (200)
WARNING:src.hipporag.evaluation.retrieval_eval:Length of retrieved docs (100) is smaller than largest topk for recall score (200)
WARNING:src.hipporag.evaluation.retrieval_eval:Length of retrieved docs (100) is smaller than largest topk for recall score (200)
WARNING:src.hipporag.evaluation.retrieval_eval:Length of retrieved docs (100) is smaller than largest topk for recall score (200)
WARNING:src.hipporag.evaluation.retrieval_eval:Length of retrieved docs (100) is smaller than largest topk for recall score (200)
WARNING:src.hipporag.evaluation.retrieval_eval:Length of retrieved docs (100) is smaller than largest topk for recall score (200)
WARNING:src.hipporag.evaluation.retrieval_eval:Length of retrieved docs (100) is smaller than largest topk for recall score (200)
WARNING:src.hipporag.evaluation.retrieval_eval:Length of retrieved docs (100) is smaller than largest topk for recall score (200)
WARNING:src.hipporag.evaluation.retrieval_eval:Length of retrieved docs (100) is smaller than largest topk for recall score (200)
WARNING:src.hipporag.evaluation.retrieval_eval:Length of retrieved docs (100) is smaller than largest topk for recall score (200)
WARNING:src.hipporag.evaluation.retrieval_eval:Length of retrieved docs (100) is smaller than largest topk for recall score (200)
WARNING:src.hipporag.evaluation.retrieval_eval:Length of retrieved docs (100) is smaller than largest topk for recall score (200)
WARNING:src.hipporag.evaluation.retrieval_eval:Length of retrieved docs (100) is smaller than largest topk for recall score (200)
WARNING:src.hipporag.evaluation.retrieval_eval:Length of retrieved docs (100) is smaller than largest topk for recall score (200)
WARNING:src.hipporag.evaluation.retrieval_eval:Length of retrieved docs (100) is smaller than largest topk for recall score (200)
WARNING:src.hipporag.evaluation.retrieval_eval:Length of retrieved docs (100) is smaller than largest topk for recall score (200)
WARNING:src.hipporag.evaluation.retrieval_eval:Length of retrieved docs (100) is smaller than largest topk for recall score (200)
WARNING:src.hipporag.evaluation.retrieval_eval:Length of retrieved docs (100) is smaller than largest topk for recall score (200)
WARNING:src.hipporag.evaluation.retrieval_eval:Length of retrieved docs (100) is smaller than largest topk for recall score (200)
WARNING:src.hipporag.evaluation.retrieval_eval:Length of retrieved docs (100) is smaller than largest topk for recall score (200)
WARNING:src.hipporag.evaluation.retrieval_eval:Length of retrieved docs (100) is smaller than largest topk for recall score (200)
WARNING:src.hipporag.evaluation.retrieval_eval:Length of retrieved docs (100) is smaller than largest topk for recall score (200)
WARNING:src.hipporag.evaluation.retrieval_eval:Length of retrieved docs (100) is smaller than largest topk for recall score (200)
WARNING:src.hipporag.evaluation.retrieval_eval:Length of retrieved docs (100) is smaller than largest topk for recall score (200)
WARNING:src.hipporag.evaluation.retrieval_eval:Length of retrieved docs (100) is smaller than largest topk for recall score (200)
WARNING:src.hipporag.evaluation.retrieval_eval:Length of retrieved docs (100) is smaller than largest topk for recall score (200)
WARNING:src.hipporag.evaluation.retrieval_eval:Length of retrieved docs (100) is smaller than largest topk for recall score (200)
WARNING:src.hipporag.evaluation.retrieval_eval:Length of retrieved docs (100) is smaller than largest topk for recall score (200)
WARNING:src.hipporag.evaluation.retrieval_eval:Length of retrieved docs (100) is smaller than largest topk for recall score (200)
WARNING:src.hipporag.evaluation.retrieval_eval:Length of retrieved docs (100) is smaller than largest topk for recall score (200)
WARNING:src.hipporag.evaluation.retrieval_eval:Length of retrieved docs (100) is smaller than largest topk for recall score (200)
WARNING:src.hipporag.evaluation.retrieval_eval:Length of retrieved docs (100) is smaller than largest topk for recall score (200)
WARNING:src.hipporag.evaluation.retrieval_eval:Length of retrieved docs (100) is smaller than largest topk for recall score (200)
WARNING:src.hipporag.evaluation.retrieval_eval:Length of retrieved docs (100) is smaller than largest topk for recall score (200)
WARNING:src.hipporag.evaluation.retrieval_eval:Length of retrieved docs (100) is smaller than largest topk for recall score (200)
WARNING:src.hipporag.evaluation.retrieval_eval:Length of retrieved docs (100) is smaller than largest topk for recall score (200)
WARNING:src.hipporag.evaluation.retrieval_eval:Length of retrieved docs (100) is smaller than largest topk for recall score (200)
WARNING:src.hipporag.evaluation.retrieval_eval:Length of retrieved docs (100) is smaller than largest topk for recall score (200)
WARNING:src.hipporag.evaluation.retrieval_eval:Length of retrieved docs (100) is smaller than largest topk for recall score (200)
WARNING:src.hipporag.evaluation.retrieval_eval:Length of retrieved docs (100) is smaller than largest topk for recall score (200)
WARNING:src.hipporag.evaluation.retrieval_eval:Length of retrieved docs (100) is smaller than largest topk for recall score (200)
WARNING:src.hipporag.evaluation.retrieval_eval:Length of retrieved docs (100) is smaller than largest topk for recall score (200)
WARNING:src.hipporag.evaluation.retrieval_eval:Length of retrieved docs (100) is smaller than largest topk for recall score (200)
WARNING:src.hipporag.evaluation.retrieval_eval:Length of retrieved docs (100) is smaller than largest topk for recall score (200)
WARNING:src.hipporag.evaluation.retrieval_eval:Length of retrieved docs (100) is smaller than largest topk for recall score (200)
WARNING:src.hipporag.evaluation.retrieval_eval:Length of retrieved docs (100) is smaller than largest topk for recall score (200)
WARNING:src.hipporag.evaluation.retrieval_eval:Length of retrieved docs (100) is smaller than largest topk for recall score (200)
WARNING:src.hipporag.evaluation.retrieval_eval:Length of retrieved docs (100) is smaller than largest topk for recall score (200)
WARNING:src.hipporag.evaluation.retrieval_eval:Length of retrieved docs (100) is smaller than largest topk for recall score (200)
WARNING:src.hipporag.evaluation.retrieval_eval:Length of retrieved docs (100) is smaller than largest topk for recall score (200)
WARNING:src.hipporag.evaluation.retrieval_eval:Length of retrieved docs (100) is smaller than largest topk for recall score (200)
WARNING:src.hipporag.evaluation.retrieval_eval:Length of retrieved docs (100) is smaller than largest topk for recall score (200)
WARNING:src.hipporag.evaluation.retrieval_eval:Length of retrieved docs (100) is smaller than largest topk for recall score (200)
WARNING:src.hipporag.evaluation.retrieval_eval:Length of retrieved docs (100) is smaller than largest topk for recall score (200)
WARNING:src.hipporag.evaluation.retrieval_eval:Length of retrieved docs (100) is smaller than largest topk for recall score (200)
WARNING:src.hipporag.evaluation.retrieval_eval:Length of retrieved docs (100) is smaller than largest topk for recall score (200)
WARNING:src.hipporag.evaluation.retrieval_eval:Length of retrieved docs (100) is smaller than largest topk for recall score (200)
WARNING:src.hipporag.evaluation.retrieval_eval:Length of retrieved docs (100) is smaller than largest topk for recall score (200)
WARNING:src.hipporag.evaluation.retrieval_eval:Length of retrieved docs (100) is smaller than largest topk for recall score (200)
WARNING:src.hipporag.evaluation.retrieval_eval:Length of retrieved docs (100) is smaller than largest topk for recall score (200)
WARNING:src.hipporag.evaluation.retrieval_eval:Length of retrieved docs (100) is smaller than largest topk for recall score (200)
WARNING:src.hipporag.evaluation.retrieval_eval:Length of retrieved docs (100) is smaller than largest topk for recall score (200)
WARNING:src.hipporag.evaluation.retrieval_eval:Length of retrieved docs (100) is smaller than largest topk for recall score (200)
WARNING:src.hipporag.evaluation.retrieval_eval:Length of retrieved docs (100) is smaller than largest topk for recall score (200)
WARNING:src.hipporag.evaluation.retrieval_eval:Length of retrieved docs (100) is smaller than largest topk for recall score (200)
WARNING:src.hipporag.evaluation.retrieval_eval:Length of retrieved docs (100) is smaller than largest topk for recall score (200)
WARNING:src.hipporag.evaluation.retrieval_eval:Length of retrieved docs (100) is smaller than largest topk for recall score (200)
WARNING:src.hipporag.evaluation.retrieval_eval:Length of retrieved docs (100) is smaller than largest topk for recall score (200)
WARNING:src.hipporag.evaluation.retrieval_eval:Length of retrieved docs (100) is smaller than largest topk for recall score (200)
WARNING:src.hipporag.evaluation.retrieval_eval:Length of retrieved docs (100) is smaller than largest topk for recall score (200)
WARNING:src.hipporag.evaluation.retrieval_eval:Length of retrieved docs (100) is smaller than largest topk for recall score (200)
WARNING:src.hipporag.evaluation.retrieval_eval:Length of retrieved docs (100) is smaller than largest topk for recall score (200)
WARNING:src.hipporag.evaluation.retrieval_eval:Length of retrieved docs (100) is smaller than largest topk for recall score (200)
WARNING:src.hipporag.evaluation.retrieval_eval:Length of retrieved docs (100) is smaller than largest topk for recall score (200)
WARNING:src.hipporag.evaluation.retrieval_eval:Length of retrieved docs (100) is smaller than largest topk for recall score (200)
WARNING:src.hipporag.evaluation.retrieval_eval:Length of retrieved docs (100) is smaller than largest topk for recall score (200)
WARNING:src.hipporag.evaluation.retrieval_eval:Length of retrieved docs (100) is smaller than largest topk for recall score (200)
WARNING:src.hipporag.evaluation.retrieval_eval:Length of retrieved docs (100) is smaller than largest topk for recall score (200)
WARNING:src.hipporag.evaluation.retrieval_eval:Length of retrieved docs (100) is smaller than largest topk for recall score (200)
WARNING:src.hipporag.evaluation.retrieval_eval:Length of retrieved docs (100) is smaller than largest topk for recall score (200)
WARNING:src.hipporag.evaluation.retrieval_eval:Length of retrieved docs (100) is smaller than largest topk for recall score (200)
WARNING:src.hipporag.evaluation.retrieval_eval:Length of retrieved docs (100) is smaller than largest topk for recall score (200)
WARNING:src.hipporag.evaluation.retrieval_eval:Length of retrieved docs (100) is smaller than largest topk for recall score (200)
WARNING:src.hipporag.evaluation.retrieval_eval:Length of retrieved docs (100) is smaller than largest topk for recall score (200)
WARNING:src.hipporag.evaluation.retrieval_eval:Length of retrieved docs (100) is smaller than largest topk for recall score (200)
WARNING:src.hipporag.evaluation.retrieval_eval:Length of retrieved docs (100) is smaller than largest topk for recall score (200)
WARNING:src.hipporag.evaluation.retrieval_eval:Length of retrieved docs (100) is smaller than largest topk for recall score (200)
WARNING:src.hipporag.evaluation.retrieval_eval:Length of retrieved docs (100) is smaller than largest topk for recall score (200)
WARNING:src.hipporag.evaluation.retrieval_eval:Length of retrieved docs (100) is smaller than largest topk for recall score (200)
WARNING:src.hipporag.evaluation.retrieval_eval:Length of retrieved docs (100) is smaller than largest topk for recall score (200)
WARNING:src.hipporag.evaluation.retrieval_eval:Length of retrieved docs (100) is smaller than largest topk for recall score (200)
WARNING:src.hipporag.evaluation.retrieval_eval:Length of retrieved docs (100) is smaller than largest topk for recall score (200)
WARNING:src.hipporag.evaluation.retrieval_eval:Length of retrieved docs (100) is smaller than largest topk for recall score (200)
WARNING:src.hipporag.evaluation.retrieval_eval:Length of retrieved docs (100) is smaller than largest topk for recall score (200)
WARNING:src.hipporag.evaluation.retrieval_eval:Length of retrieved docs (100) is smaller than largest topk for recall score (200)
WARNING:src.hipporag.evaluation.retrieval_eval:Length of retrieved docs (100) is smaller than largest topk for recall score (200)
WARNING:src.hipporag.evaluation.retrieval_eval:Length of retrieved docs (100) is smaller than largest topk for recall score (200)
WARNING:src.hipporag.evaluation.retrieval_eval:Length of retrieved docs (100) is smaller than largest topk for recall score (200)
WARNING:src.hipporag.evaluation.retrieval_eval:Length of retrieved docs (100) is smaller than largest topk for recall score (200)
WARNING:src.hipporag.evaluation.retrieval_eval:Length of retrieved docs (100) is smaller than largest topk for recall score (200)
WARNING:src.hipporag.evaluation.retrieval_eval:Length of retrieved docs (100) is smaller than largest topk for recall score (200)
WARNING:src.hipporag.evaluation.retrieval_eval:Length of retrieved docs (100) is smaller than largest topk for recall score (200)
WARNING:src.hipporag.evaluation.retrieval_eval:Length of retrieved docs (100) is smaller than largest topk for recall score (200)
WARNING:src.hipporag.evaluation.retrieval_eval:Length of retrieved docs (100) is smaller than largest topk for recall score (200)
WARNING:src.hipporag.evaluation.retrieval_eval:Length of retrieved docs (100) is smaller than largest topk for recall score (200)
WARNING:src.hipporag.evaluation.retrieval_eval:Length of retrieved docs (100) is smaller than largest topk for recall score (200)
WARNING:src.hipporag.evaluation.retrieval_eval:Length of retrieved docs (100) is smaller than largest topk for recall score (200)
WARNING:src.hipporag.evaluation.retrieval_eval:Length of retrieved docs (100) is smaller than largest topk for recall score (200)
WARNING:src.hipporag.evaluation.retrieval_eval:Length of retrieved docs (100) is smaller than largest topk for recall score (200)
WARNING:src.hipporag.evaluation.retrieval_eval:Length of retrieved docs (100) is smaller than largest topk for recall score (200)
WARNING:src.hipporag.evaluation.retrieval_eval:Length of retrieved docs (100) is smaller than largest topk for recall score (200)
WARNING:src.hipporag.evaluation.retrieval_eval:Length of retrieved docs (100) is smaller than largest topk for recall score (200)
WARNING:src.hipporag.evaluation.retrieval_eval:Length of retrieved docs (100) is smaller than largest topk for recall score (200)
WARNING:src.hipporag.evaluation.retrieval_eval:Length of retrieved docs (100) is smaller than largest topk for recall score (200)
WARNING:src.hipporag.evaluation.retrieval_eval:Length of retrieved docs (100) is smaller than largest topk for recall score (200)
WARNING:src.hipporag.evaluation.retrieval_eval:Length of retrieved docs (100) is smaller than largest topk for recall score (200)
WARNING:src.hipporag.evaluation.retrieval_eval:Length of retrieved docs (100) is smaller than largest topk for recall score (200)
WARNING:src.hipporag.evaluation.retrieval_eval:Length of retrieved docs (100) is smaller than largest topk for recall score (200)
WARNING:src.hipporag.evaluation.retrieval_eval:Length of retrieved docs (100) is smaller than largest topk for recall score (200)
WARNING:src.hipporag.evaluation.retrieval_eval:Length of retrieved docs (100) is smaller than largest topk for recall score (200)
WARNING:src.hipporag.evaluation.retrieval_eval:Length of retrieved docs (100) is smaller than largest topk for recall score (200)
WARNING:src.hipporag.evaluation.retrieval_eval:Length of retrieved docs (100) is smaller than largest topk for recall score (200)
WARNING:src.hipporag.evaluation.retrieval_eval:Length of retrieved docs (100) is smaller than largest topk for recall score (200)
WARNING:src.hipporag.evaluation.retrieval_eval:Length of retrieved docs (100) is smaller than largest topk for recall score (200)
WARNING:src.hipporag.evaluation.retrieval_eval:Length of retrieved docs (100) is smaller than largest topk for recall score (200)
WARNING:src.hipporag.evaluation.retrieval_eval:Length of retrieved docs (100) is smaller than largest topk for recall score (200)
WARNING:src.hipporag.evaluation.retrieval_eval:Length of retrieved docs (100) is smaller than largest topk for recall score (200)
WARNING:src.hipporag.evaluation.retrieval_eval:Length of retrieved docs (100) is smaller than largest topk for recall score (200)
WARNING:src.hipporag.evaluation.retrieval_eval:Length of retrieved docs (100) is smaller than largest topk for recall score (200)
WARNING:src.hipporag.evaluation.retrieval_eval:Length of retrieved docs (100) is smaller than largest topk for recall score (200)
WARNING:src.hipporag.evaluation.retrieval_eval:Length of retrieved docs (100) is smaller than largest topk for recall score (200)
WARNING:src.hipporag.evaluation.retrieval_eval:Length of retrieved docs (100) is smaller than largest topk for recall score (200)
WARNING:src.hipporag.evaluation.retrieval_eval:Length of retrieved docs (100) is smaller than largest topk for recall score (200)
WARNING:src.hipporag.evaluation.retrieval_eval:Length of retrieved docs (100) is smaller than largest topk for recall score (200)
WARNING:src.hipporag.evaluation.retrieval_eval:Length of retrieved docs (100) is smaller than largest topk for recall score (200)
WARNING:src.hipporag.evaluation.retrieval_eval:Length of retrieved docs (100) is smaller than largest topk for recall score (200)
WARNING:src.hipporag.evaluation.retrieval_eval:Length of retrieved docs (100) is smaller than largest topk for recall score (200)
WARNING:src.hipporag.evaluation.retrieval_eval:Length of retrieved docs (100) is smaller than largest topk for recall score (200)
WARNING:src.hipporag.evaluation.retrieval_eval:Length of retrieved docs (100) is smaller than largest topk for recall score (200)
WARNING:src.hipporag.evaluation.retrieval_eval:Length of retrieved docs (100) is smaller than largest topk for recall score (200)
WARNING:src.hipporag.evaluation.retrieval_eval:Length of retrieved docs (100) is smaller than largest topk for recall score (200)
WARNING:src.hipporag.evaluation.retrieval_eval:Length of retrieved docs (100) is smaller than largest topk for recall score (200)
WARNING:src.hipporag.evaluation.retrieval_eval:Length of retrieved docs (100) is smaller than largest topk for recall score (200)
WARNING:src.hipporag.evaluation.retrieval_eval:Length of retrieved docs (100) is smaller than largest topk for recall score (200)
WARNING:src.hipporag.evaluation.retrieval_eval:Length of retrieved docs (100) is smaller than largest topk for recall score (200)
WARNING:src.hipporag.evaluation.retrieval_eval:Length of retrieved docs (100) is smaller than largest topk for recall score (200)
WARNING:src.hipporag.evaluation.retrieval_eval:Length of retrieved docs (100) is smaller than largest topk for recall score (200)
WARNING:src.hipporag.evaluation.retrieval_eval:Length of retrieved docs (100) is smaller than largest topk for recall score (200)
WARNING:src.hipporag.evaluation.retrieval_eval:Length of retrieved docs (100) is smaller than largest topk for recall score (200)
WARNING:src.hipporag.evaluation.retrieval_eval:Length of retrieved docs (100) is smaller than largest topk for recall score (200)
WARNING:src.hipporag.evaluation.retrieval_eval:Length of retrieved docs (100) is smaller than largest topk for recall score (200)
WARNING:src.hipporag.evaluation.retrieval_eval:Length of retrieved docs (100) is smaller than largest topk for recall score (200)
WARNING:src.hipporag.evaluation.retrieval_eval:Length of retrieved docs (100) is smaller than largest topk for recall score (200)
WARNING:src.hipporag.evaluation.retrieval_eval:Length of retrieved docs (100) is smaller than largest topk for recall score (200)
WARNING:src.hipporag.evaluation.retrieval_eval:Length of retrieved docs (100) is smaller than largest topk for recall score (200)
WARNING:src.hipporag.evaluation.retrieval_eval:Length of retrieved docs (100) is smaller than largest topk for recall score (200)
WARNING:src.hipporag.evaluation.retrieval_eval:Length of retrieved docs (100) is smaller than largest topk for recall score (200)
WARNING:src.hipporag.evaluation.retrieval_eval:Length of retrieved docs (100) is smaller than largest topk for recall score (200)
WARNING:src.hipporag.evaluation.retrieval_eval:Length of retrieved docs (100) is smaller than largest topk for recall score (200)
WARNING:src.hipporag.evaluation.retrieval_eval:Length of retrieved docs (100) is smaller than largest topk for recall score (200)
WARNING:src.hipporag.evaluation.retrieval_eval:Length of retrieved docs (100) is smaller than largest topk for recall score (200)
WARNING:src.hipporag.evaluation.retrieval_eval:Length of retrieved docs (100) is smaller than largest topk for recall score (200)
WARNING:src.hipporag.evaluation.retrieval_eval:Length of retrieved docs (100) is smaller than largest topk for recall score (200)
WARNING:src.hipporag.evaluation.retrieval_eval:Length of retrieved docs (100) is smaller than largest topk for recall score (200)
WARNING:src.hipporag.evaluation.retrieval_eval:Length of retrieved docs (100) is smaller than largest topk for recall score (200)
WARNING:src.hipporag.evaluation.retrieval_eval:Length of retrieved docs (100) is smaller than largest topk for recall score (200)
WARNING:src.hipporag.evaluation.retrieval_eval:Length of retrieved docs (100) is smaller than largest topk for recall score (200)
WARNING:src.hipporag.evaluation.retrieval_eval:Length of retrieved docs (100) is smaller than largest topk for recall score (200)
WARNING:src.hipporag.evaluation.retrieval_eval:Length of retrieved docs (100) is smaller than largest topk for recall score (200)
WARNING:src.hipporag.evaluation.retrieval_eval:Length of retrieved docs (100) is smaller than largest topk for recall score (200)
WARNING:src.hipporag.evaluation.retrieval_eval:Length of retrieved docs (100) is smaller than largest topk for recall score (200)
WARNING:src.hipporag.evaluation.retrieval_eval:Length of retrieved docs (100) is smaller than largest topk for recall score (200)
WARNING:src.hipporag.evaluation.retrieval_eval:Length of retrieved docs (100) is smaller than largest topk for recall score (200)
WARNING:src.hipporag.evaluation.retrieval_eval:Length of retrieved docs (100) is smaller than largest topk for recall score (200)
WARNING:src.hipporag.evaluation.retrieval_eval:Length of retrieved docs (100) is smaller than largest topk for recall score (200)
WARNING:src.hipporag.evaluation.retrieval_eval:Length of retrieved docs (100) is smaller than largest topk for recall score (200)
WARNING:src.hipporag.evaluation.retrieval_eval:Length of retrieved docs (100) is smaller than largest topk for recall score (200)
WARNING:src.hipporag.evaluation.retrieval_eval:Length of retrieved docs (100) is smaller than largest topk for recall score (200)
WARNING:src.hipporag.evaluation.retrieval_eval:Length of retrieved docs (100) is smaller than largest topk for recall score (200)
WARNING:src.hipporag.evaluation.retrieval_eval:Length of retrieved docs (100) is smaller than largest topk for recall score (200)
WARNING:src.hipporag.evaluation.retrieval_eval:Length of retrieved docs (100) is smaller than largest topk for recall score (200)
WARNING:src.hipporag.evaluation.retrieval_eval:Length of retrieved docs (100) is smaller than largest topk for recall score (200)
WARNING:src.hipporag.evaluation.retrieval_eval:Length of retrieved docs (100) is smaller than largest topk for recall score (200)
WARNING:src.hipporag.evaluation.retrieval_eval:Length of retrieved docs (100) is smaller than largest topk for recall score (200)
WARNING:src.hipporag.evaluation.retrieval_eval:Length of retrieved docs (100) is smaller than largest topk for recall score (200)
WARNING:src.hipporag.evaluation.retrieval_eval:Length of retrieved docs (100) is smaller than largest topk for recall score (200)
WARNING:src.hipporag.evaluation.retrieval_eval:Length of retrieved docs (100) is smaller than largest topk for recall score (200)
WARNING:src.hipporag.evaluation.retrieval_eval:Length of retrieved docs (100) is smaller than largest topk for recall score (200)
WARNING:src.hipporag.evaluation.retrieval_eval:Length of retrieved docs (100) is smaller than largest topk for recall score (200)
WARNING:src.hipporag.evaluation.retrieval_eval:Length of retrieved docs (100) is smaller than largest topk for recall score (200)
WARNING:src.hipporag.evaluation.retrieval_eval:Length of retrieved docs (100) is smaller than largest topk for recall score (200)
WARNING:src.hipporag.evaluation.retrieval_eval:Length of retrieved docs (100) is smaller than largest topk for recall score (200)
WARNING:src.hipporag.evaluation.retrieval_eval:Length of retrieved docs (100) is smaller than largest topk for recall score (200)
WARNING:src.hipporag.evaluation.retrieval_eval:Length of retrieved docs (100) is smaller than largest topk for recall score (200)
WARNING:src.hipporag.evaluation.retrieval_eval:Length of retrieved docs (100) is smaller than largest topk for recall score (200)
WARNING:src.hipporag.evaluation.retrieval_eval:Length of retrieved docs (100) is smaller than largest topk for recall score (200)
WARNING:src.hipporag.evaluation.retrieval_eval:Length of retrieved docs (100) is smaller than largest topk for recall score (200)
WARNING:src.hipporag.evaluation.retrieval_eval:Length of retrieved docs (100) is smaller than largest topk for recall score (200)
WARNING:src.hipporag.evaluation.retrieval_eval:Length of retrieved docs (100) is smaller than largest topk for recall score (200)
WARNING:src.hipporag.evaluation.retrieval_eval:Length of retrieved docs (100) is smaller than largest topk for recall score (200)
WARNING:src.hipporag.evaluation.retrieval_eval:Length of retrieved docs (100) is smaller than largest topk for recall score (200)
WARNING:src.hipporag.evaluation.retrieval_eval:Length of retrieved docs (100) is smaller than largest topk for recall score (200)
WARNING:src.hipporag.evaluation.retrieval_eval:Length of retrieved docs (100) is smaller than largest topk for recall score (200)
WARNING:src.hipporag.evaluation.retrieval_eval:Length of retrieved docs (100) is smaller than largest topk for recall score (200)
WARNING:src.hipporag.evaluation.retrieval_eval:Length of retrieved docs (100) is smaller than largest topk for recall score (200)
WARNING:src.hipporag.evaluation.retrieval_eval:Length of retrieved docs (100) is smaller than largest topk for recall score (200)
WARNING:src.hipporag.evaluation.retrieval_eval:Length of retrieved docs (100) is smaller than largest topk for recall score (200)
WARNING:src.hipporag.evaluation.retrieval_eval:Length of retrieved docs (100) is smaller than largest topk for recall score (200)
WARNING:src.hipporag.evaluation.retrieval_eval:Length of retrieved docs (100) is smaller than largest topk for recall score (200)
WARNING:src.hipporag.evaluation.retrieval_eval:Length of retrieved docs (100) is smaller than largest topk for recall score (200)
WARNING:src.hipporag.evaluation.retrieval_eval:Length of retrieved docs (100) is smaller than largest topk for recall score (200)
WARNING:src.hipporag.evaluation.retrieval_eval:Length of retrieved docs (100) is smaller than largest topk for recall score (200)
WARNING:src.hipporag.evaluation.retrieval_eval:Length of retrieved docs (100) is smaller than largest topk for recall score (200)
WARNING:src.hipporag.evaluation.retrieval_eval:Length of retrieved docs (100) is smaller than largest topk for recall score (200)
WARNING:src.hipporag.evaluation.retrieval_eval:Length of retrieved docs (100) is smaller than largest topk for recall score (200)
WARNING:src.hipporag.evaluation.retrieval_eval:Length of retrieved docs (100) is smaller than largest topk for recall score (200)
WARNING:src.hipporag.evaluation.retrieval_eval:Length of retrieved docs (100) is smaller than largest topk for recall score (200)
WARNING:src.hipporag.evaluation.retrieval_eval:Length of retrieved docs (100) is smaller than largest topk for recall score (200)
WARNING:src.hipporag.evaluation.retrieval_eval:Length of retrieved docs (100) is smaller than largest topk for recall score (200)
WARNING:src.hipporag.evaluation.retrieval_eval:Length of retrieved docs (100) is smaller than largest topk for recall score (200)
WARNING:src.hipporag.evaluation.retrieval_eval:Length of retrieved docs (100) is smaller than largest topk for recall score (200)
WARNING:src.hipporag.evaluation.retrieval_eval:Length of retrieved docs (100) is smaller than largest topk for recall score (200)
WARNING:src.hipporag.evaluation.retrieval_eval:Length of retrieved docs (100) is smaller than largest topk for recall score (200)
WARNING:src.hipporag.evaluation.retrieval_eval:Length of retrieved docs (100) is smaller than largest topk for recall score (200)
WARNING:src.hipporag.evaluation.retrieval_eval:Length of retrieved docs (100) is smaller than largest topk for recall score (200)
WARNING:src.hipporag.evaluation.retrieval_eval:Length of retrieved docs (100) is smaller than largest topk for recall score (200)
WARNING:src.hipporag.evaluation.retrieval_eval:Length of retrieved docs (100) is smaller than largest topk for recall score (200)
WARNING:src.hipporag.evaluation.retrieval_eval:Length of retrieved docs (100) is smaller than largest topk for recall score (200)
WARNING:src.hipporag.evaluation.retrieval_eval:Length of retrieved docs (100) is smaller than largest topk for recall score (200)
WARNING:src.hipporag.evaluation.retrieval_eval:Length of retrieved docs (100) is smaller than largest topk for recall score (200)
WARNING:src.hipporag.evaluation.retrieval_eval:Length of retrieved docs (100) is smaller than largest topk for recall score (200)
WARNING:src.hipporag.evaluation.retrieval_eval:Length of retrieved docs (100) is smaller than largest topk for recall score (200)
WARNING:src.hipporag.evaluation.retrieval_eval:Length of retrieved docs (100) is smaller than largest topk for recall score (200)
WARNING:src.hipporag.evaluation.retrieval_eval:Length of retrieved docs (100) is smaller than largest topk for recall score (200)
WARNING:src.hipporag.evaluation.retrieval_eval:Length of retrieved docs (100) is smaller than largest topk for recall score (200)
WARNING:src.hipporag.evaluation.retrieval_eval:Length of retrieved docs (100) is smaller than largest topk for recall score (200)
WARNING:src.hipporag.evaluation.retrieval_eval:Length of retrieved docs (100) is smaller than largest topk for recall score (200)
WARNING:src.hipporag.evaluation.retrieval_eval:Length of retrieved docs (100) is smaller than largest topk for recall score (200)
WARNING:src.hipporag.evaluation.retrieval_eval:Length of retrieved docs (100) is smaller than largest topk for recall score (200)
WARNING:src.hipporag.evaluation.retrieval_eval:Length of retrieved docs (100) is smaller than largest topk for recall score (200)
WARNING:src.hipporag.evaluation.retrieval_eval:Length of retrieved docs (100) is smaller than largest topk for recall score (200)
WARNING:src.hipporag.evaluation.retrieval_eval:Length of retrieved docs (100) is smaller than largest topk for recall score (200)
WARNING:src.hipporag.evaluation.retrieval_eval:Length of retrieved docs (100) is smaller than largest topk for recall score (200)
WARNING:src.hipporag.evaluation.retrieval_eval:Length of retrieved docs (100) is smaller than largest topk for recall score (200)
WARNING:src.hipporag.evaluation.retrieval_eval:Length of retrieved docs (100) is smaller than largest topk for recall score (200)
WARNING:src.hipporag.evaluation.retrieval_eval:Length of retrieved docs (100) is smaller than largest topk for recall score (200)
WARNING:src.hipporag.evaluation.retrieval_eval:Length of retrieved docs (100) is smaller than largest topk for recall score (200)
WARNING:src.hipporag.evaluation.retrieval_eval:Length of retrieved docs (100) is smaller than largest topk for recall score (200)
WARNING:src.hipporag.evaluation.retrieval_eval:Length of retrieved docs (100) is smaller than largest topk for recall score (200)
WARNING:src.hipporag.evaluation.retrieval_eval:Length of retrieved docs (100) is smaller than largest topk for recall score (200)
WARNING:src.hipporag.evaluation.retrieval_eval:Length of retrieved docs (100) is smaller than largest topk for recall score (200)
WARNING:src.hipporag.evaluation.retrieval_eval:Length of retrieved docs (100) is smaller than largest topk for recall score (200)
WARNING:src.hipporag.evaluation.retrieval_eval:Length of retrieved docs (100) is smaller than largest topk for recall score (200)
WARNING:src.hipporag.evaluation.retrieval_eval:Length of retrieved docs (100) is smaller than largest topk for recall score (200)
WARNING:src.hipporag.evaluation.retrieval_eval:Length of retrieved docs (100) is smaller than largest topk for recall score (200)
WARNING:src.hipporag.evaluation.retrieval_eval:Length of retrieved docs (100) is smaller than largest topk for recall score (200)
WARNING:src.hipporag.evaluation.retrieval_eval:Length of retrieved docs (100) is smaller than largest topk for recall score (200)
WARNING:src.hipporag.evaluation.retrieval_eval:Length of retrieved docs (100) is smaller than largest topk for recall score (200)
WARNING:src.hipporag.evaluation.retrieval_eval:Length of retrieved docs (100) is smaller than largest topk for recall score (200)
WARNING:src.hipporag.evaluation.retrieval_eval:Length of retrieved docs (100) is smaller than largest topk for recall score (200)
WARNING:src.hipporag.evaluation.retrieval_eval:Length of retrieved docs (100) is smaller than largest topk for recall score (200)
WARNING:src.hipporag.evaluation.retrieval_eval:Length of retrieved docs (100) is smaller than largest topk for recall score (200)
WARNING:src.hipporag.evaluation.retrieval_eval:Length of retrieved docs (100) is smaller than largest topk for recall score (200)
WARNING:src.hipporag.evaluation.retrieval_eval:Length of retrieved docs (100) is smaller than largest topk for recall score (200)
WARNING:src.hipporag.evaluation.retrieval_eval:Length of retrieved docs (100) is smaller than largest topk for recall score (200)
WARNING:src.hipporag.evaluation.retrieval_eval:Length of retrieved docs (100) is smaller than largest topk for recall score (200)
WARNING:src.hipporag.evaluation.retrieval_eval:Length of retrieved docs (100) is smaller than largest topk for recall score (200)
WARNING:src.hipporag.evaluation.retrieval_eval:Length of retrieved docs (100) is smaller than largest topk for recall score (200)
WARNING:src.hipporag.evaluation.retrieval_eval:Length of retrieved docs (100) is smaller than largest topk for recall score (200)
WARNING:src.hipporag.evaluation.retrieval_eval:Length of retrieved docs (100) is smaller than largest topk for recall score (200)
WARNING:src.hipporag.evaluation.retrieval_eval:Length of retrieved docs (100) is smaller than largest topk for recall score (200)
WARNING:src.hipporag.evaluation.retrieval_eval:Length of retrieved docs (100) is smaller than largest topk for recall score (200)
WARNING:src.hipporag.evaluation.retrieval_eval:Length of retrieved docs (100) is smaller than largest topk for recall score (200)
WARNING:src.hipporag.evaluation.retrieval_eval:Length of retrieved docs (100) is smaller than largest topk for recall score (200)
WARNING:src.hipporag.evaluation.retrieval_eval:Length of retrieved docs (100) is smaller than largest topk for recall score (200)
WARNING:src.hipporag.evaluation.retrieval_eval:Length of retrieved docs (100) is smaller than largest topk for recall score (200)
WARNING:src.hipporag.evaluation.retrieval_eval:Length of retrieved docs (100) is smaller than largest topk for recall score (200)
WARNING:src.hipporag.evaluation.retrieval_eval:Length of retrieved docs (100) is smaller than largest topk for recall score (200)
WARNING:src.hipporag.evaluation.retrieval_eval:Length of retrieved docs (100) is smaller than largest topk for recall score (200)
WARNING:src.hipporag.evaluation.retrieval_eval:Length of retrieved docs (100) is smaller than largest topk for recall score (200)
WARNING:src.hipporag.evaluation.retrieval_eval:Length of retrieved docs (100) is smaller than largest topk for recall score (200)
WARNING:src.hipporag.evaluation.retrieval_eval:Length of retrieved docs (100) is smaller than largest topk for recall score (200)
WARNING:src.hipporag.evaluation.retrieval_eval:Length of retrieved docs (100) is smaller than largest topk for recall score (200)
WARNING:src.hipporag.evaluation.retrieval_eval:Length of retrieved docs (100) is smaller than largest topk for recall score (200)
WARNING:src.hipporag.evaluation.retrieval_eval:Length of retrieved docs (100) is smaller than largest topk for recall score (200)
WARNING:src.hipporag.evaluation.retrieval_eval:Length of retrieved docs (100) is smaller than largest topk for recall score (200)
WARNING:src.hipporag.evaluation.retrieval_eval:Length of retrieved docs (100) is smaller than largest topk for recall score (200)
WARNING:src.hipporag.evaluation.retrieval_eval:Length of retrieved docs (100) is smaller than largest topk for recall score (200)
WARNING:src.hipporag.evaluation.retrieval_eval:Length of retrieved docs (100) is smaller than largest topk for recall score (200)
WARNING:src.hipporag.evaluation.retrieval_eval:Length of retrieved docs (100) is smaller than largest topk for recall score (200)
WARNING:src.hipporag.evaluation.retrieval_eval:Length of retrieved docs (100) is smaller than largest topk for recall score (200)
WARNING:src.hipporag.evaluation.retrieval_eval:Length of retrieved docs (100) is smaller than largest topk for recall score (200)
WARNING:src.hipporag.evaluation.retrieval_eval:Length of retrieved docs (100) is smaller than largest topk for recall score (200)
WARNING:src.hipporag.evaluation.retrieval_eval:Length of retrieved docs (100) is smaller than largest topk for recall score (200)
WARNING:src.hipporag.evaluation.retrieval_eval:Length of retrieved docs (100) is smaller than largest topk for recall score (200)
WARNING:src.hipporag.evaluation.retrieval_eval:Length of retrieved docs (100) is smaller than largest topk for recall score (200)
WARNING:src.hipporag.evaluation.retrieval_eval:Length of retrieved docs (100) is smaller than largest topk for recall score (200)
WARNING:src.hipporag.evaluation.retrieval_eval:Length of retrieved docs (100) is smaller than largest topk for recall score (200)
WARNING:src.hipporag.evaluation.retrieval_eval:Length of retrieved docs (100) is smaller than largest topk for recall score (200)
WARNING:src.hipporag.evaluation.retrieval_eval:Length of retrieved docs (100) is smaller than largest topk for recall score (200)
WARNING:src.hipporag.evaluation.retrieval_eval:Length of retrieved docs (100) is smaller than largest topk for recall score (200)
WARNING:src.hipporag.evaluation.retrieval_eval:Length of retrieved docs (100) is smaller than largest topk for recall score (200)
WARNING:src.hipporag.evaluation.retrieval_eval:Length of retrieved docs (100) is smaller than largest topk for recall score (200)
WARNING:src.hipporag.evaluation.retrieval_eval:Length of retrieved docs (100) is smaller than largest topk for recall score (200)
WARNING:src.hipporag.evaluation.retrieval_eval:Length of retrieved docs (100) is smaller than largest topk for recall score (200)
WARNING:src.hipporag.evaluation.retrieval_eval:Length of retrieved docs (100) is smaller than largest topk for recall score (200)
WARNING:src.hipporag.evaluation.retrieval_eval:Length of retrieved docs (100) is smaller than largest topk for recall score (200)
WARNING:src.hipporag.evaluation.retrieval_eval:Length of retrieved docs (100) is smaller than largest topk for recall score (200)
WARNING:src.hipporag.evaluation.retrieval_eval:Length of retrieved docs (100) is smaller than largest topk for recall score (200)
WARNING:src.hipporag.evaluation.retrieval_eval:Length of retrieved docs (100) is smaller than largest topk for recall score (200)
WARNING:src.hipporag.evaluation.retrieval_eval:Length of retrieved docs (100) is smaller than largest topk for recall score (200)
WARNING:src.hipporag.evaluation.retrieval_eval:Length of retrieved docs (100) is smaller than largest topk for recall score (200)
WARNING:src.hipporag.evaluation.retrieval_eval:Length of retrieved docs (100) is smaller than largest topk for recall score (200)
WARNING:src.hipporag.evaluation.retrieval_eval:Length of retrieved docs (100) is smaller than largest topk for recall score (200)
WARNING:src.hipporag.evaluation.retrieval_eval:Length of retrieved docs (100) is smaller than largest topk for recall score (200)
WARNING:src.hipporag.evaluation.retrieval_eval:Length of retrieved docs (100) is smaller than largest topk for recall score (200)
WARNING:src.hipporag.evaluation.retrieval_eval:Length of retrieved docs (100) is smaller than largest topk for recall score (200)
WARNING:src.hipporag.evaluation.retrieval_eval:Length of retrieved docs (100) is smaller than largest topk for recall score (200)
WARNING:src.hipporag.evaluation.retrieval_eval:Length of retrieved docs (100) is smaller than largest topk for recall score (200)
WARNING:src.hipporag.evaluation.retrieval_eval:Length of retrieved docs (100) is smaller than largest topk for recall score (200)
WARNING:src.hipporag.evaluation.retrieval_eval:Length of retrieved docs (100) is smaller than largest topk for recall score (200)
WARNING:src.hipporag.evaluation.retrieval_eval:Length of retrieved docs (100) is smaller than largest topk for recall score (200)
WARNING:src.hipporag.evaluation.retrieval_eval:Length of retrieved docs (100) is smaller than largest topk for recall score (200)
WARNING:src.hipporag.evaluation.retrieval_eval:Length of retrieved docs (100) is smaller than largest topk for recall score (200)
WARNING:src.hipporag.evaluation.retrieval_eval:Length of retrieved docs (100) is smaller than largest topk for recall score (200)
WARNING:src.hipporag.evaluation.retrieval_eval:Length of retrieved docs (100) is smaller than largest topk for recall score (200)
WARNING:src.hipporag.evaluation.retrieval_eval:Length of retrieved docs (100) is smaller than largest topk for recall score (200)
WARNING:src.hipporag.evaluation.retrieval_eval:Length of retrieved docs (100) is smaller than largest topk for recall score (200)
WARNING:src.hipporag.evaluation.retrieval_eval:Length of retrieved docs (100) is smaller than largest topk for recall score (200)
WARNING:src.hipporag.evaluation.retrieval_eval:Length of retrieved docs (100) is smaller than largest topk for recall score (200)
WARNING:src.hipporag.evaluation.retrieval_eval:Length of retrieved docs (100) is smaller than largest topk for recall score (200)
WARNING:src.hipporag.evaluation.retrieval_eval:Length of retrieved docs (100) is smaller than largest topk for recall score (200)
WARNING:src.hipporag.evaluation.retrieval_eval:Length of retrieved docs (100) is smaller than largest topk for recall score (200)
WARNING:src.hipporag.evaluation.retrieval_eval:Length of retrieved docs (100) is smaller than largest topk for recall score (200)
WARNING:src.hipporag.evaluation.retrieval_eval:Length of retrieved docs (100) is smaller than largest topk for recall score (200)
WARNING:src.hipporag.evaluation.retrieval_eval:Length of retrieved docs (100) is smaller than largest topk for recall score (200)
WARNING:src.hipporag.evaluation.retrieval_eval:Length of retrieved docs (100) is smaller than largest topk for recall score (200)
WARNING:src.hipporag.evaluation.retrieval_eval:Length of retrieved docs (100) is smaller than largest topk for recall score (200)
WARNING:src.hipporag.evaluation.retrieval_eval:Length of retrieved docs (100) is smaller than largest topk for recall score (200)
WARNING:src.hipporag.evaluation.retrieval_eval:Length of retrieved docs (100) is smaller than largest topk for recall score (200)
WARNING:src.hipporag.evaluation.retrieval_eval:Length of retrieved docs (100) is smaller than largest topk for recall score (200)
WARNING:src.hipporag.evaluation.retrieval_eval:Length of retrieved docs (100) is smaller than largest topk for recall score (200)
WARNING:src.hipporag.evaluation.retrieval_eval:Length of retrieved docs (100) is smaller than largest topk for recall score (200)
WARNING:src.hipporag.evaluation.retrieval_eval:Length of retrieved docs (100) is smaller than largest topk for recall score (200)
WARNING:src.hipporag.evaluation.retrieval_eval:Length of retrieved docs (100) is smaller than largest topk for recall score (200)
WARNING:src.hipporag.evaluation.retrieval_eval:Length of retrieved docs (100) is smaller than largest topk for recall score (200)
WARNING:src.hipporag.evaluation.retrieval_eval:Length of retrieved docs (100) is smaller than largest topk for recall score (200)
WARNING:src.hipporag.evaluation.retrieval_eval:Length of retrieved docs (100) is smaller than largest topk for recall score (200)
WARNING:src.hipporag.evaluation.retrieval_eval:Length of retrieved docs (100) is smaller than largest topk for recall score (200)
WARNING:src.hipporag.evaluation.retrieval_eval:Length of retrieved docs (100) is smaller than largest topk for recall score (200)
WARNING:src.hipporag.evaluation.retrieval_eval:Length of retrieved docs (100) is smaller than largest topk for recall score (200)
WARNING:src.hipporag.evaluation.retrieval_eval:Length of retrieved docs (100) is smaller than largest topk for recall score (200)
WARNING:src.hipporag.evaluation.retrieval_eval:Length of retrieved docs (100) is smaller than largest topk for recall score (200)
WARNING:src.hipporag.evaluation.retrieval_eval:Length of retrieved docs (100) is smaller than largest topk for recall score (200)
WARNING:src.hipporag.evaluation.retrieval_eval:Length of retrieved docs (100) is smaller than largest topk for recall score (200)
WARNING:src.hipporag.evaluation.retrieval_eval:Length of retrieved docs (100) is smaller than largest topk for recall score (200)
WARNING:src.hipporag.evaluation.retrieval_eval:Length of retrieved docs (100) is smaller than largest topk for recall score (200)
WARNING:src.hipporag.evaluation.retrieval_eval:Length of retrieved docs (100) is smaller than largest topk for recall score (200)
WARNING:src.hipporag.evaluation.retrieval_eval:Length of retrieved docs (100) is smaller than largest topk for recall score (200)
WARNING:src.hipporag.evaluation.retrieval_eval:Length of retrieved docs (100) is smaller than largest topk for recall score (200)
WARNING:src.hipporag.evaluation.retrieval_eval:Length of retrieved docs (100) is smaller than largest topk for recall score (200)
WARNING:src.hipporag.evaluation.retrieval_eval:Length of retrieved docs (100) is smaller than largest topk for recall score (200)
WARNING:src.hipporag.evaluation.retrieval_eval:Length of retrieved docs (100) is smaller than largest topk for recall score (200)
WARNING:src.hipporag.evaluation.retrieval_eval:Length of retrieved docs (100) is smaller than largest topk for recall score (200)
WARNING:src.hipporag.evaluation.retrieval_eval:Length of retrieved docs (100) is smaller than largest topk for recall score (200)
WARNING:src.hipporag.evaluation.retrieval_eval:Length of retrieved docs (100) is smaller than largest topk for recall score (200)
WARNING:src.hipporag.evaluation.retrieval_eval:Length of retrieved docs (100) is smaller than largest topk for recall score (200)
WARNING:src.hipporag.evaluation.retrieval_eval:Length of retrieved docs (100) is smaller than largest topk for recall score (200)
WARNING:src.hipporag.evaluation.retrieval_eval:Length of retrieved docs (100) is smaller than largest topk for recall score (200)
WARNING:src.hipporag.evaluation.retrieval_eval:Length of retrieved docs (100) is smaller than largest topk for recall score (200)
WARNING:src.hipporag.evaluation.retrieval_eval:Length of retrieved docs (100) is smaller than largest topk for recall score (200)
WARNING:src.hipporag.evaluation.retrieval_eval:Length of retrieved docs (100) is smaller than largest topk for recall score (200)
WARNING:src.hipporag.evaluation.retrieval_eval:Length of retrieved docs (100) is smaller than largest topk for recall score (200)
WARNING:src.hipporag.evaluation.retrieval_eval:Length of retrieved docs (100) is smaller than largest topk for recall score (200)
WARNING:src.hipporag.evaluation.retrieval_eval:Length of retrieved docs (100) is smaller than largest topk for recall score (200)
WARNING:src.hipporag.evaluation.retrieval_eval:Length of retrieved docs (100) is smaller than largest topk for recall score (200)
WARNING:src.hipporag.evaluation.retrieval_eval:Length of retrieved docs (100) is smaller than largest topk for recall score (200)
WARNING:src.hipporag.evaluation.retrieval_eval:Length of retrieved docs (100) is smaller than largest topk for recall score (200)
WARNING:src.hipporag.evaluation.retrieval_eval:Length of retrieved docs (100) is smaller than largest topk for recall score (200)
WARNING:src.hipporag.evaluation.retrieval_eval:Length of retrieved docs (100) is smaller than largest topk for recall score (200)
WARNING:src.hipporag.evaluation.retrieval_eval:Length of retrieved docs (100) is smaller than largest topk for recall score (200)
WARNING:src.hipporag.evaluation.retrieval_eval:Length of retrieved docs (100) is smaller than largest topk for recall score (200)
WARNING:src.hipporag.evaluation.retrieval_eval:Length of retrieved docs (100) is smaller than largest topk for recall score (200)
WARNING:src.hipporag.evaluation.retrieval_eval:Length of retrieved docs (100) is smaller than largest topk for recall score (200)
WARNING:src.hipporag.evaluation.retrieval_eval:Length of retrieved docs (100) is smaller than largest topk for recall score (200)
WARNING:src.hipporag.evaluation.retrieval_eval:Length of retrieved docs (100) is smaller than largest topk for recall score (200)
WARNING:src.hipporag.evaluation.retrieval_eval:Length of retrieved docs (100) is smaller than largest topk for recall score (200)
WARNING:src.hipporag.evaluation.retrieval_eval:Length of retrieved docs (100) is smaller than largest topk for recall score (200)
WARNING:src.hipporag.evaluation.retrieval_eval:Length of retrieved docs (100) is smaller than largest topk for recall score (200)
WARNING:src.hipporag.evaluation.retrieval_eval:Length of retrieved docs (100) is smaller than largest topk for recall score (200)
WARNING:src.hipporag.evaluation.retrieval_eval:Length of retrieved docs (100) is smaller than largest topk for recall score (200)
WARNING:src.hipporag.evaluation.retrieval_eval:Length of retrieved docs (100) is smaller than largest topk for recall score (200)
WARNING:src.hipporag.evaluation.retrieval_eval:Length of retrieved docs (100) is smaller than largest topk for recall score (200)
WARNING:src.hipporag.evaluation.retrieval_eval:Length of retrieved docs (100) is smaller than largest topk for recall score (200)
WARNING:src.hipporag.evaluation.retrieval_eval:Length of retrieved docs (100) is smaller than largest topk for recall score (200)
WARNING:src.hipporag.evaluation.retrieval_eval:Length of retrieved docs (100) is smaller than largest topk for recall score (200)
WARNING:src.hipporag.evaluation.retrieval_eval:Length of retrieved docs (100) is smaller than largest topk for recall score (200)
WARNING:src.hipporag.evaluation.retrieval_eval:Length of retrieved docs (100) is smaller than largest topk for recall score (200)
WARNING:src.hipporag.evaluation.retrieval_eval:Length of retrieved docs (100) is smaller than largest topk for recall score (200)
WARNING:src.hipporag.evaluation.retrieval_eval:Length of retrieved docs (100) is smaller than largest topk for recall score (200)
WARNING:src.hipporag.evaluation.retrieval_eval:Length of retrieved docs (100) is smaller than largest topk for recall score (200)
Collecting QA prompts:   0%|          | 0/1000 [00:00<?, ?it/s]Collecting QA prompts: 100%|██████████| 1000/1000 [00:00<00:00, 31099.56it/s]
QA Reading:   0%|          | 0/1000 [00:00<?, ?it/s]QA Reading:  41%|████      | 406/1000 [00:00<00:00, 4056.36it/s]QA Reading:  83%|████████▎ | 834/1000 [00:00<00:00, 4181.97it/s]QA Reading: 100%|██████████| 1000/1000 [00:00<00:00, 4168.47it/s]
Extraction Answers from LLM Response: 0it [00:00, ?it/s]Extraction Answers from LLM Response: 1000it [00:00, 15408.62it/s]
INFO:src.hipporag.HippoRAG:Evaluation results for QA: {'ExactMatch': 0.33, 'F1': 0.4266}
INFO:src.hipporag.HippoRAG:Preparing for fast retrieval.
INFO:src.hipporag.HippoRAG:Loading keys.
INFO:src.hipporag.HippoRAG:Loading embeddings.
INFO:__main__:LLM binding enabled: url=http://localhost:8043/v1 model=qwen3-8b-train
INFO:src.hipporag.HippoRAG:Encoding 2 queries for query_to_passage.
INFO:src.hipporag.HippoRAG:Encoding 4 queries for query_to_passage.
INFO:src.hipporag.HippoRAG:Encoding 1 queries for query_to_passage.
INFO:src.hipporag.HippoRAG:Encoding 2 queries for query_to_passage.
INFO:src.hipporag.HippoRAG:Encoding 1 queries for query_to_passage.
INFO:src.hipporag.HippoRAG:Encoding 2 queries for query_to_passage.
INFO:src.hipporag.HippoRAG:Encoding 1 queries for query_to_passage.
INFO:src.hipporag.HippoRAG:Encoding 2 queries for query_to_passage.
INFO:src.hipporag.HippoRAG:Encoding 4 queries for query_to_passage.
INFO:src.hipporag.HippoRAG:Encoding 1 queries for query_to_passage.
INFO:src.hipporag.HippoRAG:Encoding 4 queries for query_to_passage.
INFO:src.hipporag.HippoRAG:Encoding 3 queries for query_to_passage.
INFO:src.hipporag.HippoRAG:Encoding 1 queries for query_to_passage.
INFO:src.hipporag.HippoRAG:Encoding 1 queries for query_to_passage.
INFO:src.hipporag.HippoRAG:Encoding 1 queries for query_to_passage.
INFO:src.hipporag.HippoRAG:Encoding 1 queries for query_to_passage.
INFO:src.hipporag.HippoRAG:Encoding 1 queries for query_to_passage.
INFO:src.hipporag.HippoRAG:Encoding 1 queries for query_to_passage.
INFO:src.hipporag.HippoRAG:Encoding 3 queries for query_to_passage.
INFO:src.hipporag.HippoRAG:Encoding 1 queries for query_to_passage.
INFO:src.hipporag.HippoRAG:Encoding 1 queries for query_to_passage.
INFO:src.hipporag.HippoRAG:Encoding 1 queries for query_to_passage.
INFO:src.hipporag.HippoRAG:Encoding 2 queries for query_to_passage.
INFO:src.hipporag.HippoRAG:Encoding 1 queries for query_to_passage.
INFO:src.hipporag.HippoRAG:Encoding 2 queries for query_to_passage.
INFO:src.hipporag.HippoRAG:Encoding 1 queries for query_to_passage.
INFO:src.hipporag.HippoRAG:Encoding 4 queries for query_to_passage.
INFO:src.hipporag.HippoRAG:Encoding 1 queries for query_to_passage.
INFO:src.hipporag.HippoRAG:Encoding 2 queries for query_to_passage.
INFO:src.hipporag.HippoRAG:Encoding 2 queries for query_to_passage.
INFO:src.hipporag.HippoRAG:Encoding 4 queries for query_to_passage.
INFO:src.hipporag.HippoRAG:Encoding 1 queries for query_to_passage.
INFO:src.hipporag.HippoRAG:Encoding 1 queries for query_to_passage.
INFO:src.hipporag.HippoRAG:Encoding 1 queries for query_to_passage.
INFO:src.hipporag.HippoRAG:Encoding 1 queries for query_to_passage.
INFO:src.hipporag.HippoRAG:Encoding 1 queries for query_to_passage.
INFO:src.hipporag.HippoRAG:Encoding 1 queries for query_to_passage.
INFO:src.hipporag.HippoRAG:Encoding 1 queries for query_to_passage.
INFO:src.hipporag.HippoRAG:Encoding 1 queries for query_to_passage.
INFO:src.hipporag.HippoRAG:Encoding 1 queries for query_to_passage.
INFO:src.hipporag.HippoRAG:Encoding 1 queries for query_to_passage.
INFO:src.hipporag.HippoRAG:Encoding 2 queries for query_to_passage.
INFO:src.hipporag.HippoRAG:Encoding 4 queries for query_to_passage.
INFO:src.hipporag.HippoRAG:Encoding 1 queries for query_to_passage.
INFO:src.hipporag.HippoRAG:Encoding 1 queries for query_to_passage.
INFO:src.hipporag.HippoRAG:Encoding 2 queries for query_to_passage.
INFO:src.hipporag.HippoRAG:Encoding 1 queries for query_to_passage.
INFO:src.hipporag.HippoRAG:Encoding 1 queries for query_to_passage.
INFO:src.hipporag.HippoRAG:Encoding 1 queries for query_to_passage.
INFO:src.hipporag.HippoRAG:Encoding 2 queries for query_to_passage.
INFO:src.hipporag.HippoRAG:Encoding 1 queries for query_to_passage.
INFO:src.hipporag.HippoRAG:Encoding 2 queries for query_to_passage.
INFO:src.hipporag.HippoRAG:Encoding 1 queries for query_to_passage.
INFO:src.hipporag.HippoRAG:Encoding 4 queries for query_to_passage.
INFO:src.hipporag.HippoRAG:Encoding 1 queries for query_to_passage.
INFO:src.hipporag.HippoRAG:Encoding 1 queries for query_to_passage.
INFO:src.hipporag.HippoRAG:Encoding 1 queries for query_to_passage.
INFO:src.hipporag.HippoRAG:Encoding 1 queries for query_to_passage.
INFO:src.hipporag.HippoRAG:Encoding 1 queries for query_to_passage.
INFO:src.hipporag.HippoRAG:Encoding 1 queries for query_to_passage.
INFO:src.hipporag.HippoRAG:Encoding 2 queries for query_to_passage.
INFO:src.hipporag.HippoRAG:Encoding 1 queries for query_to_passage.
INFO:src.hipporag.HippoRAG:Encoding 1 queries for query_to_passage.
INFO:src.hipporag.HippoRAG:Encoding 1 queries for query_to_passage.
INFO:src.hipporag.HippoRAG:Encoding 1 queries for query_to_passage.
INFO:src.hipporag.HippoRAG:Encoding 2 queries for query_to_passage.
INFO:src.hipporag.HippoRAG:Encoding 1 queries for query_to_passage.
INFO:src.hipporag.HippoRAG:Encoding 3 queries for query_to_passage.
INFO:src.hipporag.HippoRAG:Encoding 3 queries for query_to_passage.
INFO:src.hipporag.HippoRAG:Encoding 1 queries for query_to_passage.
INFO:src.hipporag.HippoRAG:Encoding 1 queries for query_to_passage.
INFO:src.hipporag.HippoRAG:Encoding 1 queries for query_to_passage.
INFO:src.hipporag.HippoRAG:Encoding 2 queries for query_to_passage.
INFO:src.hipporag.HippoRAG:Encoding 3 queries for query_to_passage.
INFO:src.hipporag.HippoRAG:Encoding 1 queries for query_to_passage.
INFO:src.hipporag.HippoRAG:Encoding 1 queries for query_to_passage.
INFO:src.hipporag.HippoRAG:Encoding 1 queries for query_to_passage.
INFO:src.hipporag.HippoRAG:Encoding 2 queries for query_to_passage.
INFO:src.hipporag.HippoRAG:Encoding 1 queries for query_to_passage.
INFO:src.hipporag.HippoRAG:Encoding 3 queries for query_to_passage.
INFO:src.hipporag.HippoRAG:Encoding 2 queries for query_to_passage.
INFO:src.hipporag.HippoRAG:Encoding 4 queries for query_to_passage.
INFO:src.hipporag.HippoRAG:Encoding 1 queries for query_to_passage.
INFO:src.hipporag.HippoRAG:Encoding 1 queries for query_to_passage.
INFO:src.hipporag.HippoRAG:Encoding 1 queries for query_to_passage.
INFO:src.hipporag.HippoRAG:Encoding 1 queries for query_to_passage.
INFO:src.hipporag.HippoRAG:Encoding 1 queries for query_to_passage.
INFO:src.hipporag.HippoRAG:Encoding 1 queries for query_to_passage.
INFO:src.hipporag.HippoRAG:Encoding 2 queries for query_to_passage.
INFO:src.hipporag.HippoRAG:Encoding 2 queries for query_to_passage.
INFO:src.hipporag.HippoRAG:Encoding 1 queries for query_to_passage.
INFO:src.hipporag.HippoRAG:Encoding 1 queries for query_to_passage.
INFO:src.hipporag.HippoRAG:Encoding 1 queries for query_to_passage.
INFO:src.hipporag.HippoRAG:Encoding 1 queries for query_to_passage.
INFO:src.hipporag.HippoRAG:Encoding 4 queries for query_to_passage.
INFO:src.hipporag.HippoRAG:Encoding 1 queries for query_to_passage.
INFO:src.hipporag.HippoRAG:Encoding 3 queries for query_to_passage.
INFO:src.hipporag.HippoRAG:Encoding 1 queries for query_to_passage.
INFO:src.hipporag.HippoRAG:Encoding 1 queries for query_to_passage.
INFO:src.hipporag.HippoRAG:Encoding 1 queries for query_to_passage.
INFO:src.hipporag.HippoRAG:Encoding 1 queries for query_to_passage.
INFO:src.hipporag.HippoRAG:Encoding 1 queries for query_to_passage.
INFO:src.hipporag.HippoRAG:Encoding 1 queries for query_to_passage.
INFO:src.hipporag.HippoRAG:Encoding 2 queries for query_to_passage.
INFO:src.hipporag.HippoRAG:Encoding 1 queries for query_to_passage.
INFO:src.hipporag.HippoRAG:Encoding 2 queries for query_to_passage.
INFO:src.hipporag.HippoRAG:Encoding 1 queries for query_to_passage.
INFO:src.hipporag.HippoRAG:Encoding 1 queries for query_to_passage.
INFO:src.hipporag.HippoRAG:Encoding 2 queries for query_to_passage.
INFO:src.hipporag.HippoRAG:Encoding 1 queries for query_to_passage.
INFO:src.hipporag.HippoRAG:Encoding 2 queries for query_to_passage.
INFO:src.hipporag.HippoRAG:Encoding 1 queries for query_to_passage.
INFO:src.hipporag.HippoRAG:Encoding 1 queries for query_to_passage.
INFO:src.hipporag.HippoRAG:Encoding 1 queries for query_to_passage.
INFO:src.hipporag.HippoRAG:Encoding 1 queries for query_to_passage.
INFO:src.hipporag.HippoRAG:Encoding 1 queries for query_to_passage.
INFO:src.hipporag.HippoRAG:Encoding 3 queries for query_to_passage.
INFO:src.hipporag.HippoRAG:Encoding 1 queries for query_to_passage.
INFO:src.hipporag.HippoRAG:Encoding 2 queries for query_to_passage.
INFO:src.hipporag.HippoRAG:Encoding 1 queries for query_to_passage.
INFO:src.hipporag.HippoRAG:Encoding 1 queries for query_to_passage.
INFO:src.hipporag.HippoRAG:Encoding 2 queries for query_to_passage.
INFO:src.hipporag.HippoRAG:Encoding 2 queries for query_to_passage.
INFO:src.hipporag.HippoRAG:Encoding 1 queries for query_to_passage.
INFO:src.hipporag.HippoRAG:Encoding 1 queries for query_to_passage.
INFO:src.hipporag.HippoRAG:Encoding 1 queries for query_to_passage.
INFO:src.hipporag.HippoRAG:Encoding 2 queries for query_to_passage.
INFO:src.hipporag.HippoRAG:Encoding 1 queries for query_to_passage.
INFO:src.hipporag.HippoRAG:Encoding 3 queries for query_to_passage.
INFO:src.hipporag.HippoRAG:Encoding 3 queries for query_to_passage.
INFO:src.hipporag.HippoRAG:Encoding 1 queries for query_to_passage.
INFO:src.hipporag.HippoRAG:Encoding 2 queries for query_to_passage.
INFO:src.hipporag.HippoRAG:Encoding 1 queries for query_to_passage.
INFO:src.hipporag.HippoRAG:Encoding 2 queries for query_to_passage.
INFO:src.hipporag.HippoRAG:Encoding 1 queries for query_to_passage.
INFO:src.hipporag.HippoRAG:Encoding 1 queries for query_to_passage.
INFO:src.hipporag.HippoRAG:Encoding 1 queries for query_to_passage.
INFO:src.hipporag.HippoRAG:Encoding 1 queries for query_to_passage.
INFO:src.hipporag.HippoRAG:Encoding 1 queries for query_to_passage.
INFO:src.hipporag.HippoRAG:Encoding 4 queries for query_to_passage.
INFO:src.hipporag.HippoRAG:Encoding 1 queries for query_to_passage.
INFO:src.hipporag.HippoRAG:Encoding 1 queries for query_to_passage.
INFO:src.hipporag.HippoRAG:Encoding 1 queries for query_to_passage.
INFO:src.hipporag.HippoRAG:Encoding 4 queries for query_to_passage.
INFO:src.hipporag.HippoRAG:Encoding 1 queries for query_to_passage.
INFO:src.hipporag.HippoRAG:Encoding 1 queries for query_to_passage.
INFO:src.hipporag.HippoRAG:Encoding 1 queries for query_to_passage.
INFO:src.hipporag.HippoRAG:Encoding 1 queries for query_to_passage.
INFO:src.hipporag.HippoRAG:Encoding 1 queries for query_to_passage.
INFO:src.hipporag.HippoRAG:Encoding 1 queries for query_to_passage.
INFO:src.hipporag.HippoRAG:Encoding 1 queries for query_to_passage.
INFO:src.hipporag.HippoRAG:Encoding 2 queries for query_to_passage.
INFO:src.hipporag.HippoRAG:Encoding 3 queries for query_to_passage.
INFO:src.hipporag.HippoRAG:Encoding 1 queries for query_to_passage.
INFO:src.hipporag.HippoRAG:Encoding 1 queries for query_to_passage.
INFO:src.hipporag.HippoRAG:Encoding 2 queries for query_to_passage.
INFO:src.hipporag.HippoRAG:Encoding 4 queries for query_to_passage.
INFO:src.hipporag.HippoRAG:Encoding 4 queries for query_to_passage.
INFO:src.hipporag.HippoRAG:Encoding 1 queries for query_to_passage.
INFO:src.hipporag.HippoRAG:Encoding 1 queries for query_to_passage.
INFO:src.hipporag.HippoRAG:Encoding 1 queries for query_to_passage.
INFO:src.hipporag.HippoRAG:Encoding 1 queries for query_to_passage.
INFO:src.hipporag.HippoRAG:Encoding 1 queries for query_to_passage.
INFO:src.hipporag.HippoRAG:Encoding 3 queries for query_to_passage.
INFO:src.hipporag.HippoRAG:Encoding 1 queries for query_to_passage.
INFO:src.hipporag.HippoRAG:Encoding 1 queries for query_to_passage.
INFO:src.hipporag.HippoRAG:Encoding 1 queries for query_to_passage.
INFO:src.hipporag.HippoRAG:Encoding 2 queries for query_to_passage.
INFO:src.hipporag.HippoRAG:Encoding 1 queries for query_to_passage.
INFO:src.hipporag.HippoRAG:Encoding 1 queries for query_to_passage.
INFO:src.hipporag.HippoRAG:Encoding 1 queries for query_to_passage.
INFO:src.hipporag.HippoRAG:Encoding 2 queries for query_to_passage.
INFO:src.hipporag.HippoRAG:Encoding 2 queries for query_to_passage.
INFO:src.hipporag.HippoRAG:Encoding 3 queries for query_to_passage.
INFO:src.hipporag.HippoRAG:Encoding 1 queries for query_to_passage.
INFO:src.hipporag.HippoRAG:Encoding 1 queries for query_to_passage.
INFO:src.hipporag.HippoRAG:Encoding 1 queries for query_to_passage.
INFO:src.hipporag.HippoRAG:Encoding 2 queries for query_to_passage.
INFO:src.hipporag.HippoRAG:Encoding 1 queries for query_to_passage.
INFO:src.hipporag.HippoRAG:Encoding 2 queries for query_to_passage.
INFO:src.hipporag.HippoRAG:Encoding 1 queries for query_to_passage.
INFO:src.hipporag.HippoRAG:Encoding 1 queries for query_to_passage.
INFO:src.hipporag.HippoRAG:Encoding 3 queries for query_to_passage.
INFO:src.hipporag.HippoRAG:Encoding 1 queries for query_to_passage.
INFO:src.hipporag.HippoRAG:Encoding 1 queries for query_to_passage.
INFO:src.hipporag.HippoRAG:Encoding 2 queries for query_to_passage.
INFO:src.hipporag.HippoRAG:Encoding 1 queries for query_to_passage.
INFO:src.hipporag.HippoRAG:Encoding 3 queries for query_to_passage.
INFO:src.hipporag.HippoRAG:Encoding 1 queries for query_to_passage.
INFO:src.hipporag.HippoRAG:Encoding 1 queries for query_to_passage.
INFO:src.hipporag.HippoRAG:Encoding 2 queries for query_to_passage.
INFO:src.hipporag.HippoRAG:Encoding 3 queries for query_to_passage.
INFO:src.hipporag.HippoRAG:Encoding 1 queries for query_to_passage.
INFO:src.hipporag.HippoRAG:Encoding 1 queries for query_to_passage.
INFO:src.hipporag.HippoRAG:Encoding 1 queries for query_to_passage.
INFO:src.hipporag.HippoRAG:Encoding 1 queries for query_to_passage.
INFO:src.hipporag.HippoRAG:Encoding 1 queries for query_to_passage.
INFO:src.hipporag.HippoRAG:Encoding 1 queries for query_to_passage.
INFO:src.hipporag.HippoRAG:Encoding 1 queries for query_to_passage.
INFO:src.hipporag.HippoRAG:Encoding 1 queries for query_to_passage.
INFO:src.hipporag.HippoRAG:Encoding 1 queries for query_to_passage.
INFO:src.hipporag.HippoRAG:Encoding 1 queries for query_to_passage.
INFO:src.hipporag.HippoRAG:Encoding 1 queries for query_to_passage.
INFO:src.hipporag.HippoRAG:Encoding 2 queries for query_to_passage.
INFO:src.hipporag.HippoRAG:Encoding 2 queries for query_to_passage.
INFO:src.hipporag.HippoRAG:Encoding 4 queries for query_to_passage.
INFO:src.hipporag.HippoRAG:Encoding 1 queries for query_to_passage.
INFO:src.hipporag.HippoRAG:Encoding 1 queries for query_to_passage.
INFO:src.hipporag.HippoRAG:Encoding 1 queries for query_to_passage.
INFO:src.hipporag.HippoRAG:Encoding 1 queries for query_to_passage.
INFO:src.hipporag.HippoRAG:Encoding 1 queries for query_to_passage.
INFO:src.hipporag.HippoRAG:Encoding 2 queries for query_to_passage.
INFO:src.hipporag.HippoRAG:Encoding 1 queries for query_to_passage.
INFO:src.hipporag.HippoRAG:Encoding 2 queries for query_to_passage.
INFO:src.hipporag.HippoRAG:Encoding 1 queries for query_to_passage.
INFO:src.hipporag.HippoRAG:Encoding 2 queries for query_to_passage.
INFO:src.hipporag.HippoRAG:Encoding 1 queries for query_to_passage.
INFO:src.hipporag.HippoRAG:Encoding 2 queries for query_to_passage.
INFO:src.hipporag.HippoRAG:Encoding 1 queries for query_to_passage.
INFO:src.hipporag.HippoRAG:Encoding 1 queries for query_to_passage.
INFO:src.hipporag.HippoRAG:Encoding 4 queries for query_to_passage.
INFO:src.hipporag.HippoRAG:Encoding 1 queries for query_to_passage.
INFO:src.hipporag.HippoRAG:Encoding 1 queries for query_to_passage.
INFO:src.hipporag.HippoRAG:Encoding 2 queries for query_to_passage.
INFO:src.hipporag.HippoRAG:Encoding 2 queries for query_to_passage.
INFO:src.hipporag.HippoRAG:Encoding 3 queries for query_to_passage.
INFO:src.hipporag.HippoRAG:Encoding 1 queries for query_to_passage.
INFO:src.hipporag.HippoRAG:Encoding 1 queries for query_to_passage.
INFO:src.hipporag.HippoRAG:Encoding 1 queries for query_to_passage.
INFO:src.hipporag.HippoRAG:Encoding 1 queries for query_to_passage.
INFO:src.hipporag.HippoRAG:Encoding 2 queries for query_to_passage.
INFO:src.hipporag.HippoRAG:Encoding 1 queries for query_to_passage.
INFO:src.hipporag.HippoRAG:Encoding 2 queries for query_to_passage.
INFO:src.hipporag.HippoRAG:Encoding 1 queries for query_to_passage.
INFO:src.hipporag.HippoRAG:Encoding 1 queries for query_to_passage.
INFO:src.hipporag.HippoRAG:Encoding 3 queries for query_to_passage.
INFO:src.hipporag.HippoRAG:Encoding 1 queries for query_to_passage.
INFO:src.hipporag.HippoRAG:Encoding 1 queries for query_to_passage.
INFO:src.hipporag.HippoRAG:Encoding 1 queries for query_to_passage.
INFO:src.hipporag.HippoRAG:Encoding 1 queries for query_to_passage.
INFO:src.hipporag.HippoRAG:Encoding 2 queries for query_to_passage.
INFO:src.hipporag.HippoRAG:Encoding 1 queries for query_to_passage.
INFO:src.hipporag.HippoRAG:Encoding 2 queries for query_to_passage.
INFO:src.hipporag.HippoRAG:Encoding 2 queries for query_to_passage.
INFO:src.hipporag.HippoRAG:Encoding 1 queries for query_to_passage.
INFO:src.hipporag.HippoRAG:Encoding 4 queries for query_to_passage.
INFO:src.hipporag.HippoRAG:Encoding 2 queries for query_to_passage.
INFO:src.hipporag.HippoRAG:Encoding 3 queries for query_to_passage.
INFO:src.hipporag.HippoRAG:Encoding 1 queries for query_to_passage.
INFO:src.hipporag.HippoRAG:Encoding 1 queries for query_to_passage.
INFO:src.hipporag.HippoRAG:Encoding 2 queries for query_to_passage.
INFO:src.hipporag.HippoRAG:Encoding 4 queries for query_to_passage.
INFO:src.hipporag.HippoRAG:Encoding 1 queries for query_to_passage.
INFO:src.hipporag.HippoRAG:Encoding 1 queries for query_to_passage.
INFO:src.hipporag.HippoRAG:Encoding 1 queries for query_to_passage.
INFO:src.hipporag.HippoRAG:Encoding 1 queries for query_to_passage.
INFO:src.hipporag.HippoRAG:Encoding 1 queries for query_to_passage.
INFO:src.hipporag.HippoRAG:Encoding 1 queries for query_to_passage.
INFO:src.hipporag.HippoRAG:Encoding 1 queries for query_to_passage.
INFO:src.hipporag.HippoRAG:Encoding 2 queries for query_to_passage.
INFO:src.hipporag.HippoRAG:Encoding 3 queries for query_to_passage.
INFO:src.hipporag.HippoRAG:Encoding 1 queries for query_to_passage.
INFO:src.hipporag.HippoRAG:Encoding 1 queries for query_to_passage.
INFO:src.hipporag.HippoRAG:Encoding 1 queries for query_to_passage.
INFO:src.hipporag.HippoRAG:Encoding 1 queries for query_to_passage.
INFO:src.hipporag.HippoRAG:Encoding 2 queries for query_to_passage.
INFO:src.hipporag.HippoRAG:Encoding 2 queries for query_to_passage.
INFO:src.hipporag.HippoRAG:Encoding 1 queries for query_to_passage.
INFO:src.hipporag.HippoRAG:Encoding 2 queries for query_to_passage.
INFO:src.hipporag.HippoRAG:Encoding 3 queries for query_to_passage.
INFO:src.hipporag.HippoRAG:Encoding 1 queries for query_to_passage.
INFO:src.hipporag.HippoRAG:Encoding 1 queries for query_to_passage.
INFO:src.hipporag.HippoRAG:Encoding 3 queries for query_to_passage.
INFO:src.hipporag.HippoRAG:Encoding 1 queries for query_to_passage.
INFO:src.hipporag.HippoRAG:Encoding 1 queries for query_to_passage.
INFO:src.hipporag.HippoRAG:Encoding 1 queries for query_to_passage.
INFO:src.hipporag.HippoRAG:Encoding 2 queries for query_to_passage.
INFO:src.hipporag.HippoRAG:Encoding 4 queries for query_to_passage.
INFO:src.hipporag.HippoRAG:Encoding 1 queries for query_to_passage.
INFO:src.hipporag.HippoRAG:Encoding 1 queries for query_to_passage.
INFO:src.hipporag.HippoRAG:Encoding 1 queries for query_to_passage.
INFO:src.hipporag.HippoRAG:Encoding 1 queries for query_to_passage.
INFO:src.hipporag.HippoRAG:Encoding 1 queries for query_to_passage.
INFO:src.hipporag.HippoRAG:Encoding 1 queries for query_to_passage.
INFO:src.hipporag.HippoRAG:Encoding 1 queries for query_to_passage.
INFO:src.hipporag.HippoRAG:Encoding 1 queries for query_to_passage.
INFO:src.hipporag.HippoRAG:Encoding 2 queries for query_to_passage.
INFO:src.hipporag.HippoRAG:Encoding 1 queries for query_to_passage.
INFO:src.hipporag.HippoRAG:Encoding 1 queries for query_to_passage.
INFO:src.hipporag.HippoRAG:Encoding 1 queries for query_to_passage.
INFO:src.hipporag.HippoRAG:Encoding 1 queries for query_to_passage.
INFO:src.hipporag.HippoRAG:Encoding 2 queries for query_to_passage.
INFO:src.hipporag.HippoRAG:Encoding 2 queries for query_to_passage.
INFO:src.hipporag.HippoRAG:Encoding 1 queries for query_to_passage.
INFO:src.hipporag.HippoRAG:Encoding 1 queries for query_to_passage.
INFO:src.hipporag.HippoRAG:Encoding 1 queries for query_to_passage.
INFO:src.hipporag.HippoRAG:Encoding 2 queries for query_to_passage.
INFO:src.hipporag.HippoRAG:Encoding 1 queries for query_to_passage.
INFO:src.hipporag.HippoRAG:Encoding 1 queries for query_to_passage.
INFO:src.hipporag.HippoRAG:Encoding 3 queries for query_to_passage.
INFO:src.hipporag.HippoRAG:Encoding 4 queries for query_to_passage.
INFO:src.hipporag.HippoRAG:Encoding 2 queries for query_to_passage.
INFO:src.hipporag.HippoRAG:Encoding 2 queries for query_to_passage.
INFO:src.hipporag.HippoRAG:Encoding 3 queries for query_to_passage.
INFO:src.hipporag.HippoRAG:Encoding 1 queries for query_to_passage.
INFO:src.hipporag.HippoRAG:Encoding 1 queries for query_to_passage.
INFO:src.hipporag.HippoRAG:Encoding 1 queries for query_to_passage.
INFO:src.hipporag.HippoRAG:Encoding 2 queries for query_to_passage.
INFO:src.hipporag.HippoRAG:Encoding 4 queries for query_to_passage.
INFO:src.hipporag.HippoRAG:Encoding 1 queries for query_to_passage.
INFO:src.hipporag.HippoRAG:Encoding 4 queries for query_to_passage.
INFO:src.hipporag.HippoRAG:Encoding 1 queries for query_to_passage.
INFO:src.hipporag.HippoRAG:Encoding 1 queries for query_to_passage.
INFO:src.hipporag.HippoRAG:Encoding 1 queries for query_to_passage.
INFO:src.hipporag.HippoRAG:Encoding 1 queries for query_to_passage.
INFO:src.hipporag.HippoRAG:Encoding 1 queries for query_to_passage.
INFO:src.hipporag.HippoRAG:Encoding 1 queries for query_to_passage.
INFO:src.hipporag.HippoRAG:Encoding 1 queries for query_to_passage.
INFO:src.hipporag.HippoRAG:Encoding 1 queries for query_to_passage.
INFO:src.hipporag.HippoRAG:Encoding 1 queries for query_to_passage.
INFO:src.hipporag.HippoRAG:Encoding 4 queries for query_to_passage.
INFO:src.hipporag.HippoRAG:Encoding 4 queries for query_to_passage.
INFO:src.hipporag.HippoRAG:Encoding 1 queries for query_to_passage.
INFO:src.hipporag.HippoRAG:Encoding 1 queries for query_to_passage.
INFO:src.hipporag.HippoRAG:Encoding 1 queries for query_to_passage.
INFO:src.hipporag.HippoRAG:Encoding 3 queries for query_to_passage.
INFO:src.hipporag.HippoRAG:Encoding 1 queries for query_to_passage.
INFO:src.hipporag.HippoRAG:Encoding 1 queries for query_to_passage.
INFO:src.hipporag.HippoRAG:Encoding 2 queries for query_to_passage.
INFO:src.hipporag.HippoRAG:Encoding 1 queries for query_to_passage.
INFO:src.hipporag.HippoRAG:Encoding 1 queries for query_to_passage.
INFO:src.hipporag.HippoRAG:Encoding 2 queries for query_to_passage.
INFO:src.hipporag.HippoRAG:Encoding 1 queries for query_to_passage.
INFO:src.hipporag.HippoRAG:Encoding 3 queries for query_to_passage.
INFO:src.hipporag.HippoRAG:Encoding 1 queries for query_to_passage.
INFO:src.hipporag.HippoRAG:Encoding 2 queries for query_to_passage.
INFO:src.hipporag.HippoRAG:Encoding 1 queries for query_to_passage.
INFO:src.hipporag.HippoRAG:Encoding 2 queries for query_to_passage.
INFO:src.hipporag.HippoRAG:Encoding 2 queries for query_to_passage.
INFO:src.hipporag.HippoRAG:Encoding 1 queries for query_to_passage.
INFO:src.hipporag.HippoRAG:Encoding 2 queries for query_to_passage.
INFO:src.hipporag.HippoRAG:Encoding 1 queries for query_to_passage.
INFO:src.hipporag.HippoRAG:Encoding 2 queries for query_to_passage.
INFO:src.hipporag.HippoRAG:Encoding 1 queries for query_to_passage.
INFO:src.hipporag.HippoRAG:Encoding 2 queries for query_to_passage.
INFO:src.hipporag.HippoRAG:Encoding 2 queries for query_to_passage.
INFO:src.hipporag.HippoRAG:Encoding 1 queries for query_to_passage.
INFO:src.hipporag.HippoRAG:Encoding 1 queries for query_to_passage.
INFO:src.hipporag.HippoRAG:Encoding 1 queries for query_to_passage.
INFO:src.hipporag.HippoRAG:Encoding 3 queries for query_to_passage.
INFO:src.hipporag.HippoRAG:Encoding 1 queries for query_to_passage.
INFO:src.hipporag.HippoRAG:Encoding 1 queries for query_to_passage.
INFO:src.hipporag.HippoRAG:Encoding 2 queries for query_to_passage.
INFO:src.hipporag.HippoRAG:Encoding 1 queries for query_to_passage.
INFO:src.hipporag.HippoRAG:Encoding 1 queries for query_to_passage.
INFO:src.hipporag.HippoRAG:Encoding 4 queries for query_to_passage.
INFO:src.hipporag.HippoRAG:Encoding 1 queries for query_to_passage.
INFO:src.hipporag.HippoRAG:Encoding 1 queries for query_to_passage.
INFO:src.hipporag.HippoRAG:Encoding 2 queries for query_to_passage.
INFO:src.hipporag.HippoRAG:Encoding 1 queries for query_to_passage.
INFO:src.hipporag.HippoRAG:Encoding 1 queries for query_to_passage.
INFO:src.hipporag.HippoRAG:Encoding 2 queries for query_to_passage.
INFO:src.hipporag.HippoRAG:Encoding 1 queries for query_to_passage.
INFO:src.hipporag.HippoRAG:Encoding 2 queries for query_to_passage.
INFO:src.hipporag.HippoRAG:Encoding 3 queries for query_to_passage.
INFO:src.hipporag.HippoRAG:Encoding 1 queries for query_to_passage.
INFO:src.hipporag.HippoRAG:Encoding 1 queries for query_to_passage.
INFO:src.hipporag.HippoRAG:Encoding 1 queries for query_to_passage.
INFO:src.hipporag.HippoRAG:Encoding 2 queries for query_to_passage.
INFO:src.hipporag.HippoRAG:Encoding 1 queries for query_to_passage.
INFO:src.hipporag.HippoRAG:Encoding 2 queries for query_to_passage.
INFO:src.hipporag.HippoRAG:Encoding 2 queries for query_to_passage.
INFO:src.hipporag.HippoRAG:Encoding 2 queries for query_to_passage.
INFO:src.hipporag.HippoRAG:Encoding 1 queries for query_to_passage.
INFO:src.hipporag.HippoRAG:Encoding 2 queries for query_to_passage.
INFO:src.hipporag.HippoRAG:Encoding 1 queries for query_to_passage.
INFO:src.hipporag.HippoRAG:Encoding 2 queries for query_to_passage.
INFO:src.hipporag.HippoRAG:Encoding 1 queries for query_to_passage.
INFO:src.hipporag.HippoRAG:Encoding 3 queries for query_to_passage.
INFO:src.hipporag.HippoRAG:Encoding 3 queries for query_to_passage.
INFO:src.hipporag.HippoRAG:Encoding 1 queries for query_to_passage.
INFO:src.hipporag.HippoRAG:Encoding 1 queries for query_to_passage.
INFO:src.hipporag.HippoRAG:Encoding 2 queries for query_to_passage.
INFO:src.hipporag.HippoRAG:Encoding 1 queries for query_to_passage.
INFO:src.hipporag.HippoRAG:Encoding 2 queries for query_to_passage.
INFO:src.hipporag.HippoRAG:Encoding 1 queries for query_to_passage.
INFO:src.hipporag.HippoRAG:Encoding 3 queries for query_to_passage.
INFO:src.hipporag.HippoRAG:Encoding 1 queries for query_to_passage.
INFO:src.hipporag.HippoRAG:Encoding 2 queries for query_to_passage.
INFO:src.hipporag.HippoRAG:Encoding 2 queries for query_to_passage.
INFO:src.hipporag.HippoRAG:Encoding 1 queries for query_to_passage.
INFO:src.hipporag.HippoRAG:Encoding 1 queries for query_to_passage.
INFO:src.hipporag.HippoRAG:Encoding 1 queries for query_to_passage.
INFO:src.hipporag.HippoRAG:Encoding 1 queries for query_to_passage.
INFO:src.hipporag.HippoRAG:Encoding 2 queries for query_to_passage.
INFO:src.hipporag.HippoRAG:Encoding 1 queries for query_to_passage.
INFO:src.hipporag.HippoRAG:Encoding 3 queries for query_to_passage.
INFO:src.hipporag.HippoRAG:Encoding 1 queries for query_to_passage.
INFO:src.hipporag.HippoRAG:Encoding 3 queries for query_to_passage.
INFO:src.hipporag.HippoRAG:Encoding 1 queries for query_to_passage.
INFO:src.hipporag.HippoRAG:Encoding 3 queries for query_to_passage.
INFO:src.hipporag.HippoRAG:Encoding 1 queries for query_to_passage.
INFO:src.hipporag.HippoRAG:Encoding 1 queries for query_to_passage.
INFO:src.hipporag.HippoRAG:Encoding 2 queries for query_to_passage.
INFO:src.hipporag.HippoRAG:Encoding 3 queries for query_to_passage.
INFO:src.hipporag.HippoRAG:Encoding 1 queries for query_to_passage.
INFO:src.hipporag.HippoRAG:Encoding 1 queries for query_to_passage.
INFO:src.hipporag.HippoRAG:Encoding 1 queries for query_to_passage.
INFO:src.hipporag.HippoRAG:Encoding 3 queries for query_to_passage.
INFO:src.hipporag.HippoRAG:Encoding 1 queries for query_to_passage.
INFO:src.hipporag.HippoRAG:Encoding 1 queries for query_to_passage.
INFO:src.hipporag.HippoRAG:Encoding 1 queries for query_to_passage.
INFO:src.hipporag.HippoRAG:Encoding 2 queries for query_to_passage.
INFO:src.hipporag.HippoRAG:Encoding 1 queries for query_to_passage.
INFO:src.hipporag.HippoRAG:Encoding 2 queries for query_to_passage.
INFO:src.hipporag.HippoRAG:Encoding 1 queries for query_to_passage.
INFO:src.hipporag.HippoRAG:Encoding 1 queries for query_to_passage.
INFO:src.hipporag.HippoRAG:Encoding 3 queries for query_to_passage.
INFO:src.hipporag.HippoRAG:Encoding 1 queries for query_to_passage.
INFO:src.hipporag.HippoRAG:Encoding 3 queries for query_to_passage.
INFO:src.hipporag.HippoRAG:Encoding 1 queries for query_to_passage.
INFO:src.hipporag.HippoRAG:Encoding 1 queries for query_to_passage.
INFO:src.hipporag.HippoRAG:Encoding 1 queries for query_to_passage.
INFO:src.hipporag.HippoRAG:Encoding 3 queries for query_to_passage.
INFO:src.hipporag.HippoRAG:Encoding 1 queries for query_to_passage.
INFO:src.hipporag.HippoRAG:Encoding 1 queries for query_to_passage.
INFO:src.hipporag.HippoRAG:Encoding 2 queries for query_to_passage.
INFO:src.hipporag.HippoRAG:Encoding 1 queries for query_to_passage.
INFO:src.hipporag.HippoRAG:Encoding 1 queries for query_to_passage.
INFO:src.hipporag.HippoRAG:Encoding 1 queries for query_to_passage.
INFO:src.hipporag.HippoRAG:Encoding 1 queries for query_to_passage.
INFO:src.hipporag.HippoRAG:Encoding 1 queries for query_to_passage.
INFO:src.hipporag.HippoRAG:Encoding 2 queries for query_to_passage.
INFO:src.hipporag.HippoRAG:Encoding 2 queries for query_to_passage.
INFO:src.hipporag.HippoRAG:Encoding 1 queries for query_to_passage.
INFO:src.hipporag.HippoRAG:Encoding 1 queries for query_to_passage.
INFO:src.hipporag.HippoRAG:Encoding 2 queries for query_to_passage.
INFO:src.hipporag.HippoRAG:Encoding 1 queries for query_to_passage.
INFO:src.hipporag.HippoRAG:Encoding 2 queries for query_to_passage.
INFO:src.hipporag.HippoRAG:Encoding 1 queries for query_to_passage.
INFO:src.hipporag.HippoRAG:Encoding 1 queries for query_to_passage.
INFO:src.hipporag.HippoRAG:Encoding 1 queries for query_to_passage.
INFO:src.hipporag.HippoRAG:Encoding 1 queries for query_to_passage.
INFO:src.hipporag.HippoRAG:Encoding 3 queries for query_to_passage.
INFO:src.hipporag.HippoRAG:Encoding 1 queries for query_to_passage.
INFO:src.hipporag.HippoRAG:Encoding 1 queries for query_to_passage.
INFO:src.hipporag.HippoRAG:Encoding 2 queries for query_to_passage.
INFO:src.hipporag.HippoRAG:Encoding 1 queries for query_to_passage.
INFO:src.hipporag.HippoRAG:Encoding 1 queries for query_to_passage.
INFO:src.hipporag.HippoRAG:Encoding 1 queries for query_to_passage.
INFO:src.hipporag.HippoRAG:Encoding 1 queries for query_to_passage.
INFO:src.hipporag.HippoRAG:Encoding 4 queries for query_to_passage.
INFO:src.hipporag.HippoRAG:Encoding 1 queries for query_to_passage.
INFO:src.hipporag.HippoRAG:Encoding 1 queries for query_to_passage.
INFO:src.hipporag.HippoRAG:Encoding 1 queries for query_to_passage.
INFO:src.hipporag.HippoRAG:Encoding 1 queries for query_to_passage.
INFO:src.hipporag.HippoRAG:Encoding 1 queries for query_to_passage.
INFO:src.hipporag.HippoRAG:Encoding 1 queries for query_to_passage.
INFO:src.hipporag.HippoRAG:Encoding 2 queries for query_to_passage.
INFO:src.hipporag.HippoRAG:Encoding 1 queries for query_to_passage.
INFO:src.hipporag.HippoRAG:Encoding 2 queries for query_to_passage.
INFO:src.hipporag.HippoRAG:Encoding 1 queries for query_to_passage.
INFO:src.hipporag.HippoRAG:Encoding 1 queries for query_to_passage.
INFO:src.hipporag.HippoRAG:Encoding 1 queries for query_to_passage.
INFO:src.hipporag.HippoRAG:Encoding 1 queries for query_to_passage.
INFO:src.hipporag.HippoRAG:Encoding 2 queries for query_to_passage.
INFO:src.hipporag.HippoRAG:Encoding 1 queries for query_to_passage.
INFO:src.hipporag.HippoRAG:Encoding 1 queries for query_to_passage.
INFO:src.hipporag.HippoRAG:Encoding 2 queries for query_to_passage.
INFO:src.hipporag.HippoRAG:Encoding 1 queries for query_to_passage.
INFO:src.hipporag.HippoRAG:Encoding 2 queries for query_to_passage.
INFO:src.hipporag.HippoRAG:Encoding 1 queries for query_to_passage.
INFO:src.hipporag.HippoRAG:Encoding 2 queries for query_to_passage.
INFO:src.hipporag.HippoRAG:Encoding 1 queries for query_to_passage.
INFO:src.hipporag.HippoRAG:Encoding 1 queries for query_to_passage.
INFO:src.hipporag.HippoRAG:Encoding 1 queries for query_to_passage.
INFO:src.hipporag.HippoRAG:Encoding 1 queries for query_to_passage.
INFO:src.hipporag.HippoRAG:Encoding 1 queries for query_to_passage.
INFO:src.hipporag.HippoRAG:Encoding 4 queries for query_to_passage.
INFO:src.hipporag.HippoRAG:Encoding 1 queries for query_to_passage.
INFO:src.hipporag.HippoRAG:Encoding 1 queries for query_to_passage.
INFO:src.hipporag.HippoRAG:Encoding 1 queries for query_to_passage.
INFO:src.hipporag.HippoRAG:Encoding 1 queries for query_to_passage.
INFO:src.hipporag.HippoRAG:Encoding 1 queries for query_to_passage.
INFO:src.hipporag.HippoRAG:Encoding 2 queries for query_to_passage.
INFO:src.hipporag.HippoRAG:Encoding 1 queries for query_to_passage.
INFO:src.hipporag.HippoRAG:Encoding 2 queries for query_to_passage.
INFO:src.hipporag.HippoRAG:Encoding 1 queries for query_to_passage.
INFO:src.hipporag.HippoRAG:Encoding 1 queries for query_to_passage.
INFO:src.hipporag.HippoRAG:Encoding 1 queries for query_to_passage.
INFO:src.hipporag.HippoRAG:Encoding 4 queries for query_to_passage.
INFO:src.hipporag.HippoRAG:Encoding 1 queries for query_to_passage.
INFO:src.hipporag.HippoRAG:Encoding 1 queries for query_to_passage.
INFO:src.hipporag.HippoRAG:Encoding 1 queries for query_to_passage.
INFO:src.hipporag.HippoRAG:Encoding 2 queries for query_to_passage.
INFO:src.hipporag.HippoRAG:Encoding 2 queries for query_to_passage.
INFO:src.hipporag.HippoRAG:Encoding 2 queries for query_to_passage.
INFO:src.hipporag.HippoRAG:Encoding 1 queries for query_to_passage.
INFO:src.hipporag.HippoRAG:Encoding 1 queries for query_to_passage.
INFO:src.hipporag.HippoRAG:Encoding 1 queries for query_to_passage.
INFO:src.hipporag.HippoRAG:Encoding 1 queries for query_to_passage.
INFO:src.hipporag.HippoRAG:Encoding 1 queries for query_to_passage.
INFO:src.hipporag.HippoRAG:Encoding 1 queries for query_to_passage.
INFO:src.hipporag.HippoRAG:Encoding 2 queries for query_to_passage.
INFO:src.hipporag.HippoRAG:Encoding 3 queries for query_to_passage.
INFO:src.hipporag.HippoRAG:Encoding 1 queries for query_to_passage.
INFO:src.hipporag.HippoRAG:Encoding 1 queries for query_to_passage.
INFO:src.hipporag.HippoRAG:Encoding 2 queries for query_to_passage.
INFO:src.hipporag.HippoRAG:Encoding 1 queries for query_to_passage.
INFO:src.hipporag.HippoRAG:Encoding 2 queries for query_to_passage.
INFO:src.hipporag.HippoRAG:Encoding 4 queries for query_to_passage.
INFO:src.hipporag.HippoRAG:Encoding 1 queries for query_to_passage.
INFO:src.hipporag.HippoRAG:Encoding 2 queries for query_to_passage.
INFO:src.hipporag.HippoRAG:Encoding 2 queries for query_to_passage.
INFO:src.hipporag.HippoRAG:Encoding 1 queries for query_to_passage.
INFO:src.hipporag.HippoRAG:Encoding 2 queries for query_to_passage.
INFO:src.hipporag.HippoRAG:Encoding 2 queries for query_to_passage.
INFO:src.hipporag.HippoRAG:Encoding 1 queries for query_to_passage.
INFO:src.hipporag.HippoRAG:Encoding 2 queries for query_to_passage.
INFO:src.hipporag.HippoRAG:Encoding 1 queries for query_to_passage.
INFO:src.hipporag.HippoRAG:Encoding 2 queries for query_to_passage.
INFO:src.hipporag.HippoRAG:Encoding 2 queries for query_to_passage.
INFO:src.hipporag.HippoRAG:Encoding 3 queries for query_to_passage.
INFO:src.hipporag.HippoRAG:Encoding 1 queries for query_to_passage.
INFO:src.hipporag.HippoRAG:Encoding 1 queries for query_to_passage.
INFO:src.hipporag.HippoRAG:Encoding 1 queries for query_to_passage.
INFO:src.hipporag.HippoRAG:Encoding 1 queries for query_to_passage.
INFO:src.hipporag.HippoRAG:Encoding 1 queries for query_to_passage.
INFO:src.hipporag.HippoRAG:Encoding 1 queries for query_to_passage.
INFO:src.hipporag.HippoRAG:Encoding 2 queries for query_to_passage.
INFO:src.hipporag.HippoRAG:Encoding 1 queries for query_to_passage.
INFO:src.hipporag.HippoRAG:Encoding 1 queries for query_to_passage.
INFO:src.hipporag.HippoRAG:Encoding 1 queries for query_to_passage.
INFO:src.hipporag.HippoRAG:Encoding 1 queries for query_to_passage.
INFO:src.hipporag.HippoRAG:Encoding 1 queries for query_to_passage.
INFO:src.hipporag.HippoRAG:Encoding 4 queries for query_to_passage.
INFO:src.hipporag.HippoRAG:Encoding 1 queries for query_to_passage.
INFO:src.hipporag.HippoRAG:Encoding 1 queries for query_to_passage.
INFO:src.hipporag.HippoRAG:Encoding 1 queries for query_to_passage.
INFO:src.hipporag.HippoRAG:Encoding 1 queries for query_to_passage.
INFO:src.hipporag.HippoRAG:Encoding 1 queries for query_to_passage.
INFO:src.hipporag.HippoRAG:Encoding 1 queries for query_to_passage.
INFO:src.hipporag.HippoRAG:Encoding 2 queries for query_to_passage.
INFO:src.hipporag.HippoRAG:Encoding 1 queries for query_to_passage.
INFO:src.hipporag.HippoRAG:Encoding 1 queries for query_to_passage.
INFO:src.hipporag.HippoRAG:Encoding 1 queries for query_to_passage.
INFO:src.hipporag.HippoRAG:Encoding 2 queries for query_to_passage.
INFO:src.hipporag.HippoRAG:Encoding 1 queries for query_to_passage.
INFO:src.hipporag.HippoRAG:Encoding 2 queries for query_to_passage.
INFO:src.hipporag.HippoRAG:Encoding 3 queries for query_to_passage.
INFO:src.hipporag.HippoRAG:Encoding 1 queries for query_to_passage.
INFO:src.hipporag.HippoRAG:Encoding 1 queries for query_to_passage.
INFO:src.hipporag.HippoRAG:Encoding 3 queries for query_to_passage.
INFO:src.hipporag.HippoRAG:Encoding 1 queries for query_to_passage.
INFO:src.hipporag.HippoRAG:Encoding 1 queries for query_to_passage.
INFO:src.hipporag.HippoRAG:Encoding 1 queries for query_to_passage.
INFO:src.hipporag.HippoRAG:Encoding 1 queries for query_to_passage.
INFO:src.hipporag.HippoRAG:Encoding 1 queries for query_to_passage.
INFO:src.hipporag.HippoRAG:Encoding 1 queries for query_to_passage.
INFO:src.hipporag.HippoRAG:Encoding 1 queries for query_to_passage.
INFO:src.hipporag.HippoRAG:Encoding 1 queries for query_to_passage.
INFO:src.hipporag.HippoRAG:Encoding 1 queries for query_to_passage.
INFO:src.hipporag.HippoRAG:Encoding 1 queries for query_to_passage.
INFO:src.hipporag.HippoRAG:Encoding 1 queries for query_to_passage.
INFO:src.hipporag.HippoRAG:Encoding 2 queries for query_to_passage.
INFO:src.hipporag.HippoRAG:Encoding 1 queries for query_to_passage.
INFO:src.hipporag.HippoRAG:Encoding 2 queries for query_to_passage.
INFO:src.hipporag.HippoRAG:Encoding 1 queries for query_to_passage.
INFO:src.hipporag.HippoRAG:Encoding 2 queries for query_to_passage.
INFO:src.hipporag.HippoRAG:Encoding 3 queries for query_to_passage.
INFO:src.hipporag.HippoRAG:Encoding 1 queries for query_to_passage.
INFO:src.hipporag.HippoRAG:Encoding 1 queries for query_to_passage.
INFO:src.hipporag.HippoRAG:Encoding 2 queries for query_to_passage.
INFO:src.hipporag.HippoRAG:Encoding 1 queries for query_to_passage.
INFO:src.hipporag.HippoRAG:Encoding 3 queries for query_to_passage.
INFO:src.hipporag.HippoRAG:Encoding 1 queries for query_to_passage.
INFO:src.hipporag.HippoRAG:Encoding 1 queries for query_to_passage.
INFO:src.hipporag.HippoRAG:Encoding 1 queries for query_to_passage.
INFO:src.hipporag.HippoRAG:Encoding 3 queries for query_to_passage.
INFO:src.hipporag.HippoRAG:Encoding 1 queries for query_to_passage.
INFO:src.hipporag.HippoRAG:Encoding 2 queries for query_to_passage.
INFO:src.hipporag.HippoRAG:Encoding 1 queries for query_to_passage.
INFO:src.hipporag.HippoRAG:Encoding 2 queries for query_to_passage.
INFO:src.hipporag.HippoRAG:Encoding 1 queries for query_to_passage.
INFO:src.hipporag.HippoRAG:Encoding 3 queries for query_to_passage.
INFO:src.hipporag.HippoRAG:Encoding 1 queries for query_to_passage.
INFO:src.hipporag.HippoRAG:Encoding 1 queries for query_to_passage.
INFO:src.hipporag.HippoRAG:Encoding 1 queries for query_to_passage.
INFO:src.hipporag.HippoRAG:Encoding 1 queries for query_to_passage.
INFO:src.hipporag.HippoRAG:Encoding 4 queries for query_to_passage.
INFO:src.hipporag.HippoRAG:Encoding 1 queries for query_to_passage.
INFO:src.hipporag.HippoRAG:Encoding 1 queries for query_to_passage.
INFO:src.hipporag.HippoRAG:Encoding 4 queries for query_to_passage.
INFO:src.hipporag.HippoRAG:Encoding 1 queries for query_to_passage.
INFO:src.hipporag.HippoRAG:Encoding 1 queries for query_to_passage.
INFO:src.hipporag.HippoRAG:Encoding 1 queries for query_to_passage.
INFO:src.hipporag.HippoRAG:Encoding 4 queries for query_to_passage.
INFO:src.hipporag.HippoRAG:Encoding 1 queries for query_to_passage.
INFO:src.hipporag.HippoRAG:Encoding 1 queries for query_to_passage.
INFO:src.hipporag.HippoRAG:Encoding 1 queries for query_to_passage.
INFO:src.hipporag.HippoRAG:Encoding 1 queries for query_to_passage.
INFO:src.hipporag.HippoRAG:Encoding 2 queries for query_to_passage.
INFO:src.hipporag.HippoRAG:Encoding 1 queries for query_to_passage.
INFO:src.hipporag.HippoRAG:Encoding 1 queries for query_to_passage.
INFO:src.hipporag.HippoRAG:Encoding 2 queries for query_to_passage.
INFO:src.hipporag.HippoRAG:Encoding 1 queries for query_to_passage.
INFO:src.hipporag.HippoRAG:Encoding 1 queries for query_to_passage.
INFO:src.hipporag.HippoRAG:Encoding 3 queries for query_to_passage.
INFO:src.hipporag.HippoRAG:Encoding 1 queries for query_to_passage.
INFO:src.hipporag.HippoRAG:Encoding 1 queries for query_to_passage.
INFO:src.hipporag.HippoRAG:Encoding 2 queries for query_to_passage.
INFO:src.hipporag.HippoRAG:Encoding 2 queries for query_to_passage.
INFO:src.hipporag.HippoRAG:Encoding 1 queries for query_to_passage.
INFO:src.hipporag.HippoRAG:Encoding 2 queries for query_to_passage.
INFO:src.hipporag.HippoRAG:Encoding 2 queries for query_to_passage.
INFO:src.hipporag.HippoRAG:Encoding 2 queries for query_to_passage.
INFO:src.hipporag.HippoRAG:Encoding 2 queries for query_to_passage.
INFO:src.hipporag.HippoRAG:Encoding 1 queries for query_to_passage.
INFO:src.hipporag.HippoRAG:Encoding 3 queries for query_to_passage.
INFO:src.hipporag.HippoRAG:Encoding 1 queries for query_to_passage.
INFO:src.hipporag.HippoRAG:Encoding 3 queries for query_to_passage.
INFO:src.hipporag.HippoRAG:Encoding 1 queries for query_to_passage.
INFO:src.hipporag.HippoRAG:Encoding 1 queries for query_to_passage.
INFO:src.hipporag.HippoRAG:Encoding 1 queries for query_to_passage.
INFO:src.hipporag.HippoRAG:Encoding 1 queries for query_to_passage.
INFO:src.hipporag.HippoRAG:Encoding 1 queries for query_to_passage.
INFO:src.hipporag.HippoRAG:Encoding 2 queries for query_to_passage.
INFO:src.hipporag.HippoRAG:Encoding 2 queries for query_to_passage.
INFO:src.hipporag.HippoRAG:Encoding 1 queries for query_to_passage.
INFO:src.hipporag.HippoRAG:Encoding 1 queries for query_to_passage.
INFO:src.hipporag.HippoRAG:Encoding 1 queries for query_to_passage.
INFO:src.hipporag.HippoRAG:Encoding 2 queries for query_to_passage.
INFO:src.hipporag.HippoRAG:Encoding 1 queries for query_to_passage.
INFO:src.hipporag.HippoRAG:Encoding 2 queries for query_to_passage.
INFO:src.hipporag.HippoRAG:Encoding 1 queries for query_to_passage.
INFO:src.hipporag.HippoRAG:Encoding 3 queries for query_to_passage.
INFO:src.hipporag.HippoRAG:Encoding 1 queries for query_to_passage.
INFO:src.hipporag.HippoRAG:Encoding 3 queries for query_to_passage.
INFO:src.hipporag.HippoRAG:Encoding 1 queries for query_to_passage.
INFO:src.hipporag.HippoRAG:Encoding 1 queries for query_to_passage.
INFO:src.hipporag.HippoRAG:Encoding 1 queries for query_to_passage.
INFO:src.hipporag.HippoRAG:Encoding 1 queries for query_to_passage.
INFO:src.hipporag.HippoRAG:Encoding 1 queries for query_to_passage.
INFO:src.hipporag.HippoRAG:Encoding 1 queries for query_to_passage.
INFO:src.hipporag.HippoRAG:Encoding 1 queries for query_to_passage.
INFO:src.hipporag.HippoRAG:Encoding 2 queries for query_to_passage.
INFO:src.hipporag.HippoRAG:Encoding 2 queries for query_to_passage.
INFO:src.hipporag.HippoRAG:Encoding 1 queries for query_to_passage.
INFO:src.hipporag.HippoRAG:Encoding 2 queries for query_to_passage.
INFO:src.hipporag.HippoRAG:Encoding 1 queries for query_to_passage.
INFO:src.hipporag.HippoRAG:Encoding 2 queries for query_to_passage.
INFO:src.hipporag.HippoRAG:Encoding 1 queries for query_to_passage.
INFO:src.hipporag.HippoRAG:Encoding 2 queries for query_to_passage.
INFO:src.hipporag.HippoRAG:Encoding 1 queries for query_to_passage.
INFO:src.hipporag.HippoRAG:Encoding 2 queries for query_to_passage.
INFO:src.hipporag.HippoRAG:Encoding 4 queries for query_to_passage.
INFO:src.hipporag.HippoRAG:Encoding 1 queries for query_to_passage.
INFO:src.hipporag.HippoRAG:Encoding 1 queries for query_to_passage.
INFO:src.hipporag.HippoRAG:Encoding 1 queries for query_to_passage.
INFO:src.hipporag.HippoRAG:Encoding 1 queries for query_to_passage.
INFO:src.hipporag.HippoRAG:Encoding 1 queries for query_to_passage.
INFO:src.hipporag.HippoRAG:Encoding 2 queries for query_to_passage.
INFO:src.hipporag.HippoRAG:Encoding 1 queries for query_to_passage.
INFO:src.hipporag.HippoRAG:Encoding 2 queries for query_to_passage.
INFO:src.hipporag.HippoRAG:Encoding 1 queries for query_to_passage.
INFO:src.hipporag.HippoRAG:Encoding 2 queries for query_to_passage.
INFO:src.hipporag.HippoRAG:Encoding 2 queries for query_to_passage.
INFO:src.hipporag.HippoRAG:Encoding 1 queries for query_to_passage.
INFO:src.hipporag.HippoRAG:Encoding 2 queries for query_to_passage.
INFO:src.hipporag.HippoRAG:Encoding 1 queries for query_to_passage.
INFO:src.hipporag.HippoRAG:Encoding 1 queries for query_to_passage.
INFO:src.hipporag.HippoRAG:Encoding 2 queries for query_to_passage.
INFO:src.hipporag.HippoRAG:Encoding 1 queries for query_to_passage.
INFO:src.hipporag.HippoRAG:Encoding 1 queries for query_to_passage.
INFO:src.hipporag.HippoRAG:Encoding 2 queries for query_to_passage.
INFO:src.hipporag.HippoRAG:Encoding 1 queries for query_to_passage.
INFO:src.hipporag.HippoRAG:Encoding 2 queries for query_to_passage.
INFO:src.hipporag.HippoRAG:Encoding 1 queries for query_to_passage.
INFO:src.hipporag.HippoRAG:Encoding 1 queries for query_to_passage.
INFO:src.hipporag.HippoRAG:Encoding 4 queries for query_to_passage.
INFO:src.hipporag.HippoRAG:Encoding 1 queries for query_to_passage.
INFO:src.hipporag.HippoRAG:Encoding 1 queries for query_to_passage.
INFO:src.hipporag.HippoRAG:Encoding 4 queries for query_to_passage.
INFO:src.hipporag.HippoRAG:Encoding 1 queries for query_to_passage.
INFO:src.hipporag.HippoRAG:Encoding 1 queries for query_to_passage.
INFO:src.hipporag.HippoRAG:Encoding 1 queries for query_to_passage.
INFO:src.hipporag.HippoRAG:Encoding 1 queries for query_to_passage.
INFO:src.hipporag.HippoRAG:Encoding 1 queries for query_to_passage.
INFO:src.hipporag.HippoRAG:Encoding 1 queries for query_to_passage.
INFO:src.hipporag.HippoRAG:Encoding 3 queries for query_to_passage.
INFO:src.hipporag.HippoRAG:Encoding 1 queries for query_to_passage.
INFO:src.hipporag.HippoRAG:Encoding 1 queries for query_to_passage.
INFO:src.hipporag.HippoRAG:Encoding 1 queries for query_to_passage.
INFO:src.hipporag.HippoRAG:Encoding 1 queries for query_to_passage.
INFO:src.hipporag.HippoRAG:Encoding 1 queries for query_to_passage.
INFO:src.hipporag.HippoRAG:Encoding 2 queries for query_to_passage.
INFO:src.hipporag.HippoRAG:Encoding 1 queries for query_to_passage.
INFO:src.hipporag.HippoRAG:Encoding 1 queries for query_to_passage.
INFO:src.hipporag.HippoRAG:Encoding 4 queries for query_to_passage.
INFO:src.hipporag.HippoRAG:Encoding 1 queries for query_to_passage.
INFO:src.hipporag.HippoRAG:Encoding 2 queries for query_to_passage.
INFO:src.hipporag.HippoRAG:Encoding 2 queries for query_to_passage.
INFO:src.hipporag.HippoRAG:Encoding 1 queries for query_to_passage.
INFO:src.hipporag.HippoRAG:Encoding 2 queries for query_to_passage.
INFO:src.hipporag.HippoRAG:Encoding 2 queries for query_to_passage.
INFO:src.hipporag.HippoRAG:Encoding 2 queries for query_to_passage.
INFO:src.hipporag.HippoRAG:Encoding 1 queries for query_to_passage.
INFO:src.hipporag.HippoRAG:Encoding 2 queries for query_to_passage.
INFO:src.hipporag.HippoRAG:Encoding 1 queries for query_to_passage.
INFO:src.hipporag.HippoRAG:Encoding 4 queries for query_to_passage.
INFO:src.hipporag.HippoRAG:Encoding 1 queries for query_to_passage.
INFO:src.hipporag.HippoRAG:Encoding 1 queries for query_to_passage.
INFO:src.hipporag.HippoRAG:Encoding 2 queries for query_to_passage.
INFO:src.hipporag.HippoRAG:Encoding 2 queries for query_to_passage.
INFO:src.hipporag.HippoRAG:Encoding 2 queries for query_to_passage.
INFO:src.hipporag.HippoRAG:Encoding 1 queries for query_to_passage.
INFO:src.hipporag.HippoRAG:Encoding 1 queries for query_to_passage.
INFO:src.hipporag.HippoRAG:Encoding 3 queries for query_to_passage.
INFO:src.hipporag.HippoRAG:Encoding 1 queries for query_to_passage.
INFO:src.hipporag.HippoRAG:Encoding 1 queries for query_to_passage.
INFO:src.hipporag.HippoRAG:Encoding 1 queries for query_to_passage.
INFO:src.hipporag.HippoRAG:Encoding 1 queries for query_to_passage.
INFO:src.hipporag.HippoRAG:Encoding 1 queries for query_to_passage.
INFO:src.hipporag.HippoRAG:Encoding 1 queries for query_to_passage.
INFO:src.hipporag.HippoRAG:Encoding 1 queries for query_to_passage.
INFO:src.hipporag.HippoRAG:Encoding 1 queries for query_to_passage.
INFO:src.hipporag.HippoRAG:Encoding 3 queries for query_to_passage.
INFO:src.hipporag.HippoRAG:Encoding 1 queries for query_to_passage.
INFO:src.hipporag.HippoRAG:Encoding 1 queries for query_to_passage.
INFO:src.hipporag.HippoRAG:Encoding 2 queries for query_to_passage.
INFO:src.hipporag.HippoRAG:Encoding 1 queries for query_to_passage.
INFO:src.hipporag.HippoRAG:Encoding 2 queries for query_to_passage.
INFO:src.hipporag.HippoRAG:Encoding 1 queries for query_to_passage.
INFO:src.hipporag.HippoRAG:Encoding 1 queries for query_to_passage.
INFO:src.hipporag.HippoRAG:Encoding 2 queries for query_to_passage.
INFO:src.hipporag.HippoRAG:Encoding 1 queries for query_to_passage.
INFO:src.hipporag.HippoRAG:Encoding 1 queries for query_to_passage.
INFO:src.hipporag.HippoRAG:Encoding 1 queries for query_to_passage.
INFO:src.hipporag.HippoRAG:Encoding 1 queries for query_to_passage.
INFO:src.hipporag.HippoRAG:Encoding 1 queries for query_to_passage.
INFO:src.hipporag.HippoRAG:Encoding 1 queries for query_to_passage.
INFO:src.hipporag.HippoRAG:Encoding 1 queries for query_to_passage.
INFO:src.hipporag.HippoRAG:Encoding 2 queries for query_to_passage.
INFO:src.hipporag.HippoRAG:Encoding 1 queries for query_to_passage.
INFO:src.hipporag.HippoRAG:Encoding 2 queries for query_to_passage.
INFO:src.hipporag.HippoRAG:Encoding 1 queries for query_to_passage.
INFO:src.hipporag.HippoRAG:Encoding 1 queries for query_to_passage.
INFO:src.hipporag.HippoRAG:Encoding 1 queries for query_to_passage.
INFO:src.hipporag.HippoRAG:Encoding 2 queries for query_to_passage.
INFO:src.hipporag.HippoRAG:Encoding 1 queries for query_to_passage.
INFO:src.hipporag.HippoRAG:Encoding 1 queries for query_to_passage.
INFO:src.hipporag.HippoRAG:Encoding 2 queries for query_to_passage.
INFO:src.hipporag.HippoRAG:Encoding 1 queries for query_to_passage.
INFO:src.hipporag.HippoRAG:Encoding 4 queries for query_to_passage.
INFO:src.hipporag.HippoRAG:Encoding 1 queries for query_to_passage.
INFO:src.hipporag.HippoRAG:Encoding 1 queries for query_to_passage.
INFO:src.hipporag.HippoRAG:Encoding 2 queries for query_to_passage.
INFO:src.hipporag.HippoRAG:Encoding 1 queries for query_to_passage.
INFO:src.hipporag.HippoRAG:Encoding 3 queries for query_to_passage.
INFO:src.hipporag.HippoRAG:Encoding 1 queries for query_to_passage.
INFO:src.hipporag.HippoRAG:Encoding 4 queries for query_to_passage.
INFO:src.hipporag.HippoRAG:Encoding 1 queries for query_to_passage.
INFO:src.hipporag.HippoRAG:Encoding 1 queries for query_to_passage.
INFO:src.hipporag.HippoRAG:Encoding 1 queries for query_to_passage.
INFO:src.hipporag.HippoRAG:Encoding 1 queries for query_to_passage.
INFO:src.hipporag.HippoRAG:Encoding 1 queries for query_to_passage.
INFO:src.hipporag.HippoRAG:Encoding 2 queries for query_to_passage.
INFO:src.hipporag.HippoRAG:Encoding 1 queries for query_to_passage.
INFO:src.hipporag.HippoRAG:Encoding 2 queries for query_to_passage.
INFO:src.hipporag.HippoRAG:Encoding 2 queries for query_to_passage.
INFO:src.hipporag.HippoRAG:Encoding 1 queries for query_to_passage.
INFO:src.hipporag.HippoRAG:Encoding 2 queries for query_to_passage.
INFO:src.hipporag.HippoRAG:Encoding 1 queries for query_to_passage.
INFO:src.hipporag.HippoRAG:Encoding 1 queries for query_to_passage.
INFO:src.hipporag.HippoRAG:Encoding 2 queries for query_to_passage.
INFO:src.hipporag.HippoRAG:Encoding 2 queries for query_to_passage.
INFO:src.hipporag.HippoRAG:Encoding 2 queries for query_to_passage.
INFO:src.hipporag.HippoRAG:Encoding 1 queries for query_to_passage.
INFO:src.hipporag.HippoRAG:Encoding 2 queries for query_to_passage.
INFO:src.hipporag.HippoRAG:Encoding 2 queries for query_to_passage.
INFO:src.hipporag.HippoRAG:Encoding 2 queries for query_to_passage.
INFO:src.hipporag.HippoRAG:Encoding 2 queries for query_to_passage.
INFO:src.hipporag.HippoRAG:Encoding 2 queries for query_to_passage.
INFO:src.hipporag.HippoRAG:Encoding 1 queries for query_to_passage.
INFO:src.hipporag.HippoRAG:Encoding 1 queries for query_to_passage.
INFO:src.hipporag.HippoRAG:Encoding 4 queries for query_to_passage.
INFO:src.hipporag.HippoRAG:Encoding 1 queries for query_to_passage.
INFO:src.hipporag.HippoRAG:Encoding 1 queries for query_to_passage.
INFO:src.hipporag.HippoRAG:Encoding 1 queries for query_to_passage.
INFO:src.hipporag.HippoRAG:Encoding 1 queries for query_to_passage.
INFO:src.hipporag.HippoRAG:Encoding 2 queries for query_to_passage.
INFO:src.hipporag.HippoRAG:Encoding 1 queries for query_to_passage.
INFO:src.hipporag.HippoRAG:Encoding 1 queries for query_to_passage.
INFO:src.hipporag.HippoRAG:Encoding 4 queries for query_to_passage.
INFO:src.hipporag.HippoRAG:Encoding 1 queries for query_to_passage.
INFO:src.hipporag.HippoRAG:Encoding 2 queries for query_to_passage.
INFO:src.hipporag.HippoRAG:Encoding 3 queries for query_to_passage.
INFO:src.hipporag.HippoRAG:Encoding 1 queries for query_to_passage.
INFO:src.hipporag.HippoRAG:Encoding 3 queries for query_to_passage.
INFO:src.hipporag.HippoRAG:Encoding 1 queries for query_to_passage.
INFO:src.hipporag.HippoRAG:Encoding 1 queries for query_to_passage.
INFO:src.hipporag.HippoRAG:Encoding 2 queries for query_to_passage.
INFO:src.hipporag.HippoRAG:Encoding 1 queries for query_to_passage.
INFO:src.hipporag.HippoRAG:Encoding 2 queries for query_to_passage.
INFO:src.hipporag.HippoRAG:Encoding 1 queries for query_to_passage.
INFO:src.hipporag.HippoRAG:Encoding 1 queries for query_to_passage.
INFO:src.hipporag.HippoRAG:Encoding 2 queries for query_to_passage.
INFO:src.hipporag.HippoRAG:Encoding 1 queries for query_to_passage.
INFO:src.hipporag.HippoRAG:Encoding 2 queries for query_to_passage.
INFO:src.hipporag.HippoRAG:Encoding 2 queries for query_to_passage.
INFO:src.hipporag.HippoRAG:Encoding 1 queries for query_to_passage.
INFO:src.hipporag.HippoRAG:Encoding 1 queries for query_to_passage.
INFO:src.hipporag.HippoRAG:Encoding 1 queries for query_to_passage.
INFO:src.hipporag.HippoRAG:Encoding 1 queries for query_to_passage.
INFO:src.hipporag.HippoRAG:Encoding 1 queries for query_to_passage.
INFO:src.hipporag.HippoRAG:Encoding 1 queries for query_to_passage.
INFO:src.hipporag.HippoRAG:Encoding 2 queries for query_to_passage.
INFO:src.hipporag.HippoRAG:Encoding 1 queries for query_to_passage.
INFO:src.hipporag.HippoRAG:Encoding 1 queries for query_to_passage.
INFO:src.hipporag.HippoRAG:Encoding 2 queries for query_to_passage.
INFO:src.hipporag.HippoRAG:Encoding 3 queries for query_to_passage.
INFO:src.hipporag.HippoRAG:Encoding 1 queries for query_to_passage.
INFO:src.hipporag.HippoRAG:Encoding 2 queries for query_to_passage.
INFO:src.hipporag.HippoRAG:Encoding 3 queries for query_to_passage.
INFO:src.hipporag.HippoRAG:Encoding 1 queries for query_to_passage.
INFO:src.hipporag.HippoRAG:Encoding 1 queries for query_to_passage.
INFO:src.hipporag.HippoRAG:Encoding 1 queries for query_to_passage.
INFO:src.hipporag.HippoRAG:Encoding 1 queries for query_to_passage.
INFO:src.hipporag.HippoRAG:Encoding 1 queries for query_to_passage.
INFO:src.hipporag.HippoRAG:Encoding 1 queries for query_to_passage.
INFO:src.hipporag.HippoRAG:Encoding 2 queries for query_to_passage.
INFO:src.hipporag.HippoRAG:Encoding 1 queries for query_to_passage.
INFO:src.hipporag.HippoRAG:Encoding 2 queries for query_to_passage.
INFO:src.hipporag.HippoRAG:Encoding 1 queries for query_to_passage.
INFO:src.hipporag.HippoRAG:Encoding 1 queries for query_to_passage.
INFO:src.hipporag.HippoRAG:Encoding 2 queries for query_to_passage.
INFO:src.hipporag.HippoRAG:Encoding 1 queries for query_to_passage.
INFO:src.hipporag.HippoRAG:Encoding 3 queries for query_to_passage.
INFO:src.hipporag.HippoRAG:Encoding 1 queries for query_to_passage.
INFO:src.hipporag.HippoRAG:Encoding 1 queries for query_to_passage.
INFO:src.hipporag.HippoRAG:Encoding 1 queries for query_to_passage.
INFO:src.hipporag.HippoRAG:Encoding 1 queries for query_to_passage.
INFO:src.hipporag.HippoRAG:Encoding 1 queries for query_to_passage.
INFO:src.hipporag.HippoRAG:Encoding 2 queries for query_to_passage.
INFO:src.hipporag.HippoRAG:Encoding 1 queries for query_to_passage.
INFO:src.hipporag.HippoRAG:Encoding 1 queries for query_to_passage.
INFO:src.hipporag.HippoRAG:Encoding 1 queries for query_to_passage.
INFO:src.hipporag.HippoRAG:Encoding 1 queries for query_to_passage.
INFO:src.hipporag.HippoRAG:Encoding 2 queries for query_to_passage.
INFO:src.hipporag.HippoRAG:Encoding 1 queries for query_to_passage.
INFO:src.hipporag.HippoRAG:Encoding 2 queries for query_to_passage.
INFO:src.hipporag.HippoRAG:Encoding 1 queries for query_to_passage.
INFO:src.hipporag.HippoRAG:Encoding 3 queries for query_to_passage.
INFO:src.hipporag.HippoRAG:Encoding 4 queries for query_to_passage.
INFO:src.hipporag.HippoRAG:Encoding 1 queries for query_to_passage.
INFO:src.hipporag.HippoRAG:Encoding 1 queries for query_to_passage.
INFO:src.hipporag.HippoRAG:Encoding 1 queries for query_to_passage.
INFO:src.hipporag.HippoRAG:Encoding 2 queries for query_to_passage.
INFO:src.hipporag.HippoRAG:Encoding 1 queries for query_to_passage.
INFO:src.hipporag.HippoRAG:Encoding 1 queries for query_to_passage.
INFO:src.hipporag.HippoRAG:Encoding 2 queries for query_to_passage.
INFO:src.hipporag.HippoRAG:Encoding 1 queries for query_to_passage.
INFO:src.hipporag.HippoRAG:Encoding 1 queries for query_to_passage.
INFO:src.hipporag.HippoRAG:Encoding 2 queries for query_to_passage.
INFO:src.hipporag.HippoRAG:Encoding 1 queries for query_to_passage.
INFO:src.hipporag.HippoRAG:Encoding 3 queries for query_to_passage.
INFO:src.hipporag.HippoRAG:Encoding 1 queries for query_to_passage.
INFO:src.hipporag.HippoRAG:Encoding 3 queries for query_to_passage.
INFO:src.hipporag.HippoRAG:Encoding 2 queries for query_to_passage.
INFO:src.hipporag.HippoRAG:Encoding 1 queries for query_to_passage.
INFO:src.hipporag.HippoRAG:Encoding 1 queries for query_to_passage.
INFO:src.hipporag.HippoRAG:Encoding 2 queries for query_to_passage.
INFO:src.hipporag.HippoRAG:Encoding 2 queries for query_to_passage.
INFO:src.hipporag.HippoRAG:Encoding 3 queries for query_to_passage.
INFO:src.hipporag.HippoRAG:Encoding 2 queries for query_to_passage.
INFO:src.hipporag.HippoRAG:Encoding 1 queries for query_to_passage.
INFO:src.hipporag.HippoRAG:Encoding 4 queries for query_to_passage.
INFO:src.hipporag.HippoRAG:Encoding 1 queries for query_to_passage.
INFO:src.hipporag.HippoRAG:Encoding 1 queries for query_to_passage.
INFO:src.hipporag.HippoRAG:Encoding 1 queries for query_to_passage.
INFO:src.hipporag.HippoRAG:Encoding 2 queries for query_to_passage.
INFO:src.hipporag.HippoRAG:Encoding 1 queries for query_to_passage.
INFO:src.hipporag.HippoRAG:Encoding 2 queries for query_to_passage.
INFO:src.hipporag.HippoRAG:Encoding 1 queries for query_to_passage.
INFO:src.hipporag.HippoRAG:Encoding 2 queries for query_to_passage.
INFO:src.hipporag.HippoRAG:Encoding 2 queries for query_to_passage.
INFO:src.hipporag.HippoRAG:Encoding 1 queries for query_to_passage.
INFO:src.hipporag.HippoRAG:Encoding 3 queries for query_to_passage.
INFO:src.hipporag.HippoRAG:Encoding 1 queries for query_to_passage.
INFO:src.hipporag.HippoRAG:Encoding 1 queries for query_to_passage.
INFO:src.hipporag.HippoRAG:Encoding 1 queries for query_to_passage.
INFO:src.hipporag.HippoRAG:Encoding 1 queries for query_to_passage.
INFO:src.hipporag.HippoRAG:Encoding 1 queries for query_to_passage.
INFO:src.hipporag.HippoRAG:Encoding 2 queries for query_to_passage.
INFO:src.hipporag.HippoRAG:Encoding 1 queries for query_to_passage.
INFO:src.hipporag.HippoRAG:Encoding 2 queries for query_to_passage.
INFO:src.hipporag.HippoRAG:Encoding 1 queries for query_to_passage.
INFO:src.hipporag.HippoRAG:Encoding 3 queries for query_to_passage.
INFO:src.hipporag.HippoRAG:Encoding 2 queries for query_to_passage.
INFO:src.hipporag.HippoRAG:Encoding 2 queries for query_to_passage.
INFO:src.hipporag.HippoRAG:Encoding 2 queries for query_to_passage.
INFO:src.hipporag.HippoRAG:Encoding 3 queries for query_to_passage.
INFO:src.hipporag.HippoRAG:Encoding 1 queries for query_to_passage.
INFO:src.hipporag.HippoRAG:Encoding 1 queries for query_to_passage.
INFO:src.hipporag.HippoRAG:Encoding 1 queries for query_to_passage.
INFO:src.hipporag.HippoRAG:Encoding 1 queries for query_to_passage.
INFO:src.hipporag.HippoRAG:Encoding 1 queries for query_to_passage.
INFO:src.hipporag.HippoRAG:Encoding 2 queries for query_to_passage.
INFO:src.hipporag.HippoRAG:Encoding 1 queries for query_to_passage.
INFO:src.hipporag.HippoRAG:Encoding 1 queries for query_to_passage.
INFO:src.hipporag.HippoRAG:Encoding 1 queries for query_to_passage.
INFO:src.hipporag.HippoRAG:Encoding 1 queries for query_to_passage.
INFO:src.hipporag.HippoRAG:Encoding 1 queries for query_to_passage.
INFO:src.hipporag.HippoRAG:Encoding 2 queries for query_to_passage.
INFO:src.hipporag.HippoRAG:Encoding 2 queries for query_to_passage.
INFO:src.hipporag.HippoRAG:Encoding 3 queries for query_to_passage.
INFO:src.hipporag.HippoRAG:Encoding 2 queries for query_to_passage.
INFO:src.hipporag.HippoRAG:Encoding 1 queries for query_to_passage.
INFO:src.hipporag.HippoRAG:Encoding 3 queries for query_to_passage.
INFO:src.hipporag.HippoRAG:Encoding 1 queries for query_to_passage.
INFO:src.hipporag.HippoRAG:Encoding 1 queries for query_to_passage.
INFO:src.hipporag.HippoRAG:Encoding 1 queries for query_to_passage.
INFO:src.hipporag.HippoRAG:Encoding 1 queries for query_to_passage.
INFO:src.hipporag.HippoRAG:Encoding 2 queries for query_to_passage.
INFO:src.hipporag.HippoRAG:Encoding 1 queries for query_to_passage.
INFO:src.hipporag.HippoRAG:Encoding 3 queries for query_to_passage.
INFO:src.hipporag.HippoRAG:Encoding 1 queries for query_to_passage.
INFO:src.hipporag.HippoRAG:Encoding 2 queries for query_to_passage.
INFO:src.hipporag.HippoRAG:Encoding 1 queries for query_to_passage.
INFO:src.hipporag.HippoRAG:Encoding 2 queries for query_to_passage.
INFO:src.hipporag.HippoRAG:Encoding 1 queries for query_to_passage.
INFO:src.hipporag.HippoRAG:Encoding 1 queries for query_to_passage.
INFO:src.hipporag.HippoRAG:Encoding 4 queries for query_to_passage.
INFO:src.hipporag.HippoRAG:Encoding 3 queries for query_to_passage.
INFO:src.hipporag.HippoRAG:Encoding 1 queries for query_to_passage.
INFO:src.hipporag.HippoRAG:Encoding 1 queries for query_to_passage.
INFO:src.hipporag.HippoRAG:Encoding 4 queries for query_to_passage.
INFO:src.hipporag.HippoRAG:Encoding 1 queries for query_to_passage.
INFO:src.hipporag.HippoRAG:Encoding 1 queries for query_to_passage.
INFO:src.hipporag.HippoRAG:Encoding 1 queries for query_to_passage.
INFO:src.hipporag.HippoRAG:Encoding 1 queries for query_to_passage.
INFO:src.hipporag.HippoRAG:Encoding 1 queries for query_to_passage.
INFO:src.hipporag.HippoRAG:Encoding 1 queries for query_to_passage.
INFO:src.hipporag.HippoRAG:Encoding 1 queries for query_to_passage.
INFO:src.hipporag.HippoRAG:Encoding 1 queries for query_to_passage.
INFO:src.hipporag.HippoRAG:Encoding 1 queries for query_to_passage.
INFO:src.hipporag.HippoRAG:Encoding 1 queries for query_to_passage.
INFO:src.hipporag.HippoRAG:Encoding 2 queries for query_to_passage.
INFO:src.hipporag.HippoRAG:Encoding 3 queries for query_to_passage.
INFO:src.hipporag.HippoRAG:Encoding 1 queries for query_to_passage.
INFO:src.hipporag.HippoRAG:Encoding 1 queries for query_to_passage.
INFO:src.hipporag.HippoRAG:Encoding 3 queries for query_to_passage.
INFO:src.hipporag.HippoRAG:Encoding 1 queries for query_to_passage.
INFO:src.hipporag.HippoRAG:Encoding 2 queries for query_to_passage.
INFO:src.hipporag.HippoRAG:Encoding 3 queries for query_to_passage.
INFO:src.hipporag.HippoRAG:Encoding 1 queries for query_to_passage.
INFO:src.hipporag.HippoRAG:Encoding 1 queries for query_to_passage.
INFO:src.hipporag.HippoRAG:Encoding 1 queries for query_to_passage.
INFO:src.hipporag.HippoRAG:Encoding 1 queries for query_to_passage.
INFO:src.hipporag.HippoRAG:Encoding 2 queries for query_to_passage.
INFO:src.hipporag.HippoRAG:Encoding 1 queries for query_to_passage.
INFO:src.hipporag.HippoRAG:Encoding 3 queries for query_to_passage.
INFO:src.hipporag.HippoRAG:Encoding 1 queries for query_to_passage.
INFO:src.hipporag.HippoRAG:Encoding 1 queries for query_to_passage.
INFO:src.hipporag.HippoRAG:Encoding 1 queries for query_to_passage.
INFO:src.hipporag.HippoRAG:Encoding 1 queries for query_to_passage.
INFO:src.hipporag.HippoRAG:Encoding 2 queries for query_to_passage.
INFO:src.hipporag.HippoRAG:Encoding 3 queries for query_to_passage.
INFO:src.hipporag.HippoRAG:Encoding 1 queries for query_to_passage.
INFO:src.hipporag.HippoRAG:Encoding 1 queries for query_to_passage.
INFO:src.hipporag.HippoRAG:Encoding 1 queries for query_to_passage.
INFO:src.hipporag.HippoRAG:Encoding 1 queries for query_to_passage.
INFO:src.hipporag.HippoRAG:Encoding 3 queries for query_to_passage.
INFO:src.hipporag.HippoRAG:Encoding 1 queries for query_to_passage.
INFO:src.hipporag.HippoRAG:Encoding 1 queries for query_to_passage.
INFO:src.hipporag.HippoRAG:Encoding 1 queries for query_to_passage.
INFO:src.hipporag.HippoRAG:Encoding 1 queries for query_to_passage.
INFO:src.hipporag.HippoRAG:Encoding 1 queries for query_to_passage.
INFO:src.hipporag.HippoRAG:Encoding 1 queries for query_to_passage.
INFO:src.hipporag.HippoRAG:Encoding 2 queries for query_to_passage.
INFO:src.hipporag.HippoRAG:Encoding 2 queries for query_to_passage.
INFO:src.hipporag.HippoRAG:Encoding 1 queries for query_to_passage.
INFO:src.hipporag.HippoRAG:Encoding 3 queries for query_to_passage.
INFO:src.hipporag.HippoRAG:Encoding 1 queries for query_to_passage.
INFO:src.hipporag.HippoRAG:Encoding 2 queries for query_to_passage.
INFO:src.hipporag.HippoRAG:Encoding 1 queries for query_to_passage.
INFO:src.hipporag.HippoRAG:Encoding 1 queries for query_to_passage.
INFO:src.hipporag.HippoRAG:Encoding 2 queries for query_to_passage.
INFO:src.hipporag.HippoRAG:Encoding 1 queries for query_to_passage.
INFO:src.hipporag.HippoRAG:Encoding 2 queries for query_to_passage.
INFO:src.hipporag.HippoRAG:Encoding 1 queries for query_to_passage.
INFO:src.hipporag.HippoRAG:Encoding 2 queries for query_to_passage.
INFO:src.hipporag.HippoRAG:Encoding 3 queries for query_to_passage.
INFO:src.hipporag.HippoRAG:Encoding 3 queries for query_to_passage.
INFO:src.hipporag.HippoRAG:Encoding 1 queries for query_to_passage.
INFO:src.hipporag.HippoRAG:Encoding 2 queries for query_to_passage.
INFO:src.hipporag.HippoRAG:Encoding 1 queries for query_to_passage.
INFO:src.hipporag.HippoRAG:Encoding 1 queries for query_to_passage.
INFO:src.hipporag.HippoRAG:Encoding 1 queries for query_to_passage.
INFO:src.hipporag.HippoRAG:Encoding 2 queries for query_to_passage.
INFO:src.hipporag.HippoRAG:Encoding 1 queries for query_to_passage.
INFO:src.hipporag.HippoRAG:Encoding 1 queries for query_to_passage.
INFO:src.hipporag.HippoRAG:Encoding 1 queries for query_to_passage.
INFO:src.hipporag.HippoRAG:Encoding 2 queries for query_to_passage.
INFO:src.hipporag.HippoRAG:Encoding 1 queries for query_to_passage.
INFO:src.hipporag.HippoRAG:Encoding 1 queries for query_to_passage.
INFO:src.hipporag.HippoRAG:Encoding 1 queries for query_to_passage.
INFO:src.hipporag.HippoRAG:Encoding 1 queries for query_to_passage.
INFO:src.hipporag.HippoRAG:Encoding 1 queries for query_to_passage.
INFO:src.hipporag.HippoRAG:Encoding 1 queries for query_to_passage.
INFO:src.hipporag.HippoRAG:Encoding 1 queries for query_to_passage.
INFO:src.hipporag.HippoRAG:Encoding 2 queries for query_to_passage.
INFO:src.hipporag.HippoRAG:Encoding 1 queries for query_to_passage.
INFO:src.hipporag.HippoRAG:Encoding 3 queries for query_to_passage.
INFO:src.hipporag.HippoRAG:Encoding 1 queries for query_to_passage.
INFO:src.hipporag.HippoRAG:Encoding 1 queries for query_to_passage.
INFO:src.hipporag.HippoRAG:Encoding 1 queries for query_to_passage.
INFO:src.hipporag.HippoRAG:Encoding 1 queries for query_to_passage.
INFO:src.hipporag.HippoRAG:Encoding 1 queries for query_to_passage.
INFO:src.hipporag.HippoRAG:Encoding 1 queries for query_to_passage.
INFO:src.hipporag.HippoRAG:Encoding 1 queries for query_to_passage.
INFO:src.hipporag.HippoRAG:Encoding 2 queries for query_to_passage.
INFO:src.hipporag.HippoRAG:Encoding 1 queries for query_to_passage.
INFO:src.hipporag.HippoRAG:Encoding 4 queries for query_to_passage.
INFO:src.hipporag.HippoRAG:Encoding 1 queries for query_to_passage.
INFO:src.hipporag.HippoRAG:Encoding 1 queries for query_to_passage.
INFO:src.hipporag.HippoRAG:Encoding 1 queries for query_to_passage.
INFO:src.hipporag.HippoRAG:Encoding 1 queries for query_to_passage.
INFO:src.hipporag.HippoRAG:Encoding 2 queries for query_to_passage.
INFO:src.hipporag.HippoRAG:Encoding 2 queries for query_to_passage.
INFO:src.hipporag.HippoRAG:Encoding 3 queries for query_to_passage.
INFO:src.hipporag.HippoRAG:Encoding 1 queries for query_to_passage.
INFO:src.hipporag.HippoRAG:Encoding 1 queries for query_to_passage.
INFO:src.hipporag.HippoRAG:Encoding 3 queries for query_to_passage.
INFO:src.hipporag.HippoRAG:Encoding 1 queries for query_to_passage.
INFO:src.hipporag.HippoRAG:Encoding 1 queries for query_to_passage.
INFO:src.hipporag.HippoRAG:Encoding 1 queries for query_to_passage.
INFO:src.hipporag.HippoRAG:Encoding 1 queries for query_to_passage.
INFO:src.hipporag.HippoRAG:Encoding 1 queries for query_to_passage.
INFO:src.hipporag.HippoRAG:Encoding 1 queries for query_to_passage.
INFO:src.hipporag.HippoRAG:Encoding 1 queries for query_to_passage.
INFO:src.hipporag.HippoRAG:Encoding 1 queries for query_to_passage.
INFO:src.hipporag.HippoRAG:Encoding 3 queries for query_to_passage.
INFO:src.hipporag.HippoRAG:Encoding 1 queries for query_to_passage.
INFO:src.hipporag.HippoRAG:Encoding 3 queries for query_to_passage.
INFO:src.hipporag.HippoRAG:Encoding 1 queries for query_to_passage.
INFO:src.hipporag.HippoRAG:Encoding 1 queries for query_to_passage.
INFO:src.hipporag.HippoRAG:Encoding 2 queries for query_to_passage.
INFO:src.hipporag.HippoRAG:Encoding 1 queries for query_to_passage.
INFO:src.hipporag.HippoRAG:Encoding 3 queries for query_to_passage.
INFO:src.hipporag.HippoRAG:Encoding 1 queries for query_to_passage.
INFO:src.hipporag.HippoRAG:Encoding 3 queries for query_to_passage.
INFO:src.hipporag.HippoRAG:Encoding 1 queries for query_to_passage.
INFO:src.hipporag.HippoRAG:Encoding 1 queries for query_to_passage.
INFO:src.hipporag.HippoRAG:Encoding 1 queries for query_to_passage.
INFO:src.hipporag.HippoRAG:Encoding 1 queries for query_to_passage.
INFO:src.hipporag.HippoRAG:Encoding 1 queries for query_to_passage.
INFO:src.hipporag.HippoRAG:Encoding 1 queries for query_to_passage.
INFO:src.hipporag.HippoRAG:Encoding 1 queries for query_to_passage.
INFO:src.hipporag.HippoRAG:Encoding 3 queries for query_to_passage.
INFO:src.hipporag.HippoRAG:Encoding 1 queries for query_to_passage.
INFO:src.hipporag.HippoRAG:Encoding 4 queries for query_to_passage.
INFO:src.hipporag.HippoRAG:Encoding 1 queries for query_to_passage.
INFO:src.hipporag.HippoRAG:Encoding 1 queries for query_to_passage.
INFO:src.hipporag.HippoRAG:Encoding 1 queries for query_to_passage.
INFO:src.hipporag.HippoRAG:Encoding 1 queries for query_to_passage.
INFO:src.hipporag.HippoRAG:Encoding 1 queries for query_to_passage.
INFO:src.hipporag.HippoRAG:Encoding 1 queries for query_to_passage.
INFO:src.hipporag.HippoRAG:Encoding 1 queries for query_to_passage.
INFO:src.hipporag.HippoRAG:Encoding 3 queries for query_to_passage.
INFO:src.hipporag.HippoRAG:Encoding 1 queries for query_to_passage.
INFO:src.hipporag.HippoRAG:Encoding 2 queries for query_to_passage.
INFO:src.hipporag.HippoRAG:Encoding 1 queries for query_to_passage.
INFO:src.hipporag.HippoRAG:Encoding 2 queries for query_to_passage.
INFO:src.hipporag.HippoRAG:Encoding 1 queries for query_to_passage.
INFO:src.hipporag.HippoRAG:Encoding 2 queries for query_to_passage.
INFO:src.hipporag.HippoRAG:Encoding 2 queries for query_to_passage.
INFO:src.hipporag.HippoRAG:Encoding 1 queries for query_to_passage.
INFO:src.hipporag.HippoRAG:Encoding 2 queries for query_to_passage.
INFO:src.hipporag.HippoRAG:Encoding 1 queries for query_to_passage.
INFO:src.hipporag.HippoRAG:Encoding 2 queries for query_to_passage.
INFO:src.hipporag.HippoRAG:Encoding 1 queries for query_to_passage.
INFO:src.hipporag.HippoRAG:Encoding 2 queries for query_to_passage.
INFO:src.hipporag.HippoRAG:Encoding 2 queries for query_to_passage.
INFO:src.hipporag.HippoRAG:Encoding 1 queries for query_to_passage.
INFO:src.hipporag.HippoRAG:Encoding 1 queries for query_to_passage.
INFO:src.hipporag.HippoRAG:Encoding 2 queries for query_to_passage.
INFO:src.hipporag.HippoRAG:Encoding 3 queries for query_to_passage.
INFO:src.hipporag.HippoRAG:Encoding 1 queries for query_to_passage.
INFO:src.hipporag.HippoRAG:Encoding 1 queries for query_to_passage.
INFO:src.hipporag.HippoRAG:Encoding 1 queries for query_to_passage.
INFO:src.hipporag.HippoRAG:Encoding 1 queries for query_to_passage.
INFO:src.hipporag.HippoRAG:Encoding 1 queries for query_to_passage.
INFO:src.hipporag.HippoRAG:Encoding 2 queries for query_to_passage.
INFO:src.hipporag.HippoRAG:Encoding 3 queries for query_to_passage.
INFO:src.hipporag.HippoRAG:Encoding 1 queries for query_to_passage.
INFO:src.hipporag.HippoRAG:Encoding 1 queries for query_to_passage.
INFO:src.hipporag.HippoRAG:Encoding 1 queries for query_to_passage.
INFO:src.hipporag.HippoRAG:Encoding 1 queries for query_to_passage.
INFO:src.hipporag.HippoRAG:Encoding 1 queries for query_to_passage.
INFO:src.hipporag.HippoRAG:Encoding 1 queries for query_to_passage.
INFO:src.hipporag.HippoRAG:Encoding 1 queries for query_to_passage.
INFO:src.hipporag.HippoRAG:Encoding 2 queries for query_to_passage.
INFO:src.hipporag.HippoRAG:Encoding 2 queries for query_to_passage.
INFO:src.hipporag.HippoRAG:Encoding 3 queries for query_to_passage.
INFO:src.hipporag.HippoRAG:Encoding 1 queries for query_to_passage.
INFO:src.hipporag.HippoRAG:Encoding 2 queries for query_to_passage.
INFO:src.hipporag.HippoRAG:Encoding 2 queries for query_to_passage.
INFO:src.hipporag.HippoRAG:Encoding 1 queries for query_to_passage.
INFO:src.hipporag.HippoRAG:Encoding 2 queries for query_to_passage.
INFO:src.hipporag.HippoRAG:Encoding 2 queries for query_to_passage.
INFO:src.hipporag.HippoRAG:Encoding 4 queries for query_to_passage.
INFO:src.hipporag.HippoRAG:Encoding 1 queries for query_to_passage.
INFO:src.hipporag.HippoRAG:Encoding 1 queries for query_to_passage.
INFO:src.hipporag.HippoRAG:Encoding 1 queries for query_to_passage.
INFO:src.hipporag.HippoRAG:Encoding 1 queries for query_to_passage.
INFO:src.hipporag.HippoRAG:Encoding 1 queries for query_to_passage.
INFO:src.hipporag.HippoRAG:Encoding 2 queries for query_to_passage.
INFO:src.hipporag.HippoRAG:Encoding 1 queries for query_to_passage.
INFO:src.hipporag.HippoRAG:Encoding 2 queries for query_to_passage.
INFO:src.hipporag.HippoRAG:Encoding 1 queries for query_to_passage.
INFO:src.hipporag.HippoRAG:Encoding 4 queries for query_to_passage.
INFO:src.hipporag.HippoRAG:Encoding 1 queries for query_to_passage.
INFO:src.hipporag.HippoRAG:Encoding 1 queries for query_to_passage.
INFO:src.hipporag.HippoRAG:Encoding 1 queries for query_to_passage.
INFO:src.hipporag.HippoRAG:Encoding 1 queries for query_to_passage.
INFO:src.hipporag.HippoRAG:Encoding 2 queries for query_to_passage.
INFO:src.hipporag.HippoRAG:Encoding 1 queries for query_to_passage.
INFO:src.hipporag.HippoRAG:Encoding 4 queries for query_to_passage.
INFO:src.hipporag.HippoRAG:Encoding 1 queries for query_to_passage.
INFO:src.hipporag.HippoRAG:Encoding 1 queries for query_to_passage.
INFO:src.hipporag.HippoRAG:Encoding 1 queries for query_to_passage.
INFO:src.hipporag.HippoRAG:Encoding 1 queries for query_to_passage.
INFO:src.hipporag.HippoRAG:Encoding 1 queries for query_to_passage.
INFO:src.hipporag.HippoRAG:Encoding 1 queries for query_to_passage.
INFO:src.hipporag.HippoRAG:Encoding 1 queries for query_to_passage.
INFO:src.hipporag.HippoRAG:Encoding 1 queries for query_to_passage.
INFO:src.hipporag.HippoRAG:Encoding 2 queries for query_to_passage.
INFO:src.hipporag.HippoRAG:Encoding 1 queries for query_to_passage.
INFO:src.hipporag.HippoRAG:Encoding 2 queries for query_to_passage.
INFO:src.hipporag.HippoRAG:Encoding 2 queries for query_to_passage.
INFO:src.hipporag.HippoRAG:Encoding 1 queries for query_to_passage.
INFO:src.hipporag.HippoRAG:Encoding 1 queries for query_to_passage.
INFO:src.hipporag.HippoRAG:Encoding 3 queries for query_to_passage.
INFO:src.hipporag.HippoRAG:Encoding 1 queries for query_to_passage.
INFO:src.hipporag.HippoRAG:Encoding 1 queries for query_to_passage.
INFO:src.hipporag.HippoRAG:Encoding 1 queries for query_to_passage.
INFO:src.hipporag.HippoRAG:Encoding 1 queries for query_to_passage.
INFO:src.hipporag.HippoRAG:Encoding 1 queries for query_to_passage.
INFO:src.hipporag.HippoRAG:Encoding 2 queries for query_to_passage.
INFO:src.hipporag.HippoRAG:Encoding 1 queries for query_to_passage.
INFO:src.hipporag.HippoRAG:Encoding 2 queries for query_to_passage.
INFO:src.hipporag.HippoRAG:Encoding 3 queries for query_to_passage.
INFO:src.hipporag.HippoRAG:Encoding 1 queries for query_to_passage.
INFO:src.hipporag.HippoRAG:Encoding 1 queries for query_to_passage.
INFO:src.hipporag.HippoRAG:Encoding 1 queries for query_to_passage.
INFO:src.hipporag.HippoRAG:Encoding 1 queries for query_to_passage.
INFO:src.hipporag.HippoRAG:Encoding 2 queries for query_to_passage.
INFO:src.hipporag.HippoRAG:Encoding 1 queries for query_to_passage.
INFO:src.hipporag.HippoRAG:Encoding 1 queries for query_to_passage.
INFO:src.hipporag.HippoRAG:Encoding 2 queries for query_to_passage.
INFO:src.hipporag.HippoRAG:Encoding 1 queries for query_to_passage.
INFO:src.hipporag.HippoRAG:Encoding 1 queries for query_to_passage.
INFO:src.hipporag.HippoRAG:Encoding 1 queries for query_to_passage.
INFO:src.hipporag.HippoRAG:Encoding 1 queries for query_to_passage.
INFO:src.hipporag.HippoRAG:Encoding 1 queries for query_to_passage.
INFO:src.hipporag.HippoRAG:Encoding 2 queries for query_to_passage.
INFO:src.hipporag.HippoRAG:Encoding 2 queries for query_to_passage.
INFO:src.hipporag.HippoRAG:Encoding 1 queries for query_to_passage.
INFO:src.hipporag.HippoRAG:Encoding 2 queries for query_to_passage.
INFO:src.hipporag.HippoRAG:Encoding 2 queries for query_to_passage.
INFO:src.hipporag.HippoRAG:Encoding 2 queries for query_to_passage.
INFO:src.hipporag.HippoRAG:Encoding 3 queries for query_to_passage.
INFO:src.hipporag.HippoRAG:Encoding 3 queries for query_to_passage.
INFO:src.hipporag.HippoRAG:Encoding 1 queries for query_to_passage.
INFO:src.hipporag.HippoRAG:Encoding 1 queries for query_to_passage.
INFO:src.hipporag.HippoRAG:Encoding 2 queries for query_to_passage.
INFO:src.hipporag.HippoRAG:Encoding 1 queries for query_to_passage.
INFO:src.hipporag.HippoRAG:Encoding 1 queries for query_to_passage.
INFO:src.hipporag.HippoRAG:Encoding 1 queries for query_to_passage.
INFO:src.hipporag.HippoRAG:Encoding 1 queries for query_to_passage.
INFO:src.hipporag.HippoRAG:Encoding 1 queries for query_to_passage.
INFO:src.hipporag.HippoRAG:Encoding 1 queries for query_to_passage.
INFO:src.hipporag.HippoRAG:Encoding 1 queries for query_to_passage.
INFO:src.hipporag.HippoRAG:Encoding 3 queries for query_to_passage.
INFO:src.hipporag.HippoRAG:Encoding 1 queries for query_to_passage.
INFO:src.hipporag.HippoRAG:Encoding 1 queries for query_to_passage.
INFO:src.hipporag.HippoRAG:Encoding 1 queries for query_to_passage.
INFO:src.hipporag.HippoRAG:Encoding 2 queries for query_to_passage.
INFO:src.hipporag.HippoRAG:Encoding 1 queries for query_to_passage.
INFO:src.hipporag.HippoRAG:Encoding 2 queries for query_to_passage.
INFO:src.hipporag.HippoRAG:Encoding 3 queries for query_to_passage.
INFO:src.hipporag.HippoRAG:Encoding 1 queries for query_to_passage.
INFO:src.hipporag.HippoRAG:Encoding 1 queries for query_to_passage.
INFO:src.hipporag.HippoRAG:Encoding 1 queries for query_to_passage.
INFO:src.hipporag.HippoRAG:Encoding 1 queries for query_to_passage.
INFO:src.hipporag.HippoRAG:Encoding 2 queries for query_to_passage.
INFO:src.hipporag.HippoRAG:Encoding 1 queries for query_to_passage.
INFO:src.hipporag.HippoRAG:Encoding 2 queries for query_to_passage.
INFO:src.hipporag.HippoRAG:Encoding 2 queries for query_to_passage.
INFO:src.hipporag.HippoRAG:Encoding 1 queries for query_to_passage.
INFO:src.hipporag.HippoRAG:Encoding 2 queries for query_to_passage.
INFO:src.hipporag.HippoRAG:Encoding 4 queries for query_to_passage.
INFO:src.hipporag.HippoRAG:Encoding 1 queries for query_to_passage.
INFO:src.hipporag.HippoRAG:Encoding 1 queries for query_to_passage.
INFO:src.hipporag.HippoRAG:Encoding 2 queries for query_to_passage.
INFO:src.hipporag.HippoRAG:Encoding 1 queries for query_to_passage.
INFO:src.hipporag.HippoRAG:Encoding 3 queries for query_to_passage.
INFO:src.hipporag.HippoRAG:Encoding 1 queries for query_to_passage.
INFO:src.hipporag.HippoRAG:Encoding 1 queries for query_to_passage.
INFO:src.hipporag.HippoRAG:Encoding 1 queries for query_to_passage.
INFO:src.hipporag.HippoRAG:Encoding 2 queries for query_to_passage.
INFO:src.hipporag.HippoRAG:Encoding 1 queries for query_to_passage.
INFO:src.hipporag.HippoRAG:Encoding 1 queries for query_to_passage.
INFO:src.hipporag.HippoRAG:Encoding 1 queries for query_to_passage.
INFO:src.hipporag.HippoRAG:Encoding 2 queries for query_to_passage.
INFO:src.hipporag.HippoRAG:Encoding 2 queries for query_to_passage.
INFO:src.hipporag.HippoRAG:Encoding 1 queries for query_to_passage.
INFO:src.hipporag.HippoRAG:Encoding 1 queries for query_to_passage.
INFO:src.hipporag.HippoRAG:Encoding 1 queries for query_to_passage.
INFO:src.hipporag.HippoRAG:Encoding 3 queries for query_to_passage.
INFO:src.hipporag.HippoRAG:Encoding 4 queries for query_to_passage.
INFO:src.hipporag.HippoRAG:Encoding 1 queries for query_to_passage.
INFO:src.hipporag.HippoRAG:Encoding 1 queries for query_to_passage.
INFO:src.hipporag.HippoRAG:Encoding 2 queries for query_to_passage.
INFO:src.hipporag.HippoRAG:Encoding 1 queries for query_to_passage.
INFO:src.hipporag.HippoRAG:Encoding 1 queries for query_to_passage.
INFO:src.hipporag.HippoRAG:Encoding 1 queries for query_to_passage.
INFO:src.hipporag.HippoRAG:Encoding 1 queries for query_to_passage.
INFO:src.hipporag.HippoRAG:Encoding 1 queries for query_to_passage.
INFO:src.hipporag.HippoRAG:Encoding 1 queries for query_to_passage.
INFO:src.hipporag.HippoRAG:Encoding 1 queries for query_to_passage.
INFO:src.hipporag.HippoRAG:Encoding 3 queries for query_to_passage.
INFO:src.hipporag.HippoRAG:Encoding 2 queries for query_to_passage.
INFO:src.hipporag.HippoRAG:Encoding 3 queries for query_to_passage.
INFO:src.hipporag.HippoRAG:Encoding 3 queries for query_to_passage.
INFO:src.hipporag.HippoRAG:Encoding 1 queries for query_to_passage.
INFO:src.hipporag.HippoRAG:Encoding 2 queries for query_to_passage.
INFO:src.hipporag.HippoRAG:Encoding 1 queries for query_to_passage.
INFO:src.hipporag.HippoRAG:Encoding 1 queries for query_to_passage.
INFO:src.hipporag.HippoRAG:Encoding 1 queries for query_to_passage.
INFO:src.hipporag.HippoRAG:Encoding 2 queries for query_to_passage.
INFO:src.hipporag.HippoRAG:Encoding 1 queries for query_to_passage.
INFO:src.hipporag.HippoRAG:Encoding 1 queries for query_to_passage.
INFO:src.hipporag.HippoRAG:Encoding 2 queries for query_to_passage.
INFO:src.hipporag.HippoRAG:Encoding 1 queries for query_to_passage.
INFO:src.hipporag.HippoRAG:Encoding 2 queries for query_to_passage.
INFO:src.hipporag.HippoRAG:Encoding 1 queries for query_to_passage.
INFO:src.hipporag.HippoRAG:Encoding 1 queries for query_to_passage.
INFO:src.hipporag.HippoRAG:Encoding 1 queries for query_to_passage.
INFO:src.hipporag.HippoRAG:Encoding 3 queries for query_to_passage.
INFO:src.hipporag.HippoRAG:Encoding 1 queries for query_to_passage.
INFO:src.hipporag.HippoRAG:Encoding 1 queries for query_to_passage.
INFO:src.hipporag.HippoRAG:Encoding 1 queries for query_to_passage.
INFO:src.hipporag.HippoRAG:Encoding 1 queries for query_to_passage.
INFO:src.hipporag.HippoRAG:Encoding 4 queries for query_to_passage.
INFO:src.hipporag.HippoRAG:Encoding 1 queries for query_to_passage.
INFO:src.hipporag.HippoRAG:Encoding 1 queries for query_to_passage.
INFO:src.hipporag.HippoRAG:Encoding 1 queries for query_to_passage.
INFO:src.hipporag.HippoRAG:Encoding 4 queries for query_to_passage.
INFO:src.hipporag.HippoRAG:Encoding 1 queries for query_to_passage.
INFO:src.hipporag.HippoRAG:Encoding 1 queries for query_to_passage.
INFO:src.hipporag.HippoRAG:Encoding 1 queries for query_to_passage.
INFO:src.hipporag.HippoRAG:Encoding 1 queries for query_to_passage.
INFO:src.hipporag.HippoRAG:Encoding 1 queries for query_to_passage.
INFO:src.hipporag.HippoRAG:Encoding 3 queries for query_to_passage.
INFO:src.hipporag.HippoRAG:Encoding 1 queries for query_to_passage.
INFO:src.hipporag.HippoRAG:Encoding 1 queries for query_to_passage.
INFO:src.hipporag.HippoRAG:Encoding 3 queries for query_to_passage.
INFO:src.hipporag.HippoRAG:Encoding 1 queries for query_to_passage.
INFO:src.hipporag.HippoRAG:Encoding 1 queries for query_to_passage.
INFO:src.hipporag.HippoRAG:Encoding 1 queries for query_to_passage.
INFO:src.hipporag.HippoRAG:Encoding 1 queries for query_to_passage.
INFO:src.hipporag.HippoRAG:Encoding 3 queries for query_to_passage.
INFO:src.hipporag.HippoRAG:Encoding 3 queries for query_to_passage.
INFO:src.hipporag.HippoRAG:Encoding 1 queries for query_to_passage.
INFO:src.hipporag.HippoRAG:Encoding 1 queries for query_to_passage.
INFO:src.hipporag.HippoRAG:Encoding 1 queries for query_to_passage.
INFO:src.hipporag.HippoRAG:Encoding 1 queries for query_to_passage.
INFO:src.hipporag.HippoRAG:Encoding 1 queries for query_to_passage.
INFO:src.hipporag.HippoRAG:Encoding 2 queries for query_to_passage.
INFO:src.hipporag.HippoRAG:Encoding 2 queries for query_to_passage.
INFO:src.hipporag.HippoRAG:Encoding 1 queries for query_to_passage.
INFO:src.hipporag.HippoRAG:Encoding 2 queries for query_to_passage.
INFO:src.hipporag.HippoRAG:Encoding 1 queries for query_to_passage.
INFO:src.hipporag.HippoRAG:Encoding 1 queries for query_to_passage.
INFO:src.hipporag.HippoRAG:Encoding 2 queries for query_to_passage.
INFO:src.hipporag.HippoRAG:Encoding 1 queries for query_to_passage.
INFO:src.hipporag.HippoRAG:Encoding 2 queries for query_to_passage.
INFO:src.hipporag.HippoRAG:Encoding 2 queries for query_to_passage.
INFO:src.hipporag.HippoRAG:Encoding 1 queries for query_to_passage.
INFO:src.hipporag.HippoRAG:Encoding 2 queries for query_to_passage.
INFO:src.hipporag.HippoRAG:Encoding 1 queries for query_to_passage.
INFO:src.hipporag.HippoRAG:Encoding 1 queries for query_to_passage.
INFO:src.hipporag.HippoRAG:Encoding 1 queries for query_to_passage.
INFO:src.hipporag.HippoRAG:Encoding 1 queries for query_to_passage.
INFO:src.hipporag.HippoRAG:Encoding 2 queries for query_to_passage.
INFO:src.hipporag.HippoRAG:Encoding 1 queries for query_to_passage.
INFO:src.hipporag.HippoRAG:Encoding 2 queries for query_to_passage.
INFO:src.hipporag.HippoRAG:Encoding 1 queries for query_to_passage.
INFO:src.hipporag.HippoRAG:Encoding 2 queries for query_to_passage.
INFO:src.hipporag.HippoRAG:Encoding 3 queries for query_to_passage.
INFO:src.hipporag.HippoRAG:Encoding 1 queries for query_to_passage.
INFO:src.hipporag.HippoRAG:Encoding 1 queries for query_to_passage.
INFO:src.hipporag.HippoRAG:Encoding 1 queries for query_to_passage.
INFO:src.hipporag.HippoRAG:Encoding 1 queries for query_to_passage.
INFO:src.hipporag.HippoRAG:Encoding 1 queries for query_to_passage.
INFO:src.hipporag.HippoRAG:Encoding 1 queries for query_to_passage.
INFO:src.hipporag.HippoRAG:Encoding 2 queries for query_to_passage.
INFO:src.hipporag.HippoRAG:Encoding 1 queries for query_to_passage.
INFO:src.hipporag.HippoRAG:Encoding 1 queries for query_to_passage.
INFO:src.hipporag.HippoRAG:Encoding 1 queries for query_to_passage.
INFO:src.hipporag.HippoRAG:Encoding 1 queries for query_to_passage.
INFO:src.hipporag.HippoRAG:Encoding 1 queries for query_to_passage.
INFO:src.hipporag.HippoRAG:Encoding 2 queries for query_to_passage.
INFO:src.hipporag.HippoRAG:Encoding 1 queries for query_to_passage.
INFO:src.hipporag.HippoRAG:Encoding 1 queries for query_to_passage.
INFO:src.hipporag.HippoRAG:Encoding 2 queries for query_to_passage.
INFO:src.hipporag.HippoRAG:Encoding 2 queries for query_to_passage.
INFO:src.hipporag.HippoRAG:Encoding 1 queries for query_to_passage.
INFO:src.hipporag.HippoRAG:Encoding 3 queries for query_to_passage.
INFO:src.hipporag.HippoRAG:Encoding 1 queries for query_to_passage.
INFO:src.hipporag.HippoRAG:Encoding 1 queries for query_to_passage.
INFO:src.hipporag.HippoRAG:Encoding 1 queries for query_to_passage.
INFO:src.hipporag.HippoRAG:Encoding 2 queries for query_to_passage.
INFO:src.hipporag.HippoRAG:Encoding 1 queries for query_to_passage.
INFO:src.hipporag.HippoRAG:Encoding 3 queries for query_to_passage.
INFO:src.hipporag.HippoRAG:Encoding 1 queries for query_to_passage.
INFO:src.hipporag.HippoRAG:Encoding 1 queries for query_to_passage.
INFO:src.hipporag.HippoRAG:Encoding 4 queries for query_to_passage.
INFO:src.hipporag.HippoRAG:Encoding 1 queries for query_to_passage.
INFO:src.hipporag.HippoRAG:Encoding 1 queries for query_to_passage.
INFO:src.hipporag.HippoRAG:Encoding 1 queries for query_to_passage.
INFO:src.hipporag.HippoRAG:Encoding 1 queries for query_to_passage.
INFO:src.hipporag.HippoRAG:Encoding 1 queries for query_to_passage.
INFO:src.hipporag.HippoRAG:Encoding 2 queries for query_to_passage.
INFO:src.hipporag.HippoRAG:Encoding 1 queries for query_to_passage.
INFO:src.hipporag.HippoRAG:Encoding 2 queries for query_to_passage.
INFO:src.hipporag.HippoRAG:Encoding 1 queries for query_to_passage.
INFO:src.hipporag.HippoRAG:Encoding 2 queries for query_to_passage.
INFO:src.hipporag.HippoRAG:Encoding 1 queries for query_to_passage.
INFO:src.hipporag.HippoRAG:Encoding 1 queries for query_to_passage.
INFO:src.hipporag.HippoRAG:Encoding 2 queries for query_to_passage.
INFO:src.hipporag.HippoRAG:Encoding 1 queries for query_to_passage.
INFO:src.hipporag.HippoRAG:Encoding 2 queries for query_to_passage.
INFO:src.hipporag.HippoRAG:Encoding 1 queries for query_to_passage.
INFO:src.hipporag.HippoRAG:Encoding 2 queries for query_to_passage.
INFO:src.hipporag.HippoRAG:Encoding 2 queries for query_to_passage.
INFO:src.hipporag.HippoRAG:Encoding 1 queries for query_to_passage.
INFO:src.hipporag.HippoRAG:Encoding 2 queries for query_to_passage.
INFO:src.hipporag.HippoRAG:Encoding 1 queries for query_to_passage.
INFO:src.hipporag.HippoRAG:Encoding 2 queries for query_to_passage.
INFO:src.hipporag.HippoRAG:Encoding 1 queries for query_to_passage.
INFO:src.hipporag.HippoRAG:Encoding 1 queries for query_to_passage.
INFO:src.hipporag.HippoRAG:Encoding 1 queries for query_to_passage.
INFO:src.hipporag.HippoRAG:Encoding 1 queries for query_to_passage.
INFO:src.hipporag.HippoRAG:Encoding 1 queries for query_to_passage.
INFO:src.hipporag.HippoRAG:Encoding 2 queries for query_to_passage.
INFO:src.hipporag.HippoRAG:Encoding 3 queries for query_to_passage.
INFO:src.hipporag.HippoRAG:Encoding 2 queries for query_to_passage.
INFO:src.hipporag.HippoRAG:Encoding 1 queries for query_to_passage.
INFO:src.hipporag.HippoRAG:Encoding 1 queries for query_to_passage.
INFO:src.hipporag.HippoRAG:Encoding 1 queries for query_to_passage.
INFO:src.hipporag.HippoRAG:Encoding 3 queries for query_to_passage.
INFO:src.hipporag.HippoRAG:Encoding 1 queries for query_to_passage.
INFO:src.hipporag.HippoRAG:Encoding 2 queries for query_to_passage.
INFO:src.hipporag.HippoRAG:Encoding 1 queries for query_to_passage.
INFO:src.hipporag.HippoRAG:Encoding 2 queries for query_to_passage.
INFO:src.hipporag.HippoRAG:Encoding 1 queries for query_to_passage.
INFO:src.hipporag.HippoRAG:Encoding 1 queries for query_to_passage.
INFO:src.hipporag.HippoRAG:Encoding 1 queries for query_to_passage.
INFO:src.hipporag.HippoRAG:Encoding 1 queries for query_to_passage.
INFO:src.hipporag.HippoRAG:Encoding 2 queries for query_to_passage.
INFO:src.hipporag.HippoRAG:Encoding 1 queries for query_to_passage.
INFO:src.hipporag.HippoRAG:Encoding 2 queries for query_to_passage.
INFO:src.hipporag.HippoRAG:Encoding 1 queries for query_to_passage.
INFO:src.hipporag.HippoRAG:Encoding 1 queries for query_to_passage.
INFO:src.hipporag.HippoRAG:Encoding 1 queries for query_to_passage.
INFO:src.hipporag.HippoRAG:Encoding 2 queries for query_to_passage.
INFO:src.hipporag.HippoRAG:Encoding 1 queries for query_to_passage.
INFO:src.hipporag.HippoRAG:Encoding 1 queries for query_to_passage.
INFO:src.hipporag.HippoRAG:Encoding 3 queries for query_to_passage.
INFO:src.hipporag.HippoRAG:Encoding 2 queries for query_to_passage.
INFO:src.hipporag.HippoRAG:Encoding 2 queries for query_to_passage.
INFO:src.hipporag.HippoRAG:Encoding 3 queries for query_to_passage.
INFO:src.hipporag.HippoRAG:Encoding 1 queries for query_to_passage.
INFO:src.hipporag.HippoRAG:Encoding 1 queries for query_to_passage.
INFO:src.hipporag.HippoRAG:Encoding 2 queries for query_to_passage.
INFO:src.hipporag.HippoRAG:Encoding 1 queries for query_to_passage.
INFO:src.hipporag.HippoRAG:Encoding 2 queries for query_to_passage.
INFO:src.hipporag.HippoRAG:Encoding 1 queries for query_to_passage.
INFO:src.hipporag.HippoRAG:Encoding 1 queries for query_to_passage.
INFO:src.hipporag.HippoRAG:Encoding 1 queries for query_to_passage.
INFO:src.hipporag.HippoRAG:Encoding 1 queries for query_to_passage.
INFO:src.hipporag.HippoRAG:Encoding 4 queries for query_to_passage.
INFO:src.hipporag.HippoRAG:Encoding 1 queries for query_to_passage.
INFO:src.hipporag.HippoRAG:Encoding 1 queries for query_to_passage.
INFO:src.hipporag.HippoRAG:Encoding 2 queries for query_to_passage.
INFO:src.hipporag.HippoRAG:Encoding 1 queries for query_to_passage.
INFO:src.hipporag.HippoRAG:Encoding 3 queries for query_to_passage.
INFO:src.hipporag.HippoRAG:Encoding 1 queries for query_to_passage.
INFO:src.hipporag.HippoRAG:Encoding 2 queries for query_to_passage.
INFO:src.hipporag.HippoRAG:Encoding 2 queries for query_to_passage.
INFO:src.hipporag.HippoRAG:Encoding 1 queries for query_to_passage.
INFO:src.hipporag.HippoRAG:Encoding 2 queries for query_to_passage.
INFO:src.hipporag.HippoRAG:Encoding 1 queries for query_to_passage.
INFO:src.hipporag.HippoRAG:Encoding 1 queries for query_to_passage.
INFO:src.hipporag.HippoRAG:Encoding 2 queries for query_to_passage.
INFO:src.hipporag.HippoRAG:Encoding 2 queries for query_to_passage.
INFO:src.hipporag.HippoRAG:Encoding 2 queries for query_to_passage.
INFO:src.hipporag.HippoRAG:Encoding 1 queries for query_to_passage.
INFO:src.hipporag.HippoRAG:Encoding 2 queries for query_to_passage.
INFO:src.hipporag.HippoRAG:Encoding 2 queries for query_to_passage.
INFO:src.hipporag.HippoRAG:Encoding 1 queries for query_to_passage.
INFO:src.hipporag.HippoRAG:Encoding 1 queries for query_to_passage.
INFO:src.hipporag.HippoRAG:Encoding 4 queries for query_to_passage.
INFO:src.hipporag.HippoRAG:Encoding 1 queries for query_to_passage.
INFO:src.hipporag.HippoRAG:Encoding 2 queries for query_to_passage.
INFO:src.hipporag.HippoRAG:Encoding 1 queries for query_to_passage.
INFO:src.hipporag.HippoRAG:Encoding 1 queries for query_to_passage.
INFO:src.hipporag.HippoRAG:Encoding 1 queries for query_to_passage.
INFO:src.hipporag.HippoRAG:Encoding 1 queries for query_to_passage.
INFO:src.hipporag.HippoRAG:Encoding 2 queries for query_to_passage.
INFO:src.hipporag.HippoRAG:Encoding 2 queries for query_to_passage.
INFO:src.hipporag.HippoRAG:Encoding 1 queries for query_to_passage.
INFO:src.hipporag.HippoRAG:Encoding 1 queries for query_to_passage.
INFO:src.hipporag.HippoRAG:Encoding 1 queries for query_to_passage.
INFO:src.hipporag.HippoRAG:Encoding 1 queries for query_to_passage.
INFO:src.hipporag.HippoRAG:Encoding 1 queries for query_to_passage.
INFO:src.hipporag.HippoRAG:Encoding 2 queries for query_to_passage.
INFO:src.hipporag.HippoRAG:Encoding 2 queries for query_to_passage.
INFO:src.hipporag.HippoRAG:Encoding 1 queries for query_to_passage.
INFO:src.hipporag.HippoRAG:Encoding 1 queries for query_to_passage.
INFO:src.hipporag.HippoRAG:Encoding 1 queries for query_to_passage.
INFO:src.hipporag.HippoRAG:Encoding 1 queries for query_to_passage.
INFO:src.hipporag.HippoRAG:Encoding 1 queries for query_to_passage.
INFO:src.hipporag.HippoRAG:Encoding 1 queries for query_to_passage.
INFO:src.hipporag.HippoRAG:Encoding 2 queries for query_to_passage.
INFO:src.hipporag.HippoRAG:Encoding 3 queries for query_to_passage.
INFO:src.hipporag.HippoRAG:Encoding 1 queries for query_to_passage.
INFO:src.hipporag.HippoRAG:Encoding 1 queries for query_to_passage.
INFO:src.hipporag.HippoRAG:Encoding 3 queries for query_to_passage.
INFO:src.hipporag.HippoRAG:Encoding 4 queries for query_to_passage.
INFO:src.hipporag.HippoRAG:Encoding 1 queries for query_to_passage.
INFO:src.hipporag.HippoRAG:Encoding 1 queries for query_to_passage.
INFO:src.hipporag.HippoRAG:Encoding 1 queries for query_to_passage.
INFO:src.hipporag.HippoRAG:Encoding 1 queries for query_to_passage.
INFO:src.hipporag.HippoRAG:Encoding 1 queries for query_to_passage.
INFO:src.hipporag.HippoRAG:Encoding 2 queries for query_to_passage.
INFO:src.hipporag.HippoRAG:Encoding 1 queries for query_to_passage.
INFO:src.hipporag.HippoRAG:Encoding 3 queries for query_to_passage.
INFO:src.hipporag.HippoRAG:Encoding 1 queries for query_to_passage.
INFO:src.hipporag.HippoRAG:Encoding 1 queries for query_to_passage.
INFO:src.hipporag.HippoRAG:Encoding 3 queries for query_to_passage.
INFO:src.hipporag.HippoRAG:Encoding 1 queries for query_to_passage.
INFO:src.hipporag.HippoRAG:Encoding 1 queries for query_to_passage.
INFO:src.hipporag.HippoRAG:Encoding 1 queries for query_to_passage.
INFO:src.hipporag.HippoRAG:Encoding 2 queries for query_to_passage.
INFO:src.hipporag.HippoRAG:Encoding 1 queries for query_to_passage.
INFO:src.hipporag.HippoRAG:Encoding 1 queries for query_to_passage.
INFO:src.hipporag.HippoRAG:Encoding 2 queries for query_to_passage.
INFO:src.hipporag.HippoRAG:Encoding 1 queries for query_to_passage.
INFO:src.hipporag.HippoRAG:Encoding 2 queries for query_to_passage.
INFO:src.hipporag.HippoRAG:Encoding 1 queries for query_to_passage.
INFO:src.hipporag.HippoRAG:Encoding 2 queries for query_to_passage.
INFO:src.hipporag.HippoRAG:Encoding 2 queries for query_to_passage.
INFO:src.hipporag.HippoRAG:Encoding 1 queries for query_to_passage.
INFO:src.hipporag.HippoRAG:Encoding 1 queries for query_to_passage.
INFO:src.hipporag.HippoRAG:Encoding 1 queries for query_to_passage.
INFO:src.hipporag.HippoRAG:Encoding 3 queries for query_to_passage.
INFO:src.hipporag.HippoRAG:Encoding 1 queries for query_to_passage.
INFO:src.hipporag.HippoRAG:Encoding 2 queries for query_to_passage.
INFO:src.hipporag.HippoRAG:Encoding 1 queries for query_to_passage.
INFO:src.hipporag.HippoRAG:Encoding 1 queries for query_to_passage.
INFO:src.hipporag.HippoRAG:Encoding 2 queries for query_to_passage.
INFO:src.hipporag.HippoRAG:Encoding 2 queries for query_to_passage.
INFO:src.hipporag.HippoRAG:Encoding 1 queries for query_to_passage.
INFO:src.hipporag.HippoRAG:Encoding 1 queries for query_to_passage.
INFO:src.hipporag.HippoRAG:Encoding 2 queries for query_to_passage.
INFO:src.hipporag.HippoRAG:Encoding 1 queries for query_to_passage.
INFO:src.hipporag.HippoRAG:Encoding 2 queries for query_to_passage.
INFO:src.hipporag.HippoRAG:Encoding 2 queries for query_to_passage.
INFO:src.hipporag.HippoRAG:Encoding 1 queries for query_to_passage.
INFO:src.hipporag.HippoRAG:Encoding 1 queries for query_to_passage.
INFO:src.hipporag.HippoRAG:Encoding 3 queries for query_to_passage.
INFO:src.hipporag.HippoRAG:Encoding 1 queries for query_to_passage.
INFO:src.hipporag.HippoRAG:Encoding 1 queries for query_to_passage.
INFO:src.hipporag.HippoRAG:Encoding 3 queries for query_to_passage.
INFO:src.hipporag.HippoRAG:Encoding 1 queries for query_to_passage.
INFO:src.hipporag.HippoRAG:Encoding 1 queries for query_to_passage.
INFO:src.hipporag.HippoRAG:Encoding 1 queries for query_to_passage.
INFO:src.hipporag.HippoRAG:Encoding 2 queries for query_to_passage.
INFO:src.hipporag.HippoRAG:Encoding 1 queries for query_to_passage.
INFO:src.hipporag.HippoRAG:Encoding 3 queries for query_to_passage.
INFO:src.hipporag.HippoRAG:Encoding 1 queries for query_to_passage.
INFO:src.hipporag.HippoRAG:Encoding 4 queries for query_to_passage.
INFO:src.hipporag.HippoRAG:Encoding 1 queries for query_to_passage.
INFO:src.hipporag.HippoRAG:Encoding 1 queries for query_to_passage.
INFO:src.hipporag.HippoRAG:Encoding 1 queries for query_to_passage.
INFO:src.hipporag.HippoRAG:Encoding 1 queries for query_to_passage.
INFO:src.hipporag.HippoRAG:Encoding 1 queries for query_to_passage.
INFO:src.hipporag.HippoRAG:Encoding 1 queries for query_to_passage.
INFO:src.hipporag.HippoRAG:Encoding 2 queries for query_to_passage.
INFO:src.hipporag.HippoRAG:Encoding 2 queries for query_to_passage.
INFO:src.hipporag.HippoRAG:Encoding 4 queries for query_to_passage.
INFO:src.hipporag.HippoRAG:Encoding 1 queries for query_to_passage.
INFO:src.hipporag.HippoRAG:Encoding 1 queries for query_to_passage.
INFO:src.hipporag.HippoRAG:Encoding 1 queries for query_to_passage.
INFO:src.hipporag.HippoRAG:Encoding 3 queries for query_to_passage.
INFO:src.hipporag.HippoRAG:Encoding 1 queries for query_to_passage.
INFO:src.hipporag.HippoRAG:Encoding 1 queries for query_to_passage.
INFO:src.hipporag.HippoRAG:Encoding 1 queries for query_to_passage.
INFO:src.hipporag.HippoRAG:Encoding 1 queries for query_to_passage.
INFO:src.hipporag.HippoRAG:Encoding 1 queries for query_to_passage.
INFO:src.hipporag.HippoRAG:Encoding 1 queries for query_to_passage.
INFO:src.hipporag.HippoRAG:Encoding 3 queries for query_to_passage.
INFO:src.hipporag.HippoRAG:Encoding 1 queries for query_to_passage.
INFO:src.hipporag.HippoRAG:Encoding 2 queries for query_to_passage.
INFO:src.hipporag.HippoRAG:Encoding 3 queries for query_to_passage.
INFO:src.hipporag.HippoRAG:Encoding 1 queries for query_to_passage.
INFO:src.hipporag.HippoRAG:Encoding 1 queries for query_to_passage.
INFO:src.hipporag.HippoRAG:Encoding 2 queries for query_to_passage.
INFO:src.hipporag.HippoRAG:Encoding 2 queries for query_to_passage.
INFO:src.hipporag.HippoRAG:Encoding 1 queries for query_to_passage.
INFO:src.hipporag.HippoRAG:Encoding 1 queries for query_to_passage.
INFO:src.hipporag.HippoRAG:Encoding 4 queries for query_to_passage.
INFO:src.hipporag.HippoRAG:Encoding 1 queries for query_to_passage.
INFO:src.hipporag.HippoRAG:Encoding 1 queries for query_to_passage.
INFO:src.hipporag.HippoRAG:Encoding 2 queries for query_to_passage.
INFO:src.hipporag.HippoRAG:Encoding 1 queries for query_to_passage.
INFO:src.hipporag.HippoRAG:Encoding 3 queries for query_to_passage.
INFO:src.hipporag.HippoRAG:Encoding 1 queries for query_to_passage.
INFO:src.hipporag.HippoRAG:Encoding 1 queries for query_to_passage.
INFO:src.hipporag.HippoRAG:Encoding 1 queries for query_to_passage.
INFO:src.hipporag.HippoRAG:Encoding 2 queries for query_to_passage.
INFO:src.hipporag.HippoRAG:Encoding 1 queries for query_to_passage.
INFO:src.hipporag.HippoRAG:Encoding 2 queries for query_to_passage.
INFO:src.hipporag.HippoRAG:Encoding 4 queries for query_to_passage.
INFO:src.hipporag.HippoRAG:Encoding 1 queries for query_to_passage.
INFO:src.hipporag.HippoRAG:Encoding 1 queries for query_to_passage.
INFO:src.hipporag.HippoRAG:Encoding 2 queries for query_to_passage.
INFO:src.hipporag.HippoRAG:Encoding 1 queries for query_to_passage.
INFO:src.hipporag.HippoRAG:Encoding 1 queries for query_to_passage.
INFO:src.hipporag.HippoRAG:Encoding 2 queries for query_to_passage.
INFO:src.hipporag.HippoRAG:Encoding 1 queries for query_to_passage.
INFO:src.hipporag.HippoRAG:Encoding 1 queries for query_to_passage.
INFO:src.hipporag.HippoRAG:Encoding 4 queries for query_to_passage.
INFO:src.hipporag.HippoRAG:Encoding 1 queries for query_to_passage.
INFO:src.hipporag.HippoRAG:Encoding 1 queries for query_to_passage.
INFO:src.hipporag.HippoRAG:Encoding 1 queries for query_to_passage.
INFO:src.hipporag.HippoRAG:Encoding 2 queries for query_to_passage.
INFO:src.hipporag.HippoRAG:Encoding 1 queries for query_to_passage.
INFO:src.hipporag.HippoRAG:Encoding 1 queries for query_to_passage.
INFO:src.hipporag.HippoRAG:Encoding 1 queries for query_to_passage.
INFO:src.hipporag.HippoRAG:Encoding 1 queries for query_to_passage.
INFO:src.hipporag.HippoRAG:Encoding 1 queries for query_to_passage.
INFO:src.hipporag.HippoRAG:Encoding 2 queries for query_to_passage.
INFO:src.hipporag.HippoRAG:Encoding 1 queries for query_to_passage.
INFO:src.hipporag.HippoRAG:Encoding 1 queries for query_to_passage.
INFO:src.hipporag.HippoRAG:Encoding 1 queries for query_to_passage.
INFO:src.hipporag.HippoRAG:Encoding 1 queries for query_to_passage.
INFO:src.hipporag.HippoRAG:Encoding 1 queries for query_to_passage.
INFO:src.hipporag.HippoRAG:Encoding 1 queries for query_to_passage.
INFO:src.hipporag.HippoRAG:Encoding 3 queries for query_to_passage.
INFO:src.hipporag.HippoRAG:Encoding 1 queries for query_to_passage.
INFO:src.hipporag.HippoRAG:Encoding 2 queries for query_to_passage.
INFO:src.hipporag.HippoRAG:Encoding 1 queries for query_to_passage.
INFO:src.hipporag.HippoRAG:Encoding 1 queries for query_to_passage.
INFO:src.hipporag.HippoRAG:Encoding 1 queries for query_to_passage.
INFO:src.hipporag.HippoRAG:Encoding 1 queries for query_to_passage.
INFO:src.hipporag.HippoRAG:Encoding 1 queries for query_to_passage.
INFO:src.hipporag.HippoRAG:Encoding 1 queries for query_to_passage.
INFO:src.hipporag.HippoRAG:Encoding 1 queries for query_to_passage.
INFO:src.hipporag.HippoRAG:Encoding 1 queries for query_to_passage.
INFO:src.hipporag.HippoRAG:Encoding 1 queries for query_to_passage.
INFO:src.hipporag.HippoRAG:Encoding 3 queries for query_to_passage.
INFO:src.hipporag.HippoRAG:Encoding 1 queries for query_to_passage.
INFO:src.hipporag.HippoRAG:Encoding 1 queries for query_to_passage.
INFO:src.hipporag.HippoRAG:Encoding 2 queries for query_to_passage.
INFO:src.hipporag.HippoRAG:Encoding 2 queries for query_to_passage.
INFO:src.hipporag.HippoRAG:Encoding 1 queries for query_to_passage.
INFO:src.hipporag.HippoRAG:Encoding 4 queries for query_to_passage.
INFO:src.hipporag.HippoRAG:Encoding 2 queries for query_to_passage.
INFO:src.hipporag.HippoRAG:Encoding 1 queries for query_to_passage.
INFO:src.hipporag.HippoRAG:Encoding 4 queries for query_to_passage.
INFO:src.hipporag.HippoRAG:Encoding 1 queries for query_to_passage.
INFO:src.hipporag.HippoRAG:Encoding 1 queries for query_to_passage.
INFO:src.hipporag.HippoRAG:Encoding 1 queries for query_to_passage.
INFO:src.hipporag.HippoRAG:Encoding 1 queries for query_to_passage.
INFO:src.hipporag.HippoRAG:Encoding 1 queries for query_to_passage.
INFO:src.hipporag.HippoRAG:Encoding 1 queries for query_to_passage.
INFO:src.hipporag.HippoRAG:Encoding 1 queries for query_to_passage.
INFO:src.hipporag.HippoRAG:Encoding 1 queries for query_to_passage.
INFO:src.hipporag.HippoRAG:Encoding 1 queries for query_to_passage.
INFO:src.hipporag.HippoRAG:Encoding 1 queries for query_to_passage.
INFO:src.hipporag.HippoRAG:Encoding 1 queries for query_to_passage.
INFO:src.hipporag.HippoRAG:Encoding 2 queries for query_to_passage.
INFO:src.hipporag.HippoRAG:Encoding 1 queries for query_to_passage.
INFO:src.hipporag.HippoRAG:Encoding 2 queries for query_to_passage.
INFO:src.hipporag.HippoRAG:Encoding 2 queries for query_to_passage.
INFO:src.hipporag.HippoRAG:Encoding 1 queries for query_to_passage.
INFO:src.hipporag.HippoRAG:Encoding 1 queries for query_to_passage.
INFO:src.hipporag.HippoRAG:Encoding 1 queries for query_to_passage.
INFO:src.hipporag.HippoRAG:Encoding 1 queries for query_to_passage.
INFO:src.hipporag.HippoRAG:Encoding 2 queries for query_to_passage.
INFO:src.hipporag.HippoRAG:Encoding 1 queries for query_to_passage.
INFO:src.hipporag.HippoRAG:Encoding 2 queries for query_to_passage.
INFO:src.hipporag.HippoRAG:Encoding 1 queries for query_to_passage.
INFO:src.hipporag.HippoRAG:Encoding 3 queries for query_to_passage.
INFO:src.hipporag.HippoRAG:Encoding 1 queries for query_to_passage.
INFO:src.hipporag.HippoRAG:Encoding 3 queries for query_to_passage.
INFO:src.hipporag.HippoRAG:Encoding 3 queries for query_to_passage.
INFO:src.hipporag.HippoRAG:Encoding 1 queries for query_to_passage.
INFO:src.hipporag.HippoRAG:Encoding 1 queries for query_to_passage.
INFO:src.hipporag.HippoRAG:Encoding 1 queries for query_to_passage.
INFO:src.hipporag.HippoRAG:Encoding 1 queries for query_to_passage.
INFO:src.hipporag.HippoRAG:Encoding 2 queries for query_to_passage.
INFO:src.hipporag.HippoRAG:Encoding 1 queries for query_to_passage.
INFO:src.hipporag.HippoRAG:Encoding 3 queries for query_to_passage.
INFO:src.hipporag.HippoRAG:Encoding 1 queries for query_to_passage.
INFO:src.hipporag.HippoRAG:Encoding 1 queries for query_to_passage.
INFO:src.hipporag.HippoRAG:Encoding 1 queries for query_to_passage.
INFO:src.hipporag.HippoRAG:Encoding 1 queries for query_to_passage.
INFO:src.hipporag.HippoRAG:Encoding 4 queries for query_to_passage.
INFO:src.hipporag.HippoRAG:Encoding 1 queries for query_to_passage.
INFO:src.hipporag.HippoRAG:Encoding 1 queries for query_to_passage.
INFO:src.hipporag.HippoRAG:Encoding 1 queries for query_to_passage.
INFO:src.hipporag.HippoRAG:Encoding 1 queries for query_to_passage.
INFO:src.hipporag.HippoRAG:Encoding 1 queries for query_to_passage.
INFO:src.hipporag.HippoRAG:Encoding 2 queries for query_to_passage.
INFO:src.hipporag.HippoRAG:Encoding 1 queries for query_to_passage.
INFO:src.hipporag.HippoRAG:Encoding 1 queries for query_to_passage.
INFO:src.hipporag.HippoRAG:Encoding 2 queries for query_to_passage.
INFO:src.hipporag.HippoRAG:Encoding 1 queries for query_to_passage.
INFO:src.hipporag.HippoRAG:Encoding 1 queries for query_to_passage.
INFO:src.hipporag.HippoRAG:Encoding 2 queries for query_to_passage.
INFO:src.hipporag.HippoRAG:Encoding 1 queries for query_to_passage.
INFO:src.hipporag.HippoRAG:Encoding 2 queries for query_to_passage.
INFO:src.hipporag.HippoRAG:Encoding 2 queries for query_to_passage.
INFO:src.hipporag.HippoRAG:Encoding 3 queries for query_to_passage.
INFO:src.hipporag.HippoRAG:Encoding 1 queries for query_to_passage.
INFO:src.hipporag.HippoRAG:Encoding 1 queries for query_to_passage.
INFO:src.hipporag.HippoRAG:Encoding 2 queries for query_to_passage.
INFO:src.hipporag.HippoRAG:Encoding 1 queries for query_to_passage.
INFO:src.hipporag.HippoRAG:Encoding 1 queries for query_to_passage.
INFO:src.hipporag.HippoRAG:Encoding 4 queries for query_to_passage.
INFO:src.hipporag.HippoRAG:Encoding 1 queries for query_to_passage.
INFO:src.hipporag.HippoRAG:Encoding 1 queries for query_to_passage.
INFO:src.hipporag.HippoRAG:Encoding 1 queries for query_to_passage.
INFO:src.hipporag.HippoRAG:Encoding 1 queries for query_to_passage.
INFO:src.hipporag.HippoRAG:Encoding 1 queries for query_to_passage.
INFO:src.hipporag.HippoRAG:Encoding 1 queries for query_to_passage.
INFO:src.hipporag.HippoRAG:Encoding 1 queries for query_to_passage.
INFO:src.hipporag.HippoRAG:Encoding 3 queries for query_to_passage.
INFO:src.hipporag.HippoRAG:Encoding 1 queries for query_to_passage.
INFO:src.hipporag.HippoRAG:Encoding 1 queries for query_to_passage.
INFO:src.hipporag.HippoRAG:Encoding 1 queries for query_to_passage.
INFO:src.hipporag.HippoRAG:Encoding 1 queries for query_to_passage.
INFO:src.hipporag.HippoRAG:Encoding 1 queries for query_to_passage.
INFO:src.hipporag.HippoRAG:Encoding 1 queries for query_to_passage.
INFO:src.hipporag.HippoRAG:Encoding 2 queries for query_to_passage.
INFO:src.hipporag.HippoRAG:Encoding 1 queries for query_to_passage.
INFO:src.hipporag.HippoRAG:Encoding 1 queries for query_to_passage.
INFO:src.hipporag.HippoRAG:Encoding 1 queries for query_to_passage.
INFO:src.hipporag.HippoRAG:Encoding 1 queries for query_to_passage.
INFO:src.hipporag.HippoRAG:Encoding 1 queries for query_to_passage.
INFO:src.hipporag.HippoRAG:Encoding 1 queries for query_to_passage.
INFO:src.hipporag.HippoRAG:Encoding 1 queries for query_to_passage.
INFO:src.hipporag.HippoRAG:Encoding 1 queries for query_to_passage.
INFO:src.hipporag.HippoRAG:Encoding 1 queries for query_to_passage.
INFO:src.hipporag.HippoRAG:Encoding 2 queries for query_to_passage.
INFO:src.hipporag.HippoRAG:Encoding 1 queries for query_to_passage.
INFO:src.hipporag.HippoRAG:Encoding 3 queries for query_to_passage.
INFO:src.hipporag.HippoRAG:Encoding 1 queries for query_to_passage.
INFO:src.hipporag.HippoRAG:Encoding 1 queries for query_to_passage.
INFO:src.hipporag.HippoRAG:Encoding 3 queries for query_to_passage.
INFO:src.hipporag.HippoRAG:Encoding 1 queries for query_to_passage.
INFO:src.hipporag.HippoRAG:Encoding 2 queries for query_to_passage.
INFO:src.hipporag.HippoRAG:Encoding 1 queries for query_to_passage.
INFO:src.hipporag.HippoRAG:Encoding 1 queries for query_to_passage.
INFO:src.hipporag.HippoRAG:Encoding 1 queries for query_to_passage.
INFO:src.hipporag.HippoRAG:Encoding 2 queries for query_to_passage.
INFO:src.hipporag.HippoRAG:Encoding 1 queries for query_to_passage.
INFO:src.hipporag.HippoRAG:Encoding 1 queries for query_to_passage.
INFO:src.hipporag.HippoRAG:Encoding 2 queries for query_to_passage.
INFO:src.hipporag.HippoRAG:Encoding 1 queries for query_to_passage.
INFO:src.hipporag.HippoRAG:Encoding 4 queries for query_to_passage.
INFO:src.hipporag.HippoRAG:Encoding 1 queries for query_to_passage.
INFO:src.hipporag.HippoRAG:Encoding 1 queries for query_to_passage.
INFO:src.hipporag.HippoRAG:Encoding 1 queries for query_to_passage.
INFO:src.hipporag.HippoRAG:Encoding 2 queries for query_to_passage.
INFO:src.hipporag.HippoRAG:Encoding 2 queries for query_to_passage.
INFO:src.hipporag.HippoRAG:Encoding 1 queries for query_to_passage.
INFO:src.hipporag.HippoRAG:Encoding 2 queries for query_to_passage.
INFO:src.hipporag.HippoRAG:Encoding 2 queries for query_to_passage.
INFO:src.hipporag.HippoRAG:Encoding 2 queries for query_to_passage.
INFO:src.hipporag.HippoRAG:Encoding 1 queries for query_to_passage.
INFO:src.hipporag.HippoRAG:Encoding 1 queries for query_to_passage.
INFO:src.hipporag.HippoRAG:Encoding 2 queries for query_to_passage.
INFO:src.hipporag.HippoRAG:Encoding 2 queries for query_to_passage.
INFO:src.hipporag.HippoRAG:Encoding 1 queries for query_to_passage.
INFO:src.hipporag.HippoRAG:Encoding 3 queries for query_to_passage.
INFO:src.hipporag.HippoRAG:Encoding 1 queries for query_to_passage.
INFO:src.hipporag.HippoRAG:Encoding 1 queries for query_to_passage.
INFO:src.hipporag.HippoRAG:Encoding 3 queries for query_to_passage.
INFO:src.hipporag.HippoRAG:Encoding 1 queries for query_to_passage.
INFO:src.hipporag.HippoRAG:Encoding 3 queries for query_to_passage.
INFO:src.hipporag.HippoRAG:Encoding 1 queries for query_to_passage.
INFO:src.hipporag.HippoRAG:Encoding 1 queries for query_to_passage.
INFO:src.hipporag.HippoRAG:Encoding 1 queries for query_to_passage.
INFO:src.hipporag.HippoRAG:Encoding 4 queries for query_to_passage.
INFO:src.hipporag.HippoRAG:Encoding 1 queries for query_to_passage.
INFO:src.hipporag.HippoRAG:Encoding 1 queries for query_to_passage.
INFO:src.hipporag.HippoRAG:Encoding 1 queries for query_to_passage.
INFO:src.hipporag.HippoRAG:Encoding 1 queries for query_to_passage.
INFO:src.hipporag.HippoRAG:Encoding 1 queries for query_to_passage.
INFO:src.hipporag.HippoRAG:Encoding 1 queries for query_to_passage.
INFO:src.hipporag.HippoRAG:Encoding 2 queries for query_to_passage.
INFO:src.hipporag.HippoRAG:Encoding 1 queries for query_to_passage.
INFO:src.hipporag.HippoRAG:Encoding 1 queries for query_to_passage.
INFO:src.hipporag.HippoRAG:Encoding 1 queries for query_to_passage.
INFO:src.hipporag.HippoRAG:Encoding 1 queries for query_to_passage.
INFO:src.hipporag.HippoRAG:Encoding 1 queries for query_to_passage.
INFO:src.hipporag.HippoRAG:Encoding 1 queries for query_to_passage.
INFO:src.hipporag.HippoRAG:Encoding 2 queries for query_to_passage.
INFO:src.hipporag.HippoRAG:Encoding 1 queries for query_to_passage.
INFO:src.hipporag.HippoRAG:Encoding 2 queries for query_to_passage.
INFO:src.hipporag.HippoRAG:Encoding 1 queries for query_to_passage.
INFO:src.hipporag.HippoRAG:Encoding 2 queries for query_to_passage.
INFO:src.hipporag.HippoRAG:Encoding 1 queries for query_to_passage.
INFO:src.hipporag.HippoRAG:Encoding 2 queries for query_to_passage.
INFO:src.hipporag.HippoRAG:Encoding 1 queries for query_to_passage.
INFO:src.hipporag.HippoRAG:Encoding 1 queries for query_to_passage.
INFO:src.hipporag.HippoRAG:Encoding 2 queries for query_to_passage.
INFO:src.hipporag.HippoRAG:Encoding 1 queries for query_to_passage.
INFO:src.hipporag.HippoRAG:Encoding 1 queries for query_to_passage.
INFO:src.hipporag.HippoRAG:Encoding 2 queries for query_to_passage.
INFO:src.hipporag.HippoRAG:Encoding 1 queries for query_to_passage.
INFO:src.hipporag.HippoRAG:Encoding 1 queries for query_to_passage.
INFO:src.hipporag.HippoRAG:Encoding 1 queries for query_to_passage.
INFO:src.hipporag.HippoRAG:Encoding 2 queries for query_to_passage.
INFO:src.hipporag.HippoRAG:Encoding 2 queries for query_to_passage.
INFO:src.hipporag.HippoRAG:Encoding 1 queries for query_to_passage.
INFO:src.hipporag.HippoRAG:Encoding 1 queries for query_to_passage.
INFO:src.hipporag.HippoRAG:Encoding 1 queries for query_to_passage.
INFO:src.hipporag.HippoRAG:Encoding 1 queries for query_to_passage.
INFO:src.hipporag.HippoRAG:Encoding 2 queries for query_to_passage.
INFO:src.hipporag.HippoRAG:Encoding 1 queries for query_to_passage.
INFO:src.hipporag.HippoRAG:Encoding 4 queries for query_to_passage.
INFO:src.hipporag.HippoRAG:Encoding 1 queries for query_to_passage.
INFO:src.hipporag.HippoRAG:Encoding 3 queries for query_to_passage.
INFO:src.hipporag.HippoRAG:Encoding 1 queries for query_to_passage.
INFO:src.hipporag.HippoRAG:Encoding 1 queries for query_to_passage.
INFO:src.hipporag.HippoRAG:Encoding 4 queries for query_to_passage.
INFO:src.hipporag.HippoRAG:Encoding 1 queries for query_to_passage.
INFO:src.hipporag.HippoRAG:Encoding 2 queries for query_to_passage.
INFO:src.hipporag.HippoRAG:Encoding 1 queries for query_to_passage.
INFO:src.hipporag.HippoRAG:Encoding 1 queries for query_to_passage.
INFO:src.hipporag.HippoRAG:Encoding 1 queries for query_to_passage.
INFO:src.hipporag.HippoRAG:Encoding 1 queries for query_to_passage.
INFO:src.hipporag.HippoRAG:Encoding 4 queries for query_to_passage.
INFO:src.hipporag.HippoRAG:Encoding 1 queries for query_to_passage.
INFO:src.hipporag.HippoRAG:Encoding 3 queries for query_to_passage.
INFO:src.hipporag.HippoRAG:Encoding 1 queries for query_to_passage.
INFO:src.hipporag.HippoRAG:Encoding 1 queries for query_to_passage.
INFO:src.hipporag.HippoRAG:Encoding 2 queries for query_to_passage.
INFO:src.hipporag.HippoRAG:Encoding 1 queries for query_to_passage.
INFO:src.hipporag.HippoRAG:Encoding 3 queries for query_to_passage.
INFO:src.hipporag.HippoRAG:Encoding 1 queries for query_to_passage.
INFO:src.hipporag.HippoRAG:Encoding 1 queries for query_to_passage.
INFO:src.hipporag.HippoRAG:Encoding 4 queries for query_to_passage.
INFO:src.hipporag.HippoRAG:Encoding 1 queries for query_to_passage.
INFO:src.hipporag.HippoRAG:Encoding 1 queries for query_to_passage.
INFO:src.hipporag.HippoRAG:Encoding 2 queries for query_to_passage.
INFO:src.hipporag.HippoRAG:Encoding 3 queries for query_to_passage.
INFO:src.hipporag.HippoRAG:Encoding 1 queries for query_to_passage.
INFO:src.hipporag.HippoRAG:Encoding 2 queries for query_to_passage.
INFO:src.hipporag.HippoRAG:Encoding 2 queries for query_to_passage.
INFO:src.hipporag.HippoRAG:Encoding 1 queries for query_to_passage.
INFO:src.hipporag.HippoRAG:Encoding 1 queries for query_to_passage.
INFO:src.hipporag.HippoRAG:Encoding 2 queries for query_to_passage.
INFO:src.hipporag.HippoRAG:Encoding 1 queries for query_to_passage.
INFO:src.hipporag.HippoRAG:Encoding 2 queries for query_to_passage.
INFO:src.hipporag.HippoRAG:Encoding 1 queries for query_to_passage.
INFO:src.hipporag.HippoRAG:Encoding 1 queries for query_to_passage.
INFO:src.hipporag.HippoRAG:Encoding 3 queries for query_to_passage.
INFO:src.hipporag.HippoRAG:Encoding 1 queries for query_to_passage.
INFO:src.hipporag.HippoRAG:Encoding 1 queries for query_to_passage.
INFO:src.hipporag.HippoRAG:Encoding 1 queries for query_to_passage.
INFO:src.hipporag.HippoRAG:Encoding 1 queries for query_to_passage.
INFO:src.hipporag.HippoRAG:Encoding 1 queries for query_to_passage.
INFO:src.hipporag.HippoRAG:Encoding 1 queries for query_to_passage.
INFO:src.hipporag.HippoRAG:Encoding 4 queries for query_to_passage.
INFO:src.hipporag.HippoRAG:Encoding 1 queries for query_to_passage.
INFO:src.hipporag.HippoRAG:Encoding 1 queries for query_to_passage.
INFO:src.hipporag.HippoRAG:Encoding 1 queries for query_to_passage.
INFO:src.hipporag.HippoRAG:Encoding 1 queries for query_to_passage.
INFO:src.hipporag.HippoRAG:Encoding 1 queries for query_to_passage.
INFO:src.hipporag.HippoRAG:Encoding 2 queries for query_to_passage.
INFO:src.hipporag.HippoRAG:Encoding 1 queries for query_to_passage.
INFO:src.hipporag.HippoRAG:Encoding 1 queries for query_to_passage.
INFO:src.hipporag.HippoRAG:Encoding 1 queries for query_to_passage.
INFO:src.hipporag.HippoRAG:Encoding 2 queries for query_to_passage.
INFO:src.hipporag.HippoRAG:Encoding 1 queries for query_to_passage.
INFO:src.hipporag.HippoRAG:Encoding 2 queries for query_to_passage.
INFO:src.hipporag.HippoRAG:Encoding 1 queries for query_to_passage.
INFO:src.hipporag.HippoRAG:Encoding 4 queries for query_to_passage.
INFO:src.hipporag.HippoRAG:Encoding 1 queries for query_to_passage.
INFO:src.hipporag.HippoRAG:Encoding 1 queries for query_to_passage.
INFO:src.hipporag.HippoRAG:Encoding 1 queries for query_to_passage.
INFO:src.hipporag.HippoRAG:Encoding 1 queries for query_to_passage.
INFO:src.hipporag.HippoRAG:Encoding 1 queries for query_to_passage.
INFO:src.hipporag.HippoRAG:Encoding 1 queries for query_to_passage.
INFO:src.hipporag.HippoRAG:Encoding 1 queries for query_to_passage.
INFO:src.hipporag.HippoRAG:Encoding 1 queries for query_to_passage.
INFO:src.hipporag.HippoRAG:Encoding 1 queries for query_to_passage.
INFO:src.hipporag.HippoRAG:Encoding 2 queries for query_to_passage.
INFO:src.hipporag.HippoRAG:Encoding 3 queries for query_to_passage.
INFO:src.hipporag.HippoRAG:Encoding 1 queries for query_to_passage.
INFO:src.hipporag.HippoRAG:Encoding 2 queries for query_to_passage.
INFO:src.hipporag.HippoRAG:Encoding 1 queries for query_to_passage.
INFO:src.hipporag.HippoRAG:Encoding 3 queries for query_to_passage.
INFO:src.hipporag.HippoRAG:Encoding 1 queries for query_to_passage.
INFO:src.hipporag.HippoRAG:Encoding 1 queries for query_to_passage.
INFO:src.hipporag.HippoRAG:Encoding 1 queries for query_to_passage.
INFO:src.hipporag.HippoRAG:Encoding 2 queries for query_to_passage.
INFO:src.hipporag.HippoRAG:Encoding 1 queries for query_to_passage.
INFO:src.hipporag.HippoRAG:Encoding 3 queries for query_to_passage.
INFO:src.hipporag.HippoRAG:Encoding 1 queries for query_to_passage.
INFO:src.hipporag.HippoRAG:Encoding 3 queries for query_to_passage.
INFO:src.hipporag.HippoRAG:Encoding 1 queries for query_to_passage.
INFO:src.hipporag.HippoRAG:Encoding 1 queries for query_to_passage.
INFO:src.hipporag.HippoRAG:Encoding 2 queries for query_to_passage.
INFO:src.hipporag.HippoRAG:Encoding 1 queries for query_to_passage.
INFO:src.hipporag.HippoRAG:Encoding 2 queries for query_to_passage.
INFO:src.hipporag.HippoRAG:Encoding 1 queries for query_to_passage.
INFO:src.hipporag.HippoRAG:Encoding 1 queries for query_to_passage.
INFO:src.hipporag.HippoRAG:Encoding 1 queries for query_to_passage.
INFO:src.hipporag.HippoRAG:Encoding 4 queries for query_to_passage.
INFO:src.hipporag.HippoRAG:Encoding 1 queries for query_to_passage.
INFO:src.hipporag.HippoRAG:Encoding 1 queries for query_to_passage.
INFO:src.hipporag.HippoRAG:Encoding 1 queries for query_to_passage.
INFO:src.hipporag.HippoRAG:Encoding 1 queries for query_to_passage.
INFO:src.hipporag.HippoRAG:Encoding 1 queries for query_to_passage.
INFO:src.hipporag.HippoRAG:Encoding 3 queries for query_to_passage.
INFO:src.hipporag.HippoRAG:Encoding 1 queries for query_to_passage.
INFO:src.hipporag.HippoRAG:Encoding 1 queries for query_to_passage.
INFO:src.hipporag.HippoRAG:Encoding 1 queries for query_to_passage.
INFO:src.hipporag.HippoRAG:Encoding 1 queries for query_to_passage.
INFO:src.hipporag.HippoRAG:Encoding 1 queries for query_to_passage.
INFO:src.hipporag.HippoRAG:Encoding 2 queries for query_to_passage.
INFO:src.hipporag.HippoRAG:Encoding 1 queries for query_to_passage.
INFO:src.hipporag.HippoRAG:Encoding 1 queries for query_to_passage.
INFO:src.hipporag.HippoRAG:Encoding 4 queries for query_to_passage.
INFO:src.hipporag.HippoRAG:Encoding 1 queries for query_to_passage.
INFO:src.hipporag.HippoRAG:Encoding 1 queries for query_to_passage.
INFO:src.hipporag.HippoRAG:Encoding 4 queries for query_to_passage.
INFO:src.hipporag.HippoRAG:Encoding 1 queries for query_to_passage.
INFO:src.hipporag.HippoRAG:Encoding 1 queries for query_to_passage.
INFO:src.hipporag.HippoRAG:Encoding 1 queries for query_to_passage.
INFO:src.hipporag.HippoRAG:Encoding 1 queries for query_to_passage.
INFO:src.hipporag.HippoRAG:Encoding 1 queries for query_to_passage.
INFO:src.hipporag.HippoRAG:Encoding 2 queries for query_to_passage.
INFO:src.hipporag.HippoRAG:Encoding 1 queries for query_to_passage.
INFO:src.hipporag.HippoRAG:Encoding 1 queries for query_to_passage.
INFO:src.hipporag.HippoRAG:Encoding 1 queries for query_to_passage.
INFO:src.hipporag.HippoRAG:Encoding 1 queries for query_to_passage.
INFO:src.hipporag.HippoRAG:Encoding 2 queries for query_to_passage.
INFO:src.hipporag.HippoRAG:Encoding 2 queries for query_to_passage.
INFO:src.hipporag.HippoRAG:Encoding 1 queries for query_to_passage.
INFO:src.hipporag.HippoRAG:Encoding 4 queries for query_to_passage.
INFO:src.hipporag.HippoRAG:Encoding 1 queries for query_to_passage.
INFO:src.hipporag.HippoRAG:Encoding 1 queries for query_to_passage.
INFO:src.hipporag.HippoRAG:Encoding 1 queries for query_to_passage.
INFO:src.hipporag.HippoRAG:Encoding 1 queries for query_to_passage.
INFO:src.hipporag.HippoRAG:Encoding 1 queries for query_to_passage.
INFO:src.hipporag.HippoRAG:Encoding 1 queries for query_to_passage.
INFO:src.hipporag.HippoRAG:Encoding 1 queries for query_to_passage.
INFO:src.hipporag.HippoRAG:Encoding 1 queries for query_to_passage.
INFO:src.hipporag.HippoRAG:Encoding 1 queries for query_to_passage.
INFO:src.hipporag.HippoRAG:Encoding 1 queries for query_to_passage.
INFO:src.hipporag.HippoRAG:Encoding 3 queries for query_to_passage.
INFO:src.hipporag.HippoRAG:Encoding 1 queries for query_to_passage.
INFO:src.hipporag.HippoRAG:Encoding 1 queries for query_to_passage.
INFO:src.hipporag.HippoRAG:Encoding 1 queries for query_to_passage.
INFO:src.hipporag.HippoRAG:Encoding 1 queries for query_to_passage.
INFO:src.hipporag.HippoRAG:Encoding 1 queries for query_to_passage.
INFO:src.hipporag.HippoRAG:Encoding 1 queries for query_to_passage.
INFO:src.hipporag.HippoRAG:Encoding 1 queries for query_to_passage.
INFO:src.hipporag.HippoRAG:Encoding 1 queries for query_to_passage.
INFO:src.hipporag.HippoRAG:Encoding 3 queries for query_to_passage.
INFO:src.hipporag.HippoRAG:Encoding 1 queries for query_to_passage.
INFO:src.hipporag.HippoRAG:Encoding 3 queries for query_to_passage.
INFO:src.hipporag.HippoRAG:Encoding 1 queries for query_to_passage.
INFO:src.hipporag.HippoRAG:Encoding 1 queries for query_to_passage.
INFO:src.hipporag.HippoRAG:Encoding 1 queries for query_to_passage.
INFO:src.hipporag.HippoRAG:Encoding 1 queries for query_to_passage.
INFO:src.hipporag.HippoRAG:Encoding 1 queries for query_to_passage.
INFO:src.hipporag.HippoRAG:Encoding 1 queries for query_to_passage.
INFO:src.hipporag.HippoRAG:Encoding 2 queries for query_to_passage.
INFO:src.hipporag.HippoRAG:Encoding 1 queries for query_to_passage.
INFO:src.hipporag.HippoRAG:Encoding 3 queries for query_to_passage.
INFO:src.hipporag.HippoRAG:Encoding 4 queries for query_to_passage.
INFO:src.hipporag.HippoRAG:Encoding 1 queries for query_to_passage.
INFO:src.hipporag.HippoRAG:Encoding 3 queries for query_to_passage.
INFO:src.hipporag.HippoRAG:Encoding 1 queries for query_to_passage.
INFO:src.hipporag.HippoRAG:Encoding 1 queries for query_to_passage.
INFO:src.hipporag.HippoRAG:Encoding 1 queries for query_to_passage.
INFO:src.hipporag.HippoRAG:Encoding 1 queries for query_to_passage.
INFO:src.hipporag.HippoRAG:Encoding 1 queries for query_to_passage.
INFO:src.hipporag.HippoRAG:Encoding 1 queries for query_to_passage.
INFO:src.hipporag.HippoRAG:Encoding 1 queries for query_to_passage.
INFO:src.hipporag.HippoRAG:Encoding 4 queries for query_to_passage.
INFO:src.hipporag.HippoRAG:Encoding 1 queries for query_to_passage.
INFO:src.hipporag.HippoRAG:Encoding 1 queries for query_to_passage.
INFO:src.hipporag.HippoRAG:Encoding 1 queries for query_to_passage.
INFO:src.hipporag.HippoRAG:Encoding 1 queries for query_to_passage.
INFO:src.hipporag.HippoRAG:Encoding 1 queries for query_to_passage.
INFO:src.hipporag.HippoRAG:Encoding 1 queries for query_to_passage.
INFO:src.hipporag.HippoRAG:Encoding 1 queries for query_to_passage.
INFO:src.hipporag.HippoRAG:Encoding 2 queries for query_to_passage.
INFO:src.hipporag.HippoRAG:Encoding 1 queries for query_to_passage.
INFO:src.hipporag.HippoRAG:Encoding 1 queries for query_to_passage.
INFO:src.hipporag.HippoRAG:Encoding 2 queries for query_to_passage.
INFO:src.hipporag.HippoRAG:Encoding 2 queries for query_to_passage.
INFO:src.hipporag.HippoRAG:Encoding 1 queries for query_to_passage.
INFO:src.hipporag.HippoRAG:Encoding 1 queries for query_to_passage.
INFO:src.hipporag.HippoRAG:Encoding 1 queries for query_to_passage.
INFO:src.hipporag.HippoRAG:Encoding 4 queries for query_to_passage.
INFO:src.hipporag.HippoRAG:Encoding 1 queries for query_to_passage.
INFO:src.hipporag.HippoRAG:Encoding 4 queries for query_to_passage.
INFO:src.hipporag.HippoRAG:Encoding 1 queries for query_to_passage.
INFO:src.hipporag.HippoRAG:Encoding 1 queries for query_to_passage.
INFO:src.hipporag.HippoRAG:Encoding 1 queries for query_to_passage.
INFO:src.hipporag.HippoRAG:Encoding 2 queries for query_to_passage.
INFO:src.hipporag.HippoRAG:Encoding 1 queries for query_to_passage.
INFO:src.hipporag.HippoRAG:Encoding 1 queries for query_to_passage.
INFO:src.hipporag.HippoRAG:Encoding 2 queries for query_to_passage.
INFO:src.hipporag.HippoRAG:Encoding 1 queries for query_to_passage.
INFO:src.hipporag.HippoRAG:Encoding 1 queries for query_to_passage.
INFO:src.hipporag.HippoRAG:Encoding 1 queries for query_to_passage.
INFO:src.hipporag.HippoRAG:Encoding 1 queries for query_to_passage.
INFO:src.hipporag.HippoRAG:Encoding 1 queries for query_to_passage.
INFO:src.hipporag.HippoRAG:Encoding 1 queries for query_to_passage.
INFO:src.hipporag.HippoRAG:Encoding 1 queries for query_to_passage.
INFO:src.hipporag.HippoRAG:Encoding 1 queries for query_to_passage.
INFO:src.hipporag.HippoRAG:Encoding 2 queries for query_to_passage.
INFO:src.hipporag.HippoRAG:Encoding 1 queries for query_to_passage.
INFO:src.hipporag.HippoRAG:Encoding 1 queries for query_to_passage.
INFO:src.hipporag.HippoRAG:Encoding 1 queries for query_to_passage.
INFO:src.hipporag.HippoRAG:Encoding 2 queries for query_to_passage.
INFO:src.hipporag.HippoRAG:Encoding 1 queries for query_to_passage.
INFO:src.hipporag.HippoRAG:Encoding 2 queries for query_to_passage.
INFO:src.hipporag.HippoRAG:Encoding 1 queries for query_to_passage.
INFO:src.hipporag.HippoRAG:Encoding 1 queries for query_to_passage.
INFO:src.hipporag.HippoRAG:Encoding 1 queries for query_to_passage.
INFO:src.hipporag.HippoRAG:Encoding 1 queries for query_to_passage.
INFO:src.hipporag.HippoRAG:Encoding 1 queries for query_to_passage.
INFO:src.hipporag.HippoRAG:Encoding 2 queries for query_to_passage.
INFO:src.hipporag.HippoRAG:Encoding 1 queries for query_to_passage.
INFO:src.hipporag.HippoRAG:Encoding 1 queries for query_to_passage.
INFO:src.hipporag.HippoRAG:Encoding 1 queries for query_to_passage.
INFO:src.hipporag.HippoRAG:Encoding 4 queries for query_to_passage.
INFO:src.hipporag.HippoRAG:Encoding 1 queries for query_to_passage.
INFO:src.hipporag.HippoRAG:Encoding 1 queries for query_to_passage.
INFO:src.hipporag.HippoRAG:Encoding 1 queries for query_to_passage.
INFO:src.hipporag.HippoRAG:Encoding 2 queries for query_to_passage.
INFO:src.hipporag.HippoRAG:Encoding 1 queries for query_to_passage.
INFO:src.hipporag.HippoRAG:Encoding 1 queries for query_to_passage.
INFO:src.hipporag.HippoRAG:Encoding 2 queries for query_to_passage.
INFO:src.hipporag.HippoRAG:Encoding 3 queries for query_to_passage.
INFO:src.hipporag.HippoRAG:Encoding 1 queries for query_to_passage.
INFO:src.hipporag.HippoRAG:Encoding 2 queries for query_to_passage.
INFO:src.hipporag.HippoRAG:Encoding 1 queries for query_to_passage.
INFO:src.hipporag.HippoRAG:Encoding 1 queries for query_to_passage.
INFO:src.hipporag.HippoRAG:Encoding 2 queries for query_to_passage.
INFO:src.hipporag.HippoRAG:Encoding 1 queries for query_to_passage.
INFO:src.hipporag.HippoRAG:Encoding 2 queries for query_to_passage.
INFO:src.hipporag.HippoRAG:Encoding 1 queries for query_to_passage.
INFO:src.hipporag.HippoRAG:Encoding 2 queries for query_to_passage.
INFO:src.hipporag.HippoRAG:Encoding 2 queries for query_to_passage.
INFO:src.hipporag.HippoRAG:Encoding 1 queries for query_to_passage.
INFO:src.hipporag.HippoRAG:Encoding 2 queries for query_to_passage.
INFO:src.hipporag.HippoRAG:Encoding 1 queries for query_to_passage.
INFO:src.hipporag.HippoRAG:Encoding 1 queries for query_to_passage.
INFO:src.hipporag.HippoRAG:Encoding 1 queries for query_to_passage.
INFO:src.hipporag.HippoRAG:Encoding 2 queries for query_to_passage.
INFO:src.hipporag.HippoRAG:Encoding 3 queries for query_to_passage.
INFO:src.hipporag.HippoRAG:Encoding 2 queries for query_to_passage.
INFO:src.hipporag.HippoRAG:Encoding 2 queries for query_to_passage.
INFO:src.hipporag.HippoRAG:Encoding 3 queries for query_to_passage.
INFO:src.hipporag.HippoRAG:Encoding 1 queries for query_to_passage.
INFO:src.hipporag.HippoRAG:Encoding 1 queries for query_to_passage.
INFO:src.hipporag.HippoRAG:Encoding 1 queries for query_to_passage.
INFO:src.hipporag.HippoRAG:Encoding 1 queries for query_to_passage.
INFO:src.hipporag.HippoRAG:Encoding 1 queries for query_to_passage.
INFO:src.hipporag.HippoRAG:Encoding 2 queries for query_to_passage.
INFO:src.hipporag.HippoRAG:Encoding 2 queries for query_to_passage.
INFO:src.hipporag.HippoRAG:Encoding 1 queries for query_to_passage.
INFO:src.hipporag.HippoRAG:Encoding 1 queries for query_to_passage.
INFO:src.hipporag.HippoRAG:Encoding 2 queries for query_to_passage.
INFO:src.hipporag.HippoRAG:Encoding 1 queries for query_to_passage.
INFO:src.hipporag.HippoRAG:Encoding 2 queries for query_to_passage.
INFO:src.hipporag.HippoRAG:Encoding 1 queries for query_to_passage.
INFO:src.hipporag.HippoRAG:Encoding 1 queries for query_to_passage.
INFO:src.hipporag.HippoRAG:Encoding 1 queries for query_to_passage.
INFO:src.hipporag.HippoRAG:Encoding 2 queries for query_to_passage.
INFO:src.hipporag.HippoRAG:Encoding 1 queries for query_to_passage.
INFO:src.hipporag.HippoRAG:Encoding 2 queries for query_to_passage.
INFO:src.hipporag.HippoRAG:Encoding 1 queries for query_to_passage.
INFO:src.hipporag.HippoRAG:Encoding 2 queries for query_to_passage.
INFO:src.hipporag.HippoRAG:Encoding 1 queries for query_to_passage.
INFO:src.hipporag.HippoRAG:Encoding 2 queries for query_to_passage.
INFO:src.hipporag.HippoRAG:Encoding 1 queries for query_to_passage.
INFO:src.hipporag.HippoRAG:Encoding 1 queries for query_to_passage.
INFO:src.hipporag.HippoRAG:Encoding 2 queries for query_to_passage.
INFO:src.hipporag.HippoRAG:Encoding 1 queries for query_to_passage.
INFO:src.hipporag.HippoRAG:Encoding 4 queries for query_to_passage.
INFO:src.hipporag.HippoRAG:Encoding 1 queries for query_to_passage.
INFO:src.hipporag.HippoRAG:Encoding 1 queries for query_to_passage.
INFO:src.hipporag.HippoRAG:Encoding 1 queries for query_to_passage.
INFO:src.hipporag.HippoRAG:Encoding 1 queries for query_to_passage.
INFO:src.hipporag.HippoRAG:Encoding 3 queries for query_to_passage.
INFO:src.hipporag.HippoRAG:Encoding 1 queries for query_to_passage.
INFO:src.hipporag.HippoRAG:Encoding 2 queries for query_to_passage.
INFO:src.hipporag.HippoRAG:Encoding 1 queries for query_to_passage.
INFO:src.hipporag.HippoRAG:Encoding 3 queries for query_to_passage.
INFO:src.hipporag.HippoRAG:Encoding 2 queries for query_to_passage.
INFO:src.hipporag.HippoRAG:Encoding 1 queries for query_to_passage.
INFO:src.hipporag.HippoRAG:Encoding 2 queries for query_to_passage.
INFO:src.hipporag.HippoRAG:Encoding 1 queries for query_to_passage.
INFO:src.hipporag.HippoRAG:Encoding 1 queries for query_to_passage.
INFO:src.hipporag.HippoRAG:Encoding 1 queries for query_to_passage.
INFO:src.hipporag.HippoRAG:Encoding 1 queries for query_to_passage.
INFO:src.hipporag.HippoRAG:Encoding 1 queries for query_to_passage.
INFO:src.hipporag.HippoRAG:Encoding 4 queries for query_to_passage.
INFO:src.hipporag.HippoRAG:Encoding 1 queries for query_to_passage.
INFO:src.hipporag.HippoRAG:Encoding 2 queries for query_to_passage.
INFO:src.hipporag.HippoRAG:Encoding 1 queries for query_to_passage.
INFO:src.hipporag.HippoRAG:Encoding 1 queries for query_to_passage.
INFO:src.hipporag.HippoRAG:Encoding 4 queries for query_to_passage.
INFO:src.hipporag.HippoRAG:Encoding 1 queries for query_to_passage.
INFO:src.hipporag.HippoRAG:Encoding 1 queries for query_to_passage.
INFO:src.hipporag.HippoRAG:Encoding 1 queries for query_to_passage.
INFO:src.hipporag.HippoRAG:Encoding 1 queries for query_to_passage.
INFO:src.hipporag.HippoRAG:Encoding 2 queries for query_to_passage.
INFO:src.hipporag.HippoRAG:Encoding 1 queries for query_to_passage.
INFO:src.hipporag.HippoRAG:Encoding 1 queries for query_to_passage.
INFO:src.hipporag.HippoRAG:Encoding 1 queries for query_to_passage.
INFO:src.hipporag.HippoRAG:Encoding 3 queries for query_to_passage.
INFO:src.hipporag.HippoRAG:Encoding 1 queries for query_to_passage.
INFO:src.hipporag.HippoRAG:Encoding 1 queries for query_to_passage.
INFO:src.hipporag.HippoRAG:Encoding 2 queries for query_to_passage.
INFO:src.hipporag.HippoRAG:Encoding 1 queries for query_to_passage.
INFO:src.hipporag.HippoRAG:Encoding 2 queries for query_to_passage.
INFO:src.hipporag.HippoRAG:Encoding 2 queries for query_to_passage.
INFO:src.hipporag.HippoRAG:Encoding 2 queries for query_to_passage.
INFO:src.hipporag.HippoRAG:Encoding 1 queries for query_to_passage.
INFO:src.hipporag.HippoRAG:Encoding 1 queries for query_to_passage.
INFO:src.hipporag.HippoRAG:Encoding 2 queries for query_to_passage.
INFO:src.hipporag.HippoRAG:Encoding 1 queries for query_to_passage.
INFO:src.hipporag.HippoRAG:Encoding 1 queries for query_to_passage.
INFO:src.hipporag.HippoRAG:Encoding 2 queries for query_to_passage.
INFO:src.hipporag.HippoRAG:Encoding 2 queries for query_to_passage.
INFO:src.hipporag.HippoRAG:Encoding 2 queries for query_to_passage.
INFO:src.hipporag.HippoRAG:Encoding 1 queries for query_to_passage.
INFO:src.hipporag.HippoRAG:Encoding 1 queries for query_to_passage.
INFO:src.hipporag.HippoRAG:Encoding 1 queries for query_to_passage.
INFO:src.hipporag.HippoRAG:Encoding 3 queries for query_to_passage.
INFO:src.hipporag.HippoRAG:Encoding 1 queries for query_to_passage.
INFO:src.hipporag.HippoRAG:Encoding 1 queries for query_to_passage.
INFO:src.hipporag.HippoRAG:Encoding 1 queries for query_to_passage.
INFO:src.hipporag.HippoRAG:Encoding 2 queries for query_to_passage.
INFO:src.hipporag.HippoRAG:Encoding 1 queries for query_to_passage.
INFO:src.hipporag.HippoRAG:Encoding 1 queries for query_to_passage.
INFO:src.hipporag.HippoRAG:Encoding 2 queries for query_to_passage.
INFO:src.hipporag.HippoRAG:Encoding 2 queries for query_to_passage.
INFO:src.hipporag.HippoRAG:Encoding 2 queries for query_to_passage.
INFO:src.hipporag.HippoRAG:Encoding 2 queries for query_to_passage.
INFO:src.hipporag.HippoRAG:Encoding 1 queries for query_to_passage.
INFO:src.hipporag.HippoRAG:Encoding 1 queries for query_to_passage.
INFO:src.hipporag.HippoRAG:Encoding 1 queries for query_to_passage.
INFO:src.hipporag.HippoRAG:Encoding 1 queries for query_to_passage.
INFO:src.hipporag.HippoRAG:Encoding 2 queries for query_to_passage.
INFO:src.hipporag.HippoRAG:Encoding 3 queries for query_to_passage.
INFO:src.hipporag.HippoRAG:Encoding 1 queries for query_to_passage.
INFO:src.hipporag.HippoRAG:Encoding 1 queries for query_to_passage.
INFO:src.hipporag.HippoRAG:Encoding 1 queries for query_to_passage.
INFO:src.hipporag.HippoRAG:Encoding 1 queries for query_to_passage.
INFO:src.hipporag.HippoRAG:Encoding 1 queries for query_to_passage.
INFO:src.hipporag.HippoRAG:Encoding 1 queries for query_to_passage.
INFO:src.hipporag.HippoRAG:Encoding 2 queries for query_to_passage.
INFO:src.hipporag.HippoRAG:Encoding 1 queries for query_to_passage.
INFO:src.hipporag.HippoRAG:Encoding 1 queries for query_to_passage.
INFO:src.hipporag.HippoRAG:Encoding 3 queries for query_to_passage.
INFO:src.hipporag.HippoRAG:Encoding 1 queries for query_to_passage.
INFO:src.hipporag.HippoRAG:Encoding 1 queries for query_to_passage.
INFO:src.hipporag.HippoRAG:Encoding 1 queries for query_to_passage.
INFO:src.hipporag.HippoRAG:Encoding 2 queries for query_to_passage.
INFO:src.hipporag.HippoRAG:Encoding 1 queries for query_to_passage.
INFO:src.hipporag.HippoRAG:Encoding 2 queries for query_to_passage.
INFO:src.hipporag.HippoRAG:Encoding 2 queries for query_to_passage.
INFO:src.hipporag.HippoRAG:Encoding 1 queries for query_to_passage.
INFO:src.hipporag.HippoRAG:Encoding 1 queries for query_to_passage.
INFO:src.hipporag.HippoRAG:Encoding 1 queries for query_to_passage.
INFO:src.hipporag.HippoRAG:Encoding 3 queries for query_to_passage.
INFO:src.hipporag.HippoRAG:Encoding 1 queries for query_to_passage.
INFO:src.hipporag.HippoRAG:Encoding 2 queries for query_to_passage.
INFO:src.hipporag.HippoRAG:Encoding 1 queries for query_to_passage.
INFO:src.hipporag.HippoRAG:Encoding 2 queries for query_to_passage.
INFO:src.hipporag.HippoRAG:Encoding 1 queries for query_to_passage.
INFO:src.hipporag.HippoRAG:Encoding 2 queries for query_to_passage.
INFO:src.hipporag.HippoRAG:Encoding 2 queries for query_to_passage.
INFO:src.hipporag.HippoRAG:Encoding 1 queries for query_to_passage.
INFO:src.hipporag.HippoRAG:Encoding 1 queries for query_to_passage.
INFO:src.hipporag.HippoRAG:Encoding 1 queries for query_to_passage.
INFO:src.hipporag.HippoRAG:Encoding 1 queries for query_to_passage.
INFO:src.hipporag.HippoRAG:Encoding 2 queries for query_to_passage.
INFO:src.hipporag.HippoRAG:Encoding 1 queries for query_to_passage.
INFO:src.hipporag.HippoRAG:Encoding 3 queries for query_to_passage.
INFO:src.hipporag.HippoRAG:Encoding 2 queries for query_to_passage.
INFO:src.hipporag.HippoRAG:Encoding 2 queries for query_to_passage.
INFO:src.hipporag.HippoRAG:Encoding 1 queries for query_to_passage.
INFO:src.hipporag.HippoRAG:Encoding 1 queries for query_to_passage.
INFO:src.hipporag.HippoRAG:Encoding 1 queries for query_to_passage.
INFO:src.hipporag.HippoRAG:Encoding 3 queries for query_to_passage.
INFO:src.hipporag.HippoRAG:Encoding 1 queries for query_to_passage.
INFO:src.hipporag.HippoRAG:Encoding 2 queries for query_to_passage.
INFO:src.hipporag.HippoRAG:Encoding 1 queries for query_to_passage.
INFO:src.hipporag.HippoRAG:Encoding 1 queries for query_to_passage.
INFO:src.hipporag.HippoRAG:Encoding 2 queries for query_to_passage.
INFO:src.hipporag.HippoRAG:Encoding 2 queries for query_to_passage.
INFO:src.hipporag.HippoRAG:Encoding 1 queries for query_to_passage.
INFO:src.hipporag.HippoRAG:Encoding 2 queries for query_to_passage.
INFO:src.hipporag.HippoRAG:Encoding 1 queries for query_to_passage.
INFO:src.hipporag.HippoRAG:Encoding 1 queries for query_to_passage.
INFO:src.hipporag.HippoRAG:Encoding 1 queries for query_to_passage.
INFO:src.hipporag.HippoRAG:Encoding 1 queries for query_to_passage.
INFO:src.hipporag.HippoRAG:Encoding 3 queries for query_to_passage.
INFO:src.hipporag.HippoRAG:Encoding 1 queries for query_to_passage.
INFO:src.hipporag.HippoRAG:Encoding 1 queries for query_to_passage.
INFO:src.hipporag.HippoRAG:Encoding 1 queries for query_to_passage.
INFO:src.hipporag.HippoRAG:Encoding 2 queries for query_to_passage.
INFO:src.hipporag.HippoRAG:Encoding 1 queries for query_to_passage.
INFO:src.hipporag.HippoRAG:Encoding 3 queries for query_to_passage.
INFO:src.hipporag.HippoRAG:Encoding 1 queries for query_to_passage.
INFO:src.hipporag.HippoRAG:Encoding 1 queries for query_to_passage.
INFO:src.hipporag.HippoRAG:Encoding 1 queries for query_to_passage.
INFO:src.hipporag.HippoRAG:Encoding 1 queries for query_to_passage.
INFO:src.hipporag.HippoRAG:Encoding 1 queries for query_to_passage.
INFO:src.hipporag.HippoRAG:Encoding 3 queries for query_to_passage.
INFO:src.hipporag.HippoRAG:Encoding 1 queries for query_to_passage.
INFO:src.hipporag.HippoRAG:Encoding 1 queries for query_to_passage.
INFO:src.hipporag.HippoRAG:Encoding 2 queries for query_to_passage.
INFO:src.hipporag.HippoRAG:Encoding 2 queries for query_to_passage.
INFO:src.hipporag.HippoRAG:Encoding 2 queries for query_to_passage.
INFO:src.hipporag.HippoRAG:Encoding 1 queries for query_to_passage.
INFO:src.hipporag.HippoRAG:Encoding 1 queries for query_to_passage.
INFO:src.hipporag.HippoRAG:Encoding 2 queries for query_to_passage.
INFO:src.hipporag.HippoRAG:Encoding 1 queries for query_to_passage.
INFO:src.hipporag.HippoRAG:Encoding 3 queries for query_to_passage.
INFO:src.hipporag.HippoRAG:Encoding 1 queries for query_to_passage.
INFO:src.hipporag.HippoRAG:Encoding 2 queries for query_to_passage.
INFO:src.hipporag.HippoRAG:Encoding 1 queries for query_to_passage.
INFO:src.hipporag.HippoRAG:Encoding 2 queries for query_to_passage.
INFO:src.hipporag.HippoRAG:Encoding 1 queries for query_to_passage.
INFO:src.hipporag.HippoRAG:Encoding 2 queries for query_to_passage.
INFO:src.hipporag.HippoRAG:Encoding 2 queries for query_to_passage.
INFO:src.hipporag.HippoRAG:Encoding 2 queries for query_to_passage.
INFO:src.hipporag.HippoRAG:Encoding 1 queries for query_to_passage.
INFO:src.hipporag.HippoRAG:Encoding 2 queries for query_to_passage.
INFO:src.hipporag.HippoRAG:Encoding 1 queries for query_to_passage.
INFO:src.hipporag.HippoRAG:Encoding 3 queries for query_to_passage.
INFO:src.hipporag.HippoRAG:Encoding 1 queries for query_to_passage.
INFO:src.hipporag.HippoRAG:Encoding 1 queries for query_to_passage.
INFO:src.hipporag.HippoRAG:Encoding 2 queries for query_to_passage.
INFO:src.hipporag.HippoRAG:Encoding 1 queries for query_to_passage.
INFO:src.hipporag.HippoRAG:Encoding 1 queries for query_to_passage.
INFO:src.hipporag.HippoRAG:Encoding 1 queries for query_to_passage.
INFO:src.hipporag.HippoRAG:Encoding 2 queries for query_to_passage.
INFO:src.hipporag.HippoRAG:Encoding 1 queries for query_to_passage.
INFO:src.hipporag.HippoRAG:Encoding 2 queries for query_to_passage.
INFO:src.hipporag.HippoRAG:Encoding 1 queries for query_to_passage.
INFO:src.hipporag.HippoRAG:Encoding 3 queries for query_to_passage.
INFO:src.hipporag.HippoRAG:Encoding 1 queries for query_to_passage.
INFO:src.hipporag.HippoRAG:Encoding 1 queries for query_to_passage.
INFO:src.hipporag.HippoRAG:Encoding 1 queries for query_to_passage.
INFO:src.hipporag.HippoRAG:Encoding 1 queries for query_to_passage.
INFO:src.hipporag.HippoRAG:Encoding 3 queries for query_to_passage.
INFO:src.hipporag.HippoRAG:Encoding 1 queries for query_to_passage.
INFO:src.hipporag.HippoRAG:Encoding 1 queries for query_to_passage.
INFO:src.hipporag.HippoRAG:Encoding 1 queries for query_to_passage.
INFO:src.hipporag.HippoRAG:Encoding 1 queries for query_to_passage.
INFO:src.hipporag.HippoRAG:Encoding 1 queries for query_to_passage.
INFO:src.hipporag.HippoRAG:Encoding 1 queries for query_to_passage.
INFO:src.hipporag.HippoRAG:Encoding 1 queries for query_to_passage.
INFO:src.hipporag.HippoRAG:Encoding 2 queries for query_to_passage.
INFO:src.hipporag.HippoRAG:Encoding 1 queries for query_to_passage.
INFO:src.hipporag.HippoRAG:Encoding 1 queries for query_to_passage.
INFO:src.hipporag.HippoRAG:Encoding 2 queries for query_to_passage.
INFO:src.hipporag.HippoRAG:Encoding 1 queries for query_to_passage.
INFO:src.hipporag.HippoRAG:Encoding 2 queries for query_to_passage.
INFO:src.hipporag.HippoRAG:Encoding 2 queries for query_to_passage.
INFO:src.hipporag.HippoRAG:Encoding 1 queries for query_to_passage.
INFO:src.hipporag.HippoRAG:Encoding 1 queries for query_to_passage.
INFO:src.hipporag.HippoRAG:Encoding 2 queries for query_to_passage.
INFO:src.hipporag.HippoRAG:Encoding 1 queries for query_to_passage.
INFO:src.hipporag.HippoRAG:Encoding 2 queries for query_to_passage.
INFO:src.hipporag.HippoRAG:Encoding 1 queries for query_to_passage.
INFO:src.hipporag.HippoRAG:Encoding 1 queries for query_to_passage.
INFO:src.hipporag.HippoRAG:Encoding 1 queries for query_to_passage.
INFO:src.hipporag.HippoRAG:Encoding 2 queries for query_to_passage.
INFO:src.hipporag.HippoRAG:Encoding 1 queries for query_to_passage.
INFO:src.hipporag.HippoRAG:Encoding 2 queries for query_to_passage.
INFO:src.hipporag.HippoRAG:Encoding 4 queries for query_to_passage.
INFO:src.hipporag.HippoRAG:Encoding 1 queries for query_to_passage.
INFO:src.hipporag.HippoRAG:Encoding 2 queries for query_to_passage.
INFO:src.hipporag.HippoRAG:Encoding 1 queries for query_to_passage.
INFO:src.hipporag.HippoRAG:Encoding 1 queries for query_to_passage.
INFO:src.hipporag.HippoRAG:Encoding 2 queries for query_to_passage.
INFO:src.hipporag.HippoRAG:Encoding 1 queries for query_to_passage.
INFO:src.hipporag.HippoRAG:Encoding 2 queries for query_to_passage.
INFO:src.hipporag.HippoRAG:Encoding 2 queries for query_to_passage.
INFO:src.hipporag.HippoRAG:Encoding 1 queries for query_to_passage.
INFO:src.hipporag.HippoRAG:Encoding 2 queries for query_to_passage.
INFO:src.hipporag.HippoRAG:Encoding 1 queries for query_to_passage.
INFO:src.hipporag.HippoRAG:Encoding 1 queries for query_to_passage.
INFO:src.hipporag.HippoRAG:Encoding 2 queries for query_to_passage.
INFO:src.hipporag.HippoRAG:Encoding 2 queries for query_to_passage.
INFO:src.hipporag.HippoRAG:Encoding 2 queries for query_to_passage.
INFO:src.hipporag.HippoRAG:Encoding 1 queries for query_to_passage.
INFO:src.hipporag.HippoRAG:Encoding 1 queries for query_to_passage.
INFO:src.hipporag.HippoRAG:Encoding 4 queries for query_to_passage.
INFO:src.hipporag.HippoRAG:Encoding 1 queries for query_to_passage.
INFO:src.hipporag.HippoRAG:Encoding 1 queries for query_to_passage.
INFO:src.hipporag.HippoRAG:Encoding 1 queries for query_to_passage.
INFO:src.hipporag.HippoRAG:Encoding 1 queries for query_to_passage.
INFO:src.hipporag.HippoRAG:Encoding 1 queries for query_to_passage.
INFO:src.hipporag.HippoRAG:Encoding 3 queries for query_to_passage.
INFO:src.hipporag.HippoRAG:Encoding 1 queries for query_to_passage.
INFO:src.hipporag.HippoRAG:Encoding 1 queries for query_to_passage.
INFO:src.hipporag.HippoRAG:Encoding 1 queries for query_to_passage.
INFO:src.hipporag.HippoRAG:Encoding 1 queries for query_to_passage.
INFO:src.hipporag.HippoRAG:Encoding 2 queries for query_to_passage.
INFO:src.hipporag.HippoRAG:Encoding 1 queries for query_to_passage.
INFO:src.hipporag.HippoRAG:Encoding 1 queries for query_to_passage.
INFO:src.hipporag.HippoRAG:Encoding 1 queries for query_to_passage.
INFO:src.hipporag.HippoRAG:Encoding 1 queries for query_to_passage.
INFO:src.hipporag.HippoRAG:Encoding 1 queries for query_to_passage.
INFO:src.hipporag.HippoRAG:Encoding 1 queries for query_to_passage.
INFO:src.hipporag.HippoRAG:Encoding 1 queries for query_to_passage.
INFO:src.hipporag.HippoRAG:Encoding 3 queries for query_to_passage.
INFO:src.hipporag.HippoRAG:Encoding 1 queries for query_to_passage.
INFO:src.hipporag.HippoRAG:Encoding 2 queries for query_to_passage.
INFO:src.hipporag.HippoRAG:Encoding 1 queries for query_to_passage.
INFO:src.hipporag.HippoRAG:Encoding 2 queries for query_to_passage.
INFO:src.hipporag.HippoRAG:Encoding 2 queries for query_to_passage.
INFO:src.hipporag.HippoRAG:Encoding 1 queries for query_to_passage.
INFO:src.hipporag.HippoRAG:Encoding 1 queries for query_to_passage.
INFO:src.hipporag.HippoRAG:Encoding 1 queries for query_to_passage.
INFO:src.hipporag.HippoRAG:Encoding 1 queries for query_to_passage.
INFO:src.hipporag.HippoRAG:Encoding 1 queries for query_to_passage.
INFO:src.hipporag.HippoRAG:Encoding 2 queries for query_to_passage.
INFO:src.hipporag.HippoRAG:Encoding 1 queries for query_to_passage.
INFO:src.hipporag.HippoRAG:Encoding 1 queries for query_to_passage.
INFO:src.hipporag.HippoRAG:Encoding 2 queries for query_to_passage.
INFO:src.hipporag.HippoRAG:Encoding 1 queries for query_to_passage.
INFO:src.hipporag.HippoRAG:Encoding 4 queries for query_to_passage.
INFO:src.hipporag.HippoRAG:Encoding 1 queries for query_to_passage.
INFO:src.hipporag.HippoRAG:Encoding 1 queries for query_to_passage.
INFO:src.hipporag.HippoRAG:Encoding 1 queries for query_to_passage.
INFO:src.hipporag.HippoRAG:Encoding 1 queries for query_to_passage.
INFO:src.hipporag.HippoRAG:Encoding 1 queries for query_to_passage.
INFO:src.hipporag.HippoRAG:Encoding 1 queries for query_to_passage.
INFO:src.hipporag.HippoRAG:Encoding 1 queries for query_to_passage.
INFO:src.hipporag.HippoRAG:Encoding 1 queries for query_to_passage.
INFO:src.hipporag.HippoRAG:Encoding 2 queries for query_to_passage.
INFO:src.hipporag.HippoRAG:Encoding 3 queries for query_to_passage.
INFO:src.hipporag.HippoRAG:Encoding 1 queries for query_to_passage.
INFO:src.hipporag.HippoRAG:Encoding 4 queries for query_to_passage.
INFO:src.hipporag.HippoRAG:Encoding 1 queries for query_to_passage.
INFO:src.hipporag.HippoRAG:Encoding 1 queries for query_to_passage.
INFO:src.hipporag.HippoRAG:Encoding 1 queries for query_to_passage.
INFO:src.hipporag.HippoRAG:Encoding 1 queries for query_to_passage.
INFO:src.hipporag.HippoRAG:Encoding 1 queries for query_to_passage.
INFO:src.hipporag.HippoRAG:Encoding 3 queries for query_to_passage.
INFO:src.hipporag.HippoRAG:Encoding 1 queries for query_to_passage.
INFO:src.hipporag.HippoRAG:Encoding 1 queries for query_to_passage.
INFO:src.hipporag.HippoRAG:Encoding 1 queries for query_to_passage.
INFO:src.hipporag.HippoRAG:Encoding 1 queries for query_to_passage.
INFO:src.hipporag.HippoRAG:Encoding 3 queries for query_to_passage.
INFO:src.hipporag.HippoRAG:Encoding 1 queries for query_to_passage.
INFO:src.hipporag.HippoRAG:Encoding 1 queries for query_to_passage.
INFO:src.hipporag.HippoRAG:Encoding 1 queries for query_to_passage.
INFO:src.hipporag.HippoRAG:Encoding 2 queries for query_to_passage.
INFO:src.hipporag.HippoRAG:Encoding 1 queries for query_to_passage.
INFO:src.hipporag.HippoRAG:Encoding 1 queries for query_to_passage.
INFO:src.hipporag.HippoRAG:Encoding 3 queries for query_to_passage.
INFO:src.hipporag.HippoRAG:Encoding 1 queries for query_to_passage.
INFO:src.hipporag.HippoRAG:Encoding 1 queries for query_to_passage.
INFO:src.hipporag.HippoRAG:Encoding 2 queries for query_to_passage.
INFO:src.hipporag.HippoRAG:Encoding 1 queries for query_to_passage.
INFO:src.hipporag.HippoRAG:Encoding 1 queries for query_to_passage.
INFO:src.hipporag.HippoRAG:Encoding 2 queries for query_to_passage.
INFO:src.hipporag.HippoRAG:Encoding 1 queries for query_to_passage.
INFO:src.hipporag.HippoRAG:Encoding 2 queries for query_to_passage.
INFO:src.hipporag.HippoRAG:Encoding 1 queries for query_to_passage.
INFO:src.hipporag.HippoRAG:Encoding 1 queries for query_to_passage.
INFO:src.hipporag.HippoRAG:Encoding 3 queries for query_to_passage.
INFO:src.hipporag.HippoRAG:Encoding 1 queries for query_to_passage.
INFO:src.hipporag.HippoRAG:Encoding 1 queries for query_to_passage.
INFO:src.hipporag.HippoRAG:Encoding 1 queries for query_to_passage.
INFO:src.hipporag.HippoRAG:Encoding 1 queries for query_to_passage.
INFO:src.hipporag.HippoRAG:Encoding 1 queries for query_to_passage.
INFO:src.hipporag.HippoRAG:Encoding 1 queries for query_to_passage.
INFO:src.hipporag.HippoRAG:Encoding 3 queries for query_to_passage.
INFO:src.hipporag.HippoRAG:Encoding 2 queries for query_to_passage.
INFO:src.hipporag.HippoRAG:Encoding 1 queries for query_to_passage.
INFO:src.hipporag.HippoRAG:Encoding 1 queries for query_to_passage.
INFO:src.hipporag.HippoRAG:Encoding 2 queries for query_to_passage.
INFO:src.hipporag.HippoRAG:Encoding 1 queries for query_to_passage.
INFO:src.hipporag.HippoRAG:Encoding 2 queries for query_to_passage.
INFO:src.hipporag.HippoRAG:Encoding 1 queries for query_to_passage.
INFO:src.hipporag.HippoRAG:Encoding 2 queries for query_to_passage.
INFO:src.hipporag.HippoRAG:Encoding 1 queries for query_to_passage.
INFO:src.hipporag.HippoRAG:Encoding 3 queries for query_to_passage.
INFO:src.hipporag.HippoRAG:Encoding 1 queries for query_to_passage.
INFO:src.hipporag.HippoRAG:Encoding 1 queries for query_to_passage.
INFO:src.hipporag.HippoRAG:Encoding 1 queries for query_to_passage.
INFO:src.hipporag.HippoRAG:Encoding 1 queries for query_to_passage.
INFO:src.hipporag.HippoRAG:Encoding 1 queries for query_to_passage.
INFO:src.hipporag.HippoRAG:Encoding 2 queries for query_to_passage.
INFO:src.hipporag.HippoRAG:Encoding 2 queries for query_to_passage.
INFO:src.hipporag.HippoRAG:Encoding 3 queries for query_to_passage.
INFO:src.hipporag.HippoRAG:Encoding 1 queries for query_to_passage.
INFO:src.hipporag.HippoRAG:Encoding 2 queries for query_to_passage.
INFO:src.hipporag.HippoRAG:Encoding 1 queries for query_to_passage.
INFO:src.hipporag.HippoRAG:Encoding 2 queries for query_to_passage.
INFO:src.hipporag.HippoRAG:Encoding 2 queries for query_to_passage.
INFO:src.hipporag.HippoRAG:Encoding 2 queries for query_to_passage.
INFO:src.hipporag.HippoRAG:Encoding 1 queries for query_to_passage.
INFO:src.hipporag.HippoRAG:Encoding 2 queries for query_to_passage.
INFO:src.hipporag.HippoRAG:Encoding 3 queries for query_to_passage.
INFO:src.hipporag.HippoRAG:Encoding 1 queries for query_to_passage.
INFO:src.hipporag.HippoRAG:Encoding 1 queries for query_to_passage.
INFO:src.hipporag.HippoRAG:Encoding 1 queries for query_to_passage.
INFO:src.hipporag.HippoRAG:Encoding 1 queries for query_to_passage.
INFO:src.hipporag.HippoRAG:Encoding 1 queries for query_to_passage.
INFO:src.hipporag.HippoRAG:Encoding 2 queries for query_to_passage.
INFO:src.hipporag.HippoRAG:Encoding 1 queries for query_to_passage.
INFO:src.hipporag.HippoRAG:Encoding 1 queries for query_to_passage.
INFO:src.hipporag.HippoRAG:Encoding 2 queries for query_to_passage.
INFO:src.hipporag.HippoRAG:Encoding 1 queries for query_to_passage.
INFO:src.hipporag.HippoRAG:Encoding 1 queries for query_to_passage.
INFO:src.hipporag.HippoRAG:Encoding 3 queries for query_to_passage.
INFO:src.hipporag.HippoRAG:Encoding 1 queries for query_to_passage.
INFO:src.hipporag.HippoRAG:Encoding 2 queries for query_to_passage.
INFO:src.hipporag.HippoRAG:Encoding 2 queries for query_to_passage.
INFO:src.hipporag.HippoRAG:Encoding 1 queries for query_to_passage.
INFO:src.hipporag.HippoRAG:Encoding 1 queries for query_to_passage.
INFO:src.hipporag.HippoRAG:Encoding 1 queries for query_to_passage.
INFO:src.hipporag.HippoRAG:Encoding 1 queries for query_to_passage.
INFO:src.hipporag.HippoRAG:Encoding 2 queries for query_to_passage.
INFO:src.hipporag.HippoRAG:Encoding 1 queries for query_to_passage.
INFO:src.hipporag.HippoRAG:Encoding 1 queries for query_to_passage.
INFO:src.hipporag.HippoRAG:Encoding 2 queries for query_to_passage.
INFO:src.hipporag.HippoRAG:Encoding 1 queries for query_to_passage.
INFO:src.hipporag.HippoRAG:Encoding 2 queries for query_to_passage.
INFO:src.hipporag.HippoRAG:Encoding 2 queries for query_to_passage.
INFO:src.hipporag.HippoRAG:Encoding 1 queries for query_to_passage.
INFO:src.hipporag.HippoRAG:Encoding 4 queries for query_to_passage.
INFO:src.hipporag.HippoRAG:Encoding 1 queries for query_to_passage.
INFO:src.hipporag.HippoRAG:Encoding 1 queries for query_to_passage.
INFO:src.hipporag.HippoRAG:Encoding 1 queries for query_to_passage.
INFO:src.hipporag.HippoRAG:Encoding 1 queries for query_to_passage.
INFO:src.hipporag.HippoRAG:Encoding 1 queries for query_to_passage.
INFO:src.hipporag.HippoRAG:Encoding 3 queries for query_to_passage.
INFO:src.hipporag.HippoRAG:Encoding 1 queries for query_to_passage.
INFO:src.hipporag.HippoRAG:Encoding 1 queries for query_to_passage.
INFO:src.hipporag.HippoRAG:Encoding 1 queries for query_to_passage.
INFO:src.hipporag.HippoRAG:Encoding 1 queries for query_to_passage.
INFO:src.hipporag.HippoRAG:Encoding 4 queries for query_to_passage.
INFO:src.hipporag.HippoRAG:Encoding 1 queries for query_to_passage.
INFO:src.hipporag.HippoRAG:Encoding 1 queries for query_to_passage.
INFO:src.hipporag.HippoRAG:Encoding 2 queries for query_to_passage.
INFO:src.hipporag.HippoRAG:Encoding 1 queries for query_to_passage.
INFO:src.hipporag.HippoRAG:Encoding 1 queries for query_to_passage.
INFO:src.hipporag.HippoRAG:Encoding 2 queries for query_to_passage.
INFO:src.hipporag.HippoRAG:Encoding 1 queries for query_to_passage.
INFO:src.hipporag.HippoRAG:Encoding 2 queries for query_to_passage.
INFO:src.hipporag.HippoRAG:Encoding 1 queries for query_to_passage.
INFO:src.hipporag.HippoRAG:Encoding 1 queries for query_to_passage.
INFO:src.hipporag.HippoRAG:Encoding 2 queries for query_to_passage.
INFO:src.hipporag.HippoRAG:Encoding 1 queries for query_to_passage.
INFO:src.hipporag.HippoRAG:Encoding 1 queries for query_to_passage.
INFO:src.hipporag.HippoRAG:Encoding 1 queries for query_to_passage.
INFO:src.hipporag.HippoRAG:Encoding 2 queries for query_to_passage.
INFO:src.hipporag.HippoRAG:Encoding 3 queries for query_to_passage.
INFO:src.hipporag.HippoRAG:Encoding 2 queries for query_to_passage.
INFO:src.hipporag.HippoRAG:Encoding 1 queries for query_to_passage.
INFO:src.hipporag.HippoRAG:Encoding 2 queries for query_to_passage.
INFO:src.hipporag.HippoRAG:Encoding 1 queries for query_to_passage.
INFO:src.hipporag.HippoRAG:Encoding 1 queries for query_to_passage.
INFO:src.hipporag.HippoRAG:Encoding 2 queries for query_to_passage.
INFO:src.hipporag.HippoRAG:Encoding 1 queries for query_to_passage.
INFO:src.hipporag.HippoRAG:Encoding 2 queries for query_to_passage.
INFO:src.hipporag.HippoRAG:Encoding 1 queries for query_to_passage.
INFO:src.hipporag.HippoRAG:Encoding 1 queries for query_to_passage.
INFO:src.hipporag.HippoRAG:Encoding 3 queries for query_to_passage.
INFO:src.hipporag.HippoRAG:Encoding 1 queries for query_to_passage.
INFO:src.hipporag.HippoRAG:Encoding 4 queries for query_to_passage.
INFO:src.hipporag.HippoRAG:Encoding 3 queries for query_to_passage.
INFO:src.hipporag.HippoRAG:Encoding 1 queries for query_to_passage.
INFO:src.hipporag.HippoRAG:Encoding 1 queries for query_to_passage.
INFO:src.hipporag.HippoRAG:Encoding 1 queries for query_to_passage.
INFO:src.hipporag.HippoRAG:Encoding 1 queries for query_to_passage.
INFO:src.hipporag.HippoRAG:Encoding 1 queries for query_to_passage.
INFO:src.hipporag.HippoRAG:Encoding 1 queries for query_to_passage.
INFO:src.hipporag.HippoRAG:Encoding 2 queries for query_to_passage.
INFO:src.hipporag.HippoRAG:Encoding 1 queries for query_to_passage.
INFO:src.hipporag.HippoRAG:Encoding 2 queries for query_to_passage.
INFO:src.hipporag.HippoRAG:Encoding 1 queries for query_to_passage.
INFO:src.hipporag.HippoRAG:Encoding 2 queries for query_to_passage.
INFO:src.hipporag.HippoRAG:Encoding 1 queries for query_to_passage.
INFO:src.hipporag.HippoRAG:Encoding 1 queries for query_to_passage.
INFO:src.hipporag.HippoRAG:Encoding 1 queries for query_to_passage.
INFO:src.hipporag.HippoRAG:Encoding 1 queries for query_to_passage.
INFO:src.hipporag.HippoRAG:Encoding 2 queries for query_to_passage.
INFO:src.hipporag.HippoRAG:Encoding 3 queries for query_to_passage.
INFO:src.hipporag.HippoRAG:Encoding 1 queries for query_to_passage.
INFO:src.hipporag.HippoRAG:Encoding 1 queries for query_to_passage.
INFO:src.hipporag.HippoRAG:Encoding 1 queries for query_to_passage.
INFO:src.hipporag.HippoRAG:Encoding 1 queries for query_to_passage.
INFO:src.hipporag.HippoRAG:Encoding 1 queries for query_to_passage.
INFO:src.hipporag.HippoRAG:Encoding 2 queries for query_to_passage.
INFO:src.hipporag.HippoRAG:Encoding 2 queries for query_to_passage.
INFO:src.hipporag.HippoRAG:Encoding 1 queries for query_to_passage.
INFO:src.hipporag.HippoRAG:Encoding 1 queries for query_to_passage.
INFO:src.hipporag.HippoRAG:Encoding 2 queries for query_to_passage.
INFO:src.hipporag.HippoRAG:Encoding 1 queries for query_to_passage.
INFO:src.hipporag.HippoRAG:Encoding 1 queries for query_to_passage.
INFO:src.hipporag.HippoRAG:Encoding 1 queries for query_to_passage.
INFO:src.hipporag.HippoRAG:Encoding 3 queries for query_to_passage.
INFO:src.hipporag.HippoRAG:Encoding 1 queries for query_to_passage.
INFO:src.hipporag.HippoRAG:Encoding 2 queries for query_to_passage.
INFO:src.hipporag.HippoRAG:Encoding 3 queries for query_to_passage.
INFO:src.hipporag.HippoRAG:Encoding 1 queries for query_to_passage.
INFO:src.hipporag.HippoRAG:Encoding 1 queries for query_to_passage.
INFO:src.hipporag.HippoRAG:Encoding 1 queries for query_to_passage.
INFO:src.hipporag.HippoRAG:Encoding 1 queries for query_to_passage.
INFO:src.hipporag.HippoRAG:Encoding 1 queries for query_to_passage.
INFO:src.hipporag.HippoRAG:Encoding 1 queries for query_to_passage.
INFO:src.hipporag.HippoRAG:Encoding 1 queries for query_to_passage.
INFO:src.hipporag.HippoRAG:Encoding 1 queries for query_to_passage.
INFO:src.hipporag.HippoRAG:Encoding 3 queries for query_to_passage.
INFO:src.hipporag.HippoRAG:Encoding 1 queries for query_to_passage.
INFO:src.hipporag.HippoRAG:Encoding 3 queries for query_to_passage.
INFO:src.hipporag.HippoRAG:Encoding 1 queries for query_to_passage.
INFO:src.hipporag.HippoRAG:Encoding 1 queries for query_to_passage.
INFO:src.hipporag.HippoRAG:Encoding 1 queries for query_to_passage.
INFO:src.hipporag.HippoRAG:Encoding 2 queries for query_to_passage.
INFO:src.hipporag.HippoRAG:Encoding 1 queries for query_to_passage.
INFO:src.hipporag.HippoRAG:Encoding 1 queries for query_to_passage.
INFO:src.hipporag.HippoRAG:Encoding 1 queries for query_to_passage.
INFO:src.hipporag.HippoRAG:Encoding 2 queries for query_to_passage.
INFO:src.hipporag.HippoRAG:Encoding 1 queries for query_to_passage.
INFO:src.hipporag.HippoRAG:Encoding 4 queries for query_to_passage.
INFO:src.hipporag.HippoRAG:Encoding 1 queries for query_to_passage.
INFO:src.hipporag.HippoRAG:Encoding 1 queries for query_to_passage.
INFO:src.hipporag.HippoRAG:Encoding 1 queries for query_to_passage.
INFO:src.hipporag.HippoRAG:Encoding 1 queries for query_to_passage.
INFO:src.hipporag.HippoRAG:Encoding 3 queries for query_to_passage.
INFO:src.hipporag.HippoRAG:Encoding 1 queries for query_to_passage.
INFO:src.hipporag.HippoRAG:Encoding 1 queries for query_to_passage.
INFO:src.hipporag.HippoRAG:Encoding 1 queries for query_to_passage.
INFO:src.hipporag.HippoRAG:Encoding 1 queries for query_to_passage.
INFO:src.hipporag.HippoRAG:Encoding 1 queries for query_to_passage.
INFO:src.hipporag.HippoRAG:Encoding 1 queries for query_to_passage.
INFO:src.hipporag.HippoRAG:Encoding 2 queries for query_to_passage.
INFO:src.hipporag.HippoRAG:Encoding 1 queries for query_to_passage.
INFO:src.hipporag.HippoRAG:Encoding 2 queries for query_to_passage.
INFO:__main__:Applied daec_noisyor_llm selector over pool@100 for 1000 queries (avg mapped pool docs=100.00, avg seed entities=5.35)
Collecting QA prompts:   0%|          | 0/1000 [00:00<?, ?it/s]Collecting QA prompts: 100%|██████████| 1000/1000 [00:00<00:00, 15276.57it/s]
QA Reading:   0%|          | 0/1000 [00:00<?, ?it/s]INFO:httpx:HTTP Request: POST http://localhost:8043/v1/chat/completions "HTTP/1.1 200 OK"
QA Reading:  10%|█         | 102/1000 [00:01<00:14, 60.17it/s]INFO:httpx:HTTP Request: POST http://localhost:8043/v1/chat/completions "HTTP/1.1 200 OK"
QA Reading:  11%|█         | 109/1000 [00:02<00:18, 48.25it/s]INFO:httpx:HTTP Request: POST http://localhost:8043/v1/chat/completions "HTTP/1.1 200 OK"
QA Reading:  11%|█         | 109/1000 [00:21<00:18, 48.25it/s]INFO:httpx:HTTP Request: POST http://localhost:8043/v1/chat/completions "HTTP/1.1 200 OK"
QA Reading:  11%|█▏        | 113/1000 [00:56<13:50,  1.07it/s]INFO:httpx:HTTP Request: POST http://localhost:8043/v1/chat/completions "HTTP/1.1 200 OK"
QA Reading:  11%|█▏        | 114/1000 [00:56<13:47,  1.07it/s]INFO:httpx:HTTP Request: POST http://localhost:8043/v1/chat/completions "HTTP/1.1 200 OK"
QA Reading:  12%|█▏        | 116/1000 [00:57<13:11,  1.12it/s]INFO:httpx:HTTP Request: POST http://localhost:8043/v1/chat/completions "HTTP/1.1 200 OK"
QA Reading:  12%|█▏        | 121/1000 [00:58<10:58,  1.34it/s]INFO:httpx:HTTP Request: POST http://localhost:8043/v1/chat/completions "HTTP/1.1 200 OK"
QA Reading:  13%|█▎        | 126/1000 [00:58<08:58,  1.62it/s]INFO:httpx:HTTP Request: POST http://localhost:8043/v1/chat/completions "HTTP/1.1 200 OK"
QA Reading:  13%|█▎        | 133/1000 [00:59<06:35,  2.19it/s]INFO:httpx:HTTP Request: POST http://localhost:8043/v1/chat/completions "HTTP/1.1 200 OK"
QA Reading:  14%|█▎        | 135/1000 [00:59<06:12,  2.32it/s]INFO:httpx:HTTP Request: POST http://localhost:8043/v1/chat/completions "HTTP/1.1 200 OK"
QA Reading:  14%|█▎        | 136/1000 [00:59<06:06,  2.36it/s]INFO:httpx:HTTP Request: POST http://localhost:8043/v1/chat/completions "HTTP/1.1 200 OK"
QA Reading:  14%|█▍        | 141/1000 [01:00<04:30,  3.17it/s]INFO:httpx:HTTP Request: POST http://localhost:8043/v1/chat/completions "HTTP/1.1 200 OK"
QA Reading:  15%|█▌        | 150/1000 [01:01<02:54,  4.86it/s]INFO:httpx:HTTP Request: POST http://localhost:8043/v1/chat/completions "HTTP/1.1 200 OK"
QA Reading:  16%|█▌        | 158/1000 [01:01<02:09,  6.50it/s]INFO:httpx:HTTP Request: POST http://localhost:8043/v1/chat/completions "HTTP/1.1 200 OK"
QA Reading:  18%|█▊        | 176/1000 [01:02<01:12, 11.43it/s]INFO:httpx:HTTP Request: POST http://localhost:8043/v1/chat/completions "HTTP/1.1 200 OK"
QA Reading:  18%|█▊        | 178/1000 [01:02<01:20, 10.23it/s]INFO:httpx:HTTP Request: POST http://localhost:8043/v1/chat/completions "HTTP/1.1 200 OK"
QA Reading:  18%|█▊        | 180/1000 [01:03<01:35,  8.56it/s]INFO:httpx:HTTP Request: POST http://localhost:8043/v1/chat/completions "HTTP/1.1 200 OK"
QA Reading:  18%|█▊        | 183/1000 [01:03<01:43,  7.88it/s]INFO:httpx:HTTP Request: POST http://localhost:8043/v1/chat/completions "HTTP/1.1 200 OK"
QA Reading:  18%|█▊        | 185/1000 [01:04<01:51,  7.33it/s]INFO:httpx:HTTP Request: POST http://localhost:8043/v1/chat/completions "HTTP/1.1 200 OK"
QA Reading:  19%|█▉        | 189/1000 [01:04<01:45,  7.71it/s]INFO:httpx:HTTP Request: POST http://localhost:8043/v1/chat/completions "HTTP/1.1 200 OK"
QA Reading:  20%|█▉        | 197/1000 [01:05<01:18, 10.19it/s]INFO:httpx:HTTP Request: POST http://localhost:8043/v1/chat/completions "HTTP/1.1 200 OK"
QA Reading:  20%|██        | 200/1000 [01:05<01:23,  9.60it/s]INFO:httpx:HTTP Request: POST http://localhost:8043/v1/chat/completions "HTTP/1.1 200 OK"
QA Reading:  20%|██        | 201/1000 [01:05<01:41,  7.85it/s]INFO:httpx:HTTP Request: POST http://localhost:8043/v1/chat/completions "HTTP/1.1 200 OK"
QA Reading:  21%|██        | 211/1000 [01:06<01:08, 11.60it/s]INFO:httpx:HTTP Request: POST http://localhost:8043/v1/chat/completions "HTTP/1.1 200 OK"
QA Reading:  21%|██▏       | 213/1000 [01:06<01:25,  9.25it/s]INFO:httpx:HTTP Request: POST http://localhost:8043/v1/chat/completions "HTTP/1.1 200 OK"
QA Reading:  21%|██▏       | 214/1000 [01:07<01:52,  6.97it/s]INFO:httpx:HTTP Request: POST http://localhost:8043/v1/chat/completions "HTTP/1.1 200 OK"
QA Reading:  22%|██▏       | 216/1000 [01:07<02:04,  6.30it/s]INFO:httpx:HTTP Request: POST http://localhost:8043/v1/chat/completions "HTTP/1.1 200 OK"
QA Reading:  22%|██▏       | 221/1000 [01:08<02:07,  6.09it/s]INFO:httpx:HTTP Request: POST http://localhost:8043/v1/chat/completions "HTTP/1.1 200 OK"
QA Reading:  22%|██▏       | 224/1000 [01:09<02:01,  6.41it/s]INFO:httpx:HTTP Request: POST http://localhost:8043/v1/chat/completions "HTTP/1.1 200 OK"
QA Reading:  24%|██▎       | 236/1000 [01:09<01:10, 10.89it/s]INFO:httpx:HTTP Request: POST http://localhost:8043/v1/chat/completions "HTTP/1.1 200 OK"
QA Reading:  24%|██▍       | 238/1000 [01:10<02:01,  6.26it/s]INFO:httpx:HTTP Request: POST http://localhost:8043/v1/chat/completions "HTTP/1.1 200 OK"
QA Reading:  25%|██▍       | 246/1000 [01:11<01:45,  7.16it/s]INFO:httpx:HTTP Request: POST http://localhost:8043/v1/chat/completions "HTTP/1.1 200 OK"
QA Reading:  25%|██▍       | 248/1000 [01:12<01:54,  6.58it/s]INFO:httpx:HTTP Request: POST http://localhost:8043/v1/chat/completions "HTTP/1.1 200 OK"
QA Reading:  25%|██▌       | 250/1000 [01:12<02:00,  6.22it/s]INFO:httpx:HTTP Request: POST http://localhost:8043/v1/chat/completions "HTTP/1.1 200 OK"
QA Reading:  25%|██▌       | 251/1000 [01:13<02:15,  5.52it/s]INFO:httpx:HTTP Request: POST http://localhost:8043/v1/chat/completions "HTTP/1.1 200 OK"
QA Reading:  25%|██▌       | 252/1000 [01:13<02:44,  4.54it/s]INFO:httpx:HTTP Request: POST http://localhost:8043/v1/chat/completions "HTTP/1.1 200 OK"
QA Reading:  25%|██▌       | 253/1000 [01:14<03:25,  3.63it/s]INFO:httpx:HTTP Request: POST http://localhost:8043/v1/chat/completions "HTTP/1.1 200 OK"
QA Reading:  26%|██▌       | 255/1000 [01:14<02:57,  4.20it/s]INFO:httpx:HTTP Request: POST http://localhost:8043/v1/chat/completions "HTTP/1.1 200 OK"
QA Reading:  26%|██▌       | 257/1000 [01:15<03:06,  3.99it/s]INFO:httpx:HTTP Request: POST http://localhost:8043/v1/chat/completions "HTTP/1.1 200 OK"
QA Reading:  26%|██▋       | 264/1000 [01:15<01:43,  7.11it/s]INFO:httpx:HTTP Request: POST http://localhost:8043/v1/chat/completions "HTTP/1.1 200 OK"
QA Reading:  27%|██▋       | 269/1000 [01:16<01:43,  7.09it/s]INFO:httpx:HTTP Request: POST http://localhost:8043/v1/chat/completions "HTTP/1.1 200 OK"
QA Reading:  27%|██▋       | 273/1000 [01:17<01:57,  6.19it/s]INFO:httpx:HTTP Request: POST http://localhost:8043/v1/chat/completions "HTTP/1.1 200 OK"
QA Reading:  27%|██▋       | 274/1000 [01:17<02:28,  4.90it/s]INFO:httpx:HTTP Request: POST http://localhost:8043/v1/chat/completions "HTTP/1.1 200 OK"
QA Reading:  28%|██▊       | 275/1000 [01:18<02:48,  4.30it/s]INFO:httpx:HTTP Request: POST http://localhost:8043/v1/chat/completions "HTTP/1.1 200 OK"
QA Reading:  28%|██▊       | 278/1000 [01:18<02:09,  5.58it/s]INFO:httpx:HTTP Request: POST http://localhost:8043/v1/chat/completions "HTTP/1.1 200 OK"
QA Reading:  28%|██▊       | 281/1000 [01:18<02:15,  5.31it/s]INFO:httpx:HTTP Request: POST http://localhost:8043/v1/chat/completions "HTTP/1.1 200 OK"
QA Reading:  29%|██▉       | 290/1000 [01:19<01:10, 10.11it/s]INFO:httpx:HTTP Request: POST http://localhost:8043/v1/chat/completions "HTTP/1.1 200 OK"
QA Reading:  29%|██▉       | 294/1000 [01:19<01:10, 10.03it/s]INFO:httpx:HTTP Request: POST http://localhost:8043/v1/chat/completions "HTTP/1.1 200 OK"
QA Reading:  30%|███       | 300/1000 [01:20<01:15,  9.29it/s]INFO:httpx:HTTP Request: POST http://localhost:8043/v1/chat/completions "HTTP/1.1 200 OK"
QA Reading:  31%|███       | 306/1000 [01:20<01:08, 10.21it/s]INFO:httpx:HTTP Request: POST http://localhost:8043/v1/chat/completions "HTTP/1.1 200 OK"
QA Reading:  31%|███       | 310/1000 [01:21<01:11,  9.59it/s]INFO:httpx:HTTP Request: POST http://localhost:8043/v1/chat/completions "HTTP/1.1 200 OK"
QA Reading:  31%|███       | 312/1000 [01:22<01:34,  7.32it/s]INFO:httpx:HTTP Request: POST http://localhost:8043/v1/chat/completions "HTTP/1.1 200 OK"
QA Reading:  32%|███▏      | 318/1000 [01:22<01:09,  9.82it/s]INFO:httpx:HTTP Request: POST http://localhost:8043/v1/chat/completions "HTTP/1.1 200 OK"
QA Reading:  32%|███▏      | 323/1000 [01:22<01:11,  9.52it/s]INFO:httpx:HTTP Request: POST http://localhost:8043/v1/chat/completions "HTTP/1.1 200 OK"
QA Reading:  33%|███▎      | 328/1000 [01:23<01:19,  8.49it/s]INFO:httpx:HTTP Request: POST http://localhost:8043/v1/chat/completions "HTTP/1.1 200 OK"
QA Reading:  33%|███▎      | 330/1000 [01:24<01:31,  7.36it/s]INFO:httpx:HTTP Request: POST http://localhost:8043/v1/chat/completions "HTTP/1.1 200 OK"
QA Reading:  34%|███▎      | 335/1000 [01:24<01:33,  7.10it/s]INFO:httpx:HTTP Request: POST http://localhost:8043/v1/chat/completions "HTTP/1.1 200 OK"
QA Reading:  34%|███▎      | 337/1000 [01:25<01:40,  6.62it/s]INFO:httpx:HTTP Request: POST http://localhost:8043/v1/chat/completions "HTTP/1.1 200 OK"
QA Reading:  35%|███▌      | 350/1000 [01:25<00:48, 13.28it/s]INFO:httpx:HTTP Request: POST http://localhost:8043/v1/chat/completions "HTTP/1.1 200 OK"
QA Reading:  35%|███▌      | 354/1000 [01:25<00:50, 12.87it/s]INFO:httpx:HTTP Request: POST http://localhost:8043/v1/chat/completions "HTTP/1.1 200 OK"
QA Reading:  36%|███▌      | 356/1000 [01:26<01:02, 10.32it/s]INFO:httpx:HTTP Request: POST http://localhost:8043/v1/chat/completions "HTTP/1.1 200 OK"
QA Reading:  36%|███▋      | 363/1000 [01:26<00:53, 12.01it/s]INFO:httpx:HTTP Request: POST http://localhost:8043/v1/chat/completions "HTTP/1.1 200 OK"
QA Reading:  37%|███▋      | 367/1000 [01:27<00:55, 11.38it/s]INFO:httpx:HTTP Request: POST http://localhost:8043/v1/chat/completions "HTTP/1.1 200 OK"
QA Reading:  37%|███▋      | 373/1000 [01:27<01:03,  9.91it/s]INFO:httpx:HTTP Request: POST http://localhost:8043/v1/chat/completions "HTTP/1.1 200 OK"
QA Reading:  39%|███▊      | 387/1000 [01:28<00:42, 14.40it/s]INFO:httpx:HTTP Request: POST http://localhost:8043/v1/chat/completions "HTTP/1.1 200 OK"
QA Reading:  39%|███▉      | 391/1000 [01:29<00:47, 12.84it/s]INFO:httpx:HTTP Request: POST http://localhost:8043/v1/chat/completions "HTTP/1.1 200 OK"
QA Reading:  40%|████      | 400/1000 [01:29<00:40, 14.77it/s]INFO:httpx:HTTP Request: POST http://localhost:8043/v1/chat/completions "HTTP/1.1 200 OK"
QA Reading:  40%|████      | 404/1000 [01:30<00:51, 11.62it/s]INFO:httpx:HTTP Request: POST http://localhost:8043/v1/chat/completions "HTTP/1.1 200 OK"
QA Reading:  41%|████▏     | 414/1000 [01:30<00:41, 14.29it/s]INFO:httpx:HTTP Request: POST http://localhost:8043/v1/chat/completions "HTTP/1.1 200 OK"
QA Reading:  42%|████▏     | 424/1000 [01:30<00:34, 16.93it/s]INFO:httpx:HTTP Request: POST http://localhost:8043/v1/chat/completions "HTTP/1.1 200 OK"
QA Reading:  43%|████▎     | 427/1000 [01:31<00:46, 12.33it/s]INFO:httpx:HTTP Request: POST http://localhost:8043/v1/chat/completions "HTTP/1.1 200 OK"
QA Reading:  43%|████▎     | 430/1000 [01:32<00:52, 10.87it/s]INFO:httpx:HTTP Request: POST http://localhost:8043/v1/chat/completions "HTTP/1.1 200 OK"
QA Reading:  46%|████▌     | 455/1000 [01:32<00:24, 22.13it/s]INFO:httpx:HTTP Request: POST http://localhost:8043/v1/chat/completions "HTTP/1.1 200 OK"
QA Reading:  46%|████▌     | 458/1000 [01:33<00:33, 16.26it/s]INFO:httpx:HTTP Request: POST http://localhost:8043/v1/chat/completions "HTTP/1.1 200 OK"
QA Reading:  48%|████▊     | 478/1000 [01:33<00:24, 21.41it/s]INFO:httpx:HTTP Request: POST http://localhost:8043/v1/chat/completions "HTTP/1.1 200 OK"
QA Reading:  48%|████▊     | 483/1000 [01:34<00:28, 17.93it/s]INFO:httpx:HTTP Request: POST http://localhost:8043/v1/chat/completions "HTTP/1.1 200 OK"
QA Reading:  49%|████▊     | 486/1000 [01:34<00:36, 14.07it/s]INFO:httpx:HTTP Request: POST http://localhost:8043/v1/chat/completions "HTTP/1.1 200 OK"
QA Reading:  49%|████▉     | 488/1000 [01:35<00:50, 10.13it/s]INFO:httpx:HTTP Request: POST http://localhost:8043/v1/chat/completions "HTTP/1.1 200 OK"
INFO:httpx:HTTP Request: POST http://localhost:8043/v1/chat/completions "HTTP/1.1 200 OK"
QA Reading:  49%|████▉     | 490/1000 [01:36<01:15,  6.78it/s]INFO:httpx:HTTP Request: POST http://localhost:8043/v1/chat/completions "HTTP/1.1 200 OK"
QA Reading:  49%|████▉     | 491/1000 [01:37<01:30,  5.60it/s]INFO:httpx:HTTP Request: POST http://localhost:8043/v1/chat/completions "HTTP/1.1 200 OK"
QA Reading:  50%|████▉     | 496/1000 [01:37<01:17,  6.53it/s]INFO:httpx:HTTP Request: POST http://localhost:8043/v1/chat/completions "HTTP/1.1 200 OK"
QA Reading:  51%|█████     | 510/1000 [01:38<00:42, 11.48it/s]INFO:httpx:HTTP Request: POST http://localhost:8043/v1/chat/completions "HTTP/1.1 200 OK"
QA Reading:  51%|█████▏    | 514/1000 [01:38<00:45, 10.57it/s]INFO:httpx:HTTP Request: POST http://localhost:8043/v1/chat/completions "HTTP/1.1 200 OK"
QA Reading:  52%|█████▏    | 518/1000 [01:39<00:48,  9.92it/s]INFO:httpx:HTTP Request: POST http://localhost:8043/v1/chat/completions "HTTP/1.1 200 OK"
QA Reading:  52%|█████▏    | 523/1000 [01:39<00:43, 10.96it/s]INFO:httpx:HTTP Request: POST http://localhost:8043/v1/chat/completions "HTTP/1.1 200 OK"
QA Reading:  52%|█████▎    | 525/1000 [01:40<00:52,  8.98it/s]INFO:httpx:HTTP Request: POST http://localhost:8043/v1/chat/completions "HTTP/1.1 200 OK"
QA Reading:  54%|█████▎    | 535/1000 [01:40<00:33, 13.91it/s]INFO:httpx:HTTP Request: POST http://localhost:8043/v1/chat/completions "HTTP/1.1 200 OK"
QA Reading:  54%|█████▍    | 539/1000 [01:41<00:41, 11.17it/s]INFO:httpx:HTTP Request: POST http://localhost:8043/v1/chat/completions "HTTP/1.1 200 OK"
QA Reading:  54%|█████▍    | 542/1000 [01:41<00:43, 10.46it/s]INFO:httpx:HTTP Request: POST http://localhost:8043/v1/chat/completions "HTTP/1.1 200 OK"
QA Reading:  55%|█████▌    | 551/1000 [01:41<00:33, 13.55it/s]INFO:httpx:HTTP Request: POST http://localhost:8043/v1/chat/completions "HTTP/1.1 200 OK"
QA Reading:  55%|█████▌    | 553/1000 [01:42<00:37, 11.83it/s]INFO:httpx:HTTP Request: POST http://localhost:8043/v1/chat/completions "HTTP/1.1 200 OK"
INFO:httpx:HTTP Request: POST http://localhost:8043/v1/chat/completions "HTTP/1.1 200 OK"
QA Reading:  56%|█████▌    | 555/1000 [01:43<01:27,  5.11it/s]INFO:httpx:HTTP Request: POST http://localhost:8043/v1/chat/completions "HTTP/1.1 200 OK"
QA Reading:  57%|█████▋    | 566/1000 [01:44<00:48,  8.93it/s]INFO:httpx:HTTP Request: POST http://localhost:8043/v1/chat/completions "HTTP/1.1 200 OK"
QA Reading:  57%|█████▋    | 568/1000 [01:44<00:51,  8.34it/s]INFO:httpx:HTTP Request: POST http://localhost:8043/v1/chat/completions "HTTP/1.1 200 OK"
QA Reading:  58%|█████▊    | 576/1000 [01:45<00:44,  9.43it/s]INFO:httpx:HTTP Request: POST http://localhost:8043/v1/chat/completions "HTTP/1.1 200 OK"
QA Reading:  58%|█████▊    | 578/1000 [01:45<00:53,  7.84it/s]INFO:httpx:HTTP Request: POST http://localhost:8043/v1/chat/completions "HTTP/1.1 200 OK"
QA Reading:  58%|█████▊    | 581/1000 [01:46<01:02,  6.67it/s]INFO:httpx:HTTP Request: POST http://localhost:8043/v1/chat/completions "HTTP/1.1 200 OK"
QA Reading:  59%|█████▉    | 592/1000 [01:47<00:37, 10.83it/s]INFO:httpx:HTTP Request: POST http://localhost:8043/v1/chat/completions "HTTP/1.1 200 OK"
QA Reading:  60%|██████    | 601/1000 [01:47<00:32, 12.36it/s]INFO:httpx:HTTP Request: POST http://localhost:8043/v1/chat/completions "HTTP/1.1 200 OK"
QA Reading:  60%|██████    | 603/1000 [01:48<00:40,  9.79it/s]INFO:httpx:HTTP Request: POST http://localhost:8043/v1/chat/completions "HTTP/1.1 200 OK"
QA Reading:  60%|██████    | 605/1000 [01:48<00:48,  8.08it/s]INFO:httpx:HTTP Request: POST http://localhost:8043/v1/chat/completions "HTTP/1.1 200 OK"
QA Reading:  61%|██████    | 606/1000 [01:49<01:03,  6.24it/s]INFO:httpx:HTTP Request: POST http://localhost:8043/v1/chat/completions "HTTP/1.1 200 OK"
QA Reading:  61%|██████    | 611/1000 [01:49<00:51,  7.54it/s]INFO:httpx:HTTP Request: POST http://localhost:8043/v1/chat/completions "HTTP/1.1 200 OK"
QA Reading:  62%|██████▏   | 615/1000 [01:50<00:46,  8.23it/s]INFO:httpx:HTTP Request: POST http://localhost:8043/v1/chat/completions "HTTP/1.1 200 OK"
QA Reading:  62%|██████▏   | 618/1000 [01:50<00:50,  7.51it/s]INFO:httpx:HTTP Request: POST http://localhost:8043/v1/chat/completions "HTTP/1.1 200 OK"
QA Reading:  62%|██████▏   | 621/1000 [01:51<00:58,  6.49it/s]INFO:httpx:HTTP Request: POST http://localhost:8043/v1/chat/completions "HTTP/1.1 200 OK"
QA Reading:  62%|██████▏   | 623/1000 [01:51<01:08,  5.50it/s]INFO:httpx:HTTP Request: POST http://localhost:8043/v1/chat/completions "HTTP/1.1 200 OK"
QA Reading:  63%|██████▎   | 626/1000 [01:52<01:15,  4.97it/s]INFO:httpx:HTTP Request: POST http://localhost:8043/v1/chat/completions "HTTP/1.1 200 OK"
QA Reading:  63%|██████▎   | 628/1000 [01:53<01:22,  4.52it/s]INFO:httpx:HTTP Request: POST http://localhost:8043/v1/chat/completions "HTTP/1.1 200 OK"
QA Reading:  63%|██████▎   | 629/1000 [01:53<01:40,  3.69it/s]INFO:httpx:HTTP Request: POST http://localhost:8043/v1/chat/completions "HTTP/1.1 200 OK"
QA Reading:  63%|██████▎   | 630/1000 [01:54<02:01,  3.05it/s]INFO:httpx:HTTP Request: POST http://localhost:8043/v1/chat/completions "HTTP/1.1 200 OK"
QA Reading:  63%|██████▎   | 631/1000 [01:54<02:17,  2.69it/s]INFO:httpx:HTTP Request: POST http://localhost:8043/v1/chat/completions "HTTP/1.1 200 OK"
QA Reading:  64%|██████▎   | 636/1000 [01:55<01:41,  3.58it/s]INFO:httpx:HTTP Request: POST http://localhost:8043/v1/chat/completions "HTTP/1.1 200 OK"
QA Reading:  64%|██████▍   | 640/1000 [01:56<01:13,  4.88it/s]INFO:httpx:HTTP Request: POST http://localhost:8043/v1/chat/completions "HTTP/1.1 200 OK"
QA Reading:  65%|██████▍   | 647/1000 [01:56<00:51,  6.90it/s]INFO:httpx:HTTP Request: POST http://localhost:8043/v1/chat/completions "HTTP/1.1 200 OK"
QA Reading:  65%|██████▌   | 651/1000 [01:57<00:44,  7.89it/s]INFO:httpx:HTTP Request: POST http://localhost:8043/v1/chat/completions "HTTP/1.1 200 OK"
QA Reading:  66%|██████▌   | 655/1000 [01:57<00:45,  7.61it/s]INFO:httpx:HTTP Request: POST http://localhost:8043/v1/chat/completions "HTTP/1.1 200 OK"
QA Reading:  66%|██████▌   | 658/1000 [01:58<00:46,  7.33it/s]INFO:httpx:HTTP Request: POST http://localhost:8043/v1/chat/completions "HTTP/1.1 200 OK"
QA Reading:  67%|██████▋   | 669/1000 [01:58<00:31, 10.65it/s]INFO:httpx:HTTP Request: POST http://localhost:8043/v1/chat/completions "HTTP/1.1 200 OK"
QA Reading:  68%|██████▊   | 676/1000 [01:59<00:25, 12.62it/s]INFO:httpx:HTTP Request: POST http://localhost:8043/v1/chat/completions "HTTP/1.1 200 OK"
QA Reading:  68%|██████▊   | 680/1000 [01:59<00:28, 11.20it/s]INFO:httpx:HTTP Request: POST http://localhost:8043/v1/chat/completions "HTTP/1.1 200 OK"
QA Reading:  68%|██████▊   | 682/1000 [02:00<00:34,  9.10it/s]INFO:httpx:HTTP Request: POST http://localhost:8043/v1/chat/completions "HTTP/1.1 200 OK"
QA Reading:  69%|██████▉   | 694/1000 [02:00<00:19, 15.30it/s]INFO:httpx:HTTP Request: POST http://localhost:8043/v1/chat/completions "HTTP/1.1 200 OK"
QA Reading:  70%|██████▉   | 696/1000 [02:00<00:24, 12.17it/s]INFO:httpx:HTTP Request: POST http://localhost:8043/v1/chat/completions "HTTP/1.1 200 OK"
QA Reading:  70%|██████▉   | 698/1000 [02:01<00:31,  9.50it/s]INFO:httpx:HTTP Request: POST http://localhost:8043/v1/chat/completions "HTTP/1.1 200 OK"
INFO:httpx:HTTP Request: POST http://localhost:8043/v1/chat/completions "HTTP/1.1 200 OK"
QA Reading:  70%|███████   | 700/1000 [02:02<00:55,  5.43it/s]INFO:httpx:HTTP Request: POST http://localhost:8043/v1/chat/completions "HTTP/1.1 200 OK"
QA Reading:  70%|███████   | 704/1000 [02:03<00:46,  6.34it/s]INFO:httpx:HTTP Request: POST http://localhost:8043/v1/chat/completions "HTTP/1.1 200 OK"
QA Reading:  70%|███████   | 705/1000 [02:03<01:00,  4.89it/s]INFO:httpx:HTTP Request: POST http://localhost:8043/v1/chat/completions "HTTP/1.1 200 OK"
QA Reading:  71%|███████   | 706/1000 [02:04<01:15,  3.90it/s]INFO:httpx:HTTP Request: POST http://localhost:8043/v1/chat/completions "HTTP/1.1 200 OK"
QA Reading:  71%|███████▏  | 714/1000 [02:04<00:41,  6.92it/s]INFO:httpx:HTTP Request: POST http://localhost:8043/v1/chat/completions "HTTP/1.1 200 OK"
QA Reading:  72%|███████▏  | 715/1000 [02:05<00:53,  5.31it/s]INFO:httpx:HTTP Request: POST http://localhost:8043/v1/chat/completions "HTTP/1.1 200 OK"
QA Reading:  72%|███████▏  | 716/1000 [02:06<01:11,  3.97it/s]INFO:httpx:HTTP Request: POST http://localhost:8043/v1/chat/completions "HTTP/1.1 200 OK"
QA Reading:  72%|███████▏  | 720/1000 [02:06<01:03,  4.42it/s]INFO:httpx:HTTP Request: POST http://localhost:8043/v1/chat/completions "HTTP/1.1 200 OK"
QA Reading:  72%|███████▏  | 721/1000 [02:07<01:13,  3.81it/s]INFO:httpx:HTTP Request: POST http://localhost:8043/v1/chat/completions "HTTP/1.1 200 OK"
QA Reading:  73%|███████▎  | 728/1000 [02:08<00:49,  5.48it/s]INFO:httpx:HTTP Request: POST http://localhost:8043/v1/chat/completions "HTTP/1.1 200 OK"
QA Reading:  73%|███████▎  | 731/1000 [02:08<00:50,  5.33it/s]INFO:httpx:HTTP Request: POST http://localhost:8043/v1/chat/completions "HTTP/1.1 200 OK"
QA Reading:  73%|███████▎  | 734/1000 [02:09<00:49,  5.42it/s]INFO:httpx:HTTP Request: POST http://localhost:8043/v1/chat/completions "HTTP/1.1 200 OK"
QA Reading:  74%|███████▍  | 742/1000 [02:09<00:32,  8.00it/s]INFO:httpx:HTTP Request: POST http://localhost:8043/v1/chat/completions "HTTP/1.1 200 OK"
QA Reading:  74%|███████▍  | 744/1000 [02:10<00:35,  7.20it/s]INFO:httpx:HTTP Request: POST http://localhost:8043/v1/chat/completions "HTTP/1.1 200 OK"
QA Reading:  75%|███████▍  | 746/1000 [02:10<00:38,  6.53it/s]INFO:httpx:HTTP Request: POST http://localhost:8043/v1/chat/completions "HTTP/1.1 200 OK"
QA Reading:  75%|███████▍  | 747/1000 [02:11<00:45,  5.55it/s]INFO:httpx:HTTP Request: POST http://localhost:8043/v1/chat/completions "HTTP/1.1 200 OK"
QA Reading:  75%|███████▍  | 749/1000 [02:11<00:54,  4.65it/s]INFO:httpx:HTTP Request: POST http://localhost:8043/v1/chat/completions "HTTP/1.1 200 OK"
QA Reading:  75%|███████▌  | 750/1000 [02:12<01:03,  3.95it/s]INFO:httpx:HTTP Request: POST http://localhost:8043/v1/chat/completions "HTTP/1.1 200 OK"
QA Reading:  76%|███████▌  | 759/1000 [02:13<00:34,  7.07it/s]INFO:httpx:HTTP Request: POST http://localhost:8043/v1/chat/completions "HTTP/1.1 200 OK"
QA Reading:  76%|███████▋  | 765/1000 [02:13<00:25,  9.21it/s]INFO:httpx:HTTP Request: POST http://localhost:8043/v1/chat/completions "HTTP/1.1 200 OK"
QA Reading:  77%|███████▋  | 774/1000 [02:13<00:17, 12.66it/s]INFO:httpx:HTTP Request: POST http://localhost:8043/v1/chat/completions "HTTP/1.1 200 OK"
QA Reading:  78%|███████▊  | 776/1000 [02:14<00:22, 10.03it/s]INFO:httpx:HTTP Request: POST http://localhost:8043/v1/chat/completions "HTTP/1.1 200 OK"
QA Reading:  78%|███████▊  | 785/1000 [02:14<00:17, 12.53it/s]INFO:httpx:HTTP Request: POST http://localhost:8043/v1/chat/completions "HTTP/1.1 200 OK"
INFO:httpx:HTTP Request: POST http://localhost:8043/v1/chat/completions "HTTP/1.1 200 OK"
QA Reading:  79%|███████▊  | 787/1000 [02:15<00:25,  8.25it/s]INFO:httpx:HTTP Request: POST http://localhost:8043/v1/chat/completions "HTTP/1.1 200 OK"
QA Reading:  79%|███████▉  | 792/1000 [02:16<00:24,  8.56it/s]INFO:httpx:HTTP Request: POST http://localhost:8043/v1/chat/completions "HTTP/1.1 200 OK"
QA Reading:  80%|████████  | 800/1000 [02:16<00:18, 10.74it/s]INFO:httpx:HTTP Request: POST http://localhost:8043/v1/chat/completions "HTTP/1.1 200 OK"
QA Reading:  80%|████████  | 802/1000 [02:16<00:19, 10.04it/s]INFO:httpx:HTTP Request: POST http://localhost:8043/v1/chat/completions "HTTP/1.1 200 OK"
QA Reading:  80%|████████  | 804/1000 [02:17<00:23,  8.23it/s]INFO:httpx:HTTP Request: POST http://localhost:8043/v1/chat/completions "HTTP/1.1 200 OK"
QA Reading:  81%|████████  | 809/1000 [02:17<00:22,  8.54it/s]INFO:httpx:HTTP Request: POST http://localhost:8043/v1/chat/completions "HTTP/1.1 200 OK"
QA Reading:  81%|████████▏ | 813/1000 [02:18<00:21,  8.89it/s]INFO:httpx:HTTP Request: POST http://localhost:8043/v1/chat/completions "HTTP/1.1 200 OK"
QA Reading:  81%|████████▏ | 814/1000 [02:18<00:25,  7.32it/s]INFO:httpx:HTTP Request: POST http://localhost:8043/v1/chat/completions "HTTP/1.1 200 OK"
QA Reading:  83%|████████▎ | 826/1000 [02:19<00:12, 13.89it/s]INFO:httpx:HTTP Request: POST http://localhost:8043/v1/chat/completions "HTTP/1.1 200 OK"
QA Reading:  83%|████████▎ | 828/1000 [02:19<00:15, 11.40it/s]INFO:httpx:HTTP Request: POST http://localhost:8043/v1/chat/completions "HTTP/1.1 200 OK"
QA Reading:  83%|████████▎ | 832/1000 [02:20<00:20,  8.18it/s]INFO:httpx:HTTP Request: POST http://localhost:8043/v1/chat/completions "HTTP/1.1 200 OK"
QA Reading:  83%|████████▎ | 834/1000 [02:21<00:27,  6.00it/s]INFO:httpx:HTTP Request: POST http://localhost:8043/v1/chat/completions "HTTP/1.1 200 OK"
QA Reading:  84%|████████▎ | 835/1000 [02:21<00:32,  5.15it/s]INFO:httpx:HTTP Request: POST http://localhost:8043/v1/chat/completions "HTTP/1.1 200 OK"
QA Reading:  84%|████████▎ | 836/1000 [02:21<00:36,  4.52it/s]INFO:httpx:HTTP Request: POST http://localhost:8043/v1/chat/completions "HTTP/1.1 200 OK"
QA Reading:  84%|████████▍ | 838/1000 [02:22<00:39,  4.12it/s]INFO:httpx:HTTP Request: POST http://localhost:8043/v1/chat/completions "HTTP/1.1 200 OK"
QA Reading:  84%|████████▍ | 845/1000 [02:23<00:25,  6.20it/s]INFO:httpx:HTTP Request: POST http://localhost:8043/v1/chat/completions "HTTP/1.1 200 OK"
QA Reading:  88%|████████▊ | 879/1000 [02:23<00:05, 21.58it/s]INFO:httpx:HTTP Request: POST http://localhost:8043/v1/chat/completions "HTTP/1.1 200 OK"
QA Reading:  88%|████████▊ | 882/1000 [02:24<00:06, 18.53it/s]INFO:httpx:HTTP Request: POST http://localhost:8043/v1/chat/completions "HTTP/1.1 200 OK"
QA Reading:  88%|████████▊ | 885/1000 [02:24<00:08, 14.35it/s]INFO:httpx:HTTP Request: POST http://localhost:8043/v1/chat/completions "HTTP/1.1 200 OK"
QA Reading:  89%|████████▊ | 887/1000 [02:25<00:09, 11.96it/s]INFO:httpx:HTTP Request: POST http://localhost:8043/v1/chat/completions "HTTP/1.1 200 OK"
QA Reading:  89%|████████▉ | 893/1000 [02:25<00:08, 12.55it/s]INFO:httpx:HTTP Request: POST http://localhost:8043/v1/chat/completions "HTTP/1.1 200 OK"
QA Reading:  90%|████████▉ | 895/1000 [02:26<00:10,  9.57it/s]INFO:httpx:HTTP Request: POST http://localhost:8043/v1/chat/completions "HTTP/1.1 200 OK"
QA Reading:  90%|████████▉ | 897/1000 [02:26<00:12,  8.13it/s]INFO:httpx:HTTP Request: POST http://localhost:8043/v1/chat/completions "HTTP/1.1 200 OK"
QA Reading:  90%|████████▉ | 898/1000 [02:27<00:15,  6.67it/s]INFO:httpx:HTTP Request: POST http://localhost:8043/v1/chat/completions "HTTP/1.1 200 OK"
QA Reading:  90%|█████████ | 902/1000 [02:27<00:12,  7.59it/s]INFO:httpx:HTTP Request: POST http://localhost:8043/v1/chat/completions "HTTP/1.1 200 OK"
QA Reading:  91%|█████████ | 911/1000 [02:27<00:08, 10.96it/s]INFO:httpx:HTTP Request: POST http://localhost:8043/v1/chat/completions "HTTP/1.1 200 OK"
QA Reading:  91%|█████████▏| 913/1000 [02:28<00:09,  9.50it/s]INFO:httpx:HTTP Request: POST http://localhost:8043/v1/chat/completions "HTTP/1.1 200 OK"
QA Reading:  91%|█████████▏| 914/1000 [02:28<00:13,  6.55it/s]INFO:httpx:HTTP Request: POST http://localhost:8043/v1/chat/completions "HTTP/1.1 200 OK"
QA Reading:  92%|█████████▏| 919/1000 [02:29<00:12,  6.31it/s]INFO:httpx:HTTP Request: POST http://localhost:8043/v1/chat/completions "HTTP/1.1 200 OK"
QA Reading:  92%|█████████▏| 922/1000 [02:30<00:12,  6.11it/s]INFO:httpx:HTTP Request: POST http://localhost:8043/v1/chat/completions "HTTP/1.1 200 OK"
QA Reading:  92%|█████████▏| 923/1000 [02:31<00:19,  3.94it/s]INFO:httpx:HTTP Request: POST http://localhost:8043/v1/chat/completions "HTTP/1.1 200 OK"
QA Reading:  93%|█████████▎| 926/1000 [02:31<00:15,  4.69it/s]INFO:httpx:HTTP Request: POST http://localhost:8043/v1/chat/completions "HTTP/1.1 200 OK"
QA Reading:  93%|█████████▎| 933/1000 [02:32<00:08,  7.52it/s]INFO:httpx:HTTP Request: POST http://localhost:8043/v1/chat/completions "HTTP/1.1 200 OK"
QA Reading:  94%|█████████▎| 936/1000 [02:32<00:08,  7.40it/s]INFO:httpx:HTTP Request: POST http://localhost:8043/v1/chat/completions "HTTP/1.1 200 OK"
QA Reading:  94%|█████████▍| 943/1000 [02:32<00:05, 10.05it/s]INFO:httpx:HTTP Request: POST http://localhost:8043/v1/chat/completions "HTTP/1.1 200 OK"
QA Reading:  95%|█████████▍| 949/1000 [02:33<00:04, 10.69it/s]INFO:httpx:HTTP Request: POST http://localhost:8043/v1/chat/completions "HTTP/1.1 200 OK"
QA Reading:  95%|█████████▌| 951/1000 [02:33<00:05,  9.00it/s]INFO:httpx:HTTP Request: POST http://localhost:8043/v1/chat/completions "HTTP/1.1 200 OK"
QA Reading:  97%|█████████▋| 973/1000 [02:34<00:01, 19.83it/s]INFO:httpx:HTTP Request: POST http://localhost:8043/v1/chat/completions "HTTP/1.1 200 OK"
QA Reading:  98%|█████████▊| 975/1000 [02:34<00:01, 16.06it/s]INFO:httpx:HTTP Request: POST http://localhost:8043/v1/chat/completions "HTTP/1.1 200 OK"
QA Reading:  98%|█████████▊| 978/1000 [02:35<00:01, 12.88it/s]INFO:httpx:HTTP Request: POST http://localhost:8043/v1/chat/completions "HTTP/1.1 200 OK"
QA Reading:  98%|█████████▊| 980/1000 [02:35<00:02,  9.40it/s]INFO:httpx:HTTP Request: POST http://localhost:8043/v1/chat/completions "HTTP/1.1 200 OK"
QA Reading:  98%|█████████▊| 985/1000 [02:36<00:01,  9.89it/s]INFO:httpx:HTTP Request: POST http://localhost:8043/v1/chat/completions "HTTP/1.1 200 OK"
QA Reading:  99%|█████████▉| 989/1000 [02:36<00:01, 10.38it/s]INFO:httpx:HTTP Request: POST http://localhost:8043/v1/chat/completions "HTTP/1.1 200 OK"
QA Reading: 100%|█████████▉| 995/1000 [02:37<00:00, 10.01it/s]INFO:httpx:HTTP Request: POST http://localhost:8043/v1/chat/completions "HTTP/1.1 200 OK"
QA Reading: 100%|█████████▉| 998/1000 [02:37<00:00,  8.54it/s]QA Reading: 100%|██████████| 1000/1000 [02:37<00:00,  6.34it/s]
Extraction Answers from LLM Response: 0it [00:00, ?it/s]WARNING:src.hipporag.HippoRAG:Error in parsing the answer from the raw LLM QA inference response: missing_answer_marker!
Extraction Answers from LLM Response: 666it [00:00, 6652.90it/s]Extraction Answers from LLM Response: 1000it [00:00, 7174.71it/s]
INFO:src.hipporag.HippoRAG:Evaluation results for QA: {'ExactMatch': 0.337, 'F1': 0.4359}
INFO:__main__:Setwise selector daec_noisyor_llm[bridge]@100: EM=0.3370 (delta=+0.0070), F1=0.4359
WARNING:src.hipporag.evaluation.retrieval_eval:Length of retrieved docs (100) is smaller than largest topk for recall score (200)
WARNING:src.hipporag.evaluation.retrieval_eval:Length of retrieved docs (100) is smaller than largest topk for recall score (200)
WARNING:src.hipporag.evaluation.retrieval_eval:Length of retrieved docs (100) is smaller than largest topk for recall score (200)
WARNING:src.hipporag.evaluation.retrieval_eval:Length of retrieved docs (100) is smaller than largest topk for recall score (200)
WARNING:src.hipporag.evaluation.retrieval_eval:Length of retrieved docs (100) is smaller than largest topk for recall score (200)
WARNING:src.hipporag.evaluation.retrieval_eval:Length of retrieved docs (100) is smaller than largest topk for recall score (200)
WARNING:src.hipporag.evaluation.retrieval_eval:Length of retrieved docs (100) is smaller than largest topk for recall score (200)
WARNING:src.hipporag.evaluation.retrieval_eval:Length of retrieved docs (100) is smaller than largest topk for recall score (200)
WARNING:src.hipporag.evaluation.retrieval_eval:Length of retrieved docs (100) is smaller than largest topk for recall score (200)
WARNING:src.hipporag.evaluation.retrieval_eval:Length of retrieved docs (100) is smaller than largest topk for recall score (200)
WARNING:src.hipporag.evaluation.retrieval_eval:Length of retrieved docs (100) is smaller than largest topk for recall score (200)
WARNING:src.hipporag.evaluation.retrieval_eval:Length of retrieved docs (100) is smaller than largest topk for recall score (200)
WARNING:src.hipporag.evaluation.retrieval_eval:Length of retrieved docs (100) is smaller than largest topk for recall score (200)
WARNING:src.hipporag.evaluation.retrieval_eval:Length of retrieved docs (100) is smaller than largest topk for recall score (200)
WARNING:src.hipporag.evaluation.retrieval_eval:Length of retrieved docs (100) is smaller than largest topk for recall score (200)
WARNING:src.hipporag.evaluation.retrieval_eval:Length of retrieved docs (100) is smaller than largest topk for recall score (200)
WARNING:src.hipporag.evaluation.retrieval_eval:Length of retrieved docs (100) is smaller than largest topk for recall score (200)
WARNING:src.hipporag.evaluation.retrieval_eval:Length of retrieved docs (100) is smaller than largest topk for recall score (200)
WARNING:src.hipporag.evaluation.retrieval_eval:Length of retrieved docs (100) is smaller than largest topk for recall score (200)
WARNING:src.hipporag.evaluation.retrieval_eval:Length of retrieved docs (100) is smaller than largest topk for recall score (200)
WARNING:src.hipporag.evaluation.retrieval_eval:Length of retrieved docs (100) is smaller than largest topk for recall score (200)
WARNING:src.hipporag.evaluation.retrieval_eval:Length of retrieved docs (100) is smaller than largest topk for recall score (200)
WARNING:src.hipporag.evaluation.retrieval_eval:Length of retrieved docs (100) is smaller than largest topk for recall score (200)
WARNING:src.hipporag.evaluation.retrieval_eval:Length of retrieved docs (100) is smaller than largest topk for recall score (200)
WARNING:src.hipporag.evaluation.retrieval_eval:Length of retrieved docs (100) is smaller than largest topk for recall score (200)
WARNING:src.hipporag.evaluation.retrieval_eval:Length of retrieved docs (100) is smaller than largest topk for recall score (200)
WARNING:src.hipporag.evaluation.retrieval_eval:Length of retrieved docs (100) is smaller than largest topk for recall score (200)
WARNING:src.hipporag.evaluation.retrieval_eval:Length of retrieved docs (100) is smaller than largest topk for recall score (200)
WARNING:src.hipporag.evaluation.retrieval_eval:Length of retrieved docs (100) is smaller than largest topk for recall score (200)
WARNING:src.hipporag.evaluation.retrieval_eval:Length of retrieved docs (100) is smaller than largest topk for recall score (200)
WARNING:src.hipporag.evaluation.retrieval_eval:Length of retrieved docs (100) is smaller than largest topk for recall score (200)
WARNING:src.hipporag.evaluation.retrieval_eval:Length of retrieved docs (100) is smaller than largest topk for recall score (200)
WARNING:src.hipporag.evaluation.retrieval_eval:Length of retrieved docs (100) is smaller than largest topk for recall score (200)
WARNING:src.hipporag.evaluation.retrieval_eval:Length of retrieved docs (100) is smaller than largest topk for recall score (200)
WARNING:src.hipporag.evaluation.retrieval_eval:Length of retrieved docs (100) is smaller than largest topk for recall score (200)
WARNING:src.hipporag.evaluation.retrieval_eval:Length of retrieved docs (100) is smaller than largest topk for recall score (200)
WARNING:src.hipporag.evaluation.retrieval_eval:Length of retrieved docs (100) is smaller than largest topk for recall score (200)
WARNING:src.hipporag.evaluation.retrieval_eval:Length of retrieved docs (100) is smaller than largest topk for recall score (200)
WARNING:src.hipporag.evaluation.retrieval_eval:Length of retrieved docs (100) is smaller than largest topk for recall score (200)
WARNING:src.hipporag.evaluation.retrieval_eval:Length of retrieved docs (100) is smaller than largest topk for recall score (200)
WARNING:src.hipporag.evaluation.retrieval_eval:Length of retrieved docs (100) is smaller than largest topk for recall score (200)
WARNING:src.hipporag.evaluation.retrieval_eval:Length of retrieved docs (100) is smaller than largest topk for recall score (200)
WARNING:src.hipporag.evaluation.retrieval_eval:Length of retrieved docs (100) is smaller than largest topk for recall score (200)
WARNING:src.hipporag.evaluation.retrieval_eval:Length of retrieved docs (100) is smaller than largest topk for recall score (200)
WARNING:src.hipporag.evaluation.retrieval_eval:Length of retrieved docs (100) is smaller than largest topk for recall score (200)
WARNING:src.hipporag.evaluation.retrieval_eval:Length of retrieved docs (100) is smaller than largest topk for recall score (200)
WARNING:src.hipporag.evaluation.retrieval_eval:Length of retrieved docs (100) is smaller than largest topk for recall score (200)
WARNING:src.hipporag.evaluation.retrieval_eval:Length of retrieved docs (100) is smaller than largest topk for recall score (200)
WARNING:src.hipporag.evaluation.retrieval_eval:Length of retrieved docs (100) is smaller than largest topk for recall score (200)
WARNING:src.hipporag.evaluation.retrieval_eval:Length of retrieved docs (100) is smaller than largest topk for recall score (200)
WARNING:src.hipporag.evaluation.retrieval_eval:Length of retrieved docs (100) is smaller than largest topk for recall score (200)
WARNING:src.hipporag.evaluation.retrieval_eval:Length of retrieved docs (100) is smaller than largest topk for recall score (200)
WARNING:src.hipporag.evaluation.retrieval_eval:Length of retrieved docs (100) is smaller than largest topk for recall score (200)
WARNING:src.hipporag.evaluation.retrieval_eval:Length of retrieved docs (100) is smaller than largest topk for recall score (200)
WARNING:src.hipporag.evaluation.retrieval_eval:Length of retrieved docs (100) is smaller than largest topk for recall score (200)
WARNING:src.hipporag.evaluation.retrieval_eval:Length of retrieved docs (100) is smaller than largest topk for recall score (200)
WARNING:src.hipporag.evaluation.retrieval_eval:Length of retrieved docs (100) is smaller than largest topk for recall score (200)
WARNING:src.hipporag.evaluation.retrieval_eval:Length of retrieved docs (100) is smaller than largest topk for recall score (200)
WARNING:src.hipporag.evaluation.retrieval_eval:Length of retrieved docs (100) is smaller than largest topk for recall score (200)
WARNING:src.hipporag.evaluation.retrieval_eval:Length of retrieved docs (100) is smaller than largest topk for recall score (200)
WARNING:src.hipporag.evaluation.retrieval_eval:Length of retrieved docs (100) is smaller than largest topk for recall score (200)
WARNING:src.hipporag.evaluation.retrieval_eval:Length of retrieved docs (100) is smaller than largest topk for recall score (200)
WARNING:src.hipporag.evaluation.retrieval_eval:Length of retrieved docs (100) is smaller than largest topk for recall score (200)
WARNING:src.hipporag.evaluation.retrieval_eval:Length of retrieved docs (100) is smaller than largest topk for recall score (200)
WARNING:src.hipporag.evaluation.retrieval_eval:Length of retrieved docs (100) is smaller than largest topk for recall score (200)
WARNING:src.hipporag.evaluation.retrieval_eval:Length of retrieved docs (100) is smaller than largest topk for recall score (200)
WARNING:src.hipporag.evaluation.retrieval_eval:Length of retrieved docs (100) is smaller than largest topk for recall score (200)
WARNING:src.hipporag.evaluation.retrieval_eval:Length of retrieved docs (100) is smaller than largest topk for recall score (200)
WARNING:src.hipporag.evaluation.retrieval_eval:Length of retrieved docs (100) is smaller than largest topk for recall score (200)
WARNING:src.hipporag.evaluation.retrieval_eval:Length of retrieved docs (100) is smaller than largest topk for recall score (200)
WARNING:src.hipporag.evaluation.retrieval_eval:Length of retrieved docs (100) is smaller than largest topk for recall score (200)
WARNING:src.hipporag.evaluation.retrieval_eval:Length of retrieved docs (100) is smaller than largest topk for recall score (200)
WARNING:src.hipporag.evaluation.retrieval_eval:Length of retrieved docs (100) is smaller than largest topk for recall score (200)
WARNING:src.hipporag.evaluation.retrieval_eval:Length of retrieved docs (100) is smaller than largest topk for recall score (200)
WARNING:src.hipporag.evaluation.retrieval_eval:Length of retrieved docs (100) is smaller than largest topk for recall score (200)
WARNING:src.hipporag.evaluation.retrieval_eval:Length of retrieved docs (100) is smaller than largest topk for recall score (200)
WARNING:src.hipporag.evaluation.retrieval_eval:Length of retrieved docs (100) is smaller than largest topk for recall score (200)
WARNING:src.hipporag.evaluation.retrieval_eval:Length of retrieved docs (100) is smaller than largest topk for recall score (200)
WARNING:src.hipporag.evaluation.retrieval_eval:Length of retrieved docs (100) is smaller than largest topk for recall score (200)
WARNING:src.hipporag.evaluation.retrieval_eval:Length of retrieved docs (100) is smaller than largest topk for recall score (200)
WARNING:src.hipporag.evaluation.retrieval_eval:Length of retrieved docs (100) is smaller than largest topk for recall score (200)
WARNING:src.hipporag.evaluation.retrieval_eval:Length of retrieved docs (100) is smaller than largest topk for recall score (200)
WARNING:src.hipporag.evaluation.retrieval_eval:Length of retrieved docs (100) is smaller than largest topk for recall score (200)
WARNING:src.hipporag.evaluation.retrieval_eval:Length of retrieved docs (100) is smaller than largest topk for recall score (200)
WARNING:src.hipporag.evaluation.retrieval_eval:Length of retrieved docs (100) is smaller than largest topk for recall score (200)
WARNING:src.hipporag.evaluation.retrieval_eval:Length of retrieved docs (100) is smaller than largest topk for recall score (200)
WARNING:src.hipporag.evaluation.retrieval_eval:Length of retrieved docs (100) is smaller than largest topk for recall score (200)
WARNING:src.hipporag.evaluation.retrieval_eval:Length of retrieved docs (100) is smaller than largest topk for recall score (200)
WARNING:src.hipporag.evaluation.retrieval_eval:Length of retrieved docs (100) is smaller than largest topk for recall score (200)
WARNING:src.hipporag.evaluation.retrieval_eval:Length of retrieved docs (100) is smaller than largest topk for recall score (200)
WARNING:src.hipporag.evaluation.retrieval_eval:Length of retrieved docs (100) is smaller than largest topk for recall score (200)
WARNING:src.hipporag.evaluation.retrieval_eval:Length of retrieved docs (100) is smaller than largest topk for recall score (200)
WARNING:src.hipporag.evaluation.retrieval_eval:Length of retrieved docs (100) is smaller than largest topk for recall score (200)
WARNING:src.hipporag.evaluation.retrieval_eval:Length of retrieved docs (100) is smaller than largest topk for recall score (200)
WARNING:src.hipporag.evaluation.retrieval_eval:Length of retrieved docs (100) is smaller than largest topk for recall score (200)
WARNING:src.hipporag.evaluation.retrieval_eval:Length of retrieved docs (100) is smaller than largest topk for recall score (200)
WARNING:src.hipporag.evaluation.retrieval_eval:Length of retrieved docs (100) is smaller than largest topk for recall score (200)
WARNING:src.hipporag.evaluation.retrieval_eval:Length of retrieved docs (100) is smaller than largest topk for recall score (200)
WARNING:src.hipporag.evaluation.retrieval_eval:Length of retrieved docs (100) is smaller than largest topk for recall score (200)
WARNING:src.hipporag.evaluation.retrieval_eval:Length of retrieved docs (100) is smaller than largest topk for recall score (200)
WARNING:src.hipporag.evaluation.retrieval_eval:Length of retrieved docs (100) is smaller than largest topk for recall score (200)
WARNING:src.hipporag.evaluation.retrieval_eval:Length of retrieved docs (100) is smaller than largest topk for recall score (200)
WARNING:src.hipporag.evaluation.retrieval_eval:Length of retrieved docs (100) is smaller than largest topk for recall score (200)
WARNING:src.hipporag.evaluation.retrieval_eval:Length of retrieved docs (100) is smaller than largest topk for recall score (200)
WARNING:src.hipporag.evaluation.retrieval_eval:Length of retrieved docs (100) is smaller than largest topk for recall score (200)
WARNING:src.hipporag.evaluation.retrieval_eval:Length of retrieved docs (100) is smaller than largest topk for recall score (200)
WARNING:src.hipporag.evaluation.retrieval_eval:Length of retrieved docs (100) is smaller than largest topk for recall score (200)
WARNING:src.hipporag.evaluation.retrieval_eval:Length of retrieved docs (100) is smaller than largest topk for recall score (200)
WARNING:src.hipporag.evaluation.retrieval_eval:Length of retrieved docs (100) is smaller than largest topk for recall score (200)
WARNING:src.hipporag.evaluation.retrieval_eval:Length of retrieved docs (100) is smaller than largest topk for recall score (200)
WARNING:src.hipporag.evaluation.retrieval_eval:Length of retrieved docs (100) is smaller than largest topk for recall score (200)
WARNING:src.hipporag.evaluation.retrieval_eval:Length of retrieved docs (100) is smaller than largest topk for recall score (200)
WARNING:src.hipporag.evaluation.retrieval_eval:Length of retrieved docs (100) is smaller than largest topk for recall score (200)
WARNING:src.hipporag.evaluation.retrieval_eval:Length of retrieved docs (100) is smaller than largest topk for recall score (200)
WARNING:src.hipporag.evaluation.retrieval_eval:Length of retrieved docs (100) is smaller than largest topk for recall score (200)
WARNING:src.hipporag.evaluation.retrieval_eval:Length of retrieved docs (100) is smaller than largest topk for recall score (200)
WARNING:src.hipporag.evaluation.retrieval_eval:Length of retrieved docs (100) is smaller than largest topk for recall score (200)
WARNING:src.hipporag.evaluation.retrieval_eval:Length of retrieved docs (100) is smaller than largest topk for recall score (200)
WARNING:src.hipporag.evaluation.retrieval_eval:Length of retrieved docs (100) is smaller than largest topk for recall score (200)
WARNING:src.hipporag.evaluation.retrieval_eval:Length of retrieved docs (100) is smaller than largest topk for recall score (200)
WARNING:src.hipporag.evaluation.retrieval_eval:Length of retrieved docs (100) is smaller than largest topk for recall score (200)
WARNING:src.hipporag.evaluation.retrieval_eval:Length of retrieved docs (100) is smaller than largest topk for recall score (200)
WARNING:src.hipporag.evaluation.retrieval_eval:Length of retrieved docs (100) is smaller than largest topk for recall score (200)
WARNING:src.hipporag.evaluation.retrieval_eval:Length of retrieved docs (100) is smaller than largest topk for recall score (200)
WARNING:src.hipporag.evaluation.retrieval_eval:Length of retrieved docs (100) is smaller than largest topk for recall score (200)
WARNING:src.hipporag.evaluation.retrieval_eval:Length of retrieved docs (100) is smaller than largest topk for recall score (200)
WARNING:src.hipporag.evaluation.retrieval_eval:Length of retrieved docs (100) is smaller than largest topk for recall score (200)
WARNING:src.hipporag.evaluation.retrieval_eval:Length of retrieved docs (100) is smaller than largest topk for recall score (200)
WARNING:src.hipporag.evaluation.retrieval_eval:Length of retrieved docs (100) is smaller than largest topk for recall score (200)
WARNING:src.hipporag.evaluation.retrieval_eval:Length of retrieved docs (100) is smaller than largest topk for recall score (200)
WARNING:src.hipporag.evaluation.retrieval_eval:Length of retrieved docs (100) is smaller than largest topk for recall score (200)
WARNING:src.hipporag.evaluation.retrieval_eval:Length of retrieved docs (100) is smaller than largest topk for recall score (200)
WARNING:src.hipporag.evaluation.retrieval_eval:Length of retrieved docs (100) is smaller than largest topk for recall score (200)
WARNING:src.hipporag.evaluation.retrieval_eval:Length of retrieved docs (100) is smaller than largest topk for recall score (200)
WARNING:src.hipporag.evaluation.retrieval_eval:Length of retrieved docs (100) is smaller than largest topk for recall score (200)
WARNING:src.hipporag.evaluation.retrieval_eval:Length of retrieved docs (100) is smaller than largest topk for recall score (200)
WARNING:src.hipporag.evaluation.retrieval_eval:Length of retrieved docs (100) is smaller than largest topk for recall score (200)
WARNING:src.hipporag.evaluation.retrieval_eval:Length of retrieved docs (100) is smaller than largest topk for recall score (200)
WARNING:src.hipporag.evaluation.retrieval_eval:Length of retrieved docs (100) is smaller than largest topk for recall score (200)
WARNING:src.hipporag.evaluation.retrieval_eval:Length of retrieved docs (100) is smaller than largest topk for recall score (200)
WARNING:src.hipporag.evaluation.retrieval_eval:Length of retrieved docs (100) is smaller than largest topk for recall score (200)
WARNING:src.hipporag.evaluation.retrieval_eval:Length of retrieved docs (100) is smaller than largest topk for recall score (200)
WARNING:src.hipporag.evaluation.retrieval_eval:Length of retrieved docs (100) is smaller than largest topk for recall score (200)
WARNING:src.hipporag.evaluation.retrieval_eval:Length of retrieved docs (100) is smaller than largest topk for recall score (200)
WARNING:src.hipporag.evaluation.retrieval_eval:Length of retrieved docs (100) is smaller than largest topk for recall score (200)
WARNING:src.hipporag.evaluation.retrieval_eval:Length of retrieved docs (100) is smaller than largest topk for recall score (200)
WARNING:src.hipporag.evaluation.retrieval_eval:Length of retrieved docs (100) is smaller than largest topk for recall score (200)
WARNING:src.hipporag.evaluation.retrieval_eval:Length of retrieved docs (100) is smaller than largest topk for recall score (200)
WARNING:src.hipporag.evaluation.retrieval_eval:Length of retrieved docs (100) is smaller than largest topk for recall score (200)
WARNING:src.hipporag.evaluation.retrieval_eval:Length of retrieved docs (100) is smaller than largest topk for recall score (200)
WARNING:src.hipporag.evaluation.retrieval_eval:Length of retrieved docs (100) is smaller than largest topk for recall score (200)
WARNING:src.hipporag.evaluation.retrieval_eval:Length of retrieved docs (100) is smaller than largest topk for recall score (200)
WARNING:src.hipporag.evaluation.retrieval_eval:Length of retrieved docs (100) is smaller than largest topk for recall score (200)
WARNING:src.hipporag.evaluation.retrieval_eval:Length of retrieved docs (100) is smaller than largest topk for recall score (200)
WARNING:src.hipporag.evaluation.retrieval_eval:Length of retrieved docs (100) is smaller than largest topk for recall score (200)
WARNING:src.hipporag.evaluation.retrieval_eval:Length of retrieved docs (100) is smaller than largest topk for recall score (200)
WARNING:src.hipporag.evaluation.retrieval_eval:Length of retrieved docs (100) is smaller than largest topk for recall score (200)
WARNING:src.hipporag.evaluation.retrieval_eval:Length of retrieved docs (100) is smaller than largest topk for recall score (200)
WARNING:src.hipporag.evaluation.retrieval_eval:Length of retrieved docs (100) is smaller than largest topk for recall score (200)
WARNING:src.hipporag.evaluation.retrieval_eval:Length of retrieved docs (100) is smaller than largest topk for recall score (200)
WARNING:src.hipporag.evaluation.retrieval_eval:Length of retrieved docs (100) is smaller than largest topk for recall score (200)
WARNING:src.hipporag.evaluation.retrieval_eval:Length of retrieved docs (100) is smaller than largest topk for recall score (200)
WARNING:src.hipporag.evaluation.retrieval_eval:Length of retrieved docs (100) is smaller than largest topk for recall score (200)
WARNING:src.hipporag.evaluation.retrieval_eval:Length of retrieved docs (100) is smaller than largest topk for recall score (200)
WARNING:src.hipporag.evaluation.retrieval_eval:Length of retrieved docs (100) is smaller than largest topk for recall score (200)
WARNING:src.hipporag.evaluation.retrieval_eval:Length of retrieved docs (100) is smaller than largest topk for recall score (200)
WARNING:src.hipporag.evaluation.retrieval_eval:Length of retrieved docs (100) is smaller than largest topk for recall score (200)
WARNING:src.hipporag.evaluation.retrieval_eval:Length of retrieved docs (100) is smaller than largest topk for recall score (200)
WARNING:src.hipporag.evaluation.retrieval_eval:Length of retrieved docs (100) is smaller than largest topk for recall score (200)
WARNING:src.hipporag.evaluation.retrieval_eval:Length of retrieved docs (100) is smaller than largest topk for recall score (200)
WARNING:src.hipporag.evaluation.retrieval_eval:Length of retrieved docs (100) is smaller than largest topk for recall score (200)
WARNING:src.hipporag.evaluation.retrieval_eval:Length of retrieved docs (100) is smaller than largest topk for recall score (200)
WARNING:src.hipporag.evaluation.retrieval_eval:Length of retrieved docs (100) is smaller than largest topk for recall score (200)
WARNING:src.hipporag.evaluation.retrieval_eval:Length of retrieved docs (100) is smaller than largest topk for recall score (200)
WARNING:src.hipporag.evaluation.retrieval_eval:Length of retrieved docs (100) is smaller than largest topk for recall score (200)
WARNING:src.hipporag.evaluation.retrieval_eval:Length of retrieved docs (100) is smaller than largest topk for recall score (200)
WARNING:src.hipporag.evaluation.retrieval_eval:Length of retrieved docs (100) is smaller than largest topk for recall score (200)
WARNING:src.hipporag.evaluation.retrieval_eval:Length of retrieved docs (100) is smaller than largest topk for recall score (200)
WARNING:src.hipporag.evaluation.retrieval_eval:Length of retrieved docs (100) is smaller than largest topk for recall score (200)
WARNING:src.hipporag.evaluation.retrieval_eval:Length of retrieved docs (100) is smaller than largest topk for recall score (200)
WARNING:src.hipporag.evaluation.retrieval_eval:Length of retrieved docs (100) is smaller than largest topk for recall score (200)
WARNING:src.hipporag.evaluation.retrieval_eval:Length of retrieved docs (100) is smaller than largest topk for recall score (200)
WARNING:src.hipporag.evaluation.retrieval_eval:Length of retrieved docs (100) is smaller than largest topk for recall score (200)
WARNING:src.hipporag.evaluation.retrieval_eval:Length of retrieved docs (100) is smaller than largest topk for recall score (200)
WARNING:src.hipporag.evaluation.retrieval_eval:Length of retrieved docs (100) is smaller than largest topk for recall score (200)
WARNING:src.hipporag.evaluation.retrieval_eval:Length of retrieved docs (100) is smaller than largest topk for recall score (200)
WARNING:src.hipporag.evaluation.retrieval_eval:Length of retrieved docs (100) is smaller than largest topk for recall score (200)
WARNING:src.hipporag.evaluation.retrieval_eval:Length of retrieved docs (100) is smaller than largest topk for recall score (200)
WARNING:src.hipporag.evaluation.retrieval_eval:Length of retrieved docs (100) is smaller than largest topk for recall score (200)
WARNING:src.hipporag.evaluation.retrieval_eval:Length of retrieved docs (100) is smaller than largest topk for recall score (200)
WARNING:src.hipporag.evaluation.retrieval_eval:Length of retrieved docs (100) is smaller than largest topk for recall score (200)
WARNING:src.hipporag.evaluation.retrieval_eval:Length of retrieved docs (100) is smaller than largest topk for recall score (200)
WARNING:src.hipporag.evaluation.retrieval_eval:Length of retrieved docs (100) is smaller than largest topk for recall score (200)
WARNING:src.hipporag.evaluation.retrieval_eval:Length of retrieved docs (100) is smaller than largest topk for recall score (200)
WARNING:src.hipporag.evaluation.retrieval_eval:Length of retrieved docs (100) is smaller than largest topk for recall score (200)
WARNING:src.hipporag.evaluation.retrieval_eval:Length of retrieved docs (100) is smaller than largest topk for recall score (200)
WARNING:src.hipporag.evaluation.retrieval_eval:Length of retrieved docs (100) is smaller than largest topk for recall score (200)
WARNING:src.hipporag.evaluation.retrieval_eval:Length of retrieved docs (100) is smaller than largest topk for recall score (200)
WARNING:src.hipporag.evaluation.retrieval_eval:Length of retrieved docs (100) is smaller than largest topk for recall score (200)
WARNING:src.hipporag.evaluation.retrieval_eval:Length of retrieved docs (100) is smaller than largest topk for recall score (200)
WARNING:src.hipporag.evaluation.retrieval_eval:Length of retrieved docs (100) is smaller than largest topk for recall score (200)
WARNING:src.hipporag.evaluation.retrieval_eval:Length of retrieved docs (100) is smaller than largest topk for recall score (200)
WARNING:src.hipporag.evaluation.retrieval_eval:Length of retrieved docs (100) is smaller than largest topk for recall score (200)
WARNING:src.hipporag.evaluation.retrieval_eval:Length of retrieved docs (100) is smaller than largest topk for recall score (200)
WARNING:src.hipporag.evaluation.retrieval_eval:Length of retrieved docs (100) is smaller than largest topk for recall score (200)
WARNING:src.hipporag.evaluation.retrieval_eval:Length of retrieved docs (100) is smaller than largest topk for recall score (200)
WARNING:src.hipporag.evaluation.retrieval_eval:Length of retrieved docs (100) is smaller than largest topk for recall score (200)
WARNING:src.hipporag.evaluation.retrieval_eval:Length of retrieved docs (100) is smaller than largest topk for recall score (200)
WARNING:src.hipporag.evaluation.retrieval_eval:Length of retrieved docs (100) is smaller than largest topk for recall score (200)
WARNING:src.hipporag.evaluation.retrieval_eval:Length of retrieved docs (100) is smaller than largest topk for recall score (200)
WARNING:src.hipporag.evaluation.retrieval_eval:Length of retrieved docs (100) is smaller than largest topk for recall score (200)
WARNING:src.hipporag.evaluation.retrieval_eval:Length of retrieved docs (100) is smaller than largest topk for recall score (200)
WARNING:src.hipporag.evaluation.retrieval_eval:Length of retrieved docs (100) is smaller than largest topk for recall score (200)
WARNING:src.hipporag.evaluation.retrieval_eval:Length of retrieved docs (100) is smaller than largest topk for recall score (200)
WARNING:src.hipporag.evaluation.retrieval_eval:Length of retrieved docs (100) is smaller than largest topk for recall score (200)
WARNING:src.hipporag.evaluation.retrieval_eval:Length of retrieved docs (100) is smaller than largest topk for recall score (200)
WARNING:src.hipporag.evaluation.retrieval_eval:Length of retrieved docs (100) is smaller than largest topk for recall score (200)
WARNING:src.hipporag.evaluation.retrieval_eval:Length of retrieved docs (100) is smaller than largest topk for recall score (200)
WARNING:src.hipporag.evaluation.retrieval_eval:Length of retrieved docs (100) is smaller than largest topk for recall score (200)
WARNING:src.hipporag.evaluation.retrieval_eval:Length of retrieved docs (100) is smaller than largest topk for recall score (200)
WARNING:src.hipporag.evaluation.retrieval_eval:Length of retrieved docs (100) is smaller than largest topk for recall score (200)
WARNING:src.hipporag.evaluation.retrieval_eval:Length of retrieved docs (100) is smaller than largest topk for recall score (200)
WARNING:src.hipporag.evaluation.retrieval_eval:Length of retrieved docs (100) is smaller than largest topk for recall score (200)
WARNING:src.hipporag.evaluation.retrieval_eval:Length of retrieved docs (100) is smaller than largest topk for recall score (200)
WARNING:src.hipporag.evaluation.retrieval_eval:Length of retrieved docs (100) is smaller than largest topk for recall score (200)
WARNING:src.hipporag.evaluation.retrieval_eval:Length of retrieved docs (100) is smaller than largest topk for recall score (200)
WARNING:src.hipporag.evaluation.retrieval_eval:Length of retrieved docs (100) is smaller than largest topk for recall score (200)
WARNING:src.hipporag.evaluation.retrieval_eval:Length of retrieved docs (100) is smaller than largest topk for recall score (200)
WARNING:src.hipporag.evaluation.retrieval_eval:Length of retrieved docs (100) is smaller than largest topk for recall score (200)
WARNING:src.hipporag.evaluation.retrieval_eval:Length of retrieved docs (100) is smaller than largest topk for recall score (200)
WARNING:src.hipporag.evaluation.retrieval_eval:Length of retrieved docs (100) is smaller than largest topk for recall score (200)
WARNING:src.hipporag.evaluation.retrieval_eval:Length of retrieved docs (100) is smaller than largest topk for recall score (200)
WARNING:src.hipporag.evaluation.retrieval_eval:Length of retrieved docs (100) is smaller than largest topk for recall score (200)
WARNING:src.hipporag.evaluation.retrieval_eval:Length of retrieved docs (100) is smaller than largest topk for recall score (200)
WARNING:src.hipporag.evaluation.retrieval_eval:Length of retrieved docs (100) is smaller than largest topk for recall score (200)
WARNING:src.hipporag.evaluation.retrieval_eval:Length of retrieved docs (100) is smaller than largest topk for recall score (200)
WARNING:src.hipporag.evaluation.retrieval_eval:Length of retrieved docs (100) is smaller than largest topk for recall score (200)
WARNING:src.hipporag.evaluation.retrieval_eval:Length of retrieved docs (100) is smaller than largest topk for recall score (200)
WARNING:src.hipporag.evaluation.retrieval_eval:Length of retrieved docs (100) is smaller than largest topk for recall score (200)
WARNING:src.hipporag.evaluation.retrieval_eval:Length of retrieved docs (100) is smaller than largest topk for recall score (200)
WARNING:src.hipporag.evaluation.retrieval_eval:Length of retrieved docs (100) is smaller than largest topk for recall score (200)
WARNING:src.hipporag.evaluation.retrieval_eval:Length of retrieved docs (100) is smaller than largest topk for recall score (200)
WARNING:src.hipporag.evaluation.retrieval_eval:Length of retrieved docs (100) is smaller than largest topk for recall score (200)
WARNING:src.hipporag.evaluation.retrieval_eval:Length of retrieved docs (100) is smaller than largest topk for recall score (200)
WARNING:src.hipporag.evaluation.retrieval_eval:Length of retrieved docs (100) is smaller than largest topk for recall score (200)
WARNING:src.hipporag.evaluation.retrieval_eval:Length of retrieved docs (100) is smaller than largest topk for recall score (200)
WARNING:src.hipporag.evaluation.retrieval_eval:Length of retrieved docs (100) is smaller than largest topk for recall score (200)
WARNING:src.hipporag.evaluation.retrieval_eval:Length of retrieved docs (100) is smaller than largest topk for recall score (200)
WARNING:src.hipporag.evaluation.retrieval_eval:Length of retrieved docs (100) is smaller than largest topk for recall score (200)
WARNING:src.hipporag.evaluation.retrieval_eval:Length of retrieved docs (100) is smaller than largest topk for recall score (200)
WARNING:src.hipporag.evaluation.retrieval_eval:Length of retrieved docs (100) is smaller than largest topk for recall score (200)
WARNING:src.hipporag.evaluation.retrieval_eval:Length of retrieved docs (100) is smaller than largest topk for recall score (200)
WARNING:src.hipporag.evaluation.retrieval_eval:Length of retrieved docs (100) is smaller than largest topk for recall score (200)
WARNING:src.hipporag.evaluation.retrieval_eval:Length of retrieved docs (100) is smaller than largest topk for recall score (200)
WARNING:src.hipporag.evaluation.retrieval_eval:Length of retrieved docs (100) is smaller than largest topk for recall score (200)
WARNING:src.hipporag.evaluation.retrieval_eval:Length of retrieved docs (100) is smaller than largest topk for recall score (200)
WARNING:src.hipporag.evaluation.retrieval_eval:Length of retrieved docs (100) is smaller than largest topk for recall score (200)
WARNING:src.hipporag.evaluation.retrieval_eval:Length of retrieved docs (100) is smaller than largest topk for recall score (200)
WARNING:src.hipporag.evaluation.retrieval_eval:Length of retrieved docs (100) is smaller than largest topk for recall score (200)
WARNING:src.hipporag.evaluation.retrieval_eval:Length of retrieved docs (100) is smaller than largest topk for recall score (200)
WARNING:src.hipporag.evaluation.retrieval_eval:Length of retrieved docs (100) is smaller than largest topk for recall score (200)
WARNING:src.hipporag.evaluation.retrieval_eval:Length of retrieved docs (100) is smaller than largest topk for recall score (200)
WARNING:src.hipporag.evaluation.retrieval_eval:Length of retrieved docs (100) is smaller than largest topk for recall score (200)
WARNING:src.hipporag.evaluation.retrieval_eval:Length of retrieved docs (100) is smaller than largest topk for recall score (200)
WARNING:src.hipporag.evaluation.retrieval_eval:Length of retrieved docs (100) is smaller than largest topk for recall score (200)
WARNING:src.hipporag.evaluation.retrieval_eval:Length of retrieved docs (100) is smaller than largest topk for recall score (200)
WARNING:src.hipporag.evaluation.retrieval_eval:Length of retrieved docs (100) is smaller than largest topk for recall score (200)
WARNING:src.hipporag.evaluation.retrieval_eval:Length of retrieved docs (100) is smaller than largest topk for recall score (200)
WARNING:src.hipporag.evaluation.retrieval_eval:Length of retrieved docs (100) is smaller than largest topk for recall score (200)
WARNING:src.hipporag.evaluation.retrieval_eval:Length of retrieved docs (100) is smaller than largest topk for recall score (200)
WARNING:src.hipporag.evaluation.retrieval_eval:Length of retrieved docs (100) is smaller than largest topk for recall score (200)
WARNING:src.hipporag.evaluation.retrieval_eval:Length of retrieved docs (100) is smaller than largest topk for recall score (200)
WARNING:src.hipporag.evaluation.retrieval_eval:Length of retrieved docs (100) is smaller than largest topk for recall score (200)
WARNING:src.hipporag.evaluation.retrieval_eval:Length of retrieved docs (100) is smaller than largest topk for recall score (200)
WARNING:src.hipporag.evaluation.retrieval_eval:Length of retrieved docs (100) is smaller than largest topk for recall score (200)
WARNING:src.hipporag.evaluation.retrieval_eval:Length of retrieved docs (100) is smaller than largest topk for recall score (200)
WARNING:src.hipporag.evaluation.retrieval_eval:Length of retrieved docs (100) is smaller than largest topk for recall score (200)
WARNING:src.hipporag.evaluation.retrieval_eval:Length of retrieved docs (100) is smaller than largest topk for recall score (200)
WARNING:src.hipporag.evaluation.retrieval_eval:Length of retrieved docs (100) is smaller than largest topk for recall score (200)
WARNING:src.hipporag.evaluation.retrieval_eval:Length of retrieved docs (100) is smaller than largest topk for recall score (200)
WARNING:src.hipporag.evaluation.retrieval_eval:Length of retrieved docs (100) is smaller than largest topk for recall score (200)
WARNING:src.hipporag.evaluation.retrieval_eval:Length of retrieved docs (100) is smaller than largest topk for recall score (200)
WARNING:src.hipporag.evaluation.retrieval_eval:Length of retrieved docs (100) is smaller than largest topk for recall score (200)
WARNING:src.hipporag.evaluation.retrieval_eval:Length of retrieved docs (100) is smaller than largest topk for recall score (200)
WARNING:src.hipporag.evaluation.retrieval_eval:Length of retrieved docs (100) is smaller than largest topk for recall score (200)
WARNING:src.hipporag.evaluation.retrieval_eval:Length of retrieved docs (100) is smaller than largest topk for recall score (200)
WARNING:src.hipporag.evaluation.retrieval_eval:Length of retrieved docs (100) is smaller than largest topk for recall score (200)
WARNING:src.hipporag.evaluation.retrieval_eval:Length of retrieved docs (100) is smaller than largest topk for recall score (200)
WARNING:src.hipporag.evaluation.retrieval_eval:Length of retrieved docs (100) is smaller than largest topk for recall score (200)
WARNING:src.hipporag.evaluation.retrieval_eval:Length of retrieved docs (100) is smaller than largest topk for recall score (200)
WARNING:src.hipporag.evaluation.retrieval_eval:Length of retrieved docs (100) is smaller than largest topk for recall score (200)
WARNING:src.hipporag.evaluation.retrieval_eval:Length of retrieved docs (100) is smaller than largest topk for recall score (200)
WARNING:src.hipporag.evaluation.retrieval_eval:Length of retrieved docs (100) is smaller than largest topk for recall score (200)
WARNING:src.hipporag.evaluation.retrieval_eval:Length of retrieved docs (100) is smaller than largest topk for recall score (200)
WARNING:src.hipporag.evaluation.retrieval_eval:Length of retrieved docs (100) is smaller than largest topk for recall score (200)
WARNING:src.hipporag.evaluation.retrieval_eval:Length of retrieved docs (100) is smaller than largest topk for recall score (200)
WARNING:src.hipporag.evaluation.retrieval_eval:Length of retrieved docs (100) is smaller than largest topk for recall score (200)
WARNING:src.hipporag.evaluation.retrieval_eval:Length of retrieved docs (100) is smaller than largest topk for recall score (200)
WARNING:src.hipporag.evaluation.retrieval_eval:Length of retrieved docs (100) is smaller than largest topk for recall score (200)
WARNING:src.hipporag.evaluation.retrieval_eval:Length of retrieved docs (100) is smaller than largest topk for recall score (200)
WARNING:src.hipporag.evaluation.retrieval_eval:Length of retrieved docs (100) is smaller than largest topk for recall score (200)
WARNING:src.hipporag.evaluation.retrieval_eval:Length of retrieved docs (100) is smaller than largest topk for recall score (200)
WARNING:src.hipporag.evaluation.retrieval_eval:Length of retrieved docs (100) is smaller than largest topk for recall score (200)
WARNING:src.hipporag.evaluation.retrieval_eval:Length of retrieved docs (100) is smaller than largest topk for recall score (200)
WARNING:src.hipporag.evaluation.retrieval_eval:Length of retrieved docs (100) is smaller than largest topk for recall score (200)
WARNING:src.hipporag.evaluation.retrieval_eval:Length of retrieved docs (100) is smaller than largest topk for recall score (200)
WARNING:src.hipporag.evaluation.retrieval_eval:Length of retrieved docs (100) is smaller than largest topk for recall score (200)
WARNING:src.hipporag.evaluation.retrieval_eval:Length of retrieved docs (100) is smaller than largest topk for recall score (200)
WARNING:src.hipporag.evaluation.retrieval_eval:Length of retrieved docs (100) is smaller than largest topk for recall score (200)
WARNING:src.hipporag.evaluation.retrieval_eval:Length of retrieved docs (100) is smaller than largest topk for recall score (200)
WARNING:src.hipporag.evaluation.retrieval_eval:Length of retrieved docs (100) is smaller than largest topk for recall score (200)
WARNING:src.hipporag.evaluation.retrieval_eval:Length of retrieved docs (100) is smaller than largest topk for recall score (200)
WARNING:src.hipporag.evaluation.retrieval_eval:Length of retrieved docs (100) is smaller than largest topk for recall score (200)
WARNING:src.hipporag.evaluation.retrieval_eval:Length of retrieved docs (100) is smaller than largest topk for recall score (200)
WARNING:src.hipporag.evaluation.retrieval_eval:Length of retrieved docs (100) is smaller than largest topk for recall score (200)
WARNING:src.hipporag.evaluation.retrieval_eval:Length of retrieved docs (100) is smaller than largest topk for recall score (200)
WARNING:src.hipporag.evaluation.retrieval_eval:Length of retrieved docs (100) is smaller than largest topk for recall score (200)
WARNING:src.hipporag.evaluation.retrieval_eval:Length of retrieved docs (100) is smaller than largest topk for recall score (200)
WARNING:src.hipporag.evaluation.retrieval_eval:Length of retrieved docs (100) is smaller than largest topk for recall score (200)
WARNING:src.hipporag.evaluation.retrieval_eval:Length of retrieved docs (100) is smaller than largest topk for recall score (200)
WARNING:src.hipporag.evaluation.retrieval_eval:Length of retrieved docs (100) is smaller than largest topk for recall score (200)
WARNING:src.hipporag.evaluation.retrieval_eval:Length of retrieved docs (100) is smaller than largest topk for recall score (200)
WARNING:src.hipporag.evaluation.retrieval_eval:Length of retrieved docs (100) is smaller than largest topk for recall score (200)
WARNING:src.hipporag.evaluation.retrieval_eval:Length of retrieved docs (100) is smaller than largest topk for recall score (200)
WARNING:src.hipporag.evaluation.retrieval_eval:Length of retrieved docs (100) is smaller than largest topk for recall score (200)
WARNING:src.hipporag.evaluation.retrieval_eval:Length of retrieved docs (100) is smaller than largest topk for recall score (200)
WARNING:src.hipporag.evaluation.retrieval_eval:Length of retrieved docs (100) is smaller than largest topk for recall score (200)
WARNING:src.hipporag.evaluation.retrieval_eval:Length of retrieved docs (100) is smaller than largest topk for recall score (200)
WARNING:src.hipporag.evaluation.retrieval_eval:Length of retrieved docs (100) is smaller than largest topk for recall score (200)
WARNING:src.hipporag.evaluation.retrieval_eval:Length of retrieved docs (100) is smaller than largest topk for recall score (200)
WARNING:src.hipporag.evaluation.retrieval_eval:Length of retrieved docs (100) is smaller than largest topk for recall score (200)
WARNING:src.hipporag.evaluation.retrieval_eval:Length of retrieved docs (100) is smaller than largest topk for recall score (200)
WARNING:src.hipporag.evaluation.retrieval_eval:Length of retrieved docs (100) is smaller than largest topk for recall score (200)
WARNING:src.hipporag.evaluation.retrieval_eval:Length of retrieved docs (100) is smaller than largest topk for recall score (200)
WARNING:src.hipporag.evaluation.retrieval_eval:Length of retrieved docs (100) is smaller than largest topk for recall score (200)
WARNING:src.hipporag.evaluation.retrieval_eval:Length of retrieved docs (100) is smaller than largest topk for recall score (200)
WARNING:src.hipporag.evaluation.retrieval_eval:Length of retrieved docs (100) is smaller than largest topk for recall score (200)
WARNING:src.hipporag.evaluation.retrieval_eval:Length of retrieved docs (100) is smaller than largest topk for recall score (200)
WARNING:src.hipporag.evaluation.retrieval_eval:Length of retrieved docs (100) is smaller than largest topk for recall score (200)
WARNING:src.hipporag.evaluation.retrieval_eval:Length of retrieved docs (100) is smaller than largest topk for recall score (200)
WARNING:src.hipporag.evaluation.retrieval_eval:Length of retrieved docs (100) is smaller than largest topk for recall score (200)
WARNING:src.hipporag.evaluation.retrieval_eval:Length of retrieved docs (100) is smaller than largest topk for recall score (200)
WARNING:src.hipporag.evaluation.retrieval_eval:Length of retrieved docs (100) is smaller than largest topk for recall score (200)
WARNING:src.hipporag.evaluation.retrieval_eval:Length of retrieved docs (100) is smaller than largest topk for recall score (200)
WARNING:src.hipporag.evaluation.retrieval_eval:Length of retrieved docs (100) is smaller than largest topk for recall score (200)
WARNING:src.hipporag.evaluation.retrieval_eval:Length of retrieved docs (100) is smaller than largest topk for recall score (200)
WARNING:src.hipporag.evaluation.retrieval_eval:Length of retrieved docs (100) is smaller than largest topk for recall score (200)
WARNING:src.hipporag.evaluation.retrieval_eval:Length of retrieved docs (100) is smaller than largest topk for recall score (200)
WARNING:src.hipporag.evaluation.retrieval_eval:Length of retrieved docs (100) is smaller than largest topk for recall score (200)
WARNING:src.hipporag.evaluation.retrieval_eval:Length of retrieved docs (100) is smaller than largest topk for recall score (200)
WARNING:src.hipporag.evaluation.retrieval_eval:Length of retrieved docs (100) is smaller than largest topk for recall score (200)
WARNING:src.hipporag.evaluation.retrieval_eval:Length of retrieved docs (100) is smaller than largest topk for recall score (200)
WARNING:src.hipporag.evaluation.retrieval_eval:Length of retrieved docs (100) is smaller than largest topk for recall score (200)
WARNING:src.hipporag.evaluation.retrieval_eval:Length of retrieved docs (100) is smaller than largest topk for recall score (200)
WARNING:src.hipporag.evaluation.retrieval_eval:Length of retrieved docs (100) is smaller than largest topk for recall score (200)
WARNING:src.hipporag.evaluation.retrieval_eval:Length of retrieved docs (100) is smaller than largest topk for recall score (200)
WARNING:src.hipporag.evaluation.retrieval_eval:Length of retrieved docs (100) is smaller than largest topk for recall score (200)
WARNING:src.hipporag.evaluation.retrieval_eval:Length of retrieved docs (100) is smaller than largest topk for recall score (200)
WARNING:src.hipporag.evaluation.retrieval_eval:Length of retrieved docs (100) is smaller than largest topk for recall score (200)
WARNING:src.hipporag.evaluation.retrieval_eval:Length of retrieved docs (100) is smaller than largest topk for recall score (200)
WARNING:src.hipporag.evaluation.retrieval_eval:Length of retrieved docs (100) is smaller than largest topk for recall score (200)
WARNING:src.hipporag.evaluation.retrieval_eval:Length of retrieved docs (100) is smaller than largest topk for recall score (200)
WARNING:src.hipporag.evaluation.retrieval_eval:Length of retrieved docs (100) is smaller than largest topk for recall score (200)
WARNING:src.hipporag.evaluation.retrieval_eval:Length of retrieved docs (100) is smaller than largest topk for recall score (200)
WARNING:src.hipporag.evaluation.retrieval_eval:Length of retrieved docs (100) is smaller than largest topk for recall score (200)
WARNING:src.hipporag.evaluation.retrieval_eval:Length of retrieved docs (100) is smaller than largest topk for recall score (200)
WARNING:src.hipporag.evaluation.retrieval_eval:Length of retrieved docs (100) is smaller than largest topk for recall score (200)
WARNING:src.hipporag.evaluation.retrieval_eval:Length of retrieved docs (100) is smaller than largest topk for recall score (200)
WARNING:src.hipporag.evaluation.retrieval_eval:Length of retrieved docs (100) is smaller than largest topk for recall score (200)
WARNING:src.hipporag.evaluation.retrieval_eval:Length of retrieved docs (100) is smaller than largest topk for recall score (200)
WARNING:src.hipporag.evaluation.retrieval_eval:Length of retrieved docs (100) is smaller than largest topk for recall score (200)
WARNING:src.hipporag.evaluation.retrieval_eval:Length of retrieved docs (100) is smaller than largest topk for recall score (200)
WARNING:src.hipporag.evaluation.retrieval_eval:Length of retrieved docs (100) is smaller than largest topk for recall score (200)
WARNING:src.hipporag.evaluation.retrieval_eval:Length of retrieved docs (100) is smaller than largest topk for recall score (200)
WARNING:src.hipporag.evaluation.retrieval_eval:Length of retrieved docs (100) is smaller than largest topk for recall score (200)
WARNING:src.hipporag.evaluation.retrieval_eval:Length of retrieved docs (100) is smaller than largest topk for recall score (200)
WARNING:src.hipporag.evaluation.retrieval_eval:Length of retrieved docs (100) is smaller than largest topk for recall score (200)
WARNING:src.hipporag.evaluation.retrieval_eval:Length of retrieved docs (100) is smaller than largest topk for recall score (200)
WARNING:src.hipporag.evaluation.retrieval_eval:Length of retrieved docs (100) is smaller than largest topk for recall score (200)
WARNING:src.hipporag.evaluation.retrieval_eval:Length of retrieved docs (100) is smaller than largest topk for recall score (200)
WARNING:src.hipporag.evaluation.retrieval_eval:Length of retrieved docs (100) is smaller than largest topk for recall score (200)
WARNING:src.hipporag.evaluation.retrieval_eval:Length of retrieved docs (100) is smaller than largest topk for recall score (200)
WARNING:src.hipporag.evaluation.retrieval_eval:Length of retrieved docs (100) is smaller than largest topk for recall score (200)
WARNING:src.hipporag.evaluation.retrieval_eval:Length of retrieved docs (100) is smaller than largest topk for recall score (200)
WARNING:src.hipporag.evaluation.retrieval_eval:Length of retrieved docs (100) is smaller than largest topk for recall score (200)
WARNING:src.hipporag.evaluation.retrieval_eval:Length of retrieved docs (100) is smaller than largest topk for recall score (200)
WARNING:src.hipporag.evaluation.retrieval_eval:Length of retrieved docs (100) is smaller than largest topk for recall score (200)
WARNING:src.hipporag.evaluation.retrieval_eval:Length of retrieved docs (100) is smaller than largest topk for recall score (200)
WARNING:src.hipporag.evaluation.retrieval_eval:Length of retrieved docs (100) is smaller than largest topk for recall score (200)
WARNING:src.hipporag.evaluation.retrieval_eval:Length of retrieved docs (100) is smaller than largest topk for recall score (200)
WARNING:src.hipporag.evaluation.retrieval_eval:Length of retrieved docs (100) is smaller than largest topk for recall score (200)
WARNING:src.hipporag.evaluation.retrieval_eval:Length of retrieved docs (100) is smaller than largest topk for recall score (200)
WARNING:src.hipporag.evaluation.retrieval_eval:Length of retrieved docs (100) is smaller than largest topk for recall score (200)
WARNING:src.hipporag.evaluation.retrieval_eval:Length of retrieved docs (100) is smaller than largest topk for recall score (200)
WARNING:src.hipporag.evaluation.retrieval_eval:Length of retrieved docs (100) is smaller than largest topk for recall score (200)
WARNING:src.hipporag.evaluation.retrieval_eval:Length of retrieved docs (100) is smaller than largest topk for recall score (200)
WARNING:src.hipporag.evaluation.retrieval_eval:Length of retrieved docs (100) is smaller than largest topk for recall score (200)
WARNING:src.hipporag.evaluation.retrieval_eval:Length of retrieved docs (100) is smaller than largest topk for recall score (200)
WARNING:src.hipporag.evaluation.retrieval_eval:Length of retrieved docs (100) is smaller than largest topk for recall score (200)
WARNING:src.hipporag.evaluation.retrieval_eval:Length of retrieved docs (100) is smaller than largest topk for recall score (200)
WARNING:src.hipporag.evaluation.retrieval_eval:Length of retrieved docs (100) is smaller than largest topk for recall score (200)
WARNING:src.hipporag.evaluation.retrieval_eval:Length of retrieved docs (100) is smaller than largest topk for recall score (200)
WARNING:src.hipporag.evaluation.retrieval_eval:Length of retrieved docs (100) is smaller than largest topk for recall score (200)
WARNING:src.hipporag.evaluation.retrieval_eval:Length of retrieved docs (100) is smaller than largest topk for recall score (200)
WARNING:src.hipporag.evaluation.retrieval_eval:Length of retrieved docs (100) is smaller than largest topk for recall score (200)
WARNING:src.hipporag.evaluation.retrieval_eval:Length of retrieved docs (100) is smaller than largest topk for recall score (200)
WARNING:src.hipporag.evaluation.retrieval_eval:Length of retrieved docs (100) is smaller than largest topk for recall score (200)
WARNING:src.hipporag.evaluation.retrieval_eval:Length of retrieved docs (100) is smaller than largest topk for recall score (200)
WARNING:src.hipporag.evaluation.retrieval_eval:Length of retrieved docs (100) is smaller than largest topk for recall score (200)
WARNING:src.hipporag.evaluation.retrieval_eval:Length of retrieved docs (100) is smaller than largest topk for recall score (200)
WARNING:src.hipporag.evaluation.retrieval_eval:Length of retrieved docs (100) is smaller than largest topk for recall score (200)
WARNING:src.hipporag.evaluation.retrieval_eval:Length of retrieved docs (100) is smaller than largest topk for recall score (200)
WARNING:src.hipporag.evaluation.retrieval_eval:Length of retrieved docs (100) is smaller than largest topk for recall score (200)
WARNING:src.hipporag.evaluation.retrieval_eval:Length of retrieved docs (100) is smaller than largest topk for recall score (200)
WARNING:src.hipporag.evaluation.retrieval_eval:Length of retrieved docs (100) is smaller than largest topk for recall score (200)
WARNING:src.hipporag.evaluation.retrieval_eval:Length of retrieved docs (100) is smaller than largest topk for recall score (200)
WARNING:src.hipporag.evaluation.retrieval_eval:Length of retrieved docs (100) is smaller than largest topk for recall score (200)
WARNING:src.hipporag.evaluation.retrieval_eval:Length of retrieved docs (100) is smaller than largest topk for recall score (200)
WARNING:src.hipporag.evaluation.retrieval_eval:Length of retrieved docs (100) is smaller than largest topk for recall score (200)
WARNING:src.hipporag.evaluation.retrieval_eval:Length of retrieved docs (100) is smaller than largest topk for recall score (200)
WARNING:src.hipporag.evaluation.retrieval_eval:Length of retrieved docs (100) is smaller than largest topk for recall score (200)
WARNING:src.hipporag.evaluation.retrieval_eval:Length of retrieved docs (100) is smaller than largest topk for recall score (200)
WARNING:src.hipporag.evaluation.retrieval_eval:Length of retrieved docs (100) is smaller than largest topk for recall score (200)
WARNING:src.hipporag.evaluation.retrieval_eval:Length of retrieved docs (100) is smaller than largest topk for recall score (200)
WARNING:src.hipporag.evaluation.retrieval_eval:Length of retrieved docs (100) is smaller than largest topk for recall score (200)
WARNING:src.hipporag.evaluation.retrieval_eval:Length of retrieved docs (100) is smaller than largest topk for recall score (200)
WARNING:src.hipporag.evaluation.retrieval_eval:Length of retrieved docs (100) is smaller than largest topk for recall score (200)
WARNING:src.hipporag.evaluation.retrieval_eval:Length of retrieved docs (100) is smaller than largest topk for recall score (200)
WARNING:src.hipporag.evaluation.retrieval_eval:Length of retrieved docs (100) is smaller than largest topk for recall score (200)
WARNING:src.hipporag.evaluation.retrieval_eval:Length of retrieved docs (100) is smaller than largest topk for recall score (200)
WARNING:src.hipporag.evaluation.retrieval_eval:Length of retrieved docs (100) is smaller than largest topk for recall score (200)
WARNING:src.hipporag.evaluation.retrieval_eval:Length of retrieved docs (100) is smaller than largest topk for recall score (200)
WARNING:src.hipporag.evaluation.retrieval_eval:Length of retrieved docs (100) is smaller than largest topk for recall score (200)
WARNING:src.hipporag.evaluation.retrieval_eval:Length of retrieved docs (100) is smaller than largest topk for recall score (200)
WARNING:src.hipporag.evaluation.retrieval_eval:Length of retrieved docs (100) is smaller than largest topk for recall score (200)
WARNING:src.hipporag.evaluation.retrieval_eval:Length of retrieved docs (100) is smaller than largest topk for recall score (200)
WARNING:src.hipporag.evaluation.retrieval_eval:Length of retrieved docs (100) is smaller than largest topk for recall score (200)
WARNING:src.hipporag.evaluation.retrieval_eval:Length of retrieved docs (100) is smaller than largest topk for recall score (200)
WARNING:src.hipporag.evaluation.retrieval_eval:Length of retrieved docs (100) is smaller than largest topk for recall score (200)
WARNING:src.hipporag.evaluation.retrieval_eval:Length of retrieved docs (100) is smaller than largest topk for recall score (200)
WARNING:src.hipporag.evaluation.retrieval_eval:Length of retrieved docs (100) is smaller than largest topk for recall score (200)
WARNING:src.hipporag.evaluation.retrieval_eval:Length of retrieved docs (100) is smaller than largest topk for recall score (200)
WARNING:src.hipporag.evaluation.retrieval_eval:Length of retrieved docs (100) is smaller than largest topk for recall score (200)
WARNING:src.hipporag.evaluation.retrieval_eval:Length of retrieved docs (100) is smaller than largest topk for recall score (200)
WARNING:src.hipporag.evaluation.retrieval_eval:Length of retrieved docs (100) is smaller than largest topk for recall score (200)
WARNING:src.hipporag.evaluation.retrieval_eval:Length of retrieved docs (100) is smaller than largest topk for recall score (200)
WARNING:src.hipporag.evaluation.retrieval_eval:Length of retrieved docs (100) is smaller than largest topk for recall score (200)
WARNING:src.hipporag.evaluation.retrieval_eval:Length of retrieved docs (100) is smaller than largest topk for recall score (200)
WARNING:src.hipporag.evaluation.retrieval_eval:Length of retrieved docs (100) is smaller than largest topk for recall score (200)
WARNING:src.hipporag.evaluation.retrieval_eval:Length of retrieved docs (100) is smaller than largest topk for recall score (200)
WARNING:src.hipporag.evaluation.retrieval_eval:Length of retrieved docs (100) is smaller than largest topk for recall score (200)
WARNING:src.hipporag.evaluation.retrieval_eval:Length of retrieved docs (100) is smaller than largest topk for recall score (200)
WARNING:src.hipporag.evaluation.retrieval_eval:Length of retrieved docs (100) is smaller than largest topk for recall score (200)
WARNING:src.hipporag.evaluation.retrieval_eval:Length of retrieved docs (100) is smaller than largest topk for recall score (200)
WARNING:src.hipporag.evaluation.retrieval_eval:Length of retrieved docs (100) is smaller than largest topk for recall score (200)
WARNING:src.hipporag.evaluation.retrieval_eval:Length of retrieved docs (100) is smaller than largest topk for recall score (200)
WARNING:src.hipporag.evaluation.retrieval_eval:Length of retrieved docs (100) is smaller than largest topk for recall score (200)
WARNING:src.hipporag.evaluation.retrieval_eval:Length of retrieved docs (100) is smaller than largest topk for recall score (200)
WARNING:src.hipporag.evaluation.retrieval_eval:Length of retrieved docs (100) is smaller than largest topk for recall score (200)
WARNING:src.hipporag.evaluation.retrieval_eval:Length of retrieved docs (100) is smaller than largest topk for recall score (200)
WARNING:src.hipporag.evaluation.retrieval_eval:Length of retrieved docs (100) is smaller than largest topk for recall score (200)
WARNING:src.hipporag.evaluation.retrieval_eval:Length of retrieved docs (100) is smaller than largest topk for recall score (200)
WARNING:src.hipporag.evaluation.retrieval_eval:Length of retrieved docs (100) is smaller than largest topk for recall score (200)
WARNING:src.hipporag.evaluation.retrieval_eval:Length of retrieved docs (100) is smaller than largest topk for recall score (200)
WARNING:src.hipporag.evaluation.retrieval_eval:Length of retrieved docs (100) is smaller than largest topk for recall score (200)
WARNING:src.hipporag.evaluation.retrieval_eval:Length of retrieved docs (100) is smaller than largest topk for recall score (200)
WARNING:src.hipporag.evaluation.retrieval_eval:Length of retrieved docs (100) is smaller than largest topk for recall score (200)
WARNING:src.hipporag.evaluation.retrieval_eval:Length of retrieved docs (100) is smaller than largest topk for recall score (200)
WARNING:src.hipporag.evaluation.retrieval_eval:Length of retrieved docs (100) is smaller than largest topk for recall score (200)
WARNING:src.hipporag.evaluation.retrieval_eval:Length of retrieved docs (100) is smaller than largest topk for recall score (200)
WARNING:src.hipporag.evaluation.retrieval_eval:Length of retrieved docs (100) is smaller than largest topk for recall score (200)
WARNING:src.hipporag.evaluation.retrieval_eval:Length of retrieved docs (100) is smaller than largest topk for recall score (200)
WARNING:src.hipporag.evaluation.retrieval_eval:Length of retrieved docs (100) is smaller than largest topk for recall score (200)
WARNING:src.hipporag.evaluation.retrieval_eval:Length of retrieved docs (100) is smaller than largest topk for recall score (200)
WARNING:src.hipporag.evaluation.retrieval_eval:Length of retrieved docs (100) is smaller than largest topk for recall score (200)
WARNING:src.hipporag.evaluation.retrieval_eval:Length of retrieved docs (100) is smaller than largest topk for recall score (200)
WARNING:src.hipporag.evaluation.retrieval_eval:Length of retrieved docs (100) is smaller than largest topk for recall score (200)
WARNING:src.hipporag.evaluation.retrieval_eval:Length of retrieved docs (100) is smaller than largest topk for recall score (200)
WARNING:src.hipporag.evaluation.retrieval_eval:Length of retrieved docs (100) is smaller than largest topk for recall score (200)
WARNING:src.hipporag.evaluation.retrieval_eval:Length of retrieved docs (100) is smaller than largest topk for recall score (200)
WARNING:src.hipporag.evaluation.retrieval_eval:Length of retrieved docs (100) is smaller than largest topk for recall score (200)
WARNING:src.hipporag.evaluation.retrieval_eval:Length of retrieved docs (100) is smaller than largest topk for recall score (200)
WARNING:src.hipporag.evaluation.retrieval_eval:Length of retrieved docs (100) is smaller than largest topk for recall score (200)
WARNING:src.hipporag.evaluation.retrieval_eval:Length of retrieved docs (100) is smaller than largest topk for recall score (200)
WARNING:src.hipporag.evaluation.retrieval_eval:Length of retrieved docs (100) is smaller than largest topk for recall score (200)
WARNING:src.hipporag.evaluation.retrieval_eval:Length of retrieved docs (100) is smaller than largest topk for recall score (200)
WARNING:src.hipporag.evaluation.retrieval_eval:Length of retrieved docs (100) is smaller than largest topk for recall score (200)
WARNING:src.hipporag.evaluation.retrieval_eval:Length of retrieved docs (100) is smaller than largest topk for recall score (200)
WARNING:src.hipporag.evaluation.retrieval_eval:Length of retrieved docs (100) is smaller than largest topk for recall score (200)
WARNING:src.hipporag.evaluation.retrieval_eval:Length of retrieved docs (100) is smaller than largest topk for recall score (200)
WARNING:src.hipporag.evaluation.retrieval_eval:Length of retrieved docs (100) is smaller than largest topk for recall score (200)
WARNING:src.hipporag.evaluation.retrieval_eval:Length of retrieved docs (100) is smaller than largest topk for recall score (200)
WARNING:src.hipporag.evaluation.retrieval_eval:Length of retrieved docs (100) is smaller than largest topk for recall score (200)
WARNING:src.hipporag.evaluation.retrieval_eval:Length of retrieved docs (100) is smaller than largest topk for recall score (200)
WARNING:src.hipporag.evaluation.retrieval_eval:Length of retrieved docs (100) is smaller than largest topk for recall score (200)
WARNING:src.hipporag.evaluation.retrieval_eval:Length of retrieved docs (100) is smaller than largest topk for recall score (200)
WARNING:src.hipporag.evaluation.retrieval_eval:Length of retrieved docs (100) is smaller than largest topk for recall score (200)
WARNING:src.hipporag.evaluation.retrieval_eval:Length of retrieved docs (100) is smaller than largest topk for recall score (200)
WARNING:src.hipporag.evaluation.retrieval_eval:Length of retrieved docs (100) is smaller than largest topk for recall score (200)
WARNING:src.hipporag.evaluation.retrieval_eval:Length of retrieved docs (100) is smaller than largest topk for recall score (200)
WARNING:src.hipporag.evaluation.retrieval_eval:Length of retrieved docs (100) is smaller than largest topk for recall score (200)
WARNING:src.hipporag.evaluation.retrieval_eval:Length of retrieved docs (100) is smaller than largest topk for recall score (200)
WARNING:src.hipporag.evaluation.retrieval_eval:Length of retrieved docs (100) is smaller than largest topk for recall score (200)
WARNING:src.hipporag.evaluation.retrieval_eval:Length of retrieved docs (100) is smaller than largest topk for recall score (200)
WARNING:src.hipporag.evaluation.retrieval_eval:Length of retrieved docs (100) is smaller than largest topk for recall score (200)
WARNING:src.hipporag.evaluation.retrieval_eval:Length of retrieved docs (100) is smaller than largest topk for recall score (200)
WARNING:src.hipporag.evaluation.retrieval_eval:Length of retrieved docs (100) is smaller than largest topk for recall score (200)
WARNING:src.hipporag.evaluation.retrieval_eval:Length of retrieved docs (100) is smaller than largest topk for recall score (200)
WARNING:src.hipporag.evaluation.retrieval_eval:Length of retrieved docs (100) is smaller than largest topk for recall score (200)
WARNING:src.hipporag.evaluation.retrieval_eval:Length of retrieved docs (100) is smaller than largest topk for recall score (200)
WARNING:src.hipporag.evaluation.retrieval_eval:Length of retrieved docs (100) is smaller than largest topk for recall score (200)
WARNING:src.hipporag.evaluation.retrieval_eval:Length of retrieved docs (100) is smaller than largest topk for recall score (200)
WARNING:src.hipporag.evaluation.retrieval_eval:Length of retrieved docs (100) is smaller than largest topk for recall score (200)
WARNING:src.hipporag.evaluation.retrieval_eval:Length of retrieved docs (100) is smaller than largest topk for recall score (200)
WARNING:src.hipporag.evaluation.retrieval_eval:Length of retrieved docs (100) is smaller than largest topk for recall score (200)
WARNING:src.hipporag.evaluation.retrieval_eval:Length of retrieved docs (100) is smaller than largest topk for recall score (200)
WARNING:src.hipporag.evaluation.retrieval_eval:Length of retrieved docs (100) is smaller than largest topk for recall score (200)
WARNING:src.hipporag.evaluation.retrieval_eval:Length of retrieved docs (100) is smaller than largest topk for recall score (200)
WARNING:src.hipporag.evaluation.retrieval_eval:Length of retrieved docs (100) is smaller than largest topk for recall score (200)
WARNING:src.hipporag.evaluation.retrieval_eval:Length of retrieved docs (100) is smaller than largest topk for recall score (200)
WARNING:src.hipporag.evaluation.retrieval_eval:Length of retrieved docs (100) is smaller than largest topk for recall score (200)
WARNING:src.hipporag.evaluation.retrieval_eval:Length of retrieved docs (100) is smaller than largest topk for recall score (200)
WARNING:src.hipporag.evaluation.retrieval_eval:Length of retrieved docs (100) is smaller than largest topk for recall score (200)
WARNING:src.hipporag.evaluation.retrieval_eval:Length of retrieved docs (100) is smaller than largest topk for recall score (200)
WARNING:src.hipporag.evaluation.retrieval_eval:Length of retrieved docs (100) is smaller than largest topk for recall score (200)
WARNING:src.hipporag.evaluation.retrieval_eval:Length of retrieved docs (100) is smaller than largest topk for recall score (200)
WARNING:src.hipporag.evaluation.retrieval_eval:Length of retrieved docs (100) is smaller than largest topk for recall score (200)
WARNING:src.hipporag.evaluation.retrieval_eval:Length of retrieved docs (100) is smaller than largest topk for recall score (200)
WARNING:src.hipporag.evaluation.retrieval_eval:Length of retrieved docs (100) is smaller than largest topk for recall score (200)
WARNING:src.hipporag.evaluation.retrieval_eval:Length of retrieved docs (100) is smaller than largest topk for recall score (200)
WARNING:src.hipporag.evaluation.retrieval_eval:Length of retrieved docs (100) is smaller than largest topk for recall score (200)
WARNING:src.hipporag.evaluation.retrieval_eval:Length of retrieved docs (100) is smaller than largest topk for recall score (200)
WARNING:src.hipporag.evaluation.retrieval_eval:Length of retrieved docs (100) is smaller than largest topk for recall score (200)
WARNING:src.hipporag.evaluation.retrieval_eval:Length of retrieved docs (100) is smaller than largest topk for recall score (200)
WARNING:src.hipporag.evaluation.retrieval_eval:Length of retrieved docs (100) is smaller than largest topk for recall score (200)
WARNING:src.hipporag.evaluation.retrieval_eval:Length of retrieved docs (100) is smaller than largest topk for recall score (200)
WARNING:src.hipporag.evaluation.retrieval_eval:Length of retrieved docs (100) is smaller than largest topk for recall score (200)
WARNING:src.hipporag.evaluation.retrieval_eval:Length of retrieved docs (100) is smaller than largest topk for recall score (200)
WARNING:src.hipporag.evaluation.retrieval_eval:Length of retrieved docs (100) is smaller than largest topk for recall score (200)
WARNING:src.hipporag.evaluation.retrieval_eval:Length of retrieved docs (100) is smaller than largest topk for recall score (200)
WARNING:src.hipporag.evaluation.retrieval_eval:Length of retrieved docs (100) is smaller than largest topk for recall score (200)
WARNING:src.hipporag.evaluation.retrieval_eval:Length of retrieved docs (100) is smaller than largest topk for recall score (200)
WARNING:src.hipporag.evaluation.retrieval_eval:Length of retrieved docs (100) is smaller than largest topk for recall score (200)
WARNING:src.hipporag.evaluation.retrieval_eval:Length of retrieved docs (100) is smaller than largest topk for recall score (200)
WARNING:src.hipporag.evaluation.retrieval_eval:Length of retrieved docs (100) is smaller than largest topk for recall score (200)
WARNING:src.hipporag.evaluation.retrieval_eval:Length of retrieved docs (100) is smaller than largest topk for recall score (200)
WARNING:src.hipporag.evaluation.retrieval_eval:Length of retrieved docs (100) is smaller than largest topk for recall score (200)
WARNING:src.hipporag.evaluation.retrieval_eval:Length of retrieved docs (100) is smaller than largest topk for recall score (200)
WARNING:src.hipporag.evaluation.retrieval_eval:Length of retrieved docs (100) is smaller than largest topk for recall score (200)
WARNING:src.hipporag.evaluation.retrieval_eval:Length of retrieved docs (100) is smaller than largest topk for recall score (200)
WARNING:src.hipporag.evaluation.retrieval_eval:Length of retrieved docs (100) is smaller than largest topk for recall score (200)
WARNING:src.hipporag.evaluation.retrieval_eval:Length of retrieved docs (100) is smaller than largest topk for recall score (200)
WARNING:src.hipporag.evaluation.retrieval_eval:Length of retrieved docs (100) is smaller than largest topk for recall score (200)
WARNING:src.hipporag.evaluation.retrieval_eval:Length of retrieved docs (100) is smaller than largest topk for recall score (200)
WARNING:src.hipporag.evaluation.retrieval_eval:Length of retrieved docs (100) is smaller than largest topk for recall score (200)
WARNING:src.hipporag.evaluation.retrieval_eval:Length of retrieved docs (100) is smaller than largest topk for recall score (200)
WARNING:src.hipporag.evaluation.retrieval_eval:Length of retrieved docs (100) is smaller than largest topk for recall score (200)
WARNING:src.hipporag.evaluation.retrieval_eval:Length of retrieved docs (100) is smaller than largest topk for recall score (200)
WARNING:src.hipporag.evaluation.retrieval_eval:Length of retrieved docs (100) is smaller than largest topk for recall score (200)
WARNING:src.hipporag.evaluation.retrieval_eval:Length of retrieved docs (100) is smaller than largest topk for recall score (200)
WARNING:src.hipporag.evaluation.retrieval_eval:Length of retrieved docs (100) is smaller than largest topk for recall score (200)
WARNING:src.hipporag.evaluation.retrieval_eval:Length of retrieved docs (100) is smaller than largest topk for recall score (200)
WARNING:src.hipporag.evaluation.retrieval_eval:Length of retrieved docs (100) is smaller than largest topk for recall score (200)
WARNING:src.hipporag.evaluation.retrieval_eval:Length of retrieved docs (100) is smaller than largest topk for recall score (200)
WARNING:src.hipporag.evaluation.retrieval_eval:Length of retrieved docs (100) is smaller than largest topk for recall score (200)
WARNING:src.hipporag.evaluation.retrieval_eval:Length of retrieved docs (100) is smaller than largest topk for recall score (200)
WARNING:src.hipporag.evaluation.retrieval_eval:Length of retrieved docs (100) is smaller than largest topk for recall score (200)
WARNING:src.hipporag.evaluation.retrieval_eval:Length of retrieved docs (100) is smaller than largest topk for recall score (200)
WARNING:src.hipporag.evaluation.retrieval_eval:Length of retrieved docs (100) is smaller than largest topk for recall score (200)
WARNING:src.hipporag.evaluation.retrieval_eval:Length of retrieved docs (100) is smaller than largest topk for recall score (200)
WARNING:src.hipporag.evaluation.retrieval_eval:Length of retrieved docs (100) is smaller than largest topk for recall score (200)
WARNING:src.hipporag.evaluation.retrieval_eval:Length of retrieved docs (100) is smaller than largest topk for recall score (200)
WARNING:src.hipporag.evaluation.retrieval_eval:Length of retrieved docs (100) is smaller than largest topk for recall score (200)
WARNING:src.hipporag.evaluation.retrieval_eval:Length of retrieved docs (100) is smaller than largest topk for recall score (200)
WARNING:src.hipporag.evaluation.retrieval_eval:Length of retrieved docs (100) is smaller than largest topk for recall score (200)
WARNING:src.hipporag.evaluation.retrieval_eval:Length of retrieved docs (100) is smaller than largest topk for recall score (200)
WARNING:src.hipporag.evaluation.retrieval_eval:Length of retrieved docs (100) is smaller than largest topk for recall score (200)
WARNING:src.hipporag.evaluation.retrieval_eval:Length of retrieved docs (100) is smaller than largest topk for recall score (200)
WARNING:src.hipporag.evaluation.retrieval_eval:Length of retrieved docs (100) is smaller than largest topk for recall score (200)
WARNING:src.hipporag.evaluation.retrieval_eval:Length of retrieved docs (100) is smaller than largest topk for recall score (200)
WARNING:src.hipporag.evaluation.retrieval_eval:Length of retrieved docs (100) is smaller than largest topk for recall score (200)
WARNING:src.hipporag.evaluation.retrieval_eval:Length of retrieved docs (100) is smaller than largest topk for recall score (200)
WARNING:src.hipporag.evaluation.retrieval_eval:Length of retrieved docs (100) is smaller than largest topk for recall score (200)
WARNING:src.hipporag.evaluation.retrieval_eval:Length of retrieved docs (100) is smaller than largest topk for recall score (200)
WARNING:src.hipporag.evaluation.retrieval_eval:Length of retrieved docs (100) is smaller than largest topk for recall score (200)
WARNING:src.hipporag.evaluation.retrieval_eval:Length of retrieved docs (100) is smaller than largest topk for recall score (200)
WARNING:src.hipporag.evaluation.retrieval_eval:Length of retrieved docs (100) is smaller than largest topk for recall score (200)
WARNING:src.hipporag.evaluation.retrieval_eval:Length of retrieved docs (100) is smaller than largest topk for recall score (200)
WARNING:src.hipporag.evaluation.retrieval_eval:Length of retrieved docs (100) is smaller than largest topk for recall score (200)
WARNING:src.hipporag.evaluation.retrieval_eval:Length of retrieved docs (100) is smaller than largest topk for recall score (200)
WARNING:src.hipporag.evaluation.retrieval_eval:Length of retrieved docs (100) is smaller than largest topk for recall score (200)
WARNING:src.hipporag.evaluation.retrieval_eval:Length of retrieved docs (100) is smaller than largest topk for recall score (200)
WARNING:src.hipporag.evaluation.retrieval_eval:Length of retrieved docs (100) is smaller than largest topk for recall score (200)
WARNING:src.hipporag.evaluation.retrieval_eval:Length of retrieved docs (100) is smaller than largest topk for recall score (200)
WARNING:src.hipporag.evaluation.retrieval_eval:Length of retrieved docs (100) is smaller than largest topk for recall score (200)
WARNING:src.hipporag.evaluation.retrieval_eval:Length of retrieved docs (100) is smaller than largest topk for recall score (200)
WARNING:src.hipporag.evaluation.retrieval_eval:Length of retrieved docs (100) is smaller than largest topk for recall score (200)
WARNING:src.hipporag.evaluation.retrieval_eval:Length of retrieved docs (100) is smaller than largest topk for recall score (200)
WARNING:src.hipporag.evaluation.retrieval_eval:Length of retrieved docs (100) is smaller than largest topk for recall score (200)
WARNING:src.hipporag.evaluation.retrieval_eval:Length of retrieved docs (100) is smaller than largest topk for recall score (200)
WARNING:src.hipporag.evaluation.retrieval_eval:Length of retrieved docs (100) is smaller than largest topk for recall score (200)
WARNING:src.hipporag.evaluation.retrieval_eval:Length of retrieved docs (100) is smaller than largest topk for recall score (200)
WARNING:src.hipporag.evaluation.retrieval_eval:Length of retrieved docs (100) is smaller than largest topk for recall score (200)
WARNING:src.hipporag.evaluation.retrieval_eval:Length of retrieved docs (100) is smaller than largest topk for recall score (200)
WARNING:src.hipporag.evaluation.retrieval_eval:Length of retrieved docs (100) is smaller than largest topk for recall score (200)
WARNING:src.hipporag.evaluation.retrieval_eval:Length of retrieved docs (100) is smaller than largest topk for recall score (200)
WARNING:src.hipporag.evaluation.retrieval_eval:Length of retrieved docs (100) is smaller than largest topk for recall score (200)
WARNING:src.hipporag.evaluation.retrieval_eval:Length of retrieved docs (100) is smaller than largest topk for recall score (200)
WARNING:src.hipporag.evaluation.retrieval_eval:Length of retrieved docs (100) is smaller than largest topk for recall score (200)
WARNING:src.hipporag.evaluation.retrieval_eval:Length of retrieved docs (100) is smaller than largest topk for recall score (200)
WARNING:src.hipporag.evaluation.retrieval_eval:Length of retrieved docs (100) is smaller than largest topk for recall score (200)
WARNING:src.hipporag.evaluation.retrieval_eval:Length of retrieved docs (100) is smaller than largest topk for recall score (200)
WARNING:src.hipporag.evaluation.retrieval_eval:Length of retrieved docs (100) is smaller than largest topk for recall score (200)
WARNING:src.hipporag.evaluation.retrieval_eval:Length of retrieved docs (100) is smaller than largest topk for recall score (200)
WARNING:src.hipporag.evaluation.retrieval_eval:Length of retrieved docs (100) is smaller than largest topk for recall score (200)
WARNING:src.hipporag.evaluation.retrieval_eval:Length of retrieved docs (100) is smaller than largest topk for recall score (200)
WARNING:src.hipporag.evaluation.retrieval_eval:Length of retrieved docs (100) is smaller than largest topk for recall score (200)
WARNING:src.hipporag.evaluation.retrieval_eval:Length of retrieved docs (100) is smaller than largest topk for recall score (200)
WARNING:src.hipporag.evaluation.retrieval_eval:Length of retrieved docs (100) is smaller than largest topk for recall score (200)
WARNING:src.hipporag.evaluation.retrieval_eval:Length of retrieved docs (100) is smaller than largest topk for recall score (200)
WARNING:src.hipporag.evaluation.retrieval_eval:Length of retrieved docs (100) is smaller than largest topk for recall score (200)
WARNING:src.hipporag.evaluation.retrieval_eval:Length of retrieved docs (100) is smaller than largest topk for recall score (200)
WARNING:src.hipporag.evaluation.retrieval_eval:Length of retrieved docs (100) is smaller than largest topk for recall score (200)
WARNING:src.hipporag.evaluation.retrieval_eval:Length of retrieved docs (100) is smaller than largest topk for recall score (200)
WARNING:src.hipporag.evaluation.retrieval_eval:Length of retrieved docs (100) is smaller than largest topk for recall score (200)
WARNING:src.hipporag.evaluation.retrieval_eval:Length of retrieved docs (100) is smaller than largest topk for recall score (200)
WARNING:src.hipporag.evaluation.retrieval_eval:Length of retrieved docs (100) is smaller than largest topk for recall score (200)
WARNING:src.hipporag.evaluation.retrieval_eval:Length of retrieved docs (100) is smaller than largest topk for recall score (200)
WARNING:src.hipporag.evaluation.retrieval_eval:Length of retrieved docs (100) is smaller than largest topk for recall score (200)
WARNING:src.hipporag.evaluation.retrieval_eval:Length of retrieved docs (100) is smaller than largest topk for recall score (200)
WARNING:src.hipporag.evaluation.retrieval_eval:Length of retrieved docs (100) is smaller than largest topk for recall score (200)
WARNING:src.hipporag.evaluation.retrieval_eval:Length of retrieved docs (100) is smaller than largest topk for recall score (200)
WARNING:src.hipporag.evaluation.retrieval_eval:Length of retrieved docs (100) is smaller than largest topk for recall score (200)
WARNING:src.hipporag.evaluation.retrieval_eval:Length of retrieved docs (100) is smaller than largest topk for recall score (200)
WARNING:src.hipporag.evaluation.retrieval_eval:Length of retrieved docs (100) is smaller than largest topk for recall score (200)
WARNING:src.hipporag.evaluation.retrieval_eval:Length of retrieved docs (100) is smaller than largest topk for recall score (200)
WARNING:src.hipporag.evaluation.retrieval_eval:Length of retrieved docs (100) is smaller than largest topk for recall score (200)
WARNING:src.hipporag.evaluation.retrieval_eval:Length of retrieved docs (100) is smaller than largest topk for recall score (200)
WARNING:src.hipporag.evaluation.retrieval_eval:Length of retrieved docs (100) is smaller than largest topk for recall score (200)
WARNING:src.hipporag.evaluation.retrieval_eval:Length of retrieved docs (100) is smaller than largest topk for recall score (200)
WARNING:src.hipporag.evaluation.retrieval_eval:Length of retrieved docs (100) is smaller than largest topk for recall score (200)
WARNING:src.hipporag.evaluation.retrieval_eval:Length of retrieved docs (100) is smaller than largest topk for recall score (200)
WARNING:src.hipporag.evaluation.retrieval_eval:Length of retrieved docs (100) is smaller than largest topk for recall score (200)
WARNING:src.hipporag.evaluation.retrieval_eval:Length of retrieved docs (100) is smaller than largest topk for recall score (200)
WARNING:src.hipporag.evaluation.retrieval_eval:Length of retrieved docs (100) is smaller than largest topk for recall score (200)
WARNING:src.hipporag.evaluation.retrieval_eval:Length of retrieved docs (100) is smaller than largest topk for recall score (200)
WARNING:src.hipporag.evaluation.retrieval_eval:Length of retrieved docs (100) is smaller than largest topk for recall score (200)
WARNING:src.hipporag.evaluation.retrieval_eval:Length of retrieved docs (100) is smaller than largest topk for recall score (200)
WARNING:src.hipporag.evaluation.retrieval_eval:Length of retrieved docs (100) is smaller than largest topk for recall score (200)
WARNING:src.hipporag.evaluation.retrieval_eval:Length of retrieved docs (100) is smaller than largest topk for recall score (200)
WARNING:src.hipporag.evaluation.retrieval_eval:Length of retrieved docs (100) is smaller than largest topk for recall score (200)
WARNING:src.hipporag.evaluation.retrieval_eval:Length of retrieved docs (100) is smaller than largest topk for recall score (200)
WARNING:src.hipporag.evaluation.retrieval_eval:Length of retrieved docs (100) is smaller than largest topk for recall score (200)
WARNING:src.hipporag.evaluation.retrieval_eval:Length of retrieved docs (100) is smaller than largest topk for recall score (200)
WARNING:src.hipporag.evaluation.retrieval_eval:Length of retrieved docs (100) is smaller than largest topk for recall score (200)
WARNING:src.hipporag.evaluation.retrieval_eval:Length of retrieved docs (100) is smaller than largest topk for recall score (200)
WARNING:src.hipporag.evaluation.retrieval_eval:Length of retrieved docs (100) is smaller than largest topk for recall score (200)
WARNING:src.hipporag.evaluation.retrieval_eval:Length of retrieved docs (100) is smaller than largest topk for recall score (200)
WARNING:src.hipporag.evaluation.retrieval_eval:Length of retrieved docs (100) is smaller than largest topk for recall score (200)
WARNING:src.hipporag.evaluation.retrieval_eval:Length of retrieved docs (100) is smaller than largest topk for recall score (200)
WARNING:src.hipporag.evaluation.retrieval_eval:Length of retrieved docs (100) is smaller than largest topk for recall score (200)
WARNING:src.hipporag.evaluation.retrieval_eval:Length of retrieved docs (100) is smaller than largest topk for recall score (200)
WARNING:src.hipporag.evaluation.retrieval_eval:Length of retrieved docs (100) is smaller than largest topk for recall score (200)
WARNING:src.hipporag.evaluation.retrieval_eval:Length of retrieved docs (100) is smaller than largest topk for recall score (200)
WARNING:src.hipporag.evaluation.retrieval_eval:Length of retrieved docs (100) is smaller than largest topk for recall score (200)
WARNING:src.hipporag.evaluation.retrieval_eval:Length of retrieved docs (100) is smaller than largest topk for recall score (200)
WARNING:src.hipporag.evaluation.retrieval_eval:Length of retrieved docs (100) is smaller than largest topk for recall score (200)
WARNING:src.hipporag.evaluation.retrieval_eval:Length of retrieved docs (100) is smaller than largest topk for recall score (200)
WARNING:src.hipporag.evaluation.retrieval_eval:Length of retrieved docs (100) is smaller than largest topk for recall score (200)
WARNING:src.hipporag.evaluation.retrieval_eval:Length of retrieved docs (100) is smaller than largest topk for recall score (200)
WARNING:src.hipporag.evaluation.retrieval_eval:Length of retrieved docs (100) is smaller than largest topk for recall score (200)
WARNING:src.hipporag.evaluation.retrieval_eval:Length of retrieved docs (100) is smaller than largest topk for recall score (200)
WARNING:src.hipporag.evaluation.retrieval_eval:Length of retrieved docs (100) is smaller than largest topk for recall score (200)
WARNING:src.hipporag.evaluation.retrieval_eval:Length of retrieved docs (100) is smaller than largest topk for recall score (200)
WARNING:src.hipporag.evaluation.retrieval_eval:Length of retrieved docs (100) is smaller than largest topk for recall score (200)
WARNING:src.hipporag.evaluation.retrieval_eval:Length of retrieved docs (100) is smaller than largest topk for recall score (200)
WARNING:src.hipporag.evaluation.retrieval_eval:Length of retrieved docs (100) is smaller than largest topk for recall score (200)
WARNING:src.hipporag.evaluation.retrieval_eval:Length of retrieved docs (100) is smaller than largest topk for recall score (200)
WARNING:src.hipporag.evaluation.retrieval_eval:Length of retrieved docs (100) is smaller than largest topk for recall score (200)
WARNING:src.hipporag.evaluation.retrieval_eval:Length of retrieved docs (100) is smaller than largest topk for recall score (200)
WARNING:src.hipporag.evaluation.retrieval_eval:Length of retrieved docs (100) is smaller than largest topk for recall score (200)
WARNING:src.hipporag.evaluation.retrieval_eval:Length of retrieved docs (100) is smaller than largest topk for recall score (200)
WARNING:src.hipporag.evaluation.retrieval_eval:Length of retrieved docs (100) is smaller than largest topk for recall score (200)
WARNING:src.hipporag.evaluation.retrieval_eval:Length of retrieved docs (100) is smaller than largest topk for recall score (200)
WARNING:src.hipporag.evaluation.retrieval_eval:Length of retrieved docs (100) is smaller than largest topk for recall score (200)
WARNING:src.hipporag.evaluation.retrieval_eval:Length of retrieved docs (100) is smaller than largest topk for recall score (200)
WARNING:src.hipporag.evaluation.retrieval_eval:Length of retrieved docs (100) is smaller than largest topk for recall score (200)
WARNING:src.hipporag.evaluation.retrieval_eval:Length of retrieved docs (100) is smaller than largest topk for recall score (200)
WARNING:src.hipporag.evaluation.retrieval_eval:Length of retrieved docs (100) is smaller than largest topk for recall score (200)
WARNING:src.hipporag.evaluation.retrieval_eval:Length of retrieved docs (100) is smaller than largest topk for recall score (200)
WARNING:src.hipporag.evaluation.retrieval_eval:Length of retrieved docs (100) is smaller than largest topk for recall score (200)
WARNING:src.hipporag.evaluation.retrieval_eval:Length of retrieved docs (100) is smaller than largest topk for recall score (200)
WARNING:src.hipporag.evaluation.retrieval_eval:Length of retrieved docs (100) is smaller than largest topk for recall score (200)
WARNING:src.hipporag.evaluation.retrieval_eval:Length of retrieved docs (100) is smaller than largest topk for recall score (200)
WARNING:src.hipporag.evaluation.retrieval_eval:Length of retrieved docs (100) is smaller than largest topk for recall score (200)
WARNING:src.hipporag.evaluation.retrieval_eval:Length of retrieved docs (100) is smaller than largest topk for recall score (200)
WARNING:src.hipporag.evaluation.retrieval_eval:Length of retrieved docs (100) is smaller than largest topk for recall score (200)
WARNING:src.hipporag.evaluation.retrieval_eval:Length of retrieved docs (100) is smaller than largest topk for recall score (200)
WARNING:src.hipporag.evaluation.retrieval_eval:Length of retrieved docs (100) is smaller than largest topk for recall score (200)
WARNING:src.hipporag.evaluation.retrieval_eval:Length of retrieved docs (100) is smaller than largest topk for recall score (200)
WARNING:src.hipporag.evaluation.retrieval_eval:Length of retrieved docs (100) is smaller than largest topk for recall score (200)
WARNING:src.hipporag.evaluation.retrieval_eval:Length of retrieved docs (100) is smaller than largest topk for recall score (200)
WARNING:src.hipporag.evaluation.retrieval_eval:Length of retrieved docs (100) is smaller than largest topk for recall score (200)
WARNING:src.hipporag.evaluation.retrieval_eval:Length of retrieved docs (100) is smaller than largest topk for recall score (200)
WARNING:src.hipporag.evaluation.retrieval_eval:Length of retrieved docs (100) is smaller than largest topk for recall score (200)
WARNING:src.hipporag.evaluation.retrieval_eval:Length of retrieved docs (100) is smaller than largest topk for recall score (200)
WARNING:src.hipporag.evaluation.retrieval_eval:Length of retrieved docs (100) is smaller than largest topk for recall score (200)
WARNING:src.hipporag.evaluation.retrieval_eval:Length of retrieved docs (100) is smaller than largest topk for recall score (200)
WARNING:src.hipporag.evaluation.retrieval_eval:Length of retrieved docs (100) is smaller than largest topk for recall score (200)
WARNING:src.hipporag.evaluation.retrieval_eval:Length of retrieved docs (100) is smaller than largest topk for recall score (200)
WARNING:src.hipporag.evaluation.retrieval_eval:Length of retrieved docs (100) is smaller than largest topk for recall score (200)
WARNING:src.hipporag.evaluation.retrieval_eval:Length of retrieved docs (100) is smaller than largest topk for recall score (200)
WARNING:src.hipporag.evaluation.retrieval_eval:Length of retrieved docs (100) is smaller than largest topk for recall score (200)
WARNING:src.hipporag.evaluation.retrieval_eval:Length of retrieved docs (100) is smaller than largest topk for recall score (200)
WARNING:src.hipporag.evaluation.retrieval_eval:Length of retrieved docs (100) is smaller than largest topk for recall score (200)
WARNING:src.hipporag.evaluation.retrieval_eval:Length of retrieved docs (100) is smaller than largest topk for recall score (200)
WARNING:src.hipporag.evaluation.retrieval_eval:Length of retrieved docs (100) is smaller than largest topk for recall score (200)
WARNING:src.hipporag.evaluation.retrieval_eval:Length of retrieved docs (100) is smaller than largest topk for recall score (200)
WARNING:src.hipporag.evaluation.retrieval_eval:Length of retrieved docs (100) is smaller than largest topk for recall score (200)
WARNING:src.hipporag.evaluation.retrieval_eval:Length of retrieved docs (100) is smaller than largest topk for recall score (200)
WARNING:src.hipporag.evaluation.retrieval_eval:Length of retrieved docs (100) is smaller than largest topk for recall score (200)
WARNING:src.hipporag.evaluation.retrieval_eval:Length of retrieved docs (100) is smaller than largest topk for recall score (200)
WARNING:src.hipporag.evaluation.retrieval_eval:Length of retrieved docs (100) is smaller than largest topk for recall score (200)
WARNING:src.hipporag.evaluation.retrieval_eval:Length of retrieved docs (100) is smaller than largest topk for recall score (200)
WARNING:src.hipporag.evaluation.retrieval_eval:Length of retrieved docs (100) is smaller than largest topk for recall score (200)
WARNING:src.hipporag.evaluation.retrieval_eval:Length of retrieved docs (100) is smaller than largest topk for recall score (200)
WARNING:src.hipporag.evaluation.retrieval_eval:Length of retrieved docs (100) is smaller than largest topk for recall score (200)
WARNING:src.hipporag.evaluation.retrieval_eval:Length of retrieved docs (100) is smaller than largest topk for recall score (200)
WARNING:src.hipporag.evaluation.retrieval_eval:Length of retrieved docs (100) is smaller than largest topk for recall score (200)
WARNING:src.hipporag.evaluation.retrieval_eval:Length of retrieved docs (100) is smaller than largest topk for recall score (200)
WARNING:src.hipporag.evaluation.retrieval_eval:Length of retrieved docs (100) is smaller than largest topk for recall score (200)
WARNING:src.hipporag.evaluation.retrieval_eval:Length of retrieved docs (100) is smaller than largest topk for recall score (200)
WARNING:src.hipporag.evaluation.retrieval_eval:Length of retrieved docs (100) is smaller than largest topk for recall score (200)
WARNING:src.hipporag.evaluation.retrieval_eval:Length of retrieved docs (100) is smaller than largest topk for recall score (200)
WARNING:src.hipporag.evaluation.retrieval_eval:Length of retrieved docs (100) is smaller than largest topk for recall score (200)
WARNING:src.hipporag.evaluation.retrieval_eval:Length of retrieved docs (100) is smaller than largest topk for recall score (200)
WARNING:src.hipporag.evaluation.retrieval_eval:Length of retrieved docs (100) is smaller than largest topk for recall score (200)
WARNING:src.hipporag.evaluation.retrieval_eval:Length of retrieved docs (100) is smaller than largest topk for recall score (200)
WARNING:src.hipporag.evaluation.retrieval_eval:Length of retrieved docs (100) is smaller than largest topk for recall score (200)
WARNING:src.hipporag.evaluation.retrieval_eval:Length of retrieved docs (100) is smaller than largest topk for recall score (200)
WARNING:src.hipporag.evaluation.retrieval_eval:Length of retrieved docs (100) is smaller than largest topk for recall score (200)
WARNING:src.hipporag.evaluation.retrieval_eval:Length of retrieved docs (100) is smaller than largest topk for recall score (200)
WARNING:src.hipporag.evaluation.retrieval_eval:Length of retrieved docs (100) is smaller than largest topk for recall score (200)
WARNING:src.hipporag.evaluation.retrieval_eval:Length of retrieved docs (100) is smaller than largest topk for recall score (200)
WARNING:src.hipporag.evaluation.retrieval_eval:Length of retrieved docs (100) is smaller than largest topk for recall score (200)
WARNING:src.hipporag.evaluation.retrieval_eval:Length of retrieved docs (100) is smaller than largest topk for recall score (200)
WARNING:src.hipporag.evaluation.retrieval_eval:Length of retrieved docs (100) is smaller than largest topk for recall score (200)
WARNING:src.hipporag.evaluation.retrieval_eval:Length of retrieved docs (100) is smaller than largest topk for recall score (200)
WARNING:src.hipporag.evaluation.retrieval_eval:Length of retrieved docs (100) is smaller than largest topk for recall score (200)
WARNING:src.hipporag.evaluation.retrieval_eval:Length of retrieved docs (100) is smaller than largest topk for recall score (200)
WARNING:src.hipporag.evaluation.retrieval_eval:Length of retrieved docs (100) is smaller than largest topk for recall score (200)
WARNING:src.hipporag.evaluation.retrieval_eval:Length of retrieved docs (100) is smaller than largest topk for recall score (200)
WARNING:src.hipporag.evaluation.retrieval_eval:Length of retrieved docs (100) is smaller than largest topk for recall score (200)
WARNING:src.hipporag.evaluation.retrieval_eval:Length of retrieved docs (100) is smaller than largest topk for recall score (200)
WARNING:src.hipporag.evaluation.retrieval_eval:Length of retrieved docs (100) is smaller than largest topk for recall score (200)
WARNING:src.hipporag.evaluation.retrieval_eval:Length of retrieved docs (100) is smaller than largest topk for recall score (200)
WARNING:src.hipporag.evaluation.retrieval_eval:Length of retrieved docs (100) is smaller than largest topk for recall score (200)
WARNING:src.hipporag.evaluation.retrieval_eval:Length of retrieved docs (100) is smaller than largest topk for recall score (200)
WARNING:src.hipporag.evaluation.retrieval_eval:Length of retrieved docs (100) is smaller than largest topk for recall score (200)
WARNING:src.hipporag.evaluation.retrieval_eval:Length of retrieved docs (100) is smaller than largest topk for recall score (200)
WARNING:src.hipporag.evaluation.retrieval_eval:Length of retrieved docs (100) is smaller than largest topk for recall score (200)
WARNING:src.hipporag.evaluation.retrieval_eval:Length of retrieved docs (100) is smaller than largest topk for recall score (200)
WARNING:src.hipporag.evaluation.retrieval_eval:Length of retrieved docs (100) is smaller than largest topk for recall score (200)
WARNING:src.hipporag.evaluation.retrieval_eval:Length of retrieved docs (100) is smaller than largest topk for recall score (200)
WARNING:src.hipporag.evaluation.retrieval_eval:Length of retrieved docs (100) is smaller than largest topk for recall score (200)
WARNING:src.hipporag.evaluation.retrieval_eval:Length of retrieved docs (100) is smaller than largest topk for recall score (200)
WARNING:src.hipporag.evaluation.retrieval_eval:Length of retrieved docs (100) is smaller than largest topk for recall score (200)
WARNING:src.hipporag.evaluation.retrieval_eval:Length of retrieved docs (100) is smaller than largest topk for recall score (200)
WARNING:src.hipporag.evaluation.retrieval_eval:Length of retrieved docs (100) is smaller than largest topk for recall score (200)
WARNING:src.hipporag.evaluation.retrieval_eval:Length of retrieved docs (100) is smaller than largest topk for recall score (200)
WARNING:src.hipporag.evaluation.retrieval_eval:Length of retrieved docs (100) is smaller than largest topk for recall score (200)
WARNING:src.hipporag.evaluation.retrieval_eval:Length of retrieved docs (100) is smaller than largest topk for recall score (200)
WARNING:src.hipporag.evaluation.retrieval_eval:Length of retrieved docs (100) is smaller than largest topk for recall score (200)
WARNING:src.hipporag.evaluation.retrieval_eval:Length of retrieved docs (100) is smaller than largest topk for recall score (200)
WARNING:src.hipporag.evaluation.retrieval_eval:Length of retrieved docs (100) is smaller than largest topk for recall score (200)
WARNING:src.hipporag.evaluation.retrieval_eval:Length of retrieved docs (100) is smaller than largest topk for recall score (200)
WARNING:src.hipporag.evaluation.retrieval_eval:Length of retrieved docs (100) is smaller than largest topk for recall score (200)
WARNING:src.hipporag.evaluation.retrieval_eval:Length of retrieved docs (100) is smaller than largest topk for recall score (200)
WARNING:src.hipporag.evaluation.retrieval_eval:Length of retrieved docs (100) is smaller than largest topk for recall score (200)
WARNING:src.hipporag.evaluation.retrieval_eval:Length of retrieved docs (100) is smaller than largest topk for recall score (200)
WARNING:src.hipporag.evaluation.retrieval_eval:Length of retrieved docs (100) is smaller than largest topk for recall score (200)
WARNING:src.hipporag.evaluation.retrieval_eval:Length of retrieved docs (100) is smaller than largest topk for recall score (200)
WARNING:src.hipporag.evaluation.retrieval_eval:Length of retrieved docs (100) is smaller than largest topk for recall score (200)
WARNING:src.hipporag.evaluation.retrieval_eval:Length of retrieved docs (100) is smaller than largest topk for recall score (200)
WARNING:src.hipporag.evaluation.retrieval_eval:Length of retrieved docs (100) is smaller than largest topk for recall score (200)
WARNING:src.hipporag.evaluation.retrieval_eval:Length of retrieved docs (100) is smaller than largest topk for recall score (200)
WARNING:src.hipporag.evaluation.retrieval_eval:Length of retrieved docs (100) is smaller than largest topk for recall score (200)
WARNING:src.hipporag.evaluation.retrieval_eval:Length of retrieved docs (100) is smaller than largest topk for recall score (200)
WARNING:src.hipporag.evaluation.retrieval_eval:Length of retrieved docs (100) is smaller than largest topk for recall score (200)
WARNING:src.hipporag.evaluation.retrieval_eval:Length of retrieved docs (100) is smaller than largest topk for recall score (200)
WARNING:src.hipporag.evaluation.retrieval_eval:Length of retrieved docs (100) is smaller than largest topk for recall score (200)
WARNING:src.hipporag.evaluation.retrieval_eval:Length of retrieved docs (100) is smaller than largest topk for recall score (200)
WARNING:src.hipporag.evaluation.retrieval_eval:Length of retrieved docs (100) is smaller than largest topk for recall score (200)
WARNING:src.hipporag.evaluation.retrieval_eval:Length of retrieved docs (100) is smaller than largest topk for recall score (200)
WARNING:src.hipporag.evaluation.retrieval_eval:Length of retrieved docs (100) is smaller than largest topk for recall score (200)
WARNING:src.hipporag.evaluation.retrieval_eval:Length of retrieved docs (100) is smaller than largest topk for recall score (200)
WARNING:src.hipporag.evaluation.retrieval_eval:Length of retrieved docs (100) is smaller than largest topk for recall score (200)
WARNING:src.hipporag.evaluation.retrieval_eval:Length of retrieved docs (100) is smaller than largest topk for recall score (200)
WARNING:src.hipporag.evaluation.retrieval_eval:Length of retrieved docs (100) is smaller than largest topk for recall score (200)
WARNING:src.hipporag.evaluation.retrieval_eval:Length of retrieved docs (100) is smaller than largest topk for recall score (200)
WARNING:src.hipporag.evaluation.retrieval_eval:Length of retrieved docs (100) is smaller than largest topk for recall score (200)
WARNING:src.hipporag.evaluation.retrieval_eval:Length of retrieved docs (100) is smaller than largest topk for recall score (200)
WARNING:src.hipporag.evaluation.retrieval_eval:Length of retrieved docs (100) is smaller than largest topk for recall score (200)
WARNING:src.hipporag.evaluation.retrieval_eval:Length of retrieved docs (100) is smaller than largest topk for recall score (200)
WARNING:src.hipporag.evaluation.retrieval_eval:Length of retrieved docs (100) is smaller than largest topk for recall score (200)
WARNING:src.hipporag.evaluation.retrieval_eval:Length of retrieved docs (100) is smaller than largest topk for recall score (200)
WARNING:src.hipporag.evaluation.retrieval_eval:Length of retrieved docs (100) is smaller than largest topk for recall score (200)
WARNING:src.hipporag.evaluation.retrieval_eval:Length of retrieved docs (100) is smaller than largest topk for recall score (200)
WARNING:src.hipporag.evaluation.retrieval_eval:Length of retrieved docs (100) is smaller than largest topk for recall score (200)
WARNING:src.hipporag.evaluation.retrieval_eval:Length of retrieved docs (100) is smaller than largest topk for recall score (200)
WARNING:src.hipporag.evaluation.retrieval_eval:Length of retrieved docs (100) is smaller than largest topk for recall score (200)
WARNING:src.hipporag.evaluation.retrieval_eval:Length of retrieved docs (100) is smaller than largest topk for recall score (200)
WARNING:src.hipporag.evaluation.retrieval_eval:Length of retrieved docs (100) is smaller than largest topk for recall score (200)
WARNING:src.hipporag.evaluation.retrieval_eval:Length of retrieved docs (100) is smaller than largest topk for recall score (200)
WARNING:src.hipporag.evaluation.retrieval_eval:Length of retrieved docs (100) is smaller than largest topk for recall score (200)
WARNING:src.hipporag.evaluation.retrieval_eval:Length of retrieved docs (100) is smaller than largest topk for recall score (200)
WARNING:src.hipporag.evaluation.retrieval_eval:Length of retrieved docs (100) is smaller than largest topk for recall score (200)
WARNING:src.hipporag.evaluation.retrieval_eval:Length of retrieved docs (100) is smaller than largest topk for recall score (200)
WARNING:src.hipporag.evaluation.retrieval_eval:Length of retrieved docs (100) is smaller than largest topk for recall score (200)
WARNING:src.hipporag.evaluation.retrieval_eval:Length of retrieved docs (100) is smaller than largest topk for recall score (200)
WARNING:src.hipporag.evaluation.retrieval_eval:Length of retrieved docs (100) is smaller than largest topk for recall score (200)
WARNING:src.hipporag.evaluation.retrieval_eval:Length of retrieved docs (100) is smaller than largest topk for recall score (200)
WARNING:src.hipporag.evaluation.retrieval_eval:Length of retrieved docs (100) is smaller than largest topk for recall score (200)
WARNING:src.hipporag.evaluation.retrieval_eval:Length of retrieved docs (100) is smaller than largest topk for recall score (200)
WARNING:src.hipporag.evaluation.retrieval_eval:Length of retrieved docs (100) is smaller than largest topk for recall score (200)
WARNING:src.hipporag.evaluation.retrieval_eval:Length of retrieved docs (100) is smaller than largest topk for recall score (200)
WARNING:src.hipporag.evaluation.retrieval_eval:Length of retrieved docs (100) is smaller than largest topk for recall score (200)
WARNING:src.hipporag.evaluation.retrieval_eval:Length of retrieved docs (100) is smaller than largest topk for recall score (200)
WARNING:src.hipporag.evaluation.retrieval_eval:Length of retrieved docs (100) is smaller than largest topk for recall score (200)
WARNING:src.hipporag.evaluation.retrieval_eval:Length of retrieved docs (100) is smaller than largest topk for recall score (200)
WARNING:src.hipporag.evaluation.retrieval_eval:Length of retrieved docs (100) is smaller than largest topk for recall score (200)
WARNING:src.hipporag.evaluation.retrieval_eval:Length of retrieved docs (100) is smaller than largest topk for recall score (200)
WARNING:src.hipporag.evaluation.retrieval_eval:Length of retrieved docs (100) is smaller than largest topk for recall score (200)
WARNING:src.hipporag.evaluation.retrieval_eval:Length of retrieved docs (100) is smaller than largest topk for recall score (200)
WARNING:src.hipporag.evaluation.retrieval_eval:Length of retrieved docs (100) is smaller than largest topk for recall score (200)
WARNING:src.hipporag.evaluation.retrieval_eval:Length of retrieved docs (100) is smaller than largest topk for recall score (200)
WARNING:src.hipporag.evaluation.retrieval_eval:Length of retrieved docs (100) is smaller than largest topk for recall score (200)
WARNING:src.hipporag.evaluation.retrieval_eval:Length of retrieved docs (100) is smaller than largest topk for recall score (200)
WARNING:src.hipporag.evaluation.retrieval_eval:Length of retrieved docs (100) is smaller than largest topk for recall score (200)
WARNING:src.hipporag.evaluation.retrieval_eval:Length of retrieved docs (100) is smaller than largest topk for recall score (200)
WARNING:src.hipporag.evaluation.retrieval_eval:Length of retrieved docs (100) is smaller than largest topk for recall score (200)
WARNING:src.hipporag.evaluation.retrieval_eval:Length of retrieved docs (100) is smaller than largest topk for recall score (200)
WARNING:src.hipporag.evaluation.retrieval_eval:Length of retrieved docs (100) is smaller than largest topk for recall score (200)
WARNING:src.hipporag.evaluation.retrieval_eval:Length of retrieved docs (100) is smaller than largest topk for recall score (200)
WARNING:src.hipporag.evaluation.retrieval_eval:Length of retrieved docs (100) is smaller than largest topk for recall score (200)
WARNING:src.hipporag.evaluation.retrieval_eval:Length of retrieved docs (100) is smaller than largest topk for recall score (200)
WARNING:src.hipporag.evaluation.retrieval_eval:Length of retrieved docs (100) is smaller than largest topk for recall score (200)
WARNING:src.hipporag.evaluation.retrieval_eval:Length of retrieved docs (100) is smaller than largest topk for recall score (200)
WARNING:src.hipporag.evaluation.retrieval_eval:Length of retrieved docs (100) is smaller than largest topk for recall score (200)
WARNING:src.hipporag.evaluation.retrieval_eval:Length of retrieved docs (100) is smaller than largest topk for recall score (200)
WARNING:src.hipporag.evaluation.retrieval_eval:Length of retrieved docs (100) is smaller than largest topk for recall score (200)
WARNING:src.hipporag.evaluation.retrieval_eval:Length of retrieved docs (100) is smaller than largest topk for recall score (200)
WARNING:src.hipporag.evaluation.retrieval_eval:Length of retrieved docs (100) is smaller than largest topk for recall score (200)
WARNING:src.hipporag.evaluation.retrieval_eval:Length of retrieved docs (100) is smaller than largest topk for recall score (200)
WARNING:src.hipporag.evaluation.retrieval_eval:Length of retrieved docs (100) is smaller than largest topk for recall score (200)
WARNING:src.hipporag.evaluation.retrieval_eval:Length of retrieved docs (100) is smaller than largest topk for recall score (200)
WARNING:src.hipporag.evaluation.retrieval_eval:Length of retrieved docs (100) is smaller than largest topk for recall score (200)
WARNING:src.hipporag.evaluation.retrieval_eval:Length of retrieved docs (100) is smaller than largest topk for recall score (200)
WARNING:src.hipporag.evaluation.retrieval_eval:Length of retrieved docs (100) is smaller than largest topk for recall score (200)
WARNING:src.hipporag.evaluation.retrieval_eval:Length of retrieved docs (100) is smaller than largest topk for recall score (200)
WARNING:src.hipporag.evaluation.retrieval_eval:Length of retrieved docs (100) is smaller than largest topk for recall score (200)
WARNING:src.hipporag.evaluation.retrieval_eval:Length of retrieved docs (100) is smaller than largest topk for recall score (200)
WARNING:src.hipporag.evaluation.retrieval_eval:Length of retrieved docs (100) is smaller than largest topk for recall score (200)
WARNING:src.hipporag.evaluation.retrieval_eval:Length of retrieved docs (100) is smaller than largest topk for recall score (200)
WARNING:src.hipporag.evaluation.retrieval_eval:Length of retrieved docs (100) is smaller than largest topk for recall score (200)
WARNING:src.hipporag.evaluation.retrieval_eval:Length of retrieved docs (100) is smaller than largest topk for recall score (200)
WARNING:src.hipporag.evaluation.retrieval_eval:Length of retrieved docs (100) is smaller than largest topk for recall score (200)
WARNING:src.hipporag.evaluation.retrieval_eval:Length of retrieved docs (100) is smaller than largest topk for recall score (200)
WARNING:src.hipporag.evaluation.retrieval_eval:Length of retrieved docs (100) is smaller than largest topk for recall score (200)
WARNING:src.hipporag.evaluation.retrieval_eval:Length of retrieved docs (100) is smaller than largest topk for recall score (200)
WARNING:src.hipporag.evaluation.retrieval_eval:Length of retrieved docs (100) is smaller than largest topk for recall score (200)
WARNING:src.hipporag.evaluation.retrieval_eval:Length of retrieved docs (100) is smaller than largest topk for recall score (200)
WARNING:src.hipporag.evaluation.retrieval_eval:Length of retrieved docs (100) is smaller than largest topk for recall score (200)
WARNING:src.hipporag.evaluation.retrieval_eval:Length of retrieved docs (100) is smaller than largest topk for recall score (200)
WARNING:src.hipporag.evaluation.retrieval_eval:Length of retrieved docs (100) is smaller than largest topk for recall score (200)
WARNING:src.hipporag.evaluation.retrieval_eval:Length of retrieved docs (100) is smaller than largest topk for recall score (200)
WARNING:src.hipporag.evaluation.retrieval_eval:Length of retrieved docs (100) is smaller than largest topk for recall score (200)
WARNING:src.hipporag.evaluation.retrieval_eval:Length of retrieved docs (100) is smaller than largest topk for recall score (200)
WARNING:src.hipporag.evaluation.retrieval_eval:Length of retrieved docs (100) is smaller than largest topk for recall score (200)
WARNING:src.hipporag.evaluation.retrieval_eval:Length of retrieved docs (100) is smaller than largest topk for recall score (200)
WARNING:src.hipporag.evaluation.retrieval_eval:Length of retrieved docs (100) is smaller than largest topk for recall score (200)
WARNING:src.hipporag.evaluation.retrieval_eval:Length of retrieved docs (100) is smaller than largest topk for recall score (200)
WARNING:src.hipporag.evaluation.retrieval_eval:Length of retrieved docs (100) is smaller than largest topk for recall score (200)
WARNING:src.hipporag.evaluation.retrieval_eval:Length of retrieved docs (100) is smaller than largest topk for recall score (200)
WARNING:src.hipporag.evaluation.retrieval_eval:Length of retrieved docs (100) is smaller than largest topk for recall score (200)
WARNING:src.hipporag.evaluation.retrieval_eval:Length of retrieved docs (100) is smaller than largest topk for recall score (200)
WARNING:src.hipporag.evaluation.retrieval_eval:Length of retrieved docs (100) is smaller than largest topk for recall score (200)
WARNING:src.hipporag.evaluation.retrieval_eval:Length of retrieved docs (100) is smaller than largest topk for recall score (200)
WARNING:src.hipporag.evaluation.retrieval_eval:Length of retrieved docs (100) is smaller than largest topk for recall score (200)
WARNING:src.hipporag.evaluation.retrieval_eval:Length of retrieved docs (100) is smaller than largest topk for recall score (200)
WARNING:src.hipporag.evaluation.retrieval_eval:Length of retrieved docs (100) is smaller than largest topk for recall score (200)
WARNING:src.hipporag.evaluation.retrieval_eval:Length of retrieved docs (100) is smaller than largest topk for recall score (200)
WARNING:src.hipporag.evaluation.retrieval_eval:Length of retrieved docs (100) is smaller than largest topk for recall score (200)
WARNING:src.hipporag.evaluation.retrieval_eval:Length of retrieved docs (100) is smaller than largest topk for recall score (200)
WARNING:src.hipporag.evaluation.retrieval_eval:Length of retrieved docs (100) is smaller than largest topk for recall score (200)
WARNING:src.hipporag.evaluation.retrieval_eval:Length of retrieved docs (100) is smaller than largest topk for recall score (200)
WARNING:src.hipporag.evaluation.retrieval_eval:Length of retrieved docs (100) is smaller than largest topk for recall score (200)
WARNING:src.hipporag.evaluation.retrieval_eval:Length of retrieved docs (100) is smaller than largest topk for recall score (200)
WARNING:src.hipporag.evaluation.retrieval_eval:Length of retrieved docs (100) is smaller than largest topk for recall score (200)
WARNING:src.hipporag.evaluation.retrieval_eval:Length of retrieved docs (100) is smaller than largest topk for recall score (200)
WARNING:src.hipporag.evaluation.retrieval_eval:Length of retrieved docs (100) is smaller than largest topk for recall score (200)
WARNING:src.hipporag.evaluation.retrieval_eval:Length of retrieved docs (100) is smaller than largest topk for recall score (200)
WARNING:src.hipporag.evaluation.retrieval_eval:Length of retrieved docs (100) is smaller than largest topk for recall score (200)
WARNING:src.hipporag.evaluation.retrieval_eval:Length of retrieved docs (100) is smaller than largest topk for recall score (200)
WARNING:src.hipporag.evaluation.retrieval_eval:Length of retrieved docs (100) is smaller than largest topk for recall score (200)
WARNING:src.hipporag.evaluation.retrieval_eval:Length of retrieved docs (100) is smaller than largest topk for recall score (200)
WARNING:src.hipporag.evaluation.retrieval_eval:Length of retrieved docs (100) is smaller than largest topk for recall score (200)
WARNING:src.hipporag.evaluation.retrieval_eval:Length of retrieved docs (100) is smaller than largest topk for recall score (200)
WARNING:src.hipporag.evaluation.retrieval_eval:Length of retrieved docs (100) is smaller than largest topk for recall score (200)
WARNING:src.hipporag.evaluation.retrieval_eval:Length of retrieved docs (100) is smaller than largest topk for recall score (200)
WARNING:src.hipporag.evaluation.retrieval_eval:Length of retrieved docs (100) is smaller than largest topk for recall score (200)
WARNING:src.hipporag.evaluation.retrieval_eval:Length of retrieved docs (100) is smaller than largest topk for recall score (200)
WARNING:src.hipporag.evaluation.retrieval_eval:Length of retrieved docs (100) is smaller than largest topk for recall score (200)
WARNING:src.hipporag.evaluation.retrieval_eval:Length of retrieved docs (100) is smaller than largest topk for recall score (200)
WARNING:src.hipporag.evaluation.retrieval_eval:Length of retrieved docs (100) is smaller than largest topk for recall score (200)
WARNING:src.hipporag.evaluation.retrieval_eval:Length of retrieved docs (100) is smaller than largest topk for recall score (200)
WARNING:src.hipporag.evaluation.retrieval_eval:Length of retrieved docs (100) is smaller than largest topk for recall score (200)
WARNING:src.hipporag.evaluation.retrieval_eval:Length of retrieved docs (100) is smaller than largest topk for recall score (200)
WARNING:src.hipporag.evaluation.retrieval_eval:Length of retrieved docs (100) is smaller than largest topk for recall score (200)
WARNING:src.hipporag.evaluation.retrieval_eval:Length of retrieved docs (100) is smaller than largest topk for recall score (200)
WARNING:src.hipporag.evaluation.retrieval_eval:Length of retrieved docs (100) is smaller than largest topk for recall score (200)
WARNING:src.hipporag.evaluation.retrieval_eval:Length of retrieved docs (100) is smaller than largest topk for recall score (200)
WARNING:src.hipporag.evaluation.retrieval_eval:Length of retrieved docs (100) is smaller than largest topk for recall score (200)
WARNING:src.hipporag.evaluation.retrieval_eval:Length of retrieved docs (100) is smaller than largest topk for recall score (200)
WARNING:src.hipporag.evaluation.retrieval_eval:Length of retrieved docs (100) is smaller than largest topk for recall score (200)
WARNING:src.hipporag.evaluation.retrieval_eval:Length of retrieved docs (100) is smaller than largest topk for recall score (200)
WARNING:src.hipporag.evaluation.retrieval_eval:Length of retrieved docs (100) is smaller than largest topk for recall score (200)
WARNING:src.hipporag.evaluation.retrieval_eval:Length of retrieved docs (100) is smaller than largest topk for recall score (200)
WARNING:src.hipporag.evaluation.retrieval_eval:Length of retrieved docs (100) is smaller than largest topk for recall score (200)
WARNING:src.hipporag.evaluation.retrieval_eval:Length of retrieved docs (100) is smaller than largest topk for recall score (200)
WARNING:src.hipporag.evaluation.retrieval_eval:Length of retrieved docs (100) is smaller than largest topk for recall score (200)
WARNING:src.hipporag.evaluation.retrieval_eval:Length of retrieved docs (100) is smaller than largest topk for recall score (200)
WARNING:src.hipporag.evaluation.retrieval_eval:Length of retrieved docs (100) is smaller than largest topk for recall score (200)
WARNING:src.hipporag.evaluation.retrieval_eval:Length of retrieved docs (100) is smaller than largest topk for recall score (200)
WARNING:src.hipporag.evaluation.retrieval_eval:Length of retrieved docs (100) is smaller than largest topk for recall score (200)
WARNING:src.hipporag.evaluation.retrieval_eval:Length of retrieved docs (100) is smaller than largest topk for recall score (200)
WARNING:src.hipporag.evaluation.retrieval_eval:Length of retrieved docs (100) is smaller than largest topk for recall score (200)
WARNING:src.hipporag.evaluation.retrieval_eval:Length of retrieved docs (100) is smaller than largest topk for recall score (200)
WARNING:src.hipporag.evaluation.retrieval_eval:Length of retrieved docs (100) is smaller than largest topk for recall score (200)
WARNING:src.hipporag.evaluation.retrieval_eval:Length of retrieved docs (100) is smaller than largest topk for recall score (200)
WARNING:src.hipporag.evaluation.retrieval_eval:Length of retrieved docs (100) is smaller than largest topk for recall score (200)
WARNING:src.hipporag.evaluation.retrieval_eval:Length of retrieved docs (100) is smaller than largest topk for recall score (200)
WARNING:src.hipporag.evaluation.retrieval_eval:Length of retrieved docs (100) is smaller than largest topk for recall score (200)
WARNING:src.hipporag.evaluation.retrieval_eval:Length of retrieved docs (100) is smaller than largest topk for recall score (200)
WARNING:src.hipporag.evaluation.retrieval_eval:Length of retrieved docs (100) is smaller than largest topk for recall score (200)
WARNING:src.hipporag.evaluation.retrieval_eval:Length of retrieved docs (100) is smaller than largest topk for recall score (200)
WARNING:src.hipporag.evaluation.retrieval_eval:Length of retrieved docs (100) is smaller than largest topk for recall score (200)
WARNING:src.hipporag.evaluation.retrieval_eval:Length of retrieved docs (100) is smaller than largest topk for recall score (200)
WARNING:src.hipporag.evaluation.retrieval_eval:Length of retrieved docs (100) is smaller than largest topk for recall score (200)
WARNING:src.hipporag.evaluation.retrieval_eval:Length of retrieved docs (100) is smaller than largest topk for recall score (200)
WARNING:src.hipporag.evaluation.retrieval_eval:Length of retrieved docs (100) is smaller than largest topk for recall score (200)
WARNING:src.hipporag.evaluation.retrieval_eval:Length of retrieved docs (100) is smaller than largest topk for recall score (200)
WARNING:src.hipporag.evaluation.retrieval_eval:Length of retrieved docs (100) is smaller than largest topk for recall score (200)
WARNING:src.hipporag.evaluation.retrieval_eval:Length of retrieved docs (100) is smaller than largest topk for recall score (200)
WARNING:src.hipporag.evaluation.retrieval_eval:Length of retrieved docs (100) is smaller than largest topk for recall score (200)
WARNING:src.hipporag.evaluation.retrieval_eval:Length of retrieved docs (100) is smaller than largest topk for recall score (200)
WARNING:src.hipporag.evaluation.retrieval_eval:Length of retrieved docs (100) is smaller than largest topk for recall score (200)
WARNING:src.hipporag.evaluation.retrieval_eval:Length of retrieved docs (100) is smaller than largest topk for recall score (200)
WARNING:src.hipporag.evaluation.retrieval_eval:Length of retrieved docs (100) is smaller than largest topk for recall score (200)
WARNING:src.hipporag.evaluation.retrieval_eval:Length of retrieved docs (100) is smaller than largest topk for recall score (200)
WARNING:src.hipporag.evaluation.retrieval_eval:Length of retrieved docs (100) is smaller than largest topk for recall score (200)
WARNING:src.hipporag.evaluation.retrieval_eval:Length of retrieved docs (100) is smaller than largest topk for recall score (200)
WARNING:src.hipporag.evaluation.retrieval_eval:Length of retrieved docs (100) is smaller than largest topk for recall score (200)
WARNING:src.hipporag.evaluation.retrieval_eval:Length of retrieved docs (100) is smaller than largest topk for recall score (200)
WARNING:src.hipporag.evaluation.retrieval_eval:Length of retrieved docs (100) is smaller than largest topk for recall score (200)
WARNING:src.hipporag.evaluation.retrieval_eval:Length of retrieved docs (100) is smaller than largest topk for recall score (200)
WARNING:src.hipporag.evaluation.retrieval_eval:Length of retrieved docs (100) is smaller than largest topk for recall score (200)
WARNING:src.hipporag.evaluation.retrieval_eval:Length of retrieved docs (100) is smaller than largest topk for recall score (200)
WARNING:src.hipporag.evaluation.retrieval_eval:Length of retrieved docs (100) is smaller than largest topk for recall score (200)
WARNING:src.hipporag.evaluation.retrieval_eval:Length of retrieved docs (100) is smaller than largest topk for recall score (200)
WARNING:src.hipporag.evaluation.retrieval_eval:Length of retrieved docs (100) is smaller than largest topk for recall score (200)
WARNING:src.hipporag.evaluation.retrieval_eval:Length of retrieved docs (100) is smaller than largest topk for recall score (200)
WARNING:src.hipporag.evaluation.retrieval_eval:Length of retrieved docs (100) is smaller than largest topk for recall score (200)
WARNING:src.hipporag.evaluation.retrieval_eval:Length of retrieved docs (100) is smaller than largest topk for recall score (200)
WARNING:src.hipporag.evaluation.retrieval_eval:Length of retrieved docs (100) is smaller than largest topk for recall score (200)
WARNING:src.hipporag.evaluation.retrieval_eval:Length of retrieved docs (100) is smaller than largest topk for recall score (200)
WARNING:src.hipporag.evaluation.retrieval_eval:Length of retrieved docs (100) is smaller than largest topk for recall score (200)
WARNING:src.hipporag.evaluation.retrieval_eval:Length of retrieved docs (100) is smaller than largest topk for recall score (200)
WARNING:src.hipporag.evaluation.retrieval_eval:Length of retrieved docs (100) is smaller than largest topk for recall score (200)
WARNING:src.hipporag.evaluation.retrieval_eval:Length of retrieved docs (100) is smaller than largest topk for recall score (200)
WARNING:src.hipporag.evaluation.retrieval_eval:Length of retrieved docs (100) is smaller than largest topk for recall score (200)
WARNING:src.hipporag.evaluation.retrieval_eval:Length of retrieved docs (100) is smaller than largest topk for recall score (200)
WARNING:src.hipporag.evaluation.retrieval_eval:Length of retrieved docs (100) is smaller than largest topk for recall score (200)
WARNING:src.hipporag.evaluation.retrieval_eval:Length of retrieved docs (100) is smaller than largest topk for recall score (200)
WARNING:src.hipporag.evaluation.retrieval_eval:Length of retrieved docs (100) is smaller than largest topk for recall score (200)
WARNING:src.hipporag.evaluation.retrieval_eval:Length of retrieved docs (100) is smaller than largest topk for recall score (200)
WARNING:src.hipporag.evaluation.retrieval_eval:Length of retrieved docs (100) is smaller than largest topk for recall score (200)
WARNING:src.hipporag.evaluation.retrieval_eval:Length of retrieved docs (100) is smaller than largest topk for recall score (200)
WARNING:src.hipporag.evaluation.retrieval_eval:Length of retrieved docs (100) is smaller than largest topk for recall score (200)
WARNING:src.hipporag.evaluation.retrieval_eval:Length of retrieved docs (100) is smaller than largest topk for recall score (200)
WARNING:src.hipporag.evaluation.retrieval_eval:Length of retrieved docs (100) is smaller than largest topk for recall score (200)
WARNING:src.hipporag.evaluation.retrieval_eval:Length of retrieved docs (100) is smaller than largest topk for recall score (200)
WARNING:src.hipporag.evaluation.retrieval_eval:Length of retrieved docs (100) is smaller than largest topk for recall score (200)
WARNING:src.hipporag.evaluation.retrieval_eval:Length of retrieved docs (100) is smaller than largest topk for recall score (200)
WARNING:src.hipporag.evaluation.retrieval_eval:Length of retrieved docs (100) is smaller than largest topk for recall score (200)
WARNING:src.hipporag.evaluation.retrieval_eval:Length of retrieved docs (100) is smaller than largest topk for recall score (200)
WARNING:src.hipporag.evaluation.retrieval_eval:Length of retrieved docs (100) is smaller than largest topk for recall score (200)
WARNING:src.hipporag.evaluation.retrieval_eval:Length of retrieved docs (100) is smaller than largest topk for recall score (200)
WARNING:src.hipporag.evaluation.retrieval_eval:Length of retrieved docs (100) is smaller than largest topk for recall score (200)
WARNING:src.hipporag.evaluation.retrieval_eval:Length of retrieved docs (100) is smaller than largest topk for recall score (200)
WARNING:src.hipporag.evaluation.retrieval_eval:Length of retrieved docs (100) is smaller than largest topk for recall score (200)
WARNING:src.hipporag.evaluation.retrieval_eval:Length of retrieved docs (100) is smaller than largest topk for recall score (200)
WARNING:src.hipporag.evaluation.retrieval_eval:Length of retrieved docs (100) is smaller than largest topk for recall score (200)
WARNING:src.hipporag.evaluation.retrieval_eval:Length of retrieved docs (100) is smaller than largest topk for recall score (200)
WARNING:src.hipporag.evaluation.retrieval_eval:Length of retrieved docs (100) is smaller than largest topk for recall score (200)
WARNING:src.hipporag.evaluation.retrieval_eval:Length of retrieved docs (100) is smaller than largest topk for recall score (200)
WARNING:src.hipporag.evaluation.retrieval_eval:Length of retrieved docs (100) is smaller than largest topk for recall score (200)
WARNING:src.hipporag.evaluation.retrieval_eval:Length of retrieved docs (100) is smaller than largest topk for recall score (200)
WARNING:src.hipporag.evaluation.retrieval_eval:Length of retrieved docs (100) is smaller than largest topk for recall score (200)
WARNING:src.hipporag.evaluation.retrieval_eval:Length of retrieved docs (100) is smaller than largest topk for recall score (200)
{
  "output_json": "/mnt/nvme/code/HippoRAG/run_logs/daec_llm_wiki_title_proprag_full1000_20260503/musique_proprag_wiki_title_daec_llm_full1000.json",
  "overall_recomputed": {
    "Recall@1": 0.3186,
    "Recall@2": 0.5201,
    "Recall@5": 0.7131,
    "Recall@10": 0.8156,
    "Recall@20": 0.8942,
    "Recall@30": 0.9212,
    "Recall@50": 0.9387,
    "Recall@100": 0.9677,
    "Recall@150": 0.9677,
    "Recall@200": 0.9677,
    "ExactMatch": 0.33,
    "F1": 0.42663583622260093,
    "num_queries": 1000
  },
  "causal_slice": {
    "Recall@1": 0.3167,
    "Recall@2": 0.525,
    "Recall@5": 0.6917,
    "Recall@10": 0.775,
    "Recall@20": 0.8917,
    "Recall@30": 0.95,
    "Recall@50": 0.95,
    "Recall@100": 0.975,
    "Recall@150": 0.975,
    "Recall@200": 0.975,
    "ExactMatch": 0.0,
    "F1": 0.35,
    "num_queries": 10
  },
  "nonempty_subgraph_slice": {
    "num_queries": 0
  },
  "v2_metrics": {},
  "setwise_selector_qa": {
    "selector": "daec_noisyor_llm",
    "score_mode": "bridge",
    "pool_k": 100,
    "anchor_count": 2,
    "reserve_top_m": 2,
    "max_bridge_slots": 0,
    "structure_max_hops": 2,
    "base_weight": 0.25,
    "structure_weight": 0.6,
    "novelty_weight": 0.15,
    "non_anchor_title_dedup": false,
    "query_entity_source": "seed",
    "gate_mode": "none",
    "gate_min_structure_score": 0.15,
    "gate_min_combined_margin": 0.0,
    "gate_min_closure_score": 0.0,
    "gate_min_novelty_score": 0.0,
    "gate_min_frontier_gain": 0.0,
    "gate_min_path_coherence": 0.0,
    "gate_max_avg_local_structure": 0.95,
    "gate_min_suffix_base_mean": 0.15,
    "reader_order_probe_mode": "none",
    "beam_width": 4,
    "beam_expand_per_state": 4,
    "beam_projected_shortlist_factor": 1,
    "late_rerank_enabled": false,
    "late_rerank_candidate_count": 4,
    "late_rerank_include_baseline": true,
    "late_rerank_doc_char_limit": 280,
    "late_rerank_policy": "always",
    "late_rerank_max_state_score_gap": 0.0,
    "late_rerank_judge_backend": "inherit",
    "late_rerank_judge_model": "qwen3-8b-train",
    "late_rerank_judge_base_url": "http://localhost:8043/v1",
    "late_rerank_judge_reasoning_effort": null,
    "state_score_weights": {
      "path_connectivity": 0.3,
      "reachable_doc_ratio": 0.2,
      "query_reachability": 0.15,
      "support_mean": 0.05,
      "support_min": 0.05,
      "closure_mean": 0.1,
      "suffix_base_mean": 0.05,
      "query_coverage": 0.1,
      "frontier_ratio": 0.05,
      "redundancy_penalty": 0.1
    },
    "setwise_model_path": null,
    "setwise_requirement_cache_path": null,
    "setwise_requirement_mode": "oracle",
    "setwise_requirement_model_path": null,
    "setwise_requirement_reserve_policy": "fixed",
    "setwise_requirement_annotation_pool_k": 50,
    "setwise_requirement_smooth_tau": 0.15,
    "setwise_requirement_counterfactual_tau": 0.1,
    "setwise_requirement_live_annotation_pool_k": 0,
    "setwise_requirement_live_annotation_score_mode": "heuristic",
    "setwise_requirement_live_atomic_model_path": null,
    "setwise_requirement_live_source_expand_factor": 0,
    "setwise_requirement_exposure_watch_titles": [
      "Riverside Plaza",
      "Minneapolis",
      "Mississippi River",
      "The Right Stuff Records",
      "Sony Music"
    ],
    "setwise_requirement_probe_force_source_titles": [],
    "setwise_requirement_probe_force_shortlist_titles": [],
    "setwise_requirement_probe_force_final_titles": [],
    "setwise_requirement_probe_force_pool_gold_into_final": false,
    "setwise_requirement_probe_source_sort_mode": "combined",
    "setwise_requirement_probe_source_support_gain_weight": 0.0,
    "setwise_requirement_probe_shortlist_sort_mode": "margin_first",
    "setwise_requirement_probe_bridge_bonus_mode": "off",
    "setwise_requirement_probe_bridge_bonus_weight": 0.0,
    "selector_EM": 0.337,
    "selector_F1": 0.4359,
    "baseline_EM": 0.33,
    "baseline_F1": 0.4266,
    "EM_delta": 0.007,
    "F1_delta": 0.0093,
    "selector_retrieval_metrics": {
      "Recall@1": 0.2136,
      "Recall@2": 0.4723,
      "Recall@5": 0.7269,
      "Recall@10": 0.8422,
      "Recall@20": 0.9038
    },
    "per_bucket": {
      "2_doc": {
        "count": 518,
        "baseline_EM": 0.4189,
        "selector_EM": 0.4286,
        "EM_delta": 0.0097,
        "baseline_F1": 0.5321,
        "selector_F1": 0.5424,
        "F1_delta": 0.0103
      },
      "3_doc": {
        "count": 316,
        "baseline_EM": 0.2753,
        "selector_EM": 0.2848,
        "EM_delta": 0.0095,
        "baseline_F1": 0.3463,
        "selector_F1": 0.3664,
        "F1_delta": 0.0201
      },
      "4_doc": {
        "count": 166,
        "baseline_EM": 0.1566,
        "selector_EM": 0.1506,
        "EM_delta": -0.006,
        "baseline_F1": 0.2503,
        "selector_F1": 0.2358,
        "F1_delta": -0.0145
      }
    },
    "selector_summary": {
      "selector": "daec_noisyor_llm",
      "score_mode": "bridge",
      "avg_mapped_pool_doc_count": 100.0,
      "avg_seed_entity_count": 5.348,
      "avg_selected_structured_doc_count": 4.965,
      "reserve_top_m": 2,
      "max_bridge_slots": 0,
      "non_anchor_title_dedup": false,
      "query_entity_source": "seed",
      "gate_mode": "none",
      "gate_min_structure_score": 0.15,
      "gate_min_combined_margin": 0.0,
      "gate_min_closure_score": 0.0,
      "gate_min_novelty_score": 0.0,
      "gate_min_frontier_gain": 0.0,
      "gate_min_path_coherence": 0.0,
      "gate_max_avg_local_structure": 0.95,
      "gate_min_suffix_base_mean": 0.15,
      "reader_order_probe_mode": "none",
      "reader_order_probe_apply_count": 0,
      "reader_order_probe_skip_count": 0,
      "reader_order_probe_reason_counts": {},
      "gate_apply_count": 0,
      "gate_skip_count": 0,
      "gate_reason_counts": {},
      "saturation_guard_apply_count": 0,
      "saturation_guard_skip_count": 0,
      "late_rerank_enabled": false,
      "late_rerank_apply_count": 0,
      "late_rerank_override_count": 0,
      "late_rerank_block_count": 0,
      "late_rerank_parse_failure_count": 0,
      "late_rerank_error_count": 0,
      "late_rerank_policy": "always",
      "late_rerank_max_state_score_gap": 0.0,
      "beam_width": 4,
      "beam_expand_per_state": 4,
      "beam_projected_shortlist_factor": 1,
      "beam_projection_eval_count": 0,
      "beam_projection_extra_eval_count": 0,
      "beam_projection_rescue_count": 0,
      "beam_projection_changed_query_count": 0,
      "beam_projection_max_selected_rank": 0,
      "examples_preview": [
        {
          "question": "When was the person who Messi's goals in Copa del Rey compared to get signed by Barcelona?",
          "selected_titles": [
            "FC Barcelona",
            "FC Barcelona",
            "List of international goals scored by Lionel Messi",
            "FC Barcelona",
            "Iker Muniain"
          ],
          "seed_entities_preview": [
            "copa catalunya",
            "copa del rey",
            "diego maradona s goal of the century",
            "fc barcelona",
            "lionel messi",
            "messi",
            "messi s goal"
          ],
          "question_entities_preview": [
            "barcelona",
            "barcelona b",
            "barcelona f c",
            "copa del rey",
            "f c barcelona",
            "goal",
            "messi",
            "messi s goal"
          ],
          "grounded_question_entities_preview": [
            "barcelona",
            "barcelona b",
            "copa del rey",
            "messi",
            "messi s goal"
          ],
          "proposal_query_entities_preview": [
            "copa catalunya",
            "copa del rey",
            "diego maradona s goal of the century",
            "fc barcelona",
            "lionel messi",
            "messi",
            "messi s goal"
          ],
          "query_entities_preview": [
            "copa catalunya",
            "copa del rey",
            "diego maradona s goal of the century",
            "fc barcelona",
            "lionel messi",
            "messi",
            "messi s goal"
          ],
          "selection_steps": [
            {
              "step": 1,
              "mode": "daec_noisyor_greedy",
              "pool_position": 0,
              "title": "FC Barcelona",
              "objective_gain": 0.843526,
              "objective": 0.843526,
              "coverage_by_requirement": {
                "s1": 0.894128,
                "s2": 0.792923
              }
            },
            {
              "step": 2,
              "mode": "daec_noisyor_greedy",
              "pool_position": 1,
              "title": "FC Barcelona",
              "objective_gain": 0.133517,
              "objective": 0.977042,
              "coverage_by_requirement": {
                "s1": 0.954085,
                "s2": 1.0
              }
            },
            {
              "step": 3,
              "mode": "daec_noisyor_greedy",
              "pool_position": 13,
              "title": "List of international goals scored by Lionel Messi",
              "objective_gain": 0.022958,
              "objective": 1.0,
              "coverage_by_requirement": {
                "s1": 1.0,
                "s2": 1.0
              }
            }
          ]
        },
        {
          "question": "What month did the Tripartite discussions begin between Britain, France, and the country where, despite being headquartered in the nation called the nobilities commonwealth, the top-ranking Warsaw Pact operatives originated?",
          "selected_titles": [
            "Warsaw Pact",
            "Soviet Union in World War II",
            "Molotov–Ribbentrop Pact",
            "Szlachta",
            "Warsaw Pact"
          ],
          "seed_entities_preview": [
            "central and eastern europe",
            "june",
            "molotov ribbentrop pact",
            "mongolian people s republic",
            "warsaw pact"
          ],
          "question_entities_preview": [
            "britain",
            "country",
            "france",
            "king",
            "warsaw",
            "warsaw i",
            "warsaw pact",
            "warsaw pact country"
          ],
          "grounded_question_entities_preview": [
            "britain",
            "france",
            "warsaw",
            "warsaw pact"
          ],
          "proposal_query_entities_preview": [
            "central and eastern europe",
            "june",
            "molotov ribbentrop pact",
            "mongolian people s republic",
            "warsaw pact"
          ],
          "query_entities_preview": [
            "central and eastern europe",
            "june",
            "molotov ribbentrop pact",
            "mongolian people s republic",
            "warsaw pact"
          ],
          "selection_steps": [
            {
              "step": 1,
              "mode": "daec_noisyor_greedy",
              "pool_position": 0,
              "title": "Warsaw Pact",
              "objective_gain": 0.502852,
              "objective": 0.502852,
              "coverage_by_requirement": {
                "s1": 0.788551,
                "s2": 1.0,
                "s3": 0.222856,
                "s4": 0.0
              }
            },
            {
              "step": 2,
              "mode": "daec_noisyor_greedy",
              "pool_position": 23,
              "title": "Soviet Union in World War II",
              "objective_gain": 0.277009,
              "objective": 0.77986,
              "coverage_by_requirement": {
                "s1": 0.80888,
                "s2": 1.0,
                "s3": 0.544242,
                "s4": 0.766319
              }
            },
            {
              "step": 3,
              "mode": "daec_noisyor_greedy",
              "pool_position": 1,
              "title": "Molotov–Ribbentrop Pact",
              "objective_gain": 0.129799,
              "objective": 0.90966,
              "coverage_by_requirement": {
                "s1": 0.872319,
                "s2": 1.0,
                "s3": 1.0,
                "s4": 0.766319
              }
            },
            {
              "step": 4,
              "mode": "daec_noisyor_greedy",
              "pool_position": 85,
              "title": "Szlachta",
              "objective_gain": 0.03192,
              "objective": 0.94158,
              "coverage_by_requirement": {
                "s1": 1.0,
                "s2": 1.0,
                "s3": 1.0,
                "s4": 0.766319
              }
            }
          ]
        },
        {
          "question": "What county is Erik Hort's birthplace a part of?",
          "selected_titles": [
            "Montebello, New York",
            "Erik Hort",
            "Niels Juel",
            "Phillip Buffington",
            "Ingmar Bergman"
          ],
          "seed_entities_preview": [
            "american",
            "aremark",
            "erik hort",
            "eyolf soot"
          ],
          "question_entities_preview": [
            "aroostook county",
            "count",
            "county",
            "county of lithuania",
            "county seat of ramsey county",
            "erik hort",
            "historic county of quebec",
            "montezuma county"
          ],
          "grounded_question_entities_preview": [
            "county seat of ramsey county",
            "erik hort",
            "historic county of quebec"
          ],
          "proposal_query_entities_preview": [
            "american",
            "aremark",
            "erik hort",
            "eyolf soot"
          ],
          "query_entities_preview": [
            "american",
            "aremark",
            "erik hort",
            "eyolf soot"
          ],
          "selection_steps": [
            {
              "step": 1,
              "mode": "daec_noisyor_greedy",
              "pool_position": 8,
              "title": "Montebello, New York",
              "objective_gain": 0.564597,
              "objective": 0.564597,
              "coverage_by_requirement": {
                "s1": 0.129194,
                "s2": 1.0
              }
            },
            {
              "step": 2,
              "mode": "daec_noisyor_greedy",
              "pool_position": 0,
              "title": "Erik Hort",
              "objective_gain": 0.435403,
              "objective": 1.0,
              "coverage_by_requirement": {
                "s1": 1.0,
                "s2": 1.0
              }
            }
          ]
        },
        {
          "question": "What year did the publisher of Labyrinth end?",
          "selected_titles": [
            "Acornsoft",
            "Labyrinth (1984 video game)",
            "Starship Command",
            "The Devil's Labyrinth",
            "Spectrum HoloByte"
          ],
          "seed_entities_preview": [
            "1943",
            "1984",
            "acornsoft",
            "ballantine books",
            "labyrinth",
            "little house on the prairie",
            "the devil s labyrinth"
          ],
          "question_entities_preview": [
            "birth of the federation",
            "book of the millennium",
            "labyrinth",
            "lack of publisher",
            "publisher",
            "the devil s labyrinth",
            "the end of the little house books",
            "what katy did"
          ],
          "grounded_question_entities_preview": [
            "labyrinth",
            "the devil s labyrinth",
            "the end of the little house books",
            "what katy did"
          ],
          "proposal_query_entities_preview": [
            "1943",
            "1984",
            "acornsoft",
            "ballantine books",
            "labyrinth",
            "little house on the prairie",
            "the devil s labyrinth"
          ],
          "query_entities_preview": [
            "1943",
            "1984",
            "acornsoft",
            "ballantine books",
            "labyrinth",
            "little house on the prairie",
            "the devil s labyrinth"
          ],
          "selection_steps": [
            {
              "step": 1,
              "mode": "daec_noisyor_greedy",
              "pool_position": 0,
              "title": "Acornsoft",
              "objective_gain": 0.691855,
              "objective": 0.691855,
              "coverage_by_requirement": {
                "s1": 0.38371,
                "s2": 1.0
              }
            },
            {
              "step": 2,
              "mode": "daec_noisyor_greedy",
              "pool_position": 1,
              "title": "Labyrinth (1984 video game)",
              "objective_gain": 0.308145,
              "objective": 1.0,
              "coverage_by_requirement": {
                "s1": 1.0,
                "s2": 1.0
              }
            }
          ]
        },
        {
          "question": "When was Lady Godiva's birthplace abolished?",
          "selected_titles": [
            "Lordship of Frisia",
            "Spalding Priory",
            "List of governors-general of India",
            "Pyrgiotissa",
            "Cuthred of Kent"
          ],
          "seed_entities_preview": [
            "1560",
            "1795",
            "2006",
            "by",
            "church of rome",
            "lordship of frisia",
            "pyrgiotissa"
          ],
          "question_entities_preview": [
            "frances crewe lady crewe",
            "godiva",
            "lady anne de grey",
            "lady godiva rides again",
            "lady liberty",
            "lady of the angels",
            "mary was and remained a virgin",
            "second lady of the mercians"
          ],
          "grounded_question_entities_preview": [
            "godiva",
            "second lady of the mercians"
          ],
          "proposal_query_entities_preview": [
            "1560",
            "1795",
            "2006",
            "by",
            "church of rome",
            "lordship of frisia",
            "pyrgiotissa"
          ],
          "query_entities_preview": [
            "1560",
            "1795",
            "2006",
            "by",
            "church of rome",
            "lordship of frisia",
            "pyrgiotissa"
          ],
          "selection_steps": [
            {
              "step": 1,
              "mode": "daec_noisyor_greedy",
              "pool_position": 3,
              "title": "Lordship of Frisia",
              "objective_gain": 0.723287,
              "objective": 0.723287,
              "coverage_by_requirement": {
                "s1": 0.446574,
                "s2": 1.0
              }
            },
            {
              "step": 2,
              "mode": "daec_noisyor_greedy",
              "pool_position": 5,
              "title": "Spalding Priory",
              "objective_gain": 0.276713,
              "objective": 1.0,
              "coverage_by_requirement": {
                "s1": 1.0,
                "s2": 1.0
              }
            }
          ]
        }
      ],
      "dtc_max_steps": 4,
      "dtc_match_threshold": 0.35,
      "dtc_redundancy_weight": 0.1,
      "dtc_base_weight": 0.05,
      "dtc_rank_weight": 0.0,
      "dtc_anchor_bonus_weight": 0.1,
      "dtc_dependency_bonus_weight": 0.1,
      "dtc_max_completion_tokens": 512,
      "dtc_decomposition_mode": "llm",
      "dtc_include_satisfiable_by": false,
      "dtc_enforce_dependencies": true,
      "dtc_require_new_crossing": false,
      "dtc_demand_gate_enabled": false,
      "dtc_demand_gate_alpha": 1.0,
      "dtc_repairable_filter_enabled": false,
      "dtc_satisfiable_by_policy": "binding_override",
      "dtc_demand_gate_preserve_count": 0,
      "avg_dtc_baseline_demand_satisfaction_rate": 0.0,
      "dtc_ser_enabled": false,
      "dtc_ser_lambda0": 1.0,
      "dtc_ser_anchor_binding_enabled": false,
      "dtc_enable_dependency_binding": false,
      "dtc_binding_max_candidates": 5,
      "dtc_binding_entity_hit_required": true,
      "dtc_parse_success_count": 996,
      "dtc_fallback_count": 4,
      "avg_dtc_requirement_count": 2.496,
      "avg_dtc_covered_requirement_rate": 1.0,
      "avg_dtc_embedding_available_requirement_count": 2.496,
      "daec_main_objective": "frozen_binding_noisy_or",
      "daec_binding_top_m": 5,
      "daec_binding_mode": "llm",
      "daec_llm_binding_title_match_mode": "wiki_title",
      "daec_safe_projection": false,
      "daec_safe_min_objective_gain": 0.02,
      "daec_safe_min_swap_gain": 0.01,
      "daec_safe_max_swaps": 2,
      "daec_safe_preserve_top_m": 1,
      "daec_safe_retriever_margin_threshold": 1.01,
      "daec_safe_retriever_rank_penalty": 0.0,
      "llm_binding_cache_path": "/mnt/nvme/code/HippoRAG/run_logs/daec_llm_wiki_title_proprag_full1000_20260503/musique_proprag_wiki_title_daec_llm_full1000.binding_cache.json",
      "llm_binding_cache_size": 6724,
      "llm_binding_total_attempts": 7385,
      "llm_binding_total_calls": 6724,
      "llm_binding_total_cache_hits": 661,
      "llm_binding_total_successes": 6724,
      "llm_binding_total_failures": 0,
      "llm_binding_total_empty_entity_responses": 3750,
      "llm_binding_total_prompt_tokens": 1247807,
      "llm_binding_total_completion_tokens": 75917,
      "llm_binding_total_tokens": 1323724,
      "llm_binding_total_latency_s": 754.5,
      "llm_binding_avg_attempts_per_query": 7.38,
      "llm_binding_avg_calls_per_query": 6.72,
      "llm_binding_avg_latency_per_query_s": 0.7545,
      "llm_binding_median_attempts_per_query": 5.0,
      "llm_binding_median_calls_per_query": 5.0,
      "llm_binding_median_latency_per_query_s": 0.5499
    }
  },
  "external_pool": {
    "enabled": true,
    "path": "/mnt/nvme/code/HippoRAG/run_logs/proprag_pool_exports_full1000_20260424/musique_pool100.json",
    "source": "proprag_pool100",
    "dataset": "musique",
    "records_loaded": 1000,
    "records_available": 1000,
    "pool_k_payload": 100,
    "min_pool_size": 100,
    "max_pool_size": 100,
    "mean_pool_size": 100.0,
    "total_pool_docs": 100000,
    "exact_doc_text_match_count": 100000,
    "title_fallback_match_count": 0,
    "unmatched_doc_count": 0,
    "question_mismatch_count": 0,
    "query_idx_mismatch_count": 0,
    "payload_retrieval": {
      "recomputed_title_recall": {
        "Recall@5": 0.7372,
        "Recall@20": 0.9007,
        "Recall@100": 0.9689
      },
      "proprag_metrics": {
        "Recall@1": 0.3186,
        "Recall@2": 0.5201,
        "Recall@3": 0.6159,
        "Recall@4": 0.6699,
        "Recall@5": 0.7131,
        "Recall@10": 0.8156,
        "Recall@20": 0.8942,
        "Recall@30": 0.9212,
        "Recall@50": 0.9387,
        "Recall@100": 0.9677,
        "Recall@150": 0.9677,
        "Recall@200": 0.9677
      }
    }
  }
}
