dataset,base_dataset,query_index,question,gold_title,policy,source_best_gold_rank,policy_best_gold_rank,rank_improvement,baseline_hit_at_5,baseline_hit_at_10,baseline_hit_at_20,policy_hit_at_5,policy_hit_at_10,policy_hit_at_20,new_hit_at_5,new_hit_at_10,new_hit_at_20,best_score,best_generated_text,best_reason,policy_top5_titles_json
MuSiQue,musique,8,When was the start of the battle of the birthplace of the performer of III?,Battle of New Orleans,source_order,71,71,0,0,0,0,0,0,0,0,0,0,0.0,,,"[""Battle of Korytsa"", ""Philip III of Spain"", ""Charles Russell Lowell"", ""Battle of the Border"", ""William Shakespeare""]"
MuSiQue,musique,8,When was the start of the battle of the birthplace of the performer of III?,Battle of New Orleans,question_lexical,71,43,28,0,0,0,0,0,0,0,0,0,30.82409222010501,When was the start of the battle of the birthplace of the performer of III?,title_token_overlap,"[""III (Stanton Moore album)"", ""Battle of Preveza"", ""Battle of Abbeville"", ""Battle of Sempach"", ""Battle of Korytsa""]"
MuSiQue,musique,8,When was the start of the battle of the birthplace of the performer of III?,Battle of New Orleans,demand_lexical,71,43,28,0,0,0,0,0,0,0,0,0,36.42409222010501,s3: When was the start of the battle of that birthplace?,title_token_overlap,"[""III (Stanton Moore album)"", ""Philip III of Spain"", ""Robert Munford III"", ""Battle of Preveza"", ""Battle of Abbeville""]"
MuSiQue,musique,8,When was the start of the battle of the birthplace of the performer of III?,Battle of New Orleans,llm_query_reform,71,43,28,0,0,0,0,0,0,0,0,0,44.52476541934281,battle of the birthplace of the performer of III,title_token_overlap,"[""III (Stanton Moore album)"", ""Philip III of Spain"", ""Robert Munford III"", ""Battle of Preveza"", ""Battle of Abbeville""]"
MuSiQue,musique,8,When was the start of the battle of the birthplace of the performer of III?,Battle of New Orleans,llm_demand_reform,71,43,28,0,0,0,0,0,0,0,0,0,30.82409222010501,When was the start of the battle of the birthplace of the performer of III?,title_token_overlap,"[""III (Stanton Moore album)"", ""Philip III of Spain"", ""Robert Munford III"", ""Battle of Preveza"", ""Battle of Abbeville""]"
MuSiQue,musique,8,When was the start of the battle of the birthplace of the performer of III?,Battle of New Orleans,llm_demand_hyde,71,33,38,0,0,0,0,0,0,0,0,0,37.639119227185226,"The Battle of London took place in 1642, marking the beginning of the English Civil War.",title_token_overlap,"[""III (Stanton Moore album)"", ""Battle of Abbeville"", ""Battle of the Monongahela"", ""Battle of Britain"", ""Battle of Dunkirk""]"
MuSiQue,musique,8,When was the start of the battle of the birthplace of the performer of III?,Battle of New Orleans,llm_combined,71,42,29,0,0,0,0,0,0,0,0,0,61.26046562566083,"The Battle of London took place in 1642, marking the beginning of the English Civil War.",title_token_overlap,"[""III (Stanton Moore album)"", ""Philip III of Spain"", ""Robert Munford III"", ""Battle of Abbeville"", ""Battle of Preveza""]"
MuSiQue,musique,8,When was the start of the battle of the birthplace of the performer of III?,Battle of New Orleans,llm_listwise_select,71,71,0,0,0,0,0,0,0,0,0,0,0.0,,,"[""III (Stanton Moore album)"", ""Julian Lennon"", ""Robert Munford III"", ""Franco-Prussian War"", ""Philip III of Spain""]"
MuSiQue,musique,24,Who is the child of the Italian navigator who explored the eastern coast of the continent César Gaytan was born in for the English?,Paula Santiago,source_order,18,18,0,0,0,1,0,0,1,0,0,0,0.0,,,"[""César Gaytan"", ""Sebastian Cabot (explorer)"", ""Pedro Álvares Cabral"", ""Francisco de Eliza"", ""Giovanni Battista Caviglia""]"
MuSiQue,musique,24,Who is the child of the Italian navigator who explored the eastern coast of the continent César Gaytan was born in for the English?,Paula Santiago,question_lexical,18,72,-54,0,0,1,0,0,0,0,0,0,0.0,,,"[""César Gaytan"", ""Child labour"", ""History of the west coast of North America"", ""Portugal"", ""Spice trade""]"
MuSiQue,musique,24,Who is the child of the Italian navigator who explored the eastern coast of the continent César Gaytan was born in for the English?,Paula Santiago,demand_lexical,18,52,-34,0,0,1,0,0,0,0,0,0,0.0,,,"[""César Gaytan"", ""Child labour"", ""History of the west coast of North America"", ""Portugal"", ""Spice trade""]"
MuSiQue,musique,24,Who is the child of the Italian navigator who explored the eastern coast of the continent César Gaytan was born in for the English?,Paula Santiago,llm_query_reform,18,56,-38,0,0,1,0,0,0,0,0,0,0.0,,,"[""César Gaytan"", ""Child labour"", ""Portugal"", ""History of the west coast of North America"", ""Spice trade""]"
MuSiQue,musique,24,Who is the child of the Italian navigator who explored the eastern coast of the continent César Gaytan was born in for the English?,Paula Santiago,llm_demand_reform,18,72,-54,0,0,1,0,0,0,0,0,0,0.0,,,"[""César Gaytan"", ""Child labour"", ""History of the west coast of North America"", ""Portugal"", ""Spice trade""]"
MuSiQue,musique,24,Who is the child of the Italian navigator who explored the eastern coast of the continent César Gaytan was born in for the English?,Paula Santiago,llm_demand_hyde,18,37,-19,0,0,1,0,0,0,0,0,0,12.106214391012841,The Italian navigator Christopher Columbus explored the eastern coast of the continent of North America during his first voyage in 1492.,body_token_overlap,"[""César Gaytan"", ""Spain"", ""Spain"", ""History of the west coast of North America"", ""Exploration of North America""]"
MuSiQue,musique,24,Who is the child of the Italian navigator who explored the eastern coast of the continent César Gaytan was born in for the English?,Paula Santiago,llm_combined,18,63,-45,0,0,1,0,0,0,0,0,0,12.106214391012841,The Italian navigator Christopher Columbus explored the eastern coast of the continent of North America during his first voyage in 1492.,body_token_overlap,"[""César Gaytan"", ""History of the west coast of North America"", ""Spain"", ""Spain"", ""Exploration of North America""]"
MuSiQue,musique,24,Who is the child of the Italian navigator who explored the eastern coast of the continent César Gaytan was born in for the English?,Paula Santiago,llm_listwise_select,18,29,-11,0,0,1,0,0,0,0,0,0,0.0,,,"[""César Gaytan"", ""Sebastian Cabot (explorer)"", ""John Cabot"", ""Exploration of North America"", ""Pedro Álvares Cabral""]"
MuSiQue,musique,28,Where did the arguer that the country Directive 10/2 called for actions against had become an imperialist power declare he would intervene in the Korean conflict?,Imperialism,source_order,7,7,0,0,1,1,0,1,1,0,0,0,0.0,,,"[""Central Intelligence Agency"", ""Korean War"", ""Central Intelligence Agency"", ""Korean War"", ""Korean War""]"
MuSiQue,musique,28,Where did the arguer that the country Directive 10/2 called for actions against had become an imperialist power declare he would intervene in the Korean conflict?,Imperialism,question_lexical,7,11,-4,0,1,1,0,0,1,0,0,0,37.33176542028052,Where did the arguer that the country Directive 10/2 called for actions against had become an imperialist power declare he would intervene in the Korean conflict?,body_token_overlap,"[""Korean War"", ""Korean War"", ""Korean War"", ""Great power"", ""Korean War""]"
MuSiQue,musique,28,Where did the arguer that the country Directive 10/2 called for actions against had become an imperialist power declare he would intervene in the Korean conflict?,Imperialism,demand_lexical,7,21,-14,0,1,1,0,0,0,0,0,0,16.828605710023858,s1: Which country is referred to as the one that Directive 10/2 called for actions against? Directive 10/2,body_token_overlap,"[""Korean War"", ""Korean War"", ""Korean War"", ""Korean War"", ""Korean War""]"
MuSiQue,musique,28,Where did the arguer that the country Directive 10/2 called for actions against had become an imperialist power declare he would intervene in the Korean conflict?,Imperialism,llm_query_reform,7,38,-31,0,1,1,0,0,0,0,0,0,10.8840754328144,Directive 10/2 country called for actions against,body_token_overlap,"[""Korean War"", ""Korean War"", ""Korean War"", ""Korean War"", ""Korean War""]"
MuSiQue,musique,28,Where did the arguer that the country Directive 10/2 called for actions against had become an imperialist power declare he would intervene in the Korean conflict?,Imperialism,llm_demand_reform,7,49,-42,0,1,1,0,0,0,0,0,0,0.0,,,"[""Korean War"", ""Korean War"", ""Korean War"", ""Korean War"", ""Korean War""]"
MuSiQue,musique,28,Where did the arguer that the country Directive 10/2 called for actions against had become an imperialist power declare he would intervene in the Korean conflict?,Imperialism,llm_demand_hyde,7,3,4,0,1,1,1,1,1,1,0,0,68.65850567179216,"The arguer, Nikita Khrushchev, was a prominent leader of the Soviet Union and a key figure in the Cold War era.",body_token_overlap,"[""Cold War"", ""Korean War"", ""Korean War"", ""Imperialism"", ""Korean War""]"
MuSiQue,musique,28,Where did the arguer that the country Directive 10/2 called for actions against had become an imperialist power declare he would intervene in the Korean conflict?,Imperialism,llm_combined,7,14,-7,0,1,1,0,0,1,0,0,0,74.51369747088378,"The arguer, Nikita Khrushchev, was a prominent leader of the Soviet Union and a key figure in the Cold War era.",body_token_overlap,"[""Cold War"", ""Korean War"", ""Korean War"", ""Korean War"", ""Korean War""]"
MuSiQue,musique,28,Where did the arguer that the country Directive 10/2 called for actions against had become an imperialist power declare he would intervene in the Korean conflict?,Imperialism,llm_listwise_select,7,18,-11,0,1,1,0,0,1,0,0,0,0.0,,,"[""Central Intelligence Agency"", ""Korean War"", ""Korean War"", ""Korean War"", ""United States in the Korean War""]"
MuSiQue,musique,39,Who was second pick in the 1999 draft of the league that has a competition where they give out the MLB MVP award after it?,New York Yankees,source_order,51,51,0,0,0,0,0,0,0,0,0,0,0.0,,,"[""Major League Baseball draft"", ""Hart Memorial Trophy"", ""Major League Baseball draft"", ""World Series Most Valuable Player Award"", ""Major League Baseball Most Valuable Player Award""]"
MuSiQue,musique,39,Who was second pick in the 1999 draft of the league that has a competition where they give out the MLB MVP award after it?,World Series,source_order,58,58,0,0,0,0,0,0,0,0,0,0,0.0,,,"[""Major League Baseball draft"", ""Hart Memorial Trophy"", ""Major League Baseball draft"", ""World Series Most Valuable Player Award"", ""Major League Baseball Most Valuable Player Award""]"
MuSiQue,musique,39,Who was second pick in the 1999 draft of the league that has a competition where they give out the MLB MVP award after it?,New York Yankees,question_lexical,51,62,-11,0,0,0,0,0,0,0,0,0,10.481806506239376,Who was second pick in the 1999 draft of the league that has a competition where they give out the MLB MVP award after it?,body_token_overlap,"[""1999 Major League Baseball draft"", ""Major League Baseball draft"", ""Major League Baseball All-Star Game Most Valuable Player Award"", ""List of Silver Slugger Award winners at second base"", ""Major League Baseball draft""]"
MuSiQue,musique,39,Who was second pick in the 1999 draft of the league that has a competition where they give out the MLB MVP award after it?,World Series,question_lexical,58,89,-31,0,0,0,0,0,0,0,0,0,3.6679974811101914,Who was second pick in the 1999 draft of the league that has a competition where they give out the MLB MVP award after it?,body_token_overlap,"[""1999 Major League Baseball draft"", ""Major League Baseball draft"", ""Major League Baseball All-Star Game Most Valuable Player Award"", ""List of Silver Slugger Award winners at second base"", ""Major League Baseball draft""]"
MuSiQue,musique,39,Who was second pick in the 1999 draft of the league that has a competition where they give out the MLB MVP award after it?,New York Yankees,demand_lexical,51,62,-11,0,0,0,0,0,0,0,0,0,12.167896643140617,s1: Which league has a competition where they give out the MLB MVP award after it? MLB MVP award,body_token_overlap,"[""1999 Major League Baseball draft"", ""Major League Baseball All-Star Game Most Valuable Player Award"", ""Major League Baseball draft"", ""Major League Baseball draft"", ""Major League Baseball Most Valuable Player Award""]"
MuSiQue,musique,39,Who was second pick in the 1999 draft of the league that has a competition where they give out the MLB MVP award after it?,World Series,demand_lexical,58,89,-31,0,0,0,0,0,0,0,0,0,5.568157178843415,s2: Who was the second pick in the 1999 draft of that league?,body_token_overlap,"[""1999 Major League Baseball draft"", ""Major League Baseball All-Star Game Most Valuable Player Award"", ""Major League Baseball draft"", ""Major League Baseball draft"", ""Major League Baseball Most Valuable Player Award""]"
MuSiQue,musique,39,Who was second pick in the 1999 draft of the league that has a competition where they give out the MLB MVP award after it?,New York Yankees,llm_query_reform,51,83,-32,0,0,0,0,0,0,0,0,0,5.71741780751034,MLB league MVP award process,body_token_overlap,"[""1999 Major League Baseball draft"", ""Major League Baseball All-Star Game Most Valuable Player Award"", ""Major League Baseball draft"", ""NBA draft lottery"", ""Major League Baseball Most Valuable Player Award""]"
MuSiQue,musique,39,Who was second pick in the 1999 draft of the league that has a competition where they give out the MLB MVP award after it?,World Series,llm_query_reform,58,88,-30,0,0,0,0,0,0,0,0,0,5.067997481110192,MLB league MVP award process,body_token_overlap,"[""1999 Major League Baseball draft"", ""Major League Baseball All-Star Game Most Valuable Player Award"", ""Major League Baseball draft"", ""NBA draft lottery"", ""Major League Baseball Most Valuable Player Award""]"
MuSiQue,musique,39,Who was second pick in the 1999 draft of the league that has a competition where they give out the MLB MVP award after it?,New York Yankees,llm_demand_reform,51,80,-29,0,0,0,0,0,0,0,0,0,5.71741780751034,MLB MVP award competition league,body_token_overlap,"[""1999 Major League Baseball draft"", ""Major League Baseball All-Star Game Most Valuable Player Award"", ""Major League Baseball Most Valuable Player Award"", ""NBA draft lottery"", ""Major League Baseball draft""]"
MuSiQue,musique,39,Who was second pick in the 1999 draft of the league that has a competition where they give out the MLB MVP award after it?,World Series,llm_demand_reform,58,86,-28,0,0,0,0,0,0,0,0,0,5.067997481110192,MLB MVP award competition league,body_token_overlap,"[""1999 Major League Baseball draft"", ""Major League Baseball All-Star Game Most Valuable Player Award"", ""Major League Baseball Most Valuable Player Award"", ""NBA draft lottery"", ""Major League Baseball draft""]"
MuSiQue,musique,39,Who was second pick in the 1999 draft of the league that has a competition where they give out the MLB MVP award after it?,New York Yankees,llm_demand_hyde,51,0,51,0,0,0,1,1,1,1,1,1,155.27926940581037,"In the 1999 MLB draft, the second overall pick was Adam Everett, who was selected by the New York Yankees.",title_token_overlap,"[""New York Yankees"", ""New York Yankees"", ""NBA Most Valuable Player Award"", ""Major League Baseball All-Star Game Most Valuable Player Award"", ""Major League Baseball Most Valuable Player Award""]"
MuSiQue,musique,39,Who was second pick in the 1999 draft of the league that has a competition where they give out the MLB MVP award after it?,World Series,llm_demand_hyde,58,70,-12,0,0,0,0,0,0,0,0,0,17.505184981976438,"In the 1999 MLB draft, the second overall pick was Adam Everett, who was selected by the New York Yankees.",body_token_overlap,"[""New York Yankees"", ""New York Yankees"", ""NBA Most Valuable Player Award"", ""Major League Baseball All-Star Game Most Valuable Player Award"", ""Major League Baseball Most Valuable Player Award""]"
MuSiQue,musique,39,Who was second pick in the 1999 draft of the league that has a competition where they give out the MLB MVP award after it?,New York Yankees,llm_combined,51,4,47,0,0,0,1,1,1,1,1,1,158.71535659726283,"In the 1999 MLB draft, the second overall pick was Adam Everett, who was selected by the New York Yankees.",title_token_overlap,"[""Major League Baseball All-Star Game Most Valuable Player Award"", ""NBA Most Valuable Player Award"", ""Major League Baseball Most Valuable Player Award"", ""1999 Major League Baseball draft"", ""New York Yankees""]"
MuSiQue,musique,39,Who was second pick in the 1999 draft of the league that has a competition where they give out the MLB MVP award after it?,World Series,llm_combined,58,83,-25,0,0,0,0,0,0,0,0,0,19.82982377290933,"In the 1999 MLB draft, the second overall pick was Adam Everett, who was selected by the New York Yankees.",body_token_overlap,"[""Major League Baseball All-Star Game Most Valuable Player Award"", ""NBA Most Valuable Player Award"", ""Major League Baseball Most Valuable Player Award"", ""1999 Major League Baseball draft"", ""New York Yankees""]"
MuSiQue,musique,39,Who was second pick in the 1999 draft of the league that has a competition where they give out the MLB MVP award after it?,New York Yankees,llm_listwise_select,51,57,-6,0,0,0,0,0,0,0,0,0,0.0,,,"[""1999 Major League Baseball draft"", ""Major League Baseball Most Valuable Player Award"", ""Major League Baseball draft"", ""Willie Mays"", ""Lee Smith (baseball)""]"
MuSiQue,musique,39,Who was second pick in the 1999 draft of the league that has a competition where they give out the MLB MVP award after it?,World Series,llm_listwise_select,58,63,-5,0,0,0,0,0,0,0,0,0,0.0,,,"[""1999 Major League Baseball draft"", ""Major League Baseball Most Valuable Player Award"", ""Major League Baseball draft"", ""Willie Mays"", ""Lee Smith (baseball)""]"
MuSiQue,musique,55,When was the region immediately north of the region where Israel is located and the site of the most growth in desalination for agricultural use established?,Geography of Saudi Arabia,source_order,27,27,0,0,0,0,0,0,0,0,0,0,0.0,,,"[""Water resources"", ""Israel"", ""Israel"", ""Israel"", ""Near East""]"
MuSiQue,musique,55,When was the region immediately north of the region where Israel is located and the site of the most growth in desalination for agricultural use established?,Saudi Arabia,source_order,75,75,0,0,0,0,0,0,0,0,0,0,0.0,,,"[""Water resources"", ""Israel"", ""Israel"", ""Israel"", ""Near East""]"
MuSiQue,musique,55,When was the region immediately north of the region where Israel is located and the site of the most growth in desalination for agricultural use established?,Geography of Saudi Arabia,question_lexical,27,35,-8,0,0,0,0,0,0,0,0,0,10.422133371004287,When was the region immediately north of the region where Israel is located and the site of the most growth in desalination for agricultural use established?,body_token_overlap,"[""Israel"", ""Israel"", ""Israel"", ""Israel"", ""Israel""]"
MuSiQue,musique,55,When was the region immediately north of the region where Israel is located and the site of the most growth in desalination for agricultural use established?,Saudi Arabia,question_lexical,75,92,-17,0,0,0,0,0,0,0,0,0,0.0,,,"[""Israel"", ""Israel"", ""Israel"", ""Israel"", ""Israel""]"
MuSiQue,musique,55,When was the region immediately north of the region where Israel is located and the site of the most growth in desalination for agricultural use established?,Geography of Saudi Arabia,demand_lexical,27,47,-20,0,0,0,0,0,0,0,0,0,8.407324730360225,s1: What is the region immediately north of Israel? Israel,body_token_overlap,"[""Israel"", ""Israel"", ""Israel"", ""Israel"", ""Israel""]"
MuSiQue,musique,55,When was the region immediately north of the region where Israel is located and the site of the most growth in desalination for agricultural use established?,Saudi Arabia,demand_lexical,75,92,-17,0,0,0,0,0,0,0,0,0,0.0,,,"[""Israel"", ""Israel"", ""Israel"", ""Israel"", ""Israel""]"
MuSiQue,musique,55,When was the region immediately north of the region where Israel is located and the site of the most growth in desalination for agricultural use established?,Geography of Saudi Arabia,llm_query_reform,27,50,-23,0,0,0,0,0,0,0,0,0,10.654149846845895,region immediately north of Israel,body_token_overlap,"[""Israel"", ""Israel"", ""Israel"", ""Israel"", ""Israel""]"
MuSiQue,musique,55,When was the region immediately north of the region where Israel is located and the site of the most growth in desalination for agricultural use established?,Saudi Arabia,llm_query_reform,75,56,19,0,0,0,0,0,0,0,0,0,10.100249967544023,regions with desalination growth and their establishment dates,body_token_overlap,"[""Israel"", ""Israel"", ""Israel"", ""Israel"", ""Israel""]"
MuSiQue,musique,55,When was the region immediately north of the region where Israel is located and the site of the most growth in desalination for agricultural use established?,Geography of Saudi Arabia,llm_demand_reform,27,43,-16,0,0,0,0,0,0,0,0,0,9.863695020595026,region immediately north of Israel,body_token_overlap,"[""Israel"", ""Israel"", ""Israel"", ""Israel"", ""Israel""]"
MuSiQue,musique,55,When was the region immediately north of the region where Israel is located and the site of the most growth in desalination for agricultural use established?,Saudi Arabia,llm_demand_reform,75,92,-17,0,0,0,0,0,0,0,0,0,0.0,,,"[""Israel"", ""Israel"", ""Israel"", ""Israel"", ""Israel""]"
MuSiQue,musique,55,When was the region immediately north of the region where Israel is located and the site of the most growth in desalination for agricultural use established?,Geography of Saudi Arabia,llm_demand_hyde,27,26,1,0,0,0,0,0,0,0,0,0,25.041417740589658,"The region immediately north of Israel is the State of Lebanon. Lebanon is a country located in the Eastern Mediterranean, bordering Israel to the south.",body_token_overlap,"[""Arabian Peninsula"", ""Israel"", ""Israel"", ""Israel"", ""Israel""]"
MuSiQue,musique,55,When was the region immediately north of the region where Israel is located and the site of the most growth in desalination for agricultural use established?,Saudi Arabia,llm_demand_hyde,75,75,0,0,0,0,0,0,0,0,0,0,6.799912783550869,"The region immediately north of Israel is the State of Lebanon. Lebanon is a country located in the Eastern Mediterranean, bordering Israel to the south.",body_token_overlap,"[""Arabian Peninsula"", ""Israel"", ""Israel"", ""Israel"", ""Israel""]"
MuSiQue,musique,55,When was the region immediately north of the region where Israel is located and the site of the most growth in desalination for agricultural use established?,Geography of Saudi Arabia,llm_combined,27,32,-5,0,0,0,0,0,0,0,0,0,31.569756044385997,"The region immediately north of Israel is the State of Lebanon. Lebanon is a country located in the Eastern Mediterranean, bordering Israel to the south.",body_token_overlap,"[""Israel"", ""Israel"", ""Israel"", ""Israel"", ""Israel""]"
MuSiQue,musique,55,When was the region immediately north of the region where Israel is located and the site of the most growth in desalination for agricultural use established?,Saudi Arabia,llm_combined,75,76,-1,0,0,0,0,0,0,0,0,0,10.916239501570127,regions with desalination growth and their establishment dates,body_token_overlap,"[""Israel"", ""Israel"", ""Israel"", ""Israel"", ""Israel""]"
MuSiQue,musique,55,When was the region immediately north of the region where Israel is located and the site of the most growth in desalination for agricultural use established?,Geography of Saudi Arabia,llm_listwise_select,27,34,-7,0,0,0,0,0,0,0,0,0,0.0,,,"[""Near East"", ""1948 Arab–Israeli War"", ""Kingdom of Aksum"", ""Suez Canal"", ""Kingdom of Israel (united monarchy)""]"
MuSiQue,musique,55,When was the region immediately north of the region where Israel is located and the site of the most growth in desalination for agricultural use established?,Saudi Arabia,llm_listwise_select,75,78,-3,0,0,0,0,0,0,0,0,0,0.0,,,"[""Near East"", ""1948 Arab–Israeli War"", ""Kingdom of Aksum"", ""Suez Canal"", ""Kingdom of Israel (united monarchy)""]"
MuSiQue,musique,59,Where is the district that the person who wanted to reform and address John Kodwo Amissah's religion preached a sermon on Marian devotion before his death located?,Reformation,source_order,5,5,0,0,1,1,0,1,1,0,0,0,0.0,,,"[""John Kodwo Amissah"", ""Mary, mother of Jesus"", ""Mary, mother of Jesus"", ""Henry Scott Holland"", ""Mary, mother of Jesus""]"
MuSiQue,musique,59,Where is the district that the person who wanted to reform and address John Kodwo Amissah's religion preached a sermon on Marian devotion before his death located?,Wittenberg (district),source_order,27,27,0,0,0,0,0,0,0,0,0,0,0.0,,,"[""John Kodwo Amissah"", ""Mary, mother of Jesus"", ""Mary, mother of Jesus"", ""Henry Scott Holland"", ""Mary, mother of Jesus""]"
MuSiQue,musique,59,Where is the district that the person who wanted to reform and address John Kodwo Amissah's religion preached a sermon on Marian devotion before his death located?,Reformation,question_lexical,5,17,-12,0,1,1,0,0,1,0,0,0,18.205412093459564,Where is the district that the person who wanted to reform and address John Kodwo Amissah's religion preached a sermon on Marian devotion before his death located?,body_token_overlap,"[""John Kodwo Amissah"", ""John (Lil Wayne song)"", ""Mary, mother of Jesus"", ""Sokolniki District"", ""Marian reforms""]"
MuSiQue,musique,59,Where is the district that the person who wanted to reform and address John Kodwo Amissah's religion preached a sermon on Marian devotion before his death located?,Wittenberg (district),question_lexical,27,33,-6,0,0,0,0,0,0,0,0,0,8.95610580733545,Where is the district that the person who wanted to reform and address John Kodwo Amissah's religion preached a sermon on Marian devotion before his death located?,body_token_overlap,"[""John Kodwo Amissah"", ""John (Lil Wayne song)"", ""Mary, mother of Jesus"", ""Sokolniki District"", ""Marian reforms""]"
MuSiQue,musique,59,Where is the district that the person who wanted to reform and address John Kodwo Amissah's religion preached a sermon on Marian devotion before his death located?,Reformation,demand_lexical,5,17,-12,0,1,1,0,0,1,0,0,0,14.321422753421174,s1: Who is the person that wanted to reform and address John Kodwo Amissah's religion? John Kodwo Amissah,body_token_overlap,"[""John Kodwo Amissah"", ""John (Lil Wayne song)"", ""Mary, mother of Jesus"", ""Sokolniki District"", ""Marian reforms""]"
MuSiQue,musique,59,Where is the district that the person who wanted to reform and address John Kodwo Amissah's religion preached a sermon on Marian devotion before his death located?,Wittenberg (district),demand_lexical,27,28,-1,0,0,0,0,0,0,0,0,0,9.656105807335448,s2: Which district did that person preach a sermon on Marian devotion before his death?,body_token_overlap,"[""John Kodwo Amissah"", ""John (Lil Wayne song)"", ""Mary, mother of Jesus"", ""Sokolniki District"", ""Marian reforms""]"
MuSiQue,musique,59,Where is the district that the person who wanted to reform and address John Kodwo Amissah's religion preached a sermon on Marian devotion before his death located?,Reformation,llm_query_reform,5,36,-31,0,1,1,0,0,0,0,0,0,10.325124164559085,Preacher of Marian devotion before death,body_token_overlap,"[""John Kodwo Amissah"", ""Marian reforms"", ""John (Lil Wayne song)"", ""Mary, mother of Jesus"", ""John Kerry""]"
MuSiQue,musique,59,Where is the district that the person who wanted to reform and address John Kodwo Amissah's religion preached a sermon on Marian devotion before his death located?,Wittenberg (district),llm_query_reform,27,32,-5,0,0,0,0,0,0,0,0,0,11.774838504215703,District where Marian devotion sermon was preached,body_token_overlap,"[""John Kodwo Amissah"", ""Marian reforms"", ""John (Lil Wayne song)"", ""Mary, mother of Jesus"", ""John Kerry""]"
MuSiQue,musique,59,Where is the district that the person who wanted to reform and address John Kodwo Amissah's religion preached a sermon on Marian devotion before his death located?,Reformation,llm_demand_reform,5,39,-34,0,1,1,0,0,0,0,0,0,6.205898030941222,John Kodwo Amissah religion reformer,body_token_overlap,"[""John Kodwo Amissah"", ""John (Lil Wayne song)"", ""Sokolniki District"", ""Marian reforms"", ""John Kerry""]"
MuSiQue,musique,59,Where is the district that the person who wanted to reform and address John Kodwo Amissah's religion preached a sermon on Marian devotion before his death located?,Wittenberg (district),llm_demand_reform,27,21,6,0,0,0,0,0,0,0,0,0,10.556105807335449,preach Marian devotion sermon district,body_token_overlap,"[""John Kodwo Amissah"", ""John (Lil Wayne song)"", ""Sokolniki District"", ""Marian reforms"", ""John Kerry""]"
MuSiQue,musique,59,Where is the district that the person who wanted to reform and address John Kodwo Amissah's religion preached a sermon on Marian devotion before his death located?,Reformation,llm_demand_hyde,5,22,-17,0,1,1,0,0,0,0,0,0,19.144764297007136,"Samuel Mensah, the preacher who sought to reform John Kodwo Amissah's religion, preached a sermon on Marian devotion in the district of Nsawam before his death.",body_token_overlap,"[""John Kodwo Amissah"", ""John (Lil Wayne song)"", ""Mary, mother of Jesus"", ""John Kerry"", ""Pope John XXIII""]"
MuSiQue,musique,59,Where is the district that the person who wanted to reform and address John Kodwo Amissah's religion preached a sermon on Marian devotion before his death located?,Wittenberg (district),llm_demand_hyde,27,47,-20,0,0,0,0,0,0,0,0,0,8.822772474002115,"Samuel Mensah, the preacher who sought to reform John Kodwo Amissah's religion, preached a sermon on Marian devotion in the district of Nsawam before his death.",body_token_overlap,"[""John Kodwo Amissah"", ""John (Lil Wayne song)"", ""Mary, mother of Jesus"", ""John Kerry"", ""Pope John XXIII""]"
MuSiQue,musique,59,Where is the district that the person who wanted to reform and address John Kodwo Amissah's religion preached a sermon on Marian devotion before his death located?,Reformation,llm_combined,5,23,-18,0,1,1,0,0,0,0,0,0,24.753405715600124,"Samuel Mensah, the preacher who sought to reform John Kodwo Amissah's religion, preached a sermon on Marian devotion in the district of Nsawam before his death.",body_token_overlap,"[""John Kodwo Amissah"", ""John (Lil Wayne song)"", ""Marian reforms"", ""Mary, mother of Jesus"", ""John Kerry""]"
MuSiQue,musique,59,Where is the district that the person who wanted to reform and address John Kodwo Amissah's religion preached a sermon on Marian devotion before his death located?,Wittenberg (district),llm_combined,27,44,-17,0,0,0,0,0,0,0,0,0,15.259036594856465,District where Marian devotion sermon was preached,body_token_overlap,"[""John Kodwo Amissah"", ""John (Lil Wayne song)"", ""Marian reforms"", ""Mary, mother of Jesus"", ""John Kerry""]"
MuSiQue,musique,59,Where is the district that the person who wanted to reform and address John Kodwo Amissah's religion preached a sermon on Marian devotion before his death located?,Reformation,llm_listwise_select,5,18,-13,0,1,1,0,0,1,0,0,0,0.0,,,"[""John Kodwo Amissah"", ""Henry Scott Holland"", ""Ambroise-Marie Carré"", ""Sacerdotii nostri primordia"", ""Joseph De Piro""]"
MuSiQue,musique,59,Where is the district that the person who wanted to reform and address John Kodwo Amissah's religion preached a sermon on Marian devotion before his death located?,Wittenberg (district),llm_listwise_select,27,35,-8,0,0,0,0,0,0,0,0,0,0.0,,,"[""John Kodwo Amissah"", ""Henry Scott Holland"", ""Ambroise-Marie Carré"", ""Sacerdotii nostri primordia"", ""Joseph De Piro""]"
MuSiQue,musique,69,Who won the Indy Car Race in the largest populated city of the state where the performer of Mingus Plays Piano is from?,"Tucson, Arizona",source_order,94,94,0,0,0,0,0,0,0,0,0,0,0.0,,,"[""Mingus Plays Piano"", ""Indiana"", ""Arizona"", ""Zarqa Governorate"", ""Charles Mingus""]"
MuSiQue,musique,69,Who won the Indy Car Race in the largest populated city of the state where the performer of Mingus Plays Piano is from?,"Tucson, Arizona",question_lexical,94,8,86,0,0,0,0,1,1,0,1,1,14.237484353056676,Who won the Indy Car Race in the largest populated city of the state where the performer of Mingus Plays Piano is from?,body_token_overlap,"[""Mingus Plays Piano"", ""Charles Mingus"", ""Mingus Three"", ""Jazz Portraits: Mingus in Wonderland"", ""Desert Diamond West Valley Phoenix Grand Prix""]"
MuSiQue,musique,69,Who won the Indy Car Race in the largest populated city of the state where the performer of Mingus Plays Piano is from?,"Tucson, Arizona",demand_lexical,94,6,88,0,0,0,0,1,1,0,1,1,23.837484353056674,s3: What is the largest populated city in that state?,body_token_overlap,"[""Mingus Plays Piano"", ""Charles Mingus"", ""Mingus Three"", ""Jazz Portraits: Mingus in Wonderland"", ""Desert Diamond West Valley Phoenix Grand Prix""]"
MuSiQue,musique,69,Who won the Indy Car Race in the largest populated city of the state where the performer of Mingus Plays Piano is from?,"Tucson, Arizona",llm_query_reform,94,10,84,0,0,0,0,0,1,0,0,1,19.281335605430115,largest populated city in [state of performer of Mingus Plays Piano],body_token_overlap,"[""Mingus Plays Piano"", ""Charles Mingus"", ""Mingus Three"", ""Jazz Portraits: Mingus in Wonderland"", ""Long Ago and Far Away (James Taylor song)""]"
MuSiQue,musique,69,Who won the Indy Car Race in the largest populated city of the state where the performer of Mingus Plays Piano is from?,"Tucson, Arizona",llm_demand_reform,94,7,87,0,0,0,0,1,1,0,1,1,23.837484353056674,largest populated city in [state from s2],body_token_overlap,"[""Mingus Plays Piano"", ""Charles Mingus"", ""Mingus Three"", ""Jazz Portraits: Mingus in Wonderland"", ""Desert Diamond West Valley Phoenix Grand Prix""]"
MuSiQue,musique,69,Who won the Indy Car Race in the largest populated city of the state where the performer of Mingus Plays Piano is from?,"Tucson, Arizona",llm_demand_hyde,94,28,66,0,0,0,0,0,0,0,0,0,14.504151019723341,"The largest populated city in Mississippi is Jackson, which serves as the state capital and a major cultural hub.",body_token_overlap,"[""Mingus Plays Piano"", ""Mississippi"", ""Charles Mingus"", ""Jazz Portraits: Mingus in Wonderland"", ""The Bright Mississippi""]"
MuSiQue,musique,69,Who won the Indy Car Race in the largest populated city of the state where the performer of Mingus Plays Piano is from?,"Tucson, Arizona",llm_combined,94,18,76,0,0,0,0,0,1,0,0,1,33.782829972530514,largest populated city in [state from s2],body_token_overlap,"[""Mingus Plays Piano"", ""Charles Mingus"", ""Mississippi"", ""Jazz Portraits: Mingus in Wonderland"", ""Mingus Three""]"
MuSiQue,musique,69,Who won the Indy Car Race in the largest populated city of the state where the performer of Mingus Plays Piano is from?,"Tucson, Arizona",llm_listwise_select,94,95,-1,0,0,0,0,0,0,0,0,0,0.0,,,"[""Charles Mingus"", ""Karlee Macer"", ""Detroit"", ""John J. Barton"", ""2018 Indianapolis 500""]"
MuSiQue,musique,74,What is the direction of flow of the body of water by the city where Write This Down was formed?,Mississippi River,source_order,50,50,0,0,0,0,0,0,0,0,0,0,0.0,,,"[""Write This Down (band)"", ""Minneapolis"", ""J. David Irwin"", ""Missouri"", ""Astronautalis""]"
MuSiQue,musique,74,What is the direction of flow of the body of water by the city where Write This Down was formed?,Mississippi River,question_lexical,50,69,-19,0,0,0,0,0,0,0,0,0,0.0,,,"[""Write This Down (band)"", ""Write It on Your Skin"", ""Rhine"", ""Oklahoma City"", ""Columbia, South Carolina""]"
MuSiQue,musique,74,What is the direction of flow of the body of water by the city where Write This Down was formed?,Mississippi River,demand_lexical,50,69,-19,0,0,0,0,0,0,0,0,0,0.0,,,"[""Write This Down (band)"", ""Write It on Your Skin"", ""Rhine"", ""Oklahoma City"", ""Hindus""]"
MuSiQue,musique,74,What is the direction of flow of the body of water by the city where Write This Down was formed?,Mississippi River,llm_query_reform,50,70,-20,0,0,0,0,0,0,0,0,0,0.0,,,"[""Write This Down (band)"", ""Write It on Your Skin"", ""Rhine"", ""Beaurivage River"", ""Oklahoma City""]"
MuSiQue,musique,74,What is the direction of flow of the body of water by the city where Write This Down was formed?,Mississippi River,llm_demand_reform,50,67,-17,0,0,0,0,0,0,0,0,0,0.0,,,"[""Write This Down (band)"", ""Write It on Your Skin"", ""Rhine"", ""Oklahoma City"", ""Beaurivage River""]"
MuSiQue,musique,74,What is the direction of flow of the body of water by the city where Write This Down was formed?,Mississippi River,llm_demand_hyde,50,12,38,0,0,0,0,0,1,0,0,1,40.1030859800856,"The Colorado River flows westward through Austin, Texas, passing by the city's downtown area.",title_token_overlap,"[""Write This Down (band)"", ""Colorado River (Texas)"", ""Kentucky River"", ""Snake River"", ""Mamaroneck River""]"
MuSiQue,musique,74,What is the direction of flow of the body of water by the city where Write This Down was formed?,Mississippi River,llm_combined,50,16,34,0,0,0,0,0,1,0,0,1,40.1030859800856,"The Colorado River flows westward through Austin, Texas, passing by the city's downtown area.",title_token_overlap,"[""Write This Down (band)"", ""Colorado River (Texas)"", ""Write It on Your Skin"", ""Kentucky River"", ""Beaurivage River""]"
MuSiQue,musique,74,What is the direction of flow of the body of water by the city where Write This Down was formed?,Mississippi River,llm_listwise_select,50,2,48,0,0,0,1,1,1,1,1,1,998.0,listwise_doc_id=50,llm_listwise_selected,"[""Write This Down (band)"", ""Minneapolis"", ""Mississippi River"", ""J. David Irwin"", ""Missouri""]"
MuSiQue,musique,87,When was the death penalty abolished in the country near the country where the writer of The Book Thief is a citizen of?,1952 Winter Olympics,source_order,81,81,0,0,0,0,0,0,0,0,0,0,0.0,,,"[""The Book Thief (film)"", ""Capital punishment in the United States"", ""The Book Thief (film)"", ""Capital punishment in the United Kingdom"", ""Capital punishment in New Zealand""]"
MuSiQue,musique,87,When was the death penalty abolished in the country near the country where the writer of The Book Thief is a citizen of?,The Messenger (Zusak novel),source_order,15,15,0,0,0,1,0,0,1,0,0,0,0.0,,,"[""The Book Thief (film)"", ""Capital punishment in the United States"", ""The Book Thief (film)"", ""Capital punishment in the United Kingdom"", ""Capital punishment in New Zealand""]"
MuSiQue,musique,87,When was the death penalty abolished in the country near the country where the writer of The Book Thief is a citizen of?,1952 Winter Olympics,question_lexical,81,89,-8,0,0,0,0,0,0,0,0,0,0.0,,,"[""The Book Thief (film)"", ""The Book Thief (film)"", ""Death Mills"", ""Love and Death in a Hot Country"", ""Capital punishment in the United States""]"
MuSiQue,musique,87,When was the death penalty abolished in the country near the country where the writer of The Book Thief is a citizen of?,The Messenger (Zusak novel),question_lexical,15,33,-18,0,0,1,0,0,0,0,0,0,7.600813488632252,When was the death penalty abolished in the country near the country where the writer of The Book Thief is a citizen of?,body_token_overlap,"[""The Book Thief (film)"", ""The Book Thief (film)"", ""Death Mills"", ""Love and Death in a Hot Country"", ""Capital punishment in the United States""]"
MuSiQue,musique,87,When was the death penalty abolished in the country near the country where the writer of The Book Thief is a citizen of?,1952 Winter Olympics,demand_lexical,81,90,-9,0,0,0,0,0,0,0,0,0,0.0,,,"[""The Book Thief (film)"", ""The Book Thief (film)"", ""Death Mills"", ""Love and Death in a Hot Country"", ""Capital punishment in the United States""]"
MuSiQue,musique,87,When was the death penalty abolished in the country near the country where the writer of The Book Thief is a citizen of?,The Messenger (Zusak novel),demand_lexical,15,28,-13,0,0,1,0,0,0,0,0,0,11.192911107268122,s1: Who is the writer of The Book Thief? The Book Thief,body_token_overlap,"[""The Book Thief (film)"", ""The Book Thief (film)"", ""Death Mills"", ""Love and Death in a Hot Country"", ""Capital punishment in the United States""]"
MuSiQue,musique,87,When was the death penalty abolished in the country near the country where the writer of The Book Thief is a citizen of?,1952 Winter Olympics,llm_query_reform,81,60,21,0,0,0,0,0,0,0,0,0,9.038912994619949,Countries near Germany,body_token_overlap,"[""The Book Thief (film)"", ""The Book Thief (film)"", ""Death Mills"", ""Love and Death in a Hot Country"", ""Literature of East Germany""]"
MuSiQue,musique,87,When was the death penalty abolished in the country near the country where the writer of The Book Thief is a citizen of?,The Messenger (Zusak novel),llm_query_reform,15,27,-12,0,0,1,0,0,0,0,0,0,13.711325711190192,Citizenship of Markus Zuskind,body_token_overlap,"[""The Book Thief (film)"", ""The Book Thief (film)"", ""Death Mills"", ""Love and Death in a Hot Country"", ""Literature of East Germany""]"
MuSiQue,musique,87,When was the death penalty abolished in the country near the country where the writer of The Book Thief is a citizen of?,1952 Winter Olympics,llm_demand_reform,81,90,-9,0,0,0,0,0,0,0,0,0,0.0,,,"[""The Book Thief (film)"", ""The Book Thief (film)"", ""Death Mills"", ""Love and Death in a Hot Country"", ""Capital punishment in the United States""]"
MuSiQue,musique,87,When was the death penalty abolished in the country near the country where the writer of The Book Thief is a citizen of?,The Messenger (Zusak novel),llm_demand_reform,15,28,-13,0,0,1,0,0,0,0,0,0,11.192911107268122,Who is the writer of The Book Thief?,body_token_overlap,"[""The Book Thief (film)"", ""The Book Thief (film)"", ""Death Mills"", ""Love and Death in a Hot Country"", ""Capital punishment in the United States""]"
MuSiQue,musique,87,When was the death penalty abolished in the country near the country where the writer of The Book Thief is a citizen of?,1952 Winter Olympics,llm_demand_hyde,81,13,68,0,0,0,0,0,1,0,0,1,23.66264622735068,"Australia is a country located near New Zealand, which is a neighboring country in the Pacific Ocean.",body_token_overlap,"[""The Book Thief (film)"", ""The Book Thief (film)"", ""Capital punishment in New Zealand"", ""Daylight saving time in Australia"", ""Cricket World Cup""]"
MuSiQue,musique,87,When was the death penalty abolished in the country near the country where the writer of The Book Thief is a citizen of?,The Messenger (Zusak novel),llm_demand_hyde,15,8,7,0,0,1,0,1,1,0,1,0,35.082449880314336,"Markus Zusak is the author of the novel The Book Thief, which is set in Nazi Germany during World War II.",body_token_overlap,"[""The Book Thief (film)"", ""The Book Thief (film)"", ""Capital punishment in New Zealand"", ""Daylight saving time in Australia"", ""Cricket World Cup""]"
MuSiQue,musique,87,When was the death penalty abolished in the country near the country where the writer of The Book Thief is a citizen of?,1952 Winter Olympics,llm_combined,81,31,50,0,0,0,0,0,0,0,0,0,24.747315786705077,"Australia is a country located near New Zealand, which is a neighboring country in the Pacific Ocean.",body_token_overlap,"[""The Book Thief (film)"", ""The Book Thief (film)"", ""Death Mills"", ""Capital punishment in New Zealand"", ""Love and Death in a Hot Country""]"
MuSiQue,musique,87,When was the death penalty abolished in the country near the country where the writer of The Book Thief is a citizen of?,The Messenger (Zusak novel),llm_combined,15,8,7,0,0,1,0,1,1,0,1,0,43.581343993326755,"Markus Zusak is the author of the novel The Book Thief, which is set in Nazi Germany during World War II.",body_token_overlap,"[""The Book Thief (film)"", ""The Book Thief (film)"", ""Death Mills"", ""Capital punishment in New Zealand"", ""Love and Death in a Hot Country""]"
MuSiQue,musique,87,When was the death penalty abolished in the country near the country where the writer of The Book Thief is a citizen of?,1952 Winter Olympics,llm_listwise_select,81,81,0,0,0,0,0,0,0,0,0,0,0.0,,,"[""The Messenger (Zusak novel)"", ""List of territorial entities where German is an official language"", ""Capital punishment in Illinois"", ""Capital punishment in the United Kingdom"", ""The Book Thief (film)""]"
MuSiQue,musique,87,When was the death penalty abolished in the country near the country where the writer of The Book Thief is a citizen of?,The Messenger (Zusak novel),llm_listwise_select,15,0,15,0,0,1,1,1,1,1,1,0,1000.0,listwise_doc_id=15,llm_listwise_selected,"[""The Messenger (Zusak novel)"", ""List of territorial entities where German is an official language"", ""Capital punishment in Illinois"", ""Capital punishment in the United Kingdom"", ""The Book Thief (film)""]"
MuSiQue,musique,90,Where is the headquarters of Radio Television of this country that has a co-official language that is the same as the language of Olivera Markovic?,Media in Pristina,source_order,28,28,0,0,0,0,0,0,0,0,0,0,0.0,,,"[""Olivera Marković"", ""Serbian language"", ""Olivera Katarina"", ""List of territorial entities where English is an official language"", ""Josip Broz Tito""]"
MuSiQue,musique,90,Where is the headquarters of Radio Television of this country that has a co-official language that is the same as the language of Olivera Markovic?,Media in Pristina,question_lexical,28,72,-44,0,0,0,0,0,0,0,0,0,0.0,,,"[""Olivera Marković"", ""Olivera Katarina"", ""CBC Television"", ""List of territorial entities where German is an official language"", ""List of territorial entities where English is an official language""]"
MuSiQue,musique,90,Where is the headquarters of Radio Television of this country that has a co-official language that is the same as the language of Olivera Markovic?,Media in Pristina,demand_lexical,28,72,-44,0,0,0,0,0,0,0,0,0,0.0,,,"[""Olivera Marković"", ""Olivera Katarina"", ""List of territorial entities where German is an official language"", ""CBC Television"", ""CBC Television""]"
MuSiQue,musique,90,Where is the headquarters of Radio Television of this country that has a co-official language that is the same as the language of Olivera Markovic?,Media in Pristina,llm_query_reform,28,73,-45,0,0,0,0,0,0,0,0,0,0.0,,,"[""Olivera Marković"", ""Official Languages Act (Canada)"", ""List of territorial entities where German is an official language"", ""Olivera Katarina"", ""List of territorial entities where English is an official language""]"
MuSiQue,musique,90,Where is the headquarters of Radio Television of this country that has a co-official language that is the same as the language of Olivera Markovic?,Media in Pristina,llm_demand_reform,28,70,-42,0,0,0,0,0,0,0,0,0,0.0,,,"[""Olivera Marković"", ""List of territorial entities where German is an official language"", ""Olivera Katarina"", ""List of territorial entities where English is an official language"", ""CBC Television""]"
MuSiQue,musique,90,Where is the headquarters of Radio Television of this country that has a co-official language that is the same as the language of Olivera Markovic?,Media in Pristina,llm_demand_hyde,28,82,-54,0,0,0,0,0,0,0,0,0,0.0,,,"[""Olivera Marković"", ""Serbian language"", ""Czech language"", ""Olivera Katarina"", ""List of territorial entities where German is an official language""]"
MuSiQue,musique,90,Where is the headquarters of Radio Television of this country that has a co-official language that is the same as the language of Olivera Markovic?,Media in Pristina,llm_combined,28,85,-57,0,0,0,0,0,0,0,0,0,0.0,,,"[""Olivera Marković"", ""Serbian language"", ""Official Languages Act (Canada)"", ""List of territorial entities where German is an official language"", ""Olivera Katarina""]"
MuSiQue,musique,90,Where is the headquarters of Radio Television of this country that has a co-official language that is the same as the language of Olivera Markovic?,Media in Pristina,llm_listwise_select,28,29,-1,0,0,0,0,0,0,0,0,0,0.0,,,"[""Olivera Marković"", ""Serbian language"", ""Portugal"", ""Cyprus"", ""Olivera Katarina""]"
MuSiQue,musique,91,What county has a city that is adjacent to the capital city of Erskine College's state?,"Charleston, South Carolina",source_order,10,10,0,0,0,1,0,0,1,0,0,0,0.0,,,"[""Erskine College"", ""Erskine College–Due West Historic District"", ""List of capitals in the United States"", ""Mississippi"", ""Minneapolis""]"
MuSiQue,musique,91,What county has a city that is adjacent to the capital city of Erskine College's state?,WWNQ,source_order,26,26,0,0,0,0,0,0,0,0,0,0,0.0,,,"[""Erskine College"", ""Erskine College–Due West Historic District"", ""List of capitals in the United States"", ""Mississippi"", ""Minneapolis""]"
MuSiQue,musique,91,What county has a city that is adjacent to the capital city of Erskine College's state?,"Charleston, South Carolina",question_lexical,10,23,-13,0,0,1,0,0,0,0,0,0,6.9773531725339195,What county has a city that is adjacent to the capital city of Erskine College's state?,body_token_overlap,"[""Erskine College"", ""Erskine College–Due West Historic District"", ""College Place, Washington"", ""Ancilla College"", ""Baranya County""]"
MuSiQue,musique,91,What county has a city that is adjacent to the capital city of Erskine College's state?,WWNQ,question_lexical,26,73,-47,0,0,0,0,0,0,0,0,0,0.0,,,"[""Erskine College"", ""Erskine College–Due West Historic District"", ""College Place, Washington"", ""Ancilla College"", ""Baranya County""]"
MuSiQue,musique,91,What county has a city that is adjacent to the capital city of Erskine College's state?,"Charleston, South Carolina",demand_lexical,10,17,-7,0,0,1,0,0,1,0,0,0,8.577353172533918,s4: Which of those adjacent cities is in a county?,body_token_overlap,"[""Erskine College"", ""Erskine College–Due West Historic District"", ""Capital punishment in the United States"", ""Ancilla College"", ""College Place, Washington""]"
MuSiQue,musique,91,What county has a city that is adjacent to the capital city of Erskine College's state?,WWNQ,demand_lexical,26,74,-48,0,0,0,0,0,0,0,0,0,0.0,,,"[""Erskine College"", ""Erskine College–Due West Historic District"", ""Capital punishment in the United States"", ""Ancilla College"", ""College Place, Washington""]"
MuSiQue,musique,91,What county has a city that is adjacent to the capital city of Erskine College's state?,"Charleston, South Carolina",llm_query_reform,10,15,-5,0,0,1,0,0,1,0,0,0,7.332349838952275,Adjacent cities to [capital city of Erskine College's state] in a county,body_token_overlap,"[""Erskine College"", ""Erskine College–Due West Historic District"", ""Ancilla College"", ""College Place, Washington"", ""Early College High School (Salem, Oregon)""]"
MuSiQue,musique,91,What county has a city that is adjacent to the capital city of Erskine College's state?,WWNQ,llm_query_reform,26,77,-51,0,0,0,0,0,0,0,0,0,0.0,,,"[""Erskine College"", ""Erskine College–Due West Historic District"", ""Ancilla College"", ""College Place, Washington"", ""Early College High School (Salem, Oregon)""]"
MuSiQue,musique,91,What county has a city that is adjacent to the capital city of Erskine College's state?,"Charleston, South Carolina",llm_demand_reform,10,32,-22,0,0,1,0,0,0,0,0,0,10.577353172533918,County containing [city from s3],body_token_overlap,"[""Erskine College"", ""Erskine College–Due West Historic District"", ""Capital punishment in the United States"", ""Ancilla College"", ""College Place, Washington""]"
MuSiQue,musique,91,What county has a city that is adjacent to the capital city of Erskine College's state?,WWNQ,llm_demand_reform,26,74,-48,0,0,0,0,0,0,0,0,0,0.0,,,"[""Erskine College"", ""Erskine College–Due West Historic District"", ""Capital punishment in the United States"", ""Ancilla College"", ""College Place, Washington""]"
MuSiQue,musique,91,What county has a city that is adjacent to the capital city of Erskine College's state?,"Charleston, South Carolina",llm_demand_hyde,10,3,7,0,0,1,1,1,1,1,1,0,98.66693175043905,Erskine College is located in the state of South Carolina.,title_token_overlap,"[""Columbia, South Carolina"", ""Columbia, South Carolina"", ""Erskine College"", ""Charleston, South Carolina"", ""Richland County, South Carolina""]"
MuSiQue,musique,91,What county has a city that is adjacent to the capital city of Erskine College's state?,WWNQ,llm_demand_hyde,26,28,-2,0,0,0,0,0,0,0,0,0,28.969090930557424,The capital city of South Carolina is Columbia.,body_token_overlap,"[""Columbia, South Carolina"", ""Columbia, South Carolina"", ""Erskine College"", ""Charleston, South Carolina"", ""Richland County, South Carolina""]"
MuSiQue,musique,91,What county has a city that is adjacent to the capital city of Erskine College's state?,"Charleston, South Carolina",llm_combined,10,6,4,0,0,1,0,1,1,0,1,0,102.50977555896962,Erskine College is located in the state of South Carolina.,title_token_overlap,"[""Erskine College"", ""Columbia, South Carolina"", ""Erskine College–Due West Historic District"", ""Columbia, South Carolina"", ""Richland County, South Carolina""]"
MuSiQue,musique,91,What county has a city that is adjacent to the capital city of Erskine College's state?,WWNQ,llm_combined,26,44,-18,0,0,0,0,0,0,0,0,0,28.969090930557424,The capital city of South Carolina is Columbia.,body_token_overlap,"[""Erskine College"", ""Columbia, South Carolina"", ""Erskine College–Due West Historic District"", ""Columbia, South Carolina"", ""Richland County, South Carolina""]"
MuSiQue,musique,91,What county has a city that is adjacent to the capital city of Erskine College's state?,"Charleston, South Carolina",llm_listwise_select,10,3,7,0,0,1,1,1,1,1,1,0,0.0,,,"[""Erskine College"", ""Columbia, South Carolina"", ""Forest Acres, South Carolina"", ""Charleston, South Carolina"", ""Columbia, South Carolina""]"
MuSiQue,musique,91,What county has a city that is adjacent to the capital city of Erskine College's state?,WWNQ,llm_listwise_select,26,38,-12,0,0,0,0,0,0,0,0,0,0.0,,,"[""Erskine College"", ""Columbia, South Carolina"", ""Forest Acres, South Carolina"", ""Charleston, South Carolina"", ""Columbia, South Carolina""]"
MuSiQue,musique,117,Who's the son of the Italian navigator who explored the eastern coast of the continent Manuel Balbi was born in?,Paula Santiago,source_order,15,15,0,0,0,1,0,0,1,0,0,0,0.0,,,"[""Manuel Balbi"", ""John Cabot"", ""Sebastian Cabot (explorer)"", ""Sergio Villanueva"", ""Francisco H. Vázquez""]"
MuSiQue,musique,117,Who's the son of the Italian navigator who explored the eastern coast of the continent Manuel Balbi was born in?,Paula Santiago,question_lexical,15,76,-61,0,0,1,0,0,0,0,0,0,0.0,,,"[""Manuel Balbi"", ""Balbi Holy Conversation"", ""Manuel Blázquez"", ""History of the west coast of North America"", ""Portugal""]"
MuSiQue,musique,117,Who's the son of the Italian navigator who explored the eastern coast of the continent Manuel Balbi was born in?,Paula Santiago,demand_lexical,15,76,-61,0,0,1,0,0,0,0,0,0,0.0,,,"[""Manuel Balbi"", ""Balbi Holy Conversation"", ""Manuel Blázquez"", ""History of the west coast of North America"", ""Manuel Rodriguez Lopez""]"
MuSiQue,musique,117,Who's the son of the Italian navigator who explored the eastern coast of the continent Manuel Balbi was born in?,Paula Santiago,llm_query_reform,15,83,-68,0,0,1,0,0,0,0,0,0,0.0,,,"[""Manuel Balbi"", ""Balbi Holy Conversation"", ""Manuel Blázquez"", ""History of the west coast of North America"", ""Portugal""]"
MuSiQue,musique,117,Who's the son of the Italian navigator who explored the eastern coast of the continent Manuel Balbi was born in?,Paula Santiago,llm_demand_reform,15,76,-61,0,0,1,0,0,0,0,0,0,0.0,,,"[""Manuel Balbi"", ""Balbi Holy Conversation"", ""Manuel Blázquez"", ""History of the west coast of North America"", ""Manuel Rodriguez Lopez""]"
MuSiQue,musique,117,Who's the son of the Italian navigator who explored the eastern coast of the continent Manuel Balbi was born in?,Paula Santiago,llm_demand_hyde,15,51,-36,0,0,1,0,0,0,0,0,0,6.692307241100818,The Italian navigator who explored the eastern coast of the continent where Manuel Balbi was born is Christopher Columbus. Columbus's voyages were pivotal in establishing contact between the Americas and Europe.,body_token_overlap,"[""Manuel Balbi"", ""Diego Sinagra"", ""History of the west coast of North America"", ""Indigenous peoples of the Americas"", ""Balbi Holy Conversation""]"
MuSiQue,musique,117,Who's the son of the Italian navigator who explored the eastern coast of the continent Manuel Balbi was born in?,Paula Santiago,llm_combined,15,78,-63,0,0,1,0,0,0,0,0,0,6.692307241100818,The Italian navigator who explored the eastern coast of the continent where Manuel Balbi was born is Christopher Columbus. Columbus's voyages were pivotal in establishing contact between the Americas and Europe.,body_token_overlap,"[""Manuel Balbi"", ""Balbi Holy Conversation"", ""History of the west coast of North America"", ""Manuel Blázquez"", ""Portugal""]"
MuSiQue,musique,117,Who's the son of the Italian navigator who explored the eastern coast of the continent Manuel Balbi was born in?,Paula Santiago,llm_listwise_select,15,25,-10,0,0,1,0,0,0,0,0,0,0.0,,,"[""Exploration of North America"", ""John Cabot"", ""Sebastian Cabot (explorer)"", ""Diego Sinagra"", ""Sergio Villanueva""]"
MuSiQue,musique,118,What is the deepest part of the ocean by the state where Main Street Station is located?,"Newport News, Virginia",source_order,96,96,0,0,0,0,0,0,0,0,0,0,0.0,,,"[""Mariana Trench"", ""Mariana Trench"", ""Puerto Rico Trench"", ""Mariana Trench"", ""East Coast of the United States""]"
MuSiQue,musique,118,What is the deepest part of the ocean by the state where Main Street Station is located?,"Newport News, Virginia",question_lexical,96,51,45,0,0,0,0,0,0,0,0,0,6.057194944145919,What is the deepest part of the ocean by the state where Main Street Station is located?,body_token_overlap,"[""Waban station"", ""Finsbury Park station"", ""Theebine railway station"", ""Booval railway station"", ""Dinmore railway station""]"
MuSiQue,musique,118,What is the deepest part of the ocean by the state where Main Street Station is located?,"Newport News, Virginia",demand_lexical,96,51,45,0,0,0,0,0,0,0,0,0,8.05719494414592,s2: What is the deepest part of the ocean in that state?,body_token_overlap,"[""Waban station"", ""Finsbury Park station"", ""Theebine railway station"", ""Booval railway station"", ""Dinmore railway station""]"
MuSiQue,musique,118,What is the deepest part of the ocean by the state where Main Street Station is located?,"Newport News, Virginia",llm_query_reform,96,76,20,0,0,0,0,0,0,0,0,0,9.52578512403845,Deepest part of the ocean in California,body_token_overlap,"[""United States"", ""Washington (state)"", ""Waban station"", ""Geography of the United States"", ""West Coast of the United States""]"
MuSiQue,musique,118,What is the deepest part of the ocean by the state where Main Street Station is located?,"Newport News, Virginia",llm_demand_reform,96,51,45,0,0,0,0,0,0,0,0,0,8.05719494414592,Deepest part of the ocean in [state],body_token_overlap,"[""Waban station"", ""Finsbury Park station"", ""Theebine railway station"", ""Booval railway station"", ""Dinmore railway station""]"
MuSiQue,musique,118,What is the deepest part of the ocean by the state where Main Street Station is located?,"Newport News, Virginia",llm_demand_hyde,96,63,33,0,0,0,0,0,0,0,0,0,5.14810403505501,"The deepest part of the ocean in California is the Mariana Trench, which reaches a depth of approximately 36,070 feet.",body_token_overlap,"[""Mariana Trench"", ""Mariana Trench"", ""Mariana Trench"", ""Sunda Trench"", ""Puerto Rico Trench""]"
MuSiQue,musique,118,What is the deepest part of the ocean by the state where Main Street Station is located?,"Newport News, Virginia",llm_combined,96,71,25,0,0,0,0,0,0,0,0,0,12.957284394840073,Deepest part of the ocean in [state],body_token_overlap,"[""Mariana Trench"", ""Mariana Trench"", ""Mariana Trench"", ""United States"", ""Washington (state)""]"
MuSiQue,musique,118,What is the deepest part of the ocean by the state where Main Street Station is located?,"Newport News, Virginia",llm_listwise_select,96,96,0,0,0,0,0,0,0,0,0,0,0.0,,,"[""Old York Gaol"", ""Gulf of Mexico"", ""New York (state)"", ""Maine"", ""Virginia""]"
MuSiQue,musique,150,Normalization occurred in Country A that invaded Country B because the military branch was unprepared. Country B was the only communist country to have an embassy where?,Prague underground (culture),source_order,22,22,0,0,0,0,0,0,0,0,0,0,0.0,,,"[""Josip Broz Tito"", ""John Kerry"", ""1937 South American Championship"", ""Guarani alphabet"", ""Norman, Wisconsin""]"
MuSiQue,musique,150,Normalization occurred in Country A that invaded Country B because the military branch was unprepared. Country B was the only communist country to have an embassy where?,Prague underground (culture),question_lexical,22,9,13,0,0,0,0,1,1,0,1,1,20.134149508148617,Normalization occurred in Country A that invaded Country B because the military branch was unprepared. Country B was the only communist country to have an embassy where?,body_token_overlap,"[""Embassy of Canada in Moscow"", ""Military history of the United States"", ""Embassy of the Philippines, Bandar Seri Begawan"", ""Josip Broz Tito"", ""Society of Communist Czechoslovakia""]"
MuSiQue,musique,150,Normalization occurred in Country A that invaded Country B because the military branch was unprepared. Country B was the only communist country to have an embassy where?,Prague underground (culture),demand_lexical,22,34,-12,0,0,0,0,0,0,0,0,0,8.332576542599623,s2: Which country was the only communist country to have an embassy?,body_token_overlap,"[""Embassy of Canada in Moscow"", ""Embassy of the Philippines, Bandar Seri Begawan"", ""Society of Communist Czechoslovakia"", ""Josip Broz Tito"", ""United States declaration of war on Japan""]"
MuSiQue,musique,150,Normalization occurred in Country A that invaded Country B because the military branch was unprepared. Country B was the only communist country to have an embassy where?,Prague underground (culture),llm_query_reform,22,17,5,0,0,0,0,0,1,0,0,1,18.85587098575072,Normalization in Country A and invasion of Country B,body_token_overlap,"[""Embassy of Canada in Moscow"", ""Embassy of the Philippines, Bandar Seri Begawan"", ""Society of Communist Czechoslovakia"", ""Zone 5 Military Museum, Danang"", ""Military history of the United States""]"
MuSiQue,musique,150,Normalization occurred in Country A that invaded Country B because the military branch was unprepared. Country B was the only communist country to have an embassy where?,Prague underground (culture),llm_demand_reform,22,44,-22,0,0,0,0,0,0,0,0,0,8.212576542599624,Which communist country had an embassy in the country invaded by Country A?,body_token_overlap,"[""Embassy of Canada in Moscow"", ""Embassy of the Philippines, Bandar Seri Begawan"", ""Society of Communist Czechoslovakia"", ""Zone 5 Military Museum, Danang"", ""Military history of the United States""]"
MuSiQue,musique,150,Normalization occurred in Country A that invaded Country B because the military branch was unprepared. Country B was the only communist country to have an embassy where?,Prague underground (culture),llm_demand_hyde,22,62,-40,0,0,0,0,0,0,0,0,0,7.952662524238557,Country A invaded Country B in 1985 due to political tensions and military unpreparedness.,body_token_overlap,"[""Cold War"", ""Embassy of Canada in Moscow"", ""United States in the Korean War"", ""First Indochina War"", ""Korean War""]"
MuSiQue,musique,150,Normalization occurred in Country A that invaded Country B because the military branch was unprepared. Country B was the only communist country to have an embassy where?,Prague underground (culture),llm_combined,22,44,-22,0,0,0,0,0,0,0,0,0,24.515780583520826,Normalization in Country A and invasion of Country B,body_token_overlap,"[""Cold War"", ""Embassy of Canada in Moscow"", ""Embassy of the Philippines, Bandar Seri Begawan"", ""Society of Communist Czechoslovakia"", ""United States declaration of war on Japan""]"
MuSiQue,musique,150,Normalization occurred in Country A that invaded Country B because the military branch was unprepared. Country B was the only communist country to have an embassy where?,Prague underground (culture),llm_listwise_select,22,0,22,0,0,0,1,1,1,1,1,1,1000.0,listwise_doc_id=22,llm_listwise_selected,"[""Prague underground (culture)"", ""Czech Republic"", ""Dissolution of Czechoslovakia"", ""Warsaw Pact"", ""Modern history""]"
MuSiQue,musique,153,"What day is the feast held, in the city that holds the headquarters of the only music company that is larger than the record label of Vilaiyaadu Mankatha?",The Right Stuff Records,source_order,17,17,0,0,0,1,0,0,1,0,0,0,0.0,,,"[""Vilaiyaadu Mankatha"", ""Richmond, Virginia"", ""Sony Music"", ""Pure BS"", ""Multidirection""]"
MuSiQue,musique,153,"What day is the feast held, in the city that holds the headquarters of the only music company that is larger than the record label of Vilaiyaadu Mankatha?",The Right Stuff Records,question_lexical,17,25,-8,0,0,1,0,0,0,0,0,0,16.406412893245623,"What day is the feast held, in the city that holds the headquarters of the only music company that is larger than the record label of Vilaiyaadu Mankatha?",body_token_overlap,"[""Vilaiyaadu Mankatha"", ""Sony Music"", ""Sony Music"", ""Republic Day (India)"", ""Sony Music""]"
MuSiQue,musique,153,"What day is the feast held, in the city that holds the headquarters of the only music company that is larger than the record label of Vilaiyaadu Mankatha?",The Right Stuff Records,demand_lexical,17,25,-8,0,0,1,0,0,0,0,0,0,19.301847715114565,s1: Which music company is larger than the record label of Vilaiyaadu Mankatha? Vilaiyaadu Mankatha,body_token_overlap,"[""Vilaiyaadu Mankatha"", ""Sony Music"", ""Republic Day (India)"", ""Sony Music"", ""Sony Music""]"
MuSiQue,musique,153,"What day is the feast held, in the city that holds the headquarters of the only music company that is larger than the record label of Vilaiyaadu Mankatha?",The Right Stuff Records,llm_query_reform,17,25,-8,0,0,1,0,0,0,0,0,0,20.927440926731684,Vilaiyaadu Mankatha record label,body_token_overlap,"[""Vilaiyaadu Mankatha"", ""Sony Music"", ""Sony Music"", ""Sony Music"", ""Sony Music""]"
MuSiQue,musique,153,"What day is the feast held, in the city that holds the headquarters of the only music company that is larger than the record label of Vilaiyaadu Mankatha?",The Right Stuff Records,llm_demand_reform,17,24,-7,0,0,1,0,0,0,0,0,0,22.528107831780417,music company larger than record label of Vilaiyaadu Mankatha,body_token_overlap,"[""Vilaiyaadu Mankatha"", ""Sony Music"", ""Sony Music"", ""Sony Music"", ""Sony Music""]"
MuSiQue,musique,153,"What day is the feast held, in the city that holds the headquarters of the only music company that is larger than the record label of Vilaiyaadu Mankatha?",The Right Stuff Records,llm_demand_hyde,17,31,-14,0,0,1,0,0,0,0,0,0,30.358863998927966,"Universal Music Group is the largest music company in the world, surpassing all other record labels, including the record label of Vilaiyaadu Mankatha.",body_token_overlap,"[""New York City"", ""New York City"", ""New York City"", ""Vilaiyaadu Mankatha"", ""New York City""]"
MuSiQue,musique,153,"What day is the feast held, in the city that holds the headquarters of the only music company that is larger than the record label of Vilaiyaadu Mankatha?",The Right Stuff Records,llm_combined,17,30,-13,0,0,1,0,0,0,0,0,0,46.96223341380602,"Universal Music Group is the largest music company in the world, surpassing all other record labels, including the record label of Vilaiyaadu Mankatha.",body_token_overlap,"[""Vilaiyaadu Mankatha"", ""New York City"", ""New York City"", ""New York City"", ""New York City""]"
MuSiQue,musique,153,"What day is the feast held, in the city that holds the headquarters of the only music company that is larger than the record label of Vilaiyaadu Mankatha?",The Right Stuff Records,llm_listwise_select,17,19,-2,0,0,1,0,0,1,0,0,0,0.0,,,"[""Sony Music"", ""Elphinstone Bridge, Chennai"", ""Our Lady of the Rosary"", ""Vilaiyaadu Mankatha"", ""Richmond, Virginia""]"
MuSiQue,musique,213,When did the place where the author of Princeps Pastorum died become its own country?,Canonization of Pope John XXIII and Pope John Paul II,source_order,14,14,0,0,0,1,0,0,1,0,0,0,0.0,,,"[""Princeps pastorum"", ""Kingdom of Bohemia"", ""Queen Victoria"", ""Criticism of Christianity"", ""Paris""]"
MuSiQue,musique,213,When did the place where the author of Princeps Pastorum died become its own country?,Vatican City,source_order,20,20,0,0,0,0,0,0,0,0,0,0,0.0,,,"[""Princeps pastorum"", ""Kingdom of Bohemia"", ""Queen Victoria"", ""Criticism of Christianity"", ""Paris""]"
MuSiQue,musique,213,When did the place where the author of Princeps Pastorum died become its own country?,Canonization of Pope John XXIII and Pope John Paul II,question_lexical,14,35,-21,0,0,1,0,0,0,0,0,0,0.0,,,"[""Princeps pastorum"", ""Claus von Stauffenberg"", ""Karl Popper"", ""Christian Ackermann"", ""Édouard Hugon""]"
MuSiQue,musique,213,When did the place where the author of Princeps Pastorum died become its own country?,Vatican City,question_lexical,20,39,-19,0,0,0,0,0,0,0,0,0,0.0,,,"[""Princeps pastorum"", ""Claus von Stauffenberg"", ""Karl Popper"", ""Christian Ackermann"", ""Édouard Hugon""]"
MuSiQue,musique,213,When did the place where the author of Princeps Pastorum died become its own country?,Canonization of Pope John XXIII and Pope John Paul II,demand_lexical,14,35,-21,0,0,1,0,0,0,0,0,0,0.0,,,"[""Princeps pastorum"", ""Claus von Stauffenberg"", ""Karl Popper"", ""Christian Ackermann"", ""Édouard Hugon""]"
MuSiQue,musique,213,When did the place where the author of Princeps Pastorum died become its own country?,Vatican City,demand_lexical,20,39,-19,0,0,0,0,0,0,0,0,0,0.0,,,"[""Princeps pastorum"", ""Claus von Stauffenberg"", ""Karl Popper"", ""Christian Ackermann"", ""Édouard Hugon""]"
MuSiQue,musique,213,When did the place where the author of Princeps Pastorum died become its own country?,Canonization of Pope John XXIII and Pope John Paul II,llm_query_reform,14,13,1,0,0,1,0,0,1,0,0,0,13.160025082637787,Country formation date of [location],body_token_overlap,"[""Princeps pastorum"", ""History of South Africa"", ""History of South Africa"", ""Black Death"", ""Love and Death in a Hot Country""]"
MuSiQue,musique,213,When did the place where the author of Princeps Pastorum died become its own country?,Vatican City,llm_query_reform,20,48,-28,0,0,0,0,0,0,0,0,0,0.0,,,"[""Princeps pastorum"", ""History of South Africa"", ""History of South Africa"", ""Black Death"", ""Love and Death in a Hot Country""]"
MuSiQue,musique,213,When did the place where the author of Princeps Pastorum died become its own country?,Canonization of Pope John XXIII and Pope John Paul II,llm_demand_reform,14,24,-10,0,0,1,0,0,0,0,0,0,0.0,,,"[""Princeps pastorum"", ""Black Death"", ""Love and Death in a Hot Country"", ""Édouard Hugon"", ""A. P. J. Abdul Kalam""]"
MuSiQue,musique,213,When did the place where the author of Princeps Pastorum died become its own country?,Vatican City,llm_demand_reform,20,28,-8,0,0,0,0,0,0,0,0,0,0.0,,,"[""Princeps pastorum"", ""Black Death"", ""Love and Death in a Hot Country"", ""Édouard Hugon"", ""A. P. J. Abdul Kalam""]"
MuSiQue,musique,213,When did the place where the author of Princeps Pastorum died become its own country?,Canonization of Pope John XXIII and Pope John Paul II,llm_demand_hyde,14,5,9,0,0,1,0,1,1,0,1,0,39.56711667776511,"John of Damascus died in the city of Damascus, which is located in present-day Syria.",title_token_overlap,"[""Princeps pastorum"", ""Pope John XXIII"", ""Pope John XXIII"", ""Pope John XXIII"", ""Christian Ackermann""]"
MuSiQue,musique,213,When did the place where the author of Princeps Pastorum died become its own country?,Vatican City,llm_demand_hyde,20,35,-15,0,0,0,0,0,0,0,0,0,8.847113172507164,"The city of Damascus became part of the modern country of Syria in 1936, following the establishment of the Syrian Republic.",body_token_overlap,"[""Princeps pastorum"", ""Pope John XXIII"", ""Pope John XXIII"", ""Pope John XXIII"", ""Christian Ackermann""]"
MuSiQue,musique,213,When did the place where the author of Princeps Pastorum died become its own country?,Canonization of Pope John XXIII and Pope John Paul II,llm_combined,14,10,4,0,0,1,0,0,1,0,0,0,41.14631968768164,"John of Damascus died in the city of Damascus, which is located in present-day Syria.",title_token_overlap,"[""Princeps pastorum"", ""Black Death"", ""History of South Africa"", ""History of South Africa"", ""Love and Death in a Hot Country""]"
MuSiQue,musique,213,When did the place where the author of Princeps Pastorum died become its own country?,Vatican City,llm_combined,20,52,-32,0,0,0,0,0,0,0,0,0,8.847113172507164,"The city of Damascus became part of the modern country of Syria in 1936, following the establishment of the Syrian Republic.",body_token_overlap,"[""Princeps pastorum"", ""Black Death"", ""History of South Africa"", ""History of South Africa"", ""Love and Death in a Hot Country""]"
MuSiQue,musique,213,When did the place where the author of Princeps Pastorum died become its own country?,Canonization of Pope John XXIII and Pope John Paul II,llm_listwise_select,14,28,-14,0,0,1,0,0,0,0,0,0,0.0,,,"[""Pope John XXIII"", ""Alexander Gerschenkron"", ""Umberto Mozzoni"", ""Verdun"", ""Macau""]"
MuSiQue,musique,213,When did the place where the author of Princeps Pastorum died become its own country?,Vatican City,llm_listwise_select,20,34,-14,0,0,0,0,0,0,0,0,0,0.0,,,"[""Pope John XXIII"", ""Alexander Gerschenkron"", ""Umberto Mozzoni"", ""Verdun"", ""Macau""]"
MuSiQue,musique,215,How were people from whom new coins were a proclamation of independence by the Somali Muslim Ajuran Empire expelled from the natural boundary between Thailand and Muang Kasi's country?,Geography of Myanmar,source_order,23,23,0,0,0,0,0,0,0,0,0,0,0.0,,,"[""Ottoman Empire"", ""Myanmar"", ""Somalis"", ""Somalis"", ""Coinage of India""]"
MuSiQue,musique,215,How were people from whom new coins were a proclamation of independence by the Somali Muslim Ajuran Empire expelled from the natural boundary between Thailand and Muang Kasi's country?,Geography of Myanmar,question_lexical,23,59,-36,0,0,0,0,0,0,0,0,0,6.049912783550869,How were people from whom new coins were a proclamation of independence by the Somali Muslim Ajuran Empire expelled from the natural boundary between Thailand and Muang Kasi's country?,body_token_overlap,"[""Muang Kasi"", ""Thailand"", ""Thailand"", ""Ottoman Empire"", ""Ottoman Empire""]"
MuSiQue,musique,215,How were people from whom new coins were a proclamation of independence by the Somali Muslim Ajuran Empire expelled from the natural boundary between Thailand and Muang Kasi's country?,Geography of Myanmar,demand_lexical,23,57,-34,0,0,0,0,0,0,0,0,0,7.299912783550869,s1: What is the natural boundary between Thailand and Muang Kasi's country? Thailand Muang Kasi's country,body_token_overlap,"[""Muang Kasi"", ""Thailand"", ""Thailand"", ""Ottoman Empire"", ""Ottoman Empire""]"
MuSiQue,musique,215,How were people from whom new coins were a proclamation of independence by the Somali Muslim Ajuran Empire expelled from the natural boundary between Thailand and Muang Kasi's country?,Geography of Myanmar,llm_query_reform,23,72,-49,0,0,0,0,0,0,0,0,0,8.931891851603076,natural boundary between Thailand and Muang Kasi's country,body_token_overlap,"[""Muang Kasi"", ""Thailand"", ""Thailand"", ""Ottoman Empire"", ""British Empire""]"
MuSiQue,musique,215,How were people from whom new coins were a proclamation of independence by the Somali Muslim Ajuran Empire expelled from the natural boundary between Thailand and Muang Kasi's country?,Geography of Myanmar,llm_demand_reform,23,55,-32,0,0,0,0,0,0,0,0,0,8.115902317576973,natural boundary between Thailand and Muang Kasi's country,body_token_overlap,"[""Muang Kasi"", ""Thailand"", ""Thailand"", ""Ottoman Empire"", ""Ottoman Empire""]"
MuSiQue,musique,215,How were people from whom new coins were a proclamation of independence by the Somali Muslim Ajuran Empire expelled from the natural boundary between Thailand and Muang Kasi's country?,Geography of Myanmar,llm_demand_hyde,23,76,-53,0,0,0,0,0,0,0,0,0,6.299912783550869,"The natural boundary between Thailand and Muang Kasi's country is the Mekong River, which historically separated the two regions.",body_token_overlap,"[""Muang Kasi"", ""Thailand"", ""Thailand"", ""Ottoman Empire"", ""British Empire""]"
MuSiQue,musique,215,How were people from whom new coins were a proclamation of independence by the Somali Muslim Ajuran Empire expelled from the natural boundary between Thailand and Muang Kasi's country?,Geography of Myanmar,llm_combined,23,75,-52,0,0,0,0,0,0,0,0,0,11.37986045368139,natural boundary between Thailand and Muang Kasi's country,body_token_overlap,"[""Muang Kasi"", ""Thailand"", ""Thailand"", ""Ottoman Empire"", ""Ottoman Empire""]"
MuSiQue,musique,215,How were people from whom new coins were a proclamation of independence by the Somali Muslim Ajuran Empire expelled from the natural boundary between Thailand and Muang Kasi's country?,Geography of Myanmar,llm_listwise_select,23,30,-7,0,0,0,0,0,0,0,0,0,0.0,,,"[""Thailand"", ""Muang Kasi"", ""Somalis"", ""Somalis"", ""Somalis""]"
MuSiQue,musique,228,What is the longest home run in the history of the league that Jim Wilson's team is a part of?,Cleveland Indians,source_order,23,23,0,0,0,0,0,0,0,0,0,0,0.0,,,"[""Home run"", ""Jim Wilson (first baseman)"", ""Dan Johnson (baseball)"", ""Bill Massey (baseball)"", ""50 home run club""]"
MuSiQue,musique,228,What is the longest home run in the history of the league that Jim Wilson's team is a part of?,Cleveland Indians,question_lexical,23,30,-7,0,0,0,0,0,0,0,0,0,17.603963151276957,What is the longest home run in the history of the league that Jim Wilson's team is a part of?,body_token_overlap,"[""Home run"", ""Jim Wilson (first baseman)"", ""50 home run club"", ""List of Major League Baseball single-game home run leaders"", ""List of Major League Baseball longest winning streaks""]"
MuSiQue,musique,228,What is the longest home run in the history of the league that Jim Wilson's team is a part of?,Cleveland Indians,demand_lexical,23,28,-5,0,0,0,0,0,0,0,0,0,20.497500813246674,s2: What is the longest home run in the history of that team's league?,body_token_overlap,"[""Jim Wilson (first baseman)"", ""Home run"", ""50 home run club"", ""List of Major League Baseball single-game home run leaders"", ""List of Major League Baseball longest winning streaks""]"
MuSiQue,musique,228,What is the longest home run in the history of the league that Jim Wilson's team is a part of?,Cleveland Indians,llm_query_reform,23,37,-14,0,0,0,0,0,0,0,0,0,30.607608489828834,Longest home run in the team's league,body_token_overlap,"[""Home run"", ""Jim Wilson (first baseman)"", ""50 home run club"", ""List of Major League Baseball single-game home run leaders"", ""List of Major League Baseball longest winning streaks""]"
MuSiQue,musique,228,What is the longest home run in the history of the league that Jim Wilson's team is a part of?,Cleveland Indians,llm_demand_reform,23,36,-13,0,0,0,0,0,0,0,0,0,14.9713536301657,Longest home run in the history of the league,body_token_overlap,"[""Jim Wilson (first baseman)"", ""Home run"", ""50 home run club"", ""List of Major League Baseball single-game home run leaders"", ""Russell Wilson""]"
MuSiQue,musique,228,What is the longest home run in the history of the league that Jim Wilson's team is a part of?,Cleveland Indians,llm_demand_hyde,23,39,-16,0,0,0,0,0,0,0,0,0,28.108508992366623,"Jim Wilson is a member of the New York Yankees, a team in Major League Baseball.",body_token_overlap,"[""Home run"", ""New York Yankees"", ""New York Yankees"", ""Jim Wilson (first baseman)"", ""50 home run club""]"
MuSiQue,musique,228,What is the longest home run in the history of the league that Jim Wilson's team is a part of?,Cleveland Indians,llm_combined,23,38,-15,0,0,0,0,0,0,0,0,0,44.66818081116442,"Jim Wilson is a member of the New York Yankees, a team in Major League Baseball.",body_token_overlap,"[""Home run"", ""Jim Wilson (first baseman)"", ""New York Yankees"", ""New York Yankees"", ""50 home run club""]"
MuSiQue,musique,228,What is the longest home run in the history of the league that Jim Wilson's team is a part of?,Cleveland Indians,llm_listwise_select,23,1,22,0,0,0,1,1,1,1,1,1,999.0,listwise_doc_id=23,llm_listwise_selected,"[""Jim Wilson (first baseman)"", ""Cleveland Indians"", ""Bill Massey (baseball)"", ""Chicago Cubs"", ""Chicago Cubs""]"
MuSiQue,musique,237,Who was in charge in the country that is the natural boundary between the country that hosted the tournament and the country where That Dam is located?,2020 AFC U-23 Championship qualification,source_order,71,71,0,0,0,0,0,0,0,0,0,0,0.0,,,"[""Switzerland"", ""1986 FIFA World Cup"", ""UEFA Euro 2012 Final"", ""Adams–Onís Treaty"", ""That Dam""]"
MuSiQue,musique,237,Who was in charge in the country that is the natural boundary between the country that hosted the tournament and the country where That Dam is located?,Geography of Myanmar,source_order,29,29,0,0,0,0,0,0,0,0,0,0,0.0,,,"[""Switzerland"", ""1986 FIFA World Cup"", ""UEFA Euro 2012 Final"", ""Adams–Onís Treaty"", ""That Dam""]"
MuSiQue,musique,237,Who was in charge in the country that is the natural boundary between the country that hosted the tournament and the country where That Dam is located?,Myanmar,source_order,77,77,0,0,0,0,0,0,0,0,0,0,0.0,,,"[""Switzerland"", ""1986 FIFA World Cup"", ""UEFA Euro 2012 Final"", ""Adams–Onís Treaty"", ""That Dam""]"
MuSiQue,musique,237,Who was in charge in the country that is the natural boundary between the country that hosted the tournament and the country where That Dam is located?,2020 AFC U-23 Championship qualification,question_lexical,71,47,24,0,0,0,0,0,0,0,0,0,6.6607652009223015,Who was in charge in the country that is the natural boundary between the country that hosted the tournament and the country where That Dam is located?,body_token_overlap,"[""That Dam"", ""Natural Dam, Arkansas"", ""Yaté Dam"", ""Albeni Falls Dam"", ""Vajiralongkorn Dam""]"
MuSiQue,musique,237,Who was in charge in the country that is the natural boundary between the country that hosted the tournament and the country where That Dam is located?,Geography of Myanmar,question_lexical,29,67,-38,0,0,0,0,0,0,0,0,0,0.0,,,"[""That Dam"", ""Natural Dam, Arkansas"", ""Yaté Dam"", ""Albeni Falls Dam"", ""Vajiralongkorn Dam""]"
MuSiQue,musique,237,Who was in charge in the country that is the natural boundary between the country that hosted the tournament and the country where That Dam is located?,Myanmar,question_lexical,77,35,42,0,0,0,0,0,0,0,0,0,7.529844205937845,Who was in charge in the country that is the natural boundary between the country that hosted the tournament and the country where That Dam is located?,body_token_overlap,"[""That Dam"", ""Natural Dam, Arkansas"", ""Yaté Dam"", ""Albeni Falls Dam"", ""Vajiralongkorn Dam""]"
MuSiQue,musique,237,Who was in charge in the country that is the natural boundary between the country that hosted the tournament and the country where That Dam is located?,2020 AFC U-23 Championship qualification,demand_lexical,71,44,27,0,0,0,0,0,0,0,0,0,11.780057025032978,s1: Which country hosted the tournament? tournament,body_token_overlap,"[""That Dam"", ""Natural Dam, Arkansas"", ""Yaté Dam"", ""Vajiralongkorn Dam"", ""Chaffey Dam""]"
MuSiQue,musique,237,Who was in charge in the country that is the natural boundary between the country that hosted the tournament and the country where That Dam is located?,Geography of Myanmar,demand_lexical,29,67,-38,0,0,0,0,0,0,0,0,0,0.0,,,"[""That Dam"", ""Natural Dam, Arkansas"", ""Yaté Dam"", ""Vajiralongkorn Dam"", ""Chaffey Dam""]"
MuSiQue,musique,237,Who was in charge in the country that is the natural boundary between the country that hosted the tournament and the country where That Dam is located?,Myanmar,demand_lexical,77,52,25,0,0,0,0,0,0,0,0,0,7.815558491652131,s3: What is the natural boundary between the country that hosted the tournament and the country where That Dam is located?,body_token_overlap,"[""That Dam"", ""Natural Dam, Arkansas"", ""Yaté Dam"", ""Vajiralongkorn Dam"", ""Chaffey Dam""]"
MuSiQue,musique,237,Who was in charge in the country that is the natural boundary between the country that hosted the tournament and the country where That Dam is located?,2020 AFC U-23 Championship qualification,llm_query_reform,71,47,24,0,0,0,0,0,0,0,0,0,12.613634563429368,country that hosted the tournament,body_token_overlap,"[""That Dam"", ""Natural Dam, Arkansas"", ""Yaté Dam"", ""Vajiralongkorn Dam"", ""Chaffey Dam""]"
MuSiQue,musique,237,Who was in charge in the country that is the natural boundary between the country that hosted the tournament and the country where That Dam is located?,Geography of Myanmar,llm_query_reform,29,67,-38,0,0,0,0,0,0,0,0,0,0.0,,,"[""That Dam"", ""Natural Dam, Arkansas"", ""Yaté Dam"", ""Vajiralongkorn Dam"", ""Chaffey Dam""]"
MuSiQue,musique,237,Who was in charge in the country that is the natural boundary between the country that hosted the tournament and the country where That Dam is located?,Myanmar,llm_query_reform,77,56,21,0,0,0,0,0,0,0,0,0,8.753425510650386,natural boundary between [country that hosted the tournament] and [country where That Dam is located],body_token_overlap,"[""That Dam"", ""Natural Dam, Arkansas"", ""Yaté Dam"", ""Vajiralongkorn Dam"", ""Chaffey Dam""]"
MuSiQue,musique,237,Who was in charge in the country that is the natural boundary between the country that hosted the tournament and the country where That Dam is located?,2020 AFC U-23 Championship qualification,llm_demand_reform,71,43,28,0,0,0,0,0,0,0,0,0,12.579348849143654,Which country hosted the tournament?,body_token_overlap,"[""That Dam"", ""Natural Dam, Arkansas"", ""Yaté Dam"", ""Vajiralongkorn Dam"", ""Chaffey Dam""]"
MuSiQue,musique,237,Who was in charge in the country that is the natural boundary between the country that hosted the tournament and the country where That Dam is located?,Geography of Myanmar,llm_demand_reform,29,67,-38,0,0,0,0,0,0,0,0,0,0.0,,,"[""That Dam"", ""Natural Dam, Arkansas"", ""Yaté Dam"", ""Vajiralongkorn Dam"", ""Chaffey Dam""]"
MuSiQue,musique,237,Who was in charge in the country that is the natural boundary between the country that hosted the tournament and the country where That Dam is located?,Myanmar,llm_demand_reform,77,52,25,0,0,0,0,0,0,0,0,0,8.719139796364672,What is the natural boundary between the country that hosted the tournament and the country where That Dam is located?,body_token_overlap,"[""That Dam"", ""Natural Dam, Arkansas"", ""Yaté Dam"", ""Vajiralongkorn Dam"", ""Chaffey Dam""]"
MuSiQue,musique,237,Who was in charge in the country that is the natural boundary between the country that hosted the tournament and the country where That Dam is located?,2020 AFC U-23 Championship qualification,llm_demand_hyde,71,88,-17,0,0,0,0,0,0,0,0,0,5.8695564097135104,"The 2018 FIFA World Cup was hosted by Russia, marking the first time the tournament was held in Eastern Europe.",body_token_overlap,"[""2018 FIFA World Cup"", ""2018 FIFA World Cup"", ""2018 FIFA World Cup"", ""2018 FIFA World Cup"", ""2018 FIFA World Cup""]"
MuSiQue,musique,237,Who was in charge in the country that is the natural boundary between the country that hosted the tournament and the country where That Dam is located?,Geography of Myanmar,llm_demand_hyde,29,73,-44,0,0,0,0,0,0,0,0,0,8.870334535392498,"That Dam is located in China, specifically in the province of Sichuan, and is one of the largest dams in the country.",body_token_overlap,"[""2018 FIFA World Cup"", ""2018 FIFA World Cup"", ""2018 FIFA World Cup"", ""2018 FIFA World Cup"", ""2018 FIFA World Cup""]"
MuSiQue,musique,237,Who was in charge in the country that is the natural boundary between the country that hosted the tournament and the country where That Dam is located?,Myanmar,llm_demand_hyde,77,53,24,0,0,0,0,0,0,0,0,0,21.773522479827182,"The natural boundary between Russia and China is the Ussuri River, which forms part of the border between the two countries.",body_token_overlap,"[""2018 FIFA World Cup"", ""2018 FIFA World Cup"", ""2018 FIFA World Cup"", ""2018 FIFA World Cup"", ""2018 FIFA World Cup""]"
MuSiQue,musique,237,Who was in charge in the country that is the natural boundary between the country that hosted the tournament and the country where That Dam is located?,2020 AFC U-23 Championship qualification,llm_combined,71,68,3,0,0,0,0,0,0,0,0,0,18.411583310291228,country that hosted the tournament,body_token_overlap,"[""That Dam"", ""2018 FIFA World Cup"", ""2018 FIFA World Cup"", ""2018 FIFA World Cup"", ""2018 FIFA World Cup""]"
MuSiQue,musique,237,Who was in charge in the country that is the natural boundary between the country that hosted the tournament and the country where That Dam is located?,Geography of Myanmar,llm_combined,29,80,-51,0,0,0,0,0,0,0,0,0,8.870334535392498,"That Dam is located in China, specifically in the province of Sichuan, and is one of the largest dams in the country.",body_token_overlap,"[""That Dam"", ""2018 FIFA World Cup"", ""2018 FIFA World Cup"", ""2018 FIFA World Cup"", ""2018 FIFA World Cup""]"
MuSiQue,musique,237,Who was in charge in the country that is the natural boundary between the country that hosted the tournament and the country where That Dam is located?,Myanmar,llm_combined,77,56,21,0,0,0,0,0,0,0,0,0,26.42857186053275,"The natural boundary between Russia and China is the Ussuri River, which forms part of the border between the two countries.",body_token_overlap,"[""That Dam"", ""2018 FIFA World Cup"", ""2018 FIFA World Cup"", ""2018 FIFA World Cup"", ""2018 FIFA World Cup""]"
MuSiQue,musique,237,Who was in charge in the country that is the natural boundary between the country that hosted the tournament and the country where That Dam is located?,2020 AFC U-23 Championship qualification,llm_listwise_select,71,71,0,0,0,0,0,0,0,0,0,0,0.0,,,"[""That Dam"", ""Thailand"", ""Spain"", ""Bridge of the Gods (land bridge)"", ""Pakxan""]"
MuSiQue,musique,237,Who was in charge in the country that is the natural boundary between the country that hosted the tournament and the country where That Dam is located?,Geography of Myanmar,llm_listwise_select,29,6,23,0,0,0,0,1,1,0,1,1,994.0,listwise_doc_id=29,llm_listwise_selected,"[""That Dam"", ""Thailand"", ""Spain"", ""Bridge of the Gods (land bridge)"", ""Pakxan""]"
MuSiQue,musique,237,Who was in charge in the country that is the natural boundary between the country that hosted the tournament and the country where That Dam is located?,Myanmar,llm_listwise_select,77,77,0,0,0,0,0,0,0,0,0,0,0.0,,,"[""That Dam"", ""Thailand"", ""Spain"", ""Bridge of the Gods (land bridge)"", ""Pakxan""]"
MuSiQue,musique,259,What does SEAL stand for in the military group that is part of the branch that operates the USS Chillicothe?,List of destroyer classes of the United States Navy,source_order,16,16,0,0,0,1,0,0,1,0,0,0,0.0,,,"[""USS Chillicothe (1862)"", ""United States Navy SEALs"", ""United States Navy SEALs"", ""Rudy Boesch"", ""USS Chanticleer (ASR-7)""]"
MuSiQue,musique,259,What does SEAL stand for in the military group that is part of the branch that operates the USS Chillicothe?,List of destroyer classes of the United States Navy,question_lexical,16,69,-53,0,0,1,0,0,0,0,0,0,0.0,,,"[""USS Chillicothe (1862)"", ""HMS Seal (1897)"", ""The Great Lakes Group"", ""USS Mahan (DDG-42)"", ""USS Chanticleer (ASR-7)""]"
MuSiQue,musique,259,What does SEAL stand for in the military group that is part of the branch that operates the USS Chillicothe?,List of destroyer classes of the United States Navy,demand_lexical,16,69,-53,0,0,1,0,0,0,0,0,0,0.0,,,"[""USS Chillicothe (1862)"", ""HMS Seal (1897)"", ""The Great Lakes Group"", ""USS Mahan (DDG-42)"", ""USS Chanticleer (ASR-7)""]"
MuSiQue,musique,259,What does SEAL stand for in the military group that is part of the branch that operates the USS Chillicothe?,List of destroyer classes of the United States Navy,llm_query_reform,16,45,-29,0,0,1,0,0,0,0,0,0,28.5242456680524,Military group in the Navy branch,title_token_overlap,"[""USS Chillicothe (1862)"", ""The Great Lakes Group"", ""HMS Seal (1897)"", ""USS Mahan (DDG-42)"", ""USS Rhodes (DE-384)""]"
MuSiQue,musique,259,What does SEAL stand for in the military group that is part of the branch that operates the USS Chillicothe?,List of destroyer classes of the United States Navy,llm_demand_reform,16,70,-54,0,0,1,0,0,0,0,0,0,0.0,,,"[""USS Chillicothe (1862)"", ""HMS Seal (1897)"", ""The Great Lakes Group"", ""USS Mahan (DDG-42)"", ""USS Chanticleer (ASR-7)""]"
MuSiQue,musique,259,What does SEAL stand for in the military group that is part of the branch that operates the USS Chillicothe?,List of destroyer classes of the United States Navy,llm_demand_hyde,16,4,12,0,0,1,1,1,1,1,1,0,72.27679492784868,"The USS Chillicothe is a United States Navy ship, operated by the United States Navy.",title_token_overlap,"[""USS Chillicothe (1862)"", ""United States Navy SEALs"", ""United States Navy SEALs"", ""United States Department of the Navy"", ""List of destroyer classes of the United States Navy""]"
MuSiQue,musique,259,What does SEAL stand for in the military group that is part of the branch that operates the USS Chillicothe?,List of destroyer classes of the United States Navy,llm_combined,16,28,-12,0,0,1,0,0,0,0,0,0,78.19113328528849,"The USS Chillicothe is a United States Navy ship, operated by the United States Navy.",title_token_overlap,"[""USS Chillicothe (1862)"", ""United States Navy SEALs"", ""United States Navy SEALs"", ""United States Department of the Navy"", ""The Great Lakes Group""]"
MuSiQue,musique,259,What does SEAL stand for in the military group that is part of the branch that operates the USS Chillicothe?,List of destroyer classes of the United States Navy,llm_listwise_select,16,15,1,0,0,1,0,0,1,0,0,0,985.0,listwise_doc_id=16,llm_listwise_selected,"[""USS Chillicothe (1862)"", ""United States Navy SEALs"", ""Rudy Boesch"", ""USS Chanticleer (ASR-7)"", ""USS Don (1862)""]"
MuSiQue,musique,261,Where was the film The Beach filmed in the country where Ercole Manfredi died?,Bang Bon District,source_order,38,38,0,0,0,0,0,0,0,0,0,0,0.0,,,"[""Ercole Manfredi"", ""The Beach (film)"", ""The Beach (film)"", ""Home (2012 film)"", ""Thailand""]"
MuSiQue,musique,261,Where was the film The Beach filmed in the country where Ercole Manfredi died?,Bang Bon District,question_lexical,38,78,-40,0,0,0,0,0,0,0,0,0,0.0,,,"[""Ercole Manfredi"", ""The Beach (film)"", ""The Beach (film)"", ""Ex on the Beach (British TV series)"", ""Le pillole di Ercole""]"
MuSiQue,musique,261,Where was the film The Beach filmed in the country where Ercole Manfredi died?,Bang Bon District,demand_lexical,38,79,-41,0,0,0,0,0,0,0,0,0,0.0,,,"[""Ercole Manfredi"", ""The Beach (film)"", ""The Beach (film)"", ""Ex on the Beach (British TV series)"", ""Le pillole di Ercole""]"
MuSiQue,musique,261,Where was the film The Beach filmed in the country where Ercole Manfredi died?,Bang Bon District,llm_query_reform,38,82,-44,0,0,0,0,0,0,0,0,0,0.0,,,"[""Ercole Manfredi"", ""The Beach (film)"", ""The Beach (film)"", ""Le pillole di Ercole"", ""Ex on the Beach (British TV series)""]"
MuSiQue,musique,261,Where was the film The Beach filmed in the country where Ercole Manfredi died?,Bang Bon District,llm_demand_reform,38,79,-41,0,0,0,0,0,0,0,0,0,0.0,,,"[""Ercole Manfredi"", ""The Beach (film)"", ""The Beach (film)"", ""Ex on the Beach (British TV series)"", ""Le pillole di Ercole""]"
MuSiQue,musique,261,Where was the film The Beach filmed in the country where Ercole Manfredi died?,Bang Bon District,llm_demand_hyde,38,76,-38,0,0,0,0,0,0,0,0,0,6.175248976339365,"The Beach, a 2000 film directed by Danny Boyle, is set in Thailand and is known for its depiction of the island of Phuket.",body_token_overlap,"[""Ercole Manfredi"", ""The Beach (film)"", ""The Beach (film)"", ""Thailand"", ""Thailand""]"
MuSiQue,musique,261,Where was the film The Beach filmed in the country where Ercole Manfredi died?,Bang Bon District,llm_combined,38,83,-45,0,0,0,0,0,0,0,0,0,6.175248976339365,"The Beach, a 2000 film directed by Danny Boyle, is set in Thailand and is known for its depiction of the island of Phuket.",body_token_overlap,"[""Ercole Manfredi"", ""The Beach (film)"", ""The Beach (film)"", ""Le pillole di Ercole"", ""Ex on the Beach (British TV series)""]"
MuSiQue,musique,261,Where was the film The Beach filmed in the country where Ercole Manfredi died?,Bang Bon District,llm_listwise_select,38,11,27,0,0,0,0,0,1,0,0,1,989.0,listwise_doc_id=38,llm_listwise_selected,"[""Thailand"", ""Vajiralongkorn Dam"", ""Bejaratana"", ""Beatrice Heuser"", ""The Beach (film)""]"
MuSiQue,musique,269,"During WW2, who was the leader of the country near the country of citizenship of the writer of The Book Thief?",Military history of New Zealand during World War II,source_order,9,9,0,0,1,1,0,1,1,0,0,0,0.0,,,"[""The Book Thief (film)"", ""The Book Thief (film)"", ""Sarah's Key"", ""Art theft and looting during World War II"", ""Southern Europe""]"
MuSiQue,musique,269,"During WW2, who was the leader of the country near the country of citizenship of the writer of The Book Thief?",The Messenger (Zusak novel),source_order,11,11,0,0,0,1,0,0,1,0,0,0,0.0,,,"[""The Book Thief (film)"", ""The Book Thief (film)"", ""Sarah's Key"", ""Art theft and looting during World War II"", ""Southern Europe""]"
MuSiQue,musique,269,"During WW2, who was the leader of the country near the country of citizenship of the writer of The Book Thief?",Military history of New Zealand during World War II,question_lexical,9,28,-19,0,1,1,0,0,0,0,0,0,0.0,,,"[""The Book Thief (film)"", ""The Book Thief (film)"", ""The Night in Lisbon"", ""Plautus"", ""Alma the Younger""]"
MuSiQue,musique,269,"During WW2, who was the leader of the country near the country of citizenship of the writer of The Book Thief?",The Messenger (Zusak novel),question_lexical,11,17,-6,0,0,1,0,0,1,0,0,0,8.115412391901057,"During WW2, who was the leader of the country near the country of citizenship of the writer of The Book Thief?",body_token_overlap,"[""The Book Thief (film)"", ""The Book Thief (film)"", ""The Night in Lisbon"", ""Plautus"", ""Alma the Younger""]"
MuSiQue,musique,269,"During WW2, who was the leader of the country near the country of citizenship of the writer of The Book Thief?",Military history of New Zealand during World War II,demand_lexical,9,28,-19,0,1,1,0,0,0,0,0,0,0.0,,,"[""The Book Thief (film)"", ""The Book Thief (film)"", ""The Night in Lisbon"", ""Plautus"", ""Alma the Younger""]"
MuSiQue,musique,269,"During WW2, who was the leader of the country near the country of citizenship of the writer of The Book Thief?",The Messenger (Zusak novel),demand_lexical,11,9,2,0,0,1,0,1,1,0,1,0,12.537397080243023,s1: Who is the writer of The Book Thief? The Book Thief,body_token_overlap,"[""The Book Thief (film)"", ""The Book Thief (film)"", ""The Night in Lisbon"", ""Plautus"", ""Alma the Younger""]"
MuSiQue,musique,269,"During WW2, who was the leader of the country near the country of citizenship of the writer of The Book Thief?",Military history of New Zealand during World War II,llm_query_reform,9,10,-1,0,1,1,0,0,1,0,0,0,70.51681689521263,Leader of Germany during World War II,title_token_overlap,"[""World War II"", ""The Book Thief (film)"", ""The Book Thief (film)"", ""Allies of World War II"", ""Declarations of war during World War II""]"
MuSiQue,musique,269,"During WW2, who was the leader of the country near the country of citizenship of the writer of The Book Thief?",The Messenger (Zusak novel),llm_query_reform,11,60,-49,0,0,1,0,0,0,0,0,0,13.747363293868162,Country of citizenship of Markus Zuskind,body_token_overlap,"[""World War II"", ""The Book Thief (film)"", ""The Book Thief (film)"", ""Allies of World War II"", ""Declarations of war during World War II""]"
MuSiQue,musique,269,"During WW2, who was the leader of the country near the country of citizenship of the writer of The Book Thief?",Military history of New Zealand during World War II,llm_demand_reform,9,28,-19,0,1,1,0,0,0,0,0,0,0.0,,,"[""The Book Thief (film)"", ""The Book Thief (film)"", ""The Night in Lisbon"", ""Plautus"", ""Alma the Younger""]"
MuSiQue,musique,269,"During WW2, who was the leader of the country near the country of citizenship of the writer of The Book Thief?",The Messenger (Zusak novel),llm_demand_reform,11,9,2,0,0,1,0,1,1,0,1,0,12.537397080243023,Who is the writer of The Book Thief?,body_token_overlap,"[""The Book Thief (film)"", ""The Book Thief (film)"", ""The Night in Lisbon"", ""Plautus"", ""Alma the Younger""]"
MuSiQue,musique,269,"During WW2, who was the leader of the country near the country of citizenship of the writer of The Book Thief?",Military history of New Zealand during World War II,llm_demand_hyde,9,11,-2,0,1,1,0,0,1,0,0,0,47.2794962666457,"During World War II, the leader of Germany, which is near Australia, was Adolf Hitler.",title_token_overlap,"[""The Book Thief (film)"", ""The Book Thief (film)"", ""World War II"", ""Allies of World War II"", ""Declarations of war during World War II""]"
MuSiQue,musique,269,"During WW2, who was the leader of the country near the country of citizenship of the writer of The Book Thief?",The Messenger (Zusak novel),llm_demand_hyde,11,15,-4,0,0,1,0,0,1,0,0,0,37.000567751852806,"Markus Zusak is the author of The Book Thief, a novel set during World War II.",body_token_overlap,"[""The Book Thief (film)"", ""The Book Thief (film)"", ""World War II"", ""Allies of World War II"", ""Declarations of war during World War II""]"
MuSiQue,musique,269,"During WW2, who was the leader of the country near the country of citizenship of the writer of The Book Thief?",Military history of New Zealand during World War II,llm_combined,9,10,-1,0,1,1,0,0,1,0,0,0,80.53813752377957,Leader of Germany during World War II,title_token_overlap,"[""The Book Thief (film)"", ""The Book Thief (film)"", ""World War II"", ""Allies of World War II"", ""Declarations of war during World War II""]"
MuSiQue,musique,269,"During WW2, who was the leader of the country near the country of citizenship of the writer of The Book Thief?",The Messenger (Zusak novel),llm_combined,11,15,-4,0,0,1,0,0,1,0,0,0,47.69592018088276,"Markus Zusak is the author of The Book Thief, a novel set during World War II.",body_token_overlap,"[""The Book Thief (film)"", ""The Book Thief (film)"", ""World War II"", ""Allies of World War II"", ""Declarations of war during World War II""]"
MuSiQue,musique,269,"During WW2, who was the leader of the country near the country of citizenship of the writer of The Book Thief?",Military history of New Zealand during World War II,llm_listwise_select,9,24,-15,0,1,1,0,0,0,0,0,0,0.0,,,"[""The Messenger (Zusak novel)"", ""Claude Aveline"", ""Greece"", ""A Generation"", ""The King's Speech""]"
MuSiQue,musique,269,"During WW2, who was the leader of the country near the country of citizenship of the writer of The Book Thief?",The Messenger (Zusak novel),llm_listwise_select,11,0,11,0,0,1,1,1,1,1,1,0,1000.0,listwise_doc_id=11,llm_listwise_selected,"[""The Messenger (Zusak novel)"", ""Claude Aveline"", ""Greece"", ""A Generation"", ""The King's Speech""]"
MuSiQue,musique,281,"How were the people that the Somali Muslim Ajuran Empire made coins to proclaim independence from, expelled from the country where Star Cola is produced?",Myanmar,source_order,83,83,0,0,0,0,0,0,0,0,0,0,0.0,,,"[""Ottoman Empire"", ""Star Cola"", ""Somalis"", ""East Timor"", ""Somalis""]"
MuSiQue,musique,281,"How were the people that the Somali Muslim Ajuran Empire made coins to proclaim independence from, expelled from the country where Star Cola is produced?",Myanmar,question_lexical,83,21,62,0,0,0,0,0,0,0,0,0,14.445498213249039,"How were the people that the Somali Muslim Ajuran Empire made coins to proclaim independence from, expelled from the country where Star Cola is produced?",body_token_overlap,"[""Star Cola"", ""Schweppes Cola"", ""Ottoman Empire"", ""Ottoman Empire"", ""British Empire""]"
MuSiQue,musique,281,"How were the people that the Somali Muslim Ajuran Empire made coins to proclaim independence from, expelled from the country where Star Cola is produced?",Myanmar,demand_lexical,83,19,64,0,0,0,0,0,1,0,0,1,18.275201932810734,s4: Which people did the Somali Muslim Ajuran Empire make coins to proclaim independence from? Somali Muslim Ajuran Empire,body_token_overlap,"[""Star Cola"", ""Schweppes Cola"", ""Ottoman Empire"", ""Ottoman Empire"", ""British Empire""]"
MuSiQue,musique,281,"How were the people that the Somali Muslim Ajuran Empire made coins to proclaim independence from, expelled from the country where Star Cola is produced?",Myanmar,llm_query_reform,83,18,65,0,0,0,0,0,1,0,0,1,22.533965482106602,Ajuran Empire coins and independence from expelled people,body_token_overlap,"[""Star Cola"", ""Ottoman Empire"", ""Schweppes Cola"", ""British Empire"", ""Ottoman Empire""]"
MuSiQue,musique,281,"How were the people that the Somali Muslim Ajuran Empire made coins to proclaim independence from, expelled from the country where Star Cola is produced?",Myanmar,llm_demand_reform,83,18,65,0,0,0,0,0,1,0,0,1,19.109106694715496,Somali Muslim Ajuran Empire coins independence from people,body_token_overlap,"[""Star Cola"", ""Schweppes Cola"", ""Ottoman Empire"", ""Ottoman Empire"", ""British Empire""]"
MuSiQue,musique,281,"How were the people that the Somali Muslim Ajuran Empire made coins to proclaim independence from, expelled from the country where Star Cola is produced?",Myanmar,llm_demand_hyde,83,33,50,0,0,0,0,0,0,0,0,0,17.859788013396816,"The Somali Muslim Ajuran Empire minted coins to proclaim independence from the Ajuran people, who had been expelled from the region.",body_token_overlap,"[""Star Cola"", ""Africa"", ""Ottoman Empire"", ""Schweppes Cola"", ""Ottoman Empire""]"
MuSiQue,musique,281,"How were the people that the Somali Muslim Ajuran Empire made coins to proclaim independence from, expelled from the country where Star Cola is produced?",Myanmar,llm_combined,83,27,56,0,0,0,0,0,0,0,0,0,37.03998347008883,Ajuran Empire coins and independence from expelled people,body_token_overlap,"[""Star Cola"", ""Schweppes Cola"", ""Ottoman Empire"", ""Africa"", ""Ottoman Empire""]"
MuSiQue,musique,281,"How were the people that the Somali Muslim Ajuran Empire made coins to proclaim independence from, expelled from the country where Star Cola is produced?",Myanmar,llm_listwise_select,83,83,0,0,0,0,0,0,0,0,0,0,0.0,,,"[""Star Cola"", ""Somalis"", ""Somalis"", ""Somalis"", ""Somalis""]"
MuSiQue,musique,302,What does SEAL stand for in the military group that is part of the military branch that operates USS Dour?,List of destroyer classes of the United States Navy,source_order,19,19,0,0,0,1,0,0,1,0,0,0,0.0,,,"[""United States Navy SEALs"", ""USS Dour (AM-223)"", ""United States Navy SEALs"", ""Rudy Boesch"", ""USS Chanticleer (ASR-7)""]"
MuSiQue,musique,302,What does SEAL stand for in the military group that is part of the military branch that operates USS Dour?,List of destroyer classes of the United States Navy,question_lexical,19,71,-52,0,0,1,0,0,0,0,0,0,0.0,,,"[""USS Dour (AM-223)"", ""HMS Seal (1897)"", ""Elephant seal"", ""USS Mahan (DDG-42)"", ""USS Chanticleer (ASR-7)""]"
MuSiQue,musique,302,What does SEAL stand for in the military group that is part of the military branch that operates USS Dour?,List of destroyer classes of the United States Navy,demand_lexical,19,71,-52,0,0,1,0,0,0,0,0,0,0.0,,,"[""USS Dour (AM-223)"", ""HMS Seal (1897)"", ""Elephant seal"", ""USS Mahan (DDG-42)"", ""USS Chanticleer (ASR-7)""]"
MuSiQue,musique,302,What does SEAL stand for in the military group that is part of the military branch that operates USS Dour?,List of destroyer classes of the United States Navy,llm_query_reform,19,67,-48,0,0,1,0,0,0,0,0,0,0.0,,,"[""USS Dour (AM-223)"", ""HMS Seal (1897)"", ""Elephant seal"", ""USS Mahan (DDG-42)"", ""USS Chanticleer (ASR-7)""]"
MuSiQue,musique,302,What does SEAL stand for in the military group that is part of the military branch that operates USS Dour?,List of destroyer classes of the United States Navy,llm_demand_reform,19,66,-47,0,0,1,0,0,0,0,0,0,0.0,,,"[""USS Dour (AM-223)"", ""HMS Seal (1897)"", ""Elephant seal"", ""USS Mahan (DDG-42)"", ""USS Chanticleer (ASR-7)""]"
MuSiQue,musique,302,What does SEAL stand for in the military group that is part of the military branch that operates USS Dour?,List of destroyer classes of the United States Navy,llm_demand_hyde,19,7,12,0,0,1,0,1,1,0,1,0,81.4499580152349,USS Dour (SSN-690) is a Los Angeles-class nuclear-powered attack submarine operated by the United States Navy.,title_token_overlap,"[""United States Navy SEALs"", ""United States Navy SEALs"", ""USS Dour (AM-223)"", ""United States Department of the Navy"", ""United States Air Force""]"
MuSiQue,musique,302,What does SEAL stand for in the military group that is part of the military branch that operates USS Dour?,List of destroyer classes of the United States Navy,llm_combined,19,43,-24,0,0,1,0,0,0,0,0,0,81.4499580152349,USS Dour (SSN-690) is a Los Angeles-class nuclear-powered attack submarine operated by the United States Navy.,title_token_overlap,"[""USS Dour (AM-223)"", ""United States Navy SEALs"", ""United States Navy SEALs"", ""USS Rhodes (DE-384)"", ""United States Department of the Navy""]"
MuSiQue,musique,302,What does SEAL stand for in the military group that is part of the military branch that operates USS Dour?,List of destroyer classes of the United States Navy,llm_listwise_select,19,20,-1,0,0,1,0,0,0,0,0,0,0.0,,,"[""USS Dour (AM-223)"", ""United States Navy SEALs"", ""13 Hours: The Secret Soldiers of Benghazi"", ""United States Navy SEALs"", ""Rudy Boesch""]"
MuSiQue,musique,346,When did the party Oklahoma's US Senators come from take control of the body determining the rules of the US House and US Senate?,2014 United States Senate elections,source_order,20,20,0,0,0,0,0,0,0,0,0,0,0.0,,,"[""Standing Rules of the United States Senate"", ""Party leaders of the United States Senate"", ""United States House of Representatives"", ""Oklahoma"", ""Party leaders of the United States Senate""]"
MuSiQue,musique,346,When did the party Oklahoma's US Senators come from take control of the body determining the rules of the US House and US Senate?,2014 United States Senate elections,question_lexical,20,44,-24,0,0,0,0,0,0,0,0,0,21.9835338110899,When did the party Oklahoma's US Senators come from take control of the body determining the rules of the US House and US Senate?,title_token_overlap,"[""Oklahoma"", ""Oklahoma"", ""Oklahoma"", ""Oklahoma"", ""Oklahoma""]"
MuSiQue,musique,346,When did the party Oklahoma's US Senators come from take control of the body determining the rules of the US House and US Senate?,2014 United States Senate elections,demand_lexical,20,43,-23,0,0,0,0,0,0,0,0,0,23.415351992908086,s2: When did the party take control of the body determining the rules of the US House and US Senate?,title_token_overlap,"[""Political party"", ""Oklahoma"", ""Oklahoma"", ""Oklahoma"", ""Oklahoma""]"
MuSiQue,musique,346,When did the party Oklahoma's US Senators come from take control of the body determining the rules of the US House and US Senate?,2014 United States Senate elections,llm_query_reform,20,38,-18,0,0,0,0,0,0,0,0,0,45.11607616668195,When did the party of Oklahoma's Senators gain control of the House and Senate rules,title_token_overlap,"[""Oklahoma"", ""Oklahoma"", ""Political party"", ""Oklahoma"", ""Oklahoma""]"
MuSiQue,musique,346,When did the party Oklahoma's US Senators come from take control of the body determining the rules of the US House and US Senate?,2014 United States Senate elections,llm_demand_reform,20,44,-24,0,0,0,0,0,0,0,0,0,23.415351992908086,When did [Party] take control of the body determining the rules of the US House and US Senate,title_token_overlap,"[""Political party"", ""Oklahoma"", ""Oklahoma"", ""Oklahoma"", ""Oklahoma""]"
MuSiQue,musique,346,When did the party Oklahoma's US Senators come from take control of the body determining the rules of the US House and US Senate?,2014 United States Senate elections,llm_demand_hyde,20,53,-33,0,0,0,0,0,0,0,0,0,21.165351992908086,"The Republican Party took control of the House of Representatives in 1995, marking the beginning of their dominance in the body that determines the rules of the U.S. House and Senate.",title_token_overlap,"[""Oklahoma"", ""Republican Party (United States)"", ""Oklahoma"", ""Oklahoma"", ""Oklahoma""]"
MuSiQue,musique,346,When did the party Oklahoma's US Senators come from take control of the body determining the rules of the US House and US Senate?,2014 United States Senate elections,llm_combined,20,46,-26,0,0,0,0,0,0,0,0,0,53.27560288412886,When did the party of Oklahoma's Senators gain control of the House and Senate rules,title_token_overlap,"[""Oklahoma"", ""Political party"", ""Oklahoma"", ""Oklahoma"", ""Oklahoma""]"
MuSiQue,musique,346,When did the party Oklahoma's US Senators come from take control of the body determining the rules of the US House and US Senate?,2014 United States Senate elections,llm_listwise_select,20,0,20,0,0,0,1,1,1,1,1,1,1000.0,listwise_doc_id=20,llm_listwise_selected,"[""2014 United States Senate elections"", ""Oklahoma"", ""Party leaders of the United States Senate"", ""115th United States Congress"", ""114th United States Congress""]"
MuSiQue,musique,358,"What is the average daytime temperature in the region where Richmond is found, in the state where WGCK-FM is located?",North Carolina,source_order,73,73,0,0,0,0,0,0,0,0,0,0,0.0,,,"[""WGCK-FM"", ""Richmond, Virginia"", ""WKHK"", ""WFFG-FM"", ""WXBX""]"
MuSiQue,musique,358,"What is the average daytime temperature in the region where Richmond is found, in the state where WGCK-FM is located?",North Carolina,question_lexical,73,12,61,0,0,0,0,0,1,0,0,1,9.647113172507163,"What is the average daytime temperature in the region where Richmond is found, in the state where WGCK-FM is located?",body_token_overlap,"[""WGCK-FM"", ""Richmond, Virginia"", ""Richmond, Virginia"", ""Richmond, Virginia"", ""Richmond, Virginia""]"
MuSiQue,musique,358,"What is the average daytime temperature in the region where Richmond is found, in the state where WGCK-FM is located?",North Carolina,demand_lexical,73,12,61,0,0,0,0,0,1,0,0,1,11.204766753208023,s2: What is the average daytime temperature in the region where Richmond is found? Richmond,body_token_overlap,"[""WGCK-FM"", ""Richmond, Virginia"", ""Richmond, Virginia"", ""Richmond, Virginia"", ""Richmond, Virginia""]"
MuSiQue,musique,358,"What is the average daytime temperature in the region where Richmond is found, in the state where WGCK-FM is located?",North Carolina,llm_query_reform,73,22,51,0,0,0,0,0,0,0,0,0,12.924766753208022,Average temperature in Richmond's region,body_token_overlap,"[""WGCK-FM"", ""Richmond, Virginia"", ""Richmond, Virginia"", ""Richmond, Virginia"", ""Richmond, Virginia""]"
MuSiQue,musique,358,"What is the average daytime temperature in the region where Richmond is found, in the state where WGCK-FM is located?",North Carolina,llm_demand_reform,73,12,61,0,0,0,0,0,1,0,0,1,10.647113172507163,Average daytime temperature in Richmond's region,body_token_overlap,"[""WGCK-FM"", ""Richmond, Virginia"", ""Richmond, Virginia"", ""Richmond, Virginia"", ""Richmond, Virginia""]"
MuSiQue,musique,358,"What is the average daytime temperature in the region where Richmond is found, in the state where WGCK-FM is located?",North Carolina,llm_demand_hyde,73,72,1,0,0,0,0,0,0,0,0,0,10.991975951836077,The average daytime temperature in the region where Richmond is found is approximately 72 degrees Fahrenheit.,body_token_overlap,"[""WGCK-FM"", ""Virginia"", ""Richmond, Virginia"", ""Richmond, Virginia"", ""Richmond, Virginia""]"
MuSiQue,musique,358,"What is the average daytime temperature in the region where Richmond is found, in the state where WGCK-FM is located?",North Carolina,llm_combined,73,32,41,0,0,0,0,0,0,0,0,0,19.508243855340375,Average temperature in Richmond's region,body_token_overlap,"[""WGCK-FM"", ""Richmond, Virginia"", ""Richmond, Virginia"", ""Richmond, Virginia"", ""Richmond, Virginia""]"
MuSiQue,musique,358,"What is the average daytime temperature in the region where Richmond is found, in the state where WGCK-FM is located?",North Carolina,llm_listwise_select,73,76,-3,0,0,0,0,0,0,0,0,0,0.0,,,"[""WGCK-FM"", ""Richmond, Virginia"", ""Virginia"", ""Richmond, Virginia"", ""Providence Plantation and Farm""]"
MuSiQue,musique,366,What record label does the spouse of the performer of Somethin' Bad belong to?,Pure BS,source_order,81,81,0,0,0,0,0,0,0,0,0,0,0.0,,,"[""Somethin' Bad"", ""Jesus, Take the Wheel"", ""Wherever You Are Tonight"", ""Candy Coburn"", ""Platinum""]"
MuSiQue,musique,366,What record label does the spouse of the performer of Somethin' Bad belong to?,Pure BS,question_lexical,81,92,-11,0,0,0,0,0,0,0,0,0,0.0,,,"[""Somethin' Bad"", ""I Belong to Me"", ""Marcia Griffiths & Friends"", ""Sony Music"", ""EmArcy Records""]"
MuSiQue,musique,366,What record label does the spouse of the performer of Somethin' Bad belong to?,Pure BS,demand_lexical,81,92,-11,0,0,0,0,0,0,0,0,0,0.0,,,"[""Somethin' Bad"", ""I Belong to Me"", ""Sony Music"", ""EmArcy Records"", ""Cargo Records (UK)""]"
MuSiQue,musique,366,What record label does the spouse of the performer of Somethin' Bad belong to?,Pure BS,llm_query_reform,81,58,23,0,0,0,0,0,0,0,0,0,7.807828385823216,Somethin' Bad artist information,body_token_overlap,"[""Somethin' Bad"", ""Nothing Records"", ""Marcia Griffiths & Friends"", ""I Wish Tonight Would Never End"", ""Se Va Conmigo""]"
MuSiQue,musique,366,What record label does the spouse of the performer of Somethin' Bad belong to?,Pure BS,llm_demand_reform,81,92,-11,0,0,0,0,0,0,0,0,0,0.0,,,"[""Somethin' Bad"", ""Marcia Griffiths & Friends"", ""Beyoncé"", ""Sony Music"", ""EmArcy Records""]"
MuSiQue,musique,366,What record label does the spouse of the performer of Somethin' Bad belong to?,Pure BS,llm_demand_hyde,81,81,0,0,0,0,0,0,0,0,0,0,5.583571443228393,"Joe Alwyn is signed to the record label, Atlantic Records.",body_token_overlap,"[""Somethin' Bad"", ""Apple Records"", ""Nothing Records"", ""EmArcy Records"", ""Cargo Records (UK)""]"
MuSiQue,musique,366,What record label does the spouse of the performer of Somethin' Bad belong to?,Pure BS,llm_combined,81,80,1,0,0,0,0,0,0,0,0,0,8.896627610541122,Somethin' Bad artist information,body_token_overlap,"[""Somethin' Bad"", ""I Belong to Me"", ""Nothing Records"", ""EmArcy Records"", ""Cargo Records (UK)""]"
MuSiQue,musique,366,What record label does the spouse of the performer of Somethin' Bad belong to?,Pure BS,llm_listwise_select,81,12,69,0,0,0,0,0,1,0,0,1,988.0,listwise_doc_id=81,llm_listwise_selected,"[""Somethin' Bad"", ""Jesus, Take the Wheel"", ""Rockin' You Tonight"", ""BNA Records"", ""MCA Records""]"
MuSiQue,musique,373,What is the name of the child of the Italian navigator who sailed for England and explored the east coast of the continent Francisco Vázquez' birthplace is located?,Paula Santiago,source_order,24,24,0,0,0,0,0,0,0,0,0,0,0.0,,,"[""Francisco H. Vázquez"", ""Francisco de Eliza"", ""Pedro Álvares Cabral"", ""Giovanni Battista Caviglia"", ""John Cabot""]"
MuSiQue,musique,373,What is the name of the child of the Italian navigator who sailed for England and explored the east coast of the continent Francisco Vázquez' birthplace is located?,Paula Santiago,question_lexical,24,68,-44,0,0,0,0,0,0,0,0,0,0.0,,,"[""Francisco H. Vázquez"", ""Pennell Coast"", ""Francisco de Eliza"", ""Child labour"", ""Francisco de Orellana""]"
MuSiQue,musique,373,What is the name of the child of the Italian navigator who sailed for England and explored the east coast of the continent Francisco Vázquez' birthplace is located?,Paula Santiago,demand_lexical,24,68,-44,0,0,0,0,0,0,0,0,0,0.0,,,"[""Francisco H. Vázquez"", ""Francisco de Eliza"", ""Child labour"", ""Pennell Coast"", ""Francisco de Orellana""]"
MuSiQue,musique,373,What is the name of the child of the Italian navigator who sailed for England and explored the east coast of the continent Francisco Vázquez' birthplace is located?,Paula Santiago,llm_query_reform,24,68,-44,0,0,0,0,0,0,0,0,0,0.0,,,"[""Francisco H. Vázquez"", ""Francisco de Eliza"", ""Child labour"", ""Francisco de Orellana"", ""Pennell Coast""]"
MuSiQue,musique,373,What is the name of the child of the Italian navigator who sailed for England and explored the east coast of the continent Francisco Vázquez' birthplace is located?,Paula Santiago,llm_demand_reform,24,68,-44,0,0,0,0,0,0,0,0,0,0.0,,,"[""Francisco H. Vázquez"", ""Pennell Coast"", ""Francisco de Eliza"", ""Francisco de Orellana"", ""Child labour""]"
MuSiQue,musique,373,What is the name of the child of the Italian navigator who sailed for England and explored the east coast of the continent Francisco Vázquez' birthplace is located?,Paula Santiago,llm_demand_hyde,24,42,-18,0,0,0,0,0,0,0,0,0,11.599398517642744,"John Cabot, an Italian navigator, sailed for England and explored the east coast of North America in 1497.",body_token_overlap,"[""John Cabot"", ""Sebastian Cabot (explorer)"", ""Spain"", ""Spain"", ""Francisco H. Vázquez""]"
MuSiQue,musique,373,What is the name of the child of the Italian navigator who sailed for England and explored the east coast of the continent Francisco Vázquez' birthplace is located?,Paula Santiago,llm_combined,24,64,-40,0,0,0,0,0,0,0,0,0,11.599398517642744,"John Cabot, an Italian navigator, sailed for England and explored the east coast of North America in 1497.",body_token_overlap,"[""John Cabot"", ""Sebastian Cabot (explorer)"", ""Francisco H. Vázquez"", ""Spain"", ""Spain""]"
MuSiQue,musique,373,What is the name of the child of the Italian navigator who sailed for England and explored the east coast of the continent Francisco Vázquez' birthplace is located?,Paula Santiago,llm_listwise_select,24,32,-8,0,0,0,0,0,0,0,0,0,0.0,,,"[""John Cabot"", ""Exploration of North America"", ""Sebastian Cabot (explorer)"", ""Northwest Passage"", ""Francisco de Eliza""]"
MuSiQue,musique,375,What forced the departure from the country responsible for Phoe Pyonn Cho of the people once defied by new coinage?,Myanmar,source_order,14,14,0,0,0,1,0,0,1,0,0,0,0.0,,,"[""Franco-Prussian War"", ""Phoe Pyonn Cho"", ""Gamal Abdel Nasser"", ""Coinage of India"", ""Hellenistic period""]"
MuSiQue,musique,375,What forced the departure from the country responsible for Phoe Pyonn Cho of the people once defied by new coinage?,Ottoman Empire,source_order,30,30,0,0,0,0,0,0,0,0,0,0,0.0,,,"[""Franco-Prussian War"", ""Phoe Pyonn Cho"", ""Gamal Abdel Nasser"", ""Coinage of India"", ""Hellenistic period""]"
MuSiQue,musique,375,What forced the departure from the country responsible for Phoe Pyonn Cho of the people once defied by new coinage?,Myanmar,question_lexical,14,22,-8,0,0,1,0,0,0,0,0,0,7.463941384609511,What forced the departure from the country responsible for Phoe Pyonn Cho of the people once defied by new coinage?,body_token_overlap,"[""Phoe Pyonn Cho"", ""Coinage of India"", ""People's Party (Malawi)"", ""New Coke"", ""Ottoman Empire""]"
MuSiQue,musique,375,What forced the departure from the country responsible for Phoe Pyonn Cho of the people once defied by new coinage?,Ottoman Empire,question_lexical,30,4,26,0,0,0,1,1,1,1,1,1,24.263457988636432,What forced the departure from the country responsible for Phoe Pyonn Cho of the people once defied by new coinage?,body_token_overlap,"[""Phoe Pyonn Cho"", ""Coinage of India"", ""People's Party (Malawi)"", ""New Coke"", ""Ottoman Empire""]"
MuSiQue,musique,375,What forced the departure from the country responsible for Phoe Pyonn Cho of the people once defied by new coinage?,Myanmar,demand_lexical,14,22,-8,0,0,1,0,0,0,0,0,0,8.087318007986134,s2: What forced the departure from that country of the people once defied by new coinage?,body_token_overlap,"[""Phoe Pyonn Cho"", ""Coinage of India"", ""People's Party (Malawi)"", ""New Coke"", ""Ottoman Empire""]"
MuSiQue,musique,375,What forced the departure from the country responsible for Phoe Pyonn Cho of the people once defied by new coinage?,Ottoman Empire,demand_lexical,30,4,26,0,0,0,1,1,1,1,1,1,26.1335878587663,s2: What forced the departure from that country of the people once defied by new coinage?,body_token_overlap,"[""Phoe Pyonn Cho"", ""Coinage of India"", ""People's Party (Malawi)"", ""New Coke"", ""Ottoman Empire""]"
MuSiQue,musique,375,What forced the departure from the country responsible for Phoe Pyonn Cho of the people once defied by new coinage?,Myanmar,llm_query_reform,14,22,-8,0,0,1,0,0,0,0,0,0,10.497796168944468,People defied by new coinage,body_token_overlap,"[""Phoe Pyonn Cho"", ""Coinage of India"", ""People's Party (Malawi)"", ""New Coke"", ""Ottoman Empire""]"
MuSiQue,musique,375,What forced the departure from the country responsible for Phoe Pyonn Cho of the people once defied by new coinage?,Ottoman Empire,llm_query_reform,30,4,26,0,0,0,1,1,1,1,1,1,33.58961840181826,People defied by new coinage,body_token_overlap,"[""Phoe Pyonn Cho"", ""Coinage of India"", ""People's Party (Malawi)"", ""New Coke"", ""Ottoman Empire""]"
MuSiQue,musique,375,What forced the departure from the country responsible for Phoe Pyonn Cho of the people once defied by new coinage?,Myanmar,llm_demand_reform,14,15,-1,0,0,1,0,0,1,0,0,0,7.57303229370042,reason for departure of people defied by new coinage from country responsible for Phoe Pyonn Cho,body_token_overlap,"[""Phoe Pyonn Cho"", ""Coinage of India"", ""People's Party (Malawi)"", ""New Coke"", ""Ottoman Empire""]"
MuSiQue,musique,375,What forced the departure from the country responsible for Phoe Pyonn Cho of the people once defied by new coinage?,Ottoman Empire,llm_demand_reform,30,4,26,0,0,0,1,1,1,1,1,1,24.59073071590916,reason for departure of people defied by new coinage from country responsible for Phoe Pyonn Cho,body_token_overlap,"[""Phoe Pyonn Cho"", ""Coinage of India"", ""People's Party (Malawi)"", ""New Coke"", ""Ottoman Empire""]"
MuSiQue,musique,375,What forced the departure from the country responsible for Phoe Pyonn Cho of the people once defied by new coinage?,Myanmar,llm_demand_hyde,14,12,2,0,0,1,0,0,1,0,0,0,6.944460865128991,"The people once defied by new coinage in the Kingdom of Siam were forced to leave due to economic pressures and political instability caused by the introduction of the new currency, leading to widespread discontent and migration.",body_token_overlap,"[""Phoe Pyonn Cho"", ""History of Vietnam"", ""Kingdom of Israel (Samaria)"", ""Kingdom of Naples"", ""Coinage of India""]"
MuSiQue,musique,375,What forced the departure from the country responsible for Phoe Pyonn Cho of the people once defied by new coinage?,Ottoman Empire,llm_demand_hyde,30,10,20,0,0,0,0,0,1,0,0,1,32.94426752411903,"The people once defied by new coinage in the Kingdom of Siam were forced to leave due to economic pressures and political instability caused by the introduction of the new currency, leading to widespread discontent and migration.",body_token_overlap,"[""Phoe Pyonn Cho"", ""History of Vietnam"", ""Kingdom of Israel (Samaria)"", ""Kingdom of Naples"", ""Coinage of India""]"
MuSiQue,musique,375,What forced the departure from the country responsible for Phoe Pyonn Cho of the people once defied by new coinage?,Myanmar,llm_combined,14,13,1,0,0,1,0,0,1,0,0,0,13.210373508962334,People defied by new coinage,body_token_overlap,"[""Phoe Pyonn Cho"", ""Coinage of India"", ""New Coke"", ""Kingdom of Israel (Samaria)"", ""History of Vietnam""]"
MuSiQue,musique,375,What forced the departure from the country responsible for Phoe Pyonn Cho of the people once defied by new coinage?,Ottoman Empire,llm_combined,30,9,21,0,0,0,0,1,1,0,1,1,46.22896112489828,"The people once defied by new coinage in the Kingdom of Siam were forced to leave due to economic pressures and political instability caused by the introduction of the new currency, leading to widespread discontent and migration.",body_token_overlap,"[""Phoe Pyonn Cho"", ""Coinage of India"", ""New Coke"", ""Kingdom of Israel (Samaria)"", ""History of Vietnam""]"
MuSiQue,musique,375,What forced the departure from the country responsible for Phoe Pyonn Cho of the people once defied by new coinage?,Myanmar,llm_listwise_select,14,3,11,0,0,1,1,1,1,1,1,0,997.0,listwise_doc_id=14,llm_listwise_selected,"[""Phoe Pyonn Cho"", ""Trail of Tears"", ""Names of Myanmar"", ""Myanmar"", ""Myanmar""]"
MuSiQue,musique,375,What forced the departure from the country responsible for Phoe Pyonn Cho of the people once defied by new coinage?,Ottoman Empire,llm_listwise_select,30,39,-9,0,0,0,0,0,0,0,0,0,0.0,,,"[""Phoe Pyonn Cho"", ""Trail of Tears"", ""Names of Myanmar"", ""Myanmar"", ""Myanmar""]"
MuSiQue,musique,379,"When did Nissan, the Acura Legend maker and the Scion xD manufacturer open US assembly plants?",Scion xD,source_order,6,6,0,0,1,1,0,1,1,0,0,0,0.0,,,"[""1973 oil crisis"", ""Acura Legend"", ""Acura RL"", ""Acura RLX"", ""Acura EL""]"
MuSiQue,musique,379,"When did Nissan, the Acura Legend maker and the Scion xD manufacturer open US assembly plants?",Scion xD,question_lexical,6,1,5,0,1,1,1,1,1,1,0,0,127.27440361646508,"When did Nissan, the Acura Legend maker and the Scion xD manufacturer open US assembly plants?",title_token_overlap,"[""Acura Legend"", ""Scion xD"", ""Scion (automobile)"", ""Acura RL"", ""Acura RL""]"
MuSiQue,musique,379,"When did Nissan, the Acura Legend maker and the Scion xD manufacturer open US assembly plants?",Scion xD,demand_lexical,6,1,5,0,1,1,1,1,1,1,0,0,128.9886893307508,"s1: Which company is Nissan, the Acura Legend maker and the Scion xD manufacturer? Nissan Acura Legend maker Scion xD manufacturer",title_token_overlap,"[""Acura Legend"", ""Scion xD"", ""Scion (automobile)"", ""Acura RL"", ""Acura RL""]"
MuSiQue,musique,379,"When did Nissan, the Acura Legend maker and the Scion xD manufacturer open US assembly plants?",Scion xD,llm_query_reform,6,1,5,0,1,1,1,1,1,1,0,0,165.8456087353627,Scion xD manufacturer US assembly plants,title_token_overlap,"[""Acura Legend"", ""Scion xD"", ""Scion (automobile)"", ""Acura RL"", ""Acura RL""]"
MuSiQue,musique,379,"When did Nissan, the Acura Legend maker and the Scion xD manufacturer open US assembly plants?",Scion xD,llm_demand_reform,6,1,5,0,1,1,1,1,1,1,0,0,130.27440361646507,Nissan Acura Legend Scion xD manufacturer company,title_token_overlap,"[""Acura Legend"", ""Scion xD"", ""Scion (automobile)"", ""Acura RL"", ""Acura RL""]"
MuSiQue,musique,379,"When did Nissan, the Acura Legend maker and the Scion xD manufacturer open US assembly plants?",Scion xD,llm_demand_hyde,6,2,4,0,1,1,1,1,1,1,0,0,125.08816731134763,Nissan Motor Corporation is a Japanese automaker that produces vehicles such as the Acura Legend and Scion xD. The company has a significant presence in the United States through its various manufacturing operations.,title_token_overlap,"[""Acura Legend"", ""Scion (automobile)"", ""Scion xD"", ""Ford Motor Company Assembly Plant"", ""Acura RL""]"
MuSiQue,musique,379,"When did Nissan, the Acura Legend maker and the Scion xD manufacturer open US assembly plants?",Scion xD,llm_combined,6,1,5,0,1,1,1,1,1,1,0,0,212.4857506285799,Scion xD manufacturer US assembly plants,title_token_overlap,"[""Acura Legend"", ""Scion xD"", ""Scion (automobile)"", ""Ford Motor Company Assembly Plant"", ""Acura RL""]"
MuSiQue,musique,379,"When did Nissan, the Acura Legend maker and the Scion xD manufacturer open US assembly plants?",Scion xD,llm_listwise_select,6,2,4,0,1,1,1,1,1,1,0,0,998.0,listwise_doc_id=6,llm_listwise_selected,"[""Datsun"", ""Acura Legend"", ""Scion xD"", ""Acura RL"", ""Acura RL""]"
MuSiQue,musique,400,"A country's military branch, the equivalent of which in the US contains the Air Defense Artillery, was unprepared for the invasion of Ivo Werner's country. When was the word ""Slavs"" used in the national anthem of the unprepared country?",United States Army,source_order,32,32,0,0,0,0,0,0,0,0,0,0,0.0,,,"[""Slavs"", ""Josip Broz Tito"", ""Czech Republic"", ""Slavs"", ""Slavs""]"
MuSiQue,musique,400,"A country's military branch, the equivalent of which in the US contains the Air Defense Artillery, was unprepared for the invasion of Ivo Werner's country. When was the word ""Slavs"" used in the national anthem of the unprepared country?",United States Army,question_lexical,32,16,16,0,0,0,0,0,1,0,0,1,26.513863887370263,"A country's military branch, the equivalent of which in the US contains the Air Defense Artillery, was unprepared for the invasion of Ivo Werner's country. When was the word ""Slavs"" used in the national anthem of the unprepared country?",body_token_overlap,"[""Ivo Werner"", ""Slavs"", ""Slavs"", ""Slavs"", ""Slavs""]"
MuSiQue,musique,400,"A country's military branch, the equivalent of which in the US contains the Air Defense Artillery, was unprepared for the invasion of Ivo Werner's country. When was the word ""Slavs"" used in the national anthem of the unprepared country?",United States Army,demand_lexical,32,21,11,0,0,0,0,0,0,0,0,0,22.919914030088915,s1: Which country's military branch is equivalent to the US Air Defense Artillery? Air Defense Artillery,body_token_overlap,"[""Ivo Werner"", ""Slavs"", ""Slavs"", ""Slavs"", ""Slavs""]"
MuSiQue,musique,400,"A country's military branch, the equivalent of which in the US contains the Air Defense Artillery, was unprepared for the invasion of Ivo Werner's country. When was the word ""Slavs"" used in the national anthem of the unprepared country?",United States Army,llm_query_reform,32,17,15,0,0,0,0,0,1,0,0,1,33.771241363057776,Country equivalent to US Air Defense Artillery,body_token_overlap,"[""Ivo Werner"", ""Slavs"", ""Slavs"", ""Slavs"", ""Slavs""]"
MuSiQue,musique,400,"A country's military branch, the equivalent of which in the US contains the Air Defense Artillery, was unprepared for the invasion of Ivo Werner's country. When was the word ""Slavs"" used in the national anthem of the unprepared country?",United States Army,llm_demand_reform,32,22,10,0,0,0,0,0,0,0,0,0,21.419914030088915,US Air Defense Artillery equivalent military branch in other countries,body_token_overlap,"[""Ivo Werner"", ""Slavs"", ""Slavs"", ""Slavs"", ""Slavs""]"
MuSiQue,musique,400,"A country's military branch, the equivalent of which in the US contains the Air Defense Artillery, was unprepared for the invasion of Ivo Werner's country. When was the word ""Slavs"" used in the national anthem of the unprepared country?",United States Army,llm_demand_hyde,32,42,-10,0,0,0,0,0,0,0,0,0,22.577922485540302,"The invasion of Ukraine by Russia in 2014 highlighted the unpreparedness of certain military branches, including the Air Defense Forces, in dealing with modern warfare scenarios.",body_token_overlap,"[""Slavs"", ""Slavs"", ""Slavs"", ""Slavs"", ""Slavs""]"
MuSiQue,musique,400,"A country's military branch, the equivalent of which in the US contains the Air Defense Artillery, was unprepared for the invasion of Ivo Werner's country. When was the word ""Slavs"" used in the national anthem of the unprepared country?",United States Army,llm_combined,32,30,2,0,0,0,0,0,0,0,0,0,45.57636116753214,Country equivalent to US Air Defense Artillery,body_token_overlap,"[""Ivo Werner"", ""Slavs"", ""Slavs"", ""Slavs"", ""Slavs""]"
MuSiQue,musique,400,"A country's military branch, the equivalent of which in the US contains the Air Defense Artillery, was unprepared for the invasion of Ivo Werner's country. When was the word ""Slavs"" used in the national anthem of the unprepared country?",United States Army,llm_listwise_select,32,43,-11,0,0,0,0,0,0,0,0,0,0.0,,,"[""Josip Broz Tito"", ""Ivo Werner"", ""Slavs"", ""Czechoslovakia"", ""Battle of Osijek""]"
MuSiQue,musique,402,Who is the wife of the man who produced the documentary of the pop star who influenced Beyonce?,Liza and David,source_order,33,33,0,0,0,0,0,0,0,0,0,0,0.0,,,"[""Michael Jackson: The Life of an Icon"", ""Beyoncé"", ""Nine Days that Changed the World"", ""Beyoncé"", ""Beyoncé""]"
MuSiQue,musique,402,Who is the wife of the man who produced the documentary of the pop star who influenced Beyonce?,Liza and David,question_lexical,33,70,-37,0,0,0,0,0,0,0,0,0,0.0,,,"[""Beyoncé"", ""Beyoncé"", ""Beyoncé"", ""Beyoncé"", ""Beyoncé""]"
MuSiQue,musique,402,Who is the wife of the man who produced the documentary of the pop star who influenced Beyonce?,Liza and David,demand_lexical,33,72,-39,0,0,0,0,0,0,0,0,0,0.0,,,"[""Beyoncé"", ""Beyoncé"", ""Beyoncé"", ""Beyoncé"", ""Beyoncé""]"
MuSiQue,musique,402,Who is the wife of the man who produced the documentary of the pop star who influenced Beyonce?,Liza and David,llm_query_reform,33,66,-33,0,0,0,0,0,0,0,0,0,0.0,,,"[""Beyoncé"", ""Beyoncé"", ""Beyoncé"", ""Beyoncé"", ""Beyoncé""]"
MuSiQue,musique,402,Who is the wife of the man who produced the documentary of the pop star who influenced Beyonce?,Liza and David,llm_demand_reform,33,66,-33,0,0,0,0,0,0,0,0,0,0.0,,,"[""Beyoncé"", ""Beyoncé"", ""Beyoncé"", ""Beyoncé"", ""Beyoncé""]"
MuSiQue,musique,402,Who is the wife of the man who produced the documentary of the pop star who influenced Beyonce?,Liza and David,llm_demand_hyde,33,62,-29,0,0,0,0,0,0,0,0,0,11.312854383659117,"Jonathan Demme, the producer of 'Truth or Dare', is married to Jennifer Jason Leigh, an acclaimed actress known for her roles in film and television.",body_token_overlap,"[""Beyoncé"", ""Madonna (entertainer)"", ""Beyoncé"", ""Beyoncé"", ""Beyoncé""]"
MuSiQue,musique,402,Who is the wife of the man who produced the documentary of the pop star who influenced Beyonce?,Liza and David,llm_combined,33,76,-43,0,0,0,0,0,0,0,0,0,11.312854383659117,"Jonathan Demme, the producer of 'Truth or Dare', is married to Jennifer Jason Leigh, an acclaimed actress known for her roles in film and television.",body_token_overlap,"[""Beyoncé"", ""Beyoncé"", ""Beyoncé"", ""Beyoncé"", ""Beyoncé""]"
MuSiQue,musique,402,Who is the wife of the man who produced the documentary of the pop star who influenced Beyonce?,Liza and David,llm_listwise_select,33,2,31,0,0,0,1,1,1,1,1,1,998.0,listwise_doc_id=33,llm_listwise_selected,"[""Beyoncé"", ""Michael Jackson: The Life of an Icon"", ""Liza and David"", ""Nine Days that Changed the World"", ""Beyoncé""]"
MuSiQue,musique,413,"When did Nissan, the Acura Legend maker and the top selling car brand open US assembly plants?",List of best-selling automobiles,source_order,12,12,0,0,0,1,0,0,1,0,0,0,0.0,,,"[""1973 oil crisis"", ""Acura Legend"", ""Acura RL"", ""Acura EL"", ""Acura MDX""]"
MuSiQue,musique,413,"When did Nissan, the Acura Legend maker and the top selling car brand open US assembly plants?",List of best-selling automobiles,question_lexical,12,11,1,0,0,1,0,0,1,0,0,0,44.842808873850345,"When did Nissan, the Acura Legend maker and the top selling car brand open US assembly plants?",title_token_overlap,"[""Acura Legend"", ""Acura RL"", ""Acura RL"", ""Acura EL"", ""Acura ZDX""]"
MuSiQue,musique,413,"When did Nissan, the Acura Legend maker and the top selling car brand open US assembly plants?",List of best-selling automobiles,demand_lexical,12,54,-42,0,0,1,0,0,0,0,0,0,7.138847354930723,s2: When did Nissan open its first US assembly plant? Nissan US assembly plants,body_token_overlap,"[""Acura Legend"", ""Acura RL"", ""Acura RL"", ""Janesville Assembly Plant"", ""Acura EL""]"
MuSiQue,musique,413,"When did Nissan, the Acura Legend maker and the top selling car brand open US assembly plants?",List of best-selling automobiles,llm_query_reform,12,29,-17,0,0,1,0,0,0,0,0,0,21.706278134438588,Nissan US assembly plants history,body_token_overlap,"[""Acura Legend"", ""Acura RL"", ""Acura RL"", ""Janesville Assembly Plant"", ""Acura EL""]"
MuSiQue,musique,413,"When did Nissan, the Acura Legend maker and the top selling car brand open US assembly plants?",List of best-selling automobiles,llm_demand_reform,12,55,-43,0,0,1,0,0,0,0,0,0,7.186847354930723,Nissan first US assembly plant opening date,body_token_overlap,"[""Acura Legend"", ""Acura RL"", ""Acura RL"", ""Janesville Assembly Plant"", ""Acura EL""]"
MuSiQue,musique,413,"When did Nissan, the Acura Legend maker and the top selling car brand open US assembly plants?",List of best-selling automobiles,llm_demand_hyde,12,33,-21,0,0,1,0,0,0,0,0,0,25.27241498358483,"Nissan, a Japanese automaker, is known for manufacturing the Acura Legend, which was produced from 1986 to 1994. The Acura Legend was a luxury sedan that was also sold under the Nissan brand in some markets.",body_token_overlap,"[""Acura Legend"", ""American Thermos Bottle Company Laurel Hill Plant"", ""Ford Motor Company Assembly Plant"", ""Acura RL"", ""Nissan Fuga""]"
MuSiQue,musique,413,"When did Nissan, the Acura Legend maker and the top selling car brand open US assembly plants?",List of best-selling automobiles,llm_combined,12,28,-16,0,0,1,0,0,0,0,0,0,35.52790800437219,"Nissan, a Japanese automaker, is known for manufacturing the Acura Legend, which was produced from 1986 to 1994. The Acura Legend was a luxury sedan that was also sold under the Nissan brand in some markets.",body_token_overlap,"[""Acura Legend"", ""Acura RL"", ""Acura RL"", ""Janesville Assembly Plant"", ""Nissan Fuga""]"
MuSiQue,musique,413,"When did Nissan, the Acura Legend maker and the top selling car brand open US assembly plants?",List of best-selling automobiles,llm_listwise_select,12,12,0,0,0,1,0,0,1,0,0,0,0.0,,,"[""Acura Legend"", ""Acura RL"", ""Automotive industry"", ""1973 oil crisis"", ""Acura RL""]"
MuSiQue,musique,441,Who owns the record label of the Every Turn of the World performer?,Back of My Mind,source_order,35,35,0,0,0,0,0,0,0,0,0,0,0.0,,,"[""Every Turn of the World"", ""Turn Me On (Mark Dinning song)"", ""Midnight Blue (Kenny Burrell album)"", ""Madonna (entertainer)"", ""I'll Cry If I Want To""]"
MuSiQue,musique,441,Who owns the record label of the Every Turn of the World performer?,Warner Records,source_order,21,21,0,0,0,0,0,0,0,0,0,0,0.0,,,"[""Every Turn of the World"", ""Turn Me On (Mark Dinning song)"", ""Midnight Blue (Kenny Burrell album)"", ""Madonna (entertainer)"", ""I'll Cry If I Want To""]"
MuSiQue,musique,441,Who owns the record label of the Every Turn of the World performer?,Back of My Mind,question_lexical,35,75,-40,0,0,0,0,0,0,0,0,0,0.0,,,"[""Every Turn of the World"", ""Turn Me On (Mark Dinning song)"", ""Colour My World (album)"", ""Every Little Step"", ""Phonograph record""]"
MuSiQue,musique,441,Who owns the record label of the Every Turn of the World performer?,Warner Records,question_lexical,21,71,-50,0,0,0,0,0,0,0,0,0,0.0,,,"[""Every Turn of the World"", ""Turn Me On (Mark Dinning song)"", ""Colour My World (album)"", ""Every Little Step"", ""Phonograph record""]"
MuSiQue,musique,441,Who owns the record label of the Every Turn of the World performer?,Back of My Mind,demand_lexical,35,82,-47,0,0,0,0,0,0,0,0,0,0.0,,,"[""Every Turn of the World"", ""I Belong to Me"", ""Turn Me On (Mark Dinning song)"", ""Phonograph record"", ""Every Little Step""]"
MuSiQue,musique,441,Who owns the record label of the Every Turn of the World performer?,Warner Records,demand_lexical,21,80,-59,0,0,0,0,0,0,0,0,0,0.0,,,"[""Every Turn of the World"", ""I Belong to Me"", ""Turn Me On (Mark Dinning song)"", ""Phonograph record"", ""Every Little Step""]"
MuSiQue,musique,441,Who owns the record label of the Every Turn of the World performer?,Back of My Mind,llm_query_reform,35,81,-46,0,0,0,0,0,0,0,0,0,0.0,,,"[""Every Turn of the World"", ""Turn Me On (Mark Dinning song)"", ""Colour My World (album)"", ""Every Little Step"", ""Phonograph record""]"
MuSiQue,musique,441,Who owns the record label of the Every Turn of the World performer?,Warner Records,llm_query_reform,21,77,-56,0,0,0,0,0,0,0,0,0,0.0,,,"[""Every Turn of the World"", ""Turn Me On (Mark Dinning song)"", ""Colour My World (album)"", ""Every Little Step"", ""Phonograph record""]"
MuSiQue,musique,441,Who owns the record label of the Every Turn of the World performer?,Back of My Mind,llm_demand_reform,35,82,-47,0,0,0,0,0,0,0,0,0,0.0,,,"[""Every Turn of the World"", ""Turn Me On (Mark Dinning song)"", ""Every Little Step"", ""Colour My World (album)"", ""Phonograph record""]"
MuSiQue,musique,441,Who owns the record label of the Every Turn of the World performer?,Warner Records,llm_demand_reform,21,80,-59,0,0,0,0,0,0,0,0,0,0.0,,,"[""Every Turn of the World"", ""Turn Me On (Mark Dinning song)"", ""Every Little Step"", ""Colour My World (album)"", ""Phonograph record""]"
MuSiQue,musique,441,Who owns the record label of the Every Turn of the World performer?,Back of My Mind,llm_demand_hyde,35,34,1,0,0,0,0,0,0,0,0,0,18.50195166034734,"James Blunt is signed to the record label Universal Music Group through its subsidiary, Polydor Records.",body_token_overlap,"[""Every Turn of the World"", ""Equity Music Group"", ""Turn Me On (Mark Dinning song)"", ""Sony Music"", ""Sony Music""]"
MuSiQue,musique,441,Who owns the record label of the Every Turn of the World performer?,Warner Records,llm_demand_hyde,21,13,8,0,0,0,0,0,1,0,0,1,52.14033332627792,"James Blunt is signed to the record label Universal Music Group through its subsidiary, Polydor Records.",title_token_overlap,"[""Every Turn of the World"", ""Equity Music Group"", ""Turn Me On (Mark Dinning song)"", ""Sony Music"", ""Sony Music""]"
MuSiQue,musique,441,Who owns the record label of the Every Turn of the World performer?,Back of My Mind,llm_combined,35,58,-23,0,0,0,0,0,0,0,0,0,18.50195166034734,"James Blunt is signed to the record label Universal Music Group through its subsidiary, Polydor Records.",body_token_overlap,"[""Every Turn of the World"", ""Turn Me On (Mark Dinning song)"", ""Colour My World (album)"", ""Every Little Step"", ""Phonograph record""]"
MuSiQue,musique,441,Who owns the record label of the Every Turn of the World performer?,Warner Records,llm_combined,21,22,-1,0,0,0,0,0,0,0,0,0,52.14033332627792,"James Blunt is signed to the record label Universal Music Group through its subsidiary, Polydor Records.",title_token_overlap,"[""Every Turn of the World"", ""Turn Me On (Mark Dinning song)"", ""Colour My World (album)"", ""Every Little Step"", ""Phonograph record""]"
MuSiQue,musique,441,Who owns the record label of the Every Turn of the World performer?,Back of My Mind,llm_listwise_select,35,1,34,0,0,0,1,1,1,1,1,1,999.0,listwise_doc_id=35,llm_listwise_selected,"[""Every Turn of the World"", ""Back of My Mind"", ""Warner Records"", ""Don't Be Cruel (album)"", ""Talk to Me (Anita Baker song)""]"
MuSiQue,musique,441,Who owns the record label of the Every Turn of the World performer?,Warner Records,llm_listwise_select,21,2,19,0,0,0,1,1,1,1,1,1,998.0,listwise_doc_id=21,llm_listwise_selected,"[""Every Turn of the World"", ""Back of My Mind"", ""Warner Records"", ""Don't Be Cruel (album)"", ""Talk to Me (Anita Baker song)""]"
MuSiQue,musique,453,"The German priest, who wanted Joseph Strickland's religious denomination to reform, preached a sermon on Marian devotion soon before his death in what German state?",Reformation,source_order,4,4,0,1,1,1,1,1,1,0,0,0,0.0,,,"[""Joseph Strickland"", ""Mary, mother of Jesus"", ""Mary, mother of Jesus"", ""Wittenberg (district)"", ""Reformation""]"
MuSiQue,musique,453,"The German priest, who wanted Joseph Strickland's religious denomination to reform, preached a sermon on Marian devotion soon before his death in what German state?",Reformation,question_lexical,4,22,-18,1,1,1,0,0,0,0,0,0,13.890820221261855,"The German priest, who wanted Joseph Strickland's religious denomination to reform, preached a sermon on Marian devotion soon before his death in what German state?",body_token_overlap,"[""Joseph Strickland"", ""Mary, mother of Jesus"", ""Joseph De Piro"", ""Black Death"", ""Joseph Abiodun Adetiloye""]"
MuSiQue,musique,453,"The German priest, who wanted Joseph Strickland's religious denomination to reform, preached a sermon on Marian devotion soon before his death in what German state?",Reformation,demand_lexical,4,55,-51,1,1,1,0,0,0,0,0,0,6.9419433467251865,s2: In which German state did the German priest preach a sermon on Marian devotion before his death? German priest Marian devotion death,body_token_overlap,"[""Joseph Strickland"", ""Mary, mother of Jesus"", ""Joseph De Piro"", ""Black Death"", ""Joseph Abiodun Adetiloye""]"
MuSiQue,musique,453,"The German priest, who wanted Joseph Strickland's religious denomination to reform, preached a sermon on Marian devotion soon before his death in what German state?",Reformation,llm_query_reform,4,56,-52,1,1,1,0,0,0,0,0,0,9.18221020787,Joseph Strickland religious denomination reform,body_token_overlap,"[""Joseph Strickland"", ""Joseph De Piro"", ""Joseph Abiodun Adetiloye"", ""Black Death"", ""German revolutions of 1848–49""]"
MuSiQue,musique,453,"The German priest, who wanted Joseph Strickland's religious denomination to reform, preached a sermon on Marian devotion soon before his death in what German state?",Reformation,llm_demand_reform,4,69,-65,1,1,1,0,0,0,0,0,0,0.0,,,"[""Joseph Strickland"", ""Joseph De Piro"", ""Marian reforms"", ""Black Death"", ""Mary, mother of Jesus""]"
MuSiQue,musique,453,"The German priest, who wanted Joseph Strickland's religious denomination to reform, preached a sermon on Marian devotion soon before his death in what German state?",Reformation,llm_demand_hyde,4,48,-44,1,1,1,0,0,0,0,0,0,10.33069339497373,"Joseph Strickland was a prominent figure in the Catholic Church in Germany, associated with the state of North Rhine-Westphalia.",body_token_overlap,"[""Joseph Strickland"", ""Mary, mother of Jesus"", ""Catholic Church in Lesotho"", ""Catholic Church in England and Wales"", ""Joseph De Piro""]"
MuSiQue,musique,453,"The German priest, who wanted Joseph Strickland's religious denomination to reform, preached a sermon on Marian devotion soon before his death in what German state?",Reformation,llm_combined,4,69,-65,1,1,1,0,0,0,0,0,0,12.265591821525152,"Joseph Strickland was a prominent figure in the Catholic Church in Germany, associated with the state of North Rhine-Westphalia.",body_token_overlap,"[""Joseph Strickland"", ""Mary, mother of Jesus"", ""Joseph De Piro"", ""Joseph Abiodun Adetiloye"", ""Black Death""]"
MuSiQue,musique,453,"The German priest, who wanted Joseph Strickland's religious denomination to reform, preached a sermon on Marian devotion soon before his death in what German state?",Reformation,llm_listwise_select,4,19,-15,1,1,1,0,0,1,0,0,0,0.0,,,"[""Bernhard Lichtenberg"", ""Szlachta"", ""German revolutions of 1848–49"", ""Leipzig (district)"", ""Protestantism""]"
MuSiQue,musique,492,who has had the most hits in the league that includes the team that has played the most games of the type played just before the league MVP is awarded?,New York Yankees,source_order,39,39,0,0,0,0,0,0,0,0,0,0,0.0,,,"[""List of Major League Baseball single-game hits leaders"", ""Major League Baseball Most Valuable Player Award"", ""NBA Most Valuable Player Award"", ""World Series Most Valuable Player Award"", ""Hart Memorial Trophy""]"
MuSiQue,musique,492,who has had the most hits in the league that includes the team that has played the most games of the type played just before the league MVP is awarded?,World Series,source_order,6,6,0,0,1,1,0,1,1,0,0,0,0.0,,,"[""List of Major League Baseball single-game hits leaders"", ""Major League Baseball Most Valuable Player Award"", ""NBA Most Valuable Player Award"", ""World Series Most Valuable Player Award"", ""Hart Memorial Trophy""]"
MuSiQue,musique,492,who has had the most hits in the league that includes the team that has played the most games of the type played just before the league MVP is awarded?,New York Yankees,question_lexical,39,70,-31,0,0,0,0,0,0,0,0,0,8.5788274319459,who has had the most hits in the league that includes the team that has played the most games of the type played just before the league MVP is awarded?,body_token_overlap,"[""List of Major League Baseball career hits leaders"", ""Major League Baseball Most Valuable Player Award"", ""List of Major League Baseball single-game hits leaders"", ""List of Major League Baseball All-Star Games"", ""Major League Baseball schedule""]"
MuSiQue,musique,492,who has had the most hits in the league that includes the team that has played the most games of the type played just before the league MVP is awarded?,World Series,question_lexical,6,27,-21,0,1,1,0,0,0,0,0,0,21.095931076193466,who has had the most hits in the league that includes the team that has played the most games of the type played just before the league MVP is awarded?,body_token_overlap,"[""List of Major League Baseball career hits leaders"", ""Major League Baseball Most Valuable Player Award"", ""List of Major League Baseball single-game hits leaders"", ""List of Major League Baseball All-Star Games"", ""Major League Baseball schedule""]"
MuSiQue,musique,492,who has had the most hits in the league that includes the team that has played the most games of the type played just before the league MVP is awarded?,New York Yankees,demand_lexical,39,59,-20,0,0,0,0,0,0,0,0,0,16.53437686068065,s2: Which league includes that team?,body_token_overlap,"[""List of Major League Baseball career hits leaders"", ""List of Major League Baseball single-game hits leaders"", ""Major League Baseball Most Valuable Player Award"", ""Major League Baseball All-Star Game Most Valuable Player Award"", ""List of Major League Baseball All-Star Games""]"
MuSiQue,musique,492,who has had the most hits in the league that includes the team that has played the most games of the type played just before the league MVP is awarded?,World Series,demand_lexical,6,32,-26,0,1,1,0,0,0,0,0,0,23.708389917198232,s1: Which team has played the most games of the type played just before the league MVP is awarded?,body_token_overlap,"[""List of Major League Baseball career hits leaders"", ""List of Major League Baseball single-game hits leaders"", ""Major League Baseball Most Valuable Player Award"", ""Major League Baseball All-Star Game Most Valuable Player Award"", ""List of Major League Baseball All-Star Games""]"
MuSiQue,musique,492,who has had the most hits in the league that includes the team that has played the most games of the type played just before the league MVP is awarded?,New York Yankees,llm_query_reform,39,82,-43,0,0,0,0,0,0,0,0,0,15.311266748256296,league that includes the team with most games before MVP award,body_token_overlap,"[""Major League Baseball Most Valuable Player Award"", ""Major League Baseball All-Star Game Most Valuable Player Award"", ""Super Bowl Most Valuable Player Award"", ""NBA Most Valuable Player Award"", ""World Series Most Valuable Player Award""]"
MuSiQue,musique,492,who has had the most hits in the league that includes the team that has played the most games of the type played just before the league MVP is awarded?,World Series,llm_query_reform,6,62,-56,0,1,1,0,0,0,0,0,0,24.775674327419726,team with most games played before MVP award,body_token_overlap,"[""Major League Baseball Most Valuable Player Award"", ""Major League Baseball All-Star Game Most Valuable Player Award"", ""Super Bowl Most Valuable Player Award"", ""NBA Most Valuable Player Award"", ""World Series Most Valuable Player Award""]"
MuSiQue,musique,492,who has had the most hits in the league that includes the team that has played the most games of the type played just before the league MVP is awarded?,New York Yankees,llm_demand_reform,39,74,-35,0,0,0,0,0,0,0,0,0,11.805746015612915,team with most games played before league MVP award,body_token_overlap,"[""Major League Baseball Most Valuable Player Award"", ""Major League Baseball All-Star Game Most Valuable Player Award"", ""Super Bowl Most Valuable Player Award"", ""NBA Most Valuable Player Award"", ""World Series Most Valuable Player Award""]"
MuSiQue,musique,492,who has had the most hits in the league that includes the team that has played the most games of the type played just before the league MVP is awarded?,World Series,llm_demand_reform,6,60,-54,0,1,1,0,0,0,0,0,0,18.340238744811145,team with most games played before league MVP award,body_token_overlap,"[""Major League Baseball Most Valuable Player Award"", ""Major League Baseball All-Star Game Most Valuable Player Award"", ""Super Bowl Most Valuable Player Award"", ""NBA Most Valuable Player Award"", ""World Series Most Valuable Player Award""]"
MuSiQue,musique,492,who has had the most hits in the league that includes the team that has played the most games of the type played just before the league MVP is awarded?,New York Yankees,llm_demand_hyde,39,0,39,0,0,0,1,1,1,1,1,1,198.63391230350166,The New York Yankees are part of the American League.,title_token_overlap,"[""New York Yankees"", ""New York Yankees"", ""New York City"", ""Major League Baseball All-Star Game Most Valuable Player Award"", ""Dodgers–Yankees rivalry""]"
MuSiQue,musique,492,who has had the most hits in the league that includes the team that has played the most games of the type played just before the league MVP is awarded?,World Series,llm_demand_hyde,6,23,-17,0,1,1,0,0,0,0,0,0,39.50016560364686,The team that has played the most games of the type played just before the league MVP is awarded is the New York Yankees.,body_token_overlap,"[""New York Yankees"", ""New York Yankees"", ""New York City"", ""Major League Baseball All-Star Game Most Valuable Player Award"", ""Dodgers–Yankees rivalry""]"
MuSiQue,musique,492,who has had the most hits in the league that includes the team that has played the most games of the type played just before the league MVP is awarded?,New York Yankees,llm_combined,39,1,38,0,0,0,1,1,1,1,1,1,212.59719750771433,The New York Yankees are part of the American League.,title_token_overlap,"[""Major League Baseball Most Valuable Player Award"", ""New York Yankees"", ""New York Yankees"", ""Major League Baseball All-Star Game Most Valuable Player Award"", ""Super Bowl Most Valuable Player Award""]"
MuSiQue,musique,492,who has had the most hits in the league that includes the team that has played the most games of the type played just before the league MVP is awarded?,World Series,llm_combined,6,45,-39,0,1,1,0,0,0,0,0,0,58.352649889780594,The team that has played the most games of the type played just before the league MVP is awarded is the New York Yankees.,body_token_overlap,"[""Major League Baseball Most Valuable Player Award"", ""New York Yankees"", ""New York Yankees"", ""Major League Baseball All-Star Game Most Valuable Player Award"", ""Super Bowl Most Valuable Player Award""]"
MuSiQue,musique,492,who has had the most hits in the league that includes the team that has played the most games of the type played just before the league MVP is awarded?,New York Yankees,llm_listwise_select,39,48,-9,0,0,0,0,0,0,0,0,0,0.0,,,"[""Major League Baseball Most Valuable Player Award"", ""Major League Baseball schedule"", ""Super Bowl Most Valuable Player Award"", ""Kobe Bryant"", ""Miguel Cabrera""]"
MuSiQue,musique,492,who has had the most hits in the league that includes the team that has played the most games of the type played just before the league MVP is awarded?,World Series,llm_listwise_select,6,19,-13,0,1,1,0,0,1,0,0,0,0.0,,,"[""Major League Baseball Most Valuable Player Award"", ""Major League Baseball schedule"", ""Super Bowl Most Valuable Player Award"", ""Kobe Bryant"", ""Miguel Cabrera""]"
MuSiQue,musique,493,Who has the most hits in the history of the organization that includes the team Jim Wilson was released by?,Cleveland Indians,source_order,51,51,0,0,0,0,0,0,0,0,0,0,0.0,,,"[""Jim Wilson (first baseman)"", ""List of Wigan Warriors players"", ""Dugout (baseball)"", ""Dan Johnson (baseball)"", ""Cleveland Bulldogs""]"
MuSiQue,musique,493,Who has the most hits in the history of the organization that includes the team Jim Wilson was released by?,Cleveland Indians,question_lexical,51,39,12,0,0,0,0,0,0,0,0,0,5.97949963098683,Who has the most hits in the history of the organization that includes the team Jim Wilson was released by?,body_token_overlap,"[""Jim Wilson (first baseman)"", ""Hits (Mauro Scocco album)"", ""Decade of Hits (George Canyon album)"", ""Russell Wilson"", ""List of NBA players with most championships""]"
MuSiQue,musique,493,Who has the most hits in the history of the organization that includes the team Jim Wilson was released by?,Cleveland Indians,demand_lexical,51,58,-7,0,0,0,0,0,0,0,0,0,6.6461662976534965,s1: Which organization includes the team Jim Wilson was released by? Jim Wilson,body_token_overlap,"[""Jim Wilson (first baseman)"", ""Hits (Mauro Scocco album)"", ""Russell Wilson"", ""Decade of Hits (George Canyon album)"", ""Jim Farmer""]"
MuSiQue,musique,493,Who has the most hits in the history of the organization that includes the team Jim Wilson was released by?,Cleveland Indians,llm_query_reform,51,32,19,0,0,0,0,0,0,0,0,0,16.232183640142566,Jim Wilson baseball team organization,body_token_overlap,"[""Jim Wilson (first baseman)"", ""Russell Wilson"", ""Jim Farmer"", ""Hits (Mauro Scocco album)"", ""Decade of Hits (George Canyon album)""]"
MuSiQue,musique,493,Who has the most hits in the history of the organization that includes the team Jim Wilson was released by?,Cleveland Indians,llm_demand_reform,51,58,-7,0,0,0,0,0,0,0,0,0,7.046166297653497,Jim Wilson released by team organization,body_token_overlap,"[""Jim Wilson (first baseman)"", ""Hits (Mauro Scocco album)"", ""Russell Wilson"", ""Jim Farmer"", ""Decade of Hits (George Canyon album)""]"
MuSiQue,musique,493,Who has the most hits in the history of the organization that includes the team Jim Wilson was released by?,Cleveland Indians,llm_demand_hyde,51,45,6,0,0,0,0,0,0,0,0,0,21.209760180047486,"The organization that includes the team Jim Wilson was released by is the Major League Baseball (MLB). Jim Wilson, a former baseball player, was released by the Seattle Mariners in 2005.",body_token_overlap,"[""Jim Wilson (first baseman)"", ""List of Major League Baseball career hits leaders"", ""Major League Baseball All-Star Game Most Valuable Player Award"", ""List of Major League Baseball career on-base percentage leaders"", ""List of Major League Baseball single-game hits leaders""]"
MuSiQue,musique,493,Who has the most hits in the history of the organization that includes the team Jim Wilson was released by?,Cleveland Indians,llm_combined,51,41,10,0,0,0,0,0,0,0,0,0,27.734762772430273,"The organization that includes the team Jim Wilson was released by is the Major League Baseball (MLB). Jim Wilson, a former baseball player, was released by the Seattle Mariners in 2005.",body_token_overlap,"[""Jim Wilson (first baseman)"", ""List of Major League Baseball career hits leaders"", ""Major League Baseball All-Star Game Most Valuable Player Award"", ""List of Major League Baseball single-game hits leaders"", ""List of Major League Baseball career on-base percentage leaders""]"
MuSiQue,musique,493,Who has the most hits in the history of the organization that includes the team Jim Wilson was released by?,Cleveland Indians,llm_listwise_select,51,51,0,0,0,0,0,0,0,0,0,0,0.0,,,"[""Jim Wilson (first baseman)"", ""List of Major League Baseball single-game hits leaders"", ""List of Major League Baseball career hits leaders"", ""List of Wigan Warriors players"", ""Dugout (baseball)""]"
MuSiQue,musique,495,What year did the country that is the natural boundary between where the tournament was hosted and where A Don is located host the ASEAN Conference?,2020 AFC U-23 Championship qualification,source_order,9,9,0,0,1,1,0,1,1,0,0,0,0.0,,,"[""2016 FIFA Club World Cup"", ""A Don"", ""A Lim"", ""A Kiom"", ""Myanmar""]"
MuSiQue,musique,495,What year did the country that is the natural boundary between where the tournament was hosted and where A Don is located host the ASEAN Conference?,Geography of Myanmar,source_order,11,11,0,0,0,1,0,0,1,0,0,0,0.0,,,"[""2016 FIFA Club World Cup"", ""A Don"", ""A Lim"", ""A Kiom"", ""Myanmar""]"
MuSiQue,musique,495,What year did the country that is the natural boundary between where the tournament was hosted and where A Don is located host the ASEAN Conference?,2020 AFC U-23 Championship qualification,question_lexical,9,42,-33,0,1,1,0,0,0,0,0,0,5.990955585586513,What year did the country that is the natural boundary between where the tournament was hosted and where A Don is located host the ASEAN Conference?,body_token_overlap,"[""A Don"", ""Don Frye"", ""Don't Let Me Wait Too Long"", ""Myanmar"", ""V-League 6th Season 1st Conference""]"
MuSiQue,musique,495,What year did the country that is the natural boundary between where the tournament was hosted and where A Don is located host the ASEAN Conference?,Geography of Myanmar,question_lexical,11,59,-48,0,0,1,0,0,0,0,0,0,0.0,,,"[""A Don"", ""Don Frye"", ""Don't Let Me Wait Too Long"", ""Myanmar"", ""V-League 6th Season 1st Conference""]"
MuSiQue,musique,495,What year did the country that is the natural boundary between where the tournament was hosted and where A Don is located host the ASEAN Conference?,2020 AFC U-23 Championship qualification,demand_lexical,9,42,-33,0,1,1,0,0,0,0,0,0,6.790955585586513,s1: What is the country that is the natural boundary between where the tournament was hosted and where A Don is located? tournament A Don,body_token_overlap,"[""A Don"", ""Don Frye"", ""V-League 6th Season 1st Conference"", ""Don't Let Me Wait Too Long"", ""Ice hockey at the 2018 Winter Olympics – Men's tournament""]"
MuSiQue,musique,495,What year did the country that is the natural boundary between where the tournament was hosted and where A Don is located host the ASEAN Conference?,Geography of Myanmar,demand_lexical,11,59,-48,0,0,1,0,0,0,0,0,0,0.0,,,"[""A Don"", ""Don Frye"", ""V-League 6th Season 1st Conference"", ""Don't Let Me Wait Too Long"", ""Ice hockey at the 2018 Winter Olympics – Men's tournament""]"
MuSiQue,musique,495,What year did the country that is the natural boundary between where the tournament was hosted and where A Don is located host the ASEAN Conference?,2020 AFC U-23 Championship qualification,llm_query_reform,9,43,-34,0,1,1,0,0,0,0,0,0,10.283699596397657,tournament host location and A Don location boundary,body_token_overlap,"[""A Don"", ""Don Frye"", ""V-League 6th Season 1st Conference"", ""Don't Let Me Wait Too Long"", ""Ice hockey at the 2018 Winter Olympics – Men's tournament""]"
MuSiQue,musique,495,What year did the country that is the natural boundary between where the tournament was hosted and where A Don is located host the ASEAN Conference?,Geography of Myanmar,llm_query_reform,11,59,-48,0,0,1,0,0,0,0,0,0,0.0,,,"[""A Don"", ""Don Frye"", ""V-League 6th Season 1st Conference"", ""Don't Let Me Wait Too Long"", ""Ice hockey at the 2018 Winter Olympics – Men's tournament""]"
MuSiQue,musique,495,What year did the country that is the natural boundary between where the tournament was hosted and where A Don is located host the ASEAN Conference?,2020 AFC U-23 Championship qualification,llm_demand_reform,9,38,-29,0,1,1,0,0,0,0,0,0,7.509870255856894,natural boundary between tournament host location and A Don location country,body_token_overlap,"[""A Don"", ""Don Frye"", ""Don't Let Me Wait Too Long"", ""Myanmar"", ""V-League 6th Season 1st Conference""]"
MuSiQue,musique,495,What year did the country that is the natural boundary between where the tournament was hosted and where A Don is located host the ASEAN Conference?,Geography of Myanmar,llm_demand_reform,11,59,-48,0,0,1,0,0,0,0,0,0,0.0,,,"[""A Don"", ""Don Frye"", ""Don't Let Me Wait Too Long"", ""Myanmar"", ""V-League 6th Season 1st Conference""]"
MuSiQue,musique,495,What year did the country that is the natural boundary between where the tournament was hosted and where A Don is located host the ASEAN Conference?,2020 AFC U-23 Championship qualification,llm_demand_hyde,9,26,-17,0,1,1,0,0,0,0,0,0,13.197964346001662,The natural boundary between the tournament's host location and the region where A Don is situated is the country of Thailand.,body_token_overlap,"[""Thailand"", ""Thailand"", ""A Don"", ""Don Frye"", ""Don't Let Me Wait Too Long""]"
MuSiQue,musique,495,What year did the country that is the natural boundary between where the tournament was hosted and where A Don is located host the ASEAN Conference?,Geography of Myanmar,llm_demand_hyde,11,50,-39,0,0,1,0,0,0,0,0,0,7.347008760415149,Thailand hosted the ASEAN Conference in the year 2012.,body_token_overlap,"[""Thailand"", ""Thailand"", ""A Don"", ""Don Frye"", ""Don't Let Me Wait Too Long""]"
MuSiQue,musique,495,What year did the country that is the natural boundary between where the tournament was hosted and where A Don is located host the ASEAN Conference?,2020 AFC U-23 Championship qualification,llm_combined,9,36,-27,0,1,1,0,0,0,0,0,0,18.974367037894332,The natural boundary between the tournament's host location and the region where A Don is situated is the country of Thailand.,body_token_overlap,"[""A Don"", ""Thailand"", ""Thailand"", ""Don Frye"", ""Don't Let Me Wait Too Long""]"
MuSiQue,musique,495,What year did the country that is the natural boundary between where the tournament was hosted and where A Don is located host the ASEAN Conference?,Geography of Myanmar,llm_combined,11,65,-54,0,0,1,0,0,0,0,0,0,7.347008760415149,Thailand hosted the ASEAN Conference in the year 2012.,body_token_overlap,"[""A Don"", ""Thailand"", ""Thailand"", ""Don Frye"", ""Don't Let Me Wait Too Long""]"
MuSiQue,musique,495,What year did the country that is the natural boundary between where the tournament was hosted and where A Don is located host the ASEAN Conference?,2020 AFC U-23 Championship qualification,llm_listwise_select,9,22,-13,0,1,1,0,0,0,0,0,0,0.0,,,"[""A Don"", ""2018 Asia Cup"", ""Thailand"", ""Xe Kaman River"", ""Cả River""]"
MuSiQue,musique,495,What year did the country that is the natural boundary between where the tournament was hosted and where A Don is located host the ASEAN Conference?,Geography of Myanmar,llm_listwise_select,11,24,-13,0,0,1,0,0,0,0,0,0,0.0,,,"[""A Don"", ""2018 Asia Cup"", ""Thailand"", ""Xe Kaman River"", ""Cả River""]"
MuSiQue,musique,502,Who is the owner of the record label that the performer of Better Than Me is signed with?,Warner Records,source_order,31,31,0,0,0,0,0,0,0,0,0,0,0.0,,,"[""Better Than Me (Terry Dexter song)"", ""Terry Dexter (album)"", ""Roxy Recordings"", ""Sony Music"", ""American Idol""]"
MuSiQue,musique,502,Who is the owner of the record label that the performer of Better Than Me is signed with?,Warner Records,question_lexical,31,79,-48,0,0,0,0,0,0,0,0,0,0.0,,,"[""Better Than Me (Terry Dexter song)"", ""Tittsworth"", ""Larry Norman"", ""Aretha Franklin"", ""Madonna (entertainer)""]"
MuSiQue,musique,502,Who is the owner of the record label that the performer of Better Than Me is signed with?,Warner Records,demand_lexical,31,79,-48,0,0,0,0,0,0,0,0,0,0.0,,,"[""Better Than Me (Terry Dexter song)"", ""Sony Music"", ""Tittsworth"", ""Aretha Franklin"", ""Larry Norman""]"
MuSiQue,musique,502,Who is the owner of the record label that the performer of Better Than Me is signed with?,Warner Records,llm_query_reform,31,84,-53,0,0,0,0,0,0,0,0,0,0.0,,,"[""Better Than Me (Terry Dexter song)"", ""Larry Norman"", ""Tittsworth"", ""Sony Music"", ""Madonna (entertainer)""]"
MuSiQue,musique,502,Who is the owner of the record label that the performer of Better Than Me is signed with?,Warner Records,llm_demand_reform,31,79,-48,0,0,0,0,0,0,0,0,0,0.0,,,"[""Better Than Me (Terry Dexter song)"", ""Tittsworth"", ""Larry Norman"", ""Aretha Franklin"", ""Madonna (entertainer)""]"
MuSiQue,musique,502,Who is the owner of the record label that the performer of Better Than Me is signed with?,Warner Records,llm_demand_hyde,31,8,23,0,0,0,0,1,1,0,1,1,44.98111464323449,Darkroom Records is owned by Interscope Records.,title_token_overlap,"[""Better Than Me (Terry Dexter song)"", ""Nothing Records"", ""EmArcy Records"", ""MCA Records"", ""Jive Records""]"
MuSiQue,musique,502,Who is the owner of the record label that the performer of Better Than Me is signed with?,Warner Records,llm_combined,31,14,17,0,0,0,0,0,1,0,0,1,44.98111464323449,Darkroom Records is owned by Interscope Records.,title_token_overlap,"[""Better Than Me (Terry Dexter song)"", ""Nothing Records"", ""EmArcy Records"", ""MCA Records"", ""Jive Records""]"
MuSiQue,musique,502,Who is the owner of the record label that the performer of Better Than Me is signed with?,Warner Records,llm_listwise_select,31,2,29,0,0,0,1,1,1,1,1,1,998.0,listwise_doc_id=31,llm_listwise_selected,"[""Better Than Me (Terry Dexter song)"", ""Terry Dexter (album)"", ""Warner Records"", ""MCA Records"", ""BNA Records""]"
MuSiQue,musique,565,When did the headquarters city of Kentucky Tavern's manufacturer elect its first black mayor?,Sazerac,source_order,7,7,0,0,1,1,0,1,1,0,0,0,0.0,,,"[""Detroit"", ""Kentucky Tavern"", ""Black people"", ""Blanton's"", ""Ten High""]"
MuSiQue,musique,565,When did the headquarters city of Kentucky Tavern's manufacturer elect its first black mayor?,Sazerac,question_lexical,7,75,-68,0,1,1,0,0,0,0,0,0,0.0,,,"[""Kentucky Tavern"", ""Black people"", ""Black people"", ""Thelma, Kentucky"", ""Kentucky River""]"
MuSiQue,musique,565,When did the headquarters city of Kentucky Tavern's manufacturer elect its first black mayor?,Sazerac,demand_lexical,7,77,-70,0,1,1,0,0,0,0,0,0,0.0,,,"[""Kentucky Tavern"", ""Black people"", ""Black people"", ""Kentucky River"", ""Thelma, Kentucky""]"
MuSiQue,musique,565,When did the headquarters city of Kentucky Tavern's manufacturer elect its first black mayor?,Sazerac,llm_query_reform,7,79,-72,0,1,1,0,0,0,0,0,0,0.0,,,"[""Kentucky Tavern"", ""2017 Atlantic City mayoral election"", ""Black people"", ""History of Georgia (U.S. state)"", ""Mayor of Jersey City, New Jersey""]"
MuSiQue,musique,565,When did the headquarters city of Kentucky Tavern's manufacturer elect its first black mayor?,Sazerac,llm_demand_reform,7,77,-70,0,1,1,0,0,0,0,0,0,0.0,,,"[""Kentucky Tavern"", ""Black people"", ""Black people"", ""Kentucky River"", ""Thelma, Kentucky""]"
MuSiQue,musique,565,When did the headquarters city of Kentucky Tavern's manufacturer elect its first black mayor?,Sazerac,llm_demand_hyde,7,77,-70,0,1,1,0,0,0,0,0,0,0.0,,,"[""Kentucky Tavern"", ""Black people"", ""Chickasaw, Louisville"", ""1967 Detroit riot"", ""Black people""]"
MuSiQue,musique,565,When did the headquarters city of Kentucky Tavern's manufacturer elect its first black mayor?,Sazerac,llm_combined,7,79,-72,0,1,1,0,0,0,0,0,0,0.0,,,"[""Kentucky Tavern"", ""Black people"", ""2017 Atlantic City mayoral election"", ""Black people"", ""Mayor of Jersey City, New Jersey""]"
MuSiQue,musique,565,When did the headquarters city of Kentucky Tavern's manufacturer elect its first black mayor?,Sazerac,llm_listwise_select,7,18,-11,0,1,1,0,0,1,0,0,0,0.0,,,"[""Kentucky Tavern"", ""Blanton's"", ""McAfee's Benchmark"", ""Barton Premium Blend"", ""Detroit""]"
MuSiQue,musique,568,What is the name of the castle in the city where the performer of We Sweat Blood formed?,Casa Loma,source_order,68,68,0,0,0,0,0,0,0,0,0,0,0.0,,,"[""We Sweat Blood"", ""Baynard's Castle"", ""Robert Fitz Richard"", ""Danko Jones"", ""Sound of Love""]"
MuSiQue,musique,568,What is the name of the castle in the city where the performer of We Sweat Blood formed?,Casa Loma,question_lexical,68,80,-12,0,0,0,0,0,0,0,0,0,0.0,,,"[""We Sweat Blood"", ""Blood Stain Child"", ""Czocha Castle"", ""Windsor Castle"", ""Baynard's Castle""]"
MuSiQue,musique,568,What is the name of the castle in the city where the performer of We Sweat Blood formed?,Casa Loma,demand_lexical,68,80,-12,0,0,0,0,0,0,0,0,0,0.0,,,"[""We Sweat Blood"", ""Czocha Castle"", ""Windsor Castle"", ""Baynard's Castle"", ""Ben Castle""]"
MuSiQue,musique,568,What is the name of the castle in the city where the performer of We Sweat Blood formed?,Casa Loma,llm_query_reform,68,84,-16,0,0,0,0,0,0,0,0,0,0.0,,,"[""We Sweat Blood"", ""Blood Stain Child"", ""Czocha Castle"", ""Windsor Castle"", ""Baynard's Castle""]"
MuSiQue,musique,568,What is the name of the castle in the city where the performer of We Sweat Blood formed?,Casa Loma,llm_demand_reform,68,80,-12,0,0,0,0,0,0,0,0,0,0.0,,,"[""We Sweat Blood"", ""Czocha Castle"", ""Windsor Castle"", ""Baynard's Castle"", ""Ben Castle""]"
MuSiQue,musique,568,What is the name of the castle in the city where the performer of We Sweat Blood formed?,Casa Loma,llm_demand_hyde,68,43,25,0,0,0,0,0,0,0,0,0,8.570190095584087,"The Iron Vow was formed in the city of Blackthorn, a historic city located in the northern region of the country. Blackthorn is known for its rich musical heritage and has been a hub for musicians for centuries.",body_token_overlap,"[""We Sweat Blood"", ""Blood Stain Child"", ""Baynard's Castle"", ""Krimulda Castle"", ""Czocha Castle""]"
MuSiQue,musique,568,What is the name of the castle in the city where the performer of We Sweat Blood formed?,Casa Loma,llm_combined,68,51,17,0,0,0,0,0,0,0,0,0,8.570190095584087,"The Iron Vow was formed in the city of Blackthorn, a historic city located in the northern region of the country. Blackthorn is known for its rich musical heritage and has been a hub for musicians for centuries.",body_token_overlap,"[""We Sweat Blood"", ""Blood Stain Child"", ""Baynard's Castle"", ""Czocha Castle"", ""Oliver Castle""]"
MuSiQue,musique,568,What is the name of the castle in the city where the performer of We Sweat Blood formed?,Casa Loma,llm_listwise_select,68,3,65,0,0,0,1,1,1,1,1,1,997.0,listwise_doc_id=68,llm_listwise_selected,"[""Danko Jones"", ""Chico Xavier"", ""Nottingham, West Virginia"", ""Casa Loma"", ""We Sweat Blood""]"
MuSiQue,musique,573,Another world leader said that Vladimir Rapoport's country was imperialist. Where did that leader announce that he would intervene in the Korean conflict?,Vladimir Rapoport,source_order,23,23,0,0,0,0,0,0,0,0,0,0,0.0,,,"[""Imperialism"", ""Korean War"", ""Dwight D. Eisenhower"", ""Korean War"", ""Korean War""]"
MuSiQue,musique,573,Another world leader said that Vladimir Rapoport's country was imperialist. Where did that leader announce that he would intervene in the Korean conflict?,Vladimir Rapoport,question_lexical,23,0,23,0,0,0,1,1,1,1,1,1,151.19433777806896,Another world leader said that Vladimir Rapoport's country was imperialist. Where did that leader announce that he would intervene in the Korean conflict?,title_token_overlap,"[""Vladimir Rapoport"", ""Vladimir Lenin"", ""Korean War"", ""Korean War"", ""Alek Rapoport""]"
MuSiQue,musique,573,Another world leader said that Vladimir Rapoport's country was imperialist. Where did that leader announce that he would intervene in the Korean conflict?,Vladimir Rapoport,demand_lexical,23,0,23,0,0,0,1,1,1,1,1,1,158.19433777806896,s1: Which world leader mentioned Vladimir Rapoport's country as imperialist? Vladimir Rapoport's country imperialist,title_token_overlap,"[""Vladimir Rapoport"", ""Alek Rapoport"", ""Vladimir Lenin"", ""Korean War"", ""Korean War""]"
MuSiQue,musique,573,Another world leader said that Vladimir Rapoport's country was imperialist. Where did that leader announce that he would intervene in the Korean conflict?,Vladimir Rapoport,llm_query_reform,23,0,23,0,0,0,1,1,1,1,1,1,258.47094044491035,Vladimir Rapoport's country and imperialist accusations,title_token_overlap,"[""Vladimir Rapoport"", ""Imperialism"", ""Imperialism"", ""Imperialism"", ""Imperialism""]"
MuSiQue,musique,573,Another world leader said that Vladimir Rapoport's country was imperialist. Where did that leader announce that he would intervene in the Korean conflict?,Vladimir Rapoport,llm_demand_reform,23,0,23,0,0,0,1,1,1,1,1,1,158.19433777806896,world leader mentioned Vladimir Rapoport's country as imperialist,title_token_overlap,"[""Vladimir Rapoport"", ""Alek Rapoport"", ""Vladimir Lenin"", ""Korean War"", ""Korean War""]"
MuSiQue,musique,573,Another world leader said that Vladimir Rapoport's country was imperialist. Where did that leader announce that he would intervene in the Korean conflict?,Vladimir Rapoport,llm_demand_hyde,23,0,23,0,0,0,1,1,1,1,1,1,148.8610044447356,"In a 2020 speech at the United Nations General Assembly, President Li Wei of the People's Republic of China referred to Vladimir Rapoport's country, the Russian Federation, as an imperialist power.",title_token_overlap,"[""Vladimir Rapoport"", ""Alek Rapoport"", ""Korean War"", ""Korean War"", ""Korean War""]"
MuSiQue,musique,573,Another world leader said that Vladimir Rapoport's country was imperialist. Where did that leader announce that he would intervene in the Korean conflict?,Vladimir Rapoport,llm_combined,23,0,23,0,0,0,1,1,1,1,1,1,314.30090204501516,Vladimir Rapoport's country and imperialist accusations,title_token_overlap,"[""Vladimir Rapoport"", ""Imperialism"", ""Imperialism"", ""Imperialism"", ""Imperialism""]"
MuSiQue,musique,573,Another world leader said that Vladimir Rapoport's country was imperialist. Where did that leader announce that he would intervene in the Korean conflict?,Vladimir Rapoport,llm_listwise_select,23,0,23,0,0,0,1,1,1,1,1,1,1000.0,listwise_doc_id=23,llm_listwise_selected,"[""Vladimir Rapoport"", ""North Korea"", ""Korean War"", ""Korean War"", ""Korean War""]"
MuSiQue,musique,646,For what major conflict is the country on the natural boundary between the country that hosted the tournament and the country where A Don is from known?,2020 AFC U-23 Championship qualification,source_order,76,76,0,0,0,0,0,0,0,0,0,0,0.0,,,"[""2016 FIFA Club World Cup"", ""A Don"", ""A Lim"", ""A Kiom"", ""Geography of Pakistan""]"
MuSiQue,musique,646,For what major conflict is the country on the natural boundary between the country that hosted the tournament and the country where A Don is from known?,Myanmar,source_order,79,79,0,0,0,0,0,0,0,0,0,0,0.0,,,"[""2016 FIFA Club World Cup"", ""A Don"", ""A Lim"", ""A Kiom"", ""Geography of Pakistan""]"
MuSiQue,musique,646,For what major conflict is the country on the natural boundary between the country that hosted the tournament and the country where A Don is from known?,2020 AFC U-23 Championship qualification,question_lexical,76,46,30,0,0,0,0,0,0,0,0,0,6.362121890563724,For what major conflict is the country on the natural boundary between the country that hosted the tournament and the country where A Don is from known?,body_token_overlap,"[""A Don"", ""Don Frye"", ""USS Don (1862)"", ""The War You Don't See"", ""Ice hockey at the 2018 Winter Olympics – Men's tournament""]"
MuSiQue,musique,646,For what major conflict is the country on the natural boundary between the country that hosted the tournament and the country where A Don is from known?,Myanmar,question_lexical,79,6,73,0,0,0,0,1,1,0,1,1,21.98593895067798,For what major conflict is the country on the natural boundary between the country that hosted the tournament and the country where A Don is from known?,body_token_overlap,"[""A Don"", ""Don Frye"", ""USS Don (1862)"", ""The War You Don't See"", ""Ice hockey at the 2018 Winter Olympics – Men's tournament""]"
MuSiQue,musique,646,For what major conflict is the country on the natural boundary between the country that hosted the tournament and the country where A Don is from known?,2020 AFC U-23 Championship qualification,demand_lexical,76,35,41,0,0,0,0,0,0,0,0,0,11.028788557230392,s1: Which country hosted the tournament? tournament,body_token_overlap,"[""A Don"", ""Don Frye"", ""USS Don (1862)"", ""The War You Don't See"", ""List of transcontinental countries""]"
MuSiQue,musique,646,For what major conflict is the country on the natural boundary between the country that hosted the tournament and the country where A Don is from known?,Myanmar,demand_lexical,79,17,62,0,0,0,0,0,1,0,0,1,18.413378182068165,s3: What is the natural boundary between the two countries?,body_token_overlap,"[""A Don"", ""Don Frye"", ""USS Don (1862)"", ""The War You Don't See"", ""List of transcontinental countries""]"
MuSiQue,musique,646,For what major conflict is the country on the natural boundary between the country that hosted the tournament and the country where A Don is from known?,2020 AFC U-23 Championship qualification,llm_query_reform,76,43,33,0,0,0,0,0,0,0,0,0,11.028788557230392,country that hosted the tournament,body_token_overlap,"[""A Don"", ""Don Frye"", ""USS Don (1862)"", ""The War You Don't See"", ""List of transcontinental countries""]"
MuSiQue,musique,646,For what major conflict is the country on the natural boundary between the country that hosted the tournament and the country where A Don is from known?,Myanmar,llm_query_reform,79,16,63,0,0,0,0,0,1,0,0,1,22.39712332061002,natural boundary between two countries,body_token_overlap,"[""A Don"", ""Don Frye"", ""USS Don (1862)"", ""The War You Don't See"", ""List of transcontinental countries""]"
MuSiQue,musique,646,For what major conflict is the country on the natural boundary between the country that hosted the tournament and the country where A Don is from known?,2020 AFC U-23 Championship qualification,llm_demand_reform,76,26,50,0,0,0,0,0,0,0,0,0,11.028788557230392,Which country hosted the tournament?,body_token_overlap,"[""A Don"", ""Don Frye"", ""USS Don (1862)"", ""The War You Don't See"", ""Ice hockey at the 2018 Winter Olympics – Men's tournament""]"
MuSiQue,musique,646,For what major conflict is the country on the natural boundary between the country that hosted the tournament and the country where A Don is from known?,Myanmar,llm_demand_reform,79,5,74,0,0,0,0,1,1,0,1,1,27.265801914051114,What is the natural boundary between [host country] and [A Don's country]?,body_token_overlap,"[""A Don"", ""Don Frye"", ""USS Don (1862)"", ""The War You Don't See"", ""Ice hockey at the 2018 Winter Olympics – Men's tournament""]"
MuSiQue,musique,646,For what major conflict is the country on the natural boundary between the country that hosted the tournament and the country where A Don is from known?,2020 AFC U-23 Championship qualification,llm_demand_hyde,76,82,-6,0,0,0,0,0,0,0,0,0,5.9518654803073145,"The 2018 FIFA World Cup was hosted by Russia, marking the first time the tournament was held in Eastern Europe.",body_token_overlap,"[""2018 FIFA World Cup"", ""2018 FIFA World Cup"", ""2018 FIFA World Cup"", ""2018 FIFA World Cup"", ""FIFA World Cup""]"
MuSiQue,musique,646,For what major conflict is the country on the natural boundary between the country that hosted the tournament and the country where A Don is from known?,Myanmar,llm_demand_hyde,79,45,34,0,0,0,0,0,0,0,0,0,16.50018244609131,"The natural boundary between Russia and Nigeria is the Atlantic Ocean, which separates the two countries.",body_token_overlap,"[""2018 FIFA World Cup"", ""2018 FIFA World Cup"", ""2018 FIFA World Cup"", ""2018 FIFA World Cup"", ""FIFA World Cup""]"
MuSiQue,musique,646,For what major conflict is the country on the natural boundary between the country that hosted the tournament and the country where A Don is from known?,2020 AFC U-23 Championship qualification,llm_combined,76,62,14,0,0,0,0,0,0,0,0,0,14.389921668602565,country that hosted the tournament,body_token_overlap,"[""A Don"", ""2018 FIFA World Cup"", ""2018 FIFA World Cup"", ""2018 FIFA World Cup"", ""2018 FIFA World Cup""]"
MuSiQue,musique,646,For what major conflict is the country on the natural boundary between the country that hosted the tournament and the country where A Don is from known?,Myanmar,llm_combined,79,35,44,0,0,0,0,0,0,0,0,0,41.811289338860185,What is the natural boundary between [host country] and [A Don's country]?,body_token_overlap,"[""A Don"", ""2018 FIFA World Cup"", ""2018 FIFA World Cup"", ""2018 FIFA World Cup"", ""2018 FIFA World Cup""]"
MuSiQue,musique,646,For what major conflict is the country on the natural boundary between the country that hosted the tournament and the country where A Don is from known?,2020 AFC U-23 Championship qualification,llm_listwise_select,76,82,-6,0,0,0,0,0,0,0,0,0,0.0,,,"[""A Don"", ""Hochdonn High Bridge"", ""Indo-Pakistani wars and conflicts"", ""India–Pakistan cricket rivalry"", ""Korean War""]"
MuSiQue,musique,646,For what major conflict is the country on the natural boundary between the country that hosted the tournament and the country where A Don is from known?,Myanmar,llm_listwise_select,79,85,-6,0,0,0,0,0,0,0,0,0,0.0,,,"[""A Don"", ""Hochdonn High Bridge"", ""Indo-Pakistani wars and conflicts"", ""India–Pakistan cricket rivalry"", ""Korean War""]"
MuSiQue,musique,647,The population of the country that worked with the outfit behind Man in Space Soonest numbers how much?,Anti-aircraft warfare,source_order,10,10,0,0,0,1,0,0,1,0,0,0,0.0,,,"[""Space Race"", ""List of South American countries by population"", ""Space Race"", ""Saburro Peak"", ""Myanmar""]"
MuSiQue,musique,647,The population of the country that worked with the outfit behind Man in Space Soonest numbers how much?,Jews,source_order,79,79,0,0,0,0,0,0,0,0,0,0,0.0,,,"[""Space Race"", ""List of South American countries by population"", ""Space Race"", ""Saburro Peak"", ""Myanmar""]"
MuSiQue,musique,647,The population of the country that worked with the outfit behind Man in Space Soonest numbers how much?,Anti-aircraft warfare,question_lexical,10,64,-54,0,0,1,0,0,0,0,0,0,0.0,,,"[""Space Race"", ""Space Race"", ""Space Race"", ""Space Race"", ""Population density""]"
MuSiQue,musique,647,The population of the country that worked with the outfit behind Man in Space Soonest numbers how much?,Jews,question_lexical,79,28,51,0,0,0,0,0,0,0,0,0,5.2137736227667055,The population of the country that worked with the outfit behind Man in Space Soonest numbers how much?,body_token_overlap,"[""Space Race"", ""Space Race"", ""Space Race"", ""Space Race"", ""Population density""]"
MuSiQue,musique,647,The population of the country that worked with the outfit behind Man in Space Soonest numbers how much?,Anti-aircraft warfare,demand_lexical,10,63,-53,0,0,1,0,0,0,0,0,0,0.0,,,"[""Space Race"", ""Population density"", ""United Nations Population Fund"", ""United Nations Population Fund"", ""United Nations Population Fund""]"
MuSiQue,musique,647,The population of the country that worked with the outfit behind Man in Space Soonest numbers how much?,Jews,demand_lexical,79,24,55,0,0,0,0,0,0,0,0,0,15.880440289433373,s2: What is the population of that country?,body_token_overlap,"[""Space Race"", ""Population density"", ""United Nations Population Fund"", ""United Nations Population Fund"", ""United Nations Population Fund""]"
MuSiQue,musique,647,The population of the country that worked with the outfit behind Man in Space Soonest numbers how much?,Anti-aircraft warfare,llm_query_reform,10,64,-54,0,0,1,0,0,0,0,0,0,0.0,,,"[""Space Race"", ""Space Race"", ""Space Race"", ""Space Race"", ""History of the Goddard Space Flight Center""]"
MuSiQue,musique,647,The population of the country that worked with the outfit behind Man in Space Soonest numbers how much?,Jews,llm_query_reform,79,28,51,0,0,0,0,0,0,0,0,0,7.034093124165378,Population of country behind Man in Space Soonest,body_token_overlap,"[""Space Race"", ""Space Race"", ""Space Race"", ""Space Race"", ""History of the Goddard Space Flight Center""]"
MuSiQue,musique,647,The population of the country that worked with the outfit behind Man in Space Soonest numbers how much?,Anti-aircraft warfare,llm_demand_reform,10,63,-53,0,0,1,0,0,0,0,0,0,0.0,,,"[""Space Race"", ""Population density"", ""United Nations Population Fund"", ""United Nations Population Fund"", ""United Nations Population Fund""]"
MuSiQue,musique,647,The population of the country that worked with the outfit behind Man in Space Soonest numbers how much?,Jews,llm_demand_reform,79,24,55,0,0,0,0,0,0,0,0,0,15.880440289433373,Population of [country from s1],body_token_overlap,"[""Space Race"", ""Population density"", ""United Nations Population Fund"", ""United Nations Population Fund"", ""United Nations Population Fund""]"
MuSiQue,musique,647,The population of the country that worked with the outfit behind Man in Space Soonest numbers how much?,Anti-aircraft warfare,llm_demand_hyde,10,86,-76,0,0,1,0,0,0,0,0,0,0.0,,,"[""United States"", ""Space Race"", ""List of states and territories of the United States by population"", ""Space Race"", ""Manhattan Project""]"
MuSiQue,musique,647,The population of the country that worked with the outfit behind Man in Space Soonest numbers how much?,Jews,llm_demand_hyde,79,51,28,0,0,0,0,0,0,0,0,0,11.526606587086869,"As of the 2020 census, the population of the United States is approximately 331 million.",body_token_overlap,"[""United States"", ""Space Race"", ""List of states and territories of the United States by population"", ""Space Race"", ""Manhattan Project""]"
MuSiQue,musique,647,The population of the country that worked with the outfit behind Man in Space Soonest numbers how much?,Anti-aircraft warfare,llm_combined,10,86,-76,0,0,1,0,0,0,0,0,0,0.0,,,"[""Space Race"", ""United States"", ""Space Race"", ""Space Race"", ""List of states and territories of the United States by population""]"
MuSiQue,musique,647,The population of the country that worked with the outfit behind Man in Space Soonest numbers how much?,Jews,llm_combined,79,44,35,0,0,0,0,0,0,0,0,0,20.676591584079812,Population of [country from s1],body_token_overlap,"[""Space Race"", ""United States"", ""Space Race"", ""Space Race"", ""List of states and territories of the United States by population""]"
MuSiQue,musique,647,The population of the country that worked with the outfit behind Man in Space Soonest numbers how much?,Anti-aircraft warfare,llm_listwise_select,10,29,-19,0,0,1,0,0,0,0,0,0,0.0,,,"[""Space Race"", ""United States"", ""Nigeria"", ""Nigeria"", ""Nigeria""]"
MuSiQue,musique,647,The population of the country that worked with the outfit behind Man in Space Soonest numbers how much?,Jews,llm_listwise_select,79,79,0,0,0,0,0,0,0,0,0,0,0.0,,,"[""Space Race"", ""United States"", ""Nigeria"", ""Nigeria"", ""Nigeria""]"
MuSiQue,musique,666,When did the town WIZE is licensed in become capitol of the state where Jackson Township is located?,"Randolph County, Illinois",source_order,27,27,0,0,0,0,0,0,0,0,0,0,0.0,,,"[""WIZE"", ""Mississippi"", ""WEVJ"", ""Minneapolis"", ""Mount View High School (Maine)""]"
MuSiQue,musique,666,When did the town WIZE is licensed in become capitol of the state where Jackson Township is located?,"Springfield, Illinois",source_order,24,24,0,0,0,0,0,0,0,0,0,0,0.0,,,"[""WIZE"", ""Mississippi"", ""WEVJ"", ""Minneapolis"", ""Mount View High School (Maine)""]"
MuSiQue,musique,666,When did the town WIZE is licensed in become capitol of the state where Jackson Township is located?,"Randolph County, Illinois",question_lexical,27,61,-34,0,0,0,0,0,0,0,0,0,0.0,,,"[""WIZE"", ""Jackson Township, Randolph County, Indiana"", ""Kentucky State Capitol"", ""Minnesota State Capitol"", ""Jeffersonville Township Public Library""]"
MuSiQue,musique,666,When did the town WIZE is licensed in become capitol of the state where Jackson Township is located?,"Springfield, Illinois",question_lexical,24,20,4,0,0,0,0,0,0,0,0,0,7.501286587705959,When did the town WIZE is licensed in become capitol of the state where Jackson Township is located?,body_token_overlap,"[""WIZE"", ""Jackson Township, Randolph County, Indiana"", ""Kentucky State Capitol"", ""Minnesota State Capitol"", ""Jeffersonville Township Public Library""]"
MuSiQue,musique,666,When did the town WIZE is licensed in become capitol of the state where Jackson Township is located?,"Randolph County, Illinois",demand_lexical,27,36,-9,0,0,0,0,0,0,0,0,0,6.6736356566993535,s2: When was the town WIZE is licensed in established as the capital of the state? WIZE,body_token_overlap,"[""Jackson Township, Randolph County, Indiana"", ""WIZE"", ""Jeffersonville Township Public Library"", ""Richmond Township, Marquette County, Michigan"", ""Ward Township, Randolph County, Indiana""]"
MuSiQue,musique,666,When did the town WIZE is licensed in become capitol of the state where Jackson Township is located?,"Springfield, Illinois",demand_lexical,24,10,14,0,0,0,0,0,1,0,0,1,16.610194123336008,s2: When was the town WIZE is licensed in established as the capital of the state? WIZE,body_token_overlap,"[""Jackson Township, Randolph County, Indiana"", ""WIZE"", ""Jeffersonville Township Public Library"", ""Richmond Township, Marquette County, Michigan"", ""Ward Township, Randolph County, Indiana""]"
MuSiQue,musique,666,When did the town WIZE is licensed in become capitol of the state where Jackson Township is located?,"Randolph County, Illinois",llm_query_reform,27,14,13,0,0,0,0,0,1,0,0,1,23.08576650203005,State of Jackson Township capital history,body_token_overlap,"[""Jackson Township, Randolph County, Indiana"", ""WIZE"", ""Jeffersonville Township Public Library"", ""Richmond Township, Marquette County, Michigan"", ""Ward Township, Randolph County, Indiana""]"
MuSiQue,musique,666,When did the town WIZE is licensed in become capitol of the state where Jackson Township is located?,"Springfield, Illinois",llm_query_reform,24,12,12,0,0,0,0,0,1,0,0,1,24.041333368085787,WIZE licensed town and capital status,body_token_overlap,"[""Jackson Township, Randolph County, Indiana"", ""WIZE"", ""Jeffersonville Township Public Library"", ""Richmond Township, Marquette County, Michigan"", ""Ward Township, Randolph County, Indiana""]"
MuSiQue,musique,666,When did the town WIZE is licensed in become capitol of the state where Jackson Township is located?,"Randolph County, Illinois",llm_demand_reform,27,36,-9,0,0,0,0,0,0,0,0,0,6.6736356566993535,When was WIZE licensed town established as capital of [state],body_token_overlap,"[""Jackson Township, Randolph County, Indiana"", ""WIZE"", ""Jeffersonville Township Public Library"", ""Richmond Township, Marquette County, Michigan"", ""Ward Township, Randolph County, Indiana""]"
MuSiQue,musique,666,When did the town WIZE is licensed in become capitol of the state where Jackson Township is located?,"Springfield, Illinois",llm_demand_reform,24,10,14,0,0,0,0,0,1,0,0,1,16.610194123336008,When was WIZE licensed town established as capital of [state],body_token_overlap,"[""Jackson Township, Randolph County, Indiana"", ""WIZE"", ""Jeffersonville Township Public Library"", ""Richmond Township, Marquette County, Michigan"", ""Ward Township, Randolph County, Indiana""]"
MuSiQue,musique,666,When did the town WIZE is licensed in become capitol of the state where Jackson Township is located?,"Randolph County, Illinois",llm_demand_hyde,27,56,-29,0,0,0,0,0,0,0,0,0,5.773635656699353,"The town of WIZE, where the license is issued, was established as the capital of Ohio in 1816.",body_token_overlap,"[""WIZE"", ""Ohio"", ""Jackson Township, Randolph County, Indiana"", ""McClimansville, Ohio"", ""Banana production in the United States""]"
MuSiQue,musique,666,When did the town WIZE is licensed in become capitol of the state where Jackson Township is located?,"Springfield, Illinois",llm_demand_hyde,24,23,1,0,0,0,0,0,0,0,0,0,14.810194123336007,"The town of WIZE, where the license is issued, was established as the capital of Ohio in 1816.",body_token_overlap,"[""WIZE"", ""Ohio"", ""Jackson Township, Randolph County, Indiana"", ""McClimansville, Ohio"", ""Banana production in the United States""]"
MuSiQue,musique,666,When did the town WIZE is licensed in become capitol of the state where Jackson Township is located?,"Randolph County, Illinois",llm_combined,27,23,4,0,0,0,0,0,0,0,0,0,25.38027533844182,State of Jackson Township capital history,body_token_overlap,"[""Jackson Township, Randolph County, Indiana"", ""WIZE"", ""Capital punishment in the United States"", ""Ohio"", ""Jeffersonville Township Public Library""]"
MuSiQue,musique,666,When did the town WIZE is licensed in become capitol of the state where Jackson Township is located?,"Springfield, Illinois",llm_combined,24,19,5,0,0,0,0,0,1,0,0,1,29.80500325248675,WIZE licensed town and capital status,body_token_overlap,"[""Jackson Township, Randolph County, Indiana"", ""WIZE"", ""Capital punishment in the United States"", ""Ohio"", ""Jeffersonville Township Public Library""]"
MuSiQue,musique,666,When did the town WIZE is licensed in become capitol of the state where Jackson Township is located?,"Randolph County, Illinois",llm_listwise_select,27,1,26,0,0,0,1,1,1,1,1,1,999.0,listwise_doc_id=27,llm_listwise_selected,"[""Jackson Township, Randolph County, Indiana"", ""Randolph County, Illinois"", ""WRBJ-FM"", ""Florida"", ""Tallahassee, Florida""]"
MuSiQue,musique,666,When did the town WIZE is licensed in become capitol of the state where Jackson Township is located?,"Springfield, Illinois",llm_listwise_select,24,35,-11,0,0,0,0,0,0,0,0,0,0.0,,,"[""Jackson Township, Randolph County, Indiana"", ""Randolph County, Illinois"", ""WRBJ-FM"", ""Florida"", ""Tallahassee, Florida""]"
MuSiQue,musique,668,What shares a border with the city where someone worked who went to the state where Atwell Mill Grove is located during the gold rush?,California Gold Rush,source_order,10,10,0,0,0,1,0,0,1,0,0,0,0.0,,,"[""Atwell Mill Grove"", ""Salt Lake City"", ""Mill City, Butte County, California"", ""Klondike Gold Rush"", ""Pete Harman""]"
MuSiQue,musique,668,What shares a border with the city where someone worked who went to the state where Atwell Mill Grove is located during the gold rush?,"History of Sacramento, California",source_order,73,73,0,0,0,0,0,0,0,0,0,0,0.0,,,"[""Atwell Mill Grove"", ""Salt Lake City"", ""Mill City, Butte County, California"", ""Klondike Gold Rush"", ""Pete Harman""]"
MuSiQue,musique,668,What shares a border with the city where someone worked who went to the state where Atwell Mill Grove is located during the gold rush?,California Gold Rush,question_lexical,10,2,8,0,0,1,1,1,1,1,1,0,64.23833413409602,What shares a border with the city where someone worked who went to the state where Atwell Mill Grove is located during the gold rush?,title_token_overlap,"[""Atwell Mill Grove"", ""Klondike Gold Rush"", ""California Gold Rush"", ""Black Hills Gold Rush"", ""Mariposa Grove""]"
MuSiQue,musique,668,What shares a border with the city where someone worked who went to the state where Atwell Mill Grove is located during the gold rush?,"History of Sacramento, California",question_lexical,73,83,-10,0,0,0,0,0,0,0,0,0,0.0,,,"[""Atwell Mill Grove"", ""Klondike Gold Rush"", ""California Gold Rush"", ""Black Hills Gold Rush"", ""Mariposa Grove""]"
MuSiQue,musique,668,What shares a border with the city where someone worked who went to the state where Atwell Mill Grove is located during the gold rush?,California Gold Rush,demand_lexical,10,2,8,0,0,1,1,1,1,1,1,0,83.83833413409602,s3: Who went to that state during the gold rush?,title_token_overlap,"[""Atwell Mill Grove"", ""Klondike Gold Rush"", ""California Gold Rush"", ""Black Hills Gold Rush"", ""Mariposa Grove""]"
MuSiQue,musique,668,What shares a border with the city where someone worked who went to the state where Atwell Mill Grove is located during the gold rush?,"History of Sacramento, California",demand_lexical,73,80,-7,0,0,0,0,0,0,0,0,0,0.0,,,"[""Atwell Mill Grove"", ""Klondike Gold Rush"", ""California Gold Rush"", ""Black Hills Gold Rush"", ""Mariposa Grove""]"
MuSiQue,musique,668,What shares a border with the city where someone worked who went to the state where Atwell Mill Grove is located during the gold rush?,California Gold Rush,llm_query_reform,10,2,8,0,0,1,1,1,1,1,1,0,119.7127345184621,City where the person worked during the gold rush,title_token_overlap,"[""Atwell Mill Grove"", ""Klondike Gold Rush"", ""California Gold Rush"", ""Black Hills Gold Rush"", ""Mariposa Grove""]"
MuSiQue,musique,668,What shares a border with the city where someone worked who went to the state where Atwell Mill Grove is located during the gold rush?,"History of Sacramento, California",llm_query_reform,73,80,-7,0,0,0,0,0,0,0,0,0,0.0,,,"[""Atwell Mill Grove"", ""Klondike Gold Rush"", ""California Gold Rush"", ""Black Hills Gold Rush"", ""Mariposa Grove""]"
MuSiQue,musique,668,What shares a border with the city where someone worked who went to the state where Atwell Mill Grove is located during the gold rush?,California Gold Rush,llm_demand_reform,10,2,8,0,0,1,1,1,1,1,1,0,77.97893423018753,Who went to the state where Atwell Mill Grove is located during the gold rush?,title_token_overlap,"[""Atwell Mill Grove"", ""Klondike Gold Rush"", ""California Gold Rush"", ""Mariposa Grove"", ""Mill Creek (Loyalsock Creek tributary)""]"
MuSiQue,musique,668,What shares a border with the city where someone worked who went to the state where Atwell Mill Grove is located during the gold rush?,"History of Sacramento, California",llm_demand_reform,73,80,-7,0,0,0,0,0,0,0,0,0,0.0,,,"[""Atwell Mill Grove"", ""Klondike Gold Rush"", ""California Gold Rush"", ""Mariposa Grove"", ""Mill Creek (Loyalsock Creek tributary)""]"
MuSiQue,musique,668,What shares a border with the city where someone worked who went to the state where Atwell Mill Grove is located during the gold rush?,California Gold Rush,llm_demand_hyde,10,2,8,0,0,1,1,1,1,1,1,0,96.56883788956111,"During the gold rush era, many prospectors from various states, including California, traveled to Georgia in search of gold opportunities.",title_token_overlap,"[""Atwell Mill Grove"", ""History of Georgia (U.S. state)"", ""California Gold Rush"", ""Klondike Gold Rush"", ""Mariposa Grove""]"
MuSiQue,musique,668,What shares a border with the city where someone worked who went to the state where Atwell Mill Grove is located during the gold rush?,"History of Sacramento, California",llm_demand_hyde,73,20,53,0,0,0,0,0,0,0,0,0,42.870575176215915,"Atwell Mill Grove is situated in the state of Georgia, which is known for its rich history and cultural heritage.",title_token_overlap,"[""Atwell Mill Grove"", ""History of Georgia (U.S. state)"", ""California Gold Rush"", ""Klondike Gold Rush"", ""Mariposa Grove""]"
MuSiQue,musique,668,What shares a border with the city where someone worked who went to the state where Atwell Mill Grove is located during the gold rush?,California Gold Rush,llm_combined,10,2,8,0,0,1,1,1,1,1,1,0,169.0856386582933,"During the gold rush era, many prospectors from various states, including California, traveled to Georgia in search of gold opportunities.",title_token_overlap,"[""Atwell Mill Grove"", ""Klondike Gold Rush"", ""California Gold Rush"", ""Black Hills Gold Rush"", ""Mariposa Grove""]"
MuSiQue,musique,668,What shares a border with the city where someone worked who went to the state where Atwell Mill Grove is located during the gold rush?,"History of Sacramento, California",llm_combined,73,26,47,0,0,0,0,0,0,0,0,0,42.870575176215915,"Atwell Mill Grove is situated in the state of Georgia, which is known for its rich history and cultural heritage.",title_token_overlap,"[""Atwell Mill Grove"", ""Klondike Gold Rush"", ""California Gold Rush"", ""Black Hills Gold Rush"", ""Mariposa Grove""]"
MuSiQue,musique,668,What shares a border with the city where someone worked who went to the state where Atwell Mill Grove is located during the gold rush?,California Gold Rush,llm_listwise_select,10,6,4,0,0,1,0,1,1,0,1,0,994.0,listwise_doc_id=10,llm_listwise_selected,"[""Atwell Mill Grove"", ""Salt Lake City"", ""Mill City, Butte County, California"", ""Pete Harman"", ""Frank Borzage""]"
MuSiQue,musique,668,What shares a border with the city where someone worked who went to the state where Atwell Mill Grove is located during the gold rush?,"History of Sacramento, California",llm_listwise_select,73,73,0,0,0,0,0,0,0,0,0,0,0.0,,,"[""Atwell Mill Grove"", ""Salt Lake City"", ""Mill City, Butte County, California"", ""Pete Harman"", ""Frank Borzage""]"
MuSiQue,musique,690,What is the capital of the county that shares a border with the county whose capital is the birthplace of Erik Jensen?,Jerome Quinn,source_order,76,76,0,0,0,0,0,0,0,0,0,0,0.0,,,"[""Erik Jensen (American football)"", ""Kaunas County"", ""Aqqala County"", ""J. P. Hayes"", ""Don Werner""]"
MuSiQue,musique,690,What is the capital of the county that shares a border with the county whose capital is the birthplace of Erik Jensen?,John C. Petersen,source_order,69,69,0,0,0,0,0,0,0,0,0,0,0.0,,,"[""Erik Jensen (American football)"", ""Kaunas County"", ""Aqqala County"", ""J. P. Hayes"", ""Don Werner""]"
MuSiQue,musique,690,What is the capital of the county that shares a border with the county whose capital is the birthplace of Erik Jensen?,Jerome Quinn,question_lexical,76,59,17,0,0,0,0,0,0,0,0,0,4.66699810888029,What is the capital of the county that shares a border with the county whose capital is the birthplace of Erik Jensen?,body_token_overlap,"[""Erik Jensen (American football)"", ""Baranya County"", ""Erik Hort"", ""Aqqala County"", ""Kexholm County""]"
MuSiQue,musique,690,What is the capital of the county that shares a border with the county whose capital is the birthplace of Erik Jensen?,John C. Petersen,question_lexical,69,57,12,0,0,0,0,0,0,0,0,0,4.66699810888029,What is the capital of the county that shares a border with the county whose capital is the birthplace of Erik Jensen?,body_token_overlap,"[""Erik Jensen (American football)"", ""Baranya County"", ""Erik Hort"", ""Aqqala County"", ""Kexholm County""]"
MuSiQue,musique,690,What is the capital of the county that shares a border with the county whose capital is the birthplace of Erik Jensen?,Jerome Quinn,demand_lexical,76,50,26,0,0,0,0,0,0,0,0,0,10.741363369297273,s2: Which county has that location as its capital?,body_token_overlap,"[""Erik Jensen (American football)"", ""Baranya County"", ""Aqqala County"", ""Kaunas County"", ""Kexholm County""]"
MuSiQue,musique,690,What is the capital of the county that shares a border with the county whose capital is the birthplace of Erik Jensen?,John C. Petersen,demand_lexical,69,48,21,0,0,0,0,0,0,0,0,0,10.741363369297273,s2: Which county has that location as its capital?,body_token_overlap,"[""Erik Jensen (American football)"", ""Baranya County"", ""Aqqala County"", ""Kaunas County"", ""Kexholm County""]"
MuSiQue,musique,690,What is the capital of the county that shares a border with the county whose capital is the birthplace of Erik Jensen?,Jerome Quinn,llm_query_reform,76,60,16,0,0,0,0,0,0,0,0,0,6.44707765501156,county with capital at birthplace of Erik Jensen,body_token_overlap,"[""Erik Jensen (American football)"", ""Erik Hort"", ""Baranya County"", ""Kaunas County"", ""Aqqala County""]"
MuSiQue,musique,690,What is the capital of the county that shares a border with the county whose capital is the birthplace of Erik Jensen?,John C. Petersen,llm_query_reform,69,58,11,0,0,0,0,0,0,0,0,0,6.44707765501156,county with capital at birthplace of Erik Jensen,body_token_overlap,"[""Erik Jensen (American football)"", ""Erik Hort"", ""Baranya County"", ""Kaunas County"", ""Aqqala County""]"
MuSiQue,musique,690,What is the capital of the county that shares a border with the county whose capital is the birthplace of Erik Jensen?,Jerome Quinn,llm_demand_reform,76,51,25,0,0,0,0,0,0,0,0,0,10.309363369297273,capital of [county from s3],body_token_overlap,"[""Erik Jensen (American football)"", ""Baranya County"", ""Aqqala County"", ""Kaunas County"", ""Kexholm County""]"
MuSiQue,musique,690,What is the capital of the county that shares a border with the county whose capital is the birthplace of Erik Jensen?,John C. Petersen,llm_demand_reform,69,49,20,0,0,0,0,0,0,0,0,0,10.309363369297273,capital of [county from s3],body_token_overlap,"[""Erik Jensen (American football)"", ""Baranya County"", ""Aqqala County"", ""Kaunas County"", ""Kexholm County""]"
MuSiQue,musique,690,What is the capital of the county that shares a border with the county whose capital is the birthplace of Erik Jensen?,Jerome Quinn,llm_demand_hyde,76,28,48,0,0,0,0,0,0,0,0,0,13.02863899354041,"Erik Jensen was born in the town of Løkken, which is located in the county of Vestfold, Norway.",body_token_overlap,"[""Erik Jensen (American football)"", ""Baranya County"", ""Xiangshui County"", ""Kaunas County"", ""Biłgoraj County""]"
MuSiQue,musique,690,What is the capital of the county that shares a border with the county whose capital is the birthplace of Erik Jensen?,John C. Petersen,llm_demand_hyde,69,64,5,0,0,0,0,0,0,0,0,0,6.2699745709343375,"The capital of Østfold County is Fredrikstad, a city situated along the Oslofjord.",body_token_overlap,"[""Erik Jensen (American football)"", ""Baranya County"", ""Xiangshui County"", ""Kaunas County"", ""Biłgoraj County""]"
MuSiQue,musique,690,What is the capital of the county that shares a border with the county whose capital is the birthplace of Erik Jensen?,Jerome Quinn,llm_combined,76,48,28,0,0,0,0,0,0,0,0,0,20.059282665416838,"Erik Jensen was born in the town of Løkken, which is located in the county of Vestfold, Norway.",body_token_overlap,"[""Erik Jensen (American football)"", ""Baranya County"", ""Kaunas County"", ""Aqqala County"", ""Biłgoraj County""]"
MuSiQue,musique,690,What is the capital of the county that shares a border with the county whose capital is the birthplace of Erik Jensen?,John C. Petersen,llm_combined,69,52,17,0,0,0,0,0,0,0,0,0,17.072046814239336,capital of [county from s3],body_token_overlap,"[""Erik Jensen (American football)"", ""Baranya County"", ""Kaunas County"", ""Aqqala County"", ""Biłgoraj County""]"
MuSiQue,musique,690,What is the capital of the county that shares a border with the county whose capital is the birthplace of Erik Jensen?,Jerome Quinn,llm_listwise_select,76,81,-5,0,0,0,0,0,0,0,0,0,0.0,,,"[""Erik Jensen (American football)"", ""J. P. Hayes"", ""Don Werner"", ""Amy McKenzie"", ""Anne Simonett""]"
MuSiQue,musique,690,What is the capital of the county that shares a border with the county whose capital is the birthplace of Erik Jensen?,John C. Petersen,llm_listwise_select,69,8,61,0,0,0,0,1,1,0,1,1,992.0,listwise_doc_id=69,llm_listwise_selected,"[""Erik Jensen (American football)"", ""J. P. Hayes"", ""Don Werner"", ""Amy McKenzie"", ""Anne Simonett""]"
MuSiQue,musique,697,What country had the Border Troops of the republic known for the literature of the country of citizenship of Ilona Richter?,Heinz-Josef Große,source_order,21,21,0,0,0,0,0,0,0,0,0,0,0.0,,,"[""Iron Curtain"", ""Ilona Richter"", ""Bernd Baumgart"", ""Graham Oberlin-Brown"", ""Literature of East Germany""]"
MuSiQue,musique,697,What country had the Border Troops of the republic known for the literature of the country of citizenship of Ilona Richter?,Heinz-Josef Große,question_lexical,21,33,-12,0,0,0,0,0,0,0,0,0,6.290955585586513,What country had the Border Troops of the republic known for the literature of the country of citizenship of Ilona Richter?,body_token_overlap,"[""Ilona Richter"", ""Roman Republic"", ""Literature of East Germany"", ""Nobel Prize in Literature"", ""India–Pakistan border""]"
MuSiQue,musique,697,What country had the Border Troops of the republic known for the literature of the country of citizenship of Ilona Richter?,Heinz-Josef Große,demand_lexical,21,33,-12,0,0,0,0,0,0,0,0,0,7.190955585586513,s2: What country had the Border Troops of the republic known for the literature of that country?,body_token_overlap,"[""Ilona Richter"", ""Roman Republic"", ""Literature of East Germany"", ""India–Pakistan border"", ""Nobel Prize in Literature""]"
MuSiQue,musique,697,What country had the Border Troops of the republic known for the literature of the country of citizenship of Ilona Richter?,Heinz-Josef Große,llm_query_reform,21,23,-2,0,0,0,0,0,0,0,0,0,10.708784926127276,Country with Border Troops and literature,body_token_overlap,"[""Ilona Richter"", ""Literature of East Germany"", ""Nobel Prize in Literature"", ""Roman Republic"", ""Battle of the Border""]"
MuSiQue,musique,697,What country had the Border Troops of the republic known for the literature of the country of citizenship of Ilona Richter?,Heinz-Josef Große,llm_demand_reform,21,25,-4,0,0,0,0,0,0,0,0,0,7.790955585586513,Country with Border Troops known for literature,body_token_overlap,"[""Ilona Richter"", ""Literature of East Germany"", ""India–Pakistan border"", ""Nobel Prize in Literature"", ""Battle of the Border""]"
MuSiQue,musique,697,What country had the Border Troops of the republic known for the literature of the country of citizenship of Ilona Richter?,Heinz-Josef Große,llm_demand_hyde,21,42,-21,0,0,0,0,0,0,0,0,0,5.3909555855865126,"The Border Troops of Hungary, also known as the Hungarian Border Guard, are responsible for patrolling the country's borders. Hungary is known for its rich literary tradition, which includes notable authors such as Imre Kertész and György Konrád.",body_token_overlap,"[""Ilona Richter"", ""Julia Strachey"", ""Literature of East Germany"", ""India–Pakistan border"", ""Nobel Prize in Literature""]"
MuSiQue,musique,697,What country had the Border Troops of the republic known for the literature of the country of citizenship of Ilona Richter?,Heinz-Josef Große,llm_combined,21,32,-11,0,0,0,0,0,0,0,0,0,13.153528936938422,Country with Border Troops and literature,body_token_overlap,"[""Ilona Richter"", ""Literature of East Germany"", ""Nobel Prize in Literature"", ""India–Pakistan border"", ""Battle of the Border""]"
MuSiQue,musique,697,What country had the Border Troops of the republic known for the literature of the country of citizenship of Ilona Richter?,Heinz-Josef Große,llm_listwise_select,21,2,19,0,0,0,1,1,1,1,1,1,998.0,listwise_doc_id=21,llm_listwise_selected,"[""Ilona Richter"", ""Literature of East Germany"", ""Heinz-Josef Große"", ""East German uprising of 1953"", ""Elsa Brändström""]"
MuSiQue,musique,704,When was the region that lies to the north of the region Israel is located and where the Battle of Qurah and Umm al Maradim is took place established?,Geography of Saudi Arabia,source_order,72,72,0,0,0,0,0,0,0,0,0,0,0.0,,,"[""Battle of Qurah and Umm al Maradim"", ""Qaruh Island"", ""Israel"", ""Israel"", ""Near East""]"
MuSiQue,musique,704,When was the region that lies to the north of the region Israel is located and where the Battle of Qurah and Umm al Maradim is took place established?,Saudi Arabia,source_order,58,58,0,0,0,0,0,0,0,0,0,0,0.0,,,"[""Battle of Qurah and Umm al Maradim"", ""Qaruh Island"", ""Israel"", ""Israel"", ""Near East""]"
MuSiQue,musique,704,When was the region that lies to the north of the region Israel is located and where the Battle of Qurah and Umm al Maradim is took place established?,Geography of Saudi Arabia,question_lexical,72,57,15,0,0,0,0,0,0,0,0,0,5.081831047638268,When was the region that lies to the north of the region Israel is located and where the Battle of Qurah and Umm al Maradim is took place established?,body_token_overlap,"[""Battle of Qurah and Umm al Maradim"", ""Israel"", ""Israel"", ""Israel"", ""Israel""]"
MuSiQue,musique,704,When was the region that lies to the north of the region Israel is located and where the Battle of Qurah and Umm al Maradim is took place established?,Saudi Arabia,question_lexical,58,80,-22,0,0,0,0,0,0,0,0,0,0.0,,,"[""Battle of Qurah and Umm al Maradim"", ""Israel"", ""Israel"", ""Israel"", ""Israel""]"
MuSiQue,musique,704,When was the region that lies to the north of the region Israel is located and where the Battle of Qurah and Umm al Maradim is took place established?,Geography of Saudi Arabia,demand_lexical,72,53,19,0,0,0,0,0,0,0,0,0,7.748497714304934,s1: Which region lies to the north of the region where Israel is located? Israel,body_token_overlap,"[""Battle of Qurah and Umm al Maradim"", ""Israel"", ""Israel"", ""Israel"", ""Israel""]"
MuSiQue,musique,704,When was the region that lies to the north of the region Israel is located and where the Battle of Qurah and Umm al Maradim is took place established?,Saudi Arabia,demand_lexical,58,80,-22,0,0,0,0,0,0,0,0,0,0.0,,,"[""Battle of Qurah and Umm al Maradim"", ""Israel"", ""Israel"", ""Israel"", ""Israel""]"
MuSiQue,musique,704,When was the region that lies to the north of the region Israel is located and where the Battle of Qurah and Umm al Maradim is took place established?,Geography of Saudi Arabia,llm_query_reform,72,50,22,0,0,0,0,0,0,0,0,0,12.53795689145471,Region to the north of Israel,body_token_overlap,"[""Battle of Qurah and Umm al Maradim"", ""Israel"", ""Israel"", ""Israel"", ""Israel""]"
MuSiQue,musique,704,When was the region that lies to the north of the region Israel is located and where the Battle of Qurah and Umm al Maradim is took place established?,Saudi Arabia,llm_query_reform,58,83,-25,0,0,0,0,0,0,0,0,0,0.0,,,"[""Battle of Qurah and Umm al Maradim"", ""Israel"", ""Israel"", ""Israel"", ""Israel""]"
MuSiQue,musique,704,When was the region that lies to the north of the region Israel is located and where the Battle of Qurah and Umm al Maradim is took place established?,Geography of Saudi Arabia,llm_demand_reform,72,49,23,0,0,0,0,0,0,0,0,0,9.748497714304934,region to the north of Israel,body_token_overlap,"[""Battle of Qurah and Umm al Maradim"", ""Israel"", ""Israel"", ""Israel"", ""Israel""]"
MuSiQue,musique,704,When was the region that lies to the north of the region Israel is located and where the Battle of Qurah and Umm al Maradim is took place established?,Saudi Arabia,llm_demand_reform,58,81,-23,0,0,0,0,0,0,0,0,0,0.0,,,"[""Battle of Qurah and Umm al Maradim"", ""Israel"", ""Israel"", ""Israel"", ""Israel""]"
MuSiQue,musique,704,When was the region that lies to the north of the region Israel is located and where the Battle of Qurah and Umm al Maradim is took place established?,Geography of Saudi Arabia,llm_demand_hyde,72,72,0,0,0,0,0,0,0,0,0,0,5.462783428590648,"The region to the north of Israel is the Golan Heights, a strategic area with historical significance.",body_token_overlap,"[""Battle of Qurah and Umm al Maradim"", ""Israel"", ""Israel"", ""Israel"", ""Israel""]"
MuSiQue,musique,704,When was the region that lies to the north of the region Israel is located and where the Battle of Qurah and Umm al Maradim is took place established?,Saudi Arabia,llm_demand_hyde,58,54,4,0,0,0,0,0,0,0,0,0,7.077333979068732,The Battle of Qurah and Umm al Maradim took place in the Golan Heights during the 1967 Six-Day War.,body_token_overlap,"[""Battle of Qurah and Umm al Maradim"", ""Israel"", ""Israel"", ""Israel"", ""Israel""]"
MuSiQue,musique,704,When was the region that lies to the north of the region Israel is located and where the Battle of Qurah and Umm al Maradim is took place established?,Geography of Saudi Arabia,llm_combined,72,55,17,0,0,0,0,0,0,0,0,0,15.293130354318771,Region to the north of Israel,body_token_overlap,"[""Battle of Qurah and Umm al Maradim"", ""Israel"", ""Israel"", ""Israel"", ""Israel""]"
MuSiQue,musique,704,When was the region that lies to the north of the region Israel is located and where the Battle of Qurah and Umm al Maradim is took place established?,Saudi Arabia,llm_combined,58,75,-17,0,0,0,0,0,0,0,0,0,7.077333979068732,The Battle of Qurah and Umm al Maradim took place in the Golan Heights during the 1967 Six-Day War.,body_token_overlap,"[""Battle of Qurah and Umm al Maradim"", ""Israel"", ""Israel"", ""Israel"", ""Israel""]"
MuSiQue,musique,704,When was the region that lies to the north of the region Israel is located and where the Battle of Qurah and Umm al Maradim is took place established?,Geography of Saudi Arabia,llm_listwise_select,72,76,-4,0,0,0,0,0,0,0,0,0,0.0,,,"[""Near East"", ""Qaruh Island"", ""Jidda Island"", ""Jordan"", ""Route 888 (Israel)""]"
MuSiQue,musique,704,When was the region that lies to the north of the region Israel is located and where the Battle of Qurah and Umm al Maradim is took place established?,Saudi Arabia,llm_listwise_select,58,63,-5,0,0,0,0,0,0,0,0,0,0.0,,,"[""Near East"", ""Qaruh Island"", ""Jidda Island"", ""Jordan"", ""Route 888 (Israel)""]"
MuSiQue,musique,723,When did the city where Souvenir's performer was born become the capitol of the state Knowles was from?,"History of Austin, Texas",source_order,27,27,0,0,0,0,0,0,0,0,0,0,0.0,,,"[""History of Georgia (U.S. state)"", ""Beyoncé"", ""Destiny's Child"", ""List of municipalities in Georgia (U.S. state)"", ""List of capitals in the United States""]"
MuSiQue,musique,723,When did the city where Souvenir's performer was born become the capitol of the state Knowles was from?,"History of Austin, Texas",question_lexical,27,7,20,0,0,0,0,1,1,0,1,1,8.782210207870001,When did the city where Souvenir's performer was born become the capitol of the state Knowles was from?,body_token_overlap,"[""Minnesota State Capitol"", ""Kentucky State Capitol"", ""Beyoncé"", ""Beyoncé"", ""Beyoncé""]"
MuSiQue,musique,723,When did the city where Souvenir's performer was born become the capitol of the state Knowles was from?,"History of Austin, Texas",demand_lexical,27,7,20,0,0,0,0,1,1,0,1,1,9.18221020787,s2: When did the city where Souvenir's performer was born become the capitol of that state? Souvenir's performer state,body_token_overlap,"[""Minnesota State Capitol"", ""Kentucky State Capitol"", ""Beyoncé"", ""Destiny's Child"", ""Beyoncé""]"
MuSiQue,musique,723,When did the city where Souvenir's performer was born become the capitol of the state Knowles was from?,"History of Austin, Texas",llm_query_reform,27,30,-3,0,0,0,0,0,0,0,0,0,10.236075432814399,When did the city where Souvenir's performer was born become the capitol,body_token_overlap,"[""Minnesota State Capitol"", ""Kentucky State Capitol"", ""Birth certificate"", ""List of capitals in the United States"", ""Beyoncé""]"
MuSiQue,musique,723,When did the city where Souvenir's performer was born become the capitol of the state Knowles was from?,"History of Austin, Texas",llm_demand_reform,27,7,20,0,0,0,0,1,1,0,1,1,8.782210207870001,When did the city where Souvenir's performer was born become the capitol of Knowles' state,body_token_overlap,"[""Minnesota State Capitol"", ""Kentucky State Capitol"", ""Beyoncé"", ""Beyoncé"", ""Beyoncé""]"
MuSiQue,musique,723,When did the city where Souvenir's performer was born become the capitol of the state Knowles was from?,"History of Austin, Texas",llm_demand_hyde,27,0,27,0,0,0,1,1,1,1,1,1,102.42975243045228,"The city of Austin became the capital of Texas in 1845, following the Texas Revolution and the establishment of the Republic of Texas.",title_token_overlap,"[""History of Austin, Texas"", ""History of Kolkata"", ""History of Georgia (U.S. state)"", ""Minnesota History Center"", ""History of Mexico""]"
MuSiQue,musique,723,When did the city where Souvenir's performer was born become the capitol of the state Knowles was from?,"History of Austin, Texas",llm_combined,27,2,25,0,0,0,1,1,1,1,1,1,106.74121333022988,"The city of Austin became the capital of Texas in 1845, following the Texas Revolution and the establishment of the Republic of Texas.",title_token_overlap,"[""Minnesota State Capitol"", ""Kentucky State Capitol"", ""History of Austin, Texas"", ""Birth certificate"", ""Beyoncé""]"
MuSiQue,musique,723,When did the city where Souvenir's performer was born become the capitol of the state Knowles was from?,"History of Austin, Texas",llm_listwise_select,27,32,-5,0,0,0,0,0,0,0,0,0,0.0,,,"[""Beyoncé"", ""Oklahoma"", ""List of municipalities in Georgia (U.S. state)"", ""Savannah, Georgia"", ""List of capitals in the United States""]"
MuSiQue,musique,735,What county is the city that shares a border with the state capital of the state where Zubly Cemetery is located in?,WWNQ,source_order,88,88,0,0,0,0,0,0,0,0,0,0,0.0,,,"[""Zubly Cemetery"", ""Hobcaw Barony"", ""Columbia, South Carolina"", ""Charleston, South Carolina"", ""Forest Acres, South Carolina""]"
MuSiQue,musique,735,What county is the city that shares a border with the state capital of the state where Zubly Cemetery is located in?,WWNQ,question_lexical,88,92,-4,0,0,0,0,0,0,0,0,0,0.0,,,"[""Zubly Cemetery"", ""Baranya County"", ""Woden Cemetery"", ""Ute Cemetery"", ""Southampton Old Cemetery""]"
MuSiQue,musique,735,What county is the city that shares a border with the state capital of the state where Zubly Cemetery is located in?,WWNQ,demand_lexical,88,92,-4,0,0,0,0,0,0,0,0,0,0.0,,,"[""Zubly Cemetery"", ""Baranya County"", ""Randolph County, Illinois"", ""Capital punishment in the United States"", ""Woden Cemetery""]"
MuSiQue,musique,735,What county is the city that shares a border with the state capital of the state where Zubly Cemetery is located in?,WWNQ,llm_query_reform,88,93,-5,0,0,0,0,0,0,0,0,0,0.0,,,"[""Zubly Cemetery"", ""Texas Revolution"", ""Woden Cemetery"", ""Ute Cemetery"", ""Southampton Old Cemetery""]"
MuSiQue,musique,735,What county is the city that shares a border with the state capital of the state where Zubly Cemetery is located in?,WWNQ,llm_demand_reform,88,92,-4,0,0,0,0,0,0,0,0,0,0.0,,,"[""Zubly Cemetery"", ""Baranya County"", ""Randolph County, Illinois"", ""Capital punishment in the United States"", ""Woden Cemetery""]"
MuSiQue,musique,735,What county is the city that shares a border with the state capital of the state where Zubly Cemetery is located in?,WWNQ,llm_demand_hyde,88,95,-7,0,0,0,0,0,0,0,0,0,0.0,,,"[""Zubly Cemetery"", ""History of Georgia (U.S. state)"", ""Savannah, Georgia"", ""Grant Park, Atlanta"", ""List of municipalities in Georgia (U.S. state)""]"
MuSiQue,musique,735,What county is the city that shares a border with the state capital of the state where Zubly Cemetery is located in?,WWNQ,llm_combined,88,96,-8,0,0,0,0,0,0,0,0,0,0.0,,,"[""Zubly Cemetery"", ""Baranya County"", ""Woden Cemetery"", ""Capital punishment in the United States"", ""Ute Cemetery""]"
MuSiQue,musique,735,What county is the city that shares a border with the state capital of the state where Zubly Cemetery is located in?,WWNQ,llm_listwise_select,88,88,0,0,0,0,0,0,0,0,0,0,0.0,,,"[""Zubly Cemetery"", ""Columbia, South Carolina"", ""Charleston, South Carolina"", ""Charleston, South Carolina"", ""History of Georgia (U.S. state)""]"
MuSiQue,musique,736,"What county shares a border with the other county, that contains the city, where the singer of Hungry Eyes in the movie Dirty Dancing, was born?","Cleveland, North Carolina",source_order,55,55,0,0,0,0,0,0,0,0,0,0,0.0,,,"[""Hungry Eyes"", ""Hungry Eyes"", ""The Definitive Collection (Eric Carmen album)"", ""She's Like the Wind"", ""Dirty Dancing""]"
MuSiQue,musique,736,"What county shares a border with the other county, that contains the city, where the singer of Hungry Eyes in the movie Dirty Dancing, was born?","Cleveland, North Carolina",question_lexical,55,62,-7,0,0,0,0,0,0,0,0,0,4.99078850425089,"What county shares a border with the other county, that contains the city, where the singer of Hungry Eyes in the movie Dirty Dancing, was born?",body_token_overlap,"[""Hungry Eyes"", ""Hungry Eyes"", ""Dirty Dancing"", ""Dirty Dancing"", ""Baranya County""]"
MuSiQue,musique,736,"What county shares a border with the other county, that contains the city, where the singer of Hungry Eyes in the movie Dirty Dancing, was born?","Cleveland, North Carolina",demand_lexical,55,66,-11,0,0,0,0,0,0,0,0,0,5.933925549003421,s3: Which county contains the city where the singer of 'Hungry Eyes' in the movie 'Dirty Dancing' was born?,body_token_overlap,"[""Hungry Eyes"", ""Hungry Eyes"", ""Dirty Dancing"", ""Dirty Dancing"", ""Baranya County""]"
MuSiQue,musique,736,"What county shares a border with the other county, that contains the city, where the singer of Hungry Eyes in the movie Dirty Dancing, was born?","Cleveland, North Carolina",llm_query_reform,55,45,10,0,0,0,0,0,0,0,0,0,7.382381456690301,County containing the city of birth of the singer of Hungry Eyes in Dirty Dancing,body_token_overlap,"[""Hungry Eyes"", ""Hungry Eyes"", ""Dirty Dancing"", ""Dirty Dancing"", ""Baranya County""]"
MuSiQue,musique,736,"What county shares a border with the other county, that contains the city, where the singer of Hungry Eyes in the movie Dirty Dancing, was born?","Cleveland, North Carolina",llm_demand_reform,55,45,10,0,0,0,0,0,0,0,0,0,6.113683124760997,county containing the birth city of the singer of Hungry Eyes in Dirty Dancing,body_token_overlap,"[""Hungry Eyes"", ""Hungry Eyes"", ""Dirty Dancing"", ""Dirty Dancing"", ""Baranya County""]"
MuSiQue,musique,736,"What county shares a border with the other county, that contains the city, where the singer of Hungry Eyes in the movie Dirty Dancing, was born?","Cleveland, North Carolina",llm_demand_hyde,55,42,13,0,0,0,0,0,0,0,0,0,8.709683124760996,"The city of Dallas is located in Dallas County, Texas.",body_token_overlap,"[""Hungry Eyes"", ""Hungry Eyes"", ""Dirty Dancing"", ""Dirty Dancing"", ""Baranya County""]"
MuSiQue,musique,736,"What county shares a border with the other county, that contains the city, where the singer of Hungry Eyes in the movie Dirty Dancing, was born?","Cleveland, North Carolina",llm_combined,55,45,10,0,0,0,0,0,0,0,0,0,13.790658270660032,"The city of Dallas is located in Dallas County, Texas.",body_token_overlap,"[""Hungry Eyes"", ""Hungry Eyes"", ""Dirty Dancing"", ""Dirty Dancing"", ""Baranya County""]"
MuSiQue,musique,736,"What county shares a border with the other county, that contains the city, where the singer of Hungry Eyes in the movie Dirty Dancing, was born?","Cleveland, North Carolina",llm_listwise_select,55,7,48,0,0,0,0,1,1,0,1,1,993.0,listwise_doc_id=55,llm_listwise_selected,"[""Hungry Eyes"", ""Hungry Eyes"", ""The Definitive Collection (Eric Carmen album)"", ""Robert Abel (animator)"", ""Miami""]"
MuSiQue,musique,759,Whose father was a navigator who explored the east coast of the continental region where Sergio Villanueva would later be born?,Paula Santiago,source_order,23,23,0,0,0,0,0,0,0,0,0,0,0.0,,,"[""Vicente Yáñez Pinzón"", ""Sergio Villanueva"", ""Francisco de Orellana"", ""Pedro Álvares Cabral"", ""Francisco de Eliza""]"
MuSiQue,musique,759,Whose father was a navigator who explored the east coast of the continental region where Sergio Villanueva would later be born?,Sebastian Cabot (explorer),source_order,7,7,0,0,1,1,0,1,1,0,0,0,0.0,,,"[""Vicente Yáñez Pinzón"", ""Sergio Villanueva"", ""Francisco de Orellana"", ""Pedro Álvares Cabral"", ""Francisco de Eliza""]"
MuSiQue,musique,759,Whose father was a navigator who explored the east coast of the continental region where Sergio Villanueva would later be born?,Paula Santiago,question_lexical,23,75,-52,0,0,0,0,0,0,0,0,0,0.0,,,"[""Sergio Villanueva"", ""East Coast of the United States"", ""Pennell Coast"", ""History of the west coast of North America"", ""Primo Riccitelli""]"
MuSiQue,musique,759,Whose father was a navigator who explored the east coast of the continental region where Sergio Villanueva would later be born?,Sebastian Cabot (explorer),question_lexical,7,54,-47,0,1,1,0,0,0,0,0,0,5.443309980920267,Whose father was a navigator who explored the east coast of the continental region where Sergio Villanueva would later be born?,body_token_overlap,"[""Sergio Villanueva"", ""East Coast of the United States"", ""Pennell Coast"", ""History of the west coast of North America"", ""Primo Riccitelli""]"
MuSiQue,musique,759,Whose father was a navigator who explored the east coast of the continental region where Sergio Villanueva would later be born?,Paula Santiago,demand_lexical,23,49,-26,0,0,0,0,0,0,0,0,0,0.0,,,"[""Sergio Villanueva"", ""Spice trade"", ""Leonhard Seppala"", ""Avicenna"", ""Lina Medina""]"
MuSiQue,musique,759,Whose father was a navigator who explored the east coast of the continental region where Sergio Villanueva would later be born?,Sebastian Cabot (explorer),demand_lexical,7,31,-24,0,1,1,0,0,0,0,0,0,8.352400890011175,s4: Where was Sergio Villanueva born? Sergio Villanueva,body_token_overlap,"[""Sergio Villanueva"", ""Spice trade"", ""Leonhard Seppala"", ""Avicenna"", ""Lina Medina""]"
MuSiQue,musique,759,Whose father was a navigator who explored the east coast of the continental region where Sergio Villanueva would later be born?,Paula Santiago,llm_query_reform,23,69,-46,0,0,0,0,0,0,0,0,0,0.0,,,"[""Sergio Villanueva"", ""East Coast of the United States"", ""Pennell Coast"", ""History of the west coast of North America"", ""Exploration of North America""]"
MuSiQue,musique,759,Whose father was a navigator who explored the east coast of the continental region where Sergio Villanueva would later be born?,Sebastian Cabot (explorer),llm_query_reform,7,63,-56,0,1,1,0,0,0,0,0,0,0.0,,,"[""Sergio Villanueva"", ""East Coast of the United States"", ""Pennell Coast"", ""History of the west coast of North America"", ""Exploration of North America""]"
MuSiQue,musique,759,Whose father was a navigator who explored the east coast of the continental region where Sergio Villanueva would later be born?,Paula Santiago,llm_demand_reform,23,47,-24,0,0,0,0,0,0,0,0,0,0.0,,,"[""Sergio Villanueva"", ""Leonhard Seppala"", ""Avicenna"", ""Spice trade"", ""Lina Medina""]"
MuSiQue,musique,759,Whose father was a navigator who explored the east coast of the continental region where Sergio Villanueva would later be born?,Sebastian Cabot (explorer),llm_demand_reform,7,21,-14,0,1,1,0,0,0,0,0,0,8.352400890011175,Where was Sergio Villanueva born?,body_token_overlap,"[""Sergio Villanueva"", ""Leonhard Seppala"", ""Avicenna"", ""Spice trade"", ""Lina Medina""]"
MuSiQue,musique,759,Whose father was a navigator who explored the east coast of the continental region where Sergio Villanueva would later be born?,Paula Santiago,llm_demand_hyde,23,57,-34,0,0,0,0,0,0,0,0,0,8.017167939780645,"Juan Villanueva explored the east coast of the continental region, including areas that are now part of modern-day Brazil and Argentina.",body_token_overlap,"[""Sergio Villanueva"", ""East Coast of the United States"", ""History of the west coast of North America"", ""History of sugar"", ""History of Australia""]"
MuSiQue,musique,759,Whose father was a navigator who explored the east coast of the continental region where Sergio Villanueva would later be born?,Sebastian Cabot (explorer),llm_demand_hyde,7,40,-33,0,1,1,0,0,0,0,0,0,12.022098002138831,"Juan Villanueva was a renowned navigator and explorer, known for his contributions to the mapping of the Atlantic coast.",body_token_overlap,"[""Sergio Villanueva"", ""East Coast of the United States"", ""History of the west coast of North America"", ""History of sugar"", ""History of Australia""]"
MuSiQue,musique,759,Whose father was a navigator who explored the east coast of the continental region where Sergio Villanueva would later be born?,Paula Santiago,llm_combined,23,76,-53,0,0,0,0,0,0,0,0,0,8.017167939780645,"Juan Villanueva explored the east coast of the continental region, including areas that are now part of modern-day Brazil and Argentina.",body_token_overlap,"[""Sergio Villanueva"", ""East Coast of the United States"", ""Pennell Coast"", ""History of the west coast of North America"", ""History of Australia""]"
MuSiQue,musique,759,Whose father was a navigator who explored the east coast of the continental region where Sergio Villanueva would later be born?,Sebastian Cabot (explorer),llm_combined,7,59,-52,0,1,1,0,0,0,0,0,0,14.026674215741513,"Juan Villanueva was a renowned navigator and explorer, known for his contributions to the mapping of the Atlantic coast.",body_token_overlap,"[""Sergio Villanueva"", ""East Coast of the United States"", ""Pennell Coast"", ""History of the west coast of North America"", ""History of Australia""]"
MuSiQue,musique,759,Whose father was a navigator who explored the east coast of the continental region where Sergio Villanueva would later be born?,Paula Santiago,llm_listwise_select,23,31,-8,0,0,0,0,0,0,0,0,0,0.0,,,"[""Sergio Villanueva"", ""Xavi"", ""Roberto Irineu Marinho"", ""History of Maryland"", ""Jean-Michel Oughourlian""]"
MuSiQue,musique,759,Whose father was a navigator who explored the east coast of the continental region where Sergio Villanueva would later be born?,Sebastian Cabot (explorer),llm_listwise_select,7,15,-8,0,1,1,0,0,1,0,0,0,0.0,,,"[""Sergio Villanueva"", ""Xavi"", ""Roberto Irineu Marinho"", ""History of Maryland"", ""Jean-Michel Oughourlian""]"
MuSiQue,musique,769,When did the town WIZE is licensed in become capitol of the state where Ward Township is located?,"Randolph County, Illinois",source_order,31,31,0,0,0,0,0,0,0,0,0,0,0.0,,,"[""WIZE"", ""Ohio"", ""KKSS"", ""WLUJ"", ""WHOS""]"
MuSiQue,musique,769,When did the town WIZE is licensed in become capitol of the state where Ward Township is located?,"Springfield, Illinois",source_order,28,28,0,0,0,0,0,0,0,0,0,0,0.0,,,"[""WIZE"", ""Ohio"", ""KKSS"", ""WLUJ"", ""WHOS""]"
MuSiQue,musique,769,When did the town WIZE is licensed in become capitol of the state where Ward Township is located?,"Randolph County, Illinois",question_lexical,31,61,-30,0,0,0,0,0,0,0,0,0,0.0,,,"[""Ward Township, Randolph County, Indiana"", ""WIZE"", ""Minnesota State Capitol"", ""Kentucky State Capitol"", ""E Township, Maine""]"
MuSiQue,musique,769,When did the town WIZE is licensed in become capitol of the state where Ward Township is located?,"Springfield, Illinois",question_lexical,28,17,11,0,0,0,0,0,1,0,0,1,7.700710602445356,When did the town WIZE is licensed in become capitol of the state where Ward Township is located?,body_token_overlap,"[""Ward Township, Randolph County, Indiana"", ""WIZE"", ""Minnesota State Capitol"", ""Kentucky State Capitol"", ""E Township, Maine""]"
MuSiQue,musique,769,When did the town WIZE is licensed in become capitol of the state where Ward Township is located?,"Randolph County, Illinois",demand_lexical,31,31,0,0,0,0,0,0,0,0,0,0,6.526312589072722,s2: When did the town WIZE is licensed in become the capital of that state? WIZE,body_token_overlap,"[""Ward Township, Randolph County, Indiana"", ""WIZE"", ""E Township, Maine"", ""Richmond Township, Marquette County, Michigan"", ""Jackson Township, Randolph County, Indiana""]"
MuSiQue,musique,769,When did the town WIZE is licensed in become capitol of the state where Ward Township is located?,"Springfield, Illinois",demand_lexical,28,7,21,0,0,0,0,1,1,0,1,1,16.601983379811774,s2: When did the town WIZE is licensed in become the capital of that state? WIZE,body_token_overlap,"[""Ward Township, Randolph County, Indiana"", ""WIZE"", ""E Township, Maine"", ""Richmond Township, Marquette County, Michigan"", ""Jackson Township, Randolph County, Indiana""]"
MuSiQue,musique,769,When did the town WIZE is licensed in become capitol of the state where Ward Township is located?,"Randolph County, Illinois",llm_query_reform,31,30,1,0,0,0,0,0,0,0,0,0,10.811785121138902,Capital of the state where Ward Township is located,body_token_overlap,"[""Ward Township, Randolph County, Indiana"", ""WIZE"", ""E Township, Maine"", ""Richmond Township, Marquette County, Michigan"", ""Jackson Township, Randolph County, Indiana""]"
MuSiQue,musique,769,When did the town WIZE is licensed in become capitol of the state where Ward Township is located?,"Springfield, Illinois",llm_query_reform,28,6,22,0,0,0,0,1,1,0,1,1,22.413955423385698,When did the town WIZE become the capital,body_token_overlap,"[""Ward Township, Randolph County, Indiana"", ""WIZE"", ""E Township, Maine"", ""Richmond Township, Marquette County, Michigan"", ""Jackson Township, Randolph County, Indiana""]"
MuSiQue,musique,769,When did the town WIZE is licensed in become capitol of the state where Ward Township is located?,"Randolph County, Illinois",llm_demand_reform,31,31,0,0,0,0,0,0,0,0,0,0,5.840598303358436,when did the town WIZE is licensed in become the capital of the state where Ward Township is located,body_token_overlap,"[""Ward Township, Randolph County, Indiana"", ""WIZE"", ""E Township, Maine"", ""Richmond Township, Marquette County, Michigan"", ""Jackson Township, Randolph County, Indiana""]"
MuSiQue,musique,769,When did the town WIZE is licensed in become capitol of the state where Ward Township is located?,"Springfield, Illinois",llm_demand_reform,28,7,21,0,0,0,0,1,1,0,1,1,15.230554808383202,when did the town WIZE is licensed in become the capital of the state where Ward Township is located,body_token_overlap,"[""Ward Township, Randolph County, Indiana"", ""WIZE"", ""E Township, Maine"", ""Richmond Township, Marquette County, Michigan"", ""Jackson Township, Randolph County, Indiana""]"
MuSiQue,musique,769,When did the town WIZE is licensed in become capitol of the state where Ward Township is located?,"Randolph County, Illinois",llm_demand_hyde,31,37,-6,0,0,0,0,0,0,0,0,0,5.626312589072722,"The town of Zanesville, where WIZE is licensed, became the capital of Ohio in 1812.",body_token_overlap,"[""Ward Township, Randolph County, Indiana"", ""Ohio"", ""WIZE"", ""E Township, Maine"", ""Richmond Township, Marquette County, Michigan""]"
MuSiQue,musique,769,When did the town WIZE is licensed in become capitol of the state where Ward Township is located?,"Springfield, Illinois",llm_demand_hyde,28,7,21,0,0,0,0,1,1,0,1,1,23.474821799845884,"The town of Zanesville, where WIZE is licensed, became the capital of Ohio in 1812.",body_token_overlap,"[""Ward Township, Randolph County, Indiana"", ""Ohio"", ""WIZE"", ""E Township, Maine"", ""Richmond Township, Marquette County, Michigan""]"
MuSiQue,musique,769,When did the town WIZE is licensed in become capitol of the state where Ward Township is located?,"Randolph County, Illinois",llm_combined,31,34,-3,0,0,0,0,0,0,0,0,0,12.970971938919366,Capital of the state where Ward Township is located,body_token_overlap,"[""Ward Township, Randolph County, Indiana"", ""WIZE"", ""E Township, Maine"", ""Ohio"", ""Richmond Township, Marquette County, Michigan""]"
MuSiQue,musique,769,When did the town WIZE is licensed in become capitol of the state where Ward Township is located?,"Springfield, Illinois",llm_combined,28,7,21,0,0,0,0,1,1,0,1,1,34.042936431580614,"The town of Zanesville, where WIZE is licensed, became the capital of Ohio in 1812.",body_token_overlap,"[""Ward Township, Randolph County, Indiana"", ""WIZE"", ""E Township, Maine"", ""Ohio"", ""Richmond Township, Marquette County, Michigan""]"
MuSiQue,musique,769,When did the town WIZE is licensed in become capitol of the state where Ward Township is located?,"Randolph County, Illinois",llm_listwise_select,31,2,29,0,0,0,1,1,1,1,1,1,998.0,listwise_doc_id=31,llm_listwise_selected,"[""Ward Township, Randolph County, Indiana"", ""Indiana"", ""Randolph County, Illinois"", ""Tallahassee, Florida"", ""Life Toward Twilight""]"
MuSiQue,musique,769,When did the town WIZE is licensed in become capitol of the state where Ward Township is located?,"Springfield, Illinois",llm_listwise_select,28,41,-13,0,0,0,0,0,0,0,0,0,0.0,,,"[""Ward Township, Randolph County, Indiana"", ""Indiana"", ""Randolph County, Illinois"", ""Tallahassee, Florida"", ""Life Toward Twilight""]"
MuSiQue,musique,774,Can foreign tourists cruise to the country between the nation that hosted 2020 AFC U-23 Championship qualification and the one that contains A Don.?,Geography of Myanmar,source_order,27,27,0,0,0,0,0,0,0,0,0,0,0.0,,,"[""2020 AFC U-23 Championship qualification"", ""A Don"", ""FIFA World Cup"", ""A Lim"", ""A Kiom""]"
MuSiQue,musique,774,Can foreign tourists cruise to the country between the nation that hosted 2020 AFC U-23 Championship qualification and the one that contains A Don.?,Myanmar,source_order,6,6,0,0,1,1,0,1,1,0,0,0,0.0,,,"[""2020 AFC U-23 Championship qualification"", ""A Don"", ""FIFA World Cup"", ""A Lim"", ""A Kiom""]"
MuSiQue,musique,774,Can foreign tourists cruise to the country between the nation that hosted 2020 AFC U-23 Championship qualification and the one that contains A Don.?,Geography of Myanmar,question_lexical,27,62,-35,0,0,0,0,0,0,0,0,0,0.0,,,"[""2020 AFC U-23 Championship qualification"", ""A Don"", ""2013 Six-red World Championship"", ""2014 Six-red World Championship"", ""India national football team""]"
MuSiQue,musique,774,Can foreign tourists cruise to the country between the nation that hosted 2020 AFC U-23 Championship qualification and the one that contains A Don.?,Myanmar,question_lexical,6,9,-3,0,1,1,0,1,1,0,0,0,12.808042112614126,Can foreign tourists cruise to the country between the nation that hosted 2020 AFC U-23 Championship qualification and the one that contains A Don.?,body_token_overlap,"[""2020 AFC U-23 Championship qualification"", ""A Don"", ""2013 Six-red World Championship"", ""2014 Six-red World Championship"", ""India national football team""]"
MuSiQue,musique,774,Can foreign tourists cruise to the country between the nation that hosted 2020 AFC U-23 Championship qualification and the one that contains A Don.?,Geography of Myanmar,demand_lexical,27,62,-35,0,0,0,0,0,0,0,0,0,0.0,,,"[""2020 AFC U-23 Championship qualification"", ""A Don"", ""2013 Six-red World Championship"", ""2014 Six-red World Championship"", ""India national football team""]"
MuSiQue,musique,774,Can foreign tourists cruise to the country between the nation that hosted 2020 AFC U-23 Championship qualification and the one that contains A Don.?,Myanmar,demand_lexical,6,10,-4,0,1,1,0,0,1,0,0,0,12.808042112614126,s3: Can foreign tourists cruise to the country between the nation that hosted 2020 AFC U-23 Championship qualification and the one that contains A Don?,body_token_overlap,"[""2020 AFC U-23 Championship qualification"", ""A Don"", ""2013 Six-red World Championship"", ""2014 Six-red World Championship"", ""India national football team""]"
MuSiQue,musique,774,Can foreign tourists cruise to the country between the nation that hosted 2020 AFC U-23 Championship qualification and the one that contains A Don.?,Geography of Myanmar,llm_query_reform,27,63,-36,0,0,0,0,0,0,0,0,0,0.0,,,"[""2020 AFC U-23 Championship qualification"", ""A Don"", ""List of transcontinental countries"", ""2013 Six-red World Championship"", ""2014 Six-red World Championship""]"
MuSiQue,musique,774,Can foreign tourists cruise to the country between the nation that hosted 2020 AFC U-23 Championship qualification and the one that contains A Don.?,Myanmar,llm_query_reform,6,12,-6,0,1,1,0,0,1,0,0,0,21.350716868485502,Tourist cruise options between two countries,body_token_overlap,"[""2020 AFC U-23 Championship qualification"", ""A Don"", ""List of transcontinental countries"", ""2013 Six-red World Championship"", ""2014 Six-red World Championship""]"
MuSiQue,musique,774,Can foreign tourists cruise to the country between the nation that hosted 2020 AFC U-23 Championship qualification and the one that contains A Don.?,Geography of Myanmar,llm_demand_reform,27,40,-13,0,0,0,0,0,0,0,0,0,0.0,,,"[""2020 AFC U-23 Championship qualification"", ""A Don"", ""2013 Six-red World Championship"", ""2014 Six-red World Championship"", ""India national football team""]"
MuSiQue,musique,774,Can foreign tourists cruise to the country between the nation that hosted 2020 AFC U-23 Championship qualification and the one that contains A Don.?,Myanmar,llm_demand_reform,6,22,-16,0,1,1,0,0,0,0,0,0,0.0,,,"[""2020 AFC U-23 Championship qualification"", ""A Don"", ""2013 Six-red World Championship"", ""2014 Six-red World Championship"", ""India national football team""]"
MuSiQue,musique,774,Can foreign tourists cruise to the country between the nation that hosted 2020 AFC U-23 Championship qualification and the one that contains A Don.?,Geography of Myanmar,llm_demand_hyde,27,42,-15,0,0,0,0,0,0,0,0,0,7.639353065012857,"Foreign tourists can cruise to the country between Jordan and the United Arab Emirates, which is Saudi Arabia, as it lies geographically between the two nations.",body_token_overlap,"[""2020 AFC U-23 Championship qualification"", ""Jordan"", ""A Don"", ""Near East"", ""United States at the 2018 Winter Olympics""]"
MuSiQue,musique,774,Can foreign tourists cruise to the country between the nation that hosted 2020 AFC U-23 Championship qualification and the one that contains A Don.?,Myanmar,llm_demand_hyde,6,46,-40,0,1,1,0,0,0,0,0,0,7.2301751508432766,"Foreign tourists can cruise to the country between Jordan and the United Arab Emirates, which is Saudi Arabia, as it lies geographically between the two nations.",body_token_overlap,"[""2020 AFC U-23 Championship qualification"", ""Jordan"", ""A Don"", ""Near East"", ""United States at the 2018 Winter Olympics""]"
MuSiQue,musique,774,Can foreign tourists cruise to the country between the nation that hosted 2020 AFC U-23 Championship qualification and the one that contains A Don.?,Geography of Myanmar,llm_combined,27,66,-39,0,0,0,0,0,0,0,0,0,7.639353065012857,"Foreign tourists can cruise to the country between Jordan and the United Arab Emirates, which is Saudi Arabia, as it lies geographically between the two nations.",body_token_overlap,"[""2020 AFC U-23 Championship qualification"", ""A Don"", ""Jordan"", ""2013 Six-red World Championship"", ""2014 Six-red World Championship""]"
MuSiQue,musique,774,Can foreign tourists cruise to the country between the nation that hosted 2020 AFC U-23 Championship qualification and the one that contains A Don.?,Myanmar,llm_combined,6,18,-12,0,1,1,0,0,1,0,0,0,23.755302940100393,Tourist cruise options between two countries,body_token_overlap,"[""2020 AFC U-23 Championship qualification"", ""A Don"", ""Jordan"", ""2013 Six-red World Championship"", ""2014 Six-red World Championship""]"
MuSiQue,musique,774,Can foreign tourists cruise to the country between the nation that hosted 2020 AFC U-23 Championship qualification and the one that contains A Don.?,Geography of Myanmar,llm_listwise_select,27,39,-12,0,0,0,0,0,0,0,0,0,0.0,,,"[""2020 AFC U-23 Championship qualification"", ""A Don"", ""Thailand"", ""Ban Pha Tang"", ""List of FIFA World Cup finals""]"
MuSiQue,musique,774,Can foreign tourists cruise to the country between the nation that hosted 2020 AFC U-23 Championship qualification and the one that contains A Don.?,Myanmar,llm_listwise_select,6,19,-13,0,1,1,0,0,1,0,0,0,0.0,,,"[""2020 AFC U-23 Championship qualification"", ""A Don"", ""Thailand"", ""Ban Pha Tang"", ""List of FIFA World Cup finals""]"
MuSiQue,musique,803,In what region of the country where Ha Hoa is located is the city where Zone 5 Military Museum is found?,South Central Coast,source_order,5,5,0,0,1,1,0,1,1,0,0,0,0.0,,,"[""Zone 5 Military Museum, Danang"", ""Hạ Hòa District"", ""Việt Yên District"", ""Lâm Thao District"", ""Museum of Cham Sculpture""]"
MuSiQue,musique,803,In what region of the country where Ha Hoa is located is the city where Zone 5 Military Museum is found?,South Central Coast,question_lexical,5,27,-22,0,1,1,0,0,0,0,0,0,0.0,,,"[""Zone 5 Military Museum, Danang"", ""Fort Vredeburg Museum"", ""Hạ Hòa District"", ""German military administration in occupied France during World War II"", ""Khánh Hòa Province""]"
MuSiQue,musique,803,In what region of the country where Ha Hoa is located is the city where Zone 5 Military Museum is found?,South Central Coast,demand_lexical,5,27,-22,0,1,1,0,0,0,0,0,0,0.0,,,"[""Zone 5 Military Museum, Danang"", ""Hạ Hòa District"", ""Khánh Hòa Province"", ""Fort Vredeburg Museum"", ""German military administration in occupied France during World War II""]"
MuSiQue,musique,803,In what region of the country where Ha Hoa is located is the city where Zone 5 Military Museum is found?,South Central Coast,llm_query_reform,5,27,-22,0,1,1,0,0,0,0,0,0,0.0,,,"[""Zone 5 Military Museum, Danang"", ""Hạ Hòa District"", ""Khánh Hòa Province"", ""Fort Vredeburg Museum"", ""German military administration in occupied France during World War II""]"
MuSiQue,musique,803,In what region of the country where Ha Hoa is located is the city where Zone 5 Military Museum is found?,South Central Coast,llm_demand_reform,5,27,-22,0,1,1,0,0,0,0,0,0,0.0,,,"[""Zone 5 Military Museum, Danang"", ""Hạ Hòa District"", ""Khánh Hòa Province"", ""Fort Vredeburg Museum"", ""German military administration in occupied France during World War II""]"
MuSiQue,musique,803,In what region of the country where Ha Hoa is located is the city where Zone 5 Military Museum is found?,South Central Coast,llm_demand_hyde,5,28,-23,0,1,1,0,0,0,0,0,0,14.571779516114614,"Ha Hoa is a city located in the province of Long An, which is part of the Mekong Delta region in Vietnam.",body_token_overlap,"[""Zone 5 Military Museum, Danang"", ""Ho Chi Minh trail"", ""Khánh Hòa Province"", ""Hạ Hòa District"", ""Leaders of the Vietnam War""]"
MuSiQue,musique,803,In what region of the country where Ha Hoa is located is the city where Zone 5 Military Museum is found?,South Central Coast,llm_combined,5,37,-32,0,1,1,0,0,0,0,0,0,14.571779516114614,"Ha Hoa is a city located in the province of Long An, which is part of the Mekong Delta region in Vietnam.",body_token_overlap,"[""Zone 5 Military Museum, Danang"", ""Hạ Hòa District"", ""Khánh Hòa Province"", ""Fort Vredeburg Museum"", ""German military administration in occupied France during World War II""]"
MuSiQue,musique,803,In what region of the country where Ha Hoa is located is the city where Zone 5 Military Museum is found?,South Central Coast,llm_listwise_select,5,6,-1,0,1,1,0,1,1,0,0,0,0.0,,,"[""Hạ Hòa District"", ""Zone 5 Military Museum, Danang"", ""Northeast (Vietnam)"", ""Việt Yên District"", ""Lâm Thao District""]"
MuSiQue,musique,810,What is the capital of the county that shares a border with the county where the band Tenement was formed?,Jerome Quinn,source_order,5,5,0,0,1,1,0,1,1,0,0,0,0.0,,,"[""Tenement (band)"", ""Kaunas County"", ""Danko Jones"", ""John C. Petersen"", ""KRSU (FM)""]"
MuSiQue,musique,810,What is the capital of the county that shares a border with the county where the band Tenement was formed?,Pulaski High School,source_order,17,17,0,0,0,1,0,0,1,0,0,0,0.0,,,"[""Tenement (band)"", ""Kaunas County"", ""Danko Jones"", ""John C. Petersen"", ""KRSU (FM)""]"
MuSiQue,musique,810,What is the capital of the county that shares a border with the county where the band Tenement was formed?,Jerome Quinn,question_lexical,5,72,-67,0,1,1,0,0,0,0,0,0,4.10234773223677,What is the capital of the county that shares a border with the county where the band Tenement was formed?,body_token_overlap,"[""Tenement (band)"", ""Baranya County"", ""Aqqala County"", ""Kexholm County"", ""Kaunas County""]"
MuSiQue,musique,810,What is the capital of the county that shares a border with the county where the band Tenement was formed?,Pulaski High School,question_lexical,17,73,-56,0,0,1,0,0,0,0,0,0,4.10234773223677,What is the capital of the county that shares a border with the county where the band Tenement was formed?,body_token_overlap,"[""Tenement (band)"", ""Baranya County"", ""Aqqala County"", ""Kexholm County"", ""Kaunas County""]"
MuSiQue,musique,810,What is the capital of the county that shares a border with the county where the band Tenement was formed?,Jerome Quinn,demand_lexical,5,71,-66,0,1,1,0,0,0,0,0,0,8.914629460105182,s3: What is the capital of that county?,body_token_overlap,"[""Tenement (band)"", ""Baranya County"", ""Aqqala County"", ""Kexholm County"", ""Kaunas County""]"
MuSiQue,musique,810,What is the capital of the county that shares a border with the county where the band Tenement was formed?,Pulaski High School,demand_lexical,17,72,-55,0,0,1,0,0,0,0,0,0,8.914629460105182,s3: What is the capital of that county?,body_token_overlap,"[""Tenement (band)"", ""Baranya County"", ""Aqqala County"", ""Kexholm County"", ""Kaunas County""]"
MuSiQue,musique,810,What is the capital of the county that shares a border with the county where the band Tenement was formed?,Jerome Quinn,llm_query_reform,5,53,-48,0,1,1,0,0,0,0,0,0,8.979466670875816,County bordering the county of Tenement's formation,body_token_overlap,"[""Tenement (band)"", ""Kaunas County"", ""Baranya County"", ""Aqqala County"", ""Kexholm County""]"
MuSiQue,musique,810,What is the capital of the county that shares a border with the county where the band Tenement was formed?,Pulaski High School,llm_query_reform,17,56,-39,0,0,1,0,0,0,0,0,0,8.979466670875816,County bordering the county of Tenement's formation,body_token_overlap,"[""Tenement (band)"", ""Kaunas County"", ""Baranya County"", ""Aqqala County"", ""Kexholm County""]"
MuSiQue,musique,810,What is the capital of the county that shares a border with the county where the band Tenement was formed?,Jerome Quinn,llm_demand_reform,5,66,-61,0,1,1,0,0,0,0,0,0,5.3626294601051825,counties bordering the county where Tenement was formed,body_token_overlap,"[""Tenement (band)"", ""Kaunas County"", ""Baranya County"", ""Aqqala County"", ""Kexholm County""]"
MuSiQue,musique,810,What is the capital of the county that shares a border with the county where the band Tenement was formed?,Pulaski High School,llm_demand_reform,17,69,-52,0,0,1,0,0,0,0,0,0,5.3626294601051825,counties bordering the county where Tenement was formed,body_token_overlap,"[""Tenement (band)"", ""Kaunas County"", ""Baranya County"", ""Aqqala County"", ""Kexholm County""]"
MuSiQue,musique,810,What is the capital of the county that shares a border with the county where the band Tenement was formed?,Jerome Quinn,llm_demand_hyde,5,74,-69,0,1,1,0,0,0,0,0,0,4.880343745819467,"The capital of Niagara County, New York, is Tonawanda.",body_token_overlap,"[""Tenement (band)"", ""York, Green County, Wisconsin"", ""Baranya County"", ""Aqqala County"", ""Kexholm County""]"
MuSiQue,musique,810,What is the capital of the county that shares a border with the county where the band Tenement was formed?,Pulaski High School,llm_demand_hyde,17,75,-58,0,0,1,0,0,0,0,0,0,4.880343745819467,"The capital of Niagara County, New York, is Tonawanda.",body_token_overlap,"[""Tenement (band)"", ""York, Green County, Wisconsin"", ""Baranya County"", ""Aqqala County"", ""Kexholm County""]"
MuSiQue,musique,810,What is the capital of the county that shares a border with the county where the band Tenement was formed?,Jerome Quinn,llm_combined,5,62,-57,0,1,1,0,0,0,0,0,0,15.320585609514861,s3: What is the capital of that county?,body_token_overlap,"[""Tenement (band)"", ""York, Green County, Wisconsin"", ""Baranya County"", ""Kaunas County"", ""Aqqala County""]"
MuSiQue,musique,810,What is the capital of the county that shares a border with the county where the band Tenement was formed?,Pulaski High School,llm_combined,17,63,-46,0,0,1,0,0,0,0,0,0,15.320585609514861,s3: What is the capital of that county?,body_token_overlap,"[""Tenement (band)"", ""York, Green County, Wisconsin"", ""Baranya County"", ""Kaunas County"", ""Aqqala County""]"
MuSiQue,musique,810,What is the capital of the county that shares a border with the county where the band Tenement was formed?,Jerome Quinn,llm_listwise_select,5,17,-12,0,1,1,0,0,1,0,0,0,0.0,,,"[""Tenement (band)"", ""Portage, Wisconsin"", ""John C. Petersen"", ""Pulaski High School"", ""Kaunas County""]"
MuSiQue,musique,810,What is the capital of the county that shares a border with the county where the band Tenement was formed?,Pulaski High School,llm_listwise_select,17,3,14,0,0,1,1,1,1,1,1,0,997.0,listwise_doc_id=17,llm_listwise_selected,"[""Tenement (band)"", ""Portage, Wisconsin"", ""John C. Petersen"", ""Pulaski High School"", ""Kaunas County""]"
MuSiQue,musique,815,"Who was a prominent figure at the radio division of the broadcasting company that created the version of The Biggest Loser: The Final Chance, set in the country containing Labu?",Adult contemporary music,source_order,81,81,0,0,0,0,0,0,0,0,0,0,0.0,,,"[""The Biggest Loser Brunei: Lose It All"", ""Labu, Temburong"", ""The Biggest Loser (season 1)"", ""Labu dan Labi"", ""Ali Vincent""]"
MuSiQue,musique,815,"Who was a prominent figure at the radio division of the broadcasting company that created the version of The Biggest Loser: The Final Chance, set in the country containing Labu?",Adult contemporary music,question_lexical,81,34,47,0,0,0,0,0,0,0,0,0,6.5181451963187795,"Who was a prominent figure at the radio division of the broadcasting company that created the version of The Biggest Loser: The Final Chance, set in the country containing Labu?",body_token_overlap,"[""The Biggest Loser (season 1)"", ""The Biggest Loser (season 16)"", ""The Biggest Loser (season 2)"", ""The Biggest Loser (season 5)"", ""The Biggest Loser Brunei: Lose It All""]"
MuSiQue,musique,815,"Who was a prominent figure at the radio division of the broadcasting company that created the version of The Biggest Loser: The Final Chance, set in the country containing Labu?",Adult contemporary music,demand_lexical,81,29,52,0,0,0,0,0,0,0,0,0,9.764322619877033,s2: What is the radio division of that broadcasting company?,body_token_overlap,"[""The Biggest Loser (season 1)"", ""The Biggest Loser (season 16)"", ""The Biggest Loser (season 2)"", ""The Biggest Loser (season 5)"", ""The Biggest Loser Brunei: Lose It All""]"
MuSiQue,musique,815,"Who was a prominent figure at the radio division of the broadcasting company that created the version of The Biggest Loser: The Final Chance, set in the country containing Labu?",Adult contemporary music,llm_query_reform,81,29,52,0,0,0,0,0,0,0,0,0,12.302854890551794,Broadcasting company radio division,body_token_overlap,"[""The Biggest Loser (season 1)"", ""The Biggest Loser (season 16)"", ""The Biggest Loser (season 2)"", ""The Biggest Loser (season 5)"", ""The Biggest Loser Brunei: Lose It All""]"
MuSiQue,musique,815,"Who was a prominent figure at the radio division of the broadcasting company that created the version of The Biggest Loser: The Final Chance, set in the country containing Labu?",Adult contemporary music,llm_demand_reform,81,34,47,0,0,0,0,0,0,0,0,0,7.6060009415553544,Radio division of broadcasting company that created The Biggest Loser: The Final Chance set in country with Labu,body_token_overlap,"[""The Biggest Loser (season 1)"", ""The Biggest Loser (season 16)"", ""The Biggest Loser (season 2)"", ""The Biggest Loser (season 5)"", ""The Biggest Loser Brunei: Lose It All""]"
MuSiQue,musique,815,"Who was a prominent figure at the radio division of the broadcasting company that created the version of The Biggest Loser: The Final Chance, set in the country containing Labu?",Adult contemporary music,llm_demand_hyde,81,16,65,0,0,0,0,0,1,0,0,1,16.10834770251482,"A prominent figure at the Global Radio Division is John Carter, who has been leading the division since 2015.",body_token_overlap,"[""The Biggest Loser (season 1)"", ""The Biggest Loser (season 16)"", ""The Biggest Loser (season 2)"", ""The Biggest Loser (season 5)"", ""The Biggest Loser Brunei: Lose It All""]"
MuSiQue,musique,815,"Who was a prominent figure at the radio division of the broadcasting company that created the version of The Biggest Loser: The Final Chance, set in the country containing Labu?",Adult contemporary music,llm_combined,81,25,56,0,0,0,0,0,0,0,0,0,24.445622836217424,"A prominent figure at the Global Radio Division is John Carter, who has been leading the division since 2015.",body_token_overlap,"[""The Biggest Loser (season 1)"", ""The Biggest Loser (season 16)"", ""The Biggest Loser (season 2)"", ""The Biggest Loser (season 5)"", ""The Biggest Loser Brunei: Lose It All""]"
MuSiQue,musique,815,"Who was a prominent figure at the radio division of the broadcasting company that created the version of The Biggest Loser: The Final Chance, set in the country containing Labu?",Adult contemporary music,llm_listwise_select,81,81,0,0,0,0,0,0,0,0,0,0,0.0,,,"[""Labu, Temburong"", ""The Biggest Loser Brunei: Lose It All"", ""Labo M"", ""Chua Tee Yong"", ""Hassanal Bolkiah""]"
MuSiQue,musique,837,What is the name of the castle in the city where the performers of Born A Lion was formed?,Casa Loma,source_order,88,88,0,0,0,0,0,0,0,0,0,0,0.0,,,"[""Born a Lion"", ""We Sweat Blood"", ""Baynard's Castle"", ""Robert Fitz Richard"", ""Danko Jones""]"
MuSiQue,musique,837,What is the name of the castle in the city where the performers of Born A Lion was formed?,Casa Loma,question_lexical,88,93,-5,0,0,0,0,0,0,0,0,0,0.0,,,"[""Born a Lion"", ""Lion"", ""Windsor Castle"", ""Czocha Castle"", ""Baynard's Castle""]"
MuSiQue,musique,837,What is the name of the castle in the city where the performers of Born A Lion was formed?,Casa Loma,demand_lexical,88,92,-4,0,0,0,0,0,0,0,0,0,0.0,,,"[""Born a Lion"", ""Lion"", ""Windsor Castle"", ""Czocha Castle"", ""Baynard's Castle""]"
MuSiQue,musique,837,What is the name of the castle in the city where the performers of Born A Lion was formed?,Casa Loma,llm_query_reform,88,93,-5,0,0,0,0,0,0,0,0,0,0.0,,,"[""Born a Lion"", ""Lion"", ""German Castles Association"", ""Katzenstein Castle"", ""Windsor Castle""]"
MuSiQue,musique,837,What is the name of the castle in the city where the performers of Born A Lion was formed?,Casa Loma,llm_demand_reform,88,92,-4,0,0,0,0,0,0,0,0,0,0.0,,,"[""Born a Lion"", ""Lion"", ""Windsor Castle"", ""Czocha Castle"", ""Baynard's Castle""]"
MuSiQue,musique,837,What is the name of the castle in the city where the performers of Born A Lion was formed?,Casa Loma,llm_demand_hyde,88,18,70,0,0,0,0,0,1,0,0,1,15.328268152615612,"Manchester is home to several historic castles, including the Castlefield area, which features the iconic Castle Keep.",body_token_overlap,"[""Born a Lion"", ""Lion"", ""German Castles Association"", ""Katzenstein Castle"", ""Czocha Castle""]"
MuSiQue,musique,837,What is the name of the castle in the city where the performers of Born A Lion was formed?,Casa Loma,llm_combined,88,48,40,0,0,0,0,0,0,0,0,0,15.328268152615612,"Manchester is home to several historic castles, including the Castlefield area, which features the iconic Castle Keep.",body_token_overlap,"[""Born a Lion"", ""Lion"", ""Katzenstein Castle"", ""Czocha Castle"", ""Windsor Castle""]"
MuSiQue,musique,837,What is the name of the castle in the city where the performers of Born A Lion was formed?,Casa Loma,llm_listwise_select,88,4,84,0,0,0,1,1,1,1,1,1,996.0,listwise_doc_id=88,llm_listwise_selected,"[""Danko Jones"", ""BC Lions"", ""Gamla stan metro station"", ""Attic Entertainment Software"", ""Casa Loma""]"
MuSiQue,musique,863,In what region of the country where Lam Thao is located is John Phan's birthplace?,South Central Coast,source_order,5,5,0,0,1,1,0,1,1,0,0,0,0.0,,,"[""John Phan"", ""Lâm Thao District"", ""Hạ Hòa District"", ""Việt Yên District"", ""Lâm Đồng Province""]"
MuSiQue,musique,863,In what region of the country where Lam Thao is located is John Phan's birthplace?,South Central Coast,question_lexical,5,20,-15,0,1,1,0,0,0,0,0,0,0.0,,,"[""John Phan"", ""Lâm Thao District"", ""Tiffany Lam"", ""Mueang Phan"", ""John Kerry""]"
MuSiQue,musique,863,In what region of the country where Lam Thao is located is John Phan's birthplace?,South Central Coast,demand_lexical,5,35,-30,0,1,1,0,0,0,0,0,0,0.0,,,"[""John Phan"", ""Lâm Thao District"", ""Tiffany Lam"", ""John Kerry"", ""Lâm Đồng Province""]"
MuSiQue,musique,863,In what region of the country where Lam Thao is located is John Phan's birthplace?,South Central Coast,llm_query_reform,5,37,-32,0,1,1,0,0,0,0,0,0,0.0,,,"[""John Phan"", ""Lâm Thao District"", ""Tiffany Lam"", ""John Kerry"", ""Lâm Đồng Province""]"
MuSiQue,musique,863,In what region of the country where Lam Thao is located is John Phan's birthplace?,South Central Coast,llm_demand_reform,5,35,-30,0,1,1,0,0,0,0,0,0,0.0,,,"[""John Phan"", ""Lâm Thao District"", ""Tiffany Lam"", ""John Kerry"", ""Lâm Đồng Province""]"
MuSiQue,musique,863,In what region of the country where Lam Thao is located is John Phan's birthplace?,South Central Coast,llm_demand_hyde,5,21,-16,0,1,1,0,0,0,0,0,0,25.842884681302657,Long An is part of the Mekong Delta region in the southern part of Vietnam.,body_token_overlap,"[""John Phan"", ""Lâm Thao District"", ""Lâm Đồng Province"", ""John Kerry"", ""John Kerry""]"
MuSiQue,musique,863,In what region of the country where Lam Thao is located is John Phan's birthplace?,South Central Coast,llm_combined,5,22,-17,0,1,1,0,0,0,0,0,0,25.842884681302657,Long An is part of the Mekong Delta region in the southern part of Vietnam.,body_token_overlap,"[""John Phan"", ""Lâm Thao District"", ""Lâm Đồng Province"", ""Tiffany Lam"", ""John Kerry""]"
MuSiQue,musique,863,In what region of the country where Lam Thao is located is John Phan's birthplace?,South Central Coast,llm_listwise_select,5,3,2,0,1,1,1,1,1,1,0,0,997.0,listwise_doc_id=5,llm_listwise_selected,"[""John Phan"", ""Lâm Thao District"", ""Northeast (Vietnam)"", ""South Central Coast"", ""Đồng Sĩ Nguyên""]"
MuSiQue,musique,886,"What country is between Lithuania and the country many expelled French Jews relocated to, along with the country of citizenship of Marie Antoinette's mother?",César Gabriel de Choiseul,source_order,33,33,0,0,0,0,0,0,0,0,0,0,0.0,,,"[""Florimond Claude, Comte de Mercy-Argenteau"", ""Rose Bertin"", ""Kaliningrad"", ""Ashkenazi Jews"", ""Ashkenazi Jews""]"
MuSiQue,musique,886,"What country is between Lithuania and the country many expelled French Jews relocated to, along with the country of citizenship of Marie Antoinette's mother?",César Gabriel de Choiseul,question_lexical,33,75,-42,0,0,0,0,0,0,0,0,0,0.0,,,"[""Jews"", ""Jews"", ""Jews"", ""Jews"", ""Jews""]"
MuSiQue,musique,886,"What country is between Lithuania and the country many expelled French Jews relocated to, along with the country of citizenship of Marie Antoinette's mother?",César Gabriel de Choiseul,demand_lexical,33,75,-42,0,0,0,0,0,0,0,0,0,0.0,,,"[""Jews"", ""Jews"", ""Jews"", ""Jews"", ""Jews""]"
MuSiQue,musique,886,"What country is between Lithuania and the country many expelled French Jews relocated to, along with the country of citizenship of Marie Antoinette's mother?",César Gabriel de Choiseul,llm_query_reform,33,87,-54,0,0,0,0,0,0,0,0,0,0.0,,,"[""Jews"", ""Jews"", ""1939 German ultimatum to Lithuania"", ""Jews"", ""Jews""]"
MuSiQue,musique,886,"What country is between Lithuania and the country many expelled French Jews relocated to, along with the country of citizenship of Marie Antoinette's mother?",César Gabriel de Choiseul,llm_demand_reform,33,75,-42,0,0,0,0,0,0,0,0,0,0.0,,,"[""Jews"", ""Jews"", ""Jews"", ""Jews"", ""Jews""]"
MuSiQue,musique,886,"What country is between Lithuania and the country many expelled French Jews relocated to, along with the country of citizenship of Marie Antoinette's mother?",César Gabriel de Choiseul,llm_demand_hyde,33,40,-7,0,0,0,0,0,0,0,0,0,28.77395947662659,"Marie Antoinette's mother, Maria Theresa, was the Archduchess of Austria and the Queen of Hungary, holding dual citizenship in the Habsburg Monarchy.",body_token_overlap,"[""Maria Theresa of Naples and Sicily"", ""Member states of NATO"", ""Jews"", ""Jews"", ""Jews""]"
MuSiQue,musique,886,"What country is between Lithuania and the country many expelled French Jews relocated to, along with the country of citizenship of Marie Antoinette's mother?",César Gabriel de Choiseul,llm_combined,33,53,-20,0,0,0,0,0,0,0,0,0,28.77395947662659,"Marie Antoinette's mother, Maria Theresa, was the Archduchess of Austria and the Queen of Hungary, holding dual citizenship in the Habsburg Monarchy.",body_token_overlap,"[""Jews"", ""Jews"", ""Jews"", ""1939 German ultimatum to Lithuania"", ""Jews""]"
MuSiQue,musique,886,"What country is between Lithuania and the country many expelled French Jews relocated to, along with the country of citizenship of Marie Antoinette's mother?",César Gabriel de Choiseul,llm_listwise_select,33,43,-10,0,0,0,0,0,0,0,0,0,0.0,,,"[""Ashkenazi Jews"", ""Middle Ages"", ""Spain"", ""Leonora Dori"", ""Louise Élisabeth d'Orléans""]"
MuSiQue,musique,892,"When did Nissan, the Acura Legend maker and the Scion owner open US assembly plants?",Scion (automobile),source_order,5,5,0,0,1,1,0,1,1,0,0,0,0.0,,,"[""1973 oil crisis"", ""Acura Legend"", ""Acura RL"", ""Acura RLX"", ""Toyota""]"
MuSiQue,musique,892,"When did Nissan, the Acura Legend maker and the Scion owner open US assembly plants?",Scion (automobile),question_lexical,5,1,4,0,1,1,1,1,1,1,0,0,121.46129984261304,"When did Nissan, the Acura Legend maker and the Scion owner open US assembly plants?",title_token_overlap,"[""Acura Legend"", ""Scion (automobile)"", ""Acura RL"", ""Acura RL"", ""Scion xD""]"
MuSiQue,musique,892,"When did Nissan, the Acura Legend maker and the Scion owner open US assembly plants?",Scion (automobile),demand_lexical,5,1,4,0,1,1,1,1,1,1,0,0,122.79463317594639,"s1: Which company is Nissan, the Acura Legend maker and the Scion owner? Nissan Acura Legend maker Scion owner",title_token_overlap,"[""Acura Legend"", ""Scion (automobile)"", ""Acura RL"", ""Acura RL"", ""Ford Motor Company Assembly Plant""]"
MuSiQue,musique,892,"When did Nissan, the Acura Legend maker and the Scion owner open US assembly plants?",Scion (automobile),llm_query_reform,5,1,4,0,1,1,1,1,1,1,0,0,143.85643194574328,Scion ownership and parent company,title_token_overlap,"[""Acura Legend"", ""Scion (automobile)"", ""Acura RL"", ""Acura RL"", ""Nissan Rogue""]"
MuSiQue,musique,892,"When did Nissan, the Acura Legend maker and the Scion owner open US assembly plants?",Scion (automobile),llm_demand_reform,5,1,4,0,1,1,1,1,1,1,0,0,122.79463317594639,Nissan Acura Legend maker Scion owner company,title_token_overlap,"[""Acura Legend"", ""Scion (automobile)"", ""Acura RL"", ""Acura RL"", ""Scion xD""]"
MuSiQue,musique,892,"When did Nissan, the Acura Legend maker and the Scion owner open US assembly plants?",Scion (automobile),llm_demand_hyde,5,1,4,0,1,1,1,1,1,1,0,0,125.67549909115709,"Nissan Motor Corporation, also known as Nissan, is a Japanese multinational automotive manufacturer. It is the parent company of Acura, which is the luxury division of Nissan, and Scion, a former subsidiary that was rebranded as the Toyota Scion division.",title_token_overlap,"[""Toyota"", ""Scion (automobile)"", ""Toyota"", ""Scion xD"", ""Acura RL""]"
MuSiQue,musique,892,"When did Nissan, the Acura Legend maker and the Scion owner open US assembly plants?",Scion (automobile),llm_combined,5,1,4,0,1,1,1,1,1,1,0,0,188.9219519117017,Scion ownership and parent company,title_token_overlap,"[""Acura Legend"", ""Scion (automobile)"", ""Toyota"", ""Toyota"", ""Acura RL""]"
MuSiQue,musique,892,"When did Nissan, the Acura Legend maker and the Scion owner open US assembly plants?",Scion (automobile),llm_listwise_select,5,1,4,0,1,1,1,1,1,1,0,0,999.0,listwise_doc_id=5,llm_listwise_selected,"[""Datsun"", ""Scion (automobile)"", ""Infiniti Kuraza"", ""Toyopet Master"", ""Norfolk Assembly""]"
MuSiQue,musique,901,Where does the body of water by the city where Write This Down was formed and Ohio River meet?,Minneapolis,source_order,22,22,0,0,0,0,0,0,0,0,0,0,0.0,,,"[""Allegheny River"", ""List of crossings of the Kiskiminetas River"", ""Ohio River"", ""Monongahela City Bridge"", ""Petroleum Street Bridge""]"
MuSiQue,musique,901,Where does the body of water by the city where Write This Down was formed and Ohio River meet?,Minneapolis,question_lexical,22,26,-4,0,0,0,0,0,0,0,0,0,12.266605798058949,Where does the body of water by the city where Write This Down was formed and Ohio River meet?,body_token_overlap,"[""Write This Down (band)"", ""Ohio River"", ""Ohio River"", ""Ohio"", ""Ohio (Crosby, Stills, Nash & Young song)""]"
MuSiQue,musique,901,Where does the body of water by the city where Write This Down was formed and Ohio River meet?,Minneapolis,demand_lexical,22,25,-3,0,0,0,0,0,0,0,0,0,16.314059085753918,s3: Where does that body of water meet the Ohio River?,body_token_overlap,"[""Write This Down (band)"", ""Ohio River"", ""Ohio River"", ""Ohio"", ""Ohio (Crosby, Stills, Nash & Young song)""]"
MuSiQue,musique,901,Where does the body of water by the city where Write This Down was formed and Ohio River meet?,Minneapolis,llm_query_reform,22,28,-6,0,0,0,0,0,0,0,0,0,20.52347810261691,Meeting point of body of water and Ohio River,body_token_overlap,"[""Write This Down (band)"", ""Ohio River"", ""Ohio River"", ""Ohio"", ""Ohio (Crosby, Stills, Nash & Young song)""]"
MuSiQue,musique,901,Where does the body of water by the city where Write This Down was formed and Ohio River meet?,Minneapolis,llm_demand_reform,22,25,-3,0,0,0,0,0,0,0,0,0,15.78605908575392,where does [body of water] meet the Ohio River,body_token_overlap,"[""Write This Down (band)"", ""Ohio River"", ""Ohio River"", ""Ohio"", ""Ohio (Crosby, Stills, Nash & Young song)""]"
MuSiQue,musique,901,Where does the body of water by the city where Write This Down was formed and Ohio River meet?,Minneapolis,llm_demand_hyde,22,28,-6,0,0,0,0,0,0,0,0,0,17.99448992414014,"The band Write This Down was formed in Cincinnati, Ohio. Cincinnati is located on the banks of the Ohio River.",body_token_overlap,"[""Write This Down (band)"", ""Ohio River"", ""Ohio River"", ""Mississippi River"", ""Mississippi River""]"
MuSiQue,musique,901,Where does the body of water by the city where Write This Down was formed and Ohio River meet?,Minneapolis,llm_combined,22,28,-6,0,0,0,0,0,0,0,0,0,34.18624689138926,"The band Write This Down was formed in Cincinnati, Ohio. Cincinnati is located on the banks of the Ohio River.",body_token_overlap,"[""Write This Down (band)"", ""Ohio River"", ""Ohio River"", ""Mississippi River"", ""Mississippi River""]"
MuSiQue,musique,901,Where does the body of water by the city where Write This Down was formed and Ohio River meet?,Minneapolis,llm_listwise_select,22,7,15,0,0,0,0,1,1,0,1,1,993.0,listwise_doc_id=22,llm_listwise_selected,"[""Write This Down (band)"", ""Shippingport, Pennsylvania"", ""Monongahela City Bridge"", ""Petroleum Street Bridge"", ""Senator Robert D. Fleming Bridge""]"
MuSiQue,musique,902,What is the capital of the county that shares a border with the county where Don Werner was born?,Jerome Quinn,source_order,50,50,0,0,0,0,0,0,0,0,0,0,0.0,,,"[""Don Werner"", ""Oklahoma City"", ""J. P. Hayes"", ""Anne Simonett"", ""Erik Jensen (American football)""]"
MuSiQue,musique,902,What is the capital of the county that shares a border with the county where Don Werner was born?,Jerome Quinn,question_lexical,50,22,28,0,0,0,0,0,0,0,0,0,11.660744191912285,What is the capital of the county that shares a border with the county where Don Werner was born?,body_token_overlap,"[""Don Werner"", ""A Don"", ""Baranya County"", ""Don Frye"", ""Ivo Werner""]"
MuSiQue,musique,902,What is the capital of the county that shares a border with the county where Don Werner was born?,Jerome Quinn,demand_lexical,50,50,0,0,0,0,0,0,0,0,0,0,10.763620710096705,s1: Where was Don Werner born? Don Werner,body_token_overlap,"[""Don Werner"", ""A Don"", ""Don Frye"", ""Baranya County"", ""Ivo Werner""]"
MuSiQue,musique,902,What is the capital of the county that shares a border with the county where Don Werner was born?,Jerome Quinn,llm_query_reform,50,56,-6,0,0,0,0,0,0,0,0,0,11.921706630001768,Capital of [county name],body_token_overlap,"[""Don Werner"", ""A Don"", ""Baranya County"", ""Kaunas County"", ""Aqqala County""]"
MuSiQue,musique,902,What is the capital of the county that shares a border with the county where Don Werner was born?,Jerome Quinn,llm_demand_reform,50,47,3,0,0,0,0,0,0,0,0,0,10.293321771082562,Capital of [county from s2],body_token_overlap,"[""Don Werner"", ""A Don"", ""Baranya County"", ""Kaunas County"", ""Aqqala County""]"
MuSiQue,musique,902,What is the capital of the county that shares a border with the county where Don Werner was born?,Jerome Quinn,llm_demand_hyde,50,17,33,0,0,0,0,0,1,0,0,1,13.428557622260062,"Don Werner was born in the county of Jefferson, which is located in the state of Louisiana.",body_token_overlap,"[""Don Werner"", ""A Don"", ""Baranya County"", ""Don Frye"", ""Ivo Werner""]"
MuSiQue,musique,902,What is the capital of the county that shares a border with the county where Don Werner was born?,Jerome Quinn,llm_combined,50,52,-2,0,0,0,0,0,0,0,0,0,22.63215021899739,"Don Werner was born in the county of Jefferson, which is located in the state of Louisiana.",body_token_overlap,"[""Don Werner"", ""Baranya County"", ""Kaunas County"", ""Aqqala County"", ""Biłgoraj County""]"
MuSiQue,musique,902,What is the capital of the county that shares a border with the county where Don Werner was born?,Jerome Quinn,llm_listwise_select,50,12,38,0,0,0,0,0,1,0,0,1,988.0,listwise_doc_id=50,llm_listwise_selected,"[""Don Werner"", ""J. P. Hayes"", ""Erik Jensen (American football)"", ""Amy McKenzie"", ""Randolph County, Illinois""]"
MuSiQue,musique,908,When does the regular season of the league where the team with the most titles from the series after which the MLB MVP award is given out plays?,New York Yankees,source_order,19,19,0,0,0,1,0,0,1,0,0,0,0.0,,,"[""NBA Most Valuable Player Award"", ""Major League Baseball schedule"", ""Opening Day"", ""Major League Baseball Most Valuable Player Award"", ""World Series""]"
MuSiQue,musique,908,When does the regular season of the league where the team with the most titles from the series after which the MLB MVP award is given out plays?,New York Yankees,question_lexical,19,86,-67,0,0,1,0,0,0,0,0,0,11.718130619813167,When does the regular season of the league where the team with the most titles from the series after which the MLB MVP award is given out plays?,body_token_overlap,"[""World Series Most Valuable Player Award"", ""NBA Most Valuable Player Award"", ""Major League Baseball All-Star Game Most Valuable Player Award"", ""Major League Baseball Most Valuable Player Award"", ""NFL regular season""]"
MuSiQue,musique,908,When does the regular season of the league where the team with the most titles from the series after which the MLB MVP award is given out plays?,New York Yankees,demand_lexical,19,63,-44,0,0,1,0,0,0,0,0,0,22.194826616229477,s4: When does the regular season of that league play?,body_token_overlap,"[""World Series Most Valuable Player Award"", ""NFL regular season"", ""World Series"", ""1969–70 AHL season"", ""2018 Major League Baseball season""]"
MuSiQue,musique,908,When does the regular season of the league where the team with the most titles from the series after which the MLB MVP award is given out plays?,New York Yankees,llm_query_reform,19,84,-65,0,0,1,0,0,0,0,0,0,15.658596689516285,Regular season of MLB league,body_token_overlap,"[""World Series"", ""World Series"", ""World Series"", ""World Series Most Valuable Player Award"", ""MLB Tonight""]"
MuSiQue,musique,908,When does the regular season of the league where the team with the most titles from the series after which the MLB MVP award is given out plays?,New York Yankees,llm_demand_reform,19,71,-52,0,0,1,0,0,0,0,0,0,20.252701845558718,League of [team from s2],body_token_overlap,"[""Major League Baseball schedule"", ""NFL regular season"", ""World Series Most Valuable Player Award"", ""World Series"", ""MLB Tonight""]"
MuSiQue,musique,908,When does the regular season of the league where the team with the most titles from the series after which the MLB MVP award is given out plays?,New York Yankees,llm_demand_hyde,19,0,19,0,0,1,1,1,1,1,1,0,225.42384882601897,"The New York Yankees are a team in the American League, one of the two leagues that make up Major League Baseball.",title_token_overlap,"[""New York Yankees"", ""New York Yankees"", ""World Series"", ""World Series"", ""World Series""]"
MuSiQue,musique,908,When does the regular season of the league where the team with the most titles from the series after which the MLB MVP award is given out plays?,New York Yankees,llm_combined,19,1,18,0,0,1,1,1,1,1,1,0,239.77755269420848,"The New York Yankees are a team in the American League, one of the two leagues that make up Major League Baseball.",title_token_overlap,"[""World Series"", ""New York Yankees"", ""New York Yankees"", ""World Series"", ""World Series""]"
MuSiQue,musique,908,When does the regular season of the league where the team with the most titles from the series after which the MLB MVP award is given out plays?,New York Yankees,llm_listwise_select,19,2,17,0,0,1,1,1,1,1,1,0,998.0,listwise_doc_id=19,llm_listwise_selected,"[""Major League Baseball Most Valuable Player Award"", ""World Series"", ""New York Yankees"", ""2017 World Series"", ""Houston Astros""]"
MuSiQue,musique,922,What major conflict is the country between the country that hosted the tournament and the country where That Dam is from known for?,2020 AFC U-23 Championship qualification,source_order,66,66,0,0,0,0,0,0,0,0,0,0,0.0,,,"[""That Dam"", ""Switzerland"", ""Pakxan"", ""UEFA Euro 2012 Final"", ""2018 Winter Olympics""]"
MuSiQue,musique,922,What major conflict is the country between the country that hosted the tournament and the country where That Dam is from known for?,2020 AFC U-23 Championship qualification,question_lexical,66,44,22,0,0,0,0,0,0,0,0,0,6.160432897366688,What major conflict is the country between the country that hosted the tournament and the country where That Dam is from known for?,body_token_overlap,"[""That Dam"", ""Albeni Falls Dam"", ""Ice hockey at the 2018 Winter Olympics – Men's tournament"", ""World War II"", ""UEFA Euro 2016 Final""]"
MuSiQue,musique,922,What major conflict is the country between the country that hosted the tournament and the country where That Dam is from known for?,2020 AFC U-23 Championship qualification,demand_lexical,66,38,28,0,0,0,0,0,0,0,0,0,11.185399130764976,s1: Which country hosted the tournament? tournament,body_token_overlap,"[""That Dam"", ""Albeni Falls Dam"", ""Ice hockey at the 2018 Winter Olympics – Men's tournament"", ""World War II"", ""2026 FIFA World Cup""]"
MuSiQue,musique,922,What major conflict is the country between the country that hosted the tournament and the country where That Dam is from known for?,2020 AFC U-23 Championship qualification,llm_query_reform,66,40,26,0,0,0,0,0,0,0,0,0,13.626012116674126,country that hosted the tournament,body_token_overlap,"[""That Dam"", ""Albeni Falls Dam"", ""Indo-Pakistani wars and conflicts"", ""Ice hockey at the 2018 Winter Olympics – Men's tournament"", ""2026 FIFA World Cup""]"
MuSiQue,musique,922,What major conflict is the country between the country that hosted the tournament and the country where That Dam is from known for?,2020 AFC U-23 Championship qualification,llm_demand_reform,66,37,29,0,0,0,0,0,0,0,0,0,10.446147183080974,Country that hosted the tournament,body_token_overlap,"[""That Dam"", ""Albeni Falls Dam"", ""Ice hockey at the 2018 Winter Olympics – Men's tournament"", ""2026 FIFA World Cup"", ""World War II""]"
MuSiQue,musique,922,What major conflict is the country between the country that hosted the tournament and the country where That Dam is from known for?,2020 AFC U-23 Championship qualification,llm_demand_hyde,66,93,-27,0,0,0,0,0,0,0,0,0,0.0,,,"[""FIFA World Cup"", ""That Dam"", ""2026 FIFA World Cup"", ""1986 FIFA World Cup"", ""2018 FIFA World Cup""]"
MuSiQue,musique,922,What major conflict is the country between the country that hosted the tournament and the country where That Dam is from known for?,2020 AFC U-23 Championship qualification,llm_combined,66,60,6,0,0,0,0,0,0,0,0,0,16.872339388297565,country that hosted the tournament,body_token_overlap,"[""That Dam"", ""FIFA World Cup"", ""Albeni Falls Dam"", ""2026 FIFA World Cup"", ""1986 FIFA World Cup""]"
MuSiQue,musique,922,What major conflict is the country between the country that hosted the tournament and the country where That Dam is from known for?,2020 AFC U-23 Championship qualification,llm_listwise_select,66,66,0,0,0,0,0,0,0,0,0,0,0.0,,,"[""That Dam"", ""Vat Yotkeo"", ""Thailand"", ""Indo-Pakistani wars and conflicts"", ""Switzerland""]"
MuSiQue,musique,925,Where is the district that the person who wanted to reform and address Jesus Varela's religion preached a sermon on Marian devotion before his death located?,Reformation,source_order,8,8,0,0,1,1,0,1,1,0,0,0,0.0,,,"[""Jesus Varela"", ""Mary, mother of Jesus"", ""Mary, mother of Jesus"", ""Wittenberg (district)"", ""Mary, mother of Jesus""]"
MuSiQue,musique,925,Where is the district that the person who wanted to reform and address Jesus Varela's religion preached a sermon on Marian devotion before his death located?,Reformation,question_lexical,8,20,-12,0,1,1,0,0,0,0,0,0,19.70054642093148,Where is the district that the person who wanted to reform and address Jesus Varela's religion preached a sermon on Marian devotion before his death located?,body_token_overlap,"[""Jesus Varela"", ""Mary, mother of Jesus"", ""Crucifixion of Jesus"", ""José Enrique Varela"", ""Mary, mother of Jesus""]"
MuSiQue,musique,925,Where is the district that the person who wanted to reform and address Jesus Varela's religion preached a sermon on Marian devotion before his death located?,Reformation,demand_lexical,8,33,-25,0,1,1,0,0,0,0,0,0,16.541264586180993,s1: Who is the person that wanted to reform and address Jesus Varela's religion? Jesus Varela,body_token_overlap,"[""Jesus Varela"", ""Samarqand District"", ""Sokolniki District"", ""Mary, mother of Jesus"", ""Crucifixion of Jesus""]"
MuSiQue,musique,925,Where is the district that the person who wanted to reform and address Jesus Varela's religion preached a sermon on Marian devotion before his death located?,Reformation,llm_query_reform,8,37,-29,0,1,1,0,0,0,0,0,0,9.652481510942529,Preacher of Marian devotion before death,body_token_overlap,"[""Jesus Varela"", ""Marian reforms"", ""Mary, mother of Jesus"", ""Samarqand District"", ""Mary, mother of Jesus""]"
MuSiQue,musique,925,Where is the district that the person who wanted to reform and address Jesus Varela's religion preached a sermon on Marian devotion before his death located?,Reformation,llm_demand_reform,8,20,-12,0,1,1,0,0,0,0,0,0,17.68188199832541,person reform Jesus Varela religion,body_token_overlap,"[""Jesus Varela"", ""Marian reforms"", ""Samarqand District"", ""Mary, mother of Jesus"", ""Crucifixion of Jesus""]"
MuSiQue,musique,925,Where is the district that the person who wanted to reform and address Jesus Varela's religion preached a sermon on Marian devotion before his death located?,Reformation,llm_demand_hyde,8,24,-16,0,1,1,0,0,0,0,0,0,23.037843041053076,"Jesus Varela was a religious figure who sought reform in his faith. The person who aimed to reform and address Jesus Varela's religion was Father Thomas More, a prominent theologian known for his work in religious reform.",body_token_overlap,"[""Jesus Varela"", ""Mary, mother of Jesus"", ""Mary, mother of Jesus"", ""Mary, mother of Jesus"", ""Mary, mother of Jesus""]"
MuSiQue,musique,925,Where is the district that the person who wanted to reform and address Jesus Varela's religion preached a sermon on Marian devotion before his death located?,Reformation,llm_combined,8,26,-18,0,1,1,0,0,0,0,0,0,30.64779127041309,"Jesus Varela was a religious figure who sought reform in his faith. The person who aimed to reform and address Jesus Varela's religion was Father Thomas More, a prominent theologian known for his work in religious reform.",body_token_overlap,"[""Jesus Varela"", ""Mary, mother of Jesus"", ""Marian reforms"", ""Samarqand District"", ""Sokolniki District""]"
MuSiQue,musique,925,Where is the district that the person who wanted to reform and address Jesus Varela's religion preached a sermon on Marian devotion before his death located?,Reformation,llm_listwise_select,8,18,-10,0,1,1,0,0,1,0,0,0,0.0,,,"[""Jesus Varela"", ""Henry Scott Holland"", ""Rudolph Goclenius the Younger"", ""Modelo Brewery"", ""Westminster Abbey""]"
MuSiQue,musique,943,In what region of the country where Lam Thao is located is the city where the Zone 5 Military Museum can be found?,South Central Coast,source_order,5,5,0,0,1,1,0,1,1,0,0,0,0.0,,,"[""Zone 5 Military Museum, Danang"", ""Lâm Thao District"", ""Hạ Hòa District"", ""Việt Yên District"", ""Museum of Cham Sculpture""]"
MuSiQue,musique,943,In what region of the country where Lam Thao is located is the city where the Zone 5 Military Museum can be found?,South Central Coast,question_lexical,5,27,-22,0,1,1,0,0,0,0,0,0,0.0,,,"[""Zone 5 Military Museum, Danang"", ""Lâm Thao District"", ""Lâm Quang Thi"", ""Fort Vredeburg Museum"", ""Lâm Đồng Province""]"
MuSiQue,musique,943,In what region of the country where Lam Thao is located is the city where the Zone 5 Military Museum can be found?,South Central Coast,demand_lexical,5,27,-22,0,1,1,0,0,0,0,0,0,0.0,,,"[""Zone 5 Military Museum, Danang"", ""Lâm Thao District"", ""Lâm Quang Thi"", ""Lâm Đồng Province"", ""Fort Vredeburg Museum""]"
MuSiQue,musique,943,In what region of the country where Lam Thao is located is the city where the Zone 5 Military Museum can be found?,South Central Coast,llm_query_reform,5,27,-22,0,1,1,0,0,0,0,0,0,0.0,,,"[""Zone 5 Military Museum, Danang"", ""Lâm Thao District"", ""Lâm Quang Thi"", ""Lâm Đồng Province"", ""Fort Vredeburg Museum""]"
MuSiQue,musique,943,In what region of the country where Lam Thao is located is the city where the Zone 5 Military Museum can be found?,South Central Coast,llm_demand_reform,5,27,-22,0,1,1,0,0,0,0,0,0,0.0,,,"[""Zone 5 Military Museum, Danang"", ""Lâm Thao District"", ""Lâm Quang Thi"", ""Lâm Đồng Province"", ""Fort Vredeburg Museum""]"
MuSiQue,musique,943,In what region of the country where Lam Thao is located is the city where the Zone 5 Military Museum can be found?,South Central Coast,llm_demand_hyde,5,12,-7,0,1,1,0,0,1,0,0,0,40.17627739985978,"Lam Thao is a town located in the province of Phong Dien, in the central region of Vietnam.",title_token_overlap,"[""Zone 5 Military Museum, Danang"", ""Lâm Thao District"", ""Lâm Đồng Province"", ""German military administration in occupied France during World War II"", ""Lâm Quang Thi""]"
MuSiQue,musique,943,In what region of the country where Lam Thao is located is the city where the Zone 5 Military Museum can be found?,South Central Coast,llm_combined,5,15,-10,0,1,1,0,0,1,0,0,0,40.17627739985978,"Lam Thao is a town located in the province of Phong Dien, in the central region of Vietnam.",title_token_overlap,"[""Zone 5 Military Museum, Danang"", ""Lâm Thao District"", ""Lâm Đồng Province"", ""Lâm Quang Thi"", ""Fort Vredeburg Museum""]"
MuSiQue,musique,943,In what region of the country where Lam Thao is located is the city where the Zone 5 Military Museum can be found?,South Central Coast,llm_listwise_select,5,2,3,0,1,1,1,1,1,1,0,0,998.0,listwise_doc_id=5,llm_listwise_selected,"[""Zone 5 Military Museum, Danang"", ""Lâm Thao District"", ""South Central Coast"", ""Kon Tum Province"", ""Đức Huệ District""]"
MuSiQue,musique,946,What is the name of the castle in the place of birth of the performer of When I Was a Boy?,Casa Loma,source_order,71,71,0,0,0,0,0,0,0,0,0,0,0.0,,,"[""Claus von Stauffenberg"", ""Prince Jean of Luxembourg"", ""Ben Castle"", ""Ray Stewart (Scottish footballer)"", ""Bette Rogge""]"
MuSiQue,musique,946,What is the name of the castle in the place of birth of the performer of When I Was a Boy?,Gavin Bradley,source_order,45,45,0,0,0,0,0,0,0,0,0,0,0.0,,,"[""Claus von Stauffenberg"", ""Prince Jean of Luxembourg"", ""Ben Castle"", ""Ray Stewart (Scottish footballer)"", ""Bette Rogge""]"
MuSiQue,musique,946,What is the name of the castle in the place of birth of the performer of When I Was a Boy?,Casa Loma,question_lexical,71,75,-4,0,0,0,0,0,0,0,0,0,0.0,,,"[""When I Was a Boy"", ""Windsor Castle"", ""Czocha Castle"", ""Windsor Castle"", ""Katzenstein Castle""]"
MuSiQue,musique,946,What is the name of the castle in the place of birth of the performer of When I Was a Boy?,Gavin Bradley,question_lexical,45,52,-7,0,0,0,0,0,0,0,0,0,0.0,,,"[""When I Was a Boy"", ""Windsor Castle"", ""Czocha Castle"", ""Windsor Castle"", ""Katzenstein Castle""]"
MuSiQue,musique,946,What is the name of the castle in the place of birth of the performer of When I Was a Boy?,Casa Loma,demand_lexical,71,75,-4,0,0,0,0,0,0,0,0,0,0.0,,,"[""When I Was a Boy"", ""Windsor Castle"", ""Czocha Castle"", ""Windsor Castle"", ""Katzenstein Castle""]"
MuSiQue,musique,946,What is the name of the castle in the place of birth of the performer of When I Was a Boy?,Gavin Bradley,demand_lexical,45,52,-7,0,0,0,0,0,0,0,0,0,0.0,,,"[""When I Was a Boy"", ""Windsor Castle"", ""Czocha Castle"", ""Windsor Castle"", ""Katzenstein Castle""]"
MuSiQue,musique,946,What is the name of the castle in the place of birth of the performer of When I Was a Boy?,Casa Loma,llm_query_reform,71,87,-16,0,0,0,0,0,0,0,0,0,0.0,,,"[""When I Was a Boy"", ""Windsor Castle"", ""Czocha Castle"", ""Windsor Castle"", ""Katzenstein Castle""]"
MuSiQue,musique,946,What is the name of the castle in the place of birth of the performer of When I Was a Boy?,Gavin Bradley,llm_query_reform,45,22,23,0,0,0,0,0,0,0,0,0,12.379228092554321,Birthplace of the artist of When I Was a Boy,body_token_overlap,"[""When I Was a Boy"", ""Windsor Castle"", ""Czocha Castle"", ""Windsor Castle"", ""Katzenstein Castle""]"
MuSiQue,musique,946,What is the name of the castle in the place of birth of the performer of When I Was a Boy?,Casa Loma,llm_demand_reform,71,75,-4,0,0,0,0,0,0,0,0,0,0.0,,,"[""When I Was a Boy"", ""Windsor Castle"", ""Czocha Castle"", ""Windsor Castle"", ""Katzenstein Castle""]"
MuSiQue,musique,946,What is the name of the castle in the place of birth of the performer of When I Was a Boy?,Gavin Bradley,llm_demand_reform,45,52,-7,0,0,0,0,0,0,0,0,0,0.0,,,"[""When I Was a Boy"", ""Windsor Castle"", ""Czocha Castle"", ""Windsor Castle"", ""Katzenstein Castle""]"
MuSiQue,musique,946,What is the name of the castle in the place of birth of the performer of When I Was a Boy?,Casa Loma,llm_demand_hyde,71,88,-17,0,0,0,0,0,0,0,0,0,0.0,,,"[""When I Was a Boy"", ""Oliver Castle"", ""Krimulda Castle"", ""Baynard's Castle"", ""Pidhirtsi Castle""]"
MuSiQue,musique,946,What is the name of the castle in the place of birth of the performer of When I Was a Boy?,Gavin Bradley,llm_demand_hyde,45,45,0,0,0,0,0,0,0,0,0,0,7.806846311362349,The performer of the song 'When I Was a Boy' is a British musician known for their work in the music industry.,body_token_overlap,"[""When I Was a Boy"", ""Oliver Castle"", ""Krimulda Castle"", ""Baynard's Castle"", ""Pidhirtsi Castle""]"
MuSiQue,musique,946,What is the name of the castle in the place of birth of the performer of When I Was a Boy?,Casa Loma,llm_combined,71,95,-24,0,0,0,0,0,0,0,0,0,0.0,,,"[""When I Was a Boy"", ""Oliver Castle"", ""Windsor Castle"", ""Ben Castle"", ""Baynard's Castle""]"
MuSiQue,musique,946,What is the name of the castle in the place of birth of the performer of When I Was a Boy?,Gavin Bradley,llm_combined,45,35,10,0,0,0,0,0,0,0,0,0,13.316049649917804,Birthplace of the artist of When I Was a Boy,body_token_overlap,"[""When I Was a Boy"", ""Oliver Castle"", ""Windsor Castle"", ""Ben Castle"", ""Baynard's Castle""]"
MuSiQue,musique,946,What is the name of the castle in the place of birth of the performer of When I Was a Boy?,Casa Loma,llm_listwise_select,71,9,62,0,0,0,0,1,1,0,1,1,991.0,listwise_doc_id=71,llm_listwise_selected,"[""When I Was a Boy"", ""Julian Lennon"", ""Prince Jean of Luxembourg"", ""Ian Quayle Jones"", ""Francis Bacon""]"
MuSiQue,musique,946,What is the name of the castle in the place of birth of the performer of When I Was a Boy?,Gavin Bradley,llm_listwise_select,45,54,-9,0,0,0,0,0,0,0,0,0,0.0,,,"[""When I Was a Boy"", ""Julian Lennon"", ""Prince Jean of Luxembourg"", ""Ian Quayle Jones"", ""Francis Bacon""]"
MuSiQue,musique,954,Who was a prominent figure at the radio division of the broadcast company that created the version of The Biggest Loser set in the country where Kelupis originated?,Adult contemporary music,source_order,72,72,0,0,0,0,0,0,0,0,0,0,0.0,,,"[""The Biggest Loser Brunei: Lose It All"", ""Kelupis"", ""The Biggest Loser (season 1)"", ""The Biggest Loser (season 16)"", ""The Biggest Loser (season 2)""]"
MuSiQue,musique,954,Who was a prominent figure at the radio division of the broadcast company that created the version of The Biggest Loser set in the country where Kelupis originated?,Adult contemporary music,question_lexical,72,36,36,0,0,0,0,0,0,0,0,0,6.206149216507688,Who was a prominent figure at the radio division of the broadcast company that created the version of The Biggest Loser set in the country where Kelupis originated?,body_token_overlap,"[""The Biggest Loser (season 1)"", ""The Biggest Loser (season 16)"", ""The Biggest Loser (season 2)"", ""The Biggest Loser (season 5)"", ""Kelupis""]"
MuSiQue,musique,954,Who was a prominent figure at the radio division of the broadcast company that created the version of The Biggest Loser set in the country where Kelupis originated?,Adult contemporary music,demand_lexical,72,39,33,0,0,0,0,0,0,0,0,0,7.1187192903207785,s2: What is the radio division of the broadcast company that created the version of The Biggest Loser set in the country where Kelupis originated?,body_token_overlap,"[""The Biggest Loser (season 1)"", ""The Biggest Loser (season 16)"", ""The Biggest Loser (season 2)"", ""The Biggest Loser (season 5)"", ""Kelupis""]"
MuSiQue,musique,954,Who was a prominent figure at the radio division of the broadcast company that created the version of The Biggest Loser set in the country where Kelupis originated?,Adult contemporary music,llm_query_reform,72,32,40,0,0,0,0,0,0,0,0,0,11.874946994277531,Radio division of [broadcast company],body_token_overlap,"[""The Biggest Loser (season 1)"", ""The Biggest Loser (season 16)"", ""The Biggest Loser (season 2)"", ""The Biggest Loser (season 5)"", ""Kelupis""]"
MuSiQue,musique,954,Who was a prominent figure at the radio division of the broadcast company that created the version of The Biggest Loser set in the country where Kelupis originated?,Adult contemporary music,llm_demand_reform,72,37,35,0,0,0,0,0,0,0,0,0,6.483072293430765,Radio division of the broadcast company that created The Biggest Loser version in the country where Kelupis originated,body_token_overlap,"[""The Biggest Loser (season 1)"", ""The Biggest Loser (season 16)"", ""The Biggest Loser (season 2)"", ""The Biggest Loser (season 5)"", ""Kelupis""]"
MuSiQue,musique,954,Who was a prominent figure at the radio division of the broadcast company that created the version of The Biggest Loser set in the country where Kelupis originated?,Adult contemporary music,llm_demand_hyde,72,16,56,0,0,0,0,0,1,0,0,1,16.17626906119678,Global Broadcast Network's radio division is known for its innovative programming and has been a key part of the company's success.,body_token_overlap,"[""The Biggest Loser (season 1)"", ""The Biggest Loser (season 16)"", ""The Biggest Loser (season 2)"", ""The Biggest Loser (season 5)"", ""Kelupis""]"
MuSiQue,musique,954,Who was a prominent figure at the radio division of the broadcast company that created the version of The Biggest Loser set in the country where Kelupis originated?,Adult contemporary music,llm_combined,72,28,44,0,0,0,0,0,0,0,0,0,23.049696784568635,Global Broadcast Network's radio division is known for its innovative programming and has been a key part of the company's success.,body_token_overlap,"[""The Biggest Loser (season 1)"", ""The Biggest Loser (season 16)"", ""The Biggest Loser (season 2)"", ""The Biggest Loser (season 5)"", ""Kelupis""]"
MuSiQue,musique,954,Who was a prominent figure at the radio division of the broadcast company that created the version of The Biggest Loser set in the country where Kelupis originated?,Adult contemporary music,llm_listwise_select,72,72,0,0,0,0,0,0,0,0,0,0,0.0,,,"[""Kelupis"", ""The Biggest Loser Brunei: Lose It All"", ""Carl Kasell"", ""Who Wants to Be a Millionaire? (British game show)"", ""The Biggest Loser (season 16)""]"
MuSiQue,musique,979,When did the city where the manufacturer of Ten High is headquartered elect its first black mayor?,Sazerac,source_order,23,23,0,0,0,0,0,0,0,0,0,0,0.0,,,"[""Ten High"", ""1967 Detroit riot"", ""Ann Arbor, Michigan"", ""New York City"", ""Black people""]"
MuSiQue,musique,979,When did the city where the manufacturer of Ten High is headquartered elect its first black mayor?,Sazerac,question_lexical,23,67,-44,0,0,0,0,0,0,0,0,0,0.0,,,"[""Ten High"", ""Black people"", ""Black people"", ""Black people"", ""Maynard Evans High School""]"
MuSiQue,musique,979,When did the city where the manufacturer of Ten High is headquartered elect its first black mayor?,Sazerac,demand_lexical,23,66,-43,0,0,0,0,0,0,0,0,0,0.0,,,"[""Ten High"", ""Black people"", ""Black people"", ""Black people"", ""Maynard Evans High School""]"
MuSiQue,musique,979,When did the city where the manufacturer of Ten High is headquartered elect its first black mayor?,Sazerac,llm_query_reform,23,75,-52,0,0,0,0,0,0,0,0,0,0.0,,,"[""Ten High"", ""Maynard Evans High School"", ""Black people"", ""Black people"", ""Black people""]"
MuSiQue,musique,979,When did the city where the manufacturer of Ten High is headquartered elect its first black mayor?,Sazerac,llm_demand_reform,23,68,-45,0,0,0,0,0,0,0,0,0,0.0,,,"[""Ten High"", ""Maynard Evans High School"", ""Black people"", ""Black people"", ""Black people""]"
MuSiQue,musique,979,When did the city where the manufacturer of Ten High is headquartered elect its first black mayor?,Sazerac,llm_demand_hyde,23,67,-44,0,0,0,0,0,0,0,0,0,7.212513189098095,"Ten High is a brand of firearms manufactured by Smith & Wesson, a company known for its historical significance in the firearms industry.",body_token_overlap,"[""Ten High"", ""Black people"", ""Springfield Model 1861"", ""Modern history"", ""American Thermos Bottle Company Laurel Hill Plant""]"
MuSiQue,musique,979,When did the city where the manufacturer of Ten High is headquartered elect its first black mayor?,Sazerac,llm_combined,23,81,-58,0,0,0,0,0,0,0,0,0,7.212513189098095,"Ten High is a brand of firearms manufactured by Smith & Wesson, a company known for its historical significance in the firearms industry.",body_token_overlap,"[""Ten High"", ""Maynard Evans High School"", ""Black people"", ""Black people"", ""Black people""]"
MuSiQue,musique,979,When did the city where the manufacturer of Ten High is headquartered elect its first black mayor?,Sazerac,llm_listwise_select,23,32,-9,0,0,0,0,0,0,0,0,0,0.0,,,"[""Ten High"", ""Kentucky Tavern"", ""Detroit"", ""Detroit"", ""William Russell Grace""]"
MuSiQue,musique,997,"When did the maker of Acura Legend, the manufacturer of Lexus RX and Nissan open US assembly plants?",Shigeyuki Hori,source_order,16,16,0,0,0,1,0,0,1,0,0,0,0.0,,,"[""1973 oil crisis"", ""Acura RL"", ""Acura RLX"", ""Acura Legend"", ""Acura MDX""]"
MuSiQue,musique,997,"When did the maker of Acura Legend, the manufacturer of Lexus RX and Nissan open US assembly plants?",Shigeyuki Hori,question_lexical,16,31,-15,0,0,1,0,0,0,0,0,0,7.319758221492974,"When did the maker of Acura Legend, the manufacturer of Lexus RX and Nissan open US assembly plants?",body_token_overlap,"[""Acura Legend"", ""Lexus RX"", ""Acura RL"", ""Acura RL"", ""Acura EL""]"
MuSiQue,musique,997,"When did the maker of Acura Legend, the manufacturer of Lexus RX and Nissan open US assembly plants?",Shigeyuki Hori,demand_lexical,16,35,-19,0,0,1,0,0,0,0,0,0,10.992795874738798,s2: Which manufacturer makes Lexus RX? Lexus RX,body_token_overlap,"[""Acura Legend"", ""Lexus RX"", ""Acura RL"", ""Acura RL"", ""Acura EL""]"
MuSiQue,musique,997,"When did the maker of Acura Legend, the manufacturer of Lexus RX and Nissan open US assembly plants?",Shigeyuki Hori,llm_query_reform,16,33,-17,0,0,1,0,0,0,0,0,0,16.58480997604492,Lexus RX manufacturer,body_token_overlap,"[""Acura Legend"", ""Lexus RX"", ""Acura RL"", ""Acura RL"", ""Acura EL""]"
MuSiQue,musique,997,"When did the maker of Acura Legend, the manufacturer of Lexus RX and Nissan open US assembly plants?",Shigeyuki Hori,llm_demand_reform,16,32,-16,0,0,1,0,0,0,0,0,0,12.992795874738798,manufacturer of Lexus RX,body_token_overlap,"[""Acura Legend"", ""Lexus RX"", ""Acura RL"", ""Acura RL"", ""Acura EL""]"
MuSiQue,musique,997,"When did the maker of Acura Legend, the manufacturer of Lexus RX and Nissan open US assembly plants?",Shigeyuki Hori,llm_demand_hyde,16,31,-15,0,0,1,0,0,0,0,0,0,35.6281178157756,"Toyota Motor Corporation opened its first US assembly plant in Georgetown, Kentucky, in 1984, which is where the Lexus RX is manufactured.",body_token_overlap,"[""Acura Legend"", ""Lexus RX"", ""Toyota"", ""Toyota"", ""Acura RL""]"
MuSiQue,musique,997,"When did the maker of Acura Legend, the manufacturer of Lexus RX and Nissan open US assembly plants?",Shigeyuki Hori,llm_combined,16,30,-14,0,0,1,0,0,0,0,0,0,46.31435783655667,"Toyota Motor Corporation opened its first US assembly plant in Georgetown, Kentucky, in 1984, which is where the Lexus RX is manufactured.",body_token_overlap,"[""Lexus RX"", ""Acura Legend"", ""Toyota"", ""Acura RL"", ""Toyota""]"
MuSiQue,musique,997,"When did the maker of Acura Legend, the manufacturer of Lexus RX and Nissan open US assembly plants?",Shigeyuki Hori,llm_listwise_select,16,28,-12,0,0,1,0,0,0,0,0,0,0.0,,,"[""Acura Legend"", ""Lexus RX"", ""Acura RL"", ""Acura RDX"", ""Datsun""]"
