INFO:src.hipporag.prompts.prompt_template_manager:Loading templates from directory: /mnt/nvme/code/HippoRAG/src/hipporag/prompts/templates
INFO:src.hipporag.HippoRAG:Loaded graph from outputs_step0_general_nvembed_musique/qwen3-8b_VLLM_nvidia_NV-Embed-v2/graph.pickle with 111597 nodes, 1694715 edges
INFO:src.hipporag.embedding_store:Loaded 11656 records from outputs_step0_general_nvembed_musique/qwen3-8b_VLLM_nvidia_NV-Embed-v2/chunk_embeddings/vdb_chunk.parquet
INFO:src.hipporag.embedding_store:Loaded 99941 records from outputs_step0_general_nvembed_musique/qwen3-8b_VLLM_nvidia_NV-Embed-v2/entity_embeddings/vdb_entity.parquet
INFO:src.hipporag.embedding_store:Loaded 135279 records from outputs_step0_general_nvembed_musique/qwen3-8b_VLLM_nvidia_NV-Embed-v2/fact_embeddings/vdb_fact.parquet
INFO:src.hipporag.prompts.prompt_template_manager:Loading templates from directory: /mnt/nvme/code/HippoRAG/src/hipporag/prompts/templates
INFO:src.hipporag.HippoRAG:Indexing Documents
INFO:src.hipporag.HippoRAG:Performing OpenIE
INFO:src.hipporag.embedding_store:Inserting 0 new records, 11656 records already exist.
INFO:src.hipporag.HippoRAG:OpenIE results saved to outputs_step0_general_nvembed_musique/openie_results_ner_qwen3-8b.json
INFO:src.hipporag.HippoRAG:Encoding Entities
INFO:src.hipporag.embedding_store:Inserting 0 new records, 99941 records already exist.
INFO:src.hipporag.HippoRAG:Encoding Facts
INFO:src.hipporag.embedding_store:Inserting 0 new records, 135279 records already exist.
INFO:src.hipporag.HippoRAG:Constructing Graph
INFO:src.hipporag.HippoRAG:Adding OpenIE triples to graph.
0it [00:00, ?it/s]2001it [00:00, 20007.54it/s]4002it [00:00, 18895.04it/s]5896it [00:00, 18288.11it/s]7728it [00:00, 17499.91it/s]9482it [00:00, 16356.53it/s]11128it [00:00, 15954.79it/s]11656it [00:00, 16793.77it/s]
INFO:src.hipporag.HippoRAG:Connecting passage nodes to phrase nodes.
0it [00:00, ?it/s]11656it [00:00, 2881915.08it/s]
WARNING:src.hipporag.evaluation.retrieval_eval:Length of retrieved docs (100) is smaller than largest topk for recall score (200)
WARNING:src.hipporag.evaluation.retrieval_eval:Length of retrieved docs (100) is smaller than largest topk for recall score (200)
WARNING:src.hipporag.evaluation.retrieval_eval:Length of retrieved docs (100) is smaller than largest topk for recall score (200)
WARNING:src.hipporag.evaluation.retrieval_eval:Length of retrieved docs (100) is smaller than largest topk for recall score (200)
WARNING:src.hipporag.evaluation.retrieval_eval:Length of retrieved docs (100) is smaller than largest topk for recall score (200)
WARNING:src.hipporag.evaluation.retrieval_eval:Length of retrieved docs (100) is smaller than largest topk for recall score (200)
WARNING:src.hipporag.evaluation.retrieval_eval:Length of retrieved docs (100) is smaller than largest topk for recall score (200)
WARNING:src.hipporag.evaluation.retrieval_eval:Length of retrieved docs (100) is smaller than largest topk for recall score (200)
WARNING:src.hipporag.evaluation.retrieval_eval:Length of retrieved docs (100) is smaller than largest topk for recall score (200)
WARNING:src.hipporag.evaluation.retrieval_eval:Length of retrieved docs (100) is smaller than largest topk for recall score (200)
WARNING:src.hipporag.evaluation.retrieval_eval:Length of retrieved docs (100) is smaller than largest topk for recall score (200)
WARNING:src.hipporag.evaluation.retrieval_eval:Length of retrieved docs (100) is smaller than largest topk for recall score (200)
WARNING:src.hipporag.evaluation.retrieval_eval:Length of retrieved docs (100) is smaller than largest topk for recall score (200)
WARNING:src.hipporag.evaluation.retrieval_eval:Length of retrieved docs (100) is smaller than largest topk for recall score (200)
WARNING:src.hipporag.evaluation.retrieval_eval:Length of retrieved docs (100) is smaller than largest topk for recall score (200)
WARNING:src.hipporag.evaluation.retrieval_eval:Length of retrieved docs (100) is smaller than largest topk for recall score (200)
WARNING:src.hipporag.evaluation.retrieval_eval:Length of retrieved docs (100) is smaller than largest topk for recall score (200)
WARNING:src.hipporag.evaluation.retrieval_eval:Length of retrieved docs (100) is smaller than largest topk for recall score (200)
WARNING:src.hipporag.evaluation.retrieval_eval:Length of retrieved docs (100) is smaller than largest topk for recall score (200)
WARNING:src.hipporag.evaluation.retrieval_eval:Length of retrieved docs (100) is smaller than largest topk for recall score (200)
WARNING:src.hipporag.evaluation.retrieval_eval:Length of retrieved docs (100) is smaller than largest topk for recall score (200)
WARNING:src.hipporag.evaluation.retrieval_eval:Length of retrieved docs (100) is smaller than largest topk for recall score (200)
WARNING:src.hipporag.evaluation.retrieval_eval:Length of retrieved docs (100) is smaller than largest topk for recall score (200)
WARNING:src.hipporag.evaluation.retrieval_eval:Length of retrieved docs (100) is smaller than largest topk for recall score (200)
WARNING:src.hipporag.evaluation.retrieval_eval:Length of retrieved docs (100) is smaller than largest topk for recall score (200)
WARNING:src.hipporag.evaluation.retrieval_eval:Length of retrieved docs (100) is smaller than largest topk for recall score (200)
WARNING:src.hipporag.evaluation.retrieval_eval:Length of retrieved docs (100) is smaller than largest topk for recall score (200)
WARNING:src.hipporag.evaluation.retrieval_eval:Length of retrieved docs (100) is smaller than largest topk for recall score (200)
WARNING:src.hipporag.evaluation.retrieval_eval:Length of retrieved docs (100) is smaller than largest topk for recall score (200)
WARNING:src.hipporag.evaluation.retrieval_eval:Length of retrieved docs (100) is smaller than largest topk for recall score (200)
WARNING:src.hipporag.evaluation.retrieval_eval:Length of retrieved docs (100) is smaller than largest topk for recall score (200)
WARNING:src.hipporag.evaluation.retrieval_eval:Length of retrieved docs (100) is smaller than largest topk for recall score (200)
WARNING:src.hipporag.evaluation.retrieval_eval:Length of retrieved docs (100) is smaller than largest topk for recall score (200)
WARNING:src.hipporag.evaluation.retrieval_eval:Length of retrieved docs (100) is smaller than largest topk for recall score (200)
WARNING:src.hipporag.evaluation.retrieval_eval:Length of retrieved docs (100) is smaller than largest topk for recall score (200)
WARNING:src.hipporag.evaluation.retrieval_eval:Length of retrieved docs (100) is smaller than largest topk for recall score (200)
WARNING:src.hipporag.evaluation.retrieval_eval:Length of retrieved docs (100) is smaller than largest topk for recall score (200)
WARNING:src.hipporag.evaluation.retrieval_eval:Length of retrieved docs (100) is smaller than largest topk for recall score (200)
WARNING:src.hipporag.evaluation.retrieval_eval:Length of retrieved docs (100) is smaller than largest topk for recall score (200)
WARNING:src.hipporag.evaluation.retrieval_eval:Length of retrieved docs (100) is smaller than largest topk for recall score (200)
WARNING:src.hipporag.evaluation.retrieval_eval:Length of retrieved docs (100) is smaller than largest topk for recall score (200)
WARNING:src.hipporag.evaluation.retrieval_eval:Length of retrieved docs (100) is smaller than largest topk for recall score (200)
WARNING:src.hipporag.evaluation.retrieval_eval:Length of retrieved docs (100) is smaller than largest topk for recall score (200)
WARNING:src.hipporag.evaluation.retrieval_eval:Length of retrieved docs (100) is smaller than largest topk for recall score (200)
WARNING:src.hipporag.evaluation.retrieval_eval:Length of retrieved docs (100) is smaller than largest topk for recall score (200)
WARNING:src.hipporag.evaluation.retrieval_eval:Length of retrieved docs (100) is smaller than largest topk for recall score (200)
WARNING:src.hipporag.evaluation.retrieval_eval:Length of retrieved docs (100) is smaller than largest topk for recall score (200)
WARNING:src.hipporag.evaluation.retrieval_eval:Length of retrieved docs (100) is smaller than largest topk for recall score (200)
WARNING:src.hipporag.evaluation.retrieval_eval:Length of retrieved docs (100) is smaller than largest topk for recall score (200)
WARNING:src.hipporag.evaluation.retrieval_eval:Length of retrieved docs (100) is smaller than largest topk for recall score (200)
WARNING:src.hipporag.evaluation.retrieval_eval:Length of retrieved docs (100) is smaller than largest topk for recall score (200)
WARNING:src.hipporag.evaluation.retrieval_eval:Length of retrieved docs (100) is smaller than largest topk for recall score (200)
WARNING:src.hipporag.evaluation.retrieval_eval:Length of retrieved docs (100) is smaller than largest topk for recall score (200)
WARNING:src.hipporag.evaluation.retrieval_eval:Length of retrieved docs (100) is smaller than largest topk for recall score (200)
WARNING:src.hipporag.evaluation.retrieval_eval:Length of retrieved docs (100) is smaller than largest topk for recall score (200)
WARNING:src.hipporag.evaluation.retrieval_eval:Length of retrieved docs (100) is smaller than largest topk for recall score (200)
WARNING:src.hipporag.evaluation.retrieval_eval:Length of retrieved docs (100) is smaller than largest topk for recall score (200)
WARNING:src.hipporag.evaluation.retrieval_eval:Length of retrieved docs (100) is smaller than largest topk for recall score (200)
WARNING:src.hipporag.evaluation.retrieval_eval:Length of retrieved docs (100) is smaller than largest topk for recall score (200)
WARNING:src.hipporag.evaluation.retrieval_eval:Length of retrieved docs (100) is smaller than largest topk for recall score (200)
WARNING:src.hipporag.evaluation.retrieval_eval:Length of retrieved docs (100) is smaller than largest topk for recall score (200)
WARNING:src.hipporag.evaluation.retrieval_eval:Length of retrieved docs (100) is smaller than largest topk for recall score (200)
WARNING:src.hipporag.evaluation.retrieval_eval:Length of retrieved docs (100) is smaller than largest topk for recall score (200)
WARNING:src.hipporag.evaluation.retrieval_eval:Length of retrieved docs (100) is smaller than largest topk for recall score (200)
WARNING:src.hipporag.evaluation.retrieval_eval:Length of retrieved docs (100) is smaller than largest topk for recall score (200)
WARNING:src.hipporag.evaluation.retrieval_eval:Length of retrieved docs (100) is smaller than largest topk for recall score (200)
WARNING:src.hipporag.evaluation.retrieval_eval:Length of retrieved docs (100) is smaller than largest topk for recall score (200)
WARNING:src.hipporag.evaluation.retrieval_eval:Length of retrieved docs (100) is smaller than largest topk for recall score (200)
WARNING:src.hipporag.evaluation.retrieval_eval:Length of retrieved docs (100) is smaller than largest topk for recall score (200)
WARNING:src.hipporag.evaluation.retrieval_eval:Length of retrieved docs (100) is smaller than largest topk for recall score (200)
WARNING:src.hipporag.evaluation.retrieval_eval:Length of retrieved docs (100) is smaller than largest topk for recall score (200)
WARNING:src.hipporag.evaluation.retrieval_eval:Length of retrieved docs (100) is smaller than largest topk for recall score (200)
WARNING:src.hipporag.evaluation.retrieval_eval:Length of retrieved docs (100) is smaller than largest topk for recall score (200)
WARNING:src.hipporag.evaluation.retrieval_eval:Length of retrieved docs (100) is smaller than largest topk for recall score (200)
WARNING:src.hipporag.evaluation.retrieval_eval:Length of retrieved docs (100) is smaller than largest topk for recall score (200)
WARNING:src.hipporag.evaluation.retrieval_eval:Length of retrieved docs (100) is smaller than largest topk for recall score (200)
WARNING:src.hipporag.evaluation.retrieval_eval:Length of retrieved docs (100) is smaller than largest topk for recall score (200)
WARNING:src.hipporag.evaluation.retrieval_eval:Length of retrieved docs (100) is smaller than largest topk for recall score (200)
WARNING:src.hipporag.evaluation.retrieval_eval:Length of retrieved docs (100) is smaller than largest topk for recall score (200)
WARNING:src.hipporag.evaluation.retrieval_eval:Length of retrieved docs (100) is smaller than largest topk for recall score (200)
WARNING:src.hipporag.evaluation.retrieval_eval:Length of retrieved docs (100) is smaller than largest topk for recall score (200)
WARNING:src.hipporag.evaluation.retrieval_eval:Length of retrieved docs (100) is smaller than largest topk for recall score (200)
WARNING:src.hipporag.evaluation.retrieval_eval:Length of retrieved docs (100) is smaller than largest topk for recall score (200)
WARNING:src.hipporag.evaluation.retrieval_eval:Length of retrieved docs (100) is smaller than largest topk for recall score (200)
WARNING:src.hipporag.evaluation.retrieval_eval:Length of retrieved docs (100) is smaller than largest topk for recall score (200)
WARNING:src.hipporag.evaluation.retrieval_eval:Length of retrieved docs (100) is smaller than largest topk for recall score (200)
WARNING:src.hipporag.evaluation.retrieval_eval:Length of retrieved docs (100) is smaller than largest topk for recall score (200)
WARNING:src.hipporag.evaluation.retrieval_eval:Length of retrieved docs (100) is smaller than largest topk for recall score (200)
WARNING:src.hipporag.evaluation.retrieval_eval:Length of retrieved docs (100) is smaller than largest topk for recall score (200)
WARNING:src.hipporag.evaluation.retrieval_eval:Length of retrieved docs (100) is smaller than largest topk for recall score (200)
WARNING:src.hipporag.evaluation.retrieval_eval:Length of retrieved docs (100) is smaller than largest topk for recall score (200)
WARNING:src.hipporag.evaluation.retrieval_eval:Length of retrieved docs (100) is smaller than largest topk for recall score (200)
WARNING:src.hipporag.evaluation.retrieval_eval:Length of retrieved docs (100) is smaller than largest topk for recall score (200)
WARNING:src.hipporag.evaluation.retrieval_eval:Length of retrieved docs (100) is smaller than largest topk for recall score (200)
WARNING:src.hipporag.evaluation.retrieval_eval:Length of retrieved docs (100) is smaller than largest topk for recall score (200)
WARNING:src.hipporag.evaluation.retrieval_eval:Length of retrieved docs (100) is smaller than largest topk for recall score (200)
WARNING:src.hipporag.evaluation.retrieval_eval:Length of retrieved docs (100) is smaller than largest topk for recall score (200)
WARNING:src.hipporag.evaluation.retrieval_eval:Length of retrieved docs (100) is smaller than largest topk for recall score (200)
WARNING:src.hipporag.evaluation.retrieval_eval:Length of retrieved docs (100) is smaller than largest topk for recall score (200)
WARNING:src.hipporag.evaluation.retrieval_eval:Length of retrieved docs (100) is smaller than largest topk for recall score (200)
WARNING:src.hipporag.evaluation.retrieval_eval:Length of retrieved docs (100) is smaller than largest topk for recall score (200)
WARNING:src.hipporag.evaluation.retrieval_eval:Length of retrieved docs (100) is smaller than largest topk for recall score (200)
WARNING:src.hipporag.evaluation.retrieval_eval:Length of retrieved docs (100) is smaller than largest topk for recall score (200)
WARNING:src.hipporag.evaluation.retrieval_eval:Length of retrieved docs (100) is smaller than largest topk for recall score (200)
WARNING:src.hipporag.evaluation.retrieval_eval:Length of retrieved docs (100) is smaller than largest topk for recall score (200)
WARNING:src.hipporag.evaluation.retrieval_eval:Length of retrieved docs (100) is smaller than largest topk for recall score (200)
WARNING:src.hipporag.evaluation.retrieval_eval:Length of retrieved docs (100) is smaller than largest topk for recall score (200)
WARNING:src.hipporag.evaluation.retrieval_eval:Length of retrieved docs (100) is smaller than largest topk for recall score (200)
WARNING:src.hipporag.evaluation.retrieval_eval:Length of retrieved docs (100) is smaller than largest topk for recall score (200)
WARNING:src.hipporag.evaluation.retrieval_eval:Length of retrieved docs (100) is smaller than largest topk for recall score (200)
WARNING:src.hipporag.evaluation.retrieval_eval:Length of retrieved docs (100) is smaller than largest topk for recall score (200)
WARNING:src.hipporag.evaluation.retrieval_eval:Length of retrieved docs (100) is smaller than largest topk for recall score (200)
WARNING:src.hipporag.evaluation.retrieval_eval:Length of retrieved docs (100) is smaller than largest topk for recall score (200)
WARNING:src.hipporag.evaluation.retrieval_eval:Length of retrieved docs (100) is smaller than largest topk for recall score (200)
WARNING:src.hipporag.evaluation.retrieval_eval:Length of retrieved docs (100) is smaller than largest topk for recall score (200)
WARNING:src.hipporag.evaluation.retrieval_eval:Length of retrieved docs (100) is smaller than largest topk for recall score (200)
WARNING:src.hipporag.evaluation.retrieval_eval:Length of retrieved docs (100) is smaller than largest topk for recall score (200)
WARNING:src.hipporag.evaluation.retrieval_eval:Length of retrieved docs (100) is smaller than largest topk for recall score (200)
WARNING:src.hipporag.evaluation.retrieval_eval:Length of retrieved docs (100) is smaller than largest topk for recall score (200)
WARNING:src.hipporag.evaluation.retrieval_eval:Length of retrieved docs (100) is smaller than largest topk for recall score (200)
WARNING:src.hipporag.evaluation.retrieval_eval:Length of retrieved docs (100) is smaller than largest topk for recall score (200)
WARNING:src.hipporag.evaluation.retrieval_eval:Length of retrieved docs (100) is smaller than largest topk for recall score (200)
WARNING:src.hipporag.evaluation.retrieval_eval:Length of retrieved docs (100) is smaller than largest topk for recall score (200)
WARNING:src.hipporag.evaluation.retrieval_eval:Length of retrieved docs (100) is smaller than largest topk for recall score (200)
WARNING:src.hipporag.evaluation.retrieval_eval:Length of retrieved docs (100) is smaller than largest topk for recall score (200)
WARNING:src.hipporag.evaluation.retrieval_eval:Length of retrieved docs (100) is smaller than largest topk for recall score (200)
WARNING:src.hipporag.evaluation.retrieval_eval:Length of retrieved docs (100) is smaller than largest topk for recall score (200)
WARNING:src.hipporag.evaluation.retrieval_eval:Length of retrieved docs (100) is smaller than largest topk for recall score (200)
WARNING:src.hipporag.evaluation.retrieval_eval:Length of retrieved docs (100) is smaller than largest topk for recall score (200)
WARNING:src.hipporag.evaluation.retrieval_eval:Length of retrieved docs (100) is smaller than largest topk for recall score (200)
WARNING:src.hipporag.evaluation.retrieval_eval:Length of retrieved docs (100) is smaller than largest topk for recall score (200)
WARNING:src.hipporag.evaluation.retrieval_eval:Length of retrieved docs (100) is smaller than largest topk for recall score (200)
WARNING:src.hipporag.evaluation.retrieval_eval:Length of retrieved docs (100) is smaller than largest topk for recall score (200)
WARNING:src.hipporag.evaluation.retrieval_eval:Length of retrieved docs (100) is smaller than largest topk for recall score (200)
WARNING:src.hipporag.evaluation.retrieval_eval:Length of retrieved docs (100) is smaller than largest topk for recall score (200)
WARNING:src.hipporag.evaluation.retrieval_eval:Length of retrieved docs (100) is smaller than largest topk for recall score (200)
WARNING:src.hipporag.evaluation.retrieval_eval:Length of retrieved docs (100) is smaller than largest topk for recall score (200)
WARNING:src.hipporag.evaluation.retrieval_eval:Length of retrieved docs (100) is smaller than largest topk for recall score (200)
WARNING:src.hipporag.evaluation.retrieval_eval:Length of retrieved docs (100) is smaller than largest topk for recall score (200)
WARNING:src.hipporag.evaluation.retrieval_eval:Length of retrieved docs (100) is smaller than largest topk for recall score (200)
WARNING:src.hipporag.evaluation.retrieval_eval:Length of retrieved docs (100) is smaller than largest topk for recall score (200)
WARNING:src.hipporag.evaluation.retrieval_eval:Length of retrieved docs (100) is smaller than largest topk for recall score (200)
WARNING:src.hipporag.evaluation.retrieval_eval:Length of retrieved docs (100) is smaller than largest topk for recall score (200)
WARNING:src.hipporag.evaluation.retrieval_eval:Length of retrieved docs (100) is smaller than largest topk for recall score (200)
WARNING:src.hipporag.evaluation.retrieval_eval:Length of retrieved docs (100) is smaller than largest topk for recall score (200)
WARNING:src.hipporag.evaluation.retrieval_eval:Length of retrieved docs (100) is smaller than largest topk for recall score (200)
WARNING:src.hipporag.evaluation.retrieval_eval:Length of retrieved docs (100) is smaller than largest topk for recall score (200)
WARNING:src.hipporag.evaluation.retrieval_eval:Length of retrieved docs (100) is smaller than largest topk for recall score (200)
WARNING:src.hipporag.evaluation.retrieval_eval:Length of retrieved docs (100) is smaller than largest topk for recall score (200)
WARNING:src.hipporag.evaluation.retrieval_eval:Length of retrieved docs (100) is smaller than largest topk for recall score (200)
WARNING:src.hipporag.evaluation.retrieval_eval:Length of retrieved docs (100) is smaller than largest topk for recall score (200)
WARNING:src.hipporag.evaluation.retrieval_eval:Length of retrieved docs (100) is smaller than largest topk for recall score (200)
WARNING:src.hipporag.evaluation.retrieval_eval:Length of retrieved docs (100) is smaller than largest topk for recall score (200)
WARNING:src.hipporag.evaluation.retrieval_eval:Length of retrieved docs (100) is smaller than largest topk for recall score (200)
WARNING:src.hipporag.evaluation.retrieval_eval:Length of retrieved docs (100) is smaller than largest topk for recall score (200)
WARNING:src.hipporag.evaluation.retrieval_eval:Length of retrieved docs (100) is smaller than largest topk for recall score (200)
WARNING:src.hipporag.evaluation.retrieval_eval:Length of retrieved docs (100) is smaller than largest topk for recall score (200)
WARNING:src.hipporag.evaluation.retrieval_eval:Length of retrieved docs (100) is smaller than largest topk for recall score (200)
WARNING:src.hipporag.evaluation.retrieval_eval:Length of retrieved docs (100) is smaller than largest topk for recall score (200)
WARNING:src.hipporag.evaluation.retrieval_eval:Length of retrieved docs (100) is smaller than largest topk for recall score (200)
WARNING:src.hipporag.evaluation.retrieval_eval:Length of retrieved docs (100) is smaller than largest topk for recall score (200)
WARNING:src.hipporag.evaluation.retrieval_eval:Length of retrieved docs (100) is smaller than largest topk for recall score (200)
WARNING:src.hipporag.evaluation.retrieval_eval:Length of retrieved docs (100) is smaller than largest topk for recall score (200)
WARNING:src.hipporag.evaluation.retrieval_eval:Length of retrieved docs (100) is smaller than largest topk for recall score (200)
WARNING:src.hipporag.evaluation.retrieval_eval:Length of retrieved docs (100) is smaller than largest topk for recall score (200)
WARNING:src.hipporag.evaluation.retrieval_eval:Length of retrieved docs (100) is smaller than largest topk for recall score (200)
WARNING:src.hipporag.evaluation.retrieval_eval:Length of retrieved docs (100) is smaller than largest topk for recall score (200)
WARNING:src.hipporag.evaluation.retrieval_eval:Length of retrieved docs (100) is smaller than largest topk for recall score (200)
WARNING:src.hipporag.evaluation.retrieval_eval:Length of retrieved docs (100) is smaller than largest topk for recall score (200)
WARNING:src.hipporag.evaluation.retrieval_eval:Length of retrieved docs (100) is smaller than largest topk for recall score (200)
WARNING:src.hipporag.evaluation.retrieval_eval:Length of retrieved docs (100) is smaller than largest topk for recall score (200)
WARNING:src.hipporag.evaluation.retrieval_eval:Length of retrieved docs (100) is smaller than largest topk for recall score (200)
WARNING:src.hipporag.evaluation.retrieval_eval:Length of retrieved docs (100) is smaller than largest topk for recall score (200)
WARNING:src.hipporag.evaluation.retrieval_eval:Length of retrieved docs (100) is smaller than largest topk for recall score (200)
WARNING:src.hipporag.evaluation.retrieval_eval:Length of retrieved docs (100) is smaller than largest topk for recall score (200)
WARNING:src.hipporag.evaluation.retrieval_eval:Length of retrieved docs (100) is smaller than largest topk for recall score (200)
WARNING:src.hipporag.evaluation.retrieval_eval:Length of retrieved docs (100) is smaller than largest topk for recall score (200)
WARNING:src.hipporag.evaluation.retrieval_eval:Length of retrieved docs (100) is smaller than largest topk for recall score (200)
WARNING:src.hipporag.evaluation.retrieval_eval:Length of retrieved docs (100) is smaller than largest topk for recall score (200)
WARNING:src.hipporag.evaluation.retrieval_eval:Length of retrieved docs (100) is smaller than largest topk for recall score (200)
WARNING:src.hipporag.evaluation.retrieval_eval:Length of retrieved docs (100) is smaller than largest topk for recall score (200)
WARNING:src.hipporag.evaluation.retrieval_eval:Length of retrieved docs (100) is smaller than largest topk for recall score (200)
WARNING:src.hipporag.evaluation.retrieval_eval:Length of retrieved docs (100) is smaller than largest topk for recall score (200)
WARNING:src.hipporag.evaluation.retrieval_eval:Length of retrieved docs (100) is smaller than largest topk for recall score (200)
WARNING:src.hipporag.evaluation.retrieval_eval:Length of retrieved docs (100) is smaller than largest topk for recall score (200)
WARNING:src.hipporag.evaluation.retrieval_eval:Length of retrieved docs (100) is smaller than largest topk for recall score (200)
WARNING:src.hipporag.evaluation.retrieval_eval:Length of retrieved docs (100) is smaller than largest topk for recall score (200)
WARNING:src.hipporag.evaluation.retrieval_eval:Length of retrieved docs (100) is smaller than largest topk for recall score (200)
WARNING:src.hipporag.evaluation.retrieval_eval:Length of retrieved docs (100) is smaller than largest topk for recall score (200)
WARNING:src.hipporag.evaluation.retrieval_eval:Length of retrieved docs (100) is smaller than largest topk for recall score (200)
WARNING:src.hipporag.evaluation.retrieval_eval:Length of retrieved docs (100) is smaller than largest topk for recall score (200)
WARNING:src.hipporag.evaluation.retrieval_eval:Length of retrieved docs (100) is smaller than largest topk for recall score (200)
WARNING:src.hipporag.evaluation.retrieval_eval:Length of retrieved docs (100) is smaller than largest topk for recall score (200)
WARNING:src.hipporag.evaluation.retrieval_eval:Length of retrieved docs (100) is smaller than largest topk for recall score (200)
WARNING:src.hipporag.evaluation.retrieval_eval:Length of retrieved docs (100) is smaller than largest topk for recall score (200)
WARNING:src.hipporag.evaluation.retrieval_eval:Length of retrieved docs (100) is smaller than largest topk for recall score (200)
WARNING:src.hipporag.evaluation.retrieval_eval:Length of retrieved docs (100) is smaller than largest topk for recall score (200)
WARNING:src.hipporag.evaluation.retrieval_eval:Length of retrieved docs (100) is smaller than largest topk for recall score (200)
WARNING:src.hipporag.evaluation.retrieval_eval:Length of retrieved docs (100) is smaller than largest topk for recall score (200)
WARNING:src.hipporag.evaluation.retrieval_eval:Length of retrieved docs (100) is smaller than largest topk for recall score (200)
WARNING:src.hipporag.evaluation.retrieval_eval:Length of retrieved docs (100) is smaller than largest topk for recall score (200)
WARNING:src.hipporag.evaluation.retrieval_eval:Length of retrieved docs (100) is smaller than largest topk for recall score (200)
WARNING:src.hipporag.evaluation.retrieval_eval:Length of retrieved docs (100) is smaller than largest topk for recall score (200)
WARNING:src.hipporag.evaluation.retrieval_eval:Length of retrieved docs (100) is smaller than largest topk for recall score (200)
WARNING:src.hipporag.evaluation.retrieval_eval:Length of retrieved docs (100) is smaller than largest topk for recall score (200)
WARNING:src.hipporag.evaluation.retrieval_eval:Length of retrieved docs (100) is smaller than largest topk for recall score (200)
WARNING:src.hipporag.evaluation.retrieval_eval:Length of retrieved docs (100) is smaller than largest topk for recall score (200)
WARNING:src.hipporag.evaluation.retrieval_eval:Length of retrieved docs (100) is smaller than largest topk for recall score (200)
WARNING:src.hipporag.evaluation.retrieval_eval:Length of retrieved docs (100) is smaller than largest topk for recall score (200)
WARNING:src.hipporag.evaluation.retrieval_eval:Length of retrieved docs (100) is smaller than largest topk for recall score (200)
WARNING:src.hipporag.evaluation.retrieval_eval:Length of retrieved docs (100) is smaller than largest topk for recall score (200)
WARNING:src.hipporag.evaluation.retrieval_eval:Length of retrieved docs (100) is smaller than largest topk for recall score (200)
WARNING:src.hipporag.evaluation.retrieval_eval:Length of retrieved docs (100) is smaller than largest topk for recall score (200)
WARNING:src.hipporag.evaluation.retrieval_eval:Length of retrieved docs (100) is smaller than largest topk for recall score (200)
WARNING:src.hipporag.evaluation.retrieval_eval:Length of retrieved docs (100) is smaller than largest topk for recall score (200)
WARNING:src.hipporag.evaluation.retrieval_eval:Length of retrieved docs (100) is smaller than largest topk for recall score (200)
WARNING:src.hipporag.evaluation.retrieval_eval:Length of retrieved docs (100) is smaller than largest topk for recall score (200)
WARNING:src.hipporag.evaluation.retrieval_eval:Length of retrieved docs (100) is smaller than largest topk for recall score (200)
WARNING:src.hipporag.evaluation.retrieval_eval:Length of retrieved docs (100) is smaller than largest topk for recall score (200)
WARNING:src.hipporag.evaluation.retrieval_eval:Length of retrieved docs (100) is smaller than largest topk for recall score (200)
WARNING:src.hipporag.evaluation.retrieval_eval:Length of retrieved docs (100) is smaller than largest topk for recall score (200)
WARNING:src.hipporag.evaluation.retrieval_eval:Length of retrieved docs (100) is smaller than largest topk for recall score (200)
WARNING:src.hipporag.evaluation.retrieval_eval:Length of retrieved docs (100) is smaller than largest topk for recall score (200)
WARNING:src.hipporag.evaluation.retrieval_eval:Length of retrieved docs (100) is smaller than largest topk for recall score (200)
WARNING:src.hipporag.evaluation.retrieval_eval:Length of retrieved docs (100) is smaller than largest topk for recall score (200)
WARNING:src.hipporag.evaluation.retrieval_eval:Length of retrieved docs (100) is smaller than largest topk for recall score (200)
WARNING:src.hipporag.evaluation.retrieval_eval:Length of retrieved docs (100) is smaller than largest topk for recall score (200)
WARNING:src.hipporag.evaluation.retrieval_eval:Length of retrieved docs (100) is smaller than largest topk for recall score (200)
WARNING:src.hipporag.evaluation.retrieval_eval:Length of retrieved docs (100) is smaller than largest topk for recall score (200)
WARNING:src.hipporag.evaluation.retrieval_eval:Length of retrieved docs (100) is smaller than largest topk for recall score (200)
WARNING:src.hipporag.evaluation.retrieval_eval:Length of retrieved docs (100) is smaller than largest topk for recall score (200)
WARNING:src.hipporag.evaluation.retrieval_eval:Length of retrieved docs (100) is smaller than largest topk for recall score (200)
WARNING:src.hipporag.evaluation.retrieval_eval:Length of retrieved docs (100) is smaller than largest topk for recall score (200)
WARNING:src.hipporag.evaluation.retrieval_eval:Length of retrieved docs (100) is smaller than largest topk for recall score (200)
WARNING:src.hipporag.evaluation.retrieval_eval:Length of retrieved docs (100) is smaller than largest topk for recall score (200)
WARNING:src.hipporag.evaluation.retrieval_eval:Length of retrieved docs (100) is smaller than largest topk for recall score (200)
WARNING:src.hipporag.evaluation.retrieval_eval:Length of retrieved docs (100) is smaller than largest topk for recall score (200)
WARNING:src.hipporag.evaluation.retrieval_eval:Length of retrieved docs (100) is smaller than largest topk for recall score (200)
WARNING:src.hipporag.evaluation.retrieval_eval:Length of retrieved docs (100) is smaller than largest topk for recall score (200)
WARNING:src.hipporag.evaluation.retrieval_eval:Length of retrieved docs (100) is smaller than largest topk for recall score (200)
WARNING:src.hipporag.evaluation.retrieval_eval:Length of retrieved docs (100) is smaller than largest topk for recall score (200)
WARNING:src.hipporag.evaluation.retrieval_eval:Length of retrieved docs (100) is smaller than largest topk for recall score (200)
WARNING:src.hipporag.evaluation.retrieval_eval:Length of retrieved docs (100) is smaller than largest topk for recall score (200)
WARNING:src.hipporag.evaluation.retrieval_eval:Length of retrieved docs (100) is smaller than largest topk for recall score (200)
WARNING:src.hipporag.evaluation.retrieval_eval:Length of retrieved docs (100) is smaller than largest topk for recall score (200)
WARNING:src.hipporag.evaluation.retrieval_eval:Length of retrieved docs (100) is smaller than largest topk for recall score (200)
WARNING:src.hipporag.evaluation.retrieval_eval:Length of retrieved docs (100) is smaller than largest topk for recall score (200)
WARNING:src.hipporag.evaluation.retrieval_eval:Length of retrieved docs (100) is smaller than largest topk for recall score (200)
WARNING:src.hipporag.evaluation.retrieval_eval:Length of retrieved docs (100) is smaller than largest topk for recall score (200)
WARNING:src.hipporag.evaluation.retrieval_eval:Length of retrieved docs (100) is smaller than largest topk for recall score (200)
WARNING:src.hipporag.evaluation.retrieval_eval:Length of retrieved docs (100) is smaller than largest topk for recall score (200)
WARNING:src.hipporag.evaluation.retrieval_eval:Length of retrieved docs (100) is smaller than largest topk for recall score (200)
WARNING:src.hipporag.evaluation.retrieval_eval:Length of retrieved docs (100) is smaller than largest topk for recall score (200)
WARNING:src.hipporag.evaluation.retrieval_eval:Length of retrieved docs (100) is smaller than largest topk for recall score (200)
WARNING:src.hipporag.evaluation.retrieval_eval:Length of retrieved docs (100) is smaller than largest topk for recall score (200)
WARNING:src.hipporag.evaluation.retrieval_eval:Length of retrieved docs (100) is smaller than largest topk for recall score (200)
WARNING:src.hipporag.evaluation.retrieval_eval:Length of retrieved docs (100) is smaller than largest topk for recall score (200)
WARNING:src.hipporag.evaluation.retrieval_eval:Length of retrieved docs (100) is smaller than largest topk for recall score (200)
WARNING:src.hipporag.evaluation.retrieval_eval:Length of retrieved docs (100) is smaller than largest topk for recall score (200)
WARNING:src.hipporag.evaluation.retrieval_eval:Length of retrieved docs (100) is smaller than largest topk for recall score (200)
WARNING:src.hipporag.evaluation.retrieval_eval:Length of retrieved docs (100) is smaller than largest topk for recall score (200)
WARNING:src.hipporag.evaluation.retrieval_eval:Length of retrieved docs (100) is smaller than largest topk for recall score (200)
WARNING:src.hipporag.evaluation.retrieval_eval:Length of retrieved docs (100) is smaller than largest topk for recall score (200)
WARNING:src.hipporag.evaluation.retrieval_eval:Length of retrieved docs (100) is smaller than largest topk for recall score (200)
WARNING:src.hipporag.evaluation.retrieval_eval:Length of retrieved docs (100) is smaller than largest topk for recall score (200)
WARNING:src.hipporag.evaluation.retrieval_eval:Length of retrieved docs (100) is smaller than largest topk for recall score (200)
WARNING:src.hipporag.evaluation.retrieval_eval:Length of retrieved docs (100) is smaller than largest topk for recall score (200)
WARNING:src.hipporag.evaluation.retrieval_eval:Length of retrieved docs (100) is smaller than largest topk for recall score (200)
WARNING:src.hipporag.evaluation.retrieval_eval:Length of retrieved docs (100) is smaller than largest topk for recall score (200)
WARNING:src.hipporag.evaluation.retrieval_eval:Length of retrieved docs (100) is smaller than largest topk for recall score (200)
WARNING:src.hipporag.evaluation.retrieval_eval:Length of retrieved docs (100) is smaller than largest topk for recall score (200)
WARNING:src.hipporag.evaluation.retrieval_eval:Length of retrieved docs (100) is smaller than largest topk for recall score (200)
WARNING:src.hipporag.evaluation.retrieval_eval:Length of retrieved docs (100) is smaller than largest topk for recall score (200)
WARNING:src.hipporag.evaluation.retrieval_eval:Length of retrieved docs (100) is smaller than largest topk for recall score (200)
WARNING:src.hipporag.evaluation.retrieval_eval:Length of retrieved docs (100) is smaller than largest topk for recall score (200)
WARNING:src.hipporag.evaluation.retrieval_eval:Length of retrieved docs (100) is smaller than largest topk for recall score (200)
WARNING:src.hipporag.evaluation.retrieval_eval:Length of retrieved docs (100) is smaller than largest topk for recall score (200)
WARNING:src.hipporag.evaluation.retrieval_eval:Length of retrieved docs (100) is smaller than largest topk for recall score (200)
WARNING:src.hipporag.evaluation.retrieval_eval:Length of retrieved docs (100) is smaller than largest topk for recall score (200)
WARNING:src.hipporag.evaluation.retrieval_eval:Length of retrieved docs (100) is smaller than largest topk for recall score (200)
WARNING:src.hipporag.evaluation.retrieval_eval:Length of retrieved docs (100) is smaller than largest topk for recall score (200)
WARNING:src.hipporag.evaluation.retrieval_eval:Length of retrieved docs (100) is smaller than largest topk for recall score (200)
WARNING:src.hipporag.evaluation.retrieval_eval:Length of retrieved docs (100) is smaller than largest topk for recall score (200)
WARNING:src.hipporag.evaluation.retrieval_eval:Length of retrieved docs (100) is smaller than largest topk for recall score (200)
WARNING:src.hipporag.evaluation.retrieval_eval:Length of retrieved docs (100) is smaller than largest topk for recall score (200)
WARNING:src.hipporag.evaluation.retrieval_eval:Length of retrieved docs (100) is smaller than largest topk for recall score (200)
WARNING:src.hipporag.evaluation.retrieval_eval:Length of retrieved docs (100) is smaller than largest topk for recall score (200)
WARNING:src.hipporag.evaluation.retrieval_eval:Length of retrieved docs (100) is smaller than largest topk for recall score (200)
WARNING:src.hipporag.evaluation.retrieval_eval:Length of retrieved docs (100) is smaller than largest topk for recall score (200)
WARNING:src.hipporag.evaluation.retrieval_eval:Length of retrieved docs (100) is smaller than largest topk for recall score (200)
WARNING:src.hipporag.evaluation.retrieval_eval:Length of retrieved docs (100) is smaller than largest topk for recall score (200)
WARNING:src.hipporag.evaluation.retrieval_eval:Length of retrieved docs (100) is smaller than largest topk for recall score (200)
WARNING:src.hipporag.evaluation.retrieval_eval:Length of retrieved docs (100) is smaller than largest topk for recall score (200)
WARNING:src.hipporag.evaluation.retrieval_eval:Length of retrieved docs (100) is smaller than largest topk for recall score (200)
WARNING:src.hipporag.evaluation.retrieval_eval:Length of retrieved docs (100) is smaller than largest topk for recall score (200)
WARNING:src.hipporag.evaluation.retrieval_eval:Length of retrieved docs (100) is smaller than largest topk for recall score (200)
WARNING:src.hipporag.evaluation.retrieval_eval:Length of retrieved docs (100) is smaller than largest topk for recall score (200)
WARNING:src.hipporag.evaluation.retrieval_eval:Length of retrieved docs (100) is smaller than largest topk for recall score (200)
WARNING:src.hipporag.evaluation.retrieval_eval:Length of retrieved docs (100) is smaller than largest topk for recall score (200)
WARNING:src.hipporag.evaluation.retrieval_eval:Length of retrieved docs (100) is smaller than largest topk for recall score (200)
WARNING:src.hipporag.evaluation.retrieval_eval:Length of retrieved docs (100) is smaller than largest topk for recall score (200)
WARNING:src.hipporag.evaluation.retrieval_eval:Length of retrieved docs (100) is smaller than largest topk for recall score (200)
WARNING:src.hipporag.evaluation.retrieval_eval:Length of retrieved docs (100) is smaller than largest topk for recall score (200)
WARNING:src.hipporag.evaluation.retrieval_eval:Length of retrieved docs (100) is smaller than largest topk for recall score (200)
WARNING:src.hipporag.evaluation.retrieval_eval:Length of retrieved docs (100) is smaller than largest topk for recall score (200)
WARNING:src.hipporag.evaluation.retrieval_eval:Length of retrieved docs (100) is smaller than largest topk for recall score (200)
WARNING:src.hipporag.evaluation.retrieval_eval:Length of retrieved docs (100) is smaller than largest topk for recall score (200)
WARNING:src.hipporag.evaluation.retrieval_eval:Length of retrieved docs (100) is smaller than largest topk for recall score (200)
WARNING:src.hipporag.evaluation.retrieval_eval:Length of retrieved docs (100) is smaller than largest topk for recall score (200)
WARNING:src.hipporag.evaluation.retrieval_eval:Length of retrieved docs (100) is smaller than largest topk for recall score (200)
WARNING:src.hipporag.evaluation.retrieval_eval:Length of retrieved docs (100) is smaller than largest topk for recall score (200)
WARNING:src.hipporag.evaluation.retrieval_eval:Length of retrieved docs (100) is smaller than largest topk for recall score (200)
WARNING:src.hipporag.evaluation.retrieval_eval:Length of retrieved docs (100) is smaller than largest topk for recall score (200)
WARNING:src.hipporag.evaluation.retrieval_eval:Length of retrieved docs (100) is smaller than largest topk for recall score (200)
WARNING:src.hipporag.evaluation.retrieval_eval:Length of retrieved docs (100) is smaller than largest topk for recall score (200)
WARNING:src.hipporag.evaluation.retrieval_eval:Length of retrieved docs (100) is smaller than largest topk for recall score (200)
WARNING:src.hipporag.evaluation.retrieval_eval:Length of retrieved docs (100) is smaller than largest topk for recall score (200)
WARNING:src.hipporag.evaluation.retrieval_eval:Length of retrieved docs (100) is smaller than largest topk for recall score (200)
WARNING:src.hipporag.evaluation.retrieval_eval:Length of retrieved docs (100) is smaller than largest topk for recall score (200)
WARNING:src.hipporag.evaluation.retrieval_eval:Length of retrieved docs (100) is smaller than largest topk for recall score (200)
WARNING:src.hipporag.evaluation.retrieval_eval:Length of retrieved docs (100) is smaller than largest topk for recall score (200)
WARNING:src.hipporag.evaluation.retrieval_eval:Length of retrieved docs (100) is smaller than largest topk for recall score (200)
WARNING:src.hipporag.evaluation.retrieval_eval:Length of retrieved docs (100) is smaller than largest topk for recall score (200)
WARNING:src.hipporag.evaluation.retrieval_eval:Length of retrieved docs (100) is smaller than largest topk for recall score (200)
WARNING:src.hipporag.evaluation.retrieval_eval:Length of retrieved docs (100) is smaller than largest topk for recall score (200)
WARNING:src.hipporag.evaluation.retrieval_eval:Length of retrieved docs (100) is smaller than largest topk for recall score (200)
WARNING:src.hipporag.evaluation.retrieval_eval:Length of retrieved docs (100) is smaller than largest topk for recall score (200)
WARNING:src.hipporag.evaluation.retrieval_eval:Length of retrieved docs (100) is smaller than largest topk for recall score (200)
WARNING:src.hipporag.evaluation.retrieval_eval:Length of retrieved docs (100) is smaller than largest topk for recall score (200)
WARNING:src.hipporag.evaluation.retrieval_eval:Length of retrieved docs (100) is smaller than largest topk for recall score (200)
WARNING:src.hipporag.evaluation.retrieval_eval:Length of retrieved docs (100) is smaller than largest topk for recall score (200)
WARNING:src.hipporag.evaluation.retrieval_eval:Length of retrieved docs (100) is smaller than largest topk for recall score (200)
WARNING:src.hipporag.evaluation.retrieval_eval:Length of retrieved docs (100) is smaller than largest topk for recall score (200)
WARNING:src.hipporag.evaluation.retrieval_eval:Length of retrieved docs (100) is smaller than largest topk for recall score (200)
WARNING:src.hipporag.evaluation.retrieval_eval:Length of retrieved docs (100) is smaller than largest topk for recall score (200)
WARNING:src.hipporag.evaluation.retrieval_eval:Length of retrieved docs (100) is smaller than largest topk for recall score (200)
WARNING:src.hipporag.evaluation.retrieval_eval:Length of retrieved docs (100) is smaller than largest topk for recall score (200)
WARNING:src.hipporag.evaluation.retrieval_eval:Length of retrieved docs (100) is smaller than largest topk for recall score (200)
WARNING:src.hipporag.evaluation.retrieval_eval:Length of retrieved docs (100) is smaller than largest topk for recall score (200)
WARNING:src.hipporag.evaluation.retrieval_eval:Length of retrieved docs (100) is smaller than largest topk for recall score (200)
WARNING:src.hipporag.evaluation.retrieval_eval:Length of retrieved docs (100) is smaller than largest topk for recall score (200)
WARNING:src.hipporag.evaluation.retrieval_eval:Length of retrieved docs (100) is smaller than largest topk for recall score (200)
WARNING:src.hipporag.evaluation.retrieval_eval:Length of retrieved docs (100) is smaller than largest topk for recall score (200)
WARNING:src.hipporag.evaluation.retrieval_eval:Length of retrieved docs (100) is smaller than largest topk for recall score (200)
WARNING:src.hipporag.evaluation.retrieval_eval:Length of retrieved docs (100) is smaller than largest topk for recall score (200)
WARNING:src.hipporag.evaluation.retrieval_eval:Length of retrieved docs (100) is smaller than largest topk for recall score (200)
WARNING:src.hipporag.evaluation.retrieval_eval:Length of retrieved docs (100) is smaller than largest topk for recall score (200)
WARNING:src.hipporag.evaluation.retrieval_eval:Length of retrieved docs (100) is smaller than largest topk for recall score (200)
WARNING:src.hipporag.evaluation.retrieval_eval:Length of retrieved docs (100) is smaller than largest topk for recall score (200)
WARNING:src.hipporag.evaluation.retrieval_eval:Length of retrieved docs (100) is smaller than largest topk for recall score (200)
WARNING:src.hipporag.evaluation.retrieval_eval:Length of retrieved docs (100) is smaller than largest topk for recall score (200)
WARNING:src.hipporag.evaluation.retrieval_eval:Length of retrieved docs (100) is smaller than largest topk for recall score (200)
WARNING:src.hipporag.evaluation.retrieval_eval:Length of retrieved docs (100) is smaller than largest topk for recall score (200)
WARNING:src.hipporag.evaluation.retrieval_eval:Length of retrieved docs (100) is smaller than largest topk for recall score (200)
WARNING:src.hipporag.evaluation.retrieval_eval:Length of retrieved docs (100) is smaller than largest topk for recall score (200)
WARNING:src.hipporag.evaluation.retrieval_eval:Length of retrieved docs (100) is smaller than largest topk for recall score (200)
WARNING:src.hipporag.evaluation.retrieval_eval:Length of retrieved docs (100) is smaller than largest topk for recall score (200)
WARNING:src.hipporag.evaluation.retrieval_eval:Length of retrieved docs (100) is smaller than largest topk for recall score (200)
WARNING:src.hipporag.evaluation.retrieval_eval:Length of retrieved docs (100) is smaller than largest topk for recall score (200)
WARNING:src.hipporag.evaluation.retrieval_eval:Length of retrieved docs (100) is smaller than largest topk for recall score (200)
WARNING:src.hipporag.evaluation.retrieval_eval:Length of retrieved docs (100) is smaller than largest topk for recall score (200)
WARNING:src.hipporag.evaluation.retrieval_eval:Length of retrieved docs (100) is smaller than largest topk for recall score (200)
WARNING:src.hipporag.evaluation.retrieval_eval:Length of retrieved docs (100) is smaller than largest topk for recall score (200)
WARNING:src.hipporag.evaluation.retrieval_eval:Length of retrieved docs (100) is smaller than largest topk for recall score (200)
WARNING:src.hipporag.evaluation.retrieval_eval:Length of retrieved docs (100) is smaller than largest topk for recall score (200)
WARNING:src.hipporag.evaluation.retrieval_eval:Length of retrieved docs (100) is smaller than largest topk for recall score (200)
WARNING:src.hipporag.evaluation.retrieval_eval:Length of retrieved docs (100) is smaller than largest topk for recall score (200)
WARNING:src.hipporag.evaluation.retrieval_eval:Length of retrieved docs (100) is smaller than largest topk for recall score (200)
WARNING:src.hipporag.evaluation.retrieval_eval:Length of retrieved docs (100) is smaller than largest topk for recall score (200)
WARNING:src.hipporag.evaluation.retrieval_eval:Length of retrieved docs (100) is smaller than largest topk for recall score (200)
WARNING:src.hipporag.evaluation.retrieval_eval:Length of retrieved docs (100) is smaller than largest topk for recall score (200)
WARNING:src.hipporag.evaluation.retrieval_eval:Length of retrieved docs (100) is smaller than largest topk for recall score (200)
WARNING:src.hipporag.evaluation.retrieval_eval:Length of retrieved docs (100) is smaller than largest topk for recall score (200)
WARNING:src.hipporag.evaluation.retrieval_eval:Length of retrieved docs (100) is smaller than largest topk for recall score (200)
WARNING:src.hipporag.evaluation.retrieval_eval:Length of retrieved docs (100) is smaller than largest topk for recall score (200)
WARNING:src.hipporag.evaluation.retrieval_eval:Length of retrieved docs (100) is smaller than largest topk for recall score (200)
WARNING:src.hipporag.evaluation.retrieval_eval:Length of retrieved docs (100) is smaller than largest topk for recall score (200)
WARNING:src.hipporag.evaluation.retrieval_eval:Length of retrieved docs (100) is smaller than largest topk for recall score (200)
WARNING:src.hipporag.evaluation.retrieval_eval:Length of retrieved docs (100) is smaller than largest topk for recall score (200)
WARNING:src.hipporag.evaluation.retrieval_eval:Length of retrieved docs (100) is smaller than largest topk for recall score (200)
WARNING:src.hipporag.evaluation.retrieval_eval:Length of retrieved docs (100) is smaller than largest topk for recall score (200)
WARNING:src.hipporag.evaluation.retrieval_eval:Length of retrieved docs (100) is smaller than largest topk for recall score (200)
WARNING:src.hipporag.evaluation.retrieval_eval:Length of retrieved docs (100) is smaller than largest topk for recall score (200)
WARNING:src.hipporag.evaluation.retrieval_eval:Length of retrieved docs (100) is smaller than largest topk for recall score (200)
WARNING:src.hipporag.evaluation.retrieval_eval:Length of retrieved docs (100) is smaller than largest topk for recall score (200)
WARNING:src.hipporag.evaluation.retrieval_eval:Length of retrieved docs (100) is smaller than largest topk for recall score (200)
WARNING:src.hipporag.evaluation.retrieval_eval:Length of retrieved docs (100) is smaller than largest topk for recall score (200)
WARNING:src.hipporag.evaluation.retrieval_eval:Length of retrieved docs (100) is smaller than largest topk for recall score (200)
WARNING:src.hipporag.evaluation.retrieval_eval:Length of retrieved docs (100) is smaller than largest topk for recall score (200)
WARNING:src.hipporag.evaluation.retrieval_eval:Length of retrieved docs (100) is smaller than largest topk for recall score (200)
WARNING:src.hipporag.evaluation.retrieval_eval:Length of retrieved docs (100) is smaller than largest topk for recall score (200)
WARNING:src.hipporag.evaluation.retrieval_eval:Length of retrieved docs (100) is smaller than largest topk for recall score (200)
WARNING:src.hipporag.evaluation.retrieval_eval:Length of retrieved docs (100) is smaller than largest topk for recall score (200)
WARNING:src.hipporag.evaluation.retrieval_eval:Length of retrieved docs (100) is smaller than largest topk for recall score (200)
WARNING:src.hipporag.evaluation.retrieval_eval:Length of retrieved docs (100) is smaller than largest topk for recall score (200)
WARNING:src.hipporag.evaluation.retrieval_eval:Length of retrieved docs (100) is smaller than largest topk for recall score (200)
WARNING:src.hipporag.evaluation.retrieval_eval:Length of retrieved docs (100) is smaller than largest topk for recall score (200)
WARNING:src.hipporag.evaluation.retrieval_eval:Length of retrieved docs (100) is smaller than largest topk for recall score (200)
WARNING:src.hipporag.evaluation.retrieval_eval:Length of retrieved docs (100) is smaller than largest topk for recall score (200)
WARNING:src.hipporag.evaluation.retrieval_eval:Length of retrieved docs (100) is smaller than largest topk for recall score (200)
WARNING:src.hipporag.evaluation.retrieval_eval:Length of retrieved docs (100) is smaller than largest topk for recall score (200)
WARNING:src.hipporag.evaluation.retrieval_eval:Length of retrieved docs (100) is smaller than largest topk for recall score (200)
WARNING:src.hipporag.evaluation.retrieval_eval:Length of retrieved docs (100) is smaller than largest topk for recall score (200)
WARNING:src.hipporag.evaluation.retrieval_eval:Length of retrieved docs (100) is smaller than largest topk for recall score (200)
WARNING:src.hipporag.evaluation.retrieval_eval:Length of retrieved docs (100) is smaller than largest topk for recall score (200)
WARNING:src.hipporag.evaluation.retrieval_eval:Length of retrieved docs (100) is smaller than largest topk for recall score (200)
WARNING:src.hipporag.evaluation.retrieval_eval:Length of retrieved docs (100) is smaller than largest topk for recall score (200)
WARNING:src.hipporag.evaluation.retrieval_eval:Length of retrieved docs (100) is smaller than largest topk for recall score (200)
WARNING:src.hipporag.evaluation.retrieval_eval:Length of retrieved docs (100) is smaller than largest topk for recall score (200)
WARNING:src.hipporag.evaluation.retrieval_eval:Length of retrieved docs (100) is smaller than largest topk for recall score (200)
WARNING:src.hipporag.evaluation.retrieval_eval:Length of retrieved docs (100) is smaller than largest topk for recall score (200)
WARNING:src.hipporag.evaluation.retrieval_eval:Length of retrieved docs (100) is smaller than largest topk for recall score (200)
WARNING:src.hipporag.evaluation.retrieval_eval:Length of retrieved docs (100) is smaller than largest topk for recall score (200)
WARNING:src.hipporag.evaluation.retrieval_eval:Length of retrieved docs (100) is smaller than largest topk for recall score (200)
WARNING:src.hipporag.evaluation.retrieval_eval:Length of retrieved docs (100) is smaller than largest topk for recall score (200)
WARNING:src.hipporag.evaluation.retrieval_eval:Length of retrieved docs (100) is smaller than largest topk for recall score (200)
WARNING:src.hipporag.evaluation.retrieval_eval:Length of retrieved docs (100) is smaller than largest topk for recall score (200)
WARNING:src.hipporag.evaluation.retrieval_eval:Length of retrieved docs (100) is smaller than largest topk for recall score (200)
WARNING:src.hipporag.evaluation.retrieval_eval:Length of retrieved docs (100) is smaller than largest topk for recall score (200)
WARNING:src.hipporag.evaluation.retrieval_eval:Length of retrieved docs (100) is smaller than largest topk for recall score (200)
WARNING:src.hipporag.evaluation.retrieval_eval:Length of retrieved docs (100) is smaller than largest topk for recall score (200)
WARNING:src.hipporag.evaluation.retrieval_eval:Length of retrieved docs (100) is smaller than largest topk for recall score (200)
WARNING:src.hipporag.evaluation.retrieval_eval:Length of retrieved docs (100) is smaller than largest topk for recall score (200)
WARNING:src.hipporag.evaluation.retrieval_eval:Length of retrieved docs (100) is smaller than largest topk for recall score (200)
WARNING:src.hipporag.evaluation.retrieval_eval:Length of retrieved docs (100) is smaller than largest topk for recall score (200)
WARNING:src.hipporag.evaluation.retrieval_eval:Length of retrieved docs (100) is smaller than largest topk for recall score (200)
WARNING:src.hipporag.evaluation.retrieval_eval:Length of retrieved docs (100) is smaller than largest topk for recall score (200)
WARNING:src.hipporag.evaluation.retrieval_eval:Length of retrieved docs (100) is smaller than largest topk for recall score (200)
WARNING:src.hipporag.evaluation.retrieval_eval:Length of retrieved docs (100) is smaller than largest topk for recall score (200)
WARNING:src.hipporag.evaluation.retrieval_eval:Length of retrieved docs (100) is smaller than largest topk for recall score (200)
WARNING:src.hipporag.evaluation.retrieval_eval:Length of retrieved docs (100) is smaller than largest topk for recall score (200)
WARNING:src.hipporag.evaluation.retrieval_eval:Length of retrieved docs (100) is smaller than largest topk for recall score (200)
WARNING:src.hipporag.evaluation.retrieval_eval:Length of retrieved docs (100) is smaller than largest topk for recall score (200)
WARNING:src.hipporag.evaluation.retrieval_eval:Length of retrieved docs (100) is smaller than largest topk for recall score (200)
WARNING:src.hipporag.evaluation.retrieval_eval:Length of retrieved docs (100) is smaller than largest topk for recall score (200)
WARNING:src.hipporag.evaluation.retrieval_eval:Length of retrieved docs (100) is smaller than largest topk for recall score (200)
WARNING:src.hipporag.evaluation.retrieval_eval:Length of retrieved docs (100) is smaller than largest topk for recall score (200)
WARNING:src.hipporag.evaluation.retrieval_eval:Length of retrieved docs (100) is smaller than largest topk for recall score (200)
WARNING:src.hipporag.evaluation.retrieval_eval:Length of retrieved docs (100) is smaller than largest topk for recall score (200)
WARNING:src.hipporag.evaluation.retrieval_eval:Length of retrieved docs (100) is smaller than largest topk for recall score (200)
WARNING:src.hipporag.evaluation.retrieval_eval:Length of retrieved docs (100) is smaller than largest topk for recall score (200)
WARNING:src.hipporag.evaluation.retrieval_eval:Length of retrieved docs (100) is smaller than largest topk for recall score (200)
WARNING:src.hipporag.evaluation.retrieval_eval:Length of retrieved docs (100) is smaller than largest topk for recall score (200)
WARNING:src.hipporag.evaluation.retrieval_eval:Length of retrieved docs (100) is smaller than largest topk for recall score (200)
WARNING:src.hipporag.evaluation.retrieval_eval:Length of retrieved docs (100) is smaller than largest topk for recall score (200)
WARNING:src.hipporag.evaluation.retrieval_eval:Length of retrieved docs (100) is smaller than largest topk for recall score (200)
WARNING:src.hipporag.evaluation.retrieval_eval:Length of retrieved docs (100) is smaller than largest topk for recall score (200)
WARNING:src.hipporag.evaluation.retrieval_eval:Length of retrieved docs (100) is smaller than largest topk for recall score (200)
WARNING:src.hipporag.evaluation.retrieval_eval:Length of retrieved docs (100) is smaller than largest topk for recall score (200)
WARNING:src.hipporag.evaluation.retrieval_eval:Length of retrieved docs (100) is smaller than largest topk for recall score (200)
WARNING:src.hipporag.evaluation.retrieval_eval:Length of retrieved docs (100) is smaller than largest topk for recall score (200)
WARNING:src.hipporag.evaluation.retrieval_eval:Length of retrieved docs (100) is smaller than largest topk for recall score (200)
WARNING:src.hipporag.evaluation.retrieval_eval:Length of retrieved docs (100) is smaller than largest topk for recall score (200)
WARNING:src.hipporag.evaluation.retrieval_eval:Length of retrieved docs (100) is smaller than largest topk for recall score (200)
WARNING:src.hipporag.evaluation.retrieval_eval:Length of retrieved docs (100) is smaller than largest topk for recall score (200)
WARNING:src.hipporag.evaluation.retrieval_eval:Length of retrieved docs (100) is smaller than largest topk for recall score (200)
WARNING:src.hipporag.evaluation.retrieval_eval:Length of retrieved docs (100) is smaller than largest topk for recall score (200)
WARNING:src.hipporag.evaluation.retrieval_eval:Length of retrieved docs (100) is smaller than largest topk for recall score (200)
WARNING:src.hipporag.evaluation.retrieval_eval:Length of retrieved docs (100) is smaller than largest topk for recall score (200)
WARNING:src.hipporag.evaluation.retrieval_eval:Length of retrieved docs (100) is smaller than largest topk for recall score (200)
WARNING:src.hipporag.evaluation.retrieval_eval:Length of retrieved docs (100) is smaller than largest topk for recall score (200)
WARNING:src.hipporag.evaluation.retrieval_eval:Length of retrieved docs (100) is smaller than largest topk for recall score (200)
WARNING:src.hipporag.evaluation.retrieval_eval:Length of retrieved docs (100) is smaller than largest topk for recall score (200)
WARNING:src.hipporag.evaluation.retrieval_eval:Length of retrieved docs (100) is smaller than largest topk for recall score (200)
WARNING:src.hipporag.evaluation.retrieval_eval:Length of retrieved docs (100) is smaller than largest topk for recall score (200)
WARNING:src.hipporag.evaluation.retrieval_eval:Length of retrieved docs (100) is smaller than largest topk for recall score (200)
WARNING:src.hipporag.evaluation.retrieval_eval:Length of retrieved docs (100) is smaller than largest topk for recall score (200)
WARNING:src.hipporag.evaluation.retrieval_eval:Length of retrieved docs (100) is smaller than largest topk for recall score (200)
WARNING:src.hipporag.evaluation.retrieval_eval:Length of retrieved docs (100) is smaller than largest topk for recall score (200)
WARNING:src.hipporag.evaluation.retrieval_eval:Length of retrieved docs (100) is smaller than largest topk for recall score (200)
WARNING:src.hipporag.evaluation.retrieval_eval:Length of retrieved docs (100) is smaller than largest topk for recall score (200)
WARNING:src.hipporag.evaluation.retrieval_eval:Length of retrieved docs (100) is smaller than largest topk for recall score (200)
WARNING:src.hipporag.evaluation.retrieval_eval:Length of retrieved docs (100) is smaller than largest topk for recall score (200)
WARNING:src.hipporag.evaluation.retrieval_eval:Length of retrieved docs (100) is smaller than largest topk for recall score (200)
WARNING:src.hipporag.evaluation.retrieval_eval:Length of retrieved docs (100) is smaller than largest topk for recall score (200)
WARNING:src.hipporag.evaluation.retrieval_eval:Length of retrieved docs (100) is smaller than largest topk for recall score (200)
WARNING:src.hipporag.evaluation.retrieval_eval:Length of retrieved docs (100) is smaller than largest topk for recall score (200)
WARNING:src.hipporag.evaluation.retrieval_eval:Length of retrieved docs (100) is smaller than largest topk for recall score (200)
WARNING:src.hipporag.evaluation.retrieval_eval:Length of retrieved docs (100) is smaller than largest topk for recall score (200)
WARNING:src.hipporag.evaluation.retrieval_eval:Length of retrieved docs (100) is smaller than largest topk for recall score (200)
WARNING:src.hipporag.evaluation.retrieval_eval:Length of retrieved docs (100) is smaller than largest topk for recall score (200)
WARNING:src.hipporag.evaluation.retrieval_eval:Length of retrieved docs (100) is smaller than largest topk for recall score (200)
WARNING:src.hipporag.evaluation.retrieval_eval:Length of retrieved docs (100) is smaller than largest topk for recall score (200)
WARNING:src.hipporag.evaluation.retrieval_eval:Length of retrieved docs (100) is smaller than largest topk for recall score (200)
WARNING:src.hipporag.evaluation.retrieval_eval:Length of retrieved docs (100) is smaller than largest topk for recall score (200)
WARNING:src.hipporag.evaluation.retrieval_eval:Length of retrieved docs (100) is smaller than largest topk for recall score (200)
WARNING:src.hipporag.evaluation.retrieval_eval:Length of retrieved docs (100) is smaller than largest topk for recall score (200)
WARNING:src.hipporag.evaluation.retrieval_eval:Length of retrieved docs (100) is smaller than largest topk for recall score (200)
WARNING:src.hipporag.evaluation.retrieval_eval:Length of retrieved docs (100) is smaller than largest topk for recall score (200)
WARNING:src.hipporag.evaluation.retrieval_eval:Length of retrieved docs (100) is smaller than largest topk for recall score (200)
WARNING:src.hipporag.evaluation.retrieval_eval:Length of retrieved docs (100) is smaller than largest topk for recall score (200)
WARNING:src.hipporag.evaluation.retrieval_eval:Length of retrieved docs (100) is smaller than largest topk for recall score (200)
WARNING:src.hipporag.evaluation.retrieval_eval:Length of retrieved docs (100) is smaller than largest topk for recall score (200)
WARNING:src.hipporag.evaluation.retrieval_eval:Length of retrieved docs (100) is smaller than largest topk for recall score (200)
WARNING:src.hipporag.evaluation.retrieval_eval:Length of retrieved docs (100) is smaller than largest topk for recall score (200)
WARNING:src.hipporag.evaluation.retrieval_eval:Length of retrieved docs (100) is smaller than largest topk for recall score (200)
WARNING:src.hipporag.evaluation.retrieval_eval:Length of retrieved docs (100) is smaller than largest topk for recall score (200)
WARNING:src.hipporag.evaluation.retrieval_eval:Length of retrieved docs (100) is smaller than largest topk for recall score (200)
WARNING:src.hipporag.evaluation.retrieval_eval:Length of retrieved docs (100) is smaller than largest topk for recall score (200)
WARNING:src.hipporag.evaluation.retrieval_eval:Length of retrieved docs (100) is smaller than largest topk for recall score (200)
WARNING:src.hipporag.evaluation.retrieval_eval:Length of retrieved docs (100) is smaller than largest topk for recall score (200)
WARNING:src.hipporag.evaluation.retrieval_eval:Length of retrieved docs (100) is smaller than largest topk for recall score (200)
WARNING:src.hipporag.evaluation.retrieval_eval:Length of retrieved docs (100) is smaller than largest topk for recall score (200)
WARNING:src.hipporag.evaluation.retrieval_eval:Length of retrieved docs (100) is smaller than largest topk for recall score (200)
WARNING:src.hipporag.evaluation.retrieval_eval:Length of retrieved docs (100) is smaller than largest topk for recall score (200)
WARNING:src.hipporag.evaluation.retrieval_eval:Length of retrieved docs (100) is smaller than largest topk for recall score (200)
WARNING:src.hipporag.evaluation.retrieval_eval:Length of retrieved docs (100) is smaller than largest topk for recall score (200)
WARNING:src.hipporag.evaluation.retrieval_eval:Length of retrieved docs (100) is smaller than largest topk for recall score (200)
WARNING:src.hipporag.evaluation.retrieval_eval:Length of retrieved docs (100) is smaller than largest topk for recall score (200)
WARNING:src.hipporag.evaluation.retrieval_eval:Length of retrieved docs (100) is smaller than largest topk for recall score (200)
WARNING:src.hipporag.evaluation.retrieval_eval:Length of retrieved docs (100) is smaller than largest topk for recall score (200)
WARNING:src.hipporag.evaluation.retrieval_eval:Length of retrieved docs (100) is smaller than largest topk for recall score (200)
WARNING:src.hipporag.evaluation.retrieval_eval:Length of retrieved docs (100) is smaller than largest topk for recall score (200)
WARNING:src.hipporag.evaluation.retrieval_eval:Length of retrieved docs (100) is smaller than largest topk for recall score (200)
WARNING:src.hipporag.evaluation.retrieval_eval:Length of retrieved docs (100) is smaller than largest topk for recall score (200)
WARNING:src.hipporag.evaluation.retrieval_eval:Length of retrieved docs (100) is smaller than largest topk for recall score (200)
WARNING:src.hipporag.evaluation.retrieval_eval:Length of retrieved docs (100) is smaller than largest topk for recall score (200)
WARNING:src.hipporag.evaluation.retrieval_eval:Length of retrieved docs (100) is smaller than largest topk for recall score (200)
WARNING:src.hipporag.evaluation.retrieval_eval:Length of retrieved docs (100) is smaller than largest topk for recall score (200)
WARNING:src.hipporag.evaluation.retrieval_eval:Length of retrieved docs (100) is smaller than largest topk for recall score (200)
WARNING:src.hipporag.evaluation.retrieval_eval:Length of retrieved docs (100) is smaller than largest topk for recall score (200)
WARNING:src.hipporag.evaluation.retrieval_eval:Length of retrieved docs (100) is smaller than largest topk for recall score (200)
WARNING:src.hipporag.evaluation.retrieval_eval:Length of retrieved docs (100) is smaller than largest topk for recall score (200)
WARNING:src.hipporag.evaluation.retrieval_eval:Length of retrieved docs (100) is smaller than largest topk for recall score (200)
WARNING:src.hipporag.evaluation.retrieval_eval:Length of retrieved docs (100) is smaller than largest topk for recall score (200)
WARNING:src.hipporag.evaluation.retrieval_eval:Length of retrieved docs (100) is smaller than largest topk for recall score (200)
WARNING:src.hipporag.evaluation.retrieval_eval:Length of retrieved docs (100) is smaller than largest topk for recall score (200)
WARNING:src.hipporag.evaluation.retrieval_eval:Length of retrieved docs (100) is smaller than largest topk for recall score (200)
WARNING:src.hipporag.evaluation.retrieval_eval:Length of retrieved docs (100) is smaller than largest topk for recall score (200)
WARNING:src.hipporag.evaluation.retrieval_eval:Length of retrieved docs (100) is smaller than largest topk for recall score (200)
WARNING:src.hipporag.evaluation.retrieval_eval:Length of retrieved docs (100) is smaller than largest topk for recall score (200)
WARNING:src.hipporag.evaluation.retrieval_eval:Length of retrieved docs (100) is smaller than largest topk for recall score (200)
WARNING:src.hipporag.evaluation.retrieval_eval:Length of retrieved docs (100) is smaller than largest topk for recall score (200)
WARNING:src.hipporag.evaluation.retrieval_eval:Length of retrieved docs (100) is smaller than largest topk for recall score (200)
WARNING:src.hipporag.evaluation.retrieval_eval:Length of retrieved docs (100) is smaller than largest topk for recall score (200)
WARNING:src.hipporag.evaluation.retrieval_eval:Length of retrieved docs (100) is smaller than largest topk for recall score (200)
WARNING:src.hipporag.evaluation.retrieval_eval:Length of retrieved docs (100) is smaller than largest topk for recall score (200)
WARNING:src.hipporag.evaluation.retrieval_eval:Length of retrieved docs (100) is smaller than largest topk for recall score (200)
WARNING:src.hipporag.evaluation.retrieval_eval:Length of retrieved docs (100) is smaller than largest topk for recall score (200)
WARNING:src.hipporag.evaluation.retrieval_eval:Length of retrieved docs (100) is smaller than largest topk for recall score (200)
WARNING:src.hipporag.evaluation.retrieval_eval:Length of retrieved docs (100) is smaller than largest topk for recall score (200)
WARNING:src.hipporag.evaluation.retrieval_eval:Length of retrieved docs (100) is smaller than largest topk for recall score (200)
WARNING:src.hipporag.evaluation.retrieval_eval:Length of retrieved docs (100) is smaller than largest topk for recall score (200)
WARNING:src.hipporag.evaluation.retrieval_eval:Length of retrieved docs (100) is smaller than largest topk for recall score (200)
WARNING:src.hipporag.evaluation.retrieval_eval:Length of retrieved docs (100) is smaller than largest topk for recall score (200)
WARNING:src.hipporag.evaluation.retrieval_eval:Length of retrieved docs (100) is smaller than largest topk for recall score (200)
WARNING:src.hipporag.evaluation.retrieval_eval:Length of retrieved docs (100) is smaller than largest topk for recall score (200)
WARNING:src.hipporag.evaluation.retrieval_eval:Length of retrieved docs (100) is smaller than largest topk for recall score (200)
WARNING:src.hipporag.evaluation.retrieval_eval:Length of retrieved docs (100) is smaller than largest topk for recall score (200)
WARNING:src.hipporag.evaluation.retrieval_eval:Length of retrieved docs (100) is smaller than largest topk for recall score (200)
WARNING:src.hipporag.evaluation.retrieval_eval:Length of retrieved docs (100) is smaller than largest topk for recall score (200)
WARNING:src.hipporag.evaluation.retrieval_eval:Length of retrieved docs (100) is smaller than largest topk for recall score (200)
WARNING:src.hipporag.evaluation.retrieval_eval:Length of retrieved docs (100) is smaller than largest topk for recall score (200)
WARNING:src.hipporag.evaluation.retrieval_eval:Length of retrieved docs (100) is smaller than largest topk for recall score (200)
WARNING:src.hipporag.evaluation.retrieval_eval:Length of retrieved docs (100) is smaller than largest topk for recall score (200)
WARNING:src.hipporag.evaluation.retrieval_eval:Length of retrieved docs (100) is smaller than largest topk for recall score (200)
WARNING:src.hipporag.evaluation.retrieval_eval:Length of retrieved docs (100) is smaller than largest topk for recall score (200)
WARNING:src.hipporag.evaluation.retrieval_eval:Length of retrieved docs (100) is smaller than largest topk for recall score (200)
WARNING:src.hipporag.evaluation.retrieval_eval:Length of retrieved docs (100) is smaller than largest topk for recall score (200)
WARNING:src.hipporag.evaluation.retrieval_eval:Length of retrieved docs (100) is smaller than largest topk for recall score (200)
WARNING:src.hipporag.evaluation.retrieval_eval:Length of retrieved docs (100) is smaller than largest topk for recall score (200)
WARNING:src.hipporag.evaluation.retrieval_eval:Length of retrieved docs (100) is smaller than largest topk for recall score (200)
WARNING:src.hipporag.evaluation.retrieval_eval:Length of retrieved docs (100) is smaller than largest topk for recall score (200)
WARNING:src.hipporag.evaluation.retrieval_eval:Length of retrieved docs (100) is smaller than largest topk for recall score (200)
WARNING:src.hipporag.evaluation.retrieval_eval:Length of retrieved docs (100) is smaller than largest topk for recall score (200)
WARNING:src.hipporag.evaluation.retrieval_eval:Length of retrieved docs (100) is smaller than largest topk for recall score (200)
WARNING:src.hipporag.evaluation.retrieval_eval:Length of retrieved docs (100) is smaller than largest topk for recall score (200)
WARNING:src.hipporag.evaluation.retrieval_eval:Length of retrieved docs (100) is smaller than largest topk for recall score (200)
WARNING:src.hipporag.evaluation.retrieval_eval:Length of retrieved docs (100) is smaller than largest topk for recall score (200)
WARNING:src.hipporag.evaluation.retrieval_eval:Length of retrieved docs (100) is smaller than largest topk for recall score (200)
WARNING:src.hipporag.evaluation.retrieval_eval:Length of retrieved docs (100) is smaller than largest topk for recall score (200)
WARNING:src.hipporag.evaluation.retrieval_eval:Length of retrieved docs (100) is smaller than largest topk for recall score (200)
WARNING:src.hipporag.evaluation.retrieval_eval:Length of retrieved docs (100) is smaller than largest topk for recall score (200)
WARNING:src.hipporag.evaluation.retrieval_eval:Length of retrieved docs (100) is smaller than largest topk for recall score (200)
WARNING:src.hipporag.evaluation.retrieval_eval:Length of retrieved docs (100) is smaller than largest topk for recall score (200)
WARNING:src.hipporag.evaluation.retrieval_eval:Length of retrieved docs (100) is smaller than largest topk for recall score (200)
WARNING:src.hipporag.evaluation.retrieval_eval:Length of retrieved docs (100) is smaller than largest topk for recall score (200)
WARNING:src.hipporag.evaluation.retrieval_eval:Length of retrieved docs (100) is smaller than largest topk for recall score (200)
WARNING:src.hipporag.evaluation.retrieval_eval:Length of retrieved docs (100) is smaller than largest topk for recall score (200)
WARNING:src.hipporag.evaluation.retrieval_eval:Length of retrieved docs (100) is smaller than largest topk for recall score (200)
WARNING:src.hipporag.evaluation.retrieval_eval:Length of retrieved docs (100) is smaller than largest topk for recall score (200)
WARNING:src.hipporag.evaluation.retrieval_eval:Length of retrieved docs (100) is smaller than largest topk for recall score (200)
WARNING:src.hipporag.evaluation.retrieval_eval:Length of retrieved docs (100) is smaller than largest topk for recall score (200)
WARNING:src.hipporag.evaluation.retrieval_eval:Length of retrieved docs (100) is smaller than largest topk for recall score (200)
WARNING:src.hipporag.evaluation.retrieval_eval:Length of retrieved docs (100) is smaller than largest topk for recall score (200)
WARNING:src.hipporag.evaluation.retrieval_eval:Length of retrieved docs (100) is smaller than largest topk for recall score (200)
WARNING:src.hipporag.evaluation.retrieval_eval:Length of retrieved docs (100) is smaller than largest topk for recall score (200)
WARNING:src.hipporag.evaluation.retrieval_eval:Length of retrieved docs (100) is smaller than largest topk for recall score (200)
WARNING:src.hipporag.evaluation.retrieval_eval:Length of retrieved docs (100) is smaller than largest topk for recall score (200)
WARNING:src.hipporag.evaluation.retrieval_eval:Length of retrieved docs (100) is smaller than largest topk for recall score (200)
WARNING:src.hipporag.evaluation.retrieval_eval:Length of retrieved docs (100) is smaller than largest topk for recall score (200)
WARNING:src.hipporag.evaluation.retrieval_eval:Length of retrieved docs (100) is smaller than largest topk for recall score (200)
WARNING:src.hipporag.evaluation.retrieval_eval:Length of retrieved docs (100) is smaller than largest topk for recall score (200)
WARNING:src.hipporag.evaluation.retrieval_eval:Length of retrieved docs (100) is smaller than largest topk for recall score (200)
WARNING:src.hipporag.evaluation.retrieval_eval:Length of retrieved docs (100) is smaller than largest topk for recall score (200)
WARNING:src.hipporag.evaluation.retrieval_eval:Length of retrieved docs (100) is smaller than largest topk for recall score (200)
WARNING:src.hipporag.evaluation.retrieval_eval:Length of retrieved docs (100) is smaller than largest topk for recall score (200)
WARNING:src.hipporag.evaluation.retrieval_eval:Length of retrieved docs (100) is smaller than largest topk for recall score (200)
WARNING:src.hipporag.evaluation.retrieval_eval:Length of retrieved docs (100) is smaller than largest topk for recall score (200)
WARNING:src.hipporag.evaluation.retrieval_eval:Length of retrieved docs (100) is smaller than largest topk for recall score (200)
WARNING:src.hipporag.evaluation.retrieval_eval:Length of retrieved docs (100) is smaller than largest topk for recall score (200)
WARNING:src.hipporag.evaluation.retrieval_eval:Length of retrieved docs (100) is smaller than largest topk for recall score (200)
WARNING:src.hipporag.evaluation.retrieval_eval:Length of retrieved docs (100) is smaller than largest topk for recall score (200)
WARNING:src.hipporag.evaluation.retrieval_eval:Length of retrieved docs (100) is smaller than largest topk for recall score (200)
WARNING:src.hipporag.evaluation.retrieval_eval:Length of retrieved docs (100) is smaller than largest topk for recall score (200)
WARNING:src.hipporag.evaluation.retrieval_eval:Length of retrieved docs (100) is smaller than largest topk for recall score (200)
WARNING:src.hipporag.evaluation.retrieval_eval:Length of retrieved docs (100) is smaller than largest topk for recall score (200)
WARNING:src.hipporag.evaluation.retrieval_eval:Length of retrieved docs (100) is smaller than largest topk for recall score (200)
WARNING:src.hipporag.evaluation.retrieval_eval:Length of retrieved docs (100) is smaller than largest topk for recall score (200)
WARNING:src.hipporag.evaluation.retrieval_eval:Length of retrieved docs (100) is smaller than largest topk for recall score (200)
WARNING:src.hipporag.evaluation.retrieval_eval:Length of retrieved docs (100) is smaller than largest topk for recall score (200)
WARNING:src.hipporag.evaluation.retrieval_eval:Length of retrieved docs (100) is smaller than largest topk for recall score (200)
WARNING:src.hipporag.evaluation.retrieval_eval:Length of retrieved docs (100) is smaller than largest topk for recall score (200)
WARNING:src.hipporag.evaluation.retrieval_eval:Length of retrieved docs (100) is smaller than largest topk for recall score (200)
WARNING:src.hipporag.evaluation.retrieval_eval:Length of retrieved docs (100) is smaller than largest topk for recall score (200)
WARNING:src.hipporag.evaluation.retrieval_eval:Length of retrieved docs (100) is smaller than largest topk for recall score (200)
WARNING:src.hipporag.evaluation.retrieval_eval:Length of retrieved docs (100) is smaller than largest topk for recall score (200)
WARNING:src.hipporag.evaluation.retrieval_eval:Length of retrieved docs (100) is smaller than largest topk for recall score (200)
WARNING:src.hipporag.evaluation.retrieval_eval:Length of retrieved docs (100) is smaller than largest topk for recall score (200)
WARNING:src.hipporag.evaluation.retrieval_eval:Length of retrieved docs (100) is smaller than largest topk for recall score (200)
WARNING:src.hipporag.evaluation.retrieval_eval:Length of retrieved docs (100) is smaller than largest topk for recall score (200)
WARNING:src.hipporag.evaluation.retrieval_eval:Length of retrieved docs (100) is smaller than largest topk for recall score (200)
WARNING:src.hipporag.evaluation.retrieval_eval:Length of retrieved docs (100) is smaller than largest topk for recall score (200)
WARNING:src.hipporag.evaluation.retrieval_eval:Length of retrieved docs (100) is smaller than largest topk for recall score (200)
WARNING:src.hipporag.evaluation.retrieval_eval:Length of retrieved docs (100) is smaller than largest topk for recall score (200)
WARNING:src.hipporag.evaluation.retrieval_eval:Length of retrieved docs (100) is smaller than largest topk for recall score (200)
WARNING:src.hipporag.evaluation.retrieval_eval:Length of retrieved docs (100) is smaller than largest topk for recall score (200)
WARNING:src.hipporag.evaluation.retrieval_eval:Length of retrieved docs (100) is smaller than largest topk for recall score (200)
WARNING:src.hipporag.evaluation.retrieval_eval:Length of retrieved docs (100) is smaller than largest topk for recall score (200)
WARNING:src.hipporag.evaluation.retrieval_eval:Length of retrieved docs (100) is smaller than largest topk for recall score (200)
WARNING:src.hipporag.evaluation.retrieval_eval:Length of retrieved docs (100) is smaller than largest topk for recall score (200)
WARNING:src.hipporag.evaluation.retrieval_eval:Length of retrieved docs (100) is smaller than largest topk for recall score (200)
WARNING:src.hipporag.evaluation.retrieval_eval:Length of retrieved docs (100) is smaller than largest topk for recall score (200)
WARNING:src.hipporag.evaluation.retrieval_eval:Length of retrieved docs (100) is smaller than largest topk for recall score (200)
WARNING:src.hipporag.evaluation.retrieval_eval:Length of retrieved docs (100) is smaller than largest topk for recall score (200)
WARNING:src.hipporag.evaluation.retrieval_eval:Length of retrieved docs (100) is smaller than largest topk for recall score (200)
WARNING:src.hipporag.evaluation.retrieval_eval:Length of retrieved docs (100) is smaller than largest topk for recall score (200)
WARNING:src.hipporag.evaluation.retrieval_eval:Length of retrieved docs (100) is smaller than largest topk for recall score (200)
WARNING:src.hipporag.evaluation.retrieval_eval:Length of retrieved docs (100) is smaller than largest topk for recall score (200)
WARNING:src.hipporag.evaluation.retrieval_eval:Length of retrieved docs (100) is smaller than largest topk for recall score (200)
WARNING:src.hipporag.evaluation.retrieval_eval:Length of retrieved docs (100) is smaller than largest topk for recall score (200)
WARNING:src.hipporag.evaluation.retrieval_eval:Length of retrieved docs (100) is smaller than largest topk for recall score (200)
WARNING:src.hipporag.evaluation.retrieval_eval:Length of retrieved docs (100) is smaller than largest topk for recall score (200)
WARNING:src.hipporag.evaluation.retrieval_eval:Length of retrieved docs (100) is smaller than largest topk for recall score (200)
WARNING:src.hipporag.evaluation.retrieval_eval:Length of retrieved docs (100) is smaller than largest topk for recall score (200)
WARNING:src.hipporag.evaluation.retrieval_eval:Length of retrieved docs (100) is smaller than largest topk for recall score (200)
WARNING:src.hipporag.evaluation.retrieval_eval:Length of retrieved docs (100) is smaller than largest topk for recall score (200)
WARNING:src.hipporag.evaluation.retrieval_eval:Length of retrieved docs (100) is smaller than largest topk for recall score (200)
WARNING:src.hipporag.evaluation.retrieval_eval:Length of retrieved docs (100) is smaller than largest topk for recall score (200)
WARNING:src.hipporag.evaluation.retrieval_eval:Length of retrieved docs (100) is smaller than largest topk for recall score (200)
WARNING:src.hipporag.evaluation.retrieval_eval:Length of retrieved docs (100) is smaller than largest topk for recall score (200)
WARNING:src.hipporag.evaluation.retrieval_eval:Length of retrieved docs (100) is smaller than largest topk for recall score (200)
WARNING:src.hipporag.evaluation.retrieval_eval:Length of retrieved docs (100) is smaller than largest topk for recall score (200)
WARNING:src.hipporag.evaluation.retrieval_eval:Length of retrieved docs (100) is smaller than largest topk for recall score (200)
WARNING:src.hipporag.evaluation.retrieval_eval:Length of retrieved docs (100) is smaller than largest topk for recall score (200)
WARNING:src.hipporag.evaluation.retrieval_eval:Length of retrieved docs (100) is smaller than largest topk for recall score (200)
WARNING:src.hipporag.evaluation.retrieval_eval:Length of retrieved docs (100) is smaller than largest topk for recall score (200)
WARNING:src.hipporag.evaluation.retrieval_eval:Length of retrieved docs (100) is smaller than largest topk for recall score (200)
WARNING:src.hipporag.evaluation.retrieval_eval:Length of retrieved docs (100) is smaller than largest topk for recall score (200)
WARNING:src.hipporag.evaluation.retrieval_eval:Length of retrieved docs (100) is smaller than largest topk for recall score (200)
WARNING:src.hipporag.evaluation.retrieval_eval:Length of retrieved docs (100) is smaller than largest topk for recall score (200)
WARNING:src.hipporag.evaluation.retrieval_eval:Length of retrieved docs (100) is smaller than largest topk for recall score (200)
WARNING:src.hipporag.evaluation.retrieval_eval:Length of retrieved docs (100) is smaller than largest topk for recall score (200)
WARNING:src.hipporag.evaluation.retrieval_eval:Length of retrieved docs (100) is smaller than largest topk for recall score (200)
WARNING:src.hipporag.evaluation.retrieval_eval:Length of retrieved docs (100) is smaller than largest topk for recall score (200)
WARNING:src.hipporag.evaluation.retrieval_eval:Length of retrieved docs (100) is smaller than largest topk for recall score (200)
WARNING:src.hipporag.evaluation.retrieval_eval:Length of retrieved docs (100) is smaller than largest topk for recall score (200)
WARNING:src.hipporag.evaluation.retrieval_eval:Length of retrieved docs (100) is smaller than largest topk for recall score (200)
WARNING:src.hipporag.evaluation.retrieval_eval:Length of retrieved docs (100) is smaller than largest topk for recall score (200)
WARNING:src.hipporag.evaluation.retrieval_eval:Length of retrieved docs (100) is smaller than largest topk for recall score (200)
WARNING:src.hipporag.evaluation.retrieval_eval:Length of retrieved docs (100) is smaller than largest topk for recall score (200)
WARNING:src.hipporag.evaluation.retrieval_eval:Length of retrieved docs (100) is smaller than largest topk for recall score (200)
WARNING:src.hipporag.evaluation.retrieval_eval:Length of retrieved docs (100) is smaller than largest topk for recall score (200)
WARNING:src.hipporag.evaluation.retrieval_eval:Length of retrieved docs (100) is smaller than largest topk for recall score (200)
WARNING:src.hipporag.evaluation.retrieval_eval:Length of retrieved docs (100) is smaller than largest topk for recall score (200)
WARNING:src.hipporag.evaluation.retrieval_eval:Length of retrieved docs (100) is smaller than largest topk for recall score (200)
WARNING:src.hipporag.evaluation.retrieval_eval:Length of retrieved docs (100) is smaller than largest topk for recall score (200)
WARNING:src.hipporag.evaluation.retrieval_eval:Length of retrieved docs (100) is smaller than largest topk for recall score (200)
WARNING:src.hipporag.evaluation.retrieval_eval:Length of retrieved docs (100) is smaller than largest topk for recall score (200)
WARNING:src.hipporag.evaluation.retrieval_eval:Length of retrieved docs (100) is smaller than largest topk for recall score (200)
WARNING:src.hipporag.evaluation.retrieval_eval:Length of retrieved docs (100) is smaller than largest topk for recall score (200)
WARNING:src.hipporag.evaluation.retrieval_eval:Length of retrieved docs (100) is smaller than largest topk for recall score (200)
WARNING:src.hipporag.evaluation.retrieval_eval:Length of retrieved docs (100) is smaller than largest topk for recall score (200)
WARNING:src.hipporag.evaluation.retrieval_eval:Length of retrieved docs (100) is smaller than largest topk for recall score (200)
WARNING:src.hipporag.evaluation.retrieval_eval:Length of retrieved docs (100) is smaller than largest topk for recall score (200)
WARNING:src.hipporag.evaluation.retrieval_eval:Length of retrieved docs (100) is smaller than largest topk for recall score (200)
WARNING:src.hipporag.evaluation.retrieval_eval:Length of retrieved docs (100) is smaller than largest topk for recall score (200)
WARNING:src.hipporag.evaluation.retrieval_eval:Length of retrieved docs (100) is smaller than largest topk for recall score (200)
WARNING:src.hipporag.evaluation.retrieval_eval:Length of retrieved docs (100) is smaller than largest topk for recall score (200)
WARNING:src.hipporag.evaluation.retrieval_eval:Length of retrieved docs (100) is smaller than largest topk for recall score (200)
WARNING:src.hipporag.evaluation.retrieval_eval:Length of retrieved docs (100) is smaller than largest topk for recall score (200)
WARNING:src.hipporag.evaluation.retrieval_eval:Length of retrieved docs (100) is smaller than largest topk for recall score (200)
WARNING:src.hipporag.evaluation.retrieval_eval:Length of retrieved docs (100) is smaller than largest topk for recall score (200)
WARNING:src.hipporag.evaluation.retrieval_eval:Length of retrieved docs (100) is smaller than largest topk for recall score (200)
WARNING:src.hipporag.evaluation.retrieval_eval:Length of retrieved docs (100) is smaller than largest topk for recall score (200)
WARNING:src.hipporag.evaluation.retrieval_eval:Length of retrieved docs (100) is smaller than largest topk for recall score (200)
WARNING:src.hipporag.evaluation.retrieval_eval:Length of retrieved docs (100) is smaller than largest topk for recall score (200)
WARNING:src.hipporag.evaluation.retrieval_eval:Length of retrieved docs (100) is smaller than largest topk for recall score (200)
WARNING:src.hipporag.evaluation.retrieval_eval:Length of retrieved docs (100) is smaller than largest topk for recall score (200)
WARNING:src.hipporag.evaluation.retrieval_eval:Length of retrieved docs (100) is smaller than largest topk for recall score (200)
WARNING:src.hipporag.evaluation.retrieval_eval:Length of retrieved docs (100) is smaller than largest topk for recall score (200)
WARNING:src.hipporag.evaluation.retrieval_eval:Length of retrieved docs (100) is smaller than largest topk for recall score (200)
WARNING:src.hipporag.evaluation.retrieval_eval:Length of retrieved docs (100) is smaller than largest topk for recall score (200)
WARNING:src.hipporag.evaluation.retrieval_eval:Length of retrieved docs (100) is smaller than largest topk for recall score (200)
WARNING:src.hipporag.evaluation.retrieval_eval:Length of retrieved docs (100) is smaller than largest topk for recall score (200)
WARNING:src.hipporag.evaluation.retrieval_eval:Length of retrieved docs (100) is smaller than largest topk for recall score (200)
WARNING:src.hipporag.evaluation.retrieval_eval:Length of retrieved docs (100) is smaller than largest topk for recall score (200)
WARNING:src.hipporag.evaluation.retrieval_eval:Length of retrieved docs (100) is smaller than largest topk for recall score (200)
WARNING:src.hipporag.evaluation.retrieval_eval:Length of retrieved docs (100) is smaller than largest topk for recall score (200)
WARNING:src.hipporag.evaluation.retrieval_eval:Length of retrieved docs (100) is smaller than largest topk for recall score (200)
WARNING:src.hipporag.evaluation.retrieval_eval:Length of retrieved docs (100) is smaller than largest topk for recall score (200)
WARNING:src.hipporag.evaluation.retrieval_eval:Length of retrieved docs (100) is smaller than largest topk for recall score (200)
WARNING:src.hipporag.evaluation.retrieval_eval:Length of retrieved docs (100) is smaller than largest topk for recall score (200)
WARNING:src.hipporag.evaluation.retrieval_eval:Length of retrieved docs (100) is smaller than largest topk for recall score (200)
WARNING:src.hipporag.evaluation.retrieval_eval:Length of retrieved docs (100) is smaller than largest topk for recall score (200)
WARNING:src.hipporag.evaluation.retrieval_eval:Length of retrieved docs (100) is smaller than largest topk for recall score (200)
WARNING:src.hipporag.evaluation.retrieval_eval:Length of retrieved docs (100) is smaller than largest topk for recall score (200)
WARNING:src.hipporag.evaluation.retrieval_eval:Length of retrieved docs (100) is smaller than largest topk for recall score (200)
WARNING:src.hipporag.evaluation.retrieval_eval:Length of retrieved docs (100) is smaller than largest topk for recall score (200)
WARNING:src.hipporag.evaluation.retrieval_eval:Length of retrieved docs (100) is smaller than largest topk for recall score (200)
WARNING:src.hipporag.evaluation.retrieval_eval:Length of retrieved docs (100) is smaller than largest topk for recall score (200)
WARNING:src.hipporag.evaluation.retrieval_eval:Length of retrieved docs (100) is smaller than largest topk for recall score (200)
WARNING:src.hipporag.evaluation.retrieval_eval:Length of retrieved docs (100) is smaller than largest topk for recall score (200)
WARNING:src.hipporag.evaluation.retrieval_eval:Length of retrieved docs (100) is smaller than largest topk for recall score (200)
WARNING:src.hipporag.evaluation.retrieval_eval:Length of retrieved docs (100) is smaller than largest topk for recall score (200)
WARNING:src.hipporag.evaluation.retrieval_eval:Length of retrieved docs (100) is smaller than largest topk for recall score (200)
WARNING:src.hipporag.evaluation.retrieval_eval:Length of retrieved docs (100) is smaller than largest topk for recall score (200)
WARNING:src.hipporag.evaluation.retrieval_eval:Length of retrieved docs (100) is smaller than largest topk for recall score (200)
WARNING:src.hipporag.evaluation.retrieval_eval:Length of retrieved docs (100) is smaller than largest topk for recall score (200)
WARNING:src.hipporag.evaluation.retrieval_eval:Length of retrieved docs (100) is smaller than largest topk for recall score (200)
WARNING:src.hipporag.evaluation.retrieval_eval:Length of retrieved docs (100) is smaller than largest topk for recall score (200)
WARNING:src.hipporag.evaluation.retrieval_eval:Length of retrieved docs (100) is smaller than largest topk for recall score (200)
WARNING:src.hipporag.evaluation.retrieval_eval:Length of retrieved docs (100) is smaller than largest topk for recall score (200)
WARNING:src.hipporag.evaluation.retrieval_eval:Length of retrieved docs (100) is smaller than largest topk for recall score (200)
WARNING:src.hipporag.evaluation.retrieval_eval:Length of retrieved docs (100) is smaller than largest topk for recall score (200)
WARNING:src.hipporag.evaluation.retrieval_eval:Length of retrieved docs (100) is smaller than largest topk for recall score (200)
WARNING:src.hipporag.evaluation.retrieval_eval:Length of retrieved docs (100) is smaller than largest topk for recall score (200)
WARNING:src.hipporag.evaluation.retrieval_eval:Length of retrieved docs (100) is smaller than largest topk for recall score (200)
WARNING:src.hipporag.evaluation.retrieval_eval:Length of retrieved docs (100) is smaller than largest topk for recall score (200)
WARNING:src.hipporag.evaluation.retrieval_eval:Length of retrieved docs (100) is smaller than largest topk for recall score (200)
WARNING:src.hipporag.evaluation.retrieval_eval:Length of retrieved docs (100) is smaller than largest topk for recall score (200)
WARNING:src.hipporag.evaluation.retrieval_eval:Length of retrieved docs (100) is smaller than largest topk for recall score (200)
WARNING:src.hipporag.evaluation.retrieval_eval:Length of retrieved docs (100) is smaller than largest topk for recall score (200)
WARNING:src.hipporag.evaluation.retrieval_eval:Length of retrieved docs (100) is smaller than largest topk for recall score (200)
WARNING:src.hipporag.evaluation.retrieval_eval:Length of retrieved docs (100) is smaller than largest topk for recall score (200)
WARNING:src.hipporag.evaluation.retrieval_eval:Length of retrieved docs (100) is smaller than largest topk for recall score (200)
WARNING:src.hipporag.evaluation.retrieval_eval:Length of retrieved docs (100) is smaller than largest topk for recall score (200)
WARNING:src.hipporag.evaluation.retrieval_eval:Length of retrieved docs (100) is smaller than largest topk for recall score (200)
WARNING:src.hipporag.evaluation.retrieval_eval:Length of retrieved docs (100) is smaller than largest topk for recall score (200)
WARNING:src.hipporag.evaluation.retrieval_eval:Length of retrieved docs (100) is smaller than largest topk for recall score (200)
WARNING:src.hipporag.evaluation.retrieval_eval:Length of retrieved docs (100) is smaller than largest topk for recall score (200)
WARNING:src.hipporag.evaluation.retrieval_eval:Length of retrieved docs (100) is smaller than largest topk for recall score (200)
WARNING:src.hipporag.evaluation.retrieval_eval:Length of retrieved docs (100) is smaller than largest topk for recall score (200)
WARNING:src.hipporag.evaluation.retrieval_eval:Length of retrieved docs (100) is smaller than largest topk for recall score (200)
WARNING:src.hipporag.evaluation.retrieval_eval:Length of retrieved docs (100) is smaller than largest topk for recall score (200)
WARNING:src.hipporag.evaluation.retrieval_eval:Length of retrieved docs (100) is smaller than largest topk for recall score (200)
WARNING:src.hipporag.evaluation.retrieval_eval:Length of retrieved docs (100) is smaller than largest topk for recall score (200)
WARNING:src.hipporag.evaluation.retrieval_eval:Length of retrieved docs (100) is smaller than largest topk for recall score (200)
WARNING:src.hipporag.evaluation.retrieval_eval:Length of retrieved docs (100) is smaller than largest topk for recall score (200)
WARNING:src.hipporag.evaluation.retrieval_eval:Length of retrieved docs (100) is smaller than largest topk for recall score (200)
WARNING:src.hipporag.evaluation.retrieval_eval:Length of retrieved docs (100) is smaller than largest topk for recall score (200)
WARNING:src.hipporag.evaluation.retrieval_eval:Length of retrieved docs (100) is smaller than largest topk for recall score (200)
WARNING:src.hipporag.evaluation.retrieval_eval:Length of retrieved docs (100) is smaller than largest topk for recall score (200)
WARNING:src.hipporag.evaluation.retrieval_eval:Length of retrieved docs (100) is smaller than largest topk for recall score (200)
WARNING:src.hipporag.evaluation.retrieval_eval:Length of retrieved docs (100) is smaller than largest topk for recall score (200)
WARNING:src.hipporag.evaluation.retrieval_eval:Length of retrieved docs (100) is smaller than largest topk for recall score (200)
WARNING:src.hipporag.evaluation.retrieval_eval:Length of retrieved docs (100) is smaller than largest topk for recall score (200)
WARNING:src.hipporag.evaluation.retrieval_eval:Length of retrieved docs (100) is smaller than largest topk for recall score (200)
WARNING:src.hipporag.evaluation.retrieval_eval:Length of retrieved docs (100) is smaller than largest topk for recall score (200)
WARNING:src.hipporag.evaluation.retrieval_eval:Length of retrieved docs (100) is smaller than largest topk for recall score (200)
WARNING:src.hipporag.evaluation.retrieval_eval:Length of retrieved docs (100) is smaller than largest topk for recall score (200)
WARNING:src.hipporag.evaluation.retrieval_eval:Length of retrieved docs (100) is smaller than largest topk for recall score (200)
WARNING:src.hipporag.evaluation.retrieval_eval:Length of retrieved docs (100) is smaller than largest topk for recall score (200)
WARNING:src.hipporag.evaluation.retrieval_eval:Length of retrieved docs (100) is smaller than largest topk for recall score (200)
WARNING:src.hipporag.evaluation.retrieval_eval:Length of retrieved docs (100) is smaller than largest topk for recall score (200)
WARNING:src.hipporag.evaluation.retrieval_eval:Length of retrieved docs (100) is smaller than largest topk for recall score (200)
WARNING:src.hipporag.evaluation.retrieval_eval:Length of retrieved docs (100) is smaller than largest topk for recall score (200)
WARNING:src.hipporag.evaluation.retrieval_eval:Length of retrieved docs (100) is smaller than largest topk for recall score (200)
WARNING:src.hipporag.evaluation.retrieval_eval:Length of retrieved docs (100) is smaller than largest topk for recall score (200)
WARNING:src.hipporag.evaluation.retrieval_eval:Length of retrieved docs (100) is smaller than largest topk for recall score (200)
WARNING:src.hipporag.evaluation.retrieval_eval:Length of retrieved docs (100) is smaller than largest topk for recall score (200)
WARNING:src.hipporag.evaluation.retrieval_eval:Length of retrieved docs (100) is smaller than largest topk for recall score (200)
WARNING:src.hipporag.evaluation.retrieval_eval:Length of retrieved docs (100) is smaller than largest topk for recall score (200)
WARNING:src.hipporag.evaluation.retrieval_eval:Length of retrieved docs (100) is smaller than largest topk for recall score (200)
WARNING:src.hipporag.evaluation.retrieval_eval:Length of retrieved docs (100) is smaller than largest topk for recall score (200)
WARNING:src.hipporag.evaluation.retrieval_eval:Length of retrieved docs (100) is smaller than largest topk for recall score (200)
WARNING:src.hipporag.evaluation.retrieval_eval:Length of retrieved docs (100) is smaller than largest topk for recall score (200)
WARNING:src.hipporag.evaluation.retrieval_eval:Length of retrieved docs (100) is smaller than largest topk for recall score (200)
WARNING:src.hipporag.evaluation.retrieval_eval:Length of retrieved docs (100) is smaller than largest topk for recall score (200)
WARNING:src.hipporag.evaluation.retrieval_eval:Length of retrieved docs (100) is smaller than largest topk for recall score (200)
WARNING:src.hipporag.evaluation.retrieval_eval:Length of retrieved docs (100) is smaller than largest topk for recall score (200)
WARNING:src.hipporag.evaluation.retrieval_eval:Length of retrieved docs (100) is smaller than largest topk for recall score (200)
WARNING:src.hipporag.evaluation.retrieval_eval:Length of retrieved docs (100) is smaller than largest topk for recall score (200)
WARNING:src.hipporag.evaluation.retrieval_eval:Length of retrieved docs (100) is smaller than largest topk for recall score (200)
WARNING:src.hipporag.evaluation.retrieval_eval:Length of retrieved docs (100) is smaller than largest topk for recall score (200)
WARNING:src.hipporag.evaluation.retrieval_eval:Length of retrieved docs (100) is smaller than largest topk for recall score (200)
WARNING:src.hipporag.evaluation.retrieval_eval:Length of retrieved docs (100) is smaller than largest topk for recall score (200)
WARNING:src.hipporag.evaluation.retrieval_eval:Length of retrieved docs (100) is smaller than largest topk for recall score (200)
WARNING:src.hipporag.evaluation.retrieval_eval:Length of retrieved docs (100) is smaller than largest topk for recall score (200)
WARNING:src.hipporag.evaluation.retrieval_eval:Length of retrieved docs (100) is smaller than largest topk for recall score (200)
WARNING:src.hipporag.evaluation.retrieval_eval:Length of retrieved docs (100) is smaller than largest topk for recall score (200)
WARNING:src.hipporag.evaluation.retrieval_eval:Length of retrieved docs (100) is smaller than largest topk for recall score (200)
WARNING:src.hipporag.evaluation.retrieval_eval:Length of retrieved docs (100) is smaller than largest topk for recall score (200)
WARNING:src.hipporag.evaluation.retrieval_eval:Length of retrieved docs (100) is smaller than largest topk for recall score (200)
WARNING:src.hipporag.evaluation.retrieval_eval:Length of retrieved docs (100) is smaller than largest topk for recall score (200)
WARNING:src.hipporag.evaluation.retrieval_eval:Length of retrieved docs (100) is smaller than largest topk for recall score (200)
WARNING:src.hipporag.evaluation.retrieval_eval:Length of retrieved docs (100) is smaller than largest topk for recall score (200)
WARNING:src.hipporag.evaluation.retrieval_eval:Length of retrieved docs (100) is smaller than largest topk for recall score (200)
WARNING:src.hipporag.evaluation.retrieval_eval:Length of retrieved docs (100) is smaller than largest topk for recall score (200)
WARNING:src.hipporag.evaluation.retrieval_eval:Length of retrieved docs (100) is smaller than largest topk for recall score (200)
WARNING:src.hipporag.evaluation.retrieval_eval:Length of retrieved docs (100) is smaller than largest topk for recall score (200)
WARNING:src.hipporag.evaluation.retrieval_eval:Length of retrieved docs (100) is smaller than largest topk for recall score (200)
WARNING:src.hipporag.evaluation.retrieval_eval:Length of retrieved docs (100) is smaller than largest topk for recall score (200)
WARNING:src.hipporag.evaluation.retrieval_eval:Length of retrieved docs (100) is smaller than largest topk for recall score (200)
WARNING:src.hipporag.evaluation.retrieval_eval:Length of retrieved docs (100) is smaller than largest topk for recall score (200)
WARNING:src.hipporag.evaluation.retrieval_eval:Length of retrieved docs (100) is smaller than largest topk for recall score (200)
WARNING:src.hipporag.evaluation.retrieval_eval:Length of retrieved docs (100) is smaller than largest topk for recall score (200)
WARNING:src.hipporag.evaluation.retrieval_eval:Length of retrieved docs (100) is smaller than largest topk for recall score (200)
WARNING:src.hipporag.evaluation.retrieval_eval:Length of retrieved docs (100) is smaller than largest topk for recall score (200)
WARNING:src.hipporag.evaluation.retrieval_eval:Length of retrieved docs (100) is smaller than largest topk for recall score (200)
WARNING:src.hipporag.evaluation.retrieval_eval:Length of retrieved docs (100) is smaller than largest topk for recall score (200)
WARNING:src.hipporag.evaluation.retrieval_eval:Length of retrieved docs (100) is smaller than largest topk for recall score (200)
WARNING:src.hipporag.evaluation.retrieval_eval:Length of retrieved docs (100) is smaller than largest topk for recall score (200)
WARNING:src.hipporag.evaluation.retrieval_eval:Length of retrieved docs (100) is smaller than largest topk for recall score (200)
WARNING:src.hipporag.evaluation.retrieval_eval:Length of retrieved docs (100) is smaller than largest topk for recall score (200)
WARNING:src.hipporag.evaluation.retrieval_eval:Length of retrieved docs (100) is smaller than largest topk for recall score (200)
WARNING:src.hipporag.evaluation.retrieval_eval:Length of retrieved docs (100) is smaller than largest topk for recall score (200)
WARNING:src.hipporag.evaluation.retrieval_eval:Length of retrieved docs (100) is smaller than largest topk for recall score (200)
WARNING:src.hipporag.evaluation.retrieval_eval:Length of retrieved docs (100) is smaller than largest topk for recall score (200)
WARNING:src.hipporag.evaluation.retrieval_eval:Length of retrieved docs (100) is smaller than largest topk for recall score (200)
WARNING:src.hipporag.evaluation.retrieval_eval:Length of retrieved docs (100) is smaller than largest topk for recall score (200)
WARNING:src.hipporag.evaluation.retrieval_eval:Length of retrieved docs (100) is smaller than largest topk for recall score (200)
WARNING:src.hipporag.evaluation.retrieval_eval:Length of retrieved docs (100) is smaller than largest topk for recall score (200)
WARNING:src.hipporag.evaluation.retrieval_eval:Length of retrieved docs (100) is smaller than largest topk for recall score (200)
WARNING:src.hipporag.evaluation.retrieval_eval:Length of retrieved docs (100) is smaller than largest topk for recall score (200)
WARNING:src.hipporag.evaluation.retrieval_eval:Length of retrieved docs (100) is smaller than largest topk for recall score (200)
WARNING:src.hipporag.evaluation.retrieval_eval:Length of retrieved docs (100) is smaller than largest topk for recall score (200)
WARNING:src.hipporag.evaluation.retrieval_eval:Length of retrieved docs (100) is smaller than largest topk for recall score (200)
WARNING:src.hipporag.evaluation.retrieval_eval:Length of retrieved docs (100) is smaller than largest topk for recall score (200)
WARNING:src.hipporag.evaluation.retrieval_eval:Length of retrieved docs (100) is smaller than largest topk for recall score (200)
WARNING:src.hipporag.evaluation.retrieval_eval:Length of retrieved docs (100) is smaller than largest topk for recall score (200)
WARNING:src.hipporag.evaluation.retrieval_eval:Length of retrieved docs (100) is smaller than largest topk for recall score (200)
WARNING:src.hipporag.evaluation.retrieval_eval:Length of retrieved docs (100) is smaller than largest topk for recall score (200)
WARNING:src.hipporag.evaluation.retrieval_eval:Length of retrieved docs (100) is smaller than largest topk for recall score (200)
WARNING:src.hipporag.evaluation.retrieval_eval:Length of retrieved docs (100) is smaller than largest topk for recall score (200)
WARNING:src.hipporag.evaluation.retrieval_eval:Length of retrieved docs (100) is smaller than largest topk for recall score (200)
WARNING:src.hipporag.evaluation.retrieval_eval:Length of retrieved docs (100) is smaller than largest topk for recall score (200)
WARNING:src.hipporag.evaluation.retrieval_eval:Length of retrieved docs (100) is smaller than largest topk for recall score (200)
WARNING:src.hipporag.evaluation.retrieval_eval:Length of retrieved docs (100) is smaller than largest topk for recall score (200)
WARNING:src.hipporag.evaluation.retrieval_eval:Length of retrieved docs (100) is smaller than largest topk for recall score (200)
WARNING:src.hipporag.evaluation.retrieval_eval:Length of retrieved docs (100) is smaller than largest topk for recall score (200)
WARNING:src.hipporag.evaluation.retrieval_eval:Length of retrieved docs (100) is smaller than largest topk for recall score (200)
WARNING:src.hipporag.evaluation.retrieval_eval:Length of retrieved docs (100) is smaller than largest topk for recall score (200)
WARNING:src.hipporag.evaluation.retrieval_eval:Length of retrieved docs (100) is smaller than largest topk for recall score (200)
WARNING:src.hipporag.evaluation.retrieval_eval:Length of retrieved docs (100) is smaller than largest topk for recall score (200)
WARNING:src.hipporag.evaluation.retrieval_eval:Length of retrieved docs (100) is smaller than largest topk for recall score (200)
WARNING:src.hipporag.evaluation.retrieval_eval:Length of retrieved docs (100) is smaller than largest topk for recall score (200)
WARNING:src.hipporag.evaluation.retrieval_eval:Length of retrieved docs (100) is smaller than largest topk for recall score (200)
WARNING:src.hipporag.evaluation.retrieval_eval:Length of retrieved docs (100) is smaller than largest topk for recall score (200)
WARNING:src.hipporag.evaluation.retrieval_eval:Length of retrieved docs (100) is smaller than largest topk for recall score (200)
WARNING:src.hipporag.evaluation.retrieval_eval:Length of retrieved docs (100) is smaller than largest topk for recall score (200)
WARNING:src.hipporag.evaluation.retrieval_eval:Length of retrieved docs (100) is smaller than largest topk for recall score (200)
WARNING:src.hipporag.evaluation.retrieval_eval:Length of retrieved docs (100) is smaller than largest topk for recall score (200)
WARNING:src.hipporag.evaluation.retrieval_eval:Length of retrieved docs (100) is smaller than largest topk for recall score (200)
WARNING:src.hipporag.evaluation.retrieval_eval:Length of retrieved docs (100) is smaller than largest topk for recall score (200)
WARNING:src.hipporag.evaluation.retrieval_eval:Length of retrieved docs (100) is smaller than largest topk for recall score (200)
WARNING:src.hipporag.evaluation.retrieval_eval:Length of retrieved docs (100) is smaller than largest topk for recall score (200)
WARNING:src.hipporag.evaluation.retrieval_eval:Length of retrieved docs (100) is smaller than largest topk for recall score (200)
WARNING:src.hipporag.evaluation.retrieval_eval:Length of retrieved docs (100) is smaller than largest topk for recall score (200)
WARNING:src.hipporag.evaluation.retrieval_eval:Length of retrieved docs (100) is smaller than largest topk for recall score (200)
WARNING:src.hipporag.evaluation.retrieval_eval:Length of retrieved docs (100) is smaller than largest topk for recall score (200)
WARNING:src.hipporag.evaluation.retrieval_eval:Length of retrieved docs (100) is smaller than largest topk for recall score (200)
WARNING:src.hipporag.evaluation.retrieval_eval:Length of retrieved docs (100) is smaller than largest topk for recall score (200)
WARNING:src.hipporag.evaluation.retrieval_eval:Length of retrieved docs (100) is smaller than largest topk for recall score (200)
WARNING:src.hipporag.evaluation.retrieval_eval:Length of retrieved docs (100) is smaller than largest topk for recall score (200)
WARNING:src.hipporag.evaluation.retrieval_eval:Length of retrieved docs (100) is smaller than largest topk for recall score (200)
WARNING:src.hipporag.evaluation.retrieval_eval:Length of retrieved docs (100) is smaller than largest topk for recall score (200)
WARNING:src.hipporag.evaluation.retrieval_eval:Length of retrieved docs (100) is smaller than largest topk for recall score (200)
WARNING:src.hipporag.evaluation.retrieval_eval:Length of retrieved docs (100) is smaller than largest topk for recall score (200)
WARNING:src.hipporag.evaluation.retrieval_eval:Length of retrieved docs (100) is smaller than largest topk for recall score (200)
WARNING:src.hipporag.evaluation.retrieval_eval:Length of retrieved docs (100) is smaller than largest topk for recall score (200)
WARNING:src.hipporag.evaluation.retrieval_eval:Length of retrieved docs (100) is smaller than largest topk for recall score (200)
WARNING:src.hipporag.evaluation.retrieval_eval:Length of retrieved docs (100) is smaller than largest topk for recall score (200)
WARNING:src.hipporag.evaluation.retrieval_eval:Length of retrieved docs (100) is smaller than largest topk for recall score (200)
WARNING:src.hipporag.evaluation.retrieval_eval:Length of retrieved docs (100) is smaller than largest topk for recall score (200)
WARNING:src.hipporag.evaluation.retrieval_eval:Length of retrieved docs (100) is smaller than largest topk for recall score (200)
WARNING:src.hipporag.evaluation.retrieval_eval:Length of retrieved docs (100) is smaller than largest topk for recall score (200)
WARNING:src.hipporag.evaluation.retrieval_eval:Length of retrieved docs (100) is smaller than largest topk for recall score (200)
WARNING:src.hipporag.evaluation.retrieval_eval:Length of retrieved docs (100) is smaller than largest topk for recall score (200)
WARNING:src.hipporag.evaluation.retrieval_eval:Length of retrieved docs (100) is smaller than largest topk for recall score (200)
WARNING:src.hipporag.evaluation.retrieval_eval:Length of retrieved docs (100) is smaller than largest topk for recall score (200)
WARNING:src.hipporag.evaluation.retrieval_eval:Length of retrieved docs (100) is smaller than largest topk for recall score (200)
WARNING:src.hipporag.evaluation.retrieval_eval:Length of retrieved docs (100) is smaller than largest topk for recall score (200)
WARNING:src.hipporag.evaluation.retrieval_eval:Length of retrieved docs (100) is smaller than largest topk for recall score (200)
WARNING:src.hipporag.evaluation.retrieval_eval:Length of retrieved docs (100) is smaller than largest topk for recall score (200)
WARNING:src.hipporag.evaluation.retrieval_eval:Length of retrieved docs (100) is smaller than largest topk for recall score (200)
WARNING:src.hipporag.evaluation.retrieval_eval:Length of retrieved docs (100) is smaller than largest topk for recall score (200)
WARNING:src.hipporag.evaluation.retrieval_eval:Length of retrieved docs (100) is smaller than largest topk for recall score (200)
WARNING:src.hipporag.evaluation.retrieval_eval:Length of retrieved docs (100) is smaller than largest topk for recall score (200)
WARNING:src.hipporag.evaluation.retrieval_eval:Length of retrieved docs (100) is smaller than largest topk for recall score (200)
WARNING:src.hipporag.evaluation.retrieval_eval:Length of retrieved docs (100) is smaller than largest topk for recall score (200)
WARNING:src.hipporag.evaluation.retrieval_eval:Length of retrieved docs (100) is smaller than largest topk for recall score (200)
WARNING:src.hipporag.evaluation.retrieval_eval:Length of retrieved docs (100) is smaller than largest topk for recall score (200)
WARNING:src.hipporag.evaluation.retrieval_eval:Length of retrieved docs (100) is smaller than largest topk for recall score (200)
WARNING:src.hipporag.evaluation.retrieval_eval:Length of retrieved docs (100) is smaller than largest topk for recall score (200)
WARNING:src.hipporag.evaluation.retrieval_eval:Length of retrieved docs (100) is smaller than largest topk for recall score (200)
WARNING:src.hipporag.evaluation.retrieval_eval:Length of retrieved docs (100) is smaller than largest topk for recall score (200)
WARNING:src.hipporag.evaluation.retrieval_eval:Length of retrieved docs (100) is smaller than largest topk for recall score (200)
WARNING:src.hipporag.evaluation.retrieval_eval:Length of retrieved docs (100) is smaller than largest topk for recall score (200)
WARNING:src.hipporag.evaluation.retrieval_eval:Length of retrieved docs (100) is smaller than largest topk for recall score (200)
WARNING:src.hipporag.evaluation.retrieval_eval:Length of retrieved docs (100) is smaller than largest topk for recall score (200)
WARNING:src.hipporag.evaluation.retrieval_eval:Length of retrieved docs (100) is smaller than largest topk for recall score (200)
WARNING:src.hipporag.evaluation.retrieval_eval:Length of retrieved docs (100) is smaller than largest topk for recall score (200)
WARNING:src.hipporag.evaluation.retrieval_eval:Length of retrieved docs (100) is smaller than largest topk for recall score (200)
WARNING:src.hipporag.evaluation.retrieval_eval:Length of retrieved docs (100) is smaller than largest topk for recall score (200)
WARNING:src.hipporag.evaluation.retrieval_eval:Length of retrieved docs (100) is smaller than largest topk for recall score (200)
WARNING:src.hipporag.evaluation.retrieval_eval:Length of retrieved docs (100) is smaller than largest topk for recall score (200)
WARNING:src.hipporag.evaluation.retrieval_eval:Length of retrieved docs (100) is smaller than largest topk for recall score (200)
WARNING:src.hipporag.evaluation.retrieval_eval:Length of retrieved docs (100) is smaller than largest topk for recall score (200)
WARNING:src.hipporag.evaluation.retrieval_eval:Length of retrieved docs (100) is smaller than largest topk for recall score (200)
WARNING:src.hipporag.evaluation.retrieval_eval:Length of retrieved docs (100) is smaller than largest topk for recall score (200)
WARNING:src.hipporag.evaluation.retrieval_eval:Length of retrieved docs (100) is smaller than largest topk for recall score (200)
WARNING:src.hipporag.evaluation.retrieval_eval:Length of retrieved docs (100) is smaller than largest topk for recall score (200)
WARNING:src.hipporag.evaluation.retrieval_eval:Length of retrieved docs (100) is smaller than largest topk for recall score (200)
WARNING:src.hipporag.evaluation.retrieval_eval:Length of retrieved docs (100) is smaller than largest topk for recall score (200)
WARNING:src.hipporag.evaluation.retrieval_eval:Length of retrieved docs (100) is smaller than largest topk for recall score (200)
WARNING:src.hipporag.evaluation.retrieval_eval:Length of retrieved docs (100) is smaller than largest topk for recall score (200)
WARNING:src.hipporag.evaluation.retrieval_eval:Length of retrieved docs (100) is smaller than largest topk for recall score (200)
WARNING:src.hipporag.evaluation.retrieval_eval:Length of retrieved docs (100) is smaller than largest topk for recall score (200)
WARNING:src.hipporag.evaluation.retrieval_eval:Length of retrieved docs (100) is smaller than largest topk for recall score (200)
WARNING:src.hipporag.evaluation.retrieval_eval:Length of retrieved docs (100) is smaller than largest topk for recall score (200)
WARNING:src.hipporag.evaluation.retrieval_eval:Length of retrieved docs (100) is smaller than largest topk for recall score (200)
WARNING:src.hipporag.evaluation.retrieval_eval:Length of retrieved docs (100) is smaller than largest topk for recall score (200)
WARNING:src.hipporag.evaluation.retrieval_eval:Length of retrieved docs (100) is smaller than largest topk for recall score (200)
WARNING:src.hipporag.evaluation.retrieval_eval:Length of retrieved docs (100) is smaller than largest topk for recall score (200)
WARNING:src.hipporag.evaluation.retrieval_eval:Length of retrieved docs (100) is smaller than largest topk for recall score (200)
WARNING:src.hipporag.evaluation.retrieval_eval:Length of retrieved docs (100) is smaller than largest topk for recall score (200)
WARNING:src.hipporag.evaluation.retrieval_eval:Length of retrieved docs (100) is smaller than largest topk for recall score (200)
WARNING:src.hipporag.evaluation.retrieval_eval:Length of retrieved docs (100) is smaller than largest topk for recall score (200)
WARNING:src.hipporag.evaluation.retrieval_eval:Length of retrieved docs (100) is smaller than largest topk for recall score (200)
WARNING:src.hipporag.evaluation.retrieval_eval:Length of retrieved docs (100) is smaller than largest topk for recall score (200)
WARNING:src.hipporag.evaluation.retrieval_eval:Length of retrieved docs (100) is smaller than largest topk for recall score (200)
WARNING:src.hipporag.evaluation.retrieval_eval:Length of retrieved docs (100) is smaller than largest topk for recall score (200)
WARNING:src.hipporag.evaluation.retrieval_eval:Length of retrieved docs (100) is smaller than largest topk for recall score (200)
WARNING:src.hipporag.evaluation.retrieval_eval:Length of retrieved docs (100) is smaller than largest topk for recall score (200)
WARNING:src.hipporag.evaluation.retrieval_eval:Length of retrieved docs (100) is smaller than largest topk for recall score (200)
WARNING:src.hipporag.evaluation.retrieval_eval:Length of retrieved docs (100) is smaller than largest topk for recall score (200)
WARNING:src.hipporag.evaluation.retrieval_eval:Length of retrieved docs (100) is smaller than largest topk for recall score (200)
WARNING:src.hipporag.evaluation.retrieval_eval:Length of retrieved docs (100) is smaller than largest topk for recall score (200)
WARNING:src.hipporag.evaluation.retrieval_eval:Length of retrieved docs (100) is smaller than largest topk for recall score (200)
WARNING:src.hipporag.evaluation.retrieval_eval:Length of retrieved docs (100) is smaller than largest topk for recall score (200)
WARNING:src.hipporag.evaluation.retrieval_eval:Length of retrieved docs (100) is smaller than largest topk for recall score (200)
WARNING:src.hipporag.evaluation.retrieval_eval:Length of retrieved docs (100) is smaller than largest topk for recall score (200)
WARNING:src.hipporag.evaluation.retrieval_eval:Length of retrieved docs (100) is smaller than largest topk for recall score (200)
WARNING:src.hipporag.evaluation.retrieval_eval:Length of retrieved docs (100) is smaller than largest topk for recall score (200)
WARNING:src.hipporag.evaluation.retrieval_eval:Length of retrieved docs (100) is smaller than largest topk for recall score (200)
WARNING:src.hipporag.evaluation.retrieval_eval:Length of retrieved docs (100) is smaller than largest topk for recall score (200)
WARNING:src.hipporag.evaluation.retrieval_eval:Length of retrieved docs (100) is smaller than largest topk for recall score (200)
WARNING:src.hipporag.evaluation.retrieval_eval:Length of retrieved docs (100) is smaller than largest topk for recall score (200)
WARNING:src.hipporag.evaluation.retrieval_eval:Length of retrieved docs (100) is smaller than largest topk for recall score (200)
WARNING:src.hipporag.evaluation.retrieval_eval:Length of retrieved docs (100) is smaller than largest topk for recall score (200)
WARNING:src.hipporag.evaluation.retrieval_eval:Length of retrieved docs (100) is smaller than largest topk for recall score (200)
WARNING:src.hipporag.evaluation.retrieval_eval:Length of retrieved docs (100) is smaller than largest topk for recall score (200)
WARNING:src.hipporag.evaluation.retrieval_eval:Length of retrieved docs (100) is smaller than largest topk for recall score (200)
WARNING:src.hipporag.evaluation.retrieval_eval:Length of retrieved docs (100) is smaller than largest topk for recall score (200)
WARNING:src.hipporag.evaluation.retrieval_eval:Length of retrieved docs (100) is smaller than largest topk for recall score (200)
WARNING:src.hipporag.evaluation.retrieval_eval:Length of retrieved docs (100) is smaller than largest topk for recall score (200)
WARNING:src.hipporag.evaluation.retrieval_eval:Length of retrieved docs (100) is smaller than largest topk for recall score (200)
WARNING:src.hipporag.evaluation.retrieval_eval:Length of retrieved docs (100) is smaller than largest topk for recall score (200)
WARNING:src.hipporag.evaluation.retrieval_eval:Length of retrieved docs (100) is smaller than largest topk for recall score (200)
WARNING:src.hipporag.evaluation.retrieval_eval:Length of retrieved docs (100) is smaller than largest topk for recall score (200)
WARNING:src.hipporag.evaluation.retrieval_eval:Length of retrieved docs (100) is smaller than largest topk for recall score (200)
WARNING:src.hipporag.evaluation.retrieval_eval:Length of retrieved docs (100) is smaller than largest topk for recall score (200)
WARNING:src.hipporag.evaluation.retrieval_eval:Length of retrieved docs (100) is smaller than largest topk for recall score (200)
WARNING:src.hipporag.evaluation.retrieval_eval:Length of retrieved docs (100) is smaller than largest topk for recall score (200)
WARNING:src.hipporag.evaluation.retrieval_eval:Length of retrieved docs (100) is smaller than largest topk for recall score (200)
WARNING:src.hipporag.evaluation.retrieval_eval:Length of retrieved docs (100) is smaller than largest topk for recall score (200)
WARNING:src.hipporag.evaluation.retrieval_eval:Length of retrieved docs (100) is smaller than largest topk for recall score (200)
WARNING:src.hipporag.evaluation.retrieval_eval:Length of retrieved docs (100) is smaller than largest topk for recall score (200)
WARNING:src.hipporag.evaluation.retrieval_eval:Length of retrieved docs (100) is smaller than largest topk for recall score (200)
WARNING:src.hipporag.evaluation.retrieval_eval:Length of retrieved docs (100) is smaller than largest topk for recall score (200)
WARNING:src.hipporag.evaluation.retrieval_eval:Length of retrieved docs (100) is smaller than largest topk for recall score (200)
WARNING:src.hipporag.evaluation.retrieval_eval:Length of retrieved docs (100) is smaller than largest topk for recall score (200)
WARNING:src.hipporag.evaluation.retrieval_eval:Length of retrieved docs (100) is smaller than largest topk for recall score (200)
WARNING:src.hipporag.evaluation.retrieval_eval:Length of retrieved docs (100) is smaller than largest topk for recall score (200)
WARNING:src.hipporag.evaluation.retrieval_eval:Length of retrieved docs (100) is smaller than largest topk for recall score (200)
WARNING:src.hipporag.evaluation.retrieval_eval:Length of retrieved docs (100) is smaller than largest topk for recall score (200)
WARNING:src.hipporag.evaluation.retrieval_eval:Length of retrieved docs (100) is smaller than largest topk for recall score (200)
WARNING:src.hipporag.evaluation.retrieval_eval:Length of retrieved docs (100) is smaller than largest topk for recall score (200)
WARNING:src.hipporag.evaluation.retrieval_eval:Length of retrieved docs (100) is smaller than largest topk for recall score (200)
WARNING:src.hipporag.evaluation.retrieval_eval:Length of retrieved docs (100) is smaller than largest topk for recall score (200)
WARNING:src.hipporag.evaluation.retrieval_eval:Length of retrieved docs (100) is smaller than largest topk for recall score (200)
WARNING:src.hipporag.evaluation.retrieval_eval:Length of retrieved docs (100) is smaller than largest topk for recall score (200)
WARNING:src.hipporag.evaluation.retrieval_eval:Length of retrieved docs (100) is smaller than largest topk for recall score (200)
WARNING:src.hipporag.evaluation.retrieval_eval:Length of retrieved docs (100) is smaller than largest topk for recall score (200)
WARNING:src.hipporag.evaluation.retrieval_eval:Length of retrieved docs (100) is smaller than largest topk for recall score (200)
WARNING:src.hipporag.evaluation.retrieval_eval:Length of retrieved docs (100) is smaller than largest topk for recall score (200)
WARNING:src.hipporag.evaluation.retrieval_eval:Length of retrieved docs (100) is smaller than largest topk for recall score (200)
WARNING:src.hipporag.evaluation.retrieval_eval:Length of retrieved docs (100) is smaller than largest topk for recall score (200)
WARNING:src.hipporag.evaluation.retrieval_eval:Length of retrieved docs (100) is smaller than largest topk for recall score (200)
Collecting QA prompts:   0%|          | 0/1000 [00:00<?, ?it/s]Collecting QA prompts: 100%|██████████| 1000/1000 [00:00<00:00, 19199.15it/s]
QA Reading:   0%|          | 0/1000 [00:00<?, ?it/s]QA Reading:  24%|██▍       | 242/1000 [00:00<00:00, 2414.58it/s]QA Reading:  49%|████▊     | 486/1000 [00:00<00:00, 2425.30it/s]QA Reading:  73%|███████▎  | 729/1000 [00:00<00:00, 2373.52it/s]QA Reading:  97%|█████████▋| 970/1000 [00:00<00:00, 2386.86it/s]QA Reading: 100%|██████████| 1000/1000 [00:00<00:00, 2391.49it/s]
Extraction Answers from LLM Response: 0it [00:00, ?it/s]Extraction Answers from LLM Response: 882it [00:00, 8812.17it/s]Extraction Answers from LLM Response: 1000it [00:00, 8825.28it/s]
INFO:src.hipporag.HippoRAG:Evaluation results for QA: {'ExactMatch': 0.33, 'F1': 0.4266}
INFO:src.hipporag.HippoRAG:Preparing for fast retrieval.
INFO:src.hipporag.HippoRAG:Loading keys.
INFO:src.hipporag.HippoRAG:Loading embeddings.
INFO:__main__:LLM binding enabled: url=http://localhost:8043/v1 model=qwen3-8b-train
INFO:src.hipporag.HippoRAG:Encoding 2 queries for query_to_passage.
INFO:src.hipporag.HippoRAG:Encoding 4 queries for query_to_passage.
INFO:src.hipporag.HippoRAG:Encoding 1 queries for query_to_passage.
INFO:src.hipporag.HippoRAG:Encoding 2 queries for query_to_passage.
INFO:src.hipporag.HippoRAG:Encoding 1 queries for query_to_passage.
INFO:src.hipporag.HippoRAG:Encoding 2 queries for query_to_passage.
INFO:src.hipporag.HippoRAG:Encoding 1 queries for query_to_passage.
INFO:src.hipporag.HippoRAG:Encoding 2 queries for query_to_passage.
INFO:src.hipporag.HippoRAG:Encoding 4 queries for query_to_passage.
INFO:src.hipporag.HippoRAG:Encoding 1 queries for query_to_passage.
INFO:src.hipporag.HippoRAG:Encoding 4 queries for query_to_passage.
INFO:src.hipporag.HippoRAG:Encoding 3 queries for query_to_passage.
INFO:src.hipporag.HippoRAG:Encoding 3 queries for query_to_passage.
INFO:src.hipporag.HippoRAG:Encoding 1 queries for query_to_passage.
INFO:src.hipporag.HippoRAG:Encoding 1 queries for query_to_passage.
INFO:src.hipporag.HippoRAG:Encoding 1 queries for query_to_passage.
INFO:src.hipporag.HippoRAG:Encoding 2 queries for query_to_passage.
INFO:src.hipporag.HippoRAG:Encoding 1 queries for query_to_passage.
INFO:src.hipporag.HippoRAG:Encoding 2 queries for query_to_passage.
INFO:src.hipporag.HippoRAG:Encoding 1 queries for query_to_passage.
INFO:src.hipporag.HippoRAG:Encoding 4 queries for query_to_passage.
INFO:src.hipporag.HippoRAG:Encoding 2 queries for query_to_passage.
INFO:src.hipporag.HippoRAG:Encoding 2 queries for query_to_passage.
INFO:src.hipporag.HippoRAG:Encoding 4 queries for query_to_passage.
INFO:src.hipporag.HippoRAG:Encoding 1 queries for query_to_passage.
INFO:src.hipporag.HippoRAG:Encoding 1 queries for query_to_passage.
INFO:src.hipporag.HippoRAG:Encoding 1 queries for query_to_passage.
INFO:src.hipporag.HippoRAG:Encoding 1 queries for query_to_passage.
INFO:src.hipporag.HippoRAG:Encoding 1 queries for query_to_passage.
INFO:src.hipporag.HippoRAG:Encoding 1 queries for query_to_passage.
INFO:src.hipporag.HippoRAG:Encoding 1 queries for query_to_passage.
INFO:src.hipporag.HippoRAG:Encoding 1 queries for query_to_passage.
INFO:src.hipporag.HippoRAG:Encoding 1 queries for query_to_passage.
INFO:src.hipporag.HippoRAG:Encoding 1 queries for query_to_passage.
INFO:src.hipporag.HippoRAG:Encoding 2 queries for query_to_passage.
INFO:src.hipporag.HippoRAG:Encoding 4 queries for query_to_passage.
INFO:src.hipporag.HippoRAG:Encoding 2 queries for query_to_passage.
INFO:src.hipporag.HippoRAG:Encoding 2 queries for query_to_passage.
INFO:src.hipporag.HippoRAG:Encoding 1 queries for query_to_passage.
INFO:src.hipporag.HippoRAG:Encoding 2 queries for query_to_passage.
INFO:src.hipporag.HippoRAG:Encoding 1 queries for query_to_passage.
INFO:src.hipporag.HippoRAG:Encoding 4 queries for query_to_passage.
INFO:src.hipporag.HippoRAG:Encoding 2 queries for query_to_passage.
INFO:src.hipporag.HippoRAG:Encoding 1 queries for query_to_passage.
INFO:src.hipporag.HippoRAG:Encoding 1 queries for query_to_passage.
INFO:src.hipporag.HippoRAG:Encoding 1 queries for query_to_passage.
INFO:src.hipporag.HippoRAG:Encoding 1 queries for query_to_passage.
INFO:src.hipporag.HippoRAG:Encoding 2 queries for query_to_passage.
INFO:src.hipporag.HippoRAG:Encoding 1 queries for query_to_passage.
INFO:src.hipporag.HippoRAG:Encoding 3 queries for query_to_passage.
INFO:src.hipporag.HippoRAG:Encoding 3 queries for query_to_passage.
INFO:src.hipporag.HippoRAG:Encoding 1 queries for query_to_passage.
INFO:src.hipporag.HippoRAG:Encoding 1 queries for query_to_passage.
INFO:src.hipporag.HippoRAG:Encoding 1 queries for query_to_passage.
INFO:src.hipporag.HippoRAG:Encoding 2 queries for query_to_passage.
INFO:src.hipporag.HippoRAG:Encoding 3 queries for query_to_passage.
INFO:src.hipporag.HippoRAG:Encoding 1 queries for query_to_passage.
INFO:src.hipporag.HippoRAG:Encoding 1 queries for query_to_passage.
INFO:src.hipporag.HippoRAG:Encoding 1 queries for query_to_passage.
INFO:src.hipporag.HippoRAG:Encoding 2 queries for query_to_passage.
INFO:src.hipporag.HippoRAG:Encoding 1 queries for query_to_passage.
INFO:src.hipporag.HippoRAG:Encoding 3 queries for query_to_passage.
INFO:src.hipporag.HippoRAG:Encoding 2 queries for query_to_passage.
INFO:src.hipporag.HippoRAG:Encoding 4 queries for query_to_passage.
INFO:src.hipporag.HippoRAG:Encoding 1 queries for query_to_passage.
INFO:src.hipporag.HippoRAG:Encoding 1 queries for query_to_passage.
INFO:src.hipporag.HippoRAG:Encoding 1 queries for query_to_passage.
INFO:src.hipporag.HippoRAG:Encoding 1 queries for query_to_passage.
INFO:src.hipporag.HippoRAG:Encoding 1 queries for query_to_passage.
INFO:src.hipporag.HippoRAG:Encoding 1 queries for query_to_passage.
INFO:src.hipporag.HippoRAG:Encoding 2 queries for query_to_passage.
INFO:src.hipporag.HippoRAG:Encoding 2 queries for query_to_passage.
INFO:src.hipporag.HippoRAG:Encoding 1 queries for query_to_passage.
INFO:src.hipporag.HippoRAG:Encoding 1 queries for query_to_passage.
INFO:src.hipporag.HippoRAG:Encoding 1 queries for query_to_passage.
INFO:src.hipporag.HippoRAG:Encoding 1 queries for query_to_passage.
INFO:src.hipporag.HippoRAG:Encoding 4 queries for query_to_passage.
INFO:src.hipporag.HippoRAG:Encoding 1 queries for query_to_passage.
INFO:src.hipporag.HippoRAG:Encoding 3 queries for query_to_passage.
INFO:src.hipporag.HippoRAG:Encoding 2 queries for query_to_passage.
INFO:src.hipporag.HippoRAG:Encoding 1 queries for query_to_passage.
INFO:src.hipporag.HippoRAG:Encoding 2 queries for query_to_passage.
INFO:src.hipporag.HippoRAG:Encoding 1 queries for query_to_passage.
INFO:src.hipporag.HippoRAG:Encoding 1 queries for query_to_passage.
INFO:src.hipporag.HippoRAG:Encoding 2 queries for query_to_passage.
INFO:src.hipporag.HippoRAG:Encoding 1 queries for query_to_passage.
INFO:src.hipporag.HippoRAG:Encoding 2 queries for query_to_passage.
INFO:src.hipporag.HippoRAG:Encoding 3 queries for query_to_passage.
INFO:src.hipporag.HippoRAG:Encoding 1 queries for query_to_passage.
INFO:src.hipporag.HippoRAG:Encoding 2 queries for query_to_passage.
INFO:src.hipporag.HippoRAG:Encoding 2 queries for query_to_passage.
INFO:src.hipporag.HippoRAG:Encoding 2 queries for query_to_passage.
INFO:src.hipporag.HippoRAG:Encoding 2 queries for query_to_passage.
INFO:src.hipporag.HippoRAG:Encoding 1 queries for query_to_passage.
INFO:src.hipporag.HippoRAG:Encoding 3 queries for query_to_passage.
INFO:src.hipporag.HippoRAG:Encoding 3 queries for query_to_passage.
INFO:src.hipporag.HippoRAG:Encoding 2 queries for query_to_passage.
INFO:src.hipporag.HippoRAG:Encoding 1 queries for query_to_passage.
INFO:src.hipporag.HippoRAG:Encoding 2 queries for query_to_passage.
INFO:src.hipporag.HippoRAG:Encoding 4 queries for query_to_passage.
INFO:src.hipporag.HippoRAG:Encoding 4 queries for query_to_passage.
INFO:src.hipporag.HippoRAG:Encoding 2 queries for query_to_passage.
INFO:src.hipporag.HippoRAG:Encoding 3 queries for query_to_passage.
INFO:src.hipporag.HippoRAG:Encoding 1 queries for query_to_passage.
INFO:src.hipporag.HippoRAG:Encoding 1 queries for query_to_passage.
INFO:src.hipporag.HippoRAG:Encoding 2 queries for query_to_passage.
INFO:src.hipporag.HippoRAG:Encoding 4 queries for query_to_passage.
INFO:src.hipporag.HippoRAG:Encoding 4 queries for query_to_passage.
INFO:src.hipporag.HippoRAG:Encoding 1 queries for query_to_passage.
INFO:src.hipporag.HippoRAG:Encoding 1 queries for query_to_passage.
INFO:src.hipporag.HippoRAG:Encoding 1 queries for query_to_passage.
INFO:src.hipporag.HippoRAG:Encoding 1 queries for query_to_passage.
INFO:src.hipporag.HippoRAG:Encoding 1 queries for query_to_passage.
INFO:src.hipporag.HippoRAG:Encoding 3 queries for query_to_passage.
INFO:src.hipporag.HippoRAG:Encoding 2 queries for query_to_passage.
INFO:src.hipporag.HippoRAG:Encoding 1 queries for query_to_passage.
INFO:src.hipporag.HippoRAG:Encoding 1 queries for query_to_passage.
INFO:src.hipporag.HippoRAG:Encoding 1 queries for query_to_passage.
INFO:src.hipporag.HippoRAG:Encoding 2 queries for query_to_passage.
INFO:src.hipporag.HippoRAG:Encoding 2 queries for query_to_passage.
INFO:src.hipporag.HippoRAG:Encoding 3 queries for query_to_passage.
INFO:src.hipporag.HippoRAG:Encoding 2 queries for query_to_passage.
INFO:src.hipporag.HippoRAG:Encoding 2 queries for query_to_passage.
INFO:src.hipporag.HippoRAG:Encoding 1 queries for query_to_passage.
INFO:src.hipporag.HippoRAG:Encoding 1 queries for query_to_passage.
INFO:src.hipporag.HippoRAG:Encoding 3 queries for query_to_passage.
INFO:src.hipporag.HippoRAG:Encoding 1 queries for query_to_passage.
INFO:src.hipporag.HippoRAG:Encoding 1 queries for query_to_passage.
INFO:src.hipporag.HippoRAG:Encoding 2 queries for query_to_passage.
INFO:src.hipporag.HippoRAG:Encoding 3 queries for query_to_passage.
INFO:src.hipporag.HippoRAG:Encoding 2 queries for query_to_passage.
INFO:src.hipporag.HippoRAG:Encoding 3 queries for query_to_passage.
INFO:src.hipporag.HippoRAG:Encoding 1 queries for query_to_passage.
INFO:src.hipporag.HippoRAG:Encoding 1 queries for query_to_passage.
INFO:src.hipporag.HippoRAG:Encoding 1 queries for query_to_passage.
INFO:src.hipporag.HippoRAG:Encoding 1 queries for query_to_passage.
INFO:src.hipporag.HippoRAG:Encoding 1 queries for query_to_passage.
INFO:src.hipporag.HippoRAG:Encoding 1 queries for query_to_passage.
INFO:src.hipporag.HippoRAG:Encoding 1 queries for query_to_passage.
INFO:src.hipporag.HippoRAG:Encoding 2 queries for query_to_passage.
INFO:src.hipporag.HippoRAG:Encoding 2 queries for query_to_passage.
INFO:src.hipporag.HippoRAG:Encoding 4 queries for query_to_passage.
INFO:src.hipporag.HippoRAG:Encoding 2 queries for query_to_passage.
INFO:src.hipporag.HippoRAG:Encoding 2 queries for query_to_passage.
INFO:src.hipporag.HippoRAG:Encoding 1 queries for query_to_passage.
INFO:src.hipporag.HippoRAG:Encoding 2 queries for query_to_passage.
INFO:src.hipporag.HippoRAG:Encoding 2 queries for query_to_passage.
INFO:src.hipporag.HippoRAG:Encoding 1 queries for query_to_passage.
INFO:src.hipporag.HippoRAG:Encoding 1 queries for query_to_passage.
INFO:src.hipporag.HippoRAG:Encoding 4 queries for query_to_passage.
INFO:src.hipporag.HippoRAG:Encoding 2 queries for query_to_passage.
INFO:src.hipporag.HippoRAG:Encoding 2 queries for query_to_passage.
INFO:src.hipporag.HippoRAG:Encoding 3 queries for query_to_passage.
INFO:src.hipporag.HippoRAG:Encoding 2 queries for query_to_passage.
INFO:src.hipporag.HippoRAG:Encoding 1 queries for query_to_passage.
INFO:src.hipporag.HippoRAG:Encoding 2 queries for query_to_passage.
INFO:src.hipporag.HippoRAG:Encoding 1 queries for query_to_passage.
INFO:src.hipporag.HippoRAG:Encoding 1 queries for query_to_passage.
INFO:src.hipporag.HippoRAG:Encoding 3 queries for query_to_passage.
INFO:src.hipporag.HippoRAG:Encoding 2 queries for query_to_passage.
INFO:src.hipporag.HippoRAG:Encoding 1 queries for query_to_passage.
INFO:src.hipporag.HippoRAG:Encoding 2 queries for query_to_passage.
INFO:src.hipporag.HippoRAG:Encoding 2 queries for query_to_passage.
INFO:src.hipporag.HippoRAG:Encoding 1 queries for query_to_passage.
INFO:src.hipporag.HippoRAG:Encoding 4 queries for query_to_passage.
INFO:src.hipporag.HippoRAG:Encoding 2 queries for query_to_passage.
INFO:src.hipporag.HippoRAG:Encoding 3 queries for query_to_passage.
INFO:src.hipporag.HippoRAG:Encoding 2 queries for query_to_passage.
INFO:src.hipporag.HippoRAG:Encoding 4 queries for query_to_passage.
INFO:src.hipporag.HippoRAG:Encoding 1 queries for query_to_passage.
INFO:src.hipporag.HippoRAG:Encoding 1 queries for query_to_passage.
INFO:src.hipporag.HippoRAG:Encoding 2 queries for query_to_passage.
INFO:src.hipporag.HippoRAG:Encoding 3 queries for query_to_passage.
INFO:src.hipporag.HippoRAG:Encoding 2 queries for query_to_passage.
INFO:src.hipporag.HippoRAG:Encoding 2 queries for query_to_passage.
INFO:src.hipporag.HippoRAG:Encoding 1 queries for query_to_passage.
INFO:src.hipporag.HippoRAG:Encoding 2 queries for query_to_passage.
INFO:src.hipporag.HippoRAG:Encoding 3 queries for query_to_passage.
INFO:src.hipporag.HippoRAG:Encoding 1 queries for query_to_passage.
INFO:src.hipporag.HippoRAG:Encoding 1 queries for query_to_passage.
INFO:src.hipporag.HippoRAG:Encoding 3 queries for query_to_passage.
INFO:src.hipporag.HippoRAG:Encoding 1 queries for query_to_passage.
INFO:src.hipporag.HippoRAG:Encoding 1 queries for query_to_passage.
INFO:src.hipporag.HippoRAG:Encoding 1 queries for query_to_passage.
INFO:src.hipporag.HippoRAG:Encoding 2 queries for query_to_passage.
INFO:src.hipporag.HippoRAG:Encoding 4 queries for query_to_passage.
INFO:src.hipporag.HippoRAG:Encoding 2 queries for query_to_passage.
INFO:src.hipporag.HippoRAG:Encoding 2 queries for query_to_passage.
INFO:src.hipporag.HippoRAG:Encoding 2 queries for query_to_passage.
INFO:src.hipporag.HippoRAG:Encoding 2 queries for query_to_passage.
INFO:src.hipporag.HippoRAG:Encoding 1 queries for query_to_passage.
INFO:src.hipporag.HippoRAG:Encoding 1 queries for query_to_passage.
INFO:src.hipporag.HippoRAG:Encoding 3 queries for query_to_passage.
INFO:src.hipporag.HippoRAG:Encoding 4 queries for query_to_passage.
INFO:src.hipporag.HippoRAG:Encoding 2 queries for query_to_passage.
INFO:src.hipporag.HippoRAG:Encoding 2 queries for query_to_passage.
INFO:src.hipporag.HippoRAG:Encoding 3 queries for query_to_passage.
INFO:src.hipporag.HippoRAG:Encoding 1 queries for query_to_passage.
INFO:src.hipporag.HippoRAG:Encoding 1 queries for query_to_passage.
INFO:src.hipporag.HippoRAG:Encoding 1 queries for query_to_passage.
INFO:src.hipporag.HippoRAG:Encoding 2 queries for query_to_passage.
INFO:src.hipporag.HippoRAG:Encoding 4 queries for query_to_passage.
INFO:src.hipporag.HippoRAG:Encoding 4 queries for query_to_passage.
INFO:src.hipporag.HippoRAG:Encoding 4 queries for query_to_passage.
INFO:src.hipporag.HippoRAG:Encoding 4 queries for query_to_passage.
INFO:src.hipporag.HippoRAG:Encoding 1 queries for query_to_passage.
INFO:src.hipporag.HippoRAG:Encoding 1 queries for query_to_passage.
INFO:src.hipporag.HippoRAG:Encoding 1 queries for query_to_passage.
INFO:src.hipporag.HippoRAG:Encoding 3 queries for query_to_passage.
INFO:src.hipporag.HippoRAG:Encoding 1 queries for query_to_passage.
INFO:src.hipporag.HippoRAG:Encoding 1 queries for query_to_passage.
INFO:src.hipporag.HippoRAG:Encoding 2 queries for query_to_passage.
INFO:src.hipporag.HippoRAG:Encoding 1 queries for query_to_passage.
INFO:src.hipporag.HippoRAG:Encoding 1 queries for query_to_passage.
INFO:src.hipporag.HippoRAG:Encoding 2 queries for query_to_passage.
INFO:src.hipporag.HippoRAG:Encoding 1 queries for query_to_passage.
INFO:src.hipporag.HippoRAG:Encoding 3 queries for query_to_passage.
INFO:src.hipporag.HippoRAG:Encoding 1 queries for query_to_passage.
INFO:src.hipporag.HippoRAG:Encoding 2 queries for query_to_passage.
INFO:src.hipporag.HippoRAG:Encoding 2 queries for query_to_passage.
INFO:src.hipporag.HippoRAG:Encoding 2 queries for query_to_passage.
INFO:src.hipporag.HippoRAG:Encoding 2 queries for query_to_passage.
INFO:src.hipporag.HippoRAG:Encoding 1 queries for query_to_passage.
INFO:src.hipporag.HippoRAG:Encoding 2 queries for query_to_passage.
INFO:src.hipporag.HippoRAG:Encoding 1 queries for query_to_passage.
INFO:src.hipporag.HippoRAG:Encoding 2 queries for query_to_passage.
INFO:src.hipporag.HippoRAG:Encoding 2 queries for query_to_passage.
INFO:src.hipporag.HippoRAG:Encoding 3 queries for query_to_passage.
INFO:src.hipporag.HippoRAG:Encoding 1 queries for query_to_passage.
INFO:src.hipporag.HippoRAG:Encoding 1 queries for query_to_passage.
INFO:src.hipporag.HippoRAG:Encoding 2 queries for query_to_passage.
INFO:src.hipporag.HippoRAG:Encoding 1 queries for query_to_passage.
INFO:src.hipporag.HippoRAG:Encoding 1 queries for query_to_passage.
INFO:src.hipporag.HippoRAG:Encoding 4 queries for query_to_passage.
INFO:src.hipporag.HippoRAG:Encoding 1 queries for query_to_passage.
INFO:src.hipporag.HippoRAG:Encoding 1 queries for query_to_passage.
INFO:src.hipporag.HippoRAG:Encoding 2 queries for query_to_passage.
INFO:src.hipporag.HippoRAG:Encoding 2 queries for query_to_passage.
INFO:src.hipporag.HippoRAG:Encoding 1 queries for query_to_passage.
INFO:src.hipporag.HippoRAG:Encoding 2 queries for query_to_passage.
INFO:src.hipporag.HippoRAG:Encoding 3 queries for query_to_passage.
INFO:src.hipporag.HippoRAG:Encoding 2 queries for query_to_passage.
INFO:src.hipporag.HippoRAG:Encoding 1 queries for query_to_passage.
INFO:src.hipporag.HippoRAG:Encoding 2 queries for query_to_passage.
INFO:src.hipporag.HippoRAG:Encoding 2 queries for query_to_passage.
INFO:src.hipporag.HippoRAG:Encoding 2 queries for query_to_passage.
INFO:src.hipporag.HippoRAG:Encoding 1 queries for query_to_passage.
INFO:src.hipporag.HippoRAG:Encoding 2 queries for query_to_passage.
INFO:src.hipporag.HippoRAG:Encoding 1 queries for query_to_passage.
INFO:src.hipporag.HippoRAG:Encoding 2 queries for query_to_passage.
INFO:src.hipporag.HippoRAG:Encoding 3 queries for query_to_passage.
INFO:src.hipporag.HippoRAG:Encoding 3 queries for query_to_passage.
INFO:src.hipporag.HippoRAG:Encoding 1 queries for query_to_passage.
INFO:src.hipporag.HippoRAG:Encoding 1 queries for query_to_passage.
INFO:src.hipporag.HippoRAG:Encoding 2 queries for query_to_passage.
INFO:src.hipporag.HippoRAG:Encoding 1 queries for query_to_passage.
INFO:src.hipporag.HippoRAG:Encoding 2 queries for query_to_passage.
INFO:src.hipporag.HippoRAG:Encoding 3 queries for query_to_passage.
INFO:src.hipporag.HippoRAG:Encoding 1 queries for query_to_passage.
INFO:src.hipporag.HippoRAG:Encoding 2 queries for query_to_passage.
INFO:src.hipporag.HippoRAG:Encoding 2 queries for query_to_passage.
INFO:src.hipporag.HippoRAG:Encoding 2 queries for query_to_passage.
INFO:src.hipporag.HippoRAG:Encoding 1 queries for query_to_passage.
INFO:src.hipporag.HippoRAG:Encoding 3 queries for query_to_passage.
INFO:src.hipporag.HippoRAG:Encoding 1 queries for query_to_passage.
INFO:src.hipporag.HippoRAG:Encoding 3 queries for query_to_passage.
INFO:src.hipporag.HippoRAG:Encoding 1 queries for query_to_passage.
INFO:src.hipporag.HippoRAG:Encoding 3 queries for query_to_passage.
INFO:src.hipporag.HippoRAG:Encoding 2 queries for query_to_passage.
INFO:src.hipporag.HippoRAG:Encoding 3 queries for query_to_passage.
INFO:src.hipporag.HippoRAG:Encoding 1 queries for query_to_passage.
INFO:src.hipporag.HippoRAG:Encoding 1 queries for query_to_passage.
INFO:src.hipporag.HippoRAG:Encoding 1 queries for query_to_passage.
INFO:src.hipporag.HippoRAG:Encoding 3 queries for query_to_passage.
INFO:src.hipporag.HippoRAG:Encoding 2 queries for query_to_passage.
INFO:src.hipporag.HippoRAG:Encoding 1 queries for query_to_passage.
INFO:src.hipporag.HippoRAG:Encoding 2 queries for query_to_passage.
INFO:src.hipporag.HippoRAG:Encoding 1 queries for query_to_passage.
INFO:src.hipporag.HippoRAG:Encoding 1 queries for query_to_passage.
INFO:src.hipporag.HippoRAG:Encoding 3 queries for query_to_passage.
INFO:src.hipporag.HippoRAG:Encoding 3 queries for query_to_passage.
INFO:src.hipporag.HippoRAG:Encoding 1 queries for query_to_passage.
INFO:src.hipporag.HippoRAG:Encoding 1 queries for query_to_passage.
INFO:src.hipporag.HippoRAG:Encoding 1 queries for query_to_passage.
INFO:src.hipporag.HippoRAG:Encoding 3 queries for query_to_passage.
INFO:src.hipporag.HippoRAG:Encoding 2 queries for query_to_passage.
INFO:src.hipporag.HippoRAG:Encoding 2 queries for query_to_passage.
INFO:src.hipporag.HippoRAG:Encoding 2 queries for query_to_passage.
INFO:src.hipporag.HippoRAG:Encoding 1 queries for query_to_passage.
INFO:src.hipporag.HippoRAG:Encoding 1 queries for query_to_passage.
INFO:src.hipporag.HippoRAG:Encoding 2 queries for query_to_passage.
INFO:src.hipporag.HippoRAG:Encoding 1 queries for query_to_passage.
INFO:src.hipporag.HippoRAG:Encoding 2 queries for query_to_passage.
INFO:src.hipporag.HippoRAG:Encoding 1 queries for query_to_passage.
INFO:src.hipporag.HippoRAG:Encoding 1 queries for query_to_passage.
INFO:src.hipporag.HippoRAG:Encoding 1 queries for query_to_passage.
INFO:src.hipporag.HippoRAG:Encoding 1 queries for query_to_passage.
INFO:src.hipporag.HippoRAG:Encoding 3 queries for query_to_passage.
INFO:src.hipporag.HippoRAG:Encoding 2 queries for query_to_passage.
INFO:src.hipporag.HippoRAG:Encoding 1 queries for query_to_passage.
INFO:src.hipporag.HippoRAG:Encoding 1 queries for query_to_passage.
INFO:src.hipporag.HippoRAG:Encoding 1 queries for query_to_passage.
INFO:src.hipporag.HippoRAG:Encoding 1 queries for query_to_passage.
INFO:src.hipporag.HippoRAG:Encoding 4 queries for query_to_passage.
INFO:src.hipporag.HippoRAG:Encoding 1 queries for query_to_passage.
INFO:src.hipporag.HippoRAG:Encoding 2 queries for query_to_passage.
INFO:src.hipporag.HippoRAG:Encoding 1 queries for query_to_passage.
INFO:src.hipporag.HippoRAG:Encoding 2 queries for query_to_passage.
INFO:src.hipporag.HippoRAG:Encoding 1 queries for query_to_passage.
INFO:src.hipporag.HippoRAG:Encoding 1 queries for query_to_passage.
INFO:src.hipporag.HippoRAG:Encoding 1 queries for query_to_passage.
INFO:src.hipporag.HippoRAG:Encoding 1 queries for query_to_passage.
INFO:src.hipporag.HippoRAG:Encoding 1 queries for query_to_passage.
INFO:src.hipporag.HippoRAG:Encoding 2 queries for query_to_passage.
INFO:src.hipporag.HippoRAG:Encoding 2 queries for query_to_passage.
INFO:src.hipporag.HippoRAG:Encoding 1 queries for query_to_passage.
INFO:src.hipporag.HippoRAG:Encoding 2 queries for query_to_passage.
INFO:src.hipporag.HippoRAG:Encoding 1 queries for query_to_passage.
INFO:src.hipporag.HippoRAG:Encoding 2 queries for query_to_passage.
INFO:src.hipporag.HippoRAG:Encoding 4 queries for query_to_passage.
INFO:src.hipporag.HippoRAG:Encoding 2 queries for query_to_passage.
INFO:src.hipporag.HippoRAG:Encoding 1 queries for query_to_passage.
INFO:src.hipporag.HippoRAG:Encoding 2 queries for query_to_passage.
INFO:src.hipporag.HippoRAG:Encoding 1 queries for query_to_passage.
INFO:src.hipporag.HippoRAG:Encoding 1 queries for query_to_passage.
INFO:src.hipporag.HippoRAG:Encoding 1 queries for query_to_passage.
INFO:src.hipporag.HippoRAG:Encoding 4 queries for query_to_passage.
INFO:src.hipporag.HippoRAG:Encoding 2 queries for query_to_passage.
INFO:src.hipporag.HippoRAG:Encoding 2 queries for query_to_passage.
INFO:src.hipporag.HippoRAG:Encoding 2 queries for query_to_passage.
INFO:src.hipporag.HippoRAG:Encoding 2 queries for query_to_passage.
INFO:src.hipporag.HippoRAG:Encoding 3 queries for query_to_passage.
INFO:src.hipporag.HippoRAG:Encoding 1 queries for query_to_passage.
INFO:src.hipporag.HippoRAG:Encoding 1 queries for query_to_passage.
INFO:src.hipporag.HippoRAG:Encoding 2 queries for query_to_passage.
INFO:src.hipporag.HippoRAG:Encoding 2 queries for query_to_passage.
INFO:src.hipporag.HippoRAG:Encoding 4 queries for query_to_passage.
INFO:src.hipporag.HippoRAG:Encoding 1 queries for query_to_passage.
INFO:src.hipporag.HippoRAG:Encoding 2 queries for query_to_passage.
INFO:src.hipporag.HippoRAG:Encoding 2 queries for query_to_passage.
INFO:src.hipporag.HippoRAG:Encoding 2 queries for query_to_passage.
INFO:src.hipporag.HippoRAG:Encoding 2 queries for query_to_passage.
INFO:src.hipporag.HippoRAG:Encoding 2 queries for query_to_passage.
INFO:src.hipporag.HippoRAG:Encoding 1 queries for query_to_passage.
INFO:src.hipporag.HippoRAG:Encoding 2 queries for query_to_passage.
INFO:src.hipporag.HippoRAG:Encoding 2 queries for query_to_passage.
INFO:src.hipporag.HippoRAG:Encoding 3 queries for query_to_passage.
INFO:src.hipporag.HippoRAG:Encoding 2 queries for query_to_passage.
INFO:src.hipporag.HippoRAG:Encoding 1 queries for query_to_passage.
INFO:src.hipporag.HippoRAG:Encoding 1 queries for query_to_passage.
INFO:src.hipporag.HippoRAG:Encoding 1 queries for query_to_passage.
INFO:src.hipporag.HippoRAG:Encoding 1 queries for query_to_passage.
INFO:src.hipporag.HippoRAG:Encoding 1 queries for query_to_passage.
INFO:src.hipporag.HippoRAG:Encoding 4 queries for query_to_passage.
INFO:src.hipporag.HippoRAG:Encoding 2 queries for query_to_passage.
INFO:src.hipporag.HippoRAG:Encoding 1 queries for query_to_passage.
INFO:src.hipporag.HippoRAG:Encoding 1 queries for query_to_passage.
INFO:src.hipporag.HippoRAG:Encoding 1 queries for query_to_passage.
INFO:src.hipporag.HippoRAG:Encoding 2 queries for query_to_passage.
INFO:src.hipporag.HippoRAG:Encoding 1 queries for query_to_passage.
INFO:src.hipporag.HippoRAG:Encoding 2 queries for query_to_passage.
INFO:src.hipporag.HippoRAG:Encoding 3 queries for query_to_passage.
INFO:src.hipporag.HippoRAG:Encoding 1 queries for query_to_passage.
INFO:src.hipporag.HippoRAG:Encoding 1 queries for query_to_passage.
INFO:src.hipporag.HippoRAG:Encoding 3 queries for query_to_passage.
INFO:src.hipporag.HippoRAG:Encoding 1 queries for query_to_passage.
INFO:src.hipporag.HippoRAG:Encoding 1 queries for query_to_passage.
INFO:src.hipporag.HippoRAG:Encoding 2 queries for query_to_passage.
INFO:src.hipporag.HippoRAG:Encoding 2 queries for query_to_passage.
INFO:src.hipporag.HippoRAG:Encoding 2 queries for query_to_passage.
INFO:src.hipporag.HippoRAG:Encoding 3 queries for query_to_passage.
INFO:src.hipporag.HippoRAG:Encoding 2 queries for query_to_passage.
INFO:src.hipporag.HippoRAG:Encoding 3 queries for query_to_passage.
INFO:src.hipporag.HippoRAG:Encoding 3 queries for query_to_passage.
INFO:src.hipporag.HippoRAG:Encoding 2 queries for query_to_passage.
INFO:src.hipporag.HippoRAG:Encoding 1 queries for query_to_passage.
INFO:src.hipporag.HippoRAG:Encoding 2 queries for query_to_passage.
INFO:src.hipporag.HippoRAG:Encoding 1 queries for query_to_passage.
INFO:src.hipporag.HippoRAG:Encoding 3 queries for query_to_passage.
INFO:src.hipporag.HippoRAG:Encoding 4 queries for query_to_passage.
INFO:src.hipporag.HippoRAG:Encoding 1 queries for query_to_passage.
INFO:src.hipporag.HippoRAG:Encoding 1 queries for query_to_passage.
INFO:src.hipporag.HippoRAG:Encoding 4 queries for query_to_passage.
INFO:src.hipporag.HippoRAG:Encoding 1 queries for query_to_passage.
INFO:src.hipporag.HippoRAG:Encoding 1 queries for query_to_passage.
INFO:src.hipporag.HippoRAG:Encoding 1 queries for query_to_passage.
INFO:src.hipporag.HippoRAG:Encoding 4 queries for query_to_passage.
INFO:src.hipporag.HippoRAG:Encoding 1 queries for query_to_passage.
INFO:src.hipporag.HippoRAG:Encoding 1 queries for query_to_passage.
INFO:src.hipporag.HippoRAG:Encoding 1 queries for query_to_passage.
INFO:src.hipporag.HippoRAG:Encoding 1 queries for query_to_passage.
INFO:src.hipporag.HippoRAG:Encoding 2 queries for query_to_passage.
INFO:src.hipporag.HippoRAG:Encoding 1 queries for query_to_passage.
INFO:src.hipporag.HippoRAG:Encoding 1 queries for query_to_passage.
INFO:src.hipporag.HippoRAG:Encoding 2 queries for query_to_passage.
INFO:src.hipporag.HippoRAG:Encoding 1 queries for query_to_passage.
INFO:src.hipporag.HippoRAG:Encoding 1 queries for query_to_passage.
INFO:src.hipporag.HippoRAG:Encoding 3 queries for query_to_passage.
INFO:src.hipporag.HippoRAG:Encoding 2 queries for query_to_passage.
INFO:src.hipporag.HippoRAG:Encoding 2 queries for query_to_passage.
INFO:src.hipporag.HippoRAG:Encoding 1 queries for query_to_passage.
INFO:src.hipporag.HippoRAG:Encoding 2 queries for query_to_passage.
INFO:src.hipporag.HippoRAG:Encoding 2 queries for query_to_passage.
INFO:src.hipporag.HippoRAG:Encoding 2 queries for query_to_passage.
INFO:src.hipporag.HippoRAG:Encoding 2 queries for query_to_passage.
INFO:src.hipporag.HippoRAG:Encoding 1 queries for query_to_passage.
INFO:src.hipporag.HippoRAG:Encoding 3 queries for query_to_passage.
INFO:src.hipporag.HippoRAG:Encoding 1 queries for query_to_passage.
INFO:src.hipporag.HippoRAG:Encoding 3 queries for query_to_passage.
INFO:src.hipporag.HippoRAG:Encoding 2 queries for query_to_passage.
INFO:src.hipporag.HippoRAG:Encoding 2 queries for query_to_passage.
INFO:src.hipporag.HippoRAG:Encoding 2 queries for query_to_passage.
INFO:src.hipporag.HippoRAG:Encoding 2 queries for query_to_passage.
INFO:src.hipporag.HippoRAG:Encoding 1 queries for query_to_passage.
INFO:src.hipporag.HippoRAG:Encoding 3 queries for query_to_passage.
INFO:src.hipporag.HippoRAG:Encoding 1 queries for query_to_passage.
INFO:src.hipporag.HippoRAG:Encoding 3 queries for query_to_passage.
INFO:src.hipporag.HippoRAG:Encoding 1 queries for query_to_passage.
INFO:src.hipporag.HippoRAG:Encoding 2 queries for query_to_passage.
INFO:src.hipporag.HippoRAG:Encoding 2 queries for query_to_passage.
INFO:src.hipporag.HippoRAG:Encoding 2 queries for query_to_passage.
INFO:src.hipporag.HippoRAG:Encoding 2 queries for query_to_passage.
INFO:src.hipporag.HippoRAG:Encoding 1 queries for query_to_passage.
INFO:src.hipporag.HippoRAG:Encoding 2 queries for query_to_passage.
INFO:src.hipporag.HippoRAG:Encoding 1 queries for query_to_passage.
INFO:src.hipporag.HippoRAG:Encoding 2 queries for query_to_passage.
INFO:src.hipporag.HippoRAG:Encoding 4 queries for query_to_passage.
INFO:src.hipporag.HippoRAG:Encoding 2 queries for query_to_passage.
INFO:src.hipporag.HippoRAG:Encoding 1 queries for query_to_passage.
INFO:src.hipporag.HippoRAG:Encoding 2 queries for query_to_passage.
INFO:src.hipporag.HippoRAG:Encoding 1 queries for query_to_passage.
INFO:src.hipporag.HippoRAG:Encoding 2 queries for query_to_passage.
INFO:src.hipporag.HippoRAG:Encoding 2 queries for query_to_passage.
INFO:src.hipporag.HippoRAG:Encoding 1 queries for query_to_passage.
INFO:src.hipporag.HippoRAG:Encoding 2 queries for query_to_passage.
INFO:src.hipporag.HippoRAG:Encoding 1 queries for query_to_passage.
INFO:src.hipporag.HippoRAG:Encoding 1 queries for query_to_passage.
INFO:src.hipporag.HippoRAG:Encoding 2 queries for query_to_passage.
INFO:src.hipporag.HippoRAG:Encoding 1 queries for query_to_passage.
INFO:src.hipporag.HippoRAG:Encoding 1 queries for query_to_passage.
INFO:src.hipporag.HippoRAG:Encoding 2 queries for query_to_passage.
INFO:src.hipporag.HippoRAG:Encoding 1 queries for query_to_passage.
INFO:src.hipporag.HippoRAG:Encoding 2 queries for query_to_passage.
INFO:src.hipporag.HippoRAG:Encoding 1 queries for query_to_passage.
INFO:src.hipporag.HippoRAG:Encoding 1 queries for query_to_passage.
INFO:src.hipporag.HippoRAG:Encoding 4 queries for query_to_passage.
INFO:src.hipporag.HippoRAG:Encoding 1 queries for query_to_passage.
INFO:src.hipporag.HippoRAG:Encoding 4 queries for query_to_passage.
INFO:src.hipporag.HippoRAG:Encoding 1 queries for query_to_passage.
INFO:src.hipporag.HippoRAG:Encoding 1 queries for query_to_passage.
INFO:src.hipporag.HippoRAG:Encoding 1 queries for query_to_passage.
INFO:src.hipporag.HippoRAG:Encoding 1 queries for query_to_passage.
INFO:src.hipporag.HippoRAG:Encoding 1 queries for query_to_passage.
INFO:src.hipporag.HippoRAG:Encoding 1 queries for query_to_passage.
INFO:src.hipporag.HippoRAG:Encoding 3 queries for query_to_passage.
INFO:src.hipporag.HippoRAG:Encoding 2 queries for query_to_passage.
INFO:src.hipporag.HippoRAG:Encoding 4 queries for query_to_passage.
INFO:src.hipporag.HippoRAG:Encoding 2 queries for query_to_passage.
INFO:src.hipporag.HippoRAG:Encoding 2 queries for query_to_passage.
INFO:src.hipporag.HippoRAG:Encoding 1 queries for query_to_passage.
INFO:src.hipporag.HippoRAG:Encoding 2 queries for query_to_passage.
INFO:src.hipporag.HippoRAG:Encoding 2 queries for query_to_passage.
INFO:src.hipporag.HippoRAG:Encoding 2 queries for query_to_passage.
INFO:src.hipporag.HippoRAG:Encoding 1 queries for query_to_passage.
INFO:src.hipporag.HippoRAG:Encoding 2 queries for query_to_passage.
INFO:src.hipporag.HippoRAG:Encoding 1 queries for query_to_passage.
INFO:src.hipporag.HippoRAG:Encoding 4 queries for query_to_passage.
INFO:src.hipporag.HippoRAG:Encoding 2 queries for query_to_passage.
INFO:src.hipporag.HippoRAG:Encoding 2 queries for query_to_passage.
INFO:src.hipporag.HippoRAG:Encoding 2 queries for query_to_passage.
INFO:src.hipporag.HippoRAG:Encoding 3 queries for query_to_passage.
INFO:src.hipporag.HippoRAG:Encoding 1 queries for query_to_passage.
INFO:src.hipporag.HippoRAG:Encoding 1 queries for query_to_passage.
INFO:src.hipporag.HippoRAG:Encoding 1 queries for query_to_passage.
INFO:src.hipporag.HippoRAG:Encoding 1 queries for query_to_passage.
INFO:src.hipporag.HippoRAG:Encoding 1 queries for query_to_passage.
INFO:src.hipporag.HippoRAG:Encoding 1 queries for query_to_passage.
INFO:src.hipporag.HippoRAG:Encoding 1 queries for query_to_passage.
INFO:src.hipporag.HippoRAG:Encoding 1 queries for query_to_passage.
INFO:src.hipporag.HippoRAG:Encoding 3 queries for query_to_passage.
INFO:src.hipporag.HippoRAG:Encoding 1 queries for query_to_passage.
INFO:src.hipporag.HippoRAG:Encoding 1 queries for query_to_passage.
INFO:src.hipporag.HippoRAG:Encoding 2 queries for query_to_passage.
INFO:src.hipporag.HippoRAG:Encoding 2 queries for query_to_passage.
INFO:src.hipporag.HippoRAG:Encoding 1 queries for query_to_passage.
INFO:src.hipporag.HippoRAG:Encoding 1 queries for query_to_passage.
INFO:src.hipporag.HippoRAG:Encoding 2 queries for query_to_passage.
INFO:src.hipporag.HippoRAG:Encoding 2 queries for query_to_passage.
INFO:src.hipporag.HippoRAG:Encoding 1 queries for query_to_passage.
INFO:src.hipporag.HippoRAG:Encoding 2 queries for query_to_passage.
INFO:src.hipporag.HippoRAG:Encoding 1 queries for query_to_passage.
INFO:src.hipporag.HippoRAG:Encoding 1 queries for query_to_passage.
INFO:src.hipporag.HippoRAG:Encoding 1 queries for query_to_passage.
INFO:src.hipporag.HippoRAG:Encoding 2 queries for query_to_passage.
INFO:src.hipporag.HippoRAG:Encoding 1 queries for query_to_passage.
INFO:src.hipporag.HippoRAG:Encoding 1 queries for query_to_passage.
INFO:src.hipporag.HippoRAG:Encoding 2 queries for query_to_passage.
INFO:src.hipporag.HippoRAG:Encoding 4 queries for query_to_passage.
INFO:src.hipporag.HippoRAG:Encoding 2 queries for query_to_passage.
INFO:src.hipporag.HippoRAG:Encoding 3 queries for query_to_passage.
INFO:src.hipporag.HippoRAG:Encoding 1 queries for query_to_passage.
INFO:src.hipporag.HippoRAG:Encoding 4 queries for query_to_passage.
INFO:src.hipporag.HippoRAG:Encoding 2 queries for query_to_passage.
INFO:src.hipporag.HippoRAG:Encoding 1 queries for query_to_passage.
INFO:src.hipporag.HippoRAG:Encoding 2 queries for query_to_passage.
INFO:src.hipporag.HippoRAG:Encoding 2 queries for query_to_passage.
INFO:src.hipporag.HippoRAG:Encoding 1 queries for query_to_passage.
INFO:src.hipporag.HippoRAG:Encoding 2 queries for query_to_passage.
INFO:src.hipporag.HippoRAG:Encoding 2 queries for query_to_passage.
INFO:src.hipporag.HippoRAG:Encoding 2 queries for query_to_passage.
INFO:src.hipporag.HippoRAG:Encoding 2 queries for query_to_passage.
INFO:src.hipporag.HippoRAG:Encoding 1 queries for query_to_passage.
INFO:src.hipporag.HippoRAG:Encoding 2 queries for query_to_passage.
INFO:src.hipporag.HippoRAG:Encoding 2 queries for query_to_passage.
INFO:src.hipporag.HippoRAG:Encoding 2 queries for query_to_passage.
INFO:src.hipporag.HippoRAG:Encoding 2 queries for query_to_passage.
INFO:src.hipporag.HippoRAG:Encoding 2 queries for query_to_passage.
INFO:src.hipporag.HippoRAG:Encoding 1 queries for query_to_passage.
INFO:src.hipporag.HippoRAG:Encoding 1 queries for query_to_passage.
INFO:src.hipporag.HippoRAG:Encoding 4 queries for query_to_passage.
INFO:src.hipporag.HippoRAG:Encoding 2 queries for query_to_passage.
INFO:src.hipporag.HippoRAG:Encoding 4 queries for query_to_passage.
INFO:src.hipporag.HippoRAG:Encoding 2 queries for query_to_passage.
INFO:src.hipporag.HippoRAG:Encoding 3 queries for query_to_passage.
INFO:src.hipporag.HippoRAG:Encoding 1 queries for query_to_passage.
INFO:src.hipporag.HippoRAG:Encoding 3 queries for query_to_passage.
INFO:src.hipporag.HippoRAG:Encoding 2 queries for query_to_passage.
INFO:src.hipporag.HippoRAG:Encoding 1 queries for query_to_passage.
INFO:src.hipporag.HippoRAG:Encoding 2 queries for query_to_passage.
INFO:src.hipporag.HippoRAG:Encoding 1 queries for query_to_passage.
INFO:src.hipporag.HippoRAG:Encoding 1 queries for query_to_passage.
INFO:src.hipporag.HippoRAG:Encoding 2 queries for query_to_passage.
INFO:src.hipporag.HippoRAG:Encoding 2 queries for query_to_passage.
INFO:src.hipporag.HippoRAG:Encoding 2 queries for query_to_passage.
INFO:src.hipporag.HippoRAG:Encoding 1 queries for query_to_passage.
INFO:src.hipporag.HippoRAG:Encoding 2 queries for query_to_passage.
INFO:src.hipporag.HippoRAG:Encoding 2 queries for query_to_passage.
INFO:src.hipporag.HippoRAG:Encoding 3 queries for query_to_passage.
INFO:src.hipporag.HippoRAG:Encoding 2 queries for query_to_passage.
INFO:src.hipporag.HippoRAG:Encoding 3 queries for query_to_passage.
INFO:src.hipporag.HippoRAG:Encoding 2 queries for query_to_passage.
INFO:src.hipporag.HippoRAG:Encoding 1 queries for query_to_passage.
INFO:src.hipporag.HippoRAG:Encoding 2 queries for query_to_passage.
INFO:src.hipporag.HippoRAG:Encoding 2 queries for query_to_passage.
INFO:src.hipporag.HippoRAG:Encoding 3 queries for query_to_passage.
INFO:src.hipporag.HippoRAG:Encoding 2 queries for query_to_passage.
INFO:src.hipporag.HippoRAG:Encoding 2 queries for query_to_passage.
INFO:src.hipporag.HippoRAG:Encoding 1 queries for query_to_passage.
INFO:src.hipporag.HippoRAG:Encoding 2 queries for query_to_passage.
INFO:src.hipporag.HippoRAG:Encoding 3 queries for query_to_passage.
INFO:src.hipporag.HippoRAG:Encoding 4 queries for query_to_passage.
INFO:src.hipporag.HippoRAG:Encoding 1 queries for query_to_passage.
INFO:src.hipporag.HippoRAG:Encoding 2 queries for query_to_passage.
INFO:src.hipporag.HippoRAG:Encoding 1 queries for query_to_passage.
INFO:src.hipporag.HippoRAG:Encoding 1 queries for query_to_passage.
INFO:src.hipporag.HippoRAG:Encoding 2 queries for query_to_passage.
INFO:src.hipporag.HippoRAG:Encoding 1 queries for query_to_passage.
INFO:src.hipporag.HippoRAG:Encoding 1 queries for query_to_passage.
INFO:src.hipporag.HippoRAG:Encoding 2 queries for query_to_passage.
INFO:src.hipporag.HippoRAG:Encoding 1 queries for query_to_passage.
INFO:src.hipporag.HippoRAG:Encoding 3 queries for query_to_passage.
INFO:src.hipporag.HippoRAG:Encoding 1 queries for query_to_passage.
INFO:src.hipporag.HippoRAG:Encoding 3 queries for query_to_passage.
INFO:src.hipporag.HippoRAG:Encoding 2 queries for query_to_passage.
INFO:src.hipporag.HippoRAG:Encoding 2 queries for query_to_passage.
INFO:src.hipporag.HippoRAG:Encoding 2 queries for query_to_passage.
INFO:src.hipporag.HippoRAG:Encoding 3 queries for query_to_passage.
INFO:src.hipporag.HippoRAG:Encoding 2 queries for query_to_passage.
INFO:src.hipporag.HippoRAG:Encoding 1 queries for query_to_passage.
INFO:src.hipporag.HippoRAG:Encoding 4 queries for query_to_passage.
INFO:src.hipporag.HippoRAG:Encoding 2 queries for query_to_passage.
INFO:src.hipporag.HippoRAG:Encoding 1 queries for query_to_passage.
INFO:src.hipporag.HippoRAG:Encoding 2 queries for query_to_passage.
INFO:src.hipporag.HippoRAG:Encoding 2 queries for query_to_passage.
INFO:src.hipporag.HippoRAG:Encoding 2 queries for query_to_passage.
INFO:src.hipporag.HippoRAG:Encoding 3 queries for query_to_passage.
INFO:src.hipporag.HippoRAG:Encoding 2 queries for query_to_passage.
INFO:src.hipporag.HippoRAG:Encoding 1 queries for query_to_passage.
INFO:src.hipporag.HippoRAG:Encoding 2 queries for query_to_passage.
INFO:src.hipporag.HippoRAG:Encoding 3 queries for query_to_passage.
INFO:src.hipporag.HippoRAG:Encoding 2 queries for query_to_passage.
INFO:src.hipporag.HippoRAG:Encoding 2 queries for query_to_passage.
INFO:src.hipporag.HippoRAG:Encoding 2 queries for query_to_passage.
INFO:src.hipporag.HippoRAG:Encoding 3 queries for query_to_passage.
INFO:src.hipporag.HippoRAG:Encoding 1 queries for query_to_passage.
INFO:src.hipporag.HippoRAG:Encoding 1 queries for query_to_passage.
INFO:src.hipporag.HippoRAG:Encoding 1 queries for query_to_passage.
INFO:src.hipporag.HippoRAG:Encoding 1 queries for query_to_passage.
INFO:src.hipporag.HippoRAG:Encoding 1 queries for query_to_passage.
INFO:src.hipporag.HippoRAG:Encoding 2 queries for query_to_passage.
INFO:src.hipporag.HippoRAG:Encoding 1 queries for query_to_passage.
INFO:src.hipporag.HippoRAG:Encoding 1 queries for query_to_passage.
INFO:src.hipporag.HippoRAG:Encoding 1 queries for query_to_passage.
INFO:src.hipporag.HippoRAG:Encoding 1 queries for query_to_passage.
INFO:src.hipporag.HippoRAG:Encoding 1 queries for query_to_passage.
INFO:src.hipporag.HippoRAG:Encoding 2 queries for query_to_passage.
INFO:src.hipporag.HippoRAG:Encoding 2 queries for query_to_passage.
INFO:src.hipporag.HippoRAG:Encoding 3 queries for query_to_passage.
INFO:src.hipporag.HippoRAG:Encoding 2 queries for query_to_passage.
INFO:src.hipporag.HippoRAG:Encoding 1 queries for query_to_passage.
INFO:src.hipporag.HippoRAG:Encoding 3 queries for query_to_passage.
INFO:src.hipporag.HippoRAG:Encoding 1 queries for query_to_passage.
INFO:src.hipporag.HippoRAG:Encoding 1 queries for query_to_passage.
INFO:src.hipporag.HippoRAG:Encoding 1 queries for query_to_passage.
INFO:src.hipporag.HippoRAG:Encoding 1 queries for query_to_passage.
INFO:src.hipporag.HippoRAG:Encoding 2 queries for query_to_passage.
INFO:src.hipporag.HippoRAG:Encoding 1 queries for query_to_passage.
INFO:src.hipporag.HippoRAG:Encoding 3 queries for query_to_passage.
INFO:src.hipporag.HippoRAG:Encoding 1 queries for query_to_passage.
INFO:src.hipporag.HippoRAG:Encoding 2 queries for query_to_passage.
INFO:src.hipporag.HippoRAG:Encoding 1 queries for query_to_passage.
INFO:src.hipporag.HippoRAG:Encoding 2 queries for query_to_passage.
INFO:src.hipporag.HippoRAG:Encoding 1 queries for query_to_passage.
INFO:src.hipporag.HippoRAG:Encoding 1 queries for query_to_passage.
INFO:src.hipporag.HippoRAG:Encoding 4 queries for query_to_passage.
INFO:src.hipporag.HippoRAG:Encoding 3 queries for query_to_passage.
INFO:src.hipporag.HippoRAG:Encoding 4 queries for query_to_passage.
INFO:src.hipporag.HippoRAG:Encoding 2 queries for query_to_passage.
INFO:src.hipporag.HippoRAG:Encoding 3 queries for query_to_passage.
INFO:src.hipporag.HippoRAG:Encoding 1 queries for query_to_passage.
INFO:src.hipporag.HippoRAG:Encoding 1 queries for query_to_passage.
INFO:src.hipporag.HippoRAG:Encoding 3 queries for query_to_passage.
INFO:src.hipporag.HippoRAG:Encoding 1 queries for query_to_passage.
INFO:src.hipporag.HippoRAG:Encoding 2 queries for query_to_passage.
INFO:src.hipporag.HippoRAG:Encoding 3 queries for query_to_passage.
INFO:src.hipporag.HippoRAG:Encoding 2 queries for query_to_passage.
INFO:src.hipporag.HippoRAG:Encoding 1 queries for query_to_passage.
INFO:src.hipporag.HippoRAG:Encoding 3 queries for query_to_passage.
INFO:src.hipporag.HippoRAG:Encoding 1 queries for query_to_passage.
INFO:src.hipporag.HippoRAG:Encoding 1 queries for query_to_passage.
INFO:src.hipporag.HippoRAG:Encoding 1 queries for query_to_passage.
INFO:src.hipporag.HippoRAG:Encoding 1 queries for query_to_passage.
INFO:src.hipporag.HippoRAG:Encoding 2 queries for query_to_passage.
INFO:src.hipporag.HippoRAG:Encoding 3 queries for query_to_passage.
INFO:src.hipporag.HippoRAG:Encoding 3 queries for query_to_passage.
INFO:src.hipporag.HippoRAG:Encoding 1 queries for query_to_passage.
INFO:src.hipporag.HippoRAG:Encoding 1 queries for query_to_passage.
INFO:src.hipporag.HippoRAG:Encoding 1 queries for query_to_passage.
INFO:src.hipporag.HippoRAG:Encoding 1 queries for query_to_passage.
INFO:src.hipporag.HippoRAG:Encoding 1 queries for query_to_passage.
INFO:src.hipporag.HippoRAG:Encoding 1 queries for query_to_passage.
INFO:src.hipporag.HippoRAG:Encoding 2 queries for query_to_passage.
INFO:src.hipporag.HippoRAG:Encoding 2 queries for query_to_passage.
INFO:src.hipporag.HippoRAG:Encoding 3 queries for query_to_passage.
INFO:src.hipporag.HippoRAG:Encoding 1 queries for query_to_passage.
INFO:src.hipporag.HippoRAG:Encoding 2 queries for query_to_passage.
INFO:src.hipporag.HippoRAG:Encoding 1 queries for query_to_passage.
INFO:src.hipporag.HippoRAG:Encoding 1 queries for query_to_passage.
INFO:src.hipporag.HippoRAG:Encoding 2 queries for query_to_passage.
INFO:src.hipporag.HippoRAG:Encoding 1 queries for query_to_passage.
INFO:src.hipporag.HippoRAG:Encoding 2 queries for query_to_passage.
INFO:src.hipporag.HippoRAG:Encoding 1 queries for query_to_passage.
INFO:src.hipporag.HippoRAG:Encoding 2 queries for query_to_passage.
INFO:src.hipporag.HippoRAG:Encoding 3 queries for query_to_passage.
INFO:src.hipporag.HippoRAG:Encoding 3 queries for query_to_passage.
INFO:src.hipporag.HippoRAG:Encoding 1 queries for query_to_passage.
INFO:src.hipporag.HippoRAG:Encoding 2 queries for query_to_passage.
INFO:src.hipporag.HippoRAG:Encoding 2 queries for query_to_passage.
INFO:src.hipporag.HippoRAG:Encoding 2 queries for query_to_passage.
INFO:src.hipporag.HippoRAG:Encoding 2 queries for query_to_passage.
INFO:src.hipporag.HippoRAG:Encoding 1 queries for query_to_passage.
INFO:src.hipporag.HippoRAG:Encoding 3 queries for query_to_passage.
INFO:src.hipporag.HippoRAG:Encoding 2 queries for query_to_passage.
INFO:src.hipporag.HippoRAG:Encoding 4 queries for query_to_passage.
INFO:src.hipporag.HippoRAG:Encoding 2 queries for query_to_passage.
INFO:src.hipporag.HippoRAG:Encoding 2 queries for query_to_passage.
INFO:src.hipporag.HippoRAG:Encoding 3 queries for query_to_passage.
INFO:src.hipporag.HippoRAG:Encoding 1 queries for query_to_passage.
INFO:src.hipporag.HippoRAG:Encoding 1 queries for query_to_passage.
INFO:src.hipporag.HippoRAG:Encoding 3 queries for query_to_passage.
INFO:src.hipporag.HippoRAG:Encoding 1 queries for query_to_passage.
INFO:src.hipporag.HippoRAG:Encoding 1 queries for query_to_passage.
INFO:src.hipporag.HippoRAG:Encoding 1 queries for query_to_passage.
INFO:src.hipporag.HippoRAG:Encoding 1 queries for query_to_passage.
INFO:src.hipporag.HippoRAG:Encoding 1 queries for query_to_passage.
INFO:src.hipporag.HippoRAG:Encoding 1 queries for query_to_passage.
INFO:src.hipporag.HippoRAG:Encoding 1 queries for query_to_passage.
INFO:src.hipporag.HippoRAG:Encoding 1 queries for query_to_passage.
INFO:src.hipporag.HippoRAG:Encoding 3 queries for query_to_passage.
INFO:src.hipporag.HippoRAG:Encoding 1 queries for query_to_passage.
INFO:src.hipporag.HippoRAG:Encoding 3 queries for query_to_passage.
INFO:src.hipporag.HippoRAG:Encoding 2 queries for query_to_passage.
INFO:src.hipporag.HippoRAG:Encoding 3 queries for query_to_passage.
INFO:src.hipporag.HippoRAG:Encoding 3 queries for query_to_passage.
INFO:src.hipporag.HippoRAG:Encoding 1 queries for query_to_passage.
INFO:src.hipporag.HippoRAG:Encoding 1 queries for query_to_passage.
INFO:src.hipporag.HippoRAG:Encoding 3 queries for query_to_passage.
INFO:src.hipporag.HippoRAG:Encoding 1 queries for query_to_passage.
INFO:src.hipporag.HippoRAG:Encoding 4 queries for query_to_passage.
INFO:src.hipporag.HippoRAG:Encoding 3 queries for query_to_passage.
INFO:src.hipporag.HippoRAG:Encoding 1 queries for query_to_passage.
INFO:src.hipporag.HippoRAG:Encoding 2 queries for query_to_passage.
INFO:src.hipporag.HippoRAG:Encoding 1 queries for query_to_passage.
INFO:src.hipporag.HippoRAG:Encoding 2 queries for query_to_passage.
INFO:src.hipporag.HippoRAG:Encoding 1 queries for query_to_passage.
INFO:src.hipporag.HippoRAG:Encoding 2 queries for query_to_passage.
INFO:src.hipporag.HippoRAG:Encoding 2 queries for query_to_passage.
INFO:src.hipporag.HippoRAG:Encoding 1 queries for query_to_passage.
INFO:src.hipporag.HippoRAG:Encoding 2 queries for query_to_passage.
INFO:src.hipporag.HippoRAG:Encoding 1 queries for query_to_passage.
INFO:src.hipporag.HippoRAG:Encoding 2 queries for query_to_passage.
INFO:src.hipporag.HippoRAG:Encoding 2 queries for query_to_passage.
INFO:src.hipporag.HippoRAG:Encoding 2 queries for query_to_passage.
INFO:src.hipporag.HippoRAG:Encoding 1 queries for query_to_passage.
INFO:src.hipporag.HippoRAG:Encoding 1 queries for query_to_passage.
INFO:src.hipporag.HippoRAG:Encoding 2 queries for query_to_passage.
INFO:src.hipporag.HippoRAG:Encoding 3 queries for query_to_passage.
INFO:src.hipporag.HippoRAG:Encoding 1 queries for query_to_passage.
INFO:src.hipporag.HippoRAG:Encoding 1 queries for query_to_passage.
INFO:src.hipporag.HippoRAG:Encoding 2 queries for query_to_passage.
INFO:src.hipporag.HippoRAG:Encoding 3 queries for query_to_passage.
INFO:src.hipporag.HippoRAG:Encoding 1 queries for query_to_passage.
INFO:src.hipporag.HippoRAG:Encoding 2 queries for query_to_passage.
INFO:src.hipporag.HippoRAG:Encoding 2 queries for query_to_passage.
INFO:src.hipporag.HippoRAG:Encoding 3 queries for query_to_passage.
INFO:src.hipporag.HippoRAG:Encoding 1 queries for query_to_passage.
INFO:src.hipporag.HippoRAG:Encoding 2 queries for query_to_passage.
INFO:src.hipporag.HippoRAG:Encoding 2 queries for query_to_passage.
INFO:src.hipporag.HippoRAG:Encoding 2 queries for query_to_passage.
INFO:src.hipporag.HippoRAG:Encoding 2 queries for query_to_passage.
INFO:src.hipporag.HippoRAG:Encoding 4 queries for query_to_passage.
INFO:src.hipporag.HippoRAG:Encoding 2 queries for query_to_passage.
INFO:src.hipporag.HippoRAG:Encoding 2 queries for query_to_passage.
INFO:src.hipporag.HippoRAG:Encoding 1 queries for query_to_passage.
INFO:src.hipporag.HippoRAG:Encoding 4 queries for query_to_passage.
INFO:src.hipporag.HippoRAG:Encoding 2 queries for query_to_passage.
INFO:src.hipporag.HippoRAG:Encoding 1 queries for query_to_passage.
INFO:src.hipporag.HippoRAG:Encoding 4 queries for query_to_passage.
INFO:src.hipporag.HippoRAG:Encoding 2 queries for query_to_passage.
INFO:src.hipporag.HippoRAG:Encoding 1 queries for query_to_passage.
INFO:src.hipporag.HippoRAG:Encoding 2 queries for query_to_passage.
INFO:src.hipporag.HippoRAG:Encoding 2 queries for query_to_passage.
INFO:src.hipporag.HippoRAG:Encoding 1 queries for query_to_passage.
INFO:src.hipporag.HippoRAG:Encoding 1 queries for query_to_passage.
INFO:src.hipporag.HippoRAG:Encoding 3 queries for query_to_passage.
INFO:src.hipporag.HippoRAG:Encoding 1 queries for query_to_passage.
INFO:src.hipporag.HippoRAG:Encoding 1 queries for query_to_passage.
INFO:src.hipporag.HippoRAG:Encoding 1 queries for query_to_passage.
INFO:src.hipporag.HippoRAG:Encoding 1 queries for query_to_passage.
INFO:src.hipporag.HippoRAG:Encoding 1 queries for query_to_passage.
INFO:src.hipporag.HippoRAG:Encoding 2 queries for query_to_passage.
INFO:src.hipporag.HippoRAG:Encoding 1 queries for query_to_passage.
INFO:src.hipporag.HippoRAG:Encoding 2 queries for query_to_passage.
INFO:src.hipporag.HippoRAG:Encoding 3 queries for query_to_passage.
INFO:src.hipporag.HippoRAG:Encoding 2 queries for query_to_passage.
INFO:src.hipporag.HippoRAG:Encoding 1 queries for query_to_passage.
INFO:src.hipporag.HippoRAG:Encoding 2 queries for query_to_passage.
INFO:src.hipporag.HippoRAG:Encoding 2 queries for query_to_passage.
INFO:src.hipporag.HippoRAG:Encoding 2 queries for query_to_passage.
INFO:src.hipporag.HippoRAG:Encoding 2 queries for query_to_passage.
INFO:src.hipporag.HippoRAG:Encoding 2 queries for query_to_passage.
INFO:src.hipporag.HippoRAG:Encoding 2 queries for query_to_passage.
INFO:src.hipporag.HippoRAG:Encoding 3 queries for query_to_passage.
INFO:src.hipporag.HippoRAG:Encoding 3 queries for query_to_passage.
INFO:src.hipporag.HippoRAG:Encoding 2 queries for query_to_passage.
INFO:src.hipporag.HippoRAG:Encoding 1 queries for query_to_passage.
INFO:src.hipporag.HippoRAG:Encoding 1 queries for query_to_passage.
INFO:src.hipporag.HippoRAG:Encoding 1 queries for query_to_passage.
INFO:src.hipporag.HippoRAG:Encoding 1 queries for query_to_passage.
INFO:src.hipporag.HippoRAG:Encoding 1 queries for query_to_passage.
INFO:src.hipporag.HippoRAG:Encoding 1 queries for query_to_passage.
INFO:src.hipporag.HippoRAG:Encoding 1 queries for query_to_passage.
INFO:src.hipporag.HippoRAG:Encoding 3 queries for query_to_passage.
INFO:src.hipporag.HippoRAG:Encoding 1 queries for query_to_passage.
INFO:src.hipporag.HippoRAG:Encoding 1 queries for query_to_passage.
INFO:src.hipporag.HippoRAG:Encoding 1 queries for query_to_passage.
INFO:src.hipporag.HippoRAG:Encoding 2 queries for query_to_passage.
INFO:src.hipporag.HippoRAG:Encoding 1 queries for query_to_passage.
INFO:src.hipporag.HippoRAG:Encoding 2 queries for query_to_passage.
INFO:src.hipporag.HippoRAG:Encoding 3 queries for query_to_passage.
INFO:src.hipporag.HippoRAG:Encoding 2 queries for query_to_passage.
INFO:src.hipporag.HippoRAG:Encoding 1 queries for query_to_passage.
INFO:src.hipporag.HippoRAG:Encoding 2 queries for query_to_passage.
INFO:src.hipporag.HippoRAG:Encoding 2 queries for query_to_passage.
INFO:src.hipporag.HippoRAG:Encoding 1 queries for query_to_passage.
INFO:src.hipporag.HippoRAG:Encoding 2 queries for query_to_passage.
INFO:src.hipporag.HippoRAG:Encoding 4 queries for query_to_passage.
INFO:src.hipporag.HippoRAG:Encoding 1 queries for query_to_passage.
INFO:src.hipporag.HippoRAG:Encoding 1 queries for query_to_passage.
INFO:src.hipporag.HippoRAG:Encoding 2 queries for query_to_passage.
INFO:src.hipporag.HippoRAG:Encoding 1 queries for query_to_passage.
INFO:src.hipporag.HippoRAG:Encoding 3 queries for query_to_passage.
INFO:src.hipporag.HippoRAG:Encoding 1 queries for query_to_passage.
INFO:src.hipporag.HippoRAG:Encoding 1 queries for query_to_passage.
INFO:src.hipporag.HippoRAG:Encoding 1 queries for query_to_passage.
INFO:src.hipporag.HippoRAG:Encoding 2 queries for query_to_passage.
INFO:src.hipporag.HippoRAG:Encoding 1 queries for query_to_passage.
INFO:src.hipporag.HippoRAG:Encoding 1 queries for query_to_passage.
INFO:src.hipporag.HippoRAG:Encoding 2 queries for query_to_passage.
INFO:src.hipporag.HippoRAG:Encoding 2 queries for query_to_passage.
INFO:src.hipporag.HippoRAG:Encoding 1 queries for query_to_passage.
INFO:src.hipporag.HippoRAG:Encoding 3 queries for query_to_passage.
INFO:src.hipporag.HippoRAG:Encoding 4 queries for query_to_passage.
INFO:src.hipporag.HippoRAG:Encoding 2 queries for query_to_passage.
INFO:src.hipporag.HippoRAG:Encoding 1 queries for query_to_passage.
INFO:src.hipporag.HippoRAG:Encoding 1 queries for query_to_passage.
INFO:src.hipporag.HippoRAG:Encoding 3 queries for query_to_passage.
INFO:src.hipporag.HippoRAG:Encoding 2 queries for query_to_passage.
INFO:src.hipporag.HippoRAG:Encoding 3 queries for query_to_passage.
INFO:src.hipporag.HippoRAG:Encoding 3 queries for query_to_passage.
INFO:src.hipporag.HippoRAG:Encoding 1 queries for query_to_passage.
INFO:src.hipporag.HippoRAG:Encoding 2 queries for query_to_passage.
INFO:src.hipporag.HippoRAG:Encoding 1 queries for query_to_passage.
INFO:src.hipporag.HippoRAG:Encoding 1 queries for query_to_passage.
INFO:src.hipporag.HippoRAG:Encoding 1 queries for query_to_passage.
INFO:src.hipporag.HippoRAG:Encoding 2 queries for query_to_passage.
INFO:src.hipporag.HippoRAG:Encoding 1 queries for query_to_passage.
INFO:src.hipporag.HippoRAG:Encoding 1 queries for query_to_passage.
INFO:src.hipporag.HippoRAG:Encoding 2 queries for query_to_passage.
INFO:src.hipporag.HippoRAG:Encoding 1 queries for query_to_passage.
INFO:src.hipporag.HippoRAG:Encoding 2 queries for query_to_passage.
INFO:src.hipporag.HippoRAG:Encoding 1 queries for query_to_passage.
INFO:src.hipporag.HippoRAG:Encoding 3 queries for query_to_passage.
INFO:src.hipporag.HippoRAG:Encoding 1 queries for query_to_passage.
INFO:src.hipporag.HippoRAG:Encoding 4 queries for query_to_passage.
INFO:src.hipporag.HippoRAG:Encoding 1 queries for query_to_passage.
INFO:src.hipporag.HippoRAG:Encoding 1 queries for query_to_passage.
INFO:src.hipporag.HippoRAG:Encoding 1 queries for query_to_passage.
INFO:src.hipporag.HippoRAG:Encoding 4 queries for query_to_passage.
INFO:src.hipporag.HippoRAG:Encoding 1 queries for query_to_passage.
INFO:src.hipporag.HippoRAG:Encoding 1 queries for query_to_passage.
INFO:src.hipporag.HippoRAG:Encoding 1 queries for query_to_passage.
INFO:src.hipporag.HippoRAG:Encoding 1 queries for query_to_passage.
INFO:src.hipporag.HippoRAG:Encoding 1 queries for query_to_passage.
INFO:src.hipporag.HippoRAG:Encoding 3 queries for query_to_passage.
INFO:src.hipporag.HippoRAG:Encoding 1 queries for query_to_passage.
INFO:src.hipporag.HippoRAG:Encoding 1 queries for query_to_passage.
INFO:src.hipporag.HippoRAG:Encoding 3 queries for query_to_passage.
INFO:src.hipporag.HippoRAG:Encoding 3 queries for query_to_passage.
INFO:src.hipporag.HippoRAG:Encoding 3 queries for query_to_passage.
INFO:src.hipporag.HippoRAG:Encoding 2 queries for query_to_passage.
INFO:src.hipporag.HippoRAG:Encoding 2 queries for query_to_passage.
INFO:src.hipporag.HippoRAG:Encoding 1 queries for query_to_passage.
INFO:src.hipporag.HippoRAG:Encoding 2 queries for query_to_passage.
INFO:src.hipporag.HippoRAG:Encoding 1 queries for query_to_passage.
INFO:src.hipporag.HippoRAG:Encoding 1 queries for query_to_passage.
INFO:src.hipporag.HippoRAG:Encoding 2 queries for query_to_passage.
INFO:src.hipporag.HippoRAG:Encoding 1 queries for query_to_passage.
INFO:src.hipporag.HippoRAG:Encoding 2 queries for query_to_passage.
INFO:src.hipporag.HippoRAG:Encoding 2 queries for query_to_passage.
INFO:src.hipporag.HippoRAG:Encoding 1 queries for query_to_passage.
INFO:src.hipporag.HippoRAG:Encoding 2 queries for query_to_passage.
INFO:src.hipporag.HippoRAG:Encoding 2 queries for query_to_passage.
INFO:src.hipporag.HippoRAG:Encoding 1 queries for query_to_passage.
INFO:src.hipporag.HippoRAG:Encoding 2 queries for query_to_passage.
INFO:src.hipporag.HippoRAG:Encoding 1 queries for query_to_passage.
INFO:src.hipporag.HippoRAG:Encoding 2 queries for query_to_passage.
INFO:src.hipporag.HippoRAG:Encoding 3 queries for query_to_passage.
INFO:src.hipporag.HippoRAG:Encoding 1 queries for query_to_passage.
INFO:src.hipporag.HippoRAG:Encoding 1 queries for query_to_passage.
INFO:src.hipporag.HippoRAG:Encoding 1 queries for query_to_passage.
INFO:src.hipporag.HippoRAG:Encoding 1 queries for query_to_passage.
INFO:src.hipporag.HippoRAG:Encoding 1 queries for query_to_passage.
INFO:src.hipporag.HippoRAG:Encoding 1 queries for query_to_passage.
INFO:src.hipporag.HippoRAG:Encoding 2 queries for query_to_passage.
INFO:src.hipporag.HippoRAG:Encoding 1 queries for query_to_passage.
INFO:src.hipporag.HippoRAG:Encoding 1 queries for query_to_passage.
INFO:src.hipporag.HippoRAG:Encoding 1 queries for query_to_passage.
INFO:src.hipporag.HippoRAG:Encoding 1 queries for query_to_passage.
INFO:src.hipporag.HippoRAG:Encoding 1 queries for query_to_passage.
INFO:src.hipporag.HippoRAG:Encoding 2 queries for query_to_passage.
INFO:src.hipporag.HippoRAG:Encoding 1 queries for query_to_passage.
INFO:src.hipporag.HippoRAG:Encoding 1 queries for query_to_passage.
INFO:src.hipporag.HippoRAG:Encoding 2 queries for query_to_passage.
INFO:src.hipporag.HippoRAG:Encoding 2 queries for query_to_passage.
INFO:src.hipporag.HippoRAG:Encoding 1 queries for query_to_passage.
INFO:src.hipporag.HippoRAG:Encoding 3 queries for query_to_passage.
INFO:src.hipporag.HippoRAG:Encoding 2 queries for query_to_passage.
INFO:src.hipporag.HippoRAG:Encoding 1 queries for query_to_passage.
INFO:src.hipporag.HippoRAG:Encoding 3 queries for query_to_passage.
INFO:src.hipporag.HippoRAG:Encoding 1 queries for query_to_passage.
INFO:src.hipporag.HippoRAG:Encoding 1 queries for query_to_passage.
INFO:src.hipporag.HippoRAG:Encoding 4 queries for query_to_passage.
INFO:src.hipporag.HippoRAG:Encoding 1 queries for query_to_passage.
INFO:src.hipporag.HippoRAG:Encoding 1 queries for query_to_passage.
INFO:src.hipporag.HippoRAG:Encoding 1 queries for query_to_passage.
INFO:src.hipporag.HippoRAG:Encoding 1 queries for query_to_passage.
INFO:src.hipporag.HippoRAG:Encoding 1 queries for query_to_passage.
INFO:src.hipporag.HippoRAG:Encoding 2 queries for query_to_passage.
INFO:src.hipporag.HippoRAG:Encoding 1 queries for query_to_passage.
INFO:src.hipporag.HippoRAG:Encoding 2 queries for query_to_passage.
INFO:src.hipporag.HippoRAG:Encoding 2 queries for query_to_passage.
INFO:src.hipporag.HippoRAG:Encoding 1 queries for query_to_passage.
INFO:src.hipporag.HippoRAG:Encoding 1 queries for query_to_passage.
INFO:src.hipporag.HippoRAG:Encoding 2 queries for query_to_passage.
INFO:src.hipporag.HippoRAG:Encoding 1 queries for query_to_passage.
INFO:src.hipporag.HippoRAG:Encoding 2 queries for query_to_passage.
INFO:src.hipporag.HippoRAG:Encoding 1 queries for query_to_passage.
INFO:src.hipporag.HippoRAG:Encoding 2 queries for query_to_passage.
INFO:src.hipporag.HippoRAG:Encoding 2 queries for query_to_passage.
INFO:src.hipporag.HippoRAG:Encoding 1 queries for query_to_passage.
INFO:src.hipporag.HippoRAG:Encoding 2 queries for query_to_passage.
INFO:src.hipporag.HippoRAG:Encoding 1 queries for query_to_passage.
INFO:src.hipporag.HippoRAG:Encoding 2 queries for query_to_passage.
INFO:src.hipporag.HippoRAG:Encoding 1 queries for query_to_passage.
INFO:src.hipporag.HippoRAG:Encoding 1 queries for query_to_passage.
INFO:src.hipporag.HippoRAG:Encoding 1 queries for query_to_passage.
INFO:src.hipporag.HippoRAG:Encoding 1 queries for query_to_passage.
INFO:src.hipporag.HippoRAG:Encoding 2 queries for query_to_passage.
INFO:src.hipporag.HippoRAG:Encoding 3 queries for query_to_passage.
INFO:src.hipporag.HippoRAG:Encoding 2 queries for query_to_passage.
INFO:src.hipporag.HippoRAG:Encoding 1 queries for query_to_passage.
INFO:src.hipporag.HippoRAG:Encoding 1 queries for query_to_passage.
INFO:src.hipporag.HippoRAG:Encoding 1 queries for query_to_passage.
INFO:src.hipporag.HippoRAG:Encoding 3 queries for query_to_passage.
INFO:src.hipporag.HippoRAG:Encoding 2 queries for query_to_passage.
INFO:src.hipporag.HippoRAG:Encoding 1 queries for query_to_passage.
INFO:src.hipporag.HippoRAG:Encoding 2 queries for query_to_passage.
INFO:src.hipporag.HippoRAG:Encoding 1 queries for query_to_passage.
INFO:src.hipporag.HippoRAG:Encoding 1 queries for query_to_passage.
INFO:src.hipporag.HippoRAG:Encoding 1 queries for query_to_passage.
INFO:src.hipporag.HippoRAG:Encoding 1 queries for query_to_passage.
INFO:src.hipporag.HippoRAG:Encoding 1 queries for query_to_passage.
INFO:src.hipporag.HippoRAG:Encoding 2 queries for query_to_passage.
INFO:src.hipporag.HippoRAG:Encoding 1 queries for query_to_passage.
INFO:src.hipporag.HippoRAG:Encoding 2 queries for query_to_passage.
INFO:src.hipporag.HippoRAG:Encoding 1 queries for query_to_passage.
INFO:src.hipporag.HippoRAG:Encoding 1 queries for query_to_passage.
INFO:src.hipporag.HippoRAG:Encoding 1 queries for query_to_passage.
INFO:src.hipporag.HippoRAG:Encoding 2 queries for query_to_passage.
INFO:src.hipporag.HippoRAG:Encoding 3 queries for query_to_passage.
INFO:src.hipporag.HippoRAG:Encoding 2 queries for query_to_passage.
INFO:src.hipporag.HippoRAG:Encoding 2 queries for query_to_passage.
INFO:src.hipporag.HippoRAG:Encoding 3 queries for query_to_passage.
INFO:src.hipporag.HippoRAG:Encoding 1 queries for query_to_passage.
INFO:src.hipporag.HippoRAG:Encoding 1 queries for query_to_passage.
INFO:src.hipporag.HippoRAG:Encoding 2 queries for query_to_passage.
INFO:src.hipporag.HippoRAG:Encoding 2 queries for query_to_passage.
INFO:src.hipporag.HippoRAG:Encoding 4 queries for query_to_passage.
INFO:src.hipporag.HippoRAG:Encoding 1 queries for query_to_passage.
INFO:src.hipporag.HippoRAG:Encoding 1 queries for query_to_passage.
INFO:src.hipporag.HippoRAG:Encoding 2 queries for query_to_passage.
INFO:src.hipporag.HippoRAG:Encoding 1 queries for query_to_passage.
INFO:src.hipporag.HippoRAG:Encoding 3 queries for query_to_passage.
INFO:src.hipporag.HippoRAG:Encoding 2 queries for query_to_passage.
INFO:src.hipporag.HippoRAG:Encoding 2 queries for query_to_passage.
INFO:src.hipporag.HippoRAG:Encoding 1 queries for query_to_passage.
INFO:src.hipporag.HippoRAG:Encoding 2 queries for query_to_passage.
INFO:src.hipporag.HippoRAG:Encoding 1 queries for query_to_passage.
INFO:src.hipporag.HippoRAG:Encoding 1 queries for query_to_passage.
INFO:src.hipporag.HippoRAG:Encoding 2 queries for query_to_passage.
INFO:src.hipporag.HippoRAG:Encoding 2 queries for query_to_passage.
INFO:src.hipporag.HippoRAG:Encoding 2 queries for query_to_passage.
INFO:src.hipporag.HippoRAG:Encoding 2 queries for query_to_passage.
INFO:src.hipporag.HippoRAG:Encoding 2 queries for query_to_passage.
INFO:src.hipporag.HippoRAG:Encoding 4 queries for query_to_passage.
INFO:src.hipporag.HippoRAG:Encoding 1 queries for query_to_passage.
INFO:src.hipporag.HippoRAG:Encoding 2 queries for query_to_passage.
INFO:src.hipporag.HippoRAG:Encoding 1 queries for query_to_passage.
INFO:src.hipporag.HippoRAG:Encoding 1 queries for query_to_passage.
INFO:src.hipporag.HippoRAG:Encoding 1 queries for query_to_passage.
INFO:src.hipporag.HippoRAG:Encoding 1 queries for query_to_passage.
INFO:src.hipporag.HippoRAG:Encoding 2 queries for query_to_passage.
INFO:src.hipporag.HippoRAG:Encoding 2 queries for query_to_passage.
INFO:src.hipporag.HippoRAG:Encoding 1 queries for query_to_passage.
INFO:src.hipporag.HippoRAG:Encoding 1 queries for query_to_passage.
INFO:src.hipporag.HippoRAG:Encoding 1 queries for query_to_passage.
INFO:src.hipporag.HippoRAG:Encoding 1 queries for query_to_passage.
INFO:src.hipporag.HippoRAG:Encoding 2 queries for query_to_passage.
INFO:src.hipporag.HippoRAG:Encoding 2 queries for query_to_passage.
INFO:src.hipporag.HippoRAG:Encoding 2 queries for query_to_passage.
INFO:src.hipporag.HippoRAG:Encoding 3 queries for query_to_passage.
INFO:src.hipporag.HippoRAG:Encoding 1 queries for query_to_passage.
INFO:src.hipporag.HippoRAG:Encoding 1 queries for query_to_passage.
INFO:src.hipporag.HippoRAG:Encoding 3 queries for query_to_passage.
INFO:src.hipporag.HippoRAG:Encoding 4 queries for query_to_passage.
INFO:src.hipporag.HippoRAG:Encoding 2 queries for query_to_passage.
INFO:src.hipporag.HippoRAG:Encoding 1 queries for query_to_passage.
INFO:src.hipporag.HippoRAG:Encoding 3 queries for query_to_passage.
INFO:src.hipporag.HippoRAG:Encoding 1 queries for query_to_passage.
INFO:src.hipporag.HippoRAG:Encoding 1 queries for query_to_passage.
INFO:src.hipporag.HippoRAG:Encoding 3 queries for query_to_passage.
INFO:src.hipporag.HippoRAG:Encoding 1 queries for query_to_passage.
INFO:src.hipporag.HippoRAG:Encoding 1 queries for query_to_passage.
INFO:src.hipporag.HippoRAG:Encoding 1 queries for query_to_passage.
INFO:src.hipporag.HippoRAG:Encoding 2 queries for query_to_passage.
INFO:src.hipporag.HippoRAG:Encoding 2 queries for query_to_passage.
INFO:src.hipporag.HippoRAG:Encoding 1 queries for query_to_passage.
INFO:src.hipporag.HippoRAG:Encoding 2 queries for query_to_passage.
INFO:src.hipporag.HippoRAG:Encoding 1 queries for query_to_passage.
INFO:src.hipporag.HippoRAG:Encoding 2 queries for query_to_passage.
INFO:src.hipporag.HippoRAG:Encoding 2 queries for query_to_passage.
INFO:src.hipporag.HippoRAG:Encoding 1 queries for query_to_passage.
INFO:src.hipporag.HippoRAG:Encoding 1 queries for query_to_passage.
INFO:src.hipporag.HippoRAG:Encoding 1 queries for query_to_passage.
INFO:src.hipporag.HippoRAG:Encoding 3 queries for query_to_passage.
INFO:src.hipporag.HippoRAG:Encoding 1 queries for query_to_passage.
INFO:src.hipporag.HippoRAG:Encoding 2 queries for query_to_passage.
INFO:src.hipporag.HippoRAG:Encoding 1 queries for query_to_passage.
INFO:src.hipporag.HippoRAG:Encoding 1 queries for query_to_passage.
INFO:src.hipporag.HippoRAG:Encoding 2 queries for query_to_passage.
INFO:src.hipporag.HippoRAG:Encoding 2 queries for query_to_passage.
INFO:src.hipporag.HippoRAG:Encoding 1 queries for query_to_passage.
INFO:src.hipporag.HippoRAG:Encoding 1 queries for query_to_passage.
INFO:src.hipporag.HippoRAG:Encoding 2 queries for query_to_passage.
INFO:src.hipporag.HippoRAG:Encoding 1 queries for query_to_passage.
INFO:src.hipporag.HippoRAG:Encoding 2 queries for query_to_passage.
INFO:src.hipporag.HippoRAG:Encoding 2 queries for query_to_passage.
INFO:src.hipporag.HippoRAG:Encoding 1 queries for query_to_passage.
INFO:src.hipporag.HippoRAG:Encoding 3 queries for query_to_passage.
INFO:src.hipporag.HippoRAG:Encoding 1 queries for query_to_passage.
INFO:src.hipporag.HippoRAG:Encoding 3 queries for query_to_passage.
INFO:src.hipporag.HippoRAG:Encoding 2 queries for query_to_passage.
INFO:src.hipporag.HippoRAG:Encoding 1 queries for query_to_passage.
INFO:src.hipporag.HippoRAG:Encoding 3 queries for query_to_passage.
INFO:src.hipporag.HippoRAG:Encoding 1 queries for query_to_passage.
INFO:src.hipporag.HippoRAG:Encoding 4 queries for query_to_passage.
INFO:src.hipporag.HippoRAG:Encoding 2 queries for query_to_passage.
INFO:src.hipporag.HippoRAG:Encoding 2 queries for query_to_passage.
INFO:src.hipporag.HippoRAG:Encoding 4 queries for query_to_passage.
INFO:src.hipporag.HippoRAG:Encoding 1 queries for query_to_passage.
INFO:src.hipporag.HippoRAG:Encoding 1 queries for query_to_passage.
INFO:src.hipporag.HippoRAG:Encoding 1 queries for query_to_passage.
INFO:src.hipporag.HippoRAG:Encoding 3 queries for query_to_passage.
INFO:src.hipporag.HippoRAG:Encoding 1 queries for query_to_passage.
INFO:src.hipporag.HippoRAG:Encoding 1 queries for query_to_passage.
INFO:src.hipporag.HippoRAG:Encoding 1 queries for query_to_passage.
INFO:src.hipporag.HippoRAG:Encoding 1 queries for query_to_passage.
INFO:src.hipporag.HippoRAG:Encoding 1 queries for query_to_passage.
INFO:src.hipporag.HippoRAG:Encoding 1 queries for query_to_passage.
INFO:src.hipporag.HippoRAG:Encoding 3 queries for query_to_passage.
INFO:src.hipporag.HippoRAG:Encoding 1 queries for query_to_passage.
INFO:src.hipporag.HippoRAG:Encoding 2 queries for query_to_passage.
INFO:src.hipporag.HippoRAG:Encoding 3 queries for query_to_passage.
INFO:src.hipporag.HippoRAG:Encoding 2 queries for query_to_passage.
INFO:src.hipporag.HippoRAG:Encoding 2 queries for query_to_passage.
INFO:src.hipporag.HippoRAG:Encoding 1 queries for query_to_passage.
INFO:src.hipporag.HippoRAG:Encoding 1 queries for query_to_passage.
INFO:src.hipporag.HippoRAG:Encoding 4 queries for query_to_passage.
INFO:src.hipporag.HippoRAG:Encoding 1 queries for query_to_passage.
INFO:src.hipporag.HippoRAG:Encoding 1 queries for query_to_passage.
INFO:src.hipporag.HippoRAG:Encoding 2 queries for query_to_passage.
INFO:src.hipporag.HippoRAG:Encoding 1 queries for query_to_passage.
INFO:src.hipporag.HippoRAG:Encoding 3 queries for query_to_passage.
INFO:src.hipporag.HippoRAG:Encoding 1 queries for query_to_passage.
INFO:src.hipporag.HippoRAG:Encoding 1 queries for query_to_passage.
INFO:src.hipporag.HippoRAG:Encoding 1 queries for query_to_passage.
INFO:src.hipporag.HippoRAG:Encoding 2 queries for query_to_passage.
INFO:src.hipporag.HippoRAG:Encoding 1 queries for query_to_passage.
INFO:src.hipporag.HippoRAG:Encoding 2 queries for query_to_passage.
INFO:src.hipporag.HippoRAG:Encoding 4 queries for query_to_passage.
INFO:src.hipporag.HippoRAG:Encoding 1 queries for query_to_passage.
INFO:src.hipporag.HippoRAG:Encoding 1 queries for query_to_passage.
INFO:src.hipporag.HippoRAG:Encoding 2 queries for query_to_passage.
INFO:src.hipporag.HippoRAG:Encoding 2 queries for query_to_passage.
INFO:src.hipporag.HippoRAG:Encoding 1 queries for query_to_passage.
INFO:src.hipporag.HippoRAG:Encoding 1 queries for query_to_passage.
INFO:src.hipporag.HippoRAG:Encoding 4 queries for query_to_passage.
INFO:src.hipporag.HippoRAG:Encoding 2 queries for query_to_passage.
INFO:src.hipporag.HippoRAG:Encoding 1 queries for query_to_passage.
INFO:src.hipporag.HippoRAG:Encoding 1 queries for query_to_passage.
INFO:src.hipporag.HippoRAG:Encoding 2 queries for query_to_passage.
INFO:src.hipporag.HippoRAG:Encoding 3 queries for query_to_passage.
INFO:src.hipporag.HippoRAG:Encoding 1 queries for query_to_passage.
INFO:src.hipporag.HippoRAG:Encoding 2 queries for query_to_passage.
INFO:src.hipporag.HippoRAG:Encoding 3 queries for query_to_passage.
INFO:src.hipporag.HippoRAG:Encoding 1 queries for query_to_passage.
INFO:src.hipporag.HippoRAG:Encoding 1 queries for query_to_passage.
INFO:src.hipporag.HippoRAG:Encoding 2 queries for query_to_passage.
INFO:src.hipporag.HippoRAG:Encoding 2 queries for query_to_passage.
INFO:src.hipporag.HippoRAG:Encoding 1 queries for query_to_passage.
INFO:src.hipporag.HippoRAG:Encoding 4 queries for query_to_passage.
INFO:src.hipporag.HippoRAG:Encoding 2 queries for query_to_passage.
INFO:src.hipporag.HippoRAG:Encoding 4 queries for query_to_passage.
INFO:src.hipporag.HippoRAG:Encoding 2 queries for query_to_passage.
INFO:src.hipporag.HippoRAG:Encoding 1 queries for query_to_passage.
INFO:src.hipporag.HippoRAG:Encoding 2 queries for query_to_passage.
INFO:src.hipporag.HippoRAG:Encoding 2 queries for query_to_passage.
INFO:src.hipporag.HippoRAG:Encoding 1 queries for query_to_passage.
INFO:src.hipporag.HippoRAG:Encoding 2 queries for query_to_passage.
INFO:src.hipporag.HippoRAG:Encoding 1 queries for query_to_passage.
INFO:src.hipporag.HippoRAG:Encoding 2 queries for query_to_passage.
INFO:src.hipporag.HippoRAG:Encoding 1 queries for query_to_passage.
INFO:src.hipporag.HippoRAG:Encoding 3 queries for query_to_passage.
INFO:src.hipporag.HippoRAG:Encoding 1 queries for query_to_passage.
INFO:src.hipporag.HippoRAG:Encoding 3 queries for query_to_passage.
INFO:src.hipporag.HippoRAG:Encoding 3 queries for query_to_passage.
INFO:src.hipporag.HippoRAG:Encoding 2 queries for query_to_passage.
INFO:src.hipporag.HippoRAG:Encoding 1 queries for query_to_passage.
INFO:src.hipporag.HippoRAG:Encoding 3 queries for query_to_passage.
INFO:src.hipporag.HippoRAG:Encoding 1 queries for query_to_passage.
INFO:src.hipporag.HippoRAG:Encoding 1 queries for query_to_passage.
INFO:src.hipporag.HippoRAG:Encoding 1 queries for query_to_passage.
INFO:src.hipporag.HippoRAG:Encoding 1 queries for query_to_passage.
INFO:src.hipporag.HippoRAG:Encoding 4 queries for query_to_passage.
INFO:src.hipporag.HippoRAG:Encoding 2 queries for query_to_passage.
INFO:src.hipporag.HippoRAG:Encoding 1 queries for query_to_passage.
INFO:src.hipporag.HippoRAG:Encoding 1 queries for query_to_passage.
INFO:src.hipporag.HippoRAG:Encoding 2 queries for query_to_passage.
INFO:src.hipporag.HippoRAG:Encoding 1 queries for query_to_passage.
INFO:src.hipporag.HippoRAG:Encoding 1 queries for query_to_passage.
INFO:src.hipporag.HippoRAG:Encoding 2 queries for query_to_passage.
INFO:src.hipporag.HippoRAG:Encoding 1 queries for query_to_passage.
INFO:src.hipporag.HippoRAG:Encoding 1 queries for query_to_passage.
INFO:src.hipporag.HippoRAG:Encoding 2 queries for query_to_passage.
INFO:src.hipporag.HippoRAG:Encoding 2 queries for query_to_passage.
INFO:src.hipporag.HippoRAG:Encoding 3 queries for query_to_passage.
INFO:src.hipporag.HippoRAG:Encoding 1 queries for query_to_passage.
INFO:src.hipporag.HippoRAG:Encoding 1 queries for query_to_passage.
INFO:src.hipporag.HippoRAG:Encoding 2 queries for query_to_passage.
INFO:src.hipporag.HippoRAG:Encoding 4 queries for query_to_passage.
INFO:src.hipporag.HippoRAG:Encoding 1 queries for query_to_passage.
INFO:src.hipporag.HippoRAG:Encoding 1 queries for query_to_passage.
INFO:src.hipporag.HippoRAG:Encoding 1 queries for query_to_passage.
INFO:src.hipporag.HippoRAG:Encoding 1 queries for query_to_passage.
INFO:src.hipporag.HippoRAG:Encoding 1 queries for query_to_passage.
INFO:src.hipporag.HippoRAG:Encoding 1 queries for query_to_passage.
INFO:src.hipporag.HippoRAG:Encoding 1 queries for query_to_passage.
INFO:src.hipporag.HippoRAG:Encoding 3 queries for query_to_passage.
INFO:src.hipporag.HippoRAG:Encoding 2 queries for query_to_passage.
INFO:src.hipporag.HippoRAG:Encoding 1 queries for query_to_passage.
INFO:src.hipporag.HippoRAG:Encoding 1 queries for query_to_passage.
INFO:src.hipporag.HippoRAG:Encoding 2 queries for query_to_passage.
INFO:src.hipporag.HippoRAG:Encoding 3 queries for query_to_passage.
INFO:src.hipporag.HippoRAG:Encoding 1 queries for query_to_passage.
INFO:src.hipporag.HippoRAG:Encoding 1 queries for query_to_passage.
INFO:src.hipporag.HippoRAG:Encoding 3 queries for query_to_passage.
INFO:src.hipporag.HippoRAG:Encoding 1 queries for query_to_passage.
INFO:src.hipporag.HippoRAG:Encoding 2 queries for query_to_passage.
INFO:src.hipporag.HippoRAG:Encoding 1 queries for query_to_passage.
INFO:src.hipporag.HippoRAG:Encoding 1 queries for query_to_passage.
INFO:src.hipporag.HippoRAG:Encoding 1 queries for query_to_passage.
INFO:src.hipporag.HippoRAG:Encoding 2 queries for query_to_passage.
INFO:src.hipporag.HippoRAG:Encoding 1 queries for query_to_passage.
INFO:src.hipporag.HippoRAG:Encoding 1 queries for query_to_passage.
INFO:src.hipporag.HippoRAG:Encoding 2 queries for query_to_passage.
INFO:src.hipporag.HippoRAG:Encoding 4 queries for query_to_passage.
INFO:src.hipporag.HippoRAG:Encoding 1 queries for query_to_passage.
INFO:src.hipporag.HippoRAG:Encoding 1 queries for query_to_passage.
INFO:src.hipporag.HippoRAG:Encoding 1 queries for query_to_passage.
INFO:src.hipporag.HippoRAG:Encoding 2 queries for query_to_passage.
INFO:src.hipporag.HippoRAG:Encoding 2 queries for query_to_passage.
INFO:src.hipporag.HippoRAG:Encoding 1 queries for query_to_passage.
INFO:src.hipporag.HippoRAG:Encoding 2 queries for query_to_passage.
INFO:src.hipporag.HippoRAG:Encoding 2 queries for query_to_passage.
INFO:src.hipporag.HippoRAG:Encoding 2 queries for query_to_passage.
INFO:src.hipporag.HippoRAG:Encoding 1 queries for query_to_passage.
INFO:src.hipporag.HippoRAG:Encoding 1 queries for query_to_passage.
INFO:src.hipporag.HippoRAG:Encoding 2 queries for query_to_passage.
INFO:src.hipporag.HippoRAG:Encoding 2 queries for query_to_passage.
INFO:src.hipporag.HippoRAG:Encoding 1 queries for query_to_passage.
INFO:src.hipporag.HippoRAG:Encoding 3 queries for query_to_passage.
INFO:src.hipporag.HippoRAG:Encoding 1 queries for query_to_passage.
INFO:src.hipporag.HippoRAG:Encoding 1 queries for query_to_passage.
INFO:src.hipporag.HippoRAG:Encoding 3 queries for query_to_passage.
INFO:src.hipporag.HippoRAG:Encoding 1 queries for query_to_passage.
INFO:src.hipporag.HippoRAG:Encoding 3 queries for query_to_passage.
INFO:src.hipporag.HippoRAG:Encoding 4 queries for query_to_passage.
INFO:src.hipporag.HippoRAG:Encoding 2 queries for query_to_passage.
INFO:src.hipporag.HippoRAG:Encoding 1 queries for query_to_passage.
INFO:src.hipporag.HippoRAG:Encoding 1 queries for query_to_passage.
INFO:src.hipporag.HippoRAG:Encoding 1 queries for query_to_passage.
INFO:src.hipporag.HippoRAG:Encoding 1 queries for query_to_passage.
INFO:src.hipporag.HippoRAG:Encoding 1 queries for query_to_passage.
INFO:src.hipporag.HippoRAG:Encoding 1 queries for query_to_passage.
INFO:src.hipporag.HippoRAG:Encoding 2 queries for query_to_passage.
INFO:src.hipporag.HippoRAG:Encoding 2 queries for query_to_passage.
INFO:src.hipporag.HippoRAG:Encoding 1 queries for query_to_passage.
INFO:src.hipporag.HippoRAG:Encoding 2 queries for query_to_passage.
INFO:src.hipporag.HippoRAG:Encoding 1 queries for query_to_passage.
INFO:src.hipporag.HippoRAG:Encoding 2 queries for query_to_passage.
INFO:src.hipporag.HippoRAG:Encoding 1 queries for query_to_passage.
INFO:src.hipporag.HippoRAG:Encoding 1 queries for query_to_passage.
INFO:src.hipporag.HippoRAG:Encoding 1 queries for query_to_passage.
INFO:src.hipporag.HippoRAG:Encoding 1 queries for query_to_passage.
INFO:src.hipporag.HippoRAG:Encoding 1 queries for query_to_passage.
INFO:src.hipporag.HippoRAG:Encoding 1 queries for query_to_passage.
INFO:src.hipporag.HippoRAG:Encoding 2 queries for query_to_passage.
INFO:src.hipporag.HippoRAG:Encoding 1 queries for query_to_passage.
INFO:src.hipporag.HippoRAG:Encoding 1 queries for query_to_passage.
INFO:src.hipporag.HippoRAG:Encoding 2 queries for query_to_passage.
INFO:src.hipporag.HippoRAG:Encoding 1 queries for query_to_passage.
INFO:src.hipporag.HippoRAG:Encoding 1 queries for query_to_passage.
INFO:src.hipporag.HippoRAG:Encoding 1 queries for query_to_passage.
INFO:src.hipporag.HippoRAG:Encoding 2 queries for query_to_passage.
INFO:src.hipporag.HippoRAG:Encoding 2 queries for query_to_passage.
INFO:src.hipporag.HippoRAG:Encoding 2 queries for query_to_passage.
INFO:src.hipporag.HippoRAG:Encoding 4 queries for query_to_passage.
INFO:src.hipporag.HippoRAG:Encoding 3 queries for query_to_passage.
INFO:src.hipporag.HippoRAG:Encoding 4 queries for query_to_passage.
INFO:src.hipporag.HippoRAG:Encoding 1 queries for query_to_passage.
INFO:src.hipporag.HippoRAG:Encoding 2 queries for query_to_passage.
INFO:src.hipporag.HippoRAG:Encoding 1 queries for query_to_passage.
INFO:src.hipporag.HippoRAG:Encoding 4 queries for query_to_passage.
INFO:src.hipporag.HippoRAG:Encoding 1 queries for query_to_passage.
INFO:src.hipporag.HippoRAG:Encoding 3 queries for query_to_passage.
INFO:src.hipporag.HippoRAG:Encoding 2 queries for query_to_passage.
INFO:src.hipporag.HippoRAG:Encoding 1 queries for query_to_passage.
INFO:src.hipporag.HippoRAG:Encoding 3 queries for query_to_passage.
INFO:src.hipporag.HippoRAG:Encoding 4 queries for query_to_passage.
INFO:src.hipporag.HippoRAG:Encoding 2 queries for query_to_passage.
INFO:src.hipporag.HippoRAG:Encoding 3 queries for query_to_passage.
INFO:src.hipporag.HippoRAG:Encoding 1 queries for query_to_passage.
INFO:src.hipporag.HippoRAG:Encoding 2 queries for query_to_passage.
INFO:src.hipporag.HippoRAG:Encoding 2 queries for query_to_passage.
INFO:src.hipporag.HippoRAG:Encoding 1 queries for query_to_passage.
INFO:src.hipporag.HippoRAG:Encoding 1 queries for query_to_passage.
INFO:src.hipporag.HippoRAG:Encoding 2 queries for query_to_passage.
INFO:src.hipporag.HippoRAG:Encoding 1 queries for query_to_passage.
INFO:src.hipporag.HippoRAG:Encoding 2 queries for query_to_passage.
INFO:src.hipporag.HippoRAG:Encoding 1 queries for query_to_passage.
INFO:src.hipporag.HippoRAG:Encoding 1 queries for query_to_passage.
INFO:src.hipporag.HippoRAG:Encoding 3 queries for query_to_passage.
INFO:src.hipporag.HippoRAG:Encoding 4 queries for query_to_passage.
INFO:src.hipporag.HippoRAG:Encoding 1 queries for query_to_passage.
INFO:src.hipporag.HippoRAG:Encoding 2 queries for query_to_passage.
INFO:src.hipporag.HippoRAG:Encoding 1 queries for query_to_passage.
INFO:src.hipporag.HippoRAG:Encoding 2 queries for query_to_passage.
INFO:src.hipporag.HippoRAG:Encoding 2 queries for query_to_passage.
INFO:src.hipporag.HippoRAG:Encoding 1 queries for query_to_passage.
INFO:src.hipporag.HippoRAG:Encoding 4 queries for query_to_passage.
INFO:src.hipporag.HippoRAG:Encoding 1 queries for query_to_passage.
INFO:src.hipporag.HippoRAG:Encoding 2 queries for query_to_passage.
INFO:src.hipporag.HippoRAG:Encoding 3 queries for query_to_passage.
INFO:src.hipporag.HippoRAG:Encoding 1 queries for query_to_passage.
INFO:src.hipporag.HippoRAG:Encoding 2 queries for query_to_passage.
INFO:src.hipporag.HippoRAG:Encoding 1 queries for query_to_passage.
INFO:src.hipporag.HippoRAG:Encoding 3 queries for query_to_passage.
INFO:src.hipporag.HippoRAG:Encoding 2 queries for query_to_passage.
INFO:src.hipporag.HippoRAG:Encoding 3 queries for query_to_passage.
INFO:src.hipporag.HippoRAG:Encoding 1 queries for query_to_passage.
INFO:src.hipporag.HippoRAG:Encoding 3 queries for query_to_passage.
INFO:src.hipporag.HippoRAG:Encoding 2 queries for query_to_passage.
INFO:src.hipporag.HippoRAG:Encoding 1 queries for query_to_passage.
INFO:src.hipporag.HippoRAG:Encoding 2 queries for query_to_passage.
INFO:src.hipporag.HippoRAG:Encoding 1 queries for query_to_passage.
INFO:src.hipporag.HippoRAG:Encoding 1 queries for query_to_passage.
INFO:src.hipporag.HippoRAG:Encoding 1 queries for query_to_passage.
INFO:src.hipporag.HippoRAG:Encoding 4 queries for query_to_passage.
INFO:src.hipporag.HippoRAG:Encoding 3 queries for query_to_passage.
INFO:src.hipporag.HippoRAG:Encoding 2 queries for query_to_passage.
INFO:src.hipporag.HippoRAG:Encoding 1 queries for query_to_passage.
INFO:src.hipporag.HippoRAG:Encoding 1 queries for query_to_passage.
INFO:src.hipporag.HippoRAG:Encoding 4 queries for query_to_passage.
INFO:src.hipporag.HippoRAG:Encoding 4 queries for query_to_passage.
INFO:src.hipporag.HippoRAG:Encoding 1 queries for query_to_passage.
INFO:src.hipporag.HippoRAG:Encoding 1 queries for query_to_passage.
INFO:src.hipporag.HippoRAG:Encoding 1 queries for query_to_passage.
INFO:src.hipporag.HippoRAG:Encoding 1 queries for query_to_passage.
INFO:src.hipporag.HippoRAG:Encoding 1 queries for query_to_passage.
INFO:src.hipporag.HippoRAG:Encoding 2 queries for query_to_passage.
INFO:src.hipporag.HippoRAG:Encoding 1 queries for query_to_passage.
INFO:src.hipporag.HippoRAG:Encoding 1 queries for query_to_passage.
INFO:src.hipporag.HippoRAG:Encoding 1 queries for query_to_passage.
INFO:src.hipporag.HippoRAG:Encoding 2 queries for query_to_passage.
INFO:src.hipporag.HippoRAG:Encoding 2 queries for query_to_passage.
INFO:src.hipporag.HippoRAG:Encoding 4 queries for query_to_passage.
INFO:src.hipporag.HippoRAG:Encoding 3 queries for query_to_passage.
INFO:src.hipporag.HippoRAG:Encoding 1 queries for query_to_passage.
INFO:src.hipporag.HippoRAG:Encoding 1 queries for query_to_passage.
INFO:src.hipporag.HippoRAG:Encoding 1 queries for query_to_passage.
INFO:src.hipporag.HippoRAG:Encoding 1 queries for query_to_passage.
INFO:src.hipporag.HippoRAG:Encoding 1 queries for query_to_passage.
INFO:src.hipporag.HippoRAG:Encoding 1 queries for query_to_passage.
INFO:src.hipporag.HippoRAG:Encoding 1 queries for query_to_passage.
INFO:src.hipporag.HippoRAG:Encoding 1 queries for query_to_passage.
INFO:src.hipporag.HippoRAG:Encoding 3 queries for query_to_passage.
INFO:src.hipporag.HippoRAG:Encoding 1 queries for query_to_passage.
INFO:src.hipporag.HippoRAG:Encoding 3 queries for query_to_passage.
INFO:src.hipporag.HippoRAG:Encoding 2 queries for query_to_passage.
INFO:src.hipporag.HippoRAG:Encoding 3 queries for query_to_passage.
INFO:src.hipporag.HippoRAG:Encoding 4 queries for query_to_passage.
INFO:src.hipporag.HippoRAG:Encoding 3 queries for query_to_passage.
INFO:src.hipporag.HippoRAG:Encoding 1 queries for query_to_passage.
INFO:src.hipporag.HippoRAG:Encoding 4 queries for query_to_passage.
INFO:src.hipporag.HippoRAG:Encoding 1 queries for query_to_passage.
INFO:src.hipporag.HippoRAG:Encoding 1 queries for query_to_passage.
INFO:src.hipporag.HippoRAG:Encoding 1 queries for query_to_passage.
INFO:src.hipporag.HippoRAG:Encoding 1 queries for query_to_passage.
INFO:src.hipporag.HippoRAG:Encoding 1 queries for query_to_passage.
INFO:src.hipporag.HippoRAG:Encoding 1 queries for query_to_passage.
INFO:src.hipporag.HippoRAG:Encoding 1 queries for query_to_passage.
INFO:src.hipporag.HippoRAG:Encoding 2 queries for query_to_passage.
INFO:src.hipporag.HippoRAG:Encoding 1 queries for query_to_passage.
INFO:src.hipporag.HippoRAG:Encoding 1 queries for query_to_passage.
INFO:src.hipporag.HippoRAG:Encoding 2 queries for query_to_passage.
INFO:src.hipporag.HippoRAG:Encoding 2 queries for query_to_passage.
INFO:src.hipporag.HippoRAG:Encoding 4 queries for query_to_passage.
INFO:src.hipporag.HippoRAG:Encoding 4 queries for query_to_passage.
INFO:src.hipporag.HippoRAG:Encoding 1 queries for query_to_passage.
INFO:src.hipporag.HippoRAG:Encoding 1 queries for query_to_passage.
INFO:src.hipporag.HippoRAG:Encoding 1 queries for query_to_passage.
INFO:src.hipporag.HippoRAG:Encoding 2 queries for query_to_passage.
INFO:src.hipporag.HippoRAG:Encoding 2 queries for query_to_passage.
INFO:src.hipporag.HippoRAG:Encoding 1 queries for query_to_passage.
INFO:src.hipporag.HippoRAG:Encoding 1 queries for query_to_passage.
INFO:src.hipporag.HippoRAG:Encoding 1 queries for query_to_passage.
INFO:src.hipporag.HippoRAG:Encoding 1 queries for query_to_passage.
INFO:src.hipporag.HippoRAG:Encoding 1 queries for query_to_passage.
INFO:src.hipporag.HippoRAG:Encoding 1 queries for query_to_passage.
INFO:src.hipporag.HippoRAG:Encoding 1 queries for query_to_passage.
INFO:src.hipporag.HippoRAG:Encoding 1 queries for query_to_passage.
INFO:src.hipporag.HippoRAG:Encoding 2 queries for query_to_passage.
INFO:src.hipporag.HippoRAG:Encoding 1 queries for query_to_passage.
INFO:src.hipporag.HippoRAG:Encoding 1 queries for query_to_passage.
INFO:src.hipporag.HippoRAG:Encoding 2 queries for query_to_passage.
INFO:src.hipporag.HippoRAG:Encoding 1 queries for query_to_passage.
INFO:src.hipporag.HippoRAG:Encoding 2 queries for query_to_passage.
INFO:src.hipporag.HippoRAG:Encoding 1 queries for query_to_passage.
INFO:src.hipporag.HippoRAG:Encoding 2 queries for query_to_passage.
INFO:src.hipporag.HippoRAG:Encoding 1 queries for query_to_passage.
INFO:src.hipporag.HippoRAG:Encoding 1 queries for query_to_passage.
INFO:src.hipporag.HippoRAG:Encoding 1 queries for query_to_passage.
INFO:src.hipporag.HippoRAG:Encoding 4 queries for query_to_passage.
INFO:src.hipporag.HippoRAG:Encoding 1 queries for query_to_passage.
INFO:src.hipporag.HippoRAG:Encoding 1 queries for query_to_passage.
INFO:src.hipporag.HippoRAG:Encoding 1 queries for query_to_passage.
INFO:src.hipporag.HippoRAG:Encoding 2 queries for query_to_passage.
INFO:src.hipporag.HippoRAG:Encoding 2 queries for query_to_passage.
INFO:src.hipporag.HippoRAG:Encoding 3 queries for query_to_passage.
INFO:src.hipporag.HippoRAG:Encoding 2 queries for query_to_passage.
INFO:src.hipporag.HippoRAG:Encoding 1 queries for query_to_passage.
INFO:src.hipporag.HippoRAG:Encoding 1 queries for query_to_passage.
INFO:src.hipporag.HippoRAG:Encoding 2 queries for query_to_passage.
INFO:src.hipporag.HippoRAG:Encoding 1 queries for query_to_passage.
INFO:src.hipporag.HippoRAG:Encoding 2 queries for query_to_passage.
INFO:src.hipporag.HippoRAG:Encoding 1 queries for query_to_passage.
INFO:src.hipporag.HippoRAG:Encoding 2 queries for query_to_passage.
INFO:src.hipporag.HippoRAG:Encoding 2 queries for query_to_passage.
INFO:src.hipporag.HippoRAG:Encoding 1 queries for query_to_passage.
INFO:src.hipporag.HippoRAG:Encoding 2 queries for query_to_passage.
INFO:src.hipporag.HippoRAG:Encoding 1 queries for query_to_passage.
INFO:src.hipporag.HippoRAG:Encoding 1 queries for query_to_passage.
INFO:src.hipporag.HippoRAG:Encoding 1 queries for query_to_passage.
INFO:src.hipporag.HippoRAG:Encoding 2 queries for query_to_passage.
INFO:src.hipporag.HippoRAG:Encoding 3 queries for query_to_passage.
INFO:src.hipporag.HippoRAG:Encoding 2 queries for query_to_passage.
INFO:src.hipporag.HippoRAG:Encoding 2 queries for query_to_passage.
INFO:src.hipporag.HippoRAG:Encoding 3 queries for query_to_passage.
INFO:src.hipporag.HippoRAG:Encoding 2 queries for query_to_passage.
INFO:src.hipporag.HippoRAG:Encoding 2 queries for query_to_passage.
INFO:src.hipporag.HippoRAG:Encoding 1 queries for query_to_passage.
INFO:src.hipporag.HippoRAG:Encoding 1 queries for query_to_passage.
INFO:src.hipporag.HippoRAG:Encoding 2 queries for query_to_passage.
INFO:src.hipporag.HippoRAG:Encoding 2 queries for query_to_passage.
INFO:src.hipporag.HippoRAG:Encoding 2 queries for query_to_passage.
INFO:src.hipporag.HippoRAG:Encoding 2 queries for query_to_passage.
INFO:src.hipporag.HippoRAG:Encoding 1 queries for query_to_passage.
INFO:src.hipporag.HippoRAG:Encoding 2 queries for query_to_passage.
INFO:src.hipporag.HippoRAG:Encoding 1 queries for query_to_passage.
INFO:src.hipporag.HippoRAG:Encoding 2 queries for query_to_passage.
INFO:src.hipporag.HippoRAG:Encoding 2 queries for query_to_passage.
INFO:src.hipporag.HippoRAG:Encoding 1 queries for query_to_passage.
INFO:src.hipporag.HippoRAG:Encoding 4 queries for query_to_passage.
INFO:src.hipporag.HippoRAG:Encoding 3 queries for query_to_passage.
INFO:src.hipporag.HippoRAG:Encoding 2 queries for query_to_passage.
INFO:src.hipporag.HippoRAG:Encoding 1 queries for query_to_passage.
INFO:src.hipporag.HippoRAG:Encoding 3 queries for query_to_passage.
INFO:src.hipporag.HippoRAG:Encoding 2 queries for query_to_passage.
INFO:src.hipporag.HippoRAG:Encoding 1 queries for query_to_passage.
INFO:src.hipporag.HippoRAG:Encoding 2 queries for query_to_passage.
INFO:src.hipporag.HippoRAG:Encoding 1 queries for query_to_passage.
INFO:src.hipporag.HippoRAG:Encoding 1 queries for query_to_passage.
INFO:src.hipporag.HippoRAG:Encoding 4 queries for query_to_passage.
INFO:src.hipporag.HippoRAG:Encoding 1 queries for query_to_passage.
INFO:src.hipporag.HippoRAG:Encoding 2 queries for query_to_passage.
INFO:src.hipporag.HippoRAG:Encoding 1 queries for query_to_passage.
INFO:src.hipporag.HippoRAG:Encoding 1 queries for query_to_passage.
INFO:src.hipporag.HippoRAG:Encoding 4 queries for query_to_passage.
INFO:src.hipporag.HippoRAG:Encoding 2 queries for query_to_passage.
INFO:src.hipporag.HippoRAG:Encoding 1 queries for query_to_passage.
INFO:src.hipporag.HippoRAG:Encoding 3 queries for query_to_passage.
INFO:src.hipporag.HippoRAG:Encoding 1 queries for query_to_passage.
INFO:src.hipporag.HippoRAG:Encoding 1 queries for query_to_passage.
INFO:src.hipporag.HippoRAG:Encoding 2 queries for query_to_passage.
INFO:src.hipporag.HippoRAG:Encoding 1 queries for query_to_passage.
INFO:src.hipporag.HippoRAG:Encoding 2 queries for query_to_passage.
INFO:src.hipporag.HippoRAG:Encoding 2 queries for query_to_passage.
INFO:src.hipporag.HippoRAG:Encoding 2 queries for query_to_passage.
INFO:src.hipporag.HippoRAG:Encoding 1 queries for query_to_passage.
INFO:src.hipporag.HippoRAG:Encoding 1 queries for query_to_passage.
INFO:src.hipporag.HippoRAG:Encoding 2 queries for query_to_passage.
INFO:src.hipporag.HippoRAG:Encoding 1 queries for query_to_passage.
INFO:src.hipporag.HippoRAG:Encoding 1 queries for query_to_passage.
INFO:src.hipporag.HippoRAG:Encoding 2 queries for query_to_passage.
INFO:src.hipporag.HippoRAG:Encoding 2 queries for query_to_passage.
INFO:src.hipporag.HippoRAG:Encoding 2 queries for query_to_passage.
INFO:src.hipporag.HippoRAG:Encoding 1 queries for query_to_passage.
INFO:src.hipporag.HippoRAG:Encoding 1 queries for query_to_passage.
INFO:src.hipporag.HippoRAG:Encoding 1 queries for query_to_passage.
INFO:src.hipporag.HippoRAG:Encoding 3 queries for query_to_passage.
INFO:src.hipporag.HippoRAG:Encoding 2 queries for query_to_passage.
INFO:src.hipporag.HippoRAG:Encoding 2 queries for query_to_passage.
INFO:src.hipporag.HippoRAG:Encoding 2 queries for query_to_passage.
INFO:src.hipporag.HippoRAG:Encoding 2 queries for query_to_passage.
INFO:src.hipporag.HippoRAG:Encoding 2 queries for query_to_passage.
INFO:src.hipporag.HippoRAG:Encoding 2 queries for query_to_passage.
INFO:src.hipporag.HippoRAG:Encoding 3 queries for query_to_passage.
INFO:src.hipporag.HippoRAG:Encoding 1 queries for query_to_passage.
INFO:src.hipporag.HippoRAG:Encoding 2 queries for query_to_passage.
INFO:src.hipporag.HippoRAG:Encoding 1 queries for query_to_passage.
INFO:src.hipporag.HippoRAG:Encoding 3 queries for query_to_passage.
INFO:src.hipporag.HippoRAG:Encoding 1 queries for query_to_passage.
INFO:src.hipporag.HippoRAG:Encoding 1 queries for query_to_passage.
INFO:src.hipporag.HippoRAG:Encoding 1 queries for query_to_passage.
INFO:src.hipporag.HippoRAG:Encoding 2 queries for query_to_passage.
INFO:src.hipporag.HippoRAG:Encoding 1 queries for query_to_passage.
INFO:src.hipporag.HippoRAG:Encoding 2 queries for query_to_passage.
INFO:src.hipporag.HippoRAG:Encoding 2 queries for query_to_passage.
INFO:src.hipporag.HippoRAG:Encoding 3 queries for query_to_passage.
INFO:src.hipporag.HippoRAG:Encoding 1 queries for query_to_passage.
INFO:src.hipporag.HippoRAG:Encoding 2 queries for query_to_passage.
INFO:src.hipporag.HippoRAG:Encoding 1 queries for query_to_passage.
INFO:src.hipporag.HippoRAG:Encoding 2 queries for query_to_passage.
INFO:src.hipporag.HippoRAG:Encoding 1 queries for query_to_passage.
INFO:src.hipporag.HippoRAG:Encoding 2 queries for query_to_passage.
INFO:src.hipporag.HippoRAG:Encoding 2 queries for query_to_passage.
INFO:src.hipporag.HippoRAG:Encoding 2 queries for query_to_passage.
INFO:src.hipporag.HippoRAG:Encoding 1 queries for query_to_passage.
INFO:src.hipporag.HippoRAG:Encoding 3 queries for query_to_passage.
INFO:src.hipporag.HippoRAG:Encoding 2 queries for query_to_passage.
INFO:src.hipporag.HippoRAG:Encoding 2 queries for query_to_passage.
INFO:src.hipporag.HippoRAG:Encoding 3 queries for query_to_passage.
INFO:src.hipporag.HippoRAG:Encoding 1 queries for query_to_passage.
INFO:src.hipporag.HippoRAG:Encoding 2 queries for query_to_passage.
INFO:src.hipporag.HippoRAG:Encoding 1 queries for query_to_passage.
INFO:src.hipporag.HippoRAG:Encoding 1 queries for query_to_passage.
INFO:src.hipporag.HippoRAG:Encoding 2 queries for query_to_passage.
INFO:src.hipporag.HippoRAG:Encoding 2 queries for query_to_passage.
INFO:src.hipporag.HippoRAG:Encoding 1 queries for query_to_passage.
INFO:src.hipporag.HippoRAG:Encoding 2 queries for query_to_passage.
INFO:src.hipporag.HippoRAG:Encoding 3 queries for query_to_passage.
INFO:src.hipporag.HippoRAG:Encoding 2 queries for query_to_passage.
INFO:src.hipporag.HippoRAG:Encoding 1 queries for query_to_passage.
INFO:src.hipporag.HippoRAG:Encoding 1 queries for query_to_passage.
INFO:src.hipporag.HippoRAG:Encoding 1 queries for query_to_passage.
INFO:src.hipporag.HippoRAG:Encoding 3 queries for query_to_passage.
INFO:src.hipporag.HippoRAG:Encoding 1 queries for query_to_passage.
INFO:src.hipporag.HippoRAG:Encoding 1 queries for query_to_passage.
INFO:src.hipporag.HippoRAG:Encoding 1 queries for query_to_passage.
INFO:src.hipporag.HippoRAG:Encoding 1 queries for query_to_passage.
INFO:src.hipporag.HippoRAG:Encoding 1 queries for query_to_passage.
INFO:src.hipporag.HippoRAG:Encoding 3 queries for query_to_passage.
INFO:src.hipporag.HippoRAG:Encoding 1 queries for query_to_passage.
INFO:src.hipporag.HippoRAG:Encoding 1 queries for query_to_passage.
INFO:src.hipporag.HippoRAG:Encoding 2 queries for query_to_passage.
INFO:src.hipporag.HippoRAG:Encoding 2 queries for query_to_passage.
INFO:src.hipporag.HippoRAG:Encoding 2 queries for query_to_passage.
INFO:src.hipporag.HippoRAG:Encoding 1 queries for query_to_passage.
INFO:src.hipporag.HippoRAG:Encoding 2 queries for query_to_passage.
INFO:src.hipporag.HippoRAG:Encoding 1 queries for query_to_passage.
INFO:src.hipporag.HippoRAG:Encoding 3 queries for query_to_passage.
INFO:src.hipporag.HippoRAG:Encoding 1 queries for query_to_passage.
INFO:src.hipporag.HippoRAG:Encoding 2 queries for query_to_passage.
INFO:src.hipporag.HippoRAG:Encoding 1 queries for query_to_passage.
INFO:src.hipporag.HippoRAG:Encoding 2 queries for query_to_passage.
INFO:src.hipporag.HippoRAG:Encoding 1 queries for query_to_passage.
INFO:src.hipporag.HippoRAG:Encoding 2 queries for query_to_passage.
INFO:src.hipporag.HippoRAG:Encoding 2 queries for query_to_passage.
INFO:src.hipporag.HippoRAG:Encoding 2 queries for query_to_passage.
INFO:src.hipporag.HippoRAG:Encoding 2 queries for query_to_passage.
INFO:src.hipporag.HippoRAG:Encoding 3 queries for query_to_passage.
INFO:src.hipporag.HippoRAG:Encoding 2 queries for query_to_passage.
INFO:src.hipporag.HippoRAG:Encoding 2 queries for query_to_passage.
INFO:src.hipporag.HippoRAG:Encoding 1 queries for query_to_passage.
INFO:src.hipporag.HippoRAG:Encoding 2 queries for query_to_passage.
INFO:src.hipporag.HippoRAG:Encoding 1 queries for query_to_passage.
INFO:src.hipporag.HippoRAG:Encoding 3 queries for query_to_passage.
INFO:src.hipporag.HippoRAG:Encoding 3 queries for query_to_passage.
INFO:src.hipporag.HippoRAG:Encoding 1 queries for query_to_passage.
INFO:src.hipporag.HippoRAG:Encoding 1 queries for query_to_passage.
INFO:src.hipporag.HippoRAG:Encoding 2 queries for query_to_passage.
INFO:src.hipporag.HippoRAG:Encoding 1 queries for query_to_passage.
INFO:src.hipporag.HippoRAG:Encoding 1 queries for query_to_passage.
INFO:src.hipporag.HippoRAG:Encoding 2 queries for query_to_passage.
INFO:src.hipporag.HippoRAG:Encoding 1 queries for query_to_passage.
INFO:src.hipporag.HippoRAG:Encoding 2 queries for query_to_passage.
INFO:src.hipporag.HippoRAG:Encoding 2 queries for query_to_passage.
INFO:src.hipporag.HippoRAG:Encoding 1 queries for query_to_passage.
INFO:src.hipporag.HippoRAG:Encoding 1 queries for query_to_passage.
INFO:src.hipporag.HippoRAG:Encoding 2 queries for query_to_passage.
INFO:src.hipporag.HippoRAG:Encoding 1 queries for query_to_passage.
INFO:src.hipporag.HippoRAG:Encoding 2 queries for query_to_passage.
INFO:src.hipporag.HippoRAG:Encoding 1 queries for query_to_passage.
INFO:src.hipporag.HippoRAG:Encoding 1 queries for query_to_passage.
INFO:src.hipporag.HippoRAG:Encoding 1 queries for query_to_passage.
INFO:src.hipporag.HippoRAG:Encoding 2 queries for query_to_passage.
INFO:src.hipporag.HippoRAG:Encoding 2 queries for query_to_passage.
INFO:src.hipporag.HippoRAG:Encoding 4 queries for query_to_passage.
INFO:src.hipporag.HippoRAG:Encoding 1 queries for query_to_passage.
INFO:src.hipporag.HippoRAG:Encoding 2 queries for query_to_passage.
INFO:src.hipporag.HippoRAG:Encoding 1 queries for query_to_passage.
INFO:src.hipporag.HippoRAG:Encoding 1 queries for query_to_passage.
INFO:src.hipporag.HippoRAG:Encoding 2 queries for query_to_passage.
INFO:src.hipporag.HippoRAG:Encoding 1 queries for query_to_passage.
INFO:src.hipporag.HippoRAG:Encoding 2 queries for query_to_passage.
INFO:src.hipporag.HippoRAG:Encoding 2 queries for query_to_passage.
INFO:src.hipporag.HippoRAG:Encoding 2 queries for query_to_passage.
INFO:src.hipporag.HippoRAG:Encoding 1 queries for query_to_passage.
INFO:src.hipporag.HippoRAG:Encoding 2 queries for query_to_passage.
INFO:src.hipporag.HippoRAG:Encoding 2 queries for query_to_passage.
INFO:src.hipporag.HippoRAG:Encoding 2 queries for query_to_passage.
INFO:src.hipporag.HippoRAG:Encoding 1 queries for query_to_passage.
INFO:src.hipporag.HippoRAG:Encoding 4 queries for query_to_passage.
INFO:src.hipporag.HippoRAG:Encoding 1 queries for query_to_passage.
INFO:src.hipporag.HippoRAG:Encoding 1 queries for query_to_passage.
INFO:src.hipporag.HippoRAG:Encoding 1 queries for query_to_passage.
INFO:src.hipporag.HippoRAG:Encoding 1 queries for query_to_passage.
INFO:src.hipporag.HippoRAG:Encoding 1 queries for query_to_passage.
INFO:src.hipporag.HippoRAG:Encoding 3 queries for query_to_passage.
INFO:src.hipporag.HippoRAG:Encoding 2 queries for query_to_passage.
INFO:src.hipporag.HippoRAG:Encoding 3 queries for query_to_passage.
INFO:src.hipporag.HippoRAG:Encoding 1 queries for query_to_passage.
INFO:src.hipporag.HippoRAG:Encoding 2 queries for query_to_passage.
INFO:src.hipporag.HippoRAG:Encoding 1 queries for query_to_passage.
INFO:src.hipporag.HippoRAG:Encoding 2 queries for query_to_passage.
INFO:src.hipporag.HippoRAG:Encoding 2 queries for query_to_passage.
INFO:src.hipporag.HippoRAG:Encoding 2 queries for query_to_passage.
INFO:src.hipporag.HippoRAG:Encoding 2 queries for query_to_passage.
INFO:src.hipporag.HippoRAG:Encoding 1 queries for query_to_passage.
INFO:src.hipporag.HippoRAG:Encoding 4 queries for query_to_passage.
INFO:src.hipporag.HippoRAG:Encoding 2 queries for query_to_passage.
INFO:src.hipporag.HippoRAG:Encoding 3 queries for query_to_passage.
INFO:src.hipporag.HippoRAG:Encoding 1 queries for query_to_passage.
INFO:src.hipporag.HippoRAG:Encoding 4 queries for query_to_passage.
INFO:src.hipporag.HippoRAG:Encoding 3 queries for query_to_passage.
INFO:src.hipporag.HippoRAG:Encoding 3 queries for query_to_passage.
INFO:src.hipporag.HippoRAG:Encoding 1 queries for query_to_passage.
INFO:src.hipporag.HippoRAG:Encoding 1 queries for query_to_passage.
INFO:src.hipporag.HippoRAG:Encoding 2 queries for query_to_passage.
INFO:src.hipporag.HippoRAG:Encoding 3 queries for query_to_passage.
INFO:src.hipporag.HippoRAG:Encoding 1 queries for query_to_passage.
INFO:src.hipporag.HippoRAG:Encoding 1 queries for query_to_passage.
INFO:src.hipporag.HippoRAG:Encoding 2 queries for query_to_passage.
INFO:src.hipporag.HippoRAG:Encoding 1 queries for query_to_passage.
INFO:src.hipporag.HippoRAG:Encoding 2 queries for query_to_passage.
INFO:src.hipporag.HippoRAG:Encoding 2 queries for query_to_passage.
INFO:src.hipporag.HippoRAG:Encoding 1 queries for query_to_passage.
INFO:src.hipporag.HippoRAG:Encoding 1 queries for query_to_passage.
INFO:src.hipporag.HippoRAG:Encoding 3 queries for query_to_passage.
INFO:src.hipporag.HippoRAG:Encoding 1 queries for query_to_passage.
INFO:src.hipporag.HippoRAG:Encoding 1 queries for query_to_passage.
INFO:src.hipporag.HippoRAG:Encoding 1 queries for query_to_passage.
INFO:src.hipporag.HippoRAG:Encoding 1 queries for query_to_passage.
INFO:src.hipporag.HippoRAG:Encoding 3 queries for query_to_passage.
INFO:src.hipporag.HippoRAG:Encoding 2 queries for query_to_passage.
INFO:src.hipporag.HippoRAG:Encoding 1 queries for query_to_passage.
INFO:src.hipporag.HippoRAG:Encoding 1 queries for query_to_passage.
INFO:src.hipporag.HippoRAG:Encoding 2 queries for query_to_passage.
INFO:src.hipporag.HippoRAG:Encoding 2 queries for query_to_passage.
INFO:src.hipporag.HippoRAG:Encoding 1 queries for query_to_passage.
INFO:src.hipporag.HippoRAG:Encoding 2 queries for query_to_passage.
INFO:src.hipporag.HippoRAG:Encoding 1 queries for query_to_passage.
INFO:src.hipporag.HippoRAG:Encoding 3 queries for query_to_passage.
INFO:src.hipporag.HippoRAG:Encoding 1 queries for query_to_passage.
INFO:src.hipporag.HippoRAG:Encoding 1 queries for query_to_passage.
INFO:src.hipporag.HippoRAG:Encoding 1 queries for query_to_passage.
INFO:src.hipporag.HippoRAG:Encoding 1 queries for query_to_passage.
INFO:src.hipporag.HippoRAG:Encoding 1 queries for query_to_passage.
INFO:src.hipporag.HippoRAG:Encoding 2 queries for query_to_passage.
INFO:src.hipporag.HippoRAG:Encoding 2 queries for query_to_passage.
INFO:src.hipporag.HippoRAG:Encoding 3 queries for query_to_passage.
INFO:src.hipporag.HippoRAG:Encoding 1 queries for query_to_passage.
INFO:src.hipporag.HippoRAG:Encoding 2 queries for query_to_passage.
INFO:src.hipporag.HippoRAG:Encoding 1 queries for query_to_passage.
INFO:src.hipporag.HippoRAG:Encoding 2 queries for query_to_passage.
INFO:src.hipporag.HippoRAG:Encoding 2 queries for query_to_passage.
INFO:src.hipporag.HippoRAG:Encoding 2 queries for query_to_passage.
INFO:src.hipporag.HippoRAG:Encoding 2 queries for query_to_passage.
INFO:src.hipporag.HippoRAG:Encoding 3 queries for query_to_passage.
INFO:src.hipporag.HippoRAG:Encoding 2 queries for query_to_passage.
INFO:src.hipporag.HippoRAG:Encoding 1 queries for query_to_passage.
INFO:src.hipporag.HippoRAG:Encoding 1 queries for query_to_passage.
INFO:src.hipporag.HippoRAG:Encoding 2 queries for query_to_passage.
INFO:src.hipporag.HippoRAG:Encoding 1 queries for query_to_passage.
INFO:src.hipporag.HippoRAG:Encoding 1 queries for query_to_passage.
INFO:src.hipporag.HippoRAG:Encoding 3 queries for query_to_passage.
INFO:src.hipporag.HippoRAG:Encoding 1 queries for query_to_passage.
INFO:src.hipporag.HippoRAG:Encoding 2 queries for query_to_passage.
INFO:src.hipporag.HippoRAG:Encoding 2 queries for query_to_passage.
INFO:src.hipporag.HippoRAG:Encoding 2 queries for query_to_passage.
INFO:src.hipporag.HippoRAG:Encoding 1 queries for query_to_passage.
INFO:src.hipporag.HippoRAG:Encoding 1 queries for query_to_passage.
INFO:src.hipporag.HippoRAG:Encoding 2 queries for query_to_passage.
INFO:src.hipporag.HippoRAG:Encoding 1 queries for query_to_passage.
INFO:src.hipporag.HippoRAG:Encoding 2 queries for query_to_passage.
INFO:src.hipporag.HippoRAG:Encoding 2 queries for query_to_passage.
INFO:src.hipporag.HippoRAG:Encoding 1 queries for query_to_passage.
INFO:src.hipporag.HippoRAG:Encoding 4 queries for query_to_passage.
INFO:src.hipporag.HippoRAG:Encoding 3 queries for query_to_passage.
INFO:src.hipporag.HippoRAG:Encoding 1 queries for query_to_passage.
INFO:src.hipporag.HippoRAG:Encoding 4 queries for query_to_passage.
INFO:src.hipporag.HippoRAG:Encoding 1 queries for query_to_passage.
INFO:src.hipporag.HippoRAG:Encoding 1 queries for query_to_passage.
INFO:src.hipporag.HippoRAG:Encoding 2 queries for query_to_passage.
INFO:src.hipporag.HippoRAG:Encoding 1 queries for query_to_passage.
INFO:src.hipporag.HippoRAG:Encoding 1 queries for query_to_passage.
INFO:src.hipporag.HippoRAG:Encoding 2 queries for query_to_passage.
INFO:src.hipporag.HippoRAG:Encoding 2 queries for query_to_passage.
INFO:src.hipporag.HippoRAG:Encoding 1 queries for query_to_passage.
INFO:src.hipporag.HippoRAG:Encoding 1 queries for query_to_passage.
INFO:src.hipporag.HippoRAG:Encoding 2 queries for query_to_passage.
INFO:src.hipporag.HippoRAG:Encoding 1 queries for query_to_passage.
INFO:src.hipporag.HippoRAG:Encoding 1 queries for query_to_passage.
INFO:src.hipporag.HippoRAG:Encoding 1 queries for query_to_passage.
INFO:src.hipporag.HippoRAG:Encoding 2 queries for query_to_passage.
INFO:src.hipporag.HippoRAG:Encoding 3 queries for query_to_passage.
INFO:src.hipporag.HippoRAG:Encoding 2 queries for query_to_passage.
INFO:src.hipporag.HippoRAG:Encoding 1 queries for query_to_passage.
INFO:src.hipporag.HippoRAG:Encoding 2 queries for query_to_passage.
INFO:src.hipporag.HippoRAG:Encoding 1 queries for query_to_passage.
INFO:src.hipporag.HippoRAG:Encoding 1 queries for query_to_passage.
INFO:src.hipporag.HippoRAG:Encoding 2 queries for query_to_passage.
INFO:src.hipporag.HippoRAG:Encoding 1 queries for query_to_passage.
INFO:src.hipporag.HippoRAG:Encoding 2 queries for query_to_passage.
INFO:src.hipporag.HippoRAG:Encoding 1 queries for query_to_passage.
INFO:src.hipporag.HippoRAG:Encoding 1 queries for query_to_passage.
INFO:src.hipporag.HippoRAG:Encoding 3 queries for query_to_passage.
INFO:src.hipporag.HippoRAG:Encoding 4 queries for query_to_passage.
INFO:src.hipporag.HippoRAG:Encoding 3 queries for query_to_passage.
INFO:src.hipporag.HippoRAG:Encoding 1 queries for query_to_passage.
INFO:src.hipporag.HippoRAG:Encoding 1 queries for query_to_passage.
INFO:src.hipporag.HippoRAG:Encoding 1 queries for query_to_passage.
INFO:src.hipporag.HippoRAG:Encoding 1 queries for query_to_passage.
INFO:src.hipporag.HippoRAG:Encoding 1 queries for query_to_passage.
INFO:src.hipporag.HippoRAG:Encoding 1 queries for query_to_passage.
INFO:src.hipporag.HippoRAG:Encoding 2 queries for query_to_passage.
INFO:src.hipporag.HippoRAG:Encoding 1 queries for query_to_passage.
INFO:src.hipporag.HippoRAG:Encoding 2 queries for query_to_passage.
INFO:src.hipporag.HippoRAG:Encoding 1 queries for query_to_passage.
INFO:src.hipporag.HippoRAG:Encoding 2 queries for query_to_passage.
INFO:src.hipporag.HippoRAG:Encoding 1 queries for query_to_passage.
INFO:src.hipporag.HippoRAG:Encoding 2 queries for query_to_passage.
INFO:src.hipporag.HippoRAG:Encoding 3 queries for query_to_passage.
INFO:src.hipporag.HippoRAG:Encoding 2 queries for query_to_passage.
INFO:src.hipporag.HippoRAG:Encoding 2 queries for query_to_passage.
INFO:src.hipporag.HippoRAG:Encoding 1 queries for query_to_passage.
INFO:src.hipporag.HippoRAG:Encoding 1 queries for query_to_passage.
INFO:src.hipporag.HippoRAG:Encoding 2 queries for query_to_passage.
INFO:src.hipporag.HippoRAG:Encoding 1 queries for query_to_passage.
INFO:src.hipporag.HippoRAG:Encoding 1 queries for query_to_passage.
INFO:src.hipporag.HippoRAG:Encoding 1 queries for query_to_passage.
INFO:src.hipporag.HippoRAG:Encoding 3 queries for query_to_passage.
INFO:src.hipporag.HippoRAG:Encoding 1 queries for query_to_passage.
INFO:src.hipporag.HippoRAG:Encoding 2 queries for query_to_passage.
INFO:src.hipporag.HippoRAG:Encoding 3 queries for query_to_passage.
INFO:src.hipporag.HippoRAG:Encoding 1 queries for query_to_passage.
INFO:src.hipporag.HippoRAG:Encoding 1 queries for query_to_passage.
INFO:src.hipporag.HippoRAG:Encoding 1 queries for query_to_passage.
INFO:src.hipporag.HippoRAG:Encoding 1 queries for query_to_passage.
INFO:src.hipporag.HippoRAG:Encoding 1 queries for query_to_passage.
INFO:src.hipporag.HippoRAG:Encoding 1 queries for query_to_passage.
INFO:src.hipporag.HippoRAG:Encoding 1 queries for query_to_passage.
INFO:src.hipporag.HippoRAG:Encoding 1 queries for query_to_passage.
INFO:src.hipporag.HippoRAG:Encoding 3 queries for query_to_passage.
INFO:src.hipporag.HippoRAG:Encoding 3 queries for query_to_passage.
INFO:src.hipporag.HippoRAG:Encoding 1 queries for query_to_passage.
INFO:src.hipporag.HippoRAG:Encoding 1 queries for query_to_passage.
INFO:src.hipporag.HippoRAG:Encoding 1 queries for query_to_passage.
INFO:src.hipporag.HippoRAG:Encoding 2 queries for query_to_passage.
INFO:src.hipporag.HippoRAG:Encoding 1 queries for query_to_passage.
INFO:src.hipporag.HippoRAG:Encoding 1 queries for query_to_passage.
INFO:src.hipporag.HippoRAG:Encoding 2 queries for query_to_passage.
INFO:src.hipporag.HippoRAG:Encoding 4 queries for query_to_passage.
INFO:src.hipporag.HippoRAG:Encoding 1 queries for query_to_passage.
INFO:src.hipporag.HippoRAG:Encoding 1 queries for query_to_passage.
INFO:src.hipporag.HippoRAG:Encoding 3 queries for query_to_passage.
INFO:src.hipporag.HippoRAG:Encoding 2 queries for query_to_passage.
INFO:src.hipporag.HippoRAG:Encoding 1 queries for query_to_passage.
INFO:src.hipporag.HippoRAG:Encoding 2 queries for query_to_passage.
INFO:__main__:Applied daec_noisyor_selective_titleuniq selector over pool@100 for 1000 queries (avg mapped pool docs=100.00, avg seed entities=5.35)
Collecting QA prompts:   0%|          | 0/1000 [00:00<?, ?it/s]Collecting QA prompts: 100%|██████████| 1000/1000 [00:00<00:00, 10929.70it/s]
QA Reading:   0%|          | 0/1000 [00:00<?, ?it/s]QA Reading:  21%|██▏       | 213/1000 [00:00<00:00, 2122.46it/s]QA Reading:  46%|████▌     | 455/1000 [00:00<00:00, 2293.82it/s]QA Reading:  70%|██████▉   | 699/1000 [00:00<00:00, 2356.88it/s]QA Reading:  95%|█████████▍| 946/1000 [00:00<00:00, 2397.66it/s]QA Reading: 100%|██████████| 1000/1000 [00:00<00:00, 2362.59it/s]
Extraction Answers from LLM Response: 0it [00:00, ?it/s]Extraction Answers from LLM Response: 746it [00:00, 7452.88it/s]Extraction Answers from LLM Response: 1000it [00:00, 7813.42it/s]
INFO:src.hipporag.HippoRAG:Evaluation results for QA: {'ExactMatch': 0.353, 'F1': 0.4548}
INFO:__main__:Setwise selector daec_noisyor_selective_titleuniq[bridge]@100: EM=0.3530 (delta=+0.0230), F1=0.4548
WARNING:src.hipporag.evaluation.retrieval_eval:Length of retrieved docs (100) is smaller than largest topk for recall score (200)
WARNING:src.hipporag.evaluation.retrieval_eval:Length of retrieved docs (100) is smaller than largest topk for recall score (200)
WARNING:src.hipporag.evaluation.retrieval_eval:Length of retrieved docs (100) is smaller than largest topk for recall score (200)
WARNING:src.hipporag.evaluation.retrieval_eval:Length of retrieved docs (100) is smaller than largest topk for recall score (200)
WARNING:src.hipporag.evaluation.retrieval_eval:Length of retrieved docs (100) is smaller than largest topk for recall score (200)
WARNING:src.hipporag.evaluation.retrieval_eval:Length of retrieved docs (100) is smaller than largest topk for recall score (200)
WARNING:src.hipporag.evaluation.retrieval_eval:Length of retrieved docs (100) is smaller than largest topk for recall score (200)
WARNING:src.hipporag.evaluation.retrieval_eval:Length of retrieved docs (100) is smaller than largest topk for recall score (200)
WARNING:src.hipporag.evaluation.retrieval_eval:Length of retrieved docs (100) is smaller than largest topk for recall score (200)
WARNING:src.hipporag.evaluation.retrieval_eval:Length of retrieved docs (100) is smaller than largest topk for recall score (200)
WARNING:src.hipporag.evaluation.retrieval_eval:Length of retrieved docs (100) is smaller than largest topk for recall score (200)
WARNING:src.hipporag.evaluation.retrieval_eval:Length of retrieved docs (100) is smaller than largest topk for recall score (200)
WARNING:src.hipporag.evaluation.retrieval_eval:Length of retrieved docs (100) is smaller than largest topk for recall score (200)
WARNING:src.hipporag.evaluation.retrieval_eval:Length of retrieved docs (100) is smaller than largest topk for recall score (200)
WARNING:src.hipporag.evaluation.retrieval_eval:Length of retrieved docs (100) is smaller than largest topk for recall score (200)
WARNING:src.hipporag.evaluation.retrieval_eval:Length of retrieved docs (100) is smaller than largest topk for recall score (200)
WARNING:src.hipporag.evaluation.retrieval_eval:Length of retrieved docs (100) is smaller than largest topk for recall score (200)
WARNING:src.hipporag.evaluation.retrieval_eval:Length of retrieved docs (100) is smaller than largest topk for recall score (200)
WARNING:src.hipporag.evaluation.retrieval_eval:Length of retrieved docs (100) is smaller than largest topk for recall score (200)
WARNING:src.hipporag.evaluation.retrieval_eval:Length of retrieved docs (100) is smaller than largest topk for recall score (200)
WARNING:src.hipporag.evaluation.retrieval_eval:Length of retrieved docs (100) is smaller than largest topk for recall score (200)
WARNING:src.hipporag.evaluation.retrieval_eval:Length of retrieved docs (100) is smaller than largest topk for recall score (200)
WARNING:src.hipporag.evaluation.retrieval_eval:Length of retrieved docs (100) is smaller than largest topk for recall score (200)
WARNING:src.hipporag.evaluation.retrieval_eval:Length of retrieved docs (100) is smaller than largest topk for recall score (200)
WARNING:src.hipporag.evaluation.retrieval_eval:Length of retrieved docs (100) is smaller than largest topk for recall score (200)
WARNING:src.hipporag.evaluation.retrieval_eval:Length of retrieved docs (100) is smaller than largest topk for recall score (200)
WARNING:src.hipporag.evaluation.retrieval_eval:Length of retrieved docs (100) is smaller than largest topk for recall score (200)
WARNING:src.hipporag.evaluation.retrieval_eval:Length of retrieved docs (100) is smaller than largest topk for recall score (200)
WARNING:src.hipporag.evaluation.retrieval_eval:Length of retrieved docs (100) is smaller than largest topk for recall score (200)
WARNING:src.hipporag.evaluation.retrieval_eval:Length of retrieved docs (100) is smaller than largest topk for recall score (200)
WARNING:src.hipporag.evaluation.retrieval_eval:Length of retrieved docs (100) is smaller than largest topk for recall score (200)
WARNING:src.hipporag.evaluation.retrieval_eval:Length of retrieved docs (100) is smaller than largest topk for recall score (200)
WARNING:src.hipporag.evaluation.retrieval_eval:Length of retrieved docs (100) is smaller than largest topk for recall score (200)
WARNING:src.hipporag.evaluation.retrieval_eval:Length of retrieved docs (100) is smaller than largest topk for recall score (200)
WARNING:src.hipporag.evaluation.retrieval_eval:Length of retrieved docs (100) is smaller than largest topk for recall score (200)
WARNING:src.hipporag.evaluation.retrieval_eval:Length of retrieved docs (100) is smaller than largest topk for recall score (200)
WARNING:src.hipporag.evaluation.retrieval_eval:Length of retrieved docs (100) is smaller than largest topk for recall score (200)
WARNING:src.hipporag.evaluation.retrieval_eval:Length of retrieved docs (100) is smaller than largest topk for recall score (200)
WARNING:src.hipporag.evaluation.retrieval_eval:Length of retrieved docs (100) is smaller than largest topk for recall score (200)
WARNING:src.hipporag.evaluation.retrieval_eval:Length of retrieved docs (100) is smaller than largest topk for recall score (200)
WARNING:src.hipporag.evaluation.retrieval_eval:Length of retrieved docs (100) is smaller than largest topk for recall score (200)
WARNING:src.hipporag.evaluation.retrieval_eval:Length of retrieved docs (100) is smaller than largest topk for recall score (200)
WARNING:src.hipporag.evaluation.retrieval_eval:Length of retrieved docs (100) is smaller than largest topk for recall score (200)
WARNING:src.hipporag.evaluation.retrieval_eval:Length of retrieved docs (100) is smaller than largest topk for recall score (200)
WARNING:src.hipporag.evaluation.retrieval_eval:Length of retrieved docs (100) is smaller than largest topk for recall score (200)
WARNING:src.hipporag.evaluation.retrieval_eval:Length of retrieved docs (100) is smaller than largest topk for recall score (200)
WARNING:src.hipporag.evaluation.retrieval_eval:Length of retrieved docs (100) is smaller than largest topk for recall score (200)
WARNING:src.hipporag.evaluation.retrieval_eval:Length of retrieved docs (100) is smaller than largest topk for recall score (200)
WARNING:src.hipporag.evaluation.retrieval_eval:Length of retrieved docs (100) is smaller than largest topk for recall score (200)
WARNING:src.hipporag.evaluation.retrieval_eval:Length of retrieved docs (100) is smaller than largest topk for recall score (200)
WARNING:src.hipporag.evaluation.retrieval_eval:Length of retrieved docs (100) is smaller than largest topk for recall score (200)
WARNING:src.hipporag.evaluation.retrieval_eval:Length of retrieved docs (100) is smaller than largest topk for recall score (200)
WARNING:src.hipporag.evaluation.retrieval_eval:Length of retrieved docs (100) is smaller than largest topk for recall score (200)
WARNING:src.hipporag.evaluation.retrieval_eval:Length of retrieved docs (100) is smaller than largest topk for recall score (200)
WARNING:src.hipporag.evaluation.retrieval_eval:Length of retrieved docs (100) is smaller than largest topk for recall score (200)
WARNING:src.hipporag.evaluation.retrieval_eval:Length of retrieved docs (100) is smaller than largest topk for recall score (200)
WARNING:src.hipporag.evaluation.retrieval_eval:Length of retrieved docs (100) is smaller than largest topk for recall score (200)
WARNING:src.hipporag.evaluation.retrieval_eval:Length of retrieved docs (100) is smaller than largest topk for recall score (200)
WARNING:src.hipporag.evaluation.retrieval_eval:Length of retrieved docs (100) is smaller than largest topk for recall score (200)
WARNING:src.hipporag.evaluation.retrieval_eval:Length of retrieved docs (100) is smaller than largest topk for recall score (200)
WARNING:src.hipporag.evaluation.retrieval_eval:Length of retrieved docs (100) is smaller than largest topk for recall score (200)
WARNING:src.hipporag.evaluation.retrieval_eval:Length of retrieved docs (100) is smaller than largest topk for recall score (200)
WARNING:src.hipporag.evaluation.retrieval_eval:Length of retrieved docs (100) is smaller than largest topk for recall score (200)
WARNING:src.hipporag.evaluation.retrieval_eval:Length of retrieved docs (100) is smaller than largest topk for recall score (200)
WARNING:src.hipporag.evaluation.retrieval_eval:Length of retrieved docs (100) is smaller than largest topk for recall score (200)
WARNING:src.hipporag.evaluation.retrieval_eval:Length of retrieved docs (100) is smaller than largest topk for recall score (200)
WARNING:src.hipporag.evaluation.retrieval_eval:Length of retrieved docs (100) is smaller than largest topk for recall score (200)
WARNING:src.hipporag.evaluation.retrieval_eval:Length of retrieved docs (100) is smaller than largest topk for recall score (200)
WARNING:src.hipporag.evaluation.retrieval_eval:Length of retrieved docs (100) is smaller than largest topk for recall score (200)
WARNING:src.hipporag.evaluation.retrieval_eval:Length of retrieved docs (100) is smaller than largest topk for recall score (200)
WARNING:src.hipporag.evaluation.retrieval_eval:Length of retrieved docs (100) is smaller than largest topk for recall score (200)
WARNING:src.hipporag.evaluation.retrieval_eval:Length of retrieved docs (100) is smaller than largest topk for recall score (200)
WARNING:src.hipporag.evaluation.retrieval_eval:Length of retrieved docs (100) is smaller than largest topk for recall score (200)
WARNING:src.hipporag.evaluation.retrieval_eval:Length of retrieved docs (100) is smaller than largest topk for recall score (200)
WARNING:src.hipporag.evaluation.retrieval_eval:Length of retrieved docs (100) is smaller than largest topk for recall score (200)
WARNING:src.hipporag.evaluation.retrieval_eval:Length of retrieved docs (100) is smaller than largest topk for recall score (200)
WARNING:src.hipporag.evaluation.retrieval_eval:Length of retrieved docs (100) is smaller than largest topk for recall score (200)
WARNING:src.hipporag.evaluation.retrieval_eval:Length of retrieved docs (100) is smaller than largest topk for recall score (200)
WARNING:src.hipporag.evaluation.retrieval_eval:Length of retrieved docs (100) is smaller than largest topk for recall score (200)
WARNING:src.hipporag.evaluation.retrieval_eval:Length of retrieved docs (100) is smaller than largest topk for recall score (200)
WARNING:src.hipporag.evaluation.retrieval_eval:Length of retrieved docs (100) is smaller than largest topk for recall score (200)
WARNING:src.hipporag.evaluation.retrieval_eval:Length of retrieved docs (100) is smaller than largest topk for recall score (200)
WARNING:src.hipporag.evaluation.retrieval_eval:Length of retrieved docs (100) is smaller than largest topk for recall score (200)
WARNING:src.hipporag.evaluation.retrieval_eval:Length of retrieved docs (100) is smaller than largest topk for recall score (200)
WARNING:src.hipporag.evaluation.retrieval_eval:Length of retrieved docs (100) is smaller than largest topk for recall score (200)
WARNING:src.hipporag.evaluation.retrieval_eval:Length of retrieved docs (100) is smaller than largest topk for recall score (200)
WARNING:src.hipporag.evaluation.retrieval_eval:Length of retrieved docs (100) is smaller than largest topk for recall score (200)
WARNING:src.hipporag.evaluation.retrieval_eval:Length of retrieved docs (100) is smaller than largest topk for recall score (200)
WARNING:src.hipporag.evaluation.retrieval_eval:Length of retrieved docs (100) is smaller than largest topk for recall score (200)
WARNING:src.hipporag.evaluation.retrieval_eval:Length of retrieved docs (100) is smaller than largest topk for recall score (200)
WARNING:src.hipporag.evaluation.retrieval_eval:Length of retrieved docs (100) is smaller than largest topk for recall score (200)
WARNING:src.hipporag.evaluation.retrieval_eval:Length of retrieved docs (100) is smaller than largest topk for recall score (200)
WARNING:src.hipporag.evaluation.retrieval_eval:Length of retrieved docs (100) is smaller than largest topk for recall score (200)
WARNING:src.hipporag.evaluation.retrieval_eval:Length of retrieved docs (100) is smaller than largest topk for recall score (200)
WARNING:src.hipporag.evaluation.retrieval_eval:Length of retrieved docs (100) is smaller than largest topk for recall score (200)
WARNING:src.hipporag.evaluation.retrieval_eval:Length of retrieved docs (100) is smaller than largest topk for recall score (200)
WARNING:src.hipporag.evaluation.retrieval_eval:Length of retrieved docs (100) is smaller than largest topk for recall score (200)
WARNING:src.hipporag.evaluation.retrieval_eval:Length of retrieved docs (100) is smaller than largest topk for recall score (200)
WARNING:src.hipporag.evaluation.retrieval_eval:Length of retrieved docs (100) is smaller than largest topk for recall score (200)
WARNING:src.hipporag.evaluation.retrieval_eval:Length of retrieved docs (100) is smaller than largest topk for recall score (200)
WARNING:src.hipporag.evaluation.retrieval_eval:Length of retrieved docs (100) is smaller than largest topk for recall score (200)
WARNING:src.hipporag.evaluation.retrieval_eval:Length of retrieved docs (100) is smaller than largest topk for recall score (200)
WARNING:src.hipporag.evaluation.retrieval_eval:Length of retrieved docs (100) is smaller than largest topk for recall score (200)
WARNING:src.hipporag.evaluation.retrieval_eval:Length of retrieved docs (100) is smaller than largest topk for recall score (200)
WARNING:src.hipporag.evaluation.retrieval_eval:Length of retrieved docs (100) is smaller than largest topk for recall score (200)
WARNING:src.hipporag.evaluation.retrieval_eval:Length of retrieved docs (100) is smaller than largest topk for recall score (200)
WARNING:src.hipporag.evaluation.retrieval_eval:Length of retrieved docs (100) is smaller than largest topk for recall score (200)
WARNING:src.hipporag.evaluation.retrieval_eval:Length of retrieved docs (100) is smaller than largest topk for recall score (200)
WARNING:src.hipporag.evaluation.retrieval_eval:Length of retrieved docs (100) is smaller than largest topk for recall score (200)
WARNING:src.hipporag.evaluation.retrieval_eval:Length of retrieved docs (100) is smaller than largest topk for recall score (200)
WARNING:src.hipporag.evaluation.retrieval_eval:Length of retrieved docs (100) is smaller than largest topk for recall score (200)
WARNING:src.hipporag.evaluation.retrieval_eval:Length of retrieved docs (100) is smaller than largest topk for recall score (200)
WARNING:src.hipporag.evaluation.retrieval_eval:Length of retrieved docs (100) is smaller than largest topk for recall score (200)
WARNING:src.hipporag.evaluation.retrieval_eval:Length of retrieved docs (100) is smaller than largest topk for recall score (200)
WARNING:src.hipporag.evaluation.retrieval_eval:Length of retrieved docs (100) is smaller than largest topk for recall score (200)
WARNING:src.hipporag.evaluation.retrieval_eval:Length of retrieved docs (100) is smaller than largest topk for recall score (200)
WARNING:src.hipporag.evaluation.retrieval_eval:Length of retrieved docs (100) is smaller than largest topk for recall score (200)
WARNING:src.hipporag.evaluation.retrieval_eval:Length of retrieved docs (100) is smaller than largest topk for recall score (200)
WARNING:src.hipporag.evaluation.retrieval_eval:Length of retrieved docs (100) is smaller than largest topk for recall score (200)
WARNING:src.hipporag.evaluation.retrieval_eval:Length of retrieved docs (100) is smaller than largest topk for recall score (200)
WARNING:src.hipporag.evaluation.retrieval_eval:Length of retrieved docs (100) is smaller than largest topk for recall score (200)
WARNING:src.hipporag.evaluation.retrieval_eval:Length of retrieved docs (100) is smaller than largest topk for recall score (200)
WARNING:src.hipporag.evaluation.retrieval_eval:Length of retrieved docs (100) is smaller than largest topk for recall score (200)
WARNING:src.hipporag.evaluation.retrieval_eval:Length of retrieved docs (100) is smaller than largest topk for recall score (200)
WARNING:src.hipporag.evaluation.retrieval_eval:Length of retrieved docs (100) is smaller than largest topk for recall score (200)
WARNING:src.hipporag.evaluation.retrieval_eval:Length of retrieved docs (100) is smaller than largest topk for recall score (200)
WARNING:src.hipporag.evaluation.retrieval_eval:Length of retrieved docs (100) is smaller than largest topk for recall score (200)
WARNING:src.hipporag.evaluation.retrieval_eval:Length of retrieved docs (100) is smaller than largest topk for recall score (200)
WARNING:src.hipporag.evaluation.retrieval_eval:Length of retrieved docs (100) is smaller than largest topk for recall score (200)
WARNING:src.hipporag.evaluation.retrieval_eval:Length of retrieved docs (100) is smaller than largest topk for recall score (200)
WARNING:src.hipporag.evaluation.retrieval_eval:Length of retrieved docs (100) is smaller than largest topk for recall score (200)
WARNING:src.hipporag.evaluation.retrieval_eval:Length of retrieved docs (100) is smaller than largest topk for recall score (200)
WARNING:src.hipporag.evaluation.retrieval_eval:Length of retrieved docs (100) is smaller than largest topk for recall score (200)
WARNING:src.hipporag.evaluation.retrieval_eval:Length of retrieved docs (100) is smaller than largest topk for recall score (200)
WARNING:src.hipporag.evaluation.retrieval_eval:Length of retrieved docs (100) is smaller than largest topk for recall score (200)
WARNING:src.hipporag.evaluation.retrieval_eval:Length of retrieved docs (100) is smaller than largest topk for recall score (200)
WARNING:src.hipporag.evaluation.retrieval_eval:Length of retrieved docs (100) is smaller than largest topk for recall score (200)
WARNING:src.hipporag.evaluation.retrieval_eval:Length of retrieved docs (100) is smaller than largest topk for recall score (200)
WARNING:src.hipporag.evaluation.retrieval_eval:Length of retrieved docs (100) is smaller than largest topk for recall score (200)
WARNING:src.hipporag.evaluation.retrieval_eval:Length of retrieved docs (100) is smaller than largest topk for recall score (200)
WARNING:src.hipporag.evaluation.retrieval_eval:Length of retrieved docs (100) is smaller than largest topk for recall score (200)
WARNING:src.hipporag.evaluation.retrieval_eval:Length of retrieved docs (100) is smaller than largest topk for recall score (200)
WARNING:src.hipporag.evaluation.retrieval_eval:Length of retrieved docs (100) is smaller than largest topk for recall score (200)
WARNING:src.hipporag.evaluation.retrieval_eval:Length of retrieved docs (100) is smaller than largest topk for recall score (200)
WARNING:src.hipporag.evaluation.retrieval_eval:Length of retrieved docs (100) is smaller than largest topk for recall score (200)
WARNING:src.hipporag.evaluation.retrieval_eval:Length of retrieved docs (100) is smaller than largest topk for recall score (200)
WARNING:src.hipporag.evaluation.retrieval_eval:Length of retrieved docs (100) is smaller than largest topk for recall score (200)
WARNING:src.hipporag.evaluation.retrieval_eval:Length of retrieved docs (100) is smaller than largest topk for recall score (200)
WARNING:src.hipporag.evaluation.retrieval_eval:Length of retrieved docs (100) is smaller than largest topk for recall score (200)
WARNING:src.hipporag.evaluation.retrieval_eval:Length of retrieved docs (100) is smaller than largest topk for recall score (200)
WARNING:src.hipporag.evaluation.retrieval_eval:Length of retrieved docs (100) is smaller than largest topk for recall score (200)
WARNING:src.hipporag.evaluation.retrieval_eval:Length of retrieved docs (100) is smaller than largest topk for recall score (200)
WARNING:src.hipporag.evaluation.retrieval_eval:Length of retrieved docs (100) is smaller than largest topk for recall score (200)
WARNING:src.hipporag.evaluation.retrieval_eval:Length of retrieved docs (100) is smaller than largest topk for recall score (200)
WARNING:src.hipporag.evaluation.retrieval_eval:Length of retrieved docs (100) is smaller than largest topk for recall score (200)
WARNING:src.hipporag.evaluation.retrieval_eval:Length of retrieved docs (100) is smaller than largest topk for recall score (200)
WARNING:src.hipporag.evaluation.retrieval_eval:Length of retrieved docs (100) is smaller than largest topk for recall score (200)
WARNING:src.hipporag.evaluation.retrieval_eval:Length of retrieved docs (100) is smaller than largest topk for recall score (200)
WARNING:src.hipporag.evaluation.retrieval_eval:Length of retrieved docs (100) is smaller than largest topk for recall score (200)
WARNING:src.hipporag.evaluation.retrieval_eval:Length of retrieved docs (100) is smaller than largest topk for recall score (200)
WARNING:src.hipporag.evaluation.retrieval_eval:Length of retrieved docs (100) is smaller than largest topk for recall score (200)
WARNING:src.hipporag.evaluation.retrieval_eval:Length of retrieved docs (100) is smaller than largest topk for recall score (200)
WARNING:src.hipporag.evaluation.retrieval_eval:Length of retrieved docs (100) is smaller than largest topk for recall score (200)
WARNING:src.hipporag.evaluation.retrieval_eval:Length of retrieved docs (100) is smaller than largest topk for recall score (200)
WARNING:src.hipporag.evaluation.retrieval_eval:Length of retrieved docs (100) is smaller than largest topk for recall score (200)
WARNING:src.hipporag.evaluation.retrieval_eval:Length of retrieved docs (100) is smaller than largest topk for recall score (200)
WARNING:src.hipporag.evaluation.retrieval_eval:Length of retrieved docs (100) is smaller than largest topk for recall score (200)
WARNING:src.hipporag.evaluation.retrieval_eval:Length of retrieved docs (100) is smaller than largest topk for recall score (200)
WARNING:src.hipporag.evaluation.retrieval_eval:Length of retrieved docs (100) is smaller than largest topk for recall score (200)
WARNING:src.hipporag.evaluation.retrieval_eval:Length of retrieved docs (100) is smaller than largest topk for recall score (200)
WARNING:src.hipporag.evaluation.retrieval_eval:Length of retrieved docs (100) is smaller than largest topk for recall score (200)
WARNING:src.hipporag.evaluation.retrieval_eval:Length of retrieved docs (100) is smaller than largest topk for recall score (200)
WARNING:src.hipporag.evaluation.retrieval_eval:Length of retrieved docs (100) is smaller than largest topk for recall score (200)
WARNING:src.hipporag.evaluation.retrieval_eval:Length of retrieved docs (100) is smaller than largest topk for recall score (200)
WARNING:src.hipporag.evaluation.retrieval_eval:Length of retrieved docs (100) is smaller than largest topk for recall score (200)
WARNING:src.hipporag.evaluation.retrieval_eval:Length of retrieved docs (100) is smaller than largest topk for recall score (200)
WARNING:src.hipporag.evaluation.retrieval_eval:Length of retrieved docs (100) is smaller than largest topk for recall score (200)
WARNING:src.hipporag.evaluation.retrieval_eval:Length of retrieved docs (100) is smaller than largest topk for recall score (200)
WARNING:src.hipporag.evaluation.retrieval_eval:Length of retrieved docs (100) is smaller than largest topk for recall score (200)
WARNING:src.hipporag.evaluation.retrieval_eval:Length of retrieved docs (100) is smaller than largest topk for recall score (200)
WARNING:src.hipporag.evaluation.retrieval_eval:Length of retrieved docs (100) is smaller than largest topk for recall score (200)
WARNING:src.hipporag.evaluation.retrieval_eval:Length of retrieved docs (100) is smaller than largest topk for recall score (200)
WARNING:src.hipporag.evaluation.retrieval_eval:Length of retrieved docs (100) is smaller than largest topk for recall score (200)
WARNING:src.hipporag.evaluation.retrieval_eval:Length of retrieved docs (100) is smaller than largest topk for recall score (200)
WARNING:src.hipporag.evaluation.retrieval_eval:Length of retrieved docs (100) is smaller than largest topk for recall score (200)
WARNING:src.hipporag.evaluation.retrieval_eval:Length of retrieved docs (100) is smaller than largest topk for recall score (200)
WARNING:src.hipporag.evaluation.retrieval_eval:Length of retrieved docs (100) is smaller than largest topk for recall score (200)
WARNING:src.hipporag.evaluation.retrieval_eval:Length of retrieved docs (100) is smaller than largest topk for recall score (200)
WARNING:src.hipporag.evaluation.retrieval_eval:Length of retrieved docs (100) is smaller than largest topk for recall score (200)
WARNING:src.hipporag.evaluation.retrieval_eval:Length of retrieved docs (100) is smaller than largest topk for recall score (200)
WARNING:src.hipporag.evaluation.retrieval_eval:Length of retrieved docs (100) is smaller than largest topk for recall score (200)
WARNING:src.hipporag.evaluation.retrieval_eval:Length of retrieved docs (100) is smaller than largest topk for recall score (200)
WARNING:src.hipporag.evaluation.retrieval_eval:Length of retrieved docs (100) is smaller than largest topk for recall score (200)
WARNING:src.hipporag.evaluation.retrieval_eval:Length of retrieved docs (100) is smaller than largest topk for recall score (200)
WARNING:src.hipporag.evaluation.retrieval_eval:Length of retrieved docs (100) is smaller than largest topk for recall score (200)
WARNING:src.hipporag.evaluation.retrieval_eval:Length of retrieved docs (100) is smaller than largest topk for recall score (200)
WARNING:src.hipporag.evaluation.retrieval_eval:Length of retrieved docs (100) is smaller than largest topk for recall score (200)
WARNING:src.hipporag.evaluation.retrieval_eval:Length of retrieved docs (100) is smaller than largest topk for recall score (200)
WARNING:src.hipporag.evaluation.retrieval_eval:Length of retrieved docs (100) is smaller than largest topk for recall score (200)
WARNING:src.hipporag.evaluation.retrieval_eval:Length of retrieved docs (100) is smaller than largest topk for recall score (200)
WARNING:src.hipporag.evaluation.retrieval_eval:Length of retrieved docs (100) is smaller than largest topk for recall score (200)
WARNING:src.hipporag.evaluation.retrieval_eval:Length of retrieved docs (100) is smaller than largest topk for recall score (200)
WARNING:src.hipporag.evaluation.retrieval_eval:Length of retrieved docs (100) is smaller than largest topk for recall score (200)
WARNING:src.hipporag.evaluation.retrieval_eval:Length of retrieved docs (100) is smaller than largest topk for recall score (200)
WARNING:src.hipporag.evaluation.retrieval_eval:Length of retrieved docs (100) is smaller than largest topk for recall score (200)
WARNING:src.hipporag.evaluation.retrieval_eval:Length of retrieved docs (100) is smaller than largest topk for recall score (200)
WARNING:src.hipporag.evaluation.retrieval_eval:Length of retrieved docs (100) is smaller than largest topk for recall score (200)
WARNING:src.hipporag.evaluation.retrieval_eval:Length of retrieved docs (100) is smaller than largest topk for recall score (200)
WARNING:src.hipporag.evaluation.retrieval_eval:Length of retrieved docs (100) is smaller than largest topk for recall score (200)
WARNING:src.hipporag.evaluation.retrieval_eval:Length of retrieved docs (100) is smaller than largest topk for recall score (200)
WARNING:src.hipporag.evaluation.retrieval_eval:Length of retrieved docs (100) is smaller than largest topk for recall score (200)
WARNING:src.hipporag.evaluation.retrieval_eval:Length of retrieved docs (100) is smaller than largest topk for recall score (200)
WARNING:src.hipporag.evaluation.retrieval_eval:Length of retrieved docs (100) is smaller than largest topk for recall score (200)
WARNING:src.hipporag.evaluation.retrieval_eval:Length of retrieved docs (100) is smaller than largest topk for recall score (200)
WARNING:src.hipporag.evaluation.retrieval_eval:Length of retrieved docs (100) is smaller than largest topk for recall score (200)
WARNING:src.hipporag.evaluation.retrieval_eval:Length of retrieved docs (100) is smaller than largest topk for recall score (200)
WARNING:src.hipporag.evaluation.retrieval_eval:Length of retrieved docs (100) is smaller than largest topk for recall score (200)
WARNING:src.hipporag.evaluation.retrieval_eval:Length of retrieved docs (100) is smaller than largest topk for recall score (200)
WARNING:src.hipporag.evaluation.retrieval_eval:Length of retrieved docs (100) is smaller than largest topk for recall score (200)
WARNING:src.hipporag.evaluation.retrieval_eval:Length of retrieved docs (100) is smaller than largest topk for recall score (200)
WARNING:src.hipporag.evaluation.retrieval_eval:Length of retrieved docs (100) is smaller than largest topk for recall score (200)
WARNING:src.hipporag.evaluation.retrieval_eval:Length of retrieved docs (100) is smaller than largest topk for recall score (200)
WARNING:src.hipporag.evaluation.retrieval_eval:Length of retrieved docs (100) is smaller than largest topk for recall score (200)
WARNING:src.hipporag.evaluation.retrieval_eval:Length of retrieved docs (100) is smaller than largest topk for recall score (200)
WARNING:src.hipporag.evaluation.retrieval_eval:Length of retrieved docs (100) is smaller than largest topk for recall score (200)
WARNING:src.hipporag.evaluation.retrieval_eval:Length of retrieved docs (100) is smaller than largest topk for recall score (200)
WARNING:src.hipporag.evaluation.retrieval_eval:Length of retrieved docs (100) is smaller than largest topk for recall score (200)
WARNING:src.hipporag.evaluation.retrieval_eval:Length of retrieved docs (100) is smaller than largest topk for recall score (200)
WARNING:src.hipporag.evaluation.retrieval_eval:Length of retrieved docs (100) is smaller than largest topk for recall score (200)
WARNING:src.hipporag.evaluation.retrieval_eval:Length of retrieved docs (100) is smaller than largest topk for recall score (200)
WARNING:src.hipporag.evaluation.retrieval_eval:Length of retrieved docs (100) is smaller than largest topk for recall score (200)
WARNING:src.hipporag.evaluation.retrieval_eval:Length of retrieved docs (100) is smaller than largest topk for recall score (200)
WARNING:src.hipporag.evaluation.retrieval_eval:Length of retrieved docs (100) is smaller than largest topk for recall score (200)
WARNING:src.hipporag.evaluation.retrieval_eval:Length of retrieved docs (100) is smaller than largest topk for recall score (200)
WARNING:src.hipporag.evaluation.retrieval_eval:Length of retrieved docs (100) is smaller than largest topk for recall score (200)
WARNING:src.hipporag.evaluation.retrieval_eval:Length of retrieved docs (100) is smaller than largest topk for recall score (200)
WARNING:src.hipporag.evaluation.retrieval_eval:Length of retrieved docs (100) is smaller than largest topk for recall score (200)
WARNING:src.hipporag.evaluation.retrieval_eval:Length of retrieved docs (100) is smaller than largest topk for recall score (200)
WARNING:src.hipporag.evaluation.retrieval_eval:Length of retrieved docs (100) is smaller than largest topk for recall score (200)
WARNING:src.hipporag.evaluation.retrieval_eval:Length of retrieved docs (100) is smaller than largest topk for recall score (200)
WARNING:src.hipporag.evaluation.retrieval_eval:Length of retrieved docs (100) is smaller than largest topk for recall score (200)
WARNING:src.hipporag.evaluation.retrieval_eval:Length of retrieved docs (100) is smaller than largest topk for recall score (200)
WARNING:src.hipporag.evaluation.retrieval_eval:Length of retrieved docs (100) is smaller than largest topk for recall score (200)
WARNING:src.hipporag.evaluation.retrieval_eval:Length of retrieved docs (100) is smaller than largest topk for recall score (200)
WARNING:src.hipporag.evaluation.retrieval_eval:Length of retrieved docs (100) is smaller than largest topk for recall score (200)
WARNING:src.hipporag.evaluation.retrieval_eval:Length of retrieved docs (100) is smaller than largest topk for recall score (200)
WARNING:src.hipporag.evaluation.retrieval_eval:Length of retrieved docs (100) is smaller than largest topk for recall score (200)
WARNING:src.hipporag.evaluation.retrieval_eval:Length of retrieved docs (100) is smaller than largest topk for recall score (200)
WARNING:src.hipporag.evaluation.retrieval_eval:Length of retrieved docs (100) is smaller than largest topk for recall score (200)
WARNING:src.hipporag.evaluation.retrieval_eval:Length of retrieved docs (100) is smaller than largest topk for recall score (200)
WARNING:src.hipporag.evaluation.retrieval_eval:Length of retrieved docs (100) is smaller than largest topk for recall score (200)
WARNING:src.hipporag.evaluation.retrieval_eval:Length of retrieved docs (100) is smaller than largest topk for recall score (200)
WARNING:src.hipporag.evaluation.retrieval_eval:Length of retrieved docs (100) is smaller than largest topk for recall score (200)
WARNING:src.hipporag.evaluation.retrieval_eval:Length of retrieved docs (100) is smaller than largest topk for recall score (200)
WARNING:src.hipporag.evaluation.retrieval_eval:Length of retrieved docs (100) is smaller than largest topk for recall score (200)
WARNING:src.hipporag.evaluation.retrieval_eval:Length of retrieved docs (100) is smaller than largest topk for recall score (200)
WARNING:src.hipporag.evaluation.retrieval_eval:Length of retrieved docs (100) is smaller than largest topk for recall score (200)
WARNING:src.hipporag.evaluation.retrieval_eval:Length of retrieved docs (100) is smaller than largest topk for recall score (200)
WARNING:src.hipporag.evaluation.retrieval_eval:Length of retrieved docs (100) is smaller than largest topk for recall score (200)
WARNING:src.hipporag.evaluation.retrieval_eval:Length of retrieved docs (100) is smaller than largest topk for recall score (200)
WARNING:src.hipporag.evaluation.retrieval_eval:Length of retrieved docs (100) is smaller than largest topk for recall score (200)
WARNING:src.hipporag.evaluation.retrieval_eval:Length of retrieved docs (100) is smaller than largest topk for recall score (200)
WARNING:src.hipporag.evaluation.retrieval_eval:Length of retrieved docs (100) is smaller than largest topk for recall score (200)
WARNING:src.hipporag.evaluation.retrieval_eval:Length of retrieved docs (100) is smaller than largest topk for recall score (200)
WARNING:src.hipporag.evaluation.retrieval_eval:Length of retrieved docs (100) is smaller than largest topk for recall score (200)
WARNING:src.hipporag.evaluation.retrieval_eval:Length of retrieved docs (100) is smaller than largest topk for recall score (200)
WARNING:src.hipporag.evaluation.retrieval_eval:Length of retrieved docs (100) is smaller than largest topk for recall score (200)
WARNING:src.hipporag.evaluation.retrieval_eval:Length of retrieved docs (100) is smaller than largest topk for recall score (200)
WARNING:src.hipporag.evaluation.retrieval_eval:Length of retrieved docs (100) is smaller than largest topk for recall score (200)
WARNING:src.hipporag.evaluation.retrieval_eval:Length of retrieved docs (100) is smaller than largest topk for recall score (200)
WARNING:src.hipporag.evaluation.retrieval_eval:Length of retrieved docs (100) is smaller than largest topk for recall score (200)
WARNING:src.hipporag.evaluation.retrieval_eval:Length of retrieved docs (100) is smaller than largest topk for recall score (200)
WARNING:src.hipporag.evaluation.retrieval_eval:Length of retrieved docs (100) is smaller than largest topk for recall score (200)
WARNING:src.hipporag.evaluation.retrieval_eval:Length of retrieved docs (100) is smaller than largest topk for recall score (200)
WARNING:src.hipporag.evaluation.retrieval_eval:Length of retrieved docs (100) is smaller than largest topk for recall score (200)
WARNING:src.hipporag.evaluation.retrieval_eval:Length of retrieved docs (100) is smaller than largest topk for recall score (200)
WARNING:src.hipporag.evaluation.retrieval_eval:Length of retrieved docs (100) is smaller than largest topk for recall score (200)
WARNING:src.hipporag.evaluation.retrieval_eval:Length of retrieved docs (100) is smaller than largest topk for recall score (200)
WARNING:src.hipporag.evaluation.retrieval_eval:Length of retrieved docs (100) is smaller than largest topk for recall score (200)
WARNING:src.hipporag.evaluation.retrieval_eval:Length of retrieved docs (100) is smaller than largest topk for recall score (200)
WARNING:src.hipporag.evaluation.retrieval_eval:Length of retrieved docs (100) is smaller than largest topk for recall score (200)
WARNING:src.hipporag.evaluation.retrieval_eval:Length of retrieved docs (100) is smaller than largest topk for recall score (200)
WARNING:src.hipporag.evaluation.retrieval_eval:Length of retrieved docs (100) is smaller than largest topk for recall score (200)
WARNING:src.hipporag.evaluation.retrieval_eval:Length of retrieved docs (100) is smaller than largest topk for recall score (200)
WARNING:src.hipporag.evaluation.retrieval_eval:Length of retrieved docs (100) is smaller than largest topk for recall score (200)
WARNING:src.hipporag.evaluation.retrieval_eval:Length of retrieved docs (100) is smaller than largest topk for recall score (200)
WARNING:src.hipporag.evaluation.retrieval_eval:Length of retrieved docs (100) is smaller than largest topk for recall score (200)
WARNING:src.hipporag.evaluation.retrieval_eval:Length of retrieved docs (100) is smaller than largest topk for recall score (200)
WARNING:src.hipporag.evaluation.retrieval_eval:Length of retrieved docs (100) is smaller than largest topk for recall score (200)
WARNING:src.hipporag.evaluation.retrieval_eval:Length of retrieved docs (100) is smaller than largest topk for recall score (200)
WARNING:src.hipporag.evaluation.retrieval_eval:Length of retrieved docs (100) is smaller than largest topk for recall score (200)
WARNING:src.hipporag.evaluation.retrieval_eval:Length of retrieved docs (100) is smaller than largest topk for recall score (200)
WARNING:src.hipporag.evaluation.retrieval_eval:Length of retrieved docs (100) is smaller than largest topk for recall score (200)
WARNING:src.hipporag.evaluation.retrieval_eval:Length of retrieved docs (100) is smaller than largest topk for recall score (200)
WARNING:src.hipporag.evaluation.retrieval_eval:Length of retrieved docs (100) is smaller than largest topk for recall score (200)
WARNING:src.hipporag.evaluation.retrieval_eval:Length of retrieved docs (100) is smaller than largest topk for recall score (200)
WARNING:src.hipporag.evaluation.retrieval_eval:Length of retrieved docs (100) is smaller than largest topk for recall score (200)
WARNING:src.hipporag.evaluation.retrieval_eval:Length of retrieved docs (100) is smaller than largest topk for recall score (200)
WARNING:src.hipporag.evaluation.retrieval_eval:Length of retrieved docs (100) is smaller than largest topk for recall score (200)
WARNING:src.hipporag.evaluation.retrieval_eval:Length of retrieved docs (100) is smaller than largest topk for recall score (200)
WARNING:src.hipporag.evaluation.retrieval_eval:Length of retrieved docs (100) is smaller than largest topk for recall score (200)
WARNING:src.hipporag.evaluation.retrieval_eval:Length of retrieved docs (100) is smaller than largest topk for recall score (200)
WARNING:src.hipporag.evaluation.retrieval_eval:Length of retrieved docs (100) is smaller than largest topk for recall score (200)
WARNING:src.hipporag.evaluation.retrieval_eval:Length of retrieved docs (100) is smaller than largest topk for recall score (200)
WARNING:src.hipporag.evaluation.retrieval_eval:Length of retrieved docs (100) is smaller than largest topk for recall score (200)
WARNING:src.hipporag.evaluation.retrieval_eval:Length of retrieved docs (100) is smaller than largest topk for recall score (200)
WARNING:src.hipporag.evaluation.retrieval_eval:Length of retrieved docs (100) is smaller than largest topk for recall score (200)
WARNING:src.hipporag.evaluation.retrieval_eval:Length of retrieved docs (100) is smaller than largest topk for recall score (200)
WARNING:src.hipporag.evaluation.retrieval_eval:Length of retrieved docs (100) is smaller than largest topk for recall score (200)
WARNING:src.hipporag.evaluation.retrieval_eval:Length of retrieved docs (100) is smaller than largest topk for recall score (200)
WARNING:src.hipporag.evaluation.retrieval_eval:Length of retrieved docs (100) is smaller than largest topk for recall score (200)
WARNING:src.hipporag.evaluation.retrieval_eval:Length of retrieved docs (100) is smaller than largest topk for recall score (200)
WARNING:src.hipporag.evaluation.retrieval_eval:Length of retrieved docs (100) is smaller than largest topk for recall score (200)
WARNING:src.hipporag.evaluation.retrieval_eval:Length of retrieved docs (100) is smaller than largest topk for recall score (200)
WARNING:src.hipporag.evaluation.retrieval_eval:Length of retrieved docs (100) is smaller than largest topk for recall score (200)
WARNING:src.hipporag.evaluation.retrieval_eval:Length of retrieved docs (100) is smaller than largest topk for recall score (200)
WARNING:src.hipporag.evaluation.retrieval_eval:Length of retrieved docs (100) is smaller than largest topk for recall score (200)
WARNING:src.hipporag.evaluation.retrieval_eval:Length of retrieved docs (100) is smaller than largest topk for recall score (200)
WARNING:src.hipporag.evaluation.retrieval_eval:Length of retrieved docs (100) is smaller than largest topk for recall score (200)
WARNING:src.hipporag.evaluation.retrieval_eval:Length of retrieved docs (100) is smaller than largest topk for recall score (200)
WARNING:src.hipporag.evaluation.retrieval_eval:Length of retrieved docs (100) is smaller than largest topk for recall score (200)
WARNING:src.hipporag.evaluation.retrieval_eval:Length of retrieved docs (100) is smaller than largest topk for recall score (200)
WARNING:src.hipporag.evaluation.retrieval_eval:Length of retrieved docs (100) is smaller than largest topk for recall score (200)
WARNING:src.hipporag.evaluation.retrieval_eval:Length of retrieved docs (100) is smaller than largest topk for recall score (200)
WARNING:src.hipporag.evaluation.retrieval_eval:Length of retrieved docs (100) is smaller than largest topk for recall score (200)
WARNING:src.hipporag.evaluation.retrieval_eval:Length of retrieved docs (100) is smaller than largest topk for recall score (200)
WARNING:src.hipporag.evaluation.retrieval_eval:Length of retrieved docs (100) is smaller than largest topk for recall score (200)
WARNING:src.hipporag.evaluation.retrieval_eval:Length of retrieved docs (100) is smaller than largest topk for recall score (200)
WARNING:src.hipporag.evaluation.retrieval_eval:Length of retrieved docs (100) is smaller than largest topk for recall score (200)
WARNING:src.hipporag.evaluation.retrieval_eval:Length of retrieved docs (100) is smaller than largest topk for recall score (200)
WARNING:src.hipporag.evaluation.retrieval_eval:Length of retrieved docs (100) is smaller than largest topk for recall score (200)
WARNING:src.hipporag.evaluation.retrieval_eval:Length of retrieved docs (100) is smaller than largest topk for recall score (200)
WARNING:src.hipporag.evaluation.retrieval_eval:Length of retrieved docs (100) is smaller than largest topk for recall score (200)
WARNING:src.hipporag.evaluation.retrieval_eval:Length of retrieved docs (100) is smaller than largest topk for recall score (200)
WARNING:src.hipporag.evaluation.retrieval_eval:Length of retrieved docs (100) is smaller than largest topk for recall score (200)
WARNING:src.hipporag.evaluation.retrieval_eval:Length of retrieved docs (100) is smaller than largest topk for recall score (200)
WARNING:src.hipporag.evaluation.retrieval_eval:Length of retrieved docs (100) is smaller than largest topk for recall score (200)
WARNING:src.hipporag.evaluation.retrieval_eval:Length of retrieved docs (100) is smaller than largest topk for recall score (200)
WARNING:src.hipporag.evaluation.retrieval_eval:Length of retrieved docs (100) is smaller than largest topk for recall score (200)
WARNING:src.hipporag.evaluation.retrieval_eval:Length of retrieved docs (100) is smaller than largest topk for recall score (200)
WARNING:src.hipporag.evaluation.retrieval_eval:Length of retrieved docs (100) is smaller than largest topk for recall score (200)
WARNING:src.hipporag.evaluation.retrieval_eval:Length of retrieved docs (100) is smaller than largest topk for recall score (200)
WARNING:src.hipporag.evaluation.retrieval_eval:Length of retrieved docs (100) is smaller than largest topk for recall score (200)
WARNING:src.hipporag.evaluation.retrieval_eval:Length of retrieved docs (100) is smaller than largest topk for recall score (200)
WARNING:src.hipporag.evaluation.retrieval_eval:Length of retrieved docs (100) is smaller than largest topk for recall score (200)
WARNING:src.hipporag.evaluation.retrieval_eval:Length of retrieved docs (100) is smaller than largest topk for recall score (200)
WARNING:src.hipporag.evaluation.retrieval_eval:Length of retrieved docs (100) is smaller than largest topk for recall score (200)
WARNING:src.hipporag.evaluation.retrieval_eval:Length of retrieved docs (100) is smaller than largest topk for recall score (200)
WARNING:src.hipporag.evaluation.retrieval_eval:Length of retrieved docs (100) is smaller than largest topk for recall score (200)
WARNING:src.hipporag.evaluation.retrieval_eval:Length of retrieved docs (100) is smaller than largest topk for recall score (200)
WARNING:src.hipporag.evaluation.retrieval_eval:Length of retrieved docs (100) is smaller than largest topk for recall score (200)
WARNING:src.hipporag.evaluation.retrieval_eval:Length of retrieved docs (100) is smaller than largest topk for recall score (200)
WARNING:src.hipporag.evaluation.retrieval_eval:Length of retrieved docs (100) is smaller than largest topk for recall score (200)
WARNING:src.hipporag.evaluation.retrieval_eval:Length of retrieved docs (100) is smaller than largest topk for recall score (200)
WARNING:src.hipporag.evaluation.retrieval_eval:Length of retrieved docs (100) is smaller than largest topk for recall score (200)
WARNING:src.hipporag.evaluation.retrieval_eval:Length of retrieved docs (100) is smaller than largest topk for recall score (200)
WARNING:src.hipporag.evaluation.retrieval_eval:Length of retrieved docs (100) is smaller than largest topk for recall score (200)
WARNING:src.hipporag.evaluation.retrieval_eval:Length of retrieved docs (100) is smaller than largest topk for recall score (200)
WARNING:src.hipporag.evaluation.retrieval_eval:Length of retrieved docs (100) is smaller than largest topk for recall score (200)
WARNING:src.hipporag.evaluation.retrieval_eval:Length of retrieved docs (100) is smaller than largest topk for recall score (200)
WARNING:src.hipporag.evaluation.retrieval_eval:Length of retrieved docs (100) is smaller than largest topk for recall score (200)
WARNING:src.hipporag.evaluation.retrieval_eval:Length of retrieved docs (100) is smaller than largest topk for recall score (200)
WARNING:src.hipporag.evaluation.retrieval_eval:Length of retrieved docs (100) is smaller than largest topk for recall score (200)
WARNING:src.hipporag.evaluation.retrieval_eval:Length of retrieved docs (100) is smaller than largest topk for recall score (200)
WARNING:src.hipporag.evaluation.retrieval_eval:Length of retrieved docs (100) is smaller than largest topk for recall score (200)
WARNING:src.hipporag.evaluation.retrieval_eval:Length of retrieved docs (100) is smaller than largest topk for recall score (200)
WARNING:src.hipporag.evaluation.retrieval_eval:Length of retrieved docs (100) is smaller than largest topk for recall score (200)
WARNING:src.hipporag.evaluation.retrieval_eval:Length of retrieved docs (100) is smaller than largest topk for recall score (200)
WARNING:src.hipporag.evaluation.retrieval_eval:Length of retrieved docs (100) is smaller than largest topk for recall score (200)
WARNING:src.hipporag.evaluation.retrieval_eval:Length of retrieved docs (100) is smaller than largest topk for recall score (200)
WARNING:src.hipporag.evaluation.retrieval_eval:Length of retrieved docs (100) is smaller than largest topk for recall score (200)
WARNING:src.hipporag.evaluation.retrieval_eval:Length of retrieved docs (100) is smaller than largest topk for recall score (200)
WARNING:src.hipporag.evaluation.retrieval_eval:Length of retrieved docs (100) is smaller than largest topk for recall score (200)
WARNING:src.hipporag.evaluation.retrieval_eval:Length of retrieved docs (100) is smaller than largest topk for recall score (200)
WARNING:src.hipporag.evaluation.retrieval_eval:Length of retrieved docs (100) is smaller than largest topk for recall score (200)
WARNING:src.hipporag.evaluation.retrieval_eval:Length of retrieved docs (100) is smaller than largest topk for recall score (200)
WARNING:src.hipporag.evaluation.retrieval_eval:Length of retrieved docs (100) is smaller than largest topk for recall score (200)
WARNING:src.hipporag.evaluation.retrieval_eval:Length of retrieved docs (100) is smaller than largest topk for recall score (200)
WARNING:src.hipporag.evaluation.retrieval_eval:Length of retrieved docs (100) is smaller than largest topk for recall score (200)
WARNING:src.hipporag.evaluation.retrieval_eval:Length of retrieved docs (100) is smaller than largest topk for recall score (200)
WARNING:src.hipporag.evaluation.retrieval_eval:Length of retrieved docs (100) is smaller than largest topk for recall score (200)
WARNING:src.hipporag.evaluation.retrieval_eval:Length of retrieved docs (100) is smaller than largest topk for recall score (200)
WARNING:src.hipporag.evaluation.retrieval_eval:Length of retrieved docs (100) is smaller than largest topk for recall score (200)
WARNING:src.hipporag.evaluation.retrieval_eval:Length of retrieved docs (100) is smaller than largest topk for recall score (200)
WARNING:src.hipporag.evaluation.retrieval_eval:Length of retrieved docs (100) is smaller than largest topk for recall score (200)
WARNING:src.hipporag.evaluation.retrieval_eval:Length of retrieved docs (100) is smaller than largest topk for recall score (200)
WARNING:src.hipporag.evaluation.retrieval_eval:Length of retrieved docs (100) is smaller than largest topk for recall score (200)
WARNING:src.hipporag.evaluation.retrieval_eval:Length of retrieved docs (100) is smaller than largest topk for recall score (200)
WARNING:src.hipporag.evaluation.retrieval_eval:Length of retrieved docs (100) is smaller than largest topk for recall score (200)
WARNING:src.hipporag.evaluation.retrieval_eval:Length of retrieved docs (100) is smaller than largest topk for recall score (200)
WARNING:src.hipporag.evaluation.retrieval_eval:Length of retrieved docs (100) is smaller than largest topk for recall score (200)
WARNING:src.hipporag.evaluation.retrieval_eval:Length of retrieved docs (100) is smaller than largest topk for recall score (200)
WARNING:src.hipporag.evaluation.retrieval_eval:Length of retrieved docs (100) is smaller than largest topk for recall score (200)
WARNING:src.hipporag.evaluation.retrieval_eval:Length of retrieved docs (100) is smaller than largest topk for recall score (200)
WARNING:src.hipporag.evaluation.retrieval_eval:Length of retrieved docs (100) is smaller than largest topk for recall score (200)
WARNING:src.hipporag.evaluation.retrieval_eval:Length of retrieved docs (100) is smaller than largest topk for recall score (200)
WARNING:src.hipporag.evaluation.retrieval_eval:Length of retrieved docs (100) is smaller than largest topk for recall score (200)
WARNING:src.hipporag.evaluation.retrieval_eval:Length of retrieved docs (100) is smaller than largest topk for recall score (200)
WARNING:src.hipporag.evaluation.retrieval_eval:Length of retrieved docs (100) is smaller than largest topk for recall score (200)
WARNING:src.hipporag.evaluation.retrieval_eval:Length of retrieved docs (100) is smaller than largest topk for recall score (200)
WARNING:src.hipporag.evaluation.retrieval_eval:Length of retrieved docs (100) is smaller than largest topk for recall score (200)
WARNING:src.hipporag.evaluation.retrieval_eval:Length of retrieved docs (100) is smaller than largest topk for recall score (200)
WARNING:src.hipporag.evaluation.retrieval_eval:Length of retrieved docs (100) is smaller than largest topk for recall score (200)
WARNING:src.hipporag.evaluation.retrieval_eval:Length of retrieved docs (100) is smaller than largest topk for recall score (200)
WARNING:src.hipporag.evaluation.retrieval_eval:Length of retrieved docs (100) is smaller than largest topk for recall score (200)
WARNING:src.hipporag.evaluation.retrieval_eval:Length of retrieved docs (100) is smaller than largest topk for recall score (200)
WARNING:src.hipporag.evaluation.retrieval_eval:Length of retrieved docs (100) is smaller than largest topk for recall score (200)
WARNING:src.hipporag.evaluation.retrieval_eval:Length of retrieved docs (100) is smaller than largest topk for recall score (200)
WARNING:src.hipporag.evaluation.retrieval_eval:Length of retrieved docs (100) is smaller than largest topk for recall score (200)
WARNING:src.hipporag.evaluation.retrieval_eval:Length of retrieved docs (100) is smaller than largest topk for recall score (200)
WARNING:src.hipporag.evaluation.retrieval_eval:Length of retrieved docs (100) is smaller than largest topk for recall score (200)
WARNING:src.hipporag.evaluation.retrieval_eval:Length of retrieved docs (100) is smaller than largest topk for recall score (200)
WARNING:src.hipporag.evaluation.retrieval_eval:Length of retrieved docs (100) is smaller than largest topk for recall score (200)
WARNING:src.hipporag.evaluation.retrieval_eval:Length of retrieved docs (100) is smaller than largest topk for recall score (200)
WARNING:src.hipporag.evaluation.retrieval_eval:Length of retrieved docs (100) is smaller than largest topk for recall score (200)
WARNING:src.hipporag.evaluation.retrieval_eval:Length of retrieved docs (100) is smaller than largest topk for recall score (200)
WARNING:src.hipporag.evaluation.retrieval_eval:Length of retrieved docs (100) is smaller than largest topk for recall score (200)
WARNING:src.hipporag.evaluation.retrieval_eval:Length of retrieved docs (100) is smaller than largest topk for recall score (200)
WARNING:src.hipporag.evaluation.retrieval_eval:Length of retrieved docs (100) is smaller than largest topk for recall score (200)
WARNING:src.hipporag.evaluation.retrieval_eval:Length of retrieved docs (100) is smaller than largest topk for recall score (200)
WARNING:src.hipporag.evaluation.retrieval_eval:Length of retrieved docs (100) is smaller than largest topk for recall score (200)
WARNING:src.hipporag.evaluation.retrieval_eval:Length of retrieved docs (100) is smaller than largest topk for recall score (200)
WARNING:src.hipporag.evaluation.retrieval_eval:Length of retrieved docs (100) is smaller than largest topk for recall score (200)
WARNING:src.hipporag.evaluation.retrieval_eval:Length of retrieved docs (100) is smaller than largest topk for recall score (200)
WARNING:src.hipporag.evaluation.retrieval_eval:Length of retrieved docs (100) is smaller than largest topk for recall score (200)
WARNING:src.hipporag.evaluation.retrieval_eval:Length of retrieved docs (100) is smaller than largest topk for recall score (200)
WARNING:src.hipporag.evaluation.retrieval_eval:Length of retrieved docs (100) is smaller than largest topk for recall score (200)
WARNING:src.hipporag.evaluation.retrieval_eval:Length of retrieved docs (100) is smaller than largest topk for recall score (200)
WARNING:src.hipporag.evaluation.retrieval_eval:Length of retrieved docs (100) is smaller than largest topk for recall score (200)
WARNING:src.hipporag.evaluation.retrieval_eval:Length of retrieved docs (100) is smaller than largest topk for recall score (200)
WARNING:src.hipporag.evaluation.retrieval_eval:Length of retrieved docs (100) is smaller than largest topk for recall score (200)
WARNING:src.hipporag.evaluation.retrieval_eval:Length of retrieved docs (100) is smaller than largest topk for recall score (200)
WARNING:src.hipporag.evaluation.retrieval_eval:Length of retrieved docs (100) is smaller than largest topk for recall score (200)
WARNING:src.hipporag.evaluation.retrieval_eval:Length of retrieved docs (100) is smaller than largest topk for recall score (200)
WARNING:src.hipporag.evaluation.retrieval_eval:Length of retrieved docs (100) is smaller than largest topk for recall score (200)
WARNING:src.hipporag.evaluation.retrieval_eval:Length of retrieved docs (100) is smaller than largest topk for recall score (200)
WARNING:src.hipporag.evaluation.retrieval_eval:Length of retrieved docs (100) is smaller than largest topk for recall score (200)
WARNING:src.hipporag.evaluation.retrieval_eval:Length of retrieved docs (100) is smaller than largest topk for recall score (200)
WARNING:src.hipporag.evaluation.retrieval_eval:Length of retrieved docs (100) is smaller than largest topk for recall score (200)
WARNING:src.hipporag.evaluation.retrieval_eval:Length of retrieved docs (100) is smaller than largest topk for recall score (200)
WARNING:src.hipporag.evaluation.retrieval_eval:Length of retrieved docs (100) is smaller than largest topk for recall score (200)
WARNING:src.hipporag.evaluation.retrieval_eval:Length of retrieved docs (100) is smaller than largest topk for recall score (200)
WARNING:src.hipporag.evaluation.retrieval_eval:Length of retrieved docs (100) is smaller than largest topk for recall score (200)
WARNING:src.hipporag.evaluation.retrieval_eval:Length of retrieved docs (100) is smaller than largest topk for recall score (200)
WARNING:src.hipporag.evaluation.retrieval_eval:Length of retrieved docs (100) is smaller than largest topk for recall score (200)
WARNING:src.hipporag.evaluation.retrieval_eval:Length of retrieved docs (100) is smaller than largest topk for recall score (200)
WARNING:src.hipporag.evaluation.retrieval_eval:Length of retrieved docs (100) is smaller than largest topk for recall score (200)
WARNING:src.hipporag.evaluation.retrieval_eval:Length of retrieved docs (100) is smaller than largest topk for recall score (200)
WARNING:src.hipporag.evaluation.retrieval_eval:Length of retrieved docs (100) is smaller than largest topk for recall score (200)
WARNING:src.hipporag.evaluation.retrieval_eval:Length of retrieved docs (100) is smaller than largest topk for recall score (200)
WARNING:src.hipporag.evaluation.retrieval_eval:Length of retrieved docs (100) is smaller than largest topk for recall score (200)
WARNING:src.hipporag.evaluation.retrieval_eval:Length of retrieved docs (100) is smaller than largest topk for recall score (200)
WARNING:src.hipporag.evaluation.retrieval_eval:Length of retrieved docs (100) is smaller than largest topk for recall score (200)
WARNING:src.hipporag.evaluation.retrieval_eval:Length of retrieved docs (100) is smaller than largest topk for recall score (200)
WARNING:src.hipporag.evaluation.retrieval_eval:Length of retrieved docs (100) is smaller than largest topk for recall score (200)
WARNING:src.hipporag.evaluation.retrieval_eval:Length of retrieved docs (100) is smaller than largest topk for recall score (200)
WARNING:src.hipporag.evaluation.retrieval_eval:Length of retrieved docs (100) is smaller than largest topk for recall score (200)
WARNING:src.hipporag.evaluation.retrieval_eval:Length of retrieved docs (100) is smaller than largest topk for recall score (200)
WARNING:src.hipporag.evaluation.retrieval_eval:Length of retrieved docs (100) is smaller than largest topk for recall score (200)
WARNING:src.hipporag.evaluation.retrieval_eval:Length of retrieved docs (100) is smaller than largest topk for recall score (200)
WARNING:src.hipporag.evaluation.retrieval_eval:Length of retrieved docs (100) is smaller than largest topk for recall score (200)
WARNING:src.hipporag.evaluation.retrieval_eval:Length of retrieved docs (100) is smaller than largest topk for recall score (200)
WARNING:src.hipporag.evaluation.retrieval_eval:Length of retrieved docs (100) is smaller than largest topk for recall score (200)
WARNING:src.hipporag.evaluation.retrieval_eval:Length of retrieved docs (100) is smaller than largest topk for recall score (200)
WARNING:src.hipporag.evaluation.retrieval_eval:Length of retrieved docs (100) is smaller than largest topk for recall score (200)
WARNING:src.hipporag.evaluation.retrieval_eval:Length of retrieved docs (100) is smaller than largest topk for recall score (200)
WARNING:src.hipporag.evaluation.retrieval_eval:Length of retrieved docs (100) is smaller than largest topk for recall score (200)
WARNING:src.hipporag.evaluation.retrieval_eval:Length of retrieved docs (100) is smaller than largest topk for recall score (200)
WARNING:src.hipporag.evaluation.retrieval_eval:Length of retrieved docs (100) is smaller than largest topk for recall score (200)
WARNING:src.hipporag.evaluation.retrieval_eval:Length of retrieved docs (100) is smaller than largest topk for recall score (200)
WARNING:src.hipporag.evaluation.retrieval_eval:Length of retrieved docs (100) is smaller than largest topk for recall score (200)
WARNING:src.hipporag.evaluation.retrieval_eval:Length of retrieved docs (100) is smaller than largest topk for recall score (200)
WARNING:src.hipporag.evaluation.retrieval_eval:Length of retrieved docs (100) is smaller than largest topk for recall score (200)
WARNING:src.hipporag.evaluation.retrieval_eval:Length of retrieved docs (100) is smaller than largest topk for recall score (200)
WARNING:src.hipporag.evaluation.retrieval_eval:Length of retrieved docs (100) is smaller than largest topk for recall score (200)
WARNING:src.hipporag.evaluation.retrieval_eval:Length of retrieved docs (100) is smaller than largest topk for recall score (200)
WARNING:src.hipporag.evaluation.retrieval_eval:Length of retrieved docs (100) is smaller than largest topk for recall score (200)
WARNING:src.hipporag.evaluation.retrieval_eval:Length of retrieved docs (100) is smaller than largest topk for recall score (200)
WARNING:src.hipporag.evaluation.retrieval_eval:Length of retrieved docs (100) is smaller than largest topk for recall score (200)
WARNING:src.hipporag.evaluation.retrieval_eval:Length of retrieved docs (100) is smaller than largest topk for recall score (200)
WARNING:src.hipporag.evaluation.retrieval_eval:Length of retrieved docs (100) is smaller than largest topk for recall score (200)
WARNING:src.hipporag.evaluation.retrieval_eval:Length of retrieved docs (100) is smaller than largest topk for recall score (200)
WARNING:src.hipporag.evaluation.retrieval_eval:Length of retrieved docs (100) is smaller than largest topk for recall score (200)
WARNING:src.hipporag.evaluation.retrieval_eval:Length of retrieved docs (100) is smaller than largest topk for recall score (200)
WARNING:src.hipporag.evaluation.retrieval_eval:Length of retrieved docs (100) is smaller than largest topk for recall score (200)
WARNING:src.hipporag.evaluation.retrieval_eval:Length of retrieved docs (100) is smaller than largest topk for recall score (200)
WARNING:src.hipporag.evaluation.retrieval_eval:Length of retrieved docs (100) is smaller than largest topk for recall score (200)
WARNING:src.hipporag.evaluation.retrieval_eval:Length of retrieved docs (100) is smaller than largest topk for recall score (200)
WARNING:src.hipporag.evaluation.retrieval_eval:Length of retrieved docs (100) is smaller than largest topk for recall score (200)
WARNING:src.hipporag.evaluation.retrieval_eval:Length of retrieved docs (100) is smaller than largest topk for recall score (200)
WARNING:src.hipporag.evaluation.retrieval_eval:Length of retrieved docs (100) is smaller than largest topk for recall score (200)
WARNING:src.hipporag.evaluation.retrieval_eval:Length of retrieved docs (100) is smaller than largest topk for recall score (200)
WARNING:src.hipporag.evaluation.retrieval_eval:Length of retrieved docs (100) is smaller than largest topk for recall score (200)
WARNING:src.hipporag.evaluation.retrieval_eval:Length of retrieved docs (100) is smaller than largest topk for recall score (200)
WARNING:src.hipporag.evaluation.retrieval_eval:Length of retrieved docs (100) is smaller than largest topk for recall score (200)
WARNING:src.hipporag.evaluation.retrieval_eval:Length of retrieved docs (100) is smaller than largest topk for recall score (200)
WARNING:src.hipporag.evaluation.retrieval_eval:Length of retrieved docs (100) is smaller than largest topk for recall score (200)
WARNING:src.hipporag.evaluation.retrieval_eval:Length of retrieved docs (100) is smaller than largest topk for recall score (200)
WARNING:src.hipporag.evaluation.retrieval_eval:Length of retrieved docs (100) is smaller than largest topk for recall score (200)
WARNING:src.hipporag.evaluation.retrieval_eval:Length of retrieved docs (100) is smaller than largest topk for recall score (200)
WARNING:src.hipporag.evaluation.retrieval_eval:Length of retrieved docs (100) is smaller than largest topk for recall score (200)
WARNING:src.hipporag.evaluation.retrieval_eval:Length of retrieved docs (100) is smaller than largest topk for recall score (200)
WARNING:src.hipporag.evaluation.retrieval_eval:Length of retrieved docs (100) is smaller than largest topk for recall score (200)
WARNING:src.hipporag.evaluation.retrieval_eval:Length of retrieved docs (100) is smaller than largest topk for recall score (200)
WARNING:src.hipporag.evaluation.retrieval_eval:Length of retrieved docs (100) is smaller than largest topk for recall score (200)
WARNING:src.hipporag.evaluation.retrieval_eval:Length of retrieved docs (100) is smaller than largest topk for recall score (200)
WARNING:src.hipporag.evaluation.retrieval_eval:Length of retrieved docs (100) is smaller than largest topk for recall score (200)
WARNING:src.hipporag.evaluation.retrieval_eval:Length of retrieved docs (100) is smaller than largest topk for recall score (200)
WARNING:src.hipporag.evaluation.retrieval_eval:Length of retrieved docs (100) is smaller than largest topk for recall score (200)
WARNING:src.hipporag.evaluation.retrieval_eval:Length of retrieved docs (100) is smaller than largest topk for recall score (200)
WARNING:src.hipporag.evaluation.retrieval_eval:Length of retrieved docs (100) is smaller than largest topk for recall score (200)
WARNING:src.hipporag.evaluation.retrieval_eval:Length of retrieved docs (100) is smaller than largest topk for recall score (200)
WARNING:src.hipporag.evaluation.retrieval_eval:Length of retrieved docs (100) is smaller than largest topk for recall score (200)
WARNING:src.hipporag.evaluation.retrieval_eval:Length of retrieved docs (100) is smaller than largest topk for recall score (200)
WARNING:src.hipporag.evaluation.retrieval_eval:Length of retrieved docs (100) is smaller than largest topk for recall score (200)
WARNING:src.hipporag.evaluation.retrieval_eval:Length of retrieved docs (100) is smaller than largest topk for recall score (200)
WARNING:src.hipporag.evaluation.retrieval_eval:Length of retrieved docs (100) is smaller than largest topk for recall score (200)
WARNING:src.hipporag.evaluation.retrieval_eval:Length of retrieved docs (100) is smaller than largest topk for recall score (200)
WARNING:src.hipporag.evaluation.retrieval_eval:Length of retrieved docs (100) is smaller than largest topk for recall score (200)
WARNING:src.hipporag.evaluation.retrieval_eval:Length of retrieved docs (100) is smaller than largest topk for recall score (200)
WARNING:src.hipporag.evaluation.retrieval_eval:Length of retrieved docs (100) is smaller than largest topk for recall score (200)
WARNING:src.hipporag.evaluation.retrieval_eval:Length of retrieved docs (100) is smaller than largest topk for recall score (200)
WARNING:src.hipporag.evaluation.retrieval_eval:Length of retrieved docs (100) is smaller than largest topk for recall score (200)
WARNING:src.hipporag.evaluation.retrieval_eval:Length of retrieved docs (100) is smaller than largest topk for recall score (200)
WARNING:src.hipporag.evaluation.retrieval_eval:Length of retrieved docs (100) is smaller than largest topk for recall score (200)
WARNING:src.hipporag.evaluation.retrieval_eval:Length of retrieved docs (100) is smaller than largest topk for recall score (200)
WARNING:src.hipporag.evaluation.retrieval_eval:Length of retrieved docs (100) is smaller than largest topk for recall score (200)
WARNING:src.hipporag.evaluation.retrieval_eval:Length of retrieved docs (100) is smaller than largest topk for recall score (200)
WARNING:src.hipporag.evaluation.retrieval_eval:Length of retrieved docs (100) is smaller than largest topk for recall score (200)
WARNING:src.hipporag.evaluation.retrieval_eval:Length of retrieved docs (100) is smaller than largest topk for recall score (200)
WARNING:src.hipporag.evaluation.retrieval_eval:Length of retrieved docs (100) is smaller than largest topk for recall score (200)
WARNING:src.hipporag.evaluation.retrieval_eval:Length of retrieved docs (100) is smaller than largest topk for recall score (200)
WARNING:src.hipporag.evaluation.retrieval_eval:Length of retrieved docs (100) is smaller than largest topk for recall score (200)
WARNING:src.hipporag.evaluation.retrieval_eval:Length of retrieved docs (100) is smaller than largest topk for recall score (200)
WARNING:src.hipporag.evaluation.retrieval_eval:Length of retrieved docs (100) is smaller than largest topk for recall score (200)
WARNING:src.hipporag.evaluation.retrieval_eval:Length of retrieved docs (100) is smaller than largest topk for recall score (200)
WARNING:src.hipporag.evaluation.retrieval_eval:Length of retrieved docs (100) is smaller than largest topk for recall score (200)
WARNING:src.hipporag.evaluation.retrieval_eval:Length of retrieved docs (100) is smaller than largest topk for recall score (200)
WARNING:src.hipporag.evaluation.retrieval_eval:Length of retrieved docs (100) is smaller than largest topk for recall score (200)
WARNING:src.hipporag.evaluation.retrieval_eval:Length of retrieved docs (100) is smaller than largest topk for recall score (200)
WARNING:src.hipporag.evaluation.retrieval_eval:Length of retrieved docs (100) is smaller than largest topk for recall score (200)
WARNING:src.hipporag.evaluation.retrieval_eval:Length of retrieved docs (100) is smaller than largest topk for recall score (200)
WARNING:src.hipporag.evaluation.retrieval_eval:Length of retrieved docs (100) is smaller than largest topk for recall score (200)
WARNING:src.hipporag.evaluation.retrieval_eval:Length of retrieved docs (100) is smaller than largest topk for recall score (200)
WARNING:src.hipporag.evaluation.retrieval_eval:Length of retrieved docs (100) is smaller than largest topk for recall score (200)
WARNING:src.hipporag.evaluation.retrieval_eval:Length of retrieved docs (100) is smaller than largest topk for recall score (200)
WARNING:src.hipporag.evaluation.retrieval_eval:Length of retrieved docs (100) is smaller than largest topk for recall score (200)
WARNING:src.hipporag.evaluation.retrieval_eval:Length of retrieved docs (100) is smaller than largest topk for recall score (200)
WARNING:src.hipporag.evaluation.retrieval_eval:Length of retrieved docs (100) is smaller than largest topk for recall score (200)
WARNING:src.hipporag.evaluation.retrieval_eval:Length of retrieved docs (100) is smaller than largest topk for recall score (200)
WARNING:src.hipporag.evaluation.retrieval_eval:Length of retrieved docs (100) is smaller than largest topk for recall score (200)
WARNING:src.hipporag.evaluation.retrieval_eval:Length of retrieved docs (100) is smaller than largest topk for recall score (200)
WARNING:src.hipporag.evaluation.retrieval_eval:Length of retrieved docs (100) is smaller than largest topk for recall score (200)
WARNING:src.hipporag.evaluation.retrieval_eval:Length of retrieved docs (100) is smaller than largest topk for recall score (200)
WARNING:src.hipporag.evaluation.retrieval_eval:Length of retrieved docs (100) is smaller than largest topk for recall score (200)
WARNING:src.hipporag.evaluation.retrieval_eval:Length of retrieved docs (100) is smaller than largest topk for recall score (200)
WARNING:src.hipporag.evaluation.retrieval_eval:Length of retrieved docs (100) is smaller than largest topk for recall score (200)
WARNING:src.hipporag.evaluation.retrieval_eval:Length of retrieved docs (100) is smaller than largest topk for recall score (200)
WARNING:src.hipporag.evaluation.retrieval_eval:Length of retrieved docs (100) is smaller than largest topk for recall score (200)
WARNING:src.hipporag.evaluation.retrieval_eval:Length of retrieved docs (100) is smaller than largest topk for recall score (200)
WARNING:src.hipporag.evaluation.retrieval_eval:Length of retrieved docs (100) is smaller than largest topk for recall score (200)
WARNING:src.hipporag.evaluation.retrieval_eval:Length of retrieved docs (100) is smaller than largest topk for recall score (200)
WARNING:src.hipporag.evaluation.retrieval_eval:Length of retrieved docs (100) is smaller than largest topk for recall score (200)
WARNING:src.hipporag.evaluation.retrieval_eval:Length of retrieved docs (100) is smaller than largest topk for recall score (200)
WARNING:src.hipporag.evaluation.retrieval_eval:Length of retrieved docs (100) is smaller than largest topk for recall score (200)
WARNING:src.hipporag.evaluation.retrieval_eval:Length of retrieved docs (100) is smaller than largest topk for recall score (200)
WARNING:src.hipporag.evaluation.retrieval_eval:Length of retrieved docs (100) is smaller than largest topk for recall score (200)
WARNING:src.hipporag.evaluation.retrieval_eval:Length of retrieved docs (100) is smaller than largest topk for recall score (200)
WARNING:src.hipporag.evaluation.retrieval_eval:Length of retrieved docs (100) is smaller than largest topk for recall score (200)
WARNING:src.hipporag.evaluation.retrieval_eval:Length of retrieved docs (100) is smaller than largest topk for recall score (200)
WARNING:src.hipporag.evaluation.retrieval_eval:Length of retrieved docs (100) is smaller than largest topk for recall score (200)
WARNING:src.hipporag.evaluation.retrieval_eval:Length of retrieved docs (100) is smaller than largest topk for recall score (200)
WARNING:src.hipporag.evaluation.retrieval_eval:Length of retrieved docs (100) is smaller than largest topk for recall score (200)
WARNING:src.hipporag.evaluation.retrieval_eval:Length of retrieved docs (100) is smaller than largest topk for recall score (200)
WARNING:src.hipporag.evaluation.retrieval_eval:Length of retrieved docs (100) is smaller than largest topk for recall score (200)
WARNING:src.hipporag.evaluation.retrieval_eval:Length of retrieved docs (100) is smaller than largest topk for recall score (200)
WARNING:src.hipporag.evaluation.retrieval_eval:Length of retrieved docs (100) is smaller than largest topk for recall score (200)
WARNING:src.hipporag.evaluation.retrieval_eval:Length of retrieved docs (100) is smaller than largest topk for recall score (200)
WARNING:src.hipporag.evaluation.retrieval_eval:Length of retrieved docs (100) is smaller than largest topk for recall score (200)
WARNING:src.hipporag.evaluation.retrieval_eval:Length of retrieved docs (100) is smaller than largest topk for recall score (200)
WARNING:src.hipporag.evaluation.retrieval_eval:Length of retrieved docs (100) is smaller than largest topk for recall score (200)
WARNING:src.hipporag.evaluation.retrieval_eval:Length of retrieved docs (100) is smaller than largest topk for recall score (200)
WARNING:src.hipporag.evaluation.retrieval_eval:Length of retrieved docs (100) is smaller than largest topk for recall score (200)
WARNING:src.hipporag.evaluation.retrieval_eval:Length of retrieved docs (100) is smaller than largest topk for recall score (200)
WARNING:src.hipporag.evaluation.retrieval_eval:Length of retrieved docs (100) is smaller than largest topk for recall score (200)
WARNING:src.hipporag.evaluation.retrieval_eval:Length of retrieved docs (100) is smaller than largest topk for recall score (200)
WARNING:src.hipporag.evaluation.retrieval_eval:Length of retrieved docs (100) is smaller than largest topk for recall score (200)
WARNING:src.hipporag.evaluation.retrieval_eval:Length of retrieved docs (100) is smaller than largest topk for recall score (200)
WARNING:src.hipporag.evaluation.retrieval_eval:Length of retrieved docs (100) is smaller than largest topk for recall score (200)
WARNING:src.hipporag.evaluation.retrieval_eval:Length of retrieved docs (100) is smaller than largest topk for recall score (200)
WARNING:src.hipporag.evaluation.retrieval_eval:Length of retrieved docs (100) is smaller than largest topk for recall score (200)
WARNING:src.hipporag.evaluation.retrieval_eval:Length of retrieved docs (100) is smaller than largest topk for recall score (200)
WARNING:src.hipporag.evaluation.retrieval_eval:Length of retrieved docs (100) is smaller than largest topk for recall score (200)
WARNING:src.hipporag.evaluation.retrieval_eval:Length of retrieved docs (100) is smaller than largest topk for recall score (200)
WARNING:src.hipporag.evaluation.retrieval_eval:Length of retrieved docs (100) is smaller than largest topk for recall score (200)
WARNING:src.hipporag.evaluation.retrieval_eval:Length of retrieved docs (100) is smaller than largest topk for recall score (200)
WARNING:src.hipporag.evaluation.retrieval_eval:Length of retrieved docs (100) is smaller than largest topk for recall score (200)
WARNING:src.hipporag.evaluation.retrieval_eval:Length of retrieved docs (100) is smaller than largest topk for recall score (200)
WARNING:src.hipporag.evaluation.retrieval_eval:Length of retrieved docs (100) is smaller than largest topk for recall score (200)
WARNING:src.hipporag.evaluation.retrieval_eval:Length of retrieved docs (100) is smaller than largest topk for recall score (200)
WARNING:src.hipporag.evaluation.retrieval_eval:Length of retrieved docs (100) is smaller than largest topk for recall score (200)
WARNING:src.hipporag.evaluation.retrieval_eval:Length of retrieved docs (100) is smaller than largest topk for recall score (200)
WARNING:src.hipporag.evaluation.retrieval_eval:Length of retrieved docs (100) is smaller than largest topk for recall score (200)
WARNING:src.hipporag.evaluation.retrieval_eval:Length of retrieved docs (100) is smaller than largest topk for recall score (200)
WARNING:src.hipporag.evaluation.retrieval_eval:Length of retrieved docs (100) is smaller than largest topk for recall score (200)
WARNING:src.hipporag.evaluation.retrieval_eval:Length of retrieved docs (100) is smaller than largest topk for recall score (200)
WARNING:src.hipporag.evaluation.retrieval_eval:Length of retrieved docs (100) is smaller than largest topk for recall score (200)
WARNING:src.hipporag.evaluation.retrieval_eval:Length of retrieved docs (100) is smaller than largest topk for recall score (200)
WARNING:src.hipporag.evaluation.retrieval_eval:Length of retrieved docs (100) is smaller than largest topk for recall score (200)
WARNING:src.hipporag.evaluation.retrieval_eval:Length of retrieved docs (100) is smaller than largest topk for recall score (200)
WARNING:src.hipporag.evaluation.retrieval_eval:Length of retrieved docs (100) is smaller than largest topk for recall score (200)
WARNING:src.hipporag.evaluation.retrieval_eval:Length of retrieved docs (100) is smaller than largest topk for recall score (200)
WARNING:src.hipporag.evaluation.retrieval_eval:Length of retrieved docs (100) is smaller than largest topk for recall score (200)
WARNING:src.hipporag.evaluation.retrieval_eval:Length of retrieved docs (100) is smaller than largest topk for recall score (200)
WARNING:src.hipporag.evaluation.retrieval_eval:Length of retrieved docs (100) is smaller than largest topk for recall score (200)
WARNING:src.hipporag.evaluation.retrieval_eval:Length of retrieved docs (100) is smaller than largest topk for recall score (200)
WARNING:src.hipporag.evaluation.retrieval_eval:Length of retrieved docs (100) is smaller than largest topk for recall score (200)
WARNING:src.hipporag.evaluation.retrieval_eval:Length of retrieved docs (100) is smaller than largest topk for recall score (200)
WARNING:src.hipporag.evaluation.retrieval_eval:Length of retrieved docs (100) is smaller than largest topk for recall score (200)
WARNING:src.hipporag.evaluation.retrieval_eval:Length of retrieved docs (100) is smaller than largest topk for recall score (200)
WARNING:src.hipporag.evaluation.retrieval_eval:Length of retrieved docs (100) is smaller than largest topk for recall score (200)
WARNING:src.hipporag.evaluation.retrieval_eval:Length of retrieved docs (100) is smaller than largest topk for recall score (200)
WARNING:src.hipporag.evaluation.retrieval_eval:Length of retrieved docs (100) is smaller than largest topk for recall score (200)
WARNING:src.hipporag.evaluation.retrieval_eval:Length of retrieved docs (100) is smaller than largest topk for recall score (200)
WARNING:src.hipporag.evaluation.retrieval_eval:Length of retrieved docs (100) is smaller than largest topk for recall score (200)
WARNING:src.hipporag.evaluation.retrieval_eval:Length of retrieved docs (100) is smaller than largest topk for recall score (200)
WARNING:src.hipporag.evaluation.retrieval_eval:Length of retrieved docs (100) is smaller than largest topk for recall score (200)
WARNING:src.hipporag.evaluation.retrieval_eval:Length of retrieved docs (100) is smaller than largest topk for recall score (200)
WARNING:src.hipporag.evaluation.retrieval_eval:Length of retrieved docs (100) is smaller than largest topk for recall score (200)
WARNING:src.hipporag.evaluation.retrieval_eval:Length of retrieved docs (100) is smaller than largest topk for recall score (200)
WARNING:src.hipporag.evaluation.retrieval_eval:Length of retrieved docs (100) is smaller than largest topk for recall score (200)
WARNING:src.hipporag.evaluation.retrieval_eval:Length of retrieved docs (100) is smaller than largest topk for recall score (200)
WARNING:src.hipporag.evaluation.retrieval_eval:Length of retrieved docs (100) is smaller than largest topk for recall score (200)
WARNING:src.hipporag.evaluation.retrieval_eval:Length of retrieved docs (100) is smaller than largest topk for recall score (200)
WARNING:src.hipporag.evaluation.retrieval_eval:Length of retrieved docs (100) is smaller than largest topk for recall score (200)
WARNING:src.hipporag.evaluation.retrieval_eval:Length of retrieved docs (100) is smaller than largest topk for recall score (200)
WARNING:src.hipporag.evaluation.retrieval_eval:Length of retrieved docs (100) is smaller than largest topk for recall score (200)
WARNING:src.hipporag.evaluation.retrieval_eval:Length of retrieved docs (100) is smaller than largest topk for recall score (200)
WARNING:src.hipporag.evaluation.retrieval_eval:Length of retrieved docs (100) is smaller than largest topk for recall score (200)
WARNING:src.hipporag.evaluation.retrieval_eval:Length of retrieved docs (100) is smaller than largest topk for recall score (200)
WARNING:src.hipporag.evaluation.retrieval_eval:Length of retrieved docs (100) is smaller than largest topk for recall score (200)
WARNING:src.hipporag.evaluation.retrieval_eval:Length of retrieved docs (100) is smaller than largest topk for recall score (200)
WARNING:src.hipporag.evaluation.retrieval_eval:Length of retrieved docs (100) is smaller than largest topk for recall score (200)
WARNING:src.hipporag.evaluation.retrieval_eval:Length of retrieved docs (100) is smaller than largest topk for recall score (200)
WARNING:src.hipporag.evaluation.retrieval_eval:Length of retrieved docs (100) is smaller than largest topk for recall score (200)
WARNING:src.hipporag.evaluation.retrieval_eval:Length of retrieved docs (100) is smaller than largest topk for recall score (200)
WARNING:src.hipporag.evaluation.retrieval_eval:Length of retrieved docs (100) is smaller than largest topk for recall score (200)
WARNING:src.hipporag.evaluation.retrieval_eval:Length of retrieved docs (100) is smaller than largest topk for recall score (200)
WARNING:src.hipporag.evaluation.retrieval_eval:Length of retrieved docs (100) is smaller than largest topk for recall score (200)
WARNING:src.hipporag.evaluation.retrieval_eval:Length of retrieved docs (100) is smaller than largest topk for recall score (200)
WARNING:src.hipporag.evaluation.retrieval_eval:Length of retrieved docs (100) is smaller than largest topk for recall score (200)
WARNING:src.hipporag.evaluation.retrieval_eval:Length of retrieved docs (100) is smaller than largest topk for recall score (200)
WARNING:src.hipporag.evaluation.retrieval_eval:Length of retrieved docs (100) is smaller than largest topk for recall score (200)
WARNING:src.hipporag.evaluation.retrieval_eval:Length of retrieved docs (100) is smaller than largest topk for recall score (200)
WARNING:src.hipporag.evaluation.retrieval_eval:Length of retrieved docs (100) is smaller than largest topk for recall score (200)
WARNING:src.hipporag.evaluation.retrieval_eval:Length of retrieved docs (100) is smaller than largest topk for recall score (200)
WARNING:src.hipporag.evaluation.retrieval_eval:Length of retrieved docs (100) is smaller than largest topk for recall score (200)
WARNING:src.hipporag.evaluation.retrieval_eval:Length of retrieved docs (100) is smaller than largest topk for recall score (200)
WARNING:src.hipporag.evaluation.retrieval_eval:Length of retrieved docs (100) is smaller than largest topk for recall score (200)
WARNING:src.hipporag.evaluation.retrieval_eval:Length of retrieved docs (100) is smaller than largest topk for recall score (200)
WARNING:src.hipporag.evaluation.retrieval_eval:Length of retrieved docs (100) is smaller than largest topk for recall score (200)
WARNING:src.hipporag.evaluation.retrieval_eval:Length of retrieved docs (100) is smaller than largest topk for recall score (200)
WARNING:src.hipporag.evaluation.retrieval_eval:Length of retrieved docs (100) is smaller than largest topk for recall score (200)
WARNING:src.hipporag.evaluation.retrieval_eval:Length of retrieved docs (100) is smaller than largest topk for recall score (200)
WARNING:src.hipporag.evaluation.retrieval_eval:Length of retrieved docs (100) is smaller than largest topk for recall score (200)
WARNING:src.hipporag.evaluation.retrieval_eval:Length of retrieved docs (100) is smaller than largest topk for recall score (200)
WARNING:src.hipporag.evaluation.retrieval_eval:Length of retrieved docs (100) is smaller than largest topk for recall score (200)
WARNING:src.hipporag.evaluation.retrieval_eval:Length of retrieved docs (100) is smaller than largest topk for recall score (200)
WARNING:src.hipporag.evaluation.retrieval_eval:Length of retrieved docs (100) is smaller than largest topk for recall score (200)
WARNING:src.hipporag.evaluation.retrieval_eval:Length of retrieved docs (100) is smaller than largest topk for recall score (200)
WARNING:src.hipporag.evaluation.retrieval_eval:Length of retrieved docs (100) is smaller than largest topk for recall score (200)
WARNING:src.hipporag.evaluation.retrieval_eval:Length of retrieved docs (100) is smaller than largest topk for recall score (200)
WARNING:src.hipporag.evaluation.retrieval_eval:Length of retrieved docs (100) is smaller than largest topk for recall score (200)
WARNING:src.hipporag.evaluation.retrieval_eval:Length of retrieved docs (100) is smaller than largest topk for recall score (200)
WARNING:src.hipporag.evaluation.retrieval_eval:Length of retrieved docs (100) is smaller than largest topk for recall score (200)
WARNING:src.hipporag.evaluation.retrieval_eval:Length of retrieved docs (100) is smaller than largest topk for recall score (200)
WARNING:src.hipporag.evaluation.retrieval_eval:Length of retrieved docs (100) is smaller than largest topk for recall score (200)
WARNING:src.hipporag.evaluation.retrieval_eval:Length of retrieved docs (100) is smaller than largest topk for recall score (200)
WARNING:src.hipporag.evaluation.retrieval_eval:Length of retrieved docs (100) is smaller than largest topk for recall score (200)
WARNING:src.hipporag.evaluation.retrieval_eval:Length of retrieved docs (100) is smaller than largest topk for recall score (200)
WARNING:src.hipporag.evaluation.retrieval_eval:Length of retrieved docs (100) is smaller than largest topk for recall score (200)
WARNING:src.hipporag.evaluation.retrieval_eval:Length of retrieved docs (100) is smaller than largest topk for recall score (200)
WARNING:src.hipporag.evaluation.retrieval_eval:Length of retrieved docs (100) is smaller than largest topk for recall score (200)
WARNING:src.hipporag.evaluation.retrieval_eval:Length of retrieved docs (100) is smaller than largest topk for recall score (200)
WARNING:src.hipporag.evaluation.retrieval_eval:Length of retrieved docs (100) is smaller than largest topk for recall score (200)
WARNING:src.hipporag.evaluation.retrieval_eval:Length of retrieved docs (100) is smaller than largest topk for recall score (200)
WARNING:src.hipporag.evaluation.retrieval_eval:Length of retrieved docs (100) is smaller than largest topk for recall score (200)
WARNING:src.hipporag.evaluation.retrieval_eval:Length of retrieved docs (100) is smaller than largest topk for recall score (200)
WARNING:src.hipporag.evaluation.retrieval_eval:Length of retrieved docs (100) is smaller than largest topk for recall score (200)
WARNING:src.hipporag.evaluation.retrieval_eval:Length of retrieved docs (100) is smaller than largest topk for recall score (200)
WARNING:src.hipporag.evaluation.retrieval_eval:Length of retrieved docs (100) is smaller than largest topk for recall score (200)
WARNING:src.hipporag.evaluation.retrieval_eval:Length of retrieved docs (100) is smaller than largest topk for recall score (200)
WARNING:src.hipporag.evaluation.retrieval_eval:Length of retrieved docs (100) is smaller than largest topk for recall score (200)
WARNING:src.hipporag.evaluation.retrieval_eval:Length of retrieved docs (100) is smaller than largest topk for recall score (200)
WARNING:src.hipporag.evaluation.retrieval_eval:Length of retrieved docs (100) is smaller than largest topk for recall score (200)
WARNING:src.hipporag.evaluation.retrieval_eval:Length of retrieved docs (100) is smaller than largest topk for recall score (200)
WARNING:src.hipporag.evaluation.retrieval_eval:Length of retrieved docs (100) is smaller than largest topk for recall score (200)
WARNING:src.hipporag.evaluation.retrieval_eval:Length of retrieved docs (100) is smaller than largest topk for recall score (200)
WARNING:src.hipporag.evaluation.retrieval_eval:Length of retrieved docs (100) is smaller than largest topk for recall score (200)
WARNING:src.hipporag.evaluation.retrieval_eval:Length of retrieved docs (100) is smaller than largest topk for recall score (200)
WARNING:src.hipporag.evaluation.retrieval_eval:Length of retrieved docs (100) is smaller than largest topk for recall score (200)
WARNING:src.hipporag.evaluation.retrieval_eval:Length of retrieved docs (100) is smaller than largest topk for recall score (200)
WARNING:src.hipporag.evaluation.retrieval_eval:Length of retrieved docs (100) is smaller than largest topk for recall score (200)
WARNING:src.hipporag.evaluation.retrieval_eval:Length of retrieved docs (100) is smaller than largest topk for recall score (200)
WARNING:src.hipporag.evaluation.retrieval_eval:Length of retrieved docs (100) is smaller than largest topk for recall score (200)
WARNING:src.hipporag.evaluation.retrieval_eval:Length of retrieved docs (100) is smaller than largest topk for recall score (200)
WARNING:src.hipporag.evaluation.retrieval_eval:Length of retrieved docs (100) is smaller than largest topk for recall score (200)
WARNING:src.hipporag.evaluation.retrieval_eval:Length of retrieved docs (100) is smaller than largest topk for recall score (200)
WARNING:src.hipporag.evaluation.retrieval_eval:Length of retrieved docs (100) is smaller than largest topk for recall score (200)
WARNING:src.hipporag.evaluation.retrieval_eval:Length of retrieved docs (100) is smaller than largest topk for recall score (200)
WARNING:src.hipporag.evaluation.retrieval_eval:Length of retrieved docs (100) is smaller than largest topk for recall score (200)
WARNING:src.hipporag.evaluation.retrieval_eval:Length of retrieved docs (100) is smaller than largest topk for recall score (200)
WARNING:src.hipporag.evaluation.retrieval_eval:Length of retrieved docs (100) is smaller than largest topk for recall score (200)
WARNING:src.hipporag.evaluation.retrieval_eval:Length of retrieved docs (100) is smaller than largest topk for recall score (200)
WARNING:src.hipporag.evaluation.retrieval_eval:Length of retrieved docs (100) is smaller than largest topk for recall score (200)
WARNING:src.hipporag.evaluation.retrieval_eval:Length of retrieved docs (100) is smaller than largest topk for recall score (200)
WARNING:src.hipporag.evaluation.retrieval_eval:Length of retrieved docs (100) is smaller than largest topk for recall score (200)
WARNING:src.hipporag.evaluation.retrieval_eval:Length of retrieved docs (100) is smaller than largest topk for recall score (200)
WARNING:src.hipporag.evaluation.retrieval_eval:Length of retrieved docs (100) is smaller than largest topk for recall score (200)
WARNING:src.hipporag.evaluation.retrieval_eval:Length of retrieved docs (100) is smaller than largest topk for recall score (200)
WARNING:src.hipporag.evaluation.retrieval_eval:Length of retrieved docs (100) is smaller than largest topk for recall score (200)
WARNING:src.hipporag.evaluation.retrieval_eval:Length of retrieved docs (100) is smaller than largest topk for recall score (200)
WARNING:src.hipporag.evaluation.retrieval_eval:Length of retrieved docs (100) is smaller than largest topk for recall score (200)
WARNING:src.hipporag.evaluation.retrieval_eval:Length of retrieved docs (100) is smaller than largest topk for recall score (200)
WARNING:src.hipporag.evaluation.retrieval_eval:Length of retrieved docs (100) is smaller than largest topk for recall score (200)
WARNING:src.hipporag.evaluation.retrieval_eval:Length of retrieved docs (100) is smaller than largest topk for recall score (200)
WARNING:src.hipporag.evaluation.retrieval_eval:Length of retrieved docs (100) is smaller than largest topk for recall score (200)
WARNING:src.hipporag.evaluation.retrieval_eval:Length of retrieved docs (100) is smaller than largest topk for recall score (200)
WARNING:src.hipporag.evaluation.retrieval_eval:Length of retrieved docs (100) is smaller than largest topk for recall score (200)
WARNING:src.hipporag.evaluation.retrieval_eval:Length of retrieved docs (100) is smaller than largest topk for recall score (200)
WARNING:src.hipporag.evaluation.retrieval_eval:Length of retrieved docs (100) is smaller than largest topk for recall score (200)
WARNING:src.hipporag.evaluation.retrieval_eval:Length of retrieved docs (100) is smaller than largest topk for recall score (200)
WARNING:src.hipporag.evaluation.retrieval_eval:Length of retrieved docs (100) is smaller than largest topk for recall score (200)
WARNING:src.hipporag.evaluation.retrieval_eval:Length of retrieved docs (100) is smaller than largest topk for recall score (200)
WARNING:src.hipporag.evaluation.retrieval_eval:Length of retrieved docs (100) is smaller than largest topk for recall score (200)
WARNING:src.hipporag.evaluation.retrieval_eval:Length of retrieved docs (100) is smaller than largest topk for recall score (200)
WARNING:src.hipporag.evaluation.retrieval_eval:Length of retrieved docs (100) is smaller than largest topk for recall score (200)
WARNING:src.hipporag.evaluation.retrieval_eval:Length of retrieved docs (100) is smaller than largest topk for recall score (200)
WARNING:src.hipporag.evaluation.retrieval_eval:Length of retrieved docs (100) is smaller than largest topk for recall score (200)
WARNING:src.hipporag.evaluation.retrieval_eval:Length of retrieved docs (100) is smaller than largest topk for recall score (200)
WARNING:src.hipporag.evaluation.retrieval_eval:Length of retrieved docs (100) is smaller than largest topk for recall score (200)
WARNING:src.hipporag.evaluation.retrieval_eval:Length of retrieved docs (100) is smaller than largest topk for recall score (200)
WARNING:src.hipporag.evaluation.retrieval_eval:Length of retrieved docs (100) is smaller than largest topk for recall score (200)
WARNING:src.hipporag.evaluation.retrieval_eval:Length of retrieved docs (100) is smaller than largest topk for recall score (200)
WARNING:src.hipporag.evaluation.retrieval_eval:Length of retrieved docs (100) is smaller than largest topk for recall score (200)
WARNING:src.hipporag.evaluation.retrieval_eval:Length of retrieved docs (100) is smaller than largest topk for recall score (200)
WARNING:src.hipporag.evaluation.retrieval_eval:Length of retrieved docs (100) is smaller than largest topk for recall score (200)
WARNING:src.hipporag.evaluation.retrieval_eval:Length of retrieved docs (100) is smaller than largest topk for recall score (200)
WARNING:src.hipporag.evaluation.retrieval_eval:Length of retrieved docs (100) is smaller than largest topk for recall score (200)
WARNING:src.hipporag.evaluation.retrieval_eval:Length of retrieved docs (100) is smaller than largest topk for recall score (200)
WARNING:src.hipporag.evaluation.retrieval_eval:Length of retrieved docs (100) is smaller than largest topk for recall score (200)
WARNING:src.hipporag.evaluation.retrieval_eval:Length of retrieved docs (100) is smaller than largest topk for recall score (200)
WARNING:src.hipporag.evaluation.retrieval_eval:Length of retrieved docs (100) is smaller than largest topk for recall score (200)
WARNING:src.hipporag.evaluation.retrieval_eval:Length of retrieved docs (100) is smaller than largest topk for recall score (200)
WARNING:src.hipporag.evaluation.retrieval_eval:Length of retrieved docs (100) is smaller than largest topk for recall score (200)
WARNING:src.hipporag.evaluation.retrieval_eval:Length of retrieved docs (100) is smaller than largest topk for recall score (200)
WARNING:src.hipporag.evaluation.retrieval_eval:Length of retrieved docs (100) is smaller than largest topk for recall score (200)
WARNING:src.hipporag.evaluation.retrieval_eval:Length of retrieved docs (100) is smaller than largest topk for recall score (200)
WARNING:src.hipporag.evaluation.retrieval_eval:Length of retrieved docs (100) is smaller than largest topk for recall score (200)
WARNING:src.hipporag.evaluation.retrieval_eval:Length of retrieved docs (100) is smaller than largest topk for recall score (200)
WARNING:src.hipporag.evaluation.retrieval_eval:Length of retrieved docs (100) is smaller than largest topk for recall score (200)
WARNING:src.hipporag.evaluation.retrieval_eval:Length of retrieved docs (100) is smaller than largest topk for recall score (200)
WARNING:src.hipporag.evaluation.retrieval_eval:Length of retrieved docs (100) is smaller than largest topk for recall score (200)
WARNING:src.hipporag.evaluation.retrieval_eval:Length of retrieved docs (100) is smaller than largest topk for recall score (200)
WARNING:src.hipporag.evaluation.retrieval_eval:Length of retrieved docs (100) is smaller than largest topk for recall score (200)
WARNING:src.hipporag.evaluation.retrieval_eval:Length of retrieved docs (100) is smaller than largest topk for recall score (200)
WARNING:src.hipporag.evaluation.retrieval_eval:Length of retrieved docs (100) is smaller than largest topk for recall score (200)
WARNING:src.hipporag.evaluation.retrieval_eval:Length of retrieved docs (100) is smaller than largest topk for recall score (200)
WARNING:src.hipporag.evaluation.retrieval_eval:Length of retrieved docs (100) is smaller than largest topk for recall score (200)
WARNING:src.hipporag.evaluation.retrieval_eval:Length of retrieved docs (100) is smaller than largest topk for recall score (200)
WARNING:src.hipporag.evaluation.retrieval_eval:Length of retrieved docs (100) is smaller than largest topk for recall score (200)
WARNING:src.hipporag.evaluation.retrieval_eval:Length of retrieved docs (100) is smaller than largest topk for recall score (200)
WARNING:src.hipporag.evaluation.retrieval_eval:Length of retrieved docs (100) is smaller than largest topk for recall score (200)
WARNING:src.hipporag.evaluation.retrieval_eval:Length of retrieved docs (100) is smaller than largest topk for recall score (200)
WARNING:src.hipporag.evaluation.retrieval_eval:Length of retrieved docs (100) is smaller than largest topk for recall score (200)
WARNING:src.hipporag.evaluation.retrieval_eval:Length of retrieved docs (100) is smaller than largest topk for recall score (200)
WARNING:src.hipporag.evaluation.retrieval_eval:Length of retrieved docs (100) is smaller than largest topk for recall score (200)
WARNING:src.hipporag.evaluation.retrieval_eval:Length of retrieved docs (100) is smaller than largest topk for recall score (200)
WARNING:src.hipporag.evaluation.retrieval_eval:Length of retrieved docs (100) is smaller than largest topk for recall score (200)
WARNING:src.hipporag.evaluation.retrieval_eval:Length of retrieved docs (100) is smaller than largest topk for recall score (200)
WARNING:src.hipporag.evaluation.retrieval_eval:Length of retrieved docs (100) is smaller than largest topk for recall score (200)
WARNING:src.hipporag.evaluation.retrieval_eval:Length of retrieved docs (100) is smaller than largest topk for recall score (200)
WARNING:src.hipporag.evaluation.retrieval_eval:Length of retrieved docs (100) is smaller than largest topk for recall score (200)
WARNING:src.hipporag.evaluation.retrieval_eval:Length of retrieved docs (100) is smaller than largest topk for recall score (200)
WARNING:src.hipporag.evaluation.retrieval_eval:Length of retrieved docs (100) is smaller than largest topk for recall score (200)
WARNING:src.hipporag.evaluation.retrieval_eval:Length of retrieved docs (100) is smaller than largest topk for recall score (200)
WARNING:src.hipporag.evaluation.retrieval_eval:Length of retrieved docs (100) is smaller than largest topk for recall score (200)
WARNING:src.hipporag.evaluation.retrieval_eval:Length of retrieved docs (100) is smaller than largest topk for recall score (200)
WARNING:src.hipporag.evaluation.retrieval_eval:Length of retrieved docs (100) is smaller than largest topk for recall score (200)
WARNING:src.hipporag.evaluation.retrieval_eval:Length of retrieved docs (100) is smaller than largest topk for recall score (200)
WARNING:src.hipporag.evaluation.retrieval_eval:Length of retrieved docs (100) is smaller than largest topk for recall score (200)
WARNING:src.hipporag.evaluation.retrieval_eval:Length of retrieved docs (100) is smaller than largest topk for recall score (200)
WARNING:src.hipporag.evaluation.retrieval_eval:Length of retrieved docs (100) is smaller than largest topk for recall score (200)
WARNING:src.hipporag.evaluation.retrieval_eval:Length of retrieved docs (100) is smaller than largest topk for recall score (200)
WARNING:src.hipporag.evaluation.retrieval_eval:Length of retrieved docs (100) is smaller than largest topk for recall score (200)
WARNING:src.hipporag.evaluation.retrieval_eval:Length of retrieved docs (100) is smaller than largest topk for recall score (200)
WARNING:src.hipporag.evaluation.retrieval_eval:Length of retrieved docs (100) is smaller than largest topk for recall score (200)
WARNING:src.hipporag.evaluation.retrieval_eval:Length of retrieved docs (100) is smaller than largest topk for recall score (200)
WARNING:src.hipporag.evaluation.retrieval_eval:Length of retrieved docs (100) is smaller than largest topk for recall score (200)
WARNING:src.hipporag.evaluation.retrieval_eval:Length of retrieved docs (100) is smaller than largest topk for recall score (200)
WARNING:src.hipporag.evaluation.retrieval_eval:Length of retrieved docs (100) is smaller than largest topk for recall score (200)
WARNING:src.hipporag.evaluation.retrieval_eval:Length of retrieved docs (100) is smaller than largest topk for recall score (200)
WARNING:src.hipporag.evaluation.retrieval_eval:Length of retrieved docs (100) is smaller than largest topk for recall score (200)
WARNING:src.hipporag.evaluation.retrieval_eval:Length of retrieved docs (100) is smaller than largest topk for recall score (200)
WARNING:src.hipporag.evaluation.retrieval_eval:Length of retrieved docs (100) is smaller than largest topk for recall score (200)
WARNING:src.hipporag.evaluation.retrieval_eval:Length of retrieved docs (100) is smaller than largest topk for recall score (200)
WARNING:src.hipporag.evaluation.retrieval_eval:Length of retrieved docs (100) is smaller than largest topk for recall score (200)
WARNING:src.hipporag.evaluation.retrieval_eval:Length of retrieved docs (100) is smaller than largest topk for recall score (200)
WARNING:src.hipporag.evaluation.retrieval_eval:Length of retrieved docs (100) is smaller than largest topk for recall score (200)
WARNING:src.hipporag.evaluation.retrieval_eval:Length of retrieved docs (100) is smaller than largest topk for recall score (200)
WARNING:src.hipporag.evaluation.retrieval_eval:Length of retrieved docs (100) is smaller than largest topk for recall score (200)
WARNING:src.hipporag.evaluation.retrieval_eval:Length of retrieved docs (100) is smaller than largest topk for recall score (200)
WARNING:src.hipporag.evaluation.retrieval_eval:Length of retrieved docs (100) is smaller than largest topk for recall score (200)
WARNING:src.hipporag.evaluation.retrieval_eval:Length of retrieved docs (100) is smaller than largest topk for recall score (200)
WARNING:src.hipporag.evaluation.retrieval_eval:Length of retrieved docs (100) is smaller than largest topk for recall score (200)
WARNING:src.hipporag.evaluation.retrieval_eval:Length of retrieved docs (100) is smaller than largest topk for recall score (200)
WARNING:src.hipporag.evaluation.retrieval_eval:Length of retrieved docs (100) is smaller than largest topk for recall score (200)
WARNING:src.hipporag.evaluation.retrieval_eval:Length of retrieved docs (100) is smaller than largest topk for recall score (200)
WARNING:src.hipporag.evaluation.retrieval_eval:Length of retrieved docs (100) is smaller than largest topk for recall score (200)
WARNING:src.hipporag.evaluation.retrieval_eval:Length of retrieved docs (100) is smaller than largest topk for recall score (200)
WARNING:src.hipporag.evaluation.retrieval_eval:Length of retrieved docs (100) is smaller than largest topk for recall score (200)
WARNING:src.hipporag.evaluation.retrieval_eval:Length of retrieved docs (100) is smaller than largest topk for recall score (200)
WARNING:src.hipporag.evaluation.retrieval_eval:Length of retrieved docs (100) is smaller than largest topk for recall score (200)
WARNING:src.hipporag.evaluation.retrieval_eval:Length of retrieved docs (100) is smaller than largest topk for recall score (200)
WARNING:src.hipporag.evaluation.retrieval_eval:Length of retrieved docs (100) is smaller than largest topk for recall score (200)
WARNING:src.hipporag.evaluation.retrieval_eval:Length of retrieved docs (100) is smaller than largest topk for recall score (200)
WARNING:src.hipporag.evaluation.retrieval_eval:Length of retrieved docs (100) is smaller than largest topk for recall score (200)
WARNING:src.hipporag.evaluation.retrieval_eval:Length of retrieved docs (100) is smaller than largest topk for recall score (200)
WARNING:src.hipporag.evaluation.retrieval_eval:Length of retrieved docs (100) is smaller than largest topk for recall score (200)
WARNING:src.hipporag.evaluation.retrieval_eval:Length of retrieved docs (100) is smaller than largest topk for recall score (200)
WARNING:src.hipporag.evaluation.retrieval_eval:Length of retrieved docs (100) is smaller than largest topk for recall score (200)
WARNING:src.hipporag.evaluation.retrieval_eval:Length of retrieved docs (100) is smaller than largest topk for recall score (200)
WARNING:src.hipporag.evaluation.retrieval_eval:Length of retrieved docs (100) is smaller than largest topk for recall score (200)
WARNING:src.hipporag.evaluation.retrieval_eval:Length of retrieved docs (100) is smaller than largest topk for recall score (200)
WARNING:src.hipporag.evaluation.retrieval_eval:Length of retrieved docs (100) is smaller than largest topk for recall score (200)
WARNING:src.hipporag.evaluation.retrieval_eval:Length of retrieved docs (100) is smaller than largest topk for recall score (200)
WARNING:src.hipporag.evaluation.retrieval_eval:Length of retrieved docs (100) is smaller than largest topk for recall score (200)
WARNING:src.hipporag.evaluation.retrieval_eval:Length of retrieved docs (100) is smaller than largest topk for recall score (200)
WARNING:src.hipporag.evaluation.retrieval_eval:Length of retrieved docs (100) is smaller than largest topk for recall score (200)
WARNING:src.hipporag.evaluation.retrieval_eval:Length of retrieved docs (100) is smaller than largest topk for recall score (200)
WARNING:src.hipporag.evaluation.retrieval_eval:Length of retrieved docs (100) is smaller than largest topk for recall score (200)
WARNING:src.hipporag.evaluation.retrieval_eval:Length of retrieved docs (100) is smaller than largest topk for recall score (200)
WARNING:src.hipporag.evaluation.retrieval_eval:Length of retrieved docs (100) is smaller than largest topk for recall score (200)
WARNING:src.hipporag.evaluation.retrieval_eval:Length of retrieved docs (100) is smaller than largest topk for recall score (200)
WARNING:src.hipporag.evaluation.retrieval_eval:Length of retrieved docs (100) is smaller than largest topk for recall score (200)
WARNING:src.hipporag.evaluation.retrieval_eval:Length of retrieved docs (100) is smaller than largest topk for recall score (200)
WARNING:src.hipporag.evaluation.retrieval_eval:Length of retrieved docs (100) is smaller than largest topk for recall score (200)
WARNING:src.hipporag.evaluation.retrieval_eval:Length of retrieved docs (100) is smaller than largest topk for recall score (200)
WARNING:src.hipporag.evaluation.retrieval_eval:Length of retrieved docs (100) is smaller than largest topk for recall score (200)
WARNING:src.hipporag.evaluation.retrieval_eval:Length of retrieved docs (100) is smaller than largest topk for recall score (200)
WARNING:src.hipporag.evaluation.retrieval_eval:Length of retrieved docs (100) is smaller than largest topk for recall score (200)
WARNING:src.hipporag.evaluation.retrieval_eval:Length of retrieved docs (100) is smaller than largest topk for recall score (200)
WARNING:src.hipporag.evaluation.retrieval_eval:Length of retrieved docs (100) is smaller than largest topk for recall score (200)
WARNING:src.hipporag.evaluation.retrieval_eval:Length of retrieved docs (100) is smaller than largest topk for recall score (200)
WARNING:src.hipporag.evaluation.retrieval_eval:Length of retrieved docs (100) is smaller than largest topk for recall score (200)
WARNING:src.hipporag.evaluation.retrieval_eval:Length of retrieved docs (100) is smaller than largest topk for recall score (200)
WARNING:src.hipporag.evaluation.retrieval_eval:Length of retrieved docs (100) is smaller than largest topk for recall score (200)
WARNING:src.hipporag.evaluation.retrieval_eval:Length of retrieved docs (100) is smaller than largest topk for recall score (200)
WARNING:src.hipporag.evaluation.retrieval_eval:Length of retrieved docs (100) is smaller than largest topk for recall score (200)
WARNING:src.hipporag.evaluation.retrieval_eval:Length of retrieved docs (100) is smaller than largest topk for recall score (200)
WARNING:src.hipporag.evaluation.retrieval_eval:Length of retrieved docs (100) is smaller than largest topk for recall score (200)
WARNING:src.hipporag.evaluation.retrieval_eval:Length of retrieved docs (100) is smaller than largest topk for recall score (200)
WARNING:src.hipporag.evaluation.retrieval_eval:Length of retrieved docs (100) is smaller than largest topk for recall score (200)
WARNING:src.hipporag.evaluation.retrieval_eval:Length of retrieved docs (100) is smaller than largest topk for recall score (200)
WARNING:src.hipporag.evaluation.retrieval_eval:Length of retrieved docs (100) is smaller than largest topk for recall score (200)
WARNING:src.hipporag.evaluation.retrieval_eval:Length of retrieved docs (100) is smaller than largest topk for recall score (200)
WARNING:src.hipporag.evaluation.retrieval_eval:Length of retrieved docs (100) is smaller than largest topk for recall score (200)
WARNING:src.hipporag.evaluation.retrieval_eval:Length of retrieved docs (100) is smaller than largest topk for recall score (200)
WARNING:src.hipporag.evaluation.retrieval_eval:Length of retrieved docs (100) is smaller than largest topk for recall score (200)
WARNING:src.hipporag.evaluation.retrieval_eval:Length of retrieved docs (100) is smaller than largest topk for recall score (200)
WARNING:src.hipporag.evaluation.retrieval_eval:Length of retrieved docs (100) is smaller than largest topk for recall score (200)
WARNING:src.hipporag.evaluation.retrieval_eval:Length of retrieved docs (100) is smaller than largest topk for recall score (200)
WARNING:src.hipporag.evaluation.retrieval_eval:Length of retrieved docs (100) is smaller than largest topk for recall score (200)
WARNING:src.hipporag.evaluation.retrieval_eval:Length of retrieved docs (100) is smaller than largest topk for recall score (200)
WARNING:src.hipporag.evaluation.retrieval_eval:Length of retrieved docs (100) is smaller than largest topk for recall score (200)
WARNING:src.hipporag.evaluation.retrieval_eval:Length of retrieved docs (100) is smaller than largest topk for recall score (200)
WARNING:src.hipporag.evaluation.retrieval_eval:Length of retrieved docs (100) is smaller than largest topk for recall score (200)
WARNING:src.hipporag.evaluation.retrieval_eval:Length of retrieved docs (100) is smaller than largest topk for recall score (200)
WARNING:src.hipporag.evaluation.retrieval_eval:Length of retrieved docs (100) is smaller than largest topk for recall score (200)
WARNING:src.hipporag.evaluation.retrieval_eval:Length of retrieved docs (100) is smaller than largest topk for recall score (200)
WARNING:src.hipporag.evaluation.retrieval_eval:Length of retrieved docs (100) is smaller than largest topk for recall score (200)
WARNING:src.hipporag.evaluation.retrieval_eval:Length of retrieved docs (100) is smaller than largest topk for recall score (200)
WARNING:src.hipporag.evaluation.retrieval_eval:Length of retrieved docs (100) is smaller than largest topk for recall score (200)
WARNING:src.hipporag.evaluation.retrieval_eval:Length of retrieved docs (100) is smaller than largest topk for recall score (200)
WARNING:src.hipporag.evaluation.retrieval_eval:Length of retrieved docs (100) is smaller than largest topk for recall score (200)
WARNING:src.hipporag.evaluation.retrieval_eval:Length of retrieved docs (100) is smaller than largest topk for recall score (200)
WARNING:src.hipporag.evaluation.retrieval_eval:Length of retrieved docs (100) is smaller than largest topk for recall score (200)
WARNING:src.hipporag.evaluation.retrieval_eval:Length of retrieved docs (100) is smaller than largest topk for recall score (200)
WARNING:src.hipporag.evaluation.retrieval_eval:Length of retrieved docs (100) is smaller than largest topk for recall score (200)
WARNING:src.hipporag.evaluation.retrieval_eval:Length of retrieved docs (100) is smaller than largest topk for recall score (200)
WARNING:src.hipporag.evaluation.retrieval_eval:Length of retrieved docs (100) is smaller than largest topk for recall score (200)
WARNING:src.hipporag.evaluation.retrieval_eval:Length of retrieved docs (100) is smaller than largest topk for recall score (200)
WARNING:src.hipporag.evaluation.retrieval_eval:Length of retrieved docs (100) is smaller than largest topk for recall score (200)
WARNING:src.hipporag.evaluation.retrieval_eval:Length of retrieved docs (100) is smaller than largest topk for recall score (200)
WARNING:src.hipporag.evaluation.retrieval_eval:Length of retrieved docs (100) is smaller than largest topk for recall score (200)
WARNING:src.hipporag.evaluation.retrieval_eval:Length of retrieved docs (100) is smaller than largest topk for recall score (200)
WARNING:src.hipporag.evaluation.retrieval_eval:Length of retrieved docs (100) is smaller than largest topk for recall score (200)
WARNING:src.hipporag.evaluation.retrieval_eval:Length of retrieved docs (100) is smaller than largest topk for recall score (200)
WARNING:src.hipporag.evaluation.retrieval_eval:Length of retrieved docs (100) is smaller than largest topk for recall score (200)
WARNING:src.hipporag.evaluation.retrieval_eval:Length of retrieved docs (100) is smaller than largest topk for recall score (200)
WARNING:src.hipporag.evaluation.retrieval_eval:Length of retrieved docs (100) is smaller than largest topk for recall score (200)
WARNING:src.hipporag.evaluation.retrieval_eval:Length of retrieved docs (100) is smaller than largest topk for recall score (200)
WARNING:src.hipporag.evaluation.retrieval_eval:Length of retrieved docs (100) is smaller than largest topk for recall score (200)
WARNING:src.hipporag.evaluation.retrieval_eval:Length of retrieved docs (100) is smaller than largest topk for recall score (200)
WARNING:src.hipporag.evaluation.retrieval_eval:Length of retrieved docs (100) is smaller than largest topk for recall score (200)
WARNING:src.hipporag.evaluation.retrieval_eval:Length of retrieved docs (100) is smaller than largest topk for recall score (200)
WARNING:src.hipporag.evaluation.retrieval_eval:Length of retrieved docs (100) is smaller than largest topk for recall score (200)
WARNING:src.hipporag.evaluation.retrieval_eval:Length of retrieved docs (100) is smaller than largest topk for recall score (200)
WARNING:src.hipporag.evaluation.retrieval_eval:Length of retrieved docs (100) is smaller than largest topk for recall score (200)
WARNING:src.hipporag.evaluation.retrieval_eval:Length of retrieved docs (100) is smaller than largest topk for recall score (200)
WARNING:src.hipporag.evaluation.retrieval_eval:Length of retrieved docs (100) is smaller than largest topk for recall score (200)
WARNING:src.hipporag.evaluation.retrieval_eval:Length of retrieved docs (100) is smaller than largest topk for recall score (200)
WARNING:src.hipporag.evaluation.retrieval_eval:Length of retrieved docs (100) is smaller than largest topk for recall score (200)
WARNING:src.hipporag.evaluation.retrieval_eval:Length of retrieved docs (100) is smaller than largest topk for recall score (200)
WARNING:src.hipporag.evaluation.retrieval_eval:Length of retrieved docs (100) is smaller than largest topk for recall score (200)
WARNING:src.hipporag.evaluation.retrieval_eval:Length of retrieved docs (100) is smaller than largest topk for recall score (200)
WARNING:src.hipporag.evaluation.retrieval_eval:Length of retrieved docs (100) is smaller than largest topk for recall score (200)
WARNING:src.hipporag.evaluation.retrieval_eval:Length of retrieved docs (100) is smaller than largest topk for recall score (200)
WARNING:src.hipporag.evaluation.retrieval_eval:Length of retrieved docs (100) is smaller than largest topk for recall score (200)
WARNING:src.hipporag.evaluation.retrieval_eval:Length of retrieved docs (100) is smaller than largest topk for recall score (200)
WARNING:src.hipporag.evaluation.retrieval_eval:Length of retrieved docs (100) is smaller than largest topk for recall score (200)
WARNING:src.hipporag.evaluation.retrieval_eval:Length of retrieved docs (100) is smaller than largest topk for recall score (200)
WARNING:src.hipporag.evaluation.retrieval_eval:Length of retrieved docs (100) is smaller than largest topk for recall score (200)
WARNING:src.hipporag.evaluation.retrieval_eval:Length of retrieved docs (100) is smaller than largest topk for recall score (200)
WARNING:src.hipporag.evaluation.retrieval_eval:Length of retrieved docs (100) is smaller than largest topk for recall score (200)
WARNING:src.hipporag.evaluation.retrieval_eval:Length of retrieved docs (100) is smaller than largest topk for recall score (200)
WARNING:src.hipporag.evaluation.retrieval_eval:Length of retrieved docs (100) is smaller than largest topk for recall score (200)
WARNING:src.hipporag.evaluation.retrieval_eval:Length of retrieved docs (100) is smaller than largest topk for recall score (200)
WARNING:src.hipporag.evaluation.retrieval_eval:Length of retrieved docs (100) is smaller than largest topk for recall score (200)
WARNING:src.hipporag.evaluation.retrieval_eval:Length of retrieved docs (100) is smaller than largest topk for recall score (200)
WARNING:src.hipporag.evaluation.retrieval_eval:Length of retrieved docs (100) is smaller than largest topk for recall score (200)
WARNING:src.hipporag.evaluation.retrieval_eval:Length of retrieved docs (100) is smaller than largest topk for recall score (200)
WARNING:src.hipporag.evaluation.retrieval_eval:Length of retrieved docs (100) is smaller than largest topk for recall score (200)
WARNING:src.hipporag.evaluation.retrieval_eval:Length of retrieved docs (100) is smaller than largest topk for recall score (200)
WARNING:src.hipporag.evaluation.retrieval_eval:Length of retrieved docs (100) is smaller than largest topk for recall score (200)
WARNING:src.hipporag.evaluation.retrieval_eval:Length of retrieved docs (100) is smaller than largest topk for recall score (200)
WARNING:src.hipporag.evaluation.retrieval_eval:Length of retrieved docs (100) is smaller than largest topk for recall score (200)
WARNING:src.hipporag.evaluation.retrieval_eval:Length of retrieved docs (100) is smaller than largest topk for recall score (200)
WARNING:src.hipporag.evaluation.retrieval_eval:Length of retrieved docs (100) is smaller than largest topk for recall score (200)
WARNING:src.hipporag.evaluation.retrieval_eval:Length of retrieved docs (100) is smaller than largest topk for recall score (200)
WARNING:src.hipporag.evaluation.retrieval_eval:Length of retrieved docs (100) is smaller than largest topk for recall score (200)
WARNING:src.hipporag.evaluation.retrieval_eval:Length of retrieved docs (100) is smaller than largest topk for recall score (200)
WARNING:src.hipporag.evaluation.retrieval_eval:Length of retrieved docs (100) is smaller than largest topk for recall score (200)
WARNING:src.hipporag.evaluation.retrieval_eval:Length of retrieved docs (100) is smaller than largest topk for recall score (200)
WARNING:src.hipporag.evaluation.retrieval_eval:Length of retrieved docs (100) is smaller than largest topk for recall score (200)
WARNING:src.hipporag.evaluation.retrieval_eval:Length of retrieved docs (100) is smaller than largest topk for recall score (200)
WARNING:src.hipporag.evaluation.retrieval_eval:Length of retrieved docs (100) is smaller than largest topk for recall score (200)
WARNING:src.hipporag.evaluation.retrieval_eval:Length of retrieved docs (100) is smaller than largest topk for recall score (200)
WARNING:src.hipporag.evaluation.retrieval_eval:Length of retrieved docs (100) is smaller than largest topk for recall score (200)
WARNING:src.hipporag.evaluation.retrieval_eval:Length of retrieved docs (100) is smaller than largest topk for recall score (200)
WARNING:src.hipporag.evaluation.retrieval_eval:Length of retrieved docs (100) is smaller than largest topk for recall score (200)
WARNING:src.hipporag.evaluation.retrieval_eval:Length of retrieved docs (100) is smaller than largest topk for recall score (200)
WARNING:src.hipporag.evaluation.retrieval_eval:Length of retrieved docs (100) is smaller than largest topk for recall score (200)
WARNING:src.hipporag.evaluation.retrieval_eval:Length of retrieved docs (100) is smaller than largest topk for recall score (200)
WARNING:src.hipporag.evaluation.retrieval_eval:Length of retrieved docs (100) is smaller than largest topk for recall score (200)
WARNING:src.hipporag.evaluation.retrieval_eval:Length of retrieved docs (100) is smaller than largest topk for recall score (200)
WARNING:src.hipporag.evaluation.retrieval_eval:Length of retrieved docs (100) is smaller than largest topk for recall score (200)
WARNING:src.hipporag.evaluation.retrieval_eval:Length of retrieved docs (100) is smaller than largest topk for recall score (200)
WARNING:src.hipporag.evaluation.retrieval_eval:Length of retrieved docs (100) is smaller than largest topk for recall score (200)
WARNING:src.hipporag.evaluation.retrieval_eval:Length of retrieved docs (100) is smaller than largest topk for recall score (200)
WARNING:src.hipporag.evaluation.retrieval_eval:Length of retrieved docs (100) is smaller than largest topk for recall score (200)
WARNING:src.hipporag.evaluation.retrieval_eval:Length of retrieved docs (100) is smaller than largest topk for recall score (200)
WARNING:src.hipporag.evaluation.retrieval_eval:Length of retrieved docs (100) is smaller than largest topk for recall score (200)
WARNING:src.hipporag.evaluation.retrieval_eval:Length of retrieved docs (100) is smaller than largest topk for recall score (200)
WARNING:src.hipporag.evaluation.retrieval_eval:Length of retrieved docs (100) is smaller than largest topk for recall score (200)
WARNING:src.hipporag.evaluation.retrieval_eval:Length of retrieved docs (100) is smaller than largest topk for recall score (200)
WARNING:src.hipporag.evaluation.retrieval_eval:Length of retrieved docs (100) is smaller than largest topk for recall score (200)
WARNING:src.hipporag.evaluation.retrieval_eval:Length of retrieved docs (100) is smaller than largest topk for recall score (200)
WARNING:src.hipporag.evaluation.retrieval_eval:Length of retrieved docs (100) is smaller than largest topk for recall score (200)
WARNING:src.hipporag.evaluation.retrieval_eval:Length of retrieved docs (100) is smaller than largest topk for recall score (200)
WARNING:src.hipporag.evaluation.retrieval_eval:Length of retrieved docs (100) is smaller than largest topk for recall score (200)
WARNING:src.hipporag.evaluation.retrieval_eval:Length of retrieved docs (100) is smaller than largest topk for recall score (200)
WARNING:src.hipporag.evaluation.retrieval_eval:Length of retrieved docs (100) is smaller than largest topk for recall score (200)
WARNING:src.hipporag.evaluation.retrieval_eval:Length of retrieved docs (100) is smaller than largest topk for recall score (200)
WARNING:src.hipporag.evaluation.retrieval_eval:Length of retrieved docs (100) is smaller than largest topk for recall score (200)
WARNING:src.hipporag.evaluation.retrieval_eval:Length of retrieved docs (100) is smaller than largest topk for recall score (200)
WARNING:src.hipporag.evaluation.retrieval_eval:Length of retrieved docs (100) is smaller than largest topk for recall score (200)
WARNING:src.hipporag.evaluation.retrieval_eval:Length of retrieved docs (100) is smaller than largest topk for recall score (200)
WARNING:src.hipporag.evaluation.retrieval_eval:Length of retrieved docs (100) is smaller than largest topk for recall score (200)
WARNING:src.hipporag.evaluation.retrieval_eval:Length of retrieved docs (100) is smaller than largest topk for recall score (200)
WARNING:src.hipporag.evaluation.retrieval_eval:Length of retrieved docs (100) is smaller than largest topk for recall score (200)
WARNING:src.hipporag.evaluation.retrieval_eval:Length of retrieved docs (100) is smaller than largest topk for recall score (200)
WARNING:src.hipporag.evaluation.retrieval_eval:Length of retrieved docs (100) is smaller than largest topk for recall score (200)
WARNING:src.hipporag.evaluation.retrieval_eval:Length of retrieved docs (100) is smaller than largest topk for recall score (200)
WARNING:src.hipporag.evaluation.retrieval_eval:Length of retrieved docs (100) is smaller than largest topk for recall score (200)
WARNING:src.hipporag.evaluation.retrieval_eval:Length of retrieved docs (100) is smaller than largest topk for recall score (200)
WARNING:src.hipporag.evaluation.retrieval_eval:Length of retrieved docs (100) is smaller than largest topk for recall score (200)
WARNING:src.hipporag.evaluation.retrieval_eval:Length of retrieved docs (100) is smaller than largest topk for recall score (200)
WARNING:src.hipporag.evaluation.retrieval_eval:Length of retrieved docs (100) is smaller than largest topk for recall score (200)
WARNING:src.hipporag.evaluation.retrieval_eval:Length of retrieved docs (100) is smaller than largest topk for recall score (200)
WARNING:src.hipporag.evaluation.retrieval_eval:Length of retrieved docs (100) is smaller than largest topk for recall score (200)
WARNING:src.hipporag.evaluation.retrieval_eval:Length of retrieved docs (100) is smaller than largest topk for recall score (200)
WARNING:src.hipporag.evaluation.retrieval_eval:Length of retrieved docs (100) is smaller than largest topk for recall score (200)
WARNING:src.hipporag.evaluation.retrieval_eval:Length of retrieved docs (100) is smaller than largest topk for recall score (200)
WARNING:src.hipporag.evaluation.retrieval_eval:Length of retrieved docs (100) is smaller than largest topk for recall score (200)
WARNING:src.hipporag.evaluation.retrieval_eval:Length of retrieved docs (100) is smaller than largest topk for recall score (200)
WARNING:src.hipporag.evaluation.retrieval_eval:Length of retrieved docs (100) is smaller than largest topk for recall score (200)
WARNING:src.hipporag.evaluation.retrieval_eval:Length of retrieved docs (100) is smaller than largest topk for recall score (200)
WARNING:src.hipporag.evaluation.retrieval_eval:Length of retrieved docs (100) is smaller than largest topk for recall score (200)
WARNING:src.hipporag.evaluation.retrieval_eval:Length of retrieved docs (100) is smaller than largest topk for recall score (200)
WARNING:src.hipporag.evaluation.retrieval_eval:Length of retrieved docs (100) is smaller than largest topk for recall score (200)
WARNING:src.hipporag.evaluation.retrieval_eval:Length of retrieved docs (100) is smaller than largest topk for recall score (200)
WARNING:src.hipporag.evaluation.retrieval_eval:Length of retrieved docs (100) is smaller than largest topk for recall score (200)
WARNING:src.hipporag.evaluation.retrieval_eval:Length of retrieved docs (100) is smaller than largest topk for recall score (200)
WARNING:src.hipporag.evaluation.retrieval_eval:Length of retrieved docs (100) is smaller than largest topk for recall score (200)
WARNING:src.hipporag.evaluation.retrieval_eval:Length of retrieved docs (100) is smaller than largest topk for recall score (200)
WARNING:src.hipporag.evaluation.retrieval_eval:Length of retrieved docs (100) is smaller than largest topk for recall score (200)
WARNING:src.hipporag.evaluation.retrieval_eval:Length of retrieved docs (100) is smaller than largest topk for recall score (200)
WARNING:src.hipporag.evaluation.retrieval_eval:Length of retrieved docs (100) is smaller than largest topk for recall score (200)
WARNING:src.hipporag.evaluation.retrieval_eval:Length of retrieved docs (100) is smaller than largest topk for recall score (200)
{
  "output_json": "/mnt/nvme/code/HippoRAG/run_logs/daec_selective_titleuniq_proprag_full1000_20260506/musique_proprag_wiki_title_daec_selective_titleuniq_full1000.json",
  "overall_recomputed": {
    "Recall@1": 0.3186,
    "Recall@2": 0.5201,
    "Recall@5": 0.7131,
    "Recall@10": 0.8156,
    "Recall@20": 0.8942,
    "Recall@30": 0.9212,
    "Recall@50": 0.9387,
    "Recall@100": 0.9677,
    "Recall@150": 0.9677,
    "Recall@200": 0.9677,
    "ExactMatch": 0.33,
    "F1": 0.42663583622260093,
    "num_queries": 1000
  },
  "causal_slice": {
    "Recall@1": 0.3167,
    "Recall@2": 0.525,
    "Recall@5": 0.6917,
    "Recall@10": 0.775,
    "Recall@20": 0.8917,
    "Recall@30": 0.95,
    "Recall@50": 0.95,
    "Recall@100": 0.975,
    "Recall@150": 0.975,
    "Recall@200": 0.975,
    "ExactMatch": 0.0,
    "F1": 0.35,
    "num_queries": 10
  },
  "nonempty_subgraph_slice": {
    "num_queries": 0
  },
  "v2_metrics": {},
  "setwise_selector_qa": {
    "selector": "daec_noisyor_selective_titleuniq",
    "score_mode": "bridge",
    "pool_k": 100,
    "anchor_count": 2,
    "reserve_top_m": 2,
    "max_bridge_slots": 0,
    "structure_max_hops": 2,
    "base_weight": 0.25,
    "structure_weight": 0.6,
    "novelty_weight": 0.15,
    "non_anchor_title_dedup": false,
    "query_entity_source": "seed",
    "gate_mode": "none",
    "gate_min_structure_score": 0.15,
    "gate_min_combined_margin": 0.0,
    "gate_min_closure_score": 0.0,
    "gate_min_novelty_score": 0.0,
    "gate_min_frontier_gain": 0.0,
    "gate_min_path_coherence": 0.0,
    "gate_max_avg_local_structure": 0.95,
    "gate_min_suffix_base_mean": 0.15,
    "reader_order_probe_mode": "none",
    "beam_width": 4,
    "beam_expand_per_state": 4,
    "beam_projected_shortlist_factor": 1,
    "late_rerank_enabled": false,
    "late_rerank_candidate_count": 4,
    "late_rerank_include_baseline": true,
    "late_rerank_doc_char_limit": 280,
    "late_rerank_policy": "always",
    "late_rerank_max_state_score_gap": 0.0,
    "late_rerank_judge_backend": "inherit",
    "late_rerank_judge_model": "qwen3-8b-train",
    "late_rerank_judge_base_url": "http://localhost:8043/v1",
    "late_rerank_judge_reasoning_effort": null,
    "state_score_weights": {
      "path_connectivity": 0.3,
      "reachable_doc_ratio": 0.2,
      "query_reachability": 0.15,
      "support_mean": 0.05,
      "support_min": 0.05,
      "closure_mean": 0.1,
      "suffix_base_mean": 0.05,
      "query_coverage": 0.1,
      "frontier_ratio": 0.05,
      "redundancy_penalty": 0.1
    },
    "setwise_model_path": null,
    "setwise_requirement_cache_path": null,
    "setwise_requirement_mode": "oracle",
    "setwise_requirement_model_path": null,
    "setwise_requirement_reserve_policy": "fixed",
    "setwise_requirement_annotation_pool_k": 50,
    "setwise_requirement_smooth_tau": 0.15,
    "setwise_requirement_counterfactual_tau": 0.1,
    "setwise_requirement_live_annotation_pool_k": 0,
    "setwise_requirement_live_annotation_score_mode": "heuristic",
    "setwise_requirement_live_atomic_model_path": null,
    "setwise_requirement_live_source_expand_factor": 0,
    "setwise_requirement_exposure_watch_titles": [
      "Riverside Plaza",
      "Minneapolis",
      "Mississippi River",
      "The Right Stuff Records",
      "Sony Music"
    ],
    "setwise_requirement_probe_force_source_titles": [],
    "setwise_requirement_probe_force_shortlist_titles": [],
    "setwise_requirement_probe_force_final_titles": [],
    "setwise_requirement_probe_force_pool_gold_into_final": false,
    "setwise_requirement_probe_source_sort_mode": "combined",
    "setwise_requirement_probe_source_support_gain_weight": 0.0,
    "setwise_requirement_probe_shortlist_sort_mode": "margin_first",
    "setwise_requirement_probe_bridge_bonus_mode": "off",
    "setwise_requirement_probe_bridge_bonus_weight": 0.0,
    "selector_EM": 0.353,
    "selector_F1": 0.4548,
    "baseline_EM": 0.33,
    "baseline_F1": 0.4266,
    "EM_delta": 0.023,
    "F1_delta": 0.0282,
    "selector_retrieval_metrics": {
      "Recall@1": 0.2333,
      "Recall@2": 0.5053,
      "Recall@5": 0.7469,
      "Recall@10": 0.8464,
      "Recall@20": 0.9054
    },
    "per_bucket": {
      "2_doc": {
        "count": 518,
        "baseline_EM": 0.4189,
        "selector_EM": 0.4402,
        "EM_delta": 0.0212,
        "baseline_F1": 0.5321,
        "selector_F1": 0.5525,
        "F1_delta": 0.0203
      },
      "3_doc": {
        "count": 316,
        "baseline_EM": 0.2753,
        "selector_EM": 0.3006,
        "EM_delta": 0.0253,
        "baseline_F1": 0.3463,
        "selector_F1": 0.3889,
        "F1_delta": 0.0425
      },
      "4_doc": {
        "count": 166,
        "baseline_EM": 0.1566,
        "selector_EM": 0.1807,
        "EM_delta": 0.0241,
        "baseline_F1": 0.2503,
        "selector_F1": 0.2755,
        "F1_delta": 0.0252
      }
    },
    "selector_summary": {
      "selector": "daec_noisyor_selective_titleuniq",
      "score_mode": "bridge",
      "avg_mapped_pool_doc_count": 100.0,
      "avg_seed_entity_count": 5.348,
      "avg_selected_structured_doc_count": 4.968,
      "reserve_top_m": 2,
      "max_bridge_slots": 0,
      "non_anchor_title_dedup": false,
      "query_entity_source": "seed",
      "gate_mode": "none",
      "gate_min_structure_score": 0.15,
      "gate_min_combined_margin": 0.0,
      "gate_min_closure_score": 0.0,
      "gate_min_novelty_score": 0.0,
      "gate_min_frontier_gain": 0.0,
      "gate_min_path_coherence": 0.0,
      "gate_max_avg_local_structure": 0.95,
      "gate_min_suffix_base_mean": 0.15,
      "reader_order_probe_mode": "none",
      "reader_order_probe_apply_count": 0,
      "reader_order_probe_skip_count": 0,
      "reader_order_probe_reason_counts": {},
      "gate_apply_count": 0,
      "gate_skip_count": 0,
      "gate_reason_counts": {},
      "saturation_guard_apply_count": 0,
      "saturation_guard_skip_count": 0,
      "late_rerank_enabled": false,
      "late_rerank_apply_count": 0,
      "late_rerank_override_count": 0,
      "late_rerank_block_count": 0,
      "late_rerank_parse_failure_count": 0,
      "late_rerank_error_count": 0,
      "late_rerank_policy": "always",
      "late_rerank_max_state_score_gap": 0.0,
      "beam_width": 4,
      "beam_expand_per_state": 4,
      "beam_projected_shortlist_factor": 1,
      "beam_projection_eval_count": 0,
      "beam_projection_extra_eval_count": 0,
      "beam_projection_rescue_count": 0,
      "beam_projection_changed_query_count": 0,
      "beam_projection_max_selected_rank": 0,
      "examples_preview": [
        {
          "question": "When was the person who Messi's goals in Copa del Rey compared to get signed by Barcelona?",
          "selected_titles": [
            "FC Barcelona",
            "FC Barcelona",
            "List of international goals scored by Lionel Messi",
            "FC Barcelona",
            "Iker Muniain"
          ],
          "seed_entities_preview": [
            "copa catalunya",
            "copa del rey",
            "diego maradona s goal of the century",
            "fc barcelona",
            "lionel messi",
            "messi",
            "messi s goal"
          ],
          "question_entities_preview": [
            "barcelona",
            "barcelona b",
            "barcelona f c",
            "copa del rey",
            "f c barcelona",
            "goal",
            "messi",
            "messi s goal"
          ],
          "grounded_question_entities_preview": [
            "barcelona",
            "barcelona b",
            "copa del rey",
            "messi",
            "messi s goal"
          ],
          "proposal_query_entities_preview": [
            "copa catalunya",
            "copa del rey",
            "diego maradona s goal of the century",
            "fc barcelona",
            "lionel messi",
            "messi",
            "messi s goal"
          ],
          "query_entities_preview": [
            "copa catalunya",
            "copa del rey",
            "diego maradona s goal of the century",
            "fc barcelona",
            "lionel messi",
            "messi",
            "messi s goal"
          ],
          "selection_steps": [
            {
              "step": 1,
              "mode": "daec_noisyor_greedy",
              "pool_position": 0,
              "title": "FC Barcelona",
              "objective_gain": 0.843526,
              "objective": 0.843526,
              "coverage_gain": 0.843526,
              "graph_prior": 0.0,
              "graph_prior_gain": 0.0,
              "effective_gain": 0.843526,
              "effective_objective": 0.843526,
              "coverage_by_requirement": {
                "s1": 0.894128,
                "s2": 0.792923
              }
            },
            {
              "step": 2,
              "mode": "daec_noisyor_greedy",
              "pool_position": 1,
              "title": "FC Barcelona",
              "objective_gain": 0.133517,
              "objective": 0.977042,
              "coverage_gain": 0.133517,
              "graph_prior": 0.0,
              "graph_prior_gain": 0.0,
              "effective_gain": 0.133517,
              "effective_objective": 0.977042,
              "coverage_by_requirement": {
                "s1": 0.954085,
                "s2": 1.0
              }
            },
            {
              "step": 3,
              "mode": "daec_noisyor_greedy",
              "pool_position": 13,
              "title": "List of international goals scored by Lionel Messi",
              "objective_gain": 0.022958,
              "objective": 1.0,
              "coverage_gain": 0.022958,
              "graph_prior": 0.0,
              "graph_prior_gain": 0.0,
              "effective_gain": 0.022958,
              "effective_objective": 1.0,
              "coverage_by_requirement": {
                "s1": 1.0,
                "s2": 1.0
              }
            }
          ]
        },
        {
          "question": "What month did the Tripartite discussions begin between Britain, France, and the country where, despite being headquartered in the nation called the nobilities commonwealth, the top-ranking Warsaw Pact operatives originated?",
          "selected_titles": [
            "Warsaw Pact",
            "Soviet Union in World War II",
            "Molotov–Ribbentrop Pact",
            "Szlachta",
            "Warsaw Pact"
          ],
          "seed_entities_preview": [
            "central and eastern europe",
            "june",
            "molotov ribbentrop pact",
            "mongolian people s republic",
            "warsaw pact"
          ],
          "question_entities_preview": [
            "britain",
            "country",
            "france",
            "king",
            "warsaw",
            "warsaw i",
            "warsaw pact",
            "warsaw pact country"
          ],
          "grounded_question_entities_preview": [
            "britain",
            "france",
            "warsaw",
            "warsaw pact"
          ],
          "proposal_query_entities_preview": [
            "central and eastern europe",
            "june",
            "molotov ribbentrop pact",
            "mongolian people s republic",
            "warsaw pact"
          ],
          "query_entities_preview": [
            "central and eastern europe",
            "june",
            "molotov ribbentrop pact",
            "mongolian people s republic",
            "warsaw pact"
          ],
          "selection_steps": [
            {
              "step": 1,
              "mode": "daec_noisyor_greedy",
              "pool_position": 0,
              "title": "Warsaw Pact",
              "objective_gain": 0.502852,
              "objective": 0.502852,
              "coverage_gain": 0.502852,
              "graph_prior": 0.0,
              "graph_prior_gain": 0.0,
              "effective_gain": 0.502852,
              "effective_objective": 0.502852,
              "coverage_by_requirement": {
                "s1": 0.788551,
                "s2": 1.0,
                "s3": 0.222856,
                "s4": 0.0
              }
            },
            {
              "step": 2,
              "mode": "daec_noisyor_greedy",
              "pool_position": 23,
              "title": "Soviet Union in World War II",
              "objective_gain": 0.277009,
              "objective": 0.77986,
              "coverage_gain": 0.277009,
              "graph_prior": 0.0,
              "graph_prior_gain": 0.0,
              "effective_gain": 0.277009,
              "effective_objective": 0.77986,
              "coverage_by_requirement": {
                "s1": 0.80888,
                "s2": 1.0,
                "s3": 0.544242,
                "s4": 0.766319
              }
            },
            {
              "step": 3,
              "mode": "daec_noisyor_greedy",
              "pool_position": 1,
              "title": "Molotov–Ribbentrop Pact",
              "objective_gain": 0.129799,
              "objective": 0.90966,
              "coverage_gain": 0.129799,
              "graph_prior": 0.0,
              "graph_prior_gain": 0.0,
              "effective_gain": 0.129799,
              "effective_objective": 0.90966,
              "coverage_by_requirement": {
                "s1": 0.872319,
                "s2": 1.0,
                "s3": 1.0,
                "s4": 0.766319
              }
            },
            {
              "step": 4,
              "mode": "daec_noisyor_greedy",
              "pool_position": 85,
              "title": "Szlachta",
              "objective_gain": 0.03192,
              "objective": 0.94158,
              "coverage_gain": 0.03192,
              "graph_prior": 0.0,
              "graph_prior_gain": 0.0,
              "effective_gain": 0.03192,
              "effective_objective": 0.94158,
              "coverage_by_requirement": {
                "s1": 1.0,
                "s2": 1.0,
                "s3": 1.0,
                "s4": 0.766319
              }
            }
          ]
        },
        {
          "question": "What county is Erik Hort's birthplace a part of?",
          "selected_titles": [
            "Montebello, New York",
            "Erik Hort",
            "Niels Juel",
            "Phillip Buffington",
            "Ingmar Bergman"
          ],
          "seed_entities_preview": [
            "american",
            "aremark",
            "erik hort",
            "eyolf soot"
          ],
          "question_entities_preview": [
            "aroostook county",
            "count",
            "county",
            "county of lithuania",
            "county seat of ramsey county",
            "erik hort",
            "historic county of quebec",
            "montezuma county"
          ],
          "grounded_question_entities_preview": [
            "county seat of ramsey county",
            "erik hort",
            "historic county of quebec"
          ],
          "proposal_query_entities_preview": [
            "american",
            "aremark",
            "erik hort",
            "eyolf soot"
          ],
          "query_entities_preview": [
            "american",
            "aremark",
            "erik hort",
            "eyolf soot"
          ],
          "selection_steps": [
            {
              "step": 1,
              "mode": "daec_noisyor_greedy",
              "pool_position": 8,
              "title": "Montebello, New York",
              "objective_gain": 0.564597,
              "objective": 0.564597,
              "coverage_gain": 0.564597,
              "graph_prior": 0.0,
              "graph_prior_gain": 0.0,
              "effective_gain": 0.564597,
              "effective_objective": 0.564597,
              "coverage_by_requirement": {
                "s1": 0.129194,
                "s2": 1.0
              }
            },
            {
              "step": 2,
              "mode": "daec_noisyor_greedy",
              "pool_position": 0,
              "title": "Erik Hort",
              "objective_gain": 0.435403,
              "objective": 1.0,
              "coverage_gain": 0.435403,
              "graph_prior": 0.0,
              "graph_prior_gain": 0.0,
              "effective_gain": 0.435403,
              "effective_objective": 1.0,
              "coverage_by_requirement": {
                "s1": 1.0,
                "s2": 1.0
              }
            }
          ]
        },
        {
          "question": "What year did the publisher of Labyrinth end?",
          "selected_titles": [
            "Acornsoft",
            "Labyrinth (1984 video game)",
            "Starship Command",
            "The Devil's Labyrinth",
            "Spectrum HoloByte"
          ],
          "seed_entities_preview": [
            "1943",
            "1984",
            "acornsoft",
            "ballantine books",
            "labyrinth",
            "little house on the prairie",
            "the devil s labyrinth"
          ],
          "question_entities_preview": [
            "birth of the federation",
            "book of the millennium",
            "labyrinth",
            "lack of publisher",
            "publisher",
            "the devil s labyrinth",
            "the end of the little house books",
            "what katy did"
          ],
          "grounded_question_entities_preview": [
            "labyrinth",
            "the devil s labyrinth",
            "the end of the little house books",
            "what katy did"
          ],
          "proposal_query_entities_preview": [
            "1943",
            "1984",
            "acornsoft",
            "ballantine books",
            "labyrinth",
            "little house on the prairie",
            "the devil s labyrinth"
          ],
          "query_entities_preview": [
            "1943",
            "1984",
            "acornsoft",
            "ballantine books",
            "labyrinth",
            "little house on the prairie",
            "the devil s labyrinth"
          ],
          "selection_steps": [
            {
              "step": 1,
              "mode": "daec_noisyor_greedy",
              "pool_position": 0,
              "title": "Acornsoft",
              "objective_gain": 0.691855,
              "objective": 0.691855,
              "coverage_gain": 0.691855,
              "graph_prior": 0.0,
              "graph_prior_gain": 0.0,
              "effective_gain": 0.691855,
              "effective_objective": 0.691855,
              "coverage_by_requirement": {
                "s1": 0.38371,
                "s2": 1.0
              }
            },
            {
              "step": 2,
              "mode": "daec_noisyor_greedy",
              "pool_position": 1,
              "title": "Labyrinth (1984 video game)",
              "objective_gain": 0.308145,
              "objective": 1.0,
              "coverage_gain": 0.308145,
              "graph_prior": 0.0,
              "graph_prior_gain": 0.0,
              "effective_gain": 0.308145,
              "effective_objective": 1.0,
              "coverage_by_requirement": {
                "s1": 1.0,
                "s2": 1.0
              }
            }
          ]
        },
        {
          "question": "When was Lady Godiva's birthplace abolished?",
          "selected_titles": [
            "Lordship of Frisia",
            "Spalding Priory",
            "List of governors-general of India",
            "Pyrgiotissa",
            "Cuthred of Kent"
          ],
          "seed_entities_preview": [
            "1560",
            "1795",
            "2006",
            "by",
            "church of rome",
            "lordship of frisia",
            "pyrgiotissa"
          ],
          "question_entities_preview": [
            "frances crewe lady crewe",
            "godiva",
            "lady anne de grey",
            "lady godiva rides again",
            "lady liberty",
            "lady of the angels",
            "mary was and remained a virgin",
            "second lady of the mercians"
          ],
          "grounded_question_entities_preview": [
            "godiva",
            "second lady of the mercians"
          ],
          "proposal_query_entities_preview": [
            "1560",
            "1795",
            "2006",
            "by",
            "church of rome",
            "lordship of frisia",
            "pyrgiotissa"
          ],
          "query_entities_preview": [
            "1560",
            "1795",
            "2006",
            "by",
            "church of rome",
            "lordship of frisia",
            "pyrgiotissa"
          ],
          "selection_steps": [
            {
              "step": 1,
              "mode": "daec_noisyor_greedy",
              "pool_position": 3,
              "title": "Lordship of Frisia",
              "objective_gain": 0.723287,
              "objective": 0.723287,
              "coverage_gain": 0.723287,
              "graph_prior": 0.0,
              "graph_prior_gain": 0.0,
              "effective_gain": 0.723287,
              "effective_objective": 0.723287,
              "coverage_by_requirement": {
                "s1": 0.446574,
                "s2": 1.0
              }
            },
            {
              "step": 2,
              "mode": "daec_noisyor_greedy",
              "pool_position": 5,
              "title": "Spalding Priory",
              "objective_gain": 0.276713,
              "objective": 1.0,
              "coverage_gain": 0.276713,
              "graph_prior": 0.0,
              "graph_prior_gain": 0.0,
              "effective_gain": 0.276713,
              "effective_objective": 1.0,
              "coverage_by_requirement": {
                "s1": 1.0,
                "s2": 1.0
              }
            }
          ]
        }
      ],
      "dtc_max_steps": 4,
      "dtc_match_threshold": 0.35,
      "dtc_redundancy_weight": 0.1,
      "dtc_base_weight": 0.05,
      "dtc_rank_weight": 0.0,
      "dtc_anchor_bonus_weight": 0.1,
      "dtc_dependency_bonus_weight": 0.1,
      "dtc_max_completion_tokens": 512,
      "dtc_decomposition_mode": "llm",
      "dtc_include_satisfiable_by": false,
      "dtc_enforce_dependencies": true,
      "dtc_require_new_crossing": false,
      "dtc_demand_gate_enabled": false,
      "dtc_demand_gate_alpha": 1.0,
      "dtc_repairable_filter_enabled": false,
      "dtc_satisfiable_by_policy": "binding_override",
      "dtc_demand_gate_preserve_count": 0,
      "avg_dtc_baseline_demand_satisfaction_rate": 0.0,
      "dtc_ser_enabled": false,
      "dtc_ser_lambda0": 1.0,
      "dtc_ser_anchor_binding_enabled": false,
      "dtc_enable_dependency_binding": false,
      "dtc_binding_max_candidates": 5,
      "dtc_binding_entity_hit_required": true,
      "dtc_parse_success_count": 996,
      "dtc_fallback_count": 4,
      "avg_dtc_requirement_count": 2.496,
      "avg_dtc_covered_requirement_rate": 1.0,
      "avg_dtc_embedding_available_requirement_count": 2.496,
      "daec_main_objective": "frozen_binding_noisy_or",
      "daec_binding_top_m": 5,
      "daec_binding_mode": "llm",
      "daec_llm_binding_title_match_mode": "wiki_title",
      "daec_safe_projection": false,
      "daec_safe_min_objective_gain": 0.02,
      "daec_safe_min_swap_gain": 0.01,
      "daec_safe_max_swaps": 2,
      "daec_safe_preserve_top_m": 1,
      "daec_safe_retriever_margin_threshold": 1.01,
      "daec_safe_retriever_rank_penalty": 0.0,
      "daec_graph_prior_beta": 0.0,
      "daec_graph_prior_w_selected": 1.0,
      "daec_graph_prior_w_anchor": 0.3,
      "daec_graph_prior_w_rank": 0.2,
      "daec_llm_binding_type_filter": false,
      "daec_soft_compat_body_weight": 0.0,
      "daec_binding_grounding_enabled": false,
      "daec_swap_refinement": false,
      "daec_swap_min_gain": 0.001,
      "daec_selective_title_unique_threshold": 0.88,
      "llm_binding_cache_path": "/mnt/nvme/code/HippoRAG/run_logs/daec_selective_titleuniq_proprag_full1000_20260506/musique_proprag_wiki_title_daec_selective_titleuniq_full1000.binding_cache.json",
      "llm_binding_cache_size": 6724,
      "llm_binding_total_attempts": 7385,
      "llm_binding_total_calls": 0,
      "llm_binding_total_cache_hits": 7385,
      "llm_binding_total_successes": 0,
      "llm_binding_total_failures": 0,
      "llm_binding_total_empty_entity_responses": 0,
      "llm_binding_total_prompt_tokens": 0,
      "llm_binding_total_completion_tokens": 0,
      "llm_binding_total_tokens": 0,
      "llm_binding_total_latency_s": 0.0,
      "llm_binding_avg_attempts_per_query": 7.38,
      "llm_binding_avg_calls_per_query": 0.0,
      "llm_binding_avg_latency_per_query_s": 0.0,
      "llm_binding_median_attempts_per_query": 5.0,
      "llm_binding_median_calls_per_query": 0.0,
      "llm_binding_median_latency_per_query_s": 0.0
    }
  },
  "external_pool": {
    "enabled": true,
    "path": "/mnt/nvme/code/HippoRAG/run_logs/proprag_pool_exports_full1000_20260424/musique_pool100.json",
    "source": "proprag_pool100",
    "dataset": "musique",
    "records_loaded": 1000,
    "records_available": 1000,
    "pool_k_payload": 100,
    "min_pool_size": 100,
    "max_pool_size": 100,
    "mean_pool_size": 100.0,
    "total_pool_docs": 100000,
    "exact_doc_text_match_count": 100000,
    "title_fallback_match_count": 0,
    "unmatched_doc_count": 0,
    "question_mismatch_count": 0,
    "query_idx_mismatch_count": 0,
    "payload_retrieval": {
      "recomputed_title_recall": {
        "Recall@5": 0.7372,
        "Recall@20": 0.9007,
        "Recall@100": 0.9689
      },
      "proprag_metrics": {
        "Recall@1": 0.3186,
        "Recall@2": 0.5201,
        "Recall@3": 0.6159,
        "Recall@4": 0.6699,
        "Recall@5": 0.7131,
        "Recall@10": 0.8156,
        "Recall@20": 0.8942,
        "Recall@30": 0.9212,
        "Recall@50": 0.9387,
        "Recall@100": 0.9677,
        "Recall@150": 0.9677,
        "Recall@200": 0.9677
      }
    }
  }
}
