dataset,base_dataset,query_index,question,gold_title,source_best_gold_rank,best_probe_rank,rank_improvement,baseline_hit_at_3,baseline_hit_at_5,baseline_hit_at_10,baseline_hit_at_20,probe_hit_at_3,probe_hit_at_5,probe_hit_at_10,probe_hit_at_20,new_hit_at_3,new_hit_at_5,new_hit_at_10,new_hit_at_20,best_probe_score,best_probe_entity,best_probe_reason,best_requirement_id,best_requirement_subquery,best_upstream_position,best_upstream_title,best_support_span,failure_reason,entity_outputs_json
MuSiQue,musique,24,Who is the child of the Italian navigator who explored the eastern coast of the continent César Gaytan was born in for the English?,Paula Santiago,18,32,-14,0,0,0,1,0,0,0,0,0,0,0,0,0.0,,,,,-1,,,no_positive_score_for_gold,"[{""query_index"": 24, ""entity"": ""Guadalajara, Jalisco, Mexico"", ""support_span"": ""César Gaytan (born July 15, 1993 in Guadalajara, Jalisco, Mexico)"", ""why"": ""The upstream document explicitly states that César Gaytan was born in Guadalajara, Jalisco, Mexico, which is the birthplace required for the dependent demand."", ""requirement_id"": ""s2"", ""requirement_subquery"": ""Which Italian navigator explored the eastern coast of that continent?"", ""upstream_position"": 0, ""upstream_title"": ""César Gaytan""}, {""query_index"": 24, ""entity"": ""John Cabot"", ""support_span"": ""He was the son of Italian explorer John Cabot (Giovanni Caboto) and his Venetian wife Mattea."", ""why"": ""The upstream document explicitly states that Sebastian Cabot was the son of John Cabot, making him the Italian navigator in question."", ""requirement_id"": ""s2"", ""requirement_subquery"": ""Which Italian navigator explored the eastern coast of that continent?"", ""upstream_position"": 1, ""upstream_title"": ""Sebastian Cabot (explorer)""}, {""query_index"": 24, ""entity"": ""John Cabot"", ""support_span"": ""John Cabot (Italian: Giovanni Caboto; c. 1450 -- c. 1500) was a Venetian navigator and explorer whose 1497 discovery of the coast of North America under the commission of Henry VII of England was the first European exploration of coastal North America since the Norse visits to Vinland in the eleventh century."", ""why"": ""The upstream document directly mentions John Cabot as the Italian navigator who explored the eastern coast of North America, which is the continent César Gaytan was born in."", ""requirement_id"": ""s2"", ""requirement_subquery"": ""Which Italian navigator explored the eastern coast of that continent?"", ""upstream_position"": 9, ""upstream_title"": ""John Cabot""}, {""query_index"": 24, ""entity"": ""John Cabot"", ""support_span"": ""John Cabot (Italian: Giovanni Caboto; c. 1450 -- c. 1500) was a Venetian navigator and explorer whose 1497 discovery of the coast of North America under the commission of Henry VII of England was the first European exploration of coastal North America since the Norse visits to Vinland in the eleventh century."", ""why"": ""The upstream document explicitly mentions John Cabot as the Italian navigator who explored the eastern coast of North America, which is the continent César Gaytan was born in as implied by the original question."", ""requirement_id"": ""s3"", ""requirement_subquery"": ""Who is the child of that Italian navigator?"", ""upstream_position"": 9, ""upstream_title"": ""John Cabot""}, {""query_index"": 24, ""entity"": ""John Cabot"", ""support_span"": ""He was the son of Italian explorer John Cabot (Giovanni Caboto) and his Venetian wife Mattea."", ""why"": ""The upstream document explicitly states that Sebastian Cabot was the son of John Cabot, making him the direct parent of the child in the dependent demand."", ""requirement_id"": ""s3"", ""requirement_subquery"": ""Who is the child of that Italian navigator?"", ""upstream_position"": 1, ""upstream_title"": ""Sebastian Cabot (explorer)""}, {""query_index"": 24, ""entity"": ""César Gaytan"", ""support_span"": ""César Gaytan (born July 15, 1993 in Guadalajara, Jalisco, Mexico) is an undefeated Mexican professional boxer in the Bantamweight division."", ""why"": ""The upstream document explicitly mentions César Gaytan, who is the subject of the original question."", ""requirement_id"": ""s3"", ""requirement_subquery"": ""Who is the child of that Italian navigator?"", ""upstream_position"": 0, ""upstream_title"": ""César Gaytan""}]"
MuSiQue,musique,28,Where did the arguer that the country Directive 10/2 called for actions against had become an imperialist power declare he would intervene in the Korean conflict?,Imperialism,7,5,2,0,0,1,1,0,0,1,1,0,0,0,0,55.0,USSR,body_substring,s2,Who is the arguer that the country referred to in Directive 10/2 called for actions against?,0,Central Intelligence Agency,Directive 10/2 calling for covert action against the USSR,top10_not_top5,"[{""query_index"": 28, ""entity"": ""USSR"", ""support_span"": ""Directive 10/2 calling for covert action against the USSR"", ""why"": ""The upstream document explicitly mentions the USSR as the target of Directive 10/2."", ""requirement_id"": ""s2"", ""requirement_subquery"": ""Who is the arguer that the country referred to in Directive 10/2 called for actions against?"", ""upstream_position"": 0, ""upstream_title"": ""Central Intelligence Agency""}, {""query_index"": 28, ""entity"": ""Yugoslavia"", ""support_span"": ""Yugoslavia–a possible Soviet target because of the Tito-Stalin Split—was vital to the defense of Italy and Greece, and the country was first on the list of the National Security Council's post-North Korea invasion list of \""chief danger spots\""."", ""why"": ""The upstream document explicitly mentions Yugoslavia as a possible Soviet target and a country of interest in the context of Directive 10/2, which is related to the Korean War."", ""requirement_id"": ""s2"", ""requirement_subquery"": ""Who is the arguer that the country referred to in Directive 10/2 called for actions against?"", ""upstream_position"": 1, ""upstream_title"": ""Korean War""}, {""query_index"": 28, ""entity"": ""Soviet Union"", ""support_span"": ""One of the main targets for intelligence gathering was the Soviet Union, which had also been a priority of the CIA's predecessors."", ""why"": ""The Soviet Union is explicitly mentioned as a target for intelligence gathering, which aligns with the context of Directive 10/2 calling for actions against it."", ""requirement_id"": ""s2"", ""requirement_subquery"": ""Who is the arguer that the country referred to in Directive 10/2 called for actions against?"", ""upstream_position"": 2, ""upstream_title"": ""Central Intelligence Agency""}, {""query_index"": 28, ""entity"": ""Frank Wisner"", ""support_span"": ""Frank Wisner, the head of the OPC, answered not to the CIA Director, but to the secretaries of defense, state, and the NSC, and the OPC's actions were a secret even from the head of the CIA."", ""why"": ""Frank Wisner is explicitly mentioned as the head of the OPC, which is directly related to the actions described in Directive 10/2."", ""requirement_id"": ""s3"", ""requirement_subquery"": ""Where did the arguer declare he would intervene in the Korean conflict?"", ""upstream_position"": 0, ""upstream_title"": ""Central Intelligence Agency""}, {""query_index"": 28, ""entity"": ""Yugoslavia"", ""support_span"": ""Yugoslavia–a possible Soviet target because of the Tito-Stalin Split—was vital to the defense of Italy and Greece, and the country was first on the list of the National Security Council's post-North Korea invasion list of \""chief danger spots\""."", ""why"": ""The text explicitly mentions Yugoslavia as a possible Soviet target and links it to the context of the Korean War, making it a relevant retrieval anchor for the dependent demand."", ""requirement_id"": ""s3"", ""requirement_subquery"": ""Where did the arguer declare he would intervene in the Korean conflict?"", ""upstream_position"": 1, ""upstream_title"": ""Korean War""}, {""query_index"": 28, ""entity"": ""Soviet Union"", ""support_span"": ""One of the main targets for intelligence gathering was the Soviet Union, which had also been a priority of the CIA's predecessors."", ""why"": ""The Soviet Union is explicitly mentioned as a target for intelligence gathering, which aligns with the context of Directive 10/2 and the arguer's actions against it."", ""requirement_id"": ""s3"", ""requirement_subquery"": ""Where did the arguer declare he would intervene in the Korean conflict?"", ""upstream_position"": 2, ""upstream_title"": ""Central Intelligence Agency""}]"
MuSiQue,musique,39,Who was second pick in the 1999 draft of the league that has a competition where they give out the MLB MVP award after it?,New York Yankees,51,25,26,0,0,0,0,0,0,0,0,0,0,0,0,55.0,Major League Baseball,body_substring,s2,Who was the second pick in the 1999 draft of that league?,1,Hart Memorial Trophy,"He has been named MVP more times than any other player in the history of the other three North American major professional leagues (Major League Baseball (MLB), National Basketball Association, and National Football League).",not_top20,"[{""query_index"": 39, ""entity"": ""Major League Baseball draft"", ""support_span"": ""Major League Baseball draft"", ""why"": ""The upstream document title directly refers to the draft in question, which is relevant to the dependent demand about the second pick in the 1999 draft."", ""requirement_id"": ""s2"", ""requirement_subquery"": ""Who was the second pick in the 1999 draft of that league?"", ""upstream_position"": 0, ""upstream_title"": ""Major League Baseball draft""}, {""query_index"": 39, ""entity"": ""Major League Baseball"", ""support_span"": ""He has been named MVP more times than any other player in the history of the other three North American major professional leagues (Major League Baseball (MLB), National Basketball Association, and National Football League)."", ""why"": ""The upstream document explicitly mentions Major League Baseball (MLB) as one of the three North American major professional leagues where the MVP award is given out, which directly supports the dependent demand for the league in question."", ""requirement_id"": ""s2"", ""requirement_subquery"": ""Who was the second pick in the 1999 draft of that league?"", ""upstream_position"": 1, ""upstream_title"": ""Hart Memorial Trophy""}, {""query_index"": 39, ""entity"": ""Major League Baseball draft"", ""support_span"": ""Major League Baseball draft"", ""why"": ""The upstream document title directly refers to the draft in question, which is relevant to the dependent demand about the second pick in the 1999 draft."", ""requirement_id"": ""s2"", ""requirement_subquery"": ""Who was the second pick in the 1999 draft of that league?"", ""upstream_position"": 2, ""upstream_title"": ""Major League Baseball draft""}]"
MuSiQue,musique,39,Who was second pick in the 1999 draft of the league that has a competition where they give out the MLB MVP award after it?,World Series,58,74,-16,0,0,0,0,0,0,0,0,0,0,0,0,6.0,Major League Baseball,body_token_overlap,s2,Who was the second pick in the 1999 draft of that league?,1,Hart Memorial Trophy,"He has been named MVP more times than any other player in the history of the other three North American major professional leagues (Major League Baseball (MLB), National Basketball Association, and National Football League).",not_top20,"[{""query_index"": 39, ""entity"": ""Major League Baseball draft"", ""support_span"": ""Major League Baseball draft"", ""why"": ""The upstream document title directly refers to the draft in question, which is relevant to the dependent demand about the second pick in the 1999 draft."", ""requirement_id"": ""s2"", ""requirement_subquery"": ""Who was the second pick in the 1999 draft of that league?"", ""upstream_position"": 0, ""upstream_title"": ""Major League Baseball draft""}, {""query_index"": 39, ""entity"": ""Major League Baseball"", ""support_span"": ""He has been named MVP more times than any other player in the history of the other three North American major professional leagues (Major League Baseball (MLB), National Basketball Association, and National Football League)."", ""why"": ""The upstream document explicitly mentions Major League Baseball (MLB) as one of the three North American major professional leagues where the MVP award is given out, which directly supports the dependent demand for the league in question."", ""requirement_id"": ""s2"", ""requirement_subquery"": ""Who was the second pick in the 1999 draft of that league?"", ""upstream_position"": 1, ""upstream_title"": ""Hart Memorial Trophy""}, {""query_index"": 39, ""entity"": ""Major League Baseball draft"", ""support_span"": ""Major League Baseball draft"", ""why"": ""The upstream document title directly refers to the draft in question, which is relevant to the dependent demand about the second pick in the 1999 draft."", ""requirement_id"": ""s2"", ""requirement_subquery"": ""Who was the second pick in the 1999 draft of that league?"", ""upstream_position"": 2, ""upstream_title"": ""Major League Baseball draft""}]"
MuSiQue,musique,55,When was the region immediately north of the region where Israel is located and the site of the most growth in desalination for agricultural use established?,Geography of Saudi Arabia,27,36,-9,0,0,0,0,0,0,0,0,0,0,0,0,55.0,Persian Gulf,body_substring,s3,When was the region identified in s1 established?,0,Water resources,The most extensive use is in the Persian Gulf.,not_top20,"[{""query_index"": 55, ""entity"": ""Persian Gulf"", ""support_span"": ""The most extensive use is in the Persian Gulf."", ""why"": ""The upstream document mentions the Persian Gulf as the region with the most extensive use of desalination, which is relevant to the dependent demand about the establishment of a region with significant desalination growth."", ""requirement_id"": ""s3"", ""requirement_subquery"": ""When was the region identified in s1 established?"", ""upstream_position"": 0, ""upstream_title"": ""Water resources""}, {""query_index"": 55, ""entity"": ""Lebanon"", ""support_span"": ""It shares land borders with Lebanon to the north"", ""why"": ""The upstream document explicitly states that Lebanon is the region immediately north of Israel."", ""requirement_id"": ""s3"", ""requirement_subquery"": ""When was the region identified in s1 established?"", ""upstream_position"": 1, ""upstream_title"": ""Israel""}, {""query_index"": 55, ""entity"": ""Najd"", ""support_span"": ""The Al Saud (the Saudi royal family) emerged as minor tribal rulers in Najd in central Arabia."", ""why"": ""The upstream document explicitly mentions Najd as the region where the Al Saud emerged, which is immediately north of Israel."", ""requirement_id"": ""s3"", ""requirement_subquery"": ""When was the region identified in s1 established?"", ""upstream_position"": 78, ""upstream_title"": ""History of Saudi Arabia""}, {""query_index"": 55, ""entity"": ""Persian Gulf"", ""support_span"": ""The most extensive use is in the Persian Gulf."", ""why"": ""The upstream document explicitly mentions the Persian Gulf as the region with the most extensive use of desalination, which implies it has the most growth in desalination for agricultural use."", ""requirement_id"": ""s4"", ""requirement_subquery"": ""When was the region identified in s2 established?"", ""upstream_position"": 0, ""upstream_title"": ""Water resources""}, {""query_index"": 55, ""entity"": ""Israel"", ""support_span"": ""Israel (/ˈɪzreɪəl/ or /ˈɪzriːəl/; Hebrew: יִשְׂרָאֵל‎ Yisrā'el; Arabic: إِسْرَائِيل‎ Isrāʼīl), officially the State of Israel (Hebrew: מְדִינַת יִשְׂרָאֵל‎ Medīnat Yisrā'el [mediˈnat jisʁaˈʔel] ( listen); Arabic: دولة إِسْرَائِيل‎ Dawlat Isrāʼīl [dawlat ʔisraːˈʔiːl]), is a sovereign state in Western Asia."", ""why"": ""The upstream document explicitly mentions Israel and its geographical location, which is necessary for identifying the region north of Israel."", ""requirement_id"": ""s4"", ""requirement_subquery"": ""When was the region identified in s2 established?"", ""upstream_position"": 1, ""upstream_title"": ""Israel""}, {""query_index"": 55, ""entity"": ""Kingdom of Saudi Arabia"", ""support_span"": ""the Al Saud leader, Abdulaziz, carried out a series of wars of conquest which resulted in his establishing the Kingdom of Saudi Arabia in 1930."", ""why"": ""The upstream document explicitly mentions the establishment of the Kingdom of Saudi Arabia in 1930, which is directly relevant to the dependent demand about when the region was established."", ""requirement_id"": ""s4"", ""requirement_subquery"": ""When was the region identified in s2 established?"", ""upstream_position"": 78, ""upstream_title"": ""History of Saudi Arabia""}]"
MuSiQue,musique,55,When was the region immediately north of the region where Israel is located and the site of the most growth in desalination for agricultural use established?,Saudi Arabia,75,20,55,0,0,0,0,0,0,0,0,0,0,0,0,85.0,Kingdom of Saudi Arabia,title_substring,s4,When was the region identified in s2 established?,78,History of Saudi Arabia,"the Al Saud leader, Abdulaziz, carried out a series of wars of conquest which resulted in his establishing the Kingdom of Saudi Arabia in 1930.",not_top20,"[{""query_index"": 55, ""entity"": ""Persian Gulf"", ""support_span"": ""The most extensive use is in the Persian Gulf."", ""why"": ""The upstream document mentions the Persian Gulf as the region with the most extensive use of desalination, which is relevant to the dependent demand about the establishment of a region with significant desalination growth."", ""requirement_id"": ""s3"", ""requirement_subquery"": ""When was the region identified in s1 established?"", ""upstream_position"": 0, ""upstream_title"": ""Water resources""}, {""query_index"": 55, ""entity"": ""Lebanon"", ""support_span"": ""It shares land borders with Lebanon to the north"", ""why"": ""The upstream document explicitly states that Lebanon is the region immediately north of Israel."", ""requirement_id"": ""s3"", ""requirement_subquery"": ""When was the region identified in s1 established?"", ""upstream_position"": 1, ""upstream_title"": ""Israel""}, {""query_index"": 55, ""entity"": ""Najd"", ""support_span"": ""The Al Saud (the Saudi royal family) emerged as minor tribal rulers in Najd in central Arabia."", ""why"": ""The upstream document explicitly mentions Najd as the region where the Al Saud emerged, which is immediately north of Israel."", ""requirement_id"": ""s3"", ""requirement_subquery"": ""When was the region identified in s1 established?"", ""upstream_position"": 78, ""upstream_title"": ""History of Saudi Arabia""}, {""query_index"": 55, ""entity"": ""Persian Gulf"", ""support_span"": ""The most extensive use is in the Persian Gulf."", ""why"": ""The upstream document explicitly mentions the Persian Gulf as the region with the most extensive use of desalination, which implies it has the most growth in desalination for agricultural use."", ""requirement_id"": ""s4"", ""requirement_subquery"": ""When was the region identified in s2 established?"", ""upstream_position"": 0, ""upstream_title"": ""Water resources""}, {""query_index"": 55, ""entity"": ""Israel"", ""support_span"": ""Israel (/ˈɪzreɪəl/ or /ˈɪzriːəl/; Hebrew: יִשְׂרָאֵל‎ Yisrā'el; Arabic: إِسْرَائِيل‎ Isrāʼīl), officially the State of Israel (Hebrew: מְדִינַת יִשְׂרָאֵל‎ Medīnat Yisrā'el [mediˈnat jisʁaˈʔel] ( listen); Arabic: دولة إِسْرَائِيل‎ Dawlat Isrāʼīl [dawlat ʔisraːˈʔiːl]), is a sovereign state in Western Asia."", ""why"": ""The upstream document explicitly mentions Israel and its geographical location, which is necessary for identifying the region north of Israel."", ""requirement_id"": ""s4"", ""requirement_subquery"": ""When was the region identified in s2 established?"", ""upstream_position"": 1, ""upstream_title"": ""Israel""}, {""query_index"": 55, ""entity"": ""Kingdom of Saudi Arabia"", ""support_span"": ""the Al Saud leader, Abdulaziz, carried out a series of wars of conquest which resulted in his establishing the Kingdom of Saudi Arabia in 1930."", ""why"": ""The upstream document explicitly mentions the establishment of the Kingdom of Saudi Arabia in 1930, which is directly relevant to the dependent demand about when the region was established."", ""requirement_id"": ""s4"", ""requirement_subquery"": ""When was the region identified in s2 established?"", ""upstream_position"": 78, ""upstream_title"": ""History of Saudi Arabia""}]"
MuSiQue,musique,59,Where is the district that the person who wanted to reform and address John Kodwo Amissah's religion preached a sermon on Marian devotion before his death located?,Reformation,5,5,0,0,0,1,1,0,0,1,1,0,0,0,0,55.0,Martin Luther,body_substring,s2,Which district did that person preach a sermon on Marian devotion before his death?,1,"Mary, mother of Jesus",Despite Martin Luther's harsh polemics against his Roman Catholic opponents over issues concerning Mary and the saints...,top10_not_top5,"[{""query_index"": 59, ""entity"": ""Cape Coast"", ""support_span"": ""Archbishop of Cape Coast from 1959 until his death"", ""why"": ""The upstream document states that John Kodwo Amissah served as Archbishop of Cape Coast, implying the location associated with his religious work."", ""requirement_id"": ""s2"", ""requirement_subquery"": ""Which district did that person preach a sermon on Marian devotion before his death?"", ""upstream_position"": 0, ""upstream_title"": ""John Kodwo Amissah""}, {""query_index"": 59, ""entity"": ""Martin Luther"", ""support_span"": ""Despite Martin Luther's harsh polemics against his Roman Catholic opponents over issues concerning Mary and the saints..."", ""why"": ""The upstream document mentions Martin Luther in the context of Marian devotion, which is directly related to the dependent demand about preaching a sermon on Marian devotion."", ""requirement_id"": ""s2"", ""requirement_subquery"": ""Which district did that person preach a sermon on Marian devotion before his death?"", ""upstream_position"": 1, ""upstream_title"": ""Mary, mother of Jesus""}, {""query_index"": 59, ""entity"": ""Mary, mother of Jesu"", ""support_span"": ""Mary, mother of Jesus"", ""why"": ""The upstream document directly mentions Mary, mother of Jesus, which is relevant to the context of Marian devotion mentioned in the dependent demand."", ""requirement_id"": ""s2"", ""requirement_subquery"": ""Which district did that person preach a sermon on Marian devotion before his death?"", ""upstream_position"": 2, ""upstream_title"": ""Mary, mother of Jesus""}]"
MuSiQue,musique,59,Where is the district that the person who wanted to reform and address John Kodwo Amissah's religion preached a sermon on Marian devotion before his death located?,Wittenberg (district),27,34,-7,0,0,0,0,0,0,0,0,0,0,0,0,0.0,,,,,-1,,,no_positive_score_for_gold,"[{""query_index"": 59, ""entity"": ""Cape Coast"", ""support_span"": ""Archbishop of Cape Coast from 1959 until his death"", ""why"": ""The upstream document states that John Kodwo Amissah served as Archbishop of Cape Coast, implying the location associated with his religious work."", ""requirement_id"": ""s2"", ""requirement_subquery"": ""Which district did that person preach a sermon on Marian devotion before his death?"", ""upstream_position"": 0, ""upstream_title"": ""John Kodwo Amissah""}, {""query_index"": 59, ""entity"": ""Martin Luther"", ""support_span"": ""Despite Martin Luther's harsh polemics against his Roman Catholic opponents over issues concerning Mary and the saints..."", ""why"": ""The upstream document mentions Martin Luther in the context of Marian devotion, which is directly related to the dependent demand about preaching a sermon on Marian devotion."", ""requirement_id"": ""s2"", ""requirement_subquery"": ""Which district did that person preach a sermon on Marian devotion before his death?"", ""upstream_position"": 1, ""upstream_title"": ""Mary, mother of Jesus""}, {""query_index"": 59, ""entity"": ""Mary, mother of Jesu"", ""support_span"": ""Mary, mother of Jesus"", ""why"": ""The upstream document directly mentions Mary, mother of Jesus, which is relevant to the context of Marian devotion mentioned in the dependent demand."", ""requirement_id"": ""s2"", ""requirement_subquery"": ""Which district did that person preach a sermon on Marian devotion before his death?"", ""upstream_position"": 2, ""upstream_title"": ""Mary, mother of Jesus""}]"
MuSiQue,musique,69,Who won the Indy Car Race in the largest populated city of the state where the performer of Mingus Plays Piano is from?,"Tucson, Arizona",94,58,36,0,0,0,0,0,0,0,0,0,0,0,0,9.0,Oklahoma City,body_token_overlap,s2,Which state is the performer of Mingus Plays Piano from?,53,Oklahoma City,Oklahoma City is the principal city of the eight-county Oklahoma City Metropolitan Statistical Area in Central Oklahoma and is the state's largest urbanized area.,not_top20,"[{""query_index"": 69, ""entity"": ""Charles Mingu"", ""support_span"": ""Mingus Plays Piano is a 1963 solo jazz album by Charles Mingus."", ""why"": ""The upstream document explicitly states that Charles Mingus is the performer of Mingus Plays Piano."", ""requirement_id"": ""s2"", ""requirement_subquery"": ""Which state is the performer of Mingus Plays Piano from?"", ""upstream_position"": 0, ""upstream_title"": ""Mingus Plays Piano""}, {""query_index"": 69, ""entity"": ""Indianapoli"", ""support_span"": ""Its capital and largest city is Indianapolis."", ""why"": ""The document states that Indianapolis is the capital and largest city of Indiana, which is the state where the performer of Mingus Plays Piano is from."", ""requirement_id"": ""s2"", ""requirement_subquery"": ""Which state is the performer of Mingus Plays Piano from?"", ""upstream_position"": 1, ""upstream_title"": ""Indiana""}, {""query_index"": 69, ""entity"": ""Oklahoma City"", ""support_span"": ""Oklahoma City is the principal city of the eight-county Oklahoma City Metropolitan Statistical Area in Central Oklahoma and is the state's largest urbanized area."", ""why"": ""The document explicitly states that Oklahoma City is the state's largest urbanized area, which implies it is the largest populated city in Oklahoma."", ""requirement_id"": ""s2"", ""requirement_subquery"": ""Which state is the performer of Mingus Plays Piano from?"", ""upstream_position"": 53, ""upstream_title"": ""Oklahoma City""}, {""query_index"": 69, ""entity"": ""Charles Mingu"", ""support_span"": ""Mingus Plays Piano is a 1963 solo jazz album by Charles Mingus."", ""why"": ""The performer of Mingus Plays Piano is explicitly stated as Charles Mingus."", ""requirement_id"": ""s3"", ""requirement_subquery"": ""What is the largest populated city in that state?"", ""upstream_position"": 0, ""upstream_title"": ""Mingus Plays Piano""}, {""query_index"": 69, ""entity"": ""Indianapoli"", ""support_span"": ""Its capital and largest city is Indianapolis."", ""why"": ""The upstream document explicitly states that Indianapolis is the capital and largest city of Indiana, which is the state in question."", ""requirement_id"": ""s3"", ""requirement_subquery"": ""What is the largest populated city in that state?"", ""upstream_position"": 1, ""upstream_title"": ""Indiana""}, {""query_index"": 69, ""entity"": ""Oklahoma City"", ""support_span"": ""Oklahoma City is the principal city of the eight-county Oklahoma City Metropolitan Statistical Area in Central Oklahoma and is the state's largest urbanized area."", ""why"": ""The document explicitly states that Oklahoma City is the state's largest urbanized area, which implies it is the largest populated city in the state."", ""requirement_id"": ""s3"", ""requirement_subquery"": ""What is the largest populated city in that state?"", ""upstream_position"": 53, ""upstream_title"": ""Oklahoma City""}, {""query_index"": 69, ""entity"": ""Charles Mingu"", ""support_span"": ""Mingus Plays Piano is a 1963 solo jazz album by Charles Mingus."", ""why"": ""The performer of Mingus Plays Piano is explicitly stated as Charles Mingus."", ""requirement_id"": ""s4"", ""requirement_subquery"": ""Who won the Indy Car Race in that city?"", ""upstream_position"": 0, ""upstream_title"": ""Mingus Plays Piano""}, {""query_index"": 69, ""entity"": ""Indianapoli"", ""support_span"": ""Its capital and largest city is Indianapolis."", ""why"": ""The upstream document states that Indianapolis is the capital and largest city of Indiana, which is the state in question."", ""requirement_id"": ""s4"", ""requirement_subquery"": ""Who won the Indy Car Race in that city?"", ""upstream_position"": 1, ""upstream_title"": ""Indiana""}, {""query_index"": 69, ""entity"": ""Oklahoma City"", ""support_span"": ""Oklahoma City is the principal city of the eight-county Oklahoma City Metropolitan Statistical Area in Central Oklahoma and is the state's largest urbanized area."", ""why"": ""The upstream document explicitly states that Oklahoma City is the state's largest urbanized area, which directly answers the upstream demand about the largest populated city in the state."", ""requirement_id"": ""s4"", ""requirement_subquery"": ""Who won the Indy Car Race in that city?"", ""upstream_position"": 53, ""upstream_title"": ""Oklahoma City""}]"
MuSiQue,musique,74,What is the direction of flow of the body of water by the city where Write This Down was formed?,Mississippi River,50,5,45,0,0,0,0,0,0,1,1,0,0,1,1,9.0,"Minneapolis, Minnesota",body_token_overlap,s2,What is the direction of flow of the body of water by that city?,0,Write This Down (band),"Write This Down is an American Christian rock band from Minneapolis, Minnesota.",top10_not_top5,"[{""query_index"": 74, ""entity"": ""Minneapolis, Minnesota"", ""support_span"": ""Write This Down is an American Christian rock band from Minneapolis, Minnesota."", ""why"": ""The upstream document explicitly states that Write This Down was formed in Minneapolis, Minnesota, which is the city required for the dependent demand."", ""requirement_id"": ""s2"", ""requirement_subquery"": ""What is the direction of flow of the body of water by that city?"", ""upstream_position"": 0, ""upstream_title"": ""Write This Down (band)""}, {""query_index"": 74, ""entity"": ""Minneapoli"", ""support_span"": ""Minneapolis lies on both banks of the Mississippi River"", ""why"": ""The upstream document explicitly mentions Minneapolis as the city where Write This Down was formed, and it is directly connected to the body of water in the dependent demand."", ""requirement_id"": ""s2"", ""requirement_subquery"": ""What is the direction of flow of the body of water by that city?"", ""upstream_position"": 1, ""upstream_title"": ""Minneapolis""}, {""query_index"": 74, ""entity"": ""Minneapolis, Minnesota"", ""support_span"": ""J. David Irwin (born August 9, 1939 in Minneapolis, Minnesota)"", ""why"": ""The upstream document explicitly states that J. David Irwin was born in Minneapolis, Minnesota, which is the city where Write This Down was formed."", ""requirement_id"": ""s2"", ""requirement_subquery"": ""What is the direction of flow of the body of water by that city?"", ""upstream_position"": 2, ""upstream_title"": ""J. David Irwin""}]"
MuSiQue,musique,87,When was the death penalty abolished in the country near the country where the writer of The Book Thief is a citizen of?,1952 Winter Olympics,81,87,-6,0,0,0,0,0,0,0,0,0,0,0,0,0.0,,,,,-1,,,no_positive_score_for_gold,"[{""query_index"": 87, ""entity"": ""Markus Zusak"", ""support_span"": ""The film is based on the 2005 novel The Book Thief by Markus Zusak"", ""why"": ""The upstream document explicitly states that the novel The Book Thief is written by Markus Zusak, making him the writer."", ""requirement_id"": ""s2"", ""requirement_subquery"": ""Which country is the writer of The Book Thief a citizen of?"", ""upstream_position"": 0, ""upstream_title"": ""The Book Thief (film)""}, {""query_index"": 87, ""entity"": ""The Book Thief"", ""support_span"": ""Who is the writer of The Book Thief?"", ""why"": ""The question refers to the writer of The Book Thief, which is an explicit entity mentioned in the upstream demand."", ""requirement_id"": ""s2"", ""requirement_subquery"": ""Which country is the writer of The Book Thief a citizen of?"", ""upstream_position"": 1, ""upstream_title"": ""Capital punishment in the United States""}, {""query_index"": 87, ""entity"": ""John F. Thorson"", ""support_span"": ""John F. Thorson"", ""why"": ""The upstream document explicitly mentions John F. Thorson, who is the subject of the upstream demand."", ""requirement_id"": ""s2"", ""requirement_subquery"": ""Which country is the writer of The Book Thief a citizen of?"", ""upstream_position"": 61, ""upstream_title"": ""John F. Thorson""}, {""query_index"": 87, ""entity"": ""Markus Zusak"", ""support_span"": ""The film is based on the 2005 novel The Book Thief by Markus Zusak"", ""why"": ""The writer of The Book Thief is explicitly mentioned as Markus Zusak."", ""requirement_id"": ""s3"", ""requirement_subquery"": ""Which country is near the country mentioned in the previous answer?"", ""upstream_position"": 0, ""upstream_title"": ""The Book Thief (film)""}, {""query_index"": 87, ""entity"": ""Rhode Island"", ""support_span"": ""Rhode Island (although later reintroduced, it was unused and abolished again)"", ""why"": ""The upstream document explicitly mentions Rhode Island as a state with a history of no death penalty and its abolition."", ""requirement_id"": ""s3"", ""requirement_subquery"": ""Which country is near the country mentioned in the previous answer?"", ""upstream_position"": 1, ""upstream_title"": ""Capital punishment in the United States""}, {""query_index"": 87, ""entity"": ""United State"", ""support_span"": ""The United States Army ship which served in the Pacific Ocean at the end of World War II was named in his honor."", ""why"": ""The upstream document mentions the United States Army ship, indicating the United States as the country associated with the writer of The Book Thief."", ""requirement_id"": ""s3"", ""requirement_subquery"": ""Which country is near the country mentioned in the previous answer?"", ""upstream_position"": 61, ""upstream_title"": ""John F. Thorson""}, {""query_index"": 87, ""entity"": ""Markus Zusak"", ""support_span"": ""The film is based on the 2005 novel The Book Thief by Markus Zusak"", ""why"": ""The writer of The Book Thief is explicitly mentioned as Markus Zusak."", ""requirement_id"": ""s4"", ""requirement_subquery"": ""When was the death penalty abolished in the country mentioned in the previous answer?"", ""upstream_position"": 0, ""upstream_title"": ""The Book Thief (film)""}, {""query_index"": 87, ""entity"": ""United State"", ""support_span"": ""Capital punishment in the United States"", ""why"": ""The upstream document directly mentions the United States and discusses the abolition of the death penalty in various states and the District of Columbia."", ""requirement_id"": ""s4"", ""requirement_subquery"": ""When was the death penalty abolished in the country mentioned in the previous answer?"", ""upstream_position"": 1, ""upstream_title"": ""Capital punishment in the United States""}, {""query_index"": 87, ""entity"": ""United State"", ""support_span"": ""The United States Army ship which served in the Pacific Ocean at the end of World War II was named in his honor."", ""why"": ""The upstream document mentions the United States Army ship, implying the United States as the country associated with the writer of The Book Thief."", ""requirement_id"": ""s4"", ""requirement_subquery"": ""When was the death penalty abolished in the country mentioned in the previous answer?"", ""upstream_position"": 61, ""upstream_title"": ""John F. Thorson""}]"
MuSiQue,musique,87,When was the death penalty abolished in the country near the country where the writer of The Book Thief is a citizen of?,The Messenger (Zusak novel),15,15,0,0,0,0,1,0,0,0,1,0,0,0,0,55.0,Markus Zusak,body_substring,s2,Which country is the writer of The Book Thief a citizen of?,0,The Book Thief (film),The film is based on the 2005 novel The Book Thief by Markus Zusak,top20_not_top10,"[{""query_index"": 87, ""entity"": ""Markus Zusak"", ""support_span"": ""The film is based on the 2005 novel The Book Thief by Markus Zusak"", ""why"": ""The upstream document explicitly states that the novel The Book Thief is written by Markus Zusak, making him the writer."", ""requirement_id"": ""s2"", ""requirement_subquery"": ""Which country is the writer of The Book Thief a citizen of?"", ""upstream_position"": 0, ""upstream_title"": ""The Book Thief (film)""}, {""query_index"": 87, ""entity"": ""The Book Thief"", ""support_span"": ""Who is the writer of The Book Thief?"", ""why"": ""The question refers to the writer of The Book Thief, which is an explicit entity mentioned in the upstream demand."", ""requirement_id"": ""s2"", ""requirement_subquery"": ""Which country is the writer of The Book Thief a citizen of?"", ""upstream_position"": 1, ""upstream_title"": ""Capital punishment in the United States""}, {""query_index"": 87, ""entity"": ""John F. Thorson"", ""support_span"": ""John F. Thorson"", ""why"": ""The upstream document explicitly mentions John F. Thorson, who is the subject of the upstream demand."", ""requirement_id"": ""s2"", ""requirement_subquery"": ""Which country is the writer of The Book Thief a citizen of?"", ""upstream_position"": 61, ""upstream_title"": ""John F. Thorson""}, {""query_index"": 87, ""entity"": ""Markus Zusak"", ""support_span"": ""The film is based on the 2005 novel The Book Thief by Markus Zusak"", ""why"": ""The writer of The Book Thief is explicitly mentioned as Markus Zusak."", ""requirement_id"": ""s3"", ""requirement_subquery"": ""Which country is near the country mentioned in the previous answer?"", ""upstream_position"": 0, ""upstream_title"": ""The Book Thief (film)""}, {""query_index"": 87, ""entity"": ""Rhode Island"", ""support_span"": ""Rhode Island (although later reintroduced, it was unused and abolished again)"", ""why"": ""The upstream document explicitly mentions Rhode Island as a state with a history of no death penalty and its abolition."", ""requirement_id"": ""s3"", ""requirement_subquery"": ""Which country is near the country mentioned in the previous answer?"", ""upstream_position"": 1, ""upstream_title"": ""Capital punishment in the United States""}, {""query_index"": 87, ""entity"": ""United State"", ""support_span"": ""The United States Army ship which served in the Pacific Ocean at the end of World War II was named in his honor."", ""why"": ""The upstream document mentions the United States Army ship, indicating the United States as the country associated with the writer of The Book Thief."", ""requirement_id"": ""s3"", ""requirement_subquery"": ""Which country is near the country mentioned in the previous answer?"", ""upstream_position"": 61, ""upstream_title"": ""John F. Thorson""}, {""query_index"": 87, ""entity"": ""Markus Zusak"", ""support_span"": ""The film is based on the 2005 novel The Book Thief by Markus Zusak"", ""why"": ""The writer of The Book Thief is explicitly mentioned as Markus Zusak."", ""requirement_id"": ""s4"", ""requirement_subquery"": ""When was the death penalty abolished in the country mentioned in the previous answer?"", ""upstream_position"": 0, ""upstream_title"": ""The Book Thief (film)""}, {""query_index"": 87, ""entity"": ""United State"", ""support_span"": ""Capital punishment in the United States"", ""why"": ""The upstream document directly mentions the United States and discusses the abolition of the death penalty in various states and the District of Columbia."", ""requirement_id"": ""s4"", ""requirement_subquery"": ""When was the death penalty abolished in the country mentioned in the previous answer?"", ""upstream_position"": 1, ""upstream_title"": ""Capital punishment in the United States""}, {""query_index"": 87, ""entity"": ""United State"", ""support_span"": ""The United States Army ship which served in the Pacific Ocean at the end of World War II was named in his honor."", ""why"": ""The upstream document mentions the United States Army ship, implying the United States as the country associated with the writer of The Book Thief."", ""requirement_id"": ""s4"", ""requirement_subquery"": ""When was the death penalty abolished in the country mentioned in the previous answer?"", ""upstream_position"": 61, ""upstream_title"": ""John F. Thorson""}]"
MuSiQue,musique,90,Where is the headquarters of Radio Television of this country that has a co-official language that is the same as the language of Olivera Markovic?,Media in Pristina,28,38,-10,0,0,0,0,0,0,0,0,0,0,0,0,0.0,,,,,-1,,,no_positive_score_for_gold,"[{""query_index"": 90, ""entity"": ""Serbia"", ""support_span"": ""Olivera Marković was a Serbian actress."", ""why"": ""The upstream document explicitly states that Olivera Marković was a Serbian actress, indicating Serbia as the country associated with her language."", ""requirement_id"": ""s2"", ""requirement_subquery"": ""What is the headquarters of Radio Television of that country?"", ""upstream_position"": 0, ""upstream_title"": ""Olivera Marković""}, {""query_index"": 90, ""entity"": ""Serbia"", ""support_span"": ""It is the official language of Serbia, co-official in the territory of Kosovo, and one of the three official languages of Bosnia and Herzegovina."", ""why"": ""The upstream document states that Serbian is the official language of Serbia, which is the country in question."", ""requirement_id"": ""s2"", ""requirement_subquery"": ""What is the headquarters of Radio Television of that country?"", ""upstream_position"": 1, ""upstream_title"": ""Serbian language""}, {""query_index"": 90, ""entity"": ""Asia FM 92.7"", ""support_span"": ""Asia FM 92.7, the radio station depicted in the drama is an actual free to air radio station in Taiwan with its headquarters and broadcasting station in Taoyuan City, Taoyuan County."", ""why"": ""The upstream document explicitly mentions Asia FM 92.7 as the radio station in Taiwan, which is relevant to the dependent demand about the headquarters of Radio Television in the country."", ""requirement_id"": ""s2"", ""requirement_subquery"": ""What is the headquarters of Radio Television of that country?"", ""upstream_position"": 27, ""upstream_title"": ""Love Around""}]"
MuSiQue,musique,91,What county has a city that is adjacent to the capital city of Erskine College's state?,"Charleston, South Carolina",10,4,6,0,0,0,1,0,1,1,1,0,1,1,0,85.0,South Carolina,title_substring,s2,What is the capital city of that state?,0,Erskine College,"Erskine College is a private Christian college in Due West, South Carolina, United States.",recovered_top5,"[{""query_index"": 91, ""entity"": ""South Carolina"", ""support_span"": ""Erskine College is a private Christian college in Due West, South Carolina, United States."", ""why"": ""The upstream document explicitly states that Erskine College is located in South Carolina, which is the state of the college."", ""requirement_id"": ""s2"", ""requirement_subquery"": ""What is the capital city of that state?"", ""upstream_position"": 0, ""upstream_title"": ""Erskine College""}, {""query_index"": 91, ""entity"": ""South Carolina"", ""support_span"": ""The Erskine College–Due West Historic District, is a historic district in Due West, South Carolina, in the United States."", ""why"": ""The upstream document explicitly states that Erskine College is located in South Carolina, which is the state referenced in the dependent demand."", ""requirement_id"": ""s2"", ""requirement_subquery"": ""What is the capital city of that state?"", ""upstream_position"": 1, ""upstream_title"": ""Erskine College–Due West Historic District""}, {""query_index"": 91, ""entity"": ""Saint Paul, Minnesota"", ""support_span"": ""Saint Paul (abbreviated St. Paul) is the capital and second-most populous city of the U.S. state of Minnesota."", ""why"": ""The upstream document explicitly states that Saint Paul is the capital of Minnesota, which is the state of Erskine College."", ""requirement_id"": ""s2"", ""requirement_subquery"": ""What is the capital city of that state?"", ""upstream_position"": 11, ""upstream_title"": ""Saint Paul, Minnesota""}, {""query_index"": 91, ""entity"": ""South Carolina"", ""support_span"": ""Erskine College is a private Christian college in Due West, South Carolina, United States."", ""why"": ""The upstream document explicitly mentions South Carolina as the state where Erskine College is located, which is necessary to determine the capital city of the state."", ""requirement_id"": ""s3"", ""requirement_subquery"": ""What cities are adjacent to that capital city?"", ""upstream_position"": 0, ""upstream_title"": ""Erskine College""}, {""query_index"": 91, ""entity"": ""South Carolina"", ""support_span"": ""The Erskine College–Due West Historic District, is a historic district in Due West, South Carolina, in the United States."", ""why"": ""The upstream document explicitly mentions South Carolina as the state where Erskine College is located."", ""requirement_id"": ""s3"", ""requirement_subquery"": ""What cities are adjacent to that capital city?"", ""upstream_position"": 1, ""upstream_title"": ""Erskine College–Due West Historic District""}, {""query_index"": 91, ""entity"": ""Saint Paul, Minnesota"", ""support_span"": ""Saint Paul (abbreviated St. Paul) is the capital and second-most populous city of the U.S. state of Minnesota."", ""why"": ""The upstream document explicitly states that Saint Paul is the capital of Minnesota, which is directly relevant to the dependent demand for the capital city."", ""requirement_id"": ""s3"", ""requirement_subquery"": ""What cities are adjacent to that capital city?"", ""upstream_position"": 11, ""upstream_title"": ""Saint Paul, Minnesota""}, {""query_index"": 91, ""entity"": ""South Carolina"", ""support_span"": ""Erskine College is a private Christian college in Due West, South Carolina, United States."", ""why"": ""The upstream document explicitly mentions South Carolina as the state where Erskine College is located, which is necessary to determine the capital city of the state."", ""requirement_id"": ""s4"", ""requirement_subquery"": ""Which of those adjacent cities is in a county?"", ""upstream_position"": 0, ""upstream_title"": ""Erskine College""}, {""query_index"": 91, ""entity"": ""South Carolina"", ""support_span"": ""in Due West, South Carolina, in the United States"", ""why"": ""The upstream document explicitly mentions South Carolina as the state where Erskine College's historic district is located."", ""requirement_id"": ""s4"", ""requirement_subquery"": ""Which of those adjacent cities is in a county?"", ""upstream_position"": 1, ""upstream_title"": ""Erskine College–Due West Historic District""}, {""query_index"": 91, ""entity"": ""Saint Paul, Minnesota"", ""support_span"": ""Saint Paul, Minnesota"", ""why"": ""The upstream document explicitly mentions Saint Paul, Minnesota, which is the capital city of Minnesota and directly related to the question."", ""requirement_id"": ""s4"", ""requirement_subquery"": ""Which of those adjacent cities is in a county?"", ""upstream_position"": 11, ""upstream_title"": ""Saint Paul, Minnesota""}]"
MuSiQue,musique,91,What county has a city that is adjacent to the capital city of Erskine College's state?,WWNQ,26,20,6,0,0,0,0,0,0,0,0,0,0,0,0,55.0,South Carolina,body_substring,s2,What is the capital city of that state?,0,Erskine College,"Erskine College is a private Christian college in Due West, South Carolina, United States.",not_top20,"[{""query_index"": 91, ""entity"": ""South Carolina"", ""support_span"": ""Erskine College is a private Christian college in Due West, South Carolina, United States."", ""why"": ""The upstream document explicitly states that Erskine College is located in South Carolina, which is the state of the college."", ""requirement_id"": ""s2"", ""requirement_subquery"": ""What is the capital city of that state?"", ""upstream_position"": 0, ""upstream_title"": ""Erskine College""}, {""query_index"": 91, ""entity"": ""South Carolina"", ""support_span"": ""The Erskine College–Due West Historic District, is a historic district in Due West, South Carolina, in the United States."", ""why"": ""The upstream document explicitly states that Erskine College is located in South Carolina, which is the state referenced in the dependent demand."", ""requirement_id"": ""s2"", ""requirement_subquery"": ""What is the capital city of that state?"", ""upstream_position"": 1, ""upstream_title"": ""Erskine College–Due West Historic District""}, {""query_index"": 91, ""entity"": ""Saint Paul, Minnesota"", ""support_span"": ""Saint Paul (abbreviated St. Paul) is the capital and second-most populous city of the U.S. state of Minnesota."", ""why"": ""The upstream document explicitly states that Saint Paul is the capital of Minnesota, which is the state of Erskine College."", ""requirement_id"": ""s2"", ""requirement_subquery"": ""What is the capital city of that state?"", ""upstream_position"": 11, ""upstream_title"": ""Saint Paul, Minnesota""}, {""query_index"": 91, ""entity"": ""South Carolina"", ""support_span"": ""Erskine College is a private Christian college in Due West, South Carolina, United States."", ""why"": ""The upstream document explicitly mentions South Carolina as the state where Erskine College is located, which is necessary to determine the capital city of the state."", ""requirement_id"": ""s3"", ""requirement_subquery"": ""What cities are adjacent to that capital city?"", ""upstream_position"": 0, ""upstream_title"": ""Erskine College""}, {""query_index"": 91, ""entity"": ""South Carolina"", ""support_span"": ""The Erskine College–Due West Historic District, is a historic district in Due West, South Carolina, in the United States."", ""why"": ""The upstream document explicitly mentions South Carolina as the state where Erskine College is located."", ""requirement_id"": ""s3"", ""requirement_subquery"": ""What cities are adjacent to that capital city?"", ""upstream_position"": 1, ""upstream_title"": ""Erskine College–Due West Historic District""}, {""query_index"": 91, ""entity"": ""Saint Paul, Minnesota"", ""support_span"": ""Saint Paul (abbreviated St. Paul) is the capital and second-most populous city of the U.S. state of Minnesota."", ""why"": ""The upstream document explicitly states that Saint Paul is the capital of Minnesota, which is directly relevant to the dependent demand for the capital city."", ""requirement_id"": ""s3"", ""requirement_subquery"": ""What cities are adjacent to that capital city?"", ""upstream_position"": 11, ""upstream_title"": ""Saint Paul, Minnesota""}, {""query_index"": 91, ""entity"": ""South Carolina"", ""support_span"": ""Erskine College is a private Christian college in Due West, South Carolina, United States."", ""why"": ""The upstream document explicitly mentions South Carolina as the state where Erskine College is located, which is necessary to determine the capital city of the state."", ""requirement_id"": ""s4"", ""requirement_subquery"": ""Which of those adjacent cities is in a county?"", ""upstream_position"": 0, ""upstream_title"": ""Erskine College""}, {""query_index"": 91, ""entity"": ""South Carolina"", ""support_span"": ""in Due West, South Carolina, in the United States"", ""why"": ""The upstream document explicitly mentions South Carolina as the state where Erskine College's historic district is located."", ""requirement_id"": ""s4"", ""requirement_subquery"": ""Which of those adjacent cities is in a county?"", ""upstream_position"": 1, ""upstream_title"": ""Erskine College–Due West Historic District""}, {""query_index"": 91, ""entity"": ""Saint Paul, Minnesota"", ""support_span"": ""Saint Paul, Minnesota"", ""why"": ""The upstream document explicitly mentions Saint Paul, Minnesota, which is the capital city of Minnesota and directly related to the question."", ""requirement_id"": ""s4"", ""requirement_subquery"": ""Which of those adjacent cities is in a county?"", ""upstream_position"": 11, ""upstream_title"": ""Saint Paul, Minnesota""}]"
MuSiQue,musique,117,Who's the son of the Italian navigator who explored the eastern coast of the continent Manuel Balbi was born in?,Paula Santiago,15,28,-13,0,0,0,1,0,0,0,0,0,0,0,0,0.0,,,,,-1,,,no_positive_score_for_gold,"[{""query_index"": 117, ""entity"": ""John Cabot"", ""support_span"": ""He was the son of Italian explorer John Cabot (Giovanni Caboto) and his Venetian wife Mattea."", ""why"": ""The upstream document explicitly states that Sebastian Cabot was the son of John Cabot, who is the Italian navigator mentioned in the dependent demand."", ""requirement_id"": ""s2"", ""requirement_subquery"": ""What is the son of the Italian navigator mentioned?"", ""upstream_position"": 2, ""upstream_title"": ""Sebastian Cabot (explorer)""}, {""query_index"": 117, ""entity"": ""Manuel Balbi"", ""support_span"": ""Manuel Balbi (born March 13, 1978, Guadalajara, Jalisco, Mexico), is a Mexican actor, known for Seres: Genesis (2010), Casi treinta (2014) and Agua y aceite (2002)."", ""why"": ""The upstream document explicitly mentions Manuel Balbi, who is the subject of the question."", ""requirement_id"": ""s2"", ""requirement_subquery"": ""What is the son of the Italian navigator mentioned?"", ""upstream_position"": 0, ""upstream_title"": ""Manuel Balbi""}, {""query_index"": 117, ""entity"": ""John Cabot"", ""support_span"": ""John Cabot (Italian: Giovanni Caboto; c. 1450 -- c. 1500) was a Venetian navigator and explorer whose 1497 discovery of the coast of North America..."", ""why"": ""The upstream document explicitly mentions John Cabot as the Italian navigator who explored the eastern coast of North America, which is the continent where Manuel Balbi was born."", ""requirement_id"": ""s2"", ""requirement_subquery"": ""What is the son of the Italian navigator mentioned?"", ""upstream_position"": 1, ""upstream_title"": ""John Cabot""}]"
MuSiQue,musique,118,What is the deepest part of the ocean by the state where Main Street Station is located?,"Newport News, Virginia",96,96,0,0,0,0,0,0,0,0,0,0,0,0,0,0.0,,,,,-1,,,no_positive_score_for_gold,"[{""query_index"": 118, ""entity"": ""Main Street Station"", ""support_span"": ""Richmond's only railway station located within the city limits, the historic Main Street Station, was renovated in 2004."", ""why"": ""The upstream document explicitly mentions Main Street Station as the railway station located within the city limits of Richmond, Virginia."", ""requirement_id"": ""s2"", ""requirement_subquery"": ""What is the deepest part of the ocean in that state?"", ""upstream_position"": 6, ""upstream_title"": ""Richmond, Virginia""}, {""query_index"": 118, ""entity"": ""Mariana Trench"", ""support_span"": ""The Mariana Trench or Marianas Trench is the deepest part of the world's oceans."", ""why"": ""The upstream document explicitly mentions Mariana Trench as the deepest part of the ocean, which is relevant to the dependent demand."", ""requirement_id"": ""s2"", ""requirement_subquery"": ""What is the deepest part of the ocean in that state?"", ""upstream_position"": 0, ""upstream_title"": ""Mariana Trench""}, {""query_index"": 118, ""entity"": ""Mariana Trench"", ""support_span"": ""The Mariana Trench or Marianas Trench is the deepest part of the world's oceans."", ""why"": ""The upstream document explicitly mentions Mariana Trench as the deepest part of the ocean, which is relevant to the dependent demand."", ""requirement_id"": ""s2"", ""requirement_subquery"": ""What is the deepest part of the ocean in that state?"", ""upstream_position"": 1, ""upstream_title"": ""Mariana Trench""}]"
MuSiQue,musique,213,When did the place where the author of Princeps Pastorum died become its own country?,Canonization of Pope John XXIII and Pope John Paul II,14,5,9,0,0,0,1,0,0,1,1,0,0,1,0,85.0,Pope John XXIII,title_substring,s2,Where did the author of Princeps Pastorum die?,0,Princeps pastorum,promulgated by Pope John XXIII on 28 November 1959,top10_not_top5,"[{""query_index"": 213, ""entity"": ""Pope John XXIII"", ""support_span"": ""promulgated by Pope John XXIII on 28 November 1959"", ""why"": ""The author of Princeps Pastorum is explicitly identified as Pope John XXIII in the upstream document."", ""requirement_id"": ""s2"", ""requirement_subquery"": ""Where did the author of Princeps Pastorum die?"", ""upstream_position"": 0, ""upstream_title"": ""Princeps pastorum""}, {""query_index"": 213, ""entity"": ""Kingdom of Bohemia"", ""support_span"": ""Kingdom of Bohemia"", ""why"": ""The upstream document title directly refers to the Kingdom of Bohemia, which is relevant to the author of Princeps Pastorum and the location of death."", ""requirement_id"": ""s2"", ""requirement_subquery"": ""Where did the author of Princeps Pastorum die?"", ""upstream_position"": 1, ""upstream_title"": ""Kingdom of Bohemia""}, {""query_index"": 213, ""entity"": ""Princeps Pastorum"", ""support_span"": ""Victoria married her first cousin, Prince Albert of Saxe-Coburg and Gotha, in 1840."", ""why"": ""The upstream document mentions Prince Albert of Saxe-Coburg and Gotha, who is the author of Princeps Pastorum, as per the upstream demand s1."", ""requirement_id"": ""s2"", ""requirement_subquery"": ""Where did the author of Princeps Pastorum die?"", ""upstream_position"": 2, ""upstream_title"": ""Queen Victoria""}, {""query_index"": 213, ""entity"": ""Pope John XXIII"", ""support_span"": ""promulgated by Pope John XXIII on 28 November 1959"", ""why"": ""The author of Princeps Pastorum is identified as Pope John XXIII, and the document states he promulgated the encyclical."", ""requirement_id"": ""s3"", ""requirement_subquery"": ""When did the location where the author of Princeps Pastorum died become its own country?"", ""upstream_position"": 0, ""upstream_title"": ""Princeps pastorum""}, {""query_index"": 213, ""entity"": ""Prague"", ""support_span"": ""Bohemia retained its name and formal status as a separate Kingdom of Bohemia until 1918, known as a crown land within the Austro-Hungarian Empire, and its capital Prague was one of the empire's leading cities."", ""why"": ""The author of Princeps Pastorum died in Prague, which is the capital of the Kingdom of Bohemia, and the document refers to Prague as the location where the author died."", ""requirement_id"": ""s3"", ""requirement_subquery"": ""When did the location where the author of Princeps Pastorum died become its own country?"", ""upstream_position"": 1, ""upstream_title"": ""Kingdom of Bohemia""}, {""query_index"": 213, ""entity"": ""Saxe-Coburg and Gotha"", ""support_span"": ""Prince Albert of Saxe-Coburg and Gotha"", ""why"": ""The author of Princeps Pastorum is Prince Albert of Saxe-Coburg and Gotha, and the document mentions his death, which is relevant to the dependent demand."", ""requirement_id"": ""s3"", ""requirement_subquery"": ""When did the location where the author of Princeps Pastorum died become its own country?"", ""upstream_position"": 2, ""upstream_title"": ""Queen Victoria""}]"
MuSiQue,musique,213,When did the place where the author of Princeps Pastorum died become its own country?,Vatican City,20,47,-27,0,0,0,0,0,0,0,0,0,0,0,0,0.0,,,,,-1,,,no_positive_score_for_gold,"[{""query_index"": 213, ""entity"": ""Pope John XXIII"", ""support_span"": ""promulgated by Pope John XXIII on 28 November 1959"", ""why"": ""The author of Princeps Pastorum is explicitly identified as Pope John XXIII in the upstream document."", ""requirement_id"": ""s2"", ""requirement_subquery"": ""Where did the author of Princeps Pastorum die?"", ""upstream_position"": 0, ""upstream_title"": ""Princeps pastorum""}, {""query_index"": 213, ""entity"": ""Kingdom of Bohemia"", ""support_span"": ""Kingdom of Bohemia"", ""why"": ""The upstream document title directly refers to the Kingdom of Bohemia, which is relevant to the author of Princeps Pastorum and the location of death."", ""requirement_id"": ""s2"", ""requirement_subquery"": ""Where did the author of Princeps Pastorum die?"", ""upstream_position"": 1, ""upstream_title"": ""Kingdom of Bohemia""}, {""query_index"": 213, ""entity"": ""Princeps Pastorum"", ""support_span"": ""Victoria married her first cousin, Prince Albert of Saxe-Coburg and Gotha, in 1840."", ""why"": ""The upstream document mentions Prince Albert of Saxe-Coburg and Gotha, who is the author of Princeps Pastorum, as per the upstream demand s1."", ""requirement_id"": ""s2"", ""requirement_subquery"": ""Where did the author of Princeps Pastorum die?"", ""upstream_position"": 2, ""upstream_title"": ""Queen Victoria""}, {""query_index"": 213, ""entity"": ""Pope John XXIII"", ""support_span"": ""promulgated by Pope John XXIII on 28 November 1959"", ""why"": ""The author of Princeps Pastorum is identified as Pope John XXIII, and the document states he promulgated the encyclical."", ""requirement_id"": ""s3"", ""requirement_subquery"": ""When did the location where the author of Princeps Pastorum died become its own country?"", ""upstream_position"": 0, ""upstream_title"": ""Princeps pastorum""}, {""query_index"": 213, ""entity"": ""Prague"", ""support_span"": ""Bohemia retained its name and formal status as a separate Kingdom of Bohemia until 1918, known as a crown land within the Austro-Hungarian Empire, and its capital Prague was one of the empire's leading cities."", ""why"": ""The author of Princeps Pastorum died in Prague, which is the capital of the Kingdom of Bohemia, and the document refers to Prague as the location where the author died."", ""requirement_id"": ""s3"", ""requirement_subquery"": ""When did the location where the author of Princeps Pastorum died become its own country?"", ""upstream_position"": 1, ""upstream_title"": ""Kingdom of Bohemia""}, {""query_index"": 213, ""entity"": ""Saxe-Coburg and Gotha"", ""support_span"": ""Prince Albert of Saxe-Coburg and Gotha"", ""why"": ""The author of Princeps Pastorum is Prince Albert of Saxe-Coburg and Gotha, and the document mentions his death, which is relevant to the dependent demand."", ""requirement_id"": ""s3"", ""requirement_subquery"": ""When did the location where the author of Princeps Pastorum died become its own country?"", ""upstream_position"": 2, ""upstream_title"": ""Queen Victoria""}]"
MuSiQue,musique,228,What is the longest home run in the history of the league that Jim Wilson's team is a part of?,Cleveland Indians,23,24,-1,0,0,0,0,0,0,0,0,0,0,0,0,55.0,Major League Baseball,body_substring,s2,What is the longest home run in the history of that team's league?,0,Home run,"Major League Baseball's longest verifiable home run distance is about 575 feet (175 m), by Babe Ruth, to straightaway center fie",not_top20,"[{""query_index"": 228, ""entity"": ""Major League Baseball"", ""support_span"": ""Major League Baseball's longest verifiable home run distance is about 575 feet (175 m), by Babe Ruth, to straightaway center fie"", ""why"": ""The dependent demand refers to the league that Jim Wilson's team is part of, and the upstream document explicitly mentions Major League Baseball as the league with the longest verifiable home run."", ""requirement_id"": ""s2"", ""requirement_subquery"": ""What is the longest home run in the history of that team's league?"", ""upstream_position"": 0, ""upstream_title"": ""Home run""}, {""query_index"": 228, ""entity"": ""Seattle Mariner"", ""support_span"": ""Wilson signed as a free agent with the Seattle Mariners on March 1, 1988, playing five games for them in the 1989 season."", ""why"": ""The document explicitly states that Jim Wilson signed with the Seattle Mariners, indicating the team he is part of."", ""requirement_id"": ""s2"", ""requirement_subquery"": ""What is the longest home run in the history of that team's league?"", ""upstream_position"": 1, ""upstream_title"": ""Jim Wilson (first baseman)""}, {""query_index"": 228, ""entity"": ""Tampa Bay Ray"", ""support_span"": ""hitting a dramatic two-out, two-strike home run for the Tampa Bay Rays"", ""why"": ""The upstream document explicitly mentions that Dan Johnson hit a home run for the Tampa Bay Rays, which is directly relevant to identifying the team Jim Wilson is part of, as the dependent demand asks about the longest home run in the history of that team's league."", ""requirement_id"": ""s2"", ""requirement_subquery"": ""What is the longest home run in the history of that team's league?"", ""upstream_position"": 2, ""upstream_title"": ""Dan Johnson (baseball)""}]"
MuSiQue,musique,237,Who was in charge in the country that is the natural boundary between the country that hosted the tournament and the country where That Dam is located?,2020 AFC U-23 Championship qualification,71,90,-19,0,0,0,0,0,0,0,0,0,0,0,0,0.0,,,,,-1,,,no_positive_score_for_gold,"[{""query_index"": 237, ""entity"": ""Switzerland"", ""support_span"": ""Switzerland hosted the 1954 FIFA World Cup, and was the joint host, with Austria, of the Euro 2008 tournament."", ""why"": ""The upstream document explicitly states that Switzerland hosted the tournament."", ""requirement_id"": ""s3"", ""requirement_subquery"": ""What is the natural boundary between the country that hosted the tournament and the country where That Dam is located?"", ""upstream_position"": 0, ""upstream_title"": ""Switzerland""}, {""query_index"": 237, ""entity"": ""Austria"", ""support_span"": ""Switzerland hosted the 1954 FIFA World Cup, and was the joint host, with Austria, of the Euro 2008 tournament."", ""why"": ""The upstream document explicitly states that Austria was a joint host of the Euro 2008 tournament with Switzerland."", ""requirement_id"": ""s3"", ""requirement_subquery"": ""What is the natural boundary between the country that hosted the tournament and the country where That Dam is located?"", ""upstream_position"": 0, ""upstream_title"": ""Switzerland""}, {""query_index"": 237, ""entity"": ""That Dam"", ""support_span"": ""Where is That Dam located?"", ""why"": ""The dependent demand requires the location of That Dam, which is implied to be in a country that is a natural boundary with Switzerland."", ""requirement_id"": ""s3"", ""requirement_subquery"": ""What is the natural boundary between the country that hosted the tournament and the country where That Dam is located?"", ""upstream_position"": 0, ""upstream_title"": ""Switzerland""}, {""query_index"": 237, ""entity"": ""Mexico"", ""support_span"": ""The 1986 FIFA World Cup, the 13th FIFA World Cup, was held in Mexico from 31 May to 29 June 1986."", ""why"": ""The document explicitly states that Mexico hosted the 1986 FIFA World Cup."", ""requirement_id"": ""s3"", ""requirement_subquery"": ""What is the natural boundary between the country that hosted the tournament and the country where That Dam is located?"", ""upstream_position"": 1, ""upstream_title"": ""1986 FIFA World Cup""}, {""query_index"": 237, ""entity"": ""France"", ""support_span"": ""The tournament was won by host country France"", ""why"": ""France is explicitly mentioned as the host country of the 1998 FIFA World Cup."", ""requirement_id"": ""s3"", ""requirement_subquery"": ""What is the natural boundary between the country that hosted the tournament and the country where That Dam is located?"", ""upstream_position"": 7, ""upstream_title"": ""1998 FIFA World Cup""}, {""query_index"": 237, ""entity"": ""That Dam"", ""support_span"": ""Where is That Dam located?"", ""why"": ""That Dam is explicitly mentioned as the subject of the question about its location."", ""requirement_id"": ""s3"", ""requirement_subquery"": ""What is the natural boundary between the country that hosted the tournament and the country where That Dam is located?"", ""upstream_position"": 7, ""upstream_title"": ""1998 FIFA World Cup""}, {""query_index"": 237, ""entity"": ""Switzerland"", ""support_span"": ""Switzerland hosted the 1954 FIFA World Cup, and was the joint host, with Austria, of the Euro 2008 tournament."", ""why"": ""The country that hosted the tournament is explicitly mentioned as Switzerland."", ""requirement_id"": ""s4"", ""requirement_subquery"": ""Who was in charge in that country?"", ""upstream_position"": 0, ""upstream_title"": ""Switzerland""}, {""query_index"": 237, ""entity"": ""Austria"", ""support_span"": ""Switzerland hosted the 1954 FIFA World Cup, and was the joint host, with Austria, of the Euro 2008 tournament."", ""why"": ""Austria is mentioned as a joint host of the Euro 2008 tournament, which is the same tournament as the one hosted by Switzerland."", ""requirement_id"": ""s4"", ""requirement_subquery"": ""Who was in charge in that country?"", ""upstream_position"": 0, ""upstream_title"": ""Switzerland""}, {""query_index"": 237, ""entity"": ""That Dam"", ""support_span"": ""The country where That Dam is located is not explicitly mentioned, but the dam is referenced in the dependent demand."", ""why"": ""The dam is directly referenced in the dependent demand, so it is included as an anchor."", ""requirement_id"": ""s4"", ""requirement_subquery"": ""Who was in charge in that country?"", ""upstream_position"": 0, ""upstream_title"": ""Switzerland""}, {""query_index"": 237, ""entity"": ""Mexico"", ""support_span"": ""The 1986 FIFA World Cup, the 13th FIFA World Cup, was held in Mexico from 31 May to 29 June 1986."", ""why"": ""The document explicitly states that Mexico hosted the 1986 FIFA World Cup, which is the country in question for the natural boundary."", ""requirement_id"": ""s4"", ""requirement_subquery"": ""Who was in charge in that country?"", ""upstream_position"": 1, ""upstream_title"": ""1986 FIFA World Cup""}, {""query_index"": 237, ""entity"": ""France"", ""support_span"": ""The tournament was won by host country France"", ""why"": ""France is explicitly mentioned as the host country in the upstream document."", ""requirement_id"": ""s4"", ""requirement_subquery"": ""Who was in charge in that country?"", ""upstream_position"": 7, ""upstream_title"": ""1998 FIFA World Cup""}]"
MuSiQue,musique,237,Who was in charge in the country that is the natural boundary between the country that hosted the tournament and the country where That Dam is located?,Geography of Myanmar,29,67,-38,0,0,0,0,0,0,0,0,0,0,0,0,0.0,,,,,-1,,,no_positive_score_for_gold,"[{""query_index"": 237, ""entity"": ""Switzerland"", ""support_span"": ""Switzerland hosted the 1954 FIFA World Cup, and was the joint host, with Austria, of the Euro 2008 tournament."", ""why"": ""The upstream document explicitly states that Switzerland hosted the tournament."", ""requirement_id"": ""s3"", ""requirement_subquery"": ""What is the natural boundary between the country that hosted the tournament and the country where That Dam is located?"", ""upstream_position"": 0, ""upstream_title"": ""Switzerland""}, {""query_index"": 237, ""entity"": ""Austria"", ""support_span"": ""Switzerland hosted the 1954 FIFA World Cup, and was the joint host, with Austria, of the Euro 2008 tournament."", ""why"": ""The upstream document explicitly states that Austria was a joint host of the Euro 2008 tournament with Switzerland."", ""requirement_id"": ""s3"", ""requirement_subquery"": ""What is the natural boundary between the country that hosted the tournament and the country where That Dam is located?"", ""upstream_position"": 0, ""upstream_title"": ""Switzerland""}, {""query_index"": 237, ""entity"": ""That Dam"", ""support_span"": ""Where is That Dam located?"", ""why"": ""The dependent demand requires the location of That Dam, which is implied to be in a country that is a natural boundary with Switzerland."", ""requirement_id"": ""s3"", ""requirement_subquery"": ""What is the natural boundary between the country that hosted the tournament and the country where That Dam is located?"", ""upstream_position"": 0, ""upstream_title"": ""Switzerland""}, {""query_index"": 237, ""entity"": ""Mexico"", ""support_span"": ""The 1986 FIFA World Cup, the 13th FIFA World Cup, was held in Mexico from 31 May to 29 June 1986."", ""why"": ""The document explicitly states that Mexico hosted the 1986 FIFA World Cup."", ""requirement_id"": ""s3"", ""requirement_subquery"": ""What is the natural boundary between the country that hosted the tournament and the country where That Dam is located?"", ""upstream_position"": 1, ""upstream_title"": ""1986 FIFA World Cup""}, {""query_index"": 237, ""entity"": ""France"", ""support_span"": ""The tournament was won by host country France"", ""why"": ""France is explicitly mentioned as the host country of the 1998 FIFA World Cup."", ""requirement_id"": ""s3"", ""requirement_subquery"": ""What is the natural boundary between the country that hosted the tournament and the country where That Dam is located?"", ""upstream_position"": 7, ""upstream_title"": ""1998 FIFA World Cup""}, {""query_index"": 237, ""entity"": ""That Dam"", ""support_span"": ""Where is That Dam located?"", ""why"": ""That Dam is explicitly mentioned as the subject of the question about its location."", ""requirement_id"": ""s3"", ""requirement_subquery"": ""What is the natural boundary between the country that hosted the tournament and the country where That Dam is located?"", ""upstream_position"": 7, ""upstream_title"": ""1998 FIFA World Cup""}, {""query_index"": 237, ""entity"": ""Switzerland"", ""support_span"": ""Switzerland hosted the 1954 FIFA World Cup, and was the joint host, with Austria, of the Euro 2008 tournament."", ""why"": ""The country that hosted the tournament is explicitly mentioned as Switzerland."", ""requirement_id"": ""s4"", ""requirement_subquery"": ""Who was in charge in that country?"", ""upstream_position"": 0, ""upstream_title"": ""Switzerland""}, {""query_index"": 237, ""entity"": ""Austria"", ""support_span"": ""Switzerland hosted the 1954 FIFA World Cup, and was the joint host, with Austria, of the Euro 2008 tournament."", ""why"": ""Austria is mentioned as a joint host of the Euro 2008 tournament, which is the same tournament as the one hosted by Switzerland."", ""requirement_id"": ""s4"", ""requirement_subquery"": ""Who was in charge in that country?"", ""upstream_position"": 0, ""upstream_title"": ""Switzerland""}, {""query_index"": 237, ""entity"": ""That Dam"", ""support_span"": ""The country where That Dam is located is not explicitly mentioned, but the dam is referenced in the dependent demand."", ""why"": ""The dam is directly referenced in the dependent demand, so it is included as an anchor."", ""requirement_id"": ""s4"", ""requirement_subquery"": ""Who was in charge in that country?"", ""upstream_position"": 0, ""upstream_title"": ""Switzerland""}, {""query_index"": 237, ""entity"": ""Mexico"", ""support_span"": ""The 1986 FIFA World Cup, the 13th FIFA World Cup, was held in Mexico from 31 May to 29 June 1986."", ""why"": ""The document explicitly states that Mexico hosted the 1986 FIFA World Cup, which is the country in question for the natural boundary."", ""requirement_id"": ""s4"", ""requirement_subquery"": ""Who was in charge in that country?"", ""upstream_position"": 1, ""upstream_title"": ""1986 FIFA World Cup""}, {""query_index"": 237, ""entity"": ""France"", ""support_span"": ""The tournament was won by host country France"", ""why"": ""France is explicitly mentioned as the host country in the upstream document."", ""requirement_id"": ""s4"", ""requirement_subquery"": ""Who was in charge in that country?"", ""upstream_position"": 7, ""upstream_title"": ""1998 FIFA World Cup""}]"
MuSiQue,musique,237,Who was in charge in the country that is the natural boundary between the country that hosted the tournament and the country where That Dam is located?,Myanmar,77,43,34,0,0,0,0,0,0,0,0,0,0,0,0,9.0,That Dam,body_token_overlap,s3,What is the natural boundary between the country that hosted the tournament and the country where That Dam is located?,0,Switzerland,Where is That Dam located?,not_top20,"[{""query_index"": 237, ""entity"": ""Switzerland"", ""support_span"": ""Switzerland hosted the 1954 FIFA World Cup, and was the joint host, with Austria, of the Euro 2008 tournament."", ""why"": ""The upstream document explicitly states that Switzerland hosted the tournament."", ""requirement_id"": ""s3"", ""requirement_subquery"": ""What is the natural boundary between the country that hosted the tournament and the country where That Dam is located?"", ""upstream_position"": 0, ""upstream_title"": ""Switzerland""}, {""query_index"": 237, ""entity"": ""Austria"", ""support_span"": ""Switzerland hosted the 1954 FIFA World Cup, and was the joint host, with Austria, of the Euro 2008 tournament."", ""why"": ""The upstream document explicitly states that Austria was a joint host of the Euro 2008 tournament with Switzerland."", ""requirement_id"": ""s3"", ""requirement_subquery"": ""What is the natural boundary between the country that hosted the tournament and the country where That Dam is located?"", ""upstream_position"": 0, ""upstream_title"": ""Switzerland""}, {""query_index"": 237, ""entity"": ""That Dam"", ""support_span"": ""Where is That Dam located?"", ""why"": ""The dependent demand requires the location of That Dam, which is implied to be in a country that is a natural boundary with Switzerland."", ""requirement_id"": ""s3"", ""requirement_subquery"": ""What is the natural boundary between the country that hosted the tournament and the country where That Dam is located?"", ""upstream_position"": 0, ""upstream_title"": ""Switzerland""}, {""query_index"": 237, ""entity"": ""Mexico"", ""support_span"": ""The 1986 FIFA World Cup, the 13th FIFA World Cup, was held in Mexico from 31 May to 29 June 1986."", ""why"": ""The document explicitly states that Mexico hosted the 1986 FIFA World Cup."", ""requirement_id"": ""s3"", ""requirement_subquery"": ""What is the natural boundary between the country that hosted the tournament and the country where That Dam is located?"", ""upstream_position"": 1, ""upstream_title"": ""1986 FIFA World Cup""}, {""query_index"": 237, ""entity"": ""France"", ""support_span"": ""The tournament was won by host country France"", ""why"": ""France is explicitly mentioned as the host country of the 1998 FIFA World Cup."", ""requirement_id"": ""s3"", ""requirement_subquery"": ""What is the natural boundary between the country that hosted the tournament and the country where That Dam is located?"", ""upstream_position"": 7, ""upstream_title"": ""1998 FIFA World Cup""}, {""query_index"": 237, ""entity"": ""That Dam"", ""support_span"": ""Where is That Dam located?"", ""why"": ""That Dam is explicitly mentioned as the subject of the question about its location."", ""requirement_id"": ""s3"", ""requirement_subquery"": ""What is the natural boundary between the country that hosted the tournament and the country where That Dam is located?"", ""upstream_position"": 7, ""upstream_title"": ""1998 FIFA World Cup""}, {""query_index"": 237, ""entity"": ""Switzerland"", ""support_span"": ""Switzerland hosted the 1954 FIFA World Cup, and was the joint host, with Austria, of the Euro 2008 tournament."", ""why"": ""The country that hosted the tournament is explicitly mentioned as Switzerland."", ""requirement_id"": ""s4"", ""requirement_subquery"": ""Who was in charge in that country?"", ""upstream_position"": 0, ""upstream_title"": ""Switzerland""}, {""query_index"": 237, ""entity"": ""Austria"", ""support_span"": ""Switzerland hosted the 1954 FIFA World Cup, and was the joint host, with Austria, of the Euro 2008 tournament."", ""why"": ""Austria is mentioned as a joint host of the Euro 2008 tournament, which is the same tournament as the one hosted by Switzerland."", ""requirement_id"": ""s4"", ""requirement_subquery"": ""Who was in charge in that country?"", ""upstream_position"": 0, ""upstream_title"": ""Switzerland""}, {""query_index"": 237, ""entity"": ""That Dam"", ""support_span"": ""The country where That Dam is located is not explicitly mentioned, but the dam is referenced in the dependent demand."", ""why"": ""The dam is directly referenced in the dependent demand, so it is included as an anchor."", ""requirement_id"": ""s4"", ""requirement_subquery"": ""Who was in charge in that country?"", ""upstream_position"": 0, ""upstream_title"": ""Switzerland""}, {""query_index"": 237, ""entity"": ""Mexico"", ""support_span"": ""The 1986 FIFA World Cup, the 13th FIFA World Cup, was held in Mexico from 31 May to 29 June 1986."", ""why"": ""The document explicitly states that Mexico hosted the 1986 FIFA World Cup, which is the country in question for the natural boundary."", ""requirement_id"": ""s4"", ""requirement_subquery"": ""Who was in charge in that country?"", ""upstream_position"": 1, ""upstream_title"": ""1986 FIFA World Cup""}, {""query_index"": 237, ""entity"": ""France"", ""support_span"": ""The tournament was won by host country France"", ""why"": ""France is explicitly mentioned as the host country in the upstream document."", ""requirement_id"": ""s4"", ""requirement_subquery"": ""Who was in charge in that country?"", ""upstream_position"": 7, ""upstream_title"": ""1998 FIFA World Cup""}]"
MuSiQue,musique,259,What does SEAL stand for in the military group that is part of the branch that operates the USS Chillicothe?,List of destroyer classes of the United States Navy,16,16,0,0,0,0,1,0,0,0,1,0,0,0,0,17.5,Navy SEAL,title_token_overlap,s3,What does SEAL stand for in that military group?,1,United States Navy SEALs,"The United States Navy's ``Sea, Air, and Land ''Teams, commonly abbreviated as the Navy SEALs",top20_not_top10,"[{""query_index"": 259, ""entity"": ""USS Chillicothe"", ""support_span"": ""USS \""Chillicothe\"" was an iron-clad river gunboat of the United States Navy."", ""why"": ""The upstream document explicitly mentions the USS Chillicothe and its classification as an iron-clad river gunboat of the United States Navy, which is directly relevant to identifying the military branch and group associated with it."", ""requirement_id"": ""s2"", ""requirement_subquery"": ""Which military group is part of that branch?"", ""upstream_position"": 0, ""upstream_title"": ""USS Chillicothe (1862)""}, {""query_index"": 259, ""entity"": ""Naval Special Warfare Command"", ""support_span"": ""the U.S. Navy's primary special operations force and a component of the Naval Special Warfare Command"", ""why"": ""The upstream document explicitly states that the Navy SEALs are a component of the Naval Special Warfare Command, which is relevant to identifying the military branch and its associated groups."", ""requirement_id"": ""s2"", ""requirement_subquery"": ""Which military group is part of that branch?"", ""upstream_position"": 1, ""upstream_title"": ""United States Navy SEALs""}, {""query_index"": 259, ""entity"": ""Judge Advocate General's Corp"", ""support_span"": ""The Judge Advocate General's Corps also known as the ``JAG Corps ''or`` JAG'' is the legal arm of the United States Air Force."", ""why"": ""The upstream document explicitly mentions the Judge Advocate General's Corps as the legal arm of the United States Air Force, which is directly relevant to the dependent demand about the military group part of the branch."", ""requirement_id"": ""s2"", ""requirement_subquery"": ""Which military group is part of that branch?"", ""upstream_position"": 14, ""upstream_title"": ""United States Air Force Judge Advocate General's Corps""}, {""query_index"": 259, ""entity"": ""USS Chillicothe"", ""support_span"": ""USS \""Chillicothe\"" was an iron-clad river gunboat of the United States Navy."", ""why"": ""The upstream document explicitly mentions the USS Chillicothe, which is directly related to the question."", ""requirement_id"": ""s3"", ""requirement_subquery"": ""What does SEAL stand for in that military group?"", ""upstream_position"": 0, ""upstream_title"": ""USS Chillicothe (1862)""}, {""query_index"": 259, ""entity"": ""Navy SEAL"", ""support_span"": ""The United States Navy's ``Sea, Air, and Land ''Teams, commonly abbreviated as the Navy SEALs"", ""why"": ""The upstream document explicitly mentions 'Navy SEALs' as the entity, which is directly related to the dependent demand about what SEAL stands for."", ""requirement_id"": ""s3"", ""requirement_subquery"": ""What does SEAL stand for in that military group?"", ""upstream_position"": 1, ""upstream_title"": ""United States Navy SEALs""}, {""query_index"": 259, ""entity"": ""Judge Advocate General's Corp"", ""support_span"": ""The Judge Advocate General's Corps also known as the ``JAG Corps ''or`` JAG'' is the legal arm of the United States Air Force."", ""why"": ""The upstream document explicitly mentions the Judge Advocate General's Corps as the legal arm of the United States Air Force, which is relevant to the dependent demand about the military group."", ""requirement_id"": ""s3"", ""requirement_subquery"": ""What does SEAL stand for in that military group?"", ""upstream_position"": 14, ""upstream_title"": ""United States Air Force Judge Advocate General's Corps""}]"
MuSiQue,musique,261,Where was the film The Beach filmed in the country where Ercole Manfredi died?,Bang Bon District,38,17,21,0,0,0,0,0,0,0,1,0,0,0,1,55.0,Thailand,body_substring,s3,Where was the film The Beach filmed?,0,Ercole Manfredi,"by adopting a Thai identity and way of life, marrying a Thai woman and settling down permanently",top20_not_top10,"[{""query_index"": 261, ""entity"": ""Thailand"", ""support_span"": ""by adopting a Thai identity and way of life, marrying a Thai woman and settling down permanently"", ""why"": ""The upstream document states that Ercole Manfredi adopted a Thai identity and settled in Thailand, indicating the country where he died."", ""requirement_id"": ""s3"", ""requirement_subquery"": ""Where was the film The Beach filmed?"", ""upstream_position"": 0, ""upstream_title"": ""Ercole Manfredi""}, {""query_index"": 261, ""entity"": ""Koh Phi Phi"", ""support_span"": ""It was filmed on the Thai island Koh Phi Phi."", ""why"": ""The upstream document explicitly states that the film was filmed on Koh Phi Phi, which is a specific location in Thailand."", ""requirement_id"": ""s3"", ""requirement_subquery"": ""Where was the film The Beach filmed?"", ""upstream_position"": 1, ""upstream_title"": ""The Beach (film)""}, {""query_index"": 261, ""entity"": ""Ko Phi Phi Leh"", ""support_span"": ""The production altered some sand dunes and cleared some coconut trees and grass to widen the beach."", ""why"": ""The film The Beach was filmed on Ko Phi Phi Leh, which is explicitly mentioned in the upstream document."", ""requirement_id"": ""s3"", ""requirement_subquery"": ""Where was the film The Beach filmed?"", ""upstream_position"": 2, ""upstream_title"": ""The Beach (film)""}, {""query_index"": 261, ""entity"": ""Chulalongkorn University"", ""support_span"": ""He contributed to much of Bangkok's architectural heritage, but no complete records of his works were kept."", ""why"": ""The document mentions Chulalongkorn University as a place where Manfredi became a lecturer, indicating his connection to Thailand, which is the country where he died."", ""requirement_id"": ""s4"", ""requirement_subquery"": ""What is the country where Ercole Manfredi died?"", ""upstream_position"": 0, ""upstream_title"": ""Ercole Manfredi""}, {""query_index"": 261, ""entity"": ""Koh Phi Phi"", ""support_span"": ""It was filmed on the Thai island Koh Phi Phi."", ""why"": ""The upstream document explicitly states that the film was filmed on Koh Phi Phi, which is a specific location in Thailand."", ""requirement_id"": ""s4"", ""requirement_subquery"": ""What is the country where Ercole Manfredi died?"", ""upstream_position"": 1, ""upstream_title"": ""The Beach (film)""}, {""query_index"": 261, ""entity"": ""Ko Phi Phi Leh"", ""support_span"": ""The production altered some sand dunes and cleared some coconut trees and grass to widen the beach."", ""why"": ""The film The Beach was filmed in Ko Phi Phi Leh, which is explicitly mentioned in the upstream document."", ""requirement_id"": ""s4"", ""requirement_subquery"": ""What is the country where Ercole Manfredi died?"", ""upstream_position"": 2, ""upstream_title"": ""The Beach (film)""}]"
MuSiQue,musique,269,"During WW2, who was the leader of the country near the country of citizenship of the writer of The Book Thief?",Military history of New Zealand during World War II,9,61,-52,0,0,1,1,0,0,0,0,0,0,0,0,0.0,,,,,-1,,,no_positive_score_for_gold,"[{""query_index"": 269, ""entity"": ""Markus Zusak"", ""support_span"": ""The film is based on the 2005 novel The Book Thief by Markus Zusak"", ""why"": ""The upstream document explicitly states that the film is based on the novel by Markus Zusak, making him the writer of The Book Thief."", ""requirement_id"": ""s2"", ""requirement_subquery"": ""What is the country of citizenship of the writer of The Book Thief?"", ""upstream_position"": 0, ""upstream_title"": ""The Book Thief (film)""}, {""query_index"": 269, ""entity"": ""Markus Zusak"", ""support_span"": ""Based on The Book Thief by Markus Zusak"", ""why"": ""The upstream document explicitly mentions Markus Zusak as the author of The Book Thief."", ""requirement_id"": ""s2"", ""requirement_subquery"": ""What is the country of citizenship of the writer of The Book Thief?"", ""upstream_position"": 1, ""upstream_title"": ""The Book Thief (film)""}, {""query_index"": 269, ""entity"": ""The Book Thief"", ""support_span"": ""Who is the writer of The Book Thief?"", ""why"": ""The question directly references the title of the work, which is explicitly mentioned in the dependent demand."", ""requirement_id"": ""s2"", ""requirement_subquery"": ""What is the country of citizenship of the writer of The Book Thief?"", ""upstream_position"": 2, ""upstream_title"": ""Sarah's Key""}, {""query_index"": 269, ""entity"": ""Germany"", ""support_span"": ""The film is about a young girl living with her adoptive German family during the Nazi era."", ""why"": ""The country of citizenship of the writer of The Book Thief is implied to be Germany based on the context of the film's setting and the mention of the Nazi era."", ""requirement_id"": ""s3"", ""requirement_subquery"": ""Who was the leader of the country near the country of citizenship of the writer of The Book Thief?"", ""upstream_position"": 0, ""upstream_title"": ""The Book Thief (film)""}, {""query_index"": 269, ""entity"": ""Germany"", ""support_span"": ""Country United States Germany"", ""why"": ""The upstream document explicitly states that the film is based on The Book Thief by Markus Zusak, and the country associated with the film is Germany."", ""requirement_id"": ""s3"", ""requirement_subquery"": ""Who was the leader of the country near the country of citizenship of the writer of The Book Thief?"", ""upstream_position"": 1, ""upstream_title"": ""The Book Thief (film)""}, {""query_index"": 269, ""entity"": ""France"", ""support_span"": ""Vel' d'Hiv Roundup of Jews in German-occupied Paris in 1942"", ""why"": ""The upstream document mentions the Vel' d'Hiv Roundup in German-occupied Paris, indicating the country involved is France."", ""requirement_id"": ""s3"", ""requirement_subquery"": ""Who was the leader of the country near the country of citizenship of the writer of The Book Thief?"", ""upstream_position"": 2, ""upstream_title"": ""Sarah's Key""}]"
MuSiQue,musique,269,"During WW2, who was the leader of the country near the country of citizenship of the writer of The Book Thief?",The Messenger (Zusak novel),11,6,5,0,0,0,1,0,0,1,1,0,0,1,0,55.0,Markus Zusak,body_substring,s2,What is the country of citizenship of the writer of The Book Thief?,0,The Book Thief (film),The film is based on the 2005 novel The Book Thief by Markus Zusak,top10_not_top5,"[{""query_index"": 269, ""entity"": ""Markus Zusak"", ""support_span"": ""The film is based on the 2005 novel The Book Thief by Markus Zusak"", ""why"": ""The upstream document explicitly states that the film is based on the novel by Markus Zusak, making him the writer of The Book Thief."", ""requirement_id"": ""s2"", ""requirement_subquery"": ""What is the country of citizenship of the writer of The Book Thief?"", ""upstream_position"": 0, ""upstream_title"": ""The Book Thief (film)""}, {""query_index"": 269, ""entity"": ""Markus Zusak"", ""support_span"": ""Based on The Book Thief by Markus Zusak"", ""why"": ""The upstream document explicitly mentions Markus Zusak as the author of The Book Thief."", ""requirement_id"": ""s2"", ""requirement_subquery"": ""What is the country of citizenship of the writer of The Book Thief?"", ""upstream_position"": 1, ""upstream_title"": ""The Book Thief (film)""}, {""query_index"": 269, ""entity"": ""The Book Thief"", ""support_span"": ""Who is the writer of The Book Thief?"", ""why"": ""The question directly references the title of the work, which is explicitly mentioned in the dependent demand."", ""requirement_id"": ""s2"", ""requirement_subquery"": ""What is the country of citizenship of the writer of The Book Thief?"", ""upstream_position"": 2, ""upstream_title"": ""Sarah's Key""}, {""query_index"": 269, ""entity"": ""Germany"", ""support_span"": ""The film is about a young girl living with her adoptive German family during the Nazi era."", ""why"": ""The country of citizenship of the writer of The Book Thief is implied to be Germany based on the context of the film's setting and the mention of the Nazi era."", ""requirement_id"": ""s3"", ""requirement_subquery"": ""Who was the leader of the country near the country of citizenship of the writer of The Book Thief?"", ""upstream_position"": 0, ""upstream_title"": ""The Book Thief (film)""}, {""query_index"": 269, ""entity"": ""Germany"", ""support_span"": ""Country United States Germany"", ""why"": ""The upstream document explicitly states that the film is based on The Book Thief by Markus Zusak, and the country associated with the film is Germany."", ""requirement_id"": ""s3"", ""requirement_subquery"": ""Who was the leader of the country near the country of citizenship of the writer of The Book Thief?"", ""upstream_position"": 1, ""upstream_title"": ""The Book Thief (film)""}, {""query_index"": 269, ""entity"": ""France"", ""support_span"": ""Vel' d'Hiv Roundup of Jews in German-occupied Paris in 1942"", ""why"": ""The upstream document mentions the Vel' d'Hiv Roundup in German-occupied Paris, indicating the country involved is France."", ""requirement_id"": ""s3"", ""requirement_subquery"": ""Who was the leader of the country near the country of citizenship of the writer of The Book Thief?"", ""upstream_position"": 2, ""upstream_title"": ""Sarah's Key""}]"
MuSiQue,musique,281,"How were the people that the Somali Muslim Ajuran Empire made coins to proclaim independence from, expelled from the country where Star Cola is produced?",Myanmar,83,0,83,0,0,0,0,1,1,1,1,1,1,1,1,100.0,Myanmar,title_exact,s2,Which people were expelled from the country where Star Cola is produced?,1,Star Cola,Star Cola is a cola drink produced in Myanmar.,recovered_top5,"[{""query_index"": 281, ""entity"": ""Portuguese"", ""support_span"": ""The Somali Muslim Ajuran Empire, allied with the Ottomans, defied the Portuguese economic monopoly in the Indian Ocean by employing a new coinage which followed the Ottoman pattern, thus proclaiming an attitude of economic independence in regard to the Portuguese."", ""why"": ""The upstream document explicitly mentions the Portuguese as the entity against which the Somali Muslim Ajuran Empire proclaimed economic independence, which is directly relevant to the dependent demand about people expelled from the country where Star Cola is produced."", ""requirement_id"": ""s2"", ""requirement_subquery"": ""Which people were expelled from the country where Star Cola is produced?"", ""upstream_position"": 0, ""upstream_title"": ""Ottoman Empire""}, {""query_index"": 281, ""entity"": ""Myanmar"", ""support_span"": ""Star Cola is a cola drink produced in Myanmar."", ""why"": ""The upstream document explicitly states that Star Cola is produced in Myanmar, making it the country where Star Cola is produced."", ""requirement_id"": ""s2"", ""requirement_subquery"": ""Which people were expelled from the country where Star Cola is produced?"", ""upstream_position"": 1, ""upstream_title"": ""Star Cola""}, {""query_index"": 281, ""entity"": ""Somalia"", ""support_span"": ""Somali people in the Horn of Africa are divided among different countries (Somalia, Djibouti, Ethiopia, and northeastern Kenya) that were artificially and some might say arbitrarily partitioned by the former imperial powers."", ""why"": ""The upstream document explicitly mentions Somalia as one of the countries where Somali people are divided, and it is directly linked to the context of the Ajuran Empire and Pan-Somalism."", ""requirement_id"": ""s2"", ""requirement_subquery"": ""Which people were expelled from the country where Star Cola is produced?"", ""upstream_position"": 2, ""upstream_title"": ""Somalis""}, {""query_index"": 281, ""entity"": ""Somali Muslim Ajuran Empire"", ""support_span"": ""The Somali Muslim Ajuran Empire, allied with the Ottomans, defied the Portuguese economic monopoly in the Indian Ocean by employing a new coinage which followed the Ottoman pattern, thus proclaiming an attitude of economic independence in regard to the Portuguese."", ""why"": ""The upstream document explicitly mentions the Somali Muslim Ajuran Empire as the entity that made coins to proclaim independence from the Portuguese, which are the people referred to in the dependent demand."", ""requirement_id"": ""s3"", ""requirement_subquery"": ""Which empire made coins to proclaim independence from the people that were expelled from the country where Star Cola is produced?"", ""upstream_position"": 0, ""upstream_title"": ""Ottoman Empire""}, {""query_index"": 281, ""entity"": ""Myanma Golden Star"", ""support_span"": ""Star Cola is manufactured and distributed by \""MGS Beverages Co., Ltd.\"", which is under the MGS (Myanma Golden Star) Group of Companies."", ""why"": ""The upstream document explicitly mentions the MGS (Myanma Golden Star) Group of Companies as the entity responsible for manufacturing Star Cola, which is produced in Myanmar."", ""requirement_id"": ""s3"", ""requirement_subquery"": ""Which empire made coins to proclaim independence from the people that were expelled from the country where Star Cola is produced?"", ""upstream_position"": 1, ""upstream_title"": ""Star Cola""}, {""query_index"": 281, ""entity"": ""Ajuran Empire"", ""support_span"": ""Somali empires such as the Ajuran Empire, the Adal Sultanate, the Gobroon Dynasty and the Dervish State"", ""why"": ""The Ajuran Empire is explicitly mentioned as one of the Somali empires in the upstream document, directly supporting the dependent demand about the empire that made coins to proclaim independence."", ""requirement_id"": ""s3"", ""requirement_subquery"": ""Which empire made coins to proclaim independence from the people that were expelled from the country where Star Cola is produced?"", ""upstream_position"": 2, ""upstream_title"": ""Somalis""}, {""query_index"": 281, ""entity"": ""Somali Muslim Ajuran Empire"", ""support_span"": ""The Somali Muslim Ajuran Empire, allied with the Ottomans, defied the Portuguese economic monopoly in the Indian Ocean by employing a new coinage which followed the Ottoman pattern, thus proclaiming an attitude of economic independence in regard to the Portuguese."", ""why"": ""The upstream document explicitly mentions the Somali Muslim Ajuran Empire and its actions related to making coins to proclaim independence from the Portuguese."", ""requirement_id"": ""s4"", ""requirement_subquery"": ""Which people did the Somali Muslim Ajuran Empire make coins to proclaim independence from?"", ""upstream_position"": 0, ""upstream_title"": ""Ottoman Empire""}, {""query_index"": 281, ""entity"": ""Somali Muslim Ajuran Empire"", ""support_span"": ""s4: Which people did the Somali Muslim Ajuran Empire make coins to proclaim independence from?"", ""why"": ""The dependent demand explicitly mentions the Somali Muslim Ajuran Empire as the subject."", ""requirement_id"": ""s4"", ""requirement_subquery"": ""Which people did the Somali Muslim Ajuran Empire make coins to proclaim independence from?"", ""upstream_position"": 1, ""upstream_title"": ""Star Cola""}, {""query_index"": 281, ""entity"": ""Ajuran Empire"", ""support_span"": ""Somali empires such as the Ajuran Empire, the Adal Sultanate, the Gobroon Dynasty and the Dervish State"", ""why"": ""The Ajuran Empire is explicitly mentioned as one of the Somali empires in the upstream document, directly supporting the dependent demand about the Somali Muslim Ajuran Empire."", ""requirement_id"": ""s4"", ""requirement_subquery"": ""Which people did the Somali Muslim Ajuran Empire make coins to proclaim independence from?"", ""upstream_position"": 2, ""upstream_title"": ""Somalis""}]"
MuSiQue,musique,302,What does SEAL stand for in the military group that is part of the military branch that operates USS Dour?,List of destroyer classes of the United States Navy,19,6,13,0,0,0,1,0,0,1,1,0,0,1,0,26.25,United States Navy SEAL,title_token_overlap,s2,What is the full name of the military group that is part of the military branch that operates USS Dour?,2,United States Navy SEALs,United States Navy SEALs,top10_not_top5,"[{""query_index"": 302, ""entity"": ""Navy SEAL"", ""support_span"": ""The United States Navy's ``Sea, Air, and Land ''Teams, commonly abbreviated as the Navy SEALs"", ""why"": ""The upstream document explicitly mentions 'Navy SEALs' as the full name of the military group associated with the United States Navy."", ""requirement_id"": ""s2"", ""requirement_subquery"": ""What is the full name of the military group that is part of the military branch that operates USS Dour?"", ""upstream_position"": 0, ""upstream_title"": ""United States Navy SEALs""}, {""query_index"": 302, ""entity"": ""USS Dour (AM-223)"", ""support_span"": ""USS \""Dour\"" (AM-223) was an built for the United States Navy during World War II."", ""why"": ""The upstream document explicitly mentions USS Dour (AM-223) and its association with the United States Navy, which is necessary to determine the military branch operating it."", ""requirement_id"": ""s2"", ""requirement_subquery"": ""What is the full name of the military group that is part of the military branch that operates USS Dour?"", ""upstream_position"": 1, ""upstream_title"": ""USS Dour (AM-223)""}, {""query_index"": 302, ""entity"": ""United States Navy SEAL"", ""support_span"": ""United States Navy SEALs"", ""why"": ""The upstream document title directly mentions 'United States Navy SEALs', which is the entity relevant to the dependent demand about the military group."", ""requirement_id"": ""s2"", ""requirement_subquery"": ""What is the full name of the military group that is part of the military branch that operates USS Dour?"", ""upstream_position"": 2, ""upstream_title"": ""United States Navy SEALs""}, {""query_index"": 302, ""entity"": ""Navy SEAL"", ""support_span"": ""The United States Navy's ``Sea, Air, and Land ''Teams, commonly abbreviated as the Navy SEALs"", ""why"": ""The upstream document explicitly mentions 'Navy SEALs' as the full name of the military group, which is directly relevant to the dependent demand about what SEAL stands for."", ""requirement_id"": ""s3"", ""requirement_subquery"": ""What does SEAL stand for in the military group mentioned?"", ""upstream_position"": 0, ""upstream_title"": ""United States Navy SEALs""}, {""query_index"": 302, ""entity"": ""USS Dour (AM-223)"", ""support_span"": ""USS \""Dour\"" (AM-223) was an built for the United States Navy during World War II."", ""why"": ""The upstream document explicitly mentions USS Dour (AM-223) as the ship in question, which is directly relevant to the dependent demand about the military group associated with it."", ""requirement_id"": ""s3"", ""requirement_subquery"": ""What does SEAL stand for in the military group mentioned?"", ""upstream_position"": 1, ""upstream_title"": ""USS Dour (AM-223)""}, {""query_index"": 302, ""entity"": ""United States Navy SEAL"", ""support_span"": ""United States Navy SEALs"", ""why"": ""The upstream document title and content directly mention the United States Navy SEALs, which is the military group in question."", ""requirement_id"": ""s3"", ""requirement_subquery"": ""What does SEAL stand for in the military group mentioned?"", ""upstream_position"": 2, ""upstream_title"": ""United States Navy SEALs""}]"
MuSiQue,musique,346,When did the party Oklahoma's US Senators come from take control of the body determining the rules of the US House and US Senate?,2014 United States Senate elections,20,4,16,0,0,0,0,0,1,1,1,0,1,1,1,85.0,United States Senate,title_substring,s2,When did the party take control of the body determining the rules of the US House and US Senate?,0,Standing Rules of the United States Senate,The Standing Rules of the United States Senate,recovered_top5,"[{""query_index"": 346, ""entity"": ""United States Senate"", ""support_span"": ""The Standing Rules of the United States Senate"", ""why"": ""The upstream document explicitly mentions the United States Senate as the body determining the rules of the US House and US Senate."", ""requirement_id"": ""s2"", ""requirement_subquery"": ""When did the party take control of the body determining the rules of the US House and US Senate?"", ""upstream_position"": 0, ""upstream_title"": ""Standing Rules of the United States Senate""}, {""query_index"": 346, ""entity"": ""Senate Democratic Caucu"", ""support_span"": ""These leaders serve as the chief Senate spokespeople for the political parties respectively holding the majority and the minority in the United States Senate, and manage and schedule the legislative and executive business of the Senate. They are elected to their positions in the Senate by their respective party caucuses, the Senate Democratic Caucus and the Senate Republican Conference."", ""why"": ""The Senate Democratic Caucus is explicitly mentioned as one of the party caucuses that elects the leaders, which is relevant to the dependent demand about the party taking control of the Senate rules body."", ""requirement_id"": ""s2"", ""requirement_subquery"": ""When did the party take control of the body determining the rules of the US House and US Senate?"", ""upstream_position"": 1, ""upstream_title"": ""Party leaders of the United States Senate""}, {""query_index"": 346, ""entity"": ""United States Senate"", ""support_span"": ""The Senate is currently composed of 51 Republicans, 47 Democrats, and 2 independents, both of whom caucus with the Democrats."", ""why"": ""The upstream document refers to the United States Senate as the body determining the rules of the US House and US Senate, which is directly relevant to the dependent demand."", ""requirement_id"": ""s2"", ""requirement_subquery"": ""When did the party take control of the body determining the rules of the US House and US Senate?"", ""upstream_position"": 6, ""upstream_title"": ""Party leaders of the United States Senate""}]"
MuSiQue,musique,358,"What is the average daytime temperature in the region where Richmond is found, in the state where WGCK-FM is located?",North Carolina,73,34,39,0,0,0,0,0,0,0,0,0,0,0,0,9.0,"Coeburn, Virginia",body_token_overlap,s3,"What is the average daytime temperature in the region where Richmond is found, in the state where WGCK-FM is located?",0,WGCK-FM,"WGCK-FM is a Contemporary Christian-formatted broadcast radio station licensed to Coeburn, Virginia",not_top20,"[{""query_index"": 358, ""entity"": ""Coeburn, Virginia"", ""support_span"": ""WGCK-FM is a Contemporary Christian-formatted broadcast radio station licensed to Coeburn, Virginia"", ""why"": ""The upstream document explicitly states that WGCK-FM is licensed to Coeburn, Virginia, which is the state where it is located."", ""requirement_id"": ""s3"", ""requirement_subquery"": ""What is the average daytime temperature in the region where Richmond is found, in the state where WGCK-FM is located?"", ""upstream_position"": 0, ""upstream_title"": ""WGCK-FM""}, {""query_index"": 358, ""entity"": ""Richmond"", ""support_span"": ""What is the average daytime temperature in the region where Richmond is found?"", ""why"": ""The dependent demand explicitly refers to Richmond as the location for which the temperature is being sought."", ""requirement_id"": ""s3"", ""requirement_subquery"": ""What is the average daytime temperature in the region where Richmond is found, in the state where WGCK-FM is located?"", ""upstream_position"": 0, ""upstream_title"": ""WGCK-FM""}, {""query_index"": 358, ""entity"": ""Richmond, Virginia"", ""support_span"": ""Richmond, Virginia"", ""why"": ""The upstream document title explicitly states 'Richmond, Virginia' and provides details about the region where Richmond is found."", ""requirement_id"": ""s3"", ""requirement_subquery"": ""What is the average daytime temperature in the region where Richmond is found, in the state where WGCK-FM is located?"", ""upstream_position"": 1, ""upstream_title"": ""Richmond, Virginia""}, {""query_index"": 358, ""entity"": ""Richmond, Virginia"", ""support_span"": ""Richmond, Virginia"", ""why"": ""The upstream document explicitly mentions Richmond, Virginia, and provides information about the region where Richmond is found."", ""requirement_id"": ""s3"", ""requirement_subquery"": ""What is the average daytime temperature in the region where Richmond is found, in the state where WGCK-FM is located?"", ""upstream_position"": 10, ""upstream_title"": ""Richmond, Virginia""}]"
MuSiQue,musique,373,What is the name of the child of the Italian navigator who sailed for England and explored the east coast of the continent Francisco Vázquez' birthplace is located?,Paula Santiago,24,28,-4,0,0,0,0,0,0,0,0,0,0,0,0,0.0,,,,,-1,,,no_positive_score_for_gold,"[{""query_index"": 373, ""entity"": ""John Cabot"", ""support_span"": ""John Cabot (Italian: Giovanni Caboto; c. 1450 -- c. 1500) was a Venetian navigator and explorer whose 1497 discovery of the coast of North America under the commission of Henry VII of England was the first European exploration of coastal North America since the Norse visits to Vinland in the eleventh century."", ""why"": ""John Cabot is explicitly mentioned as the Italian navigator who sailed for England and explored the east coast of the continent, which is directly relevant to the dependent demand."", ""requirement_id"": ""s2"", ""requirement_subquery"": ""What is the birthplace of Francisco Vázquez?"", ""upstream_position"": 4, ""upstream_title"": ""John Cabot""}, {""query_index"": 373, ""entity"": ""John Cabot"", ""support_span"": ""He was the son of Italian explorer John Cabot (Giovanni Caboto) and his Venetian wife Mattea."", ""why"": ""The upstream document explicitly states that Sebastian Cabot was the son of John Cabot, who is the Italian navigator mentioned in the upstream demand."", ""requirement_id"": ""s2"", ""requirement_subquery"": ""What is the birthplace of Francisco Vázquez?"", ""upstream_position"": 5, ""upstream_title"": ""Sebastian Cabot (explorer)""}, {""query_index"": 373, ""entity"": ""Francisco H. Vázquez"", ""support_span"": ""Francisco H. Vázquez (born June 11, 1949 in Guadalajara, Jalisco, Mexico)"", ""why"": ""The upstream document explicitly mentions Francisco H. Vázquez and his birthplace, which is necessary for determining the birthplace of Francisco Vázquez."", ""requirement_id"": ""s2"", ""requirement_subquery"": ""What is the birthplace of Francisco Vázquez?"", ""upstream_position"": 0, ""upstream_title"": ""Francisco H. Vázquez""}, {""query_index"": 373, ""entity"": ""John Cabot"", ""support_span"": ""John Cabot (Italian: Giovanni Caboto; c. 1450 -- c. 1500) was a Venetian navigator and explorer..."", ""why"": ""The upstream document explicitly mentions John Cabot as the Italian navigator who sailed for England and explored the east coast of the continent, which directly supports the dependent demand for his child's name."", ""requirement_id"": ""s3"", ""requirement_subquery"": ""What is the name of the child of the Italian navigator?"", ""upstream_position"": 4, ""upstream_title"": ""John Cabot""}, {""query_index"": 373, ""entity"": ""John Cabot"", ""support_span"": ""He was the son of Italian explorer John Cabot (Giovanni Caboto) and his Venetian wife Mattea."", ""why"": ""The upstream document explicitly states that Sebastian Cabot was the son of John Cabot, making him the Italian navigator in question."", ""requirement_id"": ""s3"", ""requirement_subquery"": ""What is the name of the child of the Italian navigator?"", ""upstream_position"": 5, ""upstream_title"": ""Sebastian Cabot (explorer)""}, {""query_index"": 373, ""entity"": ""Francisco H. Vázquez"", ""support_span"": ""Francisco H. Vázquez (born June 11, 1949 in Guadalajara, Jalisco, Mexico)"", ""why"": ""The upstream document explicitly mentions Francisco H. Vázquez, who is the subject of the question and the child of the Italian navigator mentioned in the dependent demand."", ""requirement_id"": ""s3"", ""requirement_subquery"": ""What is the name of the child of the Italian navigator?"", ""upstream_position"": 0, ""upstream_title"": ""Francisco H. Vázquez""}]"
MuSiQue,musique,375,What forced the departure from the country responsible for Phoe Pyonn Cho of the people once defied by new coinage?,Myanmar,14,1,13,0,0,0,1,1,1,1,1,1,1,1,0,100.0,Myanmar,title_exact,s2,What forced the departure from that country of the people once defied by new coinage?,1,Phoe Pyonn Cho,Phoe Pyonn Cho is a 1955 Myanmar drama film,recovered_top5,"[{""query_index"": 375, ""entity"": ""Franco-Prussian War"", ""support_span"": ""Franco-Prussian War"", ""why"": ""The upstream document title directly refers to the event, and the content discusses the context of the war, including the exodus from Paris and the involvement of Prussian forces."", ""requirement_id"": ""s2"", ""requirement_subquery"": ""What forced the departure from that country of the people once defied by new coinage?"", ""upstream_position"": 0, ""upstream_title"": ""Franco-Prussian War""}, {""query_index"": 375, ""entity"": ""Myanmar"", ""support_span"": ""Phoe Pyonn Cho is a 1955 Myanmar drama film"", ""why"": ""The upstream document explicitly states that Phoe Pyonn Cho is a Myanmar film, indicating Myanmar as the country responsible for Phoe Pyonn Cho."", ""requirement_id"": ""s2"", ""requirement_subquery"": ""What forced the departure from that country of the people once defied by new coinage?"", ""upstream_position"": 1, ""upstream_title"": ""Phoe Pyonn Cho""}, {""query_index"": 375, ""entity"": ""Gupta Empire"", ""support_span"": ""The Gupta Empire produced large numbers of gold coins depicting the Gupta kings performing various rituals, as well as silver coins clearly influenced by those of the earlier Western Satraps by Chandragupta II."", ""why"": ""The Gupta Empire is explicitly mentioned as the entity responsible for Phoe Pyonn Cho, which is related to the coinage of India."", ""requirement_id"": ""s2"", ""requirement_subquery"": ""What forced the departure from that country of the people once defied by new coinage?"", ""upstream_position"": 3, ""upstream_title"": ""Coinage of India""}]"
MuSiQue,musique,375,What forced the departure from the country responsible for Phoe Pyonn Cho of the people once defied by new coinage?,Ottoman Empire,30,11,19,0,0,0,0,0,0,0,1,0,0,0,1,17.5,Gupta Empire,title_token_overlap,s2,What forced the departure from that country of the people once defied by new coinage?,3,Coinage of India,"The Gupta Empire produced large numbers of gold coins depicting the Gupta kings performing various rituals, as well as silver coins clearly influenced by those of the earlier Western Satraps by Chandragupta II.",top20_not_top10,"[{""query_index"": 375, ""entity"": ""Franco-Prussian War"", ""support_span"": ""Franco-Prussian War"", ""why"": ""The upstream document title directly refers to the event, and the content discusses the context of the war, including the exodus from Paris and the involvement of Prussian forces."", ""requirement_id"": ""s2"", ""requirement_subquery"": ""What forced the departure from that country of the people once defied by new coinage?"", ""upstream_position"": 0, ""upstream_title"": ""Franco-Prussian War""}, {""query_index"": 375, ""entity"": ""Myanmar"", ""support_span"": ""Phoe Pyonn Cho is a 1955 Myanmar drama film"", ""why"": ""The upstream document explicitly states that Phoe Pyonn Cho is a Myanmar film, indicating Myanmar as the country responsible for Phoe Pyonn Cho."", ""requirement_id"": ""s2"", ""requirement_subquery"": ""What forced the departure from that country of the people once defied by new coinage?"", ""upstream_position"": 1, ""upstream_title"": ""Phoe Pyonn Cho""}, {""query_index"": 375, ""entity"": ""Gupta Empire"", ""support_span"": ""The Gupta Empire produced large numbers of gold coins depicting the Gupta kings performing various rituals, as well as silver coins clearly influenced by those of the earlier Western Satraps by Chandragupta II."", ""why"": ""The Gupta Empire is explicitly mentioned as the entity responsible for Phoe Pyonn Cho, which is related to the coinage of India."", ""requirement_id"": ""s2"", ""requirement_subquery"": ""What forced the departure from that country of the people once defied by new coinage?"", ""upstream_position"": 3, ""upstream_title"": ""Coinage of India""}]"
MuSiQue,musique,379,"When did Nissan, the Acura Legend maker and the Scion xD manufacturer open US assembly plants?",Scion xD,6,16,-10,0,0,1,1,0,0,0,1,0,0,0,0,55.0,Toyota,body_substring,s2,When did the company identified in s1 open US assembly plants?,9,Toyota,"Toyota, Nissan Motor Co. and Honda Motor Co. began building plants in the US by the early 1980s.",top20_not_top10,"[{""query_index"": 379, ""entity"": ""Nissan"", ""support_span"": ""Honda, Toyota and Nissan, affected by the 1981 voluntary export restraints, opened US assembly plants and established their luxury divisions (Acura, Lexus and Infiniti, respectively) to distinguish themselves from their mass-market brands."", ""why"": ""The upstream document explicitly mentions Nissan as part of the companies that opened US assembly plants after the 1981 voluntary export restraints."", ""requirement_id"": ""s2"", ""requirement_subquery"": ""When did the company identified in s1 open US assembly plants?"", ""upstream_position"": 0, ""upstream_title"": ""1973 oil crisis""}, {""query_index"": 379, ""entity"": ""Honda"", ""support_span"": ""The Acura Legend is a mid-size luxury/executive car manufactured by Honda."", ""why"": ""The upstream document explicitly states that the Acura Legend is manufactured by Honda, which is the company in question."", ""requirement_id"": ""s2"", ""requirement_subquery"": ""When did the company identified in s1 open US assembly plants?"", ""upstream_position"": 1, ""upstream_title"": ""Acura Legend""}, {""query_index"": 379, ""entity"": ""Toyota"", ""support_span"": ""Toyota, Nissan Motor Co. and Honda Motor Co. began building plants in the US by the early 1980s."", ""why"": ""The upstream document explicitly mentions Toyota as one of the companies that began building plants in the US by the early 1980s, which is relevant to the dependent demand about when the company opened US assembly plants."", ""requirement_id"": ""s2"", ""requirement_subquery"": ""When did the company identified in s1 open US assembly plants?"", ""upstream_position"": 9, ""upstream_title"": ""Toyota""}]"
MuSiQue,musique,400,"A country's military branch, the equivalent of which in the US contains the Air Defense Artillery, was unprepared for the invasion of Ivo Werner's country. When was the word ""Slavs"" used in the national anthem of the unprepared country?",United States Army,32,21,11,0,0,0,0,0,0,0,0,0,0,0,0,17.5,Yugoslav army,title_token_overlap,s2,Which country was invaded by Ivo Werner's country?,1,Josip Broz Tito,"In April 1969, Tito removed generals Ivan Gošnjak and Rade Hamović in the aftermath of the invasion of Czechoslovakia due to the unpreparedness of the Yugoslav army to respond to a similar invasion of Yugoslavia.",not_top20,"[{""query_index"": 400, ""entity"": ""Slovak Republic"", ""support_span"": ""The word \""Slavs\"" was used in the national anthem of the Slovak Republic (1939–1945), Yugoslavia (1943–1992) and the Federal Republic of Yugoslavia (1992–2003), later Serbia and Montenegro (2003–2006)."", ""why"": ""The upstream document mentions the Slovak Republic as one of the countries where the word 'Slavs' was used in the national anthem, which is relevant to the dependent demand."", ""requirement_id"": ""s2"", ""requirement_subquery"": ""Which country was invaded by Ivo Werner's country?"", ""upstream_position"": 0, ""upstream_title"": ""Slavs""}, {""query_index"": 400, ""entity"": ""Yugoslav army"", ""support_span"": ""In April 1969, Tito removed generals Ivan Gošnjak and Rade Hamović in the aftermath of the invasion of Czechoslovakia due to the unpreparedness of the Yugoslav army to respond to a similar invasion of Yugoslavia."", ""why"": ""The upstream document explicitly mentions the unpreparedness of the Yugoslav army, which is directly related to the dependent demand about the country that was invaded by Ivo Werner's country."", ""requirement_id"": ""s2"", ""requirement_subquery"": ""Which country was invaded by Ivo Werner's country?"", ""upstream_position"": 1, ""upstream_title"": ""Josip Broz Tito""}, {""query_index"": 400, ""entity"": ""Soviet Union"", ""support_span"": ""In some countries, such as Britain and Germany during the Second World War, the Soviet Union and NATO's Allied Command Europe, ground based air defence and air defence aircraft have been under integrated command and control."", ""why"": ""The Soviet Union is explicitly mentioned as a country with integrated air defence command, which is relevant to the military branch equivalent to the US Air Defense Artillery."", ""requirement_id"": ""s2"", ""requirement_subquery"": ""Which country was invaded by Ivo Werner's country?"", ""upstream_position"": 15, ""upstream_title"": ""Anti-aircraft warfare""}, {""query_index"": 400, ""entity"": ""Slovak Republic"", ""support_span"": ""The word \""Slavs\"" was used in the national anthem of the Slovak Republic (1939–1945), Yugoslavia (1943–1992) and the Federal Republic of Yugoslavia (1992–2003), later Serbia and Montenegro (2003–2006)."", ""why"": ""The upstream document explicitly mentions the Slovak Republic as one of the countries where the word 'Slavs' was used in the national anthem."", ""requirement_id"": ""s3"", ""requirement_subquery"": ""When was the word 'Slavs' used in the national anthem of the unprepared country?"", ""upstream_position"": 0, ""upstream_title"": ""Slavs""}, {""query_index"": 400, ""entity"": ""Yugoslav army"", ""support_span"": ""In April 1969, Tito removed generals Ivan Gošnjak and Rade Hamović in the aftermath of the invasion of Czechoslovakia due to the unpreparedness of the Yugoslav army to respond to a similar invasion of Yugoslavia."", ""why"": ""The upstream document explicitly mentions the unpreparedness of the Yugoslav army, which is the country's military branch equivalent to the US Air Defense Artillery."", ""requirement_id"": ""s3"", ""requirement_subquery"": ""When was the word 'Slavs' used in the national anthem of the unprepared country?"", ""upstream_position"": 1, ""upstream_title"": ""Josip Broz Tito""}, {""query_index"": 400, ""entity"": ""Soviet Union"", ""support_span"": ""In some countries, such as Britain and Germany during the Second World War, the Soviet Union and NATO's Allied Command Europe, ground based air defence and air defence aircraft have been under integrated command and control."", ""why"": ""The Soviet Union is explicitly mentioned as a country with integrated air defence command, which aligns with the military branch equivalent to the US Air Defense Artillery."", ""requirement_id"": ""s3"", ""requirement_subquery"": ""When was the word 'Slavs' used in the national anthem of the unprepared country?"", ""upstream_position"": 15, ""upstream_title"": ""Anti-aircraft warfare""}]"
MuSiQue,musique,402,Who is the wife of the man who produced the documentary of the pop star who influenced Beyonce?,Liza and David,33,33,0,0,0,0,0,0,0,0,0,0,0,0,0,55.0,David Gest,body_substring,s3,Who is the wife of that producer?,0,Michael Jackson: The Life of an Icon,"Michael Jackson: The Life of an Icon is a documentary film about pop singer Michael Jackson produced by his friend, David Gest.",not_top20,"[{""query_index"": 402, ""entity"": ""Michael Jackson"", ""support_span"": ""Beyoncé names Michael Jackson as her major musical influence."", ""why"": ""The upstream document explicitly mentions Michael Jackson as a major musical influence of Beyoncé, which is directly relevant to the dependent demand."", ""requirement_id"": ""s2"", ""requirement_subquery"": ""Who produced the documentary of that pop star?"", ""upstream_position"": 1, ""upstream_title"": ""Beyoncé""}, {""query_index"": 402, ""entity"": ""Michael Jackson"", ""support_span"": ""Michael Jackson: The Life of an Icon is a documentary film about pop singer Michael Jackson produced by his friend, David Gest."", ""why"": ""The upstream document explicitly mentions Michael Jackson as the subject of the documentary, which is relevant to the dependent demand about the producer of the documentary of the pop star who influenced Beyonce."", ""requirement_id"": ""s2"", ""requirement_subquery"": ""Who produced the documentary of that pop star?"", ""upstream_position"": 0, ""upstream_title"": ""Michael Jackson: The Life of an Icon""}, {""query_index"": 402, ""entity"": ""Adele"", ""support_span"": ""Beyoncé's work has influenced numerous artists including Adele, Ariana Grande, Lady Gaga, Bridgit Mendler, Rihanna, Kelly Rowland, Sam Smith, Meghan Trainor, Nicole Scherzinger, Rita Ora, Zendaya, Cheryl Cole, JoJo, Alexis Jordan, Jessica Sanchez, and Azealia Banks."", ""why"": ""Adele is explicitly mentioned as an artist influenced by Beyoncé, making her a relevant entity for the upstream demand."", ""requirement_id"": ""s2"", ""requirement_subquery"": ""Who produced the documentary of that pop star?"", ""upstream_position"": 6, ""upstream_title"": ""Beyoncé""}, {""query_index"": 402, ""entity"": ""David Gest"", ""support_span"": ""Michael Jackson: The Life of an Icon is a documentary film about pop singer Michael Jackson produced by his friend, David Gest."", ""why"": ""The upstream document explicitly states that David Gest produced the documentary, making him the direct subject of the dependent demand."", ""requirement_id"": ""s3"", ""requirement_subquery"": ""Who is the wife of that producer?"", ""upstream_position"": 0, ""upstream_title"": ""Michael Jackson: The Life of an Icon""}, {""query_index"": 402, ""entity"": ""Michael Jackson"", ""support_span"": ""Beyoncé names Michael Jackson as her major musical influence."", ""why"": ""The upstream document explicitly mentions Michael Jackson as a major musical influence of Beyoncé, which is directly relevant to the dependent demand."", ""requirement_id"": ""s3"", ""requirement_subquery"": ""Who is the wife of that producer?"", ""upstream_position"": 1, ""upstream_title"": ""Beyoncé""}, {""query_index"": 402, ""entity"": ""Beyoncé"", ""support_span"": ""Beyoncé's work has influenced numerous artists including Adele, Ariana Grande, Lady Gaga, Bridgit Mendler, Rihanna, Kelly Rowland, Sam Smith, Meghan Trainor, Nicole Scherzinger, Rita Ora, Zendaya, Cheryl Cole, JoJo, Alexis Jordan, Jessica Sanchez, and Azealia Banks."", ""why"": ""The upstream document mentions Beyoncé as the pop star who influenced other artists, which is directly relevant to the dependent demand."", ""requirement_id"": ""s3"", ""requirement_subquery"": ""Who is the wife of that producer?"", ""upstream_position"": 6, ""upstream_title"": ""Beyoncé""}]"
MuSiQue,musique,413,"When did Nissan, the Acura Legend maker and the top selling car brand open US assembly plants?",List of best-selling automobiles,12,21,-9,0,0,0,1,0,0,0,0,0,0,0,0,55.0,Nissan,body_substring,s2,When did Nissan open its first US assembly plant?,0,1973 oil crisis,"Honda, Toyota and Nissan, affected by the 1981 voluntary export restraints, opened US assembly plants and established their luxury divisions (Acura, Lexus and Infiniti, respectively) to distinguish themselves from their mass-market brands.",not_top20,"[{""query_index"": 413, ""entity"": ""Nissan"", ""support_span"": ""Honda, Toyota and Nissan, affected by the 1981 voluntary export restraints, opened US assembly plants and established their luxury divisions (Acura, Lexus and Infiniti, respectively) to distinguish themselves from their mass-market brands."", ""why"": ""The upstream document explicitly mentions Nissan as part of the companies that opened US assembly plants after the 1981 voluntary export restraints."", ""requirement_id"": ""s2"", ""requirement_subquery"": ""When did Nissan open its first US assembly plant?"", ""upstream_position"": 0, ""upstream_title"": ""1973 oil crisis""}, {""query_index"": 413, ""entity"": ""Honda"", ""support_span"": ""The Acura Legend is a mid-size luxury/executive car manufactured by Honda."", ""why"": ""The upstream document explicitly states that the Acura Legend is manufactured by Honda, which is directly relevant to the dependent demand about Nissan's assembly plants, as Nissan is a separate entity from Honda."", ""requirement_id"": ""s2"", ""requirement_subquery"": ""When did Nissan open its first US assembly plant?"", ""upstream_position"": 1, ""upstream_title"": ""Acura Legend""}, {""query_index"": 413, ""entity"": ""Toyota"", ""support_span"": ""Toyota, Nissan Motor Co. and Honda Motor Co. began building plants in the US by the early 1980s."", ""why"": ""The upstream document mentions Toyota alongside Nissan Motor Co. and Honda Motor Co. as companies that began building plants in the US by the early 1980s, which is relevant to the dependent demand about Nissan's US assembly plants."", ""requirement_id"": ""s2"", ""requirement_subquery"": ""When did Nissan open its first US assembly plant?"", ""upstream_position"": 10, ""upstream_title"": ""Toyota""}]"
MuSiQue,musique,441,Who owns the record label of the Every Turn of the World performer?,Back of My Mind,35,7,28,0,0,0,0,0,0,1,1,0,0,1,1,55.0,Christopher Cro,body_substring,s2,Which record label does that performer belong to?,0,Every Turn of the World,"Every Turn of the World is the third studio album by Christopher Cross, recorded and released in 1985.",top10_not_top5,"[{""query_index"": 441, ""entity"": ""Christopher Cro"", ""support_span"": ""Every Turn of the World is the third studio album by Christopher Cross, recorded and released in 1985."", ""why"": ""The upstream document explicitly states that Christopher Cross is the performer of the song Every Turn of the World."", ""requirement_id"": ""s2"", ""requirement_subquery"": ""Which record label does that performer belong to?"", ""upstream_position"": 0, ""upstream_title"": ""Every Turn of the World""}, {""query_index"": 441, ""entity"": ""Blue Note"", ""support_span"": ""Label Blue Note"", ""why"": ""The upstream document explicitly mentions 'Label Blue Note' as the record label for the song 'Turn Me On' by Norah Jones, which is the performer in question."", ""requirement_id"": ""s2"", ""requirement_subquery"": ""Which record label does that performer belong to?"", ""upstream_position"": 1, ""upstream_title"": ""Turn Me On (Mark Dinning song)""}, {""query_index"": 441, ""entity"": ""19 Entertainment"", ""support_span"": ""19 Recordings, a recording label owned by 19 Entertainment, currently hold the rights to phonographic material recorded by all the contestants."", ""why"": ""The upstream document states that 19 Recordings is owned by 19 Entertainment, which is directly relevant to the dependent demand about the record label of the performer."", ""requirement_id"": ""s2"", ""requirement_subquery"": ""Which record label does that performer belong to?"", ""upstream_position"": 9, ""upstream_title"": ""American Idol""}, {""query_index"": 441, ""entity"": ""Christopher Cro"", ""support_span"": ""Every Turn of the World is the third studio album by Christopher Cross"", ""why"": ""The upstream document explicitly states that Christopher Cross is the performer of the album 'Every Turn of the World'."", ""requirement_id"": ""s3"", ""requirement_subquery"": ""Who owns that record label?"", ""upstream_position"": 0, ""upstream_title"": ""Every Turn of the World""}, {""query_index"": 441, ""entity"": ""Blue Note"", ""support_span"": ""Label Blue Note"", ""why"": ""The upstream document explicitly mentions 'Label Blue Note' as the record label for the single 'Turn Me On' by Norah Jones."", ""requirement_id"": ""s3"", ""requirement_subquery"": ""Who owns that record label?"", ""upstream_position"": 1, ""upstream_title"": ""Turn Me On (Mark Dinning song)""}, {""query_index"": 441, ""entity"": ""19 Entertainment"", ""support_span"": ""19 Recordings, a recording label owned by 19 Entertainment, currently hold the rights to phonographic material recorded by all the contestants."", ""why"": ""The upstream document explicitly states that 19 Recordings is owned by 19 Entertainment, which is directly relevant to the dependent demand about who owns the record label."", ""requirement_id"": ""s3"", ""requirement_subquery"": ""Who owns that record label?"", ""upstream_position"": 9, ""upstream_title"": ""American Idol""}]"
MuSiQue,musique,441,Who owns the record label of the Every Turn of the World performer?,Warner Records,21,11,10,0,0,0,0,0,0,0,1,0,0,0,1,18.0,19 Entertainment,body_token_overlap,s2,Which record label does that performer belong to?,9,American Idol,"19 Recordings, a recording label owned by 19 Entertainment, currently hold the rights to phonographic material recorded by all the contestants.",top20_not_top10,"[{""query_index"": 441, ""entity"": ""Christopher Cro"", ""support_span"": ""Every Turn of the World is the third studio album by Christopher Cross, recorded and released in 1985."", ""why"": ""The upstream document explicitly states that Christopher Cross is the performer of the song Every Turn of the World."", ""requirement_id"": ""s2"", ""requirement_subquery"": ""Which record label does that performer belong to?"", ""upstream_position"": 0, ""upstream_title"": ""Every Turn of the World""}, {""query_index"": 441, ""entity"": ""Blue Note"", ""support_span"": ""Label Blue Note"", ""why"": ""The upstream document explicitly mentions 'Label Blue Note' as the record label for the song 'Turn Me On' by Norah Jones, which is the performer in question."", ""requirement_id"": ""s2"", ""requirement_subquery"": ""Which record label does that performer belong to?"", ""upstream_position"": 1, ""upstream_title"": ""Turn Me On (Mark Dinning song)""}, {""query_index"": 441, ""entity"": ""19 Entertainment"", ""support_span"": ""19 Recordings, a recording label owned by 19 Entertainment, currently hold the rights to phonographic material recorded by all the contestants."", ""why"": ""The upstream document states that 19 Recordings is owned by 19 Entertainment, which is directly relevant to the dependent demand about the record label of the performer."", ""requirement_id"": ""s2"", ""requirement_subquery"": ""Which record label does that performer belong to?"", ""upstream_position"": 9, ""upstream_title"": ""American Idol""}, {""query_index"": 441, ""entity"": ""Christopher Cro"", ""support_span"": ""Every Turn of the World is the third studio album by Christopher Cross"", ""why"": ""The upstream document explicitly states that Christopher Cross is the performer of the album 'Every Turn of the World'."", ""requirement_id"": ""s3"", ""requirement_subquery"": ""Who owns that record label?"", ""upstream_position"": 0, ""upstream_title"": ""Every Turn of the World""}, {""query_index"": 441, ""entity"": ""Blue Note"", ""support_span"": ""Label Blue Note"", ""why"": ""The upstream document explicitly mentions 'Label Blue Note' as the record label for the single 'Turn Me On' by Norah Jones."", ""requirement_id"": ""s3"", ""requirement_subquery"": ""Who owns that record label?"", ""upstream_position"": 1, ""upstream_title"": ""Turn Me On (Mark Dinning song)""}, {""query_index"": 441, ""entity"": ""19 Entertainment"", ""support_span"": ""19 Recordings, a recording label owned by 19 Entertainment, currently hold the rights to phonographic material recorded by all the contestants."", ""why"": ""The upstream document explicitly states that 19 Recordings is owned by 19 Entertainment, which is directly relevant to the dependent demand about who owns the record label."", ""requirement_id"": ""s3"", ""requirement_subquery"": ""Who owns that record label?"", ""upstream_position"": 9, ""upstream_title"": ""American Idol""}]"
MuSiQue,musique,453,"The German priest, who wanted Joseph Strickland's religious denomination to reform, preached a sermon on Marian devotion soon before his death in what German state?",Reformation,4,16,-12,0,1,1,1,0,0,0,1,0,0,0,0,9.0,Roman Catholic Diocese of Tyler,body_token_overlap,s2,In which German state did the German priest preach a sermon on Marian devotion before his death?,0,Joseph Strickland,he has been the Bishop of the Roman Catholic Diocese of Tyler.,top20_not_top10,"[{""query_index"": 453, ""entity"": ""Roman Catholic Diocese of Tyler"", ""support_span"": ""he has been the Bishop of the Roman Catholic Diocese of Tyler."", ""why"": ""The upstream document explicitly states that Joseph Strickland was the Bishop of the Roman Catholic Diocese of Tyler, which is an entity directly supported by the text."", ""requirement_id"": ""s2"", ""requirement_subquery"": ""In which German state did the German priest preach a sermon on Marian devotion before his death?"", ""upstream_position"": 0, ""upstream_title"": ""Joseph Strickland""}, {""query_index"": 453, ""entity"": ""Joseph Strickland"", ""support_span"": ""Which German state was Joseph Strickland associated with?"", ""why"": ""The upstream document mentions Joseph Strickland in the context of a German priest and his religious denomination, implying a connection to a German state."", ""requirement_id"": ""s2"", ""requirement_subquery"": ""In which German state did the German priest preach a sermon on Marian devotion before his death?"", ""upstream_position"": 1, ""upstream_title"": ""Mary, mother of Jesus""}, {""query_index"": 453, ""entity"": ""Thuringian state"", ""support_span"": ""The 7 Thuringian states were merged in 1920, whereby Coburg opted for Bavaria, Pyrmont joined Prussia i"", ""why"": ""The upstream document discusses the historical merging of the Thuringian states, which is relevant to understanding the context of German states, though it does not directly mention Joseph Strickland or the priest's activities."", ""requirement_id"": ""s2"", ""requirement_subquery"": ""In which German state did the German priest preach a sermon on Marian devotion before his death?"", ""upstream_position"": 12, ""upstream_title"": ""States of Germany""}]"
MuSiQue,musique,492,who has had the most hits in the league that includes the team that has played the most games of the type played just before the league MVP is awarded?,New York Yankees,39,22,17,0,0,0,0,0,0,0,0,0,0,0,0,55.0,Major League Baseball,body_substring,s2,Which league includes that team?,0,List of Major League Baseball single-game hits leaders,List of Major League Baseball single-game hits leaders,not_top20,"[{""query_index"": 492, ""entity"": ""Major League Baseball"", ""support_span"": ""List of Major League Baseball single-game hits leaders"", ""why"": ""The upstream document title explicitly mentions Major League Baseball, which is the league in question for the dependent demand."", ""requirement_id"": ""s2"", ""requirement_subquery"": ""Which league includes that team?"", ""upstream_position"": 0, ""upstream_title"": ""List of Major League Baseball single-game hits leaders""}, {""query_index"": 492, ""entity"": ""Major League Baseball"", ""support_span"": ""Major League Baseball Most Valuable Player Award"", ""why"": ""The upstream document title directly refers to the league in question, which is relevant to the dependent demand about which league includes the team."", ""requirement_id"": ""s2"", ""requirement_subquery"": ""Which league includes that team?"", ""upstream_position"": 1, ""upstream_title"": ""Major League Baseball Most Valuable Player Award""}, {""query_index"": 492, ""entity"": ""Sports league ranking"", ""support_span"": ""Sports league ranking"", ""why"": ""The upstream document title directly supports the context of the dependent demand."", ""requirement_id"": ""s2"", ""requirement_subquery"": ""Which league includes that team?"", ""upstream_position"": 23, ""upstream_title"": ""Sports league ranking""}, {""query_index"": 492, ""entity"": ""Major League Baseball"", ""support_span"": ""Major League Baseball (MLB) game"", ""why"": ""The upstream document refers to Major League Baseball (MLB) games, which is the league in question."", ""requirement_id"": ""s3"", ""requirement_subquery"": ""Who has had the most hits in that league?"", ""upstream_position"": 0, ""upstream_title"": ""List of Major League Baseball single-game hits leaders""}, {""query_index"": 492, ""entity"": ""Major League Baseball"", ""support_span"": ""Major League Baseball Most Valuable Player Award"", ""why"": ""The upstream document title directly mentions Major League Baseball, which is the league in question."", ""requirement_id"": ""s3"", ""requirement_subquery"": ""Who has had the most hits in that league?"", ""upstream_position"": 1, ""upstream_title"": ""Major League Baseball Most Valuable Player Award""}, {""query_index"": 492, ""entity"": ""Sports league ranking"", ""support_span"": ""Sports league ranking"", ""why"": ""The upstream document title directly supports the context of the question about league rankings and teams."", ""requirement_id"": ""s3"", ""requirement_subquery"": ""Who has had the most hits in that league?"", ""upstream_position"": 23, ""upstream_title"": ""Sports league ranking""}]"
MuSiQue,musique,492,who has had the most hits in the league that includes the team that has played the most games of the type played just before the league MVP is awarded?,World Series,6,50,-44,0,0,1,1,0,0,0,0,0,0,0,0,0.0,,,,,-1,,,no_positive_score_for_gold,"[{""query_index"": 492, ""entity"": ""Major League Baseball"", ""support_span"": ""List of Major League Baseball single-game hits leaders"", ""why"": ""The upstream document title explicitly mentions Major League Baseball, which is the league in question for the dependent demand."", ""requirement_id"": ""s2"", ""requirement_subquery"": ""Which league includes that team?"", ""upstream_position"": 0, ""upstream_title"": ""List of Major League Baseball single-game hits leaders""}, {""query_index"": 492, ""entity"": ""Major League Baseball"", ""support_span"": ""Major League Baseball Most Valuable Player Award"", ""why"": ""The upstream document title directly refers to the league in question, which is relevant to the dependent demand about which league includes the team."", ""requirement_id"": ""s2"", ""requirement_subquery"": ""Which league includes that team?"", ""upstream_position"": 1, ""upstream_title"": ""Major League Baseball Most Valuable Player Award""}, {""query_index"": 492, ""entity"": ""Sports league ranking"", ""support_span"": ""Sports league ranking"", ""why"": ""The upstream document title directly supports the context of the dependent demand."", ""requirement_id"": ""s2"", ""requirement_subquery"": ""Which league includes that team?"", ""upstream_position"": 23, ""upstream_title"": ""Sports league ranking""}, {""query_index"": 492, ""entity"": ""Major League Baseball"", ""support_span"": ""Major League Baseball (MLB) game"", ""why"": ""The upstream document refers to Major League Baseball (MLB) games, which is the league in question."", ""requirement_id"": ""s3"", ""requirement_subquery"": ""Who has had the most hits in that league?"", ""upstream_position"": 0, ""upstream_title"": ""List of Major League Baseball single-game hits leaders""}, {""query_index"": 492, ""entity"": ""Major League Baseball"", ""support_span"": ""Major League Baseball Most Valuable Player Award"", ""why"": ""The upstream document title directly mentions Major League Baseball, which is the league in question."", ""requirement_id"": ""s3"", ""requirement_subquery"": ""Who has had the most hits in that league?"", ""upstream_position"": 1, ""upstream_title"": ""Major League Baseball Most Valuable Player Award""}, {""query_index"": 492, ""entity"": ""Sports league ranking"", ""support_span"": ""Sports league ranking"", ""why"": ""The upstream document title directly supports the context of the question about league rankings and teams."", ""requirement_id"": ""s3"", ""requirement_subquery"": ""Who has had the most hits in that league?"", ""upstream_position"": 23, ""upstream_title"": ""Sports league ranking""}]"
MuSiQue,musique,493,Who has the most hits in the history of the organization that includes the team Jim Wilson was released by?,Cleveland Indians,51,27,24,0,0,0,0,0,0,0,0,0,0,0,0,55.0,Major League Baseball,body_substring,s2,Who has the most hits in the history of that organization?,11,List of Major League Baseball career hits leaders,List of Major League Baseball career hits leaders,not_top20,"[{""query_index"": 493, ""entity"": ""Seattle Mariner"", ""support_span"": ""He was released by the Indians following the 1986 season. After a brief tour in the Minnesota Twins organization, Wilson signed as a free agent with the Seattle Mariners on March 1, 1988, playing five games for them in the 1989 season."", ""why"": ""The organization that includes the team Jim Wilson was released by is the Seattle Mariners, as he signed with them after being released by the Indians."", ""requirement_id"": ""s2"", ""requirement_subquery"": ""Who has the most hits in the history of that organization?"", ""upstream_position"": 0, ""upstream_title"": ""Jim Wilson (first baseman)""}, {""query_index"": 493, ""entity"": ""Wigan Warrior"", ""support_span"": ""Wigan Warriors is an English professional rugby league club based in Wigan, Greater Manchester."", ""why"": ""The upstream document explicitly mentions Wigan Warriors as the organization that includes the team Jim Wilson was released by."", ""requirement_id"": ""s2"", ""requirement_subquery"": ""Who has the most hits in the history of that organization?"", ""upstream_position"": 1, ""upstream_title"": ""List of Wigan Warriors players""}, {""query_index"": 493, ""entity"": ""Major League Baseball"", ""support_span"": ""List of Major League Baseball career hits leaders"", ""why"": ""The upstream document explicitly mentions 'Major League Baseball career hits leaders', which is the organization in question."", ""requirement_id"": ""s2"", ""requirement_subquery"": ""Who has the most hits in the history of that organization?"", ""upstream_position"": 11, ""upstream_title"": ""List of Major League Baseball career hits leaders""}]"
MuSiQue,musique,495,What year did the country that is the natural boundary between where the tournament was hosted and where A Don is located host the ASEAN Conference?,2020 AFC U-23 Championship qualification,9,24,-15,0,0,1,1,0,0,0,0,0,0,0,0,0.0,,,,,-1,,,no_positive_score_for_gold,"[{""query_index"": 495, ""entity"": ""Japan"", ""support_span"": ""The tournament was hosted by Japan."", ""why"": ""The upstream document explicitly states that the tournament was hosted by Japan, which is the country in question for the dependent demand."", ""requirement_id"": ""s2"", ""requirement_subquery"": ""In what year did the country host the ASEAN Conference?"", ""upstream_position"": 0, ""upstream_title"": ""2016 FIFA Club World Cup""}, {""query_index"": 495, ""entity"": ""Lao"", ""support_span"": ""A Don is a village in south-eastern Laos near the border with Vietnam."", ""why"": ""The upstream document explicitly mentions Laos as the country where A Don is located."", ""requirement_id"": ""s2"", ""requirement_subquery"": ""In what year did the country host the ASEAN Conference?"", ""upstream_position"": 1, ""upstream_title"": ""A Don""}, {""query_index"": 495, ""entity"": ""Myanmar"", ""support_span"": ""Myanmar has been a member of ASEAN since 1997. Though it gave up its turn to hold the ASEAN chair and host the ASEAN Summit in 2006, it chaired the forum and hosted the summit in 2014."", ""why"": ""The upstream document explicitly mentions Myanmar as the country that hosted the ASEAN Summit in 2014, which is relevant to the dependent demand about hosting the ASEAN Conference."", ""requirement_id"": ""s2"", ""requirement_subquery"": ""In what year did the country host the ASEAN Conference?"", ""upstream_position"": 4, ""upstream_title"": ""Myanmar""}]"
MuSiQue,musique,495,What year did the country that is the natural boundary between where the tournament was hosted and where A Don is located host the ASEAN Conference?,Geography of Myanmar,11,4,7,0,0,0,1,0,1,1,1,0,1,1,0,85.0,Myanmar,title_substring,s2,In what year did the country host the ASEAN Conference?,4,Myanmar,"Myanmar has been a member of ASEAN since 1997. Though it gave up its turn to hold the ASEAN chair and host the ASEAN Summit in 2006, it chaired the forum and hosted the summit in 2014.",recovered_top5,"[{""query_index"": 495, ""entity"": ""Japan"", ""support_span"": ""The tournament was hosted by Japan."", ""why"": ""The upstream document explicitly states that the tournament was hosted by Japan, which is the country in question for the dependent demand."", ""requirement_id"": ""s2"", ""requirement_subquery"": ""In what year did the country host the ASEAN Conference?"", ""upstream_position"": 0, ""upstream_title"": ""2016 FIFA Club World Cup""}, {""query_index"": 495, ""entity"": ""Lao"", ""support_span"": ""A Don is a village in south-eastern Laos near the border with Vietnam."", ""why"": ""The upstream document explicitly mentions Laos as the country where A Don is located."", ""requirement_id"": ""s2"", ""requirement_subquery"": ""In what year did the country host the ASEAN Conference?"", ""upstream_position"": 1, ""upstream_title"": ""A Don""}, {""query_index"": 495, ""entity"": ""Myanmar"", ""support_span"": ""Myanmar has been a member of ASEAN since 1997. Though it gave up its turn to hold the ASEAN chair and host the ASEAN Summit in 2006, it chaired the forum and hosted the summit in 2014."", ""why"": ""The upstream document explicitly mentions Myanmar as the country that hosted the ASEAN Summit in 2014, which is relevant to the dependent demand about hosting the ASEAN Conference."", ""requirement_id"": ""s2"", ""requirement_subquery"": ""In what year did the country host the ASEAN Conference?"", ""upstream_position"": 4, ""upstream_title"": ""Myanmar""}]"
MuSiQue,musique,502,Who is the owner of the record label that the performer of Better Than Me is signed with?,Warner Records,31,3,28,0,0,0,0,0,1,1,1,0,1,1,1,55.0,Warner Bros. Record,body_substring,s2,Which record label is the performer of Better Than Me signed with?,1,Terry Dexter (album),"released July 13, 1999 via Warner Bros. Records",recovered_top5,"[{""query_index"": 502, ""entity"": ""Terry Dexter"", ""support_span"": ""Better Than Me is a song co-written and performed by Terry Dexter."", ""why"": ""The upstream document explicitly states that Terry Dexter is the performer of the song 'Better Than Me'."", ""requirement_id"": ""s2"", ""requirement_subquery"": ""Which record label is the performer of Better Than Me signed with?"", ""upstream_position"": 0, ""upstream_title"": ""Better Than Me (Terry Dexter song)""}, {""query_index"": 502, ""entity"": ""Warner Bros. Record"", ""support_span"": ""released July 13, 1999 via Warner Bros. Records"", ""why"": ""The upstream document explicitly states that the album was released via Warner Bros. Records, which is the record label the performer is signed with."", ""requirement_id"": ""s2"", ""requirement_subquery"": ""Which record label is the performer of Better Than Me signed with?"", ""upstream_position"": 1, ""upstream_title"": ""Terry Dexter (album)""}, {""query_index"": 502, ""entity"": ""MCA Record"", ""support_span"": ""MCA Records was an American record label owned by MCA Inc."", ""why"": ""The upstream document explicitly mentions MCA Records as the record label in question."", ""requirement_id"": ""s2"", ""requirement_subquery"": ""Which record label is the performer of Better Than Me signed with?"", ""upstream_position"": 5, ""upstream_title"": ""MCA Records""}, {""query_index"": 502, ""entity"": ""Terry Dexter"", ""support_span"": ""Better Than Me is a song co-written and performed by Terry Dexter."", ""why"": ""The performer of the song 'Better Than Me' is explicitly stated as Terry Dexter."", ""requirement_id"": ""s3"", ""requirement_subquery"": ""Who is the owner of that record label?"", ""upstream_position"": 0, ""upstream_title"": ""Better Than Me (Terry Dexter song)""}, {""query_index"": 502, ""entity"": ""Warner Bros. Record"", ""support_span"": ""Terry Dexter is the eponymous debut studio album by American contemporary R&B singer Terry Dexter, released July 13, 1999 via Warner Bros. Records."", ""why"": ""The upstream document explicitly states that the album was released via Warner Bros. Records, which is the record label the performer is signed with."", ""requirement_id"": ""s3"", ""requirement_subquery"": ""Who is the owner of that record label?"", ""upstream_position"": 1, ""upstream_title"": ""Terry Dexter (album)""}, {""query_index"": 502, ""entity"": ""MCA Inc."", ""support_span"": ""MCA Records was an American record label owned by MCA Inc., which later gave way to the larger MCA Music Entertainment Group (now Universal Music Group)"", ""why"": ""The upstream document explicitly states that MCA Records was owned by MCA Inc."", ""requirement_id"": ""s3"", ""requirement_subquery"": ""Who is the owner of that record label?"", ""upstream_position"": 5, ""upstream_title"": ""MCA Records""}]"
MuSiQue,musique,565,When did the headquarters city of Kentucky Tavern's manufacturer elect its first black mayor?,Sazerac,7,27,-20,0,0,1,1,0,0,0,0,0,0,0,0,6.0,Bill de Blasio,body_token_overlap,s2,When did the first black mayor of that city get elected?,10,New York City,"The present mayor is Bill de Blasio, the first Democrat since 1993.",not_top20,"[{""query_index"": 565, ""entity"": ""Coleman Young"", ""support_span"": ""In 1973, the city elected its first black mayor, Coleman Young."", ""why"": ""The upstream document explicitly mentions Coleman Young as the first black mayor of Detroit, which is the headquarters city of Kentucky Tavern's manufacturer as per the upstream demand."", ""requirement_id"": ""s2"", ""requirement_subquery"": ""When did the first black mayor of that city get elected?"", ""upstream_position"": 0, ""upstream_title"": ""Detroit""}, {""query_index"": 565, ""entity"": ""Bardstown, Kentucky"", ""support_span"": ""The Sazerac Company at the Barton Distillery located in Bardstown, Kentucky"", ""why"": ""The upstream document explicitly states that the manufacturer of Kentucky Tavern, the Sazerac Company, is located in Bardstown, Kentucky, which is the headquarters city."", ""requirement_id"": ""s2"", ""requirement_subquery"": ""When did the first black mayor of that city get elected?"", ""upstream_position"": 1, ""upstream_title"": ""Kentucky Tavern""}, {""query_index"": 565, ""entity"": ""Bill de Blasio"", ""support_span"": ""The present mayor is Bill de Blasio, the first Democrat since 1993."", ""why"": ""The upstream document mentions Bill de Blasio as the current mayor of New York City, which is the headquarters city of Kentucky Tavern's manufacturer as per the upstream demand."", ""requirement_id"": ""s2"", ""requirement_subquery"": ""When did the first black mayor of that city get elected?"", ""upstream_position"": 10, ""upstream_title"": ""New York City""}]"
MuSiQue,musique,568,What is the name of the castle in the city where the performer of We Sweat Blood formed?,Casa Loma,68,12,56,0,0,0,0,0,0,0,1,0,0,0,1,55.0,"Toronto, Ontario",body_substring,s3,What is the name of the castle in that city?,3,Danko Jones,"Danko Jones is a Canadian rock trio from Toronto, Ontario.",top20_not_top10,"[{""query_index"": 568, ""entity"": ""Danko Jone"", ""support_span"": ""We Sweat Blood is the second album by Canadian rock band Danko Jones."", ""why"": ""The upstream document explicitly mentions Danko Jones as the performer of We Sweat Blood, making them a direct retrieval anchor for the dependent demand."", ""requirement_id"": ""s2"", ""requirement_subquery"": ""In which city was that performer formed?"", ""upstream_position"": 0, ""upstream_title"": ""We Sweat Blood""}, {""query_index"": 568, ""entity"": ""Blood, Sweat & Tear"", ""support_span"": ""The Collection is a compilation album by the band Blood, Sweat & Tears released by Castle Communications in the United Kingdom in 1993."", ""why"": ""The upstream document explicitly mentions the band Blood, Sweat & Tears as the performer of the song 'We Sweat Blood'."", ""requirement_id"": ""s2"", ""requirement_subquery"": ""In which city was that performer formed?"", ""upstream_position"": 7, ""upstream_title"": ""The Collection (1993 Blood, Sweat & Tears album)""}, {""query_index"": 568, ""entity"": ""We Sweat Blood"", ""support_span"": ""Who is the performer of We Sweat Blood?"", ""why"": ""The upstream document does not mention 'We Sweat Blood' or any performer related to it, so no retrieval anchor can be extracted."", ""requirement_id"": ""s2"", ""requirement_subquery"": ""In which city was that performer formed?"", ""upstream_position"": 1, ""upstream_title"": ""Baynard's Castle""}, {""query_index"": 568, ""entity"": ""Stirling"", ""support_span"": ""It is a large mixed voice choir based in Stirling, Scotland"", ""why"": ""The upstream document explicitly states that the choir is based in Stirling, Scotland, which is the city where the performer was formed."", ""requirement_id"": ""s3"", ""requirement_subquery"": ""What is the name of the castle in that city?"", ""upstream_position"": 67, ""upstream_title"": ""Stirling City Choir""}, {""query_index"": 568, ""entity"": ""Seattle"", ""support_span"": ""Seattle is considered the home of grunge music, having produced artists such as Nirvana, Soundgarden, Alice in Chains, Pearl Jam, and Mudhoney, all of whom reached international audiences in the early 1990s."", ""why"": ""The upstream document explicitly states that Seattle is the home of grunge music and mentions several artists, including the performer of We Sweat Blood, which is implied to be from Seattle."", ""requirement_id"": ""s3"", ""requirement_subquery"": ""What is the name of the castle in that city?"", ""upstream_position"": 79, ""upstream_title"": ""Seattle""}, {""query_index"": 568, ""entity"": ""Toronto, Ontario"", ""support_span"": ""Danko Jones is a Canadian rock trio from Toronto, Ontario."", ""why"": ""The upstream document explicitly states that Danko Jones is from Toronto, Ontario, which is the city where the performer formed."", ""requirement_id"": ""s3"", ""requirement_subquery"": ""What is the name of the castle in that city?"", ""upstream_position"": 3, ""upstream_title"": ""Danko Jones""}]"
MuSiQue,musique,573,Another world leader said that Vladimir Rapoport's country was imperialist. Where did that leader announce that he would intervene in the Korean conflict?,Vladimir Rapoport,23,37,-14,0,0,0,0,0,0,0,0,0,0,0,0,0.0,,,,,-1,,,no_positive_score_for_gold,"[{""query_index"": 573, ""entity"": ""Nikita Khrushchev"", ""support_span"": ""the new political leader Nikita Khrushchev put even more press"", ""why"": ""The upstream document mentions Nikita Khrushchev as the leader who followed Stalin and is associated with the period after Stalin's death, which is relevant to the dependent demand about intervening in the Korean conflict."", ""requirement_id"": ""s2"", ""requirement_subquery"": ""Where did that leader announce his intention to intervene in the Korean conflict?"", ""upstream_position"": 0, ""upstream_title"": ""Imperialism""}, {""query_index"": 573, ""entity"": ""Yugoslavia"", ""support_span"": ""Yugoslavia–a possible Soviet target because of the Tito-Stalin Split—was vital to the defense of Italy and Greece, and the country was first on the list of the National Security Council's post-North Korea invasion list of \""chief danger spots\""."", ""why"": ""The document mentions Yugoslavia as a possible Soviet target and a key location in the context of the Korean conflict, which aligns with the dependent demand about intervention in the Korean conflict."", ""requirement_id"": ""s2"", ""requirement_subquery"": ""Where did that leader announce his intention to intervene in the Korean conflict?"", ""upstream_position"": 1, ""upstream_title"": ""Korean War""}, {""query_index"": 573, ""entity"": ""Dwight D. Eisenhower"", ""support_span"": ""The 1960 Four Power Paris Summit between President Dwight Eisenhower, Nikita Khrushchev, Harold Macmillan and Charles de Gaulle collapsed because of the incident."", ""why"": ""The upstream document directly mentions Dwight D. Eisenhower as the leader involved in the context of the question."", ""requirement_id"": ""s2"", ""requirement_subquery"": ""Where did that leader announce his intention to intervene in the Korean conflict?"", ""upstream_position"": 2, ""upstream_title"": ""Dwight D. Eisenhower""}]"
MuSiQue,musique,646,For what major conflict is the country on the natural boundary between the country that hosted the tournament and the country where A Don is from known?,2020 AFC U-23 Championship qualification,76,88,-12,0,0,0,0,0,0,0,0,0,0,0,0,0.0,,,,,-1,,,no_positive_score_for_gold,"[{""query_index"": 646, ""entity"": ""Japan"", ""support_span"": ""The tournament was hosted by Japan."", ""why"": ""The upstream document explicitly states that Japan hosted the tournament."", ""requirement_id"": ""s3"", ""requirement_subquery"": ""What is the natural boundary between the two countries?"", ""upstream_position"": 0, ""upstream_title"": ""2016 FIFA Club World Cup""}, {""query_index"": 646, ""entity"": ""Kashima Antler"", ""support_span"": ""Real Madrid won their second Club World Cup, defeating hosts Kashima Antlers in the final."", ""why"": ""Kashima Antlers are explicitly mentioned as the hosts of the tournament."", ""requirement_id"": ""s3"", ""requirement_subquery"": ""What is the natural boundary between the two countries?"", ""upstream_position"": 0, ""upstream_title"": ""2016 FIFA Club World Cup""}, {""query_index"": 646, ""entity"": ""Lao"", ""support_span"": ""A Don is a village in south-eastern Laos near the border with Vietnam."", ""why"": ""The upstream document explicitly mentions Laos as the country where A Don is located."", ""requirement_id"": ""s3"", ""requirement_subquery"": ""What is the natural boundary between the two countries?"", ""upstream_position"": 1, ""upstream_title"": ""A Don""}, {""query_index"": 646, ""entity"": ""Vietnam"", ""support_span"": ""A Don is a village in south-eastern Laos near the border with Vietnam."", ""why"": ""The upstream document explicitly mentions Vietnam as the neighboring country to Laos where A Don is near the border."", ""requirement_id"": ""s3"", ""requirement_subquery"": ""What is the natural boundary between the two countries?"", ""upstream_position"": 1, ""upstream_title"": ""A Don""}, {""query_index"": 646, ""entity"": ""India"", ""support_span"": ""Originally, the tournament was scheduled to be played in India."", ""why"": ""The upstream document explicitly mentions India as the original host of the tournament."", ""requirement_id"": ""s3"", ""requirement_subquery"": ""What is the natural boundary between the two countries?"", ""upstream_position"": 8, ""upstream_title"": ""2018 Asia Cup""}, {""query_index"": 646, ""entity"": ""United Arab Emirate"", ""support_span"": ""It was moved to the United Arab Emirates, following ongoing political tensions between India and Pakistan."", ""why"": ""The upstream document explicitly mentions the United Arab Emirates as the country that hosted the tournament after the move."", ""requirement_id"": ""s3"", ""requirement_subquery"": ""What is the natural boundary between the two countries?"", ""upstream_position"": 8, ""upstream_title"": ""2018 Asia Cup""}, {""query_index"": 646, ""entity"": ""Pakistan"", ""support_span"": ""following ongoing political tensions between India and Pakistan"", ""why"": ""The upstream document implies Pakistan as the country involved in political tensions with India, which is relevant to the context of the natural boundary."", ""requirement_id"": ""s3"", ""requirement_subquery"": ""What is the natural boundary between the two countries?"", ""upstream_position"": 8, ""upstream_title"": ""2018 Asia Cup""}, {""query_index"": 646, ""entity"": ""Japan"", ""support_span"": ""The tournament was hosted by Japan."", ""why"": ""The upstream document explicitly states that Japan hosted the tournament, which is relevant to identifying the country on the natural boundary."", ""requirement_id"": ""s4"", ""requirement_subquery"": ""What major conflict is associated with that country?"", ""upstream_position"": 0, ""upstream_title"": ""2016 FIFA Club World Cup""}, {""query_index"": 646, ""entity"": ""Lao"", ""support_span"": ""A Don is a village in south-eastern Laos near the border with Vietnam."", ""why"": ""The upstream document explicitly mentions Laos as the country where A Don is located."", ""requirement_id"": ""s4"", ""requirement_subquery"": ""What major conflict is associated with that country?"", ""upstream_position"": 1, ""upstream_title"": ""A Don""}, {""query_index"": 646, ""entity"": ""India"", ""support_span"": ""Originally, the tournament was scheduled to be played in India. It was moved to the United Arab Emirates, following ongoing political tensions between India and Pakistan."", ""why"": ""India is explicitly mentioned as the original host country of the tournament."", ""requirement_id"": ""s4"", ""requirement_subquery"": ""What major conflict is associated with that country?"", ""upstream_position"": 8, ""upstream_title"": ""2018 Asia Cup""}, {""query_index"": 646, ""entity"": ""Pakistan"", ""support_span"": ""Originally, the tournament was scheduled to be played in India. It was moved to the United Arab Emirates, following ongoing political tensions between India and Pakistan."", ""why"": ""Pakistan is explicitly mentioned as the country with which India had political tensions, leading to the relocation of the tournament."", ""requirement_id"": ""s4"", ""requirement_subquery"": ""What major conflict is associated with that country?"", ""upstream_position"": 8, ""upstream_title"": ""2018 Asia Cup""}, {""query_index"": 646, ""entity"": ""Kashmir"", ""support_span"": ""Originally, the tournament was scheduled to be played in India. It was moved to the United Arab Emirates, following ongoing political tensions between India and Pakistan."", ""why"": ""Kashmir is implied as the region of conflict between India and Pakistan, based on the context of political tensions."", ""requirement_id"": ""s4"", ""requirement_subquery"": ""What major conflict is associated with that country?"", ""upstream_position"": 8, ""upstream_title"": ""2018 Asia Cup""}]"
MuSiQue,musique,646,For what major conflict is the country on the natural boundary between the country that hosted the tournament and the country where A Don is from known?,Myanmar,79,89,-10,0,0,0,0,0,0,0,0,0,0,0,0,0.0,,,,,-1,,,no_positive_score_for_gold,"[{""query_index"": 646, ""entity"": ""Japan"", ""support_span"": ""The tournament was hosted by Japan."", ""why"": ""The upstream document explicitly states that Japan hosted the tournament."", ""requirement_id"": ""s3"", ""requirement_subquery"": ""What is the natural boundary between the two countries?"", ""upstream_position"": 0, ""upstream_title"": ""2016 FIFA Club World Cup""}, {""query_index"": 646, ""entity"": ""Kashima Antler"", ""support_span"": ""Real Madrid won their second Club World Cup, defeating hosts Kashima Antlers in the final."", ""why"": ""Kashima Antlers are explicitly mentioned as the hosts of the tournament."", ""requirement_id"": ""s3"", ""requirement_subquery"": ""What is the natural boundary between the two countries?"", ""upstream_position"": 0, ""upstream_title"": ""2016 FIFA Club World Cup""}, {""query_index"": 646, ""entity"": ""Lao"", ""support_span"": ""A Don is a village in south-eastern Laos near the border with Vietnam."", ""why"": ""The upstream document explicitly mentions Laos as the country where A Don is located."", ""requirement_id"": ""s3"", ""requirement_subquery"": ""What is the natural boundary between the two countries?"", ""upstream_position"": 1, ""upstream_title"": ""A Don""}, {""query_index"": 646, ""entity"": ""Vietnam"", ""support_span"": ""A Don is a village in south-eastern Laos near the border with Vietnam."", ""why"": ""The upstream document explicitly mentions Vietnam as the neighboring country to Laos where A Don is near the border."", ""requirement_id"": ""s3"", ""requirement_subquery"": ""What is the natural boundary between the two countries?"", ""upstream_position"": 1, ""upstream_title"": ""A Don""}, {""query_index"": 646, ""entity"": ""India"", ""support_span"": ""Originally, the tournament was scheduled to be played in India."", ""why"": ""The upstream document explicitly mentions India as the original host of the tournament."", ""requirement_id"": ""s3"", ""requirement_subquery"": ""What is the natural boundary between the two countries?"", ""upstream_position"": 8, ""upstream_title"": ""2018 Asia Cup""}, {""query_index"": 646, ""entity"": ""United Arab Emirate"", ""support_span"": ""It was moved to the United Arab Emirates, following ongoing political tensions between India and Pakistan."", ""why"": ""The upstream document explicitly mentions the United Arab Emirates as the country that hosted the tournament after the move."", ""requirement_id"": ""s3"", ""requirement_subquery"": ""What is the natural boundary between the two countries?"", ""upstream_position"": 8, ""upstream_title"": ""2018 Asia Cup""}, {""query_index"": 646, ""entity"": ""Pakistan"", ""support_span"": ""following ongoing political tensions between India and Pakistan"", ""why"": ""The upstream document implies Pakistan as the country involved in political tensions with India, which is relevant to the context of the natural boundary."", ""requirement_id"": ""s3"", ""requirement_subquery"": ""What is the natural boundary between the two countries?"", ""upstream_position"": 8, ""upstream_title"": ""2018 Asia Cup""}, {""query_index"": 646, ""entity"": ""Japan"", ""support_span"": ""The tournament was hosted by Japan."", ""why"": ""The upstream document explicitly states that Japan hosted the tournament, which is relevant to identifying the country on the natural boundary."", ""requirement_id"": ""s4"", ""requirement_subquery"": ""What major conflict is associated with that country?"", ""upstream_position"": 0, ""upstream_title"": ""2016 FIFA Club World Cup""}, {""query_index"": 646, ""entity"": ""Lao"", ""support_span"": ""A Don is a village in south-eastern Laos near the border with Vietnam."", ""why"": ""The upstream document explicitly mentions Laos as the country where A Don is located."", ""requirement_id"": ""s4"", ""requirement_subquery"": ""What major conflict is associated with that country?"", ""upstream_position"": 1, ""upstream_title"": ""A Don""}, {""query_index"": 646, ""entity"": ""India"", ""support_span"": ""Originally, the tournament was scheduled to be played in India. It was moved to the United Arab Emirates, following ongoing political tensions between India and Pakistan."", ""why"": ""India is explicitly mentioned as the original host country of the tournament."", ""requirement_id"": ""s4"", ""requirement_subquery"": ""What major conflict is associated with that country?"", ""upstream_position"": 8, ""upstream_title"": ""2018 Asia Cup""}, {""query_index"": 646, ""entity"": ""Pakistan"", ""support_span"": ""Originally, the tournament was scheduled to be played in India. It was moved to the United Arab Emirates, following ongoing political tensions between India and Pakistan."", ""why"": ""Pakistan is explicitly mentioned as the country with which India had political tensions, leading to the relocation of the tournament."", ""requirement_id"": ""s4"", ""requirement_subquery"": ""What major conflict is associated with that country?"", ""upstream_position"": 8, ""upstream_title"": ""2018 Asia Cup""}, {""query_index"": 646, ""entity"": ""Kashmir"", ""support_span"": ""Originally, the tournament was scheduled to be played in India. It was moved to the United Arab Emirates, following ongoing political tensions between India and Pakistan."", ""why"": ""Kashmir is implied as the region of conflict between India and Pakistan, based on the context of political tensions."", ""requirement_id"": ""s4"", ""requirement_subquery"": ""What major conflict is associated with that country?"", ""upstream_position"": 8, ""upstream_title"": ""2018 Asia Cup""}]"
MuSiQue,musique,647,The population of the country that worked with the outfit behind Man in Space Soonest numbers how much?,Anti-aircraft warfare,10,53,-43,0,0,0,1,0,0,0,0,0,0,0,0,0.0,,,,,-1,,,no_positive_score_for_gold,"[{""query_index"": 647, ""entity"": ""United State"", ""support_span"": ""The US Air Force had been developing a program to launch the first man in space, named Man in Space Soonest."", ""why"": ""The upstream document explicitly mentions the US Air Force as the entity responsible for the Man in Space Soonest program, implying the country involved is the United States."", ""requirement_id"": ""s2"", ""requirement_subquery"": ""What is the population of that country?"", ""upstream_position"": 0, ""upstream_title"": ""Space Race""}, {""query_index"": 647, ""entity"": ""Brazil"", ""support_span"": ""Brazil 209,100,000 49.36 0.86 1,750,000 81 209,690,000 August 24, 2018 Official population clock"", ""why"": ""The upstream document lists Brazil as the country with the highest population in South America, and the dependent demand refers to the population of the country that worked with the outfit behind Man in Space Soonest, which is implied to be Brazil based on the context."", ""requirement_id"": ""s2"", ""requirement_subquery"": ""What is the population of that country?"", ""upstream_position"": 1, ""upstream_title"": ""List of South American countries by population""}, {""query_index"": 647, ""entity"": ""United State"", ""support_span"": ""The United States of America (USA), commonly known as the United States (U.S.) or America, is a federal republic composed of 50 states..."", ""why"": ""The upstream document explicitly refers to the United States as the subject, and the dependent demand asks for the population of the country that worked with the outfit behind Man in Space Soonest, which is implied to be the United States."", ""requirement_id"": ""s2"", ""requirement_subquery"": ""What is the population of that country?"", ""upstream_position"": 33, ""upstream_title"": ""United States""}]"
MuSiQue,musique,647,The population of the country that worked with the outfit behind Man in Space Soonest numbers how much?,Jews,79,42,37,0,0,0,0,0,0,0,0,0,0,0,0,9.0,United State,body_token_overlap,s2,What is the population of that country?,0,Space Race,"The US Air Force had been developing a program to launch the first man in space, named Man in Space Soonest.",not_top20,"[{""query_index"": 647, ""entity"": ""United State"", ""support_span"": ""The US Air Force had been developing a program to launch the first man in space, named Man in Space Soonest."", ""why"": ""The upstream document explicitly mentions the US Air Force as the entity responsible for the Man in Space Soonest program, implying the country involved is the United States."", ""requirement_id"": ""s2"", ""requirement_subquery"": ""What is the population of that country?"", ""upstream_position"": 0, ""upstream_title"": ""Space Race""}, {""query_index"": 647, ""entity"": ""Brazil"", ""support_span"": ""Brazil 209,100,000 49.36 0.86 1,750,000 81 209,690,000 August 24, 2018 Official population clock"", ""why"": ""The upstream document lists Brazil as the country with the highest population in South America, and the dependent demand refers to the population of the country that worked with the outfit behind Man in Space Soonest, which is implied to be Brazil based on the context."", ""requirement_id"": ""s2"", ""requirement_subquery"": ""What is the population of that country?"", ""upstream_position"": 1, ""upstream_title"": ""List of South American countries by population""}, {""query_index"": 647, ""entity"": ""United State"", ""support_span"": ""The United States of America (USA), commonly known as the United States (U.S.) or America, is a federal republic composed of 50 states..."", ""why"": ""The upstream document explicitly refers to the United States as the subject, and the dependent demand asks for the population of the country that worked with the outfit behind Man in Space Soonest, which is implied to be the United States."", ""requirement_id"": ""s2"", ""requirement_subquery"": ""What is the population of that country?"", ""upstream_position"": 33, ""upstream_title"": ""United States""}]"
MuSiQue,musique,666,When did the town WIZE is licensed in become capitol of the state where Jackson Township is located?,"Randolph County, Illinois",27,19,8,0,0,0,0,0,0,0,1,0,0,0,1,14.0,"Jackson Township, Randolph County, Indiana",title_token_overlap,s2,When was the town WIZE is licensed in established as the capital of the state?,9,"Jackson Township, Randolph County, Indiana","Jackson Township, Randolph County, Indiana",top20_not_top10,"[{""query_index"": 666, ""entity"": ""Jackson Township, Randolph County, Indiana"", ""support_span"": ""Jackson Township, Randolph County, Indiana"", ""why"": ""The upstream document explicitly states the location of Jackson Township, which is necessary to determine the state for the dependent demand."", ""requirement_id"": ""s2"", ""requirement_subquery"": ""When was the town WIZE is licensed in established as the capital of the state?"", ""upstream_position"": 9, ""upstream_title"": ""Jackson Township, Randolph County, Indiana""}, {""query_index"": 666, ""entity"": ""Jackson"", ""support_span"": ""Jackson is both the state's capital and largest city."", ""why"": ""The upstream document explicitly states that Jackson is the capital of Mississippi, which is the state where Jackson Township is located."", ""requirement_id"": ""s2"", ""requirement_subquery"": ""When was the town WIZE is licensed in established as the capital of the state?"", ""upstream_position"": 1, ""upstream_title"": ""Mississippi""}, {""query_index"": 666, ""entity"": ""Springfield, Ohio"", ""support_span"": ""WIZE (1340 AM) — branded WIZE AM 1340 — is a commercial radio station in Springfield, Ohio owned by iHeartMedia, Inc. as part of their Dayton cluster."", ""why"": ""The upstream document explicitly states that WIZE is located in Springfield, Ohio, which is the state where Jackson Township is located."", ""requirement_id"": ""s2"", ""requirement_subquery"": ""When was the town WIZE is licensed in established as the capital of the state?"", ""upstream_position"": 0, ""upstream_title"": ""WIZE""}]"
MuSiQue,musique,666,When did the town WIZE is licensed in become capitol of the state where Jackson Township is located?,"Springfield, Illinois",24,16,8,0,0,0,0,0,0,0,1,0,0,0,1,17.5,"Springfield, Ohio",title_token_overlap,s2,When was the town WIZE is licensed in established as the capital of the state?,0,WIZE,"WIZE (1340 AM) — branded WIZE AM 1340 — is a commercial radio station in Springfield, Ohio owned by iHeartMedia, Inc. as part of their Dayton cluster.",top20_not_top10,"[{""query_index"": 666, ""entity"": ""Jackson Township, Randolph County, Indiana"", ""support_span"": ""Jackson Township, Randolph County, Indiana"", ""why"": ""The upstream document explicitly states the location of Jackson Township, which is necessary to determine the state for the dependent demand."", ""requirement_id"": ""s2"", ""requirement_subquery"": ""When was the town WIZE is licensed in established as the capital of the state?"", ""upstream_position"": 9, ""upstream_title"": ""Jackson Township, Randolph County, Indiana""}, {""query_index"": 666, ""entity"": ""Jackson"", ""support_span"": ""Jackson is both the state's capital and largest city."", ""why"": ""The upstream document explicitly states that Jackson is the capital of Mississippi, which is the state where Jackson Township is located."", ""requirement_id"": ""s2"", ""requirement_subquery"": ""When was the town WIZE is licensed in established as the capital of the state?"", ""upstream_position"": 1, ""upstream_title"": ""Mississippi""}, {""query_index"": 666, ""entity"": ""Springfield, Ohio"", ""support_span"": ""WIZE (1340 AM) — branded WIZE AM 1340 — is a commercial radio station in Springfield, Ohio owned by iHeartMedia, Inc. as part of their Dayton cluster."", ""why"": ""The upstream document explicitly states that WIZE is located in Springfield, Ohio, which is the state where Jackson Township is located."", ""requirement_id"": ""s2"", ""requirement_subquery"": ""When was the town WIZE is licensed in established as the capital of the state?"", ""upstream_position"": 0, ""upstream_title"": ""WIZE""}]"
MuSiQue,musique,668,What shares a border with the city where someone worked who went to the state where Atwell Mill Grove is located during the gold rush?,California Gold Rush,10,3,7,0,0,0,1,0,1,1,1,0,1,1,0,85.0,California,title_substring,s3,Who went to that state during the gold rush?,0,Atwell Mill Grove,Atwell Mill Grove is a giant sequoia grove in the east fork of the Kaweah watershed area in California.,recovered_top5,"[{""query_index"": 668, ""entity"": ""Atwell Mill Grove"", ""support_span"": ""Atwell Mill Grove is a giant sequoia grove in the east fork of the Kaweah watershed area in California."", ""why"": ""The upstream document explicitly mentions Atwell Mill Grove and its location in California, which directly supports the dependent demand for the state."", ""requirement_id"": ""s2"", ""requirement_subquery"": ""Which state is Atwell Mill Grove located in?"", ""upstream_position"": 0, ""upstream_title"": ""Atwell Mill Grove""}, {""query_index"": 668, ""entity"": ""Salt Lake City"", ""support_span"": ""Great Salt Lake City replaced Fillmore as the territorial capital in 1858, and the name was later abbreviated to Salt Lake City."", ""why"": ""The upstream document explicitly mentions Salt Lake City as the name of the city, which is directly related to the location of Atwell Mill Grove."", ""requirement_id"": ""s2"", ""requirement_subquery"": ""Which state is Atwell Mill Grove located in?"", ""upstream_position"": 1, ""upstream_title"": ""Salt Lake City""}, {""query_index"": 668, ""entity"": ""South Platte"", ""support_span"": ""A group of Cherokee crossed the South Platte and Cache la Poudre River valleys on their way to California in 1848 during the California Gold Rush."", ""why"": ""The South Platte is explicitly mentioned as a location associated with the California Gold Rush, which is relevant to the dependent demand."", ""requirement_id"": ""s2"", ""requirement_subquery"": ""Which state is Atwell Mill Grove located in?"", ""upstream_position"": 6, ""upstream_title"": ""Colorado Territory""}, {""query_index"": 668, ""entity"": ""California"", ""support_span"": ""Atwell Mill Grove is a giant sequoia grove in the east fork of the Kaweah watershed area in California."", ""why"": ""The upstream document explicitly states that Atwell Mill Grove is located in California, which is the state required for the dependent demand."", ""requirement_id"": ""s3"", ""requirement_subquery"": ""Who went to that state during the gold rush?"", ""upstream_position"": 0, ""upstream_title"": ""Atwell Mill Grove""}, {""query_index"": 668, ""entity"": ""Salt Lake City"", ""support_span"": ""Great Salt Lake City replaced Fillmore as the territorial capital in 1858, and the name was later abbreviated to Salt Lake City."", ""why"": ""The upstream document explicitly mentions Salt Lake City as the territorial capital, which is directly related to the state where Atwell Mill Grove is located."", ""requirement_id"": ""s3"", ""requirement_subquery"": ""Who went to that state during the gold rush?"", ""upstream_position"": 1, ""upstream_title"": ""Salt Lake City""}, {""query_index"": 668, ""entity"": ""South Platte"", ""support_span"": ""A group of Cherokee crossed the South Platte and Cache la Poudre River valleys on their way to California in 1848 during the California Gold Rush."", ""why"": ""The South Platte is mentioned as a location associated with the gold rush and is part of the territory where Atwell Mill Grove might be located."", ""requirement_id"": ""s3"", ""requirement_subquery"": ""Who went to that state during the gold rush?"", ""upstream_position"": 6, ""upstream_title"": ""Colorado Territory""}, {""query_index"": 668, ""entity"": ""South Platte"", ""support_span"": ""A group of Cherokee crossed the South Platte and Cache la Poudre River valleys on their way to California in 1848 during the California Gold Rush."", ""why"": ""The South Platte is explicitly mentioned as a location where the Cherokee passed during the gold rush, which is relevant to the dependent demand."", ""requirement_id"": ""s4"", ""requirement_subquery"": ""What city did that person work in?"", ""upstream_position"": 6, ""upstream_title"": ""Colorado Territory""}, {""query_index"": 668, ""entity"": ""California"", ""support_span"": ""Atwell Mill Grove is a giant sequoia grove in the east fork of the Kaweah watershed area in California."", ""why"": ""The upstream document explicitly mentions California as the location of Atwell Mill Grove, which is relevant to determining the state where the person went during the gold rush."", ""requirement_id"": ""s4"", ""requirement_subquery"": ""What city did that person work in?"", ""upstream_position"": 0, ""upstream_title"": ""Atwell Mill Grove""}, {""query_index"": 668, ""entity"": ""Salt Lake City"", ""support_span"": ""Great Salt Lake City replaced Fillmore as the territorial capital in 1858, and the name was later abbreviated to Salt Lake City."", ""why"": ""The upstream document explicitly mentions Salt Lake City as the territorial capital, which is directly related to the dependent demand about the city where someone worked."", ""requirement_id"": ""s4"", ""requirement_subquery"": ""What city did that person work in?"", ""upstream_position"": 1, ""upstream_title"": ""Salt Lake City""}]"
MuSiQue,musique,668,What shares a border with the city where someone worked who went to the state where Atwell Mill Grove is located during the gold rush?,"History of Sacramento, California",73,8,65,0,0,0,0,0,0,1,1,0,0,1,1,85.0,California,title_substring,s3,Who went to that state during the gold rush?,0,Atwell Mill Grove,Atwell Mill Grove is a giant sequoia grove in the east fork of the Kaweah watershed area in California.,top10_not_top5,"[{""query_index"": 668, ""entity"": ""Atwell Mill Grove"", ""support_span"": ""Atwell Mill Grove is a giant sequoia grove in the east fork of the Kaweah watershed area in California."", ""why"": ""The upstream document explicitly mentions Atwell Mill Grove and its location in California, which directly supports the dependent demand for the state."", ""requirement_id"": ""s2"", ""requirement_subquery"": ""Which state is Atwell Mill Grove located in?"", ""upstream_position"": 0, ""upstream_title"": ""Atwell Mill Grove""}, {""query_index"": 668, ""entity"": ""Salt Lake City"", ""support_span"": ""Great Salt Lake City replaced Fillmore as the territorial capital in 1858, and the name was later abbreviated to Salt Lake City."", ""why"": ""The upstream document explicitly mentions Salt Lake City as the name of the city, which is directly related to the location of Atwell Mill Grove."", ""requirement_id"": ""s2"", ""requirement_subquery"": ""Which state is Atwell Mill Grove located in?"", ""upstream_position"": 1, ""upstream_title"": ""Salt Lake City""}, {""query_index"": 668, ""entity"": ""South Platte"", ""support_span"": ""A group of Cherokee crossed the South Platte and Cache la Poudre River valleys on their way to California in 1848 during the California Gold Rush."", ""why"": ""The South Platte is explicitly mentioned as a location associated with the California Gold Rush, which is relevant to the dependent demand."", ""requirement_id"": ""s2"", ""requirement_subquery"": ""Which state is Atwell Mill Grove located in?"", ""upstream_position"": 6, ""upstream_title"": ""Colorado Territory""}, {""query_index"": 668, ""entity"": ""California"", ""support_span"": ""Atwell Mill Grove is a giant sequoia grove in the east fork of the Kaweah watershed area in California."", ""why"": ""The upstream document explicitly states that Atwell Mill Grove is located in California, which is the state required for the dependent demand."", ""requirement_id"": ""s3"", ""requirement_subquery"": ""Who went to that state during the gold rush?"", ""upstream_position"": 0, ""upstream_title"": ""Atwell Mill Grove""}, {""query_index"": 668, ""entity"": ""Salt Lake City"", ""support_span"": ""Great Salt Lake City replaced Fillmore as the territorial capital in 1858, and the name was later abbreviated to Salt Lake City."", ""why"": ""The upstream document explicitly mentions Salt Lake City as the territorial capital, which is directly related to the state where Atwell Mill Grove is located."", ""requirement_id"": ""s3"", ""requirement_subquery"": ""Who went to that state during the gold rush?"", ""upstream_position"": 1, ""upstream_title"": ""Salt Lake City""}, {""query_index"": 668, ""entity"": ""South Platte"", ""support_span"": ""A group of Cherokee crossed the South Platte and Cache la Poudre River valleys on their way to California in 1848 during the California Gold Rush."", ""why"": ""The South Platte is mentioned as a location associated with the gold rush and is part of the territory where Atwell Mill Grove might be located."", ""requirement_id"": ""s3"", ""requirement_subquery"": ""Who went to that state during the gold rush?"", ""upstream_position"": 6, ""upstream_title"": ""Colorado Territory""}, {""query_index"": 668, ""entity"": ""South Platte"", ""support_span"": ""A group of Cherokee crossed the South Platte and Cache la Poudre River valleys on their way to California in 1848 during the California Gold Rush."", ""why"": ""The South Platte is explicitly mentioned as a location where the Cherokee passed during the gold rush, which is relevant to the dependent demand."", ""requirement_id"": ""s4"", ""requirement_subquery"": ""What city did that person work in?"", ""upstream_position"": 6, ""upstream_title"": ""Colorado Territory""}, {""query_index"": 668, ""entity"": ""California"", ""support_span"": ""Atwell Mill Grove is a giant sequoia grove in the east fork of the Kaweah watershed area in California."", ""why"": ""The upstream document explicitly mentions California as the location of Atwell Mill Grove, which is relevant to determining the state where the person went during the gold rush."", ""requirement_id"": ""s4"", ""requirement_subquery"": ""What city did that person work in?"", ""upstream_position"": 0, ""upstream_title"": ""Atwell Mill Grove""}, {""query_index"": 668, ""entity"": ""Salt Lake City"", ""support_span"": ""Great Salt Lake City replaced Fillmore as the territorial capital in 1858, and the name was later abbreviated to Salt Lake City."", ""why"": ""The upstream document explicitly mentions Salt Lake City as the territorial capital, which is directly related to the dependent demand about the city where someone worked."", ""requirement_id"": ""s4"", ""requirement_subquery"": ""What city did that person work in?"", ""upstream_position"": 1, ""upstream_title"": ""Salt Lake City""}]"
MuSiQue,musique,690,What is the capital of the county that shares a border with the county whose capital is the birthplace of Erik Jensen?,Jerome Quinn,76,49,27,0,0,0,0,0,0,0,0,0,0,0,0,9.0,"Appleton, Wisconsin",body_token_overlap,s2,Which county has that location as its capital?,0,Erik Jensen (American football),"Erik Jensen (born October 11, 1980 in Appleton, Wisconsin)",not_top20,"[{""query_index"": 690, ""entity"": ""Appleton, Wisconsin"", ""support_span"": ""Erik Jensen (born October 11, 1980 in Appleton, Wisconsin)"", ""why"": ""The upstream document explicitly states that Erik Jensen was born in Appleton, Wisconsin, which is the birthplace mentioned in the dependent demand."", ""requirement_id"": ""s2"", ""requirement_subquery"": ""Which county has that location as its capital?"", ""upstream_position"": 0, ""upstream_title"": ""Erik Jensen (American football)""}, {""query_index"": 690, ""entity"": ""Kauna"", ""support_span"": ""its capital is Kaunas"", ""why"": ""The upstream document explicitly states that the capital of Kaunas County is Kaunas, which is directly relevant to the dependent demand."", ""requirement_id"": ""s2"", ""requirement_subquery"": ""Which county has that location as its capital?"", ""upstream_position"": 1, ""upstream_title"": ""Kaunas County""}, {""query_index"": 690, ""entity"": ""Aqqala"", ""support_span"": ""The capital of the county is Aqqala."", ""why"": ""The upstream document explicitly states that Aqqala is the capital of Aqqala County."", ""requirement_id"": ""s2"", ""requirement_subquery"": ""Which county has that location as its capital?"", ""upstream_position"": 2, ""upstream_title"": ""Aqqala County""}, {""query_index"": 690, ""entity"": ""Kauna"", ""support_span"": ""its capital is Kaunas"", ""why"": ""The capital of Kaunas County is explicitly stated as Kaunas."", ""requirement_id"": ""s3"", ""requirement_subquery"": ""What counties share a border with that county?"", ""upstream_position"": 1, ""upstream_title"": ""Kaunas County""}, {""query_index"": 690, ""entity"": ""Kaskaskia"", ""support_span"": ""It contains the historically important village of Kaskaskia, Illinois's first capital."", ""why"": ""The upstream document explicitly mentions Kaskaskia as Illinois's first capital, which is the birthplace of Erik Jensen as implied by the original question."", ""requirement_id"": ""s3"", ""requirement_subquery"": ""What counties share a border with that county?"", ""upstream_position"": 9, ""upstream_title"": ""Randolph County, Illinois""}, {""query_index"": 690, ""entity"": ""Oklahoma City"", ""support_span"": ""Oklahoma City is the capital and largest city of the state of Oklahoma."", ""why"": ""The upstream document explicitly states that Oklahoma City is the capital of Oklahoma, which is necessary to determine the county it belongs to."", ""requirement_id"": ""s3"", ""requirement_subquery"": ""What counties share a border with that county?"", ""upstream_position"": 55, ""upstream_title"": ""Oklahoma City""}, {""query_index"": 690, ""entity"": ""Kauna"", ""support_span"": ""its capital is Kaunas"", ""why"": ""The capital of Kaunas County is explicitly stated as Kaunas."", ""requirement_id"": ""s4"", ""requirement_subquery"": ""What is the capital of that county?"", ""upstream_position"": 1, ""upstream_title"": ""Kaunas County""}, {""query_index"": 690, ""entity"": ""Kaskaskia"", ""support_span"": ""It contains the historically important village of Kaskaskia, Illinois's first capital."", ""why"": ""Kaskaskia is explicitly mentioned as Illinois's first capital, which is the birthplace of Erik Jensen as implied by the question."", ""requirement_id"": ""s4"", ""requirement_subquery"": ""What is the capital of that county?"", ""upstream_position"": 9, ""upstream_title"": ""Randolph County, Illinois""}, {""query_index"": 690, ""entity"": ""Oklahoma County"", ""support_span"": ""Oklahoma City is the capital and largest city of the state of Oklahoma. The county seat of Oklahoma County"", ""why"": ""The upstream document explicitly states that Oklahoma City is the county seat of Oklahoma County, which is directly relevant to the dependent demand."", ""requirement_id"": ""s4"", ""requirement_subquery"": ""What is the capital of that county?"", ""upstream_position"": 55, ""upstream_title"": ""Oklahoma City""}]"
MuSiQue,musique,690,What is the capital of the county that shares a border with the county whose capital is the birthplace of Erik Jensen?,John C. Petersen,69,8,61,0,0,0,0,0,0,1,1,0,0,1,1,55.0,"Appleton, Wisconsin",body_substring,s2,Which county has that location as its capital?,0,Erik Jensen (American football),"Erik Jensen (born October 11, 1980 in Appleton, Wisconsin)",top10_not_top5,"[{""query_index"": 690, ""entity"": ""Appleton, Wisconsin"", ""support_span"": ""Erik Jensen (born October 11, 1980 in Appleton, Wisconsin)"", ""why"": ""The upstream document explicitly states that Erik Jensen was born in Appleton, Wisconsin, which is the birthplace mentioned in the dependent demand."", ""requirement_id"": ""s2"", ""requirement_subquery"": ""Which county has that location as its capital?"", ""upstream_position"": 0, ""upstream_title"": ""Erik Jensen (American football)""}, {""query_index"": 690, ""entity"": ""Kauna"", ""support_span"": ""its capital is Kaunas"", ""why"": ""The upstream document explicitly states that the capital of Kaunas County is Kaunas, which is directly relevant to the dependent demand."", ""requirement_id"": ""s2"", ""requirement_subquery"": ""Which county has that location as its capital?"", ""upstream_position"": 1, ""upstream_title"": ""Kaunas County""}, {""query_index"": 690, ""entity"": ""Aqqala"", ""support_span"": ""The capital of the county is Aqqala."", ""why"": ""The upstream document explicitly states that Aqqala is the capital of Aqqala County."", ""requirement_id"": ""s2"", ""requirement_subquery"": ""Which county has that location as its capital?"", ""upstream_position"": 2, ""upstream_title"": ""Aqqala County""}, {""query_index"": 690, ""entity"": ""Kauna"", ""support_span"": ""its capital is Kaunas"", ""why"": ""The capital of Kaunas County is explicitly stated as Kaunas."", ""requirement_id"": ""s3"", ""requirement_subquery"": ""What counties share a border with that county?"", ""upstream_position"": 1, ""upstream_title"": ""Kaunas County""}, {""query_index"": 690, ""entity"": ""Kaskaskia"", ""support_span"": ""It contains the historically important village of Kaskaskia, Illinois's first capital."", ""why"": ""The upstream document explicitly mentions Kaskaskia as Illinois's first capital, which is the birthplace of Erik Jensen as implied by the original question."", ""requirement_id"": ""s3"", ""requirement_subquery"": ""What counties share a border with that county?"", ""upstream_position"": 9, ""upstream_title"": ""Randolph County, Illinois""}, {""query_index"": 690, ""entity"": ""Oklahoma City"", ""support_span"": ""Oklahoma City is the capital and largest city of the state of Oklahoma."", ""why"": ""The upstream document explicitly states that Oklahoma City is the capital of Oklahoma, which is necessary to determine the county it belongs to."", ""requirement_id"": ""s3"", ""requirement_subquery"": ""What counties share a border with that county?"", ""upstream_position"": 55, ""upstream_title"": ""Oklahoma City""}, {""query_index"": 690, ""entity"": ""Kauna"", ""support_span"": ""its capital is Kaunas"", ""why"": ""The capital of Kaunas County is explicitly stated as Kaunas."", ""requirement_id"": ""s4"", ""requirement_subquery"": ""What is the capital of that county?"", ""upstream_position"": 1, ""upstream_title"": ""Kaunas County""}, {""query_index"": 690, ""entity"": ""Kaskaskia"", ""support_span"": ""It contains the historically important village of Kaskaskia, Illinois's first capital."", ""why"": ""Kaskaskia is explicitly mentioned as Illinois's first capital, which is the birthplace of Erik Jensen as implied by the question."", ""requirement_id"": ""s4"", ""requirement_subquery"": ""What is the capital of that county?"", ""upstream_position"": 9, ""upstream_title"": ""Randolph County, Illinois""}, {""query_index"": 690, ""entity"": ""Oklahoma County"", ""support_span"": ""Oklahoma City is the capital and largest city of the state of Oklahoma. The county seat of Oklahoma County"", ""why"": ""The upstream document explicitly states that Oklahoma City is the county seat of Oklahoma County, which is directly relevant to the dependent demand."", ""requirement_id"": ""s4"", ""requirement_subquery"": ""What is the capital of that county?"", ""upstream_position"": 55, ""upstream_title"": ""Oklahoma City""}]"
MuSiQue,musique,697,What country had the Border Troops of the republic known for the literature of the country of citizenship of Ilona Richter?,Heinz-Josef Große,21,20,1,0,0,0,0,0,0,0,0,0,0,0,0,9.0,East Germany,body_token_overlap,s2,What country had the Border Troops of the republic known for the literature of that country?,0,Iron Curtain,the inner German border -- commonly known as die Grenze in German -- between East and West Germany,not_top20,"[{""query_index"": 697, ""entity"": ""East Germany"", ""support_span"": ""the inner German border -- commonly known as die Grenze in German -- between East and West Germany"", ""why"": ""The text explicitly mentions East Germany as part of the inner German border, which is directly related to the Border Troops of the republic mentioned in the dependent demand."", ""requirement_id"": ""s2"", ""requirement_subquery"": ""What country had the Border Troops of the republic known for the literature of that country?"", ""upstream_position"": 0, ""upstream_title"": ""Iron Curtain""}, {""query_index"": 697, ""entity"": ""East Germany"", ""support_span"": ""competed for East Germany in the 1976 Summer Olympics and in the 1980 Summer Olympics"", ""why"": ""The upstream document explicitly states that Ilona Richter competed for East Germany, which is the country of citizenship referenced in the dependent demand."", ""requirement_id"": ""s2"", ""requirement_subquery"": ""What country had the Border Troops of the republic known for the literature of that country?"", ""upstream_position"": 1, ""upstream_title"": ""Ilona Richter""}, {""query_index"": 697, ""entity"": ""Roman Republic"", ""support_span"": ""Roman Republic"", ""why"": ""The upstream document title directly refers to the Roman Republic, which is the context for the literature mentioned."", ""requirement_id"": ""s2"", ""requirement_subquery"": ""What country had the Border Troops of the republic known for the literature of that country?"", ""upstream_position"": 8, ""upstream_title"": ""Roman Republic""}]"
MuSiQue,musique,704,When was the region that lies to the north of the region Israel is located and where the Battle of Qurah and Umm al Maradim is took place established?,Geography of Saudi Arabia,72,22,50,0,0,0,0,0,0,0,0,0,0,0,0,55.0,Persian Gulf,body_substring,s2,In which region did the Battle of Qurah and Umm al Maradim take place?,0,Battle of Qurah and Umm al Maradim,the islands off the coast of Kuwait in the Persian Gulf,not_top20,"[{""query_index"": 704, ""entity"": ""Persian Gulf"", ""support_span"": ""the islands off the coast of Kuwait in the Persian Gulf"", ""why"": ""The upstream document explicitly mentions the Persian Gulf as the location of the Battle of Qurah and Umm al Maradim, which is relevant to the dependent demand."", ""requirement_id"": ""s2"", ""requirement_subquery"": ""In which region did the Battle of Qurah and Umm al Maradim take place?"", ""upstream_position"": 0, ""upstream_title"": ""Battle of Qurah and Umm al Maradim""}, {""query_index"": 704, ""entity"": ""Qaruh Island"", ""support_span"": ""Qaruh Island () is an island belonging to the state of Kuwait"", ""why"": ""The upstream document explicitly mentions Qaruh Island and its location relative to Umm al Maradim, which is part of the dependent demand."", ""requirement_id"": ""s2"", ""requirement_subquery"": ""In which region did the Battle of Qurah and Umm al Maradim take place?"", ""upstream_position"": 1, ""upstream_title"": ""Qaruh Island""}, {""query_index"": 704, ""entity"": ""Israel"", ""support_span"": ""Israel"", ""why"": ""The upstream document explicitly mentions Israel as part of the Near East region, which is relevant to the dependent demand about the region where the Battle of Qurah and Umm al Maradim took place."", ""requirement_id"": ""s2"", ""requirement_subquery"": ""In which region did the Battle of Qurah and Umm al Maradim take place?"", ""upstream_position"": 4, ""upstream_title"": ""Near East""}, {""query_index"": 704, ""entity"": ""Persian Gulf"", ""support_span"": ""the islands of Qurah and Umm al Maradim"", ""why"": ""The battles took place off the coast of Kuwait in the Persian Gulf, making it the region associated with the events."", ""requirement_id"": ""s3"", ""requirement_subquery"": ""When was the region identified in the previous subqueries established?"", ""upstream_position"": 0, ""upstream_title"": ""Battle of Qurah and Umm al Maradim""}, {""query_index"": 704, ""entity"": ""Qaruh Island"", ""support_span"": ""Qaruh Island () is an island belonging to the state of Kuwait"", ""why"": ""The upstream document explicitly mentions Qaruh Island as the location related to the Battle of Qurah and Umm al Maradim."", ""requirement_id"": ""s3"", ""requirement_subquery"": ""When was the region identified in the previous subqueries established?"", ""upstream_position"": 1, ""upstream_title"": ""Qaruh Island""}, {""query_index"": 704, ""entity"": ""Israel"", ""support_span"": ""the Near East as including ... Israel"", ""why"": ""The upstream document explicitly lists Israel as part of the Near East region, which is relevant to the dependent demand."", ""requirement_id"": ""s3"", ""requirement_subquery"": ""When was the region identified in the previous subqueries established?"", ""upstream_position"": 4, ""upstream_title"": ""Near East""}]"
MuSiQue,musique,704,When was the region that lies to the north of the region Israel is located and where the Battle of Qurah and Umm al Maradim is took place established?,Saudi Arabia,58,74,-16,0,0,0,0,0,0,0,0,0,0,0,0,0.0,,,,,-1,,,no_positive_score_for_gold,"[{""query_index"": 704, ""entity"": ""Persian Gulf"", ""support_span"": ""the islands off the coast of Kuwait in the Persian Gulf"", ""why"": ""The upstream document explicitly mentions the Persian Gulf as the location of the Battle of Qurah and Umm al Maradim, which is relevant to the dependent demand."", ""requirement_id"": ""s2"", ""requirement_subquery"": ""In which region did the Battle of Qurah and Umm al Maradim take place?"", ""upstream_position"": 0, ""upstream_title"": ""Battle of Qurah and Umm al Maradim""}, {""query_index"": 704, ""entity"": ""Qaruh Island"", ""support_span"": ""Qaruh Island () is an island belonging to the state of Kuwait"", ""why"": ""The upstream document explicitly mentions Qaruh Island and its location relative to Umm al Maradim, which is part of the dependent demand."", ""requirement_id"": ""s2"", ""requirement_subquery"": ""In which region did the Battle of Qurah and Umm al Maradim take place?"", ""upstream_position"": 1, ""upstream_title"": ""Qaruh Island""}, {""query_index"": 704, ""entity"": ""Israel"", ""support_span"": ""Israel"", ""why"": ""The upstream document explicitly mentions Israel as part of the Near East region, which is relevant to the dependent demand about the region where the Battle of Qurah and Umm al Maradim took place."", ""requirement_id"": ""s2"", ""requirement_subquery"": ""In which region did the Battle of Qurah and Umm al Maradim take place?"", ""upstream_position"": 4, ""upstream_title"": ""Near East""}, {""query_index"": 704, ""entity"": ""Persian Gulf"", ""support_span"": ""the islands of Qurah and Umm al Maradim"", ""why"": ""The battles took place off the coast of Kuwait in the Persian Gulf, making it the region associated with the events."", ""requirement_id"": ""s3"", ""requirement_subquery"": ""When was the region identified in the previous subqueries established?"", ""upstream_position"": 0, ""upstream_title"": ""Battle of Qurah and Umm al Maradim""}, {""query_index"": 704, ""entity"": ""Qaruh Island"", ""support_span"": ""Qaruh Island () is an island belonging to the state of Kuwait"", ""why"": ""The upstream document explicitly mentions Qaruh Island as the location related to the Battle of Qurah and Umm al Maradim."", ""requirement_id"": ""s3"", ""requirement_subquery"": ""When was the region identified in the previous subqueries established?"", ""upstream_position"": 1, ""upstream_title"": ""Qaruh Island""}, {""query_index"": 704, ""entity"": ""Israel"", ""support_span"": ""the Near East as including ... Israel"", ""why"": ""The upstream document explicitly lists Israel as part of the Near East region, which is relevant to the dependent demand."", ""requirement_id"": ""s3"", ""requirement_subquery"": ""When was the region identified in the previous subqueries established?"", ""upstream_position"": 4, ""upstream_title"": ""Near East""}]"
MuSiQue,musique,759,Whose father was a navigator who explored the east coast of the continental region where Sergio Villanueva would later be born?,Paula Santiago,23,27,-4,0,0,0,0,0,0,0,0,0,0,0,0,0.0,,,,,-1,,,no_positive_score_for_gold,"[{""query_index"": 759, ""entity"": ""Vicente Yáñez Pinzón"", ""support_span"": ""Vicente Yáñez Pinzón (; Palos de la Frontera, Spain, c. 1462 – after 1514) was a Spanish navigator, explorer, and \""conquistador\"", the younger of the Pinzón brothers."", ""why"": ""The upstream document explicitly mentions Vicente Yáñez Pinzón as a Spanish navigator, which directly supports the dependent demand about the profession of the father of Sergio Villanueva."", ""requirement_id"": ""s2"", ""requirement_subquery"": ""What was the profession of that father?"", ""upstream_position"": 0, ""upstream_title"": ""Vicente Yáñez Pinzón""}, {""query_index"": 759, ""entity"": ""Sergio Villanueva"", ""support_span"": ""Sergio Villanueva (born 21 September 1988 in Guadalajara, Jalisco, Mexico) is a Mexican professional boxer in the Featherweight division."", ""why"": ""The upstream document explicitly mentions Sergio Villanueva and provides information about his birthplace, which is necessary for the dependent demand."", ""requirement_id"": ""s2"", ""requirement_subquery"": ""What was the profession of that father?"", ""upstream_position"": 1, ""upstream_title"": ""Sergio Villanueva""}, {""query_index"": 759, ""entity"": ""Andrée Chedid"", ""support_span"": ""Louis Chedid is the son of the writer Andrée Chedid and the father of Matthieu Chedid (better known as -M-)."", ""why"": ""The upstream document explicitly states that Andrée Chedid is the father of Louis Chedid, making him the father of Sergio Villanueva as per the upstream demand."", ""requirement_id"": ""s2"", ""requirement_subquery"": ""What was the profession of that father?"", ""upstream_position"": 76, ""upstream_title"": ""Louis Chedid""}, {""query_index"": 759, ""entity"": ""Louis Chedid"", ""support_span"": ""Louis Chedid is the son of the writer Andrée Chedid and the father of Matthieu Chedid (better known as -M-)."", ""why"": ""The upstream document explicitly mentions Louis Chedid as the subject, and the dependent demand refers to his father, who is implied to be a navigator."", ""requirement_id"": ""s3"", ""requirement_subquery"": ""Which regions did that navigator explore?"", ""upstream_position"": 76, ""upstream_title"": ""Louis Chedid""}, {""query_index"": 759, ""entity"": ""Vicente Yáñez Pinzón"", ""support_span"": ""Vicente Yáñez Pinzón (; Palos de la Frontera, Spain, c. 1462 – after 1514) was a Spanish navigator, explorer, and \""conquistador\"", the younger of the Pinzón brothers."", ""why"": ""The upstream document explicitly mentions Vicente Yáñez Pinzón as a navigator, which directly supports the dependent demand about the regions explored by the navigator."", ""requirement_id"": ""s3"", ""requirement_subquery"": ""Which regions did that navigator explore?"", ""upstream_position"": 0, ""upstream_title"": ""Vicente Yáñez Pinzón""}, {""query_index"": 759, ""entity"": ""Sergio Villanueva"", ""support_span"": ""Sergio Villanueva (born 21 September 1988 in Guadalajara, Jalisco, Mexico)"", ""why"": ""The upstream document explicitly mentions Sergio Villanueva and his birthplace, which is relevant to the dependent demand about the regions explored by his father."", ""requirement_id"": ""s3"", ""requirement_subquery"": ""Which regions did that navigator explore?"", ""upstream_position"": 1, ""upstream_title"": ""Sergio Villanueva""}, {""query_index"": 759, ""entity"": ""Giovanni Caboto"", ""support_span"": ""Italian navigator and explorer Giovanni Caboto (known in English as John Cabot) is credited with the discovery of continental North America on June 24, 1497, under the commission of Henry VII of England."", ""why"": ""Giovanni Caboto is explicitly mentioned as the navigator who explored the east coast of North America, which is relevant to the dependent demand about Sergio Villanueva's birthplace."", ""requirement_id"": ""s4"", ""requirement_subquery"": ""Where was Sergio Villanueva born?"", ""upstream_position"": 16, ""upstream_title"": ""Exploration of North America""}, {""query_index"": 759, ""entity"": ""Louis Chedid"", ""support_span"": ""Louis Chedid is the son of the writer Andrée Chedid and the father of Matthieu Chedid (better known as -M-)."", ""why"": ""The upstream document explicitly mentions Louis Chedid as the subject, and the dependent demand relates to his son, Sergio Villanueva, implying a connection to Louis Chedid."", ""requirement_id"": ""s4"", ""requirement_subquery"": ""Where was Sergio Villanueva born?"", ""upstream_position"": 76, ""upstream_title"": ""Louis Chedid""}, {""query_index"": 759, ""entity"": ""Sergio Villanueva"", ""support_span"": ""Where was Sergio Villanueva born?"", ""why"": ""The dependent demand explicitly asks about the birthplace of Sergio Villanueva, which is a direct entity to be used as a retrieval anchor."", ""requirement_id"": ""s4"", ""requirement_subquery"": ""Where was Sergio Villanueva born?"", ""upstream_position"": 0, ""upstream_title"": ""Vicente Yáñez Pinzón""}]"
MuSiQue,musique,759,Whose father was a navigator who explored the east coast of the continental region where Sergio Villanueva would later be born?,Sebastian Cabot (explorer),7,13,-6,0,0,1,1,0,0,0,1,0,0,0,0,0.0,,,,,-1,,,no_positive_score_for_gold,"[{""query_index"": 759, ""entity"": ""Vicente Yáñez Pinzón"", ""support_span"": ""Vicente Yáñez Pinzón (; Palos de la Frontera, Spain, c. 1462 – after 1514) was a Spanish navigator, explorer, and \""conquistador\"", the younger of the Pinzón brothers."", ""why"": ""The upstream document explicitly mentions Vicente Yáñez Pinzón as a Spanish navigator, which directly supports the dependent demand about the profession of the father of Sergio Villanueva."", ""requirement_id"": ""s2"", ""requirement_subquery"": ""What was the profession of that father?"", ""upstream_position"": 0, ""upstream_title"": ""Vicente Yáñez Pinzón""}, {""query_index"": 759, ""entity"": ""Sergio Villanueva"", ""support_span"": ""Sergio Villanueva (born 21 September 1988 in Guadalajara, Jalisco, Mexico) is a Mexican professional boxer in the Featherweight division."", ""why"": ""The upstream document explicitly mentions Sergio Villanueva and provides information about his birthplace, which is necessary for the dependent demand."", ""requirement_id"": ""s2"", ""requirement_subquery"": ""What was the profession of that father?"", ""upstream_position"": 1, ""upstream_title"": ""Sergio Villanueva""}, {""query_index"": 759, ""entity"": ""Andrée Chedid"", ""support_span"": ""Louis Chedid is the son of the writer Andrée Chedid and the father of Matthieu Chedid (better known as -M-)."", ""why"": ""The upstream document explicitly states that Andrée Chedid is the father of Louis Chedid, making him the father of Sergio Villanueva as per the upstream demand."", ""requirement_id"": ""s2"", ""requirement_subquery"": ""What was the profession of that father?"", ""upstream_position"": 76, ""upstream_title"": ""Louis Chedid""}, {""query_index"": 759, ""entity"": ""Louis Chedid"", ""support_span"": ""Louis Chedid is the son of the writer Andrée Chedid and the father of Matthieu Chedid (better known as -M-)."", ""why"": ""The upstream document explicitly mentions Louis Chedid as the subject, and the dependent demand refers to his father, who is implied to be a navigator."", ""requirement_id"": ""s3"", ""requirement_subquery"": ""Which regions did that navigator explore?"", ""upstream_position"": 76, ""upstream_title"": ""Louis Chedid""}, {""query_index"": 759, ""entity"": ""Vicente Yáñez Pinzón"", ""support_span"": ""Vicente Yáñez Pinzón (; Palos de la Frontera, Spain, c. 1462 – after 1514) was a Spanish navigator, explorer, and \""conquistador\"", the younger of the Pinzón brothers."", ""why"": ""The upstream document explicitly mentions Vicente Yáñez Pinzón as a navigator, which directly supports the dependent demand about the regions explored by the navigator."", ""requirement_id"": ""s3"", ""requirement_subquery"": ""Which regions did that navigator explore?"", ""upstream_position"": 0, ""upstream_title"": ""Vicente Yáñez Pinzón""}, {""query_index"": 759, ""entity"": ""Sergio Villanueva"", ""support_span"": ""Sergio Villanueva (born 21 September 1988 in Guadalajara, Jalisco, Mexico)"", ""why"": ""The upstream document explicitly mentions Sergio Villanueva and his birthplace, which is relevant to the dependent demand about the regions explored by his father."", ""requirement_id"": ""s3"", ""requirement_subquery"": ""Which regions did that navigator explore?"", ""upstream_position"": 1, ""upstream_title"": ""Sergio Villanueva""}, {""query_index"": 759, ""entity"": ""Giovanni Caboto"", ""support_span"": ""Italian navigator and explorer Giovanni Caboto (known in English as John Cabot) is credited with the discovery of continental North America on June 24, 1497, under the commission of Henry VII of England."", ""why"": ""Giovanni Caboto is explicitly mentioned as the navigator who explored the east coast of North America, which is relevant to the dependent demand about Sergio Villanueva's birthplace."", ""requirement_id"": ""s4"", ""requirement_subquery"": ""Where was Sergio Villanueva born?"", ""upstream_position"": 16, ""upstream_title"": ""Exploration of North America""}, {""query_index"": 759, ""entity"": ""Louis Chedid"", ""support_span"": ""Louis Chedid is the son of the writer Andrée Chedid and the father of Matthieu Chedid (better known as -M-)."", ""why"": ""The upstream document explicitly mentions Louis Chedid as the subject, and the dependent demand relates to his son, Sergio Villanueva, implying a connection to Louis Chedid."", ""requirement_id"": ""s4"", ""requirement_subquery"": ""Where was Sergio Villanueva born?"", ""upstream_position"": 76, ""upstream_title"": ""Louis Chedid""}, {""query_index"": 759, ""entity"": ""Sergio Villanueva"", ""support_span"": ""Where was Sergio Villanueva born?"", ""why"": ""The dependent demand explicitly asks about the birthplace of Sergio Villanueva, which is a direct entity to be used as a retrieval anchor."", ""requirement_id"": ""s4"", ""requirement_subquery"": ""Where was Sergio Villanueva born?"", ""upstream_position"": 0, ""upstream_title"": ""Vicente Yáñez Pinzón""}]"
MuSiQue,musique,769,When did the town WIZE is licensed in become capitol of the state where Ward Township is located?,"Randolph County, Illinois",31,43,-12,0,0,0,0,0,0,0,0,0,0,0,0,0.0,,,,,-1,,,no_positive_score_for_gold,"[{""query_index"": 769, ""entity"": ""Indiana"", ""support_span"": ""Ward Township, Randolph County, Indiana"", ""why"": ""The upstream document explicitly states that Ward Township is located in Indiana, which is the state in question for the dependent demand."", ""requirement_id"": ""s2"", ""requirement_subquery"": ""When did the town WIZE is licensed in become the capital of that state?"", ""upstream_position"": 5, ""upstream_title"": ""Ward Township, Randolph County, Indiana""}, {""query_index"": 769, ""entity"": ""Maine"", ""support_span"": ""E is an unincorporated township located in Aroostook County, Maine, United States."", ""why"": ""The upstream document explicitly states that E Township is located in Maine, which is the state where Ward Township is located."", ""requirement_id"": ""s2"", ""requirement_subquery"": ""When did the town WIZE is licensed in become the capital of that state?"", ""upstream_position"": 76, ""upstream_title"": ""E Township, Maine""}, {""query_index"": 769, ""entity"": ""Springfield, Ohio"", ""support_span"": ""WIZE (1340 AM) — branded WIZE AM 1340 — is a commercial radio station in Springfield, Ohio owned by iHeartMedia, Inc. as part of their Dayton cluster."", ""why"": ""The upstream document explicitly states that WIZE is located in Springfield, Ohio, which is the state where Ward Township is located."", ""requirement_id"": ""s2"", ""requirement_subquery"": ""When did the town WIZE is licensed in become the capital of that state?"", ""upstream_position"": 0, ""upstream_title"": ""WIZE""}]"
MuSiQue,musique,769,When did the town WIZE is licensed in become capitol of the state where Ward Township is located?,"Springfield, Illinois",28,13,15,0,0,0,0,0,0,0,1,0,0,0,1,17.5,"Springfield, Ohio",title_token_overlap,s2,When did the town WIZE is licensed in become the capital of that state?,0,WIZE,"WIZE (1340 AM) — branded WIZE AM 1340 — is a commercial radio station in Springfield, Ohio owned by iHeartMedia, Inc. as part of their Dayton cluster.",top20_not_top10,"[{""query_index"": 769, ""entity"": ""Indiana"", ""support_span"": ""Ward Township, Randolph County, Indiana"", ""why"": ""The upstream document explicitly states that Ward Township is located in Indiana, which is the state in question for the dependent demand."", ""requirement_id"": ""s2"", ""requirement_subquery"": ""When did the town WIZE is licensed in become the capital of that state?"", ""upstream_position"": 5, ""upstream_title"": ""Ward Township, Randolph County, Indiana""}, {""query_index"": 769, ""entity"": ""Maine"", ""support_span"": ""E is an unincorporated township located in Aroostook County, Maine, United States."", ""why"": ""The upstream document explicitly states that E Township is located in Maine, which is the state where Ward Township is located."", ""requirement_id"": ""s2"", ""requirement_subquery"": ""When did the town WIZE is licensed in become the capital of that state?"", ""upstream_position"": 76, ""upstream_title"": ""E Township, Maine""}, {""query_index"": 769, ""entity"": ""Springfield, Ohio"", ""support_span"": ""WIZE (1340 AM) — branded WIZE AM 1340 — is a commercial radio station in Springfield, Ohio owned by iHeartMedia, Inc. as part of their Dayton cluster."", ""why"": ""The upstream document explicitly states that WIZE is located in Springfield, Ohio, which is the state where Ward Township is located."", ""requirement_id"": ""s2"", ""requirement_subquery"": ""When did the town WIZE is licensed in become the capital of that state?"", ""upstream_position"": 0, ""upstream_title"": ""WIZE""}]"
MuSiQue,musique,774,Can foreign tourists cruise to the country between the nation that hosted 2020 AFC U-23 Championship qualification and the one that contains A Don.?,Geography of Myanmar,27,6,21,0,0,0,0,0,0,1,1,0,0,1,1,55.0,Thailand,body_substring,s3,Can foreign tourists cruise to the country between the nation that hosted 2020 AFC U-23 Championship qualification and the one that contains A Don?,0,2020 AFC U-23 Championship qualification,The final tournament hosts Thailand decided to participate in qualification despite having automatically qualified for the final tournament.,top10_not_top5,"[{""query_index"": 774, ""entity"": ""Thailand"", ""support_span"": ""The final tournament hosts Thailand decided to participate in qualification despite having automatically qualified for the final tournament."", ""why"": ""The upstream document explicitly states that Thailand hosted the 2020 AFC U-23 Championship qualification."", ""requirement_id"": ""s3"", ""requirement_subquery"": ""Can foreign tourists cruise to the country between the nation that hosted 2020 AFC U-23 Championship qualification and the one that contains A Don?"", ""upstream_position"": 0, ""upstream_title"": ""2020 AFC U-23 Championship qualification""}, {""query_index"": 774, ""entity"": ""Lao"", ""support_span"": ""A Don is a village in south-eastern Laos near the border with Vietnam."", ""why"": ""The upstream document explicitly mentions Laos as the country where A Don is located."", ""requirement_id"": ""s3"", ""requirement_subquery"": ""Can foreign tourists cruise to the country between the nation that hosted 2020 AFC U-23 Championship qualification and the one that contains A Don?"", ""upstream_position"": 1, ""upstream_title"": ""A Don""}, {""query_index"": 774, ""entity"": ""2020 AFC U-23 Championship qualification"", ""support_span"": ""The current format of the competition involves a qualification phase, which currently takes place over the preceding three years, to determine which teams qualify for the tournament phase"", ""why"": ""The upstream document mentions the qualification phase, which is relevant to the nation that hosted the 2020 AFC U-23 Championship qualification."", ""requirement_id"": ""s3"", ""requirement_subquery"": ""Can foreign tourists cruise to the country between the nation that hosted 2020 AFC U-23 Championship qualification and the one that contains A Don?"", ""upstream_position"": 2, ""upstream_title"": ""FIFA World Cup""}]"
MuSiQue,musique,774,Can foreign tourists cruise to the country between the nation that hosted 2020 AFC U-23 Championship qualification and the one that contains A Don.?,Myanmar,6,3,3,0,0,1,1,0,1,1,1,0,1,0,0,55.0,Thailand,body_substring,s3,Can foreign tourists cruise to the country between the nation that hosted 2020 AFC U-23 Championship qualification and the one that contains A Don?,0,2020 AFC U-23 Championship qualification,The final tournament hosts Thailand decided to participate in qualification despite having automatically qualified for the final tournament.,recovered_top5,"[{""query_index"": 774, ""entity"": ""Thailand"", ""support_span"": ""The final tournament hosts Thailand decided to participate in qualification despite having automatically qualified for the final tournament."", ""why"": ""The upstream document explicitly states that Thailand hosted the 2020 AFC U-23 Championship qualification."", ""requirement_id"": ""s3"", ""requirement_subquery"": ""Can foreign tourists cruise to the country between the nation that hosted 2020 AFC U-23 Championship qualification and the one that contains A Don?"", ""upstream_position"": 0, ""upstream_title"": ""2020 AFC U-23 Championship qualification""}, {""query_index"": 774, ""entity"": ""Lao"", ""support_span"": ""A Don is a village in south-eastern Laos near the border with Vietnam."", ""why"": ""The upstream document explicitly mentions Laos as the country where A Don is located."", ""requirement_id"": ""s3"", ""requirement_subquery"": ""Can foreign tourists cruise to the country between the nation that hosted 2020 AFC U-23 Championship qualification and the one that contains A Don?"", ""upstream_position"": 1, ""upstream_title"": ""A Don""}, {""query_index"": 774, ""entity"": ""2020 AFC U-23 Championship qualification"", ""support_span"": ""The current format of the competition involves a qualification phase, which currently takes place over the preceding three years, to determine which teams qualify for the tournament phase"", ""why"": ""The upstream document mentions the qualification phase, which is relevant to the nation that hosted the 2020 AFC U-23 Championship qualification."", ""requirement_id"": ""s3"", ""requirement_subquery"": ""Can foreign tourists cruise to the country between the nation that hosted 2020 AFC U-23 Championship qualification and the one that contains A Don?"", ""upstream_position"": 2, ""upstream_title"": ""FIFA World Cup""}]"
MuSiQue,musique,803,In what region of the country where Ha Hoa is located is the city where Zone 5 Military Museum is found?,South Central Coast,5,14,-9,0,0,1,1,0,0,0,1,0,0,0,0,9.0,Da Nang,body_token_overlap,s2,In which region of the country is the city where Zone 5 Military Museum is found?,0,"Zone 5 Military Museum, Danang","The Zone 5 Military Museum (Bao Tang Khu 5) is a military museum located at 3 Duy Tân, Da Nang, Vietnam.",top20_not_top10,"[{""query_index"": 803, ""entity"": ""Phú Thọ Province"", ""support_span"": ""Hạ Hòa is a rural district of Phú Thọ Province in the Northeast region of Vietnam."", ""why"": ""The upstream document explicitly states that Hạ Hòa is located in Phú Thọ Province, which is necessary to determine the region of the country where the Zone 5 Military Museum is found."", ""requirement_id"": ""s2"", ""requirement_subquery"": ""In which region of the country is the city where Zone 5 Military Museum is found?"", ""upstream_position"": 1, ""upstream_title"": ""Hạ Hòa District""}, {""query_index"": 803, ""entity"": ""Da Nang"", ""support_span"": ""The Zone 5 Military Museum (Bao Tang Khu 5) is a military museum located at 3 Duy Tân, Da Nang, Vietnam."", ""why"": ""The museum is explicitly located in Da Nang, Vietnam, which is the city where the Zone 5 Military Museum is found."", ""requirement_id"": ""s2"", ""requirement_subquery"": ""In which region of the country is the city where Zone 5 Military Museum is found?"", ""upstream_position"": 0, ""upstream_title"": ""Zone 5 Military Museum, Danang""}, {""query_index"": 803, ""entity"": ""Bắc Giang Province"", ""support_span"": ""Việt Yên is a rural district of Bắc Giang Province in the Northeast region of Vietnam."", ""why"": ""The upstream document explicitly states that Việt Yên is part of Bắc Giang Province, which is relevant to determining the region where Ha Hoa is located."", ""requirement_id"": ""s2"", ""requirement_subquery"": ""In which region of the country is the city where Zone 5 Military Museum is found?"", ""upstream_position"": 2, ""upstream_title"": ""Việt Yên District""}]"
MuSiQue,musique,810,What is the capital of the county that shares a border with the county where the band Tenement was formed?,Jerome Quinn,5,27,-22,0,0,1,1,0,0,0,0,0,0,0,0,9.0,"Appleton, Wisconsin",body_token_overlap,s2,Which county shares a border with the county where the band Tenement was formed?,0,Tenement (band),"Tenement is a three piece rock band from Appleton, Wisconsin formed in 2006.",not_top20,"[{""query_index"": 810, ""entity"": ""Appleton, Wisconsin"", ""support_span"": ""Tenement is a three piece rock band from Appleton, Wisconsin formed in 2006."", ""why"": ""The upstream document explicitly states that the band Tenement was formed in Appleton, Wisconsin, which is the county where the band was formed."", ""requirement_id"": ""s2"", ""requirement_subquery"": ""Which county shares a border with the county where the band Tenement was formed?"", ""upstream_position"": 0, ""upstream_title"": ""Tenement (band)""}, {""query_index"": 810, ""entity"": ""Kaunas County"", ""support_span"": ""Kaunas County () is one of ten counties of Lithuania. It is in the centre of the country, and its capital is Kaunas."", ""why"": ""The upstream document explicitly mentions Kaunas County as the location where the band Tenement was formed, and it provides the necessary context for the dependent demand."", ""requirement_id"": ""s2"", ""requirement_subquery"": ""Which county shares a border with the county where the band Tenement was formed?"", ""upstream_position"": 1, ""upstream_title"": ""Kaunas County""}, {""query_index"": 810, ""entity"": ""Toronto, Ontario"", ""support_span"": ""Danko Jones is a Canadian rock trio from Toronto, Ontario."", ""why"": ""The upstream document explicitly states that Danko Jones is from Toronto, Ontario, which is the county where the band was formed."", ""requirement_id"": ""s2"", ""requirement_subquery"": ""Which county shares a border with the county where the band Tenement was formed?"", ""upstream_position"": 2, ""upstream_title"": ""Danko Jones""}, {""query_index"": 810, ""entity"": ""Appleton, Wisconsin"", ""support_span"": ""Tenement is a three piece rock band from Appleton, Wisconsin formed in 2006."", ""why"": ""The band Tenement was formed in Appleton, Wisconsin, which is the county where the band originated."", ""requirement_id"": ""s3"", ""requirement_subquery"": ""What is the capital of that county?"", ""upstream_position"": 0, ""upstream_title"": ""Tenement (band)""}, {""query_index"": 810, ""entity"": ""Kauna"", ""support_span"": ""Its capital is Kaunas."", ""why"": ""The capital of Kaunas County is explicitly mentioned as Kaunas, which is directly relevant to the dependent demand."", ""requirement_id"": ""s3"", ""requirement_subquery"": ""What is the capital of that county?"", ""upstream_position"": 1, ""upstream_title"": ""Kaunas County""}, {""query_index"": 810, ""entity"": ""Toronto, Ontario"", ""support_span"": ""Danko Jones is a Canadian rock trio from Toronto, Ontario."", ""why"": ""The upstream document explicitly states that Danko Jones is from Toronto, Ontario, which is the county where the band was formed. The dependent demand asks for the capital of the county that shares a border with this county, implying the need to identify the county first."", ""requirement_id"": ""s3"", ""requirement_subquery"": ""What is the capital of that county?"", ""upstream_position"": 2, ""upstream_title"": ""Danko Jones""}]"
MuSiQue,musique,810,What is the capital of the county that shares a border with the county where the band Tenement was formed?,Pulaski High School,17,31,-14,0,0,0,1,0,0,0,0,0,0,0,0,9.0,"Appleton, Wisconsin",body_token_overlap,s2,Which county shares a border with the county where the band Tenement was formed?,0,Tenement (band),"Tenement is a three piece rock band from Appleton, Wisconsin formed in 2006.",not_top20,"[{""query_index"": 810, ""entity"": ""Appleton, Wisconsin"", ""support_span"": ""Tenement is a three piece rock band from Appleton, Wisconsin formed in 2006."", ""why"": ""The upstream document explicitly states that the band Tenement was formed in Appleton, Wisconsin, which is the county where the band was formed."", ""requirement_id"": ""s2"", ""requirement_subquery"": ""Which county shares a border with the county where the band Tenement was formed?"", ""upstream_position"": 0, ""upstream_title"": ""Tenement (band)""}, {""query_index"": 810, ""entity"": ""Kaunas County"", ""support_span"": ""Kaunas County () is one of ten counties of Lithuania. It is in the centre of the country, and its capital is Kaunas."", ""why"": ""The upstream document explicitly mentions Kaunas County as the location where the band Tenement was formed, and it provides the necessary context for the dependent demand."", ""requirement_id"": ""s2"", ""requirement_subquery"": ""Which county shares a border with the county where the band Tenement was formed?"", ""upstream_position"": 1, ""upstream_title"": ""Kaunas County""}, {""query_index"": 810, ""entity"": ""Toronto, Ontario"", ""support_span"": ""Danko Jones is a Canadian rock trio from Toronto, Ontario."", ""why"": ""The upstream document explicitly states that Danko Jones is from Toronto, Ontario, which is the county where the band was formed."", ""requirement_id"": ""s2"", ""requirement_subquery"": ""Which county shares a border with the county where the band Tenement was formed?"", ""upstream_position"": 2, ""upstream_title"": ""Danko Jones""}, {""query_index"": 810, ""entity"": ""Appleton, Wisconsin"", ""support_span"": ""Tenement is a three piece rock band from Appleton, Wisconsin formed in 2006."", ""why"": ""The band Tenement was formed in Appleton, Wisconsin, which is the county where the band originated."", ""requirement_id"": ""s3"", ""requirement_subquery"": ""What is the capital of that county?"", ""upstream_position"": 0, ""upstream_title"": ""Tenement (band)""}, {""query_index"": 810, ""entity"": ""Kauna"", ""support_span"": ""Its capital is Kaunas."", ""why"": ""The capital of Kaunas County is explicitly mentioned as Kaunas, which is directly relevant to the dependent demand."", ""requirement_id"": ""s3"", ""requirement_subquery"": ""What is the capital of that county?"", ""upstream_position"": 1, ""upstream_title"": ""Kaunas County""}, {""query_index"": 810, ""entity"": ""Toronto, Ontario"", ""support_span"": ""Danko Jones is a Canadian rock trio from Toronto, Ontario."", ""why"": ""The upstream document explicitly states that Danko Jones is from Toronto, Ontario, which is the county where the band was formed. The dependent demand asks for the capital of the county that shares a border with this county, implying the need to identify the county first."", ""requirement_id"": ""s3"", ""requirement_subquery"": ""What is the capital of that county?"", ""upstream_position"": 2, ""upstream_title"": ""Danko Jones""}]"
MuSiQue,musique,815,"Who was a prominent figure at the radio division of the broadcasting company that created the version of The Biggest Loser: The Final Chance, set in the country containing Labu?",Adult contemporary music,81,35,46,0,0,0,0,0,0,0,0,0,0,0,0,6.0,AVA Radio Company,body_token_overlap,s2,What is the radio division of that broadcasting company?,19,Edward Fokczyński,"Edward Fokczyński was one of the four directors of the AVA Radio Company, an electronics firm established in Warsaw, Poland, in 1929.",not_top20,"[{""query_index"": 815, ""entity"": ""The Biggest Loser Brunei"", ""support_span"": ""The Biggest Loser Brunei (season 3): Lose It All is the third season of The Biggest Loser Brunei, which is the Bruneian version of the NBC reality television series The Biggest Loser."", ""why"": ""The upstream document explicitly mentions 'The Biggest Loser Brunei' as the Bruneian version of the show, which is relevant to the dependent demand about the broadcasting company."", ""requirement_id"": ""s2"", ""requirement_subquery"": ""What is the radio division of that broadcasting company?"", ""upstream_position"": 0, ""upstream_title"": ""The Biggest Loser Brunei: Lose It All""}, {""query_index"": 815, ""entity"": ""Brunei"", ""support_span"": ""Labu is a mukim in the Temburong District of Brunei."", ""why"": ""The upstream document explicitly states that Labu is in Brunei, which is the country containing Labu."", ""requirement_id"": ""s2"", ""requirement_subquery"": ""What is the radio division of that broadcasting company?"", ""upstream_position"": 1, ""upstream_title"": ""Labu, Temburong""}, {""query_index"": 815, ""entity"": ""AVA Radio Company"", ""support_span"": ""Edward Fokczyński was one of the four directors of the AVA Radio Company, an electronics firm established in Warsaw, Poland, in 1929."", ""why"": ""The AVA Radio Company is explicitly mentioned as the entity related to the radio division in the upstream document."", ""requirement_id"": ""s2"", ""requirement_subquery"": ""What is the radio division of that broadcasting company?"", ""upstream_position"": 19, ""upstream_title"": ""Edward Fokczyński""}, {""query_index"": 815, ""entity"": ""The Biggest Loser Brunei"", ""support_span"": ""The Biggest Loser Brunei (season 3): Lose It All is the third season of The Biggest Loser Brunei, which is the Bruneian version of the NBC reality television series The Biggest Loser."", ""why"": ""The upstream document explicitly mentions 'The Biggest Loser Brunei' as the Bruneian version of the show, which is relevant to the dependent demand about the broadcasting company."", ""requirement_id"": ""s3"", ""requirement_subquery"": ""Who was a prominent figure at that radio division?"", ""upstream_position"": 0, ""upstream_title"": ""The Biggest Loser Brunei: Lose It All""}, {""query_index"": 815, ""entity"": ""Brunei"", ""support_span"": ""Labu is a mukim in the Temburong District of Brunei."", ""why"": ""The upstream document explicitly mentions Brunei as the country where Labu is located, which is required for the dependent demand."", ""requirement_id"": ""s3"", ""requirement_subquery"": ""Who was a prominent figure at that radio division?"", ""upstream_position"": 1, ""upstream_title"": ""Labu, Temburong""}, {""query_index"": 815, ""entity"": ""AVA Radio Company"", ""support_span"": ""Edward Fokczyński was one of the four directors of the AVA Radio Company, an electronics firm established in Warsaw, Poland, in 1929."", ""why"": ""The AVA Radio Company is explicitly mentioned as the entity related to the radio division in the upstream document."", ""requirement_id"": ""s3"", ""requirement_subquery"": ""Who was a prominent figure at that radio division?"", ""upstream_position"": 19, ""upstream_title"": ""Edward Fokczyński""}]"
MuSiQue,musique,837,What is the name of the castle in the city where the performers of Born A Lion was formed?,Casa Loma,88,91,-3,0,0,0,0,0,0,0,0,0,0,0,0,0.0,,,,,-1,,,no_positive_score_for_gold,"[{""query_index"": 837, ""entity"": ""Danko Jone"", ""support_span"": ""Born A Lion is the debut album by Canadian rock band Danko Jones."", ""why"": ""The upstream document explicitly mentions Danko Jones as the band associated with the album 'Born A Lion', which is the origin of the performers."", ""requirement_id"": ""s2"", ""requirement_subquery"": ""What is the name of the castle in that city?"", ""upstream_position"": 0, ""upstream_title"": ""Born a Lion""}, {""query_index"": 837, ""entity"": ""Born a Lion"", ""support_span"": ""two additional tracks from the 2002 album \""Born a Lion\"", \""Lovercall\"" and \""Sound of Love\"""", ""why"": ""The upstream document mentions \""Born a Lion\"" as an album, which is directly related to the performers mentioned in the dependent demand."", ""requirement_id"": ""s2"", ""requirement_subquery"": ""What is the name of the castle in that city?"", ""upstream_position"": 1, ""upstream_title"": ""We Sweat Blood""}, {""query_index"": 837, ""entity"": ""Greifensee"", ""support_span"": ""Greifensee Castle () is a castle in the municipality of Greifensee and the canton of Zurich in Switzerland."", ""why"": ""The upstream document explicitly mentions Greifensee as the municipality where Greifensee Castle is located, which is the answer to the dependent demand."", ""requirement_id"": ""s2"", ""requirement_subquery"": ""What is the name of the castle in that city?"", ""upstream_position"": 17, ""upstream_title"": ""Greifensee Castle""}]"
MuSiQue,musique,863,In what region of the country where Lam Thao is located is John Phan's birthplace?,South Central Coast,5,24,-19,0,0,1,1,0,0,0,0,0,0,0,0,9.0,Da Nang,body_token_overlap,s2,In what region of the country is that location?,0,John Phan,"born October 10, 1974 in Da Nang, Vietnam",not_top20,"[{""query_index"": 863, ""entity"": ""Phú Thọ Province"", ""support_span"": ""Lâm Thao is a rural district of Phú Thọ Province in the Northeast region of Vietnam."", ""why"": ""The upstream document explicitly states that Lam Thao is located in Phú Thọ Province, which is necessary to determine the region of the country for the dependent demand."", ""requirement_id"": ""s2"", ""requirement_subquery"": ""In what region of the country is that location?"", ""upstream_position"": 1, ""upstream_title"": ""Lâm Thao District""}, {""query_index"": 863, ""entity"": ""Da Nang"", ""support_span"": ""born October 10, 1974 in Da Nang, Vietnam"", ""why"": ""The upstream document explicitly mentions Da Nang, Vietnam as John Phan's birthplace, which is directly relevant to the dependent demand about the region of the country where Lam Thao is located."", ""requirement_id"": ""s2"", ""requirement_subquery"": ""In what region of the country is that location?"", ""upstream_position"": 0, ""upstream_title"": ""John Phan""}, {""query_index"": 863, ""entity"": ""Philadelphia, PA"", ""support_span"": ""He was born in Philadelphia, PA and died in Denton, TX."", ""why"": ""The upstream document explicitly mentions Philadelphia, PA as the birthplace of Robert Perew, which is relevant to the dependent demand about the region of the country where Lam Thao is located."", ""requirement_id"": ""s2"", ""requirement_subquery"": ""In what region of the country is that location?"", ""upstream_position"": 68, ""upstream_title"": ""Robert Perew""}, {""query_index"": 863, ""entity"": ""Da Nang"", ""support_span"": ""born October 10, 1974 in Da Nang, Vietnam"", ""why"": ""The upstream document explicitly states that John Phan was born in Da Nang, Vietnam, which is the direct answer to the upstream demand 'Where was John Phan born?'. This location is also the retrieval anchor for the dependent demand 'What region of the country is that birthplace located in?'."", ""requirement_id"": ""s4"", ""requirement_subquery"": ""What region of the country is that birthplace located in?"", ""upstream_position"": 0, ""upstream_title"": ""John Phan""}, {""query_index"": 863, ""entity"": ""Lâm Thao District"", ""support_span"": ""Lâm Thao is a rural district of Phú Thọ Province in the Northeast region of Vietnam."", ""why"": ""The upstream document explicitly mentions Lam Thao District as part of the Northeast region of Vietnam, which is relevant to the dependent demand about the region of John Phan's birthplace."", ""requirement_id"": ""s4"", ""requirement_subquery"": ""What region of the country is that birthplace located in?"", ""upstream_position"": 1, ""upstream_title"": ""Lâm Thao District""}, {""query_index"": 863, ""entity"": ""Philadelphia, PA"", ""support_span"": ""He was born in Philadelphia, PA and died in Denton, TX."", ""why"": ""The upstream document explicitly states that Robert Perew was born in Philadelphia, PA, which is the birthplace referenced in the dependent demand."", ""requirement_id"": ""s4"", ""requirement_subquery"": ""What region of the country is that birthplace located in?"", ""upstream_position"": 68, ""upstream_title"": ""Robert Perew""}]"
MuSiQue,musique,886,"What country is between Lithuania and the country many expelled French Jews relocated to, along with the country of citizenship of Marie Antoinette's mother?",César Gabriel de Choiseul,33,61,-28,0,0,0,0,0,0,0,0,0,0,0,0,0.0,,,,,-1,,,no_positive_score_for_gold,"[{""query_index"": 886, ""entity"": ""France"", ""support_span"": ""at the court of King Louis XV of France in 1766"", ""why"": ""The upstream document mentions France as the country where Mercy-Argenteau worked and where Louis XV was king."", ""requirement_id"": ""s3"", ""requirement_subquery"": ""What country is between Lithuania and the country identified in s1?"", ""upstream_position"": 0, ""upstream_title"": ""Florimond Claude, Comte de Mercy-Argenteau""}, {""query_index"": 886, ""entity"": ""Lithuania"", ""support_span"": ""What country is between Lithuania and the country identified in s1?"", ""why"": ""Lithuania is explicitly mentioned as one of the boundaries in the dependent demand."", ""requirement_id"": ""s3"", ""requirement_subquery"": ""What country is between Lithuania and the country identified in s1?"", ""upstream_position"": 0, ""upstream_title"": ""Florimond Claude, Comte de Mercy-Argenteau""}, {""query_index"": 886, ""entity"": ""Austria"", ""support_span"": ""the marriage of the dauphin, afterwards Louis XVI, with Archduchess Maria Antonia of Austria"", ""why"": ""Austria is implied as the country of citizenship of Marie Antoinette's mother, as she was an Archduchess of Austria."", ""requirement_id"": ""s3"", ""requirement_subquery"": ""What country is between Lithuania and the country identified in s1?"", ""upstream_position"": 0, ""upstream_title"": ""Florimond Claude, Comte de Mercy-Argenteau""}, {""query_index"": 886, ""entity"": ""France"", ""support_span"": ""Marie-Jeanne Rose Bertin (2 July 1747, Abbeville, Picardy, France – 22 September 1813, Épinay-sur-Seine)"", ""why"": ""The upstream document explicitly mentions France as the country of origin for Marie Antoinette, which is relevant to the dependent demand."", ""requirement_id"": ""s3"", ""requirement_subquery"": ""What country is between Lithuania and the country identified in s1?"", ""upstream_position"": 1, ""upstream_title"": ""Rose Bertin""}, {""query_index"": 886, ""entity"": ""Austria"", ""support_span"": ""the first Empress of Austria by marriage to Francis II, Holy Roman Emperor"", ""why"": ""The text explicitly mentions Austria as the country where Marie Antoinette's mother, Marie Caroline of Austria, was from."", ""requirement_id"": ""s3"", ""requirement_subquery"": ""What country is between Lithuania and the country identified in s1?"", ""upstream_position"": 11, ""upstream_title"": ""Maria Theresa of Naples and Sicily""}, {""query_index"": 886, ""entity"": ""Austria"", ""support_span"": ""the marriage of the dauphin, afterwards Louis XVI, with Archduchess Maria Antonia of Austria"", ""why"": ""The upstream document explicitly mentions Archduchess Maria Antonia of Austria, who is Marie Antoinette's mother, indicating Austria as her country of citizenship."", ""requirement_id"": ""s4"", ""requirement_subquery"": ""What country is between Lithuania and the country identified in s2?"", ""upstream_position"": 0, ""upstream_title"": ""Florimond Claude, Comte de Mercy-Argenteau""}, {""query_index"": 886, ""entity"": ""France"", ""support_span"": ""Marie-Jeanne Rose Bertin (2 July 1747, Abbeville, Picardy, France – 22 September 1813, Épinay-sur-Seine)"", ""why"": ""The upstream document explicitly mentions France as the country of birth for Marie-Jeanne Rose Bertin, who was Marie Antoinette's dressmaker, implying France as the country of citizenship of Marie Antoinette's mother."", ""requirement_id"": ""s4"", ""requirement_subquery"": ""What country is between Lithuania and the country identified in s2?"", ""upstream_position"": 1, ""upstream_title"": ""Rose Bertin""}, {""query_index"": 886, ""entity"": ""Austria"", ""support_span"": ""the first Empress of Austria by marriage to Francis II, Holy Roman Emperor"", ""why"": ""The text explicitly mentions Austria as the country of citizenship of Marie Antoinette's mother, Marie Caroline of Austria."", ""requirement_id"": ""s4"", ""requirement_subquery"": ""What country is between Lithuania and the country identified in s2?"", ""upstream_position"": 11, ""upstream_title"": ""Maria Theresa of Naples and Sicily""}]"
MuSiQue,musique,892,"When did Nissan, the Acura Legend maker and the Scion owner open US assembly plants?",Scion (automobile),5,14,-9,0,0,1,1,0,0,0,1,0,0,0,0,55.0,Toyota,body_substring,s2,When did the identified company open US assembly plants?,4,Toyota,"Toyota, Nissan Motor Co. and Honda Motor Co. began building plants in the US by the early 1980s.",top20_not_top10,"[{""query_index"": 892, ""entity"": ""Nissan"", ""support_span"": ""Honda, Toyota and Nissan, affected by the 1981 voluntary export restraints, opened US assembly plants and established their luxury divisions (Acura, Lexus and Infiniti, respectively) to distinguish themselves from their mass-market brands."", ""why"": ""The upstream document explicitly mentions Nissan as part of the companies that opened US assembly plants after the 1981 voluntary export restraints."", ""requirement_id"": ""s2"", ""requirement_subquery"": ""When did the identified company open US assembly plants?"", ""upstream_position"": 0, ""upstream_title"": ""1973 oil crisis""}, {""query_index"": 892, ""entity"": ""Honda"", ""support_span"": ""The Acura Legend is a mid-size luxury/executive car manufactured by Honda."", ""why"": ""The upstream document explicitly states that the Acura Legend is manufactured by Honda, which is the company in question."", ""requirement_id"": ""s2"", ""requirement_subquery"": ""When did the identified company open US assembly plants?"", ""upstream_position"": 1, ""upstream_title"": ""Acura Legend""}, {""query_index"": 892, ""entity"": ""Toyota"", ""support_span"": ""Toyota, Nissan Motor Co. and Honda Motor Co. began building plants in the US by the early 1980s."", ""why"": ""The upstream document explicitly mentions Toyota as one of the companies that began building plants in the US by the early 1980s, which is relevant to the dependent demand about when the identified company opened US assembly plants."", ""requirement_id"": ""s2"", ""requirement_subquery"": ""When did the identified company open US assembly plants?"", ""upstream_position"": 4, ""upstream_title"": ""Toyota""}]"
MuSiQue,musique,901,Where does the body of water by the city where Write This Down was formed and Ohio River meet?,Minneapolis,22,32,-10,0,0,0,0,0,0,0,0,0,0,0,0,9.0,Allegheny River,body_token_overlap,s2,What is the name of the body of water by that city?,0,Allegheny River,The Allegheny River is a principal tributary of the Ohio River; it is located in the Eastern United States.,not_top20,"[{""query_index"": 901, ""entity"": ""Allegheny River"", ""support_span"": ""The Allegheny River is a principal tributary of the Ohio River; it is located in the Eastern United States."", ""why"": ""The Allegheny River is explicitly mentioned as a body of water by the city where Write This Down was formed, which is Pittsburgh, Pennsylvania."", ""requirement_id"": ""s2"", ""requirement_subquery"": ""What is the name of the body of water by that city?"", ""upstream_position"": 0, ""upstream_title"": ""Allegheny River""}, {""query_index"": 901, ""entity"": ""Kiskiminetas River"", ""support_span"": ""This is a complete list of bridges and dams that span the Kiskiminetas River from its confluence at the Conemaugh River and Loyalhanna Creek to its mouth at the Allegheny River."", ""why"": ""The Kiskiminetas River is explicitly mentioned as the subject of the upstream document, and it is directly related to the dependent demand about the body of water."", ""requirement_id"": ""s2"", ""requirement_subquery"": ""What is the name of the body of water by that city?"", ""upstream_position"": 1, ""upstream_title"": ""List of crossings of the Kiskiminetas River""}, {""query_index"": 901, ""entity"": ""Hudson River"", ""support_span"": ""The Hudson River flows through the Hudson Valley into New York Bay."", ""why"": ""The Hudson River is explicitly mentioned as a body of water in New York City, which is the city where Write This Down was formed."", ""requirement_id"": ""s2"", ""requirement_subquery"": ""What is the name of the body of water by that city?"", ""upstream_position"": 64, ""upstream_title"": ""New York City""}, {""query_index"": 901, ""entity"": ""Point State Park"", ""support_span"": ""The Allegheny River joins with the Monongahela River to form the Ohio River at the ``Point ''of Point State Park in Downtown Pittsburgh, Pennsylvania."", ""why"": ""The body of water (Allegheny River) meets the Ohio River at Point State Park, which is explicitly mentioned in the upstream document."", ""requirement_id"": ""s3"", ""requirement_subquery"": ""Where does that body of water meet the Ohio River?"", ""upstream_position"": 0, ""upstream_title"": ""Allegheny River""}, {""query_index"": 901, ""entity"": ""Kiskiminetas River"", ""support_span"": ""This is a complete list of bridges and dams that span the Kiskiminetas River from its confluence at the Conemaugh River and Loyalhanna Creek to its mouth at the Allegheny River."", ""why"": ""The Kiskiminetas River is explicitly mentioned as the subject of the upstream document and is directly related to the dependent demand about where it meets the Ohio River."", ""requirement_id"": ""s3"", ""requirement_subquery"": ""Where does that body of water meet the Ohio River?"", ""upstream_position"": 1, ""upstream_title"": ""List of crossings of the Kiskiminetas River""}, {""query_index"": 901, ""entity"": ""Hudson River"", ""support_span"": ""The Hudson River flows through the Hudson Valley into New York Bay."", ""why"": ""The Hudson River is explicitly mentioned as the body of water by the city (New York City) and is directly related to the dependent demand about meeting the Ohio River."", ""requirement_id"": ""s3"", ""requirement_subquery"": ""Where does that body of water meet the Ohio River?"", ""upstream_position"": 64, ""upstream_title"": ""New York City""}]"
MuSiQue,musique,908,When does the regular season of the league where the team with the most titles from the series after which the MLB MVP award is given out plays?,New York Yankees,19,10,9,0,0,0,1,0,0,0,1,0,0,0,0,85.0,New York Yankee,title_substring,s3,Which league does that team belong to?,4,World Series,Most titles New York Yankees (27),top20_not_top10,"[{""query_index"": 908, ""entity"": ""NBA Most Valuable Player Award"", ""support_span"": ""NBA Most Valuable Player Award"", ""why"": ""The upstream document directly mentions the NBA Most Valuable Player Award, which is relevant to the dependent demand about the series after which the MLB MVP award is given out."", ""requirement_id"": ""s2"", ""requirement_subquery"": ""Which team has the most titles from that series?"", ""upstream_position"": 0, ""upstream_title"": ""NBA Most Valuable Player Award""}, {""query_index"": 908, ""entity"": ""MLB MVP award"", ""support_span"": ""Which series is the MLB MVP award given out after?"", ""why"": ""The upstream demand explicitly mentions the MLB MVP award, which is directly supported by the question."", ""requirement_id"": ""s2"", ""requirement_subquery"": ""Which team has the most titles from that series?"", ""upstream_position"": 1, ""upstream_title"": ""Major League Baseball schedule""}, {""query_index"": 908, ""entity"": ""World Serie"", ""support_span"": ""World Series The Commissioner's Trophy is awarded to the team that wins the World Series."", ""why"": ""The World Series is explicitly mentioned as the series after which the MLB MVP award is given out."", ""requirement_id"": ""s2"", ""requirement_subquery"": ""Which team has the most titles from that series?"", ""upstream_position"": 4, ""upstream_title"": ""World Series""}, {""query_index"": 908, ""entity"": ""NBA"", ""support_span"": ""The National Basketball Association Most Valuable Player (MVP) is an annual National Basketball Association (NBA) award"", ""why"": ""The upstream document explicitly mentions the NBA as the league associated with the MVP award, which is the focus of the dependent demand."", ""requirement_id"": ""s3"", ""requirement_subquery"": ""Which league does that team belong to?"", ""upstream_position"": 0, ""upstream_title"": ""NBA Most Valuable Player Award""}, {""query_index"": 908, ""entity"": ""Major League Baseball"", ""support_span"": ""Major League Baseball (MLB) season schedule"", ""why"": ""The upstream document explicitly mentions Major League Baseball (MLB) as the league in question."", ""requirement_id"": ""s3"", ""requirement_subquery"": ""Which league does that team belong to?"", ""upstream_position"": 1, ""upstream_title"": ""Major League Baseball schedule""}, {""query_index"": 908, ""entity"": ""New York Yankee"", ""support_span"": ""Most titles New York Yankees (27)"", ""why"": ""The upstream document explicitly states that the New York Yankees have the most titles from the World Series, which is the series after which the MLB MVP award is given out."", ""requirement_id"": ""s3"", ""requirement_subquery"": ""Which league does that team belong to?"", ""upstream_position"": 4, ""upstream_title"": ""World Series""}, {""query_index"": 908, ""entity"": ""National Basketball Association"", ""support_span"": ""The National Basketball Association Most Valuable Player (MVP) is an annual National Basketball Association (NBA) award"", ""why"": ""The upstream document explicitly mentions the National Basketball Association (NBA) as the league associated with the MVP award."", ""requirement_id"": ""s4"", ""requirement_subquery"": ""When does the regular season of that league play?"", ""upstream_position"": 0, ""upstream_title"": ""NBA Most Valuable Player Award""}, {""query_index"": 908, ""entity"": ""Major League Baseball"", ""support_span"": ""Major League Baseball (MLB) season schedule consists of 162 games for each of the 30 teams in the American League (AL) and National League (NL)"", ""why"": ""The upstream document explicitly mentions Major League Baseball as the league in question, which is directly relevant to the dependent demand about the regular season of the league."", ""requirement_id"": ""s4"", ""requirement_subquery"": ""When does the regular season of that league play?"", ""upstream_position"": 1, ""upstream_title"": ""Major League Baseball schedule""}, {""query_index"": 908, ""entity"": ""World Serie"", ""support_span"": ""World Series The Commissioner's Trophy is awarded to the team that wins the World Series."", ""why"": ""The World Series is explicitly mentioned as the series after which the MLB MVP award is given out."", ""requirement_id"": ""s4"", ""requirement_subquery"": ""When does the regular season of that league play?"", ""upstream_position"": 4, ""upstream_title"": ""World Series""}]"
MuSiQue,musique,925,Where is the district that the person who wanted to reform and address Jesus Varela's religion preached a sermon on Marian devotion before his death located?,Reformation,8,10,-2,0,0,1,1,0,0,0,1,0,0,0,0,55.0,Martin Luther,body_substring,s2,Where did that person preach a sermon on Marian devotion before his death?,1,"Mary, mother of Jesus",Martin Luther's harsh polemics against his Roman Catholic opponents over issues concerning Mary and the saints,top20_not_top10,"[{""query_index"": 925, ""entity"": ""Sorsogon"", ""support_span"": ""He became the Bishop Emeritus of the Roman Catholic Diocese of Sorsogon on his retirement on April 16, 2003."", ""why"": ""The document states that Jesus Varela was the Bishop of the Diocese of Sorsogon, which implies the location of the district associated with his religious work."", ""requirement_id"": ""s2"", ""requirement_subquery"": ""Where did that person preach a sermon on Marian devotion before his death?"", ""upstream_position"": 0, ""upstream_title"": ""Jesus Varela""}, {""query_index"": 925, ""entity"": ""Martin Luther"", ""support_span"": ""Martin Luther's harsh polemics against his Roman Catholic opponents over issues concerning Mary and the saints"", ""why"": ""The upstream document mentions Martin Luther in the context of Marian devotion, which is relevant to the dependent demand about preaching a sermon on Marian devotion."", ""requirement_id"": ""s2"", ""requirement_subquery"": ""Where did that person preach a sermon on Marian devotion before his death?"", ""upstream_position"": 1, ""upstream_title"": ""Mary, mother of Jesus""}, {""query_index"": 925, ""entity"": ""Sokolniki District"", ""support_span"": ""Sokolniki District () is a district of the Eastern Administrative Okrug of the federal city of Moscow located in the north-east corner of the city."", ""why"": ""The upstream document explicitly mentions Sokolniki District as the location, which is relevant to the dependent demand about where the sermon was preached."", ""requirement_id"": ""s2"", ""requirement_subquery"": ""Where did that person preach a sermon on Marian devotion before his death?"", ""upstream_position"": 19, ""upstream_title"": ""Sokolniki District""}, {""query_index"": 925, ""entity"": ""Sorsogon"", ""support_span"": ""He became the Bishop Emeritus of the Roman Catholic Diocese of Sorsogon on his retirement on April 16, 2003."", ""why"": ""The document explicitly mentions the Diocese of Sorsogon, which is directly related to the location where the person preached a sermon on Marian devotion before his death."", ""requirement_id"": ""s3"", ""requirement_subquery"": ""Which district is located in that location?"", ""upstream_position"": 0, ""upstream_title"": ""Jesus Varela""}, {""query_index"": 925, ""entity"": ""Mary, mother of Jesu"", ""support_span"": ""Mary, mother of Jesus"", ""why"": ""The upstream document directly mentions 'Mary, mother of Jesus' as the main subject, which is relevant to the context of Marian devotion mentioned in the dependent demand."", ""requirement_id"": ""s3"", ""requirement_subquery"": ""Which district is located in that location?"", ""upstream_position"": 1, ""upstream_title"": ""Mary, mother of Jesus""}, {""query_index"": 925, ""entity"": ""Sokolniki District"", ""support_span"": ""Sokolniki District () is a district of the Eastern Administrative Okrug of the federal city of Moscow located in the north-east corner of the city."", ""why"": ""The upstream document explicitly mentions Sokolniki District as the location, which is directly relevant to the dependent demand about the district's location."", ""requirement_id"": ""s3"", ""requirement_subquery"": ""Which district is located in that location?"", ""upstream_position"": 19, ""upstream_title"": ""Sokolniki District""}]"
MuSiQue,musique,943,In what region of the country where Lam Thao is located is the city where the Zone 5 Military Museum can be found?,South Central Coast,5,10,-5,0,0,1,1,0,0,0,1,0,0,0,0,55.0,Vietnam,body_substring,s2,In what region of the country is the city where the Zone 5 Military Museum can be found?,1,Lâm Thao District,Lâm Thao is a rural district of Phú Thọ Province in the Northeast region of Vietnam.,top20_not_top10,"[{""query_index"": 943, ""entity"": ""Vietnam"", ""support_span"": ""Lâm Thao is a rural district of Phú Thọ Province in the Northeast region of Vietnam."", ""why"": ""The upstream document explicitly mentions Vietnam as the country where Lam Thao is located, which is necessary for determining the region of the country for the dependent demand."", ""requirement_id"": ""s2"", ""requirement_subquery"": ""In what region of the country is the city where the Zone 5 Military Museum can be found?"", ""upstream_position"": 1, ""upstream_title"": ""Lâm Thao District""}, {""query_index"": 943, ""entity"": ""Vietnam"", ""support_span"": ""It covers all Vietnamese resistance to foreign occupation from the Chinese occupation, the First Indochina War with the French, the Vietnam War and the current standoff with China over the Spratly Islands and the Paracel Islands."", ""why"": ""The upstream document explicitly mentions Vietnam as the country where the Zone 5 Military Museum is located."", ""requirement_id"": ""s2"", ""requirement_subquery"": ""In what region of the country is the city where the Zone 5 Military Museum can be found?"", ""upstream_position"": 0, ""upstream_title"": ""Zone 5 Military Museum, Danang""}, {""query_index"": 943, ""entity"": ""Hạ Hòa District"", ""support_span"": ""Hạ Hòa is a rural district of Phú Thọ Province in the Northeast region of Vietnam."", ""why"": ""The upstream document explicitly mentions Hạ Hòa District as part of the Northeast region of Vietnam, which is relevant to the dependent demand about the region of the country where the Zone 5 Military Museum is located."", ""requirement_id"": ""s2"", ""requirement_subquery"": ""In what region of the country is the city where the Zone 5 Military Museum can be found?"", ""upstream_position"": 2, ""upstream_title"": ""Hạ Hòa District""}]"
MuSiQue,musique,946,What is the name of the castle in the place of birth of the performer of When I Was a Boy?,Casa Loma,71,27,44,0,0,0,0,0,0,0,0,0,0,0,0,7.0,Casa Natal del General Santander,title_token_overlap,s2,What is the place of birth of that performer?,62,Casa Natal del General Santander,"Casa Natal del General Santander (lit., ""Birth house of General Santander"") is the birthplace of the Colombian General Francisco de Paula Santander",not_top20,"[{""query_index"": 946, ""entity"": ""Claus von Stauffenberg"", ""support_span"": ""Claus von Stauffenberg"", ""why"": ""The upstream document explicitly mentions Claus von Stauffenberg as the subject, and the dependent demand refers to the performer of 'When I Was a Boy', which is linked to this entity."", ""requirement_id"": ""s2"", ""requirement_subquery"": ""What is the place of birth of that performer?"", ""upstream_position"": 0, ""upstream_title"": ""Claus von Stauffenberg""}, {""query_index"": 946, ""entity"": ""Betzdorf Castle"", ""support_span"": ""born 15 May 1957 at Betzdorf Castle"", ""why"": ""The upstream document explicitly states that Prince Jean of Luxembourg was born at Betzdorf Castle, which is the place of birth required by the dependent demand."", ""requirement_id"": ""s2"", ""requirement_subquery"": ""What is the place of birth of that performer?"", ""upstream_position"": 1, ""upstream_title"": ""Prince Jean of Luxembourg""}, {""query_index"": 946, ""entity"": ""Casa Natal del General Santander"", ""support_span"": ""Casa Natal del General Santander (lit., \""Birth house of General Santander\"") is the birthplace of the Colombian General Francisco de Paula Santander"", ""why"": ""The upstream document explicitly states that this is the birthplace of the performer (General Francisco de Paula Santander), making it a direct retrieval anchor for the dependent demand."", ""requirement_id"": ""s2"", ""requirement_subquery"": ""What is the place of birth of that performer?"", ""upstream_position"": 62, ""upstream_title"": ""Casa Natal del General Santander""}, {""query_index"": 946, ""entity"": ""Casa Natal del General Santander"", ""support_span"": ""Casa Natal del General Santander (lit., \""Birth house of General Santander\"") is the birthplace of the Colombian General Francisco de Paula Santander, and is where he lived until the age of 13."", ""why"": ""The upstream document explicitly states that this is the birthplace of the performer (General Francisco de Paula Santander), and the dependent demand asks for the name of the castle in that place of birth."", ""requirement_id"": ""s3"", ""requirement_subquery"": ""What is the name of the castle in that place of birth?"", ""upstream_position"": 62, ""upstream_title"": ""Casa Natal del General Santander""}, {""query_index"": 946, ""entity"": ""Stauffenberg castle"", ""support_span"": ""He was born in the Stauffenberg castle of Jettingen between Ulm and Augsburg, in the eastern part of Swabia, at that time in the Kingdom of Bavaria, part of the German Empire."", ""why"": ""The upstream document explicitly mentions the Stauffenberg castle as the place of birth of Claus von Stauffenberg, which is the required anchor for the dependent demand."", ""requirement_id"": ""s3"", ""requirement_subquery"": ""What is the name of the castle in that place of birth?"", ""upstream_position"": 0, ""upstream_title"": ""Claus von Stauffenberg""}, {""query_index"": 946, ""entity"": ""Betzdorf Castle"", ""support_span"": ""born 15 May 1957 at Betzdorf Castle"", ""why"": ""The upstream document explicitly mentions Betzdorf Castle as the place of birth of Prince Jean of Luxembourg, which is the performer of 'When I Was a Boy'."", ""requirement_id"": ""s3"", ""requirement_subquery"": ""What is the name of the castle in that place of birth?"", ""upstream_position"": 1, ""upstream_title"": ""Prince Jean of Luxembourg""}]"
MuSiQue,musique,946,What is the name of the castle in the place of birth of the performer of When I Was a Boy?,Gavin Bradley,45,54,-9,0,0,0,0,0,0,0,0,0,0,0,0,0.0,,,,,-1,,,no_positive_score_for_gold,"[{""query_index"": 946, ""entity"": ""Claus von Stauffenberg"", ""support_span"": ""Claus von Stauffenberg"", ""why"": ""The upstream document explicitly mentions Claus von Stauffenberg as the subject, and the dependent demand refers to the performer of 'When I Was a Boy', which is linked to this entity."", ""requirement_id"": ""s2"", ""requirement_subquery"": ""What is the place of birth of that performer?"", ""upstream_position"": 0, ""upstream_title"": ""Claus von Stauffenberg""}, {""query_index"": 946, ""entity"": ""Betzdorf Castle"", ""support_span"": ""born 15 May 1957 at Betzdorf Castle"", ""why"": ""The upstream document explicitly states that Prince Jean of Luxembourg was born at Betzdorf Castle, which is the place of birth required by the dependent demand."", ""requirement_id"": ""s2"", ""requirement_subquery"": ""What is the place of birth of that performer?"", ""upstream_position"": 1, ""upstream_title"": ""Prince Jean of Luxembourg""}, {""query_index"": 946, ""entity"": ""Casa Natal del General Santander"", ""support_span"": ""Casa Natal del General Santander (lit., \""Birth house of General Santander\"") is the birthplace of the Colombian General Francisco de Paula Santander"", ""why"": ""The upstream document explicitly states that this is the birthplace of the performer (General Francisco de Paula Santander), making it a direct retrieval anchor for the dependent demand."", ""requirement_id"": ""s2"", ""requirement_subquery"": ""What is the place of birth of that performer?"", ""upstream_position"": 62, ""upstream_title"": ""Casa Natal del General Santander""}, {""query_index"": 946, ""entity"": ""Casa Natal del General Santander"", ""support_span"": ""Casa Natal del General Santander (lit., \""Birth house of General Santander\"") is the birthplace of the Colombian General Francisco de Paula Santander, and is where he lived until the age of 13."", ""why"": ""The upstream document explicitly states that this is the birthplace of the performer (General Francisco de Paula Santander), and the dependent demand asks for the name of the castle in that place of birth."", ""requirement_id"": ""s3"", ""requirement_subquery"": ""What is the name of the castle in that place of birth?"", ""upstream_position"": 62, ""upstream_title"": ""Casa Natal del General Santander""}, {""query_index"": 946, ""entity"": ""Stauffenberg castle"", ""support_span"": ""He was born in the Stauffenberg castle of Jettingen between Ulm and Augsburg, in the eastern part of Swabia, at that time in the Kingdom of Bavaria, part of the German Empire."", ""why"": ""The upstream document explicitly mentions the Stauffenberg castle as the place of birth of Claus von Stauffenberg, which is the required anchor for the dependent demand."", ""requirement_id"": ""s3"", ""requirement_subquery"": ""What is the name of the castle in that place of birth?"", ""upstream_position"": 0, ""upstream_title"": ""Claus von Stauffenberg""}, {""query_index"": 946, ""entity"": ""Betzdorf Castle"", ""support_span"": ""born 15 May 1957 at Betzdorf Castle"", ""why"": ""The upstream document explicitly mentions Betzdorf Castle as the place of birth of Prince Jean of Luxembourg, which is the performer of 'When I Was a Boy'."", ""requirement_id"": ""s3"", ""requirement_subquery"": ""What is the name of the castle in that place of birth?"", ""upstream_position"": 1, ""upstream_title"": ""Prince Jean of Luxembourg""}]"
MuSiQue,musique,954,Who was a prominent figure at the radio division of the broadcast company that created the version of The Biggest Loser set in the country where Kelupis originated?,Adult contemporary music,72,10,62,0,0,0,0,0,0,0,1,0,0,0,1,18.0,NBC,body_token_overlap,s2,What is the radio division of the broadcast company that created the version of The Biggest Loser set in the country where Kelupis originated?,2,The Biggest Loser (season 1),"The Biggest Loser (season 1) is the first season of the NBC reality television series entitled ""The Biggest Loser""",top20_not_top10,"[{""query_index"": 954, ""entity"": ""The Biggest Loser Brunei"", ""support_span"": ""The Biggest Loser Brunei (season 3): Lose It All is the third season of The Biggest Loser Brunei, which is the Bruneian version of the NBC reality television series The Biggest Loser."", ""why"": ""The upstream document explicitly mentions 'The Biggest Loser Brunei' as the Bruneian version of the show, which is directly related to the country where Kelupis originated (Brunei)."", ""requirement_id"": ""s2"", ""requirement_subquery"": ""What is the radio division of the broadcast company that created the version of The Biggest Loser set in the country where Kelupis originated?"", ""upstream_position"": 0, ""upstream_title"": ""The Biggest Loser Brunei: Lose It All""}, {""query_index"": 954, ""entity"": ""Brunei"", ""support_span"": ""in the country of Brunei"", ""why"": ""The upstream document explicitly mentions Brunei as the country where Kelupis originated."", ""requirement_id"": ""s2"", ""requirement_subquery"": ""What is the radio division of the broadcast company that created the version of The Biggest Loser set in the country where Kelupis originated?"", ""upstream_position"": 1, ""upstream_title"": ""Kelupis""}, {""query_index"": 954, ""entity"": ""NBC"", ""support_span"": ""The Biggest Loser (season 1) is the first season of the NBC reality television series entitled \""The Biggest Loser\"""", ""why"": ""The upstream document explicitly states that The Biggest Loser (season 1) is part of the NBC series, indicating NBC as the broadcast company."", ""requirement_id"": ""s2"", ""requirement_subquery"": ""What is the radio division of the broadcast company that created the version of The Biggest Loser set in the country where Kelupis originated?"", ""upstream_position"": 2, ""upstream_title"": ""The Biggest Loser (season 1)""}, {""query_index"": 954, ""entity"": ""The Biggest Loser Brunei"", ""support_span"": ""The Biggest Loser Brunei (season 3): Lose It All is the third season of The Biggest Loser Brunei, which is the Bruneian version of the NBC reality television series The Biggest Loser."", ""why"": ""The upstream document explicitly mentions 'The Biggest Loser Brunei' as the Bruneian version of the show, which is directly relevant to the dependent demand."", ""requirement_id"": ""s3"", ""requirement_subquery"": ""Who was a prominent figure at the radio division of the broadcast company that created the version of The Biggest Loser set in the country where Kelupis originated?"", ""upstream_position"": 0, ""upstream_title"": ""The Biggest Loser Brunei: Lose It All""}, {""query_index"": 954, ""entity"": ""Brunei"", ""support_span"": ""in the country of Brunei"", ""why"": ""The upstream document explicitly mentions Brunei as the country where Kelupis originated."", ""requirement_id"": ""s3"", ""requirement_subquery"": ""Who was a prominent figure at the radio division of the broadcast company that created the version of The Biggest Loser set in the country where Kelupis originated?"", ""upstream_position"": 1, ""upstream_title"": ""Kelupis""}, {""query_index"": 954, ""entity"": ""Bob Harper"", ""support_span"": ""The teams were each led by a personal trainer, Bob Harper with the Blue Team and Jillian Michaels with the Red Team."", ""why"": ""Bob Harper is explicitly mentioned as a prominent figure at the radio division of the broadcast company, as he was a personal trainer leading a team in the first season of The Biggest Loser."", ""requirement_id"": ""s3"", ""requirement_subquery"": ""Who was a prominent figure at the radio division of the broadcast company that created the version of The Biggest Loser set in the country where Kelupis originated?"", ""upstream_position"": 2, ""upstream_title"": ""The Biggest Loser (season 1)""}]"
MuSiQue,musique,979,When did the city where the manufacturer of Ten High is headquartered elect its first black mayor?,Sazerac,23,4,19,0,0,0,0,0,1,1,1,0,1,1,1,85.0,Sazerac Company,title_substring,s2,Where is the headquarters of that manufacturer located?,0,Ten High,now produced by the Barton Brands division of the Sazerac Company,recovered_top5,"[{""query_index"": 979, ""entity"": ""Sazerac Company"", ""support_span"": ""now produced by the Barton Brands division of the Sazerac Company"", ""why"": ""The manufacturer of Ten High is explicitly stated as the Barton Brands division of the Sazerac Company, making 'Sazerac Company' a direct retrieval anchor for the dependent demand."", ""requirement_id"": ""s2"", ""requirement_subquery"": ""Where is the headquarters of that manufacturer located?"", ""upstream_position"": 0, ""upstream_title"": ""Ten High""}, {""query_index"": 979, ""entity"": ""Jerome Cavanagh"", ""support_span"": ""Mayor Jerome Cavanagh lamented upon surveying the damage, ``Today we stand amidst the ashes of our hopes. We hoped against hope that what we had been doing was enough to prevent a riot. It was not enough. ''"", ""why"": ""The mayor of Detroit during the 1967 riot is explicitly mentioned, indicating his role in the city's governance."", ""requirement_id"": ""s2"", ""requirement_subquery"": ""Where is the headquarters of that manufacturer located?"", ""upstream_position"": 1, ""upstream_title"": ""1967 Detroit riot""}, {""query_index"": 979, ""entity"": ""Cedar City, Utah"", ""support_span"": ""The company's headquarters are located in Cedar City, Utah"", ""why"": ""The upstream document explicitly states that the headquarters of Aerotech Consumer Aerospace, the manufacturer of Ten High, is in Cedar City, Utah."", ""requirement_id"": ""s2"", ""requirement_subquery"": ""Where is the headquarters of that manufacturer located?"", ""upstream_position"": 59, ""upstream_title"": ""Aerotech Consumer Aerospace""}, {""query_index"": 979, ""entity"": ""Sazerac Company"", ""support_span"": ""now produced by the Barton Brands division of the Sazerac Company"", ""why"": ""The manufacturer of Ten High is explicitly stated to be the Barton Brands division of the Sazerac Company, making 'Sazerac Company' a direct retrieval anchor for the headquarters location."", ""requirement_id"": ""s3"", ""requirement_subquery"": ""What is the name of the city where that headquarters is located?"", ""upstream_position"": 0, ""upstream_title"": ""Ten High""}, {""query_index"": 979, ""entity"": ""Detroit"", ""support_span"": ""In Detroit, an estimated 10,000 people participated in the riots"", ""why"": ""The upstream document explicitly mentions Detroit as the location of the 1967 riot, which is directly related to the dependent demand for the city where the headquarters is located."", ""requirement_id"": ""s3"", ""requirement_subquery"": ""What is the name of the city where that headquarters is located?"", ""upstream_position"": 1, ""upstream_title"": ""1967 Detroit riot""}, {""query_index"": 979, ""entity"": ""Cedar City"", ""support_span"": ""The company's headquarters are located in Cedar City, Utah"", ""why"": ""The upstream document explicitly states that the headquarters are in Cedar City, Utah, which directly answers the dependent demand for the city name."", ""requirement_id"": ""s3"", ""requirement_subquery"": ""What is the name of the city where that headquarters is located?"", ""upstream_position"": 59, ""upstream_title"": ""Aerotech Consumer Aerospace""}, {""query_index"": 979, ""entity"": ""Sazerac Company"", ""support_span"": ""now produced by the Barton Brands division of the Sazerac Company"", ""why"": ""The upstream document explicitly states that Ten High is produced by the Barton Brands division of the Sazerac Company, which implies the headquarters of the manufacturer is associated with the Sazerac Company."", ""requirement_id"": ""s4"", ""requirement_subquery"": ""When did that city elect its first black mayor?"", ""upstream_position"": 0, ""upstream_title"": ""Ten High""}, {""query_index"": 979, ""entity"": ""Detroit"", ""support_span"": ""In Detroit, an estimated 10,000 people participated in the riots"", ""why"": ""The upstream document explicitly mentions Detroit as the location of the 1967 riot, which is directly related to the dependent demand about the city where the manufacturer of Ten High is headquartered."", ""requirement_id"": ""s4"", ""requirement_subquery"": ""When did that city elect its first black mayor?"", ""upstream_position"": 1, ""upstream_title"": ""1967 Detroit riot""}, {""query_index"": 979, ""entity"": ""Cedar City, Utah"", ""support_span"": ""The company's headquarters are located in Cedar City, Utah"", ""why"": ""The upstream document explicitly states that the headquarters are in Cedar City, Utah, which is the city needed for the dependent demand."", ""requirement_id"": ""s4"", ""requirement_subquery"": ""When did that city elect its first black mayor?"", ""upstream_position"": 59, ""upstream_title"": ""Aerotech Consumer Aerospace""}]"
MuSiQue,musique,997,"When did the maker of Acura Legend, the manufacturer of Lexus RX and Nissan open US assembly plants?",Shigeyuki Hori,16,29,-13,0,0,0,1,0,0,0,0,0,0,0,0,0.0,,,,,-1,,,no_positive_score_for_gold,"[{""query_index"": 997, ""entity"": ""Honda"", ""support_span"": ""Honda, Toyota and Nissan, affected by the 1981 voluntary export restraints, opened US assembly plants and established their luxury divisions (Acura, Lexus and Infiniti, respectively) to distinguish themselves from their mass-market brands."", ""why"": ""The upstream document explicitly states that Honda, along with Toyota and Nissan, opened US assembly plants and established their luxury divisions, which includes Acura, Lexus, and Infiniti. This directly links Honda to the establishment of US assembly plants."", ""requirement_id"": ""s2"", ""requirement_subquery"": ""Which manufacturer makes Lexus RX?"", ""upstream_position"": 0, ""upstream_title"": ""1973 oil crisis""}, {""query_index"": 997, ""entity"": ""Honda"", ""support_span"": ""The Acura RL is a mid-sized / executive luxury car that was manufactured by the Acura division of Honda for the 1996–2012 model years over two generations."", ""why"": ""The upstream document explicitly states that the Acura RL was manufactured by the Acura division of Honda, which implies that Honda is the maker of Acura Legend as well."", ""requirement_id"": ""s2"", ""requirement_subquery"": ""Which manufacturer makes Lexus RX?"", ""upstream_position"": 1, ""upstream_title"": ""Acura RL""}, {""query_index"": 997, ""entity"": ""Honda"", ""support_span"": ""The Acura Legend is a mid-size luxury/executive car manufactured by Honda."", ""why"": ""The upstream document explicitly states that the Acura Legend is manufactured by Honda, making 'Honda' a direct retrieval anchor for the dependent demand."", ""requirement_id"": ""s2"", ""requirement_subquery"": ""Which manufacturer makes Lexus RX?"", ""upstream_position"": 3, ""upstream_title"": ""Acura Legend""}, {""query_index"": 997, ""entity"": ""Nissan"", ""support_span"": ""Honda, Toyota and Nissan, affected by the 1981 voluntary export restraints, opened US assembly plants and established their luxury divisions (Acura, Lexus and Infiniti, respectively) to distinguish themselves from their mass-market brands."", ""why"": ""The upstream document explicitly mentions Nissan as part of the group that opened US assembly plants, which is relevant to the dependent demand about the manufacturer of Nissan."", ""requirement_id"": ""s3"", ""requirement_subquery"": ""Which manufacturer makes Nissan?"", ""upstream_position"": 0, ""upstream_title"": ""1973 oil crisis""}, {""query_index"": 997, ""entity"": ""Honda"", ""support_span"": ""The Acura RL is a mid-sized / executive luxury car that was manufactured by the Acura division of Honda for the 1996–2012 model years over two generations."", ""why"": ""The upstream document explicitly states that the Acura RL was manufactured by the Acura division of Honda, implying that Honda is the maker of Acura Legend as well."", ""requirement_id"": ""s3"", ""requirement_subquery"": ""Which manufacturer makes Nissan?"", ""upstream_position"": 1, ""upstream_title"": ""Acura RL""}, {""query_index"": 997, ""entity"": ""Honda"", ""support_span"": ""The Acura Legend is a mid-size luxury/executive car manufactured by Honda."", ""why"": ""The upstream document explicitly states that the Acura Legend is manufactured by Honda, making 'Honda' a direct retrieval anchor for the dependent demand."", ""requirement_id"": ""s3"", ""requirement_subquery"": ""Which manufacturer makes Nissan?"", ""upstream_position"": 3, ""upstream_title"": ""Acura Legend""}, {""query_index"": 997, ""entity"": ""Honda"", ""support_span"": ""Honda, Toyota and Nissan, affected by the 1981 voluntary export restraints, opened US assembly plants and established their luxury divisions (Acura, Lexus and Infiniti, respectively) to distinguish themselves from their mass-market brands."", ""why"": ""The upstream document explicitly mentions Honda as one of the companies that opened US assembly plants along with Toyota and Nissan, and it is directly linked to the establishment of luxury divisions."", ""requirement_id"": ""s4"", ""requirement_subquery"": ""When did the manufacturer of Lexus RX open US assembly plants?"", ""upstream_position"": 0, ""upstream_title"": ""1973 oil crisis""}, {""query_index"": 997, ""entity"": ""Honda"", ""support_span"": ""The Acura RL is a mid-sized / executive luxury car that was manufactured by the Acura division of Honda for the 1996–2012 model years over two generations."", ""why"": ""The upstream document states that the Acura RL was manufactured by the Acura division of Honda, implying that Honda is the manufacturer of Acura Legend and Lexus RX."", ""requirement_id"": ""s4"", ""requirement_subquery"": ""When did the manufacturer of Lexus RX open US assembly plants?"", ""upstream_position"": 1, ""upstream_title"": ""Acura RL""}, {""query_index"": 997, ""entity"": ""Honda"", ""support_span"": ""The Acura Legend is a mid-size luxury/executive car manufactured by Honda."", ""why"": ""The upstream document explicitly states that the Acura Legend is manufactured by Honda, which is the maker of the Lexus RX and Nissan."", ""requirement_id"": ""s4"", ""requirement_subquery"": ""When did the manufacturer of Lexus RX open US assembly plants?"", ""upstream_position"": 3, ""upstream_title"": ""Acura Legend""}]"
