INFO:src.hipporag.prompts.prompt_template_manager:Loading templates from directory: /mnt/nvme/code/HippoRAG/src/hipporag/prompts/templates
INFO:src.hipporag.HippoRAG:Loaded graph from outputs_step0_general_nvembed_hotpotqa/qwen3-8b_VLLM_nvidia_NV-Embed-v2/graph.pickle with 105259 nodes, 1477220 edges
INFO:src.hipporag.embedding_store:Loaded 9811 records from outputs_step0_general_nvembed_hotpotqa/qwen3-8b_VLLM_nvidia_NV-Embed-v2/chunk_embeddings/vdb_chunk.parquet
INFO:src.hipporag.embedding_store:Loaded 95448 records from outputs_step0_general_nvembed_hotpotqa/qwen3-8b_VLLM_nvidia_NV-Embed-v2/entity_embeddings/vdb_entity.parquet
INFO:src.hipporag.embedding_store:Loaded 130305 records from outputs_step0_general_nvembed_hotpotqa/qwen3-8b_VLLM_nvidia_NV-Embed-v2/fact_embeddings/vdb_fact.parquet
INFO:src.hipporag.prompts.prompt_template_manager:Loading templates from directory: /mnt/nvme/code/HippoRAG/src/hipporag/prompts/templates
INFO:src.hipporag.HippoRAG:Indexing Documents
INFO:src.hipporag.HippoRAG:Performing OpenIE
INFO:src.hipporag.embedding_store:Inserting 0 new records, 9811 records already exist.
INFO:src.hipporag.HippoRAG:OpenIE results saved to outputs_step0_general_nvembed_hotpotqa/openie_results_ner_qwen3-8b.json
INFO:src.hipporag.HippoRAG:Encoding Entities
INFO:src.hipporag.embedding_store:Inserting 0 new records, 95448 records already exist.
INFO:src.hipporag.HippoRAG:Encoding Facts
INFO:src.hipporag.embedding_store:Inserting 0 new records, 130305 records already exist.
INFO:src.hipporag.HippoRAG:Constructing Graph
INFO:src.hipporag.HippoRAG:Adding OpenIE triples to graph.
0it [00:00, ?it/s]1443it [00:00, 2684.01it/s]2988it [00:00, 5363.73it/s]4507it [00:00, 7630.60it/s]6021it [00:00, 9491.72it/s]7374it [00:00, 10435.87it/s]8773it [00:01, 11394.80it/s]9811it [00:01, 8746.70it/s] 
INFO:src.hipporag.HippoRAG:Connecting passage nodes to phrase nodes.
0it [00:00, ?it/s]9811it [00:00, 2526574.36it/s]
WARNING:src.hipporag.evaluation.retrieval_eval:Length of retrieved docs (100) is smaller than largest topk for recall score (200)
WARNING:src.hipporag.evaluation.retrieval_eval:Length of retrieved docs (100) is smaller than largest topk for recall score (200)
WARNING:src.hipporag.evaluation.retrieval_eval:Length of retrieved docs (100) is smaller than largest topk for recall score (200)
WARNING:src.hipporag.evaluation.retrieval_eval:Length of retrieved docs (100) is smaller than largest topk for recall score (200)
WARNING:src.hipporag.evaluation.retrieval_eval:Length of retrieved docs (100) is smaller than largest topk for recall score (200)
WARNING:src.hipporag.evaluation.retrieval_eval:Length of retrieved docs (100) is smaller than largest topk for recall score (200)
WARNING:src.hipporag.evaluation.retrieval_eval:Length of retrieved docs (100) is smaller than largest topk for recall score (200)
WARNING:src.hipporag.evaluation.retrieval_eval:Length of retrieved docs (100) is smaller than largest topk for recall score (200)
WARNING:src.hipporag.evaluation.retrieval_eval:Length of retrieved docs (100) is smaller than largest topk for recall score (200)
WARNING:src.hipporag.evaluation.retrieval_eval:Length of retrieved docs (100) is smaller than largest topk for recall score (200)
WARNING:src.hipporag.evaluation.retrieval_eval:Length of retrieved docs (100) is smaller than largest topk for recall score (200)
WARNING:src.hipporag.evaluation.retrieval_eval:Length of retrieved docs (100) is smaller than largest topk for recall score (200)
WARNING:src.hipporag.evaluation.retrieval_eval:Length of retrieved docs (100) is smaller than largest topk for recall score (200)
WARNING:src.hipporag.evaluation.retrieval_eval:Length of retrieved docs (100) is smaller than largest topk for recall score (200)
WARNING:src.hipporag.evaluation.retrieval_eval:Length of retrieved docs (100) is smaller than largest topk for recall score (200)
WARNING:src.hipporag.evaluation.retrieval_eval:Length of retrieved docs (100) is smaller than largest topk for recall score (200)
WARNING:src.hipporag.evaluation.retrieval_eval:Length of retrieved docs (100) is smaller than largest topk for recall score (200)
WARNING:src.hipporag.evaluation.retrieval_eval:Length of retrieved docs (100) is smaller than largest topk for recall score (200)
WARNING:src.hipporag.evaluation.retrieval_eval:Length of retrieved docs (100) is smaller than largest topk for recall score (200)
WARNING:src.hipporag.evaluation.retrieval_eval:Length of retrieved docs (100) is smaller than largest topk for recall score (200)
WARNING:src.hipporag.evaluation.retrieval_eval:Length of retrieved docs (100) is smaller than largest topk for recall score (200)
WARNING:src.hipporag.evaluation.retrieval_eval:Length of retrieved docs (100) is smaller than largest topk for recall score (200)
WARNING:src.hipporag.evaluation.retrieval_eval:Length of retrieved docs (100) is smaller than largest topk for recall score (200)
WARNING:src.hipporag.evaluation.retrieval_eval:Length of retrieved docs (100) is smaller than largest topk for recall score (200)
WARNING:src.hipporag.evaluation.retrieval_eval:Length of retrieved docs (100) is smaller than largest topk for recall score (200)
WARNING:src.hipporag.evaluation.retrieval_eval:Length of retrieved docs (100) is smaller than largest topk for recall score (200)
WARNING:src.hipporag.evaluation.retrieval_eval:Length of retrieved docs (100) is smaller than largest topk for recall score (200)
WARNING:src.hipporag.evaluation.retrieval_eval:Length of retrieved docs (100) is smaller than largest topk for recall score (200)
WARNING:src.hipporag.evaluation.retrieval_eval:Length of retrieved docs (100) is smaller than largest topk for recall score (200)
WARNING:src.hipporag.evaluation.retrieval_eval:Length of retrieved docs (100) is smaller than largest topk for recall score (200)
WARNING:src.hipporag.evaluation.retrieval_eval:Length of retrieved docs (100) is smaller than largest topk for recall score (200)
WARNING:src.hipporag.evaluation.retrieval_eval:Length of retrieved docs (100) is smaller than largest topk for recall score (200)
WARNING:src.hipporag.evaluation.retrieval_eval:Length of retrieved docs (100) is smaller than largest topk for recall score (200)
WARNING:src.hipporag.evaluation.retrieval_eval:Length of retrieved docs (100) is smaller than largest topk for recall score (200)
WARNING:src.hipporag.evaluation.retrieval_eval:Length of retrieved docs (100) is smaller than largest topk for recall score (200)
WARNING:src.hipporag.evaluation.retrieval_eval:Length of retrieved docs (100) is smaller than largest topk for recall score (200)
WARNING:src.hipporag.evaluation.retrieval_eval:Length of retrieved docs (100) is smaller than largest topk for recall score (200)
WARNING:src.hipporag.evaluation.retrieval_eval:Length of retrieved docs (100) is smaller than largest topk for recall score (200)
WARNING:src.hipporag.evaluation.retrieval_eval:Length of retrieved docs (100) is smaller than largest topk for recall score (200)
WARNING:src.hipporag.evaluation.retrieval_eval:Length of retrieved docs (100) is smaller than largest topk for recall score (200)
WARNING:src.hipporag.evaluation.retrieval_eval:Length of retrieved docs (100) is smaller than largest topk for recall score (200)
WARNING:src.hipporag.evaluation.retrieval_eval:Length of retrieved docs (100) is smaller than largest topk for recall score (200)
WARNING:src.hipporag.evaluation.retrieval_eval:Length of retrieved docs (100) is smaller than largest topk for recall score (200)
WARNING:src.hipporag.evaluation.retrieval_eval:Length of retrieved docs (100) is smaller than largest topk for recall score (200)
WARNING:src.hipporag.evaluation.retrieval_eval:Length of retrieved docs (100) is smaller than largest topk for recall score (200)
WARNING:src.hipporag.evaluation.retrieval_eval:Length of retrieved docs (100) is smaller than largest topk for recall score (200)
WARNING:src.hipporag.evaluation.retrieval_eval:Length of retrieved docs (100) is smaller than largest topk for recall score (200)
WARNING:src.hipporag.evaluation.retrieval_eval:Length of retrieved docs (100) is smaller than largest topk for recall score (200)
WARNING:src.hipporag.evaluation.retrieval_eval:Length of retrieved docs (100) is smaller than largest topk for recall score (200)
WARNING:src.hipporag.evaluation.retrieval_eval:Length of retrieved docs (100) is smaller than largest topk for recall score (200)
WARNING:src.hipporag.evaluation.retrieval_eval:Length of retrieved docs (100) is smaller than largest topk for recall score (200)
WARNING:src.hipporag.evaluation.retrieval_eval:Length of retrieved docs (100) is smaller than largest topk for recall score (200)
WARNING:src.hipporag.evaluation.retrieval_eval:Length of retrieved docs (100) is smaller than largest topk for recall score (200)
WARNING:src.hipporag.evaluation.retrieval_eval:Length of retrieved docs (100) is smaller than largest topk for recall score (200)
WARNING:src.hipporag.evaluation.retrieval_eval:Length of retrieved docs (100) is smaller than largest topk for recall score (200)
WARNING:src.hipporag.evaluation.retrieval_eval:Length of retrieved docs (100) is smaller than largest topk for recall score (200)
WARNING:src.hipporag.evaluation.retrieval_eval:Length of retrieved docs (100) is smaller than largest topk for recall score (200)
WARNING:src.hipporag.evaluation.retrieval_eval:Length of retrieved docs (100) is smaller than largest topk for recall score (200)
WARNING:src.hipporag.evaluation.retrieval_eval:Length of retrieved docs (100) is smaller than largest topk for recall score (200)
WARNING:src.hipporag.evaluation.retrieval_eval:Length of retrieved docs (100) is smaller than largest topk for recall score (200)
WARNING:src.hipporag.evaluation.retrieval_eval:Length of retrieved docs (100) is smaller than largest topk for recall score (200)
WARNING:src.hipporag.evaluation.retrieval_eval:Length of retrieved docs (100) is smaller than largest topk for recall score (200)
WARNING:src.hipporag.evaluation.retrieval_eval:Length of retrieved docs (100) is smaller than largest topk for recall score (200)
WARNING:src.hipporag.evaluation.retrieval_eval:Length of retrieved docs (100) is smaller than largest topk for recall score (200)
WARNING:src.hipporag.evaluation.retrieval_eval:Length of retrieved docs (100) is smaller than largest topk for recall score (200)
WARNING:src.hipporag.evaluation.retrieval_eval:Length of retrieved docs (100) is smaller than largest topk for recall score (200)
WARNING:src.hipporag.evaluation.retrieval_eval:Length of retrieved docs (100) is smaller than largest topk for recall score (200)
WARNING:src.hipporag.evaluation.retrieval_eval:Length of retrieved docs (100) is smaller than largest topk for recall score (200)
WARNING:src.hipporag.evaluation.retrieval_eval:Length of retrieved docs (100) is smaller than largest topk for recall score (200)
WARNING:src.hipporag.evaluation.retrieval_eval:Length of retrieved docs (100) is smaller than largest topk for recall score (200)
WARNING:src.hipporag.evaluation.retrieval_eval:Length of retrieved docs (100) is smaller than largest topk for recall score (200)
WARNING:src.hipporag.evaluation.retrieval_eval:Length of retrieved docs (100) is smaller than largest topk for recall score (200)
WARNING:src.hipporag.evaluation.retrieval_eval:Length of retrieved docs (100) is smaller than largest topk for recall score (200)
WARNING:src.hipporag.evaluation.retrieval_eval:Length of retrieved docs (100) is smaller than largest topk for recall score (200)
WARNING:src.hipporag.evaluation.retrieval_eval:Length of retrieved docs (100) is smaller than largest topk for recall score (200)
WARNING:src.hipporag.evaluation.retrieval_eval:Length of retrieved docs (100) is smaller than largest topk for recall score (200)
WARNING:src.hipporag.evaluation.retrieval_eval:Length of retrieved docs (100) is smaller than largest topk for recall score (200)
WARNING:src.hipporag.evaluation.retrieval_eval:Length of retrieved docs (100) is smaller than largest topk for recall score (200)
WARNING:src.hipporag.evaluation.retrieval_eval:Length of retrieved docs (100) is smaller than largest topk for recall score (200)
WARNING:src.hipporag.evaluation.retrieval_eval:Length of retrieved docs (100) is smaller than largest topk for recall score (200)
WARNING:src.hipporag.evaluation.retrieval_eval:Length of retrieved docs (100) is smaller than largest topk for recall score (200)
WARNING:src.hipporag.evaluation.retrieval_eval:Length of retrieved docs (100) is smaller than largest topk for recall score (200)
WARNING:src.hipporag.evaluation.retrieval_eval:Length of retrieved docs (100) is smaller than largest topk for recall score (200)
WARNING:src.hipporag.evaluation.retrieval_eval:Length of retrieved docs (100) is smaller than largest topk for recall score (200)
WARNING:src.hipporag.evaluation.retrieval_eval:Length of retrieved docs (100) is smaller than largest topk for recall score (200)
WARNING:src.hipporag.evaluation.retrieval_eval:Length of retrieved docs (100) is smaller than largest topk for recall score (200)
WARNING:src.hipporag.evaluation.retrieval_eval:Length of retrieved docs (100) is smaller than largest topk for recall score (200)
WARNING:src.hipporag.evaluation.retrieval_eval:Length of retrieved docs (100) is smaller than largest topk for recall score (200)
WARNING:src.hipporag.evaluation.retrieval_eval:Length of retrieved docs (100) is smaller than largest topk for recall score (200)
WARNING:src.hipporag.evaluation.retrieval_eval:Length of retrieved docs (100) is smaller than largest topk for recall score (200)
WARNING:src.hipporag.evaluation.retrieval_eval:Length of retrieved docs (100) is smaller than largest topk for recall score (200)
WARNING:src.hipporag.evaluation.retrieval_eval:Length of retrieved docs (100) is smaller than largest topk for recall score (200)
WARNING:src.hipporag.evaluation.retrieval_eval:Length of retrieved docs (100) is smaller than largest topk for recall score (200)
WARNING:src.hipporag.evaluation.retrieval_eval:Length of retrieved docs (100) is smaller than largest topk for recall score (200)
WARNING:src.hipporag.evaluation.retrieval_eval:Length of retrieved docs (100) is smaller than largest topk for recall score (200)
WARNING:src.hipporag.evaluation.retrieval_eval:Length of retrieved docs (100) is smaller than largest topk for recall score (200)
WARNING:src.hipporag.evaluation.retrieval_eval:Length of retrieved docs (100) is smaller than largest topk for recall score (200)
WARNING:src.hipporag.evaluation.retrieval_eval:Length of retrieved docs (100) is smaller than largest topk for recall score (200)
WARNING:src.hipporag.evaluation.retrieval_eval:Length of retrieved docs (100) is smaller than largest topk for recall score (200)
WARNING:src.hipporag.evaluation.retrieval_eval:Length of retrieved docs (100) is smaller than largest topk for recall score (200)
WARNING:src.hipporag.evaluation.retrieval_eval:Length of retrieved docs (100) is smaller than largest topk for recall score (200)
WARNING:src.hipporag.evaluation.retrieval_eval:Length of retrieved docs (100) is smaller than largest topk for recall score (200)
WARNING:src.hipporag.evaluation.retrieval_eval:Length of retrieved docs (100) is smaller than largest topk for recall score (200)
WARNING:src.hipporag.evaluation.retrieval_eval:Length of retrieved docs (100) is smaller than largest topk for recall score (200)
WARNING:src.hipporag.evaluation.retrieval_eval:Length of retrieved docs (100) is smaller than largest topk for recall score (200)
WARNING:src.hipporag.evaluation.retrieval_eval:Length of retrieved docs (100) is smaller than largest topk for recall score (200)
WARNING:src.hipporag.evaluation.retrieval_eval:Length of retrieved docs (100) is smaller than largest topk for recall score (200)
WARNING:src.hipporag.evaluation.retrieval_eval:Length of retrieved docs (100) is smaller than largest topk for recall score (200)
WARNING:src.hipporag.evaluation.retrieval_eval:Length of retrieved docs (100) is smaller than largest topk for recall score (200)
WARNING:src.hipporag.evaluation.retrieval_eval:Length of retrieved docs (100) is smaller than largest topk for recall score (200)
WARNING:src.hipporag.evaluation.retrieval_eval:Length of retrieved docs (100) is smaller than largest topk for recall score (200)
WARNING:src.hipporag.evaluation.retrieval_eval:Length of retrieved docs (100) is smaller than largest topk for recall score (200)
WARNING:src.hipporag.evaluation.retrieval_eval:Length of retrieved docs (100) is smaller than largest topk for recall score (200)
WARNING:src.hipporag.evaluation.retrieval_eval:Length of retrieved docs (100) is smaller than largest topk for recall score (200)
WARNING:src.hipporag.evaluation.retrieval_eval:Length of retrieved docs (100) is smaller than largest topk for recall score (200)
WARNING:src.hipporag.evaluation.retrieval_eval:Length of retrieved docs (100) is smaller than largest topk for recall score (200)
WARNING:src.hipporag.evaluation.retrieval_eval:Length of retrieved docs (100) is smaller than largest topk for recall score (200)
WARNING:src.hipporag.evaluation.retrieval_eval:Length of retrieved docs (100) is smaller than largest topk for recall score (200)
WARNING:src.hipporag.evaluation.retrieval_eval:Length of retrieved docs (100) is smaller than largest topk for recall score (200)
WARNING:src.hipporag.evaluation.retrieval_eval:Length of retrieved docs (100) is smaller than largest topk for recall score (200)
WARNING:src.hipporag.evaluation.retrieval_eval:Length of retrieved docs (100) is smaller than largest topk for recall score (200)
WARNING:src.hipporag.evaluation.retrieval_eval:Length of retrieved docs (100) is smaller than largest topk for recall score (200)
WARNING:src.hipporag.evaluation.retrieval_eval:Length of retrieved docs (100) is smaller than largest topk for recall score (200)
WARNING:src.hipporag.evaluation.retrieval_eval:Length of retrieved docs (100) is smaller than largest topk for recall score (200)
WARNING:src.hipporag.evaluation.retrieval_eval:Length of retrieved docs (100) is smaller than largest topk for recall score (200)
WARNING:src.hipporag.evaluation.retrieval_eval:Length of retrieved docs (100) is smaller than largest topk for recall score (200)
WARNING:src.hipporag.evaluation.retrieval_eval:Length of retrieved docs (100) is smaller than largest topk for recall score (200)
WARNING:src.hipporag.evaluation.retrieval_eval:Length of retrieved docs (100) is smaller than largest topk for recall score (200)
WARNING:src.hipporag.evaluation.retrieval_eval:Length of retrieved docs (100) is smaller than largest topk for recall score (200)
WARNING:src.hipporag.evaluation.retrieval_eval:Length of retrieved docs (100) is smaller than largest topk for recall score (200)
WARNING:src.hipporag.evaluation.retrieval_eval:Length of retrieved docs (100) is smaller than largest topk for recall score (200)
WARNING:src.hipporag.evaluation.retrieval_eval:Length of retrieved docs (100) is smaller than largest topk for recall score (200)
WARNING:src.hipporag.evaluation.retrieval_eval:Length of retrieved docs (100) is smaller than largest topk for recall score (200)
WARNING:src.hipporag.evaluation.retrieval_eval:Length of retrieved docs (100) is smaller than largest topk for recall score (200)
WARNING:src.hipporag.evaluation.retrieval_eval:Length of retrieved docs (100) is smaller than largest topk for recall score (200)
WARNING:src.hipporag.evaluation.retrieval_eval:Length of retrieved docs (100) is smaller than largest topk for recall score (200)
WARNING:src.hipporag.evaluation.retrieval_eval:Length of retrieved docs (100) is smaller than largest topk for recall score (200)
WARNING:src.hipporag.evaluation.retrieval_eval:Length of retrieved docs (100) is smaller than largest topk for recall score (200)
WARNING:src.hipporag.evaluation.retrieval_eval:Length of retrieved docs (100) is smaller than largest topk for recall score (200)
WARNING:src.hipporag.evaluation.retrieval_eval:Length of retrieved docs (100) is smaller than largest topk for recall score (200)
WARNING:src.hipporag.evaluation.retrieval_eval:Length of retrieved docs (100) is smaller than largest topk for recall score (200)
WARNING:src.hipporag.evaluation.retrieval_eval:Length of retrieved docs (100) is smaller than largest topk for recall score (200)
WARNING:src.hipporag.evaluation.retrieval_eval:Length of retrieved docs (100) is smaller than largest topk for recall score (200)
WARNING:src.hipporag.evaluation.retrieval_eval:Length of retrieved docs (100) is smaller than largest topk for recall score (200)
WARNING:src.hipporag.evaluation.retrieval_eval:Length of retrieved docs (100) is smaller than largest topk for recall score (200)
WARNING:src.hipporag.evaluation.retrieval_eval:Length of retrieved docs (100) is smaller than largest topk for recall score (200)
WARNING:src.hipporag.evaluation.retrieval_eval:Length of retrieved docs (100) is smaller than largest topk for recall score (200)
WARNING:src.hipporag.evaluation.retrieval_eval:Length of retrieved docs (100) is smaller than largest topk for recall score (200)
WARNING:src.hipporag.evaluation.retrieval_eval:Length of retrieved docs (100) is smaller than largest topk for recall score (200)
WARNING:src.hipporag.evaluation.retrieval_eval:Length of retrieved docs (100) is smaller than largest topk for recall score (200)
WARNING:src.hipporag.evaluation.retrieval_eval:Length of retrieved docs (100) is smaller than largest topk for recall score (200)
WARNING:src.hipporag.evaluation.retrieval_eval:Length of retrieved docs (100) is smaller than largest topk for recall score (200)
WARNING:src.hipporag.evaluation.retrieval_eval:Length of retrieved docs (100) is smaller than largest topk for recall score (200)
WARNING:src.hipporag.evaluation.retrieval_eval:Length of retrieved docs (100) is smaller than largest topk for recall score (200)
WARNING:src.hipporag.evaluation.retrieval_eval:Length of retrieved docs (100) is smaller than largest topk for recall score (200)
WARNING:src.hipporag.evaluation.retrieval_eval:Length of retrieved docs (100) is smaller than largest topk for recall score (200)
WARNING:src.hipporag.evaluation.retrieval_eval:Length of retrieved docs (100) is smaller than largest topk for recall score (200)
WARNING:src.hipporag.evaluation.retrieval_eval:Length of retrieved docs (100) is smaller than largest topk for recall score (200)
WARNING:src.hipporag.evaluation.retrieval_eval:Length of retrieved docs (100) is smaller than largest topk for recall score (200)
WARNING:src.hipporag.evaluation.retrieval_eval:Length of retrieved docs (100) is smaller than largest topk for recall score (200)
WARNING:src.hipporag.evaluation.retrieval_eval:Length of retrieved docs (100) is smaller than largest topk for recall score (200)
WARNING:src.hipporag.evaluation.retrieval_eval:Length of retrieved docs (100) is smaller than largest topk for recall score (200)
WARNING:src.hipporag.evaluation.retrieval_eval:Length of retrieved docs (100) is smaller than largest topk for recall score (200)
WARNING:src.hipporag.evaluation.retrieval_eval:Length of retrieved docs (100) is smaller than largest topk for recall score (200)
WARNING:src.hipporag.evaluation.retrieval_eval:Length of retrieved docs (100) is smaller than largest topk for recall score (200)
WARNING:src.hipporag.evaluation.retrieval_eval:Length of retrieved docs (100) is smaller than largest topk for recall score (200)
WARNING:src.hipporag.evaluation.retrieval_eval:Length of retrieved docs (100) is smaller than largest topk for recall score (200)
WARNING:src.hipporag.evaluation.retrieval_eval:Length of retrieved docs (100) is smaller than largest topk for recall score (200)
WARNING:src.hipporag.evaluation.retrieval_eval:Length of retrieved docs (100) is smaller than largest topk for recall score (200)
WARNING:src.hipporag.evaluation.retrieval_eval:Length of retrieved docs (100) is smaller than largest topk for recall score (200)
WARNING:src.hipporag.evaluation.retrieval_eval:Length of retrieved docs (100) is smaller than largest topk for recall score (200)
WARNING:src.hipporag.evaluation.retrieval_eval:Length of retrieved docs (100) is smaller than largest topk for recall score (200)
WARNING:src.hipporag.evaluation.retrieval_eval:Length of retrieved docs (100) is smaller than largest topk for recall score (200)
WARNING:src.hipporag.evaluation.retrieval_eval:Length of retrieved docs (100) is smaller than largest topk for recall score (200)
WARNING:src.hipporag.evaluation.retrieval_eval:Length of retrieved docs (100) is smaller than largest topk for recall score (200)
WARNING:src.hipporag.evaluation.retrieval_eval:Length of retrieved docs (100) is smaller than largest topk for recall score (200)
WARNING:src.hipporag.evaluation.retrieval_eval:Length of retrieved docs (100) is smaller than largest topk for recall score (200)
WARNING:src.hipporag.evaluation.retrieval_eval:Length of retrieved docs (100) is smaller than largest topk for recall score (200)
WARNING:src.hipporag.evaluation.retrieval_eval:Length of retrieved docs (100) is smaller than largest topk for recall score (200)
WARNING:src.hipporag.evaluation.retrieval_eval:Length of retrieved docs (100) is smaller than largest topk for recall score (200)
WARNING:src.hipporag.evaluation.retrieval_eval:Length of retrieved docs (100) is smaller than largest topk for recall score (200)
WARNING:src.hipporag.evaluation.retrieval_eval:Length of retrieved docs (100) is smaller than largest topk for recall score (200)
WARNING:src.hipporag.evaluation.retrieval_eval:Length of retrieved docs (100) is smaller than largest topk for recall score (200)
WARNING:src.hipporag.evaluation.retrieval_eval:Length of retrieved docs (100) is smaller than largest topk for recall score (200)
WARNING:src.hipporag.evaluation.retrieval_eval:Length of retrieved docs (100) is smaller than largest topk for recall score (200)
WARNING:src.hipporag.evaluation.retrieval_eval:Length of retrieved docs (100) is smaller than largest topk for recall score (200)
WARNING:src.hipporag.evaluation.retrieval_eval:Length of retrieved docs (100) is smaller than largest topk for recall score (200)
WARNING:src.hipporag.evaluation.retrieval_eval:Length of retrieved docs (100) is smaller than largest topk for recall score (200)
WARNING:src.hipporag.evaluation.retrieval_eval:Length of retrieved docs (100) is smaller than largest topk for recall score (200)
WARNING:src.hipporag.evaluation.retrieval_eval:Length of retrieved docs (100) is smaller than largest topk for recall score (200)
WARNING:src.hipporag.evaluation.retrieval_eval:Length of retrieved docs (100) is smaller than largest topk for recall score (200)
WARNING:src.hipporag.evaluation.retrieval_eval:Length of retrieved docs (100) is smaller than largest topk for recall score (200)
WARNING:src.hipporag.evaluation.retrieval_eval:Length of retrieved docs (100) is smaller than largest topk for recall score (200)
WARNING:src.hipporag.evaluation.retrieval_eval:Length of retrieved docs (100) is smaller than largest topk for recall score (200)
WARNING:src.hipporag.evaluation.retrieval_eval:Length of retrieved docs (100) is smaller than largest topk for recall score (200)
WARNING:src.hipporag.evaluation.retrieval_eval:Length of retrieved docs (100) is smaller than largest topk for recall score (200)
WARNING:src.hipporag.evaluation.retrieval_eval:Length of retrieved docs (100) is smaller than largest topk for recall score (200)
WARNING:src.hipporag.evaluation.retrieval_eval:Length of retrieved docs (100) is smaller than largest topk for recall score (200)
WARNING:src.hipporag.evaluation.retrieval_eval:Length of retrieved docs (100) is smaller than largest topk for recall score (200)
WARNING:src.hipporag.evaluation.retrieval_eval:Length of retrieved docs (100) is smaller than largest topk for recall score (200)
WARNING:src.hipporag.evaluation.retrieval_eval:Length of retrieved docs (100) is smaller than largest topk for recall score (200)
WARNING:src.hipporag.evaluation.retrieval_eval:Length of retrieved docs (100) is smaller than largest topk for recall score (200)
WARNING:src.hipporag.evaluation.retrieval_eval:Length of retrieved docs (100) is smaller than largest topk for recall score (200)
WARNING:src.hipporag.evaluation.retrieval_eval:Length of retrieved docs (100) is smaller than largest topk for recall score (200)
WARNING:src.hipporag.evaluation.retrieval_eval:Length of retrieved docs (100) is smaller than largest topk for recall score (200)
WARNING:src.hipporag.evaluation.retrieval_eval:Length of retrieved docs (100) is smaller than largest topk for recall score (200)
WARNING:src.hipporag.evaluation.retrieval_eval:Length of retrieved docs (100) is smaller than largest topk for recall score (200)
WARNING:src.hipporag.evaluation.retrieval_eval:Length of retrieved docs (100) is smaller than largest topk for recall score (200)
WARNING:src.hipporag.evaluation.retrieval_eval:Length of retrieved docs (100) is smaller than largest topk for recall score (200)
WARNING:src.hipporag.evaluation.retrieval_eval:Length of retrieved docs (100) is smaller than largest topk for recall score (200)
WARNING:src.hipporag.evaluation.retrieval_eval:Length of retrieved docs (100) is smaller than largest topk for recall score (200)
WARNING:src.hipporag.evaluation.retrieval_eval:Length of retrieved docs (100) is smaller than largest topk for recall score (200)
WARNING:src.hipporag.evaluation.retrieval_eval:Length of retrieved docs (100) is smaller than largest topk for recall score (200)
WARNING:src.hipporag.evaluation.retrieval_eval:Length of retrieved docs (100) is smaller than largest topk for recall score (200)
WARNING:src.hipporag.evaluation.retrieval_eval:Length of retrieved docs (100) is smaller than largest topk for recall score (200)
WARNING:src.hipporag.evaluation.retrieval_eval:Length of retrieved docs (100) is smaller than largest topk for recall score (200)
WARNING:src.hipporag.evaluation.retrieval_eval:Length of retrieved docs (100) is smaller than largest topk for recall score (200)
WARNING:src.hipporag.evaluation.retrieval_eval:Length of retrieved docs (100) is smaller than largest topk for recall score (200)
WARNING:src.hipporag.evaluation.retrieval_eval:Length of retrieved docs (100) is smaller than largest topk for recall score (200)
WARNING:src.hipporag.evaluation.retrieval_eval:Length of retrieved docs (100) is smaller than largest topk for recall score (200)
WARNING:src.hipporag.evaluation.retrieval_eval:Length of retrieved docs (100) is smaller than largest topk for recall score (200)
WARNING:src.hipporag.evaluation.retrieval_eval:Length of retrieved docs (100) is smaller than largest topk for recall score (200)
WARNING:src.hipporag.evaluation.retrieval_eval:Length of retrieved docs (100) is smaller than largest topk for recall score (200)
WARNING:src.hipporag.evaluation.retrieval_eval:Length of retrieved docs (100) is smaller than largest topk for recall score (200)
WARNING:src.hipporag.evaluation.retrieval_eval:Length of retrieved docs (100) is smaller than largest topk for recall score (200)
WARNING:src.hipporag.evaluation.retrieval_eval:Length of retrieved docs (100) is smaller than largest topk for recall score (200)
WARNING:src.hipporag.evaluation.retrieval_eval:Length of retrieved docs (100) is smaller than largest topk for recall score (200)
WARNING:src.hipporag.evaluation.retrieval_eval:Length of retrieved docs (100) is smaller than largest topk for recall score (200)
WARNING:src.hipporag.evaluation.retrieval_eval:Length of retrieved docs (100) is smaller than largest topk for recall score (200)
WARNING:src.hipporag.evaluation.retrieval_eval:Length of retrieved docs (100) is smaller than largest topk for recall score (200)
WARNING:src.hipporag.evaluation.retrieval_eval:Length of retrieved docs (100) is smaller than largest topk for recall score (200)
WARNING:src.hipporag.evaluation.retrieval_eval:Length of retrieved docs (100) is smaller than largest topk for recall score (200)
WARNING:src.hipporag.evaluation.retrieval_eval:Length of retrieved docs (100) is smaller than largest topk for recall score (200)
WARNING:src.hipporag.evaluation.retrieval_eval:Length of retrieved docs (100) is smaller than largest topk for recall score (200)
WARNING:src.hipporag.evaluation.retrieval_eval:Length of retrieved docs (100) is smaller than largest topk for recall score (200)
WARNING:src.hipporag.evaluation.retrieval_eval:Length of retrieved docs (100) is smaller than largest topk for recall score (200)
WARNING:src.hipporag.evaluation.retrieval_eval:Length of retrieved docs (100) is smaller than largest topk for recall score (200)
WARNING:src.hipporag.evaluation.retrieval_eval:Length of retrieved docs (100) is smaller than largest topk for recall score (200)
WARNING:src.hipporag.evaluation.retrieval_eval:Length of retrieved docs (100) is smaller than largest topk for recall score (200)
WARNING:src.hipporag.evaluation.retrieval_eval:Length of retrieved docs (100) is smaller than largest topk for recall score (200)
WARNING:src.hipporag.evaluation.retrieval_eval:Length of retrieved docs (100) is smaller than largest topk for recall score (200)
WARNING:src.hipporag.evaluation.retrieval_eval:Length of retrieved docs (100) is smaller than largest topk for recall score (200)
WARNING:src.hipporag.evaluation.retrieval_eval:Length of retrieved docs (100) is smaller than largest topk for recall score (200)
WARNING:src.hipporag.evaluation.retrieval_eval:Length of retrieved docs (100) is smaller than largest topk for recall score (200)
WARNING:src.hipporag.evaluation.retrieval_eval:Length of retrieved docs (100) is smaller than largest topk for recall score (200)
WARNING:src.hipporag.evaluation.retrieval_eval:Length of retrieved docs (100) is smaller than largest topk for recall score (200)
WARNING:src.hipporag.evaluation.retrieval_eval:Length of retrieved docs (100) is smaller than largest topk for recall score (200)
WARNING:src.hipporag.evaluation.retrieval_eval:Length of retrieved docs (100) is smaller than largest topk for recall score (200)
WARNING:src.hipporag.evaluation.retrieval_eval:Length of retrieved docs (100) is smaller than largest topk for recall score (200)
WARNING:src.hipporag.evaluation.retrieval_eval:Length of retrieved docs (100) is smaller than largest topk for recall score (200)
WARNING:src.hipporag.evaluation.retrieval_eval:Length of retrieved docs (100) is smaller than largest topk for recall score (200)
WARNING:src.hipporag.evaluation.retrieval_eval:Length of retrieved docs (100) is smaller than largest topk for recall score (200)
WARNING:src.hipporag.evaluation.retrieval_eval:Length of retrieved docs (100) is smaller than largest topk for recall score (200)
WARNING:src.hipporag.evaluation.retrieval_eval:Length of retrieved docs (100) is smaller than largest topk for recall score (200)
WARNING:src.hipporag.evaluation.retrieval_eval:Length of retrieved docs (100) is smaller than largest topk for recall score (200)
WARNING:src.hipporag.evaluation.retrieval_eval:Length of retrieved docs (100) is smaller than largest topk for recall score (200)
WARNING:src.hipporag.evaluation.retrieval_eval:Length of retrieved docs (100) is smaller than largest topk for recall score (200)
WARNING:src.hipporag.evaluation.retrieval_eval:Length of retrieved docs (100) is smaller than largest topk for recall score (200)
WARNING:src.hipporag.evaluation.retrieval_eval:Length of retrieved docs (100) is smaller than largest topk for recall score (200)
WARNING:src.hipporag.evaluation.retrieval_eval:Length of retrieved docs (100) is smaller than largest topk for recall score (200)
WARNING:src.hipporag.evaluation.retrieval_eval:Length of retrieved docs (100) is smaller than largest topk for recall score (200)
WARNING:src.hipporag.evaluation.retrieval_eval:Length of retrieved docs (100) is smaller than largest topk for recall score (200)
WARNING:src.hipporag.evaluation.retrieval_eval:Length of retrieved docs (100) is smaller than largest topk for recall score (200)
WARNING:src.hipporag.evaluation.retrieval_eval:Length of retrieved docs (100) is smaller than largest topk for recall score (200)
WARNING:src.hipporag.evaluation.retrieval_eval:Length of retrieved docs (100) is smaller than largest topk for recall score (200)
WARNING:src.hipporag.evaluation.retrieval_eval:Length of retrieved docs (100) is smaller than largest topk for recall score (200)
WARNING:src.hipporag.evaluation.retrieval_eval:Length of retrieved docs (100) is smaller than largest topk for recall score (200)
WARNING:src.hipporag.evaluation.retrieval_eval:Length of retrieved docs (100) is smaller than largest topk for recall score (200)
WARNING:src.hipporag.evaluation.retrieval_eval:Length of retrieved docs (100) is smaller than largest topk for recall score (200)
WARNING:src.hipporag.evaluation.retrieval_eval:Length of retrieved docs (100) is smaller than largest topk for recall score (200)
WARNING:src.hipporag.evaluation.retrieval_eval:Length of retrieved docs (100) is smaller than largest topk for recall score (200)
WARNING:src.hipporag.evaluation.retrieval_eval:Length of retrieved docs (100) is smaller than largest topk for recall score (200)
WARNING:src.hipporag.evaluation.retrieval_eval:Length of retrieved docs (100) is smaller than largest topk for recall score (200)
WARNING:src.hipporag.evaluation.retrieval_eval:Length of retrieved docs (100) is smaller than largest topk for recall score (200)
WARNING:src.hipporag.evaluation.retrieval_eval:Length of retrieved docs (100) is smaller than largest topk for recall score (200)
WARNING:src.hipporag.evaluation.retrieval_eval:Length of retrieved docs (100) is smaller than largest topk for recall score (200)
WARNING:src.hipporag.evaluation.retrieval_eval:Length of retrieved docs (100) is smaller than largest topk for recall score (200)
WARNING:src.hipporag.evaluation.retrieval_eval:Length of retrieved docs (100) is smaller than largest topk for recall score (200)
WARNING:src.hipporag.evaluation.retrieval_eval:Length of retrieved docs (100) is smaller than largest topk for recall score (200)
WARNING:src.hipporag.evaluation.retrieval_eval:Length of retrieved docs (100) is smaller than largest topk for recall score (200)
WARNING:src.hipporag.evaluation.retrieval_eval:Length of retrieved docs (100) is smaller than largest topk for recall score (200)
WARNING:src.hipporag.evaluation.retrieval_eval:Length of retrieved docs (100) is smaller than largest topk for recall score (200)
WARNING:src.hipporag.evaluation.retrieval_eval:Length of retrieved docs (100) is smaller than largest topk for recall score (200)
WARNING:src.hipporag.evaluation.retrieval_eval:Length of retrieved docs (100) is smaller than largest topk for recall score (200)
WARNING:src.hipporag.evaluation.retrieval_eval:Length of retrieved docs (100) is smaller than largest topk for recall score (200)
WARNING:src.hipporag.evaluation.retrieval_eval:Length of retrieved docs (100) is smaller than largest topk for recall score (200)
WARNING:src.hipporag.evaluation.retrieval_eval:Length of retrieved docs (100) is smaller than largest topk for recall score (200)
WARNING:src.hipporag.evaluation.retrieval_eval:Length of retrieved docs (100) is smaller than largest topk for recall score (200)
WARNING:src.hipporag.evaluation.retrieval_eval:Length of retrieved docs (100) is smaller than largest topk for recall score (200)
WARNING:src.hipporag.evaluation.retrieval_eval:Length of retrieved docs (100) is smaller than largest topk for recall score (200)
WARNING:src.hipporag.evaluation.retrieval_eval:Length of retrieved docs (100) is smaller than largest topk for recall score (200)
WARNING:src.hipporag.evaluation.retrieval_eval:Length of retrieved docs (100) is smaller than largest topk for recall score (200)
WARNING:src.hipporag.evaluation.retrieval_eval:Length of retrieved docs (100) is smaller than largest topk for recall score (200)
WARNING:src.hipporag.evaluation.retrieval_eval:Length of retrieved docs (100) is smaller than largest topk for recall score (200)
WARNING:src.hipporag.evaluation.retrieval_eval:Length of retrieved docs (100) is smaller than largest topk for recall score (200)
WARNING:src.hipporag.evaluation.retrieval_eval:Length of retrieved docs (100) is smaller than largest topk for recall score (200)
WARNING:src.hipporag.evaluation.retrieval_eval:Length of retrieved docs (100) is smaller than largest topk for recall score (200)
WARNING:src.hipporag.evaluation.retrieval_eval:Length of retrieved docs (100) is smaller than largest topk for recall score (200)
WARNING:src.hipporag.evaluation.retrieval_eval:Length of retrieved docs (100) is smaller than largest topk for recall score (200)
WARNING:src.hipporag.evaluation.retrieval_eval:Length of retrieved docs (100) is smaller than largest topk for recall score (200)
WARNING:src.hipporag.evaluation.retrieval_eval:Length of retrieved docs (100) is smaller than largest topk for recall score (200)
WARNING:src.hipporag.evaluation.retrieval_eval:Length of retrieved docs (100) is smaller than largest topk for recall score (200)
WARNING:src.hipporag.evaluation.retrieval_eval:Length of retrieved docs (100) is smaller than largest topk for recall score (200)
WARNING:src.hipporag.evaluation.retrieval_eval:Length of retrieved docs (100) is smaller than largest topk for recall score (200)
WARNING:src.hipporag.evaluation.retrieval_eval:Length of retrieved docs (100) is smaller than largest topk for recall score (200)
WARNING:src.hipporag.evaluation.retrieval_eval:Length of retrieved docs (100) is smaller than largest topk for recall score (200)
WARNING:src.hipporag.evaluation.retrieval_eval:Length of retrieved docs (100) is smaller than largest topk for recall score (200)
WARNING:src.hipporag.evaluation.retrieval_eval:Length of retrieved docs (100) is smaller than largest topk for recall score (200)
WARNING:src.hipporag.evaluation.retrieval_eval:Length of retrieved docs (100) is smaller than largest topk for recall score (200)
WARNING:src.hipporag.evaluation.retrieval_eval:Length of retrieved docs (100) is smaller than largest topk for recall score (200)
WARNING:src.hipporag.evaluation.retrieval_eval:Length of retrieved docs (100) is smaller than largest topk for recall score (200)
WARNING:src.hipporag.evaluation.retrieval_eval:Length of retrieved docs (100) is smaller than largest topk for recall score (200)
WARNING:src.hipporag.evaluation.retrieval_eval:Length of retrieved docs (100) is smaller than largest topk for recall score (200)
WARNING:src.hipporag.evaluation.retrieval_eval:Length of retrieved docs (100) is smaller than largest topk for recall score (200)
WARNING:src.hipporag.evaluation.retrieval_eval:Length of retrieved docs (100) is smaller than largest topk for recall score (200)
WARNING:src.hipporag.evaluation.retrieval_eval:Length of retrieved docs (100) is smaller than largest topk for recall score (200)
WARNING:src.hipporag.evaluation.retrieval_eval:Length of retrieved docs (100) is smaller than largest topk for recall score (200)
WARNING:src.hipporag.evaluation.retrieval_eval:Length of retrieved docs (100) is smaller than largest topk for recall score (200)
WARNING:src.hipporag.evaluation.retrieval_eval:Length of retrieved docs (100) is smaller than largest topk for recall score (200)
WARNING:src.hipporag.evaluation.retrieval_eval:Length of retrieved docs (100) is smaller than largest topk for recall score (200)
WARNING:src.hipporag.evaluation.retrieval_eval:Length of retrieved docs (100) is smaller than largest topk for recall score (200)
WARNING:src.hipporag.evaluation.retrieval_eval:Length of retrieved docs (100) is smaller than largest topk for recall score (200)
WARNING:src.hipporag.evaluation.retrieval_eval:Length of retrieved docs (100) is smaller than largest topk for recall score (200)
WARNING:src.hipporag.evaluation.retrieval_eval:Length of retrieved docs (100) is smaller than largest topk for recall score (200)
WARNING:src.hipporag.evaluation.retrieval_eval:Length of retrieved docs (100) is smaller than largest topk for recall score (200)
WARNING:src.hipporag.evaluation.retrieval_eval:Length of retrieved docs (100) is smaller than largest topk for recall score (200)
WARNING:src.hipporag.evaluation.retrieval_eval:Length of retrieved docs (100) is smaller than largest topk for recall score (200)
WARNING:src.hipporag.evaluation.retrieval_eval:Length of retrieved docs (100) is smaller than largest topk for recall score (200)
WARNING:src.hipporag.evaluation.retrieval_eval:Length of retrieved docs (100) is smaller than largest topk for recall score (200)
WARNING:src.hipporag.evaluation.retrieval_eval:Length of retrieved docs (100) is smaller than largest topk for recall score (200)
WARNING:src.hipporag.evaluation.retrieval_eval:Length of retrieved docs (100) is smaller than largest topk for recall score (200)
WARNING:src.hipporag.evaluation.retrieval_eval:Length of retrieved docs (100) is smaller than largest topk for recall score (200)
WARNING:src.hipporag.evaluation.retrieval_eval:Length of retrieved docs (100) is smaller than largest topk for recall score (200)
WARNING:src.hipporag.evaluation.retrieval_eval:Length of retrieved docs (100) is smaller than largest topk for recall score (200)
WARNING:src.hipporag.evaluation.retrieval_eval:Length of retrieved docs (100) is smaller than largest topk for recall score (200)
WARNING:src.hipporag.evaluation.retrieval_eval:Length of retrieved docs (100) is smaller than largest topk for recall score (200)
WARNING:src.hipporag.evaluation.retrieval_eval:Length of retrieved docs (100) is smaller than largest topk for recall score (200)
WARNING:src.hipporag.evaluation.retrieval_eval:Length of retrieved docs (100) is smaller than largest topk for recall score (200)
WARNING:src.hipporag.evaluation.retrieval_eval:Length of retrieved docs (100) is smaller than largest topk for recall score (200)
WARNING:src.hipporag.evaluation.retrieval_eval:Length of retrieved docs (100) is smaller than largest topk for recall score (200)
WARNING:src.hipporag.evaluation.retrieval_eval:Length of retrieved docs (100) is smaller than largest topk for recall score (200)
WARNING:src.hipporag.evaluation.retrieval_eval:Length of retrieved docs (100) is smaller than largest topk for recall score (200)
WARNING:src.hipporag.evaluation.retrieval_eval:Length of retrieved docs (100) is smaller than largest topk for recall score (200)
WARNING:src.hipporag.evaluation.retrieval_eval:Length of retrieved docs (100) is smaller than largest topk for recall score (200)
WARNING:src.hipporag.evaluation.retrieval_eval:Length of retrieved docs (100) is smaller than largest topk for recall score (200)
WARNING:src.hipporag.evaluation.retrieval_eval:Length of retrieved docs (100) is smaller than largest topk for recall score (200)
WARNING:src.hipporag.evaluation.retrieval_eval:Length of retrieved docs (100) is smaller than largest topk for recall score (200)
WARNING:src.hipporag.evaluation.retrieval_eval:Length of retrieved docs (100) is smaller than largest topk for recall score (200)
WARNING:src.hipporag.evaluation.retrieval_eval:Length of retrieved docs (100) is smaller than largest topk for recall score (200)
WARNING:src.hipporag.evaluation.retrieval_eval:Length of retrieved docs (100) is smaller than largest topk for recall score (200)
WARNING:src.hipporag.evaluation.retrieval_eval:Length of retrieved docs (100) is smaller than largest topk for recall score (200)
WARNING:src.hipporag.evaluation.retrieval_eval:Length of retrieved docs (100) is smaller than largest topk for recall score (200)
WARNING:src.hipporag.evaluation.retrieval_eval:Length of retrieved docs (100) is smaller than largest topk for recall score (200)
WARNING:src.hipporag.evaluation.retrieval_eval:Length of retrieved docs (100) is smaller than largest topk for recall score (200)
WARNING:src.hipporag.evaluation.retrieval_eval:Length of retrieved docs (100) is smaller than largest topk for recall score (200)
WARNING:src.hipporag.evaluation.retrieval_eval:Length of retrieved docs (100) is smaller than largest topk for recall score (200)
WARNING:src.hipporag.evaluation.retrieval_eval:Length of retrieved docs (100) is smaller than largest topk for recall score (200)
WARNING:src.hipporag.evaluation.retrieval_eval:Length of retrieved docs (100) is smaller than largest topk for recall score (200)
WARNING:src.hipporag.evaluation.retrieval_eval:Length of retrieved docs (100) is smaller than largest topk for recall score (200)
WARNING:src.hipporag.evaluation.retrieval_eval:Length of retrieved docs (100) is smaller than largest topk for recall score (200)
WARNING:src.hipporag.evaluation.retrieval_eval:Length of retrieved docs (100) is smaller than largest topk for recall score (200)
WARNING:src.hipporag.evaluation.retrieval_eval:Length of retrieved docs (100) is smaller than largest topk for recall score (200)
WARNING:src.hipporag.evaluation.retrieval_eval:Length of retrieved docs (100) is smaller than largest topk for recall score (200)
WARNING:src.hipporag.evaluation.retrieval_eval:Length of retrieved docs (100) is smaller than largest topk for recall score (200)
WARNING:src.hipporag.evaluation.retrieval_eval:Length of retrieved docs (100) is smaller than largest topk for recall score (200)
WARNING:src.hipporag.evaluation.retrieval_eval:Length of retrieved docs (100) is smaller than largest topk for recall score (200)
WARNING:src.hipporag.evaluation.retrieval_eval:Length of retrieved docs (100) is smaller than largest topk for recall score (200)
WARNING:src.hipporag.evaluation.retrieval_eval:Length of retrieved docs (100) is smaller than largest topk for recall score (200)
WARNING:src.hipporag.evaluation.retrieval_eval:Length of retrieved docs (100) is smaller than largest topk for recall score (200)
WARNING:src.hipporag.evaluation.retrieval_eval:Length of retrieved docs (100) is smaller than largest topk for recall score (200)
WARNING:src.hipporag.evaluation.retrieval_eval:Length of retrieved docs (100) is smaller than largest topk for recall score (200)
WARNING:src.hipporag.evaluation.retrieval_eval:Length of retrieved docs (100) is smaller than largest topk for recall score (200)
WARNING:src.hipporag.evaluation.retrieval_eval:Length of retrieved docs (100) is smaller than largest topk for recall score (200)
WARNING:src.hipporag.evaluation.retrieval_eval:Length of retrieved docs (100) is smaller than largest topk for recall score (200)
WARNING:src.hipporag.evaluation.retrieval_eval:Length of retrieved docs (100) is smaller than largest topk for recall score (200)
WARNING:src.hipporag.evaluation.retrieval_eval:Length of retrieved docs (100) is smaller than largest topk for recall score (200)
WARNING:src.hipporag.evaluation.retrieval_eval:Length of retrieved docs (100) is smaller than largest topk for recall score (200)
WARNING:src.hipporag.evaluation.retrieval_eval:Length of retrieved docs (100) is smaller than largest topk for recall score (200)
WARNING:src.hipporag.evaluation.retrieval_eval:Length of retrieved docs (100) is smaller than largest topk for recall score (200)
WARNING:src.hipporag.evaluation.retrieval_eval:Length of retrieved docs (100) is smaller than largest topk for recall score (200)
WARNING:src.hipporag.evaluation.retrieval_eval:Length of retrieved docs (100) is smaller than largest topk for recall score (200)
WARNING:src.hipporag.evaluation.retrieval_eval:Length of retrieved docs (100) is smaller than largest topk for recall score (200)
WARNING:src.hipporag.evaluation.retrieval_eval:Length of retrieved docs (100) is smaller than largest topk for recall score (200)
WARNING:src.hipporag.evaluation.retrieval_eval:Length of retrieved docs (100) is smaller than largest topk for recall score (200)
WARNING:src.hipporag.evaluation.retrieval_eval:Length of retrieved docs (100) is smaller than largest topk for recall score (200)
WARNING:src.hipporag.evaluation.retrieval_eval:Length of retrieved docs (100) is smaller than largest topk for recall score (200)
WARNING:src.hipporag.evaluation.retrieval_eval:Length of retrieved docs (100) is smaller than largest topk for recall score (200)
WARNING:src.hipporag.evaluation.retrieval_eval:Length of retrieved docs (100) is smaller than largest topk for recall score (200)
WARNING:src.hipporag.evaluation.retrieval_eval:Length of retrieved docs (100) is smaller than largest topk for recall score (200)
WARNING:src.hipporag.evaluation.retrieval_eval:Length of retrieved docs (100) is smaller than largest topk for recall score (200)
WARNING:src.hipporag.evaluation.retrieval_eval:Length of retrieved docs (100) is smaller than largest topk for recall score (200)
WARNING:src.hipporag.evaluation.retrieval_eval:Length of retrieved docs (100) is smaller than largest topk for recall score (200)
WARNING:src.hipporag.evaluation.retrieval_eval:Length of retrieved docs (100) is smaller than largest topk for recall score (200)
WARNING:src.hipporag.evaluation.retrieval_eval:Length of retrieved docs (100) is smaller than largest topk for recall score (200)
WARNING:src.hipporag.evaluation.retrieval_eval:Length of retrieved docs (100) is smaller than largest topk for recall score (200)
WARNING:src.hipporag.evaluation.retrieval_eval:Length of retrieved docs (100) is smaller than largest topk for recall score (200)
WARNING:src.hipporag.evaluation.retrieval_eval:Length of retrieved docs (100) is smaller than largest topk for recall score (200)
WARNING:src.hipporag.evaluation.retrieval_eval:Length of retrieved docs (100) is smaller than largest topk for recall score (200)
WARNING:src.hipporag.evaluation.retrieval_eval:Length of retrieved docs (100) is smaller than largest topk for recall score (200)
WARNING:src.hipporag.evaluation.retrieval_eval:Length of retrieved docs (100) is smaller than largest topk for recall score (200)
WARNING:src.hipporag.evaluation.retrieval_eval:Length of retrieved docs (100) is smaller than largest topk for recall score (200)
WARNING:src.hipporag.evaluation.retrieval_eval:Length of retrieved docs (100) is smaller than largest topk for recall score (200)
WARNING:src.hipporag.evaluation.retrieval_eval:Length of retrieved docs (100) is smaller than largest topk for recall score (200)
WARNING:src.hipporag.evaluation.retrieval_eval:Length of retrieved docs (100) is smaller than largest topk for recall score (200)
WARNING:src.hipporag.evaluation.retrieval_eval:Length of retrieved docs (100) is smaller than largest topk for recall score (200)
WARNING:src.hipporag.evaluation.retrieval_eval:Length of retrieved docs (100) is smaller than largest topk for recall score (200)
WARNING:src.hipporag.evaluation.retrieval_eval:Length of retrieved docs (100) is smaller than largest topk for recall score (200)
WARNING:src.hipporag.evaluation.retrieval_eval:Length of retrieved docs (100) is smaller than largest topk for recall score (200)
WARNING:src.hipporag.evaluation.retrieval_eval:Length of retrieved docs (100) is smaller than largest topk for recall score (200)
WARNING:src.hipporag.evaluation.retrieval_eval:Length of retrieved docs (100) is smaller than largest topk for recall score (200)
WARNING:src.hipporag.evaluation.retrieval_eval:Length of retrieved docs (100) is smaller than largest topk for recall score (200)
WARNING:src.hipporag.evaluation.retrieval_eval:Length of retrieved docs (100) is smaller than largest topk for recall score (200)
WARNING:src.hipporag.evaluation.retrieval_eval:Length of retrieved docs (100) is smaller than largest topk for recall score (200)
WARNING:src.hipporag.evaluation.retrieval_eval:Length of retrieved docs (100) is smaller than largest topk for recall score (200)
WARNING:src.hipporag.evaluation.retrieval_eval:Length of retrieved docs (100) is smaller than largest topk for recall score (200)
WARNING:src.hipporag.evaluation.retrieval_eval:Length of retrieved docs (100) is smaller than largest topk for recall score (200)
WARNING:src.hipporag.evaluation.retrieval_eval:Length of retrieved docs (100) is smaller than largest topk for recall score (200)
WARNING:src.hipporag.evaluation.retrieval_eval:Length of retrieved docs (100) is smaller than largest topk for recall score (200)
WARNING:src.hipporag.evaluation.retrieval_eval:Length of retrieved docs (100) is smaller than largest topk for recall score (200)
WARNING:src.hipporag.evaluation.retrieval_eval:Length of retrieved docs (100) is smaller than largest topk for recall score (200)
WARNING:src.hipporag.evaluation.retrieval_eval:Length of retrieved docs (100) is smaller than largest topk for recall score (200)
WARNING:src.hipporag.evaluation.retrieval_eval:Length of retrieved docs (100) is smaller than largest topk for recall score (200)
WARNING:src.hipporag.evaluation.retrieval_eval:Length of retrieved docs (100) is smaller than largest topk for recall score (200)
WARNING:src.hipporag.evaluation.retrieval_eval:Length of retrieved docs (100) is smaller than largest topk for recall score (200)
WARNING:src.hipporag.evaluation.retrieval_eval:Length of retrieved docs (100) is smaller than largest topk for recall score (200)
WARNING:src.hipporag.evaluation.retrieval_eval:Length of retrieved docs (100) is smaller than largest topk for recall score (200)
WARNING:src.hipporag.evaluation.retrieval_eval:Length of retrieved docs (100) is smaller than largest topk for recall score (200)
WARNING:src.hipporag.evaluation.retrieval_eval:Length of retrieved docs (100) is smaller than largest topk for recall score (200)
WARNING:src.hipporag.evaluation.retrieval_eval:Length of retrieved docs (100) is smaller than largest topk for recall score (200)
WARNING:src.hipporag.evaluation.retrieval_eval:Length of retrieved docs (100) is smaller than largest topk for recall score (200)
WARNING:src.hipporag.evaluation.retrieval_eval:Length of retrieved docs (100) is smaller than largest topk for recall score (200)
WARNING:src.hipporag.evaluation.retrieval_eval:Length of retrieved docs (100) is smaller than largest topk for recall score (200)
WARNING:src.hipporag.evaluation.retrieval_eval:Length of retrieved docs (100) is smaller than largest topk for recall score (200)
WARNING:src.hipporag.evaluation.retrieval_eval:Length of retrieved docs (100) is smaller than largest topk for recall score (200)
WARNING:src.hipporag.evaluation.retrieval_eval:Length of retrieved docs (100) is smaller than largest topk for recall score (200)
WARNING:src.hipporag.evaluation.retrieval_eval:Length of retrieved docs (100) is smaller than largest topk for recall score (200)
WARNING:src.hipporag.evaluation.retrieval_eval:Length of retrieved docs (100) is smaller than largest topk for recall score (200)
WARNING:src.hipporag.evaluation.retrieval_eval:Length of retrieved docs (100) is smaller than largest topk for recall score (200)
WARNING:src.hipporag.evaluation.retrieval_eval:Length of retrieved docs (100) is smaller than largest topk for recall score (200)
WARNING:src.hipporag.evaluation.retrieval_eval:Length of retrieved docs (100) is smaller than largest topk for recall score (200)
WARNING:src.hipporag.evaluation.retrieval_eval:Length of retrieved docs (100) is smaller than largest topk for recall score (200)
WARNING:src.hipporag.evaluation.retrieval_eval:Length of retrieved docs (100) is smaller than largest topk for recall score (200)
WARNING:src.hipporag.evaluation.retrieval_eval:Length of retrieved docs (100) is smaller than largest topk for recall score (200)
WARNING:src.hipporag.evaluation.retrieval_eval:Length of retrieved docs (100) is smaller than largest topk for recall score (200)
WARNING:src.hipporag.evaluation.retrieval_eval:Length of retrieved docs (100) is smaller than largest topk for recall score (200)
WARNING:src.hipporag.evaluation.retrieval_eval:Length of retrieved docs (100) is smaller than largest topk for recall score (200)
WARNING:src.hipporag.evaluation.retrieval_eval:Length of retrieved docs (100) is smaller than largest topk for recall score (200)
WARNING:src.hipporag.evaluation.retrieval_eval:Length of retrieved docs (100) is smaller than largest topk for recall score (200)
WARNING:src.hipporag.evaluation.retrieval_eval:Length of retrieved docs (100) is smaller than largest topk for recall score (200)
WARNING:src.hipporag.evaluation.retrieval_eval:Length of retrieved docs (100) is smaller than largest topk for recall score (200)
WARNING:src.hipporag.evaluation.retrieval_eval:Length of retrieved docs (100) is smaller than largest topk for recall score (200)
WARNING:src.hipporag.evaluation.retrieval_eval:Length of retrieved docs (100) is smaller than largest topk for recall score (200)
WARNING:src.hipporag.evaluation.retrieval_eval:Length of retrieved docs (100) is smaller than largest topk for recall score (200)
WARNING:src.hipporag.evaluation.retrieval_eval:Length of retrieved docs (100) is smaller than largest topk for recall score (200)
WARNING:src.hipporag.evaluation.retrieval_eval:Length of retrieved docs (100) is smaller than largest topk for recall score (200)
WARNING:src.hipporag.evaluation.retrieval_eval:Length of retrieved docs (100) is smaller than largest topk for recall score (200)
WARNING:src.hipporag.evaluation.retrieval_eval:Length of retrieved docs (100) is smaller than largest topk for recall score (200)
WARNING:src.hipporag.evaluation.retrieval_eval:Length of retrieved docs (100) is smaller than largest topk for recall score (200)
WARNING:src.hipporag.evaluation.retrieval_eval:Length of retrieved docs (100) is smaller than largest topk for recall score (200)
WARNING:src.hipporag.evaluation.retrieval_eval:Length of retrieved docs (100) is smaller than largest topk for recall score (200)
WARNING:src.hipporag.evaluation.retrieval_eval:Length of retrieved docs (100) is smaller than largest topk for recall score (200)
WARNING:src.hipporag.evaluation.retrieval_eval:Length of retrieved docs (100) is smaller than largest topk for recall score (200)
WARNING:src.hipporag.evaluation.retrieval_eval:Length of retrieved docs (100) is smaller than largest topk for recall score (200)
WARNING:src.hipporag.evaluation.retrieval_eval:Length of retrieved docs (100) is smaller than largest topk for recall score (200)
WARNING:src.hipporag.evaluation.retrieval_eval:Length of retrieved docs (100) is smaller than largest topk for recall score (200)
WARNING:src.hipporag.evaluation.retrieval_eval:Length of retrieved docs (100) is smaller than largest topk for recall score (200)
WARNING:src.hipporag.evaluation.retrieval_eval:Length of retrieved docs (100) is smaller than largest topk for recall score (200)
WARNING:src.hipporag.evaluation.retrieval_eval:Length of retrieved docs (100) is smaller than largest topk for recall score (200)
WARNING:src.hipporag.evaluation.retrieval_eval:Length of retrieved docs (100) is smaller than largest topk for recall score (200)
WARNING:src.hipporag.evaluation.retrieval_eval:Length of retrieved docs (100) is smaller than largest topk for recall score (200)
WARNING:src.hipporag.evaluation.retrieval_eval:Length of retrieved docs (100) is smaller than largest topk for recall score (200)
WARNING:src.hipporag.evaluation.retrieval_eval:Length of retrieved docs (100) is smaller than largest topk for recall score (200)
WARNING:src.hipporag.evaluation.retrieval_eval:Length of retrieved docs (100) is smaller than largest topk for recall score (200)
WARNING:src.hipporag.evaluation.retrieval_eval:Length of retrieved docs (100) is smaller than largest topk for recall score (200)
WARNING:src.hipporag.evaluation.retrieval_eval:Length of retrieved docs (100) is smaller than largest topk for recall score (200)
WARNING:src.hipporag.evaluation.retrieval_eval:Length of retrieved docs (100) is smaller than largest topk for recall score (200)
WARNING:src.hipporag.evaluation.retrieval_eval:Length of retrieved docs (100) is smaller than largest topk for recall score (200)
WARNING:src.hipporag.evaluation.retrieval_eval:Length of retrieved docs (100) is smaller than largest topk for recall score (200)
WARNING:src.hipporag.evaluation.retrieval_eval:Length of retrieved docs (100) is smaller than largest topk for recall score (200)
WARNING:src.hipporag.evaluation.retrieval_eval:Length of retrieved docs (100) is smaller than largest topk for recall score (200)
WARNING:src.hipporag.evaluation.retrieval_eval:Length of retrieved docs (100) is smaller than largest topk for recall score (200)
WARNING:src.hipporag.evaluation.retrieval_eval:Length of retrieved docs (100) is smaller than largest topk for recall score (200)
WARNING:src.hipporag.evaluation.retrieval_eval:Length of retrieved docs (100) is smaller than largest topk for recall score (200)
WARNING:src.hipporag.evaluation.retrieval_eval:Length of retrieved docs (100) is smaller than largest topk for recall score (200)
WARNING:src.hipporag.evaluation.retrieval_eval:Length of retrieved docs (100) is smaller than largest topk for recall score (200)
WARNING:src.hipporag.evaluation.retrieval_eval:Length of retrieved docs (100) is smaller than largest topk for recall score (200)
WARNING:src.hipporag.evaluation.retrieval_eval:Length of retrieved docs (100) is smaller than largest topk for recall score (200)
WARNING:src.hipporag.evaluation.retrieval_eval:Length of retrieved docs (100) is smaller than largest topk for recall score (200)
WARNING:src.hipporag.evaluation.retrieval_eval:Length of retrieved docs (100) is smaller than largest topk for recall score (200)
WARNING:src.hipporag.evaluation.retrieval_eval:Length of retrieved docs (100) is smaller than largest topk for recall score (200)
WARNING:src.hipporag.evaluation.retrieval_eval:Length of retrieved docs (100) is smaller than largest topk for recall score (200)
WARNING:src.hipporag.evaluation.retrieval_eval:Length of retrieved docs (100) is smaller than largest topk for recall score (200)
WARNING:src.hipporag.evaluation.retrieval_eval:Length of retrieved docs (100) is smaller than largest topk for recall score (200)
WARNING:src.hipporag.evaluation.retrieval_eval:Length of retrieved docs (100) is smaller than largest topk for recall score (200)
WARNING:src.hipporag.evaluation.retrieval_eval:Length of retrieved docs (100) is smaller than largest topk for recall score (200)
WARNING:src.hipporag.evaluation.retrieval_eval:Length of retrieved docs (100) is smaller than largest topk for recall score (200)
WARNING:src.hipporag.evaluation.retrieval_eval:Length of retrieved docs (100) is smaller than largest topk for recall score (200)
WARNING:src.hipporag.evaluation.retrieval_eval:Length of retrieved docs (100) is smaller than largest topk for recall score (200)
WARNING:src.hipporag.evaluation.retrieval_eval:Length of retrieved docs (100) is smaller than largest topk for recall score (200)
WARNING:src.hipporag.evaluation.retrieval_eval:Length of retrieved docs (100) is smaller than largest topk for recall score (200)
WARNING:src.hipporag.evaluation.retrieval_eval:Length of retrieved docs (100) is smaller than largest topk for recall score (200)
WARNING:src.hipporag.evaluation.retrieval_eval:Length of retrieved docs (100) is smaller than largest topk for recall score (200)
WARNING:src.hipporag.evaluation.retrieval_eval:Length of retrieved docs (100) is smaller than largest topk for recall score (200)
WARNING:src.hipporag.evaluation.retrieval_eval:Length of retrieved docs (100) is smaller than largest topk for recall score (200)
WARNING:src.hipporag.evaluation.retrieval_eval:Length of retrieved docs (100) is smaller than largest topk for recall score (200)
WARNING:src.hipporag.evaluation.retrieval_eval:Length of retrieved docs (100) is smaller than largest topk for recall score (200)
WARNING:src.hipporag.evaluation.retrieval_eval:Length of retrieved docs (100) is smaller than largest topk for recall score (200)
WARNING:src.hipporag.evaluation.retrieval_eval:Length of retrieved docs (100) is smaller than largest topk for recall score (200)
WARNING:src.hipporag.evaluation.retrieval_eval:Length of retrieved docs (100) is smaller than largest topk for recall score (200)
WARNING:src.hipporag.evaluation.retrieval_eval:Length of retrieved docs (100) is smaller than largest topk for recall score (200)
WARNING:src.hipporag.evaluation.retrieval_eval:Length of retrieved docs (100) is smaller than largest topk for recall score (200)
WARNING:src.hipporag.evaluation.retrieval_eval:Length of retrieved docs (100) is smaller than largest topk for recall score (200)
WARNING:src.hipporag.evaluation.retrieval_eval:Length of retrieved docs (100) is smaller than largest topk for recall score (200)
WARNING:src.hipporag.evaluation.retrieval_eval:Length of retrieved docs (100) is smaller than largest topk for recall score (200)
WARNING:src.hipporag.evaluation.retrieval_eval:Length of retrieved docs (100) is smaller than largest topk for recall score (200)
WARNING:src.hipporag.evaluation.retrieval_eval:Length of retrieved docs (100) is smaller than largest topk for recall score (200)
WARNING:src.hipporag.evaluation.retrieval_eval:Length of retrieved docs (100) is smaller than largest topk for recall score (200)
WARNING:src.hipporag.evaluation.retrieval_eval:Length of retrieved docs (100) is smaller than largest topk for recall score (200)
WARNING:src.hipporag.evaluation.retrieval_eval:Length of retrieved docs (100) is smaller than largest topk for recall score (200)
WARNING:src.hipporag.evaluation.retrieval_eval:Length of retrieved docs (100) is smaller than largest topk for recall score (200)
WARNING:src.hipporag.evaluation.retrieval_eval:Length of retrieved docs (100) is smaller than largest topk for recall score (200)
WARNING:src.hipporag.evaluation.retrieval_eval:Length of retrieved docs (100) is smaller than largest topk for recall score (200)
WARNING:src.hipporag.evaluation.retrieval_eval:Length of retrieved docs (100) is smaller than largest topk for recall score (200)
WARNING:src.hipporag.evaluation.retrieval_eval:Length of retrieved docs (100) is smaller than largest topk for recall score (200)
WARNING:src.hipporag.evaluation.retrieval_eval:Length of retrieved docs (100) is smaller than largest topk for recall score (200)
WARNING:src.hipporag.evaluation.retrieval_eval:Length of retrieved docs (100) is smaller than largest topk for recall score (200)
WARNING:src.hipporag.evaluation.retrieval_eval:Length of retrieved docs (100) is smaller than largest topk for recall score (200)
WARNING:src.hipporag.evaluation.retrieval_eval:Length of retrieved docs (100) is smaller than largest topk for recall score (200)
WARNING:src.hipporag.evaluation.retrieval_eval:Length of retrieved docs (100) is smaller than largest topk for recall score (200)
WARNING:src.hipporag.evaluation.retrieval_eval:Length of retrieved docs (100) is smaller than largest topk for recall score (200)
WARNING:src.hipporag.evaluation.retrieval_eval:Length of retrieved docs (100) is smaller than largest topk for recall score (200)
WARNING:src.hipporag.evaluation.retrieval_eval:Length of retrieved docs (100) is smaller than largest topk for recall score (200)
WARNING:src.hipporag.evaluation.retrieval_eval:Length of retrieved docs (100) is smaller than largest topk for recall score (200)
WARNING:src.hipporag.evaluation.retrieval_eval:Length of retrieved docs (100) is smaller than largest topk for recall score (200)
WARNING:src.hipporag.evaluation.retrieval_eval:Length of retrieved docs (100) is smaller than largest topk for recall score (200)
WARNING:src.hipporag.evaluation.retrieval_eval:Length of retrieved docs (100) is smaller than largest topk for recall score (200)
WARNING:src.hipporag.evaluation.retrieval_eval:Length of retrieved docs (100) is smaller than largest topk for recall score (200)
WARNING:src.hipporag.evaluation.retrieval_eval:Length of retrieved docs (100) is smaller than largest topk for recall score (200)
WARNING:src.hipporag.evaluation.retrieval_eval:Length of retrieved docs (100) is smaller than largest topk for recall score (200)
WARNING:src.hipporag.evaluation.retrieval_eval:Length of retrieved docs (100) is smaller than largest topk for recall score (200)
WARNING:src.hipporag.evaluation.retrieval_eval:Length of retrieved docs (100) is smaller than largest topk for recall score (200)
WARNING:src.hipporag.evaluation.retrieval_eval:Length of retrieved docs (100) is smaller than largest topk for recall score (200)
WARNING:src.hipporag.evaluation.retrieval_eval:Length of retrieved docs (100) is smaller than largest topk for recall score (200)
WARNING:src.hipporag.evaluation.retrieval_eval:Length of retrieved docs (100) is smaller than largest topk for recall score (200)
WARNING:src.hipporag.evaluation.retrieval_eval:Length of retrieved docs (100) is smaller than largest topk for recall score (200)
WARNING:src.hipporag.evaluation.retrieval_eval:Length of retrieved docs (100) is smaller than largest topk for recall score (200)
WARNING:src.hipporag.evaluation.retrieval_eval:Length of retrieved docs (100) is smaller than largest topk for recall score (200)
WARNING:src.hipporag.evaluation.retrieval_eval:Length of retrieved docs (100) is smaller than largest topk for recall score (200)
WARNING:src.hipporag.evaluation.retrieval_eval:Length of retrieved docs (100) is smaller than largest topk for recall score (200)
WARNING:src.hipporag.evaluation.retrieval_eval:Length of retrieved docs (100) is smaller than largest topk for recall score (200)
WARNING:src.hipporag.evaluation.retrieval_eval:Length of retrieved docs (100) is smaller than largest topk for recall score (200)
WARNING:src.hipporag.evaluation.retrieval_eval:Length of retrieved docs (100) is smaller than largest topk for recall score (200)
WARNING:src.hipporag.evaluation.retrieval_eval:Length of retrieved docs (100) is smaller than largest topk for recall score (200)
WARNING:src.hipporag.evaluation.retrieval_eval:Length of retrieved docs (100) is smaller than largest topk for recall score (200)
WARNING:src.hipporag.evaluation.retrieval_eval:Length of retrieved docs (100) is smaller than largest topk for recall score (200)
WARNING:src.hipporag.evaluation.retrieval_eval:Length of retrieved docs (100) is smaller than largest topk for recall score (200)
WARNING:src.hipporag.evaluation.retrieval_eval:Length of retrieved docs (100) is smaller than largest topk for recall score (200)
WARNING:src.hipporag.evaluation.retrieval_eval:Length of retrieved docs (100) is smaller than largest topk for recall score (200)
WARNING:src.hipporag.evaluation.retrieval_eval:Length of retrieved docs (100) is smaller than largest topk for recall score (200)
WARNING:src.hipporag.evaluation.retrieval_eval:Length of retrieved docs (100) is smaller than largest topk for recall score (200)
WARNING:src.hipporag.evaluation.retrieval_eval:Length of retrieved docs (100) is smaller than largest topk for recall score (200)
WARNING:src.hipporag.evaluation.retrieval_eval:Length of retrieved docs (100) is smaller than largest topk for recall score (200)
WARNING:src.hipporag.evaluation.retrieval_eval:Length of retrieved docs (100) is smaller than largest topk for recall score (200)
WARNING:src.hipporag.evaluation.retrieval_eval:Length of retrieved docs (100) is smaller than largest topk for recall score (200)
WARNING:src.hipporag.evaluation.retrieval_eval:Length of retrieved docs (100) is smaller than largest topk for recall score (200)
WARNING:src.hipporag.evaluation.retrieval_eval:Length of retrieved docs (100) is smaller than largest topk for recall score (200)
WARNING:src.hipporag.evaluation.retrieval_eval:Length of retrieved docs (100) is smaller than largest topk for recall score (200)
WARNING:src.hipporag.evaluation.retrieval_eval:Length of retrieved docs (100) is smaller than largest topk for recall score (200)
WARNING:src.hipporag.evaluation.retrieval_eval:Length of retrieved docs (100) is smaller than largest topk for recall score (200)
WARNING:src.hipporag.evaluation.retrieval_eval:Length of retrieved docs (100) is smaller than largest topk for recall score (200)
WARNING:src.hipporag.evaluation.retrieval_eval:Length of retrieved docs (100) is smaller than largest topk for recall score (200)
WARNING:src.hipporag.evaluation.retrieval_eval:Length of retrieved docs (100) is smaller than largest topk for recall score (200)
WARNING:src.hipporag.evaluation.retrieval_eval:Length of retrieved docs (100) is smaller than largest topk for recall score (200)
WARNING:src.hipporag.evaluation.retrieval_eval:Length of retrieved docs (100) is smaller than largest topk for recall score (200)
WARNING:src.hipporag.evaluation.retrieval_eval:Length of retrieved docs (100) is smaller than largest topk for recall score (200)
WARNING:src.hipporag.evaluation.retrieval_eval:Length of retrieved docs (100) is smaller than largest topk for recall score (200)
WARNING:src.hipporag.evaluation.retrieval_eval:Length of retrieved docs (100) is smaller than largest topk for recall score (200)
WARNING:src.hipporag.evaluation.retrieval_eval:Length of retrieved docs (100) is smaller than largest topk for recall score (200)
WARNING:src.hipporag.evaluation.retrieval_eval:Length of retrieved docs (100) is smaller than largest topk for recall score (200)
WARNING:src.hipporag.evaluation.retrieval_eval:Length of retrieved docs (100) is smaller than largest topk for recall score (200)
WARNING:src.hipporag.evaluation.retrieval_eval:Length of retrieved docs (100) is smaller than largest topk for recall score (200)
WARNING:src.hipporag.evaluation.retrieval_eval:Length of retrieved docs (100) is smaller than largest topk for recall score (200)
WARNING:src.hipporag.evaluation.retrieval_eval:Length of retrieved docs (100) is smaller than largest topk for recall score (200)
WARNING:src.hipporag.evaluation.retrieval_eval:Length of retrieved docs (100) is smaller than largest topk for recall score (200)
WARNING:src.hipporag.evaluation.retrieval_eval:Length of retrieved docs (100) is smaller than largest topk for recall score (200)
WARNING:src.hipporag.evaluation.retrieval_eval:Length of retrieved docs (100) is smaller than largest topk for recall score (200)
WARNING:src.hipporag.evaluation.retrieval_eval:Length of retrieved docs (100) is smaller than largest topk for recall score (200)
WARNING:src.hipporag.evaluation.retrieval_eval:Length of retrieved docs (100) is smaller than largest topk for recall score (200)
WARNING:src.hipporag.evaluation.retrieval_eval:Length of retrieved docs (100) is smaller than largest topk for recall score (200)
WARNING:src.hipporag.evaluation.retrieval_eval:Length of retrieved docs (100) is smaller than largest topk for recall score (200)
WARNING:src.hipporag.evaluation.retrieval_eval:Length of retrieved docs (100) is smaller than largest topk for recall score (200)
WARNING:src.hipporag.evaluation.retrieval_eval:Length of retrieved docs (100) is smaller than largest topk for recall score (200)
WARNING:src.hipporag.evaluation.retrieval_eval:Length of retrieved docs (100) is smaller than largest topk for recall score (200)
WARNING:src.hipporag.evaluation.retrieval_eval:Length of retrieved docs (100) is smaller than largest topk for recall score (200)
WARNING:src.hipporag.evaluation.retrieval_eval:Length of retrieved docs (100) is smaller than largest topk for recall score (200)
WARNING:src.hipporag.evaluation.retrieval_eval:Length of retrieved docs (100) is smaller than largest topk for recall score (200)
WARNING:src.hipporag.evaluation.retrieval_eval:Length of retrieved docs (100) is smaller than largest topk for recall score (200)
WARNING:src.hipporag.evaluation.retrieval_eval:Length of retrieved docs (100) is smaller than largest topk for recall score (200)
WARNING:src.hipporag.evaluation.retrieval_eval:Length of retrieved docs (100) is smaller than largest topk for recall score (200)
WARNING:src.hipporag.evaluation.retrieval_eval:Length of retrieved docs (100) is smaller than largest topk for recall score (200)
WARNING:src.hipporag.evaluation.retrieval_eval:Length of retrieved docs (100) is smaller than largest topk for recall score (200)
WARNING:src.hipporag.evaluation.retrieval_eval:Length of retrieved docs (100) is smaller than largest topk for recall score (200)
WARNING:src.hipporag.evaluation.retrieval_eval:Length of retrieved docs (100) is smaller than largest topk for recall score (200)
WARNING:src.hipporag.evaluation.retrieval_eval:Length of retrieved docs (100) is smaller than largest topk for recall score (200)
WARNING:src.hipporag.evaluation.retrieval_eval:Length of retrieved docs (100) is smaller than largest topk for recall score (200)
WARNING:src.hipporag.evaluation.retrieval_eval:Length of retrieved docs (100) is smaller than largest topk for recall score (200)
WARNING:src.hipporag.evaluation.retrieval_eval:Length of retrieved docs (100) is smaller than largest topk for recall score (200)
WARNING:src.hipporag.evaluation.retrieval_eval:Length of retrieved docs (100) is smaller than largest topk for recall score (200)
WARNING:src.hipporag.evaluation.retrieval_eval:Length of retrieved docs (100) is smaller than largest topk for recall score (200)
WARNING:src.hipporag.evaluation.retrieval_eval:Length of retrieved docs (100) is smaller than largest topk for recall score (200)
WARNING:src.hipporag.evaluation.retrieval_eval:Length of retrieved docs (100) is smaller than largest topk for recall score (200)
WARNING:src.hipporag.evaluation.retrieval_eval:Length of retrieved docs (100) is smaller than largest topk for recall score (200)
WARNING:src.hipporag.evaluation.retrieval_eval:Length of retrieved docs (100) is smaller than largest topk for recall score (200)
WARNING:src.hipporag.evaluation.retrieval_eval:Length of retrieved docs (100) is smaller than largest topk for recall score (200)
WARNING:src.hipporag.evaluation.retrieval_eval:Length of retrieved docs (100) is smaller than largest topk for recall score (200)
WARNING:src.hipporag.evaluation.retrieval_eval:Length of retrieved docs (100) is smaller than largest topk for recall score (200)
WARNING:src.hipporag.evaluation.retrieval_eval:Length of retrieved docs (100) is smaller than largest topk for recall score (200)
WARNING:src.hipporag.evaluation.retrieval_eval:Length of retrieved docs (100) is smaller than largest topk for recall score (200)
WARNING:src.hipporag.evaluation.retrieval_eval:Length of retrieved docs (100) is smaller than largest topk for recall score (200)
WARNING:src.hipporag.evaluation.retrieval_eval:Length of retrieved docs (100) is smaller than largest topk for recall score (200)
WARNING:src.hipporag.evaluation.retrieval_eval:Length of retrieved docs (100) is smaller than largest topk for recall score (200)
WARNING:src.hipporag.evaluation.retrieval_eval:Length of retrieved docs (100) is smaller than largest topk for recall score (200)
WARNING:src.hipporag.evaluation.retrieval_eval:Length of retrieved docs (100) is smaller than largest topk for recall score (200)
WARNING:src.hipporag.evaluation.retrieval_eval:Length of retrieved docs (100) is smaller than largest topk for recall score (200)
WARNING:src.hipporag.evaluation.retrieval_eval:Length of retrieved docs (100) is smaller than largest topk for recall score (200)
WARNING:src.hipporag.evaluation.retrieval_eval:Length of retrieved docs (100) is smaller than largest topk for recall score (200)
WARNING:src.hipporag.evaluation.retrieval_eval:Length of retrieved docs (100) is smaller than largest topk for recall score (200)
WARNING:src.hipporag.evaluation.retrieval_eval:Length of retrieved docs (100) is smaller than largest topk for recall score (200)
WARNING:src.hipporag.evaluation.retrieval_eval:Length of retrieved docs (100) is smaller than largest topk for recall score (200)
WARNING:src.hipporag.evaluation.retrieval_eval:Length of retrieved docs (100) is smaller than largest topk for recall score (200)
WARNING:src.hipporag.evaluation.retrieval_eval:Length of retrieved docs (100) is smaller than largest topk for recall score (200)
WARNING:src.hipporag.evaluation.retrieval_eval:Length of retrieved docs (100) is smaller than largest topk for recall score (200)
WARNING:src.hipporag.evaluation.retrieval_eval:Length of retrieved docs (100) is smaller than largest topk for recall score (200)
WARNING:src.hipporag.evaluation.retrieval_eval:Length of retrieved docs (100) is smaller than largest topk for recall score (200)
WARNING:src.hipporag.evaluation.retrieval_eval:Length of retrieved docs (100) is smaller than largest topk for recall score (200)
WARNING:src.hipporag.evaluation.retrieval_eval:Length of retrieved docs (100) is smaller than largest topk for recall score (200)
WARNING:src.hipporag.evaluation.retrieval_eval:Length of retrieved docs (100) is smaller than largest topk for recall score (200)
WARNING:src.hipporag.evaluation.retrieval_eval:Length of retrieved docs (100) is smaller than largest topk for recall score (200)
WARNING:src.hipporag.evaluation.retrieval_eval:Length of retrieved docs (100) is smaller than largest topk for recall score (200)
WARNING:src.hipporag.evaluation.retrieval_eval:Length of retrieved docs (100) is smaller than largest topk for recall score (200)
WARNING:src.hipporag.evaluation.retrieval_eval:Length of retrieved docs (100) is smaller than largest topk for recall score (200)
WARNING:src.hipporag.evaluation.retrieval_eval:Length of retrieved docs (100) is smaller than largest topk for recall score (200)
WARNING:src.hipporag.evaluation.retrieval_eval:Length of retrieved docs (100) is smaller than largest topk for recall score (200)
WARNING:src.hipporag.evaluation.retrieval_eval:Length of retrieved docs (100) is smaller than largest topk for recall score (200)
WARNING:src.hipporag.evaluation.retrieval_eval:Length of retrieved docs (100) is smaller than largest topk for recall score (200)
WARNING:src.hipporag.evaluation.retrieval_eval:Length of retrieved docs (100) is smaller than largest topk for recall score (200)
WARNING:src.hipporag.evaluation.retrieval_eval:Length of retrieved docs (100) is smaller than largest topk for recall score (200)
WARNING:src.hipporag.evaluation.retrieval_eval:Length of retrieved docs (100) is smaller than largest topk for recall score (200)
WARNING:src.hipporag.evaluation.retrieval_eval:Length of retrieved docs (100) is smaller than largest topk for recall score (200)
WARNING:src.hipporag.evaluation.retrieval_eval:Length of retrieved docs (100) is smaller than largest topk for recall score (200)
WARNING:src.hipporag.evaluation.retrieval_eval:Length of retrieved docs (100) is smaller than largest topk for recall score (200)
WARNING:src.hipporag.evaluation.retrieval_eval:Length of retrieved docs (100) is smaller than largest topk for recall score (200)
WARNING:src.hipporag.evaluation.retrieval_eval:Length of retrieved docs (100) is smaller than largest topk for recall score (200)
WARNING:src.hipporag.evaluation.retrieval_eval:Length of retrieved docs (100) is smaller than largest topk for recall score (200)
WARNING:src.hipporag.evaluation.retrieval_eval:Length of retrieved docs (100) is smaller than largest topk for recall score (200)
WARNING:src.hipporag.evaluation.retrieval_eval:Length of retrieved docs (100) is smaller than largest topk for recall score (200)
WARNING:src.hipporag.evaluation.retrieval_eval:Length of retrieved docs (100) is smaller than largest topk for recall score (200)
WARNING:src.hipporag.evaluation.retrieval_eval:Length of retrieved docs (100) is smaller than largest topk for recall score (200)
WARNING:src.hipporag.evaluation.retrieval_eval:Length of retrieved docs (100) is smaller than largest topk for recall score (200)
WARNING:src.hipporag.evaluation.retrieval_eval:Length of retrieved docs (100) is smaller than largest topk for recall score (200)
WARNING:src.hipporag.evaluation.retrieval_eval:Length of retrieved docs (100) is smaller than largest topk for recall score (200)
WARNING:src.hipporag.evaluation.retrieval_eval:Length of retrieved docs (100) is smaller than largest topk for recall score (200)
WARNING:src.hipporag.evaluation.retrieval_eval:Length of retrieved docs (100) is smaller than largest topk for recall score (200)
WARNING:src.hipporag.evaluation.retrieval_eval:Length of retrieved docs (100) is smaller than largest topk for recall score (200)
WARNING:src.hipporag.evaluation.retrieval_eval:Length of retrieved docs (100) is smaller than largest topk for recall score (200)
WARNING:src.hipporag.evaluation.retrieval_eval:Length of retrieved docs (100) is smaller than largest topk for recall score (200)
WARNING:src.hipporag.evaluation.retrieval_eval:Length of retrieved docs (100) is smaller than largest topk for recall score (200)
WARNING:src.hipporag.evaluation.retrieval_eval:Length of retrieved docs (100) is smaller than largest topk for recall score (200)
WARNING:src.hipporag.evaluation.retrieval_eval:Length of retrieved docs (100) is smaller than largest topk for recall score (200)
WARNING:src.hipporag.evaluation.retrieval_eval:Length of retrieved docs (100) is smaller than largest topk for recall score (200)
WARNING:src.hipporag.evaluation.retrieval_eval:Length of retrieved docs (100) is smaller than largest topk for recall score (200)
WARNING:src.hipporag.evaluation.retrieval_eval:Length of retrieved docs (100) is smaller than largest topk for recall score (200)
WARNING:src.hipporag.evaluation.retrieval_eval:Length of retrieved docs (100) is smaller than largest topk for recall score (200)
WARNING:src.hipporag.evaluation.retrieval_eval:Length of retrieved docs (100) is smaller than largest topk for recall score (200)
WARNING:src.hipporag.evaluation.retrieval_eval:Length of retrieved docs (100) is smaller than largest topk for recall score (200)
WARNING:src.hipporag.evaluation.retrieval_eval:Length of retrieved docs (100) is smaller than largest topk for recall score (200)
WARNING:src.hipporag.evaluation.retrieval_eval:Length of retrieved docs (100) is smaller than largest topk for recall score (200)
WARNING:src.hipporag.evaluation.retrieval_eval:Length of retrieved docs (100) is smaller than largest topk for recall score (200)
WARNING:src.hipporag.evaluation.retrieval_eval:Length of retrieved docs (100) is smaller than largest topk for recall score (200)
WARNING:src.hipporag.evaluation.retrieval_eval:Length of retrieved docs (100) is smaller than largest topk for recall score (200)
WARNING:src.hipporag.evaluation.retrieval_eval:Length of retrieved docs (100) is smaller than largest topk for recall score (200)
WARNING:src.hipporag.evaluation.retrieval_eval:Length of retrieved docs (100) is smaller than largest topk for recall score (200)
WARNING:src.hipporag.evaluation.retrieval_eval:Length of retrieved docs (100) is smaller than largest topk for recall score (200)
WARNING:src.hipporag.evaluation.retrieval_eval:Length of retrieved docs (100) is smaller than largest topk for recall score (200)
WARNING:src.hipporag.evaluation.retrieval_eval:Length of retrieved docs (100) is smaller than largest topk for recall score (200)
WARNING:src.hipporag.evaluation.retrieval_eval:Length of retrieved docs (100) is smaller than largest topk for recall score (200)
WARNING:src.hipporag.evaluation.retrieval_eval:Length of retrieved docs (100) is smaller than largest topk for recall score (200)
WARNING:src.hipporag.evaluation.retrieval_eval:Length of retrieved docs (100) is smaller than largest topk for recall score (200)
WARNING:src.hipporag.evaluation.retrieval_eval:Length of retrieved docs (100) is smaller than largest topk for recall score (200)
WARNING:src.hipporag.evaluation.retrieval_eval:Length of retrieved docs (100) is smaller than largest topk for recall score (200)
WARNING:src.hipporag.evaluation.retrieval_eval:Length of retrieved docs (100) is smaller than largest topk for recall score (200)
WARNING:src.hipporag.evaluation.retrieval_eval:Length of retrieved docs (100) is smaller than largest topk for recall score (200)
WARNING:src.hipporag.evaluation.retrieval_eval:Length of retrieved docs (100) is smaller than largest topk for recall score (200)
WARNING:src.hipporag.evaluation.retrieval_eval:Length of retrieved docs (100) is smaller than largest topk for recall score (200)
WARNING:src.hipporag.evaluation.retrieval_eval:Length of retrieved docs (100) is smaller than largest topk for recall score (200)
WARNING:src.hipporag.evaluation.retrieval_eval:Length of retrieved docs (100) is smaller than largest topk for recall score (200)
WARNING:src.hipporag.evaluation.retrieval_eval:Length of retrieved docs (100) is smaller than largest topk for recall score (200)
WARNING:src.hipporag.evaluation.retrieval_eval:Length of retrieved docs (100) is smaller than largest topk for recall score (200)
WARNING:src.hipporag.evaluation.retrieval_eval:Length of retrieved docs (100) is smaller than largest topk for recall score (200)
WARNING:src.hipporag.evaluation.retrieval_eval:Length of retrieved docs (100) is smaller than largest topk for recall score (200)
WARNING:src.hipporag.evaluation.retrieval_eval:Length of retrieved docs (100) is smaller than largest topk for recall score (200)
WARNING:src.hipporag.evaluation.retrieval_eval:Length of retrieved docs (100) is smaller than largest topk for recall score (200)
WARNING:src.hipporag.evaluation.retrieval_eval:Length of retrieved docs (100) is smaller than largest topk for recall score (200)
WARNING:src.hipporag.evaluation.retrieval_eval:Length of retrieved docs (100) is smaller than largest topk for recall score (200)
WARNING:src.hipporag.evaluation.retrieval_eval:Length of retrieved docs (100) is smaller than largest topk for recall score (200)
WARNING:src.hipporag.evaluation.retrieval_eval:Length of retrieved docs (100) is smaller than largest topk for recall score (200)
WARNING:src.hipporag.evaluation.retrieval_eval:Length of retrieved docs (100) is smaller than largest topk for recall score (200)
WARNING:src.hipporag.evaluation.retrieval_eval:Length of retrieved docs (100) is smaller than largest topk for recall score (200)
WARNING:src.hipporag.evaluation.retrieval_eval:Length of retrieved docs (100) is smaller than largest topk for recall score (200)
WARNING:src.hipporag.evaluation.retrieval_eval:Length of retrieved docs (100) is smaller than largest topk for recall score (200)
WARNING:src.hipporag.evaluation.retrieval_eval:Length of retrieved docs (100) is smaller than largest topk for recall score (200)
WARNING:src.hipporag.evaluation.retrieval_eval:Length of retrieved docs (100) is smaller than largest topk for recall score (200)
WARNING:src.hipporag.evaluation.retrieval_eval:Length of retrieved docs (100) is smaller than largest topk for recall score (200)
WARNING:src.hipporag.evaluation.retrieval_eval:Length of retrieved docs (100) is smaller than largest topk for recall score (200)
WARNING:src.hipporag.evaluation.retrieval_eval:Length of retrieved docs (100) is smaller than largest topk for recall score (200)
WARNING:src.hipporag.evaluation.retrieval_eval:Length of retrieved docs (100) is smaller than largest topk for recall score (200)
WARNING:src.hipporag.evaluation.retrieval_eval:Length of retrieved docs (100) is smaller than largest topk for recall score (200)
WARNING:src.hipporag.evaluation.retrieval_eval:Length of retrieved docs (100) is smaller than largest topk for recall score (200)
WARNING:src.hipporag.evaluation.retrieval_eval:Length of retrieved docs (100) is smaller than largest topk for recall score (200)
WARNING:src.hipporag.evaluation.retrieval_eval:Length of retrieved docs (100) is smaller than largest topk for recall score (200)
WARNING:src.hipporag.evaluation.retrieval_eval:Length of retrieved docs (100) is smaller than largest topk for recall score (200)
WARNING:src.hipporag.evaluation.retrieval_eval:Length of retrieved docs (100) is smaller than largest topk for recall score (200)
WARNING:src.hipporag.evaluation.retrieval_eval:Length of retrieved docs (100) is smaller than largest topk for recall score (200)
WARNING:src.hipporag.evaluation.retrieval_eval:Length of retrieved docs (100) is smaller than largest topk for recall score (200)
WARNING:src.hipporag.evaluation.retrieval_eval:Length of retrieved docs (100) is smaller than largest topk for recall score (200)
WARNING:src.hipporag.evaluation.retrieval_eval:Length of retrieved docs (100) is smaller than largest topk for recall score (200)
WARNING:src.hipporag.evaluation.retrieval_eval:Length of retrieved docs (100) is smaller than largest topk for recall score (200)
WARNING:src.hipporag.evaluation.retrieval_eval:Length of retrieved docs (100) is smaller than largest topk for recall score (200)
WARNING:src.hipporag.evaluation.retrieval_eval:Length of retrieved docs (100) is smaller than largest topk for recall score (200)
WARNING:src.hipporag.evaluation.retrieval_eval:Length of retrieved docs (100) is smaller than largest topk for recall score (200)
WARNING:src.hipporag.evaluation.retrieval_eval:Length of retrieved docs (100) is smaller than largest topk for recall score (200)
WARNING:src.hipporag.evaluation.retrieval_eval:Length of retrieved docs (100) is smaller than largest topk for recall score (200)
WARNING:src.hipporag.evaluation.retrieval_eval:Length of retrieved docs (100) is smaller than largest topk for recall score (200)
WARNING:src.hipporag.evaluation.retrieval_eval:Length of retrieved docs (100) is smaller than largest topk for recall score (200)
WARNING:src.hipporag.evaluation.retrieval_eval:Length of retrieved docs (100) is smaller than largest topk for recall score (200)
WARNING:src.hipporag.evaluation.retrieval_eval:Length of retrieved docs (100) is smaller than largest topk for recall score (200)
WARNING:src.hipporag.evaluation.retrieval_eval:Length of retrieved docs (100) is smaller than largest topk for recall score (200)
WARNING:src.hipporag.evaluation.retrieval_eval:Length of retrieved docs (100) is smaller than largest topk for recall score (200)
WARNING:src.hipporag.evaluation.retrieval_eval:Length of retrieved docs (100) is smaller than largest topk for recall score (200)
WARNING:src.hipporag.evaluation.retrieval_eval:Length of retrieved docs (100) is smaller than largest topk for recall score (200)
WARNING:src.hipporag.evaluation.retrieval_eval:Length of retrieved docs (100) is smaller than largest topk for recall score (200)
WARNING:src.hipporag.evaluation.retrieval_eval:Length of retrieved docs (100) is smaller than largest topk for recall score (200)
WARNING:src.hipporag.evaluation.retrieval_eval:Length of retrieved docs (100) is smaller than largest topk for recall score (200)
WARNING:src.hipporag.evaluation.retrieval_eval:Length of retrieved docs (100) is smaller than largest topk for recall score (200)
WARNING:src.hipporag.evaluation.retrieval_eval:Length of retrieved docs (100) is smaller than largest topk for recall score (200)
WARNING:src.hipporag.evaluation.retrieval_eval:Length of retrieved docs (100) is smaller than largest topk for recall score (200)
WARNING:src.hipporag.evaluation.retrieval_eval:Length of retrieved docs (100) is smaller than largest topk for recall score (200)
WARNING:src.hipporag.evaluation.retrieval_eval:Length of retrieved docs (100) is smaller than largest topk for recall score (200)
WARNING:src.hipporag.evaluation.retrieval_eval:Length of retrieved docs (100) is smaller than largest topk for recall score (200)
WARNING:src.hipporag.evaluation.retrieval_eval:Length of retrieved docs (100) is smaller than largest topk for recall score (200)
WARNING:src.hipporag.evaluation.retrieval_eval:Length of retrieved docs (100) is smaller than largest topk for recall score (200)
WARNING:src.hipporag.evaluation.retrieval_eval:Length of retrieved docs (100) is smaller than largest topk for recall score (200)
WARNING:src.hipporag.evaluation.retrieval_eval:Length of retrieved docs (100) is smaller than largest topk for recall score (200)
WARNING:src.hipporag.evaluation.retrieval_eval:Length of retrieved docs (100) is smaller than largest topk for recall score (200)
WARNING:src.hipporag.evaluation.retrieval_eval:Length of retrieved docs (100) is smaller than largest topk for recall score (200)
WARNING:src.hipporag.evaluation.retrieval_eval:Length of retrieved docs (100) is smaller than largest topk for recall score (200)
WARNING:src.hipporag.evaluation.retrieval_eval:Length of retrieved docs (100) is smaller than largest topk for recall score (200)
WARNING:src.hipporag.evaluation.retrieval_eval:Length of retrieved docs (100) is smaller than largest topk for recall score (200)
WARNING:src.hipporag.evaluation.retrieval_eval:Length of retrieved docs (100) is smaller than largest topk for recall score (200)
WARNING:src.hipporag.evaluation.retrieval_eval:Length of retrieved docs (100) is smaller than largest topk for recall score (200)
WARNING:src.hipporag.evaluation.retrieval_eval:Length of retrieved docs (100) is smaller than largest topk for recall score (200)
WARNING:src.hipporag.evaluation.retrieval_eval:Length of retrieved docs (100) is smaller than largest topk for recall score (200)
WARNING:src.hipporag.evaluation.retrieval_eval:Length of retrieved docs (100) is smaller than largest topk for recall score (200)
WARNING:src.hipporag.evaluation.retrieval_eval:Length of retrieved docs (100) is smaller than largest topk for recall score (200)
WARNING:src.hipporag.evaluation.retrieval_eval:Length of retrieved docs (100) is smaller than largest topk for recall score (200)
WARNING:src.hipporag.evaluation.retrieval_eval:Length of retrieved docs (100) is smaller than largest topk for recall score (200)
WARNING:src.hipporag.evaluation.retrieval_eval:Length of retrieved docs (100) is smaller than largest topk for recall score (200)
WARNING:src.hipporag.evaluation.retrieval_eval:Length of retrieved docs (100) is smaller than largest topk for recall score (200)
WARNING:src.hipporag.evaluation.retrieval_eval:Length of retrieved docs (100) is smaller than largest topk for recall score (200)
WARNING:src.hipporag.evaluation.retrieval_eval:Length of retrieved docs (100) is smaller than largest topk for recall score (200)
WARNING:src.hipporag.evaluation.retrieval_eval:Length of retrieved docs (100) is smaller than largest topk for recall score (200)
WARNING:src.hipporag.evaluation.retrieval_eval:Length of retrieved docs (100) is smaller than largest topk for recall score (200)
WARNING:src.hipporag.evaluation.retrieval_eval:Length of retrieved docs (100) is smaller than largest topk for recall score (200)
WARNING:src.hipporag.evaluation.retrieval_eval:Length of retrieved docs (100) is smaller than largest topk for recall score (200)
WARNING:src.hipporag.evaluation.retrieval_eval:Length of retrieved docs (100) is smaller than largest topk for recall score (200)
WARNING:src.hipporag.evaluation.retrieval_eval:Length of retrieved docs (100) is smaller than largest topk for recall score (200)
WARNING:src.hipporag.evaluation.retrieval_eval:Length of retrieved docs (100) is smaller than largest topk for recall score (200)
WARNING:src.hipporag.evaluation.retrieval_eval:Length of retrieved docs (100) is smaller than largest topk for recall score (200)
WARNING:src.hipporag.evaluation.retrieval_eval:Length of retrieved docs (100) is smaller than largest topk for recall score (200)
WARNING:src.hipporag.evaluation.retrieval_eval:Length of retrieved docs (100) is smaller than largest topk for recall score (200)
WARNING:src.hipporag.evaluation.retrieval_eval:Length of retrieved docs (100) is smaller than largest topk for recall score (200)
WARNING:src.hipporag.evaluation.retrieval_eval:Length of retrieved docs (100) is smaller than largest topk for recall score (200)
WARNING:src.hipporag.evaluation.retrieval_eval:Length of retrieved docs (100) is smaller than largest topk for recall score (200)
WARNING:src.hipporag.evaluation.retrieval_eval:Length of retrieved docs (100) is smaller than largest topk for recall score (200)
WARNING:src.hipporag.evaluation.retrieval_eval:Length of retrieved docs (100) is smaller than largest topk for recall score (200)
WARNING:src.hipporag.evaluation.retrieval_eval:Length of retrieved docs (100) is smaller than largest topk for recall score (200)
WARNING:src.hipporag.evaluation.retrieval_eval:Length of retrieved docs (100) is smaller than largest topk for recall score (200)
WARNING:src.hipporag.evaluation.retrieval_eval:Length of retrieved docs (100) is smaller than largest topk for recall score (200)
WARNING:src.hipporag.evaluation.retrieval_eval:Length of retrieved docs (100) is smaller than largest topk for recall score (200)
WARNING:src.hipporag.evaluation.retrieval_eval:Length of retrieved docs (100) is smaller than largest topk for recall score (200)
WARNING:src.hipporag.evaluation.retrieval_eval:Length of retrieved docs (100) is smaller than largest topk for recall score (200)
WARNING:src.hipporag.evaluation.retrieval_eval:Length of retrieved docs (100) is smaller than largest topk for recall score (200)
WARNING:src.hipporag.evaluation.retrieval_eval:Length of retrieved docs (100) is smaller than largest topk for recall score (200)
WARNING:src.hipporag.evaluation.retrieval_eval:Length of retrieved docs (100) is smaller than largest topk for recall score (200)
WARNING:src.hipporag.evaluation.retrieval_eval:Length of retrieved docs (100) is smaller than largest topk for recall score (200)
WARNING:src.hipporag.evaluation.retrieval_eval:Length of retrieved docs (100) is smaller than largest topk for recall score (200)
WARNING:src.hipporag.evaluation.retrieval_eval:Length of retrieved docs (100) is smaller than largest topk for recall score (200)
WARNING:src.hipporag.evaluation.retrieval_eval:Length of retrieved docs (100) is smaller than largest topk for recall score (200)
WARNING:src.hipporag.evaluation.retrieval_eval:Length of retrieved docs (100) is smaller than largest topk for recall score (200)
WARNING:src.hipporag.evaluation.retrieval_eval:Length of retrieved docs (100) is smaller than largest topk for recall score (200)
WARNING:src.hipporag.evaluation.retrieval_eval:Length of retrieved docs (100) is smaller than largest topk for recall score (200)
WARNING:src.hipporag.evaluation.retrieval_eval:Length of retrieved docs (100) is smaller than largest topk for recall score (200)
WARNING:src.hipporag.evaluation.retrieval_eval:Length of retrieved docs (100) is smaller than largest topk for recall score (200)
WARNING:src.hipporag.evaluation.retrieval_eval:Length of retrieved docs (100) is smaller than largest topk for recall score (200)
WARNING:src.hipporag.evaluation.retrieval_eval:Length of retrieved docs (100) is smaller than largest topk for recall score (200)
WARNING:src.hipporag.evaluation.retrieval_eval:Length of retrieved docs (100) is smaller than largest topk for recall score (200)
WARNING:src.hipporag.evaluation.retrieval_eval:Length of retrieved docs (100) is smaller than largest topk for recall score (200)
WARNING:src.hipporag.evaluation.retrieval_eval:Length of retrieved docs (100) is smaller than largest topk for recall score (200)
WARNING:src.hipporag.evaluation.retrieval_eval:Length of retrieved docs (100) is smaller than largest topk for recall score (200)
WARNING:src.hipporag.evaluation.retrieval_eval:Length of retrieved docs (100) is smaller than largest topk for recall score (200)
WARNING:src.hipporag.evaluation.retrieval_eval:Length of retrieved docs (100) is smaller than largest topk for recall score (200)
WARNING:src.hipporag.evaluation.retrieval_eval:Length of retrieved docs (100) is smaller than largest topk for recall score (200)
WARNING:src.hipporag.evaluation.retrieval_eval:Length of retrieved docs (100) is smaller than largest topk for recall score (200)
WARNING:src.hipporag.evaluation.retrieval_eval:Length of retrieved docs (100) is smaller than largest topk for recall score (200)
WARNING:src.hipporag.evaluation.retrieval_eval:Length of retrieved docs (100) is smaller than largest topk for recall score (200)
WARNING:src.hipporag.evaluation.retrieval_eval:Length of retrieved docs (100) is smaller than largest topk for recall score (200)
WARNING:src.hipporag.evaluation.retrieval_eval:Length of retrieved docs (100) is smaller than largest topk for recall score (200)
WARNING:src.hipporag.evaluation.retrieval_eval:Length of retrieved docs (100) is smaller than largest topk for recall score (200)
WARNING:src.hipporag.evaluation.retrieval_eval:Length of retrieved docs (100) is smaller than largest topk for recall score (200)
WARNING:src.hipporag.evaluation.retrieval_eval:Length of retrieved docs (100) is smaller than largest topk for recall score (200)
WARNING:src.hipporag.evaluation.retrieval_eval:Length of retrieved docs (100) is smaller than largest topk for recall score (200)
WARNING:src.hipporag.evaluation.retrieval_eval:Length of retrieved docs (100) is smaller than largest topk for recall score (200)
WARNING:src.hipporag.evaluation.retrieval_eval:Length of retrieved docs (100) is smaller than largest topk for recall score (200)
WARNING:src.hipporag.evaluation.retrieval_eval:Length of retrieved docs (100) is smaller than largest topk for recall score (200)
WARNING:src.hipporag.evaluation.retrieval_eval:Length of retrieved docs (100) is smaller than largest topk for recall score (200)
WARNING:src.hipporag.evaluation.retrieval_eval:Length of retrieved docs (100) is smaller than largest topk for recall score (200)
WARNING:src.hipporag.evaluation.retrieval_eval:Length of retrieved docs (100) is smaller than largest topk for recall score (200)
WARNING:src.hipporag.evaluation.retrieval_eval:Length of retrieved docs (100) is smaller than largest topk for recall score (200)
WARNING:src.hipporag.evaluation.retrieval_eval:Length of retrieved docs (100) is smaller than largest topk for recall score (200)
WARNING:src.hipporag.evaluation.retrieval_eval:Length of retrieved docs (100) is smaller than largest topk for recall score (200)
WARNING:src.hipporag.evaluation.retrieval_eval:Length of retrieved docs (100) is smaller than largest topk for recall score (200)
WARNING:src.hipporag.evaluation.retrieval_eval:Length of retrieved docs (100) is smaller than largest topk for recall score (200)
WARNING:src.hipporag.evaluation.retrieval_eval:Length of retrieved docs (100) is smaller than largest topk for recall score (200)
WARNING:src.hipporag.evaluation.retrieval_eval:Length of retrieved docs (100) is smaller than largest topk for recall score (200)
WARNING:src.hipporag.evaluation.retrieval_eval:Length of retrieved docs (100) is smaller than largest topk for recall score (200)
WARNING:src.hipporag.evaluation.retrieval_eval:Length of retrieved docs (100) is smaller than largest topk for recall score (200)
WARNING:src.hipporag.evaluation.retrieval_eval:Length of retrieved docs (100) is smaller than largest topk for recall score (200)
WARNING:src.hipporag.evaluation.retrieval_eval:Length of retrieved docs (100) is smaller than largest topk for recall score (200)
WARNING:src.hipporag.evaluation.retrieval_eval:Length of retrieved docs (100) is smaller than largest topk for recall score (200)
WARNING:src.hipporag.evaluation.retrieval_eval:Length of retrieved docs (100) is smaller than largest topk for recall score (200)
WARNING:src.hipporag.evaluation.retrieval_eval:Length of retrieved docs (100) is smaller than largest topk for recall score (200)
WARNING:src.hipporag.evaluation.retrieval_eval:Length of retrieved docs (100) is smaller than largest topk for recall score (200)
WARNING:src.hipporag.evaluation.retrieval_eval:Length of retrieved docs (100) is smaller than largest topk for recall score (200)
WARNING:src.hipporag.evaluation.retrieval_eval:Length of retrieved docs (100) is smaller than largest topk for recall score (200)
WARNING:src.hipporag.evaluation.retrieval_eval:Length of retrieved docs (100) is smaller than largest topk for recall score (200)
WARNING:src.hipporag.evaluation.retrieval_eval:Length of retrieved docs (100) is smaller than largest topk for recall score (200)
WARNING:src.hipporag.evaluation.retrieval_eval:Length of retrieved docs (100) is smaller than largest topk for recall score (200)
WARNING:src.hipporag.evaluation.retrieval_eval:Length of retrieved docs (100) is smaller than largest topk for recall score (200)
WARNING:src.hipporag.evaluation.retrieval_eval:Length of retrieved docs (100) is smaller than largest topk for recall score (200)
WARNING:src.hipporag.evaluation.retrieval_eval:Length of retrieved docs (100) is smaller than largest topk for recall score (200)
WARNING:src.hipporag.evaluation.retrieval_eval:Length of retrieved docs (100) is smaller than largest topk for recall score (200)
WARNING:src.hipporag.evaluation.retrieval_eval:Length of retrieved docs (100) is smaller than largest topk for recall score (200)
WARNING:src.hipporag.evaluation.retrieval_eval:Length of retrieved docs (100) is smaller than largest topk for recall score (200)
WARNING:src.hipporag.evaluation.retrieval_eval:Length of retrieved docs (100) is smaller than largest topk for recall score (200)
WARNING:src.hipporag.evaluation.retrieval_eval:Length of retrieved docs (100) is smaller than largest topk for recall score (200)
WARNING:src.hipporag.evaluation.retrieval_eval:Length of retrieved docs (100) is smaller than largest topk for recall score (200)
WARNING:src.hipporag.evaluation.retrieval_eval:Length of retrieved docs (100) is smaller than largest topk for recall score (200)
WARNING:src.hipporag.evaluation.retrieval_eval:Length of retrieved docs (100) is smaller than largest topk for recall score (200)
WARNING:src.hipporag.evaluation.retrieval_eval:Length of retrieved docs (100) is smaller than largest topk for recall score (200)
WARNING:src.hipporag.evaluation.retrieval_eval:Length of retrieved docs (100) is smaller than largest topk for recall score (200)
WARNING:src.hipporag.evaluation.retrieval_eval:Length of retrieved docs (100) is smaller than largest topk for recall score (200)
WARNING:src.hipporag.evaluation.retrieval_eval:Length of retrieved docs (100) is smaller than largest topk for recall score (200)
WARNING:src.hipporag.evaluation.retrieval_eval:Length of retrieved docs (100) is smaller than largest topk for recall score (200)
WARNING:src.hipporag.evaluation.retrieval_eval:Length of retrieved docs (100) is smaller than largest topk for recall score (200)
WARNING:src.hipporag.evaluation.retrieval_eval:Length of retrieved docs (100) is smaller than largest topk for recall score (200)
WARNING:src.hipporag.evaluation.retrieval_eval:Length of retrieved docs (100) is smaller than largest topk for recall score (200)
WARNING:src.hipporag.evaluation.retrieval_eval:Length of retrieved docs (100) is smaller than largest topk for recall score (200)
WARNING:src.hipporag.evaluation.retrieval_eval:Length of retrieved docs (100) is smaller than largest topk for recall score (200)
WARNING:src.hipporag.evaluation.retrieval_eval:Length of retrieved docs (100) is smaller than largest topk for recall score (200)
WARNING:src.hipporag.evaluation.retrieval_eval:Length of retrieved docs (100) is smaller than largest topk for recall score (200)
WARNING:src.hipporag.evaluation.retrieval_eval:Length of retrieved docs (100) is smaller than largest topk for recall score (200)
WARNING:src.hipporag.evaluation.retrieval_eval:Length of retrieved docs (100) is smaller than largest topk for recall score (200)
WARNING:src.hipporag.evaluation.retrieval_eval:Length of retrieved docs (100) is smaller than largest topk for recall score (200)
WARNING:src.hipporag.evaluation.retrieval_eval:Length of retrieved docs (100) is smaller than largest topk for recall score (200)
WARNING:src.hipporag.evaluation.retrieval_eval:Length of retrieved docs (100) is smaller than largest topk for recall score (200)
WARNING:src.hipporag.evaluation.retrieval_eval:Length of retrieved docs (100) is smaller than largest topk for recall score (200)
WARNING:src.hipporag.evaluation.retrieval_eval:Length of retrieved docs (100) is smaller than largest topk for recall score (200)
WARNING:src.hipporag.evaluation.retrieval_eval:Length of retrieved docs (100) is smaller than largest topk for recall score (200)
WARNING:src.hipporag.evaluation.retrieval_eval:Length of retrieved docs (100) is smaller than largest topk for recall score (200)
WARNING:src.hipporag.evaluation.retrieval_eval:Length of retrieved docs (100) is smaller than largest topk for recall score (200)
WARNING:src.hipporag.evaluation.retrieval_eval:Length of retrieved docs (100) is smaller than largest topk for recall score (200)
WARNING:src.hipporag.evaluation.retrieval_eval:Length of retrieved docs (100) is smaller than largest topk for recall score (200)
WARNING:src.hipporag.evaluation.retrieval_eval:Length of retrieved docs (100) is smaller than largest topk for recall score (200)
WARNING:src.hipporag.evaluation.retrieval_eval:Length of retrieved docs (100) is smaller than largest topk for recall score (200)
WARNING:src.hipporag.evaluation.retrieval_eval:Length of retrieved docs (100) is smaller than largest topk for recall score (200)
WARNING:src.hipporag.evaluation.retrieval_eval:Length of retrieved docs (100) is smaller than largest topk for recall score (200)
WARNING:src.hipporag.evaluation.retrieval_eval:Length of retrieved docs (100) is smaller than largest topk for recall score (200)
WARNING:src.hipporag.evaluation.retrieval_eval:Length of retrieved docs (100) is smaller than largest topk for recall score (200)
WARNING:src.hipporag.evaluation.retrieval_eval:Length of retrieved docs (100) is smaller than largest topk for recall score (200)
WARNING:src.hipporag.evaluation.retrieval_eval:Length of retrieved docs (100) is smaller than largest topk for recall score (200)
WARNING:src.hipporag.evaluation.retrieval_eval:Length of retrieved docs (100) is smaller than largest topk for recall score (200)
WARNING:src.hipporag.evaluation.retrieval_eval:Length of retrieved docs (100) is smaller than largest topk for recall score (200)
WARNING:src.hipporag.evaluation.retrieval_eval:Length of retrieved docs (100) is smaller than largest topk for recall score (200)
WARNING:src.hipporag.evaluation.retrieval_eval:Length of retrieved docs (100) is smaller than largest topk for recall score (200)
WARNING:src.hipporag.evaluation.retrieval_eval:Length of retrieved docs (100) is smaller than largest topk for recall score (200)
WARNING:src.hipporag.evaluation.retrieval_eval:Length of retrieved docs (100) is smaller than largest topk for recall score (200)
WARNING:src.hipporag.evaluation.retrieval_eval:Length of retrieved docs (100) is smaller than largest topk for recall score (200)
WARNING:src.hipporag.evaluation.retrieval_eval:Length of retrieved docs (100) is smaller than largest topk for recall score (200)
WARNING:src.hipporag.evaluation.retrieval_eval:Length of retrieved docs (100) is smaller than largest topk for recall score (200)
WARNING:src.hipporag.evaluation.retrieval_eval:Length of retrieved docs (100) is smaller than largest topk for recall score (200)
WARNING:src.hipporag.evaluation.retrieval_eval:Length of retrieved docs (100) is smaller than largest topk for recall score (200)
WARNING:src.hipporag.evaluation.retrieval_eval:Length of retrieved docs (100) is smaller than largest topk for recall score (200)
WARNING:src.hipporag.evaluation.retrieval_eval:Length of retrieved docs (100) is smaller than largest topk for recall score (200)
WARNING:src.hipporag.evaluation.retrieval_eval:Length of retrieved docs (100) is smaller than largest topk for recall score (200)
WARNING:src.hipporag.evaluation.retrieval_eval:Length of retrieved docs (100) is smaller than largest topk for recall score (200)
WARNING:src.hipporag.evaluation.retrieval_eval:Length of retrieved docs (100) is smaller than largest topk for recall score (200)
WARNING:src.hipporag.evaluation.retrieval_eval:Length of retrieved docs (100) is smaller than largest topk for recall score (200)
WARNING:src.hipporag.evaluation.retrieval_eval:Length of retrieved docs (100) is smaller than largest topk for recall score (200)
WARNING:src.hipporag.evaluation.retrieval_eval:Length of retrieved docs (100) is smaller than largest topk for recall score (200)
WARNING:src.hipporag.evaluation.retrieval_eval:Length of retrieved docs (100) is smaller than largest topk for recall score (200)
WARNING:src.hipporag.evaluation.retrieval_eval:Length of retrieved docs (100) is smaller than largest topk for recall score (200)
WARNING:src.hipporag.evaluation.retrieval_eval:Length of retrieved docs (100) is smaller than largest topk for recall score (200)
WARNING:src.hipporag.evaluation.retrieval_eval:Length of retrieved docs (100) is smaller than largest topk for recall score (200)
WARNING:src.hipporag.evaluation.retrieval_eval:Length of retrieved docs (100) is smaller than largest topk for recall score (200)
WARNING:src.hipporag.evaluation.retrieval_eval:Length of retrieved docs (100) is smaller than largest topk for recall score (200)
WARNING:src.hipporag.evaluation.retrieval_eval:Length of retrieved docs (100) is smaller than largest topk for recall score (200)
WARNING:src.hipporag.evaluation.retrieval_eval:Length of retrieved docs (100) is smaller than largest topk for recall score (200)
WARNING:src.hipporag.evaluation.retrieval_eval:Length of retrieved docs (100) is smaller than largest topk for recall score (200)
WARNING:src.hipporag.evaluation.retrieval_eval:Length of retrieved docs (100) is smaller than largest topk for recall score (200)
WARNING:src.hipporag.evaluation.retrieval_eval:Length of retrieved docs (100) is smaller than largest topk for recall score (200)
WARNING:src.hipporag.evaluation.retrieval_eval:Length of retrieved docs (100) is smaller than largest topk for recall score (200)
WARNING:src.hipporag.evaluation.retrieval_eval:Length of retrieved docs (100) is smaller than largest topk for recall score (200)
WARNING:src.hipporag.evaluation.retrieval_eval:Length of retrieved docs (100) is smaller than largest topk for recall score (200)
WARNING:src.hipporag.evaluation.retrieval_eval:Length of retrieved docs (100) is smaller than largest topk for recall score (200)
WARNING:src.hipporag.evaluation.retrieval_eval:Length of retrieved docs (100) is smaller than largest topk for recall score (200)
WARNING:src.hipporag.evaluation.retrieval_eval:Length of retrieved docs (100) is smaller than largest topk for recall score (200)
WARNING:src.hipporag.evaluation.retrieval_eval:Length of retrieved docs (100) is smaller than largest topk for recall score (200)
WARNING:src.hipporag.evaluation.retrieval_eval:Length of retrieved docs (100) is smaller than largest topk for recall score (200)
WARNING:src.hipporag.evaluation.retrieval_eval:Length of retrieved docs (100) is smaller than largest topk for recall score (200)
WARNING:src.hipporag.evaluation.retrieval_eval:Length of retrieved docs (100) is smaller than largest topk for recall score (200)
WARNING:src.hipporag.evaluation.retrieval_eval:Length of retrieved docs (100) is smaller than largest topk for recall score (200)
WARNING:src.hipporag.evaluation.retrieval_eval:Length of retrieved docs (100) is smaller than largest topk for recall score (200)
WARNING:src.hipporag.evaluation.retrieval_eval:Length of retrieved docs (100) is smaller than largest topk for recall score (200)
WARNING:src.hipporag.evaluation.retrieval_eval:Length of retrieved docs (100) is smaller than largest topk for recall score (200)
WARNING:src.hipporag.evaluation.retrieval_eval:Length of retrieved docs (100) is smaller than largest topk for recall score (200)
WARNING:src.hipporag.evaluation.retrieval_eval:Length of retrieved docs (100) is smaller than largest topk for recall score (200)
WARNING:src.hipporag.evaluation.retrieval_eval:Length of retrieved docs (100) is smaller than largest topk for recall score (200)
WARNING:src.hipporag.evaluation.retrieval_eval:Length of retrieved docs (100) is smaller than largest topk for recall score (200)
WARNING:src.hipporag.evaluation.retrieval_eval:Length of retrieved docs (100) is smaller than largest topk for recall score (200)
WARNING:src.hipporag.evaluation.retrieval_eval:Length of retrieved docs (100) is smaller than largest topk for recall score (200)
WARNING:src.hipporag.evaluation.retrieval_eval:Length of retrieved docs (100) is smaller than largest topk for recall score (200)
WARNING:src.hipporag.evaluation.retrieval_eval:Length of retrieved docs (100) is smaller than largest topk for recall score (200)
WARNING:src.hipporag.evaluation.retrieval_eval:Length of retrieved docs (100) is smaller than largest topk for recall score (200)
WARNING:src.hipporag.evaluation.retrieval_eval:Length of retrieved docs (100) is smaller than largest topk for recall score (200)
WARNING:src.hipporag.evaluation.retrieval_eval:Length of retrieved docs (100) is smaller than largest topk for recall score (200)
WARNING:src.hipporag.evaluation.retrieval_eval:Length of retrieved docs (100) is smaller than largest topk for recall score (200)
WARNING:src.hipporag.evaluation.retrieval_eval:Length of retrieved docs (100) is smaller than largest topk for recall score (200)
WARNING:src.hipporag.evaluation.retrieval_eval:Length of retrieved docs (100) is smaller than largest topk for recall score (200)
WARNING:src.hipporag.evaluation.retrieval_eval:Length of retrieved docs (100) is smaller than largest topk for recall score (200)
WARNING:src.hipporag.evaluation.retrieval_eval:Length of retrieved docs (100) is smaller than largest topk for recall score (200)
WARNING:src.hipporag.evaluation.retrieval_eval:Length of retrieved docs (100) is smaller than largest topk for recall score (200)
WARNING:src.hipporag.evaluation.retrieval_eval:Length of retrieved docs (100) is smaller than largest topk for recall score (200)
WARNING:src.hipporag.evaluation.retrieval_eval:Length of retrieved docs (100) is smaller than largest topk for recall score (200)
WARNING:src.hipporag.evaluation.retrieval_eval:Length of retrieved docs (100) is smaller than largest topk for recall score (200)
WARNING:src.hipporag.evaluation.retrieval_eval:Length of retrieved docs (100) is smaller than largest topk for recall score (200)
WARNING:src.hipporag.evaluation.retrieval_eval:Length of retrieved docs (100) is smaller than largest topk for recall score (200)
WARNING:src.hipporag.evaluation.retrieval_eval:Length of retrieved docs (100) is smaller than largest topk for recall score (200)
WARNING:src.hipporag.evaluation.retrieval_eval:Length of retrieved docs (100) is smaller than largest topk for recall score (200)
WARNING:src.hipporag.evaluation.retrieval_eval:Length of retrieved docs (100) is smaller than largest topk for recall score (200)
WARNING:src.hipporag.evaluation.retrieval_eval:Length of retrieved docs (100) is smaller than largest topk for recall score (200)
WARNING:src.hipporag.evaluation.retrieval_eval:Length of retrieved docs (100) is smaller than largest topk for recall score (200)
WARNING:src.hipporag.evaluation.retrieval_eval:Length of retrieved docs (100) is smaller than largest topk for recall score (200)
WARNING:src.hipporag.evaluation.retrieval_eval:Length of retrieved docs (100) is smaller than largest topk for recall score (200)
WARNING:src.hipporag.evaluation.retrieval_eval:Length of retrieved docs (100) is smaller than largest topk for recall score (200)
WARNING:src.hipporag.evaluation.retrieval_eval:Length of retrieved docs (100) is smaller than largest topk for recall score (200)
WARNING:src.hipporag.evaluation.retrieval_eval:Length of retrieved docs (100) is smaller than largest topk for recall score (200)
WARNING:src.hipporag.evaluation.retrieval_eval:Length of retrieved docs (100) is smaller than largest topk for recall score (200)
WARNING:src.hipporag.evaluation.retrieval_eval:Length of retrieved docs (100) is smaller than largest topk for recall score (200)
WARNING:src.hipporag.evaluation.retrieval_eval:Length of retrieved docs (100) is smaller than largest topk for recall score (200)
WARNING:src.hipporag.evaluation.retrieval_eval:Length of retrieved docs (100) is smaller than largest topk for recall score (200)
WARNING:src.hipporag.evaluation.retrieval_eval:Length of retrieved docs (100) is smaller than largest topk for recall score (200)
WARNING:src.hipporag.evaluation.retrieval_eval:Length of retrieved docs (100) is smaller than largest topk for recall score (200)
WARNING:src.hipporag.evaluation.retrieval_eval:Length of retrieved docs (100) is smaller than largest topk for recall score (200)
WARNING:src.hipporag.evaluation.retrieval_eval:Length of retrieved docs (100) is smaller than largest topk for recall score (200)
WARNING:src.hipporag.evaluation.retrieval_eval:Length of retrieved docs (100) is smaller than largest topk for recall score (200)
WARNING:src.hipporag.evaluation.retrieval_eval:Length of retrieved docs (100) is smaller than largest topk for recall score (200)
WARNING:src.hipporag.evaluation.retrieval_eval:Length of retrieved docs (100) is smaller than largest topk for recall score (200)
WARNING:src.hipporag.evaluation.retrieval_eval:Length of retrieved docs (100) is smaller than largest topk for recall score (200)
WARNING:src.hipporag.evaluation.retrieval_eval:Length of retrieved docs (100) is smaller than largest topk for recall score (200)
WARNING:src.hipporag.evaluation.retrieval_eval:Length of retrieved docs (100) is smaller than largest topk for recall score (200)
WARNING:src.hipporag.evaluation.retrieval_eval:Length of retrieved docs (100) is smaller than largest topk for recall score (200)
WARNING:src.hipporag.evaluation.retrieval_eval:Length of retrieved docs (100) is smaller than largest topk for recall score (200)
WARNING:src.hipporag.evaluation.retrieval_eval:Length of retrieved docs (100) is smaller than largest topk for recall score (200)
WARNING:src.hipporag.evaluation.retrieval_eval:Length of retrieved docs (100) is smaller than largest topk for recall score (200)
WARNING:src.hipporag.evaluation.retrieval_eval:Length of retrieved docs (100) is smaller than largest topk for recall score (200)
WARNING:src.hipporag.evaluation.retrieval_eval:Length of retrieved docs (100) is smaller than largest topk for recall score (200)
WARNING:src.hipporag.evaluation.retrieval_eval:Length of retrieved docs (100) is smaller than largest topk for recall score (200)
WARNING:src.hipporag.evaluation.retrieval_eval:Length of retrieved docs (100) is smaller than largest topk for recall score (200)
WARNING:src.hipporag.evaluation.retrieval_eval:Length of retrieved docs (100) is smaller than largest topk for recall score (200)
WARNING:src.hipporag.evaluation.retrieval_eval:Length of retrieved docs (100) is smaller than largest topk for recall score (200)
WARNING:src.hipporag.evaluation.retrieval_eval:Length of retrieved docs (100) is smaller than largest topk for recall score (200)
WARNING:src.hipporag.evaluation.retrieval_eval:Length of retrieved docs (100) is smaller than largest topk for recall score (200)
WARNING:src.hipporag.evaluation.retrieval_eval:Length of retrieved docs (100) is smaller than largest topk for recall score (200)
WARNING:src.hipporag.evaluation.retrieval_eval:Length of retrieved docs (100) is smaller than largest topk for recall score (200)
WARNING:src.hipporag.evaluation.retrieval_eval:Length of retrieved docs (100) is smaller than largest topk for recall score (200)
WARNING:src.hipporag.evaluation.retrieval_eval:Length of retrieved docs (100) is smaller than largest topk for recall score (200)
WARNING:src.hipporag.evaluation.retrieval_eval:Length of retrieved docs (100) is smaller than largest topk for recall score (200)
WARNING:src.hipporag.evaluation.retrieval_eval:Length of retrieved docs (100) is smaller than largest topk for recall score (200)
WARNING:src.hipporag.evaluation.retrieval_eval:Length of retrieved docs (100) is smaller than largest topk for recall score (200)
WARNING:src.hipporag.evaluation.retrieval_eval:Length of retrieved docs (100) is smaller than largest topk for recall score (200)
Collecting QA prompts:   0%|          | 0/1000 [00:00<?, ?it/s]Collecting QA prompts: 100%|██████████| 1000/1000 [00:00<00:00, 27910.67it/s]
QA Reading:   0%|          | 0/1000 [00:00<?, ?it/s]QA Reading:  43%|████▎     | 428/1000 [00:00<00:00, 4272.35it/s]QA Reading:  89%|████████▊ | 886/1000 [00:00<00:00, 4448.84it/s]QA Reading: 100%|██████████| 1000/1000 [00:00<00:00, 4453.62it/s]
Extraction Answers from LLM Response: 0it [00:00, ?it/s]Extraction Answers from LLM Response: 1000it [00:00, 14627.30it/s]
INFO:src.hipporag.HippoRAG:Evaluation results for QA: {'ExactMatch': 0.595, 'F1': 0.7106}
INFO:src.hipporag.HippoRAG:Preparing for fast retrieval.
INFO:src.hipporag.HippoRAG:Loading keys.
INFO:src.hipporag.HippoRAG:Loading embeddings.
WARNING:src.hipporag.rerank:Rerank parse failed on attempt 1 for query 'what is one of the stars of  The Newcomers known for': Error parsing raw response as candidate selection: Unable to parse structured payload: unterminated string literal (detected at line 2) (<unknown>, line 2).
INFO:src.hipporag.HippoRAG:Encoding 2 queries for query_to_passage.
INFO:src.hipporag.HippoRAG:Encoding 1 queries for query_to_passage.
INFO:src.hipporag.HippoRAG:Encoding 1 queries for query_to_passage.
INFO:src.hipporag.HippoRAG:Encoding 1 queries for query_to_passage.
INFO:src.hipporag.HippoRAG:Encoding 1 queries for query_to_passage.
WARNING:src.hipporag.rerank:Rerank parse failed on attempt 1 for query 'The fictional private detective that appears in "The Adventure of the Seven Clocks" what written by whom?': Error parsing raw response as candidate selection: Unable to parse structured payload: unterminated string literal (detected at line 1) (<unknown>, line 1).
INFO:src.hipporag.HippoRAG:Encoding 2 queries for query_to_passage.
INFO:src.hipporag.HippoRAG:Encoding 1 queries for query_to_passage.
INFO:src.hipporag.HippoRAG:Encoding 1 queries for query_to_passage.
INFO:src.hipporag.HippoRAG:Encoding 2 queries for query_to_passage.
INFO:src.hipporag.HippoRAG:Encoding 1 queries for query_to_passage.
WARNING:src.hipporag.rerank:Rerank parse failed on attempt 1 for query 'Sparking the Marian civil war, who helped the recently abdicated queen to escape her imprisonment?': Error parsing raw response as candidate selection: Unable to parse structured payload: unterminated string literal (detected at line 2) (<unknown>, line 2).
INFO:src.hipporag.HippoRAG:Encoding 2 queries for query_to_passage.
INFO:src.hipporag.HippoRAG:Encoding 1 queries for query_to_passage.
WARNING:src.hipporag.rerank:Rerank parse failed on attempt 1 for query 'In which county is the town in which Raymond Robertsen was born ?': Error parsing raw response as candidate selection: Unable to parse structured payload: unterminated string literal (detected at line 2) (<unknown>, line 2).
INFO:src.hipporag.HippoRAG:Encoding 2 queries for query_to_passage.
INFO:src.hipporag.HippoRAG:Encoding 1 queries for query_to_passage.
WARNING:src.hipporag.rerank:Rerank parse failed on attempt 1 for query 'What screenplay was worked on by both Edward Carfagno and Miklos Rozsa?': Error parsing raw response as candidate selection: Unable to parse structured payload: unterminated string literal (detected at line 8) (<unknown>, line 8).
INFO:src.hipporag.HippoRAG:Encoding 3 queries for query_to_passage.
INFO:src.hipporag.HippoRAG:Encoding 1 queries for query_to_passage.
INFO:src.hipporag.HippoRAG:Encoding 1 queries for query_to_passage.
WARNING:src.hipporag.rerank:Rerank parse failed on attempt 1 for query 'Which Walt Disney film was produced first, The Apple Dumpling Gang or Something Wicked This Way Comes?': Error parsing raw response as candidate selection: Unable to parse structured payload: unterminated string literal (detected at line 2) (<unknown>, line 2).
INFO:src.hipporag.HippoRAG:Encoding 3 queries for query_to_passage.
INFO:src.hipporag.HippoRAG:Encoding 1 queries for query_to_passage.
INFO:src.hipporag.HippoRAG:Encoding 2 queries for query_to_passage.
INFO:src.hipporag.HippoRAG:Encoding 1 queries for query_to_passage.
INFO:src.hipporag.HippoRAG:Encoding 1 queries for query_to_passage.
INFO:src.hipporag.HippoRAG:Encoding 1 queries for query_to_passage.
INFO:src.hipporag.HippoRAG:Encoding 1 queries for query_to_passage.
INFO:src.hipporag.HippoRAG:Encoding 3 queries for query_to_passage.
INFO:src.hipporag.HippoRAG:Encoding 1 queries for query_to_passage.
INFO:src.hipporag.HippoRAG:Encoding 1 queries for query_to_passage.
INFO:src.hipporag.HippoRAG:Encoding 1 queries for query_to_passage.
INFO:src.hipporag.HippoRAG:Encoding 1 queries for query_to_passage.
INFO:src.hipporag.HippoRAG:Encoding 1 queries for query_to_passage.
INFO:src.hipporag.HippoRAG:Encoding 2 queries for query_to_passage.
INFO:src.hipporag.HippoRAG:Encoding 1 queries for query_to_passage.
INFO:src.hipporag.HippoRAG:Encoding 1 queries for query_to_passage.
WARNING:src.hipporag.rerank:Rerank parse failed on attempt 1 for query 'Bytham Castle is a castle in the civil parish of how many houses?': Error parsing raw response as candidate selection: Unable to parse structured payload: invalid syntax (<unknown>, line 1).
INFO:src.hipporag.HippoRAG:Encoding 2 queries for query_to_passage.
INFO:src.hipporag.HippoRAG:Encoding 1 queries for query_to_passage.
INFO:src.hipporag.HippoRAG:Encoding 1 queries for query_to_passage.
INFO:src.hipporag.HippoRAG:Encoding 3 queries for query_to_passage.
INFO:src.hipporag.HippoRAG:Encoding 1 queries for query_to_passage.
INFO:src.hipporag.HippoRAG:Encoding 1 queries for query_to_passage.
WARNING:src.hipporag.rerank:Rerank parse failed on attempt 1 for query 'How do the Peter Laufer books Forbidden Creatures and No Animals Were Harmed differ in their focus on animals?': Error parsing raw response as candidate selection: Unable to parse structured payload: unterminated string literal (detected at line 2) (<unknown>, line 2).
INFO:src.hipporag.HippoRAG:Encoding 3 queries for query_to_passage.
INFO:src.hipporag.HippoRAG:Encoding 1 queries for query_to_passage.
WARNING:src.hipporag.rerank:Rerank parse failed on attempt 1 for query 'Who is a winner of the 2013 6 Hours of Silverstone a co-commentator for?': Error parsing raw response as candidate selection: Unable to parse structured payload: malformed node or string on line 1: <ast.Name object at 0x7ff2c67025c0>.
INFO:httpx:HTTP Request: POST http://localhost:8042/v1/chat/completions "HTTP/1.1 200 OK"
INFO:src.hipporag.HippoRAG:Encoding 2 queries for query_to_passage.
INFO:src.hipporag.HippoRAG:Encoding 1 queries for query_to_passage.
INFO:src.hipporag.HippoRAG:Encoding 1 queries for query_to_passage.
WARNING:src.hipporag.rerank:Rerank parse failed on attempt 1 for query 'Are Steve Perry and Leslie West both singers?': Error parsing raw response as candidate selection: Unable to parse structured payload: unterminated string literal (detected at line 2) (<unknown>, line 2).
INFO:src.hipporag.HippoRAG:Encoding 3 queries for query_to_passage.
INFO:src.hipporag.HippoRAG:Encoding 1 queries for query_to_passage.
INFO:src.hipporag.HippoRAG:Encoding 1 queries for query_to_passage.
WARNING:src.hipporag.rerank:Rerank parse failed on attempt 1 for query 'In what year was the Golden State NBA player, who was part of the Cavaliers-Warriors rivalry, named NBA Finals Most Valuable Player?': Error parsing raw response as candidate selection: Unable to parse structured payload: unterminated string literal (detected at line 2) (<unknown>, line 2).
INFO:src.hipporag.HippoRAG:Encoding 2 queries for query_to_passage.
INFO:src.hipporag.HippoRAG:Encoding 1 queries for query_to_passage.
INFO:src.hipporag.HippoRAG:Encoding 1 queries for query_to_passage.
INFO:src.hipporag.HippoRAG:Encoding 1 queries for query_to_passage.
INFO:src.hipporag.HippoRAG:Encoding 1 queries for query_to_passage.
INFO:src.hipporag.HippoRAG:Encoding 1 queries for query_to_passage.
WARNING:src.hipporag.rerank:Rerank parse failed on attempt 1 for query 'What is the name of the actor who wrote the memoir Without you: A memoir of love, loss, and the Musical Rent and also stared as Mark Cohen in the Broadway produ': Error parsing raw response as candidate selection: Unable to parse structured payload: unterminated string literal (detected at line 2) (<unknown>, line 2).
INFO:src.hipporag.HippoRAG:Encoding 3 queries for query_to_passage.
INFO:src.hipporag.HippoRAG:Encoding 1 queries for query_to_passage.
INFO:src.hipporag.HippoRAG:Encoding 1 queries for query_to_passage.
WARNING:src.hipporag.rerank:Rerank parse failed on attempt 1 for query 'One Raffles Place is one of the tallest skyscrapers in the city of Singapore and tallest in the wolrd outside North America until it was succeeded by a Building': Error parsing raw response as candidate selection: Unable to parse structured payload: unterminated string literal (detected at line 2) (<unknown>, line 2).
INFO:src.hipporag.HippoRAG:Encoding 2 queries for query_to_passage.
INFO:src.hipporag.HippoRAG:Encoding 1 queries for query_to_passage.
INFO:src.hipporag.HippoRAG:Encoding 2 queries for query_to_passage.
INFO:src.hipporag.HippoRAG:Encoding 1 queries for query_to_passage.
INFO:src.hipporag.HippoRAG:Encoding 1 queries for query_to_passage.
INFO:src.hipporag.HippoRAG:Encoding 2 queries for query_to_passage.
WARNING:src.hipporag.rerank:Rerank parse failed on attempt 1 for query 'At what intersection was the former home of the wooden roller coaster now located at Six Flags Great America in Gurnee, Illinois located?': Error parsing raw response as candidate selection: Unable to parse structured payload: unterminated string literal (detected at line 2) (<unknown>, line 2).
INFO:src.hipporag.HippoRAG:Encoding 2 queries for query_to_passage.
INFO:src.hipporag.HippoRAG:Encoding 1 queries for query_to_passage.
INFO:src.hipporag.HippoRAG:Encoding 1 queries for query_to_passage.
INFO:src.hipporag.HippoRAG:Encoding 4 queries for query_to_passage.
WARNING:src.hipporag.rerank:Rerank parse failed on attempt 1 for query 'The View from the Bottom is the fifth studio album by an American rock band best known for what hit song?': Error parsing raw response as candidate selection: Unable to parse structured payload: unterminated string literal (detected at line 2) (<unknown>, line 2).
INFO:src.hipporag.HippoRAG:Encoding 2 queries for query_to_passage.
WARNING:src.hipporag.rerank:Rerank parse failed on attempt 1 for query 'This Experts Network sports analysts was inducted into the Pro Football Hall of Fame in 2000 and played in the NFL for how many seasons?': Error parsing raw response as candidate selection: Unable to parse structured payload: invalid syntax. Perhaps you forgot a comma? (<unknown>, line 1).
INFO:src.hipporag.HippoRAG:Encoding 2 queries for query_to_passage.
INFO:src.hipporag.HippoRAG:Encoding 1 queries for query_to_passage.
WARNING:src.hipporag.rerank:Rerank parse failed on attempt 1 for query 'In between  Polytechnic University of the Philippines and California Polytechnic State University which was founded as a vocational high school?': Error parsing raw response as candidate selection: Unable to parse structured payload: invalid syntax (<unknown>, line 1).
INFO:src.hipporag.HippoRAG:Encoding 3 queries for query_to_passage.
INFO:src.hipporag.HippoRAG:Encoding 4 queries for query_to_passage.
INFO:src.hipporag.HippoRAG:Encoding 1 queries for query_to_passage.
WARNING:src.hipporag.rerank:Rerank parse failed on attempt 1 for query 'Which historical drama filmed in the Winter Palace of the Russian State Hermitage Museum stars Sergey Dreyden?': Error parsing raw response as candidate selection: Unable to parse structured payload: unterminated string literal (detected at line 2) (<unknown>, line 2).
INFO:src.hipporag.HippoRAG:Encoding 3 queries for query_to_passage.
INFO:src.hipporag.HippoRAG:Encoding 1 queries for query_to_passage.
INFO:src.hipporag.HippoRAG:Encoding 1 queries for query_to_passage.
INFO:src.hipporag.HippoRAG:Encoding 3 queries for query_to_passage.
INFO:src.hipporag.HippoRAG:Encoding 1 queries for query_to_passage.
INFO:src.hipporag.HippoRAG:Encoding 4 queries for query_to_passage.
INFO:src.hipporag.HippoRAG:Encoding 1 queries for query_to_passage.
INFO:src.hipporag.HippoRAG:Encoding 1 queries for query_to_passage.
INFO:src.hipporag.HippoRAG:Encoding 1 queries for query_to_passage.
INFO:src.hipporag.HippoRAG:Encoding 1 queries for query_to_passage.
INFO:src.hipporag.HippoRAG:Encoding 1 queries for query_to_passage.
WARNING:src.hipporag.rerank:Rerank parse failed on attempt 1 for query 'Egremont Castle is located in what market town, civil parish, and two electoral wards in the Borough of Copeland in Cumbria, England?': Error parsing raw response as candidate selection: Unable to parse structured payload: unterminated string literal (detected at line 4) (<unknown>, line 4).
INFO:src.hipporag.HippoRAG:Encoding 3 queries for query_to_passage.
WARNING:src.hipporag.rerank:Rerank parse failed on attempt 1 for query 'Which opera has more acts, La jolie fille de Perth or Mitridate, re di Ponto?': Error parsing raw response as candidate selection: Unable to parse structured payload: unterminated string literal (detected at line 18) (<unknown>, line 18).
INFO:src.hipporag.HippoRAG:Encoding 3 queries for query_to_passage.
INFO:src.hipporag.HippoRAG:Encoding 3 queries for query_to_passage.
INFO:src.hipporag.HippoRAG:Encoding 1 queries for query_to_passage.
INFO:src.hipporag.HippoRAG:Encoding 1 queries for query_to_passage.
INFO:src.hipporag.HippoRAG:Encoding 1 queries for query_to_passage.
INFO:src.hipporag.HippoRAG:Encoding 1 queries for query_to_passage.
INFO:src.hipporag.HippoRAG:Encoding 2 queries for query_to_passage.
INFO:src.hipporag.HippoRAG:Encoding 1 queries for query_to_passage.
INFO:src.hipporag.HippoRAG:Encoding 1 queries for query_to_passage.
WARNING:src.hipporag.rerank:Rerank parse failed on attempt 1 for query 'Who created the NBC sitcom that Johnny Pemberton appears in as the character Bo Thompson?': Error parsing raw response as candidate selection: Unable to parse structured payload: unterminated string literal (detected at line 2) (<unknown>, line 2).
INFO:src.hipporag.HippoRAG:Encoding 2 queries for query_to_passage.
INFO:src.hipporag.HippoRAG:Encoding 1 queries for query_to_passage.
WARNING:src.hipporag.rerank:Rerank parse failed on attempt 1 for query 'Which aircraft engine powers a General Dynamics aircraft of which over 4500 have been built?': Error parsing raw response as candidate selection: Unable to parse structured payload: unterminated string literal (detected at line 2) (<unknown>, line 2).
INFO:src.hipporag.HippoRAG:Encoding 2 queries for query_to_passage.
WARNING:src.hipporag.rerank:Rerank parse failed on attempt 1 for query 'Which British racing driver has raced for 7 different teams and won the European Grand Prix in 1999?': Error parsing raw response as candidate selection: Unable to parse structured payload: unterminated string literal (detected at line 2) (<unknown>, line 2).
INFO:src.hipporag.HippoRAG:Encoding 4 queries for query_to_passage.
INFO:src.hipporag.HippoRAG:Encoding 1 queries for query_to_passage.
INFO:src.hipporag.HippoRAG:Encoding 1 queries for query_to_passage.
INFO:src.hipporag.HippoRAG:Encoding 3 queries for query_to_passage.
INFO:src.hipporag.HippoRAG:Encoding 3 queries for query_to_passage.
INFO:src.hipporag.HippoRAG:Encoding 1 queries for query_to_passage.
INFO:src.hipporag.HippoRAG:Encoding 1 queries for query_to_passage.
WARNING:src.hipporag.rerank:Rerank parse failed on attempt 1 for query 'Who has written more than 300 papers, Semyon Aranovich Gershgorin or Pavel Alexandrov?': Error parsing raw response as candidate selection: Unable to parse structured payload: unterminated string literal (detected at line 2) (<unknown>, line 2).
INFO:src.hipporag.HippoRAG:Encoding 4 queries for query_to_passage.
INFO:src.hipporag.HippoRAG:Encoding 1 queries for query_to_passage.
WARNING:src.hipporag.rerank:Rerank parse failed on attempt 1 for query 'Which software application was originally made for the company that acquired RadioShack in 1963?': Error parsing raw response as candidate selection: Unable to parse structured payload: unterminated string literal (detected at line 2) (<unknown>, line 2).
INFO:src.hipporag.HippoRAG:Encoding 2 queries for query_to_passage.
INFO:src.hipporag.HippoRAG:Encoding 1 queries for query_to_passage.
WARNING:src.hipporag.rerank:Rerank parse failed on attempt 1 for query 'Who wrote Bring Me Sunshine and where did they write it?': Error parsing raw response as candidate selection: Unable to parse structured payload: unterminated string literal (detected at line 2) (<unknown>, line 2).
INFO:src.hipporag.HippoRAG:Encoding 2 queries for query_to_passage.
INFO:src.hipporag.HippoRAG:Encoding 4 queries for query_to_passage.
INFO:src.hipporag.HippoRAG:Encoding 1 queries for query_to_passage.
INFO:src.hipporag.HippoRAG:Encoding 1 queries for query_to_passage.
INFO:src.hipporag.HippoRAG:Encoding 1 queries for query_to_passage.
INFO:src.hipporag.HippoRAG:Encoding 1 queries for query_to_passage.
INFO:src.hipporag.HippoRAG:Encoding 1 queries for query_to_passage.
INFO:src.hipporag.HippoRAG:Encoding 1 queries for query_to_passage.
INFO:src.hipporag.HippoRAG:Encoding 1 queries for query_to_passage.
INFO:src.hipporag.HippoRAG:Encoding 1 queries for query_to_passage.
INFO:src.hipporag.HippoRAG:Encoding 1 queries for query_to_passage.
INFO:src.hipporag.HippoRAG:Encoding 3 queries for query_to_passage.
INFO:src.hipporag.HippoRAG:Encoding 1 queries for query_to_passage.
INFO:src.hipporag.HippoRAG:Encoding 1 queries for query_to_passage.
INFO:src.hipporag.HippoRAG:Encoding 1 queries for query_to_passage.
WARNING:src.hipporag.rerank:Rerank parse failed on attempt 1 for query 'The actress and singer Heather Morris is best known for her role in which series, becoming a regular character in the second season?': Error parsing raw response as candidate selection: Unable to parse structured payload: unterminated string literal (detected at line 4) (<unknown>, line 4).
INFO:src.hipporag.HippoRAG:Encoding 3 queries for query_to_passage.
INFO:src.hipporag.HippoRAG:Encoding 1 queries for query_to_passage.
INFO:src.hipporag.HippoRAG:Encoding 1 queries for query_to_passage.
INFO:src.hipporag.HippoRAG:Encoding 2 queries for query_to_passage.
INFO:src.hipporag.HippoRAG:Encoding 2 queries for query_to_passage.
INFO:src.hipporag.HippoRAG:Encoding 1 queries for query_to_passage.
INFO:src.hipporag.HippoRAG:Encoding 1 queries for query_to_passage.
WARNING:src.hipporag.rerank:Rerank parse failed on attempt 1 for query 'What composer with an Italian libretto was born 4 March 1678?': Error parsing raw response as candidate selection: Unable to parse structured payload: unterminated string literal (detected at line 2) (<unknown>, line 2).
INFO:src.hipporag.HippoRAG:Encoding 4 queries for query_to_passage.
WARNING:src.hipporag.rerank:Rerank parse failed on attempt 1 for query 'Ellie Parker is a 2005 American drama-comedy film whose title character is played by an English actress who made her screen debut in what Australian drama film?': Error parsing raw response as candidate selection: Unable to parse structured payload: unterminated string literal (detected at line 2) (<unknown>, line 2).
INFO:src.hipporag.HippoRAG:Encoding 2 queries for query_to_passage.
INFO:src.hipporag.HippoRAG:Encoding 1 queries for query_to_passage.
INFO:src.hipporag.HippoRAG:Encoding 1 queries for query_to_passage.
INFO:src.hipporag.HippoRAG:Encoding 1 queries for query_to_passage.
WARNING:src.hipporag.rerank:Rerank parse failed on attempt 1 for query 'A scam involving a male calling small town fast-food restaurants and pretending to be a police officer to have them strip search employees was turned into a mov': Error parsing raw response as candidate selection: Unable to parse structured payload: unterminated string literal (detected at line 2) (<unknown>, line 2).
INFO:src.hipporag.HippoRAG:Encoding 1 queries for query_to_passage.
WARNING:src.hipporag.rerank:Rerank parse failed on attempt 1 for query 'Faith Goldy got fired after an interview she gave on what production site edited by Andrew Anglin?': Error parsing raw response as candidate selection: Unable to parse structured payload: unterminated string literal (detected at line 2) (<unknown>, line 2).
INFO:src.hipporag.HippoRAG:Encoding 2 queries for query_to_passage.
INFO:src.hipporag.HippoRAG:Encoding 1 queries for query_to_passage.
INFO:src.hipporag.HippoRAG:Encoding 1 queries for query_to_passage.
WARNING:src.hipporag.rerank:Rerank parse failed on attempt 1 for query 'What is the current home arena of the NHL team Chris Summers plays for?': Error parsing raw response as candidate selection: Unable to parse structured payload: invalid syntax (<unknown>, line 1).
INFO:src.hipporag.HippoRAG:Encoding 2 queries for query_to_passage.
INFO:src.hipporag.HippoRAG:Encoding 1 queries for query_to_passage.
INFO:src.hipporag.HippoRAG:Encoding 1 queries for query_to_passage.
INFO:src.hipporag.HippoRAG:Encoding 1 queries for query_to_passage.
INFO:src.hipporag.HippoRAG:Encoding 2 queries for query_to_passage.
INFO:src.hipporag.HippoRAG:Encoding 1 queries for query_to_passage.
WARNING:src.hipporag.rerank:Rerank parse failed on attempt 1 for query 'Meghan Strange is an American actress and voice actress, known for her role as Robin on what American animated television series produced for Disney Channel?': Error parsing raw response as candidate selection: Unable to parse structured payload: unterminated string literal (detected at line 4) (<unknown>, line 4).
INFO:src.hipporag.HippoRAG:Encoding 1 queries for query_to_passage.
WARNING:src.hipporag.rerank:Rerank parse failed on attempt 1 for query 'Sam Mendes and Ruby Yang share what profession?': Error parsing raw response as candidate selection: Unable to parse structured payload: unterminated string literal (detected at line 2) (<unknown>, line 2).
INFO:src.hipporag.HippoRAG:Encoding 1 queries for query_to_passage.
WARNING:src.hipporag.rerank:Rerank parse failed on attempt 1 for query "The fourth episode The Simpsons' seventh season has what kind of theme?": Error parsing raw response as candidate selection: Unable to parse structured payload: invalid decimal literal (<unknown>, line 6).
INFO:src.hipporag.HippoRAG:Encoding 2 queries for query_to_passage.
INFO:src.hipporag.HippoRAG:Encoding 1 queries for query_to_passage.
WARNING:src.hipporag.rerank:Rerank parse failed on attempt 1 for query 'La Machine a ecirire was written by what French writer, designer, playright, artist, and filmmaker, who is known for his novel, "Les Enfants Terribles"?': Error parsing raw response as candidate selection: Unable to parse structured payload: unterminated string literal (detected at line 2) (<unknown>, line 2).
INFO:src.hipporag.HippoRAG:Encoding 2 queries for query_to_passage.
INFO:src.hipporag.HippoRAG:Encoding 1 queries for query_to_passage.
WARNING:src.hipporag.rerank:Rerank parse failed on attempt 1 for query "Gleanntáin Ghlas' Ghaoth Dobhair is a song that can be heard in pubs licensed to serve what?": Error parsing raw response as candidate selection: Unable to parse structured payload: unterminated string literal (detected at line 2) (<unknown>, line 2).
INFO:src.hipporag.HippoRAG:Encoding 2 queries for query_to_passage.
WARNING:src.hipporag.rerank:Rerank parse failed on attempt 1 for query 'In what year was the composer of "Anthem" born?': Error parsing raw response as candidate selection: Unable to parse structured payload: unterminated string literal (detected at line 2) (<unknown>, line 2).
INFO:src.hipporag.HippoRAG:Encoding 2 queries for query_to_passage.
INFO:src.hipporag.HippoRAG:Encoding 1 queries for query_to_passage.
INFO:src.hipporag.HippoRAG:Encoding 1 queries for query_to_passage.
INFO:src.hipporag.HippoRAG:Encoding 3 queries for query_to_passage.
INFO:src.hipporag.HippoRAG:Encoding 2 queries for query_to_passage.
INFO:src.hipporag.HippoRAG:Encoding 1 queries for query_to_passage.
INFO:src.hipporag.HippoRAG:Encoding 1 queries for query_to_passage.
WARNING:src.hipporag.rerank:Rerank parse failed on attempt 1 for query 'What is the birthdate of this Norwegian professional footballer who plays as an attacking midfielder and who broke the record for the youngest player that has e': Error parsing raw response as candidate selection: Unable to parse structured payload: unterminated string literal (detected at line 2) (<unknown>, line 2).
INFO:src.hipporag.HippoRAG:Encoding 2 queries for query_to_passage.
INFO:src.hipporag.HippoRAG:Encoding 1 queries for query_to_passage.
INFO:src.hipporag.HippoRAG:Encoding 2 queries for query_to_passage.
INFO:src.hipporag.HippoRAG:Encoding 1 queries for query_to_passage.
INFO:src.hipporag.HippoRAG:Encoding 1 queries for query_to_passage.
INFO:src.hipporag.HippoRAG:Encoding 2 queries for query_to_passage.
INFO:src.hipporag.HippoRAG:Encoding 1 queries for query_to_passage.
WARNING:src.hipporag.rerank:Rerank parse failed on attempt 1 for query "What musical was inspired by the films that included Ruth Leuwerik's best known role?": Error parsing raw response as candidate selection: Unable to parse structured payload: unterminated string literal (detected at line 4) (<unknown>, line 4).
INFO:src.hipporag.HippoRAG:Encoding 3 queries for query_to_passage.
INFO:src.hipporag.HippoRAG:Encoding 1 queries for query_to_passage.
INFO:src.hipporag.HippoRAG:Encoding 1 queries for query_to_passage.
WARNING:src.hipporag.rerank:Rerank parse failed on attempt 1 for query 'What 1944 Bollywood film was the mother of Bollywood actor Govinda in?': Error parsing raw response as candidate selection: Unable to parse structured payload: unterminated string literal (detected at line 2) (<unknown>, line 2).
INFO:src.hipporag.HippoRAG:Encoding 1 queries for query_to_passage.
INFO:src.hipporag.HippoRAG:Encoding 2 queries for query_to_passage.
INFO:src.hipporag.HippoRAG:Encoding 1 queries for query_to_passage.
INFO:src.hipporag.HippoRAG:Encoding 3 queries for query_to_passage.
INFO:src.hipporag.HippoRAG:Encoding 1 queries for query_to_passage.
INFO:src.hipporag.HippoRAG:Encoding 1 queries for query_to_passage.
INFO:src.hipporag.HippoRAG:Encoding 1 queries for query_to_passage.
WARNING:src.hipporag.rerank:Rerank parse failed on attempt 1 for query 'When was the track from which a sample was featured in "Take Me to the Clouds Above" released?': Error parsing raw response as candidate selection: Unable to parse structured payload: unterminated string literal (detected at line 2) (<unknown>, line 2).
INFO:src.hipporag.HippoRAG:Encoding 2 queries for query_to_passage.
INFO:src.hipporag.HippoRAG:Encoding 1 queries for query_to_passage.
WARNING:src.hipporag.rerank:Rerank parse failed on attempt 1 for query 'Who directed a 2006 film where Ron Perkins character plays the manager of a hotel?': Error parsing raw response as candidate selection: Unable to parse structured payload: unterminated string literal (detected at line 4) (<unknown>, line 4).
INFO:src.hipporag.HippoRAG:Encoding 2 queries for query_to_passage.
WARNING:src.hipporag.rerank:Rerank parse failed on attempt 1 for query 'What movie did Chris Duesterdiek work on that was directed by Seth Rogen and Evan Goldberg?': Error parsing raw response as candidate selection: Unable to parse structured payload: unterminated string literal (detected at line 2) (<unknown>, line 2).
INFO:src.hipporag.HippoRAG:Encoding 2 queries for query_to_passage.
INFO:src.hipporag.HippoRAG:Encoding 1 queries for query_to_passage.
INFO:src.hipporag.HippoRAG:Encoding 2 queries for query_to_passage.
INFO:src.hipporag.HippoRAG:Encoding 1 queries for query_to_passage.
INFO:src.hipporag.HippoRAG:Encoding 1 queries for query_to_passage.
WARNING:src.hipporag.rerank:Rerank parse failed on attempt 1 for query 'What is the county seat of the county in which Keokuk Falls, Oklahoma is loated?': Error parsing raw response as candidate selection: Unable to parse structured payload: unterminated string literal (detected at line 2) (<unknown>, line 2).
INFO:src.hipporag.HippoRAG:Encoding 2 queries for query_to_passage.
WARNING:src.hipporag.rerank:Rerank parse failed on attempt 1 for query 'What former president of ABC television is a high ranking officer in the same company as Christine Mccarthy?': Error parsing raw response as candidate selection: Unable to parse structured payload: unterminated string literal (detected at line 2) (<unknown>, line 2).
INFO:src.hipporag.HippoRAG:Encoding 3 queries for query_to_passage.
INFO:src.hipporag.HippoRAG:Encoding 1 queries for query_to_passage.
INFO:src.hipporag.HippoRAG:Encoding 1 queries for query_to_passage.
INFO:src.hipporag.HippoRAG:Encoding 1 queries for query_to_passage.
INFO:src.hipporag.HippoRAG:Encoding 1 queries for query_to_passage.
INFO:src.hipporag.HippoRAG:Encoding 1 queries for query_to_passage.
WARNING:src.hipporag.rerank:Rerank parse failed on attempt 1 for query "Where was the second World Junior Ice Hockey Championship in which Miroslav Přerost coached the men's national junior ice hockey team hosted?": Error parsing raw response as candidate selection: Unable to parse structured payload: unterminated string literal (detected at line 4) (<unknown>, line 4).
INFO:src.hipporag.HippoRAG:Encoding 4 queries for query_to_passage.
INFO:src.hipporag.HippoRAG:Encoding 1 queries for query_to_passage.
INFO:src.hipporag.HippoRAG:Encoding 1 queries for query_to_passage.
INFO:src.hipporag.HippoRAG:Encoding 3 queries for query_to_passage.
INFO:src.hipporag.HippoRAG:Encoding 2 queries for query_to_passage.
INFO:src.hipporag.HippoRAG:Encoding 1 queries for query_to_passage.
WARNING:src.hipporag.rerank:Rerank parse failed on attempt 1 for query 'Gérald Genta, a Swiss jewelllery designer, worked with what luxury Swiss watch manufacturer which was founded by American Watch,aker Florentine Ariosts Jones?': Error parsing raw response as candidate selection: Unable to parse structured payload: unterminated string literal (detected at line 2) (<unknown>, line 2).
INFO:src.hipporag.HippoRAG:Encoding 3 queries for query_to_passage.
WARNING:src.hipporag.rerank:Rerank parse failed on attempt 1 for query 'What city did the musician whose debut album shares its title with the 1959 Alfred Hitchcock hail from?': Error parsing raw response as candidate selection: Unable to parse structured payload: unterminated string literal (detected at line 10) (<unknown>, line 10).
INFO:src.hipporag.HippoRAG:Encoding 4 queries for query_to_passage.
INFO:src.hipporag.HippoRAG:Encoding 1 queries for query_to_passage.
INFO:src.hipporag.HippoRAG:Encoding 1 queries for query_to_passage.
INFO:src.hipporag.HippoRAG:Encoding 1 queries for query_to_passage.
WARNING:src.hipporag.rerank:Rerank parse failed on attempt 1 for query "Which of Damon Stoudamire's cousins once played college basketball for the University of Kentucky?": Error parsing raw response as candidate selection: Unable to parse structured payload: unterminated string literal (detected at line 4) (<unknown>, line 4).
INFO:src.hipporag.HippoRAG:Encoding 2 queries for query_to_passage.
INFO:src.hipporag.HippoRAG:Encoding 1 queries for query_to_passage.
INFO:src.hipporag.HippoRAG:Encoding 1 queries for query_to_passage.
INFO:src.hipporag.HippoRAG:Encoding 1 queries for query_to_passage.
WARNING:src.hipporag.rerank:Rerank parse failed on attempt 1 for query 'The player who defeated Johnny Majors for the Heisman Trophy in 1956 was born in what year?': Error parsing raw response as candidate selection: Unable to parse structured payload: unterminated string literal (detected at line 2) (<unknown>, line 2).
INFO:src.hipporag.HippoRAG:Encoding 2 queries for query_to_passage.
INFO:src.hipporag.HippoRAG:Encoding 1 queries for query_to_passage.
INFO:src.hipporag.HippoRAG:Encoding 1 queries for query_to_passage.
WARNING:src.hipporag.rerank:Rerank parse failed on attempt 1 for query "Who is the mother of Mary, Crown Princess of Denmark's husband?": Error parsing raw response as candidate selection: Unable to parse structured payload: unterminated string literal (detected at line 7) (<unknown>, line 7).
INFO:src.hipporag.HippoRAG:Encoding 2 queries for query_to_passage.
INFO:src.hipporag.HippoRAG:Encoding 1 queries for query_to_passage.
INFO:src.hipporag.HippoRAG:Encoding 1 queries for query_to_passage.
WARNING:src.hipporag.rerank:Rerank parse failed on attempt 1 for query "What park replaced American's first waterpark designed by the creator of seaworld?": Error parsing raw response as candidate selection: Unable to parse structured payload: unterminated string literal (detected at line 14) (<unknown>, line 14).
INFO:src.hipporag.HippoRAG:Encoding 3 queries for query_to_passage.
INFO:src.hipporag.HippoRAG:Encoding 1 queries for query_to_passage.
INFO:src.hipporag.HippoRAG:Encoding 1 queries for query_to_passage.
WARNING:src.hipporag.rerank:Rerank parse failed on attempt 1 for query 'What year did Fifty Shades of Grey release?': Error parsing raw response as candidate selection: Unable to parse structured payload: unterminated string literal (detected at line 2) (<unknown>, line 2).
INFO:src.hipporag.HippoRAG:Encoding 1 queries for query_to_passage.
WARNING:src.hipporag.rerank:Rerank parse failed on attempt 1 for query 'The ghetto that George Kadish documented held how many people at its peak?': Error parsing raw response as candidate selection: Unable to parse structured payload: invalid syntax (<unknown>, line 1).
INFO:src.hipporag.HippoRAG:Encoding 2 queries for query_to_passage.
INFO:src.hipporag.HippoRAG:Encoding 1 queries for query_to_passage.
WARNING:src.hipporag.rerank:Rerank parse failed on attempt 1 for query "In which poetic form is Mad Girl's Love Song written and appears in the novel The Bell Jar by Sylvia Plath?": Error parsing raw response as candidate selection: Unable to parse structured payload: unterminated string literal (detected at line 1) (<unknown>, line 1).
INFO:src.hipporag.HippoRAG:Encoding 3 queries for query_to_passage.
INFO:src.hipporag.HippoRAG:Encoding 3 queries for query_to_passage.
INFO:src.hipporag.HippoRAG:Encoding 1 queries for query_to_passage.
INFO:src.hipporag.HippoRAG:Encoding 3 queries for query_to_passage.
INFO:src.hipporag.HippoRAG:Encoding 1 queries for query_to_passage.
INFO:src.hipporag.HippoRAG:Encoding 2 queries for query_to_passage.
INFO:src.hipporag.HippoRAG:Encoding 1 queries for query_to_passage.
WARNING:src.hipporag.rerank:Rerank parse failed on attempt 1 for query 'What country is the member of Gujarat Legislative Assembly and parliament representing?': Error parsing raw response as candidate selection: Unable to parse structured payload: unterminated string literal (detected at line 2) (<unknown>, line 2).
INFO:src.hipporag.HippoRAG:Encoding 2 queries for query_to_passage.
WARNING:src.hipporag.rerank:Rerank parse failed on attempt 1 for query 'Of four Harry S. Truman Supreme Court candidates, who was the 53rd United States Secretary of the Treasury and the 13th Chief Justice of the United States?': Error parsing raw response as candidate selection: Unable to parse structured payload: invalid decimal literal (<unknown>, line 2).
INFO:src.hipporag.HippoRAG:Encoding 2 queries for query_to_passage.
INFO:src.hipporag.HippoRAG:Encoding 1 queries for query_to_passage.
WARNING:src.hipporag.rerank:Rerank parse failed on attempt 1 for query 'In what month was the relief first officer of the flight that crashed on its way to Cairo with a stop in New York Born?': Error parsing raw response as candidate selection: Unable to parse structured payload: unterminated string literal (detected at line 2) (<unknown>, line 2).
INFO:src.hipporag.HippoRAG:Encoding 3 queries for query_to_passage.
INFO:src.hipporag.HippoRAG:Encoding 1 queries for query_to_passage.
INFO:src.hipporag.HippoRAG:Encoding 1 queries for query_to_passage.
INFO:src.hipporag.HippoRAG:Encoding 1 queries for query_to_passage.
INFO:src.hipporag.HippoRAG:Encoding 1 queries for query_to_passage.
INFO:src.hipporag.HippoRAG:Encoding 3 queries for query_to_passage.
WARNING:src.hipporag.rerank:Rerank parse failed on attempt 1 for query 'Legends of the Fall was based on a novella by what poetry and fiction writer?': Error parsing raw response as candidate selection: Unable to parse structured payload: unterminated string literal (detected at line 2) (<unknown>, line 2).
INFO:src.hipporag.HippoRAG:Encoding 1 queries for query_to_passage.
WARNING:src.hipporag.rerank:Rerank parse failed on attempt 1 for query 'Rimo I and Passu Sar are both part of which mountain range?': Error parsing raw response as candidate selection: Unable to parse structured payload: unterminated string literal (detected at line 2) (<unknown>, line 2).
INFO:src.hipporag.HippoRAG:Encoding 3 queries for query_to_passage.
INFO:src.hipporag.HippoRAG:Encoding 1 queries for query_to_passage.
WARNING:src.hipporag.rerank:Rerank parse failed on attempt 1 for query 'What was the country which has border with the village where an Austrian forest caretaker, naturalist, pseudoscientistref>Ronald Engert: "Die Forellenturbine al': Error parsing raw response as candidate selection: Unable to parse structured payload: unterminated string literal (detected at line 2) (<unknown>, line 2).
INFO:src.hipporag.HippoRAG:Encoding 2 queries for query_to_passage.
INFO:src.hipporag.HippoRAG:Encoding 1 queries for query_to_passage.
INFO:src.hipporag.HippoRAG:Encoding 2 queries for query_to_passage.
WARNING:src.hipporag.rerank:Rerank parse failed on attempt 1 for query 'What is the name of the city located near the historical region known as Margianḗ in Greek?': Error parsing raw response as candidate selection: Unable to parse structured payload: unmatched ')' (<unknown>, line 1).
INFO:src.hipporag.HippoRAG:Encoding 2 queries for query_to_passage.
INFO:src.hipporag.HippoRAG:Encoding 1 queries for query_to_passage.
INFO:src.hipporag.HippoRAG:Encoding 1 queries for query_to_passage.
INFO:httpx:HTTP Request: POST http://localhost:8042/v1/chat/completions "HTTP/1.1 200 OK"
INFO:src.hipporag.HippoRAG:Encoding 2 queries for query_to_passage.
INFO:src.hipporag.HippoRAG:Encoding 1 queries for query_to_passage.
INFO:src.hipporag.HippoRAG:Encoding 3 queries for query_to_passage.
INFO:src.hipporag.HippoRAG:Encoding 1 queries for query_to_passage.
INFO:src.hipporag.HippoRAG:Encoding 2 queries for query_to_passage.
INFO:src.hipporag.HippoRAG:Encoding 1 queries for query_to_passage.
WARNING:src.hipporag.rerank:Rerank parse failed on attempt 1 for query 'What player was the first overall pick in the 2004 NFL draft and had the Manning Field named after him?': Error parsing raw response as candidate selection: Unable to parse structured payload: unterminated string literal (detected at line 2) (<unknown>, line 2).
INFO:src.hipporag.HippoRAG:Encoding 2 queries for query_to_passage.
INFO:src.hipporag.HippoRAG:Encoding 1 queries for query_to_passage.
INFO:src.hipporag.HippoRAG:Encoding 1 queries for query_to_passage.
INFO:src.hipporag.HippoRAG:Encoding 1 queries for query_to_passage.
INFO:src.hipporag.HippoRAG:Encoding 2 queries for query_to_passage.
INFO:httpx:HTTP Request: POST http://localhost:8042/v1/chat/completions "HTTP/1.1 200 OK"
INFO:src.hipporag.HippoRAG:Encoding 2 queries for query_to_passage.
INFO:src.hipporag.HippoRAG:Encoding 1 queries for query_to_passage.
WARNING:src.hipporag.rerank:Rerank parse failed on attempt 1 for query 'Pajottenland has historically provided beers that include are fermented through yeasts native to what valley?': Error parsing raw response as candidate selection: Unable to parse structured payload: unterminated string literal (detected at line 2) (<unknown>, line 2).
INFO:src.hipporag.HippoRAG:Encoding 1 queries for query_to_passage.
INFO:src.hipporag.HippoRAG:Encoding 3 queries for query_to_passage.
INFO:httpx:HTTP Request: POST http://localhost:8042/v1/chat/completions "HTTP/1.1 200 OK"
INFO:src.hipporag.HippoRAG:Encoding 2 queries for query_to_passage.
INFO:src.hipporag.HippoRAG:Encoding 1 queries for query_to_passage.
INFO:src.hipporag.HippoRAG:Encoding 1 queries for query_to_passage.
INFO:src.hipporag.HippoRAG:Encoding 4 queries for query_to_passage.
WARNING:src.hipporag.rerank:Rerank parse failed on attempt 1 for query 'When was the actor in the CW show developed by Greg Berlanti who also appears in "Gods and Generals" born?': Error parsing raw response as candidate selection: Unable to parse structured payload: unterminated string literal (detected at line 2) (<unknown>, line 2).
INFO:src.hipporag.HippoRAG:Encoding 2 queries for query_to_passage.
INFO:src.hipporag.HippoRAG:Encoding 1 queries for query_to_passage.
INFO:src.hipporag.HippoRAG:Encoding 1 queries for query_to_passage.
INFO:src.hipporag.HippoRAG:Encoding 1 queries for query_to_passage.
WARNING:src.hipporag.rerank:Rerank parse failed on attempt 1 for query 'Where was the set for the winner of the WD Weatherford Award in 1998?': Error parsing raw response as candidate selection: Unable to parse structured payload: unterminated string literal (detected at line 2) (<unknown>, line 2).
INFO:httpx:HTTP Request: POST http://localhost:8042/v1/chat/completions "HTTP/1.1 200 OK"
INFO:src.hipporag.HippoRAG:Encoding 2 queries for query_to_passage.
INFO:src.hipporag.HippoRAG:Encoding 1 queries for query_to_passage.
WARNING:src.hipporag.rerank:Rerank parse failed on attempt 1 for query 'Who beacme a star as a comic book character created by Gerry Conway and Bob Oksner?': Error parsing raw response as candidate selection: Unable to parse structured payload: invalid syntax (<unknown>, line 1).
INFO:src.hipporag.HippoRAG:Encoding 2 queries for query_to_passage.
INFO:src.hipporag.HippoRAG:Encoding 1 queries for query_to_passage.
WARNING:src.hipporag.rerank:Rerank parse failed on attempt 1 for query 'The creek of which Paradise Creek is a tributary is a tributary of what river?': Error parsing raw response as candidate selection: Unable to parse structured payload: unterminated string literal (detected at line 8) (<unknown>, line 8).
INFO:src.hipporag.HippoRAG:Encoding 1 queries for query_to_passage.
WARNING:src.hipporag.rerank:Rerank parse failed on attempt 1 for query 'Did the Beaulieu Mine or the McIntyre Mines yield gold and copper?': Error parsing raw response as candidate selection: Unable to parse structured payload: unterminated string literal (detected at line 2) (<unknown>, line 2).
INFO:src.hipporag.HippoRAG:Encoding 4 queries for query_to_passage.
WARNING:src.hipporag.rerank:Rerank parse failed on attempt 1 for query 'Which dog breed has more derivative breeds from the original, German Spitz or Norfolk Spaniel?': Error parsing raw response as candidate selection: Unable to parse structured payload: unterminated string literal (detected at line 2) (<unknown>, line 2).
INFO:src.hipporag.HippoRAG:Encoding 3 queries for query_to_passage.
INFO:src.hipporag.HippoRAG:Encoding 1 queries for query_to_passage.
INFO:src.hipporag.HippoRAG:Encoding 1 queries for query_to_passage.
INFO:src.hipporag.HippoRAG:Encoding 1 queries for query_to_passage.
INFO:src.hipporag.HippoRAG:Encoding 3 queries for query_to_passage.
INFO:src.hipporag.HippoRAG:Encoding 1 queries for query_to_passage.
WARNING:src.hipporag.rerank:Rerank parse failed on attempt 1 for query 'What was the name of the storm that was the fifth hurricane of the season where Miami, Florida became the new National Hurricane Center?': Error parsing raw response as candidate selection: Unable to parse structured payload: unterminated string literal (detected at line 2) (<unknown>, line 2).
INFO:src.hipporag.HippoRAG:Encoding 2 queries for query_to_passage.
INFO:src.hipporag.HippoRAG:Encoding 1 queries for query_to_passage.
WARNING:src.hipporag.rerank:Rerank parse failed on attempt 1 for query "Hans Florian Zimmer composed The original music score for  Pacific Heights, since the 19080's how many films has he composed music for?": Error parsing raw response as candidate selection: Unable to parse structured payload: unterminated string literal (detected at line 2) (<unknown>, line 2).
INFO:httpx:HTTP Request: POST http://localhost:8042/v1/chat/completions "HTTP/1.1 200 OK"
INFO:src.hipporag.HippoRAG:Encoding 1 queries for query_to_passage.
INFO:src.hipporag.HippoRAG:Encoding 3 queries for query_to_passage.
INFO:src.hipporag.HippoRAG:Encoding 1 queries for query_to_passage.
INFO:src.hipporag.HippoRAG:Encoding 3 queries for query_to_passage.
INFO:src.hipporag.HippoRAG:Encoding 1 queries for query_to_passage.
INFO:src.hipporag.HippoRAG:Encoding 1 queries for query_to_passage.
INFO:src.hipporag.HippoRAG:Encoding 1 queries for query_to_passage.
WARNING:src.hipporag.rerank:Rerank parse failed on attempt 1 for query 'When was the king that started coin production in Copenhagen born?': Error parsing raw response as candidate selection: Unable to parse structured payload: unterminated string literal (detected at line 2) (<unknown>, line 2).
INFO:src.hipporag.HippoRAG:Encoding 2 queries for query_to_passage.
WARNING:src.hipporag.rerank:Rerank parse failed on attempt 1 for query 'Which professional baseball player and National 1993 Baseball Hall of Fame inductee is featured in the Greatest Sports Legends anthology?': Error parsing raw response as candidate selection: Unable to parse structured payload: unterminated string literal (detected at line 2) (<unknown>, line 2).
INFO:httpx:HTTP Request: POST http://localhost:8042/v1/chat/completions "HTTP/1.1 200 OK"
INFO:src.hipporag.HippoRAG:Encoding 3 queries for query_to_passage.
INFO:src.hipporag.HippoRAG:Encoding 1 queries for query_to_passage.
INFO:src.hipporag.HippoRAG:Encoding 1 queries for query_to_passage.
INFO:src.hipporag.HippoRAG:Encoding 1 queries for query_to_passage.
INFO:src.hipporag.HippoRAG:Encoding 2 queries for query_to_passage.
WARNING:src.hipporag.rerank:Rerank parse failed on attempt 1 for query "Bartlett's Bridge was built by the engineer who worked for the county seat of which Massachusetts county?": Error parsing raw response as candidate selection: Unable to parse structured payload: unterminated string literal (detected at line 2) (<unknown>, line 2).
INFO:src.hipporag.HippoRAG:Encoding 2 queries for query_to_passage.
INFO:src.hipporag.HippoRAG:Encoding 1 queries for query_to_passage.
WARNING:src.hipporag.rerank:Rerank parse failed on attempt 1 for query 'What term is the current chairman of Prince William County serving?': Error parsing raw response as candidate selection: Unable to parse structured payload: unterminated string literal (detected at line 2) (<unknown>, line 2).
INFO:src.hipporag.HippoRAG:Encoding 2 queries for query_to_passage.
WARNING:src.hipporag.rerank:Rerank parse failed on attempt 1 for query 'The Twelfth United States Army Group commander was the first chairman of what?': Error parsing raw response as candidate selection: Unable to parse structured payload: invalid syntax (<unknown>, line 1).
INFO:src.hipporag.HippoRAG:Encoding 2 queries for query_to_passage.
INFO:src.hipporag.HippoRAG:Encoding 1 queries for query_to_passage.
WARNING:src.hipporag.rerank:Rerank parse failed on attempt 1 for query 'Are William James and Bret Easton Ellis both screenwriters?': Error parsing raw response as candidate selection: Unable to parse structured payload: unterminated string literal (detected at line 2) (<unknown>, line 2).
INFO:src.hipporag.HippoRAG:Encoding 4 queries for query_to_passage.
INFO:src.hipporag.HippoRAG:Encoding 1 queries for query_to_passage.
WARNING:src.hipporag.rerank:Rerank parse failed on attempt 1 for query "One of Central Dublin's most historic working-class neighbourhoods is the home to a football club who were the first ever winners of what cup?": Error parsing raw response as candidate selection: Unable to parse structured payload: unterminated string literal (detected at line 14) (<unknown>, line 14).
INFO:src.hipporag.HippoRAG:Encoding 2 queries for query_to_passage.
INFO:src.hipporag.HippoRAG:Encoding 1 queries for query_to_passage.
INFO:src.hipporag.HippoRAG:Encoding 1 queries for query_to_passage.
WARNING:src.hipporag.rerank:Rerank parse failed on attempt 1 for query 'What where Mark Chamberlain and Alex Oxlade-Chamberlain being?': Error parsing raw response as candidate selection: Unable to parse structured payload: unterminated string literal (detected at line 1) (<unknown>, line 1).
INFO:src.hipporag.HippoRAG:Encoding 3 queries for query_to_passage.
INFO:httpx:HTTP Request: POST http://localhost:8042/v1/chat/completions "HTTP/1.1 200 OK"
INFO:src.hipporag.HippoRAG:Encoding 1 queries for query_to_passage.
INFO:src.hipporag.HippoRAG:Encoding 2 queries for query_to_passage.
INFO:src.hipporag.HippoRAG:Encoding 1 queries for query_to_passage.
INFO:src.hipporag.HippoRAG:Encoding 1 queries for query_to_passage.
INFO:src.hipporag.HippoRAG:Encoding 1 queries for query_to_passage.
INFO:src.hipporag.HippoRAG:Encoding 4 queries for query_to_passage.
INFO:src.hipporag.HippoRAG:Encoding 1 queries for query_to_passage.
INFO:src.hipporag.HippoRAG:Encoding 1 queries for query_to_passage.
INFO:src.hipporag.HippoRAG:Encoding 1 queries for query_to_passage.
INFO:src.hipporag.HippoRAG:Encoding 1 queries for query_to_passage.
INFO:src.hipporag.HippoRAG:Encoding 1 queries for query_to_passage.
INFO:src.hipporag.HippoRAG:Encoding 1 queries for query_to_passage.
INFO:httpx:HTTP Request: POST http://localhost:8042/v1/chat/completions "HTTP/1.1 200 OK"
INFO:src.hipporag.HippoRAG:Encoding 2 queries for query_to_passage.
INFO:src.hipporag.HippoRAG:Encoding 1 queries for query_to_passage.
WARNING:src.hipporag.rerank:Rerank parse failed on attempt 1 for query 'Red Bend Catholic College contributes 800 students of the 7,560 population of what central west region of south Wales, Australia town?': Error parsing raw response as candidate selection: Unable to parse structured payload: unterminated string literal (detected at line 2) (<unknown>, line 2).
INFO:src.hipporag.HippoRAG:Encoding 2 queries for query_to_passage.
INFO:src.hipporag.HippoRAG:Encoding 1 queries for query_to_passage.
INFO:src.hipporag.HippoRAG:Encoding 2 queries for query_to_passage.
INFO:src.hipporag.HippoRAG:Encoding 1 queries for query_to_passage.
INFO:src.hipporag.HippoRAG:Encoding 1 queries for query_to_passage.
INFO:src.hipporag.HippoRAG:Encoding 2 queries for query_to_passage.
INFO:src.hipporag.HippoRAG:Encoding 1 queries for query_to_passage.
INFO:src.hipporag.HippoRAG:Encoding 2 queries for query_to_passage.
INFO:src.hipporag.HippoRAG:Encoding 1 queries for query_to_passage.
INFO:src.hipporag.HippoRAG:Encoding 1 queries for query_to_passage.
WARNING:src.hipporag.rerank:Rerank parse failed on attempt 1 for query 'What state was the dissenter in Kessler v. Treat from?': Error parsing raw response as candidate selection: Unable to parse structured payload: unterminated string literal (detected at line 2) (<unknown>, line 2).
INFO:src.hipporag.HippoRAG:Encoding 2 queries for query_to_passage.
INFO:src.hipporag.HippoRAG:Encoding 1 queries for query_to_passage.
WARNING:src.hipporag.rerank:Rerank parse failed on attempt 1 for query 'In what town is the office organization solutions company whose Canadian arm is Oxford headquartered?': Error parsing raw response as candidate selection: Unable to parse structured payload: unterminated string literal (detected at line 4) (<unknown>, line 4).
INFO:src.hipporag.HippoRAG:Encoding 2 queries for query_to_passage.
INFO:src.hipporag.HippoRAG:Encoding 1 queries for query_to_passage.
INFO:src.hipporag.HippoRAG:Encoding 2 queries for query_to_passage.
INFO:src.hipporag.HippoRAG:Encoding 1 queries for query_to_passage.
INFO:src.hipporag.HippoRAG:Encoding 1 queries for query_to_passage.
WARNING:src.hipporag.rerank:Rerank parse failed on attempt 1 for query "Which American anthology horror series created and produced by Ryan Murphy and Brad Falchuk did  Denis O'Hare filmography performance in the first season of": Error parsing raw response as candidate selection: Unable to parse structured payload: malformed node or string on line 1: <ast.Name object at 0x7ff319c12500>.
INFO:httpx:HTTP Request: POST http://localhost:8042/v1/chat/completions "HTTP/1.1 200 OK"
INFO:httpx:HTTP Request: POST http://localhost:8042/v1/chat/completions "HTTP/1.1 200 OK"
INFO:src.hipporag.HippoRAG:Encoding 2 queries for query_to_passage.
INFO:src.hipporag.HippoRAG:Encoding 1 queries for query_to_passage.
INFO:src.hipporag.HippoRAG:Encoding 3 queries for query_to_passage.
INFO:src.hipporag.HippoRAG:Encoding 1 queries for query_to_passage.
INFO:src.hipporag.HippoRAG:Encoding 1 queries for query_to_passage.
INFO:src.hipporag.HippoRAG:Encoding 3 queries for query_to_passage.
INFO:src.hipporag.HippoRAG:Encoding 1 queries for query_to_passage.
WARNING:src.hipporag.rerank:Rerank parse failed on attempt 1 for query "Who was known for playing a fictionalized version of the wild politician who was the face of communist scare tact's in the early 1950's?": Error parsing raw response as candidate selection: Unable to parse structured payload: invalid syntax (<unknown>, line 1).
INFO:src.hipporag.HippoRAG:Encoding 4 queries for query_to_passage.
INFO:src.hipporag.HippoRAG:Encoding 1 queries for query_to_passage.
INFO:src.hipporag.HippoRAG:Encoding 1 queries for query_to_passage.
INFO:src.hipporag.HippoRAG:Encoding 1 queries for query_to_passage.
WARNING:src.hipporag.rerank:Rerank parse failed on attempt 1 for query 'In the The Simpsons episode "Principal Charming, Homer invites a character over for dinner who is voiced by whom?': Error parsing raw response as candidate selection: Unable to parse structured payload: unterminated string literal (detected at line 2) (<unknown>, line 2).
INFO:src.hipporag.HippoRAG:Encoding 2 queries for query_to_passage.
INFO:src.hipporag.HippoRAG:Encoding 1 queries for query_to_passage.
INFO:src.hipporag.HippoRAG:Encoding 1 queries for query_to_passage.
WARNING:src.hipporag.rerank:Rerank parse failed on attempt 1 for query 'The comedy play written by Shakespeare titled Twelfth Night is also know by what name?': Error parsing raw response as candidate selection: Unable to parse structured payload: unterminated string literal (detected at line 4) (<unknown>, line 4).
INFO:src.hipporag.HippoRAG:Encoding 1 queries for query_to_passage.
WARNING:src.hipporag.rerank:Rerank parse failed on attempt 1 for query 'Which author found inspiration in their career prior to writing, Hart Crane or John le Carré?': Error parsing raw response as candidate selection: Unable to parse structured payload: unterminated string literal (detected at line 2) (<unknown>, line 2).
INFO:src.hipporag.HippoRAG:Encoding 4 queries for query_to_passage.
INFO:src.hipporag.HippoRAG:Encoding 1 queries for query_to_passage.
INFO:src.hipporag.HippoRAG:Encoding 1 queries for query_to_passage.
INFO:src.hipporag.HippoRAG:Encoding 1 queries for query_to_passage.
INFO:src.hipporag.HippoRAG:Encoding 1 queries for query_to_passage.
INFO:src.hipporag.HippoRAG:Encoding 1 queries for query_to_passage.
WARNING:src.hipporag.rerank:Rerank parse failed on attempt 1 for query 'Which of Mabel Keyes Babcock\'s distant relatives wrote "Of Plymouth Plantation" and served as Governor of the Plymouth Colony?': Error parsing raw response as candidate selection: Unable to parse structured payload: unterminated string literal (detected at line 4) (<unknown>, line 4).
INFO:httpx:HTTP Request: POST http://localhost:8042/v1/chat/completions "HTTP/1.1 200 OK"
INFO:src.hipporag.HippoRAG:Encoding 3 queries for query_to_passage.
INFO:src.hipporag.HippoRAG:Encoding 1 queries for query_to_passage.
INFO:src.hipporag.HippoRAG:Encoding 1 queries for query_to_passage.
INFO:src.hipporag.HippoRAG:Encoding 1 queries for query_to_passage.
INFO:src.hipporag.HippoRAG:Encoding 3 queries for query_to_passage.
INFO:src.hipporag.HippoRAG:Encoding 1 queries for query_to_passage.
INFO:src.hipporag.HippoRAG:Encoding 1 queries for query_to_passage.
INFO:src.hipporag.HippoRAG:Encoding 2 queries for query_to_passage.
INFO:src.hipporag.HippoRAG:Encoding 1 queries for query_to_passage.
INFO:src.hipporag.HippoRAG:Encoding 1 queries for query_to_passage.
WARNING:src.hipporag.rerank:Rerank parse failed on attempt 1 for query 'Which film has more writers, Splash or Christopher Robin?': Error parsing raw response as candidate selection: Unable to parse structured payload: unterminated string literal (detected at line 2) (<unknown>, line 2).
INFO:src.hipporag.HippoRAG:Encoding 3 queries for query_to_passage.
INFO:src.hipporag.HippoRAG:Encoding 1 queries for query_to_passage.
INFO:src.hipporag.HippoRAG:Encoding 1 queries for query_to_passage.
WARNING:src.hipporag.rerank:Rerank parse failed on attempt 1 for query 'Who composed the theme music in 1989 of an animated television series which has the current arrangement by a person who  has scored or orchestrated music for mo': Error parsing raw response as candidate selection: Unable to parse structured payload: unterminated string literal (detected at line 2) (<unknown>, line 2).
INFO:src.hipporag.HippoRAG:Encoding 4 queries for query_to_passage.
INFO:src.hipporag.HippoRAG:Encoding 1 queries for query_to_passage.
INFO:src.hipporag.HippoRAG:Encoding 1 queries for query_to_passage.
INFO:src.hipporag.HippoRAG:Encoding 1 queries for query_to_passage.
INFO:src.hipporag.HippoRAG:Encoding 2 queries for query_to_passage.
INFO:src.hipporag.HippoRAG:Encoding 1 queries for query_to_passage.
INFO:src.hipporag.HippoRAG:Encoding 1 queries for query_to_passage.
INFO:src.hipporag.HippoRAG:Encoding 1 queries for query_to_passage.
INFO:src.hipporag.HippoRAG:Encoding 1 queries for query_to_passage.
INFO:src.hipporag.HippoRAG:Encoding 2 queries for query_to_passage.
INFO:src.hipporag.HippoRAG:Encoding 1 queries for query_to_passage.
WARNING:src.hipporag.rerank:Rerank parse failed on attempt 1 for query 'Lou Cutell appeared on the third episode of the ninth season of an CBS sitcom that was what number episode overall?': Error parsing raw response as candidate selection: Unable to parse structured payload: unterminated string literal (detected at line 2) (<unknown>, line 2).
INFO:httpx:HTTP Request: POST http://localhost:8042/v1/chat/completions "HTTP/1.1 200 OK"
INFO:src.hipporag.HippoRAG:Encoding 2 queries for query_to_passage.
INFO:src.hipporag.HippoRAG:Encoding 3 queries for query_to_passage.
WARNING:src.hipporag.rerank:Rerank parse failed on attempt 1 for query 'What kind of material forms the wrapping for the chocolate candies that Hershey Kissables were shaped like?': Error parsing raw response as candidate selection: Unable to parse structured payload: unterminated string literal (detected at line 2) (<unknown>, line 2).
INFO:src.hipporag.HippoRAG:Encoding 2 queries for query_to_passage.
INFO:src.hipporag.HippoRAG:Encoding 1 queries for query_to_passage.
INFO:src.hipporag.HippoRAG:Encoding 1 queries for query_to_passage.
INFO:src.hipporag.HippoRAG:Encoding 3 queries for query_to_passage.
INFO:src.hipporag.HippoRAG:Encoding 1 queries for query_to_passage.
INFO:src.hipporag.HippoRAG:Encoding 1 queries for query_to_passage.
WARNING:src.hipporag.rerank:Rerank parse failed on attempt 1 for query 'What actor appeared in "Evening in Byzantium" and was nominated for the Academy Award for Best Supporting Actor in 1973 for "The Heartbreak Kid"?': Error parsing raw response as candidate selection: Unable to parse structured payload: invalid syntax (<unknown>, line 1).
INFO:src.hipporag.HippoRAG:Encoding 3 queries for query_to_passage.
INFO:src.hipporag.HippoRAG:Encoding 1 queries for query_to_passage.
INFO:src.hipporag.HippoRAG:Encoding 2 queries for query_to_passage.
INFO:src.hipporag.HippoRAG:Encoding 1 queries for query_to_passage.
INFO:src.hipporag.HippoRAG:Encoding 1 queries for query_to_passage.
WARNING:src.hipporag.rerank:Rerank parse failed on attempt 1 for query 'What three other National forests are administered by the same people who administer the park in which the Art Loeb trail runs through?': Error parsing raw response as candidate selection: Unable to parse structured payload: unterminated string literal (detected at line 2) (<unknown>, line 2).
INFO:src.hipporag.HippoRAG:Encoding 3 queries for query_to_passage.
INFO:src.hipporag.HippoRAG:Encoding 1 queries for query_to_passage.
INFO:src.hipporag.HippoRAG:Encoding 1 queries for query_to_passage.
INFO:src.hipporag.HippoRAG:Encoding 2 queries for query_to_passage.
INFO:src.hipporag.HippoRAG:Encoding 1 queries for query_to_passage.
WARNING:src.hipporag.rerank:Rerank parse failed on attempt 1 for query 'Are Benjamin Britten and Béla Bartók from the same country?': Error parsing raw response as candidate selection: Unable to parse structured payload: unterminated string literal (detected at line 2) (<unknown>, line 2).
INFO:src.hipporag.HippoRAG:Encoding 3 queries for query_to_passage.
INFO:src.hipporag.HippoRAG:Encoding 2 queries for query_to_passage.
INFO:src.hipporag.HippoRAG:Encoding 1 queries for query_to_passage.
INFO:src.hipporag.HippoRAG:Encoding 1 queries for query_to_passage.
WARNING:src.hipporag.rerank:Rerank parse failed on attempt 1 for query 'Do Lush and P.O.D. both consist of four band members?': Error parsing raw response as candidate selection: Unable to parse structured payload: invalid syntax (<unknown>, line 1).
INFO:src.hipporag.HippoRAG:Encoding 3 queries for query_to_passage.
INFO:src.hipporag.HippoRAG:Encoding 3 queries for query_to_passage.
INFO:src.hipporag.HippoRAG:Encoding 1 queries for query_to_passage.
WARNING:src.hipporag.rerank:Rerank parse failed on attempt 1 for query 'Murray Seafield St George Head most recognised for which song from the concept album and subsequent musical "Chess" by Tim Rice, Benny Andersson and Björn Ulvae': Error parsing raw response as candidate selection: Unable to parse structured payload: unterminated string literal (detected at line 2) (<unknown>, line 2).
INFO:src.hipporag.HippoRAG:Encoding 1 queries for query_to_passage.
INFO:src.hipporag.HippoRAG:Encoding 2 queries for query_to_passage.
INFO:src.hipporag.HippoRAG:Encoding 3 queries for query_to_passage.
INFO:src.hipporag.HippoRAG:Encoding 1 queries for query_to_passage.
INFO:src.hipporag.HippoRAG:Encoding 1 queries for query_to_passage.
INFO:src.hipporag.HippoRAG:Encoding 1 queries for query_to_passage.
INFO:httpx:HTTP Request: POST http://localhost:8042/v1/chat/completions "HTTP/1.1 200 OK"
INFO:src.hipporag.HippoRAG:Encoding 3 queries for query_to_passage.
WARNING:src.hipporag.rerank:Rerank parse failed on attempt 1 for query 'Who is affiliated with more countries as a director, Robert Florey and R. G. Springsteen?': Error parsing raw response as candidate selection: Unable to parse structured payload: unterminated string literal (detected at line 2) (<unknown>, line 2).
INFO:src.hipporag.HippoRAG:Encoding 4 queries for query_to_passage.
INFO:src.hipporag.HippoRAG:Encoding 1 queries for query_to_passage.
WARNING:src.hipporag.rerank:Rerank parse failed on attempt 1 for query 'Grammy winner for song of the year, also put out a 1971 album by the Carpenters, but what song did he win an Academy Award for Best Original Songs?': Error parsing raw response as candidate selection: Unable to parse structured payload: unterminated string literal (detected at line 2) (<unknown>, line 2).
INFO:src.hipporag.HippoRAG:Encoding 2 queries for query_to_passage.
INFO:src.hipporag.HippoRAG:Encoding 1 queries for query_to_passage.
WARNING:src.hipporag.rerank:Rerank parse failed on attempt 1 for query '"One Less Set of Footsteps" is a song written and performed by a singer born in which year ?': Error parsing raw response as candidate selection: Unable to parse structured payload: unterminated string literal (detected at line 2) (<unknown>, line 2).
INFO:httpx:HTTP Request: POST http://localhost:8042/v1/chat/completions "HTTP/1.1 200 OK"
INFO:src.hipporag.HippoRAG:Encoding 2 queries for query_to_passage.
INFO:src.hipporag.HippoRAG:Encoding 1 queries for query_to_passage.
INFO:src.hipporag.HippoRAG:Encoding 1 queries for query_to_passage.
WARNING:src.hipporag.rerank:Rerank parse failed on attempt 1 for query 'which sultan of the Ottoman Empire was  Gevherhan Sultan her granddaughter': Error parsing raw response as candidate selection: Unable to parse structured payload: invalid syntax (<unknown>, line 1).
INFO:httpx:HTTP Request: POST http://localhost:8042/v1/chat/completions "HTTP/1.1 200 OK"
INFO:src.hipporag.HippoRAG:Encoding 2 queries for query_to_passage.
INFO:src.hipporag.HippoRAG:Encoding 1 queries for query_to_passage.
WARNING:src.hipporag.rerank:Rerank parse failed on attempt 1 for query 'What is the name of the hotel on the Upper West Side of New York City that housed a gay bathhouse?': Error parsing raw response as candidate selection: Unable to parse structured payload: unterminated string literal (detected at line 2) (<unknown>, line 2).
INFO:src.hipporag.HippoRAG:Encoding 2 queries for query_to_passage.
INFO:src.hipporag.HippoRAG:Encoding 1 queries for query_to_passage.
WARNING:src.hipporag.rerank:Rerank parse failed on attempt 1 for query 'Which group of outlaws from the 1890s shares a name with a Yugoslav rock band?': Error parsing raw response as candidate selection: Unable to parse structured payload: invalid decimal literal (<unknown>, line 4).
INFO:src.hipporag.HippoRAG:Encoding 3 queries for query_to_passage.
INFO:src.hipporag.HippoRAG:Encoding 1 queries for query_to_passage.
WARNING:src.hipporag.rerank:Rerank parse failed on attempt 1 for query 'What county is Keene High School located in?': Error parsing raw response as candidate selection: Unable to parse structured payload: unterminated string literal (detected at line 2) (<unknown>, line 2).
INFO:src.hipporag.HippoRAG:Encoding 2 queries for query_to_passage.
WARNING:src.hipporag.rerank:Rerank parse failed on attempt 1 for query 'How many cards can a player choose from to be part of their hand in the card game that was the culmination game of the United States Poker Championship?': Error parsing raw response as candidate selection: Unable to parse structured payload: unterminated string literal (detected at line 2) (<unknown>, line 2).
INFO:src.hipporag.HippoRAG:Encoding 2 queries for query_to_passage.
INFO:src.hipporag.HippoRAG:Encoding 1 queries for query_to_passage.
WARNING:src.hipporag.rerank:Rerank parse failed on attempt 1 for query 'Which other film did one of the supporting cast in "Sleepless in Seattle" appear?': Error parsing raw response as candidate selection: Unable to parse structured payload: unterminated string literal (detected at line 2) (<unknown>, line 2).
INFO:src.hipporag.HippoRAG:Encoding 2 queries for query_to_passage.
INFO:src.hipporag.HippoRAG:Encoding 1 queries for query_to_passage.
INFO:src.hipporag.HippoRAG:Encoding 1 queries for query_to_passage.
INFO:src.hipporag.HippoRAG:Encoding 1 queries for query_to_passage.
INFO:src.hipporag.HippoRAG:Encoding 1 queries for query_to_passage.
WARNING:src.hipporag.rerank:Rerank parse failed on attempt 1 for query 'What type of diary did one of the founders of the John Bishop Memorial Hospital in Srinagar write?': Error parsing raw response as candidate selection: Unable to parse structured payload: unterminated string literal (detected at line 2) (<unknown>, line 2).
INFO:src.hipporag.HippoRAG:Encoding 2 queries for query_to_passage.
INFO:src.hipporag.HippoRAG:Encoding 1 queries for query_to_passage.
WARNING:src.hipporag.rerank:Rerank parse failed on attempt 1 for query 'What year did Guns N Roses perform a promo for a movie starring Arnold Schwarzenegger as a former New York Police detective?': Error parsing raw response as candidate selection: Unable to parse structured payload: unterminated string literal (detected at line 2) (<unknown>, line 2).
INFO:src.hipporag.HippoRAG:Encoding 2 queries for query_to_passage.
WARNING:src.hipporag.rerank:Rerank parse failed on attempt 1 for query "What key role did the stadium's snowplow operated play in the game following the Dolphins win against the Minnesota Vikings?": Error parsing raw response as candidate selection: Unable to parse structured payload: unterminated string literal (detected at line 2) (<unknown>, line 2).
INFO:src.hipporag.HippoRAG:Encoding 2 queries for query_to_passage.
INFO:src.hipporag.HippoRAG:Encoding 1 queries for query_to_passage.
INFO:src.hipporag.HippoRAG:Encoding 1 queries for query_to_passage.
INFO:src.hipporag.HippoRAG:Encoding 3 queries for query_to_passage.
INFO:src.hipporag.HippoRAG:Encoding 1 queries for query_to_passage.
INFO:src.hipporag.HippoRAG:Encoding 1 queries for query_to_passage.
WARNING:src.hipporag.rerank:Rerank parse failed on attempt 1 for query 'Which breed was bred first, the English Water Spaniel or the Estonian Hound?': Error parsing raw response as candidate selection: Unable to parse structured payload: unterminated string literal (detected at line 2) (<unknown>, line 2).
INFO:src.hipporag.HippoRAG:Encoding 3 queries for query_to_passage.
INFO:src.hipporag.HippoRAG:Encoding 1 queries for query_to_passage.
INFO:src.hipporag.HippoRAG:Encoding 1 queries for query_to_passage.
INFO:src.hipporag.HippoRAG:Encoding 1 queries for query_to_passage.
INFO:src.hipporag.HippoRAG:Encoding 1 queries for query_to_passage.
INFO:src.hipporag.HippoRAG:Encoding 1 queries for query_to_passage.
INFO:src.hipporag.HippoRAG:Encoding 1 queries for query_to_passage.
INFO:src.hipporag.HippoRAG:Encoding 2 queries for query_to_passage.
INFO:src.hipporag.HippoRAG:Encoding 1 queries for query_to_passage.
INFO:src.hipporag.HippoRAG:Encoding 2 queries for query_to_passage.
INFO:src.hipporag.HippoRAG:Encoding 1 queries for query_to_passage.
WARNING:src.hipporag.rerank:Rerank parse failed on attempt 1 for query 'What 1997 song was on the Garth Brooks album that debuted at #1 on the "Billboard" 200?': Error parsing raw response as candidate selection: Unable to parse structured payload: unterminated string literal (detected at line 4) (<unknown>, line 4).
INFO:src.hipporag.HippoRAG:Encoding 2 queries for query_to_passage.
WARNING:src.hipporag.rerank:Rerank parse failed on attempt 1 for query 'What was the name of the band of Confederate army deserters in the 2016 movie starring Matthew McConaughey, Gugu Mbatha-Raw, and Keri Russell?': Error parsing raw response as candidate selection: Unable to parse structured payload: unterminated string literal (detected at line 2) (<unknown>, line 2).
INFO:src.hipporag.HippoRAG:Encoding 2 queries for query_to_passage.
INFO:src.hipporag.HippoRAG:Encoding 1 queries for query_to_passage.
INFO:src.hipporag.HippoRAG:Encoding 3 queries for query_to_passage.
INFO:src.hipporag.HippoRAG:Encoding 1 queries for query_to_passage.
INFO:src.hipporag.HippoRAG:Encoding 1 queries for query_to_passage.
INFO:src.hipporag.HippoRAG:Encoding 1 queries for query_to_passage.
INFO:src.hipporag.HippoRAG:Encoding 1 queries for query_to_passage.
WARNING:src.hipporag.rerank:Rerank parse failed on attempt 1 for query 'In which period was this German composer, pianist, organist and conductor born in 1847 active, whose work "Wedding March" became reference to any "wedding march': Error parsing raw response as candidate selection: Unable to parse structured payload: unterminated string literal (detected at line 2) (<unknown>, line 2).
INFO:src.hipporag.HippoRAG:Encoding 2 queries for query_to_passage.
INFO:src.hipporag.HippoRAG:Encoding 1 queries for query_to_passage.
INFO:src.hipporag.HippoRAG:Encoding 3 queries for query_to_passage.
INFO:src.hipporag.HippoRAG:Encoding 4 queries for query_to_passage.
INFO:src.hipporag.HippoRAG:Encoding 1 queries for query_to_passage.
INFO:src.hipporag.HippoRAG:Encoding 2 queries for query_to_passage.
INFO:src.hipporag.HippoRAG:Encoding 1 queries for query_to_passage.
INFO:src.hipporag.HippoRAG:Encoding 1 queries for query_to_passage.
WARNING:src.hipporag.rerank:Rerank parse failed on attempt 1 for query 'What Danish sports club based in Copenhagen  did striker Søren Lindsted start his career at?': Error parsing raw response as candidate selection: Unable to parse structured payload: unterminated string literal (detected at line 2) (<unknown>, line 2).
INFO:src.hipporag.HippoRAG:Encoding 2 queries for query_to_passage.
INFO:src.hipporag.HippoRAG:Encoding 3 queries for query_to_passage.
WARNING:src.hipporag.rerank:Rerank parse failed on attempt 1 for query 'What is special about the wristwatches that Favre-Leuba manufactures?': Error parsing raw response as candidate selection: Unable to parse structured payload: unterminated string literal (detected at line 4) (<unknown>, line 4).
INFO:src.hipporag.HippoRAG:Encoding 2 queries for query_to_passage.
WARNING:src.hipporag.rerank:Rerank parse failed on attempt 1 for query 'On what kind of field did the team led by head coach Joe Harasymiak play?': Error parsing raw response as candidate selection: Unable to parse structured payload: unterminated string literal (detected at line 2) (<unknown>, line 2).
INFO:src.hipporag.HippoRAG:Encoding 2 queries for query_to_passage.
INFO:src.hipporag.HippoRAG:Encoding 3 queries for query_to_passage.
INFO:src.hipporag.HippoRAG:Encoding 1 queries for query_to_passage.
INFO:src.hipporag.HippoRAG:Encoding 2 queries for query_to_passage.
INFO:src.hipporag.HippoRAG:Encoding 1 queries for query_to_passage.
WARNING:src.hipporag.rerank:Rerank parse failed on attempt 1 for query 'What is the river that Sangin is found in the valley of the primary watershed for?': Error parsing raw response as candidate selection: Unable to parse structured payload: unterminated string literal (detected at line 2) (<unknown>, line 2).
INFO:src.hipporag.HippoRAG:Encoding 2 queries for query_to_passage.
INFO:src.hipporag.HippoRAG:Encoding 1 queries for query_to_passage.
INFO:src.hipporag.HippoRAG:Encoding 3 queries for query_to_passage.
INFO:src.hipporag.HippoRAG:Encoding 1 queries for query_to_passage.
INFO:src.hipporag.HippoRAG:Encoding 1 queries for query_to_passage.
WARNING:src.hipporag.rerank:Rerank parse failed on attempt 1 for query '"Collateral Damage" is an episode of the television series "Millennium" and features the host of a late night talk show that airs how often?': Error parsing raw response as candidate selection: Unable to parse structured payload: unterminated string literal (detected at line 2) (<unknown>, line 2).
INFO:httpx:HTTP Request: POST http://localhost:8042/v1/chat/completions "HTTP/1.1 200 OK"
INFO:src.hipporag.HippoRAG:Encoding 2 queries for query_to_passage.
INFO:src.hipporag.HippoRAG:Encoding 1 queries for query_to_passage.
INFO:src.hipporag.HippoRAG:Encoding 1 queries for query_to_passage.
WARNING:src.hipporag.rerank:Rerank parse failed on attempt 1 for query 'What building in the capital of city of Brandenburg has a roof that is 1 m bigger than the roof of the Der Oderturm?': Error parsing raw response as candidate selection: Unable to parse structured payload: unterminated string literal (detected at line 2) (<unknown>, line 2).
INFO:httpx:HTTP Request: POST http://localhost:8042/v1/chat/completions "HTTP/1.1 200 OK"
INFO:src.hipporag.HippoRAG:Encoding 3 queries for query_to_passage.
INFO:src.hipporag.HippoRAG:Encoding 1 queries for query_to_passage.
INFO:src.hipporag.HippoRAG:Encoding 1 queries for query_to_passage.
INFO:src.hipporag.HippoRAG:Encoding 1 queries for query_to_passage.
WARNING:src.hipporag.rerank:Rerank parse failed on attempt 1 for query 'The actor that played Gutthi on Comedy nights with Kapil Show also starred in what 2016 Punjabi film directed by Smeep Kang?': Error parsing raw response as candidate selection: Unable to parse structured payload: unterminated string literal (detected at line 2) (<unknown>, line 2).
INFO:src.hipporag.HippoRAG:Encoding 2 queries for query_to_passage.
INFO:src.hipporag.HippoRAG:Encoding 1 queries for query_to_passage.
INFO:src.hipporag.HippoRAG:Encoding 2 queries for query_to_passage.
INFO:src.hipporag.HippoRAG:Encoding 1 queries for query_to_passage.
WARNING:src.hipporag.rerank:Rerank parse failed on attempt 1 for query 'What was the previous name of the hotel Bill Cosby recorded his comedy album, For Adults Only, in?': Error parsing raw response as candidate selection: Unable to parse structured payload: unterminated string literal (detected at line 2) (<unknown>, line 2).
INFO:src.hipporag.HippoRAG:Encoding 2 queries for query_to_passage.
INFO:src.hipporag.HippoRAG:Encoding 1 queries for query_to_passage.
INFO:src.hipporag.HippoRAG:Encoding 1 queries for query_to_passage.
INFO:src.hipporag.HippoRAG:Encoding 1 queries for query_to_passage.
INFO:src.hipporag.HippoRAG:Encoding 1 queries for query_to_passage.
WARNING:src.hipporag.rerank:Rerank parse failed on attempt 1 for query 'At which university did the notable psychoanalyst associated with the University of Chicago serve most of his career as a professor of psychiatry?': Error parsing raw response as candidate selection: Unable to parse structured payload: unterminated string literal (detected at line 4) (<unknown>, line 4).
INFO:src.hipporag.HippoRAG:Encoding 2 queries for query_to_passage.
INFO:src.hipporag.HippoRAG:Encoding 1 queries for query_to_passage.
WARNING:src.hipporag.rerank:Rerank parse failed on attempt 1 for query 'What is the main industry of this town with a population of around 2,600 as of 2010 that has Mountain Valley High School attendees as residents?': Error parsing raw response as candidate selection: Unable to parse structured payload: unterminated string literal (detected at line 2) (<unknown>, line 2).
INFO:src.hipporag.HippoRAG:Encoding 3 queries for query_to_passage.
INFO:src.hipporag.HippoRAG:Encoding 4 queries for query_to_passage.
INFO:src.hipporag.HippoRAG:Encoding 1 queries for query_to_passage.
INFO:src.hipporag.HippoRAG:Encoding 1 queries for query_to_passage.
INFO:src.hipporag.HippoRAG:Encoding 1 queries for query_to_passage.
INFO:src.hipporag.HippoRAG:Encoding 1 queries for query_to_passage.
INFO:src.hipporag.HippoRAG:Encoding 1 queries for query_to_passage.
INFO:src.hipporag.HippoRAG:Encoding 1 queries for query_to_passage.
INFO:src.hipporag.HippoRAG:Encoding 1 queries for query_to_passage.
INFO:src.hipporag.HippoRAG:Encoding 1 queries for query_to_passage.
INFO:src.hipporag.HippoRAG:Encoding 1 queries for query_to_passage.
WARNING:src.hipporag.rerank:Rerank parse failed on attempt 1 for query 'The 1974 Texas Tech Raiders football team represented what public research university in Lubbock, Texas?': Error parsing raw response as candidate selection: Unable to parse structured payload: invalid syntax (<unknown>, line 1).
INFO:src.hipporag.HippoRAG:Encoding 1 queries for query_to_passage.
INFO:src.hipporag.HippoRAG:Encoding 2 queries for query_to_passage.
INFO:src.hipporag.HippoRAG:Encoding 1 queries for query_to_passage.
INFO:src.hipporag.HippoRAG:Encoding 3 queries for query_to_passage.
INFO:src.hipporag.HippoRAG:Encoding 1 queries for query_to_passage.
INFO:src.hipporag.HippoRAG:Encoding 2 queries for query_to_passage.
WARNING:src.hipporag.rerank:Rerank parse failed on attempt 1 for query 'Gail Matthius co-anchored the Weekend Update segment of "Saturday Night Live" with the actor who played the villain Nicholas Andre in what movie?': Error parsing raw response as candidate selection: Unable to parse structured payload: invalid syntax. Perhaps you forgot a comma? (<unknown>, line 1).
INFO:src.hipporag.HippoRAG:Encoding 4 queries for query_to_passage.
INFO:src.hipporag.HippoRAG:Encoding 1 queries for query_to_passage.
INFO:src.hipporag.HippoRAG:Encoding 1 queries for query_to_passage.
INFO:src.hipporag.HippoRAG:Encoding 1 queries for query_to_passage.
INFO:src.hipporag.HippoRAG:Encoding 3 queries for query_to_passage.
INFO:src.hipporag.HippoRAG:Encoding 1 queries for query_to_passage.
INFO:src.hipporag.HippoRAG:Encoding 1 queries for query_to_passage.
WARNING:src.hipporag.rerank:Rerank parse failed on attempt 1 for query 'In which county does the United States Navy air base located in which  Attack Squadron 174 (VA-174) was based on?': Error parsing raw response as candidate selection: Unable to parse structured payload: unterminated string literal (detected at line 2) (<unknown>, line 2).
INFO:src.hipporag.HippoRAG:Encoding 2 queries for query_to_passage.
INFO:src.hipporag.HippoRAG:Encoding 1 queries for query_to_passage.
WARNING:src.hipporag.rerank:Rerank parse failed on attempt 1 for query 'Were Basil Dean and Francis Ford Coppola both alive at some point in time?': Error parsing raw response as candidate selection: Unable to parse structured payload: unterminated string literal (detected at line 2) (<unknown>, line 2).
INFO:src.hipporag.HippoRAG:Encoding 4 queries for query_to_passage.
INFO:src.hipporag.HippoRAG:Encoding 1 queries for query_to_passage.
INFO:src.hipporag.HippoRAG:Encoding 2 queries for query_to_passage.
INFO:src.hipporag.HippoRAG:Encoding 1 queries for query_to_passage.
WARNING:src.hipporag.rerank:Rerank parse failed on attempt 1 for query 'Which  Australian singer-songwriter wrote  Cold Hard Bitch': Error parsing raw response as candidate selection: Unable to parse structured payload: unterminated string literal (detected at line 2) (<unknown>, line 2).
INFO:src.hipporag.HippoRAG:Encoding 1 queries for query_to_passage.
WARNING:src.hipporag.rerank:Rerank parse failed on attempt 1 for query 'Did Qionghai or Suining  have a population of 658,798 in 2002?': Error parsing raw response as candidate selection: Unable to parse structured payload: unterminated string literal (detected at line 2) (<unknown>, line 2).
INFO:httpx:HTTP Request: POST http://localhost:8042/v1/chat/completions "HTTP/1.1 200 OK"
INFO:src.hipporag.HippoRAG:Encoding 4 queries for query_to_passage.
INFO:src.hipporag.HippoRAG:Encoding 1 queries for query_to_passage.
WARNING:src.hipporag.rerank:Rerank parse failed on attempt 1 for query 'What Province in Sicily, founded in the eighth century B.C., was the birthplace of the famous historical mathematician Archimedes?': Error parsing raw response as candidate selection: Unable to parse structured payload: unterminated string literal (detected at line 2) (<unknown>, line 2).
INFO:src.hipporag.HippoRAG:Encoding 3 queries for query_to_passage.
INFO:src.hipporag.HippoRAG:Encoding 1 queries for query_to_passage.
INFO:src.hipporag.HippoRAG:Encoding 1 queries for query_to_passage.
INFO:src.hipporag.HippoRAG:Encoding 1 queries for query_to_passage.
WARNING:src.hipporag.rerank:Rerank parse failed on attempt 1 for query 'What was the population during the 2000 census of the town in Sagadahoc County, Maine that had a population of 3,411 during the 2010 census?': Error parsing raw response as candidate selection: Unable to parse structured payload: unterminated string literal (detected at line 2) (<unknown>, line 2).
INFO:src.hipporag.HippoRAG:Encoding 2 queries for query_to_passage.
WARNING:src.hipporag.rerank:Rerank parse failed on attempt 1 for query 'How does this series represent a function, which is also used in the Homotopy analysis method?': Error parsing raw response as candidate selection: Unable to parse structured payload: unterminated string literal (detected at line 2) (<unknown>, line 2).
INFO:src.hipporag.HippoRAG:Encoding 2 queries for query_to_passage.
INFO:src.hipporag.HippoRAG:Encoding 1 queries for query_to_passage.
WARNING:src.hipporag.rerank:Rerank parse failed on attempt 1 for query 'The Company They Keep is a book written by Diana Pavlac Glyer, who is a professor at a university in Azusa, California, that was founded in 1899, and is under t': Error parsing raw response as candidate selection: Unable to parse structured payload: unterminated string literal (detected at line 2) (<unknown>, line 2).
INFO:src.hipporag.HippoRAG:Encoding 3 queries for query_to_passage.
INFO:src.hipporag.HippoRAG:Encoding 1 queries for query_to_passage.
INFO:src.hipporag.HippoRAG:Encoding 1 queries for query_to_passage.
INFO:src.hipporag.HippoRAG:Encoding 2 queries for query_to_passage.
INFO:src.hipporag.HippoRAG:Encoding 1 queries for query_to_passage.
WARNING:src.hipporag.rerank:Rerank parse failed on attempt 1 for query 'What was the real name of the author of the book "Coraline" has been compared to?': Error parsing raw response as candidate selection: Unable to parse structured payload: unterminated string literal (detected at line 7) (<unknown>, line 7).
INFO:src.hipporag.HippoRAG:Encoding 2 queries for query_to_passage.
INFO:src.hipporag.HippoRAG:Encoding 1 queries for query_to_passage.
INFO:src.hipporag.HippoRAG:Encoding 2 queries for query_to_passage.
INFO:src.hipporag.HippoRAG:Encoding 1 queries for query_to_passage.
INFO:src.hipporag.HippoRAG:Encoding 1 queries for query_to_passage.
WARNING:src.hipporag.rerank:Rerank parse failed on attempt 1 for query 'What German medium tank, sometimes called the "Mark V", that was deployed on the Eastern and Western fronts from mid-1943 provided the armor and suspension for ': Error parsing raw response as candidate selection: Unable to parse structured payload: unterminated string literal (detected at line 2) (<unknown>, line 2).
INFO:src.hipporag.HippoRAG:Encoding 3 queries for query_to_passage.
INFO:src.hipporag.HippoRAG:Encoding 1 queries for query_to_passage.
INFO:src.hipporag.HippoRAG:Encoding 1 queries for query_to_passage.
INFO:src.hipporag.HippoRAG:Encoding 1 queries for query_to_passage.
INFO:src.hipporag.HippoRAG:Encoding 2 queries for query_to_passage.
INFO:src.hipporag.HippoRAG:Encoding 1 queries for query_to_passage.
INFO:src.hipporag.HippoRAG:Encoding 1 queries for query_to_passage.
INFO:src.hipporag.HippoRAG:Encoding 3 queries for query_to_passage.
INFO:src.hipporag.HippoRAG:Encoding 3 queries for query_to_passage.
INFO:src.hipporag.HippoRAG:Encoding 1 queries for query_to_passage.
WARNING:src.hipporag.rerank:Rerank parse failed on attempt 1 for query 'Little Brown Stein is a rivalry trophy that imitates a mug made out of what item?': Error parsing raw response as candidate selection: Unable to parse structured payload: invalid character '–' (U+2013) (<unknown>, line 6).
INFO:src.hipporag.HippoRAG:Encoding 1 queries for query_to_passage.
INFO:src.hipporag.HippoRAG:Encoding 2 queries for query_to_passage.
INFO:src.hipporag.HippoRAG:Encoding 1 queries for query_to_passage.
INFO:src.hipporag.HippoRAG:Encoding 1 queries for query_to_passage.
INFO:src.hipporag.HippoRAG:Encoding 1 queries for query_to_passage.
INFO:src.hipporag.HippoRAG:Encoding 1 queries for query_to_passage.
WARNING:src.hipporag.rerank:Rerank parse failed on attempt 1 for query "In which town was the amusement park that is operated by Britannia Jinky Jersey Ltd located where the first  Tomorrow's Parties Festival was held?.": Error parsing raw response as candidate selection: Unable to parse structured payload: unterminated string literal (detected at line 4) (<unknown>, line 4).
INFO:src.hipporag.HippoRAG:Encoding 3 queries for query_to_passage.
INFO:src.hipporag.HippoRAG:Encoding 1 queries for query_to_passage.
INFO:src.hipporag.HippoRAG:Encoding 1 queries for query_to_passage.
INFO:src.hipporag.HippoRAG:Encoding 2 queries for query_to_passage.
INFO:src.hipporag.HippoRAG:Encoding 1 queries for query_to_passage.
INFO:src.hipporag.HippoRAG:Encoding 1 queries for query_to_passage.
WARNING:src.hipporag.rerank:Rerank parse failed on attempt 1 for query 'In the Cherokee Rose episode of "The Walking Dead," the character that continues to search for Sophia Peletier is portrayed by an actor who is also famous for h': Error parsing raw response as candidate selection: Unable to parse structured payload: unterminated string literal (detected at line 10) (<unknown>, line 10).
INFO:src.hipporag.HippoRAG:Encoding 2 queries for query_to_passage.
INFO:src.hipporag.HippoRAG:Encoding 1 queries for query_to_passage.
INFO:src.hipporag.HippoRAG:Encoding 1 queries for query_to_passage.
INFO:src.hipporag.HippoRAG:Encoding 1 queries for query_to_passage.
INFO:src.hipporag.HippoRAG:Encoding 1 queries for query_to_passage.
INFO:src.hipporag.HippoRAG:Encoding 2 queries for query_to_passage.
INFO:src.hipporag.HippoRAG:Encoding 1 queries for query_to_passage.
INFO:src.hipporag.HippoRAG:Encoding 2 queries for query_to_passage.
INFO:src.hipporag.HippoRAG:Encoding 1 queries for query_to_passage.
INFO:src.hipporag.HippoRAG:Encoding 2 queries for query_to_passage.
INFO:src.hipporag.HippoRAG:Encoding 1 queries for query_to_passage.
WARNING:src.hipporag.rerank:Rerank parse failed on attempt 1 for query 'Which company used a voice actor who also voiced He-Man?': Error parsing raw response as candidate selection: Unable to parse structured payload: unterminated string literal (detected at line 2) (<unknown>, line 2).
INFO:src.hipporag.HippoRAG:Encoding 2 queries for query_to_passage.
INFO:src.hipporag.HippoRAG:Encoding 1 queries for query_to_passage.
INFO:src.hipporag.HippoRAG:Encoding 1 queries for query_to_passage.
WARNING:src.hipporag.rerank:Rerank parse failed on attempt 1 for query 'The Death Camp of Tolerance is an episode from an animated television series that was created by which two people?': Error parsing raw response as candidate selection: Unable to parse structured payload: invalid decimal literal (<unknown>, line 6).
INFO:src.hipporag.HippoRAG:Encoding 3 queries for query_to_passage.
INFO:src.hipporag.HippoRAG:Encoding 1 queries for query_to_passage.
INFO:src.hipporag.HippoRAG:Encoding 1 queries for query_to_passage.
INFO:src.hipporag.HippoRAG:Encoding 1 queries for query_to_passage.
INFO:src.hipporag.HippoRAG:Encoding 1 queries for query_to_passage.
INFO:src.hipporag.HippoRAG:Encoding 3 queries for query_to_passage.
INFO:src.hipporag.HippoRAG:Encoding 3 queries for query_to_passage.
INFO:src.hipporag.HippoRAG:Encoding 1 queries for query_to_passage.
INFO:src.hipporag.HippoRAG:Encoding 1 queries for query_to_passage.
WARNING:src.hipporag.rerank:Rerank parse failed on attempt 1 for query 'What type of veterinary specialist is the star veterinarian of The Bionic Vet?': Error parsing raw response as candidate selection: Unable to parse structured payload: unterminated string literal (detected at line 2) (<unknown>, line 2).
INFO:src.hipporag.HippoRAG:Encoding 2 queries for query_to_passage.
INFO:src.hipporag.HippoRAG:Encoding 1 queries for query_to_passage.
INFO:src.hipporag.HippoRAG:Encoding 2 queries for query_to_passage.
INFO:src.hipporag.HippoRAG:Encoding 1 queries for query_to_passage.
WARNING:src.hipporag.rerank:Rerank parse failed on attempt 1 for query 'In which genus number of species are more, Lavatera or Oplismenus?': Error parsing raw response as candidate selection: Unable to parse structured payload: unterminated string literal (detected at line 2) (<unknown>, line 2).
INFO:src.hipporag.HippoRAG:Encoding 3 queries for query_to_passage.
INFO:src.hipporag.HippoRAG:Encoding 1 queries for query_to_passage.
INFO:src.hipporag.HippoRAG:Encoding 2 queries for query_to_passage.
INFO:src.hipporag.HippoRAG:Encoding 1 queries for query_to_passage.
WARNING:src.hipporag.rerank:Rerank parse failed on attempt 1 for query 'Which plant genus is part of a family with a longer name, Morning glory or Rothmannia?': Error parsing raw response as candidate selection: Unable to parse structured payload: unterminated string literal (detected at line 2) (<unknown>, line 2).
INFO:src.hipporag.HippoRAG:Encoding 3 queries for query_to_passage.
INFO:src.hipporag.HippoRAG:Encoding 1 queries for query_to_passage.
INFO:src.hipporag.HippoRAG:Encoding 2 queries for query_to_passage.
INFO:src.hipporag.HippoRAG:Encoding 1 queries for query_to_passage.
INFO:src.hipporag.HippoRAG:Encoding 1 queries for query_to_passage.
INFO:src.hipporag.HippoRAG:Encoding 2 queries for query_to_passage.
INFO:src.hipporag.HippoRAG:Encoding 1 queries for query_to_passage.
INFO:src.hipporag.HippoRAG:Encoding 1 queries for query_to_passage.
WARNING:src.hipporag.rerank:Rerank parse failed on attempt 1 for query "Jennifer Gordon received a bachelor of arts degree from which women's liberal arts college in Cambridge, Massachusetts, and functioned as a female coordinate in": Error parsing raw response as candidate selection: Unable to parse structured payload: unterminated string literal (detected at line 2) (<unknown>, line 2).
INFO:src.hipporag.HippoRAG:Encoding 3 queries for query_to_passage.
INFO:src.hipporag.HippoRAG:Encoding 1 queries for query_to_passage.
INFO:src.hipporag.HippoRAG:Encoding 1 queries for query_to_passage.
INFO:src.hipporag.HippoRAG:Encoding 1 queries for query_to_passage.
INFO:src.hipporag.HippoRAG:Encoding 1 queries for query_to_passage.
INFO:httpx:HTTP Request: POST http://localhost:8042/v1/chat/completions "HTTP/1.1 200 OK"
INFO:src.hipporag.HippoRAG:Encoding 3 queries for query_to_passage.
INFO:src.hipporag.HippoRAG:Encoding 1 queries for query_to_passage.
INFO:src.hipporag.HippoRAG:Encoding 1 queries for query_to_passage.
WARNING:src.hipporag.rerank:Rerank parse failed on attempt 1 for query 'Which American pro basketball player who won gold at the 2008 Summer Olympics was signed by the Utah Jazz during the 2005-05 offseason?': Error parsing raw response as candidate selection: Unable to parse structured payload: unterminated string literal (detected at line 2) (<unknown>, line 2).
INFO:src.hipporag.HippoRAG:Encoding 4 queries for query_to_passage.
INFO:src.hipporag.HippoRAG:Encoding 1 queries for query_to_passage.
INFO:src.hipporag.HippoRAG:Encoding 1 queries for query_to_passage.
INFO:src.hipporag.HippoRAG:Encoding 1 queries for query_to_passage.
WARNING:src.hipporag.rerank:Rerank parse failed on attempt 1 for query "Mazda's Mazda6 belongs to which country's car manufacturer?": Error parsing raw response as candidate selection: Unable to parse structured payload: unterminated string literal (detected at line 4) (<unknown>, line 4).
INFO:src.hipporag.HippoRAG:Encoding 1 queries for query_to_passage.
WARNING:src.hipporag.rerank:Rerank parse failed on attempt 1 for query 'What is the name of the detective novelist parent of the author of \'"Q" Is for Quarry\'?': Error parsing raw response as candidate selection: Unable to parse structured payload: unterminated string literal (detected at line 2) (<unknown>, line 2).
INFO:src.hipporag.HippoRAG:Encoding 4 queries for query_to_passage.
INFO:src.hipporag.HippoRAG:Encoding 1 queries for query_to_passage.
INFO:src.hipporag.HippoRAG:Encoding 1 queries for query_to_passage.
WARNING:src.hipporag.rerank:Rerank parse failed on attempt 1 for query 'What is the name of the genocidal mass slaughter of Tutsi Rwanda, in which Cyprian and Daphrose Rugamba were assassinated?': Error parsing raw response as candidate selection: Unable to parse structured payload: unterminated string literal (detected at line 2) (<unknown>, line 2).
INFO:src.hipporag.HippoRAG:Encoding 3 queries for query_to_passage.
INFO:src.hipporag.HippoRAG:Encoding 1 queries for query_to_passage.
INFO:src.hipporag.HippoRAG:Encoding 1 queries for query_to_passage.
WARNING:src.hipporag.rerank:Rerank parse failed on attempt 1 for query 'When did the English local newspaper, featuring the sculpture and war memorial in the Forbury gardens, change names?': Error parsing raw response as candidate selection: Unable to parse structured payload: unterminated string literal (detected at line 9) (<unknown>, line 9).
INFO:src.hipporag.HippoRAG:Encoding 2 queries for query_to_passage.
INFO:src.hipporag.HippoRAG:Encoding 1 queries for query_to_passage.
INFO:src.hipporag.HippoRAG:Encoding 1 queries for query_to_passage.
WARNING:src.hipporag.rerank:Rerank parse failed on attempt 1 for query 'WHat dish is  Dacryopinax spathularia included in that is also sometimes called Luóhàn cài?': Error parsing raw response as candidate selection: Unable to parse structured payload: unterminated string literal (detected at line 2) (<unknown>, line 2).
INFO:src.hipporag.HippoRAG:Encoding 4 queries for query_to_passage.
INFO:src.hipporag.HippoRAG:Encoding 1 queries for query_to_passage.
INFO:src.hipporag.HippoRAG:Encoding 1 queries for query_to_passage.
INFO:src.hipporag.HippoRAG:Encoding 1 queries for query_to_passage.
INFO:src.hipporag.HippoRAG:Encoding 1 queries for query_to_passage.
INFO:src.hipporag.HippoRAG:Encoding 3 queries for query_to_passage.
INFO:src.hipporag.HippoRAG:Encoding 2 queries for query_to_passage.
INFO:src.hipporag.HippoRAG:Encoding 1 queries for query_to_passage.
INFO:src.hipporag.HippoRAG:Encoding 1 queries for query_to_passage.
WARNING:src.hipporag.rerank:Rerank parse failed on attempt 1 for query 'Who produced the 1998 British comedy starring the director of the feature film "Eddie the Eagle"?': Error parsing raw response as candidate selection: Unable to parse structured payload: unterminated string literal (detected at line 2) (<unknown>, line 2).
INFO:src.hipporag.HippoRAG:Encoding 3 queries for query_to_passage.
INFO:src.hipporag.HippoRAG:Encoding 1 queries for query_to_passage.
INFO:src.hipporag.HippoRAG:Encoding 1 queries for query_to_passage.
INFO:src.hipporag.HippoRAG:Encoding 2 queries for query_to_passage.
INFO:src.hipporag.HippoRAG:Encoding 1 queries for query_to_passage.
INFO:src.hipporag.HippoRAG:Encoding 1 queries for query_to_passage.
WARNING:src.hipporag.rerank:Rerank parse failed on attempt 1 for query 'Which was founded first, Dain Rauscher Wessels or Berenberg Bank?': Error parsing raw response as candidate selection: Unable to parse structured payload: unterminated string literal (detected at line 2) (<unknown>, line 2).
INFO:src.hipporag.HippoRAG:Encoding 3 queries for query_to_passage.
INFO:src.hipporag.HippoRAG:Encoding 1 queries for query_to_passage.
INFO:src.hipporag.HippoRAG:Encoding 1 queries for query_to_passage.
INFO:src.hipporag.HippoRAG:Encoding 1 queries for query_to_passage.
INFO:src.hipporag.HippoRAG:Encoding 3 queries for query_to_passage.
INFO:src.hipporag.HippoRAG:Encoding 1 queries for query_to_passage.
WARNING:src.hipporag.rerank:Rerank parse failed on attempt 1 for query 'Orchard Gateway connects what shopping mall in singapore with 313 @ Somerset?': Error parsing raw response as candidate selection: Unable to parse structured payload: unterminated string literal (detected at line 2) (<unknown>, line 2).
INFO:src.hipporag.HippoRAG:Encoding 1 queries for query_to_passage.
INFO:src.hipporag.HippoRAG:Encoding 2 queries for query_to_passage.
INFO:src.hipporag.HippoRAG:Encoding 1 queries for query_to_passage.
WARNING:src.hipporag.rerank:Rerank parse failed on attempt 1 for query 'Shannon Purser played the role of June Acosta in a 2017 horror film directed by who?': Error parsing raw response as candidate selection: Unable to parse structured payload: unterminated string literal (detected at line 2) (<unknown>, line 2).
INFO:src.hipporag.HippoRAG:Encoding 2 queries for query_to_passage.
INFO:src.hipporag.HippoRAG:Encoding 1 queries for query_to_passage.
INFO:src.hipporag.HippoRAG:Encoding 1 queries for query_to_passage.
WARNING:src.hipporag.rerank:Rerank parse failed on attempt 1 for query 'How many Studio albums did the group that released the debut album The Cactus Al/Bum release in their initial career?': Error parsing raw response as candidate selection: Unable to parse structured payload: unterminated string literal (detected at line 2) (<unknown>, line 2).
INFO:src.hipporag.HippoRAG:Encoding 2 queries for query_to_passage.
INFO:src.hipporag.HippoRAG:Encoding 1 queries for query_to_passage.
INFO:src.hipporag.HippoRAG:Encoding 1 queries for query_to_passage.
INFO:src.hipporag.HippoRAG:Encoding 2 queries for query_to_passage.
INFO:src.hipporag.HippoRAG:Encoding 1 queries for query_to_passage.
WARNING:src.hipporag.rerank:Rerank parse failed on attempt 1 for query 'Is Chicago Rockford International Airport or McClellan–Palomar Airport closer to their nearest cities?': Error parsing raw response as candidate selection: Unable to parse structured payload: unterminated string literal (detected at line 2) (<unknown>, line 2).
INFO:src.hipporag.HippoRAG:Encoding 3 queries for query_to_passage.
INFO:src.hipporag.HippoRAG:Encoding 1 queries for query_to_passage.
WARNING:src.hipporag.rerank:Rerank parse failed on attempt 1 for query 'Between The Goldeneye and Monkey Gland, which cocktail requires more ingredients?': Error parsing raw response as candidate selection: Unable to parse structured payload: unterminated string literal (detected at line 2) (<unknown>, line 2).
INFO:src.hipporag.HippoRAG:Encoding 4 queries for query_to_passage.
INFO:src.hipporag.HippoRAG:Encoding 1 queries for query_to_passage.
WARNING:src.hipporag.rerank:Rerank parse failed on attempt 1 for query 'Mexican Indignados Movement is a response to a war also known as?': Error parsing raw response as candidate selection: Unable to parse structured payload: malformed node or string on line 1: <ast.Name object at 0x7ff31fcd0fa0>.
INFO:httpx:HTTP Request: POST http://localhost:8042/v1/chat/completions "HTTP/1.1 200 OK"
INFO:src.hipporag.HippoRAG:Encoding 2 queries for query_to_passage.
INFO:src.hipporag.HippoRAG:Encoding 1 queries for query_to_passage.
INFO:src.hipporag.HippoRAG:Encoding 4 queries for query_to_passage.
INFO:src.hipporag.HippoRAG:Encoding 1 queries for query_to_passage.
INFO:src.hipporag.HippoRAG:Encoding 1 queries for query_to_passage.
INFO:src.hipporag.HippoRAG:Encoding 1 queries for query_to_passage.
INFO:src.hipporag.HippoRAG:Encoding 2 queries for query_to_passage.
INFO:src.hipporag.HippoRAG:Encoding 1 queries for query_to_passage.
WARNING:src.hipporag.rerank:Rerank parse failed on attempt 1 for query 'Who was hung for assisting the attempted surrender of a defector from the American Continental Army to the British Army?': Error parsing raw response as candidate selection: Unable to parse structured payload: unterminated string literal (detected at line 2) (<unknown>, line 2).
INFO:src.hipporag.HippoRAG:Encoding 2 queries for query_to_passage.
INFO:src.hipporag.HippoRAG:Encoding 1 queries for query_to_passage.
WARNING:src.hipporag.rerank:Rerank parse failed on attempt 1 for query "What is Peter Daou's website's slogan?": Error parsing raw response as candidate selection: Unable to parse structured payload: unterminated string literal (detected at line 5) (<unknown>, line 5).
INFO:src.hipporag.HippoRAG:Encoding 2 queries for query_to_passage.
INFO:src.hipporag.HippoRAG:Encoding 1 queries for query_to_passage.
INFO:src.hipporag.HippoRAG:Encoding 1 queries for query_to_passage.
INFO:src.hipporag.HippoRAG:Encoding 1 queries for query_to_passage.
WARNING:src.hipporag.rerank:Rerank parse failed on attempt 1 for query 'Human Shadow Etched in Stone is an exhibition to showcase which bombing that killed 129,000 people in 1945?': Error parsing raw response as candidate selection: Unable to parse structured payload: unterminated string literal (detected at line 2) (<unknown>, line 2).
INFO:src.hipporag.HippoRAG:Encoding 2 queries for query_to_passage.
WARNING:src.hipporag.rerank:Rerank parse failed on attempt 1 for query 'What is Opry Mills in Nashville, Tennessee?': Error parsing raw response as candidate selection: Unable to parse structured payload: unterminated string literal (detected at line 2) (<unknown>, line 2).
INFO:src.hipporag.HippoRAG:Encoding 2 queries for query_to_passage.
WARNING:src.hipporag.rerank:Rerank parse failed on attempt 1 for query 'Which them park is host to both the Back to the Future Rid and The Simpsons Ride?': Error parsing raw response as candidate selection: Unable to parse structured payload: unterminated string literal (detected at line 2) (<unknown>, line 2).
INFO:src.hipporag.HippoRAG:Encoding 3 queries for query_to_passage.
INFO:src.hipporag.HippoRAG:Encoding 1 queries for query_to_passage.
WARNING:src.hipporag.rerank:Rerank parse failed on attempt 1 for query 'What was the benefit of reintroducing piston power and replacing the most popular turboprop engine in history?': Error parsing raw response as candidate selection: Unable to parse structured payload: unterminated string literal (detected at line 2) (<unknown>, line 2).
INFO:src.hipporag.HippoRAG:Encoding 4 queries for query_to_passage.
INFO:src.hipporag.HippoRAG:Encoding 1 queries for query_to_passage.
INFO:src.hipporag.HippoRAG:Encoding 1 queries for query_to_passage.
INFO:src.hipporag.HippoRAG:Encoding 1 queries for query_to_passage.
INFO:src.hipporag.HippoRAG:Encoding 1 queries for query_to_passage.
INFO:src.hipporag.HippoRAG:Encoding 1 queries for query_to_passage.
INFO:src.hipporag.HippoRAG:Encoding 1 queries for query_to_passage.
INFO:src.hipporag.HippoRAG:Encoding 2 queries for query_to_passage.
INFO:src.hipporag.HippoRAG:Encoding 1 queries for query_to_passage.
WARNING:src.hipporag.rerank:Rerank parse failed on attempt 1 for query 'when the Marlins are the home team, games are played at this park which was LEED certified as the greenest MLB park in what year?': Error parsing raw response as candidate selection: Unable to parse structured payload: unterminated string literal (detected at line 2) (<unknown>, line 2).
INFO:src.hipporag.HippoRAG:Encoding 2 queries for query_to_passage.
INFO:src.hipporag.HippoRAG:Encoding 1 queries for query_to_passage.
INFO:src.hipporag.HippoRAG:Encoding 1 queries for query_to_passage.
INFO:src.hipporag.HippoRAG:Encoding 1 queries for query_to_passage.
INFO:src.hipporag.HippoRAG:Encoding 2 queries for query_to_passage.
INFO:src.hipporag.HippoRAG:Encoding 1 queries for query_to_passage.
INFO:src.hipporag.HippoRAG:Encoding 1 queries for query_to_passage.
INFO:src.hipporag.HippoRAG:Encoding 2 queries for query_to_passage.
INFO:src.hipporag.HippoRAG:Encoding 1 queries for query_to_passage.
INFO:src.hipporag.HippoRAG:Encoding 1 queries for query_to_passage.
WARNING:src.hipporag.rerank:Rerank parse failed on attempt 1 for query 'Henry W. Bloch School of Management is named after the founder of an American tax preparation company that is based where?': Error parsing raw response as candidate selection: Unable to parse structured payload: unterminated string literal (detected at line 4) (<unknown>, line 4).
INFO:src.hipporag.HippoRAG:Encoding 2 queries for query_to_passage.
INFO:src.hipporag.HippoRAG:Encoding 2 queries for query_to_passage.
INFO:src.hipporag.HippoRAG:Encoding 1 queries for query_to_passage.
INFO:src.hipporag.HippoRAG:Encoding 1 queries for query_to_passage.
INFO:src.hipporag.HippoRAG:Encoding 2 queries for query_to_passage.
INFO:src.hipporag.HippoRAG:Encoding 1 queries for query_to_passage.
INFO:src.hipporag.HippoRAG:Encoding 1 queries for query_to_passage.
WARNING:src.hipporag.rerank:Rerank parse failed on attempt 1 for query 'Which actor in the film Equus is also in the film The Informers?': Error parsing raw response as candidate selection: Unable to parse structured payload: unterminated string literal (detected at line 2) (<unknown>, line 2).
INFO:src.hipporag.HippoRAG:Encoding 3 queries for query_to_passage.
INFO:src.hipporag.HippoRAG:Encoding 1 queries for query_to_passage.
INFO:src.hipporag.HippoRAG:Encoding 1 queries for query_to_passage.
INFO:src.hipporag.HippoRAG:Encoding 1 queries for query_to_passage.
INFO:src.hipporag.HippoRAG:Encoding 1 queries for query_to_passage.
INFO:src.hipporag.HippoRAG:Encoding 1 queries for query_to_passage.
WARNING:src.hipporag.rerank:Rerank parse failed on attempt 1 for query 'Firstar Center was the name for two buildings before the company changed its name to match which company based in Minneapolis?': Error parsing raw response as candidate selection: Unable to parse structured payload: unterminated string literal (detected at line 2) (<unknown>, line 2).
INFO:src.hipporag.HippoRAG:Encoding 2 queries for query_to_passage.
INFO:src.hipporag.HippoRAG:Encoding 1 queries for query_to_passage.
INFO:src.hipporag.HippoRAG:Encoding 1 queries for query_to_passage.
WARNING:src.hipporag.rerank:Rerank parse failed on attempt 1 for query 'Which services did Rock Nominees Ltd and  ISS A/S (Integrated Service Solutions) have in common?': Error parsing raw response as candidate selection: Unable to parse structured payload: unterminated string literal (detected at line 2) (<unknown>, line 2).
INFO:src.hipporag.HippoRAG:Encoding 3 queries for query_to_passage.
WARNING:src.hipporag.rerank:Rerank parse failed on attempt 1 for query 'The most principle species of plants which requires an ericaceous type of compost can have what effect on its surroundings because of the way it takes up cation': Error parsing raw response as candidate selection: Unable to parse structured payload: unterminated string literal (detected at line 2) (<unknown>, line 2).
INFO:src.hipporag.HippoRAG:Encoding 3 queries for query_to_passage.
INFO:src.hipporag.HippoRAG:Encoding 1 queries for query_to_passage.
INFO:src.hipporag.HippoRAG:Encoding 1 queries for query_to_passage.
INFO:src.hipporag.HippoRAG:Encoding 1 queries for query_to_passage.
INFO:src.hipporag.HippoRAG:Encoding 1 queries for query_to_passage.
INFO:src.hipporag.HippoRAG:Encoding 1 queries for query_to_passage.
WARNING:src.hipporag.rerank:Rerank parse failed on attempt 1 for query 'The man, who the award in which "Summer of the Monkeys" won, was a spokesman for white sector of America?': Error parsing raw response as candidate selection: Unable to parse structured payload: unterminated string literal (detected at line 2) (<unknown>, line 2).
INFO:src.hipporag.HippoRAG:Encoding 3 queries for query_to_passage.
INFO:src.hipporag.HippoRAG:Encoding 1 queries for query_to_passage.
INFO:src.hipporag.HippoRAG:Encoding 1 queries for query_to_passage.
INFO:src.hipporag.HippoRAG:Encoding 3 queries for query_to_passage.
INFO:src.hipporag.HippoRAG:Encoding 1 queries for query_to_passage.
WARNING:src.hipporag.rerank:Rerank parse failed on attempt 1 for query 'The album "The Best of LeAnn Rimes" contained a song used as the theme song for a film. What is the name of the film?': Error parsing raw response as candidate selection: Unable to parse structured payload: unterminated string literal (detected at line 2) (<unknown>, line 2).
INFO:src.hipporag.HippoRAG:Encoding 2 queries for query_to_passage.
INFO:src.hipporag.HippoRAG:Encoding 1 queries for query_to_passage.
WARNING:src.hipporag.rerank:Rerank parse failed on attempt 1 for query 'What division of Mexican football is the team that Jesús Daniel García Esparza currently plays for?': Error parsing raw response as candidate selection: Unable to parse structured payload: unterminated string literal (detected at line 2) (<unknown>, line 2).
INFO:src.hipporag.HippoRAG:Encoding 2 queries for query_to_passage.
INFO:src.hipporag.HippoRAG:Encoding 1 queries for query_to_passage.
WARNING:src.hipporag.rerank:Rerank parse failed on attempt 1 for query 'What is the are of the university at which Dick Biddle served as head football coach?': Error parsing raw response as candidate selection: Unable to parse structured payload: unterminated string literal (detected at line 2) (<unknown>, line 2).
INFO:src.hipporag.HippoRAG:Encoding 2 queries for query_to_passage.
INFO:src.hipporag.HippoRAG:Encoding 1 queries for query_to_passage.
INFO:src.hipporag.HippoRAG:Encoding 3 queries for query_to_passage.
INFO:src.hipporag.HippoRAG:Encoding 1 queries for query_to_passage.
WARNING:src.hipporag.rerank:Rerank parse failed on attempt 1 for query 'What are the letters of the radio station serves the area comprising all of Belknap County, among others?': Error parsing raw response as candidate selection: Unable to parse structured payload: unterminated string literal (detected at line 2) (<unknown>, line 2).
INFO:src.hipporag.HippoRAG:Encoding 2 queries for query_to_passage.
INFO:httpx:HTTP Request: POST http://localhost:8042/v1/chat/completions "HTTP/1.1 200 OK"
INFO:src.hipporag.HippoRAG:Encoding 2 queries for query_to_passage.
INFO:src.hipporag.HippoRAG:Encoding 1 queries for query_to_passage.
WARNING:src.hipporag.rerank:Rerank parse failed on attempt 1 for query 'Which Prince of Bismarcks EMS dispatch incited France to declare the Franco-Prussian War in July 1870': Error parsing raw response as candidate selection: Unable to parse structured payload: unterminated string literal (detected at line 2) (<unknown>, line 2).
INFO:src.hipporag.HippoRAG:Encoding 2 queries for query_to_passage.
INFO:src.hipporag.HippoRAG:Encoding 1 queries for query_to_passage.
INFO:src.hipporag.HippoRAG:Encoding 2 queries for query_to_passage.
INFO:src.hipporag.HippoRAG:Encoding 1 queries for query_to_passage.
INFO:src.hipporag.HippoRAG:Encoding 2 queries for query_to_passage.
INFO:src.hipporag.HippoRAG:Encoding 1 queries for query_to_passage.
INFO:src.hipporag.HippoRAG:Encoding 2 queries for query_to_passage.
INFO:src.hipporag.HippoRAG:Encoding 1 queries for query_to_passage.
INFO:src.hipporag.HippoRAG:Encoding 1 queries for query_to_passage.
INFO:src.hipporag.HippoRAG:Encoding 1 queries for query_to_passage.
WARNING:src.hipporag.rerank:Rerank parse failed on attempt 1 for query 'In what year did a movie that starred both Nicholas Cage and Cher come out?': Error parsing raw response as candidate selection: Unable to parse structured payload: unterminated string literal (detected at line 2) (<unknown>, line 2).
INFO:httpx:HTTP Request: POST http://localhost:8042/v1/chat/completions "HTTP/1.1 200 OK"
INFO:src.hipporag.HippoRAG:Encoding 3 queries for query_to_passage.
INFO:src.hipporag.HippoRAG:Encoding 1 queries for query_to_passage.
INFO:src.hipporag.HippoRAG:Encoding 1 queries for query_to_passage.
INFO:src.hipporag.HippoRAG:Encoding 1 queries for query_to_passage.
WARNING:src.hipporag.rerank:Rerank parse failed on attempt 1 for query 'What is the original surname for the actor who sang "It\'s a De-Lovely" in the 1962 revival of "Anything Goes"?': Error parsing raw response as candidate selection: Unable to parse structured payload: unterminated string literal (detected at line 2) (<unknown>, line 2).
INFO:src.hipporag.HippoRAG:Encoding 2 queries for query_to_passage.
INFO:src.hipporag.HippoRAG:Encoding 1 queries for query_to_passage.
INFO:src.hipporag.HippoRAG:Encoding 1 queries for query_to_passage.
WARNING:src.hipporag.rerank:Rerank parse failed on attempt 1 for query 'What is the year of the event that occured first, Making Today a Perfect Day was produced, or Frozen was produced?': Error parsing raw response as candidate selection: Unable to parse structured payload: unterminated string literal (detected at line 2) (<unknown>, line 2).
INFO:src.hipporag.HippoRAG:Encoding 2 queries for query_to_passage.
INFO:src.hipporag.HippoRAG:Encoding 1 queries for query_to_passage.
INFO:src.hipporag.HippoRAG:Encoding 2 queries for query_to_passage.
INFO:src.hipporag.HippoRAG:Encoding 1 queries for query_to_passage.
INFO:src.hipporag.HippoRAG:Encoding 1 queries for query_to_passage.
INFO:src.hipporag.HippoRAG:Encoding 2 queries for query_to_passage.
INFO:src.hipporag.HippoRAG:Encoding 1 queries for query_to_passage.
INFO:src.hipporag.HippoRAG:Encoding 3 queries for query_to_passage.
WARNING:src.hipporag.rerank:Rerank parse failed on attempt 1 for query 'The father of Manning Marius Kimmel retired from the Navy in what year?': Error parsing raw response as candidate selection: Unable to parse structured payload: unterminated string literal (detected at line 2) (<unknown>, line 2).
INFO:src.hipporag.HippoRAG:Encoding 2 queries for query_to_passage.
INFO:src.hipporag.HippoRAG:Encoding 1 queries for query_to_passage.
INFO:src.hipporag.HippoRAG:Encoding 1 queries for query_to_passage.
INFO:src.hipporag.HippoRAG:Encoding 2 queries for query_to_passage.
INFO:src.hipporag.HippoRAG:Encoding 1 queries for query_to_passage.
INFO:src.hipporag.HippoRAG:Encoding 2 queries for query_to_passage.
INFO:src.hipporag.HippoRAG:Encoding 1 queries for query_to_passage.
INFO:src.hipporag.HippoRAG:Encoding 1 queries for query_to_passage.
INFO:src.hipporag.HippoRAG:Encoding 1 queries for query_to_passage.
INFO:src.hipporag.HippoRAG:Encoding 1 queries for query_to_passage.
INFO:src.hipporag.HippoRAG:Encoding 3 queries for query_to_passage.
INFO:src.hipporag.HippoRAG:Encoding 1 queries for query_to_passage.
INFO:src.hipporag.HippoRAG:Encoding 3 queries for query_to_passage.
INFO:src.hipporag.HippoRAG:Encoding 1 queries for query_to_passage.
INFO:src.hipporag.HippoRAG:Encoding 1 queries for query_to_passage.
INFO:src.hipporag.HippoRAG:Encoding 2 queries for query_to_passage.
INFO:src.hipporag.HippoRAG:Encoding 1 queries for query_to_passage.
INFO:src.hipporag.HippoRAG:Encoding 1 queries for query_to_passage.
INFO:src.hipporag.HippoRAG:Encoding 1 queries for query_to_passage.
WARNING:src.hipporag.rerank:Rerank parse failed on attempt 1 for query 'Friedrich Ratzel coined the phrase Lebensraum; which political movement made it notorious by taking it to extremes?': Error parsing raw response as candidate selection: Unable to parse structured payload: invalid syntax (<unknown>, line 1).
INFO:src.hipporag.HippoRAG:Encoding 2 queries for query_to_passage.
WARNING:src.hipporag.rerank:Rerank parse failed on attempt 1 for query 'Which How to Steal a Million actor attended the Royal Academy of Dramatic Art?': Error parsing raw response as candidate selection: Unable to parse structured payload: unterminated string literal (detected at line 2) (<unknown>, line 2).
INFO:src.hipporag.HippoRAG:Encoding 2 queries for query_to_passage.
INFO:src.hipporag.HippoRAG:Encoding 1 queries for query_to_passage.
WARNING:src.hipporag.rerank:Rerank parse failed on attempt 1 for query 'Which former mill town is near Rivington Hall Barn?': Error parsing raw response as candidate selection: Unable to parse structured payload: unterminated string literal (detected at line 2) (<unknown>, line 2).
INFO:src.hipporag.HippoRAG:Encoding 2 queries for query_to_passage.
INFO:src.hipporag.HippoRAG:Encoding 1 queries for query_to_passage.
INFO:src.hipporag.HippoRAG:Encoding 1 queries for query_to_passage.
INFO:src.hipporag.HippoRAG:Encoding 1 queries for query_to_passage.
WARNING:src.hipporag.rerank:Rerank parse failed on attempt 1 for query 'What 4-D film attraction at Walt Disney World is based off a 2004 computer-animated Christmas movie?': Error parsing raw response as candidate selection: Unable to parse structured payload: unterminated string literal (detected at line 2) (<unknown>, line 2).
INFO:httpx:HTTP Request: POST http://localhost:8042/v1/chat/completions "HTTP/1.1 200 OK"
INFO:src.hipporag.HippoRAG:Encoding 1 queries for query_to_passage.
INFO:src.hipporag.HippoRAG:Encoding 3 queries for query_to_passage.
INFO:src.hipporag.HippoRAG:Encoding 1 queries for query_to_passage.
INFO:src.hipporag.HippoRAG:Encoding 3 queries for query_to_passage.
INFO:src.hipporag.HippoRAG:Encoding 1 queries for query_to_passage.
WARNING:src.hipporag.rerank:Rerank parse failed on attempt 1 for query 'What is the name of the number-one single featuring the winner of Celebrity Apprentice 3?': Error parsing raw response as candidate selection: Unable to parse structured payload: unterminated string literal (detected at line 2) (<unknown>, line 2).
INFO:src.hipporag.HippoRAG:Encoding 2 queries for query_to_passage.
INFO:src.hipporag.HippoRAG:Encoding 1 queries for query_to_passage.
INFO:src.hipporag.HippoRAG:Encoding 4 queries for query_to_passage.
INFO:src.hipporag.HippoRAG:Encoding 1 queries for query_to_passage.
WARNING:src.hipporag.rerank:Rerank parse failed on attempt 1 for query 'The Northern Circuit dates from a year when a King of England married to whom sent his justices on circuit?': Error parsing raw response as candidate selection: Unable to parse structured payload: unterminated string literal (detected at line 2) (<unknown>, line 2).
INFO:src.hipporag.HippoRAG:Encoding 3 queries for query_to_passage.
WARNING:src.hipporag.rerank:Rerank parse failed on attempt 1 for query 'Which movie was released first, Return to Oz or Midnight Madness?': Error parsing raw response as candidate selection: Unable to parse structured payload: unterminated string literal (detected at line 2) (<unknown>, line 2).
INFO:src.hipporag.HippoRAG:Encoding 3 queries for query_to_passage.
INFO:src.hipporag.HippoRAG:Encoding 1 queries for query_to_passage.
INFO:src.hipporag.HippoRAG:Encoding 1 queries for query_to_passage.
WARNING:src.hipporag.rerank:Rerank parse failed on attempt 1 for query 'Which retired Argentine footballer who played as a forward was a main player for Valencia CF?': Error parsing raw response as candidate selection: Unable to parse structured payload: unterminated string literal (detected at line 2) (<unknown>, line 2).
INFO:src.hipporag.HippoRAG:Encoding 1 queries for query_to_passage.
INFO:src.hipporag.HippoRAG:Encoding 3 queries for query_to_passage.
INFO:src.hipporag.HippoRAG:Encoding 1 queries for query_to_passage.
INFO:src.hipporag.HippoRAG:Encoding 1 queries for query_to_passage.
INFO:src.hipporag.HippoRAG:Encoding 1 queries for query_to_passage.
WARNING:src.hipporag.rerank:Rerank parse failed on attempt 1 for query 'Jared Has Aides was about the spokesperson for which company?': Error parsing raw response as candidate selection: Unable to parse structured payload: unterminated string literal (detected at line 4) (<unknown>, line 4).
INFO:src.hipporag.HippoRAG:Encoding 1 queries for query_to_passage.
INFO:src.hipporag.HippoRAG:Encoding 3 queries for query_to_passage.
WARNING:src.hipporag.rerank:Rerank parse failed on attempt 1 for query "Which date occurred first the end of Riley Hawk's amateur career or end of production of Skateboard Magazine ?": Error parsing raw response as candidate selection: Unable to parse structured payload: unterminated string literal (detected at line 4) (<unknown>, line 4).
INFO:src.hipporag.HippoRAG:Encoding 3 queries for query_to_passage.
INFO:src.hipporag.HippoRAG:Encoding 1 queries for query_to_passage.
INFO:src.hipporag.HippoRAG:Encoding 1 queries for query_to_passage.
INFO:src.hipporag.HippoRAG:Encoding 3 queries for query_to_passage.
INFO:src.hipporag.HippoRAG:Encoding 1 queries for query_to_passage.
INFO:src.hipporag.HippoRAG:Encoding 1 queries for query_to_passage.
WARNING:src.hipporag.rerank:Rerank parse failed on attempt 1 for query 'Taylor Momsen and Craig Mabbitt from Escape the Fate have what in common?': Error parsing raw response as candidate selection: Unable to parse structured payload: unterminated string literal (detected at line 2) (<unknown>, line 2).
INFO:src.hipporag.HippoRAG:Encoding 2 queries for query_to_passage.
INFO:src.hipporag.HippoRAG:Encoding 1 queries for query_to_passage.
INFO:src.hipporag.HippoRAG:Encoding 1 queries for query_to_passage.
INFO:src.hipporag.HippoRAG:Encoding 1 queries for query_to_passage.
WARNING:src.hipporag.rerank:Rerank parse failed on attempt 1 for query 'Les Ottolenghi was previously the Chief Information Officer at what casino in Paradise, Nevada?': Error parsing raw response as candidate selection: Unable to parse structured payload: unterminated string literal (detected at line 2) (<unknown>, line 2).
INFO:src.hipporag.HippoRAG:Encoding 2 queries for query_to_passage.
INFO:src.hipporag.HippoRAG:Encoding 1 queries for query_to_passage.
INFO:src.hipporag.HippoRAG:Encoding 1 queries for query_to_passage.
INFO:src.hipporag.HippoRAG:Encoding 1 queries for query_to_passage.
INFO:src.hipporag.HippoRAG:Encoding 2 queries for query_to_passage.
INFO:src.hipporag.HippoRAG:Encoding 1 queries for query_to_passage.
INFO:src.hipporag.HippoRAG:Encoding 1 queries for query_to_passage.
WARNING:src.hipporag.rerank:Rerank parse failed on attempt 1 for query 'Where was the original line of the railroad William Howard worked for?': Error parsing raw response as candidate selection: Unable to parse structured payload: unterminated string literal (detected at line 2) (<unknown>, line 2).
INFO:src.hipporag.HippoRAG:Encoding 2 queries for query_to_passage.
INFO:src.hipporag.HippoRAG:Encoding 1 queries for query_to_passage.
INFO:src.hipporag.HippoRAG:Encoding 2 queries for query_to_passage.
INFO:src.hipporag.HippoRAG:Encoding 1 queries for query_to_passage.
WARNING:src.hipporag.rerank:Rerank parse failed on attempt 1 for query 'Li Yitong played Huang Rong is a tv series directed by who?': Error parsing raw response as candidate selection: Unable to parse structured payload: unterminated string literal (detected at line 2) (<unknown>, line 2).
INFO:src.hipporag.HippoRAG:Encoding 2 queries for query_to_passage.
WARNING:src.hipporag.rerank:Rerank parse failed on attempt 1 for query 'How many major novels did the author write, whose 1811 book was adapted for a 2008 film with a screenplay by Andrew Davies ?': Error parsing raw response as candidate selection: Unable to parse structured payload: unterminated string literal (detected at line 1) (<unknown>, line 1).
INFO:src.hipporag.HippoRAG:Encoding 3 queries for query_to_passage.
INFO:src.hipporag.HippoRAG:Encoding 1 queries for query_to_passage.
INFO:src.hipporag.HippoRAG:Encoding 1 queries for query_to_passage.
INFO:src.hipporag.HippoRAG:Encoding 1 queries for query_to_passage.
WARNING:src.hipporag.rerank:Rerank parse failed on attempt 1 for query 'What aviator participated to the Transatlantic flight organized by the "heir apparent" to Italian dictator Benito Mussolini?': Error parsing raw response as candidate selection: Unable to parse structured payload: unterminated string literal (detected at line 2) (<unknown>, line 2).
INFO:src.hipporag.HippoRAG:Encoding 2 queries for query_to_passage.
INFO:src.hipporag.HippoRAG:Encoding 1 queries for query_to_passage.
INFO:src.hipporag.HippoRAG:Encoding 1 queries for query_to_passage.
WARNING:src.hipporag.rerank:Rerank parse failed on attempt 1 for query 'Which mechanical device which engages and disengages power transmission  uses brake fluid?': Error parsing raw response as candidate selection: Unable to parse structured payload: unterminated string literal (detected at line 1) (<unknown>, line 1).
INFO:src.hipporag.HippoRAG:Encoding 2 queries for query_to_passage.
INFO:src.hipporag.HippoRAG:Encoding 1 queries for query_to_passage.
WARNING:src.hipporag.rerank:Rerank parse failed on attempt 1 for query "Between Gareth Evans and Pierre Chenal, who's had a more diver career?": Error parsing raw response as candidate selection: Unable to parse structured payload: unterminated string literal (detected at line 2) (<unknown>, line 2).
INFO:src.hipporag.HippoRAG:Encoding 3 queries for query_to_passage.
INFO:src.hipporag.HippoRAG:Encoding 2 queries for query_to_passage.
INFO:src.hipporag.HippoRAG:Encoding 1 queries for query_to_passage.
INFO:src.hipporag.HippoRAG:Encoding 1 queries for query_to_passage.
WARNING:src.hipporag.rerank:Rerank parse failed on attempt 1 for query 'Who is Bruce Spizer an expert on, known as the most influential act of the rock era?': Error parsing raw response as candidate selection: Unable to parse structured payload: unterminated string literal (detected at line 2) (<unknown>, line 2).
INFO:src.hipporag.HippoRAG:Encoding 2 queries for query_to_passage.
INFO:src.hipporag.HippoRAG:Encoding 1 queries for query_to_passage.
WARNING:src.hipporag.rerank:Rerank parse failed on attempt 1 for query 'How many records had the team sold before performing "aint thinkin\' \'bout you"?': Error parsing raw response as candidate selection: Unable to parse structured payload: unterminated string literal (detected at line 2) (<unknown>, line 2).
INFO:src.hipporag.HippoRAG:Encoding 1 queries for query_to_passage.
WARNING:src.hipporag.rerank:Rerank parse failed on attempt 1 for query 'Which American politician who served as United States Senator from 1971 to 1989 was Governor of Florida before Buddy MacKay?': Error parsing raw response as candidate selection: Unable to parse structured payload: unterminated string literal (detected at line 2) (<unknown>, line 2).
INFO:src.hipporag.HippoRAG:Encoding 2 queries for query_to_passage.
INFO:src.hipporag.HippoRAG:Encoding 1 queries for query_to_passage.
INFO:src.hipporag.HippoRAG:Encoding 1 queries for query_to_passage.
INFO:src.hipporag.HippoRAG:Encoding 1 queries for query_to_passage.
INFO:src.hipporag.HippoRAG:Encoding 2 queries for query_to_passage.
INFO:src.hipporag.HippoRAG:Encoding 1 queries for query_to_passage.
WARNING:src.hipporag.rerank:Rerank parse failed on attempt 1 for query 'Who achieved more academically, Andrea Martin or Mark Hoplamazian?': Error parsing raw response as candidate selection: Unable to parse structured payload: unterminated string literal (detected at line 4) (<unknown>, line 4).
INFO:httpx:HTTP Request: POST http://localhost:8042/v1/chat/completions "HTTP/1.1 200 OK"
INFO:src.hipporag.HippoRAG:Encoding 3 queries for query_to_passage.
INFO:src.hipporag.HippoRAG:Encoding 2 queries for query_to_passage.
INFO:src.hipporag.HippoRAG:Encoding 1 queries for query_to_passage.
INFO:httpx:HTTP Request: POST http://localhost:8042/v1/chat/completions "HTTP/1.1 200 OK"
INFO:src.hipporag.HippoRAG:Encoding 3 queries for query_to_passage.
INFO:src.hipporag.HippoRAG:Encoding 1 queries for query_to_passage.
INFO:src.hipporag.HippoRAG:Encoding 1 queries for query_to_passage.
INFO:httpx:HTTP Request: POST http://localhost:8042/v1/chat/completions "HTTP/1.1 200 OK"
INFO:src.hipporag.HippoRAG:Encoding 2 queries for query_to_passage.
INFO:src.hipporag.HippoRAG:Encoding 1 queries for query_to_passage.
WARNING:src.hipporag.rerank:Rerank parse failed on attempt 1 for query 'Which has more species, Festuca or Dactylis?': Error parsing raw response as candidate selection: Unable to parse structured payload: unterminated string literal (detected at line 2) (<unknown>, line 2).
INFO:src.hipporag.HippoRAG:Encoding 3 queries for query_to_passage.
INFO:src.hipporag.HippoRAG:Encoding 1 queries for query_to_passage.
INFO:src.hipporag.HippoRAG:Encoding 1 queries for query_to_passage.
INFO:src.hipporag.HippoRAG:Encoding 1 queries for query_to_passage.
WARNING:src.hipporag.rerank:Rerank parse failed on attempt 1 for query 'Which building is taller Bertelsmann Building or 432 Park Avenue?': Error parsing raw response as candidate selection: Unable to parse structured payload: unterminated string literal (detected at line 2) (<unknown>, line 2).
INFO:src.hipporag.HippoRAG:Encoding 3 queries for query_to_passage.
WARNING:src.hipporag.rerank:Rerank parse failed on attempt 1 for query 'Are both American Foxhound and Löwchen types of Foxhounds?': Error parsing raw response as candidate selection: Unable to parse structured payload: unterminated string literal (detected at line 2) (<unknown>, line 2).
INFO:src.hipporag.HippoRAG:Encoding 3 queries for query_to_passage.
INFO:src.hipporag.HippoRAG:Encoding 1 queries for query_to_passage.
INFO:src.hipporag.HippoRAG:Encoding 1 queries for query_to_passage.
INFO:src.hipporag.HippoRAG:Encoding 1 queries for query_to_passage.
INFO:src.hipporag.HippoRAG:Encoding 1 queries for query_to_passage.
INFO:src.hipporag.HippoRAG:Encoding 4 queries for query_to_passage.
WARNING:src.hipporag.rerank:Rerank parse failed on attempt 1 for query 'What is the name of the daughter of the Irish entertainer in the girl band Maxi, Dick and Twink?': Error parsing raw response as candidate selection: Unable to parse structured payload: unterminated string literal (detected at line 6) (<unknown>, line 6).
INFO:src.hipporag.HippoRAG:Encoding 2 queries for query_to_passage.
INFO:src.hipporag.HippoRAG:Encoding 1 queries for query_to_passage.
INFO:src.hipporag.HippoRAG:Encoding 1 queries for query_to_passage.
WARNING:src.hipporag.rerank:Rerank parse failed on attempt 1 for query 'Which Kevin Costner movie included an actor who also starred in "Little Big League"?': Error parsing raw response as candidate selection: Unable to parse structured payload: unterminated string literal (detected at line 2) (<unknown>, line 2).
INFO:src.hipporag.HippoRAG:Encoding 3 queries for query_to_passage.
INFO:src.hipporag.HippoRAG:Encoding 1 queries for query_to_passage.
INFO:src.hipporag.HippoRAG:Encoding 1 queries for query_to_passage.
INFO:src.hipporag.HippoRAG:Encoding 1 queries for query_to_passage.
INFO:src.hipporag.HippoRAG:Encoding 1 queries for query_to_passage.
INFO:src.hipporag.HippoRAG:Encoding 3 queries for query_to_passage.
INFO:src.hipporag.HippoRAG:Encoding 1 queries for query_to_passage.
INFO:src.hipporag.HippoRAG:Encoding 1 queries for query_to_passage.
INFO:src.hipporag.HippoRAG:Encoding 1 queries for query_to_passage.
INFO:src.hipporag.HippoRAG:Encoding 3 queries for query_to_passage.
INFO:src.hipporag.HippoRAG:Encoding 1 queries for query_to_passage.
INFO:src.hipporag.HippoRAG:Encoding 1 queries for query_to_passage.
INFO:httpx:HTTP Request: POST http://localhost:8042/v1/chat/completions "HTTP/1.1 200 OK"
INFO:src.hipporag.HippoRAG:Encoding 2 queries for query_to_passage.
INFO:src.hipporag.HippoRAG:Encoding 1 queries for query_to_passage.
INFO:src.hipporag.HippoRAG:Encoding 2 queries for query_to_passage.
INFO:src.hipporag.HippoRAG:Encoding 1 queries for query_to_passage.
INFO:httpx:HTTP Request: POST http://localhost:8042/v1/chat/completions "HTTP/1.1 200 OK"
INFO:src.hipporag.HippoRAG:Encoding 2 queries for query_to_passage.
INFO:src.hipporag.HippoRAG:Encoding 1 queries for query_to_passage.
INFO:src.hipporag.HippoRAG:Encoding 1 queries for query_to_passage.
INFO:src.hipporag.HippoRAG:Encoding 1 queries for query_to_passage.
INFO:src.hipporag.HippoRAG:Encoding 1 queries for query_to_passage.
INFO:src.hipporag.HippoRAG:Encoding 1 queries for query_to_passage.
INFO:src.hipporag.HippoRAG:Encoding 4 queries for query_to_passage.
INFO:src.hipporag.HippoRAG:Encoding 1 queries for query_to_passage.
INFO:src.hipporag.HippoRAG:Encoding 1 queries for query_to_passage.
INFO:src.hipporag.HippoRAG:Encoding 3 queries for query_to_passage.
INFO:src.hipporag.HippoRAG:Encoding 1 queries for query_to_passage.
INFO:src.hipporag.HippoRAG:Encoding 1 queries for query_to_passage.
INFO:src.hipporag.HippoRAG:Encoding 1 queries for query_to_passage.
INFO:src.hipporag.HippoRAG:Encoding 1 queries for query_to_passage.
INFO:src.hipporag.HippoRAG:Encoding 2 queries for query_to_passage.
INFO:src.hipporag.HippoRAG:Encoding 1 queries for query_to_passage.
INFO:src.hipporag.HippoRAG:Encoding 2 queries for query_to_passage.
INFO:src.hipporag.HippoRAG:Encoding 1 queries for query_to_passage.
INFO:src.hipporag.HippoRAG:Encoding 1 queries for query_to_passage.
INFO:src.hipporag.HippoRAG:Encoding 3 queries for query_to_passage.
WARNING:src.hipporag.rerank:Rerank parse failed on attempt 1 for query 'Who wrote the 1970 international hit song Murray Head is most recognized for?': Error parsing raw response as candidate selection: Unable to parse structured payload: unterminated string literal (detected at line 2) (<unknown>, line 2).
INFO:src.hipporag.HippoRAG:Encoding 2 queries for query_to_passage.
INFO:src.hipporag.HippoRAG:Encoding 1 queries for query_to_passage.
INFO:src.hipporag.HippoRAG:Encoding 1 queries for query_to_passage.
WARNING:src.hipporag.rerank:Rerank parse failed on attempt 1 for query 'Where is the singer of "B Boy" raised?': Error parsing raw response as candidate selection: Unable to parse structured payload: unterminated string literal (detected at line 2) (<unknown>, line 2).
INFO:src.hipporag.HippoRAG:Encoding 2 queries for query_to_passage.
INFO:src.hipporag.HippoRAG:Encoding 1 queries for query_to_passage.
INFO:src.hipporag.HippoRAG:Encoding 1 queries for query_to_passage.
INFO:src.hipporag.HippoRAG:Encoding 1 queries for query_to_passage.
INFO:src.hipporag.HippoRAG:Encoding 2 queries for query_to_passage.
INFO:src.hipporag.HippoRAG:Encoding 1 queries for query_to_passage.
INFO:src.hipporag.HippoRAG:Encoding 1 queries for query_to_passage.
INFO:src.hipporag.HippoRAG:Encoding 1 queries for query_to_passage.
INFO:src.hipporag.HippoRAG:Encoding 2 queries for query_to_passage.
INFO:src.hipporag.HippoRAG:Encoding 1 queries for query_to_passage.
WARNING:src.hipporag.rerank:Rerank parse failed on attempt 1 for query 'What role did the actor who played Colonel Sherman T. Potter in "M*A*S*H" play in "Kentucky Jones"': Error parsing raw response as candidate selection: Unable to parse structured payload: unterminated string literal (detected at line 2) (<unknown>, line 2).
INFO:src.hipporag.HippoRAG:Encoding 2 queries for query_to_passage.
INFO:src.hipporag.HippoRAG:Encoding 1 queries for query_to_passage.
INFO:src.hipporag.HippoRAG:Encoding 1 queries for query_to_passage.
WARNING:src.hipporag.rerank:Rerank parse failed on attempt 1 for query 'The owner of radio station KWPW has the same name as an American character actor. What is it?': Error parsing raw response as candidate selection: Unable to parse structured payload: unterminated string literal (detected at line 2) (<unknown>, line 2).
INFO:src.hipporag.HippoRAG:Encoding 2 queries for query_to_passage.
INFO:src.hipporag.HippoRAG:Encoding 1 queries for query_to_passage.
WARNING:src.hipporag.rerank:Rerank parse failed on attempt 1 for query 'George Tawengwa was the first black person to buy a farm located in a country now known as which country ?': Error parsing raw response as candidate selection: Unable to parse structured payload: unterminated string literal (detected at line 4) (<unknown>, line 4).
INFO:src.hipporag.HippoRAG:Encoding 2 queries for query_to_passage.
INFO:src.hipporag.HippoRAG:Encoding 1 queries for query_to_passage.
INFO:src.hipporag.HippoRAG:Encoding 1 queries for query_to_passage.
INFO:src.hipporag.HippoRAG:Encoding 3 queries for query_to_passage.
WARNING:src.hipporag.rerank:Rerank parse failed on attempt 1 for query 'Command and Control was a book that discusses the 1980 incident in what state?': Error parsing raw response as candidate selection: Unable to parse structured payload: unterminated string literal (detected at line 2) (<unknown>, line 2).
INFO:src.hipporag.HippoRAG:Encoding 2 queries for query_to_passage.
INFO:src.hipporag.HippoRAG:Encoding 1 queries for query_to_passage.
INFO:src.hipporag.HippoRAG:Encoding 2 queries for query_to_passage.
INFO:src.hipporag.HippoRAG:Encoding 1 queries for query_to_passage.
WARNING:src.hipporag.rerank:Rerank parse failed on attempt 1 for query 'Of which painting was this German dancer, actress, and writer who lived during the Weimar period and appeared in the 1918 German silent drama film "The Story of': Error parsing raw response as candidate selection: Unable to parse structured payload: unterminated string literal (detected at line 2) (<unknown>, line 2).
INFO:src.hipporag.HippoRAG:Encoding 2 queries for query_to_passage.
INFO:src.hipporag.HippoRAG:Encoding 1 queries for query_to_passage.
WARNING:src.hipporag.rerank:Rerank parse failed on attempt 1 for query 'In the USA, gun powder is used in conjunction with this to start the Boomershot.': Error parsing raw response as candidate selection: Unable to parse structured payload: unterminated string literal (detected at line 2) (<unknown>, line 2).
INFO:src.hipporag.HippoRAG:Encoding 1 queries for query_to_passage.
INFO:src.hipporag.HippoRAG:Encoding 3 queries for query_to_passage.
INFO:src.hipporag.HippoRAG:Encoding 1 queries for query_to_passage.
INFO:src.hipporag.HippoRAG:Encoding 1 queries for query_to_passage.
INFO:src.hipporag.HippoRAG:Encoding 1 queries for query_to_passage.
INFO:src.hipporag.HippoRAG:Encoding 1 queries for query_to_passage.
INFO:src.hipporag.HippoRAG:Encoding 1 queries for query_to_passage.
INFO:src.hipporag.HippoRAG:Encoding 1 queries for query_to_passage.
WARNING:src.hipporag.rerank:Rerank parse failed on attempt 1 for query 'What park is just south of the location where the New York Jets played prior to moving to Shea Stadium?': Error parsing raw response as candidate selection: Unable to parse structured payload: unterminated string literal (detected at line 2) (<unknown>, line 2).
INFO:httpx:HTTP Request: POST http://localhost:8042/v1/chat/completions "HTTP/1.1 200 OK"
INFO:src.hipporag.HippoRAG:Encoding 2 queries for query_to_passage.
INFO:src.hipporag.HippoRAG:Encoding 1 queries for query_to_passage.
INFO:src.hipporag.HippoRAG:Encoding 1 queries for query_to_passage.
INFO:src.hipporag.HippoRAG:Encoding 1 queries for query_to_passage.
WARNING:src.hipporag.rerank:Rerank parse failed on attempt 1 for query 'Did both  Slaughter-House Cases and United States v. Darby Lumber Co. involve civil rights law?': Error parsing raw response as candidate selection: Unable to parse structured payload: unterminated string literal (detected at line 2) (<unknown>, line 2).
INFO:src.hipporag.HippoRAG:Encoding 3 queries for query_to_passage.
WARNING:src.hipporag.rerank:Rerank parse failed on attempt 1 for query "Where did Cale Gundy's brother play football in college?": Error parsing raw response as candidate selection: Unable to parse structured payload: unterminated string literal (detected at line 10) (<unknown>, line 10).
INFO:src.hipporag.HippoRAG:Encoding 2 queries for query_to_passage.
INFO:src.hipporag.HippoRAG:Encoding 1 queries for query_to_passage.
WARNING:src.hipporag.rerank:Rerank parse failed on attempt 1 for query 'Who constructed Auburn the Antebellum mansion and was accused of the Manhattan Well Murder?': Error parsing raw response as candidate selection: Unable to parse structured payload: unterminated string literal (detected at line 2) (<unknown>, line 2).
INFO:src.hipporag.HippoRAG:Encoding 4 queries for query_to_passage.
INFO:src.hipporag.HippoRAG:Encoding 1 queries for query_to_passage.
INFO:src.hipporag.HippoRAG:Encoding 1 queries for query_to_passage.
INFO:src.hipporag.HippoRAG:Encoding 1 queries for query_to_passage.
INFO:src.hipporag.HippoRAG:Encoding 1 queries for query_to_passage.
INFO:src.hipporag.HippoRAG:Encoding 3 queries for query_to_passage.
INFO:src.hipporag.HippoRAG:Encoding 1 queries for query_to_passage.
INFO:src.hipporag.HippoRAG:Encoding 1 queries for query_to_passage.
INFO:src.hipporag.HippoRAG:Encoding 1 queries for query_to_passage.
INFO:src.hipporag.HippoRAG:Encoding 1 queries for query_to_passage.
INFO:src.hipporag.HippoRAG:Encoding 1 queries for query_to_passage.
INFO:src.hipporag.HippoRAG:Encoding 4 queries for query_to_passage.
INFO:src.hipporag.HippoRAG:Encoding 1 queries for query_to_passage.
INFO:src.hipporag.HippoRAG:Encoding 1 queries for query_to_passage.
INFO:src.hipporag.HippoRAG:Encoding 1 queries for query_to_passage.
INFO:src.hipporag.HippoRAG:Encoding 1 queries for query_to_passage.
INFO:src.hipporag.HippoRAG:Encoding 2 queries for query_to_passage.
INFO:src.hipporag.HippoRAG:Encoding 1 queries for query_to_passage.
INFO:src.hipporag.HippoRAG:Encoding 1 queries for query_to_passage.
INFO:src.hipporag.HippoRAG:Encoding 1 queries for query_to_passage.
INFO:src.hipporag.HippoRAG:Encoding 2 queries for query_to_passage.
WARNING:src.hipporag.rerank:Rerank parse failed on attempt 1 for query 'What other jobs did the man that co-produced Gyara Hazar Ladkian have?': Error parsing raw response as candidate selection: Unable to parse structured payload: unterminated string literal (detected at line 2) (<unknown>, line 2).
INFO:src.hipporag.HippoRAG:Encoding 2 queries for query_to_passage.
INFO:src.hipporag.HippoRAG:Encoding 1 queries for query_to_passage.
INFO:src.hipporag.HippoRAG:Encoding 1 queries for query_to_passage.
INFO:src.hipporag.HippoRAG:Encoding 1 queries for query_to_passage.
INFO:src.hipporag.HippoRAG:Encoding 2 queries for query_to_passage.
INFO:src.hipporag.HippoRAG:Encoding 1 queries for query_to_passage.
INFO:src.hipporag.HippoRAG:Encoding 1 queries for query_to_passage.
INFO:src.hipporag.HippoRAG:Encoding 1 queries for query_to_passage.
WARNING:src.hipporag.rerank:Rerank parse failed on attempt 1 for query 'Renáta Tomanová and Larisa Neiland are former professional athletes for what sport?': Error parsing raw response as candidate selection: Unable to parse structured payload: unterminated string literal (detected at line 4) (<unknown>, line 4).
INFO:src.hipporag.HippoRAG:Encoding 3 queries for query_to_passage.
INFO:src.hipporag.HippoRAG:Encoding 1 queries for query_to_passage.
WARNING:src.hipporag.rerank:Rerank parse failed on attempt 1 for query 'What is in both the Lithocarpus and Duranta species?': Error parsing raw response as candidate selection: Unable to parse structured payload: unterminated string literal (detected at line 2) (<unknown>, line 2).
INFO:src.hipporag.HippoRAG:Encoding 3 queries for query_to_passage.
INFO:src.hipporag.HippoRAG:Encoding 1 queries for query_to_passage.
INFO:src.hipporag.HippoRAG:Encoding 1 queries for query_to_passage.
INFO:src.hipporag.HippoRAG:Encoding 1 queries for query_to_passage.
INFO:src.hipporag.HippoRAG:Encoding 1 queries for query_to_passage.
WARNING:src.hipporag.rerank:Rerank parse failed on attempt 1 for query 'What medieval fortress is believed to refer to a chapel at the bottom of a hill?': Error parsing raw response as candidate selection: Unable to parse structured payload: unterminated string literal (detected at line 2) (<unknown>, line 2).
INFO:src.hipporag.HippoRAG:Encoding 1 queries for query_to_passage.
WARNING:src.hipporag.rerank:Rerank parse failed on attempt 1 for query 'When was the Russian composer who composed "Prisoner of the Caucasus" born?': Error parsing raw response as candidate selection: Unable to parse structured payload: unterminated string literal (detected at line 2) (<unknown>, line 2).
INFO:httpx:HTTP Request: POST http://localhost:8042/v1/chat/completions "HTTP/1.1 200 OK"
INFO:src.hipporag.HippoRAG:Encoding 2 queries for query_to_passage.
INFO:src.hipporag.HippoRAG:Encoding 1 queries for query_to_passage.
INFO:src.hipporag.HippoRAG:Encoding 2 queries for query_to_passage.
INFO:src.hipporag.HippoRAG:Encoding 1 queries for query_to_passage.
WARNING:src.hipporag.rerank:Rerank parse failed on attempt 1 for query "What religion is the composer for India's first science fiction film series?": Error parsing raw response as candidate selection: Unable to parse structured payload: unterminated string literal (detected at line 1) (<unknown>, line 1).
INFO:src.hipporag.HippoRAG:Encoding 2 queries for query_to_passage.
INFO:src.hipporag.HippoRAG:Encoding 1 queries for query_to_passage.
WARNING:src.hipporag.rerank:Rerank parse failed on attempt 1 for query 'Which feature film was released earlier, One Magic Christmas or Muppet Treasure Island?': Error parsing raw response as candidate selection: Unable to parse structured payload: unterminated string literal (detected at line 2) (<unknown>, line 2).
INFO:src.hipporag.HippoRAG:Encoding 3 queries for query_to_passage.
INFO:src.hipporag.HippoRAG:Encoding 1 queries for query_to_passage.
INFO:src.hipporag.HippoRAG:Encoding 1 queries for query_to_passage.
WARNING:src.hipporag.rerank:Rerank parse failed on attempt 1 for query 'Who was also an actor, Serri or John Fogerty?': Error parsing raw response as candidate selection: Unable to parse structured payload: unterminated string literal (detected at line 2) (<unknown>, line 2).
INFO:src.hipporag.HippoRAG:Encoding 4 queries for query_to_passage.
INFO:src.hipporag.HippoRAG:Encoding 1 queries for query_to_passage.
INFO:src.hipporag.HippoRAG:Encoding 1 queries for query_to_passage.
WARNING:src.hipporag.rerank:Rerank parse failed on attempt 1 for query 'In which Sottish Region is the castle in which] Sir Roger de Kirkpatrick was born ?': Error parsing raw response as candidate selection: Unable to parse structured payload: unterminated string literal (detected at line 2) (<unknown>, line 2).
INFO:httpx:HTTP Request: POST http://localhost:8042/v1/chat/completions "HTTP/1.1 200 OK"
INFO:src.hipporag.HippoRAG:Encoding 2 queries for query_to_passage.
INFO:src.hipporag.HippoRAG:Encoding 1 queries for query_to_passage.
INFO:src.hipporag.HippoRAG:Encoding 1 queries for query_to_passage.
WARNING:src.hipporag.rerank:Rerank parse failed on attempt 1 for query 'When was the American actor, film director which  Dana Brunetti is the president of his company born': Error parsing raw response as candidate selection: Unable to parse structured payload: unterminated string literal (detected at line 2) (<unknown>, line 2).
INFO:httpx:HTTP Request: POST http://localhost:8042/v1/chat/completions "HTTP/1.1 200 OK"
INFO:src.hipporag.HippoRAG:Encoding 3 queries for query_to_passage.
INFO:src.hipporag.HippoRAG:Encoding 1 queries for query_to_passage.
INFO:src.hipporag.HippoRAG:Encoding 1 queries for query_to_passage.
INFO:src.hipporag.HippoRAG:Encoding 1 queries for query_to_passage.
INFO:src.hipporag.HippoRAG:Encoding 1 queries for query_to_passage.
INFO:src.hipporag.HippoRAG:Encoding 1 queries for query_to_passage.
INFO:src.hipporag.HippoRAG:Encoding 1 queries for query_to_passage.
INFO:src.hipporag.HippoRAG:Encoding 1 queries for query_to_passage.
INFO:src.hipporag.HippoRAG:Encoding 4 queries for query_to_passage.
INFO:src.hipporag.HippoRAG:Encoding 1 queries for query_to_passage.
WARNING:src.hipporag.rerank:Rerank parse failed on attempt 1 for query 'Who was born first out of Leopold Lummerstorfer and Laurent Touil-Tartour?': Error parsing raw response as candidate selection: Unable to parse structured payload: unterminated string literal (detected at line 2) (<unknown>, line 2).
INFO:src.hipporag.HippoRAG:Encoding 3 queries for query_to_passage.
INFO:src.hipporag.HippoRAG:Encoding 2 queries for query_to_passage.
INFO:src.hipporag.HippoRAG:Encoding 1 queries for query_to_passage.
INFO:src.hipporag.HippoRAG:Encoding 1 queries for query_to_passage.
INFO:src.hipporag.HippoRAG:Encoding 3 queries for query_to_passage.
INFO:src.hipporag.HippoRAG:Encoding 1 queries for query_to_passage.
INFO:src.hipporag.HippoRAG:Encoding 2 queries for query_to_passage.
INFO:src.hipporag.HippoRAG:Encoding 1 queries for query_to_passage.
WARNING:src.hipporag.rerank:Rerank parse failed on attempt 1 for query 'What is the name of this suburb within the Central Coast Council local government area, where Tessa, of Microwave Jenny, grew up?': Error parsing raw response as candidate selection: Unable to parse structured payload: unterminated string literal (detected at line 2) (<unknown>, line 2).
INFO:src.hipporag.HippoRAG:Encoding 2 queries for query_to_passage.
INFO:src.hipporag.HippoRAG:Encoding 1 queries for query_to_passage.
WARNING:src.hipporag.rerank:Rerank parse failed on attempt 1 for query 'Sum 41 and Passion Pit have what in common?': Error parsing raw response as candidate selection: Unable to parse structured payload: unterminated string literal (detected at line 2) (<unknown>, line 2).
INFO:src.hipporag.HippoRAG:Encoding 2 queries for query_to_passage.
INFO:src.hipporag.HippoRAG:Encoding 1 queries for query_to_passage.
INFO:src.hipporag.HippoRAG:Encoding 1 queries for query_to_passage.
INFO:src.hipporag.HippoRAG:Encoding 1 queries for query_to_passage.
INFO:src.hipporag.HippoRAG:Encoding 1 queries for query_to_passage.
WARNING:src.hipporag.rerank:Rerank parse failed on attempt 1 for query 'What is the founding year of this public research university in the Netherlands, where Jan Borgman was a professor from 1968 to 1988?': Error parsing raw response as candidate selection: Unable to parse structured payload: unterminated string literal (detected at line 2) (<unknown>, line 2).
INFO:src.hipporag.HippoRAG:Encoding 2 queries for query_to_passage.
INFO:src.hipporag.HippoRAG:Encoding 1 queries for query_to_passage.
INFO:src.hipporag.HippoRAG:Encoding 2 queries for query_to_passage.
INFO:src.hipporag.HippoRAG:Encoding 1 queries for query_to_passage.
WARNING:src.hipporag.rerank:Rerank parse failed on attempt 1 for query 'Whistle and Yodel both specialize in what service?': Error parsing raw response as candidate selection: Unable to parse structured payload: unterminated string literal (detected at line 2) (<unknown>, line 2).
INFO:src.hipporag.HippoRAG:Encoding 1 queries for query_to_passage.
WARNING:src.hipporag.rerank:Rerank parse failed on attempt 1 for query "This One's for the Children had lead vocals by the singer and songwriter of what nationality?": Error parsing raw response as candidate selection: Unable to parse structured payload: unterminated string literal (detected at line 2) (<unknown>, line 2).
INFO:src.hipporag.HippoRAG:Encoding 2 queries for query_to_passage.
INFO:src.hipporag.HippoRAG:Encoding 1 queries for query_to_passage.
WARNING:src.hipporag.rerank:Rerank parse failed on attempt 1 for query 'Flynn Rider is voiced by which American actor and singer born September 29, 1980?': Error parsing raw response as candidate selection: Unable to parse structured payload: unterminated string literal (detected at line 2) (<unknown>, line 2).
INFO:src.hipporag.HippoRAG:Encoding 3 queries for query_to_passage.
INFO:src.hipporag.HippoRAG:Encoding 1 queries for query_to_passage.
INFO:src.hipporag.HippoRAG:Encoding 1 queries for query_to_passage.
INFO:src.hipporag.HippoRAG:Encoding 1 queries for query_to_passage.
INFO:src.hipporag.HippoRAG:Encoding 1 queries for query_to_passage.
INFO:src.hipporag.HippoRAG:Encoding 2 queries for query_to_passage.
INFO:src.hipporag.HippoRAG:Encoding 1 queries for query_to_passage.
INFO:src.hipporag.HippoRAG:Encoding 1 queries for query_to_passage.
WARNING:src.hipporag.rerank:Rerank parse failed on attempt 1 for query "Who was the ruler ousted by the 30th Prime Minister of Cambodia after Khmer Rouge's victory over the Lon Nol government?": Error parsing raw response as candidate selection: Unable to parse structured payload: unterminated string literal (detected at line 4) (<unknown>, line 4).
INFO:src.hipporag.HippoRAG:Encoding 4 queries for query_to_passage.
INFO:src.hipporag.HippoRAG:Encoding 1 queries for query_to_passage.
INFO:src.hipporag.HippoRAG:Encoding 1 queries for query_to_passage.
INFO:src.hipporag.HippoRAG:Encoding 1 queries for query_to_passage.
INFO:src.hipporag.HippoRAG:Encoding 1 queries for query_to_passage.
INFO:src.hipporag.HippoRAG:Encoding 3 queries for query_to_passage.
INFO:src.hipporag.HippoRAG:Encoding 1 queries for query_to_passage.
WARNING:src.hipporag.rerank:Rerank parse failed on attempt 1 for query 'Nuestra Belleza México 2010 was crowned by the winner of what other 2010 pageant, the winner of which was crowned on 23 August 2010?': Error parsing raw response as candidate selection: Unable to parse structured payload: unterminated string literal (detected at line 1) (<unknown>, line 1).
INFO:src.hipporag.HippoRAG:Encoding 2 queries for query_to_passage.
INFO:src.hipporag.HippoRAG:Encoding 1 queries for query_to_passage.
INFO:src.hipporag.HippoRAG:Encoding 1 queries for query_to_passage.
WARNING:src.hipporag.rerank:Rerank parse failed on attempt 1 for query 'Armie Hammer stars as Oliver in a film directed by who ?': Error parsing raw response as candidate selection: Unable to parse structured payload: unterminated string literal (detected at line 4) (<unknown>, line 4).
INFO:src.hipporag.HippoRAG:Encoding 1 queries for query_to_passage.
INFO:src.hipporag.HippoRAG:Encoding 1 queries for query_to_passage.
INFO:src.hipporag.HippoRAG:Encoding 1 queries for query_to_passage.
INFO:src.hipporag.HippoRAG:Encoding 2 queries for query_to_passage.
INFO:src.hipporag.HippoRAG:Encoding 1 queries for query_to_passage.
INFO:src.hipporag.HippoRAG:Encoding 2 queries for query_to_passage.
INFO:src.hipporag.HippoRAG:Encoding 1 queries for query_to_passage.
WARNING:src.hipporag.rerank:Rerank parse failed on attempt 1 for query 'When was the anthology, in which fisrt pages of The Incal" were released, created?': Error parsing raw response as candidate selection: Unable to parse structured payload: unterminated string literal (detected at line 1) (<unknown>, line 1).
INFO:src.hipporag.HippoRAG:Encoding 2 queries for query_to_passage.
INFO:src.hipporag.HippoRAG:Encoding 1 queries for query_to_passage.
INFO:src.hipporag.HippoRAG:Encoding 1 queries for query_to_passage.
INFO:src.hipporag.HippoRAG:Encoding 2 queries for query_to_passage.
INFO:src.hipporag.HippoRAG:Encoding 1 queries for query_to_passage.
INFO:src.hipporag.HippoRAG:Encoding 2 queries for query_to_passage.
INFO:src.hipporag.HippoRAG:Encoding 1 queries for query_to_passage.
INFO:src.hipporag.HippoRAG:Encoding 2 queries for query_to_passage.
INFO:src.hipporag.HippoRAG:Encoding 1 queries for query_to_passage.
INFO:src.hipporag.HippoRAG:Encoding 1 queries for query_to_passage.
WARNING:src.hipporag.rerank:Rerank parse failed on attempt 1 for query 'In the seventh-largest country in Africa, what is the oil prodcution of the city at the mouth of the Congo River?': Error parsing raw response as candidate selection: Unable to parse structured payload: unterminated string literal (detected at line 2) (<unknown>, line 2).
INFO:src.hipporag.HippoRAG:Encoding 3 queries for query_to_passage.
INFO:src.hipporag.HippoRAG:Encoding 1 queries for query_to_passage.
INFO:src.hipporag.HippoRAG:Encoding 1 queries for query_to_passage.
INFO:httpx:HTTP Request: POST http://localhost:8042/v1/chat/completions "HTTP/1.1 200 OK"
INFO:src.hipporag.HippoRAG:Encoding 3 queries for query_to_passage.
WARNING:src.hipporag.rerank:Rerank parse failed on attempt 1 for query 'Not About Angels was used in the film adaptation of what novel by John Green?': Error parsing raw response as candidate selection: Unable to parse structured payload: unterminated string literal (detected at line 2) (<unknown>, line 2).
INFO:src.hipporag.HippoRAG:Encoding 1 queries for query_to_passage.
WARNING:src.hipporag.rerank:Rerank parse failed on attempt 1 for query 'What year was the film "Mom" released, starring the voice of Shashaa Tirupati?': Error parsing raw response as candidate selection: Unable to parse structured payload: unterminated string literal (detected at line 20) (<unknown>, line 20).
INFO:src.hipporag.HippoRAG:Encoding 2 queries for query_to_passage.
INFO:src.hipporag.HippoRAG:Encoding 1 queries for query_to_passage.
WARNING:src.hipporag.rerank:Rerank parse failed on attempt 1 for query 'What bluegrass singer provides vocals for a song on the album which was released in September 2013 through PRMD Music?': Error parsing raw response as candidate selection: Unable to parse structured payload: unterminated string literal (detected at line 2) (<unknown>, line 2).
INFO:src.hipporag.HippoRAG:Encoding 2 queries for query_to_passage.
INFO:src.hipporag.HippoRAG:Encoding 2 queries for query_to_passage.
INFO:src.hipporag.HippoRAG:Encoding 2 queries for query_to_passage.
INFO:src.hipporag.HippoRAG:Encoding 1 queries for query_to_passage.
INFO:src.hipporag.HippoRAG:Encoding 3 queries for query_to_passage.
INFO:src.hipporag.HippoRAG:Encoding 1 queries for query_to_passage.
INFO:src.hipporag.HippoRAG:Encoding 1 queries for query_to_passage.
WARNING:src.hipporag.rerank:Rerank parse failed on attempt 1 for query 'Which actor that has performed as Inspector Javert in a Les Misérables production Has won the Laurence Olivier Award for Best Actor in a musical three times?': Error parsing raw response as candidate selection: Unable to parse structured payload: unterminated string literal (detected at line 2) (<unknown>, line 2).
INFO:src.hipporag.HippoRAG:Encoding 2 queries for query_to_passage.
INFO:src.hipporag.HippoRAG:Encoding 1 queries for query_to_passage.
WARNING:src.hipporag.rerank:Rerank parse failed on attempt 1 for query 'Of which band was the singer who released the record I Get Weak once a member ?': Error parsing raw response as candidate selection: Unable to parse structured payload: unterminated string literal (detected at line 8) (<unknown>, line 8).
INFO:src.hipporag.HippoRAG:Encoding 2 queries for query_to_passage.
INFO:src.hipporag.HippoRAG:Encoding 1 queries for query_to_passage.
INFO:src.hipporag.HippoRAG:Encoding 3 queries for query_to_passage.
INFO:src.hipporag.HippoRAG:Encoding 1 queries for query_to_passage.
INFO:src.hipporag.HippoRAG:Encoding 1 queries for query_to_passage.
INFO:src.hipporag.HippoRAG:Encoding 1 queries for query_to_passage.
INFO:src.hipporag.HippoRAG:Encoding 1 queries for query_to_passage.
WARNING:src.hipporag.rerank:Rerank parse failed on attempt 1 for query 'Wheelock Whitney is just one member of the Whitney Family. Where did this American family originate from?': Error parsing raw response as candidate selection: Unable to parse structured payload: unterminated string literal (detected at line 1) (<unknown>, line 1).
INFO:src.hipporag.HippoRAG:Encoding 1 queries for query_to_passage.
WARNING:src.hipporag.rerank:Rerank parse failed on attempt 1 for query 'Midland F1 Racing was a racing team that, in 2007, competed under what name for sponsorship reasons?': Error parsing raw response as candidate selection: Unable to parse structured payload: unterminated string literal (detected at line 2) (<unknown>, line 2).
INFO:src.hipporag.HippoRAG:Encoding 1 queries for query_to_passage.
WARNING:src.hipporag.rerank:Rerank parse failed on attempt 1 for query 'Giselle Cossard was known as Mother Giselle of what type of diety?': Error parsing raw response as candidate selection: Unable to parse structured payload: unterminated string literal (detected at line 2) (<unknown>, line 2).
INFO:src.hipporag.HippoRAG:Encoding 1 queries for query_to_passage.
WARNING:src.hipporag.rerank:Rerank parse failed on attempt 1 for query 'Which of the teams that Sun-woo Kim played on never won a division title?': Error parsing raw response as candidate selection: Unable to parse structured payload: unterminated string literal (detected at line 2) (<unknown>, line 2).
INFO:src.hipporag.HippoRAG:Encoding 3 queries for query_to_passage.
INFO:src.hipporag.HippoRAG:Encoding 1 queries for query_to_passage.
INFO:src.hipporag.HippoRAG:Encoding 1 queries for query_to_passage.
INFO:src.hipporag.HippoRAG:Encoding 1 queries for query_to_passage.
INFO:src.hipporag.HippoRAG:Encoding 3 queries for query_to_passage.
INFO:src.hipporag.HippoRAG:Encoding 1 queries for query_to_passage.
INFO:src.hipporag.HippoRAG:Encoding 1 queries for query_to_passage.
INFO:src.hipporag.HippoRAG:Encoding 1 queries for query_to_passage.
INFO:src.hipporag.HippoRAG:Encoding 2 queries for query_to_passage.
WARNING:src.hipporag.rerank:Rerank parse failed on attempt 1 for query 'What is the first two words of the fifth studio album of Joseph Edgar Foreman?': Error parsing raw response as candidate selection: Unable to parse structured payload: unterminated string literal (detected at line 2) (<unknown>, line 2).
INFO:src.hipporag.HippoRAG:Encoding 2 queries for query_to_passage.
INFO:src.hipporag.HippoRAG:Encoding 1 queries for query_to_passage.
WARNING:src.hipporag.rerank:Rerank parse failed on attempt 1 for query 'In what year was the soft drink that the Coca-Cola Company designed Red Flash to compete against created?': Error parsing raw response as candidate selection: Unable to parse structured payload: unterminated string literal (detected at line 2) (<unknown>, line 2).
INFO:src.hipporag.HippoRAG:Encoding 2 queries for query_to_passage.
WARNING:src.hipporag.rerank:Rerank parse failed on attempt 1 for query 'Which "The Chronicles of Narnia" character is prominently featured in "The Lion, the Witch and the Wardrobe" and is a close friend with Lucy Pevensie whom she m': Error parsing raw response as candidate selection: Unable to parse structured payload: unterminated string literal (detected at line 2) (<unknown>, line 2).
INFO:src.hipporag.HippoRAG:Encoding 2 queries for query_to_passage.
WARNING:src.hipporag.rerank:Rerank parse failed on attempt 1 for query 'J.B. Scotts located on this 11 mile stretch in Albany New York and is also known by this name in Schenectady County?': Error parsing raw response as candidate selection: Unable to parse structured payload: unterminated string literal (detected at line 2) (<unknown>, line 2).
INFO:src.hipporag.HippoRAG:Encoding 2 queries for query_to_passage.
INFO:src.hipporag.HippoRAG:Encoding 1 queries for query_to_passage.
INFO:src.hipporag.HippoRAG:Encoding 1 queries for query_to_passage.
WARNING:src.hipporag.rerank:Rerank parse failed on attempt 1 for query 'What county in Minnesota holds a 202 lb slab of greywacke covered in runes?': Error parsing raw response as candidate selection: Unable to parse structured payload: unterminated string literal (detected at line 2) (<unknown>, line 2).
INFO:src.hipporag.HippoRAG:Encoding 1 queries for query_to_passage.
INFO:httpx:HTTP Request: POST http://localhost:8042/v1/chat/completions "HTTP/1.1 200 OK"
INFO:src.hipporag.HippoRAG:Encoding 3 queries for query_to_passage.
INFO:src.hipporag.HippoRAG:Encoding 1 queries for query_to_passage.
WARNING:src.hipporag.rerank:Rerank parse failed on attempt 1 for query 'What is the name of the fashion label that the founder of the Faena Arts Center founded in 1985?': Error parsing raw response as candidate selection: Unable to parse structured payload: unterminated string literal (detected at line 2) (<unknown>, line 2).
INFO:src.hipporag.HippoRAG:Encoding 2 queries for query_to_passage.
INFO:src.hipporag.HippoRAG:Encoding 1 queries for query_to_passage.
INFO:src.hipporag.HippoRAG:Encoding 1 queries for query_to_passage.
WARNING:src.hipporag.rerank:Rerank parse failed on attempt 1 for query 'What championship did the person who substituted for Simon Pagenaud secure a contract to drive in 2017?': Error parsing raw response as candidate selection: Unable to parse structured payload: unterminated string literal (detected at line 2) (<unknown>, line 2).
INFO:src.hipporag.HippoRAG:Encoding 2 queries for query_to_passage.
INFO:src.hipporag.HippoRAG:Encoding 1 queries for query_to_passage.
INFO:src.hipporag.HippoRAG:Encoding 1 queries for query_to_passage.
INFO:src.hipporag.HippoRAG:Encoding 3 queries for query_to_passage.
INFO:src.hipporag.HippoRAG:Encoding 1 queries for query_to_passage.
INFO:src.hipporag.HippoRAG:Encoding 3 queries for query_to_passage.
INFO:src.hipporag.HippoRAG:Encoding 1 queries for query_to_passage.
INFO:src.hipporag.HippoRAG:Encoding 1 queries for query_to_passage.
INFO:src.hipporag.HippoRAG:Encoding 1 queries for query_to_passage.
WARNING:src.hipporag.rerank:Rerank parse failed on attempt 1 for query 'Which town has a greater population as of the 2010 census, Minden, Nevada or Gardnerville, Nevada?': Error parsing raw response as candidate selection: Unable to parse structured payload: unterminated string literal (detected at line 2) (<unknown>, line 2).
INFO:src.hipporag.HippoRAG:Encoding 3 queries for query_to_passage.
INFO:src.hipporag.HippoRAG:Encoding 1 queries for query_to_passage.
INFO:src.hipporag.HippoRAG:Encoding 3 queries for query_to_passage.
INFO:src.hipporag.HippoRAG:Encoding 1 queries for query_to_passage.
WARNING:src.hipporag.rerank:Rerank parse failed on attempt 1 for query 'What Canadian filmmaker created a film about Bettie Page in 2005?': Error parsing raw response as candidate selection: 1 validation error for CandidateSelection
confidence
  Input should be a valid number [type=float_type, input_value=Ellipsis, input_type=ellipsis]
    For further information visit https://errors.pydantic.dev/2.12/v/float_type.
INFO:httpx:HTTP Request: POST http://localhost:8042/v1/chat/completions "HTTP/1.1 200 OK"
INFO:src.hipporag.HippoRAG:Encoding 3 queries for query_to_passage.
INFO:src.hipporag.HippoRAG:Encoding 1 queries for query_to_passage.
INFO:src.hipporag.HippoRAG:Encoding 1 queries for query_to_passage.
INFO:src.hipporag.HippoRAG:Encoding 1 queries for query_to_passage.
WARNING:src.hipporag.rerank:Rerank parse failed on attempt 1 for query 'What movement was the the person referred to as Mumia part of?': Error parsing raw response as candidate selection: Unable to parse structured payload: unterminated string literal (detected at line 1) (<unknown>, line 1).
INFO:src.hipporag.HippoRAG:Encoding 1 queries for query_to_passage.
INFO:src.hipporag.HippoRAG:Encoding 3 queries for query_to_passage.
INFO:src.hipporag.HippoRAG:Encoding 3 queries for query_to_passage.
INFO:src.hipporag.HippoRAG:Encoding 1 queries for query_to_passage.
WARNING:src.hipporag.rerank:Rerank parse failed on attempt 1 for query "Which team was older when it had it's worst season, The Cleveland Browns or the Detroit Lions": Error parsing raw response as candidate selection: Unable to parse structured payload: unterminated string literal (detected at line 2) (<unknown>, line 2).
INFO:src.hipporag.HippoRAG:Encoding 3 queries for query_to_passage.
INFO:src.hipporag.HippoRAG:Encoding 1 queries for query_to_passage.
INFO:src.hipporag.HippoRAG:Encoding 1 queries for query_to_passage.
INFO:src.hipporag.HippoRAG:Encoding 3 queries for query_to_passage.
INFO:src.hipporag.HippoRAG:Encoding 1 queries for query_to_passage.
INFO:src.hipporag.HippoRAG:Encoding 1 queries for query_to_passage.
INFO:src.hipporag.HippoRAG:Encoding 1 queries for query_to_passage.
WARNING:src.hipporag.rerank:Rerank parse failed on attempt 1 for query "Which Australian professional women's basketball team has an American playing in it?": Error parsing raw response as candidate selection: Unable to parse structured payload: unterminated string literal (detected at line 4) (<unknown>, line 4).
INFO:src.hipporag.HippoRAG:Encoding 2 queries for query_to_passage.
INFO:src.hipporag.HippoRAG:Encoding 1 queries for query_to_passage.
WARNING:src.hipporag.rerank:Rerank parse failed on attempt 1 for query 'What singer who was the seventh place finalist on the 7th season of American Idol first recorded the song Like My Mother Does': Error parsing raw response as candidate selection: Unable to parse structured payload: unterminated string literal (detected at line 2) (<unknown>, line 2).
INFO:src.hipporag.HippoRAG:Encoding 3 queries for query_to_passage.
WARNING:src.hipporag.rerank:Rerank parse failed on attempt 1 for query 'PISCES was developed by the company that is headquartered in what city?': Error parsing raw response as candidate selection: Unable to parse structured payload: unterminated string literal (detected at line 2) (<unknown>, line 2).
INFO:src.hipporag.HippoRAG:Encoding 2 queries for query_to_passage.
INFO:src.hipporag.HippoRAG:Encoding 1 queries for query_to_passage.
WARNING:src.hipporag.rerank:Rerank parse failed on attempt 1 for query 'What supernatural horror film did Miles Doleac have a role in?': Error parsing raw response as candidate selection: Unable to parse structured payload: unterminated string literal (detected at line 2) (<unknown>, line 2).
INFO:src.hipporag.HippoRAG:Encoding 2 queries for query_to_passage.
INFO:src.hipporag.HippoRAG:Encoding 1 queries for query_to_passage.
INFO:src.hipporag.HippoRAG:Encoding 1 queries for query_to_passage.
INFO:src.hipporag.HippoRAG:Encoding 3 queries for query_to_passage.
INFO:src.hipporag.HippoRAG:Encoding 1 queries for query_to_passage.
INFO:httpx:HTTP Request: POST http://localhost:8042/v1/chat/completions "HTTP/1.1 200 OK"
INFO:src.hipporag.HippoRAG:Encoding 2 queries for query_to_passage.
INFO:src.hipporag.HippoRAG:Encoding 1 queries for query_to_passage.
INFO:src.hipporag.HippoRAG:Encoding 2 queries for query_to_passage.
INFO:src.hipporag.HippoRAG:Encoding 1 queries for query_to_passage.
INFO:src.hipporag.HippoRAG:Encoding 1 queries for query_to_passage.
INFO:src.hipporag.HippoRAG:Encoding 1 queries for query_to_passage.
WARNING:src.hipporag.rerank:Rerank parse failed on attempt 1 for query 'In what year was the novel that Lourenço Mutarelli based "Nina" on based first published?': Error parsing raw response as candidate selection: Unable to parse structured payload: unterminated string literal (detected at line 2) (<unknown>, line 2).
INFO:src.hipporag.HippoRAG:Encoding 2 queries for query_to_passage.
INFO:src.hipporag.HippoRAG:Encoding 1 queries for query_to_passage.
INFO:src.hipporag.HippoRAG:Encoding 1 queries for query_to_passage.
INFO:src.hipporag.HippoRAG:Encoding 1 queries for query_to_passage.
WARNING:src.hipporag.rerank:Rerank parse failed on attempt 1 for query 'Are Control Room and Meeting Resistance both documentary films that involve Iraq?': Error parsing raw response as candidate selection: Unable to parse structured payload: unterminated string literal (detected at line 2) (<unknown>, line 2).
INFO:src.hipporag.HippoRAG:Encoding 2 queries for query_to_passage.
INFO:src.hipporag.HippoRAG:Encoding 3 queries for query_to_passage.
INFO:src.hipporag.HippoRAG:Encoding 1 queries for query_to_passage.
WARNING:src.hipporag.rerank:Rerank parse failed on attempt 1 for query 'Does Jimmy Barnes have more hits, both solo and in a group, than Yang Seung-ho has with his group?': Error parsing raw response as candidate selection: Unable to parse structured payload: unterminated string literal (detected at line 2) (<unknown>, line 2).
INFO:src.hipporag.HippoRAG:Encoding 3 queries for query_to_passage.
INFO:src.hipporag.HippoRAG:Encoding 1 queries for query_to_passage.
INFO:src.hipporag.HippoRAG:Encoding 1 queries for query_to_passage.
INFO:src.hipporag.HippoRAG:Encoding 2 queries for query_to_passage.
INFO:src.hipporag.HippoRAG:Encoding 1 queries for query_to_passage.
INFO:src.hipporag.HippoRAG:Encoding 1 queries for query_to_passage.
INFO:src.hipporag.HippoRAG:Encoding 1 queries for query_to_passage.
INFO:src.hipporag.HippoRAG:Encoding 1 queries for query_to_passage.
INFO:src.hipporag.HippoRAG:Encoding 3 queries for query_to_passage.
INFO:src.hipporag.HippoRAG:Encoding 1 queries for query_to_passage.
WARNING:src.hipporag.rerank:Rerank parse failed on attempt 1 for query 'What is the nationality of the poet who wrote Une Tempete and first performed it in Tunisia?': Error parsing raw response as candidate selection: Unable to parse structured payload: unterminated string literal (detected at line 2) (<unknown>, line 2).
INFO:src.hipporag.HippoRAG:Encoding 3 queries for query_to_passage.
INFO:src.hipporag.HippoRAG:Encoding 1 queries for query_to_passage.
INFO:src.hipporag.HippoRAG:Encoding 1 queries for query_to_passage.
INFO:src.hipporag.HippoRAG:Encoding 1 queries for query_to_passage.
INFO:src.hipporag.HippoRAG:Encoding 1 queries for query_to_passage.
INFO:src.hipporag.HippoRAG:Encoding 1 queries for query_to_passage.
WARNING:src.hipporag.rerank:Rerank parse failed on attempt 1 for query 'The Declaration of Montreal was the founding document of which world event, lasting from July 26-August 5, 2006?': Error parsing raw response as candidate selection: Unable to parse structured payload: unterminated string literal (detected at line 2) (<unknown>, line 2).
INFO:src.hipporag.HippoRAG:Encoding 2 queries for query_to_passage.
INFO:src.hipporag.HippoRAG:Encoding 2 queries for query_to_passage.
INFO:src.hipporag.HippoRAG:Encoding 1 queries for query_to_passage.
WARNING:src.hipporag.rerank:Rerank parse failed on attempt 1 for query 'What city did the Freebooters F.C. soccer team lose in that is now known as Croke Park?': Error parsing raw response as candidate selection: Unable to parse structured payload: unterminated string literal (detected at line 2) (<unknown>, line 2).
INFO:src.hipporag.HippoRAG:Encoding 3 queries for query_to_passage.
INFO:src.hipporag.HippoRAG:Encoding 3 queries for query_to_passage.
INFO:src.hipporag.HippoRAG:Encoding 1 queries for query_to_passage.
WARNING:src.hipporag.rerank:Rerank parse failed on attempt 1 for query 'Were both Life magazine and Strictly Slots magazine published monthly in 1998?': Error parsing raw response as candidate selection: Unable to parse structured payload: unterminated string literal (detected at line 2) (<unknown>, line 2).
INFO:src.hipporag.HippoRAG:Encoding 3 queries for query_to_passage.
INFO:src.hipporag.HippoRAG:Encoding 1 queries for query_to_passage.
INFO:src.hipporag.HippoRAG:Encoding 2 queries for query_to_passage.
WARNING:src.hipporag.rerank:Rerank parse failed on attempt 1 for query 'What city does Paul Clyne and David Soares have in common?': Error parsing raw response as candidate selection: Unable to parse structured payload: unterminated string literal (detected at line 2) (<unknown>, line 2).
INFO:src.hipporag.HippoRAG:Encoding 3 queries for query_to_passage.
WARNING:src.hipporag.rerank:Rerank parse failed on attempt 1 for query 'Black Book starred the actress and writer of what heritage?': Error parsing raw response as candidate selection: Unable to parse structured payload: unterminated string literal (detected at line 2) (<unknown>, line 2).
INFO:src.hipporag.HippoRAG:Encoding 2 queries for query_to_passage.
INFO:src.hipporag.HippoRAG:Encoding 1 queries for query_to_passage.
INFO:src.hipporag.HippoRAG:Encoding 2 queries for query_to_passage.
INFO:src.hipporag.HippoRAG:Encoding 1 queries for query_to_passage.
WARNING:src.hipporag.rerank:Rerank parse failed on attempt 1 for query 'What is the birthday of the Earl of Merioneth?': Error parsing raw response as candidate selection: Unable to parse structured payload: unterminated string literal (detected at line 2) (<unknown>, line 2).
INFO:src.hipporag.HippoRAG:Encoding 1 queries for query_to_passage.
INFO:src.hipporag.HippoRAG:Encoding 1 queries for query_to_passage.
INFO:src.hipporag.HippoRAG:Encoding 2 queries for query_to_passage.
WARNING:src.hipporag.rerank:Rerank parse failed on attempt 1 for query 'The 1996 film "The Christmas Tree" stars Andrew McCarthy and an actress that has won how any Emmy Awards?': Error parsing raw response as candidate selection: Unable to parse structured payload: unterminated string literal (detected at line 2) (<unknown>, line 2).
INFO:src.hipporag.HippoRAG:Encoding 2 queries for query_to_passage.
INFO:src.hipporag.HippoRAG:Encoding 2 queries for query_to_passage.
INFO:src.hipporag.HippoRAG:Encoding 1 queries for query_to_passage.
INFO:src.hipporag.HippoRAG:Encoding 2 queries for query_to_passage.
INFO:src.hipporag.HippoRAG:Encoding 1 queries for query_to_passage.
INFO:src.hipporag.HippoRAG:Encoding 1 queries for query_to_passage.
WARNING:src.hipporag.rerank:Rerank parse failed on attempt 1 for query 'Are Dogo Cubano and the Dutch Shepherd both breeds of dog?': Error parsing raw response as candidate selection: Unable to parse structured payload: unterminated string literal (detected at line 1) (<unknown>, line 1).
INFO:src.hipporag.HippoRAG:Encoding 3 queries for query_to_passage.
INFO:src.hipporag.HippoRAG:Encoding 1 queries for query_to_passage.
INFO:src.hipporag.HippoRAG:Encoding 1 queries for query_to_passage.
INFO:src.hipporag.HippoRAG:Encoding 1 queries for query_to_passage.
WARNING:src.hipporag.rerank:Rerank parse failed on attempt 1 for query 'Are Jiujiang, Guangdong and Ruzhou located in the same Chinese district?': Error parsing raw response as candidate selection: Unable to parse structured payload: unterminated string literal (detected at line 2) (<unknown>, line 2).
INFO:src.hipporag.HippoRAG:Encoding 3 queries for query_to_passage.
INFO:src.hipporag.HippoRAG:Encoding 1 queries for query_to_passage.
INFO:src.hipporag.HippoRAG:Encoding 1 queries for query_to_passage.
WARNING:src.hipporag.rerank:Rerank parse failed on attempt 1 for query 'Is Edison Sault Power Canal somehow linked with or used with the Cayuga–Seneca Canal?': Error parsing raw response as candidate selection: Unable to parse structured payload: unterminated string literal (detected at line 2) (<unknown>, line 2).
INFO:src.hipporag.HippoRAG:Encoding 3 queries for query_to_passage.
INFO:src.hipporag.HippoRAG:Encoding 1 queries for query_to_passage.
WARNING:src.hipporag.rerank:Rerank parse failed on attempt 1 for query 'What is type of philosophies is The Structure of Liberty about?': Error parsing raw response as candidate selection: Unable to parse structured payload: unterminated string literal (detected at line 2) (<unknown>, line 2).
INFO:src.hipporag.HippoRAG:Encoding 2 queries for query_to_passage.
INFO:src.hipporag.HippoRAG:Encoding 1 queries for query_to_passage.
WARNING:src.hipporag.rerank:Rerank parse failed on attempt 1 for query 'The director of a film about Wong Fei-hung also made what film?': Error parsing raw response as candidate selection: Unable to parse structured payload: unterminated string literal (detected at line 2) (<unknown>, line 2).
INFO:httpx:HTTP Request: POST http://localhost:8042/v1/chat/completions "HTTP/1.1 200 OK"
INFO:src.hipporag.HippoRAG:Encoding 2 queries for query_to_passage.
INFO:src.hipporag.HippoRAG:Encoding 1 queries for query_to_passage.
INFO:src.hipporag.HippoRAG:Encoding 1 queries for query_to_passage.
WARNING:src.hipporag.rerank:Rerank parse failed on attempt 1 for query 'What sort of activist is the author of The Irrational Atheist?': Error parsing raw response as candidate selection: Unable to parse structured payload: unterminated string literal (detected at line 2) (<unknown>, line 2).
INFO:httpx:HTTP Request: POST http://localhost:8042/v1/chat/completions "HTTP/1.1 200 OK"
INFO:src.hipporag.HippoRAG:Encoding 2 queries for query_to_passage.
INFO:src.hipporag.HippoRAG:Encoding 1 queries for query_to_passage.
WARNING:src.hipporag.rerank:Rerank parse failed on attempt 1 for query 'Are PC Magazine and Sculptural Pursuit both technology publications?': Error parsing raw response as candidate selection: Unable to parse structured payload: unterminated string literal (detected at line 2) (<unknown>, line 2).
INFO:src.hipporag.HippoRAG:Encoding 2 queries for query_to_passage.
INFO:src.hipporag.HippoRAG:Encoding 3 queries for query_to_passage.
INFO:httpx:HTTP Request: POST http://localhost:8042/v1/chat/completions "HTTP/1.1 200 OK"
INFO:src.hipporag.HippoRAG:Encoding 2 queries for query_to_passage.
WARNING:src.hipporag.rerank:Rerank parse failed on attempt 1 for query 'what is the group called that Dianne Morgan and Joe Wilkinson a part of in the BBC comedy "Two Episodes of Mash"': Error parsing raw response as candidate selection: Unable to parse structured payload: unterminated string literal (detected at line 2) (<unknown>, line 2).
INFO:src.hipporag.HippoRAG:Encoding 2 queries for query_to_passage.
INFO:src.hipporag.HippoRAG:Encoding 1 queries for query_to_passage.
WARNING:src.hipporag.rerank:Rerank parse failed on attempt 1 for query "What singer-songwriter from Derry appeared on Paul van Dyk's 2012 album, Evolution?": Error parsing raw response as candidate selection: Unable to parse structured payload: unterminated string literal (detected at line 6) (<unknown>, line 6).
INFO:src.hipporag.HippoRAG:Encoding 1 queries for query_to_passage.
INFO:src.hipporag.HippoRAG:Encoding 3 queries for query_to_passage.
INFO:src.hipporag.HippoRAG:Encoding 1 queries for query_to_passage.
WARNING:src.hipporag.rerank:Rerank parse failed on attempt 1 for query 'The thid episode of the first season of The Simpsons, features which character voiced by Harry Shearer?': Error parsing raw response as candidate selection: Unable to parse structured payload: unterminated string literal (detected at line 2) (<unknown>, line 2).
INFO:src.hipporag.HippoRAG:Encoding 2 queries for query_to_passage.
INFO:src.hipporag.HippoRAG:Encoding 1 queries for query_to_passage.
INFO:src.hipporag.HippoRAG:Encoding 1 queries for query_to_passage.
INFO:src.hipporag.HippoRAG:Encoding 1 queries for query_to_passage.
WARNING:src.hipporag.rerank:Rerank parse failed on attempt 1 for query 'Which casino closed first The Atlantic Club Casino Hotel or Trump Plaza Hotel and Casino ?': Error parsing raw response as candidate selection: Unable to parse structured payload: unterminated string literal (detected at line 2) (<unknown>, line 2).
INFO:httpx:HTTP Request: POST http://localhost:8042/v1/chat/completions "HTTP/1.1 200 OK"
INFO:src.hipporag.HippoRAG:Encoding 3 queries for query_to_passage.
INFO:src.hipporag.HippoRAG:Encoding 1 queries for query_to_passage.
INFO:src.hipporag.HippoRAG:Encoding 1 queries for query_to_passage.
WARNING:src.hipporag.rerank:Rerank parse failed on attempt 1 for query "Were Cinderella and The Emperor's New Groove released by the same picture company?": Error parsing raw response as candidate selection: Unable to parse structured payload: unterminated string literal (detected at line 8) (<unknown>, line 8).
INFO:src.hipporag.HippoRAG:Encoding 3 queries for query_to_passage.
INFO:src.hipporag.HippoRAG:Encoding 1 queries for query_to_passage.
INFO:src.hipporag.HippoRAG:Encoding 1 queries for query_to_passage.
INFO:src.hipporag.HippoRAG:Encoding 1 queries for query_to_passage.
INFO:src.hipporag.HippoRAG:Encoding 1 queries for query_to_passage.
WARNING:src.hipporag.rerank:Rerank parse failed on attempt 1 for query 'Viscount Yamaji Motoharu was a general in the early Imperial Japanese Army which belonged to which Empire?': Error parsing raw response as candidate selection: Unable to parse structured payload: unterminated string literal (detected at line 2) (<unknown>, line 2).
INFO:src.hipporag.HippoRAG:Encoding 1 queries for query_to_passage.
WARNING:src.hipporag.rerank:Rerank parse failed on attempt 1 for query 'Boggle is a word game originally distributed by a toy and game manufacturer that published more than how many games?': Error parsing raw response as candidate selection: Unable to parse structured payload: unterminated string literal (detected at line 2) (<unknown>, line 2).
INFO:src.hipporag.HippoRAG:Encoding 2 queries for query_to_passage.
INFO:src.hipporag.HippoRAG:Encoding 1 queries for query_to_passage.
WARNING:src.hipporag.rerank:Rerank parse failed on attempt 1 for query 'Of these two publication--Báiki and Sick--what type of publication is the one that was published most frequently?': Error parsing raw response as candidate selection: Unable to parse structured payload: unterminated string literal (detected at line 2) (<unknown>, line 2).
INFO:httpx:HTTP Request: POST http://localhost:8042/v1/chat/completions "HTTP/1.1 200 OK"
INFO:src.hipporag.HippoRAG:Encoding 3 queries for query_to_passage.
INFO:src.hipporag.HippoRAG:Encoding 1 queries for query_to_passage.
INFO:src.hipporag.HippoRAG:Encoding 2 queries for query_to_passage.
INFO:src.hipporag.HippoRAG:Encoding 1 queries for query_to_passage.
INFO:src.hipporag.HippoRAG:Encoding 2 queries for query_to_passage.
INFO:src.hipporag.HippoRAG:Encoding 1 queries for query_to_passage.
WARNING:src.hipporag.rerank:Rerank parse failed on attempt 1 for query 'Kenneth Arnold reported the first unidentified object sighting in what city and state in 1947?': Error parsing raw response as candidate selection: Unable to parse structured payload: unterminated string literal (detected at line 4) (<unknown>, line 4).
INFO:src.hipporag.HippoRAG:Encoding 1 queries for query_to_passage.
WARNING:src.hipporag.rerank:Rerank parse failed on attempt 1 for query 'Hina is derived from a dye prepared in what areas?': Error parsing raw response as candidate selection: Unable to parse structured payload: unterminated string literal (detected at line 2) (<unknown>, line 2).
INFO:src.hipporag.HippoRAG:Encoding 1 queries for query_to_passage.
WARNING:src.hipporag.rerank:Rerank parse failed on attempt 1 for query 'The title track of Carla Bruni discography was used in a  film directed by James Ivory, and was also used in what other film?': Error parsing raw response as candidate selection: Unable to parse structured payload: unterminated string literal (detected at line 8) (<unknown>, line 8).
INFO:src.hipporag.HippoRAG:Encoding 3 queries for query_to_passage.
INFO:src.hipporag.HippoRAG:Encoding 1 queries for query_to_passage.
INFO:src.hipporag.HippoRAG:Encoding 1 queries for query_to_passage.
INFO:src.hipporag.HippoRAG:Encoding 1 queries for query_to_passage.
INFO:src.hipporag.HippoRAG:Encoding 3 queries for query_to_passage.
INFO:src.hipporag.HippoRAG:Encoding 1 queries for query_to_passage.
INFO:src.hipporag.HippoRAG:Encoding 1 queries for query_to_passage.
INFO:src.hipporag.HippoRAG:Encoding 2 queries for query_to_passage.
INFO:src.hipporag.HippoRAG:Encoding 2 queries for query_to_passage.
INFO:src.hipporag.HippoRAG:Encoding 1 queries for query_to_passage.
WARNING:src.hipporag.rerank:Rerank parse failed on attempt 1 for query 'The NG postcode area is situated approximately how many miles from Gamston, Rushcliffe?': Error parsing raw response as candidate selection: Unable to parse structured payload: unterminated string literal (detected at line 2) (<unknown>, line 2).
INFO:src.hipporag.HippoRAG:Encoding 2 queries for query_to_passage.
WARNING:src.hipporag.rerank:Rerank parse failed on attempt 1 for query 'William Bromley-Davenport held political office under the Prime Minister who was of which party?': Error parsing raw response as candidate selection: Unable to parse structured payload: unterminated string literal (detected at line 1) (<unknown>, line 1).
INFO:src.hipporag.HippoRAG:Encoding 2 queries for query_to_passage.
INFO:src.hipporag.HippoRAG:Encoding 1 queries for query_to_passage.
INFO:src.hipporag.HippoRAG:Encoding 1 queries for query_to_passage.
WARNING:src.hipporag.rerank:Rerank parse failed on attempt 1 for query 'What is the nationality of the author of Fifty Shades Freed?': Error parsing raw response as candidate selection: Unable to parse structured payload: unterminated string literal (detected at line 2) (<unknown>, line 2).
INFO:src.hipporag.HippoRAG:Encoding 2 queries for query_to_passage.
INFO:src.hipporag.HippoRAG:Encoding 1 queries for query_to_passage.
INFO:src.hipporag.HippoRAG:Encoding 1 queries for query_to_passage.
INFO:src.hipporag.HippoRAG:Encoding 1 queries for query_to_passage.
INFO:src.hipporag.HippoRAG:Encoding 3 queries for query_to_passage.
INFO:src.hipporag.HippoRAG:Encoding 1 queries for query_to_passage.
INFO:src.hipporag.HippoRAG:Encoding 2 queries for query_to_passage.
INFO:src.hipporag.HippoRAG:Encoding 1 queries for query_to_passage.
INFO:src.hipporag.HippoRAG:Encoding 1 queries for query_to_passage.
WARNING:src.hipporag.rerank:Rerank parse failed on attempt 1 for query 'Zacarías Ferreira is the uncle of a professional basketball player who played college basketball for who?': Error parsing raw response as candidate selection: Unable to parse structured payload: unterminated string literal (detected at line 2) (<unknown>, line 2).
INFO:src.hipporag.HippoRAG:Encoding 2 queries for query_to_passage.
INFO:src.hipporag.HippoRAG:Encoding 1 queries for query_to_passage.
INFO:src.hipporag.HippoRAG:Encoding 4 queries for query_to_passage.
INFO:src.hipporag.HippoRAG:Encoding 4 queries for query_to_passage.
INFO:src.hipporag.HippoRAG:Encoding 1 queries for query_to_passage.
INFO:src.hipporag.HippoRAG:Encoding 1 queries for query_to_passage.
INFO:src.hipporag.HippoRAG:Encoding 1 queries for query_to_passage.
WARNING:src.hipporag.rerank:Rerank parse failed on attempt 1 for query 'Which reservation is located in Hill and Chouteau and named after the principal leader of the Montana Chippewa-Cree?': Error parsing raw response as candidate selection: Unable to parse structured payload: unterminated string literal (detected at line 2) (<unknown>, line 2).
INFO:src.hipporag.HippoRAG:Encoding 3 queries for query_to_passage.
INFO:src.hipporag.HippoRAG:Encoding 1 queries for query_to_passage.
WARNING:src.hipporag.rerank:Rerank parse failed on attempt 1 for query 'In which Florida city is Skyplex being constructed, featuring Skyscraper, the tallest rollercoaster in the world?': Error parsing raw response as candidate selection: Unable to parse structured payload: unterminated string literal (detected at line 2) (<unknown>, line 2).
INFO:src.hipporag.HippoRAG:Encoding 3 queries for query_to_passage.
INFO:src.hipporag.HippoRAG:Encoding 1 queries for query_to_passage.
INFO:src.hipporag.HippoRAG:Encoding 1 queries for query_to_passage.
INFO:src.hipporag.HippoRAG:Encoding 4 queries for query_to_passage.
INFO:src.hipporag.HippoRAG:Encoding 1 queries for query_to_passage.
INFO:src.hipporag.HippoRAG:Encoding 1 queries for query_to_passage.
INFO:src.hipporag.HippoRAG:Encoding 1 queries for query_to_passage.
WARNING:src.hipporag.rerank:Rerank parse failed on attempt 1 for query "Jimmy D'Arcy played in Northern Ireland for the team based in what county?": Error parsing raw response as candidate selection: Unable to parse structured payload: unterminated string literal (detected at line 14) (<unknown>, line 14).
INFO:src.hipporag.HippoRAG:Encoding 2 queries for query_to_passage.
INFO:src.hipporag.HippoRAG:Encoding 3 queries for query_to_passage.
WARNING:src.hipporag.rerank:Rerank parse failed on attempt 1 for query 'Who was born first, Martin Degville or Richie Furay?': Error parsing raw response as candidate selection: Unable to parse structured payload: invalid syntax (<unknown>, line 1).
INFO:src.hipporag.HippoRAG:Encoding 3 queries for query_to_passage.
INFO:src.hipporag.HippoRAG:Encoding 1 queries for query_to_passage.
WARNING:src.hipporag.rerank:Rerank parse failed on attempt 1 for query 'What is the 2010 census population of the county where Wildcat Brook flows through Jackson?': Error parsing raw response as candidate selection: Unable to parse structured payload: unterminated string literal (detected at line 2) (<unknown>, line 2).
INFO:src.hipporag.HippoRAG:Encoding 2 queries for query_to_passage.
WARNING:src.hipporag.rerank:Rerank parse failed on attempt 1 for query 'Which came out first, Dinosaur or McFarland, USA': Error parsing raw response as candidate selection: Unable to parse structured payload: unterminated string literal (detected at line 2) (<unknown>, line 2).
INFO:src.hipporag.HippoRAG:Encoding 2 queries for query_to_passage.
INFO:src.hipporag.HippoRAG:Encoding 1 queries for query_to_passage.
INFO:src.hipporag.HippoRAG:Encoding 1 queries for query_to_passage.
WARNING:src.hipporag.rerank:Rerank parse failed on attempt 1 for query 'In which city did he painter and printmaker associated with "Les Nabis" found Salon d\'Automne?': Error parsing raw response as candidate selection: Unable to parse structured payload: unterminated string literal (detected at line 4) (<unknown>, line 4).
INFO:src.hipporag.HippoRAG:Encoding 2 queries for query_to_passage.
WARNING:src.hipporag.rerank:Rerank parse failed on attempt 1 for query 'What is the call sign of the airline that operates the flight with United Express Flight 3411 incident?': Error parsing raw response as candidate selection: Unable to parse structured payload: unterminated string literal (detected at line 2) (<unknown>, line 2).
INFO:src.hipporag.HippoRAG:Encoding 2 queries for query_to_passage.
INFO:src.hipporag.HippoRAG:Encoding 1 queries for query_to_passage.
INFO:src.hipporag.HippoRAG:Encoding 1 queries for query_to_passage.
WARNING:src.hipporag.rerank:Rerank parse failed on attempt 1 for query 'The man who currently serves as the wide receivers coach for the Dallas Cowboys used to coach at what college?': Error parsing raw response as candidate selection: Unable to parse structured payload: unterminated string literal (detected at line 2) (<unknown>, line 2).
INFO:src.hipporag.HippoRAG:Encoding 2 queries for query_to_passage.
INFO:src.hipporag.HippoRAG:Encoding 2 queries for query_to_passage.
INFO:src.hipporag.HippoRAG:Encoding 1 queries for query_to_passage.
WARNING:src.hipporag.rerank:Rerank parse failed on attempt 1 for query 'My Secret Hotel is a television series starring a South Korean DJ who rose to fame as the lead actress in what?': Error parsing raw response as candidate selection: Unable to parse structured payload: unterminated string literal (detected at line 2) (<unknown>, line 2).
INFO:src.hipporag.HippoRAG:Encoding 2 queries for query_to_passage.
INFO:src.hipporag.HippoRAG:Encoding 1 queries for query_to_passage.
INFO:src.hipporag.HippoRAG:Encoding 1 queries for query_to_passage.
WARNING:src.hipporag.rerank:Rerank parse failed on attempt 1 for query 'Mía Maestro had a role in the 2002 biopic directed by whom?': Error parsing raw response as candidate selection: Unable to parse structured payload: unterminated string literal (detected at line 4) (<unknown>, line 4).
INFO:src.hipporag.HippoRAG:Encoding 2 queries for query_to_passage.
INFO:src.hipporag.HippoRAG:Encoding 1 queries for query_to_passage.
INFO:src.hipporag.HippoRAG:Encoding 1 queries for query_to_passage.
INFO:src.hipporag.HippoRAG:Encoding 1 queries for query_to_passage.
WARNING:src.hipporag.rerank:Rerank parse failed on attempt 1 for query 'The Simpsons episode that aired on February 19, 2012 entitled "At Long Last Leave" represented what milestone for the show?': Error parsing raw response as candidate selection: Unable to parse structured payload: unterminated string literal (detected at line 1) (<unknown>, line 1).
INFO:httpx:HTTP Request: POST http://localhost:8042/v1/chat/completions "HTTP/1.1 200 OK"
INFO:src.hipporag.HippoRAG:Encoding 1 queries for query_to_passage.
INFO:src.hipporag.HippoRAG:Encoding 3 queries for query_to_passage.
INFO:src.hipporag.HippoRAG:Encoding 1 queries for query_to_passage.
INFO:src.hipporag.HippoRAG:Encoding 1 queries for query_to_passage.
INFO:src.hipporag.HippoRAG:Encoding 1 queries for query_to_passage.
INFO:src.hipporag.HippoRAG:Encoding 1 queries for query_to_passage.
INFO:src.hipporag.HippoRAG:Encoding 1 queries for query_to_passage.
INFO:src.hipporag.HippoRAG:Encoding 1 queries for query_to_passage.
WARNING:src.hipporag.rerank:Rerank parse failed on attempt 1 for query 'In what city does a Christian minister who won the singles title with Jan Kodes in the 1970 French Open currently reside?': Error parsing raw response as candidate selection: Unable to parse structured payload: unterminated string literal (detected at line 2) (<unknown>, line 2).
INFO:src.hipporag.HippoRAG:Encoding 2 queries for query_to_passage.
INFO:src.hipporag.HippoRAG:Encoding 1 queries for query_to_passage.
INFO:src.hipporag.HippoRAG:Encoding 1 queries for query_to_passage.
INFO:src.hipporag.HippoRAG:Encoding 1 queries for query_to_passage.
INFO:src.hipporag.HippoRAG:Encoding 2 queries for query_to_passage.
INFO:src.hipporag.HippoRAG:Encoding 1 queries for query_to_passage.
INFO:src.hipporag.HippoRAG:Encoding 3 queries for query_to_passage.
INFO:httpx:HTTP Request: POST http://localhost:8042/v1/chat/completions "HTTP/1.1 200 OK"
INFO:src.hipporag.HippoRAG:Encoding 3 queries for query_to_passage.
INFO:src.hipporag.HippoRAG:Encoding 1 queries for query_to_passage.
INFO:src.hipporag.HippoRAG:Encoding 1 queries for query_to_passage.
INFO:src.hipporag.HippoRAG:Encoding 1 queries for query_to_passage.
INFO:src.hipporag.HippoRAG:Encoding 3 queries for query_to_passage.
INFO:src.hipporag.HippoRAG:Encoding 1 queries for query_to_passage.
INFO:src.hipporag.HippoRAG:Encoding 1 queries for query_to_passage.
INFO:src.hipporag.HippoRAG:Encoding 1 queries for query_to_passage.
WARNING:src.hipporag.rerank:Rerank parse failed on attempt 1 for query 'Heath Ledger Australian actor was in the movie Brokeback Mountain directed by who?': Error parsing raw response as candidate selection: Unable to parse structured payload: unterminated string literal (detected at line 12) (<unknown>, line 12).
INFO:src.hipporag.HippoRAG:Encoding 2 queries for query_to_passage.
INFO:src.hipporag.HippoRAG:Encoding 1 queries for query_to_passage.
WARNING:src.hipporag.rerank:Rerank parse failed on attempt 1 for query 'Daddy was an American Pit Bull who was integral to the work of what Mexican-American dog behaviorist with over 25 years of canine experience?': Error parsing raw response as candidate selection: Unable to parse structured payload: unterminated string literal (detected at line 2) (<unknown>, line 2).
INFO:src.hipporag.HippoRAG:Encoding 3 queries for query_to_passage.
INFO:src.hipporag.HippoRAG:Encoding 1 queries for query_to_passage.
INFO:src.hipporag.HippoRAG:Encoding 1 queries for query_to_passage.
INFO:src.hipporag.HippoRAG:Encoding 1 queries for query_to_passage.
INFO:src.hipporag.HippoRAG:Encoding 1 queries for query_to_passage.
WARNING:src.hipporag.rerank:Rerank parse failed on attempt 1 for query 'Who is the father of the king who attempted to have Eardwulf assassinated': Error parsing raw response as candidate selection: Unable to parse structured payload: unterminated string literal (detected at line 2) (<unknown>, line 2).
INFO:src.hipporag.HippoRAG:Encoding 2 queries for query_to_passage.
INFO:src.hipporag.HippoRAG:Encoding 2 queries for query_to_passage.
INFO:src.hipporag.HippoRAG:Encoding 1 queries for query_to_passage.
INFO:src.hipporag.HippoRAG:Encoding 1 queries for query_to_passage.
INFO:src.hipporag.HippoRAG:Encoding 1 queries for query_to_passage.
INFO:src.hipporag.HippoRAG:Encoding 4 queries for query_to_passage.
INFO:src.hipporag.HippoRAG:Encoding 1 queries for query_to_passage.
INFO:src.hipporag.HippoRAG:Encoding 1 queries for query_to_passage.
INFO:src.hipporag.HippoRAG:Encoding 1 queries for query_to_passage.
INFO:src.hipporag.HippoRAG:Encoding 1 queries for query_to_passage.
INFO:src.hipporag.HippoRAG:Encoding 1 queries for query_to_passage.
INFO:src.hipporag.HippoRAG:Encoding 1 queries for query_to_passage.
INFO:src.hipporag.HippoRAG:Encoding 1 queries for query_to_passage.
INFO:src.hipporag.HippoRAG:Encoding 1 queries for query_to_passage.
WARNING:src.hipporag.rerank:Rerank parse failed on attempt 1 for query 'Which author wrote about a woman captured by the Symbionese Liberation Army?': Error parsing raw response as candidate selection: Unable to parse structured payload: unterminated string literal (detected at line 2) (<unknown>, line 2).
INFO:src.hipporag.HippoRAG:Encoding 2 queries for query_to_passage.
INFO:src.hipporag.HippoRAG:Encoding 1 queries for query_to_passage.
INFO:httpx:HTTP Request: POST http://localhost:8042/v1/chat/completions "HTTP/1.1 200 OK"
INFO:src.hipporag.HippoRAG:Encoding 3 queries for query_to_passage.
WARNING:src.hipporag.rerank:Rerank parse failed on attempt 1 for query 'Which of the steering committee was an American broadcast journalist, best known as anchorman for the "CBS Evening News" for 19 years?': Error parsing raw response as candidate selection: Unable to parse structured payload: unterminated string literal (detected at line 2) (<unknown>, line 2).
INFO:src.hipporag.HippoRAG:Encoding 3 queries for query_to_passage.
INFO:src.hipporag.HippoRAG:Encoding 1 queries for query_to_passage.
INFO:src.hipporag.HippoRAG:Encoding 1 queries for query_to_passage.
WARNING:src.hipporag.rerank:Rerank parse failed on attempt 1 for query 'What was the occupation of the man who published an individualist anarchist journal?': Error parsing raw response as candidate selection: Unable to parse structured payload: unterminated string literal (detected at line 2) (<unknown>, line 2).
INFO:src.hipporag.HippoRAG:Encoding 2 queries for query_to_passage.
INFO:src.hipporag.HippoRAG:Encoding 1 queries for query_to_passage.
INFO:src.hipporag.HippoRAG:Encoding 1 queries for query_to_passage.
INFO:src.hipporag.HippoRAG:Encoding 2 queries for query_to_passage.
INFO:src.hipporag.HippoRAG:Encoding 1 queries for query_to_passage.
INFO:src.hipporag.HippoRAG:Encoding 4 queries for query_to_passage.
INFO:src.hipporag.HippoRAG:Encoding 1 queries for query_to_passage.
INFO:src.hipporag.HippoRAG:Encoding 1 queries for query_to_passage.
INFO:src.hipporag.HippoRAG:Encoding 1 queries for query_to_passage.
INFO:src.hipporag.HippoRAG:Encoding 1 queries for query_to_passage.
WARNING:src.hipporag.rerank:Rerank parse failed on attempt 1 for query 'Richard Münch portrayed the German general who served in what capacity during WWII in the 1970 movie Patton?': Error parsing raw response as candidate selection: Unable to parse structured payload: unterminated string literal (detected at line 4) (<unknown>, line 4).
INFO:src.hipporag.HippoRAG:Encoding 2 queries for query_to_passage.
INFO:src.hipporag.HippoRAG:Encoding 1 queries for query_to_passage.
INFO:src.hipporag.HippoRAG:Encoding 2 queries for query_to_passage.
WARNING:src.hipporag.rerank:Rerank parse failed on attempt 1 for query "When was the American singer, songwriter, record producer, dancer and actress born who's second studio album is Chapter II?": Error parsing raw response as candidate selection: Unable to parse structured payload: unterminated string literal (detected at line 2) (<unknown>, line 2).
INFO:src.hipporag.HippoRAG:Encoding 2 queries for query_to_passage.
INFO:src.hipporag.HippoRAG:Encoding 1 queries for query_to_passage.
INFO:src.hipporag.HippoRAG:Encoding 1 queries for query_to_passage.
WARNING:src.hipporag.rerank:Rerank parse failed on attempt 1 for query 'What type of structure does 277 Park Avenue and 126 Madison Avenue have in common?': Error parsing raw response as candidate selection: Unable to parse structured payload: unterminated string literal (detected at line 2) (<unknown>, line 2).
INFO:src.hipporag.HippoRAG:Encoding 3 queries for query_to_passage.
INFO:src.hipporag.HippoRAG:Encoding 1 queries for query_to_passage.
INFO:src.hipporag.HippoRAG:Encoding 1 queries for query_to_passage.
INFO:src.hipporag.HippoRAG:Encoding 2 queries for query_to_passage.
INFO:src.hipporag.HippoRAG:Encoding 1 queries for query_to_passage.
WARNING:src.hipporag.rerank:Rerank parse failed on attempt 1 for query 'What city is the army division that conducted Operation Blue Hearts in the Korean War based out of?': Error parsing raw response as candidate selection: Unable to parse structured payload: unterminated string literal (detected at line 2) (<unknown>, line 2).
INFO:src.hipporag.HippoRAG:Encoding 2 queries for query_to_passage.
INFO:src.hipporag.HippoRAG:Encoding 1 queries for query_to_passage.
INFO:src.hipporag.HippoRAG:Encoding 1 queries for query_to_passage.
INFO:src.hipporag.HippoRAG:Encoding 1 queries for query_to_passage.
WARNING:src.hipporag.rerank:Rerank parse failed on attempt 1 for query 'Who was born in Ireland and has coached the captain of MLS club Colorado Rapids?': Error parsing raw response as candidate selection: Unable to parse structured payload: unterminated string literal (detected at line 2) (<unknown>, line 2).
INFO:src.hipporag.HippoRAG:Encoding 2 queries for query_to_passage.
WARNING:src.hipporag.rerank:Rerank parse failed on attempt 1 for query 'What record company does distribution for Joan Marie Larkin and Kenny Laguna?': Error parsing raw response as candidate selection: Unable to parse structured payload: unterminated string literal (detected at line 2) (<unknown>, line 2).
INFO:src.hipporag.HippoRAG:Encoding 3 queries for query_to_passage.
INFO:src.hipporag.HippoRAG:Encoding 1 queries for query_to_passage.
INFO:src.hipporag.HippoRAG:Encoding 2 queries for query_to_passage.
INFO:src.hipporag.HippoRAG:Encoding 1 queries for query_to_passage.
INFO:src.hipporag.HippoRAG:Encoding 1 queries for query_to_passage.
INFO:src.hipporag.HippoRAG:Encoding 1 queries for query_to_passage.
WARNING:src.hipporag.rerank:Rerank parse failed on attempt 1 for query 'Whose native growing land is more south, Beech or Daviesia?': Error parsing raw response as candidate selection: Unable to parse structured payload: unterminated string literal (detected at line 2) (<unknown>, line 2).
INFO:src.hipporag.HippoRAG:Encoding 3 queries for query_to_passage.
INFO:src.hipporag.HippoRAG:Encoding 1 queries for query_to_passage.
INFO:src.hipporag.HippoRAG:Encoding 1 queries for query_to_passage.
WARNING:src.hipporag.rerank:Rerank parse failed on attempt 1 for query 'In the muti-sport games usually held every four years between nations around the Mediterranean Sea, Fatma Lanouar is best known for winning gold in which event?': Error parsing raw response as candidate selection: Unable to parse structured payload: unterminated string literal (detected at line 2) (<unknown>, line 2).
INFO:src.hipporag.HippoRAG:Encoding 2 queries for query_to_passage.
INFO:src.hipporag.HippoRAG:Encoding 1 queries for query_to_passage.
INFO:src.hipporag.HippoRAG:Encoding 2 queries for query_to_passage.
INFO:src.hipporag.HippoRAG:Encoding 2 queries for query_to_passage.
INFO:src.hipporag.HippoRAG:Encoding 1 queries for query_to_passage.
WARNING:src.hipporag.rerank:Rerank parse failed on attempt 1 for query 'What is the name of the region that includes the cities Dover and Portsmouth, New Hampshire?': Error parsing raw response as candidate selection: Unable to parse structured payload: unterminated string literal (detected at line 2) (<unknown>, line 2).
INFO:src.hipporag.HippoRAG:Encoding 3 queries for query_to_passage.
INFO:src.hipporag.HippoRAG:Encoding 1 queries for query_to_passage.
WARNING:src.hipporag.rerank:Rerank parse failed on attempt 1 for query 'Mr. & Mrs. Mxyzptlk is an episode of the superhero TV series that originally aired on what network?': Error parsing raw response as candidate selection: Unable to parse structured payload: unterminated string literal (detected at line 2) (<unknown>, line 2).
INFO:src.hipporag.HippoRAG:Encoding 2 queries for query_to_passage.
WARNING:src.hipporag.rerank:Rerank parse failed on attempt 1 for query 'When was the plaintiff in the 1892 Barbed Wire Patent Case born?': Error parsing raw response as candidate selection: Unable to parse structured payload: unterminated string literal (detected at line 2) (<unknown>, line 2).
INFO:src.hipporag.HippoRAG:Encoding 2 queries for query_to_passage.
INFO:src.hipporag.HippoRAG:Encoding 1 queries for query_to_passage.
INFO:src.hipporag.HippoRAG:Encoding 1 queries for query_to_passage.
WARNING:src.hipporag.rerank:Rerank parse failed on attempt 1 for query 'What team won the XLII super bowl in their 48th overall season?': Error parsing raw response as candidate selection: Unable to parse structured payload: unterminated string literal (detected at line 2) (<unknown>, line 2).
INFO:src.hipporag.HippoRAG:Encoding 2 queries for query_to_passage.
INFO:src.hipporag.HippoRAG:Encoding 1 queries for query_to_passage.
INFO:src.hipporag.HippoRAG:Encoding 1 queries for query_to_passage.
INFO:src.hipporag.HippoRAG:Encoding 1 queries for query_to_passage.
WARNING:src.hipporag.rerank:Rerank parse failed on attempt 1 for query 'Kang Sung-yeon played Prince Yeonsan in a film that runs for how many minutes ?': Error parsing raw response as candidate selection: Unable to parse structured payload: unterminated string literal (detected at line 2) (<unknown>, line 2).
INFO:src.hipporag.HippoRAG:Encoding 2 queries for query_to_passage.
INFO:src.hipporag.HippoRAG:Encoding 1 queries for query_to_passage.
INFO:src.hipporag.HippoRAG:Encoding 1 queries for query_to_passage.
INFO:src.hipporag.HippoRAG:Encoding 1 queries for query_to_passage.
INFO:src.hipporag.HippoRAG:Encoding 1 queries for query_to_passage.
INFO:src.hipporag.HippoRAG:Encoding 1 queries for query_to_passage.
INFO:src.hipporag.HippoRAG:Encoding 2 queries for query_to_passage.
INFO:src.hipporag.HippoRAG:Encoding 1 queries for query_to_passage.
WARNING:src.hipporag.rerank:Rerank parse failed on attempt 1 for query 'An cricket star who played a supporting role in the film Sinhawalokanaya was a former captain of which cricket team?': Error parsing raw response as candidate selection: Unable to parse structured payload: unterminated string literal (detected at line 2) (<unknown>, line 2).
INFO:src.hipporag.HippoRAG:Encoding 2 queries for query_to_passage.
INFO:src.hipporag.HippoRAG:Encoding 1 queries for query_to_passage.
INFO:src.hipporag.HippoRAG:Encoding 2 queries for query_to_passage.
INFO:src.hipporag.HippoRAG:Encoding 1 queries for query_to_passage.
INFO:src.hipporag.HippoRAG:Encoding 1 queries for query_to_passage.
WARNING:src.hipporag.rerank:Rerank parse failed on attempt 1 for query 'What do Wrigley Park and social networks have in common?': Error parsing raw response as candidate selection: Unable to parse structured payload: unterminated string literal (detected at line 2) (<unknown>, line 2).
INFO:src.hipporag.HippoRAG:Encoding 1 queries for query_to_passage.
WARNING:src.hipporag.rerank:Rerank parse failed on attempt 1 for query 'Which voice actor plays the voice of the cartoon character that is most famous for his semi-intelligible speech and his mischievous and temperamental personalit': Error parsing raw response as candidate selection: Unable to parse structured payload: unterminated string literal (detected at line 2) (<unknown>, line 2).
INFO:src.hipporag.HippoRAG:Encoding 2 queries for query_to_passage.
WARNING:src.hipporag.rerank:Rerank parse failed on attempt 1 for query 'What event in 1920 was established by the director of the play "The Miracle?"': Error parsing raw response as candidate selection: Unable to parse structured payload: unterminated string literal (detected at line 2) (<unknown>, line 2).
INFO:src.hipporag.HippoRAG:Encoding 2 queries for query_to_passage.
INFO:src.hipporag.HippoRAG:Encoding 1 queries for query_to_passage.
WARNING:src.hipporag.rerank:Rerank parse failed on attempt 1 for query 'Who was the brother of the wife of the Democratic Party nomination for Vice President in 1972?': Error parsing raw response as candidate selection: Unable to parse structured payload: unterminated string literal (detected at line 10) (<unknown>, line 10).
INFO:src.hipporag.HippoRAG:Encoding 3 queries for query_to_passage.
INFO:src.hipporag.HippoRAG:Encoding 1 queries for query_to_passage.
INFO:src.hipporag.HippoRAG:Encoding 1 queries for query_to_passage.
INFO:src.hipporag.HippoRAG:Encoding 1 queries for query_to_passage.
INFO:src.hipporag.HippoRAG:Encoding 1 queries for query_to_passage.
INFO:src.hipporag.HippoRAG:Encoding 1 queries for query_to_passage.
WARNING:src.hipporag.rerank:Rerank parse failed on attempt 1 for query 'What type of product is the sponsor of the Premiership Rugby Sevens SeriesSeries ?': Error parsing raw response as candidate selection: Unable to parse structured payload: unterminated string literal (detected at line 2) (<unknown>, line 2).
INFO:httpx:HTTP Request: POST http://localhost:8042/v1/chat/completions "HTTP/1.1 200 OK"
INFO:src.hipporag.HippoRAG:Encoding 2 queries for query_to_passage.
INFO:src.hipporag.HippoRAG:Encoding 1 queries for query_to_passage.
INFO:src.hipporag.HippoRAG:Encoding 1 queries for query_to_passage.
INFO:src.hipporag.HippoRAG:Encoding 2 queries for query_to_passage.
INFO:src.hipporag.HippoRAG:Encoding 1 queries for query_to_passage.
WARNING:src.hipporag.rerank:Rerank parse failed on attempt 1 for query 'Love Child is a 1982 biopic starring Beau Bridges, Mackenzie Phillips, and an actress that was nominated for the Academy Award for Best Supporting Actress for w': Error parsing raw response as candidate selection: Unable to parse structured payload: unterminated string literal (detected at line 2) (<unknown>, line 2).
INFO:httpx:HTTP Request: POST http://localhost:8042/v1/chat/completions "HTTP/1.1 200 OK"
INFO:src.hipporag.HippoRAG:Encoding 4 queries for query_to_passage.
INFO:src.hipporag.HippoRAG:Encoding 1 queries for query_to_passage.
INFO:src.hipporag.HippoRAG:Encoding 1 queries for query_to_passage.
INFO:src.hipporag.HippoRAG:Encoding 1 queries for query_to_passage.
WARNING:src.hipporag.rerank:Rerank parse failed on attempt 1 for query 'Ho Iat Seng  is a member of a legislative assembly that has how many members ?': Error parsing raw response as candidate selection: Unable to parse structured payload: unterminated string literal (detected at line 3) (<unknown>, line 3).
INFO:src.hipporag.HippoRAG:Encoding 2 queries for query_to_passage.
INFO:src.hipporag.HippoRAG:Encoding 1 queries for query_to_passage.
WARNING:src.hipporag.rerank:Rerank parse failed on attempt 1 for query 'How many times has the team Jack McKeon managed won the World Series?': Error parsing raw response as candidate selection: Unable to parse structured payload: unterminated string literal (detected at line 2) (<unknown>, line 2).
INFO:src.hipporag.HippoRAG:Encoding 3 queries for query_to_passage.
INFO:src.hipporag.HippoRAG:Encoding 1 queries for query_to_passage.
INFO:src.hipporag.HippoRAG:Encoding 1 queries for query_to_passage.
INFO:src.hipporag.HippoRAG:Encoding 3 queries for query_to_passage.
INFO:src.hipporag.HippoRAG:Encoding 1 queries for query_to_passage.
INFO:src.hipporag.HippoRAG:Encoding 1 queries for query_to_passage.
WARNING:src.hipporag.rerank:Rerank parse failed on attempt 1 for query 'Who is younger Kirk Humphreys or Tom Coburn?': Error parsing raw response as candidate selection: Unable to parse structured payload: unterminated string literal (detected at line 2) (<unknown>, line 2).
INFO:src.hipporag.HippoRAG:Encoding 2 queries for query_to_passage.
INFO:src.hipporag.HippoRAG:Encoding 3 queries for query_to_passage.
INFO:src.hipporag.HippoRAG:Encoding 1 queries for query_to_passage.
INFO:src.hipporag.HippoRAG:Encoding 1 queries for query_to_passage.
INFO:src.hipporag.HippoRAG:Encoding 1 queries for query_to_passage.
INFO:src.hipporag.HippoRAG:Encoding 3 queries for query_to_passage.
WARNING:src.hipporag.rerank:Rerank parse failed on attempt 1 for query 'Who is prime minister of this West African country that covers 36125km2?': Error parsing raw response as candidate selection: Unable to parse structured payload: unterminated string literal (detected at line 2) (<unknown>, line 2).
INFO:src.hipporag.HippoRAG:Encoding 2 queries for query_to_passage.
INFO:src.hipporag.HippoRAG:Encoding 1 queries for query_to_passage.
WARNING:src.hipporag.rerank:Rerank parse failed on attempt 1 for query "Which football team does Lewis Young's older brother, Ashley Young, play for?": Error parsing raw response as candidate selection: Unable to parse structured payload: unterminated string literal (detected at line 1) (<unknown>, line 1).
INFO:src.hipporag.HippoRAG:Encoding 2 queries for query_to_passage.
INFO:src.hipporag.HippoRAG:Encoding 1 queries for query_to_passage.
WARNING:src.hipporag.rerank:Rerank parse failed on attempt 1 for query 'What album starring Ed Sheeran was released on 3 March 2017?': Error parsing raw response as candidate selection: Unable to parse structured payload: unterminated string literal (detected at line 2) (<unknown>, line 2).
INFO:src.hipporag.HippoRAG:Encoding 3 queries for query_to_passage.
WARNING:src.hipporag.rerank:Rerank parse failed on attempt 1 for query 'What nationality was the lover of Lord Alfred Douglas ?': Error parsing raw response as candidate selection: Unable to parse structured payload: unterminated string literal (detected at line 2) (<unknown>, line 2).
INFO:httpx:HTTP Request: POST http://localhost:8042/v1/chat/completions "HTTP/1.1 200 OK"
INFO:src.hipporag.HippoRAG:Encoding 2 queries for query_to_passage.
INFO:src.hipporag.HippoRAG:Encoding 1 queries for query_to_passage.
INFO:src.hipporag.HippoRAG:Encoding 4 queries for query_to_passage.
INFO:src.hipporag.HippoRAG:Encoding 1 queries for query_to_passage.
INFO:src.hipporag.HippoRAG:Encoding 1 queries for query_to_passage.
INFO:src.hipporag.HippoRAG:Encoding 1 queries for query_to_passage.
WARNING:src.hipporag.rerank:Rerank parse failed on attempt 1 for query 'What man is linked to both Johnny Tremain and Magic Kingdom?': Error parsing raw response as candidate selection: Unable to parse structured payload: unterminated string literal (detected at line 2) (<unknown>, line 2).
INFO:src.hipporag.HippoRAG:Encoding 1 queries for query_to_passage.
INFO:src.hipporag.HippoRAG:Encoding 2 queries for query_to_passage.
WARNING:src.hipporag.rerank:Rerank parse failed on attempt 1 for query "What characteristic meaning it's transferable between species, does monkeypox and cowpox virus both share?": Error parsing raw response as candidate selection: Unable to parse structured payload: unterminated string literal (detected at line 2) (<unknown>, line 2).
INFO:src.hipporag.HippoRAG:Encoding 1 queries for query_to_passage.
INFO:src.hipporag.HippoRAG:Encoding 2 queries for query_to_passage.
INFO:src.hipporag.HippoRAG:Encoding 1 queries for query_to_passage.
WARNING:src.hipporag.rerank:Rerank parse failed on attempt 1 for query 'The song "Medicine" by The 1975 appears in a film directed by what Danish filmmaker?': Error parsing raw response as candidate selection: Unable to parse structured payload: unterminated string literal (detected at line 2) (<unknown>, line 2).
INFO:src.hipporag.HippoRAG:Encoding 2 queries for query_to_passage.
INFO:src.hipporag.HippoRAG:Encoding 1 queries for query_to_passage.
INFO:src.hipporag.HippoRAG:Encoding 1 queries for query_to_passage.
INFO:src.hipporag.HippoRAG:Encoding 1 queries for query_to_passage.
INFO:src.hipporag.HippoRAG:Encoding 2 queries for query_to_passage.
INFO:src.hipporag.HippoRAG:Encoding 1 queries for query_to_passage.
INFO:src.hipporag.HippoRAG:Encoding 1 queries for query_to_passage.
INFO:src.hipporag.HippoRAG:Encoding 1 queries for query_to_passage.
INFO:src.hipporag.HippoRAG:Encoding 1 queries for query_to_passage.
INFO:src.hipporag.HippoRAG:Encoding 1 queries for query_to_passage.
WARNING:src.hipporag.rerank:Rerank parse failed on attempt 1 for query 'What two shows is the director of the first "Clone Wars" series known for creating?': Error parsing raw response as candidate selection: Unable to parse structured payload: unterminated string literal (detected at line 2) (<unknown>, line 2).
INFO:src.hipporag.HippoRAG:Encoding 2 queries for query_to_passage.
INFO:src.hipporag.HippoRAG:Encoding 1 queries for query_to_passage.
WARNING:src.hipporag.rerank:Rerank parse failed on attempt 1 for query 'Who is the son of John Button under contract with as a driver?': Error parsing raw response as candidate selection: Unable to parse structured payload: expected 'else' after 'if' expression (<unknown>, line 1).
INFO:src.hipporag.HippoRAG:Encoding 2 queries for query_to_passage.
INFO:src.hipporag.HippoRAG:Encoding 1 queries for query_to_passage.
WARNING:src.hipporag.rerank:Rerank parse failed on attempt 1 for query 'What person, known also as Jane Ryan, has a four lane highway in the Philippines name after her?': Error parsing raw response as candidate selection: Unable to parse structured payload: unterminated string literal (detected at line 2) (<unknown>, line 2).
INFO:httpx:HTTP Request: POST http://localhost:8042/v1/chat/completions "HTTP/1.1 200 OK"
INFO:src.hipporag.HippoRAG:Encoding 2 queries for query_to_passage.
INFO:src.hipporag.HippoRAG:Encoding 1 queries for query_to_passage.
INFO:src.hipporag.HippoRAG:Encoding 2 queries for query_to_passage.
WARNING:src.hipporag.rerank:Rerank parse failed on attempt 1 for query 'Do Cathy Berberian and Dickran Tevrizian share the same profession ?': Error parsing raw response as candidate selection: Unable to parse structured payload: unterminated string literal (detected at line 2) (<unknown>, line 2).
INFO:src.hipporag.HippoRAG:Encoding 3 queries for query_to_passage.
INFO:src.hipporag.HippoRAG:Encoding 1 queries for query_to_passage.
WARNING:src.hipporag.rerank:Rerank parse failed on attempt 1 for query 'What occupation do Chris Menges and Aram Avakian share?': Error parsing raw response as candidate selection: Unable to parse structured payload: unterminated string literal (detected at line 2) (<unknown>, line 2).
INFO:src.hipporag.HippoRAG:Encoding 3 queries for query_to_passage.
WARNING:src.hipporag.rerank:Rerank parse failed on attempt 1 for query 'Who is the film dedicated to that Paramount Classics and MTV Films co-purchased the rights to?': Error parsing raw response as candidate selection: Unable to parse structured payload: unterminated string literal (detected at line 2) (<unknown>, line 2).
INFO:src.hipporag.HippoRAG:Encoding 2 queries for query_to_passage.
INFO:src.hipporag.HippoRAG:Encoding 1 queries for query_to_passage.
WARNING:src.hipporag.rerank:Rerank parse failed on attempt 1 for query 'Who was the murderer sent to "Old Smokey" for allegedly commiting "The Crime of the Century"?': Error parsing raw response as candidate selection: Unable to parse structured payload: unterminated string literal (detected at line 2) (<unknown>, line 2).
INFO:src.hipporag.HippoRAG:Encoding 1 queries for query_to_passage.
INFO:src.hipporag.HippoRAG:Encoding 2 queries for query_to_passage.
INFO:src.hipporag.HippoRAG:Encoding 1 queries for query_to_passage.
WARNING:src.hipporag.rerank:Rerank parse failed on attempt 1 for query 'Which producer from the 2015 British documentary film about the life and death of British singer-songwriter Amy Winehouse also worked on the film Oasis: Superso': Error parsing raw response as candidate selection: Unable to parse structured payload: unterminated string literal (detected at line 2) (<unknown>, line 2).
INFO:src.hipporag.HippoRAG:Encoding 3 queries for query_to_passage.
WARNING:src.hipporag.rerank:Rerank parse failed on attempt 1 for query "What is the name of the conditions that the radiologist who served as chief of radiology at the U.S. Army's flagship medical center from 1909 to 2011?": Error parsing raw response as candidate selection: Unable to parse structured payload: invalid character '—' (U+2014) (<unknown>, line 2).
INFO:src.hipporag.HippoRAG:Encoding 2 queries for query_to_passage.
WARNING:src.hipporag.rerank:Rerank parse failed on attempt 1 for query 'Considered the strongest recorded tropical cyclone, which cyclone had a film made about it in 2007?': Error parsing raw response as candidate selection: Unable to parse structured payload: unterminated string literal (detected at line 2) (<unknown>, line 2).
INFO:src.hipporag.HippoRAG:Encoding 2 queries for query_to_passage.
WARNING:src.hipporag.rerank:Rerank parse failed on attempt 1 for query 'Who was the opponent of the Republican of Indenosia when Nugroho Notosusanto served as a member of the Student Army': Error parsing raw response as candidate selection: Unable to parse structured payload: unterminated string literal (detected at line 2) (<unknown>, line 2).
INFO:src.hipporag.HippoRAG:Encoding 4 queries for query_to_passage.
INFO:src.hipporag.HippoRAG:Encoding 1 queries for query_to_passage.
INFO:src.hipporag.HippoRAG:Encoding 1 queries for query_to_passage.
INFO:src.hipporag.HippoRAG:Encoding 2 queries for query_to_passage.
WARNING:src.hipporag.rerank:Rerank parse failed on attempt 1 for query "Who directed the movie for which Jason O'Bryan was nominated for a grammy for best soundtrack?": Error parsing raw response as candidate selection: Unable to parse structured payload: unterminated string literal (detected at line 4) (<unknown>, line 4).
INFO:src.hipporag.HippoRAG:Encoding 2 queries for query_to_passage.
INFO:src.hipporag.HippoRAG:Encoding 1 queries for query_to_passage.
WARNING:src.hipporag.rerank:Rerank parse failed on attempt 1 for query 'What single was released by a American country singer, songwriter and multi-instrumentalist on MCA Nashville in 2000?': Error parsing raw response as candidate selection: Unable to parse structured payload: unterminated string literal (detected at line 2) (<unknown>, line 2).
INFO:src.hipporag.HippoRAG:Encoding 2 queries for query_to_passage.
WARNING:src.hipporag.rerank:Rerank parse failed on attempt 1 for query 'Are Broughtonia and Laeliocattleya both orchids?': Error parsing raw response as candidate selection: Unable to parse structured payload: unterminated string literal (detected at line 2) (<unknown>, line 2).
INFO:src.hipporag.HippoRAG:Encoding 3 queries for query_to_passage.
INFO:src.hipporag.HippoRAG:Encoding 1 queries for query_to_passage.
INFO:src.hipporag.HippoRAG:Encoding 2 queries for query_to_passage.
INFO:src.hipporag.HippoRAG:Encoding 1 queries for query_to_passage.
WARNING:src.hipporag.rerank:Rerank parse failed on attempt 1 for query 'what are the low sea stacks in the Shetland Islands called?': Error parsing raw response as candidate selection: Unable to parse structured payload: unterminated string literal (detected at line 1) (<unknown>, line 1).
INFO:src.hipporag.HippoRAG:Encoding 1 queries for query_to_passage.
WARNING:src.hipporag.rerank:Rerank parse failed on attempt 1 for query 'When was the American singer, songwriter, actress and LGBT rights activist born who won Grammy and Emmy award?': Error parsing raw response as candidate selection: Unable to parse structured payload: unterminated string literal (detected at line 2) (<unknown>, line 2).
INFO:src.hipporag.HippoRAG:Encoding 1 queries for query_to_passage.
INFO:src.hipporag.HippoRAG:Encoding 1 queries for query_to_passage.
WARNING:src.hipporag.rerank:Rerank parse failed on attempt 1 for query 'The design team for role playing game Black Crusade featured the work of this designer who was the lead developer for what game?': Error parsing raw response as candidate selection: Unable to parse structured payload: unterminated string literal (detected at line 2) (<unknown>, line 2).
INFO:src.hipporag.HippoRAG:Encoding 2 queries for query_to_passage.
INFO:src.hipporag.HippoRAG:Encoding 1 queries for query_to_passage.
WARNING:src.hipporag.rerank:Rerank parse failed on attempt 1 for query 'What "God Gave Me You" artist wrote the song "Imagine That" for Diamond Rio?': Error parsing raw response as candidate selection: Unable to parse structured payload: unterminated string literal (detected at line 2) (<unknown>, line 2).
INFO:src.hipporag.HippoRAG:Encoding 2 queries for query_to_passage.
INFO:src.hipporag.HippoRAG:Encoding 1 queries for query_to_passage.
INFO:src.hipporag.HippoRAG:Encoding 1 queries for query_to_passage.
INFO:src.hipporag.HippoRAG:Encoding 1 queries for query_to_passage.
INFO:src.hipporag.HippoRAG:Encoding 4 queries for query_to_passage.
INFO:src.hipporag.HippoRAG:Encoding 1 queries for query_to_passage.
INFO:src.hipporag.HippoRAG:Encoding 1 queries for query_to_passage.
INFO:src.hipporag.HippoRAG:Encoding 1 queries for query_to_passage.
INFO:src.hipporag.HippoRAG:Encoding 2 queries for query_to_passage.
INFO:src.hipporag.HippoRAG:Encoding 1 queries for query_to_passage.
INFO:src.hipporag.HippoRAG:Encoding 1 queries for query_to_passage.
INFO:src.hipporag.HippoRAG:Encoding 2 queries for query_to_passage.
INFO:src.hipporag.HippoRAG:Encoding 1 queries for query_to_passage.
WARNING:src.hipporag.rerank:Rerank parse failed on attempt 1 for query 'What band formed in 1995 and came out with an album called "Welcome Interstate Managers\'?': Error parsing raw response as candidate selection: Unable to parse structured payload: unterminated string literal (detected at line 2) (<unknown>, line 2).
INFO:src.hipporag.HippoRAG:Encoding 3 queries for query_to_passage.
INFO:src.hipporag.HippoRAG:Encoding 1 queries for query_to_passage.
INFO:src.hipporag.HippoRAG:Encoding 1 queries for query_to_passage.
WARNING:src.hipporag.rerank:Rerank parse failed on attempt 1 for query 'what air force based named in honor of Carl Benjamin "Ben" Eielson is located 26 miles southeast of Fairbanks, Alaska?': Error parsing raw response as candidate selection: Unable to parse structured payload: unterminated string literal (detected at line 12) (<unknown>, line 12).
INFO:src.hipporag.HippoRAG:Encoding 2 queries for query_to_passage.
INFO:src.hipporag.HippoRAG:Encoding 1 queries for query_to_passage.
INFO:src.hipporag.HippoRAG:Encoding 1 queries for query_to_passage.
WARNING:src.hipporag.rerank:Rerank parse failed on attempt 1 for query 'where is the American professional basketball team which Jalen Jones played for based': Error parsing raw response as candidate selection: Unable to parse structured payload: unterminated string literal (detected at line 2) (<unknown>, line 2).
INFO:httpx:HTTP Request: POST http://localhost:8042/v1/chat/completions "HTTP/1.1 200 OK"
INFO:src.hipporag.HippoRAG:Encoding 2 queries for query_to_passage.
INFO:src.hipporag.HippoRAG:Encoding 1 queries for query_to_passage.
INFO:src.hipporag.HippoRAG:Encoding 1 queries for query_to_passage.
WARNING:src.hipporag.rerank:Rerank parse failed on attempt 1 for query 'Sebastian Gutierrez is known for writing the screenplay for the 2003 film directed by whom?': Error parsing raw response as candidate selection: Unable to parse structured payload: unterminated string literal (detected at line 2) (<unknown>, line 2).
INFO:src.hipporag.HippoRAG:Encoding 3 queries for query_to_passage.
INFO:src.hipporag.HippoRAG:Encoding 1 queries for query_to_passage.
INFO:src.hipporag.HippoRAG:Encoding 1 queries for query_to_passage.
INFO:src.hipporag.HippoRAG:Encoding 1 queries for query_to_passage.
INFO:src.hipporag.HippoRAG:Encoding 1 queries for query_to_passage.
INFO:src.hipporag.HippoRAG:Encoding 1 queries for query_to_passage.
WARNING:src.hipporag.rerank:Rerank parse failed on attempt 1 for query 'Roxie Hart starred the entertainer and comedic actor who had what nickname?': Error parsing raw response as candidate selection: Unable to parse structured payload: malformed node or string on line 1: <ast.Name object at 0x7ff31ee75390>.
INFO:httpx:HTTP Request: POST http://localhost:8042/v1/chat/completions "HTTP/1.1 200 OK"
INFO:src.hipporag.HippoRAG:Encoding 2 queries for query_to_passage.
INFO:src.hipporag.HippoRAG:Encoding 1 queries for query_to_passage.
INFO:src.hipporag.HippoRAG:Encoding 2 queries for query_to_passage.
INFO:src.hipporag.HippoRAG:Encoding 1 queries for query_to_passage.
WARNING:src.hipporag.rerank:Rerank parse failed on attempt 1 for query 'What is the name of the executive producer of the film that has a score composed by Jerry Goldsmith?': Error parsing raw response as candidate selection: Unable to parse structured payload: unterminated string literal (detected at line 2) (<unknown>, line 2).
INFO:src.hipporag.HippoRAG:Encoding 2 queries for query_to_passage.
INFO:src.hipporag.HippoRAG:Encoding 1 queries for query_to_passage.
INFO:src.hipporag.HippoRAG:Encoding 1 queries for query_to_passage.
WARNING:src.hipporag.rerank:Rerank parse failed on attempt 1 for query 'Which KaBoom! Entertainment Inc. film is based on a story by Rudyard Kipling?': Error parsing raw response as candidate selection: Unable to parse structured payload: unterminated string literal (detected at line 2) (<unknown>, line 2).
INFO:src.hipporag.HippoRAG:Encoding 1 queries for query_to_passage.
INFO:src.hipporag.HippoRAG:Encoding 3 queries for query_to_passage.
INFO:src.hipporag.HippoRAG:Encoding 1 queries for query_to_passage.
INFO:src.hipporag.HippoRAG:Encoding 1 queries for query_to_passage.
INFO:src.hipporag.HippoRAG:Encoding 1 queries for query_to_passage.
INFO:src.hipporag.HippoRAG:Encoding 2 queries for query_to_passage.
INFO:src.hipporag.HippoRAG:Encoding 1 queries for query_to_passage.
INFO:src.hipporag.HippoRAG:Encoding 1 queries for query_to_passage.
WARNING:src.hipporag.rerank:Rerank parse failed on attempt 1 for query 'Barnstable County Hospital was the location of the autopsy of the son of President John F. Kennedy and Jacqueline Kennedy, and the younger brother of who?': Error parsing raw response as candidate selection: Unable to parse structured payload: unterminated string literal (detected at line 2) (<unknown>, line 2).
INFO:src.hipporag.HippoRAG:Encoding 2 queries for query_to_passage.
INFO:src.hipporag.HippoRAG:Encoding 1 queries for query_to_passage.
INFO:src.hipporag.HippoRAG:Encoding 1 queries for query_to_passage.
WARNING:src.hipporag.rerank:Rerank parse failed on attempt 1 for query 'The 2014–15 UEFA Champions League knockout phase lead to the final of the 23rd season since it was renamed from what?': Error parsing raw response as candidate selection: Unable to parse structured payload: unterminated string literal (detected at line 2) (<unknown>, line 2).
INFO:src.hipporag.HippoRAG:Encoding 2 queries for query_to_passage.
WARNING:src.hipporag.rerank:Rerank parse failed on attempt 1 for query 'Are both American bands The Four Seasons and Local H popular around the Beatles were around?': Error parsing raw response as candidate selection: Unable to parse structured payload: unterminated string literal (detected at line 2) (<unknown>, line 2).
INFO:src.hipporag.HippoRAG:Encoding 4 queries for query_to_passage.
INFO:src.hipporag.HippoRAG:Encoding 1 queries for query_to_passage.
INFO:src.hipporag.HippoRAG:Encoding 1 queries for query_to_passage.
WARNING:src.hipporag.rerank:Rerank parse failed on attempt 1 for query 'The 2006 NCAA Wrestling Championships crowned Jake Rosholt and another athlete known for powerful punches from what hand?': Error parsing raw response as candidate selection: Unable to parse structured payload: unterminated string literal (detected at line 2) (<unknown>, line 2).
INFO:src.hipporag.HippoRAG:Encoding 2 queries for query_to_passage.
INFO:src.hipporag.HippoRAG:Encoding 1 queries for query_to_passage.
INFO:src.hipporag.HippoRAG:Encoding 1 queries for query_to_passage.
INFO:src.hipporag.HippoRAG:Encoding 2 queries for query_to_passage.
INFO:src.hipporag.HippoRAG:Encoding 1 queries for query_to_passage.
INFO:src.hipporag.HippoRAG:Encoding 1 queries for query_to_passage.
WARNING:src.hipporag.rerank:Rerank parse failed on attempt 1 for query 'What club does the footballer who surpassed David Beckham for the appearance record play for?': Error parsing raw response as candidate selection: Unable to parse structured payload: unterminated string literal (detected at line 4) (<unknown>, line 4).
INFO:src.hipporag.HippoRAG:Encoding 2 queries for query_to_passage.
INFO:src.hipporag.HippoRAG:Encoding 1 queries for query_to_passage.
WARNING:src.hipporag.rerank:Rerank parse failed on attempt 1 for query 'when was american stunt performer which Stunt Cycle attempted to cash in with born': Error parsing raw response as candidate selection: Unable to parse structured payload: unterminated string literal (detected at line 2) (<unknown>, line 2).
INFO:httpx:HTTP Request: POST http://localhost:8042/v1/chat/completions "HTTP/1.1 200 OK"
INFO:src.hipporag.HippoRAG:Encoding 2 queries for query_to_passage.
INFO:src.hipporag.HippoRAG:Encoding 1 queries for query_to_passage.
INFO:src.hipporag.HippoRAG:Encoding 2 queries for query_to_passage.
INFO:src.hipporag.HippoRAG:Encoding 1 queries for query_to_passage.
INFO:httpx:HTTP Request: POST http://localhost:8042/v1/chat/completions "HTTP/1.1 200 OK"
INFO:src.hipporag.HippoRAG:Encoding 2 queries for query_to_passage.
INFO:src.hipporag.HippoRAG:Encoding 1 queries for query_to_passage.
INFO:src.hipporag.HippoRAG:Encoding 1 queries for query_to_passage.
INFO:src.hipporag.HippoRAG:Encoding 2 queries for query_to_passage.
INFO:src.hipporag.HippoRAG:Encoding 1 queries for query_to_passage.
INFO:src.hipporag.HippoRAG:Encoding 1 queries for query_to_passage.
INFO:src.hipporag.HippoRAG:Encoding 3 queries for query_to_passage.
INFO:src.hipporag.HippoRAG:Encoding 1 queries for query_to_passage.
INFO:src.hipporag.HippoRAG:Encoding 1 queries for query_to_passage.
INFO:src.hipporag.HippoRAG:Encoding 2 queries for query_to_passage.
INFO:src.hipporag.HippoRAG:Encoding 1 queries for query_to_passage.
WARNING:src.hipporag.rerank:Rerank parse failed on attempt 1 for query 'The historical Nimavar school in the Nimavar Bazaar, or bazar, is located in which country?': Error parsing raw response as candidate selection: Unable to parse structured payload: unterminated string literal (detected at line 4) (<unknown>, line 4).
INFO:src.hipporag.HippoRAG:Encoding 2 queries for query_to_passage.
WARNING:src.hipporag.rerank:Rerank parse failed on attempt 1 for query 'What is part of an alternate title to a Three 6 Mafia song and is slang for a concoction which includes prescription-strength cough syrup also known as purple d': Error parsing raw response as candidate selection: Unable to parse structured payload: unterminated string literal (detected at line 4) (<unknown>, line 4).
INFO:src.hipporag.HippoRAG:Encoding 2 queries for query_to_passage.
INFO:src.hipporag.HippoRAG:Encoding 1 queries for query_to_passage.
INFO:src.hipporag.HippoRAG:Encoding 1 queries for query_to_passage.
INFO:src.hipporag.HippoRAG:Encoding 1 queries for query_to_passage.
INFO:src.hipporag.HippoRAG:Encoding 1 queries for query_to_passage.
INFO:src.hipporag.HippoRAG:Encoding 1 queries for query_to_passage.
WARNING:src.hipporag.rerank:Rerank parse failed on attempt 1 for query 'Dahlia and Aruncus are both examples of what type of plant catagorization?': Error parsing raw response as candidate selection: Unable to parse structured payload: unterminated string literal (detected at line 2) (<unknown>, line 2).
INFO:src.hipporag.HippoRAG:Encoding 1 queries for query_to_passage.
INFO:src.hipporag.HippoRAG:Encoding 2 queries for query_to_passage.
INFO:src.hipporag.HippoRAG:Encoding 1 queries for query_to_passage.
INFO:src.hipporag.HippoRAG:Encoding 1 queries for query_to_passage.
WARNING:src.hipporag.rerank:Rerank parse failed on attempt 1 for query 'Which  baseball team who represents Texas Tech University in NCAA Division I college baseball is  "The Law" its home stadium': Error parsing raw response as candidate selection: Unable to parse structured payload: unterminated string literal (detected at line 2) (<unknown>, line 2).
INFO:src.hipporag.HippoRAG:Encoding 4 queries for query_to_passage.
INFO:src.hipporag.HippoRAG:Encoding 1 queries for query_to_passage.
INFO:src.hipporag.HippoRAG:Encoding 1 queries for query_to_passage.
INFO:src.hipporag.HippoRAG:Encoding 1 queries for query_to_passage.
INFO:src.hipporag.HippoRAG:Encoding 1 queries for query_to_passage.
INFO:src.hipporag.HippoRAG:Encoding 1 queries for query_to_passage.
INFO:src.hipporag.HippoRAG:Encoding 1 queries for query_to_passage.
WARNING:src.hipporag.rerank:Rerank parse failed on attempt 1 for query 'Corbin Sinclair Bryant played for the Buffalo Bills and what other NFL team that was founded in 1933, and is the oldest franchise in the AFC?': Error parsing raw response as candidate selection: Unable to parse structured payload: unterminated string literal (detected at line 2) (<unknown>, line 2).
INFO:src.hipporag.HippoRAG:Encoding 2 queries for query_to_passage.
INFO:src.hipporag.HippoRAG:Encoding 1 queries for query_to_passage.
INFO:src.hipporag.HippoRAG:Encoding 1 queries for query_to_passage.
INFO:src.hipporag.HippoRAG:Encoding 2 queries for query_to_passage.
INFO:src.hipporag.HippoRAG:Encoding 1 queries for query_to_passage.
INFO:src.hipporag.HippoRAG:Encoding 2 queries for query_to_passage.
INFO:src.hipporag.HippoRAG:Encoding 4 queries for query_to_passage.
INFO:src.hipporag.HippoRAG:Encoding 1 queries for query_to_passage.
INFO:src.hipporag.HippoRAG:Encoding 1 queries for query_to_passage.
INFO:src.hipporag.HippoRAG:Encoding 1 queries for query_to_passage.
INFO:src.hipporag.HippoRAG:Encoding 1 queries for query_to_passage.
WARNING:src.hipporag.rerank:Rerank parse failed on attempt 1 for query 'What team did Robbie Keane play for after Inter Milan?': Error parsing raw response as candidate selection: Unable to parse structured payload: unterminated string literal (detected at line 2) (<unknown>, line 2).
INFO:src.hipporag.HippoRAG:Encoding 2 queries for query_to_passage.
INFO:src.hipporag.HippoRAG:Encoding 1 queries for query_to_passage.
WARNING:src.hipporag.rerank:Rerank parse failed on attempt 1 for query 'What is the current capital of the district that Michael "Mike" Campbell is from?': Error parsing raw response as candidate selection: Unable to parse structured payload: unterminated string literal (detected at line 2) (<unknown>, line 2).
INFO:src.hipporag.HippoRAG:Encoding 2 queries for query_to_passage.
INFO:src.hipporag.HippoRAG:Encoding 1 queries for query_to_passage.
INFO:src.hipporag.HippoRAG:Encoding 3 queries for query_to_passage.
WARNING:src.hipporag.rerank:Rerank parse failed on attempt 1 for query 'Who did Muhummad Ali fight next, in Houston, after the so-called Fight of the Century with Joe Frazier?': Error parsing raw response as candidate selection: Unable to parse structured payload: unterminated string literal (detected at line 2) (<unknown>, line 2).
INFO:src.hipporag.HippoRAG:Encoding 3 queries for query_to_passage.
INFO:httpx:HTTP Request: POST http://localhost:8042/v1/chat/completions "HTTP/1.1 200 OK"
INFO:src.hipporag.HippoRAG:Encoding 3 queries for query_to_passage.
INFO:src.hipporag.HippoRAG:Encoding 1 queries for query_to_passage.
INFO:src.hipporag.HippoRAG:Encoding 3 queries for query_to_passage.
INFO:src.hipporag.HippoRAG:Encoding 1 queries for query_to_passage.
INFO:src.hipporag.HippoRAG:Encoding 1 queries for query_to_passage.
INFO:src.hipporag.HippoRAG:Encoding 2 queries for query_to_passage.
INFO:src.hipporag.HippoRAG:Encoding 1 queries for query_to_passage.
INFO:src.hipporag.HippoRAG:Encoding 1 queries for query_to_passage.
INFO:src.hipporag.HippoRAG:Encoding 1 queries for query_to_passage.
INFO:src.hipporag.HippoRAG:Encoding 2 queries for query_to_passage.
INFO:src.hipporag.HippoRAG:Encoding 1 queries for query_to_passage.
INFO:src.hipporag.HippoRAG:Encoding 1 queries for query_to_passage.
WARNING:src.hipporag.rerank:Rerank parse failed on attempt 1 for query 'Bobby Bowden coached which former Toronto Blue Jays minor league baseball player?': Error parsing raw response as candidate selection: Unable to parse structured payload: unterminated string literal (detected at line 2) (<unknown>, line 2).
INFO:src.hipporag.HippoRAG:Encoding 2 queries for query_to_passage.
INFO:src.hipporag.HippoRAG:Encoding 1 queries for query_to_passage.
INFO:src.hipporag.HippoRAG:Encoding 1 queries for query_to_passage.
INFO:src.hipporag.HippoRAG:Encoding 1 queries for query_to_passage.
INFO:src.hipporag.HippoRAG:Encoding 3 queries for query_to_passage.
INFO:src.hipporag.HippoRAG:Encoding 1 queries for query_to_passage.
INFO:src.hipporag.HippoRAG:Encoding 1 queries for query_to_passage.
WARNING:src.hipporag.rerank:Rerank parse failed on attempt 1 for query 'Dan Balan co-wrote the song from what T.I. album?': Error parsing raw response as candidate selection: Unable to parse structured payload: unterminated string literal (detected at line 2) (<unknown>, line 2).
INFO:src.hipporag.HippoRAG:Encoding 2 queries for query_to_passage.
INFO:src.hipporag.HippoRAG:Encoding 1 queries for query_to_passage.
INFO:src.hipporag.HippoRAG:Encoding 1 queries for query_to_passage.
INFO:src.hipporag.HippoRAG:Encoding 2 queries for query_to_passage.
INFO:src.hipporag.HippoRAG:Encoding 1 queries for query_to_passage.
INFO:src.hipporag.HippoRAG:Encoding 1 queries for query_to_passage.
WARNING:src.hipporag.rerank:Rerank parse failed on attempt 1 for query 'Which was formed first, the duo Big & Rich or Lonestar?': Error parsing raw response as candidate selection: Unable to parse structured payload: unterminated string literal (detected at line 2) (<unknown>, line 2).
INFO:src.hipporag.HippoRAG:Encoding 3 queries for query_to_passage.
INFO:src.hipporag.HippoRAG:Encoding 1 queries for query_to_passage.
INFO:src.hipporag.HippoRAG:Encoding 1 queries for query_to_passage.
INFO:src.hipporag.HippoRAG:Encoding 1 queries for query_to_passage.
INFO:src.hipporag.HippoRAG:Encoding 1 queries for query_to_passage.
INFO:src.hipporag.HippoRAG:Encoding 1 queries for query_to_passage.
WARNING:src.hipporag.rerank:Rerank parse failed on attempt 1 for query 'Who has the highest scope in profession in  Rob Thomas or  James Dean Bradfield': Error parsing raw response as candidate selection: Unable to parse structured payload: unterminated string literal (detected at line 2) (<unknown>, line 2).
INFO:src.hipporag.HippoRAG:Encoding 3 queries for query_to_passage.
INFO:src.hipporag.HippoRAG:Encoding 1 queries for query_to_passage.
INFO:src.hipporag.HippoRAG:Encoding 4 queries for query_to_passage.
INFO:src.hipporag.HippoRAG:Encoding 1 queries for query_to_passage.
INFO:src.hipporag.HippoRAG:Encoding 1 queries for query_to_passage.
INFO:src.hipporag.HippoRAG:Encoding 1 queries for query_to_passage.
INFO:src.hipporag.HippoRAG:Encoding 1 queries for query_to_passage.
INFO:src.hipporag.HippoRAG:Encoding 1 queries for query_to_passage.
INFO:src.hipporag.HippoRAG:Encoding 1 queries for query_to_passage.
INFO:src.hipporag.HippoRAG:Encoding 4 queries for query_to_passage.
INFO:src.hipporag.HippoRAG:Encoding 1 queries for query_to_passage.
INFO:src.hipporag.HippoRAG:Encoding 1 queries for query_to_passage.
INFO:src.hipporag.HippoRAG:Encoding 1 queries for query_to_passage.
INFO:src.hipporag.HippoRAG:Encoding 2 queries for query_to_passage.
INFO:src.hipporag.HippoRAG:Encoding 1 queries for query_to_passage.
WARNING:src.hipporag.rerank:Rerank parse failed on attempt 1 for query "Nicholas Scibetta's hit man brother-in-law, who confessed to being involved in the murder of 19 people, helped prosecutors convict what Gambino family boss?": Error parsing raw response as candidate selection: Unable to parse structured payload: unterminated string literal (detected at line 4) (<unknown>, line 4).
INFO:src.hipporag.HippoRAG:Encoding 2 queries for query_to_passage.
INFO:src.hipporag.HippoRAG:Encoding 1 queries for query_to_passage.
INFO:src.hipporag.HippoRAG:Encoding 1 queries for query_to_passage.
INFO:src.hipporag.HippoRAG:Encoding 2 queries for query_to_passage.
INFO:src.hipporag.HippoRAG:Encoding 1 queries for query_to_passage.
INFO:src.hipporag.HippoRAG:Encoding 1 queries for query_to_passage.
WARNING:src.hipporag.rerank:Rerank parse failed on attempt 1 for query 'What conference does the team that drafted Derrick Hamilton in 2004 belong to?': Error parsing raw response as candidate selection: Unable to parse structured payload: unterminated string literal (detected at line 2) (<unknown>, line 2).
INFO:src.hipporag.HippoRAG:Encoding 2 queries for query_to_passage.
INFO:src.hipporag.HippoRAG:Encoding 1 queries for query_to_passage.
WARNING:src.hipporag.rerank:Rerank parse failed on attempt 1 for query 'Los Angeles Historic-Cultural Monument (No. 139) hosted an event by what organization on Oct 12, 1991?': Error parsing raw response as candidate selection: Unable to parse structured payload: unterminated string literal (detected at line 2) (<unknown>, line 2).
INFO:src.hipporag.HippoRAG:Encoding 2 queries for query_to_passage.
INFO:src.hipporag.HippoRAG:Encoding 1 queries for query_to_passage.
WARNING:src.hipporag.rerank:Rerank parse failed on attempt 1 for query "Who has won more Grand Slam women's doubles titles, Lisa Raymond or Liezel Huber?": Error parsing raw response as candidate selection: Unable to parse structured payload: unterminated string literal (detected at line 4) (<unknown>, line 4).
INFO:src.hipporag.HippoRAG:Encoding 3 queries for query_to_passage.
INFO:src.hipporag.HippoRAG:Encoding 1 queries for query_to_passage.
INFO:src.hipporag.HippoRAG:Encoding 3 queries for query_to_passage.
INFO:src.hipporag.HippoRAG:Encoding 1 queries for query_to_passage.
INFO:src.hipporag.HippoRAG:Encoding 2 queries for query_to_passage.
INFO:src.hipporag.HippoRAG:Encoding 1 queries for query_to_passage.
INFO:src.hipporag.HippoRAG:Encoding 1 queries for query_to_passage.
INFO:src.hipporag.HippoRAG:Encoding 1 queries for query_to_passage.
INFO:src.hipporag.HippoRAG:Encoding 1 queries for query_to_passage.
WARNING:src.hipporag.rerank:Rerank parse failed on attempt 1 for query 'Which opera has more acts, Don Quichotte or Tosca?': Error parsing raw response as candidate selection: Unable to parse structured payload: unterminated string literal (detected at line 2) (<unknown>, line 2).
INFO:src.hipporag.HippoRAG:Encoding 3 queries for query_to_passage.
INFO:src.hipporag.HippoRAG:Encoding 1 queries for query_to_passage.
WARNING:src.hipporag.rerank:Rerank parse failed on attempt 1 for query 'Is Northeast Florida Regional Airport farther from St. Augustine than Glacier Park International Airport is to Kalispell?': Error parsing raw response as candidate selection: Unable to parse structured payload: unterminated string literal (detected at line 2) (<unknown>, line 2).
INFO:src.hipporag.HippoRAG:Encoding 3 queries for query_to_passage.
INFO:src.hipporag.HippoRAG:Encoding 2 queries for query_to_passage.
INFO:src.hipporag.HippoRAG:Encoding 1 queries for query_to_passage.
INFO:src.hipporag.HippoRAG:Encoding 1 queries for query_to_passage.
INFO:src.hipporag.HippoRAG:Encoding 1 queries for query_to_passage.
WARNING:src.hipporag.rerank:Rerank parse failed on attempt 1 for query 'Which show co-hosted by Hoda Kotb was produced by Brian Balthazar?': Error parsing raw response as candidate selection: Unable to parse structured payload: unterminated string literal (detected at line 2) (<unknown>, line 2).
INFO:src.hipporag.HippoRAG:Encoding 2 queries for query_to_passage.
WARNING:src.hipporag.rerank:Rerank parse failed on attempt 1 for query 'Multiple award-winning actor Gary Sinise appeared in The Stand in 1994 - a miniseries based on a novel and screenplay by which noted author?': Error parsing raw response as candidate selection: Unable to parse structured payload: unterminated string literal (detected at line 2) (<unknown>, line 2).
INFO:src.hipporag.HippoRAG:Encoding 2 queries for query_to_passage.
INFO:src.hipporag.HippoRAG:Encoding 1 queries for query_to_passage.
WARNING:src.hipporag.rerank:Rerank parse failed on attempt 1 for query 'How many acts is the ballet Rita Sangalli premiered in, in the year 1876?': Error parsing raw response as candidate selection: Unable to parse structured payload: unterminated string literal (detected at line 2) (<unknown>, line 2).
INFO:src.hipporag.HippoRAG:Encoding 2 queries for query_to_passage.
INFO:src.hipporag.HippoRAG:Encoding 1 queries for query_to_passage.
INFO:httpx:HTTP Request: POST http://localhost:8042/v1/chat/completions "HTTP/1.1 200 OK"
INFO:src.hipporag.HippoRAG:Encoding 2 queries for query_to_passage.
INFO:src.hipporag.HippoRAG:Encoding 1 queries for query_to_passage.
WARNING:src.hipporag.rerank:Rerank parse failed on attempt 1 for query 'Thunderbirds was a film featuring the exploits of what part of the Oklahoma Army National Guard?': Error parsing raw response as candidate selection: Unable to parse structured payload: unterminated string literal (detected at line 2) (<unknown>, line 2).
INFO:src.hipporag.HippoRAG:Encoding 2 queries for query_to_passage.
INFO:src.hipporag.HippoRAG:Encoding 2 queries for query_to_passage.
INFO:src.hipporag.HippoRAG:Encoding 1 queries for query_to_passage.
INFO:src.hipporag.HippoRAG:Encoding 3 queries for query_to_passage.
INFO:src.hipporag.HippoRAG:Encoding 1 queries for query_to_passage.
INFO:src.hipporag.HippoRAG:Encoding 1 queries for query_to_passage.
INFO:src.hipporag.HippoRAG:Encoding 1 queries for query_to_passage.
WARNING:src.hipporag.rerank:Rerank parse failed on attempt 1 for query 'Which river system in Chilhowie, Virginia was the starting place for most Longhunters?': Error parsing raw response as candidate selection: Unable to parse structured payload: unterminated string literal (detected at line 2) (<unknown>, line 2).
INFO:src.hipporag.HippoRAG:Encoding 1 queries for query_to_passage.
INFO:src.hipporag.HippoRAG:Encoding 2 queries for query_to_passage.
INFO:src.hipporag.HippoRAG:Encoding 1 queries for query_to_passage.
WARNING:src.hipporag.rerank:Rerank parse failed on attempt 1 for query 'What trio was the songwriter of "What Are We Doin\' Lonesome" from?': Error parsing raw response as candidate selection: Unable to parse structured payload: unterminated string literal (detected at line 2) (<unknown>, line 2).
INFO:src.hipporag.HippoRAG:Encoding 1 queries for query_to_passage.
WARNING:src.hipporag.rerank:Rerank parse failed on attempt 1 for query 'Where is the 1999 British comedy-drama film starring Jimi Mistry set?': Error parsing raw response as candidate selection: Unable to parse structured payload: unterminated string literal (detected at line 2) (<unknown>, line 2).
INFO:src.hipporag.HippoRAG:Encoding 1 queries for query_to_passage.
WARNING:src.hipporag.rerank:Rerank parse failed on attempt 1 for query "Which restaurant chain's headquarters is further north, Pizza Inn or Papa Gino's?": Error parsing raw response as candidate selection: Unable to parse structured payload: unterminated string literal (detected at line 2) (<unknown>, line 2).
INFO:src.hipporag.HippoRAG:Encoding 3 queries for query_to_passage.
INFO:src.hipporag.HippoRAG:Encoding 1 queries for query_to_passage.
WARNING:src.hipporag.rerank:Rerank parse failed on attempt 1 for query 'At what stadium did Mychal George Thompson play home games with the San Antonio Spurs?': Error parsing raw response as candidate selection: Unable to parse structured payload: unterminated string literal (detected at line 3) (<unknown>, line 3).
INFO:src.hipporag.HippoRAG:Encoding 3 queries for query_to_passage.
INFO:src.hipporag.HippoRAG:Encoding 1 queries for query_to_passage.
INFO:src.hipporag.HippoRAG:Encoding 1 queries for query_to_passage.
WARNING:src.hipporag.rerank:Rerank parse failed on attempt 1 for query 'What is the English translation of the noodle similar to Taglierini that is not tagliatelle?': Error parsing raw response as candidate selection: Unable to parse structured payload: unterminated string literal (detected at line 4) (<unknown>, line 4).
INFO:src.hipporag.HippoRAG:Encoding 2 queries for query_to_passage.
INFO:src.hipporag.HippoRAG:Encoding 1 queries for query_to_passage.
WARNING:src.hipporag.rerank:Rerank parse failed on attempt 1 for query 'Which writer is older, Joseph Epstein or Milan Kundera?': Error parsing raw response as candidate selection: Unable to parse structured payload: unterminated string literal (detected at line 2) (<unknown>, line 2).
INFO:src.hipporag.HippoRAG:Encoding 3 queries for query_to_passage.
INFO:src.hipporag.HippoRAG:Encoding 1 queries for query_to_passage.
INFO:src.hipporag.HippoRAG:Encoding 1 queries for query_to_passage.
WARNING:src.hipporag.rerank:Rerank parse failed on attempt 1 for query "Which channel produced the ninth volume of the tv series that premiered as the same date as RuPaul's first album?": Error parsing raw response as candidate selection: Unable to parse structured payload: unterminated string literal (detected at line 6) (<unknown>, line 6).
INFO:src.hipporag.HippoRAG:Encoding 3 queries for query_to_passage.
INFO:src.hipporag.HippoRAG:Encoding 1 queries for query_to_passage.
WARNING:src.hipporag.rerank:Rerank parse failed on attempt 1 for query "Dan Hurley is the brother of which head coach of Arizona State's men's basketball team?": Error parsing raw response as candidate selection: Unable to parse structured payload: unterminated string literal (detected at line 2) (<unknown>, line 2).
INFO:src.hipporag.HippoRAG:Encoding 4 queries for query_to_passage.
INFO:src.hipporag.HippoRAG:Encoding 1 queries for query_to_passage.
INFO:src.hipporag.HippoRAG:Encoding 1 queries for query_to_passage.
INFO:src.hipporag.HippoRAG:Encoding 1 queries for query_to_passage.
INFO:src.hipporag.HippoRAG:Encoding 1 queries for query_to_passage.
WARNING:src.hipporag.rerank:Rerank parse failed on attempt 1 for query 'What Danish eurodance group had a single called "Barbie Girl" which resulted in a lawsuit in 2002?': Error parsing raw response as candidate selection: Unable to parse structured payload: unterminated string literal (detected at line 9) (<unknown>, line 9).
INFO:src.hipporag.HippoRAG:Encoding 2 queries for query_to_passage.
INFO:src.hipporag.HippoRAG:Encoding 1 queries for query_to_passage.
INFO:src.hipporag.HippoRAG:Encoding 1 queries for query_to_passage.
INFO:src.hipporag.HippoRAG:Encoding 3 queries for query_to_passage.
INFO:src.hipporag.HippoRAG:Encoding 1 queries for query_to_passage.
INFO:src.hipporag.HippoRAG:Encoding 1 queries for query_to_passage.
WARNING:src.hipporag.rerank:Rerank parse failed on attempt 1 for query 'Who else besides "The Golden Jet" was born in Point Anne, Ontario?': Error parsing raw response as candidate selection: Unable to parse structured payload: unterminated string literal (detected at line 2) (<unknown>, line 2).
INFO:src.hipporag.HippoRAG:Encoding 3 queries for query_to_passage.
INFO:src.hipporag.HippoRAG:Encoding 1 queries for query_to_passage.
INFO:src.hipporag.HippoRAG:Encoding 1 queries for query_to_passage.
INFO:src.hipporag.HippoRAG:Encoding 1 queries for query_to_passage.
INFO:src.hipporag.HippoRAG:Encoding 1 queries for query_to_passage.
INFO:src.hipporag.HippoRAG:Encoding 1 queries for query_to_passage.
WARNING:src.hipporag.rerank:Rerank parse failed on attempt 1 for query 'Under which ring name does the wrestler who participated in a taser match with Bam Bam Bigelow, associate himself with in the World Wrestling Federation?': Error parsing raw response as candidate selection: Unable to parse structured payload: unterminated string literal (detected at line 2) (<unknown>, line 2).
INFO:src.hipporag.HippoRAG:Encoding 2 queries for query_to_passage.
INFO:src.hipporag.HippoRAG:Encoding 1 queries for query_to_passage.
WARNING:src.hipporag.rerank:Rerank parse failed on attempt 1 for query 'which German philosopher wrote "The opera "Lulu"': Error parsing raw response as candidate selection: Unable to parse structured payload: unterminated string literal (detected at line 2) (<unknown>, line 2).
INFO:httpx:HTTP Request: POST http://localhost:8042/v1/chat/completions "HTTP/1.1 200 OK"
INFO:src.hipporag.HippoRAG:Encoding 1 queries for query_to_passage.
INFO:src.hipporag.HippoRAG:Encoding 2 queries for query_to_passage.
INFO:src.hipporag.HippoRAG:Encoding 1 queries for query_to_passage.
INFO:src.hipporag.HippoRAG:Encoding 1 queries for query_to_passage.
WARNING:src.hipporag.rerank:Rerank parse failed on attempt 1 for query 'Where is the American honky tonk country band, whose first studio album was Honky Tonks and Cheap Motels, based?': Error parsing raw response as candidate selection: Unable to parse structured payload: unterminated string literal (detected at line 2) (<unknown>, line 2).
INFO:src.hipporag.HippoRAG:Encoding 2 queries for query_to_passage.
INFO:src.hipporag.HippoRAG:Encoding 1 queries for query_to_passage.
INFO:src.hipporag.HippoRAG:Encoding 3 queries for query_to_passage.
INFO:src.hipporag.HippoRAG:Encoding 1 queries for query_to_passage.
INFO:src.hipporag.HippoRAG:Encoding 1 queries for query_to_passage.
WARNING:src.hipporag.rerank:Rerank parse failed on attempt 1 for query 'Besides the founder of Led Zeppelin, and Bert Jansch, what other to British musician was heavily influenced by Davey Graham?': Error parsing raw response as candidate selection: Unable to parse structured payload: unterminated string literal (detected at line 2) (<unknown>, line 2).
INFO:src.hipporag.HippoRAG:Encoding 3 queries for query_to_passage.
INFO:src.hipporag.HippoRAG:Encoding 1 queries for query_to_passage.
INFO:src.hipporag.HippoRAG:Encoding 1 queries for query_to_passage.
INFO:src.hipporag.HippoRAG:Encoding 1 queries for query_to_passage.
INFO:src.hipporag.HippoRAG:Encoding 3 queries for query_to_passage.
INFO:src.hipporag.HippoRAG:Encoding 1 queries for query_to_passage.
WARNING:src.hipporag.rerank:Rerank parse failed on attempt 1 for query "With what team did the player who eclipsed Bill Madlock's batting title record for a third baseman win the World Series?": Error parsing raw response as candidate selection: Unable to parse structured payload: unterminated string literal (detected at line 4) (<unknown>, line 4).
INFO:src.hipporag.HippoRAG:Encoding 2 queries for query_to_passage.
INFO:src.hipporag.HippoRAG:Encoding 1 queries for query_to_passage.
INFO:src.hipporag.HippoRAG:Encoding 2 queries for query_to_passage.
INFO:src.hipporag.HippoRAG:Encoding 1 queries for query_to_passage.
WARNING:src.hipporag.rerank:Rerank parse failed on attempt 1 for query 'Which city is at coastal county-level, Wenling or Ruili?': Error parsing raw response as candidate selection: Unable to parse structured payload: unterminated string literal (detected at line 2) (<unknown>, line 2).
INFO:src.hipporag.HippoRAG:Encoding 1 queries for query_to_passage.
INFO:src.hipporag.HippoRAG:Encoding 3 queries for query_to_passage.
INFO:src.hipporag.HippoRAG:Encoding 1 queries for query_to_passage.
INFO:src.hipporag.HippoRAG:Encoding 1 queries for query_to_passage.
INFO:src.hipporag.HippoRAG:Encoding 1 queries for query_to_passage.
WARNING:src.hipporag.rerank:Rerank parse failed on attempt 1 for query 'What country of origin does The Late Late Show and Craig Kilborn have in common?': Error parsing raw response as candidate selection: Unable to parse structured payload: unterminated string literal (detected at line 2) (<unknown>, line 2).
INFO:src.hipporag.HippoRAG:Encoding 3 queries for query_to_passage.
INFO:src.hipporag.HippoRAG:Encoding 1 queries for query_to_passage.
INFO:src.hipporag.HippoRAG:Encoding 1 queries for query_to_passage.
INFO:src.hipporag.HippoRAG:Encoding 2 queries for query_to_passage.
INFO:src.hipporag.HippoRAG:Encoding 1 queries for query_to_passage.
WARNING:src.hipporag.rerank:Rerank parse failed on attempt 1 for query 'What was the Canadian movie called in Italy that stared a professional American football defensive end of the National Football League along with Michael Ironsi': Error parsing raw response as candidate selection: Unable to parse structured payload: unterminated string literal (detected at line 2) (<unknown>, line 2).
INFO:src.hipporag.HippoRAG:Encoding 4 queries for query_to_passage.
INFO:src.hipporag.HippoRAG:Encoding 1 queries for query_to_passage.
WARNING:src.hipporag.rerank:Rerank parse failed on attempt 1 for query 'The Order of th elithuanian Grand Duke Gediminas features one of the earliest symbols of Lithuania, that was used by the Lithuanian Republic as a minor state sy': Error parsing raw response as candidate selection: Unable to parse structured payload: unterminated string literal (detected at line 2) (<unknown>, line 2).
INFO:src.hipporag.HippoRAG:Encoding 2 queries for query_to_passage.
INFO:src.hipporag.HippoRAG:Encoding 1 queries for query_to_passage.
INFO:src.hipporag.HippoRAG:Encoding 1 queries for query_to_passage.
INFO:src.hipporag.HippoRAG:Encoding 1 queries for query_to_passage.
INFO:src.hipporag.HippoRAG:Encoding 1 queries for query_to_passage.
INFO:src.hipporag.HippoRAG:Encoding 1 queries for query_to_passage.
INFO:src.hipporag.HippoRAG:Encoding 2 queries for query_to_passage.
INFO:src.hipporag.HippoRAG:Encoding 1 queries for query_to_passage.
INFO:src.hipporag.HippoRAG:Encoding 1 queries for query_to_passage.
INFO:src.hipporag.HippoRAG:Encoding 1 queries for query_to_passage.
INFO:src.hipporag.HippoRAG:Encoding 1 queries for query_to_passage.
INFO:src.hipporag.HippoRAG:Encoding 1 queries for query_to_passage.
WARNING:src.hipporag.rerank:Rerank parse failed on attempt 1 for query 'What Pakistani actor and writer from Islamabad helped write for the 2012 Pakistani comedy drama sitcom, "Coke Kahani"?': Error parsing raw response as candidate selection: Unable to parse structured payload: unterminated string literal (detected at line 2) (<unknown>, line 2).
INFO:src.hipporag.HippoRAG:Encoding 3 queries for query_to_passage.
INFO:src.hipporag.HippoRAG:Encoding 1 queries for query_to_passage.
INFO:src.hipporag.HippoRAG:Encoding 1 queries for query_to_passage.
INFO:src.hipporag.HippoRAG:Encoding 1 queries for query_to_passage.
INFO:src.hipporag.HippoRAG:Encoding 1 queries for query_to_passage.
INFO:src.hipporag.HippoRAG:Encoding 2 queries for query_to_passage.
INFO:src.hipporag.HippoRAG:Encoding 1 queries for query_to_passage.
INFO:src.hipporag.HippoRAG:Encoding 1 queries for query_to_passage.
WARNING:src.hipporag.rerank:Rerank parse failed on attempt 1 for query 'When was one of the teacher of Nikolai Lugansky died who was a Russian Soviet pianist, composer?': Error parsing raw response as candidate selection: Unable to parse structured payload: unterminated string literal (detected at line 4) (<unknown>, line 4).
INFO:src.hipporag.HippoRAG:Encoding 2 queries for query_to_passage.
INFO:src.hipporag.HippoRAG:Encoding 1 queries for query_to_passage.
INFO:src.hipporag.HippoRAG:Encoding 2 queries for query_to_passage.
INFO:src.hipporag.HippoRAG:Encoding 1 queries for query_to_passage.
INFO:src.hipporag.HippoRAG:Encoding 1 queries for query_to_passage.
INFO:src.hipporag.HippoRAG:Encoding 2 queries for query_to_passage.
INFO:src.hipporag.HippoRAG:Encoding 1 queries for query_to_passage.
WARNING:src.hipporag.rerank:Rerank parse failed on attempt 1 for query 'The uncle of Paul Capellani died at a military operation during a battle was fought between who?': Error parsing raw response as candidate selection: Unable to parse structured payload: unterminated string literal (detected at line 2) (<unknown>, line 2).
INFO:src.hipporag.HippoRAG:Encoding 4 queries for query_to_passage.
INFO:src.hipporag.HippoRAG:Encoding 1 queries for query_to_passage.
INFO:src.hipporag.HippoRAG:Encoding 1 queries for query_to_passage.
INFO:src.hipporag.HippoRAG:Encoding 1 queries for query_to_passage.
INFO:src.hipporag.HippoRAG:Encoding 1 queries for query_to_passage.
INFO:src.hipporag.HippoRAG:Encoding 1 queries for query_to_passage.
INFO:src.hipporag.HippoRAG:Encoding 1 queries for query_to_passage.
INFO:src.hipporag.HippoRAG:Encoding 1 queries for query_to_passage.
INFO:src.hipporag.HippoRAG:Encoding 1 queries for query_to_passage.
INFO:src.hipporag.HippoRAG:Encoding 1 queries for query_to_passage.
INFO:src.hipporag.HippoRAG:Encoding 2 queries for query_to_passage.
INFO:src.hipporag.HippoRAG:Encoding 1 queries for query_to_passage.
WARNING:src.hipporag.rerank:Rerank parse failed on attempt 1 for query 'Are Peter Balakian and James Der Derian both teachers?': Error parsing raw response as candidate selection: Unable to parse structured payload: unterminated string literal (detected at line 2) (<unknown>, line 2).
INFO:src.hipporag.HippoRAG:Encoding 4 queries for query_to_passage.
INFO:src.hipporag.HippoRAG:Encoding 2 queries for query_to_passage.
INFO:src.hipporag.HippoRAG:Encoding 1 queries for query_to_passage.
WARNING:src.hipporag.rerank:Rerank parse failed on attempt 1 for query 'Which will be higher Time Warner Center or One Manhattan Square ?': Error parsing raw response as candidate selection: Unable to parse structured payload: unterminated string literal (detected at line 1) (<unknown>, line 1).
INFO:src.hipporag.HippoRAG:Encoding 3 queries for query_to_passage.
INFO:src.hipporag.HippoRAG:Encoding 1 queries for query_to_passage.
INFO:src.hipporag.HippoRAG:Encoding 1 queries for query_to_passage.
INFO:src.hipporag.HippoRAG:Encoding 1 queries for query_to_passage.
INFO:src.hipporag.HippoRAG:Encoding 1 queries for query_to_passage.
INFO:src.hipporag.HippoRAG:Encoding 1 queries for query_to_passage.
INFO:src.hipporag.HippoRAG:Encoding 1 queries for query_to_passage.
INFO:src.hipporag.HippoRAG:Encoding 1 queries for query_to_passage.
INFO:src.hipporag.HippoRAG:Encoding 1 queries for query_to_passage.
WARNING:src.hipporag.rerank:Rerank parse failed on attempt 1 for query 'What philosophy related to creationism is Paul Nelson noted for?': Error parsing raw response as candidate selection: Unable to parse structured payload: unterminated string literal (detected at line 2) (<unknown>, line 2).
INFO:src.hipporag.HippoRAG:Encoding 2 queries for query_to_passage.
INFO:src.hipporag.HippoRAG:Encoding 1 queries for query_to_passage.
INFO:src.hipporag.HippoRAG:Encoding 2 queries for query_to_passage.
INFO:src.hipporag.HippoRAG:Encoding 1 queries for query_to_passage.
INFO:src.hipporag.HippoRAG:Encoding 1 queries for query_to_passage.
WARNING:src.hipporag.rerank:Rerank parse failed on attempt 1 for query 'Who coached the Indians and was the first Native American to win a gold metal his home country?': Error parsing raw response as candidate selection: Unable to parse structured payload: unterminated string literal (detected at line 2) (<unknown>, line 2).
INFO:src.hipporag.HippoRAG:Encoding 2 queries for query_to_passage.
INFO:src.hipporag.HippoRAG:Encoding 1 queries for query_to_passage.
WARNING:src.hipporag.rerank:Rerank parse failed on attempt 1 for query 'What land elevation does Khunyang Chhish and Ismoil Somoni Peak have in common?': Error parsing raw response as candidate selection: Unable to parse structured payload: unterminated string literal (detected at line 2) (<unknown>, line 2).
INFO:src.hipporag.HippoRAG:Encoding 3 queries for query_to_passage.
INFO:src.hipporag.HippoRAG:Encoding 1 queries for query_to_passage.
INFO:src.hipporag.HippoRAG:Encoding 1 queries for query_to_passage.
WARNING:src.hipporag.rerank:Rerank parse failed on attempt 1 for query 'What heritage site, known for a British explorer, is listed Seventeen Seventy Australia?': Error parsing raw response as candidate selection: Unable to parse structured payload: unterminated string literal (detected at line 4) (<unknown>, line 4).
INFO:src.hipporag.HippoRAG:Encoding 2 queries for query_to_passage.
INFO:src.hipporag.HippoRAG:Encoding 1 queries for query_to_passage.
WARNING:src.hipporag.rerank:Rerank parse failed on attempt 1 for query 'How many rooms are in the building built in 1883 at Garden City in Nassau County, New York?': Error parsing raw response as candidate selection: Unable to parse structured payload: unterminated string literal (detected at line 2) (<unknown>, line 2).
INFO:src.hipporag.HippoRAG:Encoding 2 queries for query_to_passage.
WARNING:src.hipporag.rerank:Rerank parse failed on attempt 1 for query 'Thomas Parker Sanborn was a model for the protagonist in the only novel by a poet originally from what country?': Error parsing raw response as candidate selection: Unable to parse structured payload: unterminated string literal (detected at line 2) (<unknown>, line 2).
INFO:src.hipporag.HippoRAG:Encoding 2 queries for query_to_passage.
INFO:src.hipporag.HippoRAG:Encoding 1 queries for query_to_passage.
WARNING:src.hipporag.rerank:Rerank parse failed on attempt 1 for query 'The song by English indie rock band Florence and the Machine written by Florence Welch and Francis "Eg" White and released in 2011 is named after the painting w': Error parsing raw response as candidate selection: Unable to parse structured payload: unterminated string literal (detected at line 2) (<unknown>, line 2).
INFO:src.hipporag.HippoRAG:Encoding 3 queries for query_to_passage.
INFO:src.hipporag.HippoRAG:Encoding 1 queries for query_to_passage.
INFO:src.hipporag.HippoRAG:Encoding 1 queries for query_to_passage.
WARNING:src.hipporag.rerank:Rerank parse failed on attempt 1 for query 'Which documentary was made first, The Shame of a City or Unchained Memories?': Error parsing raw response as candidate selection: Unable to parse structured payload: unterminated string literal (detected at line 2) (<unknown>, line 2).
INFO:src.hipporag.HippoRAG:Encoding 3 queries for query_to_passage.
WARNING:src.hipporag.rerank:Rerank parse failed on attempt 1 for query "Which  French ace pilot and adventurer fly L'Oiseau Blanc": Error parsing raw response as candidate selection: Unable to parse structured payload: unterminated string literal (detected at line 4) (<unknown>, line 4).
INFO:src.hipporag.HippoRAG:Encoding 1 queries for query_to_passage.
WARNING:src.hipporag.rerank:Rerank parse failed on attempt 1 for query 'What Taylor swift song released December 7, 2008 was written by the same writer as "You Belong to Me"?': Error parsing raw response as candidate selection: Unable to parse structured payload: unterminated string literal (detected at line 2) (<unknown>, line 2).
INFO:src.hipporag.HippoRAG:Encoding 2 queries for query_to_passage.
INFO:src.hipporag.HippoRAG:Encoding 1 queries for query_to_passage.
INFO:src.hipporag.HippoRAG:Encoding 1 queries for query_to_passage.
INFO:src.hipporag.HippoRAG:Encoding 1 queries for query_to_passage.
WARNING:src.hipporag.rerank:Rerank parse failed on attempt 1 for query 'Who was born first, Ronnie Radke or Dave Brockie?': Error parsing raw response as candidate selection: Unable to parse structured payload: unterminated string literal (detected at line 2) (<unknown>, line 2).
INFO:src.hipporag.HippoRAG:Encoding 3 queries for query_to_passage.
INFO:src.hipporag.HippoRAG:Encoding 1 queries for query_to_passage.
INFO:src.hipporag.HippoRAG:Encoding 1 queries for query_to_passage.
INFO:src.hipporag.HippoRAG:Encoding 1 queries for query_to_passage.
INFO:src.hipporag.HippoRAG:Encoding 1 queries for query_to_passage.
INFO:src.hipporag.HippoRAG:Encoding 1 queries for query_to_passage.
WARNING:src.hipporag.rerank:Rerank parse failed on attempt 1 for query 'The Memphis Hustle are based in a suburb of a city with a population of what in 2010?': Error parsing raw response as candidate selection: Unable to parse structured payload: invalid syntax. Perhaps you forgot a comma? (<unknown>, line 1).
INFO:src.hipporag.HippoRAG:Encoding 2 queries for query_to_passage.
INFO:src.hipporag.HippoRAG:Encoding 1 queries for query_to_passage.
INFO:src.hipporag.HippoRAG:Encoding 1 queries for query_to_passage.
INFO:src.hipporag.HippoRAG:Encoding 1 queries for query_to_passage.
WARNING:src.hipporag.rerank:Rerank parse failed on attempt 1 for query 'Spaceware Sky Division II is manufactured by this subsidiary, which is one of twelve subdivisions of Inner Mongolia, China?': Error parsing raw response as candidate selection: Unable to parse structured payload: unterminated string literal (detected at line 2) (<unknown>, line 2).
INFO:src.hipporag.HippoRAG:Encoding 2 queries for query_to_passage.
INFO:src.hipporag.HippoRAG:Encoding 1 queries for query_to_passage.
INFO:src.hipporag.HippoRAG:Encoding 4 queries for query_to_passage.
INFO:src.hipporag.HippoRAG:Encoding 1 queries for query_to_passage.
INFO:src.hipporag.HippoRAG:Encoding 1 queries for query_to_passage.
INFO:src.hipporag.HippoRAG:Encoding 1 queries for query_to_passage.
INFO:src.hipporag.HippoRAG:Encoding 1 queries for query_to_passage.
INFO:src.hipporag.HippoRAG:Encoding 2 queries for query_to_passage.
INFO:src.hipporag.HippoRAG:Encoding 1 queries for query_to_passage.
INFO:src.hipporag.HippoRAG:Encoding 1 queries for query_to_passage.
INFO:src.hipporag.HippoRAG:Encoding 1 queries for query_to_passage.
WARNING:src.hipporag.rerank:Rerank parse failed on attempt 1 for query 'A writer for The Kenyon Review won a Pulitzer Prize in what year?': Error parsing raw response as candidate selection: Unable to parse structured payload: unterminated string literal (detected at line 2) (<unknown>, line 2).
INFO:src.hipporag.HippoRAG:Encoding 2 queries for query_to_passage.
INFO:src.hipporag.HippoRAG:Encoding 1 queries for query_to_passage.
INFO:src.hipporag.HippoRAG:Encoding 1 queries for query_to_passage.
INFO:src.hipporag.HippoRAG:Encoding 2 queries for query_to_passage.
INFO:src.hipporag.HippoRAG:Encoding 1 queries for query_to_passage.
INFO:src.hipporag.HippoRAG:Encoding 1 queries for query_to_passage.
INFO:src.hipporag.HippoRAG:Encoding 1 queries for query_to_passage.
WARNING:src.hipporag.rerank:Rerank parse failed on attempt 1 for query 'In what town is Suffolk county hamlet that was served by the Suffolk Traction Company?': Error parsing raw response as candidate selection: Unable to parse structured payload: unterminated string literal (detected at line 2) (<unknown>, line 2).
INFO:src.hipporag.HippoRAG:Encoding 2 queries for query_to_passage.
INFO:src.hipporag.HippoRAG:Encoding 1 queries for query_to_passage.
INFO:src.hipporag.HippoRAG:Encoding 3 queries for query_to_passage.
WARNING:src.hipporag.rerank:Rerank parse failed on attempt 1 for query 'Bandit was built in 1988 by which Japanese amusement ride company that built roller coasters, giant wheels, carousels, flumes, dark rides, sky cycles and other ': Error parsing raw response as candidate selection: Unable to parse structured payload: invalid character '–' (U+2013) (<unknown>, line 3).
INFO:src.hipporag.HippoRAG:Encoding 3 queries for query_to_passage.
INFO:src.hipporag.HippoRAG:Encoding 1 queries for query_to_passage.
INFO:src.hipporag.HippoRAG:Encoding 2 queries for query_to_passage.
INFO:src.hipporag.HippoRAG:Encoding 1 queries for query_to_passage.
INFO:src.hipporag.HippoRAG:Encoding 1 queries for query_to_passage.
WARNING:src.hipporag.rerank:Rerank parse failed on attempt 1 for query "Musical artist Diabolic and Vinnie Paz, who was featured on Diabolic's second studio album Fightin' Words, are both what type of musicians?": Error parsing raw response as candidate selection: Unable to parse structured payload: unterminated string literal (detected at line 4) (<unknown>, line 4).
INFO:src.hipporag.HippoRAG:Encoding 1 queries for query_to_passage.
WARNING:src.hipporag.rerank:Rerank parse failed on attempt 1 for query 'Which American film director and actor famous for his role as Donny "The Bear Jew" Donowitz wrote the 2012 film "The Man with the Iron Fists"?': Error parsing raw response as candidate selection: Unable to parse structured payload: unterminated string literal (detected at line 2) (<unknown>, line 2).
INFO:src.hipporag.HippoRAG:Encoding 2 queries for query_to_passage.
INFO:src.hipporag.HippoRAG:Encoding 1 queries for query_to_passage.
INFO:src.hipporag.HippoRAG:Encoding 1 queries for query_to_passage.
INFO:src.hipporag.HippoRAG:Encoding 1 queries for query_to_passage.
INFO:src.hipporag.HippoRAG:Encoding 1 queries for query_to_passage.
WARNING:src.hipporag.rerank:Rerank parse failed on attempt 1 for query 'In what ecclesiastical province is Stephen Conway currently part of?': Error parsing raw response as candidate selection: Unable to parse structured payload: unterminated string literal (detected at line 2) (<unknown>, line 2).
INFO:src.hipporag.HippoRAG:Encoding 1 queries for query_to_passage.
WARNING:src.hipporag.rerank:Rerank parse failed on attempt 1 for query 'Who founded the Canadian manufacturer of winter clothing which is a major sponsor of Polar Bears International?': Error parsing raw response as candidate selection: Unable to parse structured payload: unterminated string literal (detected at line 4) (<unknown>, line 4).
INFO:src.hipporag.HippoRAG:Encoding 4 queries for query_to_passage.
INFO:src.hipporag.HippoRAG:Encoding 1 queries for query_to_passage.
INFO:src.hipporag.HippoRAG:Encoding 1 queries for query_to_passage.
INFO:src.hipporag.HippoRAG:Encoding 2 queries for query_to_passage.
INFO:src.hipporag.HippoRAG:Encoding 1 queries for query_to_passage.
INFO:src.hipporag.HippoRAG:Encoding 1 queries for query_to_passage.
INFO:src.hipporag.HippoRAG:Encoding 1 queries for query_to_passage.
WARNING:src.hipporag.rerank:Rerank parse failed on attempt 1 for query 'Q: Which actor played a role in the comedy series "30 Rock" as well as the drama series "Mad Men"? A: Jon Hamm': Error parsing raw response as candidate selection: Unable to parse structured payload: unterminated string literal (detected at line 2) (<unknown>, line 2).
INFO:src.hipporag.HippoRAG:Encoding 3 queries for query_to_passage.
INFO:src.hipporag.HippoRAG:Encoding 2 queries for query_to_passage.
INFO:src.hipporag.HippoRAG:Encoding 3 queries for query_to_passage.
INFO:src.hipporag.HippoRAG:Encoding 1 queries for query_to_passage.
INFO:src.hipporag.HippoRAG:Encoding 1 queries for query_to_passage.
INFO:src.hipporag.HippoRAG:Encoding 1 queries for query_to_passage.
WARNING:src.hipporag.rerank:Rerank parse failed on attempt 1 for query 'Are the films Gasland from 2010 and Pumping Iron from 1977 both documentaries?': Error parsing raw response as candidate selection: Unable to parse structured payload: unterminated string literal (detected at line 5) (<unknown>, line 5).
INFO:src.hipporag.HippoRAG:Encoding 3 queries for query_to_passage.
INFO:src.hipporag.HippoRAG:Encoding 1 queries for query_to_passage.
INFO:src.hipporag.HippoRAG:Encoding 1 queries for query_to_passage.
INFO:src.hipporag.HippoRAG:Encoding 1 queries for query_to_passage.
INFO:src.hipporag.HippoRAG:Encoding 3 queries for query_to_passage.
INFO:src.hipporag.HippoRAG:Encoding 1 queries for query_to_passage.
INFO:src.hipporag.HippoRAG:Encoding 1 queries for query_to_passage.
INFO:src.hipporag.HippoRAG:Encoding 2 queries for query_to_passage.
INFO:src.hipporag.HippoRAG:Encoding 1 queries for query_to_passage.
INFO:src.hipporag.HippoRAG:Encoding 1 queries for query_to_passage.
INFO:src.hipporag.HippoRAG:Encoding 3 queries for query_to_passage.
INFO:src.hipporag.HippoRAG:Encoding 1 queries for query_to_passage.
WARNING:src.hipporag.rerank:Rerank parse failed on attempt 1 for query 'How many albums had been recorded by Talking Heads by November, 1980?': Error parsing raw response as candidate selection: Unable to parse structured payload: unterminated string literal (detected at line 2) (<unknown>, line 2).
INFO:src.hipporag.HippoRAG:Encoding 2 queries for query_to_passage.
INFO:src.hipporag.HippoRAG:Encoding 1 queries for query_to_passage.
WARNING:src.hipporag.rerank:Rerank parse failed on attempt 1 for query 'Dunstan is an electoral district that includes which suburb of Adelaide in the City of Norwood Payneham St Peters?': Error parsing raw response as candidate selection: Unable to parse structured payload: unterminated string literal (detected at line 2) (<unknown>, line 2).
INFO:src.hipporag.HippoRAG:Encoding 2 queries for query_to_passage.
WARNING:src.hipporag.rerank:Rerank parse failed on attempt 1 for query 'Was 9/11: Press for Truth released prior to Chasing Coral?': Error parsing raw response as candidate selection: Unable to parse structured payload: unterminated string literal (detected at line 2) (<unknown>, line 2).
INFO:src.hipporag.HippoRAG:Encoding 3 queries for query_to_passage.
INFO:src.hipporag.HippoRAG:Encoding 1 queries for query_to_passage.
INFO:src.hipporag.HippoRAG:Encoding 1 queries for query_to_passage.
INFO:src.hipporag.HippoRAG:Encoding 2 queries for query_to_passage.
INFO:src.hipporag.HippoRAG:Encoding 1 queries for query_to_passage.
INFO:src.hipporag.HippoRAG:Encoding 2 queries for query_to_passage.
WARNING:src.hipporag.rerank:Rerank parse failed on attempt 1 for query 'Who choreographed one who is said to be the last muse for the choreographer and starred in the Nutcracker?': Error parsing raw response as candidate selection: Unable to parse structured payload: malformed node or string on line 1: <ast.Name object at 0x7ff319565ba0>.
INFO:httpx:HTTP Request: POST http://localhost:8042/v1/chat/completions "HTTP/1.1 200 OK"
INFO:src.hipporag.HippoRAG:Encoding 3 queries for query_to_passage.
INFO:src.hipporag.HippoRAG:Encoding 1 queries for query_to_passage.
WARNING:src.hipporag.rerank:Rerank parse failed on attempt 1 for query 'Are the Chien Français Blanc et Orange and Cretan Hound both used for hunting in packs?': Error parsing raw response as candidate selection: Unable to parse structured payload: unterminated string literal (detected at line 3) (<unknown>, line 3).
INFO:src.hipporag.HippoRAG:Encoding 3 queries for query_to_passage.
INFO:src.hipporag.HippoRAG:Encoding 1 queries for query_to_passage.
WARNING:src.hipporag.rerank:Rerank parse failed on attempt 1 for query 'Fodder on My Wings is an album by a singer/pianist/songwriter born in which year ?': Error parsing raw response as candidate selection: Unable to parse structured payload: unterminated string literal (detected at line 2) (<unknown>, line 2).
INFO:src.hipporag.HippoRAG:Encoding 2 queries for query_to_passage.
INFO:src.hipporag.HippoRAG:Encoding 1 queries for query_to_passage.
INFO:src.hipporag.HippoRAG:Encoding 2 queries for query_to_passage.
INFO:src.hipporag.HippoRAG:Encoding 1 queries for query_to_passage.
INFO:src.hipporag.HippoRAG:Encoding 3 queries for query_to_passage.
INFO:src.hipporag.HippoRAG:Encoding 1 queries for query_to_passage.
WARNING:src.hipporag.rerank:Rerank parse failed on attempt 1 for query 'What years was the auto racing series held that was followed on by the 2016 Blancpain GT Series Sprint Cup?': Error parsing raw response as candidate selection: Unable to parse structured payload: unterminated string literal (detected at line 2) (<unknown>, line 2).
INFO:src.hipporag.HippoRAG:Encoding 2 queries for query_to_passage.
INFO:src.hipporag.HippoRAG:Encoding 1 queries for query_to_passage.
WARNING:src.hipporag.rerank:Rerank parse failed on attempt 1 for query "What university did the winner of the 2014 CFL's Most Outstanding Defensive Player Award attend?": Error parsing raw response as candidate selection: Unable to parse structured payload: unterminated string literal (detected at line 4) (<unknown>, line 4).
INFO:src.hipporag.HippoRAG:Encoding 2 queries for query_to_passage.
INFO:src.hipporag.HippoRAG:Encoding 1 queries for query_to_passage.
INFO:src.hipporag.HippoRAG:Encoding 1 queries for query_to_passage.
WARNING:src.hipporag.rerank:Rerank parse failed on attempt 1 for query 'What song was on an American radio network that is owned by Disney Channels Worldwide, Inc. is a song by Senegalese-American R&B and rapper Akon?': Error parsing raw response as candidate selection: Unable to parse structured payload: unterminated string literal (detected at line 2) (<unknown>, line 2).
INFO:httpx:HTTP Request: POST http://localhost:8042/v1/chat/completions "HTTP/1.1 200 OK"
INFO:src.hipporag.HippoRAG:Encoding 2 queries for query_to_passage.
INFO:src.hipporag.HippoRAG:Encoding 1 queries for query_to_passage.
INFO:src.hipporag.HippoRAG:Encoding 1 queries for query_to_passage.
INFO:src.hipporag.HippoRAG:Encoding 1 queries for query_to_passage.
INFO:src.hipporag.HippoRAG:Encoding 1 queries for query_to_passage.
INFO:src.hipporag.HippoRAG:Encoding 1 queries for query_to_passage.
WARNING:src.hipporag.rerank:Rerank parse failed on attempt 1 for query 'How many miles does the train, which passes through the Amtrak Jacksonville station and shares the track with the Silver Meteor, run?': Error parsing raw response as candidate selection: Unable to parse structured payload: unterminated string literal (detected at line 2) (<unknown>, line 2).
INFO:src.hipporag.HippoRAG:Encoding 2 queries for query_to_passage.
WARNING:src.hipporag.rerank:Rerank parse failed on attempt 1 for query 'What episode of South Park was the episode that aired in May before Funnybot?': Error parsing raw response as candidate selection: Unable to parse structured payload: unterminated string literal (detected at line 6) (<unknown>, line 6).
INFO:src.hipporag.HippoRAG:Encoding 2 queries for query_to_passage.
INFO:src.hipporag.HippoRAG:Encoding 1 queries for query_to_passage.
INFO:src.hipporag.HippoRAG:Encoding 3 queries for query_to_passage.
INFO:src.hipporag.HippoRAG:Encoding 1 queries for query_to_passage.
INFO:src.hipporag.HippoRAG:Encoding 1 queries for query_to_passage.
WARNING:src.hipporag.rerank:Rerank parse failed on attempt 1 for query 'Is James Bourne a band member of both McBusted and The Auteurs?': Error parsing raw response as candidate selection: Unable to parse structured payload: unterminated string literal (detected at line 1) (<unknown>, line 1).
INFO:src.hipporag.HippoRAG:Encoding 4 queries for query_to_passage.
WARNING:src.hipporag.rerank:Rerank parse failed on attempt 1 for query 'What tribe was the Megaoryzomys curioi previously in that Nesoryzomys are also in?': Error parsing raw response as candidate selection: Unable to parse structured payload: unterminated string literal (detected at line 2) (<unknown>, line 2).
INFO:src.hipporag.HippoRAG:Encoding 2 queries for query_to_passage.
WARNING:src.hipporag.rerank:Rerank parse failed on attempt 1 for query 'Robert Smith founded the multinational company headquartered in what city?': Error parsing raw response as candidate selection: Unable to parse structured payload: unterminated string literal (detected at line 2) (<unknown>, line 2).
INFO:httpx:HTTP Request: POST http://localhost:8042/v1/chat/completions "HTTP/1.1 200 OK"
INFO:src.hipporag.HippoRAG:Encoding 2 queries for query_to_passage.
INFO:src.hipporag.HippoRAG:Encoding 1 queries for query_to_passage.
INFO:httpx:HTTP Request: POST http://localhost:8042/v1/chat/completions "HTTP/1.1 200 OK"
INFO:src.hipporag.HippoRAG:Encoding 1 queries for query_to_passage.
INFO:src.hipporag.HippoRAG:Encoding 2 queries for query_to_passage.
INFO:src.hipporag.HippoRAG:Encoding 1 queries for query_to_passage.
WARNING:src.hipporag.rerank:Rerank parse failed on attempt 1 for query 'When was the  former Indian cricketer who made his ODI debuts during the 2000 ICC KnockOut Trophy born?': Error parsing raw response as candidate selection: Unable to parse structured payload: unterminated string literal (detected at line 2) (<unknown>, line 2).
INFO:httpx:HTTP Request: POST http://localhost:8042/v1/chat/completions "HTTP/1.1 200 OK"
INFO:src.hipporag.HippoRAG:Encoding 2 queries for query_to_passage.
INFO:src.hipporag.HippoRAG:Encoding 1 queries for query_to_passage.
INFO:src.hipporag.HippoRAG:Encoding 1 queries for query_to_passage.
INFO:src.hipporag.HippoRAG:Encoding 4 queries for query_to_passage.
INFO:src.hipporag.HippoRAG:Encoding 3 queries for query_to_passage.
INFO:src.hipporag.HippoRAG:Encoding 1 queries for query_to_passage.
INFO:src.hipporag.HippoRAG:Encoding 1 queries for query_to_passage.
WARNING:src.hipporag.rerank:Rerank parse failed on attempt 1 for query 'What date was the person born that Samuel Flores Borrego was the right hand man of?': Error parsing raw response as candidate selection: Unable to parse structured payload: unterminated string literal (detected at line 2) (<unknown>, line 2).
INFO:httpx:HTTP Request: POST http://localhost:8042/v1/chat/completions "HTTP/1.1 200 OK"
INFO:src.hipporag.HippoRAG:Encoding 2 queries for query_to_passage.
INFO:src.hipporag.HippoRAG:Encoding 1 queries for query_to_passage.
WARNING:src.hipporag.rerank:Rerank parse failed on attempt 1 for query 'Is Mary Pierce or Gustavo Kuerten the older tennis player?': Error parsing raw response as candidate selection: Unable to parse structured payload: unterminated string literal (detected at line 2) (<unknown>, line 2).
INFO:src.hipporag.HippoRAG:Encoding 3 queries for query_to_passage.
INFO:src.hipporag.HippoRAG:Encoding 1 queries for query_to_passage.
INFO:src.hipporag.HippoRAG:Encoding 2 queries for query_to_passage.
WARNING:src.hipporag.rerank:Rerank parse failed on attempt 1 for query 'Who wrote the book that inspired the name of the CD/DVD "Here at the End of All Things"?': Error parsing raw response as candidate selection: Unable to parse structured payload: unterminated string literal (detected at line 2) (<unknown>, line 2).
INFO:src.hipporag.HippoRAG:Encoding 2 queries for query_to_passage.
INFO:src.hipporag.HippoRAG:Encoding 1 queries for query_to_passage.
WARNING:src.hipporag.rerank:Rerank parse failed on attempt 1 for query 'Which of the actors starred in "Sollathaan Ninaikkiren" was born in 7 November 1954?': Error parsing raw response as candidate selection: Unable to parse structured payload: unterminated string literal (detected at line 2) (<unknown>, line 2).
INFO:src.hipporag.HippoRAG:Encoding 2 queries for query_to_passage.
INFO:src.hipporag.HippoRAG:Encoding 1 queries for query_to_passage.
WARNING:src.hipporag.rerank:Rerank parse failed on attempt 1 for query 'Sadok Sassi played for a national team that made its first World Cup in what year?': Error parsing raw response as candidate selection: Unable to parse structured payload: unterminated string literal (detected at line 2) (<unknown>, line 2).
INFO:src.hipporag.HippoRAG:Encoding 2 queries for query_to_passage.
INFO:src.hipporag.HippoRAG:Encoding 1 queries for query_to_passage.
WARNING:src.hipporag.rerank:Rerank parse failed on attempt 1 for query "What two positions did the man who broke Buzz Arlett's home run record play?": Error parsing raw response as candidate selection: Unable to parse structured payload: unterminated string literal (detected at line 8) (<unknown>, line 8).
INFO:src.hipporag.HippoRAG:Encoding 2 queries for query_to_passage.
INFO:src.hipporag.HippoRAG:Encoding 1 queries for query_to_passage.
INFO:src.hipporag.HippoRAG:Encoding 1 queries for query_to_passage.
INFO:src.hipporag.HippoRAG:Encoding 1 queries for query_to_passage.
WARNING:src.hipporag.rerank:Rerank parse failed on attempt 1 for query 'Where are Catcha Lake and Hedley Mascot Mine located?': Error parsing raw response as candidate selection: Unable to parse structured payload: unterminated string literal (detected at line 1) (<unknown>, line 1).
INFO:src.hipporag.HippoRAG:Encoding 2 queries for query_to_passage.
WARNING:src.hipporag.rerank:Rerank parse failed on attempt 1 for query 'The team that would become the Little Giants was located in the county seat of which Ohio county?': Error parsing raw response as candidate selection: Unable to parse structured payload: unterminated string literal (detected at line 6) (<unknown>, line 6).
INFO:src.hipporag.HippoRAG:Encoding 2 queries for query_to_passage.
INFO:src.hipporag.HippoRAG:Encoding 1 queries for query_to_passage.
INFO:src.hipporag.HippoRAG:Encoding 1 queries for query_to_passage.
INFO:src.hipporag.HippoRAG:Encoding 2 queries for query_to_passage.
INFO:src.hipporag.HippoRAG:Encoding 1 queries for query_to_passage.
INFO:src.hipporag.HippoRAG:Encoding 2 queries for query_to_passage.
INFO:src.hipporag.HippoRAG:Encoding 2 queries for query_to_passage.
INFO:src.hipporag.HippoRAG:Encoding 1 queries for query_to_passage.
INFO:src.hipporag.HippoRAG:Encoding 1 queries for query_to_passage.
INFO:src.hipporag.HippoRAG:Encoding 3 queries for query_to_passage.
INFO:src.hipporag.HippoRAG:Encoding 1 queries for query_to_passage.
INFO:src.hipporag.HippoRAG:Encoding 2 queries for query_to_passage.
INFO:src.hipporag.HippoRAG:Encoding 1 queries for query_to_passage.
WARNING:src.hipporag.rerank:Rerank parse failed on attempt 1 for query 'Which rebellion did Sir John Wedderburn and Charles Edward Stuart fight for that ended with defeat at the Battle of Culloden?': Error parsing raw response as candidate selection: Unable to parse structured payload: unterminated string literal (detected at line 2) (<unknown>, line 2).
INFO:src.hipporag.HippoRAG:Encoding 3 queries for query_to_passage.
INFO:src.hipporag.HippoRAG:Encoding 1 queries for query_to_passage.
INFO:src.hipporag.HippoRAG:Encoding 1 queries for query_to_passage.
INFO:src.hipporag.HippoRAG:Encoding 1 queries for query_to_passage.
WARNING:src.hipporag.rerank:Rerank parse failed on attempt 1 for query 'The Prodigal Daughter, though a book about an American, is by a novelist of what nationality?': Error parsing raw response as candidate selection: Unable to parse structured payload: unterminated string literal (detected at line 2) (<unknown>, line 2).
INFO:src.hipporag.HippoRAG:Encoding 1 queries for query_to_passage.
INFO:src.hipporag.HippoRAG:Encoding 1 queries for query_to_passage.
INFO:src.hipporag.HippoRAG:Encoding 3 queries for query_to_passage.
INFO:src.hipporag.HippoRAG:Encoding 1 queries for query_to_passage.
INFO:src.hipporag.HippoRAG:Encoding 1 queries for query_to_passage.
WARNING:src.hipporag.rerank:Rerank parse failed on attempt 1 for query 'What city, located in Lincoln County, Montana, United States, is Vegepet based in?': Error parsing raw response as candidate selection: Unable to parse structured payload: unterminated string literal (detected at line 2) (<unknown>, line 2).
INFO:src.hipporag.HippoRAG:Encoding 3 queries for query_to_passage.
INFO:src.hipporag.HippoRAG:Encoding 1 queries for query_to_passage.
INFO:src.hipporag.HippoRAG:Encoding 1 queries for query_to_passage.
WARNING:src.hipporag.rerank:Rerank parse failed on attempt 1 for query "Did Billy Corgan's band The Smashing Pumpkins or Greek Fire originate in a more southern location?": Error parsing raw response as candidate selection: Unable to parse structured payload: unterminated string literal (detected at line 16) (<unknown>, line 16).
INFO:src.hipporag.HippoRAG:Encoding 4 queries for query_to_passage.
INFO:src.hipporag.HippoRAG:Encoding 1 queries for query_to_passage.
INFO:src.hipporag.HippoRAG:Encoding 1 queries for query_to_passage.
INFO:src.hipporag.HippoRAG:Encoding 1 queries for query_to_passage.
WARNING:src.hipporag.rerank:Rerank parse failed on attempt 1 for query 'What do both Spider-Man and Spider-Man in film have in comman': Error parsing raw response as candidate selection: Unable to parse structured payload: unterminated string literal (detected at line 2) (<unknown>, line 2).
INFO:src.hipporag.HippoRAG:Encoding 1 queries for query_to_passage.
WARNING:src.hipporag.rerank:Rerank parse failed on attempt 1 for query 'Who created the British television series to which Tofu was a sister series focusing on a range of sex attitudes in the twenty-first century from the viewpoint ': Error parsing raw response as candidate selection: Unable to parse structured payload: unterminated string literal (detected at line 2) (<unknown>, line 2).
INFO:src.hipporag.HippoRAG:Encoding 2 queries for query_to_passage.
WARNING:src.hipporag.rerank:Rerank parse failed on attempt 1 for query 'Which band The Innocence Mission or Starflyer 59 was formed first ?': Error parsing raw response as candidate selection: Unable to parse structured payload: invalid syntax (<unknown>, line 1).
INFO:src.hipporag.HippoRAG:Encoding 3 queries for query_to_passage.
INFO:src.hipporag.HippoRAG:Encoding 1 queries for query_to_passage.
INFO:src.hipporag.HippoRAG:Encoding 1 queries for query_to_passage.
WARNING:src.hipporag.rerank:Rerank parse failed on attempt 1 for query 'When was the Indian film actor, producer and playback singer born who debut with the 2000 War film, "Refugee" and had lead role in Main Prem Ki Diwani Hoon?': Error parsing raw response as candidate selection: Unable to parse structured payload: unterminated string literal (detected at line 2) (<unknown>, line 2).
INFO:src.hipporag.HippoRAG:Encoding 1 queries for query_to_passage.
INFO:src.hipporag.HippoRAG:Encoding 1 queries for query_to_passage.
INFO:src.hipporag.HippoRAG:Encoding 2 queries for query_to_passage.
WARNING:src.hipporag.rerank:Rerank parse failed on attempt 1 for query 'What Electoral Division in Victoria contained a suburb of Melbourne with a population of 25,147 at the 2016 Census?': Error parsing raw response as candidate selection: Unable to parse structured payload: unterminated string literal (detected at line 2) (<unknown>, line 2).
INFO:src.hipporag.HippoRAG:Encoding 2 queries for query_to_passage.
WARNING:src.hipporag.rerank:Rerank parse failed on attempt 1 for query 'Which film was released first out of The Hunchback of Notre Dame and Miracle of the White Stallions?': Error parsing raw response as candidate selection: Unable to parse structured payload: unterminated string literal (detected at line 2) (<unknown>, line 2).
INFO:src.hipporag.HippoRAG:Encoding 3 queries for query_to_passage.
INFO:src.hipporag.HippoRAG:Encoding 1 queries for query_to_passage.
INFO:src.hipporag.HippoRAG:Encoding 1 queries for query_to_passage.
WARNING:src.hipporag.rerank:Rerank parse failed on attempt 1 for query 'What was the code name of The landing barge primarily used to provide hot meals to the landing crew?': Error parsing raw response as candidate selection: Unable to parse structured payload: unterminated string literal (detected at line 2) (<unknown>, line 2).
INFO:src.hipporag.HippoRAG:Encoding 1 queries for query_to_passage.
INFO:src.hipporag.HippoRAG:Encoding 1 queries for query_to_passage.
INFO:src.hipporag.HippoRAG:Encoding 4 queries for query_to_passage.
WARNING:src.hipporag.rerank:Rerank parse failed on attempt 1 for query 'Stephen Joseph Bercik was mayer of a city that had a population of 124,969 as of the 2010 United States Census, and that has an estimated population of what for': Error parsing raw response as candidate selection: Unable to parse structured payload: unterminated string literal (detected at line 2) (<unknown>, line 2).
INFO:src.hipporag.HippoRAG:Encoding 2 queries for query_to_passage.
INFO:src.hipporag.HippoRAG:Encoding 1 queries for query_to_passage.
INFO:src.hipporag.HippoRAG:Encoding 2 queries for query_to_passage.
INFO:src.hipporag.HippoRAG:Encoding 1 queries for query_to_passage.
INFO:src.hipporag.HippoRAG:Encoding 2 queries for query_to_passage.
INFO:src.hipporag.HippoRAG:Encoding 1 queries for query_to_passage.
WARNING:src.hipporag.rerank:Rerank parse failed on attempt 1 for query 'Spider9 was founded in 2011 by the head of which subsidiary of Wanxiang Group?': Error parsing raw response as candidate selection: Unable to parse structured payload: unterminated string literal (detected at line 2) (<unknown>, line 2).
INFO:src.hipporag.HippoRAG:Encoding 2 queries for query_to_passage.
INFO:src.hipporag.HippoRAG:Encoding 1 queries for query_to_passage.
INFO:src.hipporag.HippoRAG:Encoding 1 queries for query_to_passage.
WARNING:src.hipporag.rerank:Rerank parse failed on attempt 1 for query 'Alexander Young, also known as George Alexander, is the uncle to which Scottish musician who replaced Malcolm Young in the band AC/DC in 2014?': Error parsing raw response as candidate selection: Unable to parse structured payload: unterminated string literal (detected at line 2) (<unknown>, line 2).
INFO:src.hipporag.HippoRAG:Encoding 3 queries for query_to_passage.
INFO:src.hipporag.HippoRAG:Encoding 1 queries for query_to_passage.
INFO:src.hipporag.HippoRAG:Encoding 1 queries for query_to_passage.
INFO:src.hipporag.HippoRAG:Encoding 1 queries for query_to_passage.
INFO:src.hipporag.HippoRAG:Encoding 1 queries for query_to_passage.
INFO:src.hipporag.HippoRAG:Encoding 1 queries for query_to_passage.
INFO:src.hipporag.HippoRAG:Encoding 1 queries for query_to_passage.
INFO:src.hipporag.HippoRAG:Encoding 1 queries for query_to_passage.
WARNING:src.hipporag.rerank:Rerank parse failed on attempt 1 for query 'Kent Dairy Round Barn is near the city in what Montana county?': Error parsing raw response as candidate selection: Unable to parse structured payload: unterminated string literal (detected at line 4) (<unknown>, line 4).
INFO:src.hipporag.HippoRAG:Encoding 3 queries for query_to_passage.
INFO:src.hipporag.HippoRAG:Encoding 1 queries for query_to_passage.
INFO:src.hipporag.HippoRAG:Encoding 1 queries for query_to_passage.
INFO:src.hipporag.HippoRAG:Encoding 2 queries for query_to_passage.
WARNING:src.hipporag.rerank:Rerank parse failed on attempt 1 for query 'What 3 countries are part of the legal name of the airline that merged with Braathens in 2004?': Error parsing raw response as candidate selection: Unable to parse structured payload: unterminated string literal (detected at line 2) (<unknown>, line 2).
INFO:src.hipporag.HippoRAG:Encoding 3 queries for query_to_passage.
INFO:src.hipporag.HippoRAG:Encoding 1 queries for query_to_passage.
INFO:src.hipporag.HippoRAG:Encoding 1 queries for query_to_passage.
INFO:src.hipporag.HippoRAG:Encoding 1 queries for query_to_passage.
WARNING:src.hipporag.rerank:Rerank parse failed on attempt 1 for query "Town's first season in their new stadium was under the leadership of an English Football manager who was born when?": Error parsing raw response as candidate selection: Unable to parse structured payload: unterminated string literal (detected at line 4) (<unknown>, line 4).
INFO:src.hipporag.HippoRAG:Encoding 2 queries for query_to_passage.
INFO:src.hipporag.HippoRAG:Encoding 1 queries for query_to_passage.
WARNING:src.hipporag.rerank:Rerank parse failed on attempt 1 for query 'Are Hanafuda and Okey both card games?': Error parsing raw response as candidate selection: Unable to parse structured payload: unterminated string literal (detected at line 2) (<unknown>, line 2).
INFO:src.hipporag.HippoRAG:Encoding 3 queries for query_to_passage.
INFO:src.hipporag.HippoRAG:Encoding 1 queries for query_to_passage.
INFO:src.hipporag.HippoRAG:Encoding 1 queries for query_to_passage.
INFO:src.hipporag.HippoRAG:Encoding 1 queries for query_to_passage.
WARNING:src.hipporag.rerank:Rerank parse failed on attempt 1 for query 'Who was born first, Sathish Kalathil or Jacques Feyder?': Error parsing raw response as candidate selection: Unable to parse structured payload: unterminated string literal (detected at line 2) (<unknown>, line 2).
INFO:src.hipporag.HippoRAG:Encoding 3 queries for query_to_passage.
INFO:src.hipporag.HippoRAG:Encoding 1 queries for query_to_passage.
INFO:src.hipporag.HippoRAG:Encoding 1 queries for query_to_passage.
INFO:src.hipporag.HippoRAG:Encoding 1 queries for query_to_passage.
WARNING:src.hipporag.rerank:Rerank parse failed on attempt 1 for query 'By what other names was the king known whose reign was the first included in the Year Books?': Error parsing raw response as candidate selection: Unable to parse structured payload: unterminated string literal (detected at line 2) (<unknown>, line 2).
INFO:httpx:HTTP Request: POST http://localhost:8042/v1/chat/completions "HTTP/1.1 200 OK"
INFO:src.hipporag.HippoRAG:Encoding 2 queries for query_to_passage.
INFO:src.hipporag.HippoRAG:Encoding 1 queries for query_to_passage.
INFO:src.hipporag.HippoRAG:Encoding 2 queries for query_to_passage.
INFO:src.hipporag.HippoRAG:Encoding 1 queries for query_to_passage.
INFO:src.hipporag.HippoRAG:Encoding 1 queries for query_to_passage.
WARNING:src.hipporag.rerank:Rerank parse failed on attempt 1 for query 'What concert tour headlined by Coal Chamber in 1999 was named after the popular hit song by the Puerto Rican singer Ricky Martin, spanish for "the crazy life"?': Error parsing raw response as candidate selection: Unable to parse structured payload: unterminated string literal (detected at line 4) (<unknown>, line 4).
INFO:src.hipporag.HippoRAG:Encoding 2 queries for query_to_passage.
INFO:src.hipporag.HippoRAG:Encoding 1 queries for query_to_passage.
INFO:src.hipporag.HippoRAG:Encoding 1 queries for query_to_passage.
INFO:src.hipporag.HippoRAG:Encoding 2 queries for query_to_passage.
WARNING:src.hipporag.rerank:Rerank parse failed on attempt 1 for query 'What regular performer at the R-26 club in Paris was known for her banana-themed costume?': Error parsing raw response as candidate selection: Unable to parse structured payload: unterminated string literal (detected at line 1) (<unknown>, line 1).
INFO:src.hipporag.HippoRAG:Encoding 3 queries for query_to_passage.
INFO:src.hipporag.HippoRAG:Encoding 1 queries for query_to_passage.
WARNING:src.hipporag.rerank:Rerank parse failed on attempt 1 for query "What city is the women's Vans Triple Crown of Surfing event hosted at?": Error parsing raw response as candidate selection: Unable to parse structured payload: unterminated string literal (detected at line 12) (<unknown>, line 12).
INFO:src.hipporag.HippoRAG:Encoding 1 queries for query_to_passage.
WARNING:src.hipporag.rerank:Rerank parse failed on attempt 1 for query 'This American is best known for his work on such Disney animated films as "Beauty and the Beast" and a 1996 American animated musical drama film whose plot cent': Error parsing raw response as candidate selection: Unable to parse structured payload: unterminated string literal (detected at line 4) (<unknown>, line 4).
INFO:src.hipporag.HippoRAG:Encoding 3 queries for query_to_passage.
INFO:src.hipporag.HippoRAG:Encoding 1 queries for query_to_passage.
INFO:src.hipporag.HippoRAG:Encoding 1 queries for query_to_passage.
INFO:src.hipporag.HippoRAG:Encoding 1 queries for query_to_passage.
INFO:src.hipporag.HippoRAG:Encoding 1 queries for query_to_passage.
INFO:src.hipporag.HippoRAG:Encoding 1 queries for query_to_passage.
INFO:src.hipporag.HippoRAG:Encoding 1 queries for query_to_passage.
WARNING:src.hipporag.rerank:Rerank parse failed on attempt 1 for query 'Muslim Mahammad oglu Magomayev is the grandfther of what Soviet Azerbaijani singer who was dubbed the King of Songs?': Error parsing raw response as candidate selection: Unable to parse structured payload: unterminated string literal (detected at line 4) (<unknown>, line 4).
INFO:src.hipporag.HippoRAG:Encoding 2 queries for query_to_passage.
WARNING:src.hipporag.rerank:Rerank parse failed on attempt 1 for query 'What was the name of the person that was interviewed and later written about by John G. Neihardt?': Error parsing raw response as candidate selection: Unable to parse structured payload: unterminated string literal (detected at line 2) (<unknown>, line 2).
INFO:src.hipporag.HippoRAG:Encoding 1 queries for query_to_passage.
WARNING:src.hipporag.rerank:Rerank parse failed on attempt 1 for query 'The 2003 South Australian National Football League Grand Final saw the Central District Bulldogs defeat a football club whose home base is currently known as wh': Error parsing raw response as candidate selection: Unable to parse structured payload: unterminated string literal (detected at line 2) (<unknown>, line 2).
INFO:src.hipporag.HippoRAG:Encoding 2 queries for query_to_passage.
INFO:src.hipporag.HippoRAG:Encoding 2 queries for query_to_passage.
INFO:src.hipporag.HippoRAG:Encoding 1 queries for query_to_passage.
INFO:src.hipporag.HippoRAG:Encoding 1 queries for query_to_passage.
INFO:src.hipporag.HippoRAG:Encoding 2 queries for query_to_passage.
INFO:src.hipporag.HippoRAG:Encoding 1 queries for query_to_passage.
INFO:src.hipporag.HippoRAG:Encoding 1 queries for query_to_passage.
WARNING:src.hipporag.rerank:Rerank parse failed on attempt 1 for query 'What is the nationality of this actor, film producer and musician who has lived most of his life in Australia and appeared in Romper Stomper alongside Daniel Po': Error parsing raw response as candidate selection: Unable to parse structured payload: unterminated string literal (detected at line 2) (<unknown>, line 2).
INFO:src.hipporag.HippoRAG:Encoding 2 queries for query_to_passage.
INFO:src.hipporag.HippoRAG:Encoding 1 queries for query_to_passage.
INFO:src.hipporag.HippoRAG:Encoding 1 queries for query_to_passage.
INFO:src.hipporag.HippoRAG:Encoding 2 queries for query_to_passage.
INFO:src.hipporag.HippoRAG:Encoding 1 queries for query_to_passage.
INFO:src.hipporag.HippoRAG:Encoding 1 queries for query_to_passage.
WARNING:src.hipporag.rerank:Rerank parse failed on attempt 1 for query "Where was the comedian from And There's More born?": Error parsing raw response as candidate selection: Unable to parse structured payload: unterminated string literal (detected at line 2) (<unknown>, line 2).
INFO:httpx:HTTP Request: POST http://localhost:8042/v1/chat/completions "HTTP/1.1 200 OK"
INFO:src.hipporag.HippoRAG:Encoding 2 queries for query_to_passage.
INFO:src.hipporag.HippoRAG:Encoding 1 queries for query_to_passage.
WARNING:src.hipporag.rerank:Rerank parse failed on attempt 1 for query 'Michael Braz completed a libretto for what Georgia college, founded in 1906?': Error parsing raw response as candidate selection: Unable to parse structured payload: unterminated string literal (detected at line 2) (<unknown>, line 2).
INFO:src.hipporag.HippoRAG:Encoding 1 queries for query_to_passage.
INFO:src.hipporag.HippoRAG:Encoding 3 queries for query_to_passage.
INFO:src.hipporag.HippoRAG:Encoding 1 queries for query_to_passage.
INFO:src.hipporag.HippoRAG:Encoding 1 queries for query_to_passage.
INFO:src.hipporag.HippoRAG:Encoding 1 queries for query_to_passage.
INFO:src.hipporag.HippoRAG:Encoding 1 queries for query_to_passage.
INFO:src.hipporag.HippoRAG:Encoding 1 queries for query_to_passage.
INFO:src.hipporag.HippoRAG:Encoding 1 queries for query_to_passage.
WARNING:src.hipporag.rerank:Rerank parse failed on attempt 1 for query 'Who is the father of the Prince in which William Joseph Weaver is most famous for painting a full length portrait of?': Error parsing raw response as candidate selection: Unable to parse structured payload: unterminated string literal (detected at line 2) (<unknown>, line 2).
INFO:src.hipporag.HippoRAG:Encoding 2 queries for query_to_passage.
INFO:src.hipporag.HippoRAG:Encoding 1 queries for query_to_passage.
INFO:src.hipporag.HippoRAG:Encoding 1 queries for query_to_passage.
INFO:src.hipporag.HippoRAG:Encoding 1 queries for query_to_passage.
WARNING:src.hipporag.rerank:Rerank parse failed on attempt 1 for query 'How large of the area is the nature reserve south of Seacroft Esplanade?': Error parsing raw response as candidate selection: Unable to parse structured payload: unterminated string literal (detected at line 2) (<unknown>, line 2).
INFO:src.hipporag.HippoRAG:Encoding 2 queries for query_to_passage.
INFO:src.hipporag.HippoRAG:Encoding 1 queries for query_to_passage.
WARNING:src.hipporag.rerank:Rerank parse failed on attempt 1 for query 'Are Bitter Jester and The Future of Food both documentaries about food?': Error parsing raw response as candidate selection: Unable to parse structured payload: unterminated string literal (detected at line 2) (<unknown>, line 2).
INFO:src.hipporag.HippoRAG:Encoding 3 queries for query_to_passage.
INFO:src.hipporag.HippoRAG:Encoding 2 queries for query_to_passage.
INFO:src.hipporag.HippoRAG:Encoding 1 queries for query_to_passage.
INFO:src.hipporag.HippoRAG:Encoding 1 queries for query_to_passage.
WARNING:src.hipporag.rerank:Rerank parse failed on attempt 1 for query "Which pizza shop opened first, Toppers Pizza or America's Incredible Pizza Company?": Error parsing raw response as candidate selection: Unable to parse structured payload: unterminated string literal (detected at line 4) (<unknown>, line 4).
INFO:src.hipporag.HippoRAG:Encoding 3 queries for query_to_passage.
INFO:src.hipporag.HippoRAG:Encoding 3 queries for query_to_passage.
INFO:src.hipporag.HippoRAG:Encoding 1 queries for query_to_passage.
INFO:src.hipporag.HippoRAG:Encoding 2 queries for query_to_passage.
INFO:src.hipporag.HippoRAG:Encoding 1 queries for query_to_passage.
WARNING:src.hipporag.rerank:Rerank parse failed on attempt 1 for query 'Wiener Werkstätte Style was part of the movement that took place during what eras?': Error parsing raw response as candidate selection: Unable to parse structured payload: unterminated string literal (detected at line 2) (<unknown>, line 2).
INFO:src.hipporag.HippoRAG:Encoding 2 queries for query_to_passage.
INFO:src.hipporag.HippoRAG:Encoding 1 queries for query_to_passage.
WARNING:src.hipporag.rerank:Rerank parse failed on attempt 1 for query "Woman's Era and Naj are what kind of magazines?": Error parsing raw response as candidate selection: Unable to parse structured payload: unterminated string literal (detected at line 3) (<unknown>, line 3).
INFO:src.hipporag.HippoRAG:Encoding 1 queries for query_to_passage.
WARNING:src.hipporag.rerank:Rerank parse failed on attempt 1 for query 'What 1986 drama directed by Lee Doo-yong starred Lee Mi-sook?': Error parsing raw response as candidate selection: Unable to parse structured payload: unterminated string literal (detected at line 2) (<unknown>, line 2).
INFO:src.hipporag.HippoRAG:Encoding 1 queries for query_to_passage.
WARNING:src.hipporag.rerank:Rerank parse failed on attempt 1 for query 'What is the given name of the character depicted as Juliet Hulme in Heavenly Creatures?': Error parsing raw response as candidate selection: Unable to parse structured payload: unterminated string literal (detected at line 2) (<unknown>, line 2).
INFO:src.hipporag.HippoRAG:Encoding 2 queries for query_to_passage.
INFO:src.hipporag.HippoRAG:Encoding 1 queries for query_to_passage.
INFO:src.hipporag.HippoRAG:Encoding 1 queries for query_to_passage.
INFO:src.hipporag.HippoRAG:Encoding 1 queries for query_to_passage.
INFO:src.hipporag.HippoRAG:Encoding 2 queries for query_to_passage.
INFO:src.hipporag.HippoRAG:Encoding 1 queries for query_to_passage.
INFO:src.hipporag.HippoRAG:Encoding 1 queries for query_to_passage.
INFO:src.hipporag.HippoRAG:Encoding 2 queries for query_to_passage.
INFO:src.hipporag.HippoRAG:Encoding 1 queries for query_to_passage.
INFO:src.hipporag.HippoRAG:Encoding 1 queries for query_to_passage.
INFO:src.hipporag.HippoRAG:Encoding 1 queries for query_to_passage.
INFO:src.hipporag.HippoRAG:Encoding 2 queries for query_to_passage.
WARNING:src.hipporag.rerank:Rerank parse failed on attempt 1 for query 'What is common between Matt Vasgersian and Michael Casey?': Error parsing raw response as candidate selection: Unable to parse structured payload: unterminated string literal (detected at line 4) (<unknown>, line 4).
INFO:src.hipporag.HippoRAG:Encoding 3 queries for query_to_passage.
WARNING:src.hipporag.rerank:Rerank parse failed on attempt 1 for query 'What party campaigned for the Irish Home Rule Movement?': Error parsing raw response as candidate selection: Unable to parse structured payload: unterminated string literal (detected at line 2) (<unknown>, line 2).
INFO:src.hipporag.HippoRAG:Encoding 1 queries for query_to_passage.
WARNING:src.hipporag.rerank:Rerank parse failed on attempt 1 for query 'Which building will have more floors, 15 Penn Plaza, or 247 Cherry?': Error parsing raw response as candidate selection: Unable to parse structured payload: leading zeros in decimal integer literals are not permitted; use an 0o prefix for octal integers (<unknown>, line 7).
INFO:src.hipporag.HippoRAG:Encoding 3 queries for query_to_passage.
INFO:src.hipporag.HippoRAG:Encoding 1 queries for query_to_passage.
INFO:src.hipporag.HippoRAG:Encoding 1 queries for query_to_passage.
INFO:src.hipporag.HippoRAG:Encoding 2 queries for query_to_passage.
INFO:src.hipporag.HippoRAG:Encoding 1 queries for query_to_passage.
INFO:src.hipporag.HippoRAG:Encoding 1 queries for query_to_passage.
INFO:src.hipporag.HippoRAG:Encoding 4 queries for query_to_passage.
INFO:src.hipporag.HippoRAG:Encoding 1 queries for query_to_passage.
INFO:src.hipporag.HippoRAG:Encoding 1 queries for query_to_passage.
WARNING:src.hipporag.rerank:Rerank parse failed on attempt 1 for query 'Vincas Kudirka is the author of both the music and lyrics of a national anthem which has how many words?': Error parsing raw response as candidate selection: Unable to parse structured payload: unterminated string literal (detected at line 1) (<unknown>, line 1).
INFO:src.hipporag.HippoRAG:Encoding 2 queries for query_to_passage.
INFO:src.hipporag.HippoRAG:Encoding 1 queries for query_to_passage.
INFO:src.hipporag.HippoRAG:Encoding 1 queries for query_to_passage.
INFO:src.hipporag.HippoRAG:Encoding 1 queries for query_to_passage.
INFO:src.hipporag.HippoRAG:Encoding 2 queries for query_to_passage.
INFO:src.hipporag.HippoRAG:Encoding 1 queries for query_to_passage.
INFO:src.hipporag.HippoRAG:Encoding 3 queries for query_to_passage.
WARNING:src.hipporag.rerank:Rerank parse failed on attempt 1 for query 'Did Greg Costikyan have the same profession as John Dolmayan?': Error parsing raw response as candidate selection: Unable to parse structured payload: unterminated string literal (detected at line 1) (<unknown>, line 1).
INFO:httpx:HTTP Request: POST http://localhost:8042/v1/chat/completions "HTTP/1.1 200 OK"
INFO:src.hipporag.HippoRAG:Encoding 3 queries for query_to_passage.
INFO:src.hipporag.HippoRAG:Encoding 1 queries for query_to_passage.
INFO:src.hipporag.HippoRAG:Encoding 1 queries for query_to_passage.
WARNING:src.hipporag.rerank:Rerank parse failed on attempt 1 for query 'Stephen susco wrote a movie produced by which american film actor?': Error parsing raw response as candidate selection: Unable to parse structured payload: unterminated string literal (detected at line 2) (<unknown>, line 2).
INFO:src.hipporag.HippoRAG:Encoding 3 queries for query_to_passage.
INFO:src.hipporag.HippoRAG:Encoding 1 queries for query_to_passage.
INFO:src.hipporag.HippoRAG:Encoding 1 queries for query_to_passage.
INFO:src.hipporag.HippoRAG:Encoding 2 queries for query_to_passage.
WARNING:src.hipporag.rerank:Rerank parse failed on attempt 1 for query 'Ali Eren Balıkel started a restaurant which hosted a number of famous figures including an English actor who won three consecutive what?': Error parsing raw response as candidate selection: Unable to parse structured payload: unterminated string literal (detected at line 10) (<unknown>, line 10).
INFO:src.hipporag.HippoRAG:Encoding 4 queries for query_to_passage.
INFO:src.hipporag.HippoRAG:Encoding 1 queries for query_to_passage.
INFO:src.hipporag.HippoRAG:Encoding 1 queries for query_to_passage.
INFO:src.hipporag.HippoRAG:Encoding 1 queries for query_to_passage.
INFO:src.hipporag.HippoRAG:Encoding 1 queries for query_to_passage.
WARNING:src.hipporag.rerank:Rerank parse failed on attempt 1 for query 'Are Couroupita and Graptopetalum plants both native to central America?': Error parsing raw response as candidate selection: Unable to parse structured payload: unterminated string literal (detected at line 2) (<unknown>, line 2).
INFO:src.hipporag.HippoRAG:Encoding 3 queries for query_to_passage.
INFO:src.hipporag.HippoRAG:Encoding 1 queries for query_to_passage.
INFO:src.hipporag.HippoRAG:Encoding 1 queries for query_to_passage.
INFO:src.hipporag.HippoRAG:Encoding 1 queries for query_to_passage.
INFO:src.hipporag.HippoRAG:Encoding 1 queries for query_to_passage.
INFO:src.hipporag.HippoRAG:Encoding 2 queries for query_to_passage.
INFO:src.hipporag.HippoRAG:Encoding 1 queries for query_to_passage.
WARNING:src.hipporag.rerank:Rerank parse failed on attempt 1 for query 'What chef is the owner of a Japanese restaurant in the Tribeca neighborhood and also owns two Bar Masas in New York and Nevada?': Error parsing raw response as candidate selection: Unable to parse structured payload: unterminated string literal (detected at line 3) (<unknown>, line 3).
INFO:src.hipporag.HippoRAG:Encoding 4 queries for query_to_passage.
INFO:src.hipporag.HippoRAG:Encoding 1 queries for query_to_passage.
INFO:src.hipporag.HippoRAG:Encoding 1 queries for query_to_passage.
INFO:src.hipporag.HippoRAG:Encoding 1 queries for query_to_passage.
INFO:src.hipporag.HippoRAG:Encoding 1 queries for query_to_passage.
INFO:src.hipporag.HippoRAG:Encoding 1 queries for query_to_passage.
INFO:src.hipporag.HippoRAG:Encoding 1 queries for query_to_passage.
INFO:src.hipporag.HippoRAG:Encoding 3 queries for query_to_passage.
WARNING:src.hipporag.rerank:Rerank parse failed on attempt 1 for query 'This Australian racing driver currently drives the No. 22 Holden VF Commodore produced by Holden Commodore which manufactures what other models?': Error parsing raw response as candidate selection: Unable to parse structured payload: unterminated string literal (detected at line 2) (<unknown>, line 2).
INFO:src.hipporag.HippoRAG:Encoding 4 queries for query_to_passage.
WARNING:src.hipporag.rerank:Rerank parse failed on attempt 1 for query 'Who is the director of Hollywood film "7th Heaven" (1927), Jerry Belson or  Frank Borzage?': Error parsing raw response as candidate selection: Unable to parse structured payload: unterminated string literal (detected at line 2) (<unknown>, line 2).
INFO:src.hipporag.HippoRAG:Encoding 3 queries for query_to_passage.
INFO:src.hipporag.HippoRAG:Encoding 1 queries for query_to_passage.
INFO:src.hipporag.HippoRAG:Encoding 1 queries for query_to_passage.
INFO:src.hipporag.HippoRAG:Encoding 2 queries for query_to_passage.
INFO:src.hipporag.HippoRAG:Encoding 1 queries for query_to_passage.
INFO:src.hipporag.HippoRAG:Encoding 1 queries for query_to_passage.
INFO:src.hipporag.HippoRAG:Encoding 2 queries for query_to_passage.
INFO:src.hipporag.HippoRAG:Encoding 1 queries for query_to_passage.
WARNING:src.hipporag.rerank:Rerank parse failed on attempt 1 for query 'What is the other occupation of this Indian film actress who appeared in "Hate Story 2" (2014) and "Saadi Love Story?"': Error parsing raw response as candidate selection: Unable to parse structured payload: unterminated string literal (detected at line 2) (<unknown>, line 2).
INFO:src.hipporag.HippoRAG:Encoding 2 queries for query_to_passage.
INFO:src.hipporag.HippoRAG:Encoding 1 queries for query_to_passage.
INFO:src.hipporag.HippoRAG:Encoding 1 queries for query_to_passage.
INFO:src.hipporag.HippoRAG:Encoding 1 queries for query_to_passage.
INFO:src.hipporag.HippoRAG:Encoding 2 queries for query_to_passage.
WARNING:src.hipporag.rerank:Rerank parse failed on attempt 1 for query 'Which singer is also a comic book writer, Max Bemis or Robert Palmer?': Error parsing raw response as candidate selection: Unable to parse structured payload: unterminated string literal (detected at line 2) (<unknown>, line 2).
INFO:src.hipporag.HippoRAG:Encoding 4 queries for query_to_passage.
INFO:src.hipporag.HippoRAG:Encoding 1 queries for query_to_passage.
WARNING:src.hipporag.rerank:Rerank parse failed on attempt 1 for query 'Where does the descendant of the Red Setter originate?': Error parsing raw response as candidate selection: Unable to parse structured payload: unterminated string literal (detected at line 2) (<unknown>, line 2).
INFO:httpx:HTTP Request: POST http://localhost:8042/v1/chat/completions "HTTP/1.1 200 OK"
INFO:src.hipporag.HippoRAG:Encoding 2 queries for query_to_passage.
INFO:src.hipporag.HippoRAG:Encoding 1 queries for query_to_passage.
INFO:src.hipporag.HippoRAG:Encoding 1 queries for query_to_passage.
INFO:src.hipporag.HippoRAG:Encoding 1 queries for query_to_passage.
INFO:src.hipporag.HippoRAG:Encoding 1 queries for query_to_passage.
INFO:src.hipporag.HippoRAG:Encoding 3 queries for query_to_passage.
INFO:src.hipporag.HippoRAG:Encoding 2 queries for query_to_passage.
WARNING:src.hipporag.rerank:Rerank parse failed on attempt 1 for query 'What year was the actor son of Jeremiah Porter born?': Error parsing raw response as candidate selection: Unable to parse structured payload: unterminated string literal (detected at line 2) (<unknown>, line 2).
INFO:httpx:HTTP Request: POST http://localhost:8042/v1/chat/completions "HTTP/1.1 200 OK"
INFO:src.hipporag.HippoRAG:Encoding 2 queries for query_to_passage.
INFO:src.hipporag.HippoRAG:Encoding 3 queries for query_to_passage.
INFO:src.hipporag.HippoRAG:Encoding 1 queries for query_to_passage.
WARNING:src.hipporag.rerank:Rerank parse failed on attempt 1 for query 'Ithihasa and the Indian music composer of  "Chronic Bachelor", "Udayananu Tharam", "Naran", "Puthiya Mukham," "Urumi", "Grandmaster" and "Bhaskar the Rascal" ar': Error parsing raw response as candidate selection: Unable to parse structured payload: unterminated string literal (detected at line 2) (<unknown>, line 2).
INFO:src.hipporag.HippoRAG:Encoding 1 queries for query_to_passage.
INFO:src.hipporag.HippoRAG:Encoding 1 queries for query_to_passage.
INFO:src.hipporag.HippoRAG:Encoding 2 queries for query_to_passage.
INFO:src.hipporag.HippoRAG:Encoding 1 queries for query_to_passage.
WARNING:src.hipporag.rerank:Rerank parse failed on attempt 1 for query 'What was the release date and price for the release of Mac OS X that has the software for creating WWF files?': Error parsing raw response as candidate selection: Unable to parse structured payload: unterminated string literal (detected at line 2) (<unknown>, line 2).
INFO:src.hipporag.HippoRAG:Encoding 2 queries for query_to_passage.
INFO:src.hipporag.HippoRAG:Encoding 1 queries for query_to_passage.
INFO:src.hipporag.HippoRAG:Encoding 1 queries for query_to_passage.
INFO:src.hipporag.HippoRAG:Encoding 1 queries for query_to_passage.
WARNING:src.hipporag.rerank:Rerank parse failed on attempt 1 for query 'Who was the fourth son of the lord of the Seventeen Provinces of the Netherlands in 1555?': Error parsing raw response as candidate selection: Unable to parse structured payload: unterminated string literal (detected at line 2) (<unknown>, line 2).
INFO:src.hipporag.HippoRAG:Encoding 3 queries for query_to_passage.
INFO:src.hipporag.HippoRAG:Encoding 1 queries for query_to_passage.
INFO:src.hipporag.HippoRAG:Encoding 1 queries for query_to_passage.
WARNING:src.hipporag.rerank:Rerank parse failed on attempt 1 for query 'In the 2012-13 FC Sion they brought in Gennaro Gattuso and a player who now plays for what Scottish team?': Error parsing raw response as candidate selection: Unable to parse structured payload: unterminated string literal (detected at line 2) (<unknown>, line 2).
INFO:src.hipporag.HippoRAG:Encoding 3 queries for query_to_passage.
INFO:src.hipporag.HippoRAG:Encoding 1 queries for query_to_passage.
WARNING:src.hipporag.rerank:Rerank parse failed on attempt 1 for query 'The actor known for his role as "Freddie"  in The Deep Blue Sea won the Laurence Olivier Award for his role in which play?': Error parsing raw response as candidate selection: Unable to parse structured payload: unterminated string literal (detected at line 2) (<unknown>, line 2).
INFO:src.hipporag.HippoRAG:Encoding 3 queries for query_to_passage.
INFO:src.hipporag.HippoRAG:Encoding 1 queries for query_to_passage.
WARNING:src.hipporag.rerank:Rerank parse failed on attempt 1 for query 'Who directed the Hindi remake of the Korean film that starred Uhm Jung-hwa, Kim Sang-kyung, and Song Young-Chang?': Error parsing raw response as candidate selection: Unable to parse structured payload: unterminated string literal (detected at line 2) (<unknown>, line 2).
INFO:src.hipporag.HippoRAG:Encoding 3 queries for query_to_passage.
INFO:src.hipporag.HippoRAG:Encoding 1 queries for query_to_passage.
INFO:src.hipporag.HippoRAG:Encoding 1 queries for query_to_passage.
INFO:src.hipporag.HippoRAG:Encoding 1 queries for query_to_passage.
INFO:src.hipporag.HippoRAG:Encoding 4 queries for query_to_passage.
INFO:src.hipporag.HippoRAG:Encoding 1 queries for query_to_passage.
INFO:src.hipporag.HippoRAG:Encoding 1 queries for query_to_passage.
INFO:src.hipporag.HippoRAG:Encoding 1 queries for query_to_passage.
WARNING:src.hipporag.rerank:Rerank parse failed on attempt 1 for query 'Which South Korean film about an affair between an attractive thirty-two-year-old woman and a youth just short of legal majority premiered at the 2005 Sundance ': Error parsing raw response as candidate selection: Unable to parse structured payload: unterminated string literal (detected at line 2) (<unknown>, line 2).
INFO:src.hipporag.HippoRAG:Encoding 4 queries for query_to_passage.
INFO:src.hipporag.HippoRAG:Encoding 1 queries for query_to_passage.
INFO:src.hipporag.HippoRAG:Encoding 1 queries for query_to_passage.
WARNING:src.hipporag.rerank:Rerank parse failed on attempt 1 for query '3TEETH was the debut album for the opening act for the2016 tour with a headlining band that was formed in which California city?': Error parsing raw response as candidate selection: Unable to parse structured payload: unterminated string literal (detected at line 2) (<unknown>, line 2).
INFO:src.hipporag.HippoRAG:Encoding 2 queries for query_to_passage.
INFO:src.hipporag.HippoRAG:Encoding 3 queries for query_to_passage.
WARNING:src.hipporag.rerank:Rerank parse failed on attempt 1 for query 'Toby Kebbell starred in a fantasy action film based on a video game series in 2016 notably set in teh world of what?': Error parsing raw response as candidate selection: Unable to parse structured payload: unterminated string literal (detected at line 2) (<unknown>, line 2).
INFO:src.hipporag.HippoRAG:Encoding 2 queries for query_to_passage.
INFO:src.hipporag.HippoRAG:Encoding 1 queries for query_to_passage.
INFO:src.hipporag.HippoRAG:Encoding 1 queries for query_to_passage.
INFO:src.hipporag.HippoRAG:Encoding 1 queries for query_to_passage.
INFO:src.hipporag.HippoRAG:Encoding 3 queries for query_to_passage.
INFO:src.hipporag.HippoRAG:Encoding 3 queries for query_to_passage.
INFO:src.hipporag.HippoRAG:Encoding 1 queries for query_to_passage.
INFO:src.hipporag.HippoRAG:Encoding 1 queries for query_to_passage.
INFO:src.hipporag.HippoRAG:Encoding 1 queries for query_to_passage.
INFO:src.hipporag.HippoRAG:Encoding 3 queries for query_to_passage.
INFO:src.hipporag.HippoRAG:Encoding 1 queries for query_to_passage.
WARNING:src.hipporag.rerank:Rerank parse failed on attempt 1 for query 'What is the country of origin of the film Dui Purush and the music director Pankaj Mullick': Error parsing raw response as candidate selection: Unable to parse structured payload: unterminated string literal (detected at line 2) (<unknown>, line 2).
INFO:src.hipporag.HippoRAG:Encoding 2 queries for query_to_passage.
WARNING:src.hipporag.rerank:Rerank parse failed on attempt 1 for query 'What facility is shared by RAAF Base Williamtown and Newcastle Airport in New South Wales?': Error parsing raw response as candidate selection: Unable to parse structured payload: unterminated string literal (detected at line 2) (<unknown>, line 2).
INFO:src.hipporag.HippoRAG:Encoding 1 queries for query_to_passage.
WARNING:src.hipporag.rerank:Rerank parse failed on attempt 1 for query 'Black Star is the debut fragrance by a singer-songwriter that has sold approximately how many albums worldwide?': Error parsing raw response as candidate selection: Unable to parse structured payload: unterminated string literal (detected at line 2) (<unknown>, line 2).
INFO:src.hipporag.HippoRAG:Encoding 2 queries for query_to_passage.
INFO:src.hipporag.HippoRAG:Encoding 1 queries for query_to_passage.
INFO:src.hipporag.HippoRAG:Encoding 2 queries for query_to_passage.
INFO:src.hipporag.HippoRAG:Encoding 1 queries for query_to_passage.
INFO:src.hipporag.HippoRAG:Encoding 3 queries for query_to_passage.
INFO:src.hipporag.HippoRAG:Encoding 1 queries for query_to_passage.
INFO:src.hipporag.HippoRAG:Encoding 1 queries for query_to_passage.
INFO:src.hipporag.HippoRAG:Encoding 1 queries for query_to_passage.
INFO:src.hipporag.HippoRAG:Encoding 1 queries for query_to_passage.
INFO:src.hipporag.HippoRAG:Encoding 2 queries for query_to_passage.
INFO:src.hipporag.HippoRAG:Encoding 1 queries for query_to_passage.
INFO:httpx:HTTP Request: POST http://localhost:8042/v1/chat/completions "HTTP/1.1 200 OK"
INFO:src.hipporag.HippoRAG:Encoding 4 queries for query_to_passage.
INFO:src.hipporag.HippoRAG:Encoding 1 queries for query_to_passage.
INFO:src.hipporag.HippoRAG:Encoding 1 queries for query_to_passage.
INFO:src.hipporag.HippoRAG:Encoding 1 queries for query_to_passage.
INFO:src.hipporag.HippoRAG:Encoding 1 queries for query_to_passage.
INFO:src.hipporag.HippoRAG:Encoding 1 queries for query_to_passage.
WARNING:src.hipporag.rerank:Rerank parse failed on attempt 1 for query 'Who was the son and heir of Henry Beauclerc?': Error parsing raw response as candidate selection: Unable to parse structured payload: unterminated string literal (detected at line 2) (<unknown>, line 2).
INFO:src.hipporag.HippoRAG:Encoding 1 queries for query_to_passage.
WARNING:src.hipporag.rerank:Rerank parse failed on attempt 1 for query 'Bill Woodfull opened pairing with what cricketer who died in April of 1991?': Error parsing raw response as candidate selection: Unable to parse structured payload: invalid syntax (<unknown>, line 1).
INFO:src.hipporag.HippoRAG:Encoding 4 queries for query_to_passage.
INFO:src.hipporag.HippoRAG:Encoding 1 queries for query_to_passage.
INFO:src.hipporag.HippoRAG:Encoding 1 queries for query_to_passage.
INFO:src.hipporag.HippoRAG:Encoding 1 queries for query_to_passage.
INFO:src.hipporag.HippoRAG:Encoding 3 queries for query_to_passage.
INFO:src.hipporag.HippoRAG:Encoding 1 queries for query_to_passage.
INFO:src.hipporag.HippoRAG:Encoding 1 queries for query_to_passage.
INFO:src.hipporag.HippoRAG:Encoding 1 queries for query_to_passage.
INFO:src.hipporag.HippoRAG:Encoding 3 queries for query_to_passage.
INFO:src.hipporag.HippoRAG:Encoding 1 queries for query_to_passage.
WARNING:src.hipporag.rerank:Rerank parse failed on attempt 1 for query 'Which band formed in England, Of Montreal or Vib Gyor?': Error parsing raw response as candidate selection: Unable to parse structured payload: unterminated string literal (detected at line 2) (<unknown>, line 2).
INFO:src.hipporag.HippoRAG:Encoding 3 queries for query_to_passage.
INFO:src.hipporag.HippoRAG:Encoding 4 queries for query_to_passage.
INFO:src.hipporag.HippoRAG:Encoding 1 queries for query_to_passage.
INFO:src.hipporag.HippoRAG:Encoding 1 queries for query_to_passage.
INFO:src.hipporag.HippoRAG:Encoding 3 queries for query_to_passage.
INFO:src.hipporag.HippoRAG:Encoding 1 queries for query_to_passage.
INFO:src.hipporag.HippoRAG:Encoding 1 queries for query_to_passage.
INFO:src.hipporag.HippoRAG:Encoding 3 queries for query_to_passage.
INFO:src.hipporag.HippoRAG:Encoding 1 queries for query_to_passage.
INFO:src.hipporag.HippoRAG:Encoding 1 queries for query_to_passage.
INFO:src.hipporag.HippoRAG:Encoding 1 queries for query_to_passage.
INFO:src.hipporag.HippoRAG:Encoding 1 queries for query_to_passage.
INFO:src.hipporag.HippoRAG:Encoding 3 queries for query_to_passage.
INFO:src.hipporag.HippoRAG:Encoding 1 queries for query_to_passage.
INFO:src.hipporag.HippoRAG:Encoding 1 queries for query_to_passage.
INFO:src.hipporag.HippoRAG:Encoding 1 queries for query_to_passage.
WARNING:src.hipporag.rerank:Rerank parse failed on attempt 1 for query 'Whose brother was a king of the East-Saxons?': Error parsing raw response as candidate selection: Unable to parse structured payload: unterminated string literal (detected at line 2) (<unknown>, line 2).
INFO:src.hipporag.HippoRAG:Encoding 2 queries for query_to_passage.
INFO:src.hipporag.HippoRAG:Encoding 1 queries for query_to_passage.
INFO:src.hipporag.HippoRAG:Encoding 3 queries for query_to_passage.
WARNING:src.hipporag.rerank:Rerank parse failed on attempt 1 for query 'What type of band is the group who released a 2007 compilation CD?': Error parsing raw response as candidate selection: Unable to parse structured payload: unterminated string literal (detected at line 2) (<unknown>, line 2).
INFO:src.hipporag.HippoRAG:Encoding 2 queries for query_to_passage.
INFO:src.hipporag.HippoRAG:Encoding 1 queries for query_to_passage.
WARNING:src.hipporag.rerank:Rerank parse failed on attempt 1 for query "What Ruben Fleischer film did No One's Gonna Love You appear in?": Error parsing raw response as candidate selection: Unable to parse structured payload: unterminated string literal (detected at line 2) (<unknown>, line 2).
INFO:src.hipporag.HippoRAG:Encoding 1 queries for query_to_passage.
WARNING:src.hipporag.rerank:Rerank parse failed on attempt 1 for query 'Are Harry Everett Smith and Vladimir Danilevich both from Russia?': Error parsing raw response as candidate selection: Unable to parse structured payload: unterminated string literal (detected at line 2) (<unknown>, line 2).
INFO:src.hipporag.HippoRAG:Encoding 3 queries for query_to_passage.
INFO:src.hipporag.HippoRAG:Encoding 3 queries for query_to_passage.
INFO:src.hipporag.HippoRAG:Encoding 1 queries for query_to_passage.
WARNING:src.hipporag.rerank:Rerank parse failed on attempt 1 for query 'which writer has the highest number of skill  Langston Hughes or  Ian McEwan': Error parsing raw response as candidate selection: Unable to parse structured payload: unterminated string literal (detected at line 2) (<unknown>, line 2).
INFO:src.hipporag.HippoRAG:Encoding 3 queries for query_to_passage.
INFO:src.hipporag.HippoRAG:Encoding 1 queries for query_to_passage.
WARNING:src.hipporag.rerank:Rerank parse failed on attempt 1 for query "Abraham Lincoln Neiman and his wife Carrie Marcus Neiman cofounded Neiman Marcus with Carrie's brother Herbert in which American city in 1907?": Error parsing raw response as candidate selection: Unable to parse structured payload: unterminated string literal (detected at line 11) (<unknown>, line 11).
INFO:src.hipporag.HippoRAG:Encoding 2 queries for query_to_passage.
INFO:src.hipporag.HippoRAG:Encoding 1 queries for query_to_passage.
INFO:src.hipporag.HippoRAG:Encoding 1 queries for query_to_passage.
INFO:src.hipporag.HippoRAG:Encoding 4 queries for query_to_passage.
INFO:src.hipporag.HippoRAG:Encoding 1 queries for query_to_passage.
INFO:src.hipporag.HippoRAG:Encoding 1 queries for query_to_passage.
INFO:src.hipporag.HippoRAG:Encoding 3 queries for query_to_passage.
INFO:src.hipporag.HippoRAG:Encoding 1 queries for query_to_passage.
INFO:src.hipporag.HippoRAG:Encoding 1 queries for query_to_passage.
INFO:src.hipporag.HippoRAG:Encoding 1 queries for query_to_passage.
INFO:src.hipporag.HippoRAG:Encoding 1 queries for query_to_passage.
WARNING:src.hipporag.rerank:Rerank parse failed on attempt 1 for query 'What other jobs did the actress Olivia Munn from Mortdecai have?': Error parsing raw response as candidate selection: Unable to parse structured payload: invalid syntax (<unknown>, line 1).
INFO:src.hipporag.HippoRAG:Encoding 1 queries for query_to_passage.
WARNING:src.hipporag.rerank:Rerank parse failed on attempt 1 for query "Mis'ry's Comin' Aroun is by an American librettist that won how many Tony Awards?": Error parsing raw response as candidate selection: Unable to parse structured payload: unterminated string literal (detected at line 2) (<unknown>, line 2).
INFO:httpx:HTTP Request: POST http://localhost:8042/v1/chat/completions "HTTP/1.1 200 OK"
INFO:src.hipporag.HippoRAG:Encoding 2 queries for query_to_passage.
INFO:src.hipporag.HippoRAG:Encoding 1 queries for query_to_passage.
WARNING:src.hipporag.rerank:Rerank parse failed on attempt 1 for query 'Following The Simple Things a featurette directed by Burny Mattinson was produced, called what?': Error parsing raw response as candidate selection: Unable to parse structured payload: unterminated string literal (detected at line 2) (<unknown>, line 2).
INFO:src.hipporag.HippoRAG:Encoding 1 queries for query_to_passage.
WARNING:src.hipporag.rerank:Rerank parse failed on attempt 1 for query 'Kevin House Jr. played professionally for the team that is in what NFL conference?': Error parsing raw response as candidate selection: Unable to parse structured payload: unterminated string literal (detected at line 2) (<unknown>, line 2).
INFO:src.hipporag.HippoRAG:Encoding 2 queries for query_to_passage.
INFO:src.hipporag.HippoRAG:Encoding 1 queries for query_to_passage.
INFO:src.hipporag.HippoRAG:Encoding 1 queries for query_to_passage.
INFO:src.hipporag.HippoRAG:Encoding 3 queries for query_to_passage.
INFO:src.hipporag.HippoRAG:Encoding 1 queries for query_to_passage.
INFO:src.hipporag.HippoRAG:Encoding 1 queries for query_to_passage.
INFO:src.hipporag.HippoRAG:Encoding 2 queries for query_to_passage.
INFO:src.hipporag.HippoRAG:Encoding 1 queries for query_to_passage.
WARNING:src.hipporag.rerank:Rerank parse failed on attempt 1 for query 'Which genus has more species, Quesnelia or Honeysuckle?': Error parsing raw response as candidate selection: Unable to parse structured payload: unterminated string literal (detected at line 2) (<unknown>, line 2).
INFO:src.hipporag.HippoRAG:Encoding 3 queries for query_to_passage.
INFO:src.hipporag.HippoRAG:Encoding 1 queries for query_to_passage.
INFO:src.hipporag.HippoRAG:Encoding 3 queries for query_to_passage.
INFO:src.hipporag.HippoRAG:Encoding 1 queries for query_to_passage.
INFO:src.hipporag.HippoRAG:Encoding 1 queries for query_to_passage.
INFO:src.hipporag.HippoRAG:Encoding 1 queries for query_to_passage.
INFO:src.hipporag.HippoRAG:Encoding 1 queries for query_to_passage.
INFO:src.hipporag.HippoRAG:Encoding 1 queries for query_to_passage.
INFO:src.hipporag.HippoRAG:Encoding 2 queries for query_to_passage.
INFO:src.hipporag.HippoRAG:Encoding 1 queries for query_to_passage.
INFO:src.hipporag.HippoRAG:Encoding 1 queries for query_to_passage.
INFO:src.hipporag.HippoRAG:Encoding 1 queries for query_to_passage.
INFO:src.hipporag.HippoRAG:Encoding 3 queries for query_to_passage.
INFO:src.hipporag.HippoRAG:Encoding 1 queries for query_to_passage.
INFO:src.hipporag.HippoRAG:Encoding 1 queries for query_to_passage.
INFO:src.hipporag.HippoRAG:Encoding 2 queries for query_to_passage.
INFO:src.hipporag.HippoRAG:Encoding 1 queries for query_to_passage.
INFO:src.hipporag.HippoRAG:Encoding 1 queries for query_to_passage.
INFO:src.hipporag.HippoRAG:Encoding 1 queries for query_to_passage.
INFO:src.hipporag.HippoRAG:Encoding 2 queries for query_to_passage.
WARNING:src.hipporag.rerank:Rerank parse failed on attempt 1 for query "How many Major League Baseball teams usually attend the meeting where the John H. Johnson President's Award is awarded?": Error parsing raw response as candidate selection: Unable to parse structured payload: unterminated string literal (detected at line 4) (<unknown>, line 4).
INFO:src.hipporag.HippoRAG:Encoding 2 queries for query_to_passage.
INFO:src.hipporag.HippoRAG:Encoding 1 queries for query_to_passage.
INFO:src.hipporag.HippoRAG:Encoding 3 queries for query_to_passage.
INFO:src.hipporag.HippoRAG:Encoding 1 queries for query_to_passage.
INFO:src.hipporag.HippoRAG:Encoding 1 queries for query_to_passage.
INFO:src.hipporag.HippoRAG:Encoding 1 queries for query_to_passage.
INFO:src.hipporag.HippoRAG:Encoding 1 queries for query_to_passage.
WARNING:src.hipporag.rerank:Rerank parse failed on attempt 1 for query 'In the USA, a tobacconist, also called a tobacco shop or smoke shop, is traditionally represented by which advertisement figure, that is often a three-dimension': Error parsing raw response as candidate selection: Unable to parse structured payload: unterminated string literal (detected at line 2) (<unknown>, line 2).
INFO:src.hipporag.HippoRAG:Encoding 3 queries for query_to_passage.
WARNING:src.hipporag.rerank:Rerank parse failed on attempt 1 for query 'Edwyn Collins and Ian Gillan both have which profession in common?': Error parsing raw response as candidate selection: Unable to parse structured payload: unterminated string literal (detected at line 2) (<unknown>, line 2).
INFO:src.hipporag.HippoRAG:Encoding 2 queries for query_to_passage.
INFO:src.hipporag.HippoRAG:Encoding 1 queries for query_to_passage.
INFO:src.hipporag.HippoRAG:Encoding 2 queries for query_to_passage.
INFO:src.hipporag.HippoRAG:Encoding 1 queries for query_to_passage.
WARNING:src.hipporag.rerank:Rerank parse failed on attempt 1 for query 'Who was the older brother of the leader who asked Juan Romero de Figueroa to remain at his parish?': Error parsing raw response as candidate selection: Unable to parse structured payload: unterminated string literal (detected at line 2) (<unknown>, line 2).
INFO:src.hipporag.HippoRAG:Encoding 2 queries for query_to_passage.
WARNING:src.hipporag.rerank:Rerank parse failed on attempt 1 for query 'During what war were the Russia-United Kingdom relations in a state of rivalry after the abdication of Emperor Nicholas II?': Error parsing raw response as candidate selection: Unable to parse structured payload: unterminated string literal (detected at line 2) (<unknown>, line 2).
INFO:httpx:HTTP Request: POST http://localhost:8042/v1/chat/completions "HTTP/1.1 200 OK"
INFO:src.hipporag.HippoRAG:Encoding 2 queries for query_to_passage.
INFO:src.hipporag.HippoRAG:Encoding 1 queries for query_to_passage.
INFO:src.hipporag.HippoRAG:Encoding 1 queries for query_to_passage.
WARNING:src.hipporag.rerank:Rerank parse failed on attempt 1 for query 'What is the height of the tallest mountain from which the Glen River flows?': Error parsing raw response as candidate selection: Unable to parse structured payload: unterminated string literal (detected at line 2) (<unknown>, line 2).
INFO:src.hipporag.HippoRAG:Encoding 2 queries for query_to_passage.
INFO:src.hipporag.HippoRAG:Encoding 1 queries for query_to_passage.
WARNING:src.hipporag.rerank:Rerank parse failed on attempt 1 for query 'which league is the 121th season of top-tier competitive football in Switzerland which Ulrich Forte coach FC Zürich in the league': Error parsing raw response as candidate selection: Unable to parse structured payload: unterminated string literal (detected at line 2) (<unknown>, line 2).
INFO:httpx:HTTP Request: POST http://localhost:8042/v1/chat/completions "HTTP/1.1 200 OK"
INFO:src.hipporag.HippoRAG:Encoding 3 queries for query_to_passage.
WARNING:src.hipporag.rerank:Rerank parse failed on attempt 1 for query 'Who was born in August and was a professor?': Error parsing raw response as candidate selection: Unable to parse structured payload: unterminated string literal (detected at line 2) (<unknown>, line 2).
INFO:src.hipporag.HippoRAG:Encoding 3 queries for query_to_passage.
WARNING:src.hipporag.rerank:Rerank parse failed on attempt 1 for query 'Domestic Disturbance stars an actor who voiced what character in "Monsters, Inc."?': Error parsing raw response as candidate selection: Unable to parse structured payload: unterminated string literal (detected at line 2) (<unknown>, line 2).
INFO:src.hipporag.HippoRAG:Encoding 2 queries for query_to_passage.
INFO:src.hipporag.HippoRAG:Encoding 1 queries for query_to_passage.
INFO:src.hipporag.HippoRAG:Encoding 1 queries for query_to_passage.
WARNING:src.hipporag.rerank:Rerank parse failed on attempt 1 for query 'When was the peer-reviewed open access scientific journal established in which Milivoje Kostic Editor-in-Chief of the Thermodynamics section?': Error parsing raw response as candidate selection: Unable to parse structured payload: invalid syntax (<unknown>, line 1).
INFO:src.hipporag.HippoRAG:Encoding 2 queries for query_to_passage.
INFO:src.hipporag.HippoRAG:Encoding 3 queries for query_to_passage.
INFO:__main__:Applied daec_noisyor selector over pool@100 for 1000 queries (avg mapped pool docs=100.00, avg seed entities=4.92)
Collecting QA prompts:   0%|          | 0/1000 [00:00<?, ?it/s]Collecting QA prompts: 100%|██████████| 1000/1000 [00:00<00:00, 12819.29it/s]
QA Reading:   0%|          | 0/1000 [00:00<?, ?it/s]INFO:httpx:HTTP Request: POST http://localhost:8042/v1/chat/completions "HTTP/1.1 200 OK"
QA Reading:  10%|█         | 101/1000 [00:00<00:03, 225.93it/s]INFO:httpx:HTTP Request: POST http://localhost:8042/v1/chat/completions "HTTP/1.1 200 OK"
INFO:httpx:HTTP Request: POST http://localhost:8042/v1/chat/completions "HTTP/1.1 200 OK"
INFO:httpx:HTTP Request: POST http://localhost:8042/v1/chat/completions "HTTP/1.1 200 OK"
INFO:httpx:HTTP Request: POST http://localhost:8042/v1/chat/completions "HTTP/1.1 200 OK"
INFO:httpx:HTTP Request: POST http://localhost:8042/v1/chat/completions "HTTP/1.1 200 OK"
INFO:httpx:HTTP Request: POST http://localhost:8042/v1/chat/completions "HTTP/1.1 200 OK"
INFO:httpx:HTTP Request: POST http://localhost:8042/v1/chat/completions "HTTP/1.1 200 OK"
INFO:httpx:HTTP Request: POST http://localhost:8042/v1/chat/completions "HTTP/1.1 200 OK"
INFO:httpx:HTTP Request: POST http://localhost:8042/v1/chat/completions "HTTP/1.1 200 OK"
INFO:httpx:HTTP Request: POST http://localhost:8042/v1/chat/completions "HTTP/1.1 200 OK"
QA Reading:  12%|█▏        | 124/1000 [00:04<00:43, 20.08it/s] INFO:httpx:HTTP Request: POST http://localhost:8042/v1/chat/completions "HTTP/1.1 200 OK"
INFO:httpx:HTTP Request: POST http://localhost:8042/v1/chat/completions "HTTP/1.1 200 OK"
INFO:httpx:HTTP Request: POST http://localhost:8042/v1/chat/completions "HTTP/1.1 200 OK"
INFO:httpx:HTTP Request: POST http://localhost:8042/v1/chat/completions "HTTP/1.1 200 OK"
INFO:httpx:HTTP Request: POST http://localhost:8042/v1/chat/completions "HTTP/1.1 200 OK"
INFO:httpx:HTTP Request: POST http://localhost:8042/v1/chat/completions "HTTP/1.1 200 OK"
QA Reading:  13%|█▎        | 134/1000 [00:07<01:03, 13.61it/s]INFO:httpx:HTTP Request: POST http://localhost:8042/v1/chat/completions "HTTP/1.1 200 OK"
INFO:httpx:HTTP Request: POST http://localhost:8042/v1/chat/completions "HTTP/1.1 200 OK"
QA Reading:  14%|█▍        | 140/1000 [00:07<01:08, 12.57it/s]INFO:httpx:HTTP Request: POST http://localhost:8042/v1/chat/completions "HTTP/1.1 200 OK"
INFO:httpx:HTTP Request: POST http://localhost:8042/v1/chat/completions "HTTP/1.1 200 OK"
QA Reading:  14%|█▍        | 144/1000 [00:08<01:19, 10.75it/s]INFO:httpx:HTTP Request: POST http://localhost:8042/v1/chat/completions "HTTP/1.1 200 OK"
INFO:httpx:HTTP Request: POST http://localhost:8042/v1/chat/completions "HTTP/1.1 200 OK"
INFO:httpx:HTTP Request: POST http://localhost:8042/v1/chat/completions "HTTP/1.1 200 OK"
QA Reading:  15%|█▍        | 147/1000 [00:10<01:44,  8.19it/s]INFO:httpx:HTTP Request: POST http://localhost:8042/v1/chat/completions "HTTP/1.1 200 OK"
QA Reading:  15%|█▍        | 149/1000 [00:10<01:51,  7.64it/s]INFO:httpx:HTTP Request: POST http://localhost:8042/v1/chat/completions "HTTP/1.1 200 OK"
QA Reading:  15%|█▌        | 151/1000 [00:10<01:56,  7.31it/s]INFO:httpx:HTTP Request: POST http://localhost:8042/v1/chat/completions "HTTP/1.1 200 OK"
INFO:httpx:HTTP Request: POST http://localhost:8042/v1/chat/completions "HTTP/1.1 200 OK"
QA Reading:  15%|█▌        | 153/1000 [00:12<02:41,  5.25it/s]INFO:httpx:HTTP Request: POST http://localhost:8042/v1/chat/completions "HTTP/1.1 200 OK"
QA Reading:  15%|█▌        | 154/1000 [00:12<03:02,  4.63it/s]INFO:httpx:HTTP Request: POST http://localhost:8042/v1/chat/completions "HTTP/1.1 200 OK"
QA Reading:  16%|█▌        | 156/1000 [00:13<03:14,  4.34it/s]INFO:httpx:HTTP Request: POST http://localhost:8042/v1/chat/completions "HTTP/1.1 200 OK"
QA Reading:  16%|█▌        | 159/1000 [00:13<02:54,  4.82it/s]INFO:httpx:HTTP Request: POST http://localhost:8042/v1/chat/completions "HTTP/1.1 200 OK"
QA Reading:  16%|█▌        | 161/1000 [00:14<02:53,  4.84it/s]INFO:httpx:HTTP Request: POST http://localhost:8042/v1/chat/completions "HTTP/1.1 200 OK"
QA Reading:  17%|█▋        | 167/1000 [00:14<01:50,  7.52it/s]INFO:httpx:HTTP Request: POST http://localhost:8042/v1/chat/completions "HTTP/1.1 200 OK"
QA Reading:  17%|█▋        | 168/1000 [00:14<02:18,  5.99it/s]INFO:httpx:HTTP Request: POST http://localhost:8042/v1/chat/completions "HTTP/1.1 200 OK"
QA Reading:  17%|█▋        | 169/1000 [00:15<02:34,  5.38it/s]INFO:httpx:HTTP Request: POST http://localhost:8042/v1/chat/completions "HTTP/1.1 200 OK"
QA Reading:  17%|█▋        | 170/1000 [00:15<03:02,  4.54it/s]INFO:httpx:HTTP Request: POST http://localhost:8042/v1/chat/completions "HTTP/1.1 200 OK"
QA Reading:  17%|█▋        | 173/1000 [00:15<02:27,  5.59it/s]INFO:httpx:HTTP Request: POST http://localhost:8042/v1/chat/completions "HTTP/1.1 200 OK"
QA Reading:  18%|█▊        | 175/1000 [00:16<02:30,  5.50it/s]INFO:httpx:HTTP Request: POST http://localhost:8042/v1/chat/completions "HTTP/1.1 200 OK"
QA Reading:  18%|█▊        | 176/1000 [00:16<03:05,  4.44it/s]INFO:httpx:HTTP Request: POST http://localhost:8042/v1/chat/completions "HTTP/1.1 200 OK"
QA Reading:  18%|█▊        | 179/1000 [00:17<02:40,  5.12it/s]INFO:httpx:HTTP Request: POST http://localhost:8042/v1/chat/completions "HTTP/1.1 200 OK"
QA Reading:  18%|█▊        | 180/1000 [00:17<03:14,  4.21it/s]INFO:httpx:HTTP Request: POST http://localhost:8042/v1/chat/completions "HTTP/1.1 200 OK"
QA Reading:  18%|█▊        | 181/1000 [00:18<03:44,  3.64it/s]INFO:httpx:HTTP Request: POST http://localhost:8042/v1/chat/completions "HTTP/1.1 200 OK"
QA Reading:  18%|█▊        | 185/1000 [00:18<02:55,  4.63it/s]INFO:httpx:HTTP Request: POST http://localhost:8042/v1/chat/completions "HTTP/1.1 200 OK"
QA Reading:  19%|█▊        | 186/1000 [00:19<03:23,  4.00it/s]INFO:httpx:HTTP Request: POST http://localhost:8042/v1/chat/completions "HTTP/1.1 200 OK"
QA Reading:  19%|█▊        | 187/1000 [00:19<03:35,  3.77it/s]INFO:httpx:HTTP Request: POST http://localhost:8042/v1/chat/completions "HTTP/1.1 200 OK"
QA Reading:  19%|█▉        | 188/1000 [00:19<04:01,  3.36it/s]INFO:httpx:HTTP Request: POST http://localhost:8042/v1/chat/completions "HTTP/1.1 200 OK"
QA Reading:  19%|█▉        | 190/1000 [00:20<03:28,  3.88it/s]INFO:httpx:HTTP Request: POST http://localhost:8042/v1/chat/completions "HTTP/1.1 200 OK"
QA Reading:  19%|█▉        | 191/1000 [00:20<03:57,  3.40it/s]INFO:httpx:HTTP Request: POST http://localhost:8042/v1/chat/completions "HTTP/1.1 200 OK"
QA Reading:  19%|█▉        | 192/1000 [00:21<04:40,  2.89it/s]INFO:httpx:HTTP Request: POST http://localhost:8042/v1/chat/completions "HTTP/1.1 200 OK"
QA Reading:  19%|█▉        | 194/1000 [00:21<03:53,  3.45it/s]INFO:httpx:HTTP Request: POST http://localhost:8042/v1/chat/completions "HTTP/1.1 200 OK"
QA Reading:  20%|█▉        | 195/1000 [00:22<04:46,  2.81it/s]INFO:httpx:HTTP Request: POST http://localhost:8042/v1/chat/completions "HTTP/1.1 200 OK"
QA Reading:  20%|█▉        | 197/1000 [00:22<03:35,  3.72it/s]INFO:httpx:HTTP Request: POST http://localhost:8042/v1/chat/completions "HTTP/1.1 200 OK"
QA Reading:  20%|█▉        | 198/1000 [00:22<04:00,  3.33it/s]INFO:httpx:HTTP Request: POST http://localhost:8042/v1/chat/completions "HTTP/1.1 200 OK"
QA Reading:  20%|█▉        | 199/1000 [00:23<05:08,  2.60it/s]INFO:httpx:HTTP Request: POST http://localhost:8042/v1/chat/completions "HTTP/1.1 200 OK"
QA Reading:  20%|██        | 200/1000 [00:23<05:13,  2.55it/s]INFO:httpx:HTTP Request: POST http://localhost:8042/v1/chat/completions "HTTP/1.1 200 OK"
QA Reading:  20%|██        | 201/1000 [00:24<05:23,  2.47it/s]INFO:httpx:HTTP Request: POST http://localhost:8042/v1/chat/completions "HTTP/1.1 200 OK"
QA Reading:  20%|██        | 202/1000 [00:24<05:09,  2.58it/s]INFO:httpx:HTTP Request: POST http://localhost:8042/v1/chat/completions "HTTP/1.1 200 OK"
QA Reading:  20%|██        | 205/1000 [00:25<03:23,  3.91it/s]INFO:httpx:HTTP Request: POST http://localhost:8042/v1/chat/completions "HTTP/1.1 200 OK"
QA Reading:  21%|██        | 206/1000 [00:25<03:43,  3.55it/s]INFO:httpx:HTTP Request: POST http://localhost:8042/v1/chat/completions "HTTP/1.1 200 OK"
QA Reading:  21%|██        | 207/1000 [00:26<04:37,  2.86it/s]INFO:httpx:HTTP Request: POST http://localhost:8042/v1/chat/completions "HTTP/1.1 200 OK"
QA Reading:  21%|██        | 208/1000 [00:26<04:56,  2.67it/s]INFO:httpx:HTTP Request: POST http://localhost:8042/v1/chat/completions "HTTP/1.1 200 OK"
QA Reading:  21%|██        | 209/1000 [00:27<05:19,  2.48it/s]INFO:httpx:HTTP Request: POST http://localhost:8042/v1/chat/completions "HTTP/1.1 200 OK"
QA Reading:  21%|██        | 210/1000 [00:27<05:00,  2.63it/s]INFO:httpx:HTTP Request: POST http://localhost:8042/v1/chat/completions "HTTP/1.1 200 OK"
QA Reading:  21%|██        | 211/1000 [00:27<04:40,  2.81it/s]INFO:httpx:HTTP Request: POST http://localhost:8042/v1/chat/completions "HTTP/1.1 200 OK"
QA Reading:  21%|██▏       | 214/1000 [00:28<03:13,  4.07it/s]INFO:httpx:HTTP Request: POST http://localhost:8042/v1/chat/completions "HTTP/1.1 200 OK"
QA Reading:  22%|██▏       | 218/1000 [00:28<02:10,  6.01it/s]INFO:httpx:HTTP Request: POST http://localhost:8042/v1/chat/completions "HTTP/1.1 200 OK"
QA Reading:  22%|██▏       | 220/1000 [00:28<02:18,  5.65it/s]INFO:httpx:HTTP Request: POST http://localhost:8042/v1/chat/completions "HTTP/1.1 200 OK"
QA Reading:  22%|██▏       | 221/1000 [00:29<02:36,  4.98it/s]INFO:httpx:HTTP Request: POST http://localhost:8042/v1/chat/completions "HTTP/1.1 200 OK"
QA Reading:  22%|██▏       | 222/1000 [00:29<03:09,  4.10it/s]INFO:httpx:HTTP Request: POST http://localhost:8042/v1/chat/completions "HTTP/1.1 200 OK"
QA Reading:  22%|██▏       | 223/1000 [00:30<03:46,  3.43it/s]INFO:httpx:HTTP Request: POST http://localhost:8042/v1/chat/completions "HTTP/1.1 200 OK"
QA Reading:  23%|██▎       | 226/1000 [00:30<02:59,  4.32it/s]INFO:httpx:HTTP Request: POST http://localhost:8042/v1/chat/completions "HTTP/1.1 200 OK"
QA Reading:  23%|██▎       | 227/1000 [00:31<03:31,  3.65it/s]INFO:httpx:HTTP Request: POST http://localhost:8042/v1/chat/completions "HTTP/1.1 200 OK"
QA Reading:  23%|██▎       | 228/1000 [00:32<05:26,  2.36it/s]INFO:httpx:HTTP Request: POST http://localhost:8042/v1/chat/completions "HTTP/1.1 200 OK"
QA Reading:  23%|██▎       | 229/1000 [00:33<06:51,  1.87it/s]INFO:httpx:HTTP Request: POST http://localhost:8042/v1/chat/completions "HTTP/1.1 200 OK"
QA Reading:  23%|██▎       | 230/1000 [00:33<06:16,  2.05it/s]INFO:httpx:HTTP Request: POST http://localhost:8042/v1/chat/completions "HTTP/1.1 200 OK"
QA Reading:  23%|██▎       | 231/1000 [00:33<05:48,  2.21it/s]INFO:httpx:HTTP Request: POST http://localhost:8042/v1/chat/completions "HTTP/1.1 200 OK"
QA Reading:  23%|██▎       | 232/1000 [00:34<05:38,  2.27it/s]INFO:httpx:HTTP Request: POST http://localhost:8042/v1/chat/completions "HTTP/1.1 200 OK"
QA Reading:  24%|██▎       | 237/1000 [00:34<02:28,  5.15it/s]INFO:httpx:HTTP Request: POST http://localhost:8042/v1/chat/completions "HTTP/1.1 200 OK"
QA Reading:  24%|██▍       | 238/1000 [00:34<02:58,  4.27it/s]INFO:httpx:HTTP Request: POST http://localhost:8042/v1/chat/completions "HTTP/1.1 200 OK"
QA Reading:  24%|██▍       | 240/1000 [00:35<02:44,  4.62it/s]INFO:httpx:HTTP Request: POST http://localhost:8042/v1/chat/completions "HTTP/1.1 200 OK"
QA Reading:  24%|██▍       | 241/1000 [00:35<03:18,  3.82it/s]INFO:httpx:HTTP Request: POST http://localhost:8042/v1/chat/completions "HTTP/1.1 200 OK"
QA Reading:  24%|██▍       | 242/1000 [00:36<03:37,  3.48it/s]INFO:httpx:HTTP Request: POST http://localhost:8042/v1/chat/completions "HTTP/1.1 200 OK"
QA Reading:  24%|██▍       | 243/1000 [00:36<04:18,  2.93it/s]INFO:httpx:HTTP Request: POST http://localhost:8042/v1/chat/completions "HTTP/1.1 200 OK"
QA Reading:  25%|██▍       | 246/1000 [00:37<03:10,  3.95it/s]INFO:httpx:HTTP Request: POST http://localhost:8042/v1/chat/completions "HTTP/1.1 200 OK"
QA Reading:  25%|██▍       | 249/1000 [00:37<02:30,  4.99it/s]INFO:httpx:HTTP Request: POST http://localhost:8042/v1/chat/completions "HTTP/1.1 200 OK"
QA Reading:  25%|██▌       | 252/1000 [00:37<02:12,  5.63it/s]INFO:httpx:HTTP Request: POST http://localhost:8042/v1/chat/completions "HTTP/1.1 200 OK"
QA Reading:  25%|██▌       | 254/1000 [00:38<02:15,  5.51it/s]INFO:httpx:HTTP Request: POST http://localhost:8042/v1/chat/completions "HTTP/1.1 200 OK"
QA Reading:  26%|██▌       | 255/1000 [00:38<02:38,  4.71it/s]INFO:httpx:HTTP Request: POST http://localhost:8042/v1/chat/completions "HTTP/1.1 200 OK"
QA Reading:  26%|██▌       | 257/1000 [00:39<03:06,  3.98it/s]INFO:httpx:HTTP Request: POST http://localhost:8042/v1/chat/completions "HTTP/1.1 200 OK"
QA Reading:  26%|██▌       | 258/1000 [00:39<03:19,  3.71it/s]INFO:httpx:HTTP Request: POST http://localhost:8042/v1/chat/completions "HTTP/1.1 200 OK"
QA Reading:  26%|██▌       | 259/1000 [00:40<03:45,  3.28it/s]INFO:httpx:HTTP Request: POST http://localhost:8042/v1/chat/completions "HTTP/1.1 200 OK"
QA Reading:  26%|██▌       | 260/1000 [00:40<04:10,  2.96it/s]INFO:httpx:HTTP Request: POST http://localhost:8042/v1/chat/completions "HTTP/1.1 200 OK"
QA Reading:  26%|██▌       | 261/1000 [00:40<04:04,  3.03it/s]INFO:httpx:HTTP Request: POST http://localhost:8042/v1/chat/completions "HTTP/1.1 200 OK"
QA Reading:  26%|██▋       | 264/1000 [00:41<02:49,  4.34it/s]INFO:httpx:HTTP Request: POST http://localhost:8042/v1/chat/completions "HTTP/1.1 200 OK"
QA Reading:  26%|██▋       | 265/1000 [00:41<03:19,  3.68it/s]INFO:httpx:HTTP Request: POST http://localhost:8042/v1/chat/completions "HTTP/1.1 200 OK"
QA Reading:  27%|██▋       | 268/1000 [00:42<02:34,  4.73it/s]INFO:httpx:HTTP Request: POST http://localhost:8042/v1/chat/completions "HTTP/1.1 200 OK"
QA Reading:  27%|██▋       | 271/1000 [00:42<02:12,  5.51it/s]INFO:httpx:HTTP Request: POST http://localhost:8042/v1/chat/completions "HTTP/1.1 200 OK"
QA Reading:  27%|██▋       | 274/1000 [00:43<02:13,  5.44it/s]INFO:httpx:HTTP Request: POST http://localhost:8042/v1/chat/completions "HTTP/1.1 200 OK"
QA Reading:  28%|██▊       | 277/1000 [00:43<02:02,  5.90it/s]INFO:httpx:HTTP Request: POST http://localhost:8042/v1/chat/completions "HTTP/1.1 200 OK"
QA Reading:  28%|██▊       | 278/1000 [00:44<02:34,  4.66it/s]INFO:httpx:HTTP Request: POST http://localhost:8042/v1/chat/completions "HTTP/1.1 200 OK"
QA Reading:  28%|██▊       | 279/1000 [00:44<02:34,  4.68it/s]INFO:httpx:HTTP Request: POST http://localhost:8042/v1/chat/completions "HTTP/1.1 200 OK"
QA Reading:  28%|██▊       | 280/1000 [00:44<03:08,  3.82it/s]INFO:httpx:HTTP Request: POST http://localhost:8042/v1/chat/completions "HTTP/1.1 200 OK"
QA Reading:  28%|██▊       | 281/1000 [00:45<03:49,  3.13it/s]INFO:httpx:HTTP Request: POST http://localhost:8042/v1/chat/completions "HTTP/1.1 200 OK"
QA Reading:  28%|██▊       | 283/1000 [00:45<03:13,  3.71it/s]INFO:httpx:HTTP Request: POST http://localhost:8042/v1/chat/completions "HTTP/1.1 200 OK"
QA Reading:  28%|██▊       | 285/1000 [00:45<02:37,  4.54it/s]INFO:httpx:HTTP Request: POST http://localhost:8042/v1/chat/completions "HTTP/1.1 200 OK"
QA Reading:  29%|██▊       | 287/1000 [00:46<02:52,  4.13it/s]INFO:httpx:HTTP Request: POST http://localhost:8042/v1/chat/completions "HTTP/1.1 200 OK"
QA Reading:  29%|██▉       | 289/1000 [00:46<02:31,  4.69it/s]INFO:httpx:HTTP Request: POST http://localhost:8042/v1/chat/completions "HTTP/1.1 200 OK"
QA Reading:  29%|██▉       | 290/1000 [00:47<03:12,  3.70it/s]INFO:httpx:HTTP Request: POST http://localhost:8042/v1/chat/completions "HTTP/1.1 200 OK"
QA Reading:  29%|██▉       | 292/1000 [00:47<02:55,  4.03it/s]INFO:httpx:HTTP Request: POST http://localhost:8042/v1/chat/completions "HTTP/1.1 200 OK"
QA Reading:  29%|██▉       | 293/1000 [00:48<03:07,  3.76it/s]INFO:httpx:HTTP Request: POST http://localhost:8042/v1/chat/completions "HTTP/1.1 200 OK"
QA Reading:  30%|██▉       | 296/1000 [00:48<02:24,  4.87it/s]INFO:httpx:HTTP Request: POST http://localhost:8042/v1/chat/completions "HTTP/1.1 200 OK"
QA Reading:  30%|██▉       | 298/1000 [00:48<02:19,  5.02it/s]INFO:httpx:HTTP Request: POST http://localhost:8042/v1/chat/completions "HTTP/1.1 200 OK"
QA Reading:  30%|██▉       | 299/1000 [00:49<02:44,  4.26it/s]INFO:httpx:HTTP Request: POST http://localhost:8042/v1/chat/completions "HTTP/1.1 200 OK"
QA Reading:  30%|███       | 301/1000 [00:49<02:58,  3.91it/s]INFO:httpx:HTTP Request: POST http://localhost:8042/v1/chat/completions "HTTP/1.1 200 OK"
QA Reading:  30%|███       | 302/1000 [00:50<03:33,  3.26it/s]INFO:httpx:HTTP Request: POST http://localhost:8042/v1/chat/completions "HTTP/1.1 200 OK"
QA Reading:  30%|███       | 303/1000 [00:50<03:40,  3.17it/s]INFO:httpx:HTTP Request: POST http://localhost:8042/v1/chat/completions "HTTP/1.1 200 OK"
QA Reading:  30%|███       | 304/1000 [00:51<03:47,  3.06it/s]INFO:httpx:HTTP Request: POST http://localhost:8042/v1/chat/completions "HTTP/1.1 200 OK"
QA Reading:  31%|███       | 306/1000 [00:51<03:06,  3.73it/s]INFO:httpx:HTTP Request: POST http://localhost:8042/v1/chat/completions "HTTP/1.1 200 OK"
QA Reading:  31%|███       | 308/1000 [00:51<02:47,  4.13it/s]INFO:httpx:HTTP Request: POST http://localhost:8042/v1/chat/completions "HTTP/1.1 200 OK"
QA Reading:  31%|███       | 309/1000 [00:52<03:03,  3.77it/s]INFO:httpx:HTTP Request: POST http://localhost:8042/v1/chat/completions "HTTP/1.1 200 OK"
QA Reading:  31%|███       | 310/1000 [00:52<03:49,  3.01it/s]INFO:httpx:HTTP Request: POST http://localhost:8042/v1/chat/completions "HTTP/1.1 200 OK"
QA Reading:  32%|███▏      | 317/1000 [00:53<01:34,  7.21it/s]INFO:httpx:HTTP Request: POST http://localhost:8042/v1/chat/completions "HTTP/1.1 200 OK"
QA Reading:  32%|███▏      | 318/1000 [00:53<01:57,  5.80it/s]INFO:httpx:HTTP Request: POST http://localhost:8042/v1/chat/completions "HTTP/1.1 200 OK"
QA Reading:  32%|███▏      | 319/1000 [00:53<02:20,  4.84it/s]INFO:httpx:HTTP Request: POST http://localhost:8042/v1/chat/completions "HTTP/1.1 200 OK"
QA Reading:  32%|███▏      | 320/1000 [00:54<02:25,  4.66it/s]INFO:httpx:HTTP Request: POST http://localhost:8042/v1/chat/completions "HTTP/1.1 200 OK"
QA Reading:  32%|███▏      | 321/1000 [00:54<02:50,  3.97it/s]INFO:httpx:HTTP Request: POST http://localhost:8042/v1/chat/completions "HTTP/1.1 200 OK"
QA Reading:  32%|███▏      | 324/1000 [00:54<02:12,  5.10it/s]INFO:httpx:HTTP Request: POST http://localhost:8042/v1/chat/completions "HTTP/1.1 200 OK"
QA Reading:  33%|███▎      | 326/1000 [00:55<02:04,  5.41it/s]INFO:httpx:HTTP Request: POST http://localhost:8042/v1/chat/completions "HTTP/1.1 200 OK"
QA Reading:  33%|███▎      | 328/1000 [00:55<01:58,  5.69it/s]INFO:httpx:HTTP Request: POST http://localhost:8042/v1/chat/completions "HTTP/1.1 200 OK"
QA Reading:  33%|███▎      | 329/1000 [00:56<02:40,  4.18it/s]INFO:httpx:HTTP Request: POST http://localhost:8042/v1/chat/completions "HTTP/1.1 200 OK"
QA Reading:  33%|███▎      | 331/1000 [00:56<02:36,  4.28it/s]INFO:httpx:HTTP Request: POST http://localhost:8042/v1/chat/completions "HTTP/1.1 200 OK"
QA Reading:  33%|███▎      | 332/1000 [00:56<02:51,  3.88it/s]INFO:httpx:HTTP Request: POST http://localhost:8042/v1/chat/completions "HTTP/1.1 200 OK"
QA Reading:  33%|███▎      | 333/1000 [00:57<03:10,  3.50it/s]INFO:httpx:HTTP Request: POST http://localhost:8042/v1/chat/completions "HTTP/1.1 200 OK"
QA Reading:  34%|███▎      | 336/1000 [00:57<02:17,  4.83it/s]INFO:httpx:HTTP Request: POST http://localhost:8042/v1/chat/completions "HTTP/1.1 200 OK"
QA Reading:  34%|███▎      | 337/1000 [00:58<02:56,  3.76it/s]INFO:httpx:HTTP Request: POST http://localhost:8042/v1/chat/completions "HTTP/1.1 200 OK"
QA Reading:  34%|███▍      | 339/1000 [00:58<02:36,  4.22it/s]INFO:httpx:HTTP Request: POST http://localhost:8042/v1/chat/completions "HTTP/1.1 200 OK"
QA Reading:  34%|███▍      | 343/1000 [00:58<01:44,  6.29it/s]INFO:httpx:HTTP Request: POST http://localhost:8042/v1/chat/completions "HTTP/1.1 200 OK"
QA Reading:  35%|███▍      | 346/1000 [00:59<01:49,  5.96it/s]INFO:httpx:HTTP Request: POST http://localhost:8042/v1/chat/completions "HTTP/1.1 200 OK"
QA Reading:  35%|███▍      | 349/1000 [00:59<01:36,  6.72it/s]INFO:httpx:HTTP Request: POST http://localhost:8042/v1/chat/completions "HTTP/1.1 200 OK"
QA Reading:  35%|███▌      | 350/1000 [01:00<02:00,  5.40it/s]INFO:httpx:HTTP Request: POST http://localhost:8042/v1/chat/completions "HTTP/1.1 200 OK"
QA Reading:  35%|███▌      | 354/1000 [01:00<01:36,  6.68it/s]INFO:httpx:HTTP Request: POST http://localhost:8042/v1/chat/completions "HTTP/1.1 200 OK"
QA Reading:  36%|███▌      | 355/1000 [01:01<02:07,  5.06it/s]INFO:httpx:HTTP Request: POST http://localhost:8042/v1/chat/completions "HTTP/1.1 200 OK"
QA Reading:  36%|███▌      | 356/1000 [01:01<02:42,  3.96it/s]INFO:httpx:HTTP Request: POST http://localhost:8042/v1/chat/completions "HTTP/1.1 200 OK"
QA Reading:  36%|███▌      | 357/1000 [01:02<02:55,  3.66it/s]INFO:httpx:HTTP Request: POST http://localhost:8042/v1/chat/completions "HTTP/1.1 200 OK"
QA Reading:  36%|███▌      | 358/1000 [01:02<03:13,  3.31it/s]INFO:httpx:HTTP Request: POST http://localhost:8042/v1/chat/completions "HTTP/1.1 200 OK"
QA Reading:  36%|███▌      | 359/1000 [01:02<03:21,  3.18it/s]INFO:httpx:HTTP Request: POST http://localhost:8042/v1/chat/completions "HTTP/1.1 200 OK"
QA Reading:  36%|███▌      | 360/1000 [01:03<03:31,  3.03it/s]INFO:httpx:HTTP Request: POST http://localhost:8042/v1/chat/completions "HTTP/1.1 200 OK"
QA Reading:  36%|███▋      | 363/1000 [01:03<02:23,  4.45it/s]INFO:httpx:HTTP Request: POST http://localhost:8042/v1/chat/completions "HTTP/1.1 200 OK"
QA Reading:  36%|███▋      | 365/1000 [01:03<02:11,  4.83it/s]INFO:httpx:HTTP Request: POST http://localhost:8042/v1/chat/completions "HTTP/1.1 200 OK"
QA Reading:  37%|███▋      | 367/1000 [01:04<02:01,  5.21it/s]INFO:httpx:HTTP Request: POST http://localhost:8042/v1/chat/completions "HTTP/1.1 200 OK"
QA Reading:  37%|███▋      | 370/1000 [01:04<01:47,  5.85it/s]INFO:httpx:HTTP Request: POST http://localhost:8042/v1/chat/completions "HTTP/1.1 200 OK"
QA Reading:  37%|███▋      | 371/1000 [01:04<02:08,  4.90it/s]INFO:httpx:HTTP Request: POST http://localhost:8042/v1/chat/completions "HTTP/1.1 200 OK"
QA Reading:  37%|███▋      | 372/1000 [01:05<02:14,  4.66it/s]INFO:httpx:HTTP Request: POST http://localhost:8042/v1/chat/completions "HTTP/1.1 200 OK"
QA Reading:  37%|███▋      | 373/1000 [01:05<02:48,  3.71it/s]INFO:httpx:HTTP Request: POST http://localhost:8042/v1/chat/completions "HTTP/1.1 200 OK"
QA Reading:  37%|███▋      | 374/1000 [01:06<03:24,  3.07it/s]INFO:httpx:HTTP Request: POST http://localhost:8042/v1/chat/completions "HTTP/1.1 200 OK"
QA Reading:  38%|███▊      | 377/1000 [01:06<02:27,  4.23it/s]INFO:httpx:HTTP Request: POST http://localhost:8042/v1/chat/completions "HTTP/1.1 200 OK"
QA Reading:  38%|███▊      | 378/1000 [01:06<02:37,  3.95it/s]INFO:httpx:HTTP Request: POST http://localhost:8042/v1/chat/completions "HTTP/1.1 200 OK"
QA Reading:  38%|███▊      | 379/1000 [01:07<02:47,  3.70it/s]INFO:httpx:HTTP Request: POST http://localhost:8042/v1/chat/completions "HTTP/1.1 200 OK"
QA Reading:  38%|███▊      | 380/1000 [01:07<03:18,  3.13it/s]INFO:httpx:HTTP Request: POST http://localhost:8042/v1/chat/completions "HTTP/1.1 200 OK"
QA Reading:  38%|███▊      | 381/1000 [01:08<03:16,  3.15it/s]INFO:httpx:HTTP Request: POST http://localhost:8042/v1/chat/completions "HTTP/1.1 200 OK"
QA Reading:  38%|███▊      | 384/1000 [01:08<02:08,  4.78it/s]INFO:httpx:HTTP Request: POST http://localhost:8042/v1/chat/completions "HTTP/1.1 200 OK"
QA Reading:  39%|███▊      | 386/1000 [01:08<02:01,  5.05it/s]INFO:httpx:HTTP Request: POST http://localhost:8042/v1/chat/completions "HTTP/1.1 200 OK"
QA Reading:  39%|███▉      | 388/1000 [01:09<02:08,  4.78it/s]INFO:httpx:HTTP Request: POST http://localhost:8042/v1/chat/completions "HTTP/1.1 200 OK"
QA Reading:  39%|███▉      | 389/1000 [01:09<02:32,  4.00it/s]INFO:httpx:HTTP Request: POST http://localhost:8042/v1/chat/completions "HTTP/1.1 200 OK"
QA Reading:  39%|███▉      | 392/1000 [01:10<02:10,  4.67it/s]INFO:httpx:HTTP Request: POST http://localhost:8042/v1/chat/completions "HTTP/1.1 200 OK"
QA Reading:  39%|███▉      | 393/1000 [01:10<02:24,  4.19it/s]INFO:httpx:HTTP Request: POST http://localhost:8042/v1/chat/completions "HTTP/1.1 200 OK"
QA Reading:  39%|███▉      | 394/1000 [01:10<02:25,  4.18it/s]INFO:httpx:HTTP Request: POST http://localhost:8042/v1/chat/completions "HTTP/1.1 200 OK"
QA Reading:  40%|███▉      | 396/1000 [01:11<02:41,  3.74it/s]INFO:httpx:HTTP Request: POST http://localhost:8042/v1/chat/completions "HTTP/1.1 200 OK"
QA Reading:  40%|███▉      | 397/1000 [01:11<03:04,  3.26it/s]INFO:httpx:HTTP Request: POST http://localhost:8042/v1/chat/completions "HTTP/1.1 200 OK"
QA Reading:  40%|███▉      | 398/1000 [01:12<03:42,  2.71it/s]INFO:httpx:HTTP Request: POST http://localhost:8042/v1/chat/completions "HTTP/1.1 200 OK"
QA Reading:  40%|███▉      | 399/1000 [01:13<04:18,  2.32it/s]INFO:httpx:HTTP Request: POST http://localhost:8042/v1/chat/completions "HTTP/1.1 200 OK"
QA Reading:  40%|████      | 401/1000 [01:13<03:08,  3.17it/s]INFO:httpx:HTTP Request: POST http://localhost:8042/v1/chat/completions "HTTP/1.1 200 OK"
QA Reading:  40%|████      | 402/1000 [01:13<02:59,  3.34it/s]INFO:httpx:HTTP Request: POST http://localhost:8042/v1/chat/completions "HTTP/1.1 200 OK"
QA Reading:  40%|████      | 403/1000 [01:14<03:13,  3.09it/s]INFO:httpx:HTTP Request: POST http://localhost:8042/v1/chat/completions "HTTP/1.1 200 OK"
QA Reading:  40%|████      | 404/1000 [01:14<03:25,  2.91it/s]INFO:httpx:HTTP Request: POST http://localhost:8042/v1/chat/completions "HTTP/1.1 200 OK"
QA Reading:  40%|████      | 405/1000 [01:14<03:33,  2.79it/s]INFO:httpx:HTTP Request: POST http://localhost:8042/v1/chat/completions "HTTP/1.1 200 OK"
QA Reading:  41%|████      | 406/1000 [01:15<04:19,  2.29it/s]INFO:httpx:HTTP Request: POST http://localhost:8042/v1/chat/completions "HTTP/1.1 200 OK"
QA Reading:  41%|████      | 410/1000 [01:15<02:08,  4.58it/s]INFO:httpx:HTTP Request: POST http://localhost:8042/v1/chat/completions "HTTP/1.1 200 OK"
QA Reading:  41%|████      | 411/1000 [01:16<02:38,  3.71it/s]INFO:httpx:HTTP Request: POST http://localhost:8042/v1/chat/completions "HTTP/1.1 200 OK"
QA Reading:  41%|████▏     | 414/1000 [01:16<01:59,  4.88it/s]INFO:httpx:HTTP Request: POST http://localhost:8042/v1/chat/completions "HTTP/1.1 200 OK"
QA Reading:  42%|████▏     | 415/1000 [01:17<02:40,  3.64it/s]INFO:httpx:HTTP Request: POST http://localhost:8042/v1/chat/completions "HTTP/1.1 200 OK"
QA Reading:  42%|████▏     | 416/1000 [01:17<02:49,  3.44it/s]INFO:httpx:HTTP Request: POST http://localhost:8042/v1/chat/completions "HTTP/1.1 200 OK"
QA Reading:  42%|████▏     | 417/1000 [01:18<03:32,  2.74it/s]INFO:httpx:HTTP Request: POST http://localhost:8042/v1/chat/completions "HTTP/1.1 200 OK"
QA Reading:  42%|████▏     | 418/1000 [01:18<03:43,  2.60it/s]INFO:httpx:HTTP Request: POST http://localhost:8042/v1/chat/completions "HTTP/1.1 200 OK"
QA Reading:  42%|████▏     | 419/1000 [01:19<04:00,  2.42it/s]INFO:httpx:HTTP Request: POST http://localhost:8042/v1/chat/completions "HTTP/1.1 200 OK"
QA Reading:  42%|████▏     | 421/1000 [01:19<03:12,  3.01it/s]INFO:httpx:HTTP Request: POST http://localhost:8042/v1/chat/completions "HTTP/1.1 200 OK"
QA Reading:  42%|████▏     | 423/1000 [01:20<02:41,  3.56it/s]INFO:httpx:HTTP Request: POST http://localhost:8042/v1/chat/completions "HTTP/1.1 200 OK"
QA Reading:  42%|████▏     | 424/1000 [01:20<02:48,  3.41it/s]INFO:httpx:HTTP Request: POST http://localhost:8042/v1/chat/completions "HTTP/1.1 200 OK"
QA Reading:  42%|████▎     | 425/1000 [01:20<03:00,  3.19it/s]INFO:httpx:HTTP Request: POST http://localhost:8042/v1/chat/completions "HTTP/1.1 200 OK"
QA Reading:  43%|████▎     | 426/1000 [01:21<03:05,  3.10it/s]INFO:httpx:HTTP Request: POST http://localhost:8042/v1/chat/completions "HTTP/1.1 200 OK"
QA Reading:  43%|████▎     | 427/1000 [01:21<03:23,  2.82it/s]INFO:httpx:HTTP Request: POST http://localhost:8042/v1/chat/completions "HTTP/1.1 200 OK"
QA Reading:  43%|████▎     | 428/1000 [01:21<03:13,  2.96it/s]INFO:httpx:HTTP Request: POST http://localhost:8042/v1/chat/completions "HTTP/1.1 200 OK"
QA Reading:  43%|████▎     | 430/1000 [01:22<02:28,  3.84it/s]INFO:httpx:HTTP Request: POST http://localhost:8042/v1/chat/completions "HTTP/1.1 200 OK"
QA Reading:  43%|████▎     | 431/1000 [01:22<02:47,  3.40it/s]INFO:httpx:HTTP Request: POST http://localhost:8042/v1/chat/completions "HTTP/1.1 200 OK"
QA Reading:  43%|████▎     | 432/1000 [01:23<03:07,  3.02it/s]INFO:httpx:HTTP Request: POST http://localhost:8042/v1/chat/completions "HTTP/1.1 200 OK"
QA Reading:  43%|████▎     | 433/1000 [01:23<03:43,  2.53it/s]INFO:httpx:HTTP Request: POST http://localhost:8042/v1/chat/completions "HTTP/1.1 200 OK"
QA Reading:  43%|████▎     | 434/1000 [01:24<03:52,  2.43it/s]INFO:httpx:HTTP Request: POST http://localhost:8042/v1/chat/completions "HTTP/1.1 200 OK"
QA Reading:  44%|████▎     | 435/1000 [01:24<04:19,  2.18it/s]INFO:httpx:HTTP Request: POST http://localhost:8042/v1/chat/completions "HTTP/1.1 200 OK"
QA Reading:  44%|████▎     | 437/1000 [01:25<03:18,  2.84it/s]INFO:httpx:HTTP Request: POST http://localhost:8042/v1/chat/completions "HTTP/1.1 200 OK"
QA Reading:  44%|████▍     | 438/1000 [01:25<03:35,  2.61it/s]INFO:httpx:HTTP Request: POST http://localhost:8042/v1/chat/completions "HTTP/1.1 200 OK"
QA Reading:  44%|████▍     | 441/1000 [01:25<02:15,  4.14it/s]INFO:httpx:HTTP Request: POST http://localhost:8042/v1/chat/completions "HTTP/1.1 200 OK"
QA Reading:  44%|████▍     | 445/1000 [01:26<01:29,  6.22it/s]INFO:httpx:HTTP Request: POST http://localhost:8042/v1/chat/completions "HTTP/1.1 200 OK"
QA Reading:  45%|████▍     | 446/1000 [01:26<02:13,  4.15it/s]INFO:httpx:HTTP Request: POST http://localhost:8042/v1/chat/completions "HTTP/1.1 200 OK"
QA Reading:  45%|████▍     | 449/1000 [01:27<01:53,  4.87it/s]INFO:httpx:HTTP Request: POST http://localhost:8042/v1/chat/completions "HTTP/1.1 200 OK"
QA Reading:  45%|████▌     | 450/1000 [01:27<02:20,  3.91it/s]INFO:httpx:HTTP Request: POST http://localhost:8042/v1/chat/completions "HTTP/1.1 200 OK"
QA Reading:  45%|████▌     | 451/1000 [01:28<02:31,  3.63it/s]INFO:httpx:HTTP Request: POST http://localhost:8042/v1/chat/completions "HTTP/1.1 200 OK"
QA Reading:  45%|████▌     | 452/1000 [01:28<02:35,  3.52it/s]INFO:httpx:HTTP Request: POST http://localhost:8042/v1/chat/completions "HTTP/1.1 200 OK"
QA Reading:  46%|████▌     | 455/1000 [01:28<01:58,  4.61it/s]INFO:httpx:HTTP Request: POST http://localhost:8042/v1/chat/completions "HTTP/1.1 200 OK"
QA Reading:  46%|████▌     | 456/1000 [01:29<02:19,  3.91it/s]INFO:httpx:HTTP Request: POST http://localhost:8042/v1/chat/completions "HTTP/1.1 200 OK"
QA Reading:  46%|████▌     | 457/1000 [01:29<02:26,  3.71it/s]INFO:httpx:HTTP Request: POST http://localhost:8042/v1/chat/completions "HTTP/1.1 200 OK"
QA Reading:  46%|████▌     | 460/1000 [01:30<01:49,  4.93it/s]INFO:httpx:HTTP Request: POST http://localhost:8042/v1/chat/completions "HTTP/1.1 200 OK"
QA Reading:  46%|████▌     | 461/1000 [01:30<02:06,  4.26it/s]INFO:httpx:HTTP Request: POST http://localhost:8042/v1/chat/completions "HTTP/1.1 200 OK"
QA Reading:  46%|████▌     | 462/1000 [01:30<02:22,  3.78it/s]INFO:httpx:HTTP Request: POST http://localhost:8042/v1/chat/completions "HTTP/1.1 200 OK"
QA Reading:  47%|████▋     | 466/1000 [01:31<01:42,  5.19it/s]INFO:httpx:HTTP Request: POST http://localhost:8042/v1/chat/completions "HTTP/1.1 200 OK"
QA Reading:  47%|████▋     | 468/1000 [01:31<01:47,  4.95it/s]INFO:httpx:HTTP Request: POST http://localhost:8042/v1/chat/completions "HTTP/1.1 200 OK"
QA Reading:  47%|████▋     | 470/1000 [01:32<01:51,  4.75it/s]INFO:httpx:HTTP Request: POST http://localhost:8042/v1/chat/completions "HTTP/1.1 200 OK"
QA Reading:  47%|████▋     | 471/1000 [01:32<02:03,  4.30it/s]INFO:httpx:HTTP Request: POST http://localhost:8042/v1/chat/completions "HTTP/1.1 200 OK"
QA Reading:  47%|████▋     | 472/1000 [01:32<02:14,  3.94it/s]INFO:httpx:HTTP Request: POST http://localhost:8042/v1/chat/completions "HTTP/1.1 200 OK"
QA Reading:  47%|████▋     | 473/1000 [01:33<02:44,  3.20it/s]INFO:httpx:HTTP Request: POST http://localhost:8042/v1/chat/completions "HTTP/1.1 200 OK"
QA Reading:  47%|████▋     | 474/1000 [01:33<02:43,  3.22it/s]INFO:httpx:HTTP Request: POST http://localhost:8042/v1/chat/completions "HTTP/1.1 200 OK"
QA Reading:  48%|████▊     | 477/1000 [01:34<01:53,  4.60it/s]INFO:httpx:HTTP Request: POST http://localhost:8042/v1/chat/completions "HTTP/1.1 200 OK"
QA Reading:  48%|████▊     | 478/1000 [01:34<02:12,  3.93it/s]INFO:httpx:HTTP Request: POST http://localhost:8042/v1/chat/completions "HTTP/1.1 200 OK"
QA Reading:  48%|████▊     | 479/1000 [01:35<02:53,  3.01it/s]INFO:httpx:HTTP Request: POST http://localhost:8042/v1/chat/completions "HTTP/1.1 200 OK"
QA Reading:  48%|████▊     | 480/1000 [01:35<03:05,  2.80it/s]INFO:httpx:HTTP Request: POST http://localhost:8042/v1/chat/completions "HTTP/1.1 200 OK"
QA Reading:  48%|████▊     | 481/1000 [01:35<03:02,  2.85it/s]INFO:httpx:HTTP Request: POST http://localhost:8042/v1/chat/completions "HTTP/1.1 200 OK"
QA Reading:  48%|████▊     | 482/1000 [01:36<03:18,  2.61it/s]INFO:httpx:HTTP Request: POST http://localhost:8042/v1/chat/completions "HTTP/1.1 200 OK"
QA Reading:  48%|████▊     | 483/1000 [01:36<03:09,  2.73it/s]INFO:httpx:HTTP Request: POST http://localhost:8042/v1/chat/completions "HTTP/1.1 200 OK"
QA Reading:  48%|████▊     | 485/1000 [01:37<02:33,  3.36it/s]INFO:httpx:HTTP Request: POST http://localhost:8042/v1/chat/completions "HTTP/1.1 200 OK"
QA Reading:  49%|████▉     | 488/1000 [01:37<02:04,  4.10it/s]INFO:httpx:HTTP Request: POST http://localhost:8042/v1/chat/completions "HTTP/1.1 200 OK"
QA Reading:  49%|████▉     | 490/1000 [01:38<01:55,  4.43it/s]INFO:httpx:HTTP Request: POST http://localhost:8042/v1/chat/completions "HTTP/1.1 200 OK"
QA Reading:  49%|████▉     | 491/1000 [01:38<02:27,  3.44it/s]INFO:httpx:HTTP Request: POST http://localhost:8042/v1/chat/completions "HTTP/1.1 200 OK"
QA Reading:  49%|████▉     | 492/1000 [01:39<02:47,  3.04it/s]INFO:httpx:HTTP Request: POST http://localhost:8042/v1/chat/completions "HTTP/1.1 200 OK"
QA Reading:  49%|████▉     | 493/1000 [01:39<02:53,  2.93it/s]INFO:httpx:HTTP Request: POST http://localhost:8042/v1/chat/completions "HTTP/1.1 200 OK"
QA Reading:  49%|████▉     | 494/1000 [01:40<03:11,  2.64it/s]INFO:httpx:HTTP Request: POST http://localhost:8042/v1/chat/completions "HTTP/1.1 200 OK"
QA Reading:  50%|████▉     | 495/1000 [01:40<03:17,  2.56it/s]INFO:httpx:HTTP Request: POST http://localhost:8042/v1/chat/completions "HTTP/1.1 200 OK"
QA Reading:  50%|████▉     | 497/1000 [01:40<02:39,  3.15it/s]INFO:httpx:HTTP Request: POST http://localhost:8042/v1/chat/completions "HTTP/1.1 200 OK"
QA Reading:  50%|████▉     | 498/1000 [01:41<02:41,  3.11it/s]INFO:httpx:HTTP Request: POST http://localhost:8042/v1/chat/completions "HTTP/1.1 200 OK"
QA Reading:  50%|████▉     | 499/1000 [01:41<03:07,  2.67it/s]INFO:httpx:HTTP Request: POST http://localhost:8042/v1/chat/completions "HTTP/1.1 200 OK"
QA Reading:  50%|█████     | 500/1000 [01:42<03:05,  2.70it/s]INFO:httpx:HTTP Request: POST http://localhost:8042/v1/chat/completions "HTTP/1.1 200 OK"
QA Reading:  50%|█████     | 502/1000 [01:42<02:16,  3.66it/s]INFO:httpx:HTTP Request: POST http://localhost:8042/v1/chat/completions "HTTP/1.1 200 OK"
QA Reading:  51%|█████     | 506/1000 [01:42<01:28,  5.60it/s]INFO:httpx:HTTP Request: POST http://localhost:8042/v1/chat/completions "HTTP/1.1 200 OK"
QA Reading:  51%|█████     | 507/1000 [01:43<01:42,  4.81it/s]INFO:httpx:HTTP Request: POST http://localhost:8042/v1/chat/completions "HTTP/1.1 200 OK"
QA Reading:  51%|█████     | 509/1000 [01:43<01:47,  4.57it/s]INFO:httpx:HTTP Request: POST http://localhost:8042/v1/chat/completions "HTTP/1.1 200 OK"
QA Reading:  51%|█████     | 510/1000 [01:44<02:07,  3.84it/s]INFO:httpx:HTTP Request: POST http://localhost:8042/v1/chat/completions "HTTP/1.1 200 OK"
QA Reading:  51%|█████     | 511/1000 [01:44<02:21,  3.45it/s]INFO:httpx:HTTP Request: POST http://localhost:8042/v1/chat/completions "HTTP/1.1 200 OK"
QA Reading:  51%|█████▏    | 513/1000 [01:44<02:13,  3.65it/s]INFO:httpx:HTTP Request: POST http://localhost:8042/v1/chat/completions "HTTP/1.1 200 OK"
QA Reading:  51%|█████▏    | 514/1000 [01:45<02:16,  3.56it/s]INFO:httpx:HTTP Request: POST http://localhost:8042/v1/chat/completions "HTTP/1.1 200 OK"
QA Reading:  52%|█████▏    | 515/1000 [01:45<02:32,  3.18it/s]INFO:httpx:HTTP Request: POST http://localhost:8042/v1/chat/completions "HTTP/1.1 200 OK"
QA Reading:  52%|█████▏    | 518/1000 [01:46<01:48,  4.44it/s]INFO:httpx:HTTP Request: POST http://localhost:8042/v1/chat/completions "HTTP/1.1 200 OK"
QA Reading:  52%|█████▏    | 519/1000 [01:46<02:02,  3.94it/s]INFO:httpx:HTTP Request: POST http://localhost:8042/v1/chat/completions "HTTP/1.1 200 OK"
QA Reading:  52%|█████▏    | 522/1000 [01:47<02:12,  3.62it/s]INFO:httpx:HTTP Request: POST http://localhost:8042/v1/chat/completions "HTTP/1.1 200 OK"
QA Reading:  52%|█████▏    | 523/1000 [01:47<02:27,  3.24it/s]INFO:httpx:HTTP Request: POST http://localhost:8042/v1/chat/completions "HTTP/1.1 200 OK"
QA Reading:  52%|█████▏    | 524/1000 [01:48<02:45,  2.87it/s]INFO:httpx:HTTP Request: POST http://localhost:8042/v1/chat/completions "HTTP/1.1 200 OK"
QA Reading:  53%|█████▎    | 526/1000 [01:48<02:16,  3.48it/s]INFO:httpx:HTTP Request: POST http://localhost:8042/v1/chat/completions "HTTP/1.1 200 OK"
QA Reading:  53%|█████▎    | 527/1000 [01:49<02:13,  3.53it/s]INFO:httpx:HTTP Request: POST http://localhost:8042/v1/chat/completions "HTTP/1.1 200 OK"
QA Reading:  53%|█████▎    | 528/1000 [01:49<02:26,  3.22it/s]INFO:httpx:HTTP Request: POST http://localhost:8042/v1/chat/completions "HTTP/1.1 200 OK"
QA Reading:  53%|█████▎    | 529/1000 [01:49<02:31,  3.11it/s]INFO:httpx:HTTP Request: POST http://localhost:8042/v1/chat/completions "HTTP/1.1 200 OK"
QA Reading:  53%|█████▎    | 531/1000 [01:50<02:03,  3.80it/s]INFO:httpx:HTTP Request: POST http://localhost:8042/v1/chat/completions "HTTP/1.1 200 OK"
QA Reading:  53%|█████▎    | 534/1000 [01:50<01:55,  4.02it/s]INFO:httpx:HTTP Request: POST http://localhost:8042/v1/chat/completions "HTTP/1.1 200 OK"
QA Reading:  54%|█████▎    | 537/1000 [01:51<01:42,  4.53it/s]INFO:httpx:HTTP Request: POST http://localhost:8042/v1/chat/completions "HTTP/1.1 200 OK"
QA Reading:  54%|█████▍    | 539/1000 [01:51<01:34,  4.86it/s]INFO:httpx:HTTP Request: POST http://localhost:8042/v1/chat/completions "HTTP/1.1 200 OK"
QA Reading:  54%|█████▍    | 540/1000 [01:52<01:45,  4.35it/s]INFO:httpx:HTTP Request: POST http://localhost:8042/v1/chat/completions "HTTP/1.1 200 OK"
QA Reading:  54%|█████▍    | 541/1000 [01:52<02:05,  3.66it/s]INFO:httpx:HTTP Request: POST http://localhost:8042/v1/chat/completions "HTTP/1.1 200 OK"
QA Reading:  54%|█████▍    | 544/1000 [01:52<01:35,  4.79it/s]INFO:httpx:HTTP Request: POST http://localhost:8042/v1/chat/completions "HTTP/1.1 200 OK"
QA Reading:  55%|█████▍    | 545/1000 [01:53<01:53,  4.02it/s]INFO:httpx:HTTP Request: POST http://localhost:8042/v1/chat/completions "HTTP/1.1 200 OK"
QA Reading:  55%|█████▍    | 547/1000 [01:53<01:47,  4.22it/s]INFO:httpx:HTTP Request: POST http://localhost:8042/v1/chat/completions "HTTP/1.1 200 OK"
QA Reading:  55%|█████▍    | 549/1000 [01:54<01:36,  4.67it/s]INFO:httpx:HTTP Request: POST http://localhost:8042/v1/chat/completions "HTTP/1.1 200 OK"
QA Reading:  55%|█████▌    | 550/1000 [01:54<01:55,  3.91it/s]INFO:httpx:HTTP Request: POST http://localhost:8042/v1/chat/completions "HTTP/1.1 200 OK"
QA Reading:  55%|█████▌    | 553/1000 [01:55<01:47,  4.14it/s]INFO:httpx:HTTP Request: POST http://localhost:8042/v1/chat/completions "HTTP/1.1 200 OK"
QA Reading:  55%|█████▌    | 554/1000 [01:55<01:58,  3.76it/s]INFO:httpx:HTTP Request: POST http://localhost:8042/v1/chat/completions "HTTP/1.1 200 OK"
QA Reading:  56%|█████▌    | 555/1000 [01:56<02:23,  3.10it/s]INFO:httpx:HTTP Request: POST http://localhost:8042/v1/chat/completions "HTTP/1.1 200 OK"
QA Reading:  56%|█████▌    | 556/1000 [01:56<02:28,  2.99it/s]INFO:httpx:HTTP Request: POST http://localhost:8042/v1/chat/completions "HTTP/1.1 200 OK"
QA Reading:  56%|█████▌    | 557/1000 [01:56<02:29,  2.96it/s]INFO:httpx:HTTP Request: POST http://localhost:8042/v1/chat/completions "HTTP/1.1 200 OK"
QA Reading:  56%|█████▌    | 558/1000 [01:57<02:41,  2.74it/s]INFO:httpx:HTTP Request: POST http://localhost:8042/v1/chat/completions "HTTP/1.1 200 OK"
QA Reading:  56%|█████▌    | 559/1000 [01:57<02:44,  2.67it/s]INFO:httpx:HTTP Request: POST http://localhost:8042/v1/chat/completions "HTTP/1.1 200 OK"
QA Reading:  56%|█████▌    | 560/1000 [01:58<02:44,  2.68it/s]INFO:httpx:HTTP Request: POST http://localhost:8042/v1/chat/completions "HTTP/1.1 200 OK"
QA Reading:  56%|█████▌    | 562/1000 [01:58<02:05,  3.50it/s]INFO:httpx:HTTP Request: POST http://localhost:8042/v1/chat/completions "HTTP/1.1 200 OK"
QA Reading:  56%|█████▋    | 563/1000 [01:58<02:00,  3.63it/s]INFO:httpx:HTTP Request: POST http://localhost:8042/v1/chat/completions "HTTP/1.1 200 OK"
QA Reading:  56%|█████▋    | 564/1000 [01:59<02:16,  3.19it/s]INFO:httpx:HTTP Request: POST http://localhost:8042/v1/chat/completions "HTTP/1.1 200 OK"
QA Reading:  57%|█████▋    | 566/1000 [01:59<01:45,  4.12it/s]INFO:httpx:HTTP Request: POST http://localhost:8042/v1/chat/completions "HTTP/1.1 200 OK"
QA Reading:  57%|█████▋    | 567/1000 [01:59<01:58,  3.66it/s]INFO:httpx:HTTP Request: POST http://localhost:8042/v1/chat/completions "HTTP/1.1 200 OK"
QA Reading:  57%|█████▋    | 568/1000 [02:00<01:59,  3.60it/s]INFO:httpx:HTTP Request: POST http://localhost:8042/v1/chat/completions "HTTP/1.1 200 OK"
QA Reading:  57%|█████▋    | 569/1000 [02:00<02:08,  3.36it/s]INFO:httpx:HTTP Request: POST http://localhost:8042/v1/chat/completions "HTTP/1.1 200 OK"
QA Reading:  57%|█████▋    | 571/1000 [02:00<02:02,  3.50it/s]INFO:httpx:HTTP Request: POST http://localhost:8042/v1/chat/completions "HTTP/1.1 200 OK"
QA Reading:  57%|█████▋    | 572/1000 [02:01<02:04,  3.44it/s]INFO:httpx:HTTP Request: POST http://localhost:8042/v1/chat/completions "HTTP/1.1 200 OK"
QA Reading:  57%|█████▋    | 573/1000 [02:01<02:15,  3.15it/s]INFO:httpx:HTTP Request: POST http://localhost:8042/v1/chat/completions "HTTP/1.1 200 OK"
QA Reading:  57%|█████▋    | 574/1000 [02:02<02:29,  2.85it/s]INFO:httpx:HTTP Request: POST http://localhost:8042/v1/chat/completions "HTTP/1.1 200 OK"
QA Reading:  57%|█████▊    | 575/1000 [02:02<02:51,  2.48it/s]INFO:httpx:HTTP Request: POST http://localhost:8042/v1/chat/completions "HTTP/1.1 200 OK"
QA Reading:  58%|█████▊    | 576/1000 [02:03<02:51,  2.48it/s]INFO:httpx:HTTP Request: POST http://localhost:8042/v1/chat/completions "HTTP/1.1 200 OK"
QA Reading:  58%|█████▊    | 579/1000 [02:03<01:48,  3.88it/s]INFO:httpx:HTTP Request: POST http://localhost:8042/v1/chat/completions "HTTP/1.1 200 OK"
QA Reading:  58%|█████▊    | 581/1000 [02:03<01:41,  4.11it/s]INFO:httpx:HTTP Request: POST http://localhost:8042/v1/chat/completions "HTTP/1.1 200 OK"
QA Reading:  58%|█████▊    | 582/1000 [02:04<02:14,  3.10it/s]INFO:httpx:HTTP Request: POST http://localhost:8042/v1/chat/completions "HTTP/1.1 200 OK"
QA Reading:  58%|█████▊    | 583/1000 [02:04<02:12,  3.14it/s]INFO:httpx:HTTP Request: POST http://localhost:8042/v1/chat/completions "HTTP/1.1 200 OK"
QA Reading:  58%|█████▊    | 585/1000 [02:05<01:48,  3.81it/s]INFO:httpx:HTTP Request: POST http://localhost:8042/v1/chat/completions "HTTP/1.1 200 OK"
QA Reading:  59%|█████▊    | 586/1000 [02:05<01:57,  3.52it/s]INFO:httpx:HTTP Request: POST http://localhost:8042/v1/chat/completions "HTTP/1.1 200 OK"
QA Reading:  59%|█████▉    | 588/1000 [02:05<01:43,  3.98it/s]INFO:httpx:HTTP Request: POST http://localhost:8042/v1/chat/completions "HTTP/1.1 200 OK"
QA Reading:  59%|█████▉    | 589/1000 [02:06<02:03,  3.33it/s]INFO:httpx:HTTP Request: POST http://localhost:8042/v1/chat/completions "HTTP/1.1 200 OK"
QA Reading:  59%|█████▉    | 590/1000 [02:06<02:19,  2.95it/s]INFO:httpx:HTTP Request: POST http://localhost:8042/v1/chat/completions "HTTP/1.1 200 OK"
QA Reading:  59%|█████▉    | 592/1000 [02:07<02:02,  3.32it/s]INFO:httpx:HTTP Request: POST http://localhost:8042/v1/chat/completions "HTTP/1.1 200 OK"
QA Reading:  59%|█████▉    | 593/1000 [02:07<02:09,  3.15it/s]INFO:httpx:HTTP Request: POST http://localhost:8042/v1/chat/completions "HTTP/1.1 200 OK"
QA Reading:  59%|█████▉    | 594/1000 [02:08<02:14,  3.01it/s]INFO:httpx:HTTP Request: POST http://localhost:8042/v1/chat/completions "HTTP/1.1 200 OK"
QA Reading:  60%|█████▉    | 597/1000 [02:08<01:29,  4.50it/s]INFO:httpx:HTTP Request: POST http://localhost:8042/v1/chat/completions "HTTP/1.1 200 OK"
QA Reading:  60%|█████▉    | 598/1000 [02:08<01:44,  3.84it/s]INFO:httpx:HTTP Request: POST http://localhost:8042/v1/chat/completions "HTTP/1.1 200 OK"
QA Reading:  60%|█████▉    | 599/1000 [02:09<01:55,  3.47it/s]INFO:httpx:HTTP Request: POST http://localhost:8042/v1/chat/completions "HTTP/1.1 200 OK"
QA Reading:  60%|██████    | 601/1000 [02:09<01:47,  3.70it/s]INFO:httpx:HTTP Request: POST http://localhost:8042/v1/chat/completions "HTTP/1.1 200 OK"
QA Reading:  60%|██████    | 603/1000 [02:10<01:38,  4.02it/s]INFO:httpx:HTTP Request: POST http://localhost:8042/v1/chat/completions "HTTP/1.1 200 OK"
QA Reading:  60%|██████    | 604/1000 [02:10<01:48,  3.64it/s]INFO:httpx:HTTP Request: POST http://localhost:8042/v1/chat/completions "HTTP/1.1 200 OK"
QA Reading:  61%|██████    | 606/1000 [02:10<01:36,  4.10it/s]INFO:httpx:HTTP Request: POST http://localhost:8042/v1/chat/completions "HTTP/1.1 200 OK"
QA Reading:  61%|██████    | 609/1000 [02:11<01:19,  4.90it/s]INFO:httpx:HTTP Request: POST http://localhost:8042/v1/chat/completions "HTTP/1.1 200 OK"
QA Reading:  61%|██████    | 610/1000 [02:11<01:31,  4.25it/s]INFO:httpx:HTTP Request: POST http://localhost:8042/v1/chat/completions "HTTP/1.1 200 OK"
QA Reading:  61%|██████    | 611/1000 [02:12<01:52,  3.47it/s]INFO:httpx:HTTP Request: POST http://localhost:8042/v1/chat/completions "HTTP/1.1 200 OK"
QA Reading:  61%|██████    | 612/1000 [02:12<01:54,  3.40it/s]INFO:httpx:HTTP Request: POST http://localhost:8042/v1/chat/completions "HTTP/1.1 200 OK"
QA Reading:  61%|██████▏   | 613/1000 [02:12<02:01,  3.19it/s]INFO:httpx:HTTP Request: POST http://localhost:8042/v1/chat/completions "HTTP/1.1 200 OK"
QA Reading:  61%|██████▏   | 614/1000 [02:13<02:12,  2.91it/s]INFO:httpx:HTTP Request: POST http://localhost:8042/v1/chat/completions "HTTP/1.1 200 OK"
QA Reading:  62%|██████▏   | 616/1000 [02:14<02:07,  3.02it/s]INFO:httpx:HTTP Request: POST http://localhost:8042/v1/chat/completions "HTTP/1.1 200 OK"
QA Reading:  62%|██████▏   | 617/1000 [02:14<02:03,  3.09it/s]INFO:httpx:HTTP Request: POST http://localhost:8042/v1/chat/completions "HTTP/1.1 200 OK"
QA Reading:  62%|██████▏   | 618/1000 [02:14<02:04,  3.07it/s]INFO:httpx:HTTP Request: POST http://localhost:8042/v1/chat/completions "HTTP/1.1 200 OK"
QA Reading:  62%|██████▏   | 620/1000 [02:14<01:35,  3.97it/s]INFO:httpx:HTTP Request: POST http://localhost:8042/v1/chat/completions "HTTP/1.1 200 OK"
QA Reading:  62%|██████▏   | 624/1000 [02:15<01:00,  6.17it/s]INFO:httpx:HTTP Request: POST http://localhost:8042/v1/chat/completions "HTTP/1.1 200 OK"
QA Reading:  63%|██████▎   | 626/1000 [02:15<01:11,  5.27it/s]INFO:httpx:HTTP Request: POST http://localhost:8042/v1/chat/completions "HTTP/1.1 200 OK"
QA Reading:  63%|██████▎   | 627/1000 [02:16<01:24,  4.39it/s]INFO:httpx:HTTP Request: POST http://localhost:8042/v1/chat/completions "HTTP/1.1 200 OK"
QA Reading:  63%|██████▎   | 628/1000 [02:16<01:41,  3.68it/s]INFO:httpx:HTTP Request: POST http://localhost:8042/v1/chat/completions "HTTP/1.1 200 OK"
QA Reading:  63%|██████▎   | 630/1000 [02:17<01:28,  4.20it/s]INFO:httpx:HTTP Request: POST http://localhost:8042/v1/chat/completions "HTTP/1.1 200 OK"
QA Reading:  63%|██████▎   | 631/1000 [02:17<01:35,  3.86it/s]INFO:httpx:HTTP Request: POST http://localhost:8042/v1/chat/completions "HTTP/1.1 200 OK"
QA Reading:  63%|██████▎   | 632/1000 [02:17<01:48,  3.40it/s]INFO:httpx:HTTP Request: POST http://localhost:8042/v1/chat/completions "HTTP/1.1 200 OK"
QA Reading:  63%|██████▎   | 634/1000 [02:18<01:39,  3.68it/s]INFO:httpx:HTTP Request: POST http://localhost:8042/v1/chat/completions "HTTP/1.1 200 OK"
QA Reading:  64%|██████▎   | 636/1000 [02:18<01:28,  4.13it/s]INFO:httpx:HTTP Request: POST http://localhost:8042/v1/chat/completions "HTTP/1.1 200 OK"
QA Reading:  64%|██████▎   | 637/1000 [02:19<01:44,  3.48it/s]INFO:httpx:HTTP Request: POST http://localhost:8042/v1/chat/completions "HTTP/1.1 200 OK"
QA Reading:  64%|██████▍   | 638/1000 [02:19<02:13,  2.71it/s]INFO:httpx:HTTP Request: POST http://localhost:8042/v1/chat/completions "HTTP/1.1 200 OK"
QA Reading:  64%|██████▍   | 643/1000 [02:20<01:09,  5.13it/s]INFO:httpx:HTTP Request: POST http://localhost:8042/v1/chat/completions "HTTP/1.1 200 OK"
QA Reading:  64%|██████▍   | 644/1000 [02:20<01:19,  4.47it/s]INFO:httpx:HTTP Request: POST http://localhost:8042/v1/chat/completions "HTTP/1.1 200 OK"
QA Reading:  64%|██████▍   | 645/1000 [02:20<01:30,  3.93it/s]INFO:httpx:HTTP Request: POST http://localhost:8042/v1/chat/completions "HTTP/1.1 200 OK"
QA Reading:  65%|██████▍   | 647/1000 [02:21<01:30,  3.90it/s]INFO:httpx:HTTP Request: POST http://localhost:8042/v1/chat/completions "HTTP/1.1 200 OK"
QA Reading:  65%|██████▍   | 649/1000 [02:21<01:21,  4.29it/s]INFO:httpx:HTTP Request: POST http://localhost:8042/v1/chat/completions "HTTP/1.1 200 OK"
QA Reading:  65%|██████▌   | 652/1000 [02:22<01:04,  5.36it/s]INFO:httpx:HTTP Request: POST http://localhost:8042/v1/chat/completions "HTTP/1.1 200 OK"
QA Reading:  65%|██████▌   | 653/1000 [02:22<01:27,  3.97it/s]INFO:httpx:HTTP Request: POST http://localhost:8042/v1/chat/completions "HTTP/1.1 200 OK"
QA Reading:  65%|██████▌   | 654/1000 [02:23<01:33,  3.69it/s]INFO:httpx:HTTP Request: POST http://localhost:8042/v1/chat/completions "HTTP/1.1 200 OK"
QA Reading:  66%|██████▌   | 655/1000 [02:23<01:44,  3.31it/s]INFO:httpx:HTTP Request: POST http://localhost:8042/v1/chat/completions "HTTP/1.1 200 OK"
QA Reading:  66%|██████▌   | 657/1000 [02:23<01:25,  4.03it/s]INFO:httpx:HTTP Request: POST http://localhost:8042/v1/chat/completions "HTTP/1.1 200 OK"
QA Reading:  66%|██████▌   | 658/1000 [02:24<01:34,  3.61it/s]INFO:httpx:HTTP Request: POST http://localhost:8042/v1/chat/completions "HTTP/1.1 200 OK"
QA Reading:  66%|██████▌   | 659/1000 [02:24<01:43,  3.29it/s]INFO:httpx:HTTP Request: POST http://localhost:8042/v1/chat/completions "HTTP/1.1 200 OK"
QA Reading:  66%|██████▌   | 660/1000 [02:24<01:40,  3.37it/s]INFO:httpx:HTTP Request: POST http://localhost:8042/v1/chat/completions "HTTP/1.1 200 OK"
QA Reading:  66%|██████▌   | 661/1000 [02:25<01:58,  2.86it/s]INFO:httpx:HTTP Request: POST http://localhost:8042/v1/chat/completions "HTTP/1.1 200 OK"
QA Reading:  66%|██████▋   | 664/1000 [02:25<01:20,  4.20it/s]INFO:httpx:HTTP Request: POST http://localhost:8042/v1/chat/completions "HTTP/1.1 200 OK"
QA Reading:  67%|██████▋   | 667/1000 [02:26<01:03,  5.26it/s]INFO:httpx:HTTP Request: POST http://localhost:8042/v1/chat/completions "HTTP/1.1 200 OK"
QA Reading:  67%|██████▋   | 669/1000 [02:26<01:13,  4.49it/s]INFO:httpx:HTTP Request: POST http://localhost:8042/v1/chat/completions "HTTP/1.1 200 OK"
QA Reading:  67%|██████▋   | 670/1000 [02:27<01:27,  3.79it/s]INFO:httpx:HTTP Request: POST http://localhost:8042/v1/chat/completions "HTTP/1.1 200 OK"
QA Reading:  67%|██████▋   | 671/1000 [02:27<01:38,  3.34it/s]INFO:httpx:HTTP Request: POST http://localhost:8042/v1/chat/completions "HTTP/1.1 200 OK"
QA Reading:  67%|██████▋   | 672/1000 [02:28<01:36,  3.40it/s]INFO:httpx:HTTP Request: POST http://localhost:8042/v1/chat/completions "HTTP/1.1 200 OK"
QA Reading:  67%|██████▋   | 673/1000 [02:28<01:51,  2.93it/s]INFO:httpx:HTTP Request: POST http://localhost:8042/v1/chat/completions "HTTP/1.1 200 OK"
QA Reading:  67%|██████▋   | 674/1000 [02:29<02:04,  2.62it/s]INFO:httpx:HTTP Request: POST http://localhost:8042/v1/chat/completions "HTTP/1.1 200 OK"
QA Reading:  68%|██████▊   | 675/1000 [02:29<02:04,  2.60it/s]INFO:httpx:HTTP Request: POST http://localhost:8042/v1/chat/completions "HTTP/1.1 200 OK"
QA Reading:  68%|██████▊   | 680/1000 [02:29<00:54,  5.86it/s]INFO:httpx:HTTP Request: POST http://localhost:8042/v1/chat/completions "HTTP/1.1 200 OK"
QA Reading:  68%|██████▊   | 681/1000 [02:30<01:06,  4.77it/s]INFO:httpx:HTTP Request: POST http://localhost:8042/v1/chat/completions "HTTP/1.1 200 OK"
QA Reading:  68%|██████▊   | 683/1000 [02:30<01:05,  4.82it/s]INFO:httpx:HTTP Request: POST http://localhost:8042/v1/chat/completions "HTTP/1.1 200 OK"
QA Reading:  68%|██████▊   | 684/1000 [02:30<01:18,  4.01it/s]INFO:httpx:HTTP Request: POST http://localhost:8042/v1/chat/completions "HTTP/1.1 200 OK"
QA Reading:  69%|██████▉   | 688/1000 [02:31<00:58,  5.36it/s]INFO:httpx:HTTP Request: POST http://localhost:8042/v1/chat/completions "HTTP/1.1 200 OK"
QA Reading:  69%|██████▉   | 689/1000 [02:31<01:08,  4.57it/s]INFO:httpx:HTTP Request: POST http://localhost:8042/v1/chat/completions "HTTP/1.1 200 OK"
QA Reading:  69%|██████▉   | 690/1000 [02:32<01:16,  4.05it/s]INFO:httpx:HTTP Request: POST http://localhost:8042/v1/chat/completions "HTTP/1.1 200 OK"
QA Reading:  69%|██████▉   | 692/1000 [02:32<01:06,  4.66it/s]INFO:httpx:HTTP Request: POST http://localhost:8042/v1/chat/completions "HTTP/1.1 200 OK"
QA Reading:  69%|██████▉   | 693/1000 [02:32<01:18,  3.89it/s]INFO:httpx:HTTP Request: POST http://localhost:8042/v1/chat/completions "HTTP/1.1 200 OK"
QA Reading:  69%|██████▉   | 694/1000 [02:33<01:21,  3.76it/s]INFO:httpx:HTTP Request: POST http://localhost:8042/v1/chat/completions "HTTP/1.1 200 OK"
QA Reading:  70%|██████▉   | 697/1000 [02:33<01:05,  4.62it/s]INFO:httpx:HTTP Request: POST http://localhost:8042/v1/chat/completions "HTTP/1.1 200 OK"
QA Reading:  70%|██████▉   | 698/1000 [02:34<01:25,  3.55it/s]INFO:httpx:HTTP Request: POST http://localhost:8042/v1/chat/completions "HTTP/1.1 200 OK"
QA Reading:  70%|███████   | 700/1000 [02:34<01:14,  4.03it/s]INFO:httpx:HTTP Request: POST http://localhost:8042/v1/chat/completions "HTTP/1.1 200 OK"
QA Reading:  70%|███████   | 702/1000 [02:35<01:07,  4.43it/s]INFO:httpx:HTTP Request: POST http://localhost:8042/v1/chat/completions "HTTP/1.1 200 OK"
QA Reading:  70%|███████   | 703/1000 [02:35<01:34,  3.14it/s]INFO:httpx:HTTP Request: POST http://localhost:8042/v1/chat/completions "HTTP/1.1 200 OK"
QA Reading:  70%|███████   | 704/1000 [02:36<01:42,  2.88it/s]INFO:httpx:HTTP Request: POST http://localhost:8042/v1/chat/completions "HTTP/1.1 200 OK"
QA Reading:  70%|███████   | 705/1000 [02:36<01:38,  3.01it/s]INFO:httpx:HTTP Request: POST http://localhost:8042/v1/chat/completions "HTTP/1.1 200 OK"
QA Reading:  71%|███████   | 706/1000 [02:36<01:35,  3.08it/s]INFO:httpx:HTTP Request: POST http://localhost:8042/v1/chat/completions "HTTP/1.1 200 OK"
QA Reading:  71%|███████   | 707/1000 [02:37<01:42,  2.85it/s]INFO:httpx:HTTP Request: POST http://localhost:8042/v1/chat/completions "HTTP/1.1 200 OK"
QA Reading:  71%|███████   | 708/1000 [02:37<01:38,  2.97it/s]INFO:httpx:HTTP Request: POST http://localhost:8042/v1/chat/completions "HTTP/1.1 200 OK"
QA Reading:  71%|███████▏  | 713/1000 [02:37<00:46,  6.16it/s]INFO:httpx:HTTP Request: POST http://localhost:8042/v1/chat/completions "HTTP/1.1 200 OK"
QA Reading:  71%|███████▏  | 714/1000 [02:38<01:01,  4.62it/s]INFO:httpx:HTTP Request: POST http://localhost:8042/v1/chat/completions "HTTP/1.1 200 OK"
QA Reading:  72%|███████▏  | 715/1000 [02:38<01:08,  4.19it/s]INFO:httpx:HTTP Request: POST http://localhost:8042/v1/chat/completions "HTTP/1.1 200 OK"
QA Reading:  72%|███████▏  | 717/1000 [02:39<00:58,  4.83it/s]INFO:httpx:HTTP Request: POST http://localhost:8042/v1/chat/completions "HTTP/1.1 200 OK"
QA Reading:  72%|███████▏  | 719/1000 [02:39<00:55,  5.06it/s]INFO:httpx:HTTP Request: POST http://localhost:8042/v1/chat/completions "HTTP/1.1 200 OK"
QA Reading:  72%|███████▏  | 720/1000 [02:39<01:05,  4.25it/s]INFO:httpx:HTTP Request: POST http://localhost:8042/v1/chat/completions "HTTP/1.1 200 OK"
QA Reading:  72%|███████▏  | 721/1000 [02:40<01:20,  3.45it/s]INFO:httpx:HTTP Request: POST http://localhost:8042/v1/chat/completions "HTTP/1.1 200 OK"
QA Reading:  72%|███████▏  | 722/1000 [02:40<01:25,  3.24it/s]INFO:httpx:HTTP Request: POST http://localhost:8042/v1/chat/completions "HTTP/1.1 200 OK"
QA Reading:  72%|███████▏  | 723/1000 [02:41<01:31,  3.04it/s]INFO:httpx:HTTP Request: POST http://localhost:8042/v1/chat/completions "HTTP/1.1 200 OK"
QA Reading:  72%|███████▏  | 724/1000 [02:41<01:46,  2.58it/s]INFO:httpx:HTTP Request: POST http://localhost:8042/v1/chat/completions "HTTP/1.1 200 OK"
QA Reading:  73%|███████▎  | 726/1000 [02:42<01:36,  2.84it/s]INFO:httpx:HTTP Request: POST http://localhost:8042/v1/chat/completions "HTTP/1.1 200 OK"
QA Reading:  73%|███████▎  | 729/1000 [02:42<01:07,  4.02it/s]INFO:httpx:HTTP Request: POST http://localhost:8042/v1/chat/completions "HTTP/1.1 200 OK"
QA Reading:  73%|███████▎  | 730/1000 [02:43<01:18,  3.46it/s]INFO:httpx:HTTP Request: POST http://localhost:8042/v1/chat/completions "HTTP/1.1 200 OK"
QA Reading:  73%|███████▎  | 731/1000 [02:43<01:38,  2.72it/s]INFO:httpx:HTTP Request: POST http://localhost:8042/v1/chat/completions "HTTP/1.1 200 OK"
QA Reading:  73%|███████▎  | 732/1000 [02:44<01:38,  2.71it/s]INFO:httpx:HTTP Request: POST http://localhost:8042/v1/chat/completions "HTTP/1.1 200 OK"
QA Reading:  73%|███████▎  | 733/1000 [02:44<01:51,  2.40it/s]INFO:httpx:HTTP Request: POST http://localhost:8042/v1/chat/completions "HTTP/1.1 200 OK"
QA Reading:  73%|███████▎  | 734/1000 [02:45<01:47,  2.48it/s]INFO:httpx:HTTP Request: POST http://localhost:8042/v1/chat/completions "HTTP/1.1 200 OK"
QA Reading:  74%|███████▎  | 735/1000 [02:45<01:44,  2.53it/s]INFO:httpx:HTTP Request: POST http://localhost:8042/v1/chat/completions "HTTP/1.1 200 OK"
QA Reading:  74%|███████▎  | 736/1000 [02:45<01:44,  2.54it/s]INFO:httpx:HTTP Request: POST http://localhost:8042/v1/chat/completions "HTTP/1.1 200 OK"
QA Reading:  74%|███████▎  | 737/1000 [02:46<01:41,  2.58it/s]INFO:httpx:HTTP Request: POST http://localhost:8042/v1/chat/completions "HTTP/1.1 200 OK"
QA Reading:  74%|███████▍  | 738/1000 [02:46<01:42,  2.55it/s]INFO:httpx:HTTP Request: POST http://localhost:8042/v1/chat/completions "HTTP/1.1 200 OK"
QA Reading:  74%|███████▍  | 741/1000 [02:47<01:08,  3.76it/s]INFO:httpx:HTTP Request: POST http://localhost:8042/v1/chat/completions "HTTP/1.1 200 OK"
QA Reading:  74%|███████▍  | 742/1000 [02:47<01:11,  3.60it/s]INFO:httpx:HTTP Request: POST http://localhost:8042/v1/chat/completions "HTTP/1.1 200 OK"
QA Reading:  74%|███████▍  | 743/1000 [02:47<01:22,  3.11it/s]INFO:httpx:HTTP Request: POST http://localhost:8042/v1/chat/completions "HTTP/1.1 200 OK"
QA Reading:  74%|███████▍  | 744/1000 [02:48<01:28,  2.91it/s]INFO:httpx:HTTP Request: POST http://localhost:8042/v1/chat/completions "HTTP/1.1 200 OK"
QA Reading:  74%|███████▍  | 745/1000 [02:48<01:39,  2.55it/s]INFO:httpx:HTTP Request: POST http://localhost:8042/v1/chat/completions "HTTP/1.1 200 OK"
QA Reading:  75%|███████▍  | 746/1000 [02:49<01:47,  2.37it/s]INFO:httpx:HTTP Request: POST http://localhost:8042/v1/chat/completions "HTTP/1.1 200 OK"
QA Reading:  75%|███████▍  | 749/1000 [02:49<01:04,  3.89it/s]INFO:httpx:HTTP Request: POST http://localhost:8042/v1/chat/completions "HTTP/1.1 200 OK"
QA Reading:  75%|███████▌  | 750/1000 [02:50<01:09,  3.57it/s]INFO:httpx:HTTP Request: POST http://localhost:8042/v1/chat/completions "HTTP/1.1 200 OK"
QA Reading:  75%|███████▌  | 751/1000 [02:50<01:10,  3.53it/s]INFO:httpx:HTTP Request: POST http://localhost:8042/v1/chat/completions "HTTP/1.1 200 OK"
QA Reading:  75%|███████▌  | 753/1000 [02:50<01:08,  3.61it/s]INFO:httpx:HTTP Request: POST http://localhost:8042/v1/chat/completions "HTTP/1.1 200 OK"
QA Reading:  75%|███████▌  | 754/1000 [02:51<01:18,  3.14it/s]INFO:httpx:HTTP Request: POST http://localhost:8042/v1/chat/completions "HTTP/1.1 200 OK"
QA Reading:  76%|███████▌  | 757/1000 [02:51<00:53,  4.57it/s]INFO:httpx:HTTP Request: POST http://localhost:8042/v1/chat/completions "HTTP/1.1 200 OK"
QA Reading:  76%|███████▌  | 759/1000 [02:51<00:48,  4.98it/s]INFO:httpx:HTTP Request: POST http://localhost:8042/v1/chat/completions "HTTP/1.1 200 OK"
QA Reading:  76%|███████▌  | 761/1000 [02:52<00:47,  5.01it/s]INFO:httpx:HTTP Request: POST http://localhost:8042/v1/chat/completions "HTTP/1.1 200 OK"
QA Reading:  76%|███████▋  | 764/1000 [02:52<00:41,  5.62it/s]INFO:httpx:HTTP Request: POST http://localhost:8042/v1/chat/completions "HTTP/1.1 200 OK"
QA Reading:  76%|███████▋  | 765/1000 [02:53<00:49,  4.74it/s]INFO:httpx:HTTP Request: POST http://localhost:8042/v1/chat/completions "HTTP/1.1 200 OK"
QA Reading:  77%|███████▋  | 768/1000 [02:53<00:44,  5.21it/s]INFO:httpx:HTTP Request: POST http://localhost:8042/v1/chat/completions "HTTP/1.1 200 OK"
QA Reading:  77%|███████▋  | 769/1000 [02:54<00:51,  4.46it/s]INFO:httpx:HTTP Request: POST http://localhost:8042/v1/chat/completions "HTTP/1.1 200 OK"
QA Reading:  77%|███████▋  | 770/1000 [02:54<01:06,  3.45it/s]INFO:httpx:HTTP Request: POST http://localhost:8042/v1/chat/completions "HTTP/1.1 200 OK"
QA Reading:  77%|███████▋  | 771/1000 [02:55<01:11,  3.19it/s]INFO:httpx:HTTP Request: POST http://localhost:8042/v1/chat/completions "HTTP/1.1 200 OK"
QA Reading:  77%|███████▋  | 772/1000 [02:55<01:22,  2.77it/s]INFO:httpx:HTTP Request: POST http://localhost:8042/v1/chat/completions "HTTP/1.1 200 OK"
QA Reading:  77%|███████▋  | 774/1000 [02:56<01:10,  3.20it/s]INFO:httpx:HTTP Request: POST http://localhost:8042/v1/chat/completions "HTTP/1.1 200 OK"
QA Reading:  78%|███████▊  | 775/1000 [02:56<01:15,  3.00it/s]INFO:httpx:HTTP Request: POST http://localhost:8042/v1/chat/completions "HTTP/1.1 200 OK"
QA Reading:  78%|███████▊  | 777/1000 [02:56<01:08,  3.28it/s]INFO:httpx:HTTP Request: POST http://localhost:8042/v1/chat/completions "HTTP/1.1 200 OK"
QA Reading:  78%|███████▊  | 778/1000 [02:57<01:17,  2.86it/s]INFO:httpx:HTTP Request: POST http://localhost:8042/v1/chat/completions "HTTP/1.1 200 OK"
QA Reading:  78%|███████▊  | 779/1000 [02:57<01:20,  2.73it/s]INFO:httpx:HTTP Request: POST http://localhost:8042/v1/chat/completions "HTTP/1.1 200 OK"
QA Reading:  78%|███████▊  | 781/1000 [02:58<01:05,  3.34it/s]INFO:httpx:HTTP Request: POST http://localhost:8042/v1/chat/completions "HTTP/1.1 200 OK"
QA Reading:  78%|███████▊  | 782/1000 [02:58<01:09,  3.11it/s]INFO:httpx:HTTP Request: POST http://localhost:8042/v1/chat/completions "HTTP/1.1 200 OK"
QA Reading:  78%|███████▊  | 783/1000 [02:59<01:33,  2.33it/s]INFO:httpx:HTTP Request: POST http://localhost:8042/v1/chat/completions "HTTP/1.1 200 OK"
QA Reading:  78%|███████▊  | 785/1000 [02:59<01:08,  3.13it/s]INFO:httpx:HTTP Request: POST http://localhost:8042/v1/chat/completions "HTTP/1.1 200 OK"
QA Reading:  79%|███████▉  | 788/1000 [03:00<00:50,  4.23it/s]INFO:httpx:HTTP Request: POST http://localhost:8042/v1/chat/completions "HTTP/1.1 200 OK"
QA Reading:  79%|███████▉  | 789/1000 [03:00<01:01,  3.42it/s]INFO:httpx:HTTP Request: POST http://localhost:8042/v1/chat/completions "HTTP/1.1 200 OK"
QA Reading:  79%|███████▉  | 790/1000 [03:01<01:07,  3.10it/s]INFO:httpx:HTTP Request: POST http://localhost:8042/v1/chat/completions "HTTP/1.1 200 OK"
QA Reading:  79%|███████▉  | 791/1000 [03:01<01:05,  3.20it/s]INFO:httpx:HTTP Request: POST http://localhost:8042/v1/chat/completions "HTTP/1.1 200 OK"
QA Reading:  79%|███████▉  | 792/1000 [03:01<01:07,  3.09it/s]INFO:httpx:HTTP Request: POST http://localhost:8042/v1/chat/completions "HTTP/1.1 200 OK"
QA Reading:  79%|███████▉  | 793/1000 [03:02<01:14,  2.79it/s]INFO:httpx:HTTP Request: POST http://localhost:8042/v1/chat/completions "HTTP/1.1 200 OK"
QA Reading:  79%|███████▉  | 794/1000 [03:02<01:26,  2.38it/s]INFO:httpx:HTTP Request: POST http://localhost:8042/v1/chat/completions "HTTP/1.1 200 OK"
QA Reading:  80%|███████▉  | 796/1000 [03:03<01:10,  2.91it/s]INFO:httpx:HTTP Request: POST http://localhost:8042/v1/chat/completions "HTTP/1.1 200 OK"
QA Reading:  80%|███████▉  | 797/1000 [03:03<01:14,  2.73it/s]INFO:httpx:HTTP Request: POST http://localhost:8042/v1/chat/completions "HTTP/1.1 200 OK"
QA Reading:  80%|███████▉  | 799/1000 [03:04<01:03,  3.15it/s]INFO:httpx:HTTP Request: POST http://localhost:8042/v1/chat/completions "HTTP/1.1 200 OK"
QA Reading:  80%|████████  | 800/1000 [03:04<01:13,  2.74it/s]INFO:httpx:HTTP Request: POST http://localhost:8042/v1/chat/completions "HTTP/1.1 200 OK"
QA Reading:  80%|████████  | 801/1000 [03:05<01:31,  2.18it/s]INFO:httpx:HTTP Request: POST http://localhost:8042/v1/chat/completions "HTTP/1.1 200 OK"
QA Reading:  80%|████████  | 803/1000 [03:06<01:11,  2.75it/s]INFO:httpx:HTTP Request: POST http://localhost:8042/v1/chat/completions "HTTP/1.1 200 OK"
QA Reading:  81%|████████  | 806/1000 [03:06<00:53,  3.60it/s]INFO:httpx:HTTP Request: POST http://localhost:8042/v1/chat/completions "HTTP/1.1 200 OK"
QA Reading:  81%|████████  | 807/1000 [03:06<00:57,  3.37it/s]INFO:httpx:HTTP Request: POST http://localhost:8042/v1/chat/completions "HTTP/1.1 200 OK"
QA Reading:  81%|████████  | 810/1000 [03:07<00:46,  4.08it/s]INFO:httpx:HTTP Request: POST http://localhost:8042/v1/chat/completions "HTTP/1.1 200 OK"
QA Reading:  81%|████████  | 811/1000 [03:08<00:56,  3.35it/s]INFO:httpx:HTTP Request: POST http://localhost:8042/v1/chat/completions "HTTP/1.1 200 OK"
QA Reading:  81%|████████  | 812/1000 [03:08<01:04,  2.89it/s]INFO:httpx:HTTP Request: POST http://localhost:8042/v1/chat/completions "HTTP/1.1 200 OK"
QA Reading:  81%|████████▏ | 813/1000 [03:08<01:04,  2.91it/s]INFO:httpx:HTTP Request: POST http://localhost:8042/v1/chat/completions "HTTP/1.1 200 OK"
QA Reading:  81%|████████▏ | 814/1000 [03:09<01:09,  2.67it/s]INFO:httpx:HTTP Request: POST http://localhost:8042/v1/chat/completions "HTTP/1.1 200 OK"
QA Reading:  82%|████████▏ | 816/1000 [03:09<00:54,  3.38it/s]INFO:httpx:HTTP Request: POST http://localhost:8042/v1/chat/completions "HTTP/1.1 200 OK"
QA Reading:  82%|████████▏ | 817/1000 [03:10<00:58,  3.13it/s]INFO:httpx:HTTP Request: POST http://localhost:8042/v1/chat/completions "HTTP/1.1 200 OK"
QA Reading:  82%|████████▏ | 822/1000 [03:10<00:33,  5.30it/s]INFO:httpx:HTTP Request: POST http://localhost:8042/v1/chat/completions "HTTP/1.1 200 OK"
QA Reading:  82%|████████▏ | 824/1000 [03:11<00:32,  5.50it/s]INFO:httpx:HTTP Request: POST http://localhost:8042/v1/chat/completions "HTTP/1.1 200 OK"
QA Reading:  82%|████████▎ | 825/1000 [03:11<00:42,  4.16it/s]INFO:httpx:HTTP Request: POST http://localhost:8042/v1/chat/completions "HTTP/1.1 200 OK"
QA Reading:  83%|████████▎ | 827/1000 [03:11<00:37,  4.59it/s]INFO:httpx:HTTP Request: POST http://localhost:8042/v1/chat/completions "HTTP/1.1 200 OK"
QA Reading:  83%|████████▎ | 828/1000 [03:12<00:43,  3.94it/s]INFO:httpx:HTTP Request: POST http://localhost:8042/v1/chat/completions "HTTP/1.1 200 OK"
QA Reading:  83%|████████▎ | 830/1000 [03:12<00:40,  4.24it/s]INFO:httpx:HTTP Request: POST http://localhost:8042/v1/chat/completions "HTTP/1.1 200 OK"
QA Reading:  83%|████████▎ | 831/1000 [03:13<00:44,  3.81it/s]INFO:httpx:HTTP Request: POST http://localhost:8042/v1/chat/completions "HTTP/1.1 200 OK"
QA Reading:  83%|████████▎ | 832/1000 [03:13<00:48,  3.49it/s]INFO:httpx:HTTP Request: POST http://localhost:8042/v1/chat/completions "HTTP/1.1 200 OK"
QA Reading:  83%|████████▎ | 833/1000 [03:13<00:49,  3.36it/s]INFO:httpx:HTTP Request: POST http://localhost:8042/v1/chat/completions "HTTP/1.1 200 OK"
QA Reading:  83%|████████▎ | 834/1000 [03:14<00:54,  3.04it/s]INFO:httpx:HTTP Request: POST http://localhost:8042/v1/chat/completions "HTTP/1.1 200 OK"
QA Reading:  84%|████████▎ | 835/1000 [03:14<00:51,  3.21it/s]INFO:httpx:HTTP Request: POST http://localhost:8042/v1/chat/completions "HTTP/1.1 200 OK"
QA Reading:  84%|████████▍ | 838/1000 [03:14<00:36,  4.42it/s]INFO:httpx:HTTP Request: POST http://localhost:8042/v1/chat/completions "HTTP/1.1 200 OK"
QA Reading:  84%|████████▍ | 839/1000 [03:15<00:43,  3.69it/s]INFO:httpx:HTTP Request: POST http://localhost:8042/v1/chat/completions "HTTP/1.1 200 OK"
QA Reading:  84%|████████▍ | 840/1000 [03:15<00:46,  3.41it/s]INFO:httpx:HTTP Request: POST http://localhost:8042/v1/chat/completions "HTTP/1.1 200 OK"
QA Reading:  84%|████████▍ | 841/1000 [03:16<00:53,  2.96it/s]INFO:httpx:HTTP Request: POST http://localhost:8042/v1/chat/completions "HTTP/1.1 200 OK"
QA Reading:  84%|████████▍ | 842/1000 [03:16<01:00,  2.62it/s]INFO:httpx:HTTP Request: POST http://localhost:8042/v1/chat/completions "HTTP/1.1 200 OK"
QA Reading:  84%|████████▍ | 844/1000 [03:17<00:49,  3.17it/s]INFO:httpx:HTTP Request: POST http://localhost:8042/v1/chat/completions "HTTP/1.1 200 OK"
QA Reading:  84%|████████▍ | 845/1000 [03:17<00:47,  3.23it/s]INFO:httpx:HTTP Request: POST http://localhost:8042/v1/chat/completions "HTTP/1.1 200 OK"
QA Reading:  85%|████████▍ | 846/1000 [03:17<00:52,  2.92it/s]INFO:httpx:HTTP Request: POST http://localhost:8042/v1/chat/completions "HTTP/1.1 200 OK"
QA Reading:  85%|████████▍ | 848/1000 [03:18<00:44,  3.44it/s]INFO:httpx:HTTP Request: POST http://localhost:8042/v1/chat/completions "HTTP/1.1 200 OK"
QA Reading:  85%|████████▌ | 851/1000 [03:18<00:31,  4.76it/s]INFO:httpx:HTTP Request: POST http://localhost:8042/v1/chat/completions "HTTP/1.1 200 OK"
QA Reading:  86%|████████▌ | 856/1000 [03:19<00:20,  7.04it/s]INFO:httpx:HTTP Request: POST http://localhost:8042/v1/chat/completions "HTTP/1.1 200 OK"
QA Reading:  86%|████████▌ | 858/1000 [03:19<00:21,  6.63it/s]INFO:httpx:HTTP Request: POST http://localhost:8042/v1/chat/completions "HTTP/1.1 200 OK"
QA Reading:  86%|████████▌ | 859/1000 [03:19<00:24,  5.77it/s]INFO:httpx:HTTP Request: POST http://localhost:8042/v1/chat/completions "HTTP/1.1 200 OK"
QA Reading:  86%|████████▌ | 861/1000 [03:20<00:25,  5.45it/s]INFO:httpx:HTTP Request: POST http://localhost:8042/v1/chat/completions "HTTP/1.1 200 OK"
QA Reading:  86%|████████▌ | 862/1000 [03:20<00:30,  4.57it/s]INFO:httpx:HTTP Request: POST http://localhost:8042/v1/chat/completions "HTTP/1.1 200 OK"
QA Reading:  86%|████████▋ | 863/1000 [03:20<00:32,  4.23it/s]INFO:httpx:HTTP Request: POST http://localhost:8042/v1/chat/completions "HTTP/1.1 200 OK"
QA Reading:  86%|████████▋ | 864/1000 [03:21<00:37,  3.60it/s]INFO:httpx:HTTP Request: POST http://localhost:8042/v1/chat/completions "HTTP/1.1 200 OK"
QA Reading:  86%|████████▋ | 865/1000 [03:21<00:43,  3.10it/s]INFO:httpx:HTTP Request: POST http://localhost:8042/v1/chat/completions "HTTP/1.1 200 OK"
QA Reading:  87%|████████▋ | 866/1000 [03:22<00:49,  2.68it/s]INFO:httpx:HTTP Request: POST http://localhost:8042/v1/chat/completions "HTTP/1.1 200 OK"
QA Reading:  87%|████████▋ | 867/1000 [03:22<00:47,  2.79it/s]INFO:httpx:HTTP Request: POST http://localhost:8042/v1/chat/completions "HTTP/1.1 200 OK"
QA Reading:  87%|████████▋ | 868/1000 [03:23<00:49,  2.66it/s]INFO:httpx:HTTP Request: POST http://localhost:8042/v1/chat/completions "HTTP/1.1 200 OK"
QA Reading:  87%|████████▋ | 869/1000 [03:23<00:53,  2.46it/s]INFO:httpx:HTTP Request: POST http://localhost:8042/v1/chat/completions "HTTP/1.1 200 OK"
QA Reading:  87%|████████▋ | 873/1000 [03:24<00:30,  4.18it/s]INFO:httpx:HTTP Request: POST http://localhost:8042/v1/chat/completions "HTTP/1.1 200 OK"
QA Reading:  88%|████████▊ | 875/1000 [03:24<00:26,  4.75it/s]INFO:httpx:HTTP Request: POST http://localhost:8042/v1/chat/completions "HTTP/1.1 200 OK"
QA Reading:  88%|████████▊ | 876/1000 [03:24<00:29,  4.15it/s]INFO:httpx:HTTP Request: POST http://localhost:8042/v1/chat/completions "HTTP/1.1 200 OK"
QA Reading:  88%|████████▊ | 878/1000 [03:25<00:28,  4.32it/s]INFO:httpx:HTTP Request: POST http://localhost:8042/v1/chat/completions "HTTP/1.1 200 OK"
QA Reading:  88%|████████▊ | 881/1000 [03:25<00:25,  4.64it/s]INFO:httpx:HTTP Request: POST http://localhost:8042/v1/chat/completions "HTTP/1.1 200 OK"
QA Reading:  88%|████████▊ | 882/1000 [03:26<00:27,  4.28it/s]INFO:httpx:HTTP Request: POST http://localhost:8042/v1/chat/completions "HTTP/1.1 200 OK"
QA Reading:  88%|████████▊ | 884/1000 [03:26<00:24,  4.76it/s]INFO:httpx:HTTP Request: POST http://localhost:8042/v1/chat/completions "HTTP/1.1 200 OK"
QA Reading:  88%|████████▊ | 885/1000 [03:26<00:28,  4.03it/s]INFO:httpx:HTTP Request: POST http://localhost:8042/v1/chat/completions "HTTP/1.1 200 OK"
QA Reading:  89%|████████▉ | 888/1000 [03:27<00:20,  5.34it/s]INFO:httpx:HTTP Request: POST http://localhost:8042/v1/chat/completions "HTTP/1.1 200 OK"
QA Reading:  89%|████████▉ | 889/1000 [03:27<00:26,  4.14it/s]INFO:httpx:HTTP Request: POST http://localhost:8042/v1/chat/completions "HTTP/1.1 200 OK"
QA Reading:  89%|████████▉ | 890/1000 [03:28<00:30,  3.59it/s]INFO:httpx:HTTP Request: POST http://localhost:8042/v1/chat/completions "HTTP/1.1 200 OK"
QA Reading:  89%|████████▉ | 892/1000 [03:28<00:27,  3.96it/s]INFO:httpx:HTTP Request: POST http://localhost:8042/v1/chat/completions "HTTP/1.1 200 OK"
QA Reading:  89%|████████▉ | 893/1000 [03:28<00:29,  3.57it/s]INFO:httpx:HTTP Request: POST http://localhost:8042/v1/chat/completions "HTTP/1.1 200 OK"
QA Reading:  89%|████████▉ | 894/1000 [03:29<00:32,  3.29it/s]INFO:httpx:HTTP Request: POST http://localhost:8042/v1/chat/completions "HTTP/1.1 200 OK"
QA Reading:  90%|████████▉ | 896/1000 [03:29<00:31,  3.35it/s]INFO:httpx:HTTP Request: POST http://localhost:8042/v1/chat/completions "HTTP/1.1 200 OK"
QA Reading:  90%|████████▉ | 899/1000 [03:30<00:23,  4.33it/s]INFO:httpx:HTTP Request: POST http://localhost:8042/v1/chat/completions "HTTP/1.1 200 OK"
QA Reading:  90%|█████████ | 901/1000 [03:30<00:25,  3.91it/s]INFO:httpx:HTTP Request: POST http://localhost:8042/v1/chat/completions "HTTP/1.1 200 OK"
QA Reading:  90%|█████████ | 902/1000 [03:31<00:29,  3.29it/s]INFO:httpx:HTTP Request: POST http://localhost:8042/v1/chat/completions "HTTP/1.1 200 OK"
QA Reading:  90%|█████████ | 903/1000 [03:31<00:31,  3.04it/s]INFO:httpx:HTTP Request: POST http://localhost:8042/v1/chat/completions "HTTP/1.1 200 OK"
QA Reading:  90%|█████████ | 905/1000 [03:32<00:26,  3.55it/s]INFO:httpx:HTTP Request: POST http://localhost:8042/v1/chat/completions "HTTP/1.1 200 OK"
QA Reading:  91%|█████████ | 907/1000 [03:32<00:25,  3.66it/s]INFO:httpx:HTTP Request: POST http://localhost:8042/v1/chat/completions "HTTP/1.1 200 OK"
QA Reading:  91%|█████████ | 909/1000 [03:33<00:22,  3.98it/s]INFO:httpx:HTTP Request: POST http://localhost:8042/v1/chat/completions "HTTP/1.1 200 OK"
QA Reading:  91%|█████████ | 910/1000 [03:33<00:24,  3.73it/s]INFO:httpx:HTTP Request: POST http://localhost:8042/v1/chat/completions "HTTP/1.1 200 OK"
QA Reading:  91%|█████████ | 911/1000 [03:34<00:29,  2.99it/s]INFO:httpx:HTTP Request: POST http://localhost:8042/v1/chat/completions "HTTP/1.1 200 OK"
QA Reading:  91%|█████████▏| 913/1000 [03:34<00:24,  3.59it/s]INFO:httpx:HTTP Request: POST http://localhost:8042/v1/chat/completions "HTTP/1.1 200 OK"
QA Reading:  92%|█████████▏| 915/1000 [03:34<00:20,  4.13it/s]INFO:httpx:HTTP Request: POST http://localhost:8042/v1/chat/completions "HTTP/1.1 200 OK"
QA Reading:  92%|█████████▏| 916/1000 [03:35<00:21,  3.84it/s]INFO:httpx:HTTP Request: POST http://localhost:8042/v1/chat/completions "HTTP/1.1 200 OK"
QA Reading:  92%|█████████▏| 920/1000 [03:35<00:13,  5.81it/s]INFO:httpx:HTTP Request: POST http://localhost:8042/v1/chat/completions "HTTP/1.1 200 OK"
QA Reading:  92%|█████████▏| 922/1000 [03:35<00:13,  5.80it/s]INFO:httpx:HTTP Request: POST http://localhost:8042/v1/chat/completions "HTTP/1.1 200 OK"
QA Reading:  93%|█████████▎| 927/1000 [03:36<00:11,  6.56it/s]INFO:httpx:HTTP Request: POST http://localhost:8042/v1/chat/completions "HTTP/1.1 200 OK"
QA Reading:  93%|█████████▎| 928/1000 [03:36<00:12,  5.63it/s]INFO:httpx:HTTP Request: POST http://localhost:8042/v1/chat/completions "HTTP/1.1 200 OK"
QA Reading:  93%|█████████▎| 929/1000 [03:37<00:14,  5.06it/s]INFO:httpx:HTTP Request: POST http://localhost:8042/v1/chat/completions "HTTP/1.1 200 OK"
QA Reading:  93%|█████████▎| 931/1000 [03:37<00:13,  4.99it/s]INFO:httpx:HTTP Request: POST http://localhost:8042/v1/chat/completions "HTTP/1.1 200 OK"
QA Reading:  93%|█████████▎| 932/1000 [03:37<00:14,  4.69it/s]INFO:httpx:HTTP Request: POST http://localhost:8042/v1/chat/completions "HTTP/1.1 200 OK"
QA Reading:  93%|█████████▎| 933/1000 [03:38<00:16,  3.95it/s]INFO:httpx:HTTP Request: POST http://localhost:8042/v1/chat/completions "HTTP/1.1 200 OK"
QA Reading:  94%|█████████▎| 937/1000 [03:39<00:13,  4.59it/s]INFO:httpx:HTTP Request: POST http://localhost:8042/v1/chat/completions "HTTP/1.1 200 OK"
QA Reading:  94%|█████████▍| 938/1000 [03:40<00:22,  2.70it/s]INFO:httpx:HTTP Request: POST http://localhost:8042/v1/chat/completions "HTTP/1.1 200 OK"
QA Reading:  94%|█████████▍| 940/1000 [03:41<00:24,  2.44it/s]INFO:httpx:HTTP Request: POST http://localhost:8042/v1/chat/completions "HTTP/1.1 200 OK"
QA Reading:  94%|█████████▍| 943/1000 [03:42<00:21,  2.70it/s]INFO:httpx:HTTP Request: POST http://localhost:8042/v1/chat/completions "HTTP/1.1 200 OK"
QA Reading:  94%|█████████▍| 945/1000 [03:42<00:18,  2.93it/s]INFO:httpx:HTTP Request: POST http://localhost:8042/v1/chat/completions "HTTP/1.1 200 OK"
QA Reading:  95%|█████████▍| 946/1000 [03:43<00:22,  2.43it/s]INFO:httpx:HTTP Request: POST http://localhost:8042/v1/chat/completions "HTTP/1.1 200 OK"
QA Reading:  95%|█████████▍| 947/1000 [03:43<00:20,  2.53it/s]INFO:httpx:HTTP Request: POST http://localhost:8042/v1/chat/completions "HTTP/1.1 200 OK"
QA Reading:  95%|█████████▍| 949/1000 [03:44<00:18,  2.71it/s]INFO:httpx:HTTP Request: POST http://localhost:8042/v1/chat/completions "HTTP/1.1 200 OK"
QA Reading:  95%|█████████▌| 950/1000 [03:44<00:19,  2.59it/s]INFO:httpx:HTTP Request: POST http://localhost:8042/v1/chat/completions "HTTP/1.1 200 OK"
QA Reading:  95%|█████████▌| 953/1000 [03:45<00:13,  3.41it/s]INFO:httpx:HTTP Request: POST http://localhost:8042/v1/chat/completions "HTTP/1.1 200 OK"
QA Reading:  95%|█████████▌| 954/1000 [03:46<00:15,  2.95it/s]INFO:httpx:HTTP Request: POST http://localhost:8042/v1/chat/completions "HTTP/1.1 200 OK"
QA Reading:  96%|█████████▌| 955/1000 [03:46<00:16,  2.65it/s]INFO:httpx:HTTP Request: POST http://localhost:8042/v1/chat/completions "HTTP/1.1 200 OK"
QA Reading:  96%|█████████▌| 956/1000 [03:46<00:16,  2.62it/s]INFO:httpx:HTTP Request: POST http://localhost:8042/v1/chat/completions "HTTP/1.1 200 OK"
QA Reading:  96%|█████████▌| 958/1000 [03:47<00:12,  3.25it/s]INFO:httpx:HTTP Request: POST http://localhost:8042/v1/chat/completions "HTTP/1.1 200 OK"
QA Reading:  96%|█████████▌| 959/1000 [03:47<00:14,  2.78it/s]INFO:httpx:HTTP Request: POST http://localhost:8042/v1/chat/completions "HTTP/1.1 200 OK"
QA Reading:  96%|█████████▌| 960/1000 [03:48<00:14,  2.82it/s]INFO:httpx:HTTP Request: POST http://localhost:8042/v1/chat/completions "HTTP/1.1 200 OK"
QA Reading:  96%|█████████▌| 961/1000 [03:48<00:14,  2.77it/s]INFO:httpx:HTTP Request: POST http://localhost:8042/v1/chat/completions "HTTP/1.1 200 OK"
QA Reading:  96%|█████████▌| 962/1000 [03:49<00:16,  2.36it/s]INFO:httpx:HTTP Request: POST http://localhost:8042/v1/chat/completions "HTTP/1.1 200 OK"
QA Reading:  96%|█████████▋| 963/1000 [03:49<00:16,  2.30it/s]INFO:httpx:HTTP Request: POST http://localhost:8042/v1/chat/completions "HTTP/1.1 200 OK"
QA Reading:  96%|█████████▋| 965/1000 [03:49<00:11,  3.12it/s]INFO:httpx:HTTP Request: POST http://localhost:8042/v1/chat/completions "HTTP/1.1 200 OK"
QA Reading:  97%|█████████▋| 968/1000 [03:50<00:06,  4.62it/s]INFO:httpx:HTTP Request: POST http://localhost:8042/v1/chat/completions "HTTP/1.1 200 OK"
QA Reading:  97%|█████████▋| 970/1000 [03:50<00:06,  4.64it/s]INFO:httpx:HTTP Request: POST http://localhost:8042/v1/chat/completions "HTTP/1.1 200 OK"
QA Reading:  97%|█████████▋| 971/1000 [03:51<00:07,  3.82it/s]INFO:httpx:HTTP Request: POST http://localhost:8042/v1/chat/completions "HTTP/1.1 200 OK"
QA Reading:  97%|█████████▋| 972/1000 [03:51<00:07,  3.51it/s]INFO:httpx:HTTP Request: POST http://localhost:8042/v1/chat/completions "HTTP/1.1 200 OK"
QA Reading:  97%|█████████▋| 973/1000 [03:52<00:09,  2.97it/s]INFO:httpx:HTTP Request: POST http://localhost:8042/v1/chat/completions "HTTP/1.1 200 OK"
QA Reading:  98%|█████████▊| 975/1000 [03:52<00:07,  3.41it/s]INFO:httpx:HTTP Request: POST http://localhost:8042/v1/chat/completions "HTTP/1.1 200 OK"
QA Reading:  98%|█████████▊| 979/1000 [03:53<00:04,  4.69it/s]INFO:httpx:HTTP Request: POST http://localhost:8042/v1/chat/completions "HTTP/1.1 200 OK"
QA Reading:  98%|█████████▊| 980/1000 [03:53<00:05,  3.69it/s]INFO:httpx:HTTP Request: POST http://localhost:8042/v1/chat/completions "HTTP/1.1 200 OK"
QA Reading:  98%|█████████▊| 981/1000 [03:54<00:06,  2.90it/s]INFO:httpx:HTTP Request: POST http://localhost:8042/v1/chat/completions "HTTP/1.1 200 OK"
QA Reading:  98%|█████████▊| 982/1000 [03:54<00:06,  2.74it/s]INFO:httpx:HTTP Request: POST http://localhost:8042/v1/chat/completions "HTTP/1.1 200 OK"
QA Reading:  98%|█████████▊| 983/1000 [03:55<00:06,  2.70it/s]INFO:httpx:HTTP Request: POST http://localhost:8042/v1/chat/completions "HTTP/1.1 200 OK"
QA Reading:  98%|█████████▊| 984/1000 [03:55<00:06,  2.50it/s]INFO:httpx:HTTP Request: POST http://localhost:8042/v1/chat/completions "HTTP/1.1 200 OK"
QA Reading:  98%|█████████▊| 985/1000 [03:56<00:05,  2.51it/s]INFO:httpx:HTTP Request: POST http://localhost:8042/v1/chat/completions "HTTP/1.1 200 OK"
QA Reading:  99%|█████████▊| 986/1000 [03:56<00:05,  2.47it/s]INFO:httpx:HTTP Request: POST http://localhost:8042/v1/chat/completions "HTTP/1.1 200 OK"
QA Reading:  99%|█████████▉| 990/1000 [03:56<00:02,  4.92it/s]INFO:httpx:HTTP Request: POST http://localhost:8042/v1/chat/completions "HTTP/1.1 200 OK"
QA Reading:  99%|█████████▉| 991/1000 [03:57<00:01,  4.72it/s]INFO:httpx:HTTP Request: POST http://localhost:8042/v1/chat/completions "HTTP/1.1 200 OK"
QA Reading:  99%|█████████▉| 992/1000 [03:57<00:01,  4.38it/s]INFO:httpx:HTTP Request: POST http://localhost:8042/v1/chat/completions "HTTP/1.1 200 OK"
QA Reading:  99%|█████████▉| 993/1000 [03:57<00:01,  3.52it/s]INFO:httpx:HTTP Request: POST http://localhost:8042/v1/chat/completions "HTTP/1.1 200 OK"
QA Reading:  99%|█████████▉| 994/1000 [03:58<00:01,  3.35it/s]INFO:httpx:HTTP Request: POST http://localhost:8042/v1/chat/completions "HTTP/1.1 200 OK"
QA Reading: 100%|█████████▉| 997/1000 [03:58<00:00,  5.48it/s]INFO:httpx:HTTP Request: POST http://localhost:8042/v1/chat/completions "HTTP/1.1 200 OK"
QA Reading: 100%|█████████▉| 998/1000 [03:58<00:00,  4.49it/s]INFO:httpx:HTTP Request: POST http://localhost:8042/v1/chat/completions "HTTP/1.1 200 OK"
QA Reading: 100%|█████████▉| 999/1000 [03:59<00:00,  3.69it/s]INFO:httpx:HTTP Request: POST http://localhost:8042/v1/chat/completions "HTTP/1.1 200 OK"
QA Reading: 100%|██████████| 1000/1000 [03:59<00:00,  3.50it/s]QA Reading: 100%|██████████| 1000/1000 [03:59<00:00,  4.18it/s]
Extraction Answers from LLM Response: 0it [00:00, ?it/s]Extraction Answers from LLM Response: 1000it [00:00, 11034.80it/s]
INFO:src.hipporag.HippoRAG:Evaluation results for QA: {'ExactMatch': 0.612, 'F1': 0.7267}
INFO:__main__:Setwise selector daec_noisyor[bridge]@100: EM=0.6120 (delta=+0.0170), F1=0.7267
WARNING:src.hipporag.evaluation.retrieval_eval:Length of retrieved docs (100) is smaller than largest topk for recall score (200)
WARNING:src.hipporag.evaluation.retrieval_eval:Length of retrieved docs (100) is smaller than largest topk for recall score (200)
WARNING:src.hipporag.evaluation.retrieval_eval:Length of retrieved docs (100) is smaller than largest topk for recall score (200)
WARNING:src.hipporag.evaluation.retrieval_eval:Length of retrieved docs (100) is smaller than largest topk for recall score (200)
WARNING:src.hipporag.evaluation.retrieval_eval:Length of retrieved docs (100) is smaller than largest topk for recall score (200)
WARNING:src.hipporag.evaluation.retrieval_eval:Length of retrieved docs (100) is smaller than largest topk for recall score (200)
WARNING:src.hipporag.evaluation.retrieval_eval:Length of retrieved docs (100) is smaller than largest topk for recall score (200)
WARNING:src.hipporag.evaluation.retrieval_eval:Length of retrieved docs (100) is smaller than largest topk for recall score (200)
WARNING:src.hipporag.evaluation.retrieval_eval:Length of retrieved docs (100) is smaller than largest topk for recall score (200)
WARNING:src.hipporag.evaluation.retrieval_eval:Length of retrieved docs (100) is smaller than largest topk for recall score (200)
WARNING:src.hipporag.evaluation.retrieval_eval:Length of retrieved docs (100) is smaller than largest topk for recall score (200)
WARNING:src.hipporag.evaluation.retrieval_eval:Length of retrieved docs (100) is smaller than largest topk for recall score (200)
WARNING:src.hipporag.evaluation.retrieval_eval:Length of retrieved docs (100) is smaller than largest topk for recall score (200)
WARNING:src.hipporag.evaluation.retrieval_eval:Length of retrieved docs (100) is smaller than largest topk for recall score (200)
WARNING:src.hipporag.evaluation.retrieval_eval:Length of retrieved docs (100) is smaller than largest topk for recall score (200)
WARNING:src.hipporag.evaluation.retrieval_eval:Length of retrieved docs (100) is smaller than largest topk for recall score (200)
WARNING:src.hipporag.evaluation.retrieval_eval:Length of retrieved docs (100) is smaller than largest topk for recall score (200)
WARNING:src.hipporag.evaluation.retrieval_eval:Length of retrieved docs (100) is smaller than largest topk for recall score (200)
WARNING:src.hipporag.evaluation.retrieval_eval:Length of retrieved docs (100) is smaller than largest topk for recall score (200)
WARNING:src.hipporag.evaluation.retrieval_eval:Length of retrieved docs (100) is smaller than largest topk for recall score (200)
WARNING:src.hipporag.evaluation.retrieval_eval:Length of retrieved docs (100) is smaller than largest topk for recall score (200)
WARNING:src.hipporag.evaluation.retrieval_eval:Length of retrieved docs (100) is smaller than largest topk for recall score (200)
WARNING:src.hipporag.evaluation.retrieval_eval:Length of retrieved docs (100) is smaller than largest topk for recall score (200)
WARNING:src.hipporag.evaluation.retrieval_eval:Length of retrieved docs (100) is smaller than largest topk for recall score (200)
WARNING:src.hipporag.evaluation.retrieval_eval:Length of retrieved docs (100) is smaller than largest topk for recall score (200)
WARNING:src.hipporag.evaluation.retrieval_eval:Length of retrieved docs (100) is smaller than largest topk for recall score (200)
WARNING:src.hipporag.evaluation.retrieval_eval:Length of retrieved docs (100) is smaller than largest topk for recall score (200)
WARNING:src.hipporag.evaluation.retrieval_eval:Length of retrieved docs (100) is smaller than largest topk for recall score (200)
WARNING:src.hipporag.evaluation.retrieval_eval:Length of retrieved docs (100) is smaller than largest topk for recall score (200)
WARNING:src.hipporag.evaluation.retrieval_eval:Length of retrieved docs (100) is smaller than largest topk for recall score (200)
WARNING:src.hipporag.evaluation.retrieval_eval:Length of retrieved docs (100) is smaller than largest topk for recall score (200)
WARNING:src.hipporag.evaluation.retrieval_eval:Length of retrieved docs (100) is smaller than largest topk for recall score (200)
WARNING:src.hipporag.evaluation.retrieval_eval:Length of retrieved docs (100) is smaller than largest topk for recall score (200)
WARNING:src.hipporag.evaluation.retrieval_eval:Length of retrieved docs (100) is smaller than largest topk for recall score (200)
WARNING:src.hipporag.evaluation.retrieval_eval:Length of retrieved docs (100) is smaller than largest topk for recall score (200)
WARNING:src.hipporag.evaluation.retrieval_eval:Length of retrieved docs (100) is smaller than largest topk for recall score (200)
WARNING:src.hipporag.evaluation.retrieval_eval:Length of retrieved docs (100) is smaller than largest topk for recall score (200)
WARNING:src.hipporag.evaluation.retrieval_eval:Length of retrieved docs (100) is smaller than largest topk for recall score (200)
WARNING:src.hipporag.evaluation.retrieval_eval:Length of retrieved docs (100) is smaller than largest topk for recall score (200)
WARNING:src.hipporag.evaluation.retrieval_eval:Length of retrieved docs (100) is smaller than largest topk for recall score (200)
WARNING:src.hipporag.evaluation.retrieval_eval:Length of retrieved docs (100) is smaller than largest topk for recall score (200)
WARNING:src.hipporag.evaluation.retrieval_eval:Length of retrieved docs (100) is smaller than largest topk for recall score (200)
WARNING:src.hipporag.evaluation.retrieval_eval:Length of retrieved docs (100) is smaller than largest topk for recall score (200)
WARNING:src.hipporag.evaluation.retrieval_eval:Length of retrieved docs (100) is smaller than largest topk for recall score (200)
WARNING:src.hipporag.evaluation.retrieval_eval:Length of retrieved docs (100) is smaller than largest topk for recall score (200)
WARNING:src.hipporag.evaluation.retrieval_eval:Length of retrieved docs (100) is smaller than largest topk for recall score (200)
WARNING:src.hipporag.evaluation.retrieval_eval:Length of retrieved docs (100) is smaller than largest topk for recall score (200)
WARNING:src.hipporag.evaluation.retrieval_eval:Length of retrieved docs (100) is smaller than largest topk for recall score (200)
WARNING:src.hipporag.evaluation.retrieval_eval:Length of retrieved docs (100) is smaller than largest topk for recall score (200)
WARNING:src.hipporag.evaluation.retrieval_eval:Length of retrieved docs (100) is smaller than largest topk for recall score (200)
WARNING:src.hipporag.evaluation.retrieval_eval:Length of retrieved docs (100) is smaller than largest topk for recall score (200)
WARNING:src.hipporag.evaluation.retrieval_eval:Length of retrieved docs (100) is smaller than largest topk for recall score (200)
WARNING:src.hipporag.evaluation.retrieval_eval:Length of retrieved docs (100) is smaller than largest topk for recall score (200)
WARNING:src.hipporag.evaluation.retrieval_eval:Length of retrieved docs (100) is smaller than largest topk for recall score (200)
WARNING:src.hipporag.evaluation.retrieval_eval:Length of retrieved docs (100) is smaller than largest topk for recall score (200)
WARNING:src.hipporag.evaluation.retrieval_eval:Length of retrieved docs (100) is smaller than largest topk for recall score (200)
WARNING:src.hipporag.evaluation.retrieval_eval:Length of retrieved docs (100) is smaller than largest topk for recall score (200)
WARNING:src.hipporag.evaluation.retrieval_eval:Length of retrieved docs (100) is smaller than largest topk for recall score (200)
WARNING:src.hipporag.evaluation.retrieval_eval:Length of retrieved docs (100) is smaller than largest topk for recall score (200)
WARNING:src.hipporag.evaluation.retrieval_eval:Length of retrieved docs (100) is smaller than largest topk for recall score (200)
WARNING:src.hipporag.evaluation.retrieval_eval:Length of retrieved docs (100) is smaller than largest topk for recall score (200)
WARNING:src.hipporag.evaluation.retrieval_eval:Length of retrieved docs (100) is smaller than largest topk for recall score (200)
WARNING:src.hipporag.evaluation.retrieval_eval:Length of retrieved docs (100) is smaller than largest topk for recall score (200)
WARNING:src.hipporag.evaluation.retrieval_eval:Length of retrieved docs (100) is smaller than largest topk for recall score (200)
WARNING:src.hipporag.evaluation.retrieval_eval:Length of retrieved docs (100) is smaller than largest topk for recall score (200)
WARNING:src.hipporag.evaluation.retrieval_eval:Length of retrieved docs (100) is smaller than largest topk for recall score (200)
WARNING:src.hipporag.evaluation.retrieval_eval:Length of retrieved docs (100) is smaller than largest topk for recall score (200)
WARNING:src.hipporag.evaluation.retrieval_eval:Length of retrieved docs (100) is smaller than largest topk for recall score (200)
WARNING:src.hipporag.evaluation.retrieval_eval:Length of retrieved docs (100) is smaller than largest topk for recall score (200)
WARNING:src.hipporag.evaluation.retrieval_eval:Length of retrieved docs (100) is smaller than largest topk for recall score (200)
WARNING:src.hipporag.evaluation.retrieval_eval:Length of retrieved docs (100) is smaller than largest topk for recall score (200)
WARNING:src.hipporag.evaluation.retrieval_eval:Length of retrieved docs (100) is smaller than largest topk for recall score (200)
WARNING:src.hipporag.evaluation.retrieval_eval:Length of retrieved docs (100) is smaller than largest topk for recall score (200)
WARNING:src.hipporag.evaluation.retrieval_eval:Length of retrieved docs (100) is smaller than largest topk for recall score (200)
WARNING:src.hipporag.evaluation.retrieval_eval:Length of retrieved docs (100) is smaller than largest topk for recall score (200)
WARNING:src.hipporag.evaluation.retrieval_eval:Length of retrieved docs (100) is smaller than largest topk for recall score (200)
WARNING:src.hipporag.evaluation.retrieval_eval:Length of retrieved docs (100) is smaller than largest topk for recall score (200)
WARNING:src.hipporag.evaluation.retrieval_eval:Length of retrieved docs (100) is smaller than largest topk for recall score (200)
WARNING:src.hipporag.evaluation.retrieval_eval:Length of retrieved docs (100) is smaller than largest topk for recall score (200)
WARNING:src.hipporag.evaluation.retrieval_eval:Length of retrieved docs (100) is smaller than largest topk for recall score (200)
WARNING:src.hipporag.evaluation.retrieval_eval:Length of retrieved docs (100) is smaller than largest topk for recall score (200)
WARNING:src.hipporag.evaluation.retrieval_eval:Length of retrieved docs (100) is smaller than largest topk for recall score (200)
WARNING:src.hipporag.evaluation.retrieval_eval:Length of retrieved docs (100) is smaller than largest topk for recall score (200)
WARNING:src.hipporag.evaluation.retrieval_eval:Length of retrieved docs (100) is smaller than largest topk for recall score (200)
WARNING:src.hipporag.evaluation.retrieval_eval:Length of retrieved docs (100) is smaller than largest topk for recall score (200)
WARNING:src.hipporag.evaluation.retrieval_eval:Length of retrieved docs (100) is smaller than largest topk for recall score (200)
WARNING:src.hipporag.evaluation.retrieval_eval:Length of retrieved docs (100) is smaller than largest topk for recall score (200)
WARNING:src.hipporag.evaluation.retrieval_eval:Length of retrieved docs (100) is smaller than largest topk for recall score (200)
WARNING:src.hipporag.evaluation.retrieval_eval:Length of retrieved docs (100) is smaller than largest topk for recall score (200)
WARNING:src.hipporag.evaluation.retrieval_eval:Length of retrieved docs (100) is smaller than largest topk for recall score (200)
WARNING:src.hipporag.evaluation.retrieval_eval:Length of retrieved docs (100) is smaller than largest topk for recall score (200)
WARNING:src.hipporag.evaluation.retrieval_eval:Length of retrieved docs (100) is smaller than largest topk for recall score (200)
WARNING:src.hipporag.evaluation.retrieval_eval:Length of retrieved docs (100) is smaller than largest topk for recall score (200)
WARNING:src.hipporag.evaluation.retrieval_eval:Length of retrieved docs (100) is smaller than largest topk for recall score (200)
WARNING:src.hipporag.evaluation.retrieval_eval:Length of retrieved docs (100) is smaller than largest topk for recall score (200)
WARNING:src.hipporag.evaluation.retrieval_eval:Length of retrieved docs (100) is smaller than largest topk for recall score (200)
WARNING:src.hipporag.evaluation.retrieval_eval:Length of retrieved docs (100) is smaller than largest topk for recall score (200)
WARNING:src.hipporag.evaluation.retrieval_eval:Length of retrieved docs (100) is smaller than largest topk for recall score (200)
WARNING:src.hipporag.evaluation.retrieval_eval:Length of retrieved docs (100) is smaller than largest topk for recall score (200)
WARNING:src.hipporag.evaluation.retrieval_eval:Length of retrieved docs (100) is smaller than largest topk for recall score (200)
WARNING:src.hipporag.evaluation.retrieval_eval:Length of retrieved docs (100) is smaller than largest topk for recall score (200)
WARNING:src.hipporag.evaluation.retrieval_eval:Length of retrieved docs (100) is smaller than largest topk for recall score (200)
WARNING:src.hipporag.evaluation.retrieval_eval:Length of retrieved docs (100) is smaller than largest topk for recall score (200)
WARNING:src.hipporag.evaluation.retrieval_eval:Length of retrieved docs (100) is smaller than largest topk for recall score (200)
WARNING:src.hipporag.evaluation.retrieval_eval:Length of retrieved docs (100) is smaller than largest topk for recall score (200)
WARNING:src.hipporag.evaluation.retrieval_eval:Length of retrieved docs (100) is smaller than largest topk for recall score (200)
WARNING:src.hipporag.evaluation.retrieval_eval:Length of retrieved docs (100) is smaller than largest topk for recall score (200)
WARNING:src.hipporag.evaluation.retrieval_eval:Length of retrieved docs (100) is smaller than largest topk for recall score (200)
WARNING:src.hipporag.evaluation.retrieval_eval:Length of retrieved docs (100) is smaller than largest topk for recall score (200)
WARNING:src.hipporag.evaluation.retrieval_eval:Length of retrieved docs (100) is smaller than largest topk for recall score (200)
WARNING:src.hipporag.evaluation.retrieval_eval:Length of retrieved docs (100) is smaller than largest topk for recall score (200)
WARNING:src.hipporag.evaluation.retrieval_eval:Length of retrieved docs (100) is smaller than largest topk for recall score (200)
WARNING:src.hipporag.evaluation.retrieval_eval:Length of retrieved docs (100) is smaller than largest topk for recall score (200)
WARNING:src.hipporag.evaluation.retrieval_eval:Length of retrieved docs (100) is smaller than largest topk for recall score (200)
WARNING:src.hipporag.evaluation.retrieval_eval:Length of retrieved docs (100) is smaller than largest topk for recall score (200)
WARNING:src.hipporag.evaluation.retrieval_eval:Length of retrieved docs (100) is smaller than largest topk for recall score (200)
WARNING:src.hipporag.evaluation.retrieval_eval:Length of retrieved docs (100) is smaller than largest topk for recall score (200)
WARNING:src.hipporag.evaluation.retrieval_eval:Length of retrieved docs (100) is smaller than largest topk for recall score (200)
WARNING:src.hipporag.evaluation.retrieval_eval:Length of retrieved docs (100) is smaller than largest topk for recall score (200)
WARNING:src.hipporag.evaluation.retrieval_eval:Length of retrieved docs (100) is smaller than largest topk for recall score (200)
WARNING:src.hipporag.evaluation.retrieval_eval:Length of retrieved docs (100) is smaller than largest topk for recall score (200)
WARNING:src.hipporag.evaluation.retrieval_eval:Length of retrieved docs (100) is smaller than largest topk for recall score (200)
WARNING:src.hipporag.evaluation.retrieval_eval:Length of retrieved docs (100) is smaller than largest topk for recall score (200)
WARNING:src.hipporag.evaluation.retrieval_eval:Length of retrieved docs (100) is smaller than largest topk for recall score (200)
WARNING:src.hipporag.evaluation.retrieval_eval:Length of retrieved docs (100) is smaller than largest topk for recall score (200)
WARNING:src.hipporag.evaluation.retrieval_eval:Length of retrieved docs (100) is smaller than largest topk for recall score (200)
WARNING:src.hipporag.evaluation.retrieval_eval:Length of retrieved docs (100) is smaller than largest topk for recall score (200)
WARNING:src.hipporag.evaluation.retrieval_eval:Length of retrieved docs (100) is smaller than largest topk for recall score (200)
WARNING:src.hipporag.evaluation.retrieval_eval:Length of retrieved docs (100) is smaller than largest topk for recall score (200)
WARNING:src.hipporag.evaluation.retrieval_eval:Length of retrieved docs (100) is smaller than largest topk for recall score (200)
WARNING:src.hipporag.evaluation.retrieval_eval:Length of retrieved docs (100) is smaller than largest topk for recall score (200)
WARNING:src.hipporag.evaluation.retrieval_eval:Length of retrieved docs (100) is smaller than largest topk for recall score (200)
WARNING:src.hipporag.evaluation.retrieval_eval:Length of retrieved docs (100) is smaller than largest topk for recall score (200)
WARNING:src.hipporag.evaluation.retrieval_eval:Length of retrieved docs (100) is smaller than largest topk for recall score (200)
WARNING:src.hipporag.evaluation.retrieval_eval:Length of retrieved docs (100) is smaller than largest topk for recall score (200)
WARNING:src.hipporag.evaluation.retrieval_eval:Length of retrieved docs (100) is smaller than largest topk for recall score (200)
WARNING:src.hipporag.evaluation.retrieval_eval:Length of retrieved docs (100) is smaller than largest topk for recall score (200)
WARNING:src.hipporag.evaluation.retrieval_eval:Length of retrieved docs (100) is smaller than largest topk for recall score (200)
WARNING:src.hipporag.evaluation.retrieval_eval:Length of retrieved docs (100) is smaller than largest topk for recall score (200)
WARNING:src.hipporag.evaluation.retrieval_eval:Length of retrieved docs (100) is smaller than largest topk for recall score (200)
WARNING:src.hipporag.evaluation.retrieval_eval:Length of retrieved docs (100) is smaller than largest topk for recall score (200)
WARNING:src.hipporag.evaluation.retrieval_eval:Length of retrieved docs (100) is smaller than largest topk for recall score (200)
WARNING:src.hipporag.evaluation.retrieval_eval:Length of retrieved docs (100) is smaller than largest topk for recall score (200)
WARNING:src.hipporag.evaluation.retrieval_eval:Length of retrieved docs (100) is smaller than largest topk for recall score (200)
WARNING:src.hipporag.evaluation.retrieval_eval:Length of retrieved docs (100) is smaller than largest topk for recall score (200)
WARNING:src.hipporag.evaluation.retrieval_eval:Length of retrieved docs (100) is smaller than largest topk for recall score (200)
WARNING:src.hipporag.evaluation.retrieval_eval:Length of retrieved docs (100) is smaller than largest topk for recall score (200)
WARNING:src.hipporag.evaluation.retrieval_eval:Length of retrieved docs (100) is smaller than largest topk for recall score (200)
WARNING:src.hipporag.evaluation.retrieval_eval:Length of retrieved docs (100) is smaller than largest topk for recall score (200)
WARNING:src.hipporag.evaluation.retrieval_eval:Length of retrieved docs (100) is smaller than largest topk for recall score (200)
WARNING:src.hipporag.evaluation.retrieval_eval:Length of retrieved docs (100) is smaller than largest topk for recall score (200)
WARNING:src.hipporag.evaluation.retrieval_eval:Length of retrieved docs (100) is smaller than largest topk for recall score (200)
WARNING:src.hipporag.evaluation.retrieval_eval:Length of retrieved docs (100) is smaller than largest topk for recall score (200)
WARNING:src.hipporag.evaluation.retrieval_eval:Length of retrieved docs (100) is smaller than largest topk for recall score (200)
WARNING:src.hipporag.evaluation.retrieval_eval:Length of retrieved docs (100) is smaller than largest topk for recall score (200)
WARNING:src.hipporag.evaluation.retrieval_eval:Length of retrieved docs (100) is smaller than largest topk for recall score (200)
WARNING:src.hipporag.evaluation.retrieval_eval:Length of retrieved docs (100) is smaller than largest topk for recall score (200)
WARNING:src.hipporag.evaluation.retrieval_eval:Length of retrieved docs (100) is smaller than largest topk for recall score (200)
WARNING:src.hipporag.evaluation.retrieval_eval:Length of retrieved docs (100) is smaller than largest topk for recall score (200)
WARNING:src.hipporag.evaluation.retrieval_eval:Length of retrieved docs (100) is smaller than largest topk for recall score (200)
WARNING:src.hipporag.evaluation.retrieval_eval:Length of retrieved docs (100) is smaller than largest topk for recall score (200)
WARNING:src.hipporag.evaluation.retrieval_eval:Length of retrieved docs (100) is smaller than largest topk for recall score (200)
WARNING:src.hipporag.evaluation.retrieval_eval:Length of retrieved docs (100) is smaller than largest topk for recall score (200)
WARNING:src.hipporag.evaluation.retrieval_eval:Length of retrieved docs (100) is smaller than largest topk for recall score (200)
WARNING:src.hipporag.evaluation.retrieval_eval:Length of retrieved docs (100) is smaller than largest topk for recall score (200)
WARNING:src.hipporag.evaluation.retrieval_eval:Length of retrieved docs (100) is smaller than largest topk for recall score (200)
WARNING:src.hipporag.evaluation.retrieval_eval:Length of retrieved docs (100) is smaller than largest topk for recall score (200)
WARNING:src.hipporag.evaluation.retrieval_eval:Length of retrieved docs (100) is smaller than largest topk for recall score (200)
WARNING:src.hipporag.evaluation.retrieval_eval:Length of retrieved docs (100) is smaller than largest topk for recall score (200)
WARNING:src.hipporag.evaluation.retrieval_eval:Length of retrieved docs (100) is smaller than largest topk for recall score (200)
WARNING:src.hipporag.evaluation.retrieval_eval:Length of retrieved docs (100) is smaller than largest topk for recall score (200)
WARNING:src.hipporag.evaluation.retrieval_eval:Length of retrieved docs (100) is smaller than largest topk for recall score (200)
WARNING:src.hipporag.evaluation.retrieval_eval:Length of retrieved docs (100) is smaller than largest topk for recall score (200)
WARNING:src.hipporag.evaluation.retrieval_eval:Length of retrieved docs (100) is smaller than largest topk for recall score (200)
WARNING:src.hipporag.evaluation.retrieval_eval:Length of retrieved docs (100) is smaller than largest topk for recall score (200)
WARNING:src.hipporag.evaluation.retrieval_eval:Length of retrieved docs (100) is smaller than largest topk for recall score (200)
WARNING:src.hipporag.evaluation.retrieval_eval:Length of retrieved docs (100) is smaller than largest topk for recall score (200)
WARNING:src.hipporag.evaluation.retrieval_eval:Length of retrieved docs (100) is smaller than largest topk for recall score (200)
WARNING:src.hipporag.evaluation.retrieval_eval:Length of retrieved docs (100) is smaller than largest topk for recall score (200)
WARNING:src.hipporag.evaluation.retrieval_eval:Length of retrieved docs (100) is smaller than largest topk for recall score (200)
WARNING:src.hipporag.evaluation.retrieval_eval:Length of retrieved docs (100) is smaller than largest topk for recall score (200)
WARNING:src.hipporag.evaluation.retrieval_eval:Length of retrieved docs (100) is smaller than largest topk for recall score (200)
WARNING:src.hipporag.evaluation.retrieval_eval:Length of retrieved docs (100) is smaller than largest topk for recall score (200)
WARNING:src.hipporag.evaluation.retrieval_eval:Length of retrieved docs (100) is smaller than largest topk for recall score (200)
WARNING:src.hipporag.evaluation.retrieval_eval:Length of retrieved docs (100) is smaller than largest topk for recall score (200)
WARNING:src.hipporag.evaluation.retrieval_eval:Length of retrieved docs (100) is smaller than largest topk for recall score (200)
WARNING:src.hipporag.evaluation.retrieval_eval:Length of retrieved docs (100) is smaller than largest topk for recall score (200)
WARNING:src.hipporag.evaluation.retrieval_eval:Length of retrieved docs (100) is smaller than largest topk for recall score (200)
WARNING:src.hipporag.evaluation.retrieval_eval:Length of retrieved docs (100) is smaller than largest topk for recall score (200)
WARNING:src.hipporag.evaluation.retrieval_eval:Length of retrieved docs (100) is smaller than largest topk for recall score (200)
WARNING:src.hipporag.evaluation.retrieval_eval:Length of retrieved docs (100) is smaller than largest topk for recall score (200)
WARNING:src.hipporag.evaluation.retrieval_eval:Length of retrieved docs (100) is smaller than largest topk for recall score (200)
WARNING:src.hipporag.evaluation.retrieval_eval:Length of retrieved docs (100) is smaller than largest topk for recall score (200)
WARNING:src.hipporag.evaluation.retrieval_eval:Length of retrieved docs (100) is smaller than largest topk for recall score (200)
WARNING:src.hipporag.evaluation.retrieval_eval:Length of retrieved docs (100) is smaller than largest topk for recall score (200)
WARNING:src.hipporag.evaluation.retrieval_eval:Length of retrieved docs (100) is smaller than largest topk for recall score (200)
WARNING:src.hipporag.evaluation.retrieval_eval:Length of retrieved docs (100) is smaller than largest topk for recall score (200)
WARNING:src.hipporag.evaluation.retrieval_eval:Length of retrieved docs (100) is smaller than largest topk for recall score (200)
WARNING:src.hipporag.evaluation.retrieval_eval:Length of retrieved docs (100) is smaller than largest topk for recall score (200)
WARNING:src.hipporag.evaluation.retrieval_eval:Length of retrieved docs (100) is smaller than largest topk for recall score (200)
WARNING:src.hipporag.evaluation.retrieval_eval:Length of retrieved docs (100) is smaller than largest topk for recall score (200)
WARNING:src.hipporag.evaluation.retrieval_eval:Length of retrieved docs (100) is smaller than largest topk for recall score (200)
WARNING:src.hipporag.evaluation.retrieval_eval:Length of retrieved docs (100) is smaller than largest topk for recall score (200)
WARNING:src.hipporag.evaluation.retrieval_eval:Length of retrieved docs (100) is smaller than largest topk for recall score (200)
WARNING:src.hipporag.evaluation.retrieval_eval:Length of retrieved docs (100) is smaller than largest topk for recall score (200)
WARNING:src.hipporag.evaluation.retrieval_eval:Length of retrieved docs (100) is smaller than largest topk for recall score (200)
WARNING:src.hipporag.evaluation.retrieval_eval:Length of retrieved docs (100) is smaller than largest topk for recall score (200)
WARNING:src.hipporag.evaluation.retrieval_eval:Length of retrieved docs (100) is smaller than largest topk for recall score (200)
WARNING:src.hipporag.evaluation.retrieval_eval:Length of retrieved docs (100) is smaller than largest topk for recall score (200)
WARNING:src.hipporag.evaluation.retrieval_eval:Length of retrieved docs (100) is smaller than largest topk for recall score (200)
WARNING:src.hipporag.evaluation.retrieval_eval:Length of retrieved docs (100) is smaller than largest topk for recall score (200)
WARNING:src.hipporag.evaluation.retrieval_eval:Length of retrieved docs (100) is smaller than largest topk for recall score (200)
WARNING:src.hipporag.evaluation.retrieval_eval:Length of retrieved docs (100) is smaller than largest topk for recall score (200)
WARNING:src.hipporag.evaluation.retrieval_eval:Length of retrieved docs (100) is smaller than largest topk for recall score (200)
WARNING:src.hipporag.evaluation.retrieval_eval:Length of retrieved docs (100) is smaller than largest topk for recall score (200)
WARNING:src.hipporag.evaluation.retrieval_eval:Length of retrieved docs (100) is smaller than largest topk for recall score (200)
WARNING:src.hipporag.evaluation.retrieval_eval:Length of retrieved docs (100) is smaller than largest topk for recall score (200)
WARNING:src.hipporag.evaluation.retrieval_eval:Length of retrieved docs (100) is smaller than largest topk for recall score (200)
WARNING:src.hipporag.evaluation.retrieval_eval:Length of retrieved docs (100) is smaller than largest topk for recall score (200)
WARNING:src.hipporag.evaluation.retrieval_eval:Length of retrieved docs (100) is smaller than largest topk for recall score (200)
WARNING:src.hipporag.evaluation.retrieval_eval:Length of retrieved docs (100) is smaller than largest topk for recall score (200)
WARNING:src.hipporag.evaluation.retrieval_eval:Length of retrieved docs (100) is smaller than largest topk for recall score (200)
WARNING:src.hipporag.evaluation.retrieval_eval:Length of retrieved docs (100) is smaller than largest topk for recall score (200)
WARNING:src.hipporag.evaluation.retrieval_eval:Length of retrieved docs (100) is smaller than largest topk for recall score (200)
WARNING:src.hipporag.evaluation.retrieval_eval:Length of retrieved docs (100) is smaller than largest topk for recall score (200)
WARNING:src.hipporag.evaluation.retrieval_eval:Length of retrieved docs (100) is smaller than largest topk for recall score (200)
WARNING:src.hipporag.evaluation.retrieval_eval:Length of retrieved docs (100) is smaller than largest topk for recall score (200)
WARNING:src.hipporag.evaluation.retrieval_eval:Length of retrieved docs (100) is smaller than largest topk for recall score (200)
WARNING:src.hipporag.evaluation.retrieval_eval:Length of retrieved docs (100) is smaller than largest topk for recall score (200)
WARNING:src.hipporag.evaluation.retrieval_eval:Length of retrieved docs (100) is smaller than largest topk for recall score (200)
WARNING:src.hipporag.evaluation.retrieval_eval:Length of retrieved docs (100) is smaller than largest topk for recall score (200)
WARNING:src.hipporag.evaluation.retrieval_eval:Length of retrieved docs (100) is smaller than largest topk for recall score (200)
WARNING:src.hipporag.evaluation.retrieval_eval:Length of retrieved docs (100) is smaller than largest topk for recall score (200)
WARNING:src.hipporag.evaluation.retrieval_eval:Length of retrieved docs (100) is smaller than largest topk for recall score (200)
WARNING:src.hipporag.evaluation.retrieval_eval:Length of retrieved docs (100) is smaller than largest topk for recall score (200)
WARNING:src.hipporag.evaluation.retrieval_eval:Length of retrieved docs (100) is smaller than largest topk for recall score (200)
WARNING:src.hipporag.evaluation.retrieval_eval:Length of retrieved docs (100) is smaller than largest topk for recall score (200)
WARNING:src.hipporag.evaluation.retrieval_eval:Length of retrieved docs (100) is smaller than largest topk for recall score (200)
WARNING:src.hipporag.evaluation.retrieval_eval:Length of retrieved docs (100) is smaller than largest topk for recall score (200)
WARNING:src.hipporag.evaluation.retrieval_eval:Length of retrieved docs (100) is smaller than largest topk for recall score (200)
WARNING:src.hipporag.evaluation.retrieval_eval:Length of retrieved docs (100) is smaller than largest topk for recall score (200)
WARNING:src.hipporag.evaluation.retrieval_eval:Length of retrieved docs (100) is smaller than largest topk for recall score (200)
WARNING:src.hipporag.evaluation.retrieval_eval:Length of retrieved docs (100) is smaller than largest topk for recall score (200)
WARNING:src.hipporag.evaluation.retrieval_eval:Length of retrieved docs (100) is smaller than largest topk for recall score (200)
WARNING:src.hipporag.evaluation.retrieval_eval:Length of retrieved docs (100) is smaller than largest topk for recall score (200)
WARNING:src.hipporag.evaluation.retrieval_eval:Length of retrieved docs (100) is smaller than largest topk for recall score (200)
WARNING:src.hipporag.evaluation.retrieval_eval:Length of retrieved docs (100) is smaller than largest topk for recall score (200)
WARNING:src.hipporag.evaluation.retrieval_eval:Length of retrieved docs (100) is smaller than largest topk for recall score (200)
WARNING:src.hipporag.evaluation.retrieval_eval:Length of retrieved docs (100) is smaller than largest topk for recall score (200)
WARNING:src.hipporag.evaluation.retrieval_eval:Length of retrieved docs (100) is smaller than largest topk for recall score (200)
WARNING:src.hipporag.evaluation.retrieval_eval:Length of retrieved docs (100) is smaller than largest topk for recall score (200)
WARNING:src.hipporag.evaluation.retrieval_eval:Length of retrieved docs (100) is smaller than largest topk for recall score (200)
WARNING:src.hipporag.evaluation.retrieval_eval:Length of retrieved docs (100) is smaller than largest topk for recall score (200)
WARNING:src.hipporag.evaluation.retrieval_eval:Length of retrieved docs (100) is smaller than largest topk for recall score (200)
WARNING:src.hipporag.evaluation.retrieval_eval:Length of retrieved docs (100) is smaller than largest topk for recall score (200)
WARNING:src.hipporag.evaluation.retrieval_eval:Length of retrieved docs (100) is smaller than largest topk for recall score (200)
WARNING:src.hipporag.evaluation.retrieval_eval:Length of retrieved docs (100) is smaller than largest topk for recall score (200)
WARNING:src.hipporag.evaluation.retrieval_eval:Length of retrieved docs (100) is smaller than largest topk for recall score (200)
WARNING:src.hipporag.evaluation.retrieval_eval:Length of retrieved docs (100) is smaller than largest topk for recall score (200)
WARNING:src.hipporag.evaluation.retrieval_eval:Length of retrieved docs (100) is smaller than largest topk for recall score (200)
WARNING:src.hipporag.evaluation.retrieval_eval:Length of retrieved docs (100) is smaller than largest topk for recall score (200)
WARNING:src.hipporag.evaluation.retrieval_eval:Length of retrieved docs (100) is smaller than largest topk for recall score (200)
WARNING:src.hipporag.evaluation.retrieval_eval:Length of retrieved docs (100) is smaller than largest topk for recall score (200)
WARNING:src.hipporag.evaluation.retrieval_eval:Length of retrieved docs (100) is smaller than largest topk for recall score (200)
WARNING:src.hipporag.evaluation.retrieval_eval:Length of retrieved docs (100) is smaller than largest topk for recall score (200)
WARNING:src.hipporag.evaluation.retrieval_eval:Length of retrieved docs (100) is smaller than largest topk for recall score (200)
WARNING:src.hipporag.evaluation.retrieval_eval:Length of retrieved docs (100) is smaller than largest topk for recall score (200)
WARNING:src.hipporag.evaluation.retrieval_eval:Length of retrieved docs (100) is smaller than largest topk for recall score (200)
WARNING:src.hipporag.evaluation.retrieval_eval:Length of retrieved docs (100) is smaller than largest topk for recall score (200)
WARNING:src.hipporag.evaluation.retrieval_eval:Length of retrieved docs (100) is smaller than largest topk for recall score (200)
WARNING:src.hipporag.evaluation.retrieval_eval:Length of retrieved docs (100) is smaller than largest topk for recall score (200)
WARNING:src.hipporag.evaluation.retrieval_eval:Length of retrieved docs (100) is smaller than largest topk for recall score (200)
WARNING:src.hipporag.evaluation.retrieval_eval:Length of retrieved docs (100) is smaller than largest topk for recall score (200)
WARNING:src.hipporag.evaluation.retrieval_eval:Length of retrieved docs (100) is smaller than largest topk for recall score (200)
WARNING:src.hipporag.evaluation.retrieval_eval:Length of retrieved docs (100) is smaller than largest topk for recall score (200)
WARNING:src.hipporag.evaluation.retrieval_eval:Length of retrieved docs (100) is smaller than largest topk for recall score (200)
WARNING:src.hipporag.evaluation.retrieval_eval:Length of retrieved docs (100) is smaller than largest topk for recall score (200)
WARNING:src.hipporag.evaluation.retrieval_eval:Length of retrieved docs (100) is smaller than largest topk for recall score (200)
WARNING:src.hipporag.evaluation.retrieval_eval:Length of retrieved docs (100) is smaller than largest topk for recall score (200)
WARNING:src.hipporag.evaluation.retrieval_eval:Length of retrieved docs (100) is smaller than largest topk for recall score (200)
WARNING:src.hipporag.evaluation.retrieval_eval:Length of retrieved docs (100) is smaller than largest topk for recall score (200)
WARNING:src.hipporag.evaluation.retrieval_eval:Length of retrieved docs (100) is smaller than largest topk for recall score (200)
WARNING:src.hipporag.evaluation.retrieval_eval:Length of retrieved docs (100) is smaller than largest topk for recall score (200)
WARNING:src.hipporag.evaluation.retrieval_eval:Length of retrieved docs (100) is smaller than largest topk for recall score (200)
WARNING:src.hipporag.evaluation.retrieval_eval:Length of retrieved docs (100) is smaller than largest topk for recall score (200)
WARNING:src.hipporag.evaluation.retrieval_eval:Length of retrieved docs (100) is smaller than largest topk for recall score (200)
WARNING:src.hipporag.evaluation.retrieval_eval:Length of retrieved docs (100) is smaller than largest topk for recall score (200)
WARNING:src.hipporag.evaluation.retrieval_eval:Length of retrieved docs (100) is smaller than largest topk for recall score (200)
WARNING:src.hipporag.evaluation.retrieval_eval:Length of retrieved docs (100) is smaller than largest topk for recall score (200)
WARNING:src.hipporag.evaluation.retrieval_eval:Length of retrieved docs (100) is smaller than largest topk for recall score (200)
WARNING:src.hipporag.evaluation.retrieval_eval:Length of retrieved docs (100) is smaller than largest topk for recall score (200)
WARNING:src.hipporag.evaluation.retrieval_eval:Length of retrieved docs (100) is smaller than largest topk for recall score (200)
WARNING:src.hipporag.evaluation.retrieval_eval:Length of retrieved docs (100) is smaller than largest topk for recall score (200)
WARNING:src.hipporag.evaluation.retrieval_eval:Length of retrieved docs (100) is smaller than largest topk for recall score (200)
WARNING:src.hipporag.evaluation.retrieval_eval:Length of retrieved docs (100) is smaller than largest topk for recall score (200)
WARNING:src.hipporag.evaluation.retrieval_eval:Length of retrieved docs (100) is smaller than largest topk for recall score (200)
WARNING:src.hipporag.evaluation.retrieval_eval:Length of retrieved docs (100) is smaller than largest topk for recall score (200)
WARNING:src.hipporag.evaluation.retrieval_eval:Length of retrieved docs (100) is smaller than largest topk for recall score (200)
WARNING:src.hipporag.evaluation.retrieval_eval:Length of retrieved docs (100) is smaller than largest topk for recall score (200)
WARNING:src.hipporag.evaluation.retrieval_eval:Length of retrieved docs (100) is smaller than largest topk for recall score (200)
WARNING:src.hipporag.evaluation.retrieval_eval:Length of retrieved docs (100) is smaller than largest topk for recall score (200)
WARNING:src.hipporag.evaluation.retrieval_eval:Length of retrieved docs (100) is smaller than largest topk for recall score (200)
WARNING:src.hipporag.evaluation.retrieval_eval:Length of retrieved docs (100) is smaller than largest topk for recall score (200)
WARNING:src.hipporag.evaluation.retrieval_eval:Length of retrieved docs (100) is smaller than largest topk for recall score (200)
WARNING:src.hipporag.evaluation.retrieval_eval:Length of retrieved docs (100) is smaller than largest topk for recall score (200)
WARNING:src.hipporag.evaluation.retrieval_eval:Length of retrieved docs (100) is smaller than largest topk for recall score (200)
WARNING:src.hipporag.evaluation.retrieval_eval:Length of retrieved docs (100) is smaller than largest topk for recall score (200)
WARNING:src.hipporag.evaluation.retrieval_eval:Length of retrieved docs (100) is smaller than largest topk for recall score (200)
WARNING:src.hipporag.evaluation.retrieval_eval:Length of retrieved docs (100) is smaller than largest topk for recall score (200)
WARNING:src.hipporag.evaluation.retrieval_eval:Length of retrieved docs (100) is smaller than largest topk for recall score (200)
WARNING:src.hipporag.evaluation.retrieval_eval:Length of retrieved docs (100) is smaller than largest topk for recall score (200)
WARNING:src.hipporag.evaluation.retrieval_eval:Length of retrieved docs (100) is smaller than largest topk for recall score (200)
WARNING:src.hipporag.evaluation.retrieval_eval:Length of retrieved docs (100) is smaller than largest topk for recall score (200)
WARNING:src.hipporag.evaluation.retrieval_eval:Length of retrieved docs (100) is smaller than largest topk for recall score (200)
WARNING:src.hipporag.evaluation.retrieval_eval:Length of retrieved docs (100) is smaller than largest topk for recall score (200)
WARNING:src.hipporag.evaluation.retrieval_eval:Length of retrieved docs (100) is smaller than largest topk for recall score (200)
WARNING:src.hipporag.evaluation.retrieval_eval:Length of retrieved docs (100) is smaller than largest topk for recall score (200)
WARNING:src.hipporag.evaluation.retrieval_eval:Length of retrieved docs (100) is smaller than largest topk for recall score (200)
WARNING:src.hipporag.evaluation.retrieval_eval:Length of retrieved docs (100) is smaller than largest topk for recall score (200)
WARNING:src.hipporag.evaluation.retrieval_eval:Length of retrieved docs (100) is smaller than largest topk for recall score (200)
WARNING:src.hipporag.evaluation.retrieval_eval:Length of retrieved docs (100) is smaller than largest topk for recall score (200)
WARNING:src.hipporag.evaluation.retrieval_eval:Length of retrieved docs (100) is smaller than largest topk for recall score (200)
WARNING:src.hipporag.evaluation.retrieval_eval:Length of retrieved docs (100) is smaller than largest topk for recall score (200)
WARNING:src.hipporag.evaluation.retrieval_eval:Length of retrieved docs (100) is smaller than largest topk for recall score (200)
WARNING:src.hipporag.evaluation.retrieval_eval:Length of retrieved docs (100) is smaller than largest topk for recall score (200)
WARNING:src.hipporag.evaluation.retrieval_eval:Length of retrieved docs (100) is smaller than largest topk for recall score (200)
WARNING:src.hipporag.evaluation.retrieval_eval:Length of retrieved docs (100) is smaller than largest topk for recall score (200)
WARNING:src.hipporag.evaluation.retrieval_eval:Length of retrieved docs (100) is smaller than largest topk for recall score (200)
WARNING:src.hipporag.evaluation.retrieval_eval:Length of retrieved docs (100) is smaller than largest topk for recall score (200)
WARNING:src.hipporag.evaluation.retrieval_eval:Length of retrieved docs (100) is smaller than largest topk for recall score (200)
WARNING:src.hipporag.evaluation.retrieval_eval:Length of retrieved docs (100) is smaller than largest topk for recall score (200)
WARNING:src.hipporag.evaluation.retrieval_eval:Length of retrieved docs (100) is smaller than largest topk for recall score (200)
WARNING:src.hipporag.evaluation.retrieval_eval:Length of retrieved docs (100) is smaller than largest topk for recall score (200)
WARNING:src.hipporag.evaluation.retrieval_eval:Length of retrieved docs (100) is smaller than largest topk for recall score (200)
WARNING:src.hipporag.evaluation.retrieval_eval:Length of retrieved docs (100) is smaller than largest topk for recall score (200)
WARNING:src.hipporag.evaluation.retrieval_eval:Length of retrieved docs (100) is smaller than largest topk for recall score (200)
WARNING:src.hipporag.evaluation.retrieval_eval:Length of retrieved docs (100) is smaller than largest topk for recall score (200)
WARNING:src.hipporag.evaluation.retrieval_eval:Length of retrieved docs (100) is smaller than largest topk for recall score (200)
WARNING:src.hipporag.evaluation.retrieval_eval:Length of retrieved docs (100) is smaller than largest topk for recall score (200)
WARNING:src.hipporag.evaluation.retrieval_eval:Length of retrieved docs (100) is smaller than largest topk for recall score (200)
WARNING:src.hipporag.evaluation.retrieval_eval:Length of retrieved docs (100) is smaller than largest topk for recall score (200)
WARNING:src.hipporag.evaluation.retrieval_eval:Length of retrieved docs (100) is smaller than largest topk for recall score (200)
WARNING:src.hipporag.evaluation.retrieval_eval:Length of retrieved docs (100) is smaller than largest topk for recall score (200)
WARNING:src.hipporag.evaluation.retrieval_eval:Length of retrieved docs (100) is smaller than largest topk for recall score (200)
WARNING:src.hipporag.evaluation.retrieval_eval:Length of retrieved docs (100) is smaller than largest topk for recall score (200)
WARNING:src.hipporag.evaluation.retrieval_eval:Length of retrieved docs (100) is smaller than largest topk for recall score (200)
WARNING:src.hipporag.evaluation.retrieval_eval:Length of retrieved docs (100) is smaller than largest topk for recall score (200)
WARNING:src.hipporag.evaluation.retrieval_eval:Length of retrieved docs (100) is smaller than largest topk for recall score (200)
WARNING:src.hipporag.evaluation.retrieval_eval:Length of retrieved docs (100) is smaller than largest topk for recall score (200)
WARNING:src.hipporag.evaluation.retrieval_eval:Length of retrieved docs (100) is smaller than largest topk for recall score (200)
WARNING:src.hipporag.evaluation.retrieval_eval:Length of retrieved docs (100) is smaller than largest topk for recall score (200)
WARNING:src.hipporag.evaluation.retrieval_eval:Length of retrieved docs (100) is smaller than largest topk for recall score (200)
WARNING:src.hipporag.evaluation.retrieval_eval:Length of retrieved docs (100) is smaller than largest topk for recall score (200)
WARNING:src.hipporag.evaluation.retrieval_eval:Length of retrieved docs (100) is smaller than largest topk for recall score (200)
WARNING:src.hipporag.evaluation.retrieval_eval:Length of retrieved docs (100) is smaller than largest topk for recall score (200)
WARNING:src.hipporag.evaluation.retrieval_eval:Length of retrieved docs (100) is smaller than largest topk for recall score (200)
WARNING:src.hipporag.evaluation.retrieval_eval:Length of retrieved docs (100) is smaller than largest topk for recall score (200)
WARNING:src.hipporag.evaluation.retrieval_eval:Length of retrieved docs (100) is smaller than largest topk for recall score (200)
WARNING:src.hipporag.evaluation.retrieval_eval:Length of retrieved docs (100) is smaller than largest topk for recall score (200)
WARNING:src.hipporag.evaluation.retrieval_eval:Length of retrieved docs (100) is smaller than largest topk for recall score (200)
WARNING:src.hipporag.evaluation.retrieval_eval:Length of retrieved docs (100) is smaller than largest topk for recall score (200)
WARNING:src.hipporag.evaluation.retrieval_eval:Length of retrieved docs (100) is smaller than largest topk for recall score (200)
WARNING:src.hipporag.evaluation.retrieval_eval:Length of retrieved docs (100) is smaller than largest topk for recall score (200)
WARNING:src.hipporag.evaluation.retrieval_eval:Length of retrieved docs (100) is smaller than largest topk for recall score (200)
WARNING:src.hipporag.evaluation.retrieval_eval:Length of retrieved docs (100) is smaller than largest topk for recall score (200)
WARNING:src.hipporag.evaluation.retrieval_eval:Length of retrieved docs (100) is smaller than largest topk for recall score (200)
WARNING:src.hipporag.evaluation.retrieval_eval:Length of retrieved docs (100) is smaller than largest topk for recall score (200)
WARNING:src.hipporag.evaluation.retrieval_eval:Length of retrieved docs (100) is smaller than largest topk for recall score (200)
WARNING:src.hipporag.evaluation.retrieval_eval:Length of retrieved docs (100) is smaller than largest topk for recall score (200)
WARNING:src.hipporag.evaluation.retrieval_eval:Length of retrieved docs (100) is smaller than largest topk for recall score (200)
WARNING:src.hipporag.evaluation.retrieval_eval:Length of retrieved docs (100) is smaller than largest topk for recall score (200)
WARNING:src.hipporag.evaluation.retrieval_eval:Length of retrieved docs (100) is smaller than largest topk for recall score (200)
WARNING:src.hipporag.evaluation.retrieval_eval:Length of retrieved docs (100) is smaller than largest topk for recall score (200)
WARNING:src.hipporag.evaluation.retrieval_eval:Length of retrieved docs (100) is smaller than largest topk for recall score (200)
WARNING:src.hipporag.evaluation.retrieval_eval:Length of retrieved docs (100) is smaller than largest topk for recall score (200)
WARNING:src.hipporag.evaluation.retrieval_eval:Length of retrieved docs (100) is smaller than largest topk for recall score (200)
WARNING:src.hipporag.evaluation.retrieval_eval:Length of retrieved docs (100) is smaller than largest topk for recall score (200)
WARNING:src.hipporag.evaluation.retrieval_eval:Length of retrieved docs (100) is smaller than largest topk for recall score (200)
WARNING:src.hipporag.evaluation.retrieval_eval:Length of retrieved docs (100) is smaller than largest topk for recall score (200)
WARNING:src.hipporag.evaluation.retrieval_eval:Length of retrieved docs (100) is smaller than largest topk for recall score (200)
WARNING:src.hipporag.evaluation.retrieval_eval:Length of retrieved docs (100) is smaller than largest topk for recall score (200)
WARNING:src.hipporag.evaluation.retrieval_eval:Length of retrieved docs (100) is smaller than largest topk for recall score (200)
WARNING:src.hipporag.evaluation.retrieval_eval:Length of retrieved docs (100) is smaller than largest topk for recall score (200)
WARNING:src.hipporag.evaluation.retrieval_eval:Length of retrieved docs (100) is smaller than largest topk for recall score (200)
WARNING:src.hipporag.evaluation.retrieval_eval:Length of retrieved docs (100) is smaller than largest topk for recall score (200)
WARNING:src.hipporag.evaluation.retrieval_eval:Length of retrieved docs (100) is smaller than largest topk for recall score (200)
WARNING:src.hipporag.evaluation.retrieval_eval:Length of retrieved docs (100) is smaller than largest topk for recall score (200)
WARNING:src.hipporag.evaluation.retrieval_eval:Length of retrieved docs (100) is smaller than largest topk for recall score (200)
WARNING:src.hipporag.evaluation.retrieval_eval:Length of retrieved docs (100) is smaller than largest topk for recall score (200)
WARNING:src.hipporag.evaluation.retrieval_eval:Length of retrieved docs (100) is smaller than largest topk for recall score (200)
WARNING:src.hipporag.evaluation.retrieval_eval:Length of retrieved docs (100) is smaller than largest topk for recall score (200)
WARNING:src.hipporag.evaluation.retrieval_eval:Length of retrieved docs (100) is smaller than largest topk for recall score (200)
WARNING:src.hipporag.evaluation.retrieval_eval:Length of retrieved docs (100) is smaller than largest topk for recall score (200)
WARNING:src.hipporag.evaluation.retrieval_eval:Length of retrieved docs (100) is smaller than largest topk for recall score (200)
WARNING:src.hipporag.evaluation.retrieval_eval:Length of retrieved docs (100) is smaller than largest topk for recall score (200)
WARNING:src.hipporag.evaluation.retrieval_eval:Length of retrieved docs (100) is smaller than largest topk for recall score (200)
WARNING:src.hipporag.evaluation.retrieval_eval:Length of retrieved docs (100) is smaller than largest topk for recall score (200)
WARNING:src.hipporag.evaluation.retrieval_eval:Length of retrieved docs (100) is smaller than largest topk for recall score (200)
WARNING:src.hipporag.evaluation.retrieval_eval:Length of retrieved docs (100) is smaller than largest topk for recall score (200)
WARNING:src.hipporag.evaluation.retrieval_eval:Length of retrieved docs (100) is smaller than largest topk for recall score (200)
WARNING:src.hipporag.evaluation.retrieval_eval:Length of retrieved docs (100) is smaller than largest topk for recall score (200)
WARNING:src.hipporag.evaluation.retrieval_eval:Length of retrieved docs (100) is smaller than largest topk for recall score (200)
WARNING:src.hipporag.evaluation.retrieval_eval:Length of retrieved docs (100) is smaller than largest topk for recall score (200)
WARNING:src.hipporag.evaluation.retrieval_eval:Length of retrieved docs (100) is smaller than largest topk for recall score (200)
WARNING:src.hipporag.evaluation.retrieval_eval:Length of retrieved docs (100) is smaller than largest topk for recall score (200)
WARNING:src.hipporag.evaluation.retrieval_eval:Length of retrieved docs (100) is smaller than largest topk for recall score (200)
WARNING:src.hipporag.evaluation.retrieval_eval:Length of retrieved docs (100) is smaller than largest topk for recall score (200)
WARNING:src.hipporag.evaluation.retrieval_eval:Length of retrieved docs (100) is smaller than largest topk for recall score (200)
WARNING:src.hipporag.evaluation.retrieval_eval:Length of retrieved docs (100) is smaller than largest topk for recall score (200)
WARNING:src.hipporag.evaluation.retrieval_eval:Length of retrieved docs (100) is smaller than largest topk for recall score (200)
WARNING:src.hipporag.evaluation.retrieval_eval:Length of retrieved docs (100) is smaller than largest topk for recall score (200)
WARNING:src.hipporag.evaluation.retrieval_eval:Length of retrieved docs (100) is smaller than largest topk for recall score (200)
WARNING:src.hipporag.evaluation.retrieval_eval:Length of retrieved docs (100) is smaller than largest topk for recall score (200)
WARNING:src.hipporag.evaluation.retrieval_eval:Length of retrieved docs (100) is smaller than largest topk for recall score (200)
WARNING:src.hipporag.evaluation.retrieval_eval:Length of retrieved docs (100) is smaller than largest topk for recall score (200)
WARNING:src.hipporag.evaluation.retrieval_eval:Length of retrieved docs (100) is smaller than largest topk for recall score (200)
WARNING:src.hipporag.evaluation.retrieval_eval:Length of retrieved docs (100) is smaller than largest topk for recall score (200)
WARNING:src.hipporag.evaluation.retrieval_eval:Length of retrieved docs (100) is smaller than largest topk for recall score (200)
WARNING:src.hipporag.evaluation.retrieval_eval:Length of retrieved docs (100) is smaller than largest topk for recall score (200)
WARNING:src.hipporag.evaluation.retrieval_eval:Length of retrieved docs (100) is smaller than largest topk for recall score (200)
WARNING:src.hipporag.evaluation.retrieval_eval:Length of retrieved docs (100) is smaller than largest topk for recall score (200)
WARNING:src.hipporag.evaluation.retrieval_eval:Length of retrieved docs (100) is smaller than largest topk for recall score (200)
WARNING:src.hipporag.evaluation.retrieval_eval:Length of retrieved docs (100) is smaller than largest topk for recall score (200)
WARNING:src.hipporag.evaluation.retrieval_eval:Length of retrieved docs (100) is smaller than largest topk for recall score (200)
WARNING:src.hipporag.evaluation.retrieval_eval:Length of retrieved docs (100) is smaller than largest topk for recall score (200)
WARNING:src.hipporag.evaluation.retrieval_eval:Length of retrieved docs (100) is smaller than largest topk for recall score (200)
WARNING:src.hipporag.evaluation.retrieval_eval:Length of retrieved docs (100) is smaller than largest topk for recall score (200)
WARNING:src.hipporag.evaluation.retrieval_eval:Length of retrieved docs (100) is smaller than largest topk for recall score (200)
WARNING:src.hipporag.evaluation.retrieval_eval:Length of retrieved docs (100) is smaller than largest topk for recall score (200)
WARNING:src.hipporag.evaluation.retrieval_eval:Length of retrieved docs (100) is smaller than largest topk for recall score (200)
WARNING:src.hipporag.evaluation.retrieval_eval:Length of retrieved docs (100) is smaller than largest topk for recall score (200)
WARNING:src.hipporag.evaluation.retrieval_eval:Length of retrieved docs (100) is smaller than largest topk for recall score (200)
WARNING:src.hipporag.evaluation.retrieval_eval:Length of retrieved docs (100) is smaller than largest topk for recall score (200)
WARNING:src.hipporag.evaluation.retrieval_eval:Length of retrieved docs (100) is smaller than largest topk for recall score (200)
WARNING:src.hipporag.evaluation.retrieval_eval:Length of retrieved docs (100) is smaller than largest topk for recall score (200)
WARNING:src.hipporag.evaluation.retrieval_eval:Length of retrieved docs (100) is smaller than largest topk for recall score (200)
WARNING:src.hipporag.evaluation.retrieval_eval:Length of retrieved docs (100) is smaller than largest topk for recall score (200)
WARNING:src.hipporag.evaluation.retrieval_eval:Length of retrieved docs (100) is smaller than largest topk for recall score (200)
WARNING:src.hipporag.evaluation.retrieval_eval:Length of retrieved docs (100) is smaller than largest topk for recall score (200)
WARNING:src.hipporag.evaluation.retrieval_eval:Length of retrieved docs (100) is smaller than largest topk for recall score (200)
WARNING:src.hipporag.evaluation.retrieval_eval:Length of retrieved docs (100) is smaller than largest topk for recall score (200)
WARNING:src.hipporag.evaluation.retrieval_eval:Length of retrieved docs (100) is smaller than largest topk for recall score (200)
WARNING:src.hipporag.evaluation.retrieval_eval:Length of retrieved docs (100) is smaller than largest topk for recall score (200)
WARNING:src.hipporag.evaluation.retrieval_eval:Length of retrieved docs (100) is smaller than largest topk for recall score (200)
WARNING:src.hipporag.evaluation.retrieval_eval:Length of retrieved docs (100) is smaller than largest topk for recall score (200)
WARNING:src.hipporag.evaluation.retrieval_eval:Length of retrieved docs (100) is smaller than largest topk for recall score (200)
WARNING:src.hipporag.evaluation.retrieval_eval:Length of retrieved docs (100) is smaller than largest topk for recall score (200)
WARNING:src.hipporag.evaluation.retrieval_eval:Length of retrieved docs (100) is smaller than largest topk for recall score (200)
WARNING:src.hipporag.evaluation.retrieval_eval:Length of retrieved docs (100) is smaller than largest topk for recall score (200)
WARNING:src.hipporag.evaluation.retrieval_eval:Length of retrieved docs (100) is smaller than largest topk for recall score (200)
WARNING:src.hipporag.evaluation.retrieval_eval:Length of retrieved docs (100) is smaller than largest topk for recall score (200)
WARNING:src.hipporag.evaluation.retrieval_eval:Length of retrieved docs (100) is smaller than largest topk for recall score (200)
WARNING:src.hipporag.evaluation.retrieval_eval:Length of retrieved docs (100) is smaller than largest topk for recall score (200)
WARNING:src.hipporag.evaluation.retrieval_eval:Length of retrieved docs (100) is smaller than largest topk for recall score (200)
WARNING:src.hipporag.evaluation.retrieval_eval:Length of retrieved docs (100) is smaller than largest topk for recall score (200)
WARNING:src.hipporag.evaluation.retrieval_eval:Length of retrieved docs (100) is smaller than largest topk for recall score (200)
WARNING:src.hipporag.evaluation.retrieval_eval:Length of retrieved docs (100) is smaller than largest topk for recall score (200)
WARNING:src.hipporag.evaluation.retrieval_eval:Length of retrieved docs (100) is smaller than largest topk for recall score (200)
WARNING:src.hipporag.evaluation.retrieval_eval:Length of retrieved docs (100) is smaller than largest topk for recall score (200)
WARNING:src.hipporag.evaluation.retrieval_eval:Length of retrieved docs (100) is smaller than largest topk for recall score (200)
WARNING:src.hipporag.evaluation.retrieval_eval:Length of retrieved docs (100) is smaller than largest topk for recall score (200)
WARNING:src.hipporag.evaluation.retrieval_eval:Length of retrieved docs (100) is smaller than largest topk for recall score (200)
WARNING:src.hipporag.evaluation.retrieval_eval:Length of retrieved docs (100) is smaller than largest topk for recall score (200)
WARNING:src.hipporag.evaluation.retrieval_eval:Length of retrieved docs (100) is smaller than largest topk for recall score (200)
WARNING:src.hipporag.evaluation.retrieval_eval:Length of retrieved docs (100) is smaller than largest topk for recall score (200)
WARNING:src.hipporag.evaluation.retrieval_eval:Length of retrieved docs (100) is smaller than largest topk for recall score (200)
WARNING:src.hipporag.evaluation.retrieval_eval:Length of retrieved docs (100) is smaller than largest topk for recall score (200)
WARNING:src.hipporag.evaluation.retrieval_eval:Length of retrieved docs (100) is smaller than largest topk for recall score (200)
WARNING:src.hipporag.evaluation.retrieval_eval:Length of retrieved docs (100) is smaller than largest topk for recall score (200)
WARNING:src.hipporag.evaluation.retrieval_eval:Length of retrieved docs (100) is smaller than largest topk for recall score (200)
WARNING:src.hipporag.evaluation.retrieval_eval:Length of retrieved docs (100) is smaller than largest topk for recall score (200)
WARNING:src.hipporag.evaluation.retrieval_eval:Length of retrieved docs (100) is smaller than largest topk for recall score (200)
WARNING:src.hipporag.evaluation.retrieval_eval:Length of retrieved docs (100) is smaller than largest topk for recall score (200)
WARNING:src.hipporag.evaluation.retrieval_eval:Length of retrieved docs (100) is smaller than largest topk for recall score (200)
WARNING:src.hipporag.evaluation.retrieval_eval:Length of retrieved docs (100) is smaller than largest topk for recall score (200)
WARNING:src.hipporag.evaluation.retrieval_eval:Length of retrieved docs (100) is smaller than largest topk for recall score (200)
WARNING:src.hipporag.evaluation.retrieval_eval:Length of retrieved docs (100) is smaller than largest topk for recall score (200)
WARNING:src.hipporag.evaluation.retrieval_eval:Length of retrieved docs (100) is smaller than largest topk for recall score (200)
WARNING:src.hipporag.evaluation.retrieval_eval:Length of retrieved docs (100) is smaller than largest topk for recall score (200)
WARNING:src.hipporag.evaluation.retrieval_eval:Length of retrieved docs (100) is smaller than largest topk for recall score (200)
WARNING:src.hipporag.evaluation.retrieval_eval:Length of retrieved docs (100) is smaller than largest topk for recall score (200)
WARNING:src.hipporag.evaluation.retrieval_eval:Length of retrieved docs (100) is smaller than largest topk for recall score (200)
WARNING:src.hipporag.evaluation.retrieval_eval:Length of retrieved docs (100) is smaller than largest topk for recall score (200)
WARNING:src.hipporag.evaluation.retrieval_eval:Length of retrieved docs (100) is smaller than largest topk for recall score (200)
WARNING:src.hipporag.evaluation.retrieval_eval:Length of retrieved docs (100) is smaller than largest topk for recall score (200)
WARNING:src.hipporag.evaluation.retrieval_eval:Length of retrieved docs (100) is smaller than largest topk for recall score (200)
WARNING:src.hipporag.evaluation.retrieval_eval:Length of retrieved docs (100) is smaller than largest topk for recall score (200)
WARNING:src.hipporag.evaluation.retrieval_eval:Length of retrieved docs (100) is smaller than largest topk for recall score (200)
WARNING:src.hipporag.evaluation.retrieval_eval:Length of retrieved docs (100) is smaller than largest topk for recall score (200)
WARNING:src.hipporag.evaluation.retrieval_eval:Length of retrieved docs (100) is smaller than largest topk for recall score (200)
WARNING:src.hipporag.evaluation.retrieval_eval:Length of retrieved docs (100) is smaller than largest topk for recall score (200)
WARNING:src.hipporag.evaluation.retrieval_eval:Length of retrieved docs (100) is smaller than largest topk for recall score (200)
WARNING:src.hipporag.evaluation.retrieval_eval:Length of retrieved docs (100) is smaller than largest topk for recall score (200)
WARNING:src.hipporag.evaluation.retrieval_eval:Length of retrieved docs (100) is smaller than largest topk for recall score (200)
WARNING:src.hipporag.evaluation.retrieval_eval:Length of retrieved docs (100) is smaller than largest topk for recall score (200)
WARNING:src.hipporag.evaluation.retrieval_eval:Length of retrieved docs (100) is smaller than largest topk for recall score (200)
WARNING:src.hipporag.evaluation.retrieval_eval:Length of retrieved docs (100) is smaller than largest topk for recall score (200)
WARNING:src.hipporag.evaluation.retrieval_eval:Length of retrieved docs (100) is smaller than largest topk for recall score (200)
WARNING:src.hipporag.evaluation.retrieval_eval:Length of retrieved docs (100) is smaller than largest topk for recall score (200)
WARNING:src.hipporag.evaluation.retrieval_eval:Length of retrieved docs (100) is smaller than largest topk for recall score (200)
WARNING:src.hipporag.evaluation.retrieval_eval:Length of retrieved docs (100) is smaller than largest topk for recall score (200)
WARNING:src.hipporag.evaluation.retrieval_eval:Length of retrieved docs (100) is smaller than largest topk for recall score (200)
WARNING:src.hipporag.evaluation.retrieval_eval:Length of retrieved docs (100) is smaller than largest topk for recall score (200)
WARNING:src.hipporag.evaluation.retrieval_eval:Length of retrieved docs (100) is smaller than largest topk for recall score (200)
WARNING:src.hipporag.evaluation.retrieval_eval:Length of retrieved docs (100) is smaller than largest topk for recall score (200)
WARNING:src.hipporag.evaluation.retrieval_eval:Length of retrieved docs (100) is smaller than largest topk for recall score (200)
WARNING:src.hipporag.evaluation.retrieval_eval:Length of retrieved docs (100) is smaller than largest topk for recall score (200)
WARNING:src.hipporag.evaluation.retrieval_eval:Length of retrieved docs (100) is smaller than largest topk for recall score (200)
WARNING:src.hipporag.evaluation.retrieval_eval:Length of retrieved docs (100) is smaller than largest topk for recall score (200)
WARNING:src.hipporag.evaluation.retrieval_eval:Length of retrieved docs (100) is smaller than largest topk for recall score (200)
WARNING:src.hipporag.evaluation.retrieval_eval:Length of retrieved docs (100) is smaller than largest topk for recall score (200)
WARNING:src.hipporag.evaluation.retrieval_eval:Length of retrieved docs (100) is smaller than largest topk for recall score (200)
WARNING:src.hipporag.evaluation.retrieval_eval:Length of retrieved docs (100) is smaller than largest topk for recall score (200)
WARNING:src.hipporag.evaluation.retrieval_eval:Length of retrieved docs (100) is smaller than largest topk for recall score (200)
WARNING:src.hipporag.evaluation.retrieval_eval:Length of retrieved docs (100) is smaller than largest topk for recall score (200)
WARNING:src.hipporag.evaluation.retrieval_eval:Length of retrieved docs (100) is smaller than largest topk for recall score (200)
WARNING:src.hipporag.evaluation.retrieval_eval:Length of retrieved docs (100) is smaller than largest topk for recall score (200)
WARNING:src.hipporag.evaluation.retrieval_eval:Length of retrieved docs (100) is smaller than largest topk for recall score (200)
WARNING:src.hipporag.evaluation.retrieval_eval:Length of retrieved docs (100) is smaller than largest topk for recall score (200)
WARNING:src.hipporag.evaluation.retrieval_eval:Length of retrieved docs (100) is smaller than largest topk for recall score (200)
WARNING:src.hipporag.evaluation.retrieval_eval:Length of retrieved docs (100) is smaller than largest topk for recall score (200)
WARNING:src.hipporag.evaluation.retrieval_eval:Length of retrieved docs (100) is smaller than largest topk for recall score (200)
WARNING:src.hipporag.evaluation.retrieval_eval:Length of retrieved docs (100) is smaller than largest topk for recall score (200)
WARNING:src.hipporag.evaluation.retrieval_eval:Length of retrieved docs (100) is smaller than largest topk for recall score (200)
WARNING:src.hipporag.evaluation.retrieval_eval:Length of retrieved docs (100) is smaller than largest topk for recall score (200)
WARNING:src.hipporag.evaluation.retrieval_eval:Length of retrieved docs (100) is smaller than largest topk for recall score (200)
WARNING:src.hipporag.evaluation.retrieval_eval:Length of retrieved docs (100) is smaller than largest topk for recall score (200)
WARNING:src.hipporag.evaluation.retrieval_eval:Length of retrieved docs (100) is smaller than largest topk for recall score (200)
WARNING:src.hipporag.evaluation.retrieval_eval:Length of retrieved docs (100) is smaller than largest topk for recall score (200)
WARNING:src.hipporag.evaluation.retrieval_eval:Length of retrieved docs (100) is smaller than largest topk for recall score (200)
WARNING:src.hipporag.evaluation.retrieval_eval:Length of retrieved docs (100) is smaller than largest topk for recall score (200)
WARNING:src.hipporag.evaluation.retrieval_eval:Length of retrieved docs (100) is smaller than largest topk for recall score (200)
WARNING:src.hipporag.evaluation.retrieval_eval:Length of retrieved docs (100) is smaller than largest topk for recall score (200)
WARNING:src.hipporag.evaluation.retrieval_eval:Length of retrieved docs (100) is smaller than largest topk for recall score (200)
WARNING:src.hipporag.evaluation.retrieval_eval:Length of retrieved docs (100) is smaller than largest topk for recall score (200)
WARNING:src.hipporag.evaluation.retrieval_eval:Length of retrieved docs (100) is smaller than largest topk for recall score (200)
WARNING:src.hipporag.evaluation.retrieval_eval:Length of retrieved docs (100) is smaller than largest topk for recall score (200)
WARNING:src.hipporag.evaluation.retrieval_eval:Length of retrieved docs (100) is smaller than largest topk for recall score (200)
WARNING:src.hipporag.evaluation.retrieval_eval:Length of retrieved docs (100) is smaller than largest topk for recall score (200)
WARNING:src.hipporag.evaluation.retrieval_eval:Length of retrieved docs (100) is smaller than largest topk for recall score (200)
WARNING:src.hipporag.evaluation.retrieval_eval:Length of retrieved docs (100) is smaller than largest topk for recall score (200)
WARNING:src.hipporag.evaluation.retrieval_eval:Length of retrieved docs (100) is smaller than largest topk for recall score (200)
WARNING:src.hipporag.evaluation.retrieval_eval:Length of retrieved docs (100) is smaller than largest topk for recall score (200)
WARNING:src.hipporag.evaluation.retrieval_eval:Length of retrieved docs (100) is smaller than largest topk for recall score (200)
WARNING:src.hipporag.evaluation.retrieval_eval:Length of retrieved docs (100) is smaller than largest topk for recall score (200)
WARNING:src.hipporag.evaluation.retrieval_eval:Length of retrieved docs (100) is smaller than largest topk for recall score (200)
WARNING:src.hipporag.evaluation.retrieval_eval:Length of retrieved docs (100) is smaller than largest topk for recall score (200)
WARNING:src.hipporag.evaluation.retrieval_eval:Length of retrieved docs (100) is smaller than largest topk for recall score (200)
WARNING:src.hipporag.evaluation.retrieval_eval:Length of retrieved docs (100) is smaller than largest topk for recall score (200)
WARNING:src.hipporag.evaluation.retrieval_eval:Length of retrieved docs (100) is smaller than largest topk for recall score (200)
WARNING:src.hipporag.evaluation.retrieval_eval:Length of retrieved docs (100) is smaller than largest topk for recall score (200)
WARNING:src.hipporag.evaluation.retrieval_eval:Length of retrieved docs (100) is smaller than largest topk for recall score (200)
WARNING:src.hipporag.evaluation.retrieval_eval:Length of retrieved docs (100) is smaller than largest topk for recall score (200)
WARNING:src.hipporag.evaluation.retrieval_eval:Length of retrieved docs (100) is smaller than largest topk for recall score (200)
WARNING:src.hipporag.evaluation.retrieval_eval:Length of retrieved docs (100) is smaller than largest topk for recall score (200)
WARNING:src.hipporag.evaluation.retrieval_eval:Length of retrieved docs (100) is smaller than largest topk for recall score (200)
WARNING:src.hipporag.evaluation.retrieval_eval:Length of retrieved docs (100) is smaller than largest topk for recall score (200)
WARNING:src.hipporag.evaluation.retrieval_eval:Length of retrieved docs (100) is smaller than largest topk for recall score (200)
WARNING:src.hipporag.evaluation.retrieval_eval:Length of retrieved docs (100) is smaller than largest topk for recall score (200)
WARNING:src.hipporag.evaluation.retrieval_eval:Length of retrieved docs (100) is smaller than largest topk for recall score (200)
WARNING:src.hipporag.evaluation.retrieval_eval:Length of retrieved docs (100) is smaller than largest topk for recall score (200)
WARNING:src.hipporag.evaluation.retrieval_eval:Length of retrieved docs (100) is smaller than largest topk for recall score (200)
WARNING:src.hipporag.evaluation.retrieval_eval:Length of retrieved docs (100) is smaller than largest topk for recall score (200)
WARNING:src.hipporag.evaluation.retrieval_eval:Length of retrieved docs (100) is smaller than largest topk for recall score (200)
WARNING:src.hipporag.evaluation.retrieval_eval:Length of retrieved docs (100) is smaller than largest topk for recall score (200)
WARNING:src.hipporag.evaluation.retrieval_eval:Length of retrieved docs (100) is smaller than largest topk for recall score (200)
WARNING:src.hipporag.evaluation.retrieval_eval:Length of retrieved docs (100) is smaller than largest topk for recall score (200)
WARNING:src.hipporag.evaluation.retrieval_eval:Length of retrieved docs (100) is smaller than largest topk for recall score (200)
WARNING:src.hipporag.evaluation.retrieval_eval:Length of retrieved docs (100) is smaller than largest topk for recall score (200)
WARNING:src.hipporag.evaluation.retrieval_eval:Length of retrieved docs (100) is smaller than largest topk for recall score (200)
WARNING:src.hipporag.evaluation.retrieval_eval:Length of retrieved docs (100) is smaller than largest topk for recall score (200)
WARNING:src.hipporag.evaluation.retrieval_eval:Length of retrieved docs (100) is smaller than largest topk for recall score (200)
WARNING:src.hipporag.evaluation.retrieval_eval:Length of retrieved docs (100) is smaller than largest topk for recall score (200)
WARNING:src.hipporag.evaluation.retrieval_eval:Length of retrieved docs (100) is smaller than largest topk for recall score (200)
WARNING:src.hipporag.evaluation.retrieval_eval:Length of retrieved docs (100) is smaller than largest topk for recall score (200)
WARNING:src.hipporag.evaluation.retrieval_eval:Length of retrieved docs (100) is smaller than largest topk for recall score (200)
WARNING:src.hipporag.evaluation.retrieval_eval:Length of retrieved docs (100) is smaller than largest topk for recall score (200)
WARNING:src.hipporag.evaluation.retrieval_eval:Length of retrieved docs (100) is smaller than largest topk for recall score (200)
WARNING:src.hipporag.evaluation.retrieval_eval:Length of retrieved docs (100) is smaller than largest topk for recall score (200)
WARNING:src.hipporag.evaluation.retrieval_eval:Length of retrieved docs (100) is smaller than largest topk for recall score (200)
WARNING:src.hipporag.evaluation.retrieval_eval:Length of retrieved docs (100) is smaller than largest topk for recall score (200)
WARNING:src.hipporag.evaluation.retrieval_eval:Length of retrieved docs (100) is smaller than largest topk for recall score (200)
WARNING:src.hipporag.evaluation.retrieval_eval:Length of retrieved docs (100) is smaller than largest topk for recall score (200)
WARNING:src.hipporag.evaluation.retrieval_eval:Length of retrieved docs (100) is smaller than largest topk for recall score (200)
WARNING:src.hipporag.evaluation.retrieval_eval:Length of retrieved docs (100) is smaller than largest topk for recall score (200)
WARNING:src.hipporag.evaluation.retrieval_eval:Length of retrieved docs (100) is smaller than largest topk for recall score (200)
WARNING:src.hipporag.evaluation.retrieval_eval:Length of retrieved docs (100) is smaller than largest topk for recall score (200)
WARNING:src.hipporag.evaluation.retrieval_eval:Length of retrieved docs (100) is smaller than largest topk for recall score (200)
WARNING:src.hipporag.evaluation.retrieval_eval:Length of retrieved docs (100) is smaller than largest topk for recall score (200)
WARNING:src.hipporag.evaluation.retrieval_eval:Length of retrieved docs (100) is smaller than largest topk for recall score (200)
WARNING:src.hipporag.evaluation.retrieval_eval:Length of retrieved docs (100) is smaller than largest topk for recall score (200)
WARNING:src.hipporag.evaluation.retrieval_eval:Length of retrieved docs (100) is smaller than largest topk for recall score (200)
WARNING:src.hipporag.evaluation.retrieval_eval:Length of retrieved docs (100) is smaller than largest topk for recall score (200)
WARNING:src.hipporag.evaluation.retrieval_eval:Length of retrieved docs (100) is smaller than largest topk for recall score (200)
WARNING:src.hipporag.evaluation.retrieval_eval:Length of retrieved docs (100) is smaller than largest topk for recall score (200)
WARNING:src.hipporag.evaluation.retrieval_eval:Length of retrieved docs (100) is smaller than largest topk for recall score (200)
WARNING:src.hipporag.evaluation.retrieval_eval:Length of retrieved docs (100) is smaller than largest topk for recall score (200)
WARNING:src.hipporag.evaluation.retrieval_eval:Length of retrieved docs (100) is smaller than largest topk for recall score (200)
WARNING:src.hipporag.evaluation.retrieval_eval:Length of retrieved docs (100) is smaller than largest topk for recall score (200)
WARNING:src.hipporag.evaluation.retrieval_eval:Length of retrieved docs (100) is smaller than largest topk for recall score (200)
WARNING:src.hipporag.evaluation.retrieval_eval:Length of retrieved docs (100) is smaller than largest topk for recall score (200)
WARNING:src.hipporag.evaluation.retrieval_eval:Length of retrieved docs (100) is smaller than largest topk for recall score (200)
WARNING:src.hipporag.evaluation.retrieval_eval:Length of retrieved docs (100) is smaller than largest topk for recall score (200)
WARNING:src.hipporag.evaluation.retrieval_eval:Length of retrieved docs (100) is smaller than largest topk for recall score (200)
WARNING:src.hipporag.evaluation.retrieval_eval:Length of retrieved docs (100) is smaller than largest topk for recall score (200)
WARNING:src.hipporag.evaluation.retrieval_eval:Length of retrieved docs (100) is smaller than largest topk for recall score (200)
WARNING:src.hipporag.evaluation.retrieval_eval:Length of retrieved docs (100) is smaller than largest topk for recall score (200)
WARNING:src.hipporag.evaluation.retrieval_eval:Length of retrieved docs (100) is smaller than largest topk for recall score (200)
WARNING:src.hipporag.evaluation.retrieval_eval:Length of retrieved docs (100) is smaller than largest topk for recall score (200)
WARNING:src.hipporag.evaluation.retrieval_eval:Length of retrieved docs (100) is smaller than largest topk for recall score (200)
WARNING:src.hipporag.evaluation.retrieval_eval:Length of retrieved docs (100) is smaller than largest topk for recall score (200)
WARNING:src.hipporag.evaluation.retrieval_eval:Length of retrieved docs (100) is smaller than largest topk for recall score (200)
WARNING:src.hipporag.evaluation.retrieval_eval:Length of retrieved docs (100) is smaller than largest topk for recall score (200)
WARNING:src.hipporag.evaluation.retrieval_eval:Length of retrieved docs (100) is smaller than largest topk for recall score (200)
WARNING:src.hipporag.evaluation.retrieval_eval:Length of retrieved docs (100) is smaller than largest topk for recall score (200)
WARNING:src.hipporag.evaluation.retrieval_eval:Length of retrieved docs (100) is smaller than largest topk for recall score (200)
WARNING:src.hipporag.evaluation.retrieval_eval:Length of retrieved docs (100) is smaller than largest topk for recall score (200)
WARNING:src.hipporag.evaluation.retrieval_eval:Length of retrieved docs (100) is smaller than largest topk for recall score (200)
WARNING:src.hipporag.evaluation.retrieval_eval:Length of retrieved docs (100) is smaller than largest topk for recall score (200)
WARNING:src.hipporag.evaluation.retrieval_eval:Length of retrieved docs (100) is smaller than largest topk for recall score (200)
WARNING:src.hipporag.evaluation.retrieval_eval:Length of retrieved docs (100) is smaller than largest topk for recall score (200)
WARNING:src.hipporag.evaluation.retrieval_eval:Length of retrieved docs (100) is smaller than largest topk for recall score (200)
WARNING:src.hipporag.evaluation.retrieval_eval:Length of retrieved docs (100) is smaller than largest topk for recall score (200)
WARNING:src.hipporag.evaluation.retrieval_eval:Length of retrieved docs (100) is smaller than largest topk for recall score (200)
WARNING:src.hipporag.evaluation.retrieval_eval:Length of retrieved docs (100) is smaller than largest topk for recall score (200)
WARNING:src.hipporag.evaluation.retrieval_eval:Length of retrieved docs (100) is smaller than largest topk for recall score (200)
WARNING:src.hipporag.evaluation.retrieval_eval:Length of retrieved docs (100) is smaller than largest topk for recall score (200)
WARNING:src.hipporag.evaluation.retrieval_eval:Length of retrieved docs (100) is smaller than largest topk for recall score (200)
WARNING:src.hipporag.evaluation.retrieval_eval:Length of retrieved docs (100) is smaller than largest topk for recall score (200)
WARNING:src.hipporag.evaluation.retrieval_eval:Length of retrieved docs (100) is smaller than largest topk for recall score (200)
WARNING:src.hipporag.evaluation.retrieval_eval:Length of retrieved docs (100) is smaller than largest topk for recall score (200)
WARNING:src.hipporag.evaluation.retrieval_eval:Length of retrieved docs (100) is smaller than largest topk for recall score (200)
WARNING:src.hipporag.evaluation.retrieval_eval:Length of retrieved docs (100) is smaller than largest topk for recall score (200)
WARNING:src.hipporag.evaluation.retrieval_eval:Length of retrieved docs (100) is smaller than largest topk for recall score (200)
WARNING:src.hipporag.evaluation.retrieval_eval:Length of retrieved docs (100) is smaller than largest topk for recall score (200)
WARNING:src.hipporag.evaluation.retrieval_eval:Length of retrieved docs (100) is smaller than largest topk for recall score (200)
WARNING:src.hipporag.evaluation.retrieval_eval:Length of retrieved docs (100) is smaller than largest topk for recall score (200)
WARNING:src.hipporag.evaluation.retrieval_eval:Length of retrieved docs (100) is smaller than largest topk for recall score (200)
WARNING:src.hipporag.evaluation.retrieval_eval:Length of retrieved docs (100) is smaller than largest topk for recall score (200)
WARNING:src.hipporag.evaluation.retrieval_eval:Length of retrieved docs (100) is smaller than largest topk for recall score (200)
WARNING:src.hipporag.evaluation.retrieval_eval:Length of retrieved docs (100) is smaller than largest topk for recall score (200)
WARNING:src.hipporag.evaluation.retrieval_eval:Length of retrieved docs (100) is smaller than largest topk for recall score (200)
WARNING:src.hipporag.evaluation.retrieval_eval:Length of retrieved docs (100) is smaller than largest topk for recall score (200)
WARNING:src.hipporag.evaluation.retrieval_eval:Length of retrieved docs (100) is smaller than largest topk for recall score (200)
WARNING:src.hipporag.evaluation.retrieval_eval:Length of retrieved docs (100) is smaller than largest topk for recall score (200)
WARNING:src.hipporag.evaluation.retrieval_eval:Length of retrieved docs (100) is smaller than largest topk for recall score (200)
WARNING:src.hipporag.evaluation.retrieval_eval:Length of retrieved docs (100) is smaller than largest topk for recall score (200)
WARNING:src.hipporag.evaluation.retrieval_eval:Length of retrieved docs (100) is smaller than largest topk for recall score (200)
WARNING:src.hipporag.evaluation.retrieval_eval:Length of retrieved docs (100) is smaller than largest topk for recall score (200)
WARNING:src.hipporag.evaluation.retrieval_eval:Length of retrieved docs (100) is smaller than largest topk for recall score (200)
WARNING:src.hipporag.evaluation.retrieval_eval:Length of retrieved docs (100) is smaller than largest topk for recall score (200)
WARNING:src.hipporag.evaluation.retrieval_eval:Length of retrieved docs (100) is smaller than largest topk for recall score (200)
WARNING:src.hipporag.evaluation.retrieval_eval:Length of retrieved docs (100) is smaller than largest topk for recall score (200)
WARNING:src.hipporag.evaluation.retrieval_eval:Length of retrieved docs (100) is smaller than largest topk for recall score (200)
WARNING:src.hipporag.evaluation.retrieval_eval:Length of retrieved docs (100) is smaller than largest topk for recall score (200)
WARNING:src.hipporag.evaluation.retrieval_eval:Length of retrieved docs (100) is smaller than largest topk for recall score (200)
WARNING:src.hipporag.evaluation.retrieval_eval:Length of retrieved docs (100) is smaller than largest topk for recall score (200)
WARNING:src.hipporag.evaluation.retrieval_eval:Length of retrieved docs (100) is smaller than largest topk for recall score (200)
WARNING:src.hipporag.evaluation.retrieval_eval:Length of retrieved docs (100) is smaller than largest topk for recall score (200)
WARNING:src.hipporag.evaluation.retrieval_eval:Length of retrieved docs (100) is smaller than largest topk for recall score (200)
WARNING:src.hipporag.evaluation.retrieval_eval:Length of retrieved docs (100) is smaller than largest topk for recall score (200)
WARNING:src.hipporag.evaluation.retrieval_eval:Length of retrieved docs (100) is smaller than largest topk for recall score (200)
WARNING:src.hipporag.evaluation.retrieval_eval:Length of retrieved docs (100) is smaller than largest topk for recall score (200)
WARNING:src.hipporag.evaluation.retrieval_eval:Length of retrieved docs (100) is smaller than largest topk for recall score (200)
WARNING:src.hipporag.evaluation.retrieval_eval:Length of retrieved docs (100) is smaller than largest topk for recall score (200)
WARNING:src.hipporag.evaluation.retrieval_eval:Length of retrieved docs (100) is smaller than largest topk for recall score (200)
WARNING:src.hipporag.evaluation.retrieval_eval:Length of retrieved docs (100) is smaller than largest topk for recall score (200)
WARNING:src.hipporag.evaluation.retrieval_eval:Length of retrieved docs (100) is smaller than largest topk for recall score (200)
WARNING:src.hipporag.evaluation.retrieval_eval:Length of retrieved docs (100) is smaller than largest topk for recall score (200)
WARNING:src.hipporag.evaluation.retrieval_eval:Length of retrieved docs (100) is smaller than largest topk for recall score (200)
WARNING:src.hipporag.evaluation.retrieval_eval:Length of retrieved docs (100) is smaller than largest topk for recall score (200)
WARNING:src.hipporag.evaluation.retrieval_eval:Length of retrieved docs (100) is smaller than largest topk for recall score (200)
WARNING:src.hipporag.evaluation.retrieval_eval:Length of retrieved docs (100) is smaller than largest topk for recall score (200)
WARNING:src.hipporag.evaluation.retrieval_eval:Length of retrieved docs (100) is smaller than largest topk for recall score (200)
WARNING:src.hipporag.evaluation.retrieval_eval:Length of retrieved docs (100) is smaller than largest topk for recall score (200)
WARNING:src.hipporag.evaluation.retrieval_eval:Length of retrieved docs (100) is smaller than largest topk for recall score (200)
WARNING:src.hipporag.evaluation.retrieval_eval:Length of retrieved docs (100) is smaller than largest topk for recall score (200)
WARNING:src.hipporag.evaluation.retrieval_eval:Length of retrieved docs (100) is smaller than largest topk for recall score (200)
WARNING:src.hipporag.evaluation.retrieval_eval:Length of retrieved docs (100) is smaller than largest topk for recall score (200)
WARNING:src.hipporag.evaluation.retrieval_eval:Length of retrieved docs (100) is smaller than largest topk for recall score (200)
WARNING:src.hipporag.evaluation.retrieval_eval:Length of retrieved docs (100) is smaller than largest topk for recall score (200)
WARNING:src.hipporag.evaluation.retrieval_eval:Length of retrieved docs (100) is smaller than largest topk for recall score (200)
WARNING:src.hipporag.evaluation.retrieval_eval:Length of retrieved docs (100) is smaller than largest topk for recall score (200)
WARNING:src.hipporag.evaluation.retrieval_eval:Length of retrieved docs (100) is smaller than largest topk for recall score (200)
WARNING:src.hipporag.evaluation.retrieval_eval:Length of retrieved docs (100) is smaller than largest topk for recall score (200)
WARNING:src.hipporag.evaluation.retrieval_eval:Length of retrieved docs (100) is smaller than largest topk for recall score (200)
WARNING:src.hipporag.evaluation.retrieval_eval:Length of retrieved docs (100) is smaller than largest topk for recall score (200)
WARNING:src.hipporag.evaluation.retrieval_eval:Length of retrieved docs (100) is smaller than largest topk for recall score (200)
WARNING:src.hipporag.evaluation.retrieval_eval:Length of retrieved docs (100) is smaller than largest topk for recall score (200)
WARNING:src.hipporag.evaluation.retrieval_eval:Length of retrieved docs (100) is smaller than largest topk for recall score (200)
WARNING:src.hipporag.evaluation.retrieval_eval:Length of retrieved docs (100) is smaller than largest topk for recall score (200)
WARNING:src.hipporag.evaluation.retrieval_eval:Length of retrieved docs (100) is smaller than largest topk for recall score (200)
WARNING:src.hipporag.evaluation.retrieval_eval:Length of retrieved docs (100) is smaller than largest topk for recall score (200)
WARNING:src.hipporag.evaluation.retrieval_eval:Length of retrieved docs (100) is smaller than largest topk for recall score (200)
WARNING:src.hipporag.evaluation.retrieval_eval:Length of retrieved docs (100) is smaller than largest topk for recall score (200)
WARNING:src.hipporag.evaluation.retrieval_eval:Length of retrieved docs (100) is smaller than largest topk for recall score (200)
WARNING:src.hipporag.evaluation.retrieval_eval:Length of retrieved docs (100) is smaller than largest topk for recall score (200)
WARNING:src.hipporag.evaluation.retrieval_eval:Length of retrieved docs (100) is smaller than largest topk for recall score (200)
WARNING:src.hipporag.evaluation.retrieval_eval:Length of retrieved docs (100) is smaller than largest topk for recall score (200)
WARNING:src.hipporag.evaluation.retrieval_eval:Length of retrieved docs (100) is smaller than largest topk for recall score (200)
WARNING:src.hipporag.evaluation.retrieval_eval:Length of retrieved docs (100) is smaller than largest topk for recall score (200)
WARNING:src.hipporag.evaluation.retrieval_eval:Length of retrieved docs (100) is smaller than largest topk for recall score (200)
WARNING:src.hipporag.evaluation.retrieval_eval:Length of retrieved docs (100) is smaller than largest topk for recall score (200)
WARNING:src.hipporag.evaluation.retrieval_eval:Length of retrieved docs (100) is smaller than largest topk for recall score (200)
WARNING:src.hipporag.evaluation.retrieval_eval:Length of retrieved docs (100) is smaller than largest topk for recall score (200)
WARNING:src.hipporag.evaluation.retrieval_eval:Length of retrieved docs (100) is smaller than largest topk for recall score (200)
WARNING:src.hipporag.evaluation.retrieval_eval:Length of retrieved docs (100) is smaller than largest topk for recall score (200)
WARNING:src.hipporag.evaluation.retrieval_eval:Length of retrieved docs (100) is smaller than largest topk for recall score (200)
WARNING:src.hipporag.evaluation.retrieval_eval:Length of retrieved docs (100) is smaller than largest topk for recall score (200)
WARNING:src.hipporag.evaluation.retrieval_eval:Length of retrieved docs (100) is smaller than largest topk for recall score (200)
WARNING:src.hipporag.evaluation.retrieval_eval:Length of retrieved docs (100) is smaller than largest topk for recall score (200)
WARNING:src.hipporag.evaluation.retrieval_eval:Length of retrieved docs (100) is smaller than largest topk for recall score (200)
WARNING:src.hipporag.evaluation.retrieval_eval:Length of retrieved docs (100) is smaller than largest topk for recall score (200)
WARNING:src.hipporag.evaluation.retrieval_eval:Length of retrieved docs (100) is smaller than largest topk for recall score (200)
WARNING:src.hipporag.evaluation.retrieval_eval:Length of retrieved docs (100) is smaller than largest topk for recall score (200)
WARNING:src.hipporag.evaluation.retrieval_eval:Length of retrieved docs (100) is smaller than largest topk for recall score (200)
WARNING:src.hipporag.evaluation.retrieval_eval:Length of retrieved docs (100) is smaller than largest topk for recall score (200)
WARNING:src.hipporag.evaluation.retrieval_eval:Length of retrieved docs (100) is smaller than largest topk for recall score (200)
WARNING:src.hipporag.evaluation.retrieval_eval:Length of retrieved docs (100) is smaller than largest topk for recall score (200)
WARNING:src.hipporag.evaluation.retrieval_eval:Length of retrieved docs (100) is smaller than largest topk for recall score (200)
WARNING:src.hipporag.evaluation.retrieval_eval:Length of retrieved docs (100) is smaller than largest topk for recall score (200)
WARNING:src.hipporag.evaluation.retrieval_eval:Length of retrieved docs (100) is smaller than largest topk for recall score (200)
WARNING:src.hipporag.evaluation.retrieval_eval:Length of retrieved docs (100) is smaller than largest topk for recall score (200)
WARNING:src.hipporag.evaluation.retrieval_eval:Length of retrieved docs (100) is smaller than largest topk for recall score (200)
WARNING:src.hipporag.evaluation.retrieval_eval:Length of retrieved docs (100) is smaller than largest topk for recall score (200)
WARNING:src.hipporag.evaluation.retrieval_eval:Length of retrieved docs (100) is smaller than largest topk for recall score (200)
WARNING:src.hipporag.evaluation.retrieval_eval:Length of retrieved docs (100) is smaller than largest topk for recall score (200)
WARNING:src.hipporag.evaluation.retrieval_eval:Length of retrieved docs (100) is smaller than largest topk for recall score (200)
WARNING:src.hipporag.evaluation.retrieval_eval:Length of retrieved docs (100) is smaller than largest topk for recall score (200)
WARNING:src.hipporag.evaluation.retrieval_eval:Length of retrieved docs (100) is smaller than largest topk for recall score (200)
WARNING:src.hipporag.evaluation.retrieval_eval:Length of retrieved docs (100) is smaller than largest topk for recall score (200)
WARNING:src.hipporag.evaluation.retrieval_eval:Length of retrieved docs (100) is smaller than largest topk for recall score (200)
WARNING:src.hipporag.evaluation.retrieval_eval:Length of retrieved docs (100) is smaller than largest topk for recall score (200)
WARNING:src.hipporag.evaluation.retrieval_eval:Length of retrieved docs (100) is smaller than largest topk for recall score (200)
WARNING:src.hipporag.evaluation.retrieval_eval:Length of retrieved docs (100) is smaller than largest topk for recall score (200)
WARNING:src.hipporag.evaluation.retrieval_eval:Length of retrieved docs (100) is smaller than largest topk for recall score (200)
WARNING:src.hipporag.evaluation.retrieval_eval:Length of retrieved docs (100) is smaller than largest topk for recall score (200)
WARNING:src.hipporag.evaluation.retrieval_eval:Length of retrieved docs (100) is smaller than largest topk for recall score (200)
WARNING:src.hipporag.evaluation.retrieval_eval:Length of retrieved docs (100) is smaller than largest topk for recall score (200)
WARNING:src.hipporag.evaluation.retrieval_eval:Length of retrieved docs (100) is smaller than largest topk for recall score (200)
WARNING:src.hipporag.evaluation.retrieval_eval:Length of retrieved docs (100) is smaller than largest topk for recall score (200)
WARNING:src.hipporag.evaluation.retrieval_eval:Length of retrieved docs (100) is smaller than largest topk for recall score (200)
WARNING:src.hipporag.evaluation.retrieval_eval:Length of retrieved docs (100) is smaller than largest topk for recall score (200)
WARNING:src.hipporag.evaluation.retrieval_eval:Length of retrieved docs (100) is smaller than largest topk for recall score (200)
WARNING:src.hipporag.evaluation.retrieval_eval:Length of retrieved docs (100) is smaller than largest topk for recall score (200)
WARNING:src.hipporag.evaluation.retrieval_eval:Length of retrieved docs (100) is smaller than largest topk for recall score (200)
WARNING:src.hipporag.evaluation.retrieval_eval:Length of retrieved docs (100) is smaller than largest topk for recall score (200)
WARNING:src.hipporag.evaluation.retrieval_eval:Length of retrieved docs (100) is smaller than largest topk for recall score (200)
WARNING:src.hipporag.evaluation.retrieval_eval:Length of retrieved docs (100) is smaller than largest topk for recall score (200)
WARNING:src.hipporag.evaluation.retrieval_eval:Length of retrieved docs (100) is smaller than largest topk for recall score (200)
WARNING:src.hipporag.evaluation.retrieval_eval:Length of retrieved docs (100) is smaller than largest topk for recall score (200)
WARNING:src.hipporag.evaluation.retrieval_eval:Length of retrieved docs (100) is smaller than largest topk for recall score (200)
WARNING:src.hipporag.evaluation.retrieval_eval:Length of retrieved docs (100) is smaller than largest topk for recall score (200)
WARNING:src.hipporag.evaluation.retrieval_eval:Length of retrieved docs (100) is smaller than largest topk for recall score (200)
WARNING:src.hipporag.evaluation.retrieval_eval:Length of retrieved docs (100) is smaller than largest topk for recall score (200)
WARNING:src.hipporag.evaluation.retrieval_eval:Length of retrieved docs (100) is smaller than largest topk for recall score (200)
WARNING:src.hipporag.evaluation.retrieval_eval:Length of retrieved docs (100) is smaller than largest topk for recall score (200)
WARNING:src.hipporag.evaluation.retrieval_eval:Length of retrieved docs (100) is smaller than largest topk for recall score (200)
WARNING:src.hipporag.evaluation.retrieval_eval:Length of retrieved docs (100) is smaller than largest topk for recall score (200)
WARNING:src.hipporag.evaluation.retrieval_eval:Length of retrieved docs (100) is smaller than largest topk for recall score (200)
WARNING:src.hipporag.evaluation.retrieval_eval:Length of retrieved docs (100) is smaller than largest topk for recall score (200)
WARNING:src.hipporag.evaluation.retrieval_eval:Length of retrieved docs (100) is smaller than largest topk for recall score (200)
WARNING:src.hipporag.evaluation.retrieval_eval:Length of retrieved docs (100) is smaller than largest topk for recall score (200)
WARNING:src.hipporag.evaluation.retrieval_eval:Length of retrieved docs (100) is smaller than largest topk for recall score (200)
WARNING:src.hipporag.evaluation.retrieval_eval:Length of retrieved docs (100) is smaller than largest topk for recall score (200)
WARNING:src.hipporag.evaluation.retrieval_eval:Length of retrieved docs (100) is smaller than largest topk for recall score (200)
WARNING:src.hipporag.evaluation.retrieval_eval:Length of retrieved docs (100) is smaller than largest topk for recall score (200)
WARNING:src.hipporag.evaluation.retrieval_eval:Length of retrieved docs (100) is smaller than largest topk for recall score (200)
WARNING:src.hipporag.evaluation.retrieval_eval:Length of retrieved docs (100) is smaller than largest topk for recall score (200)
WARNING:src.hipporag.evaluation.retrieval_eval:Length of retrieved docs (100) is smaller than largest topk for recall score (200)
WARNING:src.hipporag.evaluation.retrieval_eval:Length of retrieved docs (100) is smaller than largest topk for recall score (200)
WARNING:src.hipporag.evaluation.retrieval_eval:Length of retrieved docs (100) is smaller than largest topk for recall score (200)
WARNING:src.hipporag.evaluation.retrieval_eval:Length of retrieved docs (100) is smaller than largest topk for recall score (200)
WARNING:src.hipporag.evaluation.retrieval_eval:Length of retrieved docs (100) is smaller than largest topk for recall score (200)
WARNING:src.hipporag.evaluation.retrieval_eval:Length of retrieved docs (100) is smaller than largest topk for recall score (200)
WARNING:src.hipporag.evaluation.retrieval_eval:Length of retrieved docs (100) is smaller than largest topk for recall score (200)
WARNING:src.hipporag.evaluation.retrieval_eval:Length of retrieved docs (100) is smaller than largest topk for recall score (200)
WARNING:src.hipporag.evaluation.retrieval_eval:Length of retrieved docs (100) is smaller than largest topk for recall score (200)
WARNING:src.hipporag.evaluation.retrieval_eval:Length of retrieved docs (100) is smaller than largest topk for recall score (200)
WARNING:src.hipporag.evaluation.retrieval_eval:Length of retrieved docs (100) is smaller than largest topk for recall score (200)
WARNING:src.hipporag.evaluation.retrieval_eval:Length of retrieved docs (100) is smaller than largest topk for recall score (200)
WARNING:src.hipporag.evaluation.retrieval_eval:Length of retrieved docs (100) is smaller than largest topk for recall score (200)
WARNING:src.hipporag.evaluation.retrieval_eval:Length of retrieved docs (100) is smaller than largest topk for recall score (200)
WARNING:src.hipporag.evaluation.retrieval_eval:Length of retrieved docs (100) is smaller than largest topk for recall score (200)
WARNING:src.hipporag.evaluation.retrieval_eval:Length of retrieved docs (100) is smaller than largest topk for recall score (200)
WARNING:src.hipporag.evaluation.retrieval_eval:Length of retrieved docs (100) is smaller than largest topk for recall score (200)
WARNING:src.hipporag.evaluation.retrieval_eval:Length of retrieved docs (100) is smaller than largest topk for recall score (200)
WARNING:src.hipporag.evaluation.retrieval_eval:Length of retrieved docs (100) is smaller than largest topk for recall score (200)
WARNING:src.hipporag.evaluation.retrieval_eval:Length of retrieved docs (100) is smaller than largest topk for recall score (200)
WARNING:src.hipporag.evaluation.retrieval_eval:Length of retrieved docs (100) is smaller than largest topk for recall score (200)
WARNING:src.hipporag.evaluation.retrieval_eval:Length of retrieved docs (100) is smaller than largest topk for recall score (200)
WARNING:src.hipporag.evaluation.retrieval_eval:Length of retrieved docs (100) is smaller than largest topk for recall score (200)
WARNING:src.hipporag.evaluation.retrieval_eval:Length of retrieved docs (100) is smaller than largest topk for recall score (200)
WARNING:src.hipporag.evaluation.retrieval_eval:Length of retrieved docs (100) is smaller than largest topk for recall score (200)
WARNING:src.hipporag.evaluation.retrieval_eval:Length of retrieved docs (100) is smaller than largest topk for recall score (200)
WARNING:src.hipporag.evaluation.retrieval_eval:Length of retrieved docs (100) is smaller than largest topk for recall score (200)
WARNING:src.hipporag.evaluation.retrieval_eval:Length of retrieved docs (100) is smaller than largest topk for recall score (200)
WARNING:src.hipporag.evaluation.retrieval_eval:Length of retrieved docs (100) is smaller than largest topk for recall score (200)
WARNING:src.hipporag.evaluation.retrieval_eval:Length of retrieved docs (100) is smaller than largest topk for recall score (200)
WARNING:src.hipporag.evaluation.retrieval_eval:Length of retrieved docs (100) is smaller than largest topk for recall score (200)
WARNING:src.hipporag.evaluation.retrieval_eval:Length of retrieved docs (100) is smaller than largest topk for recall score (200)
WARNING:src.hipporag.evaluation.retrieval_eval:Length of retrieved docs (100) is smaller than largest topk for recall score (200)
WARNING:src.hipporag.evaluation.retrieval_eval:Length of retrieved docs (100) is smaller than largest topk for recall score (200)
WARNING:src.hipporag.evaluation.retrieval_eval:Length of retrieved docs (100) is smaller than largest topk for recall score (200)
WARNING:src.hipporag.evaluation.retrieval_eval:Length of retrieved docs (100) is smaller than largest topk for recall score (200)
WARNING:src.hipporag.evaluation.retrieval_eval:Length of retrieved docs (100) is smaller than largest topk for recall score (200)
WARNING:src.hipporag.evaluation.retrieval_eval:Length of retrieved docs (100) is smaller than largest topk for recall score (200)
WARNING:src.hipporag.evaluation.retrieval_eval:Length of retrieved docs (100) is smaller than largest topk for recall score (200)
WARNING:src.hipporag.evaluation.retrieval_eval:Length of retrieved docs (100) is smaller than largest topk for recall score (200)
WARNING:src.hipporag.evaluation.retrieval_eval:Length of retrieved docs (100) is smaller than largest topk for recall score (200)
WARNING:src.hipporag.evaluation.retrieval_eval:Length of retrieved docs (100) is smaller than largest topk for recall score (200)
WARNING:src.hipporag.evaluation.retrieval_eval:Length of retrieved docs (100) is smaller than largest topk for recall score (200)
WARNING:src.hipporag.evaluation.retrieval_eval:Length of retrieved docs (100) is smaller than largest topk for recall score (200)
WARNING:src.hipporag.evaluation.retrieval_eval:Length of retrieved docs (100) is smaller than largest topk for recall score (200)
WARNING:src.hipporag.evaluation.retrieval_eval:Length of retrieved docs (100) is smaller than largest topk for recall score (200)
WARNING:src.hipporag.evaluation.retrieval_eval:Length of retrieved docs (100) is smaller than largest topk for recall score (200)
WARNING:src.hipporag.evaluation.retrieval_eval:Length of retrieved docs (100) is smaller than largest topk for recall score (200)
WARNING:src.hipporag.evaluation.retrieval_eval:Length of retrieved docs (100) is smaller than largest topk for recall score (200)
WARNING:src.hipporag.evaluation.retrieval_eval:Length of retrieved docs (100) is smaller than largest topk for recall score (200)
WARNING:src.hipporag.evaluation.retrieval_eval:Length of retrieved docs (100) is smaller than largest topk for recall score (200)
WARNING:src.hipporag.evaluation.retrieval_eval:Length of retrieved docs (100) is smaller than largest topk for recall score (200)
WARNING:src.hipporag.evaluation.retrieval_eval:Length of retrieved docs (100) is smaller than largest topk for recall score (200)
WARNING:src.hipporag.evaluation.retrieval_eval:Length of retrieved docs (100) is smaller than largest topk for recall score (200)
WARNING:src.hipporag.evaluation.retrieval_eval:Length of retrieved docs (100) is smaller than largest topk for recall score (200)
WARNING:src.hipporag.evaluation.retrieval_eval:Length of retrieved docs (100) is smaller than largest topk for recall score (200)
WARNING:src.hipporag.evaluation.retrieval_eval:Length of retrieved docs (100) is smaller than largest topk for recall score (200)
WARNING:src.hipporag.evaluation.retrieval_eval:Length of retrieved docs (100) is smaller than largest topk for recall score (200)
WARNING:src.hipporag.evaluation.retrieval_eval:Length of retrieved docs (100) is smaller than largest topk for recall score (200)
WARNING:src.hipporag.evaluation.retrieval_eval:Length of retrieved docs (100) is smaller than largest topk for recall score (200)
WARNING:src.hipporag.evaluation.retrieval_eval:Length of retrieved docs (100) is smaller than largest topk for recall score (200)
WARNING:src.hipporag.evaluation.retrieval_eval:Length of retrieved docs (100) is smaller than largest topk for recall score (200)
WARNING:src.hipporag.evaluation.retrieval_eval:Length of retrieved docs (100) is smaller than largest topk for recall score (200)
WARNING:src.hipporag.evaluation.retrieval_eval:Length of retrieved docs (100) is smaller than largest topk for recall score (200)
WARNING:src.hipporag.evaluation.retrieval_eval:Length of retrieved docs (100) is smaller than largest topk for recall score (200)
WARNING:src.hipporag.evaluation.retrieval_eval:Length of retrieved docs (100) is smaller than largest topk for recall score (200)
WARNING:src.hipporag.evaluation.retrieval_eval:Length of retrieved docs (100) is smaller than largest topk for recall score (200)
WARNING:src.hipporag.evaluation.retrieval_eval:Length of retrieved docs (100) is smaller than largest topk for recall score (200)
WARNING:src.hipporag.evaluation.retrieval_eval:Length of retrieved docs (100) is smaller than largest topk for recall score (200)
WARNING:src.hipporag.evaluation.retrieval_eval:Length of retrieved docs (100) is smaller than largest topk for recall score (200)
WARNING:src.hipporag.evaluation.retrieval_eval:Length of retrieved docs (100) is smaller than largest topk for recall score (200)
WARNING:src.hipporag.evaluation.retrieval_eval:Length of retrieved docs (100) is smaller than largest topk for recall score (200)
WARNING:src.hipporag.evaluation.retrieval_eval:Length of retrieved docs (100) is smaller than largest topk for recall score (200)
WARNING:src.hipporag.evaluation.retrieval_eval:Length of retrieved docs (100) is smaller than largest topk for recall score (200)
WARNING:src.hipporag.evaluation.retrieval_eval:Length of retrieved docs (100) is smaller than largest topk for recall score (200)
WARNING:src.hipporag.evaluation.retrieval_eval:Length of retrieved docs (100) is smaller than largest topk for recall score (200)
WARNING:src.hipporag.evaluation.retrieval_eval:Length of retrieved docs (100) is smaller than largest topk for recall score (200)
WARNING:src.hipporag.evaluation.retrieval_eval:Length of retrieved docs (100) is smaller than largest topk for recall score (200)
WARNING:src.hipporag.evaluation.retrieval_eval:Length of retrieved docs (100) is smaller than largest topk for recall score (200)
WARNING:src.hipporag.evaluation.retrieval_eval:Length of retrieved docs (100) is smaller than largest topk for recall score (200)
WARNING:src.hipporag.evaluation.retrieval_eval:Length of retrieved docs (100) is smaller than largest topk for recall score (200)
WARNING:src.hipporag.evaluation.retrieval_eval:Length of retrieved docs (100) is smaller than largest topk for recall score (200)
WARNING:src.hipporag.evaluation.retrieval_eval:Length of retrieved docs (100) is smaller than largest topk for recall score (200)
WARNING:src.hipporag.evaluation.retrieval_eval:Length of retrieved docs (100) is smaller than largest topk for recall score (200)
WARNING:src.hipporag.evaluation.retrieval_eval:Length of retrieved docs (100) is smaller than largest topk for recall score (200)
WARNING:src.hipporag.evaluation.retrieval_eval:Length of retrieved docs (100) is smaller than largest topk for recall score (200)
WARNING:src.hipporag.evaluation.retrieval_eval:Length of retrieved docs (100) is smaller than largest topk for recall score (200)
WARNING:src.hipporag.evaluation.retrieval_eval:Length of retrieved docs (100) is smaller than largest topk for recall score (200)
WARNING:src.hipporag.evaluation.retrieval_eval:Length of retrieved docs (100) is smaller than largest topk for recall score (200)
WARNING:src.hipporag.evaluation.retrieval_eval:Length of retrieved docs (100) is smaller than largest topk for recall score (200)
WARNING:src.hipporag.evaluation.retrieval_eval:Length of retrieved docs (100) is smaller than largest topk for recall score (200)
WARNING:src.hipporag.evaluation.retrieval_eval:Length of retrieved docs (100) is smaller than largest topk for recall score (200)
WARNING:src.hipporag.evaluation.retrieval_eval:Length of retrieved docs (100) is smaller than largest topk for recall score (200)
WARNING:src.hipporag.evaluation.retrieval_eval:Length of retrieved docs (100) is smaller than largest topk for recall score (200)
WARNING:src.hipporag.evaluation.retrieval_eval:Length of retrieved docs (100) is smaller than largest topk for recall score (200)
WARNING:src.hipporag.evaluation.retrieval_eval:Length of retrieved docs (100) is smaller than largest topk for recall score (200)
WARNING:src.hipporag.evaluation.retrieval_eval:Length of retrieved docs (100) is smaller than largest topk for recall score (200)
WARNING:src.hipporag.evaluation.retrieval_eval:Length of retrieved docs (100) is smaller than largest topk for recall score (200)
WARNING:src.hipporag.evaluation.retrieval_eval:Length of retrieved docs (100) is smaller than largest topk for recall score (200)
WARNING:src.hipporag.evaluation.retrieval_eval:Length of retrieved docs (100) is smaller than largest topk for recall score (200)
WARNING:src.hipporag.evaluation.retrieval_eval:Length of retrieved docs (100) is smaller than largest topk for recall score (200)
WARNING:src.hipporag.evaluation.retrieval_eval:Length of retrieved docs (100) is smaller than largest topk for recall score (200)
WARNING:src.hipporag.evaluation.retrieval_eval:Length of retrieved docs (100) is smaller than largest topk for recall score (200)
WARNING:src.hipporag.evaluation.retrieval_eval:Length of retrieved docs (100) is smaller than largest topk for recall score (200)
WARNING:src.hipporag.evaluation.retrieval_eval:Length of retrieved docs (100) is smaller than largest topk for recall score (200)
WARNING:src.hipporag.evaluation.retrieval_eval:Length of retrieved docs (100) is smaller than largest topk for recall score (200)
WARNING:src.hipporag.evaluation.retrieval_eval:Length of retrieved docs (100) is smaller than largest topk for recall score (200)
WARNING:src.hipporag.evaluation.retrieval_eval:Length of retrieved docs (100) is smaller than largest topk for recall score (200)
WARNING:src.hipporag.evaluation.retrieval_eval:Length of retrieved docs (100) is smaller than largest topk for recall score (200)
WARNING:src.hipporag.evaluation.retrieval_eval:Length of retrieved docs (100) is smaller than largest topk for recall score (200)
WARNING:src.hipporag.evaluation.retrieval_eval:Length of retrieved docs (100) is smaller than largest topk for recall score (200)
WARNING:src.hipporag.evaluation.retrieval_eval:Length of retrieved docs (100) is smaller than largest topk for recall score (200)
WARNING:src.hipporag.evaluation.retrieval_eval:Length of retrieved docs (100) is smaller than largest topk for recall score (200)
WARNING:src.hipporag.evaluation.retrieval_eval:Length of retrieved docs (100) is smaller than largest topk for recall score (200)
WARNING:src.hipporag.evaluation.retrieval_eval:Length of retrieved docs (100) is smaller than largest topk for recall score (200)
WARNING:src.hipporag.evaluation.retrieval_eval:Length of retrieved docs (100) is smaller than largest topk for recall score (200)
WARNING:src.hipporag.evaluation.retrieval_eval:Length of retrieved docs (100) is smaller than largest topk for recall score (200)
WARNING:src.hipporag.evaluation.retrieval_eval:Length of retrieved docs (100) is smaller than largest topk for recall score (200)
WARNING:src.hipporag.evaluation.retrieval_eval:Length of retrieved docs (100) is smaller than largest topk for recall score (200)
WARNING:src.hipporag.evaluation.retrieval_eval:Length of retrieved docs (100) is smaller than largest topk for recall score (200)
WARNING:src.hipporag.evaluation.retrieval_eval:Length of retrieved docs (100) is smaller than largest topk for recall score (200)
WARNING:src.hipporag.evaluation.retrieval_eval:Length of retrieved docs (100) is smaller than largest topk for recall score (200)
WARNING:src.hipporag.evaluation.retrieval_eval:Length of retrieved docs (100) is smaller than largest topk for recall score (200)
WARNING:src.hipporag.evaluation.retrieval_eval:Length of retrieved docs (100) is smaller than largest topk for recall score (200)
WARNING:src.hipporag.evaluation.retrieval_eval:Length of retrieved docs (100) is smaller than largest topk for recall score (200)
WARNING:src.hipporag.evaluation.retrieval_eval:Length of retrieved docs (100) is smaller than largest topk for recall score (200)
WARNING:src.hipporag.evaluation.retrieval_eval:Length of retrieved docs (100) is smaller than largest topk for recall score (200)
WARNING:src.hipporag.evaluation.retrieval_eval:Length of retrieved docs (100) is smaller than largest topk for recall score (200)
WARNING:src.hipporag.evaluation.retrieval_eval:Length of retrieved docs (100) is smaller than largest topk for recall score (200)
WARNING:src.hipporag.evaluation.retrieval_eval:Length of retrieved docs (100) is smaller than largest topk for recall score (200)
WARNING:src.hipporag.evaluation.retrieval_eval:Length of retrieved docs (100) is smaller than largest topk for recall score (200)
WARNING:src.hipporag.evaluation.retrieval_eval:Length of retrieved docs (100) is smaller than largest topk for recall score (200)
WARNING:src.hipporag.evaluation.retrieval_eval:Length of retrieved docs (100) is smaller than largest topk for recall score (200)
WARNING:src.hipporag.evaluation.retrieval_eval:Length of retrieved docs (100) is smaller than largest topk for recall score (200)
WARNING:src.hipporag.evaluation.retrieval_eval:Length of retrieved docs (100) is smaller than largest topk for recall score (200)
WARNING:src.hipporag.evaluation.retrieval_eval:Length of retrieved docs (100) is smaller than largest topk for recall score (200)
WARNING:src.hipporag.evaluation.retrieval_eval:Length of retrieved docs (100) is smaller than largest topk for recall score (200)
WARNING:src.hipporag.evaluation.retrieval_eval:Length of retrieved docs (100) is smaller than largest topk for recall score (200)
WARNING:src.hipporag.evaluation.retrieval_eval:Length of retrieved docs (100) is smaller than largest topk for recall score (200)
WARNING:src.hipporag.evaluation.retrieval_eval:Length of retrieved docs (100) is smaller than largest topk for recall score (200)
WARNING:src.hipporag.evaluation.retrieval_eval:Length of retrieved docs (100) is smaller than largest topk for recall score (200)
WARNING:src.hipporag.evaluation.retrieval_eval:Length of retrieved docs (100) is smaller than largest topk for recall score (200)
WARNING:src.hipporag.evaluation.retrieval_eval:Length of retrieved docs (100) is smaller than largest topk for recall score (200)
WARNING:src.hipporag.evaluation.retrieval_eval:Length of retrieved docs (100) is smaller than largest topk for recall score (200)
WARNING:src.hipporag.evaluation.retrieval_eval:Length of retrieved docs (100) is smaller than largest topk for recall score (200)
WARNING:src.hipporag.evaluation.retrieval_eval:Length of retrieved docs (100) is smaller than largest topk for recall score (200)
WARNING:src.hipporag.evaluation.retrieval_eval:Length of retrieved docs (100) is smaller than largest topk for recall score (200)
WARNING:src.hipporag.evaluation.retrieval_eval:Length of retrieved docs (100) is smaller than largest topk for recall score (200)
WARNING:src.hipporag.evaluation.retrieval_eval:Length of retrieved docs (100) is smaller than largest topk for recall score (200)
WARNING:src.hipporag.evaluation.retrieval_eval:Length of retrieved docs (100) is smaller than largest topk for recall score (200)
WARNING:src.hipporag.evaluation.retrieval_eval:Length of retrieved docs (100) is smaller than largest topk for recall score (200)
WARNING:src.hipporag.evaluation.retrieval_eval:Length of retrieved docs (100) is smaller than largest topk for recall score (200)
WARNING:src.hipporag.evaluation.retrieval_eval:Length of retrieved docs (100) is smaller than largest topk for recall score (200)
WARNING:src.hipporag.evaluation.retrieval_eval:Length of retrieved docs (100) is smaller than largest topk for recall score (200)
WARNING:src.hipporag.evaluation.retrieval_eval:Length of retrieved docs (100) is smaller than largest topk for recall score (200)
WARNING:src.hipporag.evaluation.retrieval_eval:Length of retrieved docs (100) is smaller than largest topk for recall score (200)
WARNING:src.hipporag.evaluation.retrieval_eval:Length of retrieved docs (100) is smaller than largest topk for recall score (200)
WARNING:src.hipporag.evaluation.retrieval_eval:Length of retrieved docs (100) is smaller than largest topk for recall score (200)
WARNING:src.hipporag.evaluation.retrieval_eval:Length of retrieved docs (100) is smaller than largest topk for recall score (200)
WARNING:src.hipporag.evaluation.retrieval_eval:Length of retrieved docs (100) is smaller than largest topk for recall score (200)
WARNING:src.hipporag.evaluation.retrieval_eval:Length of retrieved docs (100) is smaller than largest topk for recall score (200)
WARNING:src.hipporag.evaluation.retrieval_eval:Length of retrieved docs (100) is smaller than largest topk for recall score (200)
WARNING:src.hipporag.evaluation.retrieval_eval:Length of retrieved docs (100) is smaller than largest topk for recall score (200)
WARNING:src.hipporag.evaluation.retrieval_eval:Length of retrieved docs (100) is smaller than largest topk for recall score (200)
WARNING:src.hipporag.evaluation.retrieval_eval:Length of retrieved docs (100) is smaller than largest topk for recall score (200)
WARNING:src.hipporag.evaluation.retrieval_eval:Length of retrieved docs (100) is smaller than largest topk for recall score (200)
WARNING:src.hipporag.evaluation.retrieval_eval:Length of retrieved docs (100) is smaller than largest topk for recall score (200)
WARNING:src.hipporag.evaluation.retrieval_eval:Length of retrieved docs (100) is smaller than largest topk for recall score (200)
WARNING:src.hipporag.evaluation.retrieval_eval:Length of retrieved docs (100) is smaller than largest topk for recall score (200)
WARNING:src.hipporag.evaluation.retrieval_eval:Length of retrieved docs (100) is smaller than largest topk for recall score (200)
WARNING:src.hipporag.evaluation.retrieval_eval:Length of retrieved docs (100) is smaller than largest topk for recall score (200)
WARNING:src.hipporag.evaluation.retrieval_eval:Length of retrieved docs (100) is smaller than largest topk for recall score (200)
WARNING:src.hipporag.evaluation.retrieval_eval:Length of retrieved docs (100) is smaller than largest topk for recall score (200)
WARNING:src.hipporag.evaluation.retrieval_eval:Length of retrieved docs (100) is smaller than largest topk for recall score (200)
WARNING:src.hipporag.evaluation.retrieval_eval:Length of retrieved docs (100) is smaller than largest topk for recall score (200)
WARNING:src.hipporag.evaluation.retrieval_eval:Length of retrieved docs (100) is smaller than largest topk for recall score (200)
WARNING:src.hipporag.evaluation.retrieval_eval:Length of retrieved docs (100) is smaller than largest topk for recall score (200)
WARNING:src.hipporag.evaluation.retrieval_eval:Length of retrieved docs (100) is smaller than largest topk for recall score (200)
WARNING:src.hipporag.evaluation.retrieval_eval:Length of retrieved docs (100) is smaller than largest topk for recall score (200)
WARNING:src.hipporag.evaluation.retrieval_eval:Length of retrieved docs (100) is smaller than largest topk for recall score (200)
WARNING:src.hipporag.evaluation.retrieval_eval:Length of retrieved docs (100) is smaller than largest topk for recall score (200)
WARNING:src.hipporag.evaluation.retrieval_eval:Length of retrieved docs (100) is smaller than largest topk for recall score (200)
WARNING:src.hipporag.evaluation.retrieval_eval:Length of retrieved docs (100) is smaller than largest topk for recall score (200)
WARNING:src.hipporag.evaluation.retrieval_eval:Length of retrieved docs (100) is smaller than largest topk for recall score (200)
WARNING:src.hipporag.evaluation.retrieval_eval:Length of retrieved docs (100) is smaller than largest topk for recall score (200)
WARNING:src.hipporag.evaluation.retrieval_eval:Length of retrieved docs (100) is smaller than largest topk for recall score (200)
WARNING:src.hipporag.evaluation.retrieval_eval:Length of retrieved docs (100) is smaller than largest topk for recall score (200)
WARNING:src.hipporag.evaluation.retrieval_eval:Length of retrieved docs (100) is smaller than largest topk for recall score (200)
WARNING:src.hipporag.evaluation.retrieval_eval:Length of retrieved docs (100) is smaller than largest topk for recall score (200)
WARNING:src.hipporag.evaluation.retrieval_eval:Length of retrieved docs (100) is smaller than largest topk for recall score (200)
WARNING:src.hipporag.evaluation.retrieval_eval:Length of retrieved docs (100) is smaller than largest topk for recall score (200)
WARNING:src.hipporag.evaluation.retrieval_eval:Length of retrieved docs (100) is smaller than largest topk for recall score (200)
WARNING:src.hipporag.evaluation.retrieval_eval:Length of retrieved docs (100) is smaller than largest topk for recall score (200)
WARNING:src.hipporag.evaluation.retrieval_eval:Length of retrieved docs (100) is smaller than largest topk for recall score (200)
WARNING:src.hipporag.evaluation.retrieval_eval:Length of retrieved docs (100) is smaller than largest topk for recall score (200)
WARNING:src.hipporag.evaluation.retrieval_eval:Length of retrieved docs (100) is smaller than largest topk for recall score (200)
WARNING:src.hipporag.evaluation.retrieval_eval:Length of retrieved docs (100) is smaller than largest topk for recall score (200)
WARNING:src.hipporag.evaluation.retrieval_eval:Length of retrieved docs (100) is smaller than largest topk for recall score (200)
WARNING:src.hipporag.evaluation.retrieval_eval:Length of retrieved docs (100) is smaller than largest topk for recall score (200)
WARNING:src.hipporag.evaluation.retrieval_eval:Length of retrieved docs (100) is smaller than largest topk for recall score (200)
WARNING:src.hipporag.evaluation.retrieval_eval:Length of retrieved docs (100) is smaller than largest topk for recall score (200)
WARNING:src.hipporag.evaluation.retrieval_eval:Length of retrieved docs (100) is smaller than largest topk for recall score (200)
WARNING:src.hipporag.evaluation.retrieval_eval:Length of retrieved docs (100) is smaller than largest topk for recall score (200)
WARNING:src.hipporag.evaluation.retrieval_eval:Length of retrieved docs (100) is smaller than largest topk for recall score (200)
WARNING:src.hipporag.evaluation.retrieval_eval:Length of retrieved docs (100) is smaller than largest topk for recall score (200)
WARNING:src.hipporag.evaluation.retrieval_eval:Length of retrieved docs (100) is smaller than largest topk for recall score (200)
WARNING:src.hipporag.evaluation.retrieval_eval:Length of retrieved docs (100) is smaller than largest topk for recall score (200)
WARNING:src.hipporag.evaluation.retrieval_eval:Length of retrieved docs (100) is smaller than largest topk for recall score (200)
WARNING:src.hipporag.evaluation.retrieval_eval:Length of retrieved docs (100) is smaller than largest topk for recall score (200)
WARNING:src.hipporag.evaluation.retrieval_eval:Length of retrieved docs (100) is smaller than largest topk for recall score (200)
WARNING:src.hipporag.evaluation.retrieval_eval:Length of retrieved docs (100) is smaller than largest topk for recall score (200)
WARNING:src.hipporag.evaluation.retrieval_eval:Length of retrieved docs (100) is smaller than largest topk for recall score (200)
WARNING:src.hipporag.evaluation.retrieval_eval:Length of retrieved docs (100) is smaller than largest topk for recall score (200)
WARNING:src.hipporag.evaluation.retrieval_eval:Length of retrieved docs (100) is smaller than largest topk for recall score (200)
WARNING:src.hipporag.evaluation.retrieval_eval:Length of retrieved docs (100) is smaller than largest topk for recall score (200)
WARNING:src.hipporag.evaluation.retrieval_eval:Length of retrieved docs (100) is smaller than largest topk for recall score (200)
WARNING:src.hipporag.evaluation.retrieval_eval:Length of retrieved docs (100) is smaller than largest topk for recall score (200)
WARNING:src.hipporag.evaluation.retrieval_eval:Length of retrieved docs (100) is smaller than largest topk for recall score (200)
WARNING:src.hipporag.evaluation.retrieval_eval:Length of retrieved docs (100) is smaller than largest topk for recall score (200)
WARNING:src.hipporag.evaluation.retrieval_eval:Length of retrieved docs (100) is smaller than largest topk for recall score (200)
WARNING:src.hipporag.evaluation.retrieval_eval:Length of retrieved docs (100) is smaller than largest topk for recall score (200)
WARNING:src.hipporag.evaluation.retrieval_eval:Length of retrieved docs (100) is smaller than largest topk for recall score (200)
WARNING:src.hipporag.evaluation.retrieval_eval:Length of retrieved docs (100) is smaller than largest topk for recall score (200)
WARNING:src.hipporag.evaluation.retrieval_eval:Length of retrieved docs (100) is smaller than largest topk for recall score (200)
WARNING:src.hipporag.evaluation.retrieval_eval:Length of retrieved docs (100) is smaller than largest topk for recall score (200)
WARNING:src.hipporag.evaluation.retrieval_eval:Length of retrieved docs (100) is smaller than largest topk for recall score (200)
WARNING:src.hipporag.evaluation.retrieval_eval:Length of retrieved docs (100) is smaller than largest topk for recall score (200)
WARNING:src.hipporag.evaluation.retrieval_eval:Length of retrieved docs (100) is smaller than largest topk for recall score (200)
WARNING:src.hipporag.evaluation.retrieval_eval:Length of retrieved docs (100) is smaller than largest topk for recall score (200)
WARNING:src.hipporag.evaluation.retrieval_eval:Length of retrieved docs (100) is smaller than largest topk for recall score (200)
WARNING:src.hipporag.evaluation.retrieval_eval:Length of retrieved docs (100) is smaller than largest topk for recall score (200)
WARNING:src.hipporag.evaluation.retrieval_eval:Length of retrieved docs (100) is smaller than largest topk for recall score (200)
WARNING:src.hipporag.evaluation.retrieval_eval:Length of retrieved docs (100) is smaller than largest topk for recall score (200)
{
  "output_json": "run_logs/daec_noisyor_dense_pool100_hotpotqa_fixclean_full1000_20260428.json",
  "overall_recomputed": {
    "Recall@1": 0.4605,
    "Recall@2": 0.797,
    "Recall@5": 0.9305,
    "Recall@10": 0.97,
    "Recall@20": 0.983,
    "Recall@30": 0.985,
    "Recall@50": 0.9895,
    "Recall@100": 0.9925,
    "Recall@150": 0.9925,
    "Recall@200": 0.9925,
    "ExactMatch": 0.595,
    "F1": 0.710572388017898,
    "num_queries": 1000
  },
  "causal_slice": {
    "Recall@1": 0.25,
    "Recall@2": 0.5,
    "Recall@5": 0.75,
    "Recall@10": 0.75,
    "Recall@20": 0.75,
    "Recall@30": 0.75,
    "Recall@50": 0.75,
    "Recall@100": 0.75,
    "Recall@150": 0.75,
    "Recall@200": 0.75,
    "ExactMatch": 0.0,
    "F1": 0.14215686274509806,
    "num_queries": 2
  },
  "nonempty_subgraph_slice": {
    "num_queries": 0
  },
  "v2_metrics": {},
  "setwise_selector_qa": {
    "selector": "daec_noisyor",
    "score_mode": "bridge",
    "pool_k": 100,
    "anchor_count": 2,
    "reserve_top_m": 2,
    "max_bridge_slots": 0,
    "structure_max_hops": 2,
    "base_weight": 0.25,
    "structure_weight": 0.6,
    "novelty_weight": 0.15,
    "non_anchor_title_dedup": false,
    "query_entity_source": "seed",
    "gate_mode": "none",
    "gate_min_structure_score": 0.15,
    "gate_min_combined_margin": 0.0,
    "gate_min_closure_score": 0.0,
    "gate_min_novelty_score": 0.0,
    "gate_min_frontier_gain": 0.0,
    "gate_min_path_coherence": 0.0,
    "gate_max_avg_local_structure": 0.95,
    "gate_min_suffix_base_mean": 0.15,
    "reader_order_probe_mode": "none",
    "beam_width": 4,
    "beam_expand_per_state": 4,
    "beam_projected_shortlist_factor": 1,
    "late_rerank_enabled": false,
    "late_rerank_candidate_count": 4,
    "late_rerank_include_baseline": true,
    "late_rerank_doc_char_limit": 280,
    "late_rerank_policy": "always",
    "late_rerank_max_state_score_gap": 0.0,
    "late_rerank_judge_backend": "inherit",
    "late_rerank_judge_model": "qwen3-8b-train",
    "late_rerank_judge_base_url": "http://localhost:8042/v1",
    "late_rerank_judge_reasoning_effort": null,
    "state_score_weights": {
      "path_connectivity": 0.3,
      "reachable_doc_ratio": 0.2,
      "query_reachability": 0.15,
      "support_mean": 0.05,
      "support_min": 0.05,
      "closure_mean": 0.1,
      "suffix_base_mean": 0.05,
      "query_coverage": 0.1,
      "frontier_ratio": 0.05,
      "redundancy_penalty": 0.1
    },
    "setwise_model_path": null,
    "setwise_requirement_cache_path": null,
    "setwise_requirement_mode": "oracle",
    "setwise_requirement_model_path": null,
    "setwise_requirement_reserve_policy": "fixed",
    "setwise_requirement_annotation_pool_k": 50,
    "setwise_requirement_smooth_tau": 0.15,
    "setwise_requirement_counterfactual_tau": 0.1,
    "setwise_requirement_live_annotation_pool_k": 0,
    "setwise_requirement_live_annotation_score_mode": "heuristic",
    "setwise_requirement_live_atomic_model_path": null,
    "setwise_requirement_live_source_expand_factor": 0,
    "setwise_requirement_exposure_watch_titles": [
      "Riverside Plaza",
      "Minneapolis",
      "Mississippi River",
      "The Right Stuff Records",
      "Sony Music"
    ],
    "setwise_requirement_probe_force_source_titles": [],
    "setwise_requirement_probe_force_shortlist_titles": [],
    "setwise_requirement_probe_force_final_titles": [],
    "setwise_requirement_probe_force_pool_gold_into_final": false,
    "setwise_requirement_probe_source_sort_mode": "combined",
    "setwise_requirement_probe_source_support_gain_weight": 0.0,
    "setwise_requirement_probe_shortlist_sort_mode": "margin_first",
    "setwise_requirement_probe_bridge_bonus_mode": "off",
    "setwise_requirement_probe_bridge_bonus_weight": 0.0,
    "selector_EM": 0.612,
    "selector_F1": 0.7267,
    "baseline_EM": 0.595,
    "baseline_F1": 0.7106,
    "EM_delta": 0.017,
    "F1_delta": 0.0161,
    "selector_retrieval_metrics": {
      "Recall@1": 0.334,
      "Recall@2": 0.706,
      "Recall@5": 0.936,
      "Recall@10": 0.9755,
      "Recall@20": 0.9865
    },
    "per_bucket": {
      "2_doc": {
        "count": 1000,
        "baseline_EM": 0.595,
        "selector_EM": 0.612,
        "EM_delta": 0.017,
        "baseline_F1": 0.7106,
        "selector_F1": 0.7267,
        "F1_delta": 0.0161
      }
    },
    "selector_summary": {
      "selector": "daec_noisyor",
      "score_mode": "bridge",
      "avg_mapped_pool_doc_count": 100.0,
      "avg_seed_entity_count": 4.917,
      "avg_selected_structured_doc_count": 4.983,
      "reserve_top_m": 2,
      "max_bridge_slots": 0,
      "non_anchor_title_dedup": false,
      "query_entity_source": "seed",
      "gate_mode": "none",
      "gate_min_structure_score": 0.15,
      "gate_min_combined_margin": 0.0,
      "gate_min_closure_score": 0.0,
      "gate_min_novelty_score": 0.0,
      "gate_min_frontier_gain": 0.0,
      "gate_min_path_coherence": 0.0,
      "gate_max_avg_local_structure": 0.95,
      "gate_min_suffix_base_mean": 0.15,
      "reader_order_probe_mode": "none",
      "reader_order_probe_apply_count": 0,
      "reader_order_probe_skip_count": 0,
      "reader_order_probe_reason_counts": {},
      "gate_apply_count": 0,
      "gate_skip_count": 0,
      "gate_reason_counts": {},
      "saturation_guard_apply_count": 0,
      "saturation_guard_skip_count": 0,
      "late_rerank_enabled": false,
      "late_rerank_apply_count": 0,
      "late_rerank_override_count": 0,
      "late_rerank_block_count": 0,
      "late_rerank_parse_failure_count": 0,
      "late_rerank_error_count": 0,
      "late_rerank_policy": "always",
      "late_rerank_max_state_score_gap": 0.0,
      "beam_width": 4,
      "beam_expand_per_state": 4,
      "beam_projected_shortlist_factor": 1,
      "beam_projection_eval_count": 0,
      "beam_projection_extra_eval_count": 0,
      "beam_projection_rescue_count": 0,
      "beam_projection_changed_query_count": 0,
      "beam_projection_max_selected_rank": 0,
      "examples_preview": [
        {
          "question": "what is one of the stars of  The Newcomers known for",
          "selected_titles": [
            "Vaniusha The Newcomer",
            "The Newcomers (film)",
            "Wheelock Whitney",
            "Nandita Chandra",
            "Halina Reijn"
          ],
          "seed_entities_preview": [
            "chris evans",
            "christopher mccoy",
            "kate bosworth",
            "paul dano",
            "the newcomers"
          ],
          "question_entities_preview": [
            "end of the series",
            "newcomers",
            "news of the week magazine",
            "season of the witch",
            "the lord of the rings",
            "the newcomers",
            "the pirates of penzance",
            "the third film of the tetralogy"
          ],
          "grounded_question_entities_preview": [
            "the lord of the rings",
            "the newcomers"
          ],
          "proposal_query_entities_preview": [
            "chris evans",
            "christopher mccoy",
            "kate bosworth",
            "paul dano",
            "the newcomers"
          ],
          "query_entities_preview": [
            "chris evans",
            "christopher mccoy",
            "kate bosworth",
            "paul dano",
            "the newcomers"
          ],
          "selection_steps": [
            {
              "step": 1,
              "mode": "daec_noisyor_greedy",
              "pool_position": 3,
              "title": "Vaniusha The Newcomer",
              "objective_gain": 0.79069,
              "objective": 0.79069,
              "coverage_by_requirement": {
                "s1": 0.581379,
                "s2": 1.0
              }
            },
            {
              "step": 2,
              "mode": "daec_noisyor_greedy",
              "pool_position": 0,
              "title": "The Newcomers (film)",
              "objective_gain": 0.20931,
              "objective": 1.0,
              "coverage_by_requirement": {
                "s1": 1.0,
                "s2": 1.0
              }
            }
          ]
        },
        {
          "question": "The fictional private detective that appears in \"The Adventure of the Seven Clocks\" what written by whom?",
          "selected_titles": [
            "The Adventure of the Seven Clocks",
            "Sherlock Holmes",
            "The Return of Sherlock Holmes (1929 film)",
            "Mr. Holmes",
            "Pepe Carvalho"
          ],
          "seed_entities_preview": [
            "1954",
            "adrian conan doyle",
            "john dickson carr",
            "the adventure of the seven clocks",
            "the exploits of sherlock holmes"
          ],
          "question_entities_preview": [
            "fiction",
            "fictional private detective",
            "private detective",
            "seven",
            "tales of the fictional private detective nick carter",
            "the adventure company",
            "the adventure of the seven clocks",
            "the private sector"
          ],
          "grounded_question_entities_preview": [
            "fictional private detective",
            "private detective",
            "tales of the fictional private detective nick carter",
            "the adventure company",
            "the adventure of the seven clocks"
          ],
          "proposal_query_entities_preview": [
            "1954",
            "adrian conan doyle",
            "john dickson carr",
            "the adventure of the seven clocks",
            "the exploits of sherlock holmes"
          ],
          "query_entities_preview": [
            "1954",
            "adrian conan doyle",
            "john dickson carr",
            "the adventure of the seven clocks",
            "the exploits of sherlock holmes"
          ],
          "selection_steps": [
            {
              "step": 1,
              "mode": "daec_noisyor_greedy",
              "pool_position": 0,
              "title": "The Adventure of the Seven Clocks",
              "objective_gain": 0.75,
              "objective": 0.75,
              "coverage_by_requirement": {
                "s1": 1.0,
                "s2": 0.5
              }
            },
            {
              "step": 2,
              "mode": "daec_noisyor_greedy",
              "pool_position": 1,
              "title": "Sherlock Holmes",
              "objective_gain": 0.232601,
              "objective": 0.982601,
              "coverage_by_requirement": {
                "s1": 1.0,
                "s2": 0.965202
              }
            },
            {
              "step": 3,
              "mode": "daec_noisyor_greedy",
              "pool_position": 4,
              "title": "The Return of Sherlock Holmes (1929 film)",
              "objective_gain": 0.006302,
              "objective": 0.988903,
              "coverage_by_requirement": {
                "s1": 1.0,
                "s2": 0.977805
              }
            },
            {
              "step": 4,
              "mode": "daec_noisyor_greedy",
              "pool_position": 31,
              "title": "Mr. Holmes",
              "objective_gain": 0.002846,
              "objective": 0.991748,
              "coverage_by_requirement": {
                "s1": 1.0,
                "s2": 0.983497
              }
            }
          ]
        },
        {
          "question": "The Distribution of Industry act was passed by a man who was prime minister when?",
          "selected_titles": [
            "Distribution of Industry Act 1950",
            "Industry Act 1975",
            "Arthur Balfour",
            "Clement Attlee",
            "Robert Gascoyne-Cecil, 3rd Marquess of Salisbury"
          ],
          "seed_entities_preview": [
            "1950",
            "clement attlee",
            "distribution of industry act 1950",
            "labour government",
            "united kingdom"
          ],
          "question_entities_preview": [
            "act",
            "department of the prime minister",
            "distribution of industry act 1950",
            "prime minister",
            "prime minister of hungary",
            "prime minister of pakistan",
            "prime minister of romania",
            "prime minister of zimbabwe"
          ],
          "grounded_question_entities_preview": [
            "act",
            "department of the prime minister",
            "distribution of industry act 1950",
            "prime minister",
            "prime minister of hungary",
            "prime minister of zimbabwe"
          ],
          "proposal_query_entities_preview": [
            "1950",
            "clement attlee",
            "distribution of industry act 1950",
            "labour government",
            "united kingdom"
          ],
          "query_entities_preview": [
            "1950",
            "clement attlee",
            "distribution of industry act 1950",
            "labour government",
            "united kingdom"
          ],
          "selection_steps": [
            {
              "step": 1,
              "mode": "daec_noisyor_greedy",
              "pool_position": 0,
              "title": "Distribution of Industry Act 1950",
              "objective_gain": 1.0,
              "objective": 1.0,
              "coverage_by_requirement": {
                "s1": 1.0,
                "s2": 1.0
              }
            }
          ]
        },
        {
          "question": "Sparking the Marian civil war, who helped the recently abdicated queen to escape her imprisonment?",
          "selected_titles": [
            "Marian civil war",
            "Loch Leven Castle",
            "Battle of Langside",
            "Battle of Carberry Hill",
            "Adam Gordon of Auchindoun"
          ],
          "seed_entities_preview": [
            "james vi",
            "marian civil war"
          ],
          "question_entities_preview": [
            "american civil war",
            "civil war",
            "english civil war",
            "king",
            "marian civil war",
            "queen",
            "spanish civil war",
            "the queen"
          ],
          "grounded_question_entities_preview": [
            "english civil war",
            "king",
            "marian civil war",
            "queen",
            "spanish civil war"
          ],
          "proposal_query_entities_preview": [
            "james vi",
            "marian civil war"
          ],
          "query_entities_preview": [
            "james vi",
            "marian civil war"
          ],
          "selection_steps": [
            {
              "step": 1,
              "mode": "daec_noisyor_greedy",
              "pool_position": 0,
              "title": "Marian civil war",
              "objective_gain": 0.877718,
              "objective": 0.877718,
              "coverage_by_requirement": {
                "s1": 1.0,
                "s2": 0.755436
              }
            },
            {
              "step": 2,
              "mode": "daec_noisyor_greedy",
              "pool_position": 4,
              "title": "Loch Leven Castle",
              "objective_gain": 0.122282,
              "objective": 1.0,
              "coverage_by_requirement": {
                "s1": 1.0,
                "s2": 1.0
              }
            }
          ]
        },
        {
          "question": "In which county is the town in which Raymond Robertsen was born ?",
          "selected_titles": [
            "Raymond Robertsen",
            "Hammerfest",
            "Raymond, Alberta",
            "Raymond, Wisconsin",
            "Raymond Center, Wisconsin"
          ],
          "seed_entities_preview": [
            "12 september 1974",
            "hammerfest",
            "norwegian politician",
            "raymond center",
            "raymond robertsen",
            "town of raymond"
          ],
          "question_entities_preview": [
            "raymond",
            "raymond robertsen",
            "raymond washington",
            "schenectady county",
            "the town",
            "town of raymond",
            "western edge of the county",
            "when the town was officially established"
          ],
          "grounded_question_entities_preview": [
            "raymond",
            "raymond robertsen",
            "raymond washington",
            "town of raymond"
          ],
          "proposal_query_entities_preview": [
            "12 september 1974",
            "hammerfest",
            "norwegian politician",
            "raymond center",
            "raymond robertsen",
            "town of raymond"
          ],
          "query_entities_preview": [
            "12 september 1974",
            "hammerfest",
            "norwegian politician",
            "raymond center",
            "raymond robertsen",
            "town of raymond"
          ],
          "selection_steps": [
            {
              "step": 1,
              "mode": "daec_noisyor_greedy",
              "pool_position": 0,
              "title": "Raymond Robertsen",
              "objective_gain": 0.794433,
              "objective": 0.794433,
              "coverage_by_requirement": {
                "s1": 1.0,
                "s2": 0.588866
              }
            },
            {
              "step": 2,
              "mode": "daec_noisyor_greedy",
              "pool_position": 9,
              "title": "Hammerfest",
              "objective_gain": 0.205567,
              "objective": 1.0,
              "coverage_by_requirement": {
                "s1": 1.0,
                "s2": 1.0
              }
            }
          ]
        }
      ],
      "dtc_max_steps": 4,
      "dtc_match_threshold": 0.35,
      "dtc_redundancy_weight": 0.1,
      "dtc_base_weight": 0.05,
      "dtc_rank_weight": 0.0,
      "dtc_anchor_bonus_weight": 0.1,
      "dtc_dependency_bonus_weight": 0.1,
      "dtc_max_completion_tokens": 512,
      "dtc_decomposition_mode": "llm",
      "dtc_include_satisfiable_by": false,
      "dtc_enforce_dependencies": true,
      "dtc_require_new_crossing": false,
      "dtc_demand_gate_enabled": false,
      "dtc_demand_gate_alpha": 1.0,
      "dtc_repairable_filter_enabled": false,
      "dtc_satisfiable_by_policy": "binding_override",
      "dtc_demand_gate_preserve_count": 0,
      "avg_dtc_baseline_demand_satisfaction_rate": 0.0,
      "dtc_ser_enabled": false,
      "dtc_ser_lambda0": 1.0,
      "dtc_ser_anchor_binding_enabled": false,
      "dtc_enable_dependency_binding": false,
      "dtc_binding_max_candidates": 5,
      "dtc_binding_entity_hit_required": true,
      "dtc_parse_success_count": 998,
      "dtc_fallback_count": 2,
      "avg_dtc_requirement_count": 2.328,
      "avg_dtc_covered_requirement_rate": 1.0,
      "avg_dtc_embedding_available_requirement_count": 2.328,
      "daec_main_objective": "frozen_binding_noisy_or",
      "daec_binding_top_m": 5
    }
  },
  "external_pool": {
    "enabled": true,
    "path": "run_logs/dense_pool_exports_full1000_20260424/hotpotqa_dense_pool100.json",
    "source": "dense_pool100",
    "dataset": "hotpotqa",
    "records_loaded": 1000,
    "records_available": 1000,
    "pool_k_payload": 100,
    "min_pool_size": 100,
    "max_pool_size": 100,
    "mean_pool_size": 100.0,
    "total_pool_docs": 100000,
    "exact_doc_text_match_count": 100000,
    "title_fallback_match_count": 0,
    "unmatched_doc_count": 0,
    "question_mismatch_count": 0,
    "query_idx_mismatch_count": 0,
    "payload_retrieval": {
      "recomputed_title_recall": {
        "Recall@5": 0.9305,
        "Recall@20": 0.983,
        "Recall@100": 0.9925
      },
      "dense_metrics": {
        "Recall@5": 0.9305,
        "Recall@20": 0.983,
        "Recall@100": 0.9925
      }
    }
  }
}
