INFO:src.hipporag.prompts.prompt_template_manager:Loading templates from directory: /mnt/nvme/code/HippoRAG/src/hipporag/prompts/templates
INFO:src.hipporag.HippoRAG:Loaded graph from outputs_step0_general_nvembed_musique/qwen3-8b_VLLM_nvidia_NV-Embed-v2/graph.pickle with 111597 nodes, 1694715 edges
INFO:src.hipporag.embedding_store:Loaded 11656 records from outputs_step0_general_nvembed_musique/qwen3-8b_VLLM_nvidia_NV-Embed-v2/chunk_embeddings/vdb_chunk.parquet
INFO:src.hipporag.embedding_store:Loaded 99941 records from outputs_step0_general_nvembed_musique/qwen3-8b_VLLM_nvidia_NV-Embed-v2/entity_embeddings/vdb_entity.parquet
INFO:src.hipporag.embedding_store:Loaded 135279 records from outputs_step0_general_nvembed_musique/qwen3-8b_VLLM_nvidia_NV-Embed-v2/fact_embeddings/vdb_fact.parquet
INFO:src.hipporag.prompts.prompt_template_manager:Loading templates from directory: /mnt/nvme/code/HippoRAG/src/hipporag/prompts/templates
INFO:src.hipporag.HippoRAG:Indexing Documents
INFO:src.hipporag.HippoRAG:Performing OpenIE
INFO:src.hipporag.embedding_store:Inserting 0 new records, 11656 records already exist.
INFO:src.hipporag.HippoRAG:OpenIE results saved to outputs_step0_general_nvembed_musique/openie_results_ner_qwen3-8b.json
INFO:src.hipporag.HippoRAG:Encoding Entities
INFO:src.hipporag.embedding_store:Inserting 0 new records, 99941 records already exist.
INFO:src.hipporag.HippoRAG:Encoding Facts
INFO:src.hipporag.embedding_store:Inserting 0 new records, 135279 records already exist.
INFO:src.hipporag.HippoRAG:Constructing Graph
INFO:src.hipporag.HippoRAG:Adding OpenIE triples to graph.
0it [00:00, ?it/s]1983it [00:00, 19704.49it/s]3954it [00:00, 18510.86it/s]5810it [00:00, 17636.94it/s]7579it [00:00, 17018.47it/s]9284it [00:00, 15659.36it/s]10864it [00:00, 15223.82it/s]11656it [00:00, 16080.31it/s]
INFO:src.hipporag.HippoRAG:Connecting passage nodes to phrase nodes.
0it [00:00, ?it/s]11656it [00:00, 2489627.10it/s]
WARNING:src.hipporag.evaluation.retrieval_eval:Length of retrieved docs (100) is smaller than largest topk for recall score (200)
WARNING:src.hipporag.evaluation.retrieval_eval:Length of retrieved docs (100) is smaller than largest topk for recall score (200)
WARNING:src.hipporag.evaluation.retrieval_eval:Length of retrieved docs (100) is smaller than largest topk for recall score (200)
WARNING:src.hipporag.evaluation.retrieval_eval:Length of retrieved docs (100) is smaller than largest topk for recall score (200)
WARNING:src.hipporag.evaluation.retrieval_eval:Length of retrieved docs (100) is smaller than largest topk for recall score (200)
WARNING:src.hipporag.evaluation.retrieval_eval:Length of retrieved docs (100) is smaller than largest topk for recall score (200)
WARNING:src.hipporag.evaluation.retrieval_eval:Length of retrieved docs (100) is smaller than largest topk for recall score (200)
WARNING:src.hipporag.evaluation.retrieval_eval:Length of retrieved docs (100) is smaller than largest topk for recall score (200)
WARNING:src.hipporag.evaluation.retrieval_eval:Length of retrieved docs (100) is smaller than largest topk for recall score (200)
WARNING:src.hipporag.evaluation.retrieval_eval:Length of retrieved docs (100) is smaller than largest topk for recall score (200)
WARNING:src.hipporag.evaluation.retrieval_eval:Length of retrieved docs (100) is smaller than largest topk for recall score (200)
WARNING:src.hipporag.evaluation.retrieval_eval:Length of retrieved docs (100) is smaller than largest topk for recall score (200)
WARNING:src.hipporag.evaluation.retrieval_eval:Length of retrieved docs (100) is smaller than largest topk for recall score (200)
WARNING:src.hipporag.evaluation.retrieval_eval:Length of retrieved docs (100) is smaller than largest topk for recall score (200)
WARNING:src.hipporag.evaluation.retrieval_eval:Length of retrieved docs (100) is smaller than largest topk for recall score (200)
WARNING:src.hipporag.evaluation.retrieval_eval:Length of retrieved docs (100) is smaller than largest topk for recall score (200)
WARNING:src.hipporag.evaluation.retrieval_eval:Length of retrieved docs (100) is smaller than largest topk for recall score (200)
WARNING:src.hipporag.evaluation.retrieval_eval:Length of retrieved docs (100) is smaller than largest topk for recall score (200)
WARNING:src.hipporag.evaluation.retrieval_eval:Length of retrieved docs (100) is smaller than largest topk for recall score (200)
WARNING:src.hipporag.evaluation.retrieval_eval:Length of retrieved docs (100) is smaller than largest topk for recall score (200)
WARNING:src.hipporag.evaluation.retrieval_eval:Length of retrieved docs (100) is smaller than largest topk for recall score (200)
WARNING:src.hipporag.evaluation.retrieval_eval:Length of retrieved docs (100) is smaller than largest topk for recall score (200)
WARNING:src.hipporag.evaluation.retrieval_eval:Length of retrieved docs (100) is smaller than largest topk for recall score (200)
WARNING:src.hipporag.evaluation.retrieval_eval:Length of retrieved docs (100) is smaller than largest topk for recall score (200)
WARNING:src.hipporag.evaluation.retrieval_eval:Length of retrieved docs (100) is smaller than largest topk for recall score (200)
WARNING:src.hipporag.evaluation.retrieval_eval:Length of retrieved docs (100) is smaller than largest topk for recall score (200)
WARNING:src.hipporag.evaluation.retrieval_eval:Length of retrieved docs (100) is smaller than largest topk for recall score (200)
WARNING:src.hipporag.evaluation.retrieval_eval:Length of retrieved docs (100) is smaller than largest topk for recall score (200)
WARNING:src.hipporag.evaluation.retrieval_eval:Length of retrieved docs (100) is smaller than largest topk for recall score (200)
WARNING:src.hipporag.evaluation.retrieval_eval:Length of retrieved docs (100) is smaller than largest topk for recall score (200)
WARNING:src.hipporag.evaluation.retrieval_eval:Length of retrieved docs (100) is smaller than largest topk for recall score (200)
WARNING:src.hipporag.evaluation.retrieval_eval:Length of retrieved docs (100) is smaller than largest topk for recall score (200)
WARNING:src.hipporag.evaluation.retrieval_eval:Length of retrieved docs (100) is smaller than largest topk for recall score (200)
WARNING:src.hipporag.evaluation.retrieval_eval:Length of retrieved docs (100) is smaller than largest topk for recall score (200)
WARNING:src.hipporag.evaluation.retrieval_eval:Length of retrieved docs (100) is smaller than largest topk for recall score (200)
WARNING:src.hipporag.evaluation.retrieval_eval:Length of retrieved docs (100) is smaller than largest topk for recall score (200)
WARNING:src.hipporag.evaluation.retrieval_eval:Length of retrieved docs (100) is smaller than largest topk for recall score (200)
WARNING:src.hipporag.evaluation.retrieval_eval:Length of retrieved docs (100) is smaller than largest topk for recall score (200)
WARNING:src.hipporag.evaluation.retrieval_eval:Length of retrieved docs (100) is smaller than largest topk for recall score (200)
WARNING:src.hipporag.evaluation.retrieval_eval:Length of retrieved docs (100) is smaller than largest topk for recall score (200)
WARNING:src.hipporag.evaluation.retrieval_eval:Length of retrieved docs (100) is smaller than largest topk for recall score (200)
WARNING:src.hipporag.evaluation.retrieval_eval:Length of retrieved docs (100) is smaller than largest topk for recall score (200)
WARNING:src.hipporag.evaluation.retrieval_eval:Length of retrieved docs (100) is smaller than largest topk for recall score (200)
WARNING:src.hipporag.evaluation.retrieval_eval:Length of retrieved docs (100) is smaller than largest topk for recall score (200)
WARNING:src.hipporag.evaluation.retrieval_eval:Length of retrieved docs (100) is smaller than largest topk for recall score (200)
WARNING:src.hipporag.evaluation.retrieval_eval:Length of retrieved docs (100) is smaller than largest topk for recall score (200)
WARNING:src.hipporag.evaluation.retrieval_eval:Length of retrieved docs (100) is smaller than largest topk for recall score (200)
WARNING:src.hipporag.evaluation.retrieval_eval:Length of retrieved docs (100) is smaller than largest topk for recall score (200)
WARNING:src.hipporag.evaluation.retrieval_eval:Length of retrieved docs (100) is smaller than largest topk for recall score (200)
WARNING:src.hipporag.evaluation.retrieval_eval:Length of retrieved docs (100) is smaller than largest topk for recall score (200)
WARNING:src.hipporag.evaluation.retrieval_eval:Length of retrieved docs (100) is smaller than largest topk for recall score (200)
WARNING:src.hipporag.evaluation.retrieval_eval:Length of retrieved docs (100) is smaller than largest topk for recall score (200)
WARNING:src.hipporag.evaluation.retrieval_eval:Length of retrieved docs (100) is smaller than largest topk for recall score (200)
WARNING:src.hipporag.evaluation.retrieval_eval:Length of retrieved docs (100) is smaller than largest topk for recall score (200)
WARNING:src.hipporag.evaluation.retrieval_eval:Length of retrieved docs (100) is smaller than largest topk for recall score (200)
WARNING:src.hipporag.evaluation.retrieval_eval:Length of retrieved docs (100) is smaller than largest topk for recall score (200)
WARNING:src.hipporag.evaluation.retrieval_eval:Length of retrieved docs (100) is smaller than largest topk for recall score (200)
WARNING:src.hipporag.evaluation.retrieval_eval:Length of retrieved docs (100) is smaller than largest topk for recall score (200)
WARNING:src.hipporag.evaluation.retrieval_eval:Length of retrieved docs (100) is smaller than largest topk for recall score (200)
WARNING:src.hipporag.evaluation.retrieval_eval:Length of retrieved docs (100) is smaller than largest topk for recall score (200)
WARNING:src.hipporag.evaluation.retrieval_eval:Length of retrieved docs (100) is smaller than largest topk for recall score (200)
WARNING:src.hipporag.evaluation.retrieval_eval:Length of retrieved docs (100) is smaller than largest topk for recall score (200)
WARNING:src.hipporag.evaluation.retrieval_eval:Length of retrieved docs (100) is smaller than largest topk for recall score (200)
WARNING:src.hipporag.evaluation.retrieval_eval:Length of retrieved docs (100) is smaller than largest topk for recall score (200)
WARNING:src.hipporag.evaluation.retrieval_eval:Length of retrieved docs (100) is smaller than largest topk for recall score (200)
WARNING:src.hipporag.evaluation.retrieval_eval:Length of retrieved docs (100) is smaller than largest topk for recall score (200)
WARNING:src.hipporag.evaluation.retrieval_eval:Length of retrieved docs (100) is smaller than largest topk for recall score (200)
WARNING:src.hipporag.evaluation.retrieval_eval:Length of retrieved docs (100) is smaller than largest topk for recall score (200)
WARNING:src.hipporag.evaluation.retrieval_eval:Length of retrieved docs (100) is smaller than largest topk for recall score (200)
WARNING:src.hipporag.evaluation.retrieval_eval:Length of retrieved docs (100) is smaller than largest topk for recall score (200)
WARNING:src.hipporag.evaluation.retrieval_eval:Length of retrieved docs (100) is smaller than largest topk for recall score (200)
WARNING:src.hipporag.evaluation.retrieval_eval:Length of retrieved docs (100) is smaller than largest topk for recall score (200)
WARNING:src.hipporag.evaluation.retrieval_eval:Length of retrieved docs (100) is smaller than largest topk for recall score (200)
WARNING:src.hipporag.evaluation.retrieval_eval:Length of retrieved docs (100) is smaller than largest topk for recall score (200)
WARNING:src.hipporag.evaluation.retrieval_eval:Length of retrieved docs (100) is smaller than largest topk for recall score (200)
WARNING:src.hipporag.evaluation.retrieval_eval:Length of retrieved docs (100) is smaller than largest topk for recall score (200)
WARNING:src.hipporag.evaluation.retrieval_eval:Length of retrieved docs (100) is smaller than largest topk for recall score (200)
WARNING:src.hipporag.evaluation.retrieval_eval:Length of retrieved docs (100) is smaller than largest topk for recall score (200)
WARNING:src.hipporag.evaluation.retrieval_eval:Length of retrieved docs (100) is smaller than largest topk for recall score (200)
WARNING:src.hipporag.evaluation.retrieval_eval:Length of retrieved docs (100) is smaller than largest topk for recall score (200)
WARNING:src.hipporag.evaluation.retrieval_eval:Length of retrieved docs (100) is smaller than largest topk for recall score (200)
WARNING:src.hipporag.evaluation.retrieval_eval:Length of retrieved docs (100) is smaller than largest topk for recall score (200)
WARNING:src.hipporag.evaluation.retrieval_eval:Length of retrieved docs (100) is smaller than largest topk for recall score (200)
WARNING:src.hipporag.evaluation.retrieval_eval:Length of retrieved docs (100) is smaller than largest topk for recall score (200)
WARNING:src.hipporag.evaluation.retrieval_eval:Length of retrieved docs (100) is smaller than largest topk for recall score (200)
WARNING:src.hipporag.evaluation.retrieval_eval:Length of retrieved docs (100) is smaller than largest topk for recall score (200)
WARNING:src.hipporag.evaluation.retrieval_eval:Length of retrieved docs (100) is smaller than largest topk for recall score (200)
WARNING:src.hipporag.evaluation.retrieval_eval:Length of retrieved docs (100) is smaller than largest topk for recall score (200)
WARNING:src.hipporag.evaluation.retrieval_eval:Length of retrieved docs (100) is smaller than largest topk for recall score (200)
WARNING:src.hipporag.evaluation.retrieval_eval:Length of retrieved docs (100) is smaller than largest topk for recall score (200)
WARNING:src.hipporag.evaluation.retrieval_eval:Length of retrieved docs (100) is smaller than largest topk for recall score (200)
WARNING:src.hipporag.evaluation.retrieval_eval:Length of retrieved docs (100) is smaller than largest topk for recall score (200)
WARNING:src.hipporag.evaluation.retrieval_eval:Length of retrieved docs (100) is smaller than largest topk for recall score (200)
WARNING:src.hipporag.evaluation.retrieval_eval:Length of retrieved docs (100) is smaller than largest topk for recall score (200)
WARNING:src.hipporag.evaluation.retrieval_eval:Length of retrieved docs (100) is smaller than largest topk for recall score (200)
WARNING:src.hipporag.evaluation.retrieval_eval:Length of retrieved docs (100) is smaller than largest topk for recall score (200)
WARNING:src.hipporag.evaluation.retrieval_eval:Length of retrieved docs (100) is smaller than largest topk for recall score (200)
WARNING:src.hipporag.evaluation.retrieval_eval:Length of retrieved docs (100) is smaller than largest topk for recall score (200)
WARNING:src.hipporag.evaluation.retrieval_eval:Length of retrieved docs (100) is smaller than largest topk for recall score (200)
WARNING:src.hipporag.evaluation.retrieval_eval:Length of retrieved docs (100) is smaller than largest topk for recall score (200)
WARNING:src.hipporag.evaluation.retrieval_eval:Length of retrieved docs (100) is smaller than largest topk for recall score (200)
WARNING:src.hipporag.evaluation.retrieval_eval:Length of retrieved docs (100) is smaller than largest topk for recall score (200)
WARNING:src.hipporag.evaluation.retrieval_eval:Length of retrieved docs (100) is smaller than largest topk for recall score (200)
WARNING:src.hipporag.evaluation.retrieval_eval:Length of retrieved docs (100) is smaller than largest topk for recall score (200)
WARNING:src.hipporag.evaluation.retrieval_eval:Length of retrieved docs (100) is smaller than largest topk for recall score (200)
WARNING:src.hipporag.evaluation.retrieval_eval:Length of retrieved docs (100) is smaller than largest topk for recall score (200)
WARNING:src.hipporag.evaluation.retrieval_eval:Length of retrieved docs (100) is smaller than largest topk for recall score (200)
WARNING:src.hipporag.evaluation.retrieval_eval:Length of retrieved docs (100) is smaller than largest topk for recall score (200)
WARNING:src.hipporag.evaluation.retrieval_eval:Length of retrieved docs (100) is smaller than largest topk for recall score (200)
WARNING:src.hipporag.evaluation.retrieval_eval:Length of retrieved docs (100) is smaller than largest topk for recall score (200)
WARNING:src.hipporag.evaluation.retrieval_eval:Length of retrieved docs (100) is smaller than largest topk for recall score (200)
WARNING:src.hipporag.evaluation.retrieval_eval:Length of retrieved docs (100) is smaller than largest topk for recall score (200)
WARNING:src.hipporag.evaluation.retrieval_eval:Length of retrieved docs (100) is smaller than largest topk for recall score (200)
WARNING:src.hipporag.evaluation.retrieval_eval:Length of retrieved docs (100) is smaller than largest topk for recall score (200)
WARNING:src.hipporag.evaluation.retrieval_eval:Length of retrieved docs (100) is smaller than largest topk for recall score (200)
WARNING:src.hipporag.evaluation.retrieval_eval:Length of retrieved docs (100) is smaller than largest topk for recall score (200)
WARNING:src.hipporag.evaluation.retrieval_eval:Length of retrieved docs (100) is smaller than largest topk for recall score (200)
WARNING:src.hipporag.evaluation.retrieval_eval:Length of retrieved docs (100) is smaller than largest topk for recall score (200)
WARNING:src.hipporag.evaluation.retrieval_eval:Length of retrieved docs (100) is smaller than largest topk for recall score (200)
WARNING:src.hipporag.evaluation.retrieval_eval:Length of retrieved docs (100) is smaller than largest topk for recall score (200)
WARNING:src.hipporag.evaluation.retrieval_eval:Length of retrieved docs (100) is smaller than largest topk for recall score (200)
WARNING:src.hipporag.evaluation.retrieval_eval:Length of retrieved docs (100) is smaller than largest topk for recall score (200)
WARNING:src.hipporag.evaluation.retrieval_eval:Length of retrieved docs (100) is smaller than largest topk for recall score (200)
WARNING:src.hipporag.evaluation.retrieval_eval:Length of retrieved docs (100) is smaller than largest topk for recall score (200)
WARNING:src.hipporag.evaluation.retrieval_eval:Length of retrieved docs (100) is smaller than largest topk for recall score (200)
WARNING:src.hipporag.evaluation.retrieval_eval:Length of retrieved docs (100) is smaller than largest topk for recall score (200)
WARNING:src.hipporag.evaluation.retrieval_eval:Length of retrieved docs (100) is smaller than largest topk for recall score (200)
WARNING:src.hipporag.evaluation.retrieval_eval:Length of retrieved docs (100) is smaller than largest topk for recall score (200)
WARNING:src.hipporag.evaluation.retrieval_eval:Length of retrieved docs (100) is smaller than largest topk for recall score (200)
WARNING:src.hipporag.evaluation.retrieval_eval:Length of retrieved docs (100) is smaller than largest topk for recall score (200)
WARNING:src.hipporag.evaluation.retrieval_eval:Length of retrieved docs (100) is smaller than largest topk for recall score (200)
WARNING:src.hipporag.evaluation.retrieval_eval:Length of retrieved docs (100) is smaller than largest topk for recall score (200)
WARNING:src.hipporag.evaluation.retrieval_eval:Length of retrieved docs (100) is smaller than largest topk for recall score (200)
WARNING:src.hipporag.evaluation.retrieval_eval:Length of retrieved docs (100) is smaller than largest topk for recall score (200)
WARNING:src.hipporag.evaluation.retrieval_eval:Length of retrieved docs (100) is smaller than largest topk for recall score (200)
WARNING:src.hipporag.evaluation.retrieval_eval:Length of retrieved docs (100) is smaller than largest topk for recall score (200)
WARNING:src.hipporag.evaluation.retrieval_eval:Length of retrieved docs (100) is smaller than largest topk for recall score (200)
WARNING:src.hipporag.evaluation.retrieval_eval:Length of retrieved docs (100) is smaller than largest topk for recall score (200)
WARNING:src.hipporag.evaluation.retrieval_eval:Length of retrieved docs (100) is smaller than largest topk for recall score (200)
WARNING:src.hipporag.evaluation.retrieval_eval:Length of retrieved docs (100) is smaller than largest topk for recall score (200)
WARNING:src.hipporag.evaluation.retrieval_eval:Length of retrieved docs (100) is smaller than largest topk for recall score (200)
WARNING:src.hipporag.evaluation.retrieval_eval:Length of retrieved docs (100) is smaller than largest topk for recall score (200)
WARNING:src.hipporag.evaluation.retrieval_eval:Length of retrieved docs (100) is smaller than largest topk for recall score (200)
WARNING:src.hipporag.evaluation.retrieval_eval:Length of retrieved docs (100) is smaller than largest topk for recall score (200)
WARNING:src.hipporag.evaluation.retrieval_eval:Length of retrieved docs (100) is smaller than largest topk for recall score (200)
WARNING:src.hipporag.evaluation.retrieval_eval:Length of retrieved docs (100) is smaller than largest topk for recall score (200)
WARNING:src.hipporag.evaluation.retrieval_eval:Length of retrieved docs (100) is smaller than largest topk for recall score (200)
WARNING:src.hipporag.evaluation.retrieval_eval:Length of retrieved docs (100) is smaller than largest topk for recall score (200)
WARNING:src.hipporag.evaluation.retrieval_eval:Length of retrieved docs (100) is smaller than largest topk for recall score (200)
WARNING:src.hipporag.evaluation.retrieval_eval:Length of retrieved docs (100) is smaller than largest topk for recall score (200)
WARNING:src.hipporag.evaluation.retrieval_eval:Length of retrieved docs (100) is smaller than largest topk for recall score (200)
WARNING:src.hipporag.evaluation.retrieval_eval:Length of retrieved docs (100) is smaller than largest topk for recall score (200)
WARNING:src.hipporag.evaluation.retrieval_eval:Length of retrieved docs (100) is smaller than largest topk for recall score (200)
WARNING:src.hipporag.evaluation.retrieval_eval:Length of retrieved docs (100) is smaller than largest topk for recall score (200)
WARNING:src.hipporag.evaluation.retrieval_eval:Length of retrieved docs (100) is smaller than largest topk for recall score (200)
WARNING:src.hipporag.evaluation.retrieval_eval:Length of retrieved docs (100) is smaller than largest topk for recall score (200)
WARNING:src.hipporag.evaluation.retrieval_eval:Length of retrieved docs (100) is smaller than largest topk for recall score (200)
WARNING:src.hipporag.evaluation.retrieval_eval:Length of retrieved docs (100) is smaller than largest topk for recall score (200)
WARNING:src.hipporag.evaluation.retrieval_eval:Length of retrieved docs (100) is smaller than largest topk for recall score (200)
WARNING:src.hipporag.evaluation.retrieval_eval:Length of retrieved docs (100) is smaller than largest topk for recall score (200)
WARNING:src.hipporag.evaluation.retrieval_eval:Length of retrieved docs (100) is smaller than largest topk for recall score (200)
WARNING:src.hipporag.evaluation.retrieval_eval:Length of retrieved docs (100) is smaller than largest topk for recall score (200)
WARNING:src.hipporag.evaluation.retrieval_eval:Length of retrieved docs (100) is smaller than largest topk for recall score (200)
WARNING:src.hipporag.evaluation.retrieval_eval:Length of retrieved docs (100) is smaller than largest topk for recall score (200)
WARNING:src.hipporag.evaluation.retrieval_eval:Length of retrieved docs (100) is smaller than largest topk for recall score (200)
WARNING:src.hipporag.evaluation.retrieval_eval:Length of retrieved docs (100) is smaller than largest topk for recall score (200)
WARNING:src.hipporag.evaluation.retrieval_eval:Length of retrieved docs (100) is smaller than largest topk for recall score (200)
WARNING:src.hipporag.evaluation.retrieval_eval:Length of retrieved docs (100) is smaller than largest topk for recall score (200)
WARNING:src.hipporag.evaluation.retrieval_eval:Length of retrieved docs (100) is smaller than largest topk for recall score (200)
WARNING:src.hipporag.evaluation.retrieval_eval:Length of retrieved docs (100) is smaller than largest topk for recall score (200)
WARNING:src.hipporag.evaluation.retrieval_eval:Length of retrieved docs (100) is smaller than largest topk for recall score (200)
WARNING:src.hipporag.evaluation.retrieval_eval:Length of retrieved docs (100) is smaller than largest topk for recall score (200)
WARNING:src.hipporag.evaluation.retrieval_eval:Length of retrieved docs (100) is smaller than largest topk for recall score (200)
WARNING:src.hipporag.evaluation.retrieval_eval:Length of retrieved docs (100) is smaller than largest topk for recall score (200)
WARNING:src.hipporag.evaluation.retrieval_eval:Length of retrieved docs (100) is smaller than largest topk for recall score (200)
WARNING:src.hipporag.evaluation.retrieval_eval:Length of retrieved docs (100) is smaller than largest topk for recall score (200)
WARNING:src.hipporag.evaluation.retrieval_eval:Length of retrieved docs (100) is smaller than largest topk for recall score (200)
WARNING:src.hipporag.evaluation.retrieval_eval:Length of retrieved docs (100) is smaller than largest topk for recall score (200)
WARNING:src.hipporag.evaluation.retrieval_eval:Length of retrieved docs (100) is smaller than largest topk for recall score (200)
WARNING:src.hipporag.evaluation.retrieval_eval:Length of retrieved docs (100) is smaller than largest topk for recall score (200)
WARNING:src.hipporag.evaluation.retrieval_eval:Length of retrieved docs (100) is smaller than largest topk for recall score (200)
WARNING:src.hipporag.evaluation.retrieval_eval:Length of retrieved docs (100) is smaller than largest topk for recall score (200)
WARNING:src.hipporag.evaluation.retrieval_eval:Length of retrieved docs (100) is smaller than largest topk for recall score (200)
WARNING:src.hipporag.evaluation.retrieval_eval:Length of retrieved docs (100) is smaller than largest topk for recall score (200)
WARNING:src.hipporag.evaluation.retrieval_eval:Length of retrieved docs (100) is smaller than largest topk for recall score (200)
WARNING:src.hipporag.evaluation.retrieval_eval:Length of retrieved docs (100) is smaller than largest topk for recall score (200)
WARNING:src.hipporag.evaluation.retrieval_eval:Length of retrieved docs (100) is smaller than largest topk for recall score (200)
WARNING:src.hipporag.evaluation.retrieval_eval:Length of retrieved docs (100) is smaller than largest topk for recall score (200)
WARNING:src.hipporag.evaluation.retrieval_eval:Length of retrieved docs (100) is smaller than largest topk for recall score (200)
WARNING:src.hipporag.evaluation.retrieval_eval:Length of retrieved docs (100) is smaller than largest topk for recall score (200)
WARNING:src.hipporag.evaluation.retrieval_eval:Length of retrieved docs (100) is smaller than largest topk for recall score (200)
WARNING:src.hipporag.evaluation.retrieval_eval:Length of retrieved docs (100) is smaller than largest topk for recall score (200)
WARNING:src.hipporag.evaluation.retrieval_eval:Length of retrieved docs (100) is smaller than largest topk for recall score (200)
WARNING:src.hipporag.evaluation.retrieval_eval:Length of retrieved docs (100) is smaller than largest topk for recall score (200)
WARNING:src.hipporag.evaluation.retrieval_eval:Length of retrieved docs (100) is smaller than largest topk for recall score (200)
WARNING:src.hipporag.evaluation.retrieval_eval:Length of retrieved docs (100) is smaller than largest topk for recall score (200)
WARNING:src.hipporag.evaluation.retrieval_eval:Length of retrieved docs (100) is smaller than largest topk for recall score (200)
WARNING:src.hipporag.evaluation.retrieval_eval:Length of retrieved docs (100) is smaller than largest topk for recall score (200)
WARNING:src.hipporag.evaluation.retrieval_eval:Length of retrieved docs (100) is smaller than largest topk for recall score (200)
WARNING:src.hipporag.evaluation.retrieval_eval:Length of retrieved docs (100) is smaller than largest topk for recall score (200)
WARNING:src.hipporag.evaluation.retrieval_eval:Length of retrieved docs (100) is smaller than largest topk for recall score (200)
WARNING:src.hipporag.evaluation.retrieval_eval:Length of retrieved docs (100) is smaller than largest topk for recall score (200)
WARNING:src.hipporag.evaluation.retrieval_eval:Length of retrieved docs (100) is smaller than largest topk for recall score (200)
WARNING:src.hipporag.evaluation.retrieval_eval:Length of retrieved docs (100) is smaller than largest topk for recall score (200)
WARNING:src.hipporag.evaluation.retrieval_eval:Length of retrieved docs (100) is smaller than largest topk for recall score (200)
WARNING:src.hipporag.evaluation.retrieval_eval:Length of retrieved docs (100) is smaller than largest topk for recall score (200)
WARNING:src.hipporag.evaluation.retrieval_eval:Length of retrieved docs (100) is smaller than largest topk for recall score (200)
WARNING:src.hipporag.evaluation.retrieval_eval:Length of retrieved docs (100) is smaller than largest topk for recall score (200)
WARNING:src.hipporag.evaluation.retrieval_eval:Length of retrieved docs (100) is smaller than largest topk for recall score (200)
WARNING:src.hipporag.evaluation.retrieval_eval:Length of retrieved docs (100) is smaller than largest topk for recall score (200)
WARNING:src.hipporag.evaluation.retrieval_eval:Length of retrieved docs (100) is smaller than largest topk for recall score (200)
WARNING:src.hipporag.evaluation.retrieval_eval:Length of retrieved docs (100) is smaller than largest topk for recall score (200)
WARNING:src.hipporag.evaluation.retrieval_eval:Length of retrieved docs (100) is smaller than largest topk for recall score (200)
WARNING:src.hipporag.evaluation.retrieval_eval:Length of retrieved docs (100) is smaller than largest topk for recall score (200)
WARNING:src.hipporag.evaluation.retrieval_eval:Length of retrieved docs (100) is smaller than largest topk for recall score (200)
WARNING:src.hipporag.evaluation.retrieval_eval:Length of retrieved docs (100) is smaller than largest topk for recall score (200)
WARNING:src.hipporag.evaluation.retrieval_eval:Length of retrieved docs (100) is smaller than largest topk for recall score (200)
WARNING:src.hipporag.evaluation.retrieval_eval:Length of retrieved docs (100) is smaller than largest topk for recall score (200)
WARNING:src.hipporag.evaluation.retrieval_eval:Length of retrieved docs (100) is smaller than largest topk for recall score (200)
WARNING:src.hipporag.evaluation.retrieval_eval:Length of retrieved docs (100) is smaller than largest topk for recall score (200)
WARNING:src.hipporag.evaluation.retrieval_eval:Length of retrieved docs (100) is smaller than largest topk for recall score (200)
WARNING:src.hipporag.evaluation.retrieval_eval:Length of retrieved docs (100) is smaller than largest topk for recall score (200)
WARNING:src.hipporag.evaluation.retrieval_eval:Length of retrieved docs (100) is smaller than largest topk for recall score (200)
WARNING:src.hipporag.evaluation.retrieval_eval:Length of retrieved docs (100) is smaller than largest topk for recall score (200)
WARNING:src.hipporag.evaluation.retrieval_eval:Length of retrieved docs (100) is smaller than largest topk for recall score (200)
WARNING:src.hipporag.evaluation.retrieval_eval:Length of retrieved docs (100) is smaller than largest topk for recall score (200)
WARNING:src.hipporag.evaluation.retrieval_eval:Length of retrieved docs (100) is smaller than largest topk for recall score (200)
WARNING:src.hipporag.evaluation.retrieval_eval:Length of retrieved docs (100) is smaller than largest topk for recall score (200)
WARNING:src.hipporag.evaluation.retrieval_eval:Length of retrieved docs (100) is smaller than largest topk for recall score (200)
WARNING:src.hipporag.evaluation.retrieval_eval:Length of retrieved docs (100) is smaller than largest topk for recall score (200)
WARNING:src.hipporag.evaluation.retrieval_eval:Length of retrieved docs (100) is smaller than largest topk for recall score (200)
WARNING:src.hipporag.evaluation.retrieval_eval:Length of retrieved docs (100) is smaller than largest topk for recall score (200)
WARNING:src.hipporag.evaluation.retrieval_eval:Length of retrieved docs (100) is smaller than largest topk for recall score (200)
WARNING:src.hipporag.evaluation.retrieval_eval:Length of retrieved docs (100) is smaller than largest topk for recall score (200)
WARNING:src.hipporag.evaluation.retrieval_eval:Length of retrieved docs (100) is smaller than largest topk for recall score (200)
WARNING:src.hipporag.evaluation.retrieval_eval:Length of retrieved docs (100) is smaller than largest topk for recall score (200)
WARNING:src.hipporag.evaluation.retrieval_eval:Length of retrieved docs (100) is smaller than largest topk for recall score (200)
WARNING:src.hipporag.evaluation.retrieval_eval:Length of retrieved docs (100) is smaller than largest topk for recall score (200)
WARNING:src.hipporag.evaluation.retrieval_eval:Length of retrieved docs (100) is smaller than largest topk for recall score (200)
WARNING:src.hipporag.evaluation.retrieval_eval:Length of retrieved docs (100) is smaller than largest topk for recall score (200)
WARNING:src.hipporag.evaluation.retrieval_eval:Length of retrieved docs (100) is smaller than largest topk for recall score (200)
WARNING:src.hipporag.evaluation.retrieval_eval:Length of retrieved docs (100) is smaller than largest topk for recall score (200)
WARNING:src.hipporag.evaluation.retrieval_eval:Length of retrieved docs (100) is smaller than largest topk for recall score (200)
WARNING:src.hipporag.evaluation.retrieval_eval:Length of retrieved docs (100) is smaller than largest topk for recall score (200)
WARNING:src.hipporag.evaluation.retrieval_eval:Length of retrieved docs (100) is smaller than largest topk for recall score (200)
WARNING:src.hipporag.evaluation.retrieval_eval:Length of retrieved docs (100) is smaller than largest topk for recall score (200)
WARNING:src.hipporag.evaluation.retrieval_eval:Length of retrieved docs (100) is smaller than largest topk for recall score (200)
WARNING:src.hipporag.evaluation.retrieval_eval:Length of retrieved docs (100) is smaller than largest topk for recall score (200)
WARNING:src.hipporag.evaluation.retrieval_eval:Length of retrieved docs (100) is smaller than largest topk for recall score (200)
WARNING:src.hipporag.evaluation.retrieval_eval:Length of retrieved docs (100) is smaller than largest topk for recall score (200)
WARNING:src.hipporag.evaluation.retrieval_eval:Length of retrieved docs (100) is smaller than largest topk for recall score (200)
WARNING:src.hipporag.evaluation.retrieval_eval:Length of retrieved docs (100) is smaller than largest topk for recall score (200)
WARNING:src.hipporag.evaluation.retrieval_eval:Length of retrieved docs (100) is smaller than largest topk for recall score (200)
WARNING:src.hipporag.evaluation.retrieval_eval:Length of retrieved docs (100) is smaller than largest topk for recall score (200)
WARNING:src.hipporag.evaluation.retrieval_eval:Length of retrieved docs (100) is smaller than largest topk for recall score (200)
WARNING:src.hipporag.evaluation.retrieval_eval:Length of retrieved docs (100) is smaller than largest topk for recall score (200)
WARNING:src.hipporag.evaluation.retrieval_eval:Length of retrieved docs (100) is smaller than largest topk for recall score (200)
WARNING:src.hipporag.evaluation.retrieval_eval:Length of retrieved docs (100) is smaller than largest topk for recall score (200)
WARNING:src.hipporag.evaluation.retrieval_eval:Length of retrieved docs (100) is smaller than largest topk for recall score (200)
WARNING:src.hipporag.evaluation.retrieval_eval:Length of retrieved docs (100) is smaller than largest topk for recall score (200)
WARNING:src.hipporag.evaluation.retrieval_eval:Length of retrieved docs (100) is smaller than largest topk for recall score (200)
WARNING:src.hipporag.evaluation.retrieval_eval:Length of retrieved docs (100) is smaller than largest topk for recall score (200)
WARNING:src.hipporag.evaluation.retrieval_eval:Length of retrieved docs (100) is smaller than largest topk for recall score (200)
WARNING:src.hipporag.evaluation.retrieval_eval:Length of retrieved docs (100) is smaller than largest topk for recall score (200)
WARNING:src.hipporag.evaluation.retrieval_eval:Length of retrieved docs (100) is smaller than largest topk for recall score (200)
WARNING:src.hipporag.evaluation.retrieval_eval:Length of retrieved docs (100) is smaller than largest topk for recall score (200)
WARNING:src.hipporag.evaluation.retrieval_eval:Length of retrieved docs (100) is smaller than largest topk for recall score (200)
WARNING:src.hipporag.evaluation.retrieval_eval:Length of retrieved docs (100) is smaller than largest topk for recall score (200)
WARNING:src.hipporag.evaluation.retrieval_eval:Length of retrieved docs (100) is smaller than largest topk for recall score (200)
WARNING:src.hipporag.evaluation.retrieval_eval:Length of retrieved docs (100) is smaller than largest topk for recall score (200)
WARNING:src.hipporag.evaluation.retrieval_eval:Length of retrieved docs (100) is smaller than largest topk for recall score (200)
WARNING:src.hipporag.evaluation.retrieval_eval:Length of retrieved docs (100) is smaller than largest topk for recall score (200)
WARNING:src.hipporag.evaluation.retrieval_eval:Length of retrieved docs (100) is smaller than largest topk for recall score (200)
WARNING:src.hipporag.evaluation.retrieval_eval:Length of retrieved docs (100) is smaller than largest topk for recall score (200)
WARNING:src.hipporag.evaluation.retrieval_eval:Length of retrieved docs (100) is smaller than largest topk for recall score (200)
WARNING:src.hipporag.evaluation.retrieval_eval:Length of retrieved docs (100) is smaller than largest topk for recall score (200)
WARNING:src.hipporag.evaluation.retrieval_eval:Length of retrieved docs (100) is smaller than largest topk for recall score (200)
WARNING:src.hipporag.evaluation.retrieval_eval:Length of retrieved docs (100) is smaller than largest topk for recall score (200)
WARNING:src.hipporag.evaluation.retrieval_eval:Length of retrieved docs (100) is smaller than largest topk for recall score (200)
WARNING:src.hipporag.evaluation.retrieval_eval:Length of retrieved docs (100) is smaller than largest topk for recall score (200)
WARNING:src.hipporag.evaluation.retrieval_eval:Length of retrieved docs (100) is smaller than largest topk for recall score (200)
WARNING:src.hipporag.evaluation.retrieval_eval:Length of retrieved docs (100) is smaller than largest topk for recall score (200)
WARNING:src.hipporag.evaluation.retrieval_eval:Length of retrieved docs (100) is smaller than largest topk for recall score (200)
WARNING:src.hipporag.evaluation.retrieval_eval:Length of retrieved docs (100) is smaller than largest topk for recall score (200)
WARNING:src.hipporag.evaluation.retrieval_eval:Length of retrieved docs (100) is smaller than largest topk for recall score (200)
WARNING:src.hipporag.evaluation.retrieval_eval:Length of retrieved docs (100) is smaller than largest topk for recall score (200)
WARNING:src.hipporag.evaluation.retrieval_eval:Length of retrieved docs (100) is smaller than largest topk for recall score (200)
WARNING:src.hipporag.evaluation.retrieval_eval:Length of retrieved docs (100) is smaller than largest topk for recall score (200)
WARNING:src.hipporag.evaluation.retrieval_eval:Length of retrieved docs (100) is smaller than largest topk for recall score (200)
WARNING:src.hipporag.evaluation.retrieval_eval:Length of retrieved docs (100) is smaller than largest topk for recall score (200)
WARNING:src.hipporag.evaluation.retrieval_eval:Length of retrieved docs (100) is smaller than largest topk for recall score (200)
WARNING:src.hipporag.evaluation.retrieval_eval:Length of retrieved docs (100) is smaller than largest topk for recall score (200)
WARNING:src.hipporag.evaluation.retrieval_eval:Length of retrieved docs (100) is smaller than largest topk for recall score (200)
WARNING:src.hipporag.evaluation.retrieval_eval:Length of retrieved docs (100) is smaller than largest topk for recall score (200)
WARNING:src.hipporag.evaluation.retrieval_eval:Length of retrieved docs (100) is smaller than largest topk for recall score (200)
WARNING:src.hipporag.evaluation.retrieval_eval:Length of retrieved docs (100) is smaller than largest topk for recall score (200)
WARNING:src.hipporag.evaluation.retrieval_eval:Length of retrieved docs (100) is smaller than largest topk for recall score (200)
WARNING:src.hipporag.evaluation.retrieval_eval:Length of retrieved docs (100) is smaller than largest topk for recall score (200)
WARNING:src.hipporag.evaluation.retrieval_eval:Length of retrieved docs (100) is smaller than largest topk for recall score (200)
WARNING:src.hipporag.evaluation.retrieval_eval:Length of retrieved docs (100) is smaller than largest topk for recall score (200)
WARNING:src.hipporag.evaluation.retrieval_eval:Length of retrieved docs (100) is smaller than largest topk for recall score (200)
WARNING:src.hipporag.evaluation.retrieval_eval:Length of retrieved docs (100) is smaller than largest topk for recall score (200)
WARNING:src.hipporag.evaluation.retrieval_eval:Length of retrieved docs (100) is smaller than largest topk for recall score (200)
WARNING:src.hipporag.evaluation.retrieval_eval:Length of retrieved docs (100) is smaller than largest topk for recall score (200)
WARNING:src.hipporag.evaluation.retrieval_eval:Length of retrieved docs (100) is smaller than largest topk for recall score (200)
WARNING:src.hipporag.evaluation.retrieval_eval:Length of retrieved docs (100) is smaller than largest topk for recall score (200)
WARNING:src.hipporag.evaluation.retrieval_eval:Length of retrieved docs (100) is smaller than largest topk for recall score (200)
WARNING:src.hipporag.evaluation.retrieval_eval:Length of retrieved docs (100) is smaller than largest topk for recall score (200)
WARNING:src.hipporag.evaluation.retrieval_eval:Length of retrieved docs (100) is smaller than largest topk for recall score (200)
WARNING:src.hipporag.evaluation.retrieval_eval:Length of retrieved docs (100) is smaller than largest topk for recall score (200)
WARNING:src.hipporag.evaluation.retrieval_eval:Length of retrieved docs (100) is smaller than largest topk for recall score (200)
WARNING:src.hipporag.evaluation.retrieval_eval:Length of retrieved docs (100) is smaller than largest topk for recall score (200)
WARNING:src.hipporag.evaluation.retrieval_eval:Length of retrieved docs (100) is smaller than largest topk for recall score (200)
WARNING:src.hipporag.evaluation.retrieval_eval:Length of retrieved docs (100) is smaller than largest topk for recall score (200)
WARNING:src.hipporag.evaluation.retrieval_eval:Length of retrieved docs (100) is smaller than largest topk for recall score (200)
WARNING:src.hipporag.evaluation.retrieval_eval:Length of retrieved docs (100) is smaller than largest topk for recall score (200)
WARNING:src.hipporag.evaluation.retrieval_eval:Length of retrieved docs (100) is smaller than largest topk for recall score (200)
WARNING:src.hipporag.evaluation.retrieval_eval:Length of retrieved docs (100) is smaller than largest topk for recall score (200)
WARNING:src.hipporag.evaluation.retrieval_eval:Length of retrieved docs (100) is smaller than largest topk for recall score (200)
WARNING:src.hipporag.evaluation.retrieval_eval:Length of retrieved docs (100) is smaller than largest topk for recall score (200)
WARNING:src.hipporag.evaluation.retrieval_eval:Length of retrieved docs (100) is smaller than largest topk for recall score (200)
WARNING:src.hipporag.evaluation.retrieval_eval:Length of retrieved docs (100) is smaller than largest topk for recall score (200)
WARNING:src.hipporag.evaluation.retrieval_eval:Length of retrieved docs (100) is smaller than largest topk for recall score (200)
WARNING:src.hipporag.evaluation.retrieval_eval:Length of retrieved docs (100) is smaller than largest topk for recall score (200)
WARNING:src.hipporag.evaluation.retrieval_eval:Length of retrieved docs (100) is smaller than largest topk for recall score (200)
WARNING:src.hipporag.evaluation.retrieval_eval:Length of retrieved docs (100) is smaller than largest topk for recall score (200)
WARNING:src.hipporag.evaluation.retrieval_eval:Length of retrieved docs (100) is smaller than largest topk for recall score (200)
WARNING:src.hipporag.evaluation.retrieval_eval:Length of retrieved docs (100) is smaller than largest topk for recall score (200)
WARNING:src.hipporag.evaluation.retrieval_eval:Length of retrieved docs (100) is smaller than largest topk for recall score (200)
WARNING:src.hipporag.evaluation.retrieval_eval:Length of retrieved docs (100) is smaller than largest topk for recall score (200)
WARNING:src.hipporag.evaluation.retrieval_eval:Length of retrieved docs (100) is smaller than largest topk for recall score (200)
WARNING:src.hipporag.evaluation.retrieval_eval:Length of retrieved docs (100) is smaller than largest topk for recall score (200)
WARNING:src.hipporag.evaluation.retrieval_eval:Length of retrieved docs (100) is smaller than largest topk for recall score (200)
WARNING:src.hipporag.evaluation.retrieval_eval:Length of retrieved docs (100) is smaller than largest topk for recall score (200)
WARNING:src.hipporag.evaluation.retrieval_eval:Length of retrieved docs (100) is smaller than largest topk for recall score (200)
WARNING:src.hipporag.evaluation.retrieval_eval:Length of retrieved docs (100) is smaller than largest topk for recall score (200)
WARNING:src.hipporag.evaluation.retrieval_eval:Length of retrieved docs (100) is smaller than largest topk for recall score (200)
WARNING:src.hipporag.evaluation.retrieval_eval:Length of retrieved docs (100) is smaller than largest topk for recall score (200)
WARNING:src.hipporag.evaluation.retrieval_eval:Length of retrieved docs (100) is smaller than largest topk for recall score (200)
WARNING:src.hipporag.evaluation.retrieval_eval:Length of retrieved docs (100) is smaller than largest topk for recall score (200)
WARNING:src.hipporag.evaluation.retrieval_eval:Length of retrieved docs (100) is smaller than largest topk for recall score (200)
WARNING:src.hipporag.evaluation.retrieval_eval:Length of retrieved docs (100) is smaller than largest topk for recall score (200)
WARNING:src.hipporag.evaluation.retrieval_eval:Length of retrieved docs (100) is smaller than largest topk for recall score (200)
WARNING:src.hipporag.evaluation.retrieval_eval:Length of retrieved docs (100) is smaller than largest topk for recall score (200)
WARNING:src.hipporag.evaluation.retrieval_eval:Length of retrieved docs (100) is smaller than largest topk for recall score (200)
WARNING:src.hipporag.evaluation.retrieval_eval:Length of retrieved docs (100) is smaller than largest topk for recall score (200)
WARNING:src.hipporag.evaluation.retrieval_eval:Length of retrieved docs (100) is smaller than largest topk for recall score (200)
WARNING:src.hipporag.evaluation.retrieval_eval:Length of retrieved docs (100) is smaller than largest topk for recall score (200)
WARNING:src.hipporag.evaluation.retrieval_eval:Length of retrieved docs (100) is smaller than largest topk for recall score (200)
WARNING:src.hipporag.evaluation.retrieval_eval:Length of retrieved docs (100) is smaller than largest topk for recall score (200)
WARNING:src.hipporag.evaluation.retrieval_eval:Length of retrieved docs (100) is smaller than largest topk for recall score (200)
WARNING:src.hipporag.evaluation.retrieval_eval:Length of retrieved docs (100) is smaller than largest topk for recall score (200)
WARNING:src.hipporag.evaluation.retrieval_eval:Length of retrieved docs (100) is smaller than largest topk for recall score (200)
WARNING:src.hipporag.evaluation.retrieval_eval:Length of retrieved docs (100) is smaller than largest topk for recall score (200)
WARNING:src.hipporag.evaluation.retrieval_eval:Length of retrieved docs (100) is smaller than largest topk for recall score (200)
WARNING:src.hipporag.evaluation.retrieval_eval:Length of retrieved docs (100) is smaller than largest topk for recall score (200)
WARNING:src.hipporag.evaluation.retrieval_eval:Length of retrieved docs (100) is smaller than largest topk for recall score (200)
WARNING:src.hipporag.evaluation.retrieval_eval:Length of retrieved docs (100) is smaller than largest topk for recall score (200)
WARNING:src.hipporag.evaluation.retrieval_eval:Length of retrieved docs (100) is smaller than largest topk for recall score (200)
WARNING:src.hipporag.evaluation.retrieval_eval:Length of retrieved docs (100) is smaller than largest topk for recall score (200)
WARNING:src.hipporag.evaluation.retrieval_eval:Length of retrieved docs (100) is smaller than largest topk for recall score (200)
WARNING:src.hipporag.evaluation.retrieval_eval:Length of retrieved docs (100) is smaller than largest topk for recall score (200)
WARNING:src.hipporag.evaluation.retrieval_eval:Length of retrieved docs (100) is smaller than largest topk for recall score (200)
WARNING:src.hipporag.evaluation.retrieval_eval:Length of retrieved docs (100) is smaller than largest topk for recall score (200)
WARNING:src.hipporag.evaluation.retrieval_eval:Length of retrieved docs (100) is smaller than largest topk for recall score (200)
WARNING:src.hipporag.evaluation.retrieval_eval:Length of retrieved docs (100) is smaller than largest topk for recall score (200)
WARNING:src.hipporag.evaluation.retrieval_eval:Length of retrieved docs (100) is smaller than largest topk for recall score (200)
WARNING:src.hipporag.evaluation.retrieval_eval:Length of retrieved docs (100) is smaller than largest topk for recall score (200)
WARNING:src.hipporag.evaluation.retrieval_eval:Length of retrieved docs (100) is smaller than largest topk for recall score (200)
WARNING:src.hipporag.evaluation.retrieval_eval:Length of retrieved docs (100) is smaller than largest topk for recall score (200)
WARNING:src.hipporag.evaluation.retrieval_eval:Length of retrieved docs (100) is smaller than largest topk for recall score (200)
WARNING:src.hipporag.evaluation.retrieval_eval:Length of retrieved docs (100) is smaller than largest topk for recall score (200)
WARNING:src.hipporag.evaluation.retrieval_eval:Length of retrieved docs (100) is smaller than largest topk for recall score (200)
WARNING:src.hipporag.evaluation.retrieval_eval:Length of retrieved docs (100) is smaller than largest topk for recall score (200)
WARNING:src.hipporag.evaluation.retrieval_eval:Length of retrieved docs (100) is smaller than largest topk for recall score (200)
WARNING:src.hipporag.evaluation.retrieval_eval:Length of retrieved docs (100) is smaller than largest topk for recall score (200)
WARNING:src.hipporag.evaluation.retrieval_eval:Length of retrieved docs (100) is smaller than largest topk for recall score (200)
WARNING:src.hipporag.evaluation.retrieval_eval:Length of retrieved docs (100) is smaller than largest topk for recall score (200)
WARNING:src.hipporag.evaluation.retrieval_eval:Length of retrieved docs (100) is smaller than largest topk for recall score (200)
WARNING:src.hipporag.evaluation.retrieval_eval:Length of retrieved docs (100) is smaller than largest topk for recall score (200)
WARNING:src.hipporag.evaluation.retrieval_eval:Length of retrieved docs (100) is smaller than largest topk for recall score (200)
WARNING:src.hipporag.evaluation.retrieval_eval:Length of retrieved docs (100) is smaller than largest topk for recall score (200)
WARNING:src.hipporag.evaluation.retrieval_eval:Length of retrieved docs (100) is smaller than largest topk for recall score (200)
WARNING:src.hipporag.evaluation.retrieval_eval:Length of retrieved docs (100) is smaller than largest topk for recall score (200)
WARNING:src.hipporag.evaluation.retrieval_eval:Length of retrieved docs (100) is smaller than largest topk for recall score (200)
WARNING:src.hipporag.evaluation.retrieval_eval:Length of retrieved docs (100) is smaller than largest topk for recall score (200)
WARNING:src.hipporag.evaluation.retrieval_eval:Length of retrieved docs (100) is smaller than largest topk for recall score (200)
WARNING:src.hipporag.evaluation.retrieval_eval:Length of retrieved docs (100) is smaller than largest topk for recall score (200)
WARNING:src.hipporag.evaluation.retrieval_eval:Length of retrieved docs (100) is smaller than largest topk for recall score (200)
WARNING:src.hipporag.evaluation.retrieval_eval:Length of retrieved docs (100) is smaller than largest topk for recall score (200)
WARNING:src.hipporag.evaluation.retrieval_eval:Length of retrieved docs (100) is smaller than largest topk for recall score (200)
WARNING:src.hipporag.evaluation.retrieval_eval:Length of retrieved docs (100) is smaller than largest topk for recall score (200)
WARNING:src.hipporag.evaluation.retrieval_eval:Length of retrieved docs (100) is smaller than largest topk for recall score (200)
WARNING:src.hipporag.evaluation.retrieval_eval:Length of retrieved docs (100) is smaller than largest topk for recall score (200)
WARNING:src.hipporag.evaluation.retrieval_eval:Length of retrieved docs (100) is smaller than largest topk for recall score (200)
WARNING:src.hipporag.evaluation.retrieval_eval:Length of retrieved docs (100) is smaller than largest topk for recall score (200)
WARNING:src.hipporag.evaluation.retrieval_eval:Length of retrieved docs (100) is smaller than largest topk for recall score (200)
WARNING:src.hipporag.evaluation.retrieval_eval:Length of retrieved docs (100) is smaller than largest topk for recall score (200)
WARNING:src.hipporag.evaluation.retrieval_eval:Length of retrieved docs (100) is smaller than largest topk for recall score (200)
WARNING:src.hipporag.evaluation.retrieval_eval:Length of retrieved docs (100) is smaller than largest topk for recall score (200)
WARNING:src.hipporag.evaluation.retrieval_eval:Length of retrieved docs (100) is smaller than largest topk for recall score (200)
WARNING:src.hipporag.evaluation.retrieval_eval:Length of retrieved docs (100) is smaller than largest topk for recall score (200)
WARNING:src.hipporag.evaluation.retrieval_eval:Length of retrieved docs (100) is smaller than largest topk for recall score (200)
WARNING:src.hipporag.evaluation.retrieval_eval:Length of retrieved docs (100) is smaller than largest topk for recall score (200)
WARNING:src.hipporag.evaluation.retrieval_eval:Length of retrieved docs (100) is smaller than largest topk for recall score (200)
WARNING:src.hipporag.evaluation.retrieval_eval:Length of retrieved docs (100) is smaller than largest topk for recall score (200)
WARNING:src.hipporag.evaluation.retrieval_eval:Length of retrieved docs (100) is smaller than largest topk for recall score (200)
WARNING:src.hipporag.evaluation.retrieval_eval:Length of retrieved docs (100) is smaller than largest topk for recall score (200)
WARNING:src.hipporag.evaluation.retrieval_eval:Length of retrieved docs (100) is smaller than largest topk for recall score (200)
WARNING:src.hipporag.evaluation.retrieval_eval:Length of retrieved docs (100) is smaller than largest topk for recall score (200)
WARNING:src.hipporag.evaluation.retrieval_eval:Length of retrieved docs (100) is smaller than largest topk for recall score (200)
WARNING:src.hipporag.evaluation.retrieval_eval:Length of retrieved docs (100) is smaller than largest topk for recall score (200)
WARNING:src.hipporag.evaluation.retrieval_eval:Length of retrieved docs (100) is smaller than largest topk for recall score (200)
WARNING:src.hipporag.evaluation.retrieval_eval:Length of retrieved docs (100) is smaller than largest topk for recall score (200)
WARNING:src.hipporag.evaluation.retrieval_eval:Length of retrieved docs (100) is smaller than largest topk for recall score (200)
WARNING:src.hipporag.evaluation.retrieval_eval:Length of retrieved docs (100) is smaller than largest topk for recall score (200)
WARNING:src.hipporag.evaluation.retrieval_eval:Length of retrieved docs (100) is smaller than largest topk for recall score (200)
WARNING:src.hipporag.evaluation.retrieval_eval:Length of retrieved docs (100) is smaller than largest topk for recall score (200)
WARNING:src.hipporag.evaluation.retrieval_eval:Length of retrieved docs (100) is smaller than largest topk for recall score (200)
WARNING:src.hipporag.evaluation.retrieval_eval:Length of retrieved docs (100) is smaller than largest topk for recall score (200)
WARNING:src.hipporag.evaluation.retrieval_eval:Length of retrieved docs (100) is smaller than largest topk for recall score (200)
WARNING:src.hipporag.evaluation.retrieval_eval:Length of retrieved docs (100) is smaller than largest topk for recall score (200)
WARNING:src.hipporag.evaluation.retrieval_eval:Length of retrieved docs (100) is smaller than largest topk for recall score (200)
WARNING:src.hipporag.evaluation.retrieval_eval:Length of retrieved docs (100) is smaller than largest topk for recall score (200)
WARNING:src.hipporag.evaluation.retrieval_eval:Length of retrieved docs (100) is smaller than largest topk for recall score (200)
WARNING:src.hipporag.evaluation.retrieval_eval:Length of retrieved docs (100) is smaller than largest topk for recall score (200)
WARNING:src.hipporag.evaluation.retrieval_eval:Length of retrieved docs (100) is smaller than largest topk for recall score (200)
WARNING:src.hipporag.evaluation.retrieval_eval:Length of retrieved docs (100) is smaller than largest topk for recall score (200)
WARNING:src.hipporag.evaluation.retrieval_eval:Length of retrieved docs (100) is smaller than largest topk for recall score (200)
WARNING:src.hipporag.evaluation.retrieval_eval:Length of retrieved docs (100) is smaller than largest topk for recall score (200)
WARNING:src.hipporag.evaluation.retrieval_eval:Length of retrieved docs (100) is smaller than largest topk for recall score (200)
WARNING:src.hipporag.evaluation.retrieval_eval:Length of retrieved docs (100) is smaller than largest topk for recall score (200)
WARNING:src.hipporag.evaluation.retrieval_eval:Length of retrieved docs (100) is smaller than largest topk for recall score (200)
WARNING:src.hipporag.evaluation.retrieval_eval:Length of retrieved docs (100) is smaller than largest topk for recall score (200)
WARNING:src.hipporag.evaluation.retrieval_eval:Length of retrieved docs (100) is smaller than largest topk for recall score (200)
WARNING:src.hipporag.evaluation.retrieval_eval:Length of retrieved docs (100) is smaller than largest topk for recall score (200)
WARNING:src.hipporag.evaluation.retrieval_eval:Length of retrieved docs (100) is smaller than largest topk for recall score (200)
WARNING:src.hipporag.evaluation.retrieval_eval:Length of retrieved docs (100) is smaller than largest topk for recall score (200)
WARNING:src.hipporag.evaluation.retrieval_eval:Length of retrieved docs (100) is smaller than largest topk for recall score (200)
WARNING:src.hipporag.evaluation.retrieval_eval:Length of retrieved docs (100) is smaller than largest topk for recall score (200)
WARNING:src.hipporag.evaluation.retrieval_eval:Length of retrieved docs (100) is smaller than largest topk for recall score (200)
WARNING:src.hipporag.evaluation.retrieval_eval:Length of retrieved docs (100) is smaller than largest topk for recall score (200)
WARNING:src.hipporag.evaluation.retrieval_eval:Length of retrieved docs (100) is smaller than largest topk for recall score (200)
WARNING:src.hipporag.evaluation.retrieval_eval:Length of retrieved docs (100) is smaller than largest topk for recall score (200)
WARNING:src.hipporag.evaluation.retrieval_eval:Length of retrieved docs (100) is smaller than largest topk for recall score (200)
WARNING:src.hipporag.evaluation.retrieval_eval:Length of retrieved docs (100) is smaller than largest topk for recall score (200)
WARNING:src.hipporag.evaluation.retrieval_eval:Length of retrieved docs (100) is smaller than largest topk for recall score (200)
WARNING:src.hipporag.evaluation.retrieval_eval:Length of retrieved docs (100) is smaller than largest topk for recall score (200)
WARNING:src.hipporag.evaluation.retrieval_eval:Length of retrieved docs (100) is smaller than largest topk for recall score (200)
WARNING:src.hipporag.evaluation.retrieval_eval:Length of retrieved docs (100) is smaller than largest topk for recall score (200)
WARNING:src.hipporag.evaluation.retrieval_eval:Length of retrieved docs (100) is smaller than largest topk for recall score (200)
WARNING:src.hipporag.evaluation.retrieval_eval:Length of retrieved docs (100) is smaller than largest topk for recall score (200)
WARNING:src.hipporag.evaluation.retrieval_eval:Length of retrieved docs (100) is smaller than largest topk for recall score (200)
WARNING:src.hipporag.evaluation.retrieval_eval:Length of retrieved docs (100) is smaller than largest topk for recall score (200)
WARNING:src.hipporag.evaluation.retrieval_eval:Length of retrieved docs (100) is smaller than largest topk for recall score (200)
WARNING:src.hipporag.evaluation.retrieval_eval:Length of retrieved docs (100) is smaller than largest topk for recall score (200)
WARNING:src.hipporag.evaluation.retrieval_eval:Length of retrieved docs (100) is smaller than largest topk for recall score (200)
WARNING:src.hipporag.evaluation.retrieval_eval:Length of retrieved docs (100) is smaller than largest topk for recall score (200)
WARNING:src.hipporag.evaluation.retrieval_eval:Length of retrieved docs (100) is smaller than largest topk for recall score (200)
WARNING:src.hipporag.evaluation.retrieval_eval:Length of retrieved docs (100) is smaller than largest topk for recall score (200)
WARNING:src.hipporag.evaluation.retrieval_eval:Length of retrieved docs (100) is smaller than largest topk for recall score (200)
WARNING:src.hipporag.evaluation.retrieval_eval:Length of retrieved docs (100) is smaller than largest topk for recall score (200)
WARNING:src.hipporag.evaluation.retrieval_eval:Length of retrieved docs (100) is smaller than largest topk for recall score (200)
WARNING:src.hipporag.evaluation.retrieval_eval:Length of retrieved docs (100) is smaller than largest topk for recall score (200)
WARNING:src.hipporag.evaluation.retrieval_eval:Length of retrieved docs (100) is smaller than largest topk for recall score (200)
WARNING:src.hipporag.evaluation.retrieval_eval:Length of retrieved docs (100) is smaller than largest topk for recall score (200)
WARNING:src.hipporag.evaluation.retrieval_eval:Length of retrieved docs (100) is smaller than largest topk for recall score (200)
WARNING:src.hipporag.evaluation.retrieval_eval:Length of retrieved docs (100) is smaller than largest topk for recall score (200)
WARNING:src.hipporag.evaluation.retrieval_eval:Length of retrieved docs (100) is smaller than largest topk for recall score (200)
WARNING:src.hipporag.evaluation.retrieval_eval:Length of retrieved docs (100) is smaller than largest topk for recall score (200)
WARNING:src.hipporag.evaluation.retrieval_eval:Length of retrieved docs (100) is smaller than largest topk for recall score (200)
WARNING:src.hipporag.evaluation.retrieval_eval:Length of retrieved docs (100) is smaller than largest topk for recall score (200)
WARNING:src.hipporag.evaluation.retrieval_eval:Length of retrieved docs (100) is smaller than largest topk for recall score (200)
WARNING:src.hipporag.evaluation.retrieval_eval:Length of retrieved docs (100) is smaller than largest topk for recall score (200)
WARNING:src.hipporag.evaluation.retrieval_eval:Length of retrieved docs (100) is smaller than largest topk for recall score (200)
WARNING:src.hipporag.evaluation.retrieval_eval:Length of retrieved docs (100) is smaller than largest topk for recall score (200)
WARNING:src.hipporag.evaluation.retrieval_eval:Length of retrieved docs (100) is smaller than largest topk for recall score (200)
WARNING:src.hipporag.evaluation.retrieval_eval:Length of retrieved docs (100) is smaller than largest topk for recall score (200)
WARNING:src.hipporag.evaluation.retrieval_eval:Length of retrieved docs (100) is smaller than largest topk for recall score (200)
WARNING:src.hipporag.evaluation.retrieval_eval:Length of retrieved docs (100) is smaller than largest topk for recall score (200)
WARNING:src.hipporag.evaluation.retrieval_eval:Length of retrieved docs (100) is smaller than largest topk for recall score (200)
WARNING:src.hipporag.evaluation.retrieval_eval:Length of retrieved docs (100) is smaller than largest topk for recall score (200)
WARNING:src.hipporag.evaluation.retrieval_eval:Length of retrieved docs (100) is smaller than largest topk for recall score (200)
WARNING:src.hipporag.evaluation.retrieval_eval:Length of retrieved docs (100) is smaller than largest topk for recall score (200)
WARNING:src.hipporag.evaluation.retrieval_eval:Length of retrieved docs (100) is smaller than largest topk for recall score (200)
WARNING:src.hipporag.evaluation.retrieval_eval:Length of retrieved docs (100) is smaller than largest topk for recall score (200)
WARNING:src.hipporag.evaluation.retrieval_eval:Length of retrieved docs (100) is smaller than largest topk for recall score (200)
WARNING:src.hipporag.evaluation.retrieval_eval:Length of retrieved docs (100) is smaller than largest topk for recall score (200)
WARNING:src.hipporag.evaluation.retrieval_eval:Length of retrieved docs (100) is smaller than largest topk for recall score (200)
WARNING:src.hipporag.evaluation.retrieval_eval:Length of retrieved docs (100) is smaller than largest topk for recall score (200)
WARNING:src.hipporag.evaluation.retrieval_eval:Length of retrieved docs (100) is smaller than largest topk for recall score (200)
WARNING:src.hipporag.evaluation.retrieval_eval:Length of retrieved docs (100) is smaller than largest topk for recall score (200)
WARNING:src.hipporag.evaluation.retrieval_eval:Length of retrieved docs (100) is smaller than largest topk for recall score (200)
WARNING:src.hipporag.evaluation.retrieval_eval:Length of retrieved docs (100) is smaller than largest topk for recall score (200)
WARNING:src.hipporag.evaluation.retrieval_eval:Length of retrieved docs (100) is smaller than largest topk for recall score (200)
WARNING:src.hipporag.evaluation.retrieval_eval:Length of retrieved docs (100) is smaller than largest topk for recall score (200)
WARNING:src.hipporag.evaluation.retrieval_eval:Length of retrieved docs (100) is smaller than largest topk for recall score (200)
WARNING:src.hipporag.evaluation.retrieval_eval:Length of retrieved docs (100) is smaller than largest topk for recall score (200)
WARNING:src.hipporag.evaluation.retrieval_eval:Length of retrieved docs (100) is smaller than largest topk for recall score (200)
WARNING:src.hipporag.evaluation.retrieval_eval:Length of retrieved docs (100) is smaller than largest topk for recall score (200)
WARNING:src.hipporag.evaluation.retrieval_eval:Length of retrieved docs (100) is smaller than largest topk for recall score (200)
WARNING:src.hipporag.evaluation.retrieval_eval:Length of retrieved docs (100) is smaller than largest topk for recall score (200)
WARNING:src.hipporag.evaluation.retrieval_eval:Length of retrieved docs (100) is smaller than largest topk for recall score (200)
WARNING:src.hipporag.evaluation.retrieval_eval:Length of retrieved docs (100) is smaller than largest topk for recall score (200)
WARNING:src.hipporag.evaluation.retrieval_eval:Length of retrieved docs (100) is smaller than largest topk for recall score (200)
WARNING:src.hipporag.evaluation.retrieval_eval:Length of retrieved docs (100) is smaller than largest topk for recall score (200)
WARNING:src.hipporag.evaluation.retrieval_eval:Length of retrieved docs (100) is smaller than largest topk for recall score (200)
WARNING:src.hipporag.evaluation.retrieval_eval:Length of retrieved docs (100) is smaller than largest topk for recall score (200)
WARNING:src.hipporag.evaluation.retrieval_eval:Length of retrieved docs (100) is smaller than largest topk for recall score (200)
WARNING:src.hipporag.evaluation.retrieval_eval:Length of retrieved docs (100) is smaller than largest topk for recall score (200)
WARNING:src.hipporag.evaluation.retrieval_eval:Length of retrieved docs (100) is smaller than largest topk for recall score (200)
WARNING:src.hipporag.evaluation.retrieval_eval:Length of retrieved docs (100) is smaller than largest topk for recall score (200)
WARNING:src.hipporag.evaluation.retrieval_eval:Length of retrieved docs (100) is smaller than largest topk for recall score (200)
WARNING:src.hipporag.evaluation.retrieval_eval:Length of retrieved docs (100) is smaller than largest topk for recall score (200)
WARNING:src.hipporag.evaluation.retrieval_eval:Length of retrieved docs (100) is smaller than largest topk for recall score (200)
WARNING:src.hipporag.evaluation.retrieval_eval:Length of retrieved docs (100) is smaller than largest topk for recall score (200)
WARNING:src.hipporag.evaluation.retrieval_eval:Length of retrieved docs (100) is smaller than largest topk for recall score (200)
WARNING:src.hipporag.evaluation.retrieval_eval:Length of retrieved docs (100) is smaller than largest topk for recall score (200)
WARNING:src.hipporag.evaluation.retrieval_eval:Length of retrieved docs (100) is smaller than largest topk for recall score (200)
WARNING:src.hipporag.evaluation.retrieval_eval:Length of retrieved docs (100) is smaller than largest topk for recall score (200)
WARNING:src.hipporag.evaluation.retrieval_eval:Length of retrieved docs (100) is smaller than largest topk for recall score (200)
WARNING:src.hipporag.evaluation.retrieval_eval:Length of retrieved docs (100) is smaller than largest topk for recall score (200)
WARNING:src.hipporag.evaluation.retrieval_eval:Length of retrieved docs (100) is smaller than largest topk for recall score (200)
WARNING:src.hipporag.evaluation.retrieval_eval:Length of retrieved docs (100) is smaller than largest topk for recall score (200)
WARNING:src.hipporag.evaluation.retrieval_eval:Length of retrieved docs (100) is smaller than largest topk for recall score (200)
WARNING:src.hipporag.evaluation.retrieval_eval:Length of retrieved docs (100) is smaller than largest topk for recall score (200)
WARNING:src.hipporag.evaluation.retrieval_eval:Length of retrieved docs (100) is smaller than largest topk for recall score (200)
WARNING:src.hipporag.evaluation.retrieval_eval:Length of retrieved docs (100) is smaller than largest topk for recall score (200)
WARNING:src.hipporag.evaluation.retrieval_eval:Length of retrieved docs (100) is smaller than largest topk for recall score (200)
WARNING:src.hipporag.evaluation.retrieval_eval:Length of retrieved docs (100) is smaller than largest topk for recall score (200)
WARNING:src.hipporag.evaluation.retrieval_eval:Length of retrieved docs (100) is smaller than largest topk for recall score (200)
WARNING:src.hipporag.evaluation.retrieval_eval:Length of retrieved docs (100) is smaller than largest topk for recall score (200)
WARNING:src.hipporag.evaluation.retrieval_eval:Length of retrieved docs (100) is smaller than largest topk for recall score (200)
WARNING:src.hipporag.evaluation.retrieval_eval:Length of retrieved docs (100) is smaller than largest topk for recall score (200)
WARNING:src.hipporag.evaluation.retrieval_eval:Length of retrieved docs (100) is smaller than largest topk for recall score (200)
WARNING:src.hipporag.evaluation.retrieval_eval:Length of retrieved docs (100) is smaller than largest topk for recall score (200)
WARNING:src.hipporag.evaluation.retrieval_eval:Length of retrieved docs (100) is smaller than largest topk for recall score (200)
WARNING:src.hipporag.evaluation.retrieval_eval:Length of retrieved docs (100) is smaller than largest topk for recall score (200)
WARNING:src.hipporag.evaluation.retrieval_eval:Length of retrieved docs (100) is smaller than largest topk for recall score (200)
WARNING:src.hipporag.evaluation.retrieval_eval:Length of retrieved docs (100) is smaller than largest topk for recall score (200)
WARNING:src.hipporag.evaluation.retrieval_eval:Length of retrieved docs (100) is smaller than largest topk for recall score (200)
WARNING:src.hipporag.evaluation.retrieval_eval:Length of retrieved docs (100) is smaller than largest topk for recall score (200)
WARNING:src.hipporag.evaluation.retrieval_eval:Length of retrieved docs (100) is smaller than largest topk for recall score (200)
WARNING:src.hipporag.evaluation.retrieval_eval:Length of retrieved docs (100) is smaller than largest topk for recall score (200)
WARNING:src.hipporag.evaluation.retrieval_eval:Length of retrieved docs (100) is smaller than largest topk for recall score (200)
WARNING:src.hipporag.evaluation.retrieval_eval:Length of retrieved docs (100) is smaller than largest topk for recall score (200)
WARNING:src.hipporag.evaluation.retrieval_eval:Length of retrieved docs (100) is smaller than largest topk for recall score (200)
WARNING:src.hipporag.evaluation.retrieval_eval:Length of retrieved docs (100) is smaller than largest topk for recall score (200)
WARNING:src.hipporag.evaluation.retrieval_eval:Length of retrieved docs (100) is smaller than largest topk for recall score (200)
WARNING:src.hipporag.evaluation.retrieval_eval:Length of retrieved docs (100) is smaller than largest topk for recall score (200)
WARNING:src.hipporag.evaluation.retrieval_eval:Length of retrieved docs (100) is smaller than largest topk for recall score (200)
WARNING:src.hipporag.evaluation.retrieval_eval:Length of retrieved docs (100) is smaller than largest topk for recall score (200)
WARNING:src.hipporag.evaluation.retrieval_eval:Length of retrieved docs (100) is smaller than largest topk for recall score (200)
WARNING:src.hipporag.evaluation.retrieval_eval:Length of retrieved docs (100) is smaller than largest topk for recall score (200)
WARNING:src.hipporag.evaluation.retrieval_eval:Length of retrieved docs (100) is smaller than largest topk for recall score (200)
WARNING:src.hipporag.evaluation.retrieval_eval:Length of retrieved docs (100) is smaller than largest topk for recall score (200)
WARNING:src.hipporag.evaluation.retrieval_eval:Length of retrieved docs (100) is smaller than largest topk for recall score (200)
WARNING:src.hipporag.evaluation.retrieval_eval:Length of retrieved docs (100) is smaller than largest topk for recall score (200)
WARNING:src.hipporag.evaluation.retrieval_eval:Length of retrieved docs (100) is smaller than largest topk for recall score (200)
WARNING:src.hipporag.evaluation.retrieval_eval:Length of retrieved docs (100) is smaller than largest topk for recall score (200)
WARNING:src.hipporag.evaluation.retrieval_eval:Length of retrieved docs (100) is smaller than largest topk for recall score (200)
WARNING:src.hipporag.evaluation.retrieval_eval:Length of retrieved docs (100) is smaller than largest topk for recall score (200)
WARNING:src.hipporag.evaluation.retrieval_eval:Length of retrieved docs (100) is smaller than largest topk for recall score (200)
WARNING:src.hipporag.evaluation.retrieval_eval:Length of retrieved docs (100) is smaller than largest topk for recall score (200)
WARNING:src.hipporag.evaluation.retrieval_eval:Length of retrieved docs (100) is smaller than largest topk for recall score (200)
WARNING:src.hipporag.evaluation.retrieval_eval:Length of retrieved docs (100) is smaller than largest topk for recall score (200)
WARNING:src.hipporag.evaluation.retrieval_eval:Length of retrieved docs (100) is smaller than largest topk for recall score (200)
WARNING:src.hipporag.evaluation.retrieval_eval:Length of retrieved docs (100) is smaller than largest topk for recall score (200)
WARNING:src.hipporag.evaluation.retrieval_eval:Length of retrieved docs (100) is smaller than largest topk for recall score (200)
WARNING:src.hipporag.evaluation.retrieval_eval:Length of retrieved docs (100) is smaller than largest topk for recall score (200)
WARNING:src.hipporag.evaluation.retrieval_eval:Length of retrieved docs (100) is smaller than largest topk for recall score (200)
WARNING:src.hipporag.evaluation.retrieval_eval:Length of retrieved docs (100) is smaller than largest topk for recall score (200)
WARNING:src.hipporag.evaluation.retrieval_eval:Length of retrieved docs (100) is smaller than largest topk for recall score (200)
WARNING:src.hipporag.evaluation.retrieval_eval:Length of retrieved docs (100) is smaller than largest topk for recall score (200)
WARNING:src.hipporag.evaluation.retrieval_eval:Length of retrieved docs (100) is smaller than largest topk for recall score (200)
WARNING:src.hipporag.evaluation.retrieval_eval:Length of retrieved docs (100) is smaller than largest topk for recall score (200)
WARNING:src.hipporag.evaluation.retrieval_eval:Length of retrieved docs (100) is smaller than largest topk for recall score (200)
WARNING:src.hipporag.evaluation.retrieval_eval:Length of retrieved docs (100) is smaller than largest topk for recall score (200)
WARNING:src.hipporag.evaluation.retrieval_eval:Length of retrieved docs (100) is smaller than largest topk for recall score (200)
WARNING:src.hipporag.evaluation.retrieval_eval:Length of retrieved docs (100) is smaller than largest topk for recall score (200)
WARNING:src.hipporag.evaluation.retrieval_eval:Length of retrieved docs (100) is smaller than largest topk for recall score (200)
WARNING:src.hipporag.evaluation.retrieval_eval:Length of retrieved docs (100) is smaller than largest topk for recall score (200)
WARNING:src.hipporag.evaluation.retrieval_eval:Length of retrieved docs (100) is smaller than largest topk for recall score (200)
WARNING:src.hipporag.evaluation.retrieval_eval:Length of retrieved docs (100) is smaller than largest topk for recall score (200)
WARNING:src.hipporag.evaluation.retrieval_eval:Length of retrieved docs (100) is smaller than largest topk for recall score (200)
WARNING:src.hipporag.evaluation.retrieval_eval:Length of retrieved docs (100) is smaller than largest topk for recall score (200)
WARNING:src.hipporag.evaluation.retrieval_eval:Length of retrieved docs (100) is smaller than largest topk for recall score (200)
WARNING:src.hipporag.evaluation.retrieval_eval:Length of retrieved docs (100) is smaller than largest topk for recall score (200)
WARNING:src.hipporag.evaluation.retrieval_eval:Length of retrieved docs (100) is smaller than largest topk for recall score (200)
WARNING:src.hipporag.evaluation.retrieval_eval:Length of retrieved docs (100) is smaller than largest topk for recall score (200)
WARNING:src.hipporag.evaluation.retrieval_eval:Length of retrieved docs (100) is smaller than largest topk for recall score (200)
WARNING:src.hipporag.evaluation.retrieval_eval:Length of retrieved docs (100) is smaller than largest topk for recall score (200)
WARNING:src.hipporag.evaluation.retrieval_eval:Length of retrieved docs (100) is smaller than largest topk for recall score (200)
WARNING:src.hipporag.evaluation.retrieval_eval:Length of retrieved docs (100) is smaller than largest topk for recall score (200)
WARNING:src.hipporag.evaluation.retrieval_eval:Length of retrieved docs (100) is smaller than largest topk for recall score (200)
WARNING:src.hipporag.evaluation.retrieval_eval:Length of retrieved docs (100) is smaller than largest topk for recall score (200)
WARNING:src.hipporag.evaluation.retrieval_eval:Length of retrieved docs (100) is smaller than largest topk for recall score (200)
WARNING:src.hipporag.evaluation.retrieval_eval:Length of retrieved docs (100) is smaller than largest topk for recall score (200)
WARNING:src.hipporag.evaluation.retrieval_eval:Length of retrieved docs (100) is smaller than largest topk for recall score (200)
WARNING:src.hipporag.evaluation.retrieval_eval:Length of retrieved docs (100) is smaller than largest topk for recall score (200)
WARNING:src.hipporag.evaluation.retrieval_eval:Length of retrieved docs (100) is smaller than largest topk for recall score (200)
WARNING:src.hipporag.evaluation.retrieval_eval:Length of retrieved docs (100) is smaller than largest topk for recall score (200)
WARNING:src.hipporag.evaluation.retrieval_eval:Length of retrieved docs (100) is smaller than largest topk for recall score (200)
WARNING:src.hipporag.evaluation.retrieval_eval:Length of retrieved docs (100) is smaller than largest topk for recall score (200)
WARNING:src.hipporag.evaluation.retrieval_eval:Length of retrieved docs (100) is smaller than largest topk for recall score (200)
WARNING:src.hipporag.evaluation.retrieval_eval:Length of retrieved docs (100) is smaller than largest topk for recall score (200)
WARNING:src.hipporag.evaluation.retrieval_eval:Length of retrieved docs (100) is smaller than largest topk for recall score (200)
WARNING:src.hipporag.evaluation.retrieval_eval:Length of retrieved docs (100) is smaller than largest topk for recall score (200)
WARNING:src.hipporag.evaluation.retrieval_eval:Length of retrieved docs (100) is smaller than largest topk for recall score (200)
WARNING:src.hipporag.evaluation.retrieval_eval:Length of retrieved docs (100) is smaller than largest topk for recall score (200)
WARNING:src.hipporag.evaluation.retrieval_eval:Length of retrieved docs (100) is smaller than largest topk for recall score (200)
WARNING:src.hipporag.evaluation.retrieval_eval:Length of retrieved docs (100) is smaller than largest topk for recall score (200)
WARNING:src.hipporag.evaluation.retrieval_eval:Length of retrieved docs (100) is smaller than largest topk for recall score (200)
WARNING:src.hipporag.evaluation.retrieval_eval:Length of retrieved docs (100) is smaller than largest topk for recall score (200)
WARNING:src.hipporag.evaluation.retrieval_eval:Length of retrieved docs (100) is smaller than largest topk for recall score (200)
WARNING:src.hipporag.evaluation.retrieval_eval:Length of retrieved docs (100) is smaller than largest topk for recall score (200)
WARNING:src.hipporag.evaluation.retrieval_eval:Length of retrieved docs (100) is smaller than largest topk for recall score (200)
WARNING:src.hipporag.evaluation.retrieval_eval:Length of retrieved docs (100) is smaller than largest topk for recall score (200)
WARNING:src.hipporag.evaluation.retrieval_eval:Length of retrieved docs (100) is smaller than largest topk for recall score (200)
WARNING:src.hipporag.evaluation.retrieval_eval:Length of retrieved docs (100) is smaller than largest topk for recall score (200)
WARNING:src.hipporag.evaluation.retrieval_eval:Length of retrieved docs (100) is smaller than largest topk for recall score (200)
WARNING:src.hipporag.evaluation.retrieval_eval:Length of retrieved docs (100) is smaller than largest topk for recall score (200)
WARNING:src.hipporag.evaluation.retrieval_eval:Length of retrieved docs (100) is smaller than largest topk for recall score (200)
WARNING:src.hipporag.evaluation.retrieval_eval:Length of retrieved docs (100) is smaller than largest topk for recall score (200)
WARNING:src.hipporag.evaluation.retrieval_eval:Length of retrieved docs (100) is smaller than largest topk for recall score (200)
WARNING:src.hipporag.evaluation.retrieval_eval:Length of retrieved docs (100) is smaller than largest topk for recall score (200)
WARNING:src.hipporag.evaluation.retrieval_eval:Length of retrieved docs (100) is smaller than largest topk for recall score (200)
WARNING:src.hipporag.evaluation.retrieval_eval:Length of retrieved docs (100) is smaller than largest topk for recall score (200)
WARNING:src.hipporag.evaluation.retrieval_eval:Length of retrieved docs (100) is smaller than largest topk for recall score (200)
WARNING:src.hipporag.evaluation.retrieval_eval:Length of retrieved docs (100) is smaller than largest topk for recall score (200)
WARNING:src.hipporag.evaluation.retrieval_eval:Length of retrieved docs (100) is smaller than largest topk for recall score (200)
WARNING:src.hipporag.evaluation.retrieval_eval:Length of retrieved docs (100) is smaller than largest topk for recall score (200)
WARNING:src.hipporag.evaluation.retrieval_eval:Length of retrieved docs (100) is smaller than largest topk for recall score (200)
WARNING:src.hipporag.evaluation.retrieval_eval:Length of retrieved docs (100) is smaller than largest topk for recall score (200)
WARNING:src.hipporag.evaluation.retrieval_eval:Length of retrieved docs (100) is smaller than largest topk for recall score (200)
WARNING:src.hipporag.evaluation.retrieval_eval:Length of retrieved docs (100) is smaller than largest topk for recall score (200)
WARNING:src.hipporag.evaluation.retrieval_eval:Length of retrieved docs (100) is smaller than largest topk for recall score (200)
WARNING:src.hipporag.evaluation.retrieval_eval:Length of retrieved docs (100) is smaller than largest topk for recall score (200)
WARNING:src.hipporag.evaluation.retrieval_eval:Length of retrieved docs (100) is smaller than largest topk for recall score (200)
WARNING:src.hipporag.evaluation.retrieval_eval:Length of retrieved docs (100) is smaller than largest topk for recall score (200)
WARNING:src.hipporag.evaluation.retrieval_eval:Length of retrieved docs (100) is smaller than largest topk for recall score (200)
WARNING:src.hipporag.evaluation.retrieval_eval:Length of retrieved docs (100) is smaller than largest topk for recall score (200)
WARNING:src.hipporag.evaluation.retrieval_eval:Length of retrieved docs (100) is smaller than largest topk for recall score (200)
WARNING:src.hipporag.evaluation.retrieval_eval:Length of retrieved docs (100) is smaller than largest topk for recall score (200)
WARNING:src.hipporag.evaluation.retrieval_eval:Length of retrieved docs (100) is smaller than largest topk for recall score (200)
WARNING:src.hipporag.evaluation.retrieval_eval:Length of retrieved docs (100) is smaller than largest topk for recall score (200)
WARNING:src.hipporag.evaluation.retrieval_eval:Length of retrieved docs (100) is smaller than largest topk for recall score (200)
WARNING:src.hipporag.evaluation.retrieval_eval:Length of retrieved docs (100) is smaller than largest topk for recall score (200)
WARNING:src.hipporag.evaluation.retrieval_eval:Length of retrieved docs (100) is smaller than largest topk for recall score (200)
WARNING:src.hipporag.evaluation.retrieval_eval:Length of retrieved docs (100) is smaller than largest topk for recall score (200)
WARNING:src.hipporag.evaluation.retrieval_eval:Length of retrieved docs (100) is smaller than largest topk for recall score (200)
WARNING:src.hipporag.evaluation.retrieval_eval:Length of retrieved docs (100) is smaller than largest topk for recall score (200)
WARNING:src.hipporag.evaluation.retrieval_eval:Length of retrieved docs (100) is smaller than largest topk for recall score (200)
WARNING:src.hipporag.evaluation.retrieval_eval:Length of retrieved docs (100) is smaller than largest topk for recall score (200)
WARNING:src.hipporag.evaluation.retrieval_eval:Length of retrieved docs (100) is smaller than largest topk for recall score (200)
WARNING:src.hipporag.evaluation.retrieval_eval:Length of retrieved docs (100) is smaller than largest topk for recall score (200)
WARNING:src.hipporag.evaluation.retrieval_eval:Length of retrieved docs (100) is smaller than largest topk for recall score (200)
WARNING:src.hipporag.evaluation.retrieval_eval:Length of retrieved docs (100) is smaller than largest topk for recall score (200)
WARNING:src.hipporag.evaluation.retrieval_eval:Length of retrieved docs (100) is smaller than largest topk for recall score (200)
WARNING:src.hipporag.evaluation.retrieval_eval:Length of retrieved docs (100) is smaller than largest topk for recall score (200)
WARNING:src.hipporag.evaluation.retrieval_eval:Length of retrieved docs (100) is smaller than largest topk for recall score (200)
WARNING:src.hipporag.evaluation.retrieval_eval:Length of retrieved docs (100) is smaller than largest topk for recall score (200)
WARNING:src.hipporag.evaluation.retrieval_eval:Length of retrieved docs (100) is smaller than largest topk for recall score (200)
WARNING:src.hipporag.evaluation.retrieval_eval:Length of retrieved docs (100) is smaller than largest topk for recall score (200)
WARNING:src.hipporag.evaluation.retrieval_eval:Length of retrieved docs (100) is smaller than largest topk for recall score (200)
WARNING:src.hipporag.evaluation.retrieval_eval:Length of retrieved docs (100) is smaller than largest topk for recall score (200)
WARNING:src.hipporag.evaluation.retrieval_eval:Length of retrieved docs (100) is smaller than largest topk for recall score (200)
WARNING:src.hipporag.evaluation.retrieval_eval:Length of retrieved docs (100) is smaller than largest topk for recall score (200)
WARNING:src.hipporag.evaluation.retrieval_eval:Length of retrieved docs (100) is smaller than largest topk for recall score (200)
WARNING:src.hipporag.evaluation.retrieval_eval:Length of retrieved docs (100) is smaller than largest topk for recall score (200)
WARNING:src.hipporag.evaluation.retrieval_eval:Length of retrieved docs (100) is smaller than largest topk for recall score (200)
WARNING:src.hipporag.evaluation.retrieval_eval:Length of retrieved docs (100) is smaller than largest topk for recall score (200)
WARNING:src.hipporag.evaluation.retrieval_eval:Length of retrieved docs (100) is smaller than largest topk for recall score (200)
WARNING:src.hipporag.evaluation.retrieval_eval:Length of retrieved docs (100) is smaller than largest topk for recall score (200)
WARNING:src.hipporag.evaluation.retrieval_eval:Length of retrieved docs (100) is smaller than largest topk for recall score (200)
WARNING:src.hipporag.evaluation.retrieval_eval:Length of retrieved docs (100) is smaller than largest topk for recall score (200)
WARNING:src.hipporag.evaluation.retrieval_eval:Length of retrieved docs (100) is smaller than largest topk for recall score (200)
WARNING:src.hipporag.evaluation.retrieval_eval:Length of retrieved docs (100) is smaller than largest topk for recall score (200)
WARNING:src.hipporag.evaluation.retrieval_eval:Length of retrieved docs (100) is smaller than largest topk for recall score (200)
WARNING:src.hipporag.evaluation.retrieval_eval:Length of retrieved docs (100) is smaller than largest topk for recall score (200)
WARNING:src.hipporag.evaluation.retrieval_eval:Length of retrieved docs (100) is smaller than largest topk for recall score (200)
WARNING:src.hipporag.evaluation.retrieval_eval:Length of retrieved docs (100) is smaller than largest topk for recall score (200)
WARNING:src.hipporag.evaluation.retrieval_eval:Length of retrieved docs (100) is smaller than largest topk for recall score (200)
WARNING:src.hipporag.evaluation.retrieval_eval:Length of retrieved docs (100) is smaller than largest topk for recall score (200)
WARNING:src.hipporag.evaluation.retrieval_eval:Length of retrieved docs (100) is smaller than largest topk for recall score (200)
WARNING:src.hipporag.evaluation.retrieval_eval:Length of retrieved docs (100) is smaller than largest topk for recall score (200)
WARNING:src.hipporag.evaluation.retrieval_eval:Length of retrieved docs (100) is smaller than largest topk for recall score (200)
WARNING:src.hipporag.evaluation.retrieval_eval:Length of retrieved docs (100) is smaller than largest topk for recall score (200)
WARNING:src.hipporag.evaluation.retrieval_eval:Length of retrieved docs (100) is smaller than largest topk for recall score (200)
WARNING:src.hipporag.evaluation.retrieval_eval:Length of retrieved docs (100) is smaller than largest topk for recall score (200)
WARNING:src.hipporag.evaluation.retrieval_eval:Length of retrieved docs (100) is smaller than largest topk for recall score (200)
WARNING:src.hipporag.evaluation.retrieval_eval:Length of retrieved docs (100) is smaller than largest topk for recall score (200)
WARNING:src.hipporag.evaluation.retrieval_eval:Length of retrieved docs (100) is smaller than largest topk for recall score (200)
WARNING:src.hipporag.evaluation.retrieval_eval:Length of retrieved docs (100) is smaller than largest topk for recall score (200)
WARNING:src.hipporag.evaluation.retrieval_eval:Length of retrieved docs (100) is smaller than largest topk for recall score (200)
WARNING:src.hipporag.evaluation.retrieval_eval:Length of retrieved docs (100) is smaller than largest topk for recall score (200)
WARNING:src.hipporag.evaluation.retrieval_eval:Length of retrieved docs (100) is smaller than largest topk for recall score (200)
WARNING:src.hipporag.evaluation.retrieval_eval:Length of retrieved docs (100) is smaller than largest topk for recall score (200)
WARNING:src.hipporag.evaluation.retrieval_eval:Length of retrieved docs (100) is smaller than largest topk for recall score (200)
WARNING:src.hipporag.evaluation.retrieval_eval:Length of retrieved docs (100) is smaller than largest topk for recall score (200)
WARNING:src.hipporag.evaluation.retrieval_eval:Length of retrieved docs (100) is smaller than largest topk for recall score (200)
WARNING:src.hipporag.evaluation.retrieval_eval:Length of retrieved docs (100) is smaller than largest topk for recall score (200)
WARNING:src.hipporag.evaluation.retrieval_eval:Length of retrieved docs (100) is smaller than largest topk for recall score (200)
WARNING:src.hipporag.evaluation.retrieval_eval:Length of retrieved docs (100) is smaller than largest topk for recall score (200)
WARNING:src.hipporag.evaluation.retrieval_eval:Length of retrieved docs (100) is smaller than largest topk for recall score (200)
WARNING:src.hipporag.evaluation.retrieval_eval:Length of retrieved docs (100) is smaller than largest topk for recall score (200)
WARNING:src.hipporag.evaluation.retrieval_eval:Length of retrieved docs (100) is smaller than largest topk for recall score (200)
WARNING:src.hipporag.evaluation.retrieval_eval:Length of retrieved docs (100) is smaller than largest topk for recall score (200)
WARNING:src.hipporag.evaluation.retrieval_eval:Length of retrieved docs (100) is smaller than largest topk for recall score (200)
WARNING:src.hipporag.evaluation.retrieval_eval:Length of retrieved docs (100) is smaller than largest topk for recall score (200)
WARNING:src.hipporag.evaluation.retrieval_eval:Length of retrieved docs (100) is smaller than largest topk for recall score (200)
WARNING:src.hipporag.evaluation.retrieval_eval:Length of retrieved docs (100) is smaller than largest topk for recall score (200)
WARNING:src.hipporag.evaluation.retrieval_eval:Length of retrieved docs (100) is smaller than largest topk for recall score (200)
WARNING:src.hipporag.evaluation.retrieval_eval:Length of retrieved docs (100) is smaller than largest topk for recall score (200)
WARNING:src.hipporag.evaluation.retrieval_eval:Length of retrieved docs (100) is smaller than largest topk for recall score (200)
WARNING:src.hipporag.evaluation.retrieval_eval:Length of retrieved docs (100) is smaller than largest topk for recall score (200)
WARNING:src.hipporag.evaluation.retrieval_eval:Length of retrieved docs (100) is smaller than largest topk for recall score (200)
WARNING:src.hipporag.evaluation.retrieval_eval:Length of retrieved docs (100) is smaller than largest topk for recall score (200)
WARNING:src.hipporag.evaluation.retrieval_eval:Length of retrieved docs (100) is smaller than largest topk for recall score (200)
WARNING:src.hipporag.evaluation.retrieval_eval:Length of retrieved docs (100) is smaller than largest topk for recall score (200)
WARNING:src.hipporag.evaluation.retrieval_eval:Length of retrieved docs (100) is smaller than largest topk for recall score (200)
WARNING:src.hipporag.evaluation.retrieval_eval:Length of retrieved docs (100) is smaller than largest topk for recall score (200)
WARNING:src.hipporag.evaluation.retrieval_eval:Length of retrieved docs (100) is smaller than largest topk for recall score (200)
WARNING:src.hipporag.evaluation.retrieval_eval:Length of retrieved docs (100) is smaller than largest topk for recall score (200)
WARNING:src.hipporag.evaluation.retrieval_eval:Length of retrieved docs (100) is smaller than largest topk for recall score (200)
WARNING:src.hipporag.evaluation.retrieval_eval:Length of retrieved docs (100) is smaller than largest topk for recall score (200)
WARNING:src.hipporag.evaluation.retrieval_eval:Length of retrieved docs (100) is smaller than largest topk for recall score (200)
WARNING:src.hipporag.evaluation.retrieval_eval:Length of retrieved docs (100) is smaller than largest topk for recall score (200)
WARNING:src.hipporag.evaluation.retrieval_eval:Length of retrieved docs (100) is smaller than largest topk for recall score (200)
WARNING:src.hipporag.evaluation.retrieval_eval:Length of retrieved docs (100) is smaller than largest topk for recall score (200)
WARNING:src.hipporag.evaluation.retrieval_eval:Length of retrieved docs (100) is smaller than largest topk for recall score (200)
WARNING:src.hipporag.evaluation.retrieval_eval:Length of retrieved docs (100) is smaller than largest topk for recall score (200)
WARNING:src.hipporag.evaluation.retrieval_eval:Length of retrieved docs (100) is smaller than largest topk for recall score (200)
WARNING:src.hipporag.evaluation.retrieval_eval:Length of retrieved docs (100) is smaller than largest topk for recall score (200)
WARNING:src.hipporag.evaluation.retrieval_eval:Length of retrieved docs (100) is smaller than largest topk for recall score (200)
WARNING:src.hipporag.evaluation.retrieval_eval:Length of retrieved docs (100) is smaller than largest topk for recall score (200)
WARNING:src.hipporag.evaluation.retrieval_eval:Length of retrieved docs (100) is smaller than largest topk for recall score (200)
WARNING:src.hipporag.evaluation.retrieval_eval:Length of retrieved docs (100) is smaller than largest topk for recall score (200)
WARNING:src.hipporag.evaluation.retrieval_eval:Length of retrieved docs (100) is smaller than largest topk for recall score (200)
WARNING:src.hipporag.evaluation.retrieval_eval:Length of retrieved docs (100) is smaller than largest topk for recall score (200)
WARNING:src.hipporag.evaluation.retrieval_eval:Length of retrieved docs (100) is smaller than largest topk for recall score (200)
WARNING:src.hipporag.evaluation.retrieval_eval:Length of retrieved docs (100) is smaller than largest topk for recall score (200)
WARNING:src.hipporag.evaluation.retrieval_eval:Length of retrieved docs (100) is smaller than largest topk for recall score (200)
WARNING:src.hipporag.evaluation.retrieval_eval:Length of retrieved docs (100) is smaller than largest topk for recall score (200)
WARNING:src.hipporag.evaluation.retrieval_eval:Length of retrieved docs (100) is smaller than largest topk for recall score (200)
WARNING:src.hipporag.evaluation.retrieval_eval:Length of retrieved docs (100) is smaller than largest topk for recall score (200)
WARNING:src.hipporag.evaluation.retrieval_eval:Length of retrieved docs (100) is smaller than largest topk for recall score (200)
WARNING:src.hipporag.evaluation.retrieval_eval:Length of retrieved docs (100) is smaller than largest topk for recall score (200)
WARNING:src.hipporag.evaluation.retrieval_eval:Length of retrieved docs (100) is smaller than largest topk for recall score (200)
WARNING:src.hipporag.evaluation.retrieval_eval:Length of retrieved docs (100) is smaller than largest topk for recall score (200)
WARNING:src.hipporag.evaluation.retrieval_eval:Length of retrieved docs (100) is smaller than largest topk for recall score (200)
WARNING:src.hipporag.evaluation.retrieval_eval:Length of retrieved docs (100) is smaller than largest topk for recall score (200)
WARNING:src.hipporag.evaluation.retrieval_eval:Length of retrieved docs (100) is smaller than largest topk for recall score (200)
WARNING:src.hipporag.evaluation.retrieval_eval:Length of retrieved docs (100) is smaller than largest topk for recall score (200)
WARNING:src.hipporag.evaluation.retrieval_eval:Length of retrieved docs (100) is smaller than largest topk for recall score (200)
WARNING:src.hipporag.evaluation.retrieval_eval:Length of retrieved docs (100) is smaller than largest topk for recall score (200)
WARNING:src.hipporag.evaluation.retrieval_eval:Length of retrieved docs (100) is smaller than largest topk for recall score (200)
WARNING:src.hipporag.evaluation.retrieval_eval:Length of retrieved docs (100) is smaller than largest topk for recall score (200)
WARNING:src.hipporag.evaluation.retrieval_eval:Length of retrieved docs (100) is smaller than largest topk for recall score (200)
WARNING:src.hipporag.evaluation.retrieval_eval:Length of retrieved docs (100) is smaller than largest topk for recall score (200)
WARNING:src.hipporag.evaluation.retrieval_eval:Length of retrieved docs (100) is smaller than largest topk for recall score (200)
WARNING:src.hipporag.evaluation.retrieval_eval:Length of retrieved docs (100) is smaller than largest topk for recall score (200)
WARNING:src.hipporag.evaluation.retrieval_eval:Length of retrieved docs (100) is smaller than largest topk for recall score (200)
WARNING:src.hipporag.evaluation.retrieval_eval:Length of retrieved docs (100) is smaller than largest topk for recall score (200)
WARNING:src.hipporag.evaluation.retrieval_eval:Length of retrieved docs (100) is smaller than largest topk for recall score (200)
WARNING:src.hipporag.evaluation.retrieval_eval:Length of retrieved docs (100) is smaller than largest topk for recall score (200)
WARNING:src.hipporag.evaluation.retrieval_eval:Length of retrieved docs (100) is smaller than largest topk for recall score (200)
WARNING:src.hipporag.evaluation.retrieval_eval:Length of retrieved docs (100) is smaller than largest topk for recall score (200)
WARNING:src.hipporag.evaluation.retrieval_eval:Length of retrieved docs (100) is smaller than largest topk for recall score (200)
WARNING:src.hipporag.evaluation.retrieval_eval:Length of retrieved docs (100) is smaller than largest topk for recall score (200)
WARNING:src.hipporag.evaluation.retrieval_eval:Length of retrieved docs (100) is smaller than largest topk for recall score (200)
WARNING:src.hipporag.evaluation.retrieval_eval:Length of retrieved docs (100) is smaller than largest topk for recall score (200)
WARNING:src.hipporag.evaluation.retrieval_eval:Length of retrieved docs (100) is smaller than largest topk for recall score (200)
WARNING:src.hipporag.evaluation.retrieval_eval:Length of retrieved docs (100) is smaller than largest topk for recall score (200)
WARNING:src.hipporag.evaluation.retrieval_eval:Length of retrieved docs (100) is smaller than largest topk for recall score (200)
WARNING:src.hipporag.evaluation.retrieval_eval:Length of retrieved docs (100) is smaller than largest topk for recall score (200)
WARNING:src.hipporag.evaluation.retrieval_eval:Length of retrieved docs (100) is smaller than largest topk for recall score (200)
WARNING:src.hipporag.evaluation.retrieval_eval:Length of retrieved docs (100) is smaller than largest topk for recall score (200)
WARNING:src.hipporag.evaluation.retrieval_eval:Length of retrieved docs (100) is smaller than largest topk for recall score (200)
WARNING:src.hipporag.evaluation.retrieval_eval:Length of retrieved docs (100) is smaller than largest topk for recall score (200)
WARNING:src.hipporag.evaluation.retrieval_eval:Length of retrieved docs (100) is smaller than largest topk for recall score (200)
WARNING:src.hipporag.evaluation.retrieval_eval:Length of retrieved docs (100) is smaller than largest topk for recall score (200)
WARNING:src.hipporag.evaluation.retrieval_eval:Length of retrieved docs (100) is smaller than largest topk for recall score (200)
WARNING:src.hipporag.evaluation.retrieval_eval:Length of retrieved docs (100) is smaller than largest topk for recall score (200)
WARNING:src.hipporag.evaluation.retrieval_eval:Length of retrieved docs (100) is smaller than largest topk for recall score (200)
WARNING:src.hipporag.evaluation.retrieval_eval:Length of retrieved docs (100) is smaller than largest topk for recall score (200)
WARNING:src.hipporag.evaluation.retrieval_eval:Length of retrieved docs (100) is smaller than largest topk for recall score (200)
WARNING:src.hipporag.evaluation.retrieval_eval:Length of retrieved docs (100) is smaller than largest topk for recall score (200)
WARNING:src.hipporag.evaluation.retrieval_eval:Length of retrieved docs (100) is smaller than largest topk for recall score (200)
WARNING:src.hipporag.evaluation.retrieval_eval:Length of retrieved docs (100) is smaller than largest topk for recall score (200)
WARNING:src.hipporag.evaluation.retrieval_eval:Length of retrieved docs (100) is smaller than largest topk for recall score (200)
WARNING:src.hipporag.evaluation.retrieval_eval:Length of retrieved docs (100) is smaller than largest topk for recall score (200)
WARNING:src.hipporag.evaluation.retrieval_eval:Length of retrieved docs (100) is smaller than largest topk for recall score (200)
WARNING:src.hipporag.evaluation.retrieval_eval:Length of retrieved docs (100) is smaller than largest topk for recall score (200)
WARNING:src.hipporag.evaluation.retrieval_eval:Length of retrieved docs (100) is smaller than largest topk for recall score (200)
WARNING:src.hipporag.evaluation.retrieval_eval:Length of retrieved docs (100) is smaller than largest topk for recall score (200)
WARNING:src.hipporag.evaluation.retrieval_eval:Length of retrieved docs (100) is smaller than largest topk for recall score (200)
WARNING:src.hipporag.evaluation.retrieval_eval:Length of retrieved docs (100) is smaller than largest topk for recall score (200)
WARNING:src.hipporag.evaluation.retrieval_eval:Length of retrieved docs (100) is smaller than largest topk for recall score (200)
WARNING:src.hipporag.evaluation.retrieval_eval:Length of retrieved docs (100) is smaller than largest topk for recall score (200)
WARNING:src.hipporag.evaluation.retrieval_eval:Length of retrieved docs (100) is smaller than largest topk for recall score (200)
WARNING:src.hipporag.evaluation.retrieval_eval:Length of retrieved docs (100) is smaller than largest topk for recall score (200)
WARNING:src.hipporag.evaluation.retrieval_eval:Length of retrieved docs (100) is smaller than largest topk for recall score (200)
WARNING:src.hipporag.evaluation.retrieval_eval:Length of retrieved docs (100) is smaller than largest topk for recall score (200)
WARNING:src.hipporag.evaluation.retrieval_eval:Length of retrieved docs (100) is smaller than largest topk for recall score (200)
WARNING:src.hipporag.evaluation.retrieval_eval:Length of retrieved docs (100) is smaller than largest topk for recall score (200)
WARNING:src.hipporag.evaluation.retrieval_eval:Length of retrieved docs (100) is smaller than largest topk for recall score (200)
WARNING:src.hipporag.evaluation.retrieval_eval:Length of retrieved docs (100) is smaller than largest topk for recall score (200)
WARNING:src.hipporag.evaluation.retrieval_eval:Length of retrieved docs (100) is smaller than largest topk for recall score (200)
WARNING:src.hipporag.evaluation.retrieval_eval:Length of retrieved docs (100) is smaller than largest topk for recall score (200)
WARNING:src.hipporag.evaluation.retrieval_eval:Length of retrieved docs (100) is smaller than largest topk for recall score (200)
WARNING:src.hipporag.evaluation.retrieval_eval:Length of retrieved docs (100) is smaller than largest topk for recall score (200)
WARNING:src.hipporag.evaluation.retrieval_eval:Length of retrieved docs (100) is smaller than largest topk for recall score (200)
WARNING:src.hipporag.evaluation.retrieval_eval:Length of retrieved docs (100) is smaller than largest topk for recall score (200)
WARNING:src.hipporag.evaluation.retrieval_eval:Length of retrieved docs (100) is smaller than largest topk for recall score (200)
WARNING:src.hipporag.evaluation.retrieval_eval:Length of retrieved docs (100) is smaller than largest topk for recall score (200)
WARNING:src.hipporag.evaluation.retrieval_eval:Length of retrieved docs (100) is smaller than largest topk for recall score (200)
WARNING:src.hipporag.evaluation.retrieval_eval:Length of retrieved docs (100) is smaller than largest topk for recall score (200)
WARNING:src.hipporag.evaluation.retrieval_eval:Length of retrieved docs (100) is smaller than largest topk for recall score (200)
WARNING:src.hipporag.evaluation.retrieval_eval:Length of retrieved docs (100) is smaller than largest topk for recall score (200)
WARNING:src.hipporag.evaluation.retrieval_eval:Length of retrieved docs (100) is smaller than largest topk for recall score (200)
WARNING:src.hipporag.evaluation.retrieval_eval:Length of retrieved docs (100) is smaller than largest topk for recall score (200)
WARNING:src.hipporag.evaluation.retrieval_eval:Length of retrieved docs (100) is smaller than largest topk for recall score (200)
WARNING:src.hipporag.evaluation.retrieval_eval:Length of retrieved docs (100) is smaller than largest topk for recall score (200)
WARNING:src.hipporag.evaluation.retrieval_eval:Length of retrieved docs (100) is smaller than largest topk for recall score (200)
WARNING:src.hipporag.evaluation.retrieval_eval:Length of retrieved docs (100) is smaller than largest topk for recall score (200)
WARNING:src.hipporag.evaluation.retrieval_eval:Length of retrieved docs (100) is smaller than largest topk for recall score (200)
WARNING:src.hipporag.evaluation.retrieval_eval:Length of retrieved docs (100) is smaller than largest topk for recall score (200)
WARNING:src.hipporag.evaluation.retrieval_eval:Length of retrieved docs (100) is smaller than largest topk for recall score (200)
WARNING:src.hipporag.evaluation.retrieval_eval:Length of retrieved docs (100) is smaller than largest topk for recall score (200)
WARNING:src.hipporag.evaluation.retrieval_eval:Length of retrieved docs (100) is smaller than largest topk for recall score (200)
WARNING:src.hipporag.evaluation.retrieval_eval:Length of retrieved docs (100) is smaller than largest topk for recall score (200)
WARNING:src.hipporag.evaluation.retrieval_eval:Length of retrieved docs (100) is smaller than largest topk for recall score (200)
WARNING:src.hipporag.evaluation.retrieval_eval:Length of retrieved docs (100) is smaller than largest topk for recall score (200)
WARNING:src.hipporag.evaluation.retrieval_eval:Length of retrieved docs (100) is smaller than largest topk for recall score (200)
WARNING:src.hipporag.evaluation.retrieval_eval:Length of retrieved docs (100) is smaller than largest topk for recall score (200)
WARNING:src.hipporag.evaluation.retrieval_eval:Length of retrieved docs (100) is smaller than largest topk for recall score (200)
WARNING:src.hipporag.evaluation.retrieval_eval:Length of retrieved docs (100) is smaller than largest topk for recall score (200)
WARNING:src.hipporag.evaluation.retrieval_eval:Length of retrieved docs (100) is smaller than largest topk for recall score (200)
WARNING:src.hipporag.evaluation.retrieval_eval:Length of retrieved docs (100) is smaller than largest topk for recall score (200)
WARNING:src.hipporag.evaluation.retrieval_eval:Length of retrieved docs (100) is smaller than largest topk for recall score (200)
WARNING:src.hipporag.evaluation.retrieval_eval:Length of retrieved docs (100) is smaller than largest topk for recall score (200)
WARNING:src.hipporag.evaluation.retrieval_eval:Length of retrieved docs (100) is smaller than largest topk for recall score (200)
WARNING:src.hipporag.evaluation.retrieval_eval:Length of retrieved docs (100) is smaller than largest topk for recall score (200)
WARNING:src.hipporag.evaluation.retrieval_eval:Length of retrieved docs (100) is smaller than largest topk for recall score (200)
WARNING:src.hipporag.evaluation.retrieval_eval:Length of retrieved docs (100) is smaller than largest topk for recall score (200)
WARNING:src.hipporag.evaluation.retrieval_eval:Length of retrieved docs (100) is smaller than largest topk for recall score (200)
WARNING:src.hipporag.evaluation.retrieval_eval:Length of retrieved docs (100) is smaller than largest topk for recall score (200)
WARNING:src.hipporag.evaluation.retrieval_eval:Length of retrieved docs (100) is smaller than largest topk for recall score (200)
WARNING:src.hipporag.evaluation.retrieval_eval:Length of retrieved docs (100) is smaller than largest topk for recall score (200)
WARNING:src.hipporag.evaluation.retrieval_eval:Length of retrieved docs (100) is smaller than largest topk for recall score (200)
WARNING:src.hipporag.evaluation.retrieval_eval:Length of retrieved docs (100) is smaller than largest topk for recall score (200)
WARNING:src.hipporag.evaluation.retrieval_eval:Length of retrieved docs (100) is smaller than largest topk for recall score (200)
WARNING:src.hipporag.evaluation.retrieval_eval:Length of retrieved docs (100) is smaller than largest topk for recall score (200)
WARNING:src.hipporag.evaluation.retrieval_eval:Length of retrieved docs (100) is smaller than largest topk for recall score (200)
WARNING:src.hipporag.evaluation.retrieval_eval:Length of retrieved docs (100) is smaller than largest topk for recall score (200)
WARNING:src.hipporag.evaluation.retrieval_eval:Length of retrieved docs (100) is smaller than largest topk for recall score (200)
WARNING:src.hipporag.evaluation.retrieval_eval:Length of retrieved docs (100) is smaller than largest topk for recall score (200)
WARNING:src.hipporag.evaluation.retrieval_eval:Length of retrieved docs (100) is smaller than largest topk for recall score (200)
WARNING:src.hipporag.evaluation.retrieval_eval:Length of retrieved docs (100) is smaller than largest topk for recall score (200)
WARNING:src.hipporag.evaluation.retrieval_eval:Length of retrieved docs (100) is smaller than largest topk for recall score (200)
WARNING:src.hipporag.evaluation.retrieval_eval:Length of retrieved docs (100) is smaller than largest topk for recall score (200)
WARNING:src.hipporag.evaluation.retrieval_eval:Length of retrieved docs (100) is smaller than largest topk for recall score (200)
WARNING:src.hipporag.evaluation.retrieval_eval:Length of retrieved docs (100) is smaller than largest topk for recall score (200)
WARNING:src.hipporag.evaluation.retrieval_eval:Length of retrieved docs (100) is smaller than largest topk for recall score (200)
WARNING:src.hipporag.evaluation.retrieval_eval:Length of retrieved docs (100) is smaller than largest topk for recall score (200)
WARNING:src.hipporag.evaluation.retrieval_eval:Length of retrieved docs (100) is smaller than largest topk for recall score (200)
WARNING:src.hipporag.evaluation.retrieval_eval:Length of retrieved docs (100) is smaller than largest topk for recall score (200)
WARNING:src.hipporag.evaluation.retrieval_eval:Length of retrieved docs (100) is smaller than largest topk for recall score (200)
WARNING:src.hipporag.evaluation.retrieval_eval:Length of retrieved docs (100) is smaller than largest topk for recall score (200)
WARNING:src.hipporag.evaluation.retrieval_eval:Length of retrieved docs (100) is smaller than largest topk for recall score (200)
WARNING:src.hipporag.evaluation.retrieval_eval:Length of retrieved docs (100) is smaller than largest topk for recall score (200)
WARNING:src.hipporag.evaluation.retrieval_eval:Length of retrieved docs (100) is smaller than largest topk for recall score (200)
WARNING:src.hipporag.evaluation.retrieval_eval:Length of retrieved docs (100) is smaller than largest topk for recall score (200)
WARNING:src.hipporag.evaluation.retrieval_eval:Length of retrieved docs (100) is smaller than largest topk for recall score (200)
WARNING:src.hipporag.evaluation.retrieval_eval:Length of retrieved docs (100) is smaller than largest topk for recall score (200)
WARNING:src.hipporag.evaluation.retrieval_eval:Length of retrieved docs (100) is smaller than largest topk for recall score (200)
WARNING:src.hipporag.evaluation.retrieval_eval:Length of retrieved docs (100) is smaller than largest topk for recall score (200)
WARNING:src.hipporag.evaluation.retrieval_eval:Length of retrieved docs (100) is smaller than largest topk for recall score (200)
WARNING:src.hipporag.evaluation.retrieval_eval:Length of retrieved docs (100) is smaller than largest topk for recall score (200)
WARNING:src.hipporag.evaluation.retrieval_eval:Length of retrieved docs (100) is smaller than largest topk for recall score (200)
WARNING:src.hipporag.evaluation.retrieval_eval:Length of retrieved docs (100) is smaller than largest topk for recall score (200)
WARNING:src.hipporag.evaluation.retrieval_eval:Length of retrieved docs (100) is smaller than largest topk for recall score (200)
WARNING:src.hipporag.evaluation.retrieval_eval:Length of retrieved docs (100) is smaller than largest topk for recall score (200)
WARNING:src.hipporag.evaluation.retrieval_eval:Length of retrieved docs (100) is smaller than largest topk for recall score (200)
WARNING:src.hipporag.evaluation.retrieval_eval:Length of retrieved docs (100) is smaller than largest topk for recall score (200)
WARNING:src.hipporag.evaluation.retrieval_eval:Length of retrieved docs (100) is smaller than largest topk for recall score (200)
WARNING:src.hipporag.evaluation.retrieval_eval:Length of retrieved docs (100) is smaller than largest topk for recall score (200)
WARNING:src.hipporag.evaluation.retrieval_eval:Length of retrieved docs (100) is smaller than largest topk for recall score (200)
WARNING:src.hipporag.evaluation.retrieval_eval:Length of retrieved docs (100) is smaller than largest topk for recall score (200)
WARNING:src.hipporag.evaluation.retrieval_eval:Length of retrieved docs (100) is smaller than largest topk for recall score (200)
WARNING:src.hipporag.evaluation.retrieval_eval:Length of retrieved docs (100) is smaller than largest topk for recall score (200)
WARNING:src.hipporag.evaluation.retrieval_eval:Length of retrieved docs (100) is smaller than largest topk for recall score (200)
WARNING:src.hipporag.evaluation.retrieval_eval:Length of retrieved docs (100) is smaller than largest topk for recall score (200)
WARNING:src.hipporag.evaluation.retrieval_eval:Length of retrieved docs (100) is smaller than largest topk for recall score (200)
WARNING:src.hipporag.evaluation.retrieval_eval:Length of retrieved docs (100) is smaller than largest topk for recall score (200)
WARNING:src.hipporag.evaluation.retrieval_eval:Length of retrieved docs (100) is smaller than largest topk for recall score (200)
WARNING:src.hipporag.evaluation.retrieval_eval:Length of retrieved docs (100) is smaller than largest topk for recall score (200)
WARNING:src.hipporag.evaluation.retrieval_eval:Length of retrieved docs (100) is smaller than largest topk for recall score (200)
WARNING:src.hipporag.evaluation.retrieval_eval:Length of retrieved docs (100) is smaller than largest topk for recall score (200)
WARNING:src.hipporag.evaluation.retrieval_eval:Length of retrieved docs (100) is smaller than largest topk for recall score (200)
WARNING:src.hipporag.evaluation.retrieval_eval:Length of retrieved docs (100) is smaller than largest topk for recall score (200)
WARNING:src.hipporag.evaluation.retrieval_eval:Length of retrieved docs (100) is smaller than largest topk for recall score (200)
WARNING:src.hipporag.evaluation.retrieval_eval:Length of retrieved docs (100) is smaller than largest topk for recall score (200)
WARNING:src.hipporag.evaluation.retrieval_eval:Length of retrieved docs (100) is smaller than largest topk for recall score (200)
WARNING:src.hipporag.evaluation.retrieval_eval:Length of retrieved docs (100) is smaller than largest topk for recall score (200)
WARNING:src.hipporag.evaluation.retrieval_eval:Length of retrieved docs (100) is smaller than largest topk for recall score (200)
WARNING:src.hipporag.evaluation.retrieval_eval:Length of retrieved docs (100) is smaller than largest topk for recall score (200)
WARNING:src.hipporag.evaluation.retrieval_eval:Length of retrieved docs (100) is smaller than largest topk for recall score (200)
WARNING:src.hipporag.evaluation.retrieval_eval:Length of retrieved docs (100) is smaller than largest topk for recall score (200)
WARNING:src.hipporag.evaluation.retrieval_eval:Length of retrieved docs (100) is smaller than largest topk for recall score (200)
WARNING:src.hipporag.evaluation.retrieval_eval:Length of retrieved docs (100) is smaller than largest topk for recall score (200)
WARNING:src.hipporag.evaluation.retrieval_eval:Length of retrieved docs (100) is smaller than largest topk for recall score (200)
WARNING:src.hipporag.evaluation.retrieval_eval:Length of retrieved docs (100) is smaller than largest topk for recall score (200)
WARNING:src.hipporag.evaluation.retrieval_eval:Length of retrieved docs (100) is smaller than largest topk for recall score (200)
WARNING:src.hipporag.evaluation.retrieval_eval:Length of retrieved docs (100) is smaller than largest topk for recall score (200)
WARNING:src.hipporag.evaluation.retrieval_eval:Length of retrieved docs (100) is smaller than largest topk for recall score (200)
WARNING:src.hipporag.evaluation.retrieval_eval:Length of retrieved docs (100) is smaller than largest topk for recall score (200)
WARNING:src.hipporag.evaluation.retrieval_eval:Length of retrieved docs (100) is smaller than largest topk for recall score (200)
WARNING:src.hipporag.evaluation.retrieval_eval:Length of retrieved docs (100) is smaller than largest topk for recall score (200)
WARNING:src.hipporag.evaluation.retrieval_eval:Length of retrieved docs (100) is smaller than largest topk for recall score (200)
WARNING:src.hipporag.evaluation.retrieval_eval:Length of retrieved docs (100) is smaller than largest topk for recall score (200)
WARNING:src.hipporag.evaluation.retrieval_eval:Length of retrieved docs (100) is smaller than largest topk for recall score (200)
WARNING:src.hipporag.evaluation.retrieval_eval:Length of retrieved docs (100) is smaller than largest topk for recall score (200)
WARNING:src.hipporag.evaluation.retrieval_eval:Length of retrieved docs (100) is smaller than largest topk for recall score (200)
WARNING:src.hipporag.evaluation.retrieval_eval:Length of retrieved docs (100) is smaller than largest topk for recall score (200)
WARNING:src.hipporag.evaluation.retrieval_eval:Length of retrieved docs (100) is smaller than largest topk for recall score (200)
WARNING:src.hipporag.evaluation.retrieval_eval:Length of retrieved docs (100) is smaller than largest topk for recall score (200)
WARNING:src.hipporag.evaluation.retrieval_eval:Length of retrieved docs (100) is smaller than largest topk for recall score (200)
WARNING:src.hipporag.evaluation.retrieval_eval:Length of retrieved docs (100) is smaller than largest topk for recall score (200)
WARNING:src.hipporag.evaluation.retrieval_eval:Length of retrieved docs (100) is smaller than largest topk for recall score (200)
WARNING:src.hipporag.evaluation.retrieval_eval:Length of retrieved docs (100) is smaller than largest topk for recall score (200)
WARNING:src.hipporag.evaluation.retrieval_eval:Length of retrieved docs (100) is smaller than largest topk for recall score (200)
WARNING:src.hipporag.evaluation.retrieval_eval:Length of retrieved docs (100) is smaller than largest topk for recall score (200)
WARNING:src.hipporag.evaluation.retrieval_eval:Length of retrieved docs (100) is smaller than largest topk for recall score (200)
WARNING:src.hipporag.evaluation.retrieval_eval:Length of retrieved docs (100) is smaller than largest topk for recall score (200)
WARNING:src.hipporag.evaluation.retrieval_eval:Length of retrieved docs (100) is smaller than largest topk for recall score (200)
WARNING:src.hipporag.evaluation.retrieval_eval:Length of retrieved docs (100) is smaller than largest topk for recall score (200)
WARNING:src.hipporag.evaluation.retrieval_eval:Length of retrieved docs (100) is smaller than largest topk for recall score (200)
WARNING:src.hipporag.evaluation.retrieval_eval:Length of retrieved docs (100) is smaller than largest topk for recall score (200)
WARNING:src.hipporag.evaluation.retrieval_eval:Length of retrieved docs (100) is smaller than largest topk for recall score (200)
WARNING:src.hipporag.evaluation.retrieval_eval:Length of retrieved docs (100) is smaller than largest topk for recall score (200)
WARNING:src.hipporag.evaluation.retrieval_eval:Length of retrieved docs (100) is smaller than largest topk for recall score (200)
WARNING:src.hipporag.evaluation.retrieval_eval:Length of retrieved docs (100) is smaller than largest topk for recall score (200)
WARNING:src.hipporag.evaluation.retrieval_eval:Length of retrieved docs (100) is smaller than largest topk for recall score (200)
WARNING:src.hipporag.evaluation.retrieval_eval:Length of retrieved docs (100) is smaller than largest topk for recall score (200)
WARNING:src.hipporag.evaluation.retrieval_eval:Length of retrieved docs (100) is smaller than largest topk for recall score (200)
WARNING:src.hipporag.evaluation.retrieval_eval:Length of retrieved docs (100) is smaller than largest topk for recall score (200)
WARNING:src.hipporag.evaluation.retrieval_eval:Length of retrieved docs (100) is smaller than largest topk for recall score (200)
WARNING:src.hipporag.evaluation.retrieval_eval:Length of retrieved docs (100) is smaller than largest topk for recall score (200)
WARNING:src.hipporag.evaluation.retrieval_eval:Length of retrieved docs (100) is smaller than largest topk for recall score (200)
WARNING:src.hipporag.evaluation.retrieval_eval:Length of retrieved docs (100) is smaller than largest topk for recall score (200)
WARNING:src.hipporag.evaluation.retrieval_eval:Length of retrieved docs (100) is smaller than largest topk for recall score (200)
WARNING:src.hipporag.evaluation.retrieval_eval:Length of retrieved docs (100) is smaller than largest topk for recall score (200)
WARNING:src.hipporag.evaluation.retrieval_eval:Length of retrieved docs (100) is smaller than largest topk for recall score (200)
WARNING:src.hipporag.evaluation.retrieval_eval:Length of retrieved docs (100) is smaller than largest topk for recall score (200)
WARNING:src.hipporag.evaluation.retrieval_eval:Length of retrieved docs (100) is smaller than largest topk for recall score (200)
WARNING:src.hipporag.evaluation.retrieval_eval:Length of retrieved docs (100) is smaller than largest topk for recall score (200)
WARNING:src.hipporag.evaluation.retrieval_eval:Length of retrieved docs (100) is smaller than largest topk for recall score (200)
WARNING:src.hipporag.evaluation.retrieval_eval:Length of retrieved docs (100) is smaller than largest topk for recall score (200)
WARNING:src.hipporag.evaluation.retrieval_eval:Length of retrieved docs (100) is smaller than largest topk for recall score (200)
WARNING:src.hipporag.evaluation.retrieval_eval:Length of retrieved docs (100) is smaller than largest topk for recall score (200)
WARNING:src.hipporag.evaluation.retrieval_eval:Length of retrieved docs (100) is smaller than largest topk for recall score (200)
WARNING:src.hipporag.evaluation.retrieval_eval:Length of retrieved docs (100) is smaller than largest topk for recall score (200)
WARNING:src.hipporag.evaluation.retrieval_eval:Length of retrieved docs (100) is smaller than largest topk for recall score (200)
WARNING:src.hipporag.evaluation.retrieval_eval:Length of retrieved docs (100) is smaller than largest topk for recall score (200)
WARNING:src.hipporag.evaluation.retrieval_eval:Length of retrieved docs (100) is smaller than largest topk for recall score (200)
WARNING:src.hipporag.evaluation.retrieval_eval:Length of retrieved docs (100) is smaller than largest topk for recall score (200)
WARNING:src.hipporag.evaluation.retrieval_eval:Length of retrieved docs (100) is smaller than largest topk for recall score (200)
WARNING:src.hipporag.evaluation.retrieval_eval:Length of retrieved docs (100) is smaller than largest topk for recall score (200)
WARNING:src.hipporag.evaluation.retrieval_eval:Length of retrieved docs (100) is smaller than largest topk for recall score (200)
WARNING:src.hipporag.evaluation.retrieval_eval:Length of retrieved docs (100) is smaller than largest topk for recall score (200)
WARNING:src.hipporag.evaluation.retrieval_eval:Length of retrieved docs (100) is smaller than largest topk for recall score (200)
WARNING:src.hipporag.evaluation.retrieval_eval:Length of retrieved docs (100) is smaller than largest topk for recall score (200)
WARNING:src.hipporag.evaluation.retrieval_eval:Length of retrieved docs (100) is smaller than largest topk for recall score (200)
WARNING:src.hipporag.evaluation.retrieval_eval:Length of retrieved docs (100) is smaller than largest topk for recall score (200)
WARNING:src.hipporag.evaluation.retrieval_eval:Length of retrieved docs (100) is smaller than largest topk for recall score (200)
WARNING:src.hipporag.evaluation.retrieval_eval:Length of retrieved docs (100) is smaller than largest topk for recall score (200)
WARNING:src.hipporag.evaluation.retrieval_eval:Length of retrieved docs (100) is smaller than largest topk for recall score (200)
WARNING:src.hipporag.evaluation.retrieval_eval:Length of retrieved docs (100) is smaller than largest topk for recall score (200)
WARNING:src.hipporag.evaluation.retrieval_eval:Length of retrieved docs (100) is smaller than largest topk for recall score (200)
WARNING:src.hipporag.evaluation.retrieval_eval:Length of retrieved docs (100) is smaller than largest topk for recall score (200)
WARNING:src.hipporag.evaluation.retrieval_eval:Length of retrieved docs (100) is smaller than largest topk for recall score (200)
WARNING:src.hipporag.evaluation.retrieval_eval:Length of retrieved docs (100) is smaller than largest topk for recall score (200)
WARNING:src.hipporag.evaluation.retrieval_eval:Length of retrieved docs (100) is smaller than largest topk for recall score (200)
WARNING:src.hipporag.evaluation.retrieval_eval:Length of retrieved docs (100) is smaller than largest topk for recall score (200)
WARNING:src.hipporag.evaluation.retrieval_eval:Length of retrieved docs (100) is smaller than largest topk for recall score (200)
WARNING:src.hipporag.evaluation.retrieval_eval:Length of retrieved docs (100) is smaller than largest topk for recall score (200)
WARNING:src.hipporag.evaluation.retrieval_eval:Length of retrieved docs (100) is smaller than largest topk for recall score (200)
WARNING:src.hipporag.evaluation.retrieval_eval:Length of retrieved docs (100) is smaller than largest topk for recall score (200)
WARNING:src.hipporag.evaluation.retrieval_eval:Length of retrieved docs (100) is smaller than largest topk for recall score (200)
WARNING:src.hipporag.evaluation.retrieval_eval:Length of retrieved docs (100) is smaller than largest topk for recall score (200)
WARNING:src.hipporag.evaluation.retrieval_eval:Length of retrieved docs (100) is smaller than largest topk for recall score (200)
WARNING:src.hipporag.evaluation.retrieval_eval:Length of retrieved docs (100) is smaller than largest topk for recall score (200)
WARNING:src.hipporag.evaluation.retrieval_eval:Length of retrieved docs (100) is smaller than largest topk for recall score (200)
WARNING:src.hipporag.evaluation.retrieval_eval:Length of retrieved docs (100) is smaller than largest topk for recall score (200)
WARNING:src.hipporag.evaluation.retrieval_eval:Length of retrieved docs (100) is smaller than largest topk for recall score (200)
WARNING:src.hipporag.evaluation.retrieval_eval:Length of retrieved docs (100) is smaller than largest topk for recall score (200)
WARNING:src.hipporag.evaluation.retrieval_eval:Length of retrieved docs (100) is smaller than largest topk for recall score (200)
WARNING:src.hipporag.evaluation.retrieval_eval:Length of retrieved docs (100) is smaller than largest topk for recall score (200)
Collecting QA prompts:   0%|          | 0/1000 [00:00<?, ?it/s]Collecting QA prompts: 100%|██████████| 1000/1000 [00:00<00:00, 19747.94it/s]
QA Reading:   0%|          | 0/1000 [00:00<?, ?it/s]QA Reading:  33%|███▎      | 334/1000 [00:00<00:00, 3337.68it/s]QA Reading:  67%|██████▋   | 668/1000 [00:00<00:00, 3178.73it/s]QA Reading:  99%|█████████▉| 991/1000 [00:00<00:00, 3198.69it/s]QA Reading: 100%|██████████| 1000/1000 [00:00<00:00, 3205.19it/s]
Extraction Answers from LLM Response: 0it [00:00, ?it/s]Extraction Answers from LLM Response: 895it [00:00, 8942.44it/s]Extraction Answers from LLM Response: 1000it [00:00, 8971.85it/s]
INFO:src.hipporag.HippoRAG:Evaluation results for QA: {'ExactMatch': 0.298, 'F1': 0.3896}
INFO:src.hipporag.HippoRAG:Preparing for fast retrieval.
INFO:src.hipporag.HippoRAG:Loading keys.
INFO:src.hipporag.HippoRAG:Loading embeddings.
WARNING:src.hipporag.rerank:Rerank parse failed on attempt 1 for query "When was the person who Messi's goals in Copa del Rey compared to get signed by Barcelona?": Error parsing raw response as candidate selection: Unable to parse structured payload: unterminated string literal (detected at line 1) (<unknown>, line 1).
INFO:src.hipporag.HippoRAG:Encoding 2 queries for query_to_passage.
INFO:src.hipporag.HippoRAG:Encoding 1 queries for query_to_passage.
INFO:src.hipporag.HippoRAG:Encoding 1 queries for query_to_passage.
INFO:src.hipporag.HippoRAG:Encoding 1 queries for query_to_passage.
WARNING:src.hipporag.rerank:Rerank parse failed on attempt 1 for query 'What month did the Tripartite discussions begin between Britain, France, and the country where, despite being headquartered in the nation called the nobilities ': Error parsing raw response as candidate selection: Unable to parse structured payload: unterminated string literal (detected at line 2) (<unknown>, line 2).
INFO:src.hipporag.HippoRAG:Encoding 4 queries for query_to_passage.
INFO:src.hipporag.HippoRAG:Encoding 1 queries for query_to_passage.
INFO:src.hipporag.HippoRAG:Encoding 1 queries for query_to_passage.
WARNING:src.hipporag.rerank:Rerank parse failed on attempt 1 for query "What county is Erik Hort's birthplace a part of?": Error parsing raw response as candidate selection: Unable to parse structured payload: unterminated string literal (detected at line 4) (<unknown>, line 4).
INFO:src.hipporag.HippoRAG:Encoding 2 queries for query_to_passage.
INFO:src.hipporag.HippoRAG:Encoding 1 queries for query_to_passage.
WARNING:src.hipporag.rerank:Rerank parse failed on attempt 1 for query 'What year did the publisher of Labyrinth end?': Error parsing raw response as candidate selection: Unable to parse structured payload: unterminated string literal (detected at line 2) (<unknown>, line 2).
INFO:src.hipporag.HippoRAG:Encoding 2 queries for query_to_passage.
INFO:src.hipporag.HippoRAG:Encoding 1 queries for query_to_passage.
INFO:src.hipporag.HippoRAG:Encoding 2 queries for query_to_passage.
INFO:src.hipporag.HippoRAG:Encoding 1 queries for query_to_passage.
INFO:src.hipporag.HippoRAG:Encoding 1 queries for query_to_passage.
WARNING:src.hipporag.rerank:Rerank parse failed on attempt 1 for query 'When was the region immediately north of the region where Israel is located and the location of the Battle of Qurah and Umm al Maradim created?': Error parsing raw response as candidate selection: Unable to parse structured payload: invalid syntax (<unknown>, line 1).
INFO:src.hipporag.HippoRAG:Encoding 4 queries for query_to_passage.
INFO:src.hipporag.HippoRAG:Encoding 1 queries for query_to_passage.
INFO:src.hipporag.HippoRAG:Encoding 1 queries for query_to_passage.
INFO:src.hipporag.HippoRAG:Encoding 1 queries for query_to_passage.
INFO:src.hipporag.HippoRAG:Encoding 1 queries for query_to_passage.
INFO:src.hipporag.HippoRAG:Encoding 1 queries for query_to_passage.
INFO:src.hipporag.HippoRAG:Encoding 1 queries for query_to_passage.
INFO:src.hipporag.HippoRAG:Encoding 4 queries for query_to_passage.
INFO:src.hipporag.HippoRAG:Encoding 1 queries for query_to_passage.
WARNING:src.hipporag.rerank:Rerank parse failed on attempt 1 for query "When did the explorer reach the city where the headquarters of the only group larger than Vilaiyaadu Mankatha's record label is located?": Error parsing raw response as candidate selection: Unable to parse structured payload: unterminated string literal (detected at line 6) (<unknown>, line 6).
INFO:src.hipporag.HippoRAG:Encoding 3 queries for query_to_passage.
INFO:src.hipporag.HippoRAG:Encoding 1 queries for query_to_passage.
INFO:src.hipporag.HippoRAG:Encoding 1 queries for query_to_passage.
INFO:src.hipporag.HippoRAG:Encoding 1 queries for query_to_passage.
WARNING:src.hipporag.rerank:Rerank parse failed on attempt 1 for query 'When was the start of the battle of the birthplace of the performer of III?': Error parsing raw response as candidate selection: Unable to parse structured payload: unterminated string literal (detected at line 6) (<unknown>, line 6).
INFO:src.hipporag.HippoRAG:Encoding 3 queries for query_to_passage.
WARNING:src.hipporag.rerank:Rerank parse failed on attempt 1 for query "What is the Till dom ensamma performer's birth date?": Error parsing raw response as candidate selection: Unable to parse structured payload: unterminated string literal (detected at line 1) (<unknown>, line 1).
INFO:src.hipporag.HippoRAG:Encoding 2 queries for query_to_passage.
INFO:src.hipporag.HippoRAG:Encoding 1 queries for query_to_passage.
INFO:src.hipporag.HippoRAG:Encoding 2 queries for query_to_passage.
INFO:src.hipporag.HippoRAG:Encoding 1 queries for query_to_passage.
INFO:src.hipporag.HippoRAG:Encoding 4 queries for query_to_passage.
INFO:src.hipporag.HippoRAG:Encoding 1 queries for query_to_passage.
INFO:src.hipporag.HippoRAG:Encoding 1 queries for query_to_passage.
INFO:src.hipporag.HippoRAG:Encoding 1 queries for query_to_passage.
INFO:src.hipporag.HippoRAG:Encoding 1 queries for query_to_passage.
INFO:src.hipporag.HippoRAG:Encoding 1 queries for query_to_passage.
INFO:src.hipporag.HippoRAG:Encoding 1 queries for query_to_passage.
INFO:src.hipporag.HippoRAG:Encoding 1 queries for query_to_passage.
INFO:src.hipporag.HippoRAG:Encoding 1 queries for query_to_passage.
INFO:src.hipporag.HippoRAG:Encoding 2 queries for query_to_passage.
INFO:src.hipporag.HippoRAG:Encoding 1 queries for query_to_passage.
WARNING:src.hipporag.rerank:Rerank parse failed on attempt 1 for query "How many times did plague occur in the place where Crucifixion's creator died?": Error parsing raw response as candidate selection: Unable to parse structured payload: unterminated string literal (detected at line 2) (<unknown>, line 2).
INFO:src.hipporag.HippoRAG:Encoding 2 queries for query_to_passage.
INFO:src.hipporag.HippoRAG:Encoding 4 queries for query_to_passage.
INFO:src.hipporag.HippoRAG:Encoding 1 queries for query_to_passage.
INFO:src.hipporag.HippoRAG:Encoding 1 queries for query_to_passage.
INFO:src.hipporag.HippoRAG:Encoding 1 queries for query_to_passage.
INFO:src.hipporag.HippoRAG:Encoding 1 queries for query_to_passage.
INFO:src.hipporag.HippoRAG:Encoding 1 queries for query_to_passage.
INFO:src.hipporag.HippoRAG:Encoding 2 queries for query_to_passage.
INFO:src.hipporag.HippoRAG:Encoding 1 queries for query_to_passage.
INFO:src.hipporag.HippoRAG:Encoding 1 queries for query_to_passage.
WARNING:src.hipporag.rerank:Rerank parse failed on attempt 1 for query 'When was the Palau de la Generalitat constructed in the city where Martin from the region where Perdiguera is located died?': Error parsing raw response as candidate selection: Unable to parse structured payload: unterminated string literal (detected at line 2) (<unknown>, line 2).
INFO:src.hipporag.HippoRAG:Encoding 4 queries for query_to_passage.
INFO:src.hipporag.HippoRAG:Encoding 1 queries for query_to_passage.
INFO:src.hipporag.HippoRAG:Encoding 1 queries for query_to_passage.
INFO:src.hipporag.HippoRAG:Encoding 1 queries for query_to_passage.
INFO:src.hipporag.HippoRAG:Encoding 2 queries for query_to_passage.
INFO:src.hipporag.HippoRAG:Encoding 1 queries for query_to_passage.
INFO:src.hipporag.HippoRAG:Encoding 1 queries for query_to_passage.
INFO:src.hipporag.HippoRAG:Encoding 2 queries for query_to_passage.
INFO:src.hipporag.HippoRAG:Encoding 1 queries for query_to_passage.
INFO:src.hipporag.HippoRAG:Encoding 2 queries for query_to_passage.
INFO:src.hipporag.HippoRAG:Encoding 1 queries for query_to_passage.
WARNING:src.hipporag.rerank:Rerank parse failed on attempt 1 for query 'What does seal stand for in the U.S. military branch that operates destroyers, as well as the USS Edsall?': Error parsing raw response as candidate selection: Unable to parse structured payload: unterminated string literal (detected at line 2) (<unknown>, line 2).
INFO:src.hipporag.HippoRAG:Encoding 4 queries for query_to_passage.
INFO:src.hipporag.HippoRAG:Encoding 1 queries for query_to_passage.
WARNING:src.hipporag.rerank:Rerank parse failed on attempt 1 for query "Who is the child of Chiang Hsiao-wen's father?": Error parsing raw response as candidate selection: Unable to parse structured payload: unterminated string literal (detected at line 2) (<unknown>, line 2).
INFO:src.hipporag.HippoRAG:Encoding 2 queries for query_to_passage.
INFO:src.hipporag.HippoRAG:Encoding 1 queries for query_to_passage.
INFO:src.hipporag.HippoRAG:Encoding 1 queries for query_to_passage.
WARNING:src.hipporag.rerank:Rerank parse failed on attempt 1 for query 'Where was the person who wrote about the rioting being a dividing factor in Birmingham educated?': Error parsing raw response as candidate selection: Unable to parse structured payload: unterminated string literal (detected at line 2) (<unknown>, line 2).
INFO:src.hipporag.HippoRAG:Encoding 2 queries for query_to_passage.
INFO:src.hipporag.HippoRAG:Encoding 1 queries for query_to_passage.
WARNING:src.hipporag.rerank:Rerank parse failed on attempt 1 for query 'Whose sister played Susie in miracle on 34th street?': Error parsing raw response as candidate selection: Unable to parse structured payload: unterminated string literal (detected at line 2) (<unknown>, line 2).
INFO:src.hipporag.HippoRAG:Encoding 3 queries for query_to_passage.
WARNING:src.hipporag.rerank:Rerank parse failed on attempt 1 for query 'Who is the child of the Italian navigator who explored the eastern coast of the continent César Gaytan was born in for the English?': Error parsing raw response as candidate selection: Unable to parse structured payload: unterminated string literal (detected at line 2) (<unknown>, line 2).
INFO:src.hipporag.HippoRAG:Encoding 3 queries for query_to_passage.
INFO:src.hipporag.HippoRAG:Encoding 1 queries for query_to_passage.
INFO:src.hipporag.HippoRAG:Encoding 1 queries for query_to_passage.
INFO:src.hipporag.HippoRAG:Encoding 1 queries for query_to_passage.
WARNING:src.hipporag.rerank:Rerank parse failed on attempt 1 for query "Who is the spouse of Young Man Luther's author?": Error parsing raw response as candidate selection: Unable to parse structured payload: unterminated string literal (detected at line 1) (<unknown>, line 1).
INFO:src.hipporag.HippoRAG:Encoding 2 queries for query_to_passage.
WARNING:src.hipporag.rerank:Rerank parse failed on attempt 1 for query 'How many times did the plague occur in the city where the painter of The Bacchanal of the Andrians died?': Error parsing raw response as candidate selection: Unable to parse structured payload: unterminated string literal (detected at line 2) (<unknown>, line 2).
INFO:src.hipporag.HippoRAG:Encoding 3 queries for query_to_passage.
WARNING:src.hipporag.rerank:Rerank parse failed on attempt 1 for query 'In what year was the group who performed Attics To Eden formed?': Error parsing raw response as candidate selection: Unable to parse structured payload: invalid syntax (<unknown>, line 1).
INFO:src.hipporag.HippoRAG:Encoding 2 queries for query_to_passage.
INFO:src.hipporag.HippoRAG:Encoding 1 queries for query_to_passage.
INFO:src.hipporag.HippoRAG:Encoding 3 queries for query_to_passage.
INFO:src.hipporag.HippoRAG:Encoding 1 queries for query_to_passage.
INFO:src.hipporag.HippoRAG:Encoding 1 queries for query_to_passage.
INFO:src.hipporag.HippoRAG:Encoding 1 queries for query_to_passage.
INFO:src.hipporag.HippoRAG:Encoding 2 queries for query_to_passage.
WARNING:src.hipporag.rerank:Rerank parse failed on attempt 1 for query 'When did the city where Greenwood Laboratory School is located become capitol of the state where the screenwriter of The Poor Boob was born?': Error parsing raw response as candidate selection: Unable to parse structured payload: unterminated string literal (detected at line 2) (<unknown>, line 2).
INFO:src.hipporag.HippoRAG:Encoding 4 queries for query_to_passage.
INFO:src.hipporag.HippoRAG:Encoding 1 queries for query_to_passage.
INFO:src.hipporag.HippoRAG:Encoding 1 queries for query_to_passage.
WARNING:src.hipporag.rerank:Rerank parse failed on attempt 1 for query 'Who is played by the director of The Good Shepherd in The Godfather?': Error parsing raw response as candidate selection: Unable to parse structured payload: unterminated string literal (detected at line 2) (<unknown>, line 2).
INFO:src.hipporag.HippoRAG:Encoding 2 queries for query_to_passage.
INFO:src.hipporag.HippoRAG:Encoding 1 queries for query_to_passage.
INFO:src.hipporag.HippoRAG:Encoding 2 queries for query_to_passage.
INFO:src.hipporag.HippoRAG:Encoding 1 queries for query_to_passage.
INFO:src.hipporag.HippoRAG:Encoding 4 queries for query_to_passage.
INFO:src.hipporag.HippoRAG:Encoding 1 queries for query_to_passage.
INFO:src.hipporag.HippoRAG:Encoding 1 queries for query_to_passage.
INFO:src.hipporag.HippoRAG:Encoding 1 queries for query_to_passage.
INFO:src.hipporag.HippoRAG:Encoding 1 queries for query_to_passage.
INFO:src.hipporag.HippoRAG:Encoding 1 queries for query_to_passage.
INFO:src.hipporag.HippoRAG:Encoding 1 queries for query_to_passage.
INFO:src.hipporag.HippoRAG:Encoding 1 queries for query_to_passage.
INFO:src.hipporag.HippoRAG:Encoding 1 queries for query_to_passage.
INFO:src.hipporag.HippoRAG:Encoding 1 queries for query_to_passage.
INFO:src.hipporag.HippoRAG:Encoding 1 queries for query_to_passage.
WARNING:src.hipporag.rerank:Rerank parse failed on attempt 1 for query 'How did did the people fare during the reign of the abolisher of sati partha in India?': Error parsing raw response as candidate selection: Unable to parse structured payload: invalid syntax (<unknown>, line 1).
INFO:src.hipporag.HippoRAG:Encoding 3 queries for query_to_passage.
INFO:src.hipporag.HippoRAG:Encoding 1 queries for query_to_passage.
INFO:src.hipporag.HippoRAG:Encoding 1 queries for query_to_passage.
INFO:src.hipporag.HippoRAG:Encoding 1 queries for query_to_passage.
INFO:src.hipporag.HippoRAG:Encoding 1 queries for query_to_passage.
INFO:src.hipporag.HippoRAG:Encoding 1 queries for query_to_passage.
INFO:src.hipporag.HippoRAG:Encoding 1 queries for query_to_passage.
INFO:src.hipporag.HippoRAG:Encoding 1 queries for query_to_passage.
WARNING:src.hipporag.rerank:Rerank parse failed on attempt 1 for query 'What is the position of the 1st governor general of India?': Error parsing raw response as candidate selection: Unable to parse structured payload: unterminated string literal (detected at line 2) (<unknown>, line 2).
INFO:src.hipporag.HippoRAG:Encoding 2 queries for query_to_passage.
INFO:src.hipporag.HippoRAG:Encoding 1 queries for query_to_passage.
INFO:src.hipporag.HippoRAG:Encoding 1 queries for query_to_passage.
INFO:src.hipporag.HippoRAG:Encoding 1 queries for query_to_passage.
INFO:src.hipporag.HippoRAG:Encoding 1 queries for query_to_passage.
INFO:src.hipporag.HippoRAG:Encoding 1 queries for query_to_passage.
WARNING:src.hipporag.rerank:Rerank parse failed on attempt 1 for query 'Who is the child of the president who suffered a major defeat when the body which approves members of the American cabinet refused to ratify the Versailles trea': Error parsing raw response as candidate selection: Unable to parse structured payload: unterminated string literal (detected at line 2) (<unknown>, line 2).
INFO:src.hipporag.HippoRAG:Encoding 2 queries for query_to_passage.
INFO:src.hipporag.HippoRAG:Encoding 1 queries for query_to_passage.
WARNING:src.hipporag.rerank:Rerank parse failed on attempt 1 for query 'What does dell call the feature letting the interface replacing FireWire in later iterations of the iPod drives to remain powered when the computer is off?': Error parsing raw response as candidate selection: Unable to parse structured payload: unterminated string literal (detected at line 5) (<unknown>, line 5).
INFO:src.hipporag.HippoRAG:Encoding 1 queries for query_to_passage.
INFO:src.hipporag.HippoRAG:Encoding 2 queries for query_to_passage.
WARNING:src.hipporag.rerank:Rerank parse failed on attempt 1 for query 'Who was second pick in the 1999 draft of the league that has a competition where they give out the MLB MVP award after it?': Error parsing raw response as candidate selection: Unable to parse structured payload: unterminated string literal (detected at line 2) (<unknown>, line 2).
INFO:src.hipporag.HippoRAG:Encoding 2 queries for query_to_passage.
INFO:src.hipporag.HippoRAG:Encoding 1 queries for query_to_passage.
INFO:src.hipporag.HippoRAG:Encoding 1 queries for query_to_passage.
INFO:src.hipporag.HippoRAG:Encoding 1 queries for query_to_passage.
INFO:src.hipporag.HippoRAG:Encoding 1 queries for query_to_passage.
INFO:src.hipporag.HippoRAG:Encoding 1 queries for query_to_passage.
WARNING:src.hipporag.rerank:Rerank parse failed on attempt 1 for query "The Commission of Truth and Friendship established governments for Bustami's birth country and a second country that had who as president after declaring indepe": Error parsing raw response as candidate selection: Unable to parse structured payload: unterminated string literal (detected at line 4) (<unknown>, line 4).
INFO:src.hipporag.HippoRAG:Encoding 3 queries for query_to_passage.
INFO:src.hipporag.HippoRAG:Encoding 1 queries for query_to_passage.
INFO:src.hipporag.HippoRAG:Encoding 1 queries for query_to_passage.
WARNING:src.hipporag.rerank:Rerank parse failed on attempt 1 for query 'What was the form of the language Auctor is in, used in the era of the Frankish king who created the Holy Roman Empire, later known as?': Error parsing raw response as candidate selection: Unable to parse structured payload: unterminated string literal (detected at line 2) (<unknown>, line 2).
INFO:src.hipporag.HippoRAG:Encoding 2 queries for query_to_passage.
INFO:src.hipporag.HippoRAG:Encoding 1 queries for query_to_passage.
INFO:src.hipporag.HippoRAG:Encoding 1 queries for query_to_passage.
INFO:src.hipporag.HippoRAG:Encoding 1 queries for query_to_passage.
WARNING:src.hipporag.rerank:Rerank parse failed on attempt 1 for query 'When did the political party that favored harsh punishment of southern states after the Civil War, gain control of the House?': Error parsing raw response as candidate selection: Unable to parse structured payload: unterminated string literal (detected at line 2) (<unknown>, line 2).
INFO:src.hipporag.HippoRAG:Encoding 2 queries for query_to_passage.
INFO:src.hipporag.HippoRAG:Encoding 1 queries for query_to_passage.
INFO:src.hipporag.HippoRAG:Encoding 1 queries for query_to_passage.
WARNING:src.hipporag.rerank:Rerank parse failed on attempt 1 for query 'When did the person chosen to be president of the confederacy end his fight in the Mexican-American war?': Error parsing raw response as candidate selection: Unable to parse structured payload: unmatched ')' (<unknown>, line 1).
INFO:src.hipporag.HippoRAG:Encoding 2 queries for query_to_passage.
INFO:src.hipporag.HippoRAG:Encoding 1 queries for query_to_passage.
INFO:src.hipporag.HippoRAG:Encoding 1 queries for query_to_passage.
INFO:src.hipporag.HippoRAG:Encoding 1 queries for query_to_passage.
INFO:src.hipporag.HippoRAG:Encoding 1 queries for query_to_passage.
WARNING:src.hipporag.rerank:Rerank parse failed on attempt 1 for query 'What city is the star of Sous les pieds des femmes from?': Error parsing raw response as candidate selection: Unable to parse structured payload: unterminated string literal (detected at line 1) (<unknown>, line 1).
INFO:src.hipporag.HippoRAG:Encoding 2 queries for query_to_passage.
INFO:src.hipporag.HippoRAG:Encoding 1 queries for query_to_passage.
WARNING:src.hipporag.rerank:Rerank parse failed on attempt 1 for query 'what is meaning of the word that is a majority religion of the area that became India when the country origin of Mizraab was created in Arabic dictionary?': Error parsing raw response as candidate selection: Unable to parse structured payload: unterminated string literal (detected at line 2) (<unknown>, line 2).
INFO:src.hipporag.HippoRAG:Encoding 3 queries for query_to_passage.
INFO:src.hipporag.HippoRAG:Encoding 3 queries for query_to_passage.
INFO:src.hipporag.HippoRAG:Encoding 1 queries for query_to_passage.
WARNING:src.hipporag.rerank:Rerank parse failed on attempt 1 for query 'When did the majority party in the House of Representatives gain control of the body which approves members of the Cabinet?': Error parsing raw response as candidate selection: Unable to parse structured payload: malformed node or string on line 1: <ast.Name object at 0x7f1dc097ce20>.
INFO:httpx:HTTP Request: POST http://localhost:8043/v1/chat/completions "HTTP/1.1 200 OK"
INFO:src.hipporag.HippoRAG:Encoding 2 queries for query_to_passage.
INFO:src.hipporag.HippoRAG:Encoding 1 queries for query_to_passage.
INFO:src.hipporag.HippoRAG:Encoding 1 queries for query_to_passage.
INFO:src.hipporag.HippoRAG:Encoding 1 queries for query_to_passage.
WARNING:src.hipporag.rerank:Rerank parse failed on attempt 1 for query "How many ethnic minorities were looked at differently in the city where the headquarters of the only group larger than Långa nätter's record label is located?": Error parsing raw response as candidate selection: Unable to parse structured payload: unterminated string literal (detected at line 2) (<unknown>, line 2).
INFO:src.hipporag.HippoRAG:Encoding 2 queries for query_to_passage.
INFO:src.hipporag.HippoRAG:Encoding 1 queries for query_to_passage.
INFO:src.hipporag.HippoRAG:Encoding 1 queries for query_to_passage.
WARNING:src.hipporag.rerank:Rerank parse failed on attempt 1 for query 'When did the country the top-ranking Warsaw Pact operatives came from, despite it being headquartered in the country where A Generation is set, agree to a unifi': Error parsing raw response as candidate selection: Unable to parse structured payload: unterminated string literal (detected at line 2) (<unknown>, line 2).
INFO:src.hipporag.HippoRAG:Encoding 4 queries for query_to_passage.
INFO:src.hipporag.HippoRAG:Encoding 1 queries for query_to_passage.
INFO:src.hipporag.HippoRAG:Encoding 1 queries for query_to_passage.
INFO:src.hipporag.HippoRAG:Encoding 1 queries for query_to_passage.
WARNING:src.hipporag.rerank:Rerank parse failed on attempt 1 for query 'Who won the Indy Car Race in the largest populated city of the state where the performer of Mingus Three is from?': Error parsing raw response as candidate selection: Unable to parse structured payload: unterminated string literal (detected at line 2) (<unknown>, line 2).
INFO:src.hipporag.HippoRAG:Encoding 4 queries for query_to_passage.
INFO:src.hipporag.HippoRAG:Encoding 1 queries for query_to_passage.
INFO:src.hipporag.HippoRAG:Encoding 1 queries for query_to_passage.
INFO:src.hipporag.HippoRAG:Encoding 1 queries for query_to_passage.
INFO:src.hipporag.HippoRAG:Encoding 1 queries for query_to_passage.
INFO:src.hipporag.HippoRAG:Encoding 1 queries for query_to_passage.
WARNING:src.hipporag.rerank:Rerank parse failed on attempt 1 for query 'Who did the person who married their half sister in the bible marry after the death of sarah?': Error parsing raw response as candidate selection: Unable to parse structured payload: invalid syntax. Perhaps you forgot a comma? (<unknown>, line 1).
INFO:src.hipporag.HippoRAG:Encoding 2 queries for query_to_passage.
WARNING:src.hipporag.rerank:Rerank parse failed on attempt 1 for query 'What is the average salary of a working person with the same nationality as the producer of The Wild Women of Chastity Gulch?': Error parsing raw response as candidate selection: Unable to parse structured payload: unterminated string literal (detected at line 2) (<unknown>, line 2).
INFO:src.hipporag.HippoRAG:Encoding 3 queries for query_to_passage.
INFO:src.hipporag.HippoRAG:Encoding 1 queries for query_to_passage.
WARNING:src.hipporag.rerank:Rerank parse failed on attempt 1 for query "Who was Beyonce's husband talking about in the the song Cry?": Error parsing raw response as candidate selection: Unable to parse structured payload: unterminated string literal (detected at line 4) (<unknown>, line 4).
INFO:src.hipporag.HippoRAG:Encoding 2 queries for query_to_passage.
INFO:src.hipporag.HippoRAG:Encoding 1 queries for query_to_passage.
WARNING:src.hipporag.rerank:Rerank parse failed on attempt 1 for query 'When was the region immediately north of the region where Israel is located and the site of the most growth in desalination for agricultural use established?': Error parsing raw response as candidate selection: Unable to parse structured payload: unterminated string literal (detected at line 14) (<unknown>, line 14).
INFO:src.hipporag.HippoRAG:Encoding 4 queries for query_to_passage.
INFO:src.hipporag.HippoRAG:Encoding 1 queries for query_to_passage.
INFO:src.hipporag.HippoRAG:Encoding 1 queries for query_to_passage.
INFO:src.hipporag.HippoRAG:Encoding 1 queries for query_to_passage.
INFO:src.hipporag.HippoRAG:Encoding 1 queries for query_to_passage.
INFO:src.hipporag.HippoRAG:Encoding 1 queries for query_to_passage.
INFO:src.hipporag.HippoRAG:Encoding 1 queries for query_to_passage.
WARNING:src.hipporag.rerank:Rerank parse failed on attempt 1 for query 'An Indy car race was held in the capital of the state where the performer of Mingus Plays Piano was born. Who won the race?': Error parsing raw response as candidate selection: Unable to parse structured payload: unterminated string literal (detected at line 2) (<unknown>, line 2).
INFO:src.hipporag.HippoRAG:Encoding 4 queries for query_to_passage.
INFO:src.hipporag.HippoRAG:Encoding 1 queries for query_to_passage.
INFO:src.hipporag.HippoRAG:Encoding 1 queries for query_to_passage.
INFO:src.hipporag.HippoRAG:Encoding 1 queries for query_to_passage.
INFO:src.hipporag.HippoRAG:Encoding 1 queries for query_to_passage.
INFO:src.hipporag.HippoRAG:Encoding 3 queries for query_to_passage.
INFO:src.hipporag.HippoRAG:Encoding 1 queries for query_to_passage.
INFO:src.hipporag.HippoRAG:Encoding 1 queries for query_to_passage.
WARNING:src.hipporag.rerank:Rerank parse failed on attempt 1 for query 'Who was the spouse of a leading speaker against slavery and publisher of an antislavery newspaper?': Error parsing raw response as candidate selection: Unable to parse structured payload: unterminated string literal (detected at line 2) (<unknown>, line 2).
INFO:src.hipporag.HippoRAG:Encoding 2 queries for query_to_passage.
INFO:src.hipporag.HippoRAG:Encoding 2 queries for query_to_passage.
INFO:src.hipporag.HippoRAG:Encoding 1 queries for query_to_passage.
WARNING:src.hipporag.rerank:Rerank parse failed on attempt 1 for query 'What is the capital of the county where Fort Deposit is located?': Error parsing raw response as candidate selection: Unable to parse structured payload: unterminated string literal (detected at line 2) (<unknown>, line 2).
INFO:src.hipporag.HippoRAG:Encoding 2 queries for query_to_passage.
INFO:src.hipporag.HippoRAG:Encoding 3 queries for query_to_passage.
INFO:src.hipporag.HippoRAG:Encoding 1 queries for query_to_passage.
INFO:src.hipporag.HippoRAG:Encoding 1 queries for query_to_passage.
INFO:src.hipporag.HippoRAG:Encoding 1 queries for query_to_passage.
INFO:src.hipporag.HippoRAG:Encoding 1 queries for query_to_passage.
WARNING:src.hipporag.rerank:Rerank parse failed on attempt 1 for query 'What was the language Auctor comes from during the era of the man crowned first Holy Roman Emperor later known as?': Error parsing raw response as candidate selection: Unable to parse structured payload: unterminated string literal (detected at line 4) (<unknown>, line 4).
INFO:src.hipporag.HippoRAG:Encoding 2 queries for query_to_passage.
INFO:src.hipporag.HippoRAG:Encoding 1 queries for query_to_passage.
INFO:src.hipporag.HippoRAG:Encoding 1 queries for query_to_passage.
INFO:src.hipporag.HippoRAG:Encoding 1 queries for query_to_passage.
INFO:src.hipporag.HippoRAG:Encoding 1 queries for query_to_passage.
INFO:src.hipporag.HippoRAG:Encoding 2 queries for query_to_passage.
INFO:src.hipporag.HippoRAG:Encoding 3 queries for query_to_passage.
INFO:src.hipporag.HippoRAG:Encoding 2 queries for query_to_passage.
INFO:src.hipporag.HippoRAG:Encoding 1 queries for query_to_passage.
INFO:src.hipporag.HippoRAG:Encoding 1 queries for query_to_passage.
INFO:src.hipporag.HippoRAG:Encoding 1 queries for query_to_passage.
WARNING:src.hipporag.rerank:Rerank parse failed on attempt 1 for query 'What was the language from which the last name Sylvester originated during the era of the person crowned emperor of the west in 800 CE later known as?': Error parsing raw response as candidate selection: Unable to parse structured payload: unterminated string literal (detected at line 2) (<unknown>, line 2).
INFO:src.hipporag.HippoRAG:Encoding 3 queries for query_to_passage.
INFO:src.hipporag.HippoRAG:Encoding 1 queries for query_to_passage.
INFO:src.hipporag.HippoRAG:Encoding 1 queries for query_to_passage.
INFO:src.hipporag.HippoRAG:Encoding 1 queries for query_to_passage.
WARNING:src.hipporag.rerank:Rerank parse failed on attempt 1 for query 'Who is the head of the agency that created MYSTIC?': Error parsing raw response as candidate selection: Unable to parse structured payload: unterminated string literal (detected at line 2) (<unknown>, line 2).
INFO:src.hipporag.HippoRAG:Encoding 2 queries for query_to_passage.
INFO:src.hipporag.HippoRAG:Encoding 1 queries for query_to_passage.
WARNING:src.hipporag.rerank:Rerank parse failed on attempt 1 for query 'What was the wettest year of the administrative territorial entity that contains the administrative territorial entity where Drexel Heights is located?': Error parsing raw response as candidate selection: Unable to parse structured payload: unterminated string literal (detected at line 3) (<unknown>, line 3).
INFO:src.hipporag.HippoRAG:Encoding 3 queries for query_to_passage.
INFO:src.hipporag.HippoRAG:Encoding 1 queries for query_to_passage.
WARNING:src.hipporag.rerank:Rerank parse failed on attempt 1 for query 'Who won the Indy Car Race in the largest populated city of the state where the performer of Mingus Plays Piano is from?': Error parsing raw response as candidate selection: Unable to parse structured payload: unterminated string literal (detected at line 2) (<unknown>, line 2).
INFO:src.hipporag.HippoRAG:Encoding 1 queries for query_to_passage.
INFO:src.hipporag.HippoRAG:Encoding 1 queries for query_to_passage.
INFO:src.hipporag.HippoRAG:Encoding 1 queries for query_to_passage.
INFO:src.hipporag.HippoRAG:Encoding 2 queries for query_to_passage.
INFO:src.hipporag.HippoRAG:Encoding 1 queries for query_to_passage.
INFO:src.hipporag.HippoRAG:Encoding 2 queries for query_to_passage.
WARNING:src.hipporag.rerank:Rerank parse failed on attempt 1 for query 'Which county shares a border with the county where the most populous city in the state where Washington State Prison can be found is located?': Error parsing raw response as candidate selection: Unable to parse structured payload: unterminated string literal (detected at line 2) (<unknown>, line 2).
INFO:src.hipporag.HippoRAG:Encoding 4 queries for query_to_passage.
INFO:src.hipporag.HippoRAG:Encoding 1 queries for query_to_passage.
INFO:src.hipporag.HippoRAG:Encoding 1 queries for query_to_passage.
INFO:src.hipporag.HippoRAG:Encoding 1 queries for query_to_passage.
INFO:src.hipporag.HippoRAG:Encoding 1 queries for query_to_passage.
INFO:src.hipporag.HippoRAG:Encoding 1 queries for query_to_passage.
INFO:src.hipporag.HippoRAG:Encoding 1 queries for query_to_passage.
INFO:src.hipporag.HippoRAG:Encoding 1 queries for query_to_passage.
INFO:src.hipporag.HippoRAG:Encoding 1 queries for query_to_passage.
WARNING:src.hipporag.rerank:Rerank parse failed on attempt 1 for query 'What is the meaning of the name of the city where the Yongle emperor greeted the person to whom the edict was addressed?': Error parsing raw response as candidate selection: Unable to parse structured payload: unterminated string literal (detected at line 2) (<unknown>, line 2).
INFO:src.hipporag.HippoRAG:Encoding 2 queries for query_to_passage.
INFO:src.hipporag.HippoRAG:Encoding 1 queries for query_to_passage.
INFO:src.hipporag.HippoRAG:Encoding 1 queries for query_to_passage.
WARNING:src.hipporag.rerank:Rerank parse failed on attempt 1 for query 'What is the direction of flow of the body of water by the city where Write This Down was formed?': Error parsing raw response as candidate selection: Unable to parse structured payload: unterminated string literal (detected at line 2) (<unknown>, line 2).
INFO:src.hipporag.HippoRAG:Encoding 2 queries for query_to_passage.
INFO:src.hipporag.HippoRAG:Encoding 1 queries for query_to_passage.
INFO:src.hipporag.HippoRAG:Encoding 2 queries for query_to_passage.
INFO:src.hipporag.HippoRAG:Encoding 1 queries for query_to_passage.
INFO:src.hipporag.HippoRAG:Encoding 1 queries for query_to_passage.
INFO:src.hipporag.HippoRAG:Encoding 1 queries for query_to_passage.
WARNING:src.hipporag.rerank:Rerank parse failed on attempt 1 for query "Who is the father of Empress Wang's husband?": Error parsing raw response as candidate selection: Unable to parse structured payload: unterminated string literal (detected at line 4) (<unknown>, line 4).
INFO:src.hipporag.HippoRAG:Encoding 2 queries for query_to_passage.
INFO:src.hipporag.HippoRAG:Encoding 1 queries for query_to_passage.
WARNING:src.hipporag.rerank:Rerank parse failed on attempt 1 for query 'When did the country with a co-official language used in the film titled after the city that is the final resting place of Tito first attend the Olympics games?': Error parsing raw response as candidate selection: Unable to parse structured payload: unterminated string literal (detected at line 2) (<unknown>, line 2).
INFO:src.hipporag.HippoRAG:Encoding 4 queries for query_to_passage.
INFO:src.hipporag.HippoRAG:Encoding 1 queries for query_to_passage.
INFO:src.hipporag.HippoRAG:Encoding 1 queries for query_to_passage.
INFO:src.hipporag.HippoRAG:Encoding 1 queries for query_to_passage.
INFO:src.hipporag.HippoRAG:Encoding 1 queries for query_to_passage.
INFO:src.hipporag.HippoRAG:Encoding 1 queries for query_to_passage.
INFO:src.hipporag.HippoRAG:Encoding 2 queries for query_to_passage.
INFO:src.hipporag.HippoRAG:Encoding 1 queries for query_to_passage.
INFO:src.hipporag.HippoRAG:Encoding 1 queries for query_to_passage.
INFO:src.hipporag.HippoRAG:Encoding 1 queries for query_to_passage.
WARNING:src.hipporag.rerank:Rerank parse failed on attempt 1 for query "When was the last time Darren Carter's team beat the 1894-95 FA Cup winner?": Error parsing raw response as candidate selection: Unable to parse structured payload: unterminated string literal (detected at line 2) (<unknown>, line 2).
INFO:src.hipporag.HippoRAG:Encoding 2 queries for query_to_passage.
INFO:src.hipporag.HippoRAG:Encoding 1 queries for query_to_passage.
INFO:src.hipporag.HippoRAG:Encoding 3 queries for query_to_passage.
INFO:src.hipporag.HippoRAG:Encoding 1 queries for query_to_passage.
INFO:src.hipporag.HippoRAG:Encoding 1 queries for query_to_passage.
INFO:src.hipporag.HippoRAG:Encoding 1 queries for query_to_passage.
INFO:src.hipporag.HippoRAG:Encoding 1 queries for query_to_passage.
INFO:src.hipporag.HippoRAG:Encoding 2 queries for query_to_passage.
INFO:src.hipporag.HippoRAG:Encoding 1 queries for query_to_passage.
INFO:src.hipporag.HippoRAG:Encoding 1 queries for query_to_passage.
INFO:src.hipporag.HippoRAG:Encoding 1 queries for query_to_passage.
INFO:src.hipporag.HippoRAG:Encoding 2 queries for query_to_passage.
WARNING:src.hipporag.rerank:Rerank parse failed on attempt 1 for query 'How long are the city council terms in the second largest city in the state where Yuma is located?': Error parsing raw response as candidate selection: Unable to parse structured payload: unterminated string literal (detected at line 2) (<unknown>, line 2).
INFO:src.hipporag.HippoRAG:Encoding 3 queries for query_to_passage.
INFO:src.hipporag.HippoRAG:Encoding 1 queries for query_to_passage.
INFO:src.hipporag.HippoRAG:Encoding 1 queries for query_to_passage.
INFO:src.hipporag.HippoRAG:Encoding 1 queries for query_to_passage.
INFO:src.hipporag.HippoRAG:Encoding 1 queries for query_to_passage.
INFO:src.hipporag.HippoRAG:Encoding 2 queries for query_to_passage.
INFO:src.hipporag.HippoRAG:Encoding 2 queries for query_to_passage.
INFO:src.hipporag.HippoRAG:Encoding 1 queries for query_to_passage.
WARNING:src.hipporag.rerank:Rerank parse failed on attempt 1 for query "Who played the girlfriend of who plays marty mcfly's daughter in back to the future 2?": Error parsing raw response as candidate selection: Unable to parse structured payload: unterminated string literal (detected at line 1) (<unknown>, line 1).
INFO:src.hipporag.HippoRAG:Encoding 2 queries for query_to_passage.
INFO:src.hipporag.HippoRAG:Encoding 1 queries for query_to_passage.
INFO:src.hipporag.HippoRAG:Encoding 1 queries for query_to_passage.
INFO:src.hipporag.HippoRAG:Encoding 1 queries for query_to_passage.
WARNING:src.hipporag.rerank:Rerank parse failed on attempt 1 for query 'When was the death penalty abolished in the country near the country where the writer of The Book Thief is a citizen of?': Error parsing raw response as candidate selection: Unable to parse structured payload: unterminated string literal (detected at line 2) (<unknown>, line 2).
INFO:src.hipporag.HippoRAG:Encoding 4 queries for query_to_passage.
WARNING:src.hipporag.rerank:Rerank parse failed on attempt 1 for query 'What is the tallest building in the state where KZAR is located?': Error parsing raw response as candidate selection: Unable to parse structured payload: unterminated string literal (detected at line 2) (<unknown>, line 2).
INFO:src.hipporag.HippoRAG:Encoding 2 queries for query_to_passage.
INFO:src.hipporag.HippoRAG:Encoding 1 queries for query_to_passage.
INFO:src.hipporag.HippoRAG:Encoding 1 queries for query_to_passage.
WARNING:src.hipporag.rerank:Rerank parse failed on attempt 1 for query 'What is the maximum load drawn by the 1.0 and 2.0 versions of the device that replaced FireWire in later iPods?': Error parsing raw response as candidate selection: Unable to parse structured payload: unterminated string literal (detected at line 2) (<unknown>, line 2).
INFO:src.hipporag.HippoRAG:Encoding 3 queries for query_to_passage.
INFO:src.hipporag.HippoRAG:Encoding 1 queries for query_to_passage.
INFO:src.hipporag.HippoRAG:Encoding 1 queries for query_to_passage.
INFO:src.hipporag.HippoRAG:Encoding 1 queries for query_to_passage.
INFO:src.hipporag.HippoRAG:Encoding 1 queries for query_to_passage.
INFO:src.hipporag.HippoRAG:Encoding 1 queries for query_to_passage.
INFO:src.hipporag.HippoRAG:Encoding 1 queries for query_to_passage.
INFO:src.hipporag.HippoRAG:Encoding 2 queries for query_to_passage.
INFO:src.hipporag.HippoRAG:Encoding 1 queries for query_to_passage.
INFO:src.hipporag.HippoRAG:Encoding 1 queries for query_to_passage.
WARNING:src.hipporag.rerank:Rerank parse failed on attempt 1 for query "What county has a city that is adjacent to the capital city of Erskine College's state?": Error parsing raw response as candidate selection: Unable to parse structured payload: unterminated string literal (detected at line 2) (<unknown>, line 2).
INFO:src.hipporag.HippoRAG:Encoding 4 queries for query_to_passage.
INFO:src.hipporag.HippoRAG:Encoding 1 queries for query_to_passage.
WARNING:src.hipporag.rerank:Rerank parse failed on attempt 1 for query 'When did the majority party in the House of Representatives gain control of the body which determines rules of the US House and US Senate?': Error parsing raw response as candidate selection: Unable to parse structured payload: unterminated string literal (detected at line 2) (<unknown>, line 2).
INFO:src.hipporag.HippoRAG:Encoding 1 queries for query_to_passage.
INFO:src.hipporag.HippoRAG:Encoding 1 queries for query_to_passage.
INFO:src.hipporag.HippoRAG:Encoding 1 queries for query_to_passage.
INFO:src.hipporag.HippoRAG:Encoding 1 queries for query_to_passage.
INFO:src.hipporag.HippoRAG:Encoding 2 queries for query_to_passage.
INFO:src.hipporag.HippoRAG:Encoding 1 queries for query_to_passage.
INFO:src.hipporag.HippoRAG:Encoding 1 queries for query_to_passage.
INFO:src.hipporag.HippoRAG:Encoding 1 queries for query_to_passage.
WARNING:src.hipporag.rerank:Rerank parse failed on attempt 1 for query 'Who had the lowest batting average in the league where the team with the most games in the series after which the MLB MVP is awarded played?': Error parsing raw response as candidate selection: Unable to parse structured payload: unterminated string literal (detected at line 2) (<unknown>, line 2).
INFO:src.hipporag.HippoRAG:Encoding 3 queries for query_to_passage.
INFO:src.hipporag.HippoRAG:Encoding 1 queries for query_to_passage.
INFO:src.hipporag.HippoRAG:Encoding 1 queries for query_to_passage.
INFO:src.hipporag.HippoRAG:Encoding 1 queries for query_to_passage.
INFO:src.hipporag.HippoRAG:Encoding 1 queries for query_to_passage.
INFO:src.hipporag.HippoRAG:Encoding 1 queries for query_to_passage.
INFO:src.hipporag.HippoRAG:Encoding 2 queries for query_to_passage.
INFO:src.hipporag.HippoRAG:Encoding 1 queries for query_to_passage.
INFO:src.hipporag.HippoRAG:Encoding 1 queries for query_to_passage.
WARNING:src.hipporag.rerank:Rerank parse failed on attempt 1 for query 'What is an example of a railroad line in the country first to invade Manchuria?': Error parsing raw response as candidate selection: Unable to parse structured payload: unterminated string literal (detected at line 2) (<unknown>, line 2).
INFO:src.hipporag.HippoRAG:Encoding 2 queries for query_to_passage.
INFO:src.hipporag.HippoRAG:Encoding 2 queries for query_to_passage.
WARNING:src.hipporag.rerank:Rerank parse failed on attempt 1 for query "How many times did the plague occur in the birth place of Concerto in C Major Op 3 6's composer?": Error parsing raw response as candidate selection: Unable to parse structured payload: unterminated string literal (detected at line 2) (<unknown>, line 2).
INFO:src.hipporag.HippoRAG:Encoding 3 queries for query_to_passage.
INFO:src.hipporag.HippoRAG:Encoding 1 queries for query_to_passage.
INFO:src.hipporag.HippoRAG:Encoding 1 queries for query_to_passage.
WARNING:src.hipporag.rerank:Rerank parse failed on attempt 1 for query 'When was the region immediately north of the region where the country in which Aluf can be found is located and the Persian Gulf established?': Error parsing raw response as candidate selection: Unable to parse structured payload: unterminated string literal (detected at line 2) (<unknown>, line 2).
INFO:src.hipporag.HippoRAG:Encoding 3 queries for query_to_passage.
INFO:src.hipporag.HippoRAG:Encoding 1 queries for query_to_passage.
INFO:src.hipporag.HippoRAG:Encoding 1 queries for query_to_passage.
INFO:src.hipporag.HippoRAG:Encoding 1 queries for query_to_passage.
INFO:src.hipporag.HippoRAG:Encoding 1 queries for query_to_passage.
INFO:src.hipporag.HippoRAG:Encoding 1 queries for query_to_passage.
INFO:src.hipporag.HippoRAG:Encoding 1 queries for query_to_passage.
INFO:src.hipporag.HippoRAG:Encoding 1 queries for query_to_passage.
WARNING:src.hipporag.rerank:Rerank parse failed on attempt 1 for query 'When did the performer of I Love Life, Thank You release Best Day Ever?': Error parsing raw response as candidate selection: Unable to parse structured payload: unterminated string literal (detected at line 2) (<unknown>, line 2).
INFO:src.hipporag.HippoRAG:Encoding 2 queries for query_to_passage.
WARNING:src.hipporag.rerank:Rerank parse failed on attempt 1 for query "Between the state university in the state without North Point Mall and where Edwards won the primary and the university in Fort Hill's town which has the more n": Error parsing raw response as candidate selection: Unable to parse structured payload: invalid syntax. Perhaps you forgot a comma? (<unknown>, line 1).
INFO:src.hipporag.HippoRAG:Encoding 4 queries for query_to_passage.
INFO:src.hipporag.HippoRAG:Encoding 1 queries for query_to_passage.
INFO:src.hipporag.HippoRAG:Encoding 1 queries for query_to_passage.
INFO:src.hipporag.HippoRAG:Encoding 1 queries for query_to_passage.
INFO:src.hipporag.HippoRAG:Encoding 1 queries for query_to_passage.
INFO:src.hipporag.HippoRAG:Encoding 1 queries for query_to_passage.
WARNING:src.hipporag.rerank:Rerank parse failed on attempt 1 for query 'What is the population in 2010 of they city popular with tourists?': Error parsing raw response as candidate selection: Unable to parse structured payload: unterminated string literal (detected at line 6) (<unknown>, line 6).
INFO:src.hipporag.HippoRAG:Encoding 2 queries for query_to_passage.
INFO:src.hipporag.HippoRAG:Encoding 2 queries for query_to_passage.
INFO:src.hipporag.HippoRAG:Encoding 1 queries for query_to_passage.
INFO:src.hipporag.HippoRAG:Encoding 1 queries for query_to_passage.
WARNING:src.hipporag.rerank:Rerank parse failed on attempt 1 for query "When did the U.S. and the country in effective control of political and military functions of the group the People's Socialist Republic of Albania was a member ": Error parsing raw response as candidate selection: Unable to parse structured payload: unterminated string literal (detected at line 2) (<unknown>, line 2).
INFO:src.hipporag.HippoRAG:Encoding 2 queries for query_to_passage.
INFO:src.hipporag.HippoRAG:Encoding 1 queries for query_to_passage.
INFO:src.hipporag.HippoRAG:Encoding 1 queries for query_to_passage.
INFO:src.hipporag.HippoRAG:Encoding 1 queries for query_to_passage.
INFO:src.hipporag.HippoRAG:Encoding 1 queries for query_to_passage.
WARNING:src.hipporag.rerank:Rerank parse failed on attempt 1 for query 'Who were the leaders of the opposition of the party that controlled the house of representatives in 2002?': Error parsing raw response as candidate selection: Unable to parse structured payload: unterminated string literal (detected at line 2) (<unknown>, line 2).
INFO:src.hipporag.HippoRAG:Encoding 2 queries for query_to_passage.
INFO:src.hipporag.HippoRAG:Encoding 1 queries for query_to_passage.
INFO:src.hipporag.HippoRAG:Encoding 1 queries for query_to_passage.
INFO:src.hipporag.HippoRAG:Encoding 1 queries for query_to_passage.
WARNING:src.hipporag.rerank:Rerank parse failed on attempt 1 for query 'In what state is the district where the man who wanted to reform the religion practiced by Innocenzo Ferrieri preached a sermon on Marian devotion?': Error parsing raw response as candidate selection: Unable to parse structured payload: unterminated string literal (detected at line 2) (<unknown>, line 2).
INFO:src.hipporag.HippoRAG:Encoding 3 queries for query_to_passage.
INFO:src.hipporag.HippoRAG:Encoding 1 queries for query_to_passage.
INFO:src.hipporag.HippoRAG:Encoding 1 queries for query_to_passage.
INFO:src.hipporag.HippoRAG:Encoding 1 queries for query_to_passage.
INFO:src.hipporag.HippoRAG:Encoding 1 queries for query_to_passage.
WARNING:src.hipporag.rerank:Rerank parse failed on attempt 1 for query 'What UK label was purchased by the company that, along with the distributor of The Cube, and ABC, is the other major New York-based broadcaster?': Error parsing raw response as candidate selection: Unable to parse structured payload: unterminated string literal (detected at line 2) (<unknown>, line 2).
INFO:src.hipporag.HippoRAG:Encoding 4 queries for query_to_passage.
INFO:src.hipporag.HippoRAG:Encoding 1 queries for query_to_passage.
WARNING:src.hipporag.rerank:Rerank parse failed on attempt 1 for query 'What date saw the writing of the song where the devil went down to the state where WDXQ is located?': Error parsing raw response as candidate selection: Unable to parse structured payload: unterminated string literal (detected at line 2) (<unknown>, line 2).
INFO:src.hipporag.HippoRAG:Encoding 2 queries for query_to_passage.
WARNING:src.hipporag.rerank:Rerank parse failed on attempt 1 for query 'What is the experimental satellite that was the forerunner to communication satellite of the operator of INSAT-4CR called?': Error parsing raw response as candidate selection: Unable to parse structured payload: unterminated string literal (detected at line 2) (<unknown>, line 2).
INFO:src.hipporag.HippoRAG:Encoding 2 queries for query_to_passage.
INFO:src.hipporag.HippoRAG:Encoding 1 queries for query_to_passage.
WARNING:src.hipporag.rerank:Rerank parse failed on attempt 1 for query 'Who won the 1993 Indy Car Race in the largest city of the state containing the city where the performer of the album Mingus Three is from?': Error parsing raw response as candidate selection: Unable to parse structured payload: unterminated string literal (detected at line 2) (<unknown>, line 2).
INFO:src.hipporag.HippoRAG:Encoding 3 queries for query_to_passage.
INFO:src.hipporag.HippoRAG:Encoding 1 queries for query_to_passage.
INFO:src.hipporag.HippoRAG:Encoding 1 queries for query_to_passage.
INFO:src.hipporag.HippoRAG:Encoding 1 queries for query_to_passage.
WARNING:src.hipporag.rerank:Rerank parse failed on attempt 1 for query 'What mountain can you see from Portland in the state where Fishing Creek Confederacy is located?': Error parsing raw response as candidate selection: Unable to parse structured payload: unterminated string literal (detected at line 2) (<unknown>, line 2).
INFO:src.hipporag.HippoRAG:Encoding 2 queries for query_to_passage.
WARNING:src.hipporag.rerank:Rerank parse failed on attempt 1 for query "When was Burma's name changed to that of the country on the natural boundary between the country that hosted the tournament and the country where That Dam is fr": Error parsing raw response as candidate selection: Unable to parse structured payload: unterminated string literal (detected at line 2) (<unknown>, line 2).
INFO:src.hipporag.HippoRAG:Encoding 4 queries for query_to_passage.
INFO:src.hipporag.HippoRAG:Encoding 1 queries for query_to_passage.
INFO:src.hipporag.HippoRAG:Encoding 1 queries for query_to_passage.
INFO:src.hipporag.HippoRAG:Encoding 1 queries for query_to_passage.
INFO:src.hipporag.HippoRAG:Encoding 1 queries for query_to_passage.
WARNING:src.hipporag.rerank:Rerank parse failed on attempt 1 for query 'When did the maker of the Acura EL, the company that owns Scion, and Nissan, open US assembly plants?': Error parsing raw response as candidate selection: Unable to parse structured payload: unterminated string literal (detected at line 2) (<unknown>, line 2).
INFO:src.hipporag.HippoRAG:Encoding 4 queries for query_to_passage.
INFO:src.hipporag.HippoRAG:Encoding 1 queries for query_to_passage.
INFO:src.hipporag.HippoRAG:Encoding 1 queries for query_to_passage.
INFO:src.hipporag.HippoRAG:Encoding 1 queries for query_to_passage.
INFO:src.hipporag.HippoRAG:Encoding 1 queries for query_to_passage.
INFO:src.hipporag.HippoRAG:Encoding 1 queries for query_to_passage.
INFO:src.hipporag.HippoRAG:Encoding 1 queries for query_to_passage.
INFO:src.hipporag.HippoRAG:Encoding 1 queries for query_to_passage.
INFO:src.hipporag.HippoRAG:Encoding 1 queries for query_to_passage.
INFO:src.hipporag.HippoRAG:Encoding 1 queries for query_to_passage.
WARNING:src.hipporag.rerank:Rerank parse failed on attempt 1 for query 'What dissolved the privileges in Poland of the empire that the British sided with against the Ottomans, the Kingdom that acquired some Thuringian territory in 1': Error parsing raw response as candidate selection: Unable to parse structured payload: unterminated string literal (detected at line 2) (<unknown>, line 2).
INFO:src.hipporag.HippoRAG:Encoding 4 queries for query_to_passage.
INFO:src.hipporag.HippoRAG:Encoding 1 queries for query_to_passage.
INFO:src.hipporag.HippoRAG:Encoding 1 queries for query_to_passage.
INFO:src.hipporag.HippoRAG:Encoding 4 queries for query_to_passage.
INFO:src.hipporag.HippoRAG:Encoding 1 queries for query_to_passage.
INFO:src.hipporag.HippoRAG:Encoding 1 queries for query_to_passage.
INFO:src.hipporag.HippoRAG:Encoding 1 queries for query_to_passage.
INFO:src.hipporag.HippoRAG:Encoding 1 queries for query_to_passage.
WARNING:src.hipporag.rerank:Rerank parse failed on attempt 1 for query 'Who is the grandmother of Philippe, Duke of Orléans?': Error parsing raw response as candidate selection: Unable to parse structured payload: unterminated string literal (detected at line 2) (<unknown>, line 2).
INFO:src.hipporag.HippoRAG:Encoding 3 queries for query_to_passage.
INFO:src.hipporag.HippoRAG:Encoding 1 queries for query_to_passage.
WARNING:src.hipporag.rerank:Rerank parse failed on attempt 1 for query "Who's the son of the Italian navigator who explored the eastern coast of the continent Manuel Balbi was born in?": Error parsing raw response as candidate selection: Unable to parse structured payload: unterminated string literal (detected at line 1) (<unknown>, line 1).
INFO:src.hipporag.HippoRAG:Encoding 2 queries for query_to_passage.
INFO:src.hipporag.HippoRAG:Encoding 1 queries for query_to_passage.
INFO:src.hipporag.HippoRAG:Encoding 1 queries for query_to_passage.
INFO:src.hipporag.HippoRAG:Encoding 1 queries for query_to_passage.
WARNING:src.hipporag.rerank:Rerank parse failed on attempt 1 for query 'What is the deepest part of the ocean by the state where Main Street Station is located?': Error parsing raw response as candidate selection: Unable to parse structured payload: unterminated string literal (detected at line 2) (<unknown>, line 2).
INFO:src.hipporag.HippoRAG:Encoding 2 queries for query_to_passage.
INFO:src.hipporag.HippoRAG:Encoding 1 queries for query_to_passage.
INFO:src.hipporag.HippoRAG:Encoding 1 queries for query_to_passage.
INFO:src.hipporag.HippoRAG:Encoding 3 queries for query_to_passage.
INFO:src.hipporag.HippoRAG:Encoding 1 queries for query_to_passage.
INFO:src.hipporag.HippoRAG:Encoding 1 queries for query_to_passage.
WARNING:src.hipporag.rerank:Rerank parse failed on attempt 1 for query 'Who has the most hits in the league whose member team has the most wins of the championship series which proceeds the MVP award?': Error parsing raw response as candidate selection: Unable to parse structured payload: unterminated string literal (detected at line 2) (<unknown>, line 2).
INFO:src.hipporag.HippoRAG:Encoding 2 queries for query_to_passage.
INFO:src.hipporag.HippoRAG:Encoding 1 queries for query_to_passage.
INFO:src.hipporag.HippoRAG:Encoding 1 queries for query_to_passage.
INFO:src.hipporag.HippoRAG:Encoding 1 queries for query_to_passage.
INFO:src.hipporag.HippoRAG:Encoding 2 queries for query_to_passage.
INFO:src.hipporag.HippoRAG:Encoding 1 queries for query_to_passage.
WARNING:src.hipporag.rerank:Rerank parse failed on attempt 1 for query 'What is the maximum load drawn by the device that was designed to standardize connection of computer peripherals?': Error parsing raw response as candidate selection: Unable to parse structured payload: invalid syntax (<unknown>, line 1).
INFO:src.hipporag.HippoRAG:Encoding 2 queries for query_to_passage.
INFO:src.hipporag.HippoRAG:Encoding 1 queries for query_to_passage.
WARNING:src.hipporag.rerank:Rerank parse failed on attempt 1 for query 'Where is the headquarters of the organization that the Office of Science Education is a part of?': Error parsing raw response as candidate selection: Unable to parse structured payload: unterminated string literal (detected at line 1) (<unknown>, line 1).
INFO:src.hipporag.HippoRAG:Encoding 2 queries for query_to_passage.
INFO:src.hipporag.HippoRAG:Encoding 2 queries for query_to_passage.
INFO:src.hipporag.HippoRAG:Encoding 1 queries for query_to_passage.
INFO:src.hipporag.HippoRAG:Encoding 1 queries for query_to_passage.
INFO:src.hipporag.HippoRAG:Encoding 2 queries for query_to_passage.
INFO:src.hipporag.HippoRAG:Encoding 1 queries for query_to_passage.
INFO:src.hipporag.HippoRAG:Encoding 2 queries for query_to_passage.
INFO:src.hipporag.HippoRAG:Encoding 1 queries for query_to_passage.
INFO:src.hipporag.HippoRAG:Encoding 1 queries for query_to_passage.
WARNING:src.hipporag.rerank:Rerank parse failed on attempt 1 for query 'Who was president when congress declared war on the country where Glumpers was filmed?': Error parsing raw response as candidate selection: Unable to parse structured payload: unterminated string literal (detected at line 2) (<unknown>, line 2).
INFO:src.hipporag.HippoRAG:Encoding 3 queries for query_to_passage.
INFO:src.hipporag.HippoRAG:Encoding 1 queries for query_to_passage.
INFO:src.hipporag.HippoRAG:Encoding 1 queries for query_to_passage.
INFO:src.hipporag.HippoRAG:Encoding 1 queries for query_to_passage.
WARNING:src.hipporag.rerank:Rerank parse failed on attempt 1 for query 'What year did the company that published Starship Command end?': Error parsing raw response as candidate selection: Unable to parse structured payload: unterminated string literal (detected at line 2) (<unknown>, line 2).
INFO:src.hipporag.HippoRAG:Encoding 2 queries for query_to_passage.
INFO:src.hipporag.HippoRAG:Encoding 1 queries for query_to_passage.
INFO:src.hipporag.HippoRAG:Encoding 1 queries for query_to_passage.
INFO:src.hipporag.HippoRAG:Encoding 1 queries for query_to_passage.
INFO:src.hipporag.HippoRAG:Encoding 4 queries for query_to_passage.
INFO:src.hipporag.HippoRAG:Encoding 1 queries for query_to_passage.
INFO:src.hipporag.HippoRAG:Encoding 1 queries for query_to_passage.
INFO:src.hipporag.HippoRAG:Encoding 1 queries for query_to_passage.
INFO:src.hipporag.HippoRAG:Encoding 1 queries for query_to_passage.
INFO:src.hipporag.HippoRAG:Encoding 1 queries for query_to_passage.
INFO:src.hipporag.HippoRAG:Encoding 1 queries for query_to_passage.
INFO:src.hipporag.HippoRAG:Encoding 2 queries for query_to_passage.
INFO:src.hipporag.HippoRAG:Encoding 1 queries for query_to_passage.
INFO:src.hipporag.HippoRAG:Encoding 2 queries for query_to_passage.
INFO:src.hipporag.HippoRAG:Encoding 2 queries for query_to_passage.
INFO:src.hipporag.HippoRAG:Encoding 1 queries for query_to_passage.
INFO:src.hipporag.HippoRAG:Encoding 1 queries for query_to_passage.
WARNING:src.hipporag.rerank:Rerank parse failed on attempt 1 for query "A country's military branch, the equivalent of which in the US contains the Air Defense Artillery, was unprepared for the invasion of the country occupied by th": Error parsing raw response as candidate selection: Unable to parse structured payload: unterminated string literal (detected at line 4) (<unknown>, line 4).
INFO:src.hipporag.HippoRAG:Encoding 3 queries for query_to_passage.
INFO:src.hipporag.HippoRAG:Encoding 1 queries for query_to_passage.
INFO:src.hipporag.HippoRAG:Encoding 1 queries for query_to_passage.
INFO:src.hipporag.HippoRAG:Encoding 2 queries for query_to_passage.
INFO:src.hipporag.HippoRAG:Encoding 1 queries for query_to_passage.
INFO:src.hipporag.HippoRAG:Encoding 2 queries for query_to_passage.
INFO:src.hipporag.HippoRAG:Encoding 1 queries for query_to_passage.
WARNING:src.hipporag.rerank:Rerank parse failed on attempt 1 for query 'How many students attend the school that employs Roberto Andorno?': Error parsing raw response as candidate selection: Unable to parse structured payload: unterminated string literal (detected at line 2) (<unknown>, line 2).
INFO:src.hipporag.HippoRAG:Encoding 2 queries for query_to_passage.
INFO:src.hipporag.HippoRAG:Encoding 1 queries for query_to_passage.
INFO:src.hipporag.HippoRAG:Encoding 1 queries for query_to_passage.
WARNING:src.hipporag.rerank:Rerank parse failed on attempt 1 for query 'The person whom Sikyona is named after is part of what?': Error parsing raw response as candidate selection: Unable to parse structured payload: unterminated string literal (detected at line 2) (<unknown>, line 2).
INFO:src.hipporag.HippoRAG:Encoding 2 queries for query_to_passage.
INFO:src.hipporag.HippoRAG:Encoding 1 queries for query_to_passage.
WARNING:src.hipporag.rerank:Rerank parse failed on attempt 1 for query 'Who wrote the fictional work Doctor Fate exists in?': Error parsing raw response as candidate selection: Unable to parse structured payload: unterminated string literal (detected at line 14) (<unknown>, line 14).
INFO:src.hipporag.HippoRAG:Encoding 2 queries for query_to_passage.
WARNING:src.hipporag.rerank:Rerank parse failed on attempt 1 for query 'The 2010 study found that what modern population is most closely related to the group that represents at least 70% of Jews worldwide?': Error parsing raw response as candidate selection: Unable to parse structured payload: unterminated string literal (detected at line 2) (<unknown>, line 2).
INFO:src.hipporag.HippoRAG:Encoding 2 queries for query_to_passage.
INFO:src.hipporag.HippoRAG:Encoding 1 queries for query_to_passage.
INFO:src.hipporag.HippoRAG:Encoding 1 queries for query_to_passage.
INFO:src.hipporag.HippoRAG:Encoding 1 queries for query_to_passage.
WARNING:src.hipporag.rerank:Rerank parse failed on attempt 1 for query 'When did the party who holds the majority in the House of Representatives, take control of the political body that the President calls on for support in his USA': Error parsing raw response as candidate selection: Unable to parse structured payload: unterminated string literal (detected at line 2) (<unknown>, line 2).
INFO:src.hipporag.HippoRAG:Encoding 3 queries for query_to_passage.
INFO:src.hipporag.HippoRAG:Encoding 1 queries for query_to_passage.
INFO:src.hipporag.HippoRAG:Encoding 1 queries for query_to_passage.
INFO:src.hipporag.HippoRAG:Encoding 1 queries for query_to_passage.
INFO:src.hipporag.HippoRAG:Encoding 1 queries for query_to_passage.
WARNING:src.hipporag.rerank:Rerank parse failed on attempt 1 for query "Kiwil's birth country participated in a Commission of Truth and Friendship. Who is the president of the other country that participated?": Error parsing raw response as candidate selection: Unable to parse structured payload: unterminated string literal (detected at line 10) (<unknown>, line 10).
INFO:src.hipporag.HippoRAG:Encoding 3 queries for query_to_passage.
INFO:src.hipporag.HippoRAG:Encoding 1 queries for query_to_passage.
INFO:src.hipporag.HippoRAG:Encoding 1 queries for query_to_passage.
INFO:src.hipporag.HippoRAG:Encoding 1 queries for query_to_passage.
INFO:src.hipporag.HippoRAG:Encoding 1 queries for query_to_passage.
INFO:src.hipporag.HippoRAG:Encoding 2 queries for query_to_passage.
INFO:src.hipporag.HippoRAG:Encoding 1 queries for query_to_passage.
INFO:src.hipporag.HippoRAG:Encoding 1 queries for query_to_passage.
INFO:src.hipporag.HippoRAG:Encoding 1 queries for query_to_passage.
INFO:src.hipporag.HippoRAG:Encoding 1 queries for query_to_passage.
WARNING:src.hipporag.rerank:Rerank parse failed on attempt 1 for query 'Between which years was the war with the person who suffered a great amount of losses battling the Roman army?': Error parsing raw response as candidate selection: Unable to parse structured payload: unterminated string literal (detected at line 2) (<unknown>, line 2).
INFO:src.hipporag.HippoRAG:Encoding 2 queries for query_to_passage.
INFO:src.hipporag.HippoRAG:Encoding 1 queries for query_to_passage.
INFO:src.hipporag.HippoRAG:Encoding 1 queries for query_to_passage.
WARNING:src.hipporag.rerank:Rerank parse failed on attempt 1 for query 'What was the percentage that the Dow Jones fell when the US had the highest unemployment rate?': Error parsing raw response as candidate selection: Unable to parse structured payload: unterminated string literal (detected at line 2) (<unknown>, line 2).
INFO:src.hipporag.HippoRAG:Encoding 3 queries for query_to_passage.
WARNING:src.hipporag.rerank:Rerank parse failed on attempt 1 for query 'What is the highest city in the state where Dell ranks sixth by revenue?': Error parsing raw response as candidate selection: Unable to parse structured payload: unterminated string literal (detected at line 2) (<unknown>, line 2).
INFO:src.hipporag.HippoRAG:Encoding 2 queries for query_to_passage.
INFO:src.hipporag.HippoRAG:Encoding 1 queries for query_to_passage.
INFO:src.hipporag.HippoRAG:Encoding 1 queries for query_to_passage.
INFO:src.hipporag.HippoRAG:Encoding 1 queries for query_to_passage.
INFO:src.hipporag.HippoRAG:Encoding 1 queries for query_to_passage.
INFO:src.hipporag.HippoRAG:Encoding 1 queries for query_to_passage.
WARNING:src.hipporag.rerank:Rerank parse failed on attempt 1 for query "When was the most recent Bicycle Friendly Community Award given to the city where the company Study in Brown's record label is part of is headquartered?": Error parsing raw response as candidate selection: Unable to parse structured payload: unterminated string literal (detected at line 6) (<unknown>, line 6).
INFO:src.hipporag.HippoRAG:Encoding 2 queries for query_to_passage.
INFO:src.hipporag.HippoRAG:Encoding 1 queries for query_to_passage.
INFO:src.hipporag.HippoRAG:Encoding 1 queries for query_to_passage.
INFO:src.hipporag.HippoRAG:Encoding 1 queries for query_to_passage.
WARNING:src.hipporag.rerank:Rerank parse failed on attempt 1 for query 'What is the dynasty the oldest wooden buildings in China be dated to an example of?': Error parsing raw response as candidate selection: Unable to parse structured payload: unterminated string literal (detected at line 3) (<unknown>, line 3).
INFO:src.hipporag.HippoRAG:Encoding 2 queries for query_to_passage.
INFO:src.hipporag.HippoRAG:Encoding 1 queries for query_to_passage.
INFO:src.hipporag.HippoRAG:Encoding 1 queries for query_to_passage.
INFO:src.hipporag.HippoRAG:Encoding 1 queries for query_to_passage.
WARNING:src.hipporag.rerank:Rerank parse failed on attempt 1 for query 'Along with the Closer performer, what notable pop artist started out his career on adult contemporary radio?': Error parsing raw response as candidate selection: Unable to parse structured payload: unterminated string literal (detected at line 12) (<unknown>, line 12).
INFO:src.hipporag.HippoRAG:Encoding 3 queries for query_to_passage.
WARNING:src.hipporag.rerank:Rerank parse failed on attempt 1 for query 'What is the meaning of the word that is also a majority religion in India when the country where Banna is located was created in the Arabic dictionary?': Error parsing raw response as candidate selection: Unable to parse structured payload: unterminated string literal (detected at line 4) (<unknown>, line 4).
INFO:src.hipporag.HippoRAG:Encoding 3 queries for query_to_passage.
INFO:src.hipporag.HippoRAG:Encoding 1 queries for query_to_passage.
INFO:src.hipporag.HippoRAG:Encoding 1 queries for query_to_passage.
INFO:src.hipporag.HippoRAG:Encoding 1 queries for query_to_passage.
INFO:src.hipporag.HippoRAG:Encoding 1 queries for query_to_passage.
INFO:src.hipporag.HippoRAG:Encoding 1 queries for query_to_passage.
INFO:src.hipporag.HippoRAG:Encoding 3 queries for query_to_passage.
WARNING:src.hipporag.rerank:Rerank parse failed on attempt 1 for query 'Who owns the record label of the Another Page performer?': Error parsing raw response as candidate selection: Unable to parse structured payload: unterminated string literal (detected at line 2) (<unknown>, line 2).
INFO:src.hipporag.HippoRAG:Encoding 2 queries for query_to_passage.
WARNING:src.hipporag.rerank:Rerank parse failed on attempt 1 for query 'When was the region that lies to the north of where Israel is located and the location of Operation Earnest Will established?': Error parsing raw response as candidate selection: Unable to parse structured payload: unterminated string literal (detected at line 2) (<unknown>, line 2).
INFO:src.hipporag.HippoRAG:Encoding 3 queries for query_to_passage.
INFO:src.hipporag.HippoRAG:Encoding 1 queries for query_to_passage.
INFO:src.hipporag.HippoRAG:Encoding 1 queries for query_to_passage.
INFO:src.hipporag.HippoRAG:Encoding 1 queries for query_to_passage.
WARNING:src.hipporag.rerank:Rerank parse failed on attempt 1 for query 'What day is the feast held, in the city that holds the headquarters of the only music company that is larger than the record label of Vilaiyaadu Mankatha?': Error parsing raw response as candidate selection: Unable to parse structured payload: unterminated string literal (detected at line 2) (<unknown>, line 2).
INFO:src.hipporag.HippoRAG:Encoding 3 queries for query_to_passage.
INFO:src.hipporag.HippoRAG:Encoding 1 queries for query_to_passage.
INFO:src.hipporag.HippoRAG:Encoding 1 queries for query_to_passage.
INFO:src.hipporag.HippoRAG:Encoding 1 queries for query_to_passage.
INFO:src.hipporag.HippoRAG:Encoding 2 queries for query_to_passage.
INFO:src.hipporag.HippoRAG:Encoding 1 queries for query_to_passage.
WARNING:src.hipporag.rerank:Rerank parse failed on attempt 1 for query 'What is the competition the 1972 Federation Cup is part of named after?': Error parsing raw response as candidate selection: Unable to parse structured payload: unterminated string literal (detected at line 6) (<unknown>, line 6).
INFO:src.hipporag.HippoRAG:Encoding 2 queries for query_to_passage.
INFO:src.hipporag.HippoRAG:Encoding 1 queries for query_to_passage.
INFO:src.hipporag.HippoRAG:Encoding 1 queries for query_to_passage.
WARNING:src.hipporag.rerank:Rerank parse failed on attempt 1 for query "When was the last time Tony Richard's team beat the 1894-95 FA Cup Winner?": Error parsing raw response as candidate selection: Unable to parse structured payload: unterminated string literal (detected at line 2) (<unknown>, line 2).
INFO:src.hipporag.HippoRAG:Encoding 3 queries for query_to_passage.
WARNING:src.hipporag.rerank:Rerank parse failed on attempt 1 for query "When did the city where the headquarters of Barton Premium Blend's manufacturer is located elect its first black mayor?": Error parsing raw response as candidate selection: Unable to parse structured payload: unterminated string literal (detected at line 4) (<unknown>, line 4).
INFO:src.hipporag.HippoRAG:Encoding 3 queries for query_to_passage.
INFO:src.hipporag.HippoRAG:Encoding 1 queries for query_to_passage.
WARNING:src.hipporag.rerank:Rerank parse failed on attempt 1 for query 'When did the majority party in the body which determines the rules of the US House and US Senate gain control of the House?': Error parsing raw response as candidate selection: Unable to parse structured payload: unterminated string literal (detected at line 2) (<unknown>, line 2).
INFO:src.hipporag.HippoRAG:Encoding 3 queries for query_to_passage.
INFO:src.hipporag.HippoRAG:Encoding 1 queries for query_to_passage.
INFO:src.hipporag.HippoRAG:Encoding 1 queries for query_to_passage.
INFO:src.hipporag.HippoRAG:Encoding 1 queries for query_to_passage.
INFO:src.hipporag.HippoRAG:Encoding 1 queries for query_to_passage.
INFO:src.hipporag.HippoRAG:Encoding 1 queries for query_to_passage.
INFO:src.hipporag.HippoRAG:Encoding 1 queries for query_to_passage.
INFO:src.hipporag.HippoRAG:Encoding 1 queries for query_to_passage.
WARNING:src.hipporag.rerank:Rerank parse failed on attempt 1 for query "Where did the arguer that Dmitry Okhotsimsky's country of citizenship had become an imperialist power declare he would intervene in the Korean conflict?": Error parsing raw response as candidate selection: Unable to parse structured payload: unmatched ')' (<unknown>, line 3).
INFO:src.hipporag.HippoRAG:Encoding 2 queries for query_to_passage.
INFO:src.hipporag.HippoRAG:Encoding 1 queries for query_to_passage.
INFO:src.hipporag.HippoRAG:Encoding 1 queries for query_to_passage.
INFO:src.hipporag.HippoRAG:Encoding 1 queries for query_to_passage.
INFO:src.hipporag.HippoRAG:Encoding 2 queries for query_to_passage.
WARNING:src.hipporag.rerank:Rerank parse failed on attempt 1 for query 'Where is the origin of the river that Kraai River is a tributary of?': Error parsing raw response as candidate selection: Unable to parse structured payload: unterminated string literal (detected at line 2) (<unknown>, line 2).
INFO:src.hipporag.HippoRAG:Encoding 2 queries for query_to_passage.
INFO:src.hipporag.HippoRAG:Encoding 1 queries for query_to_passage.
WARNING:src.hipporag.rerank:Rerank parse failed on attempt 1 for query 'Who created the work that features the appearance of Cosmic Boy?': Error parsing raw response as candidate selection: Unable to parse structured payload: unterminated string literal (detected at line 2) (<unknown>, line 2).
INFO:src.hipporag.HippoRAG:Encoding 2 queries for query_to_passage.
INFO:src.hipporag.HippoRAG:Encoding 2 queries for query_to_passage.
INFO:src.hipporag.HippoRAG:Encoding 1 queries for query_to_passage.
INFO:src.hipporag.HippoRAG:Encoding 1 queries for query_to_passage.
WARNING:src.hipporag.rerank:Rerank parse failed on attempt 1 for query 'When was the region that lies to the north of the region where Strangers No More took place and the Persian Gulf created?': Error parsing raw response as candidate selection: Unable to parse structured payload: unterminated string literal (detected at line 2) (<unknown>, line 2).
INFO:src.hipporag.HippoRAG:Encoding 3 queries for query_to_passage.
INFO:src.hipporag.HippoRAG:Encoding 1 queries for query_to_passage.
INFO:src.hipporag.HippoRAG:Encoding 1 queries for query_to_passage.
WARNING:src.hipporag.rerank:Rerank parse failed on attempt 1 for query 'What is the date of birth for the performer of Hits?': Error parsing raw response as candidate selection: Unable to parse structured payload: unterminated string literal (detected at line 2) (<unknown>, line 2).
INFO:src.hipporag.HippoRAG:Encoding 2 queries for query_to_passage.
WARNING:src.hipporag.rerank:Rerank parse failed on attempt 1 for query 'When did the city where the author of Sacerdotii Nostri Primordia died become its own country?': Error parsing raw response as candidate selection: Unable to parse structured payload: unterminated string literal (detected at line 2) (<unknown>, line 2).
INFO:src.hipporag.HippoRAG:Encoding 4 queries for query_to_passage.
INFO:src.hipporag.HippoRAG:Encoding 1 queries for query_to_passage.
INFO:src.hipporag.HippoRAG:Encoding 1 queries for query_to_passage.
INFO:src.hipporag.HippoRAG:Encoding 1 queries for query_to_passage.
INFO:src.hipporag.HippoRAG:Encoding 1 queries for query_to_passage.
INFO:src.hipporag.HippoRAG:Encoding 1 queries for query_to_passage.
INFO:src.hipporag.HippoRAG:Encoding 2 queries for query_to_passage.
INFO:src.hipporag.HippoRAG:Encoding 1 queries for query_to_passage.
INFO:src.hipporag.HippoRAG:Encoding 2 queries for query_to_passage.
INFO:src.hipporag.HippoRAG:Encoding 1 queries for query_to_passage.
INFO:src.hipporag.HippoRAG:Encoding 1 queries for query_to_passage.
INFO:src.hipporag.HippoRAG:Encoding 1 queries for query_to_passage.
INFO:src.hipporag.HippoRAG:Encoding 1 queries for query_to_passage.
WARNING:src.hipporag.rerank:Rerank parse failed on attempt 1 for query "How many times did plague occur in the place where Bajazet's composer was born?": Error parsing raw response as candidate selection: Unable to parse structured payload: unterminated string literal (detected at line 1) (<unknown>, line 1).
INFO:src.hipporag.HippoRAG:Encoding 1 queries for query_to_passage.
INFO:src.hipporag.HippoRAG:Encoding 1 queries for query_to_passage.
INFO:src.hipporag.HippoRAG:Encoding 1 queries for query_to_passage.
INFO:src.hipporag.HippoRAG:Encoding 2 queries for query_to_passage.
INFO:src.hipporag.HippoRAG:Encoding 1 queries for query_to_passage.
INFO:src.hipporag.HippoRAG:Encoding 1 queries for query_to_passage.
INFO:src.hipporag.HippoRAG:Encoding 1 queries for query_to_passage.
INFO:src.hipporag.HippoRAG:Encoding 1 queries for query_to_passage.
INFO:src.hipporag.HippoRAG:Encoding 1 queries for query_to_passage.
WARNING:src.hipporag.rerank:Rerank parse failed on attempt 1 for query 'Who is the city where Lesnoye Sanatorium is located named after?': Error parsing raw response as candidate selection: Unable to parse structured payload: unterminated string literal (detected at line 2) (<unknown>, line 2).
INFO:src.hipporag.HippoRAG:Encoding 2 queries for query_to_passage.
INFO:src.hipporag.HippoRAG:Encoding 1 queries for query_to_passage.
INFO:src.hipporag.HippoRAG:Encoding 2 queries for query_to_passage.
INFO:src.hipporag.HippoRAG:Encoding 1 queries for query_to_passage.
INFO:src.hipporag.HippoRAG:Encoding 1 queries for query_to_passage.
INFO:src.hipporag.HippoRAG:Encoding 1 queries for query_to_passage.
INFO:src.hipporag.HippoRAG:Encoding 1 queries for query_to_passage.
INFO:src.hipporag.HippoRAG:Encoding 1 queries for query_to_passage.
WARNING:src.hipporag.rerank:Rerank parse failed on attempt 1 for query 'When was the Palau de la Generalitat constructed in the city where Martin of the region of Pedrola died?': Error parsing raw response as candidate selection: Unable to parse structured payload: unterminated string literal (detected at line 2) (<unknown>, line 2).
INFO:src.hipporag.HippoRAG:Encoding 1 queries for query_to_passage.
WARNING:src.hipporag.rerank:Rerank parse failed on attempt 1 for query 'Who won the indy car race in the largest populated city in the state that the performer of Changes Two is from?': Error parsing raw response as candidate selection: Unable to parse structured payload: unterminated string literal (detected at line 2) (<unknown>, line 2).
INFO:src.hipporag.HippoRAG:Encoding 2 queries for query_to_passage.
INFO:src.hipporag.HippoRAG:Encoding 1 queries for query_to_passage.
INFO:src.hipporag.HippoRAG:Encoding 1 queries for query_to_passage.
INFO:src.hipporag.HippoRAG:Encoding 1 queries for query_to_passage.
INFO:src.hipporag.HippoRAG:Encoding 1 queries for query_to_passage.
WARNING:src.hipporag.rerank:Rerank parse failed on attempt 1 for query 'When did the city that contains the basilica named after the saint who is holding a knife in the last supper become a country?': Error parsing raw response as candidate selection: Unable to parse structured payload: unterminated string literal (detected at line 2) (<unknown>, line 2).
INFO:src.hipporag.HippoRAG:Encoding 4 queries for query_to_passage.
INFO:src.hipporag.HippoRAG:Encoding 1 queries for query_to_passage.
INFO:src.hipporag.HippoRAG:Encoding 1 queries for query_to_passage.
INFO:src.hipporag.HippoRAG:Encoding 1 queries for query_to_passage.
INFO:src.hipporag.HippoRAG:Encoding 1 queries for query_to_passage.
INFO:src.hipporag.HippoRAG:Encoding 1 queries for query_to_passage.
INFO:src.hipporag.HippoRAG:Encoding 1 queries for query_to_passage.
INFO:src.hipporag.HippoRAG:Encoding 2 queries for query_to_passage.
INFO:src.hipporag.HippoRAG:Encoding 1 queries for query_to_passage.
WARNING:src.hipporag.rerank:Rerank parse failed on attempt 1 for query 'Who wrote Turn Me On by the performer of Live from Austin, TX?': Error parsing raw response as candidate selection: Unable to parse structured payload: unterminated string literal (detected at line 2) (<unknown>, line 2).
INFO:src.hipporag.HippoRAG:Encoding 2 queries for query_to_passage.
INFO:src.hipporag.HippoRAG:Encoding 4 queries for query_to_passage.
INFO:src.hipporag.HippoRAG:Encoding 1 queries for query_to_passage.
INFO:src.hipporag.HippoRAG:Encoding 1 queries for query_to_passage.
INFO:src.hipporag.HippoRAG:Encoding 1 queries for query_to_passage.
INFO:src.hipporag.HippoRAG:Encoding 1 queries for query_to_passage.
INFO:src.hipporag.HippoRAG:Encoding 2 queries for query_to_passage.
INFO:src.hipporag.HippoRAG:Encoding 2 queries for query_to_passage.
INFO:src.hipporag.HippoRAG:Encoding 1 queries for query_to_passage.
INFO:src.hipporag.HippoRAG:Encoding 1 queries for query_to_passage.
INFO:src.hipporag.HippoRAG:Encoding 1 queries for query_to_passage.
INFO:src.hipporag.HippoRAG:Encoding 1 queries for query_to_passage.
INFO:src.hipporag.HippoRAG:Encoding 1 queries for query_to_passage.
WARNING:src.hipporag.rerank:Rerank parse failed on attempt 1 for query 'Which county shares a border with the county where the most populous city in the state where armed robbery is a capital crime is located?': Error parsing raw response as candidate selection: Unable to parse structured payload: unterminated string literal (detected at line 2) (<unknown>, line 2).
INFO:src.hipporag.HippoRAG:Encoding 2 queries for query_to_passage.
INFO:src.hipporag.HippoRAG:Encoding 1 queries for query_to_passage.
INFO:src.hipporag.HippoRAG:Encoding 1 queries for query_to_passage.
INFO:src.hipporag.HippoRAG:Encoding 1 queries for query_to_passage.
INFO:src.hipporag.HippoRAG:Encoding 1 queries for query_to_passage.
INFO:src.hipporag.HippoRAG:Encoding 1 queries for query_to_passage.
INFO:src.hipporag.HippoRAG:Encoding 1 queries for query_to_passage.
INFO:src.hipporag.HippoRAG:Encoding 1 queries for query_to_passage.
INFO:src.hipporag.HippoRAG:Encoding 1 queries for query_to_passage.
WARNING:src.hipporag.rerank:Rerank parse failed on attempt 1 for query 'What region is directly north of where Israel and the final destination of export crops is?': Error parsing raw response as candidate selection: Unable to parse structured payload: unterminated string literal (detected at line 2) (<unknown>, line 2).
INFO:src.hipporag.HippoRAG:Encoding 2 queries for query_to_passage.
INFO:src.hipporag.HippoRAG:Encoding 1 queries for query_to_passage.
INFO:src.hipporag.HippoRAG:Encoding 1 queries for query_to_passage.
INFO:src.hipporag.HippoRAG:Encoding 1 queries for query_to_passage.
WARNING:src.hipporag.rerank:Rerank parse failed on attempt 1 for query "Where is the Bridge of Sighs located in the place of death of Sonata pian'e forte's composer?": Error parsing raw response as candidate selection: Unable to parse structured payload: invalid character '—' (U+2014) (<unknown>, line 2).
INFO:src.hipporag.HippoRAG:Encoding 3 queries for query_to_passage.
INFO:src.hipporag.HippoRAG:Encoding 1 queries for query_to_passage.
WARNING:src.hipporag.rerank:Rerank parse failed on attempt 1 for query 'Who many major sports centers are located in where the Yongle Emporer did great who the edict was addressed to?': Error parsing raw response as candidate selection: Unable to parse structured payload: unterminated string literal (detected at line 4) (<unknown>, line 4).
INFO:src.hipporag.HippoRAG:Encoding 2 queries for query_to_passage.
INFO:src.hipporag.HippoRAG:Encoding 1 queries for query_to_passage.
INFO:src.hipporag.HippoRAG:Encoding 1 queries for query_to_passage.
WARNING:src.hipporag.rerank:Rerank parse failed on attempt 1 for query 'What worldwide ranking does the university where Manuel Isaías López was educated hold?': Error parsing raw response as candidate selection: Unable to parse structured payload: unterminated string literal (detected at line 2) (<unknown>, line 2).
INFO:src.hipporag.HippoRAG:Encoding 2 queries for query_to_passage.
INFO:src.hipporag.HippoRAG:Encoding 1 queries for query_to_passage.
WARNING:src.hipporag.rerank:Rerank parse failed on attempt 1 for query 'What is the Arabic dictionary meaning of the word referring to the majority religion in the area of British India, that became India when the country containing': Error parsing raw response as candidate selection: Unable to parse structured payload: unterminated string literal (detected at line 2) (<unknown>, line 2).
INFO:src.hipporag.HippoRAG:Encoding 4 queries for query_to_passage.
INFO:src.hipporag.HippoRAG:Encoding 1 queries for query_to_passage.
INFO:src.hipporag.HippoRAG:Encoding 1 queries for query_to_passage.
INFO:src.hipporag.HippoRAG:Encoding 1 queries for query_to_passage.
INFO:src.hipporag.HippoRAG:Encoding 1 queries for query_to_passage.
WARNING:src.hipporag.rerank:Rerank parse failed on attempt 1 for query 'What river does the system containing Umchabezi River serve as the mouth of?': Error parsing raw response as candidate selection: Unable to parse structured payload: unterminated string literal (detected at line 4) (<unknown>, line 4).
INFO:src.hipporag.HippoRAG:Encoding 2 queries for query_to_passage.
INFO:src.hipporag.HippoRAG:Encoding 1 queries for query_to_passage.
INFO:src.hipporag.HippoRAG:Encoding 1 queries for query_to_passage.
WARNING:src.hipporag.rerank:Rerank parse failed on attempt 1 for query 'What was the original name of the bank that bought FleetBoston Financial?': Error parsing raw response as candidate selection: Unable to parse structured payload: unterminated string literal (detected at line 2) (<unknown>, line 2).
INFO:src.hipporag.HippoRAG:Encoding 2 queries for query_to_passage.
INFO:src.hipporag.HippoRAG:Encoding 1 queries for query_to_passage.
INFO:src.hipporag.HippoRAG:Encoding 1 queries for query_to_passage.
INFO:src.hipporag.HippoRAG:Encoding 2 queries for query_to_passage.
INFO:src.hipporag.HippoRAG:Encoding 1 queries for query_to_passage.
INFO:src.hipporag.HippoRAG:Encoding 2 queries for query_to_passage.
INFO:src.hipporag.HippoRAG:Encoding 1 queries for query_to_passage.
INFO:src.hipporag.HippoRAG:Encoding 1 queries for query_to_passage.
INFO:src.hipporag.HippoRAG:Encoding 1 queries for query_to_passage.
WARNING:src.hipporag.rerank:Rerank parse failed on attempt 1 for query 'Which season was the runner up of the third season of American Idol on?': Error parsing raw response as candidate selection: Unable to parse structured payload: unterminated string literal (detected at line 2) (<unknown>, line 2).
INFO:src.hipporag.HippoRAG:Encoding 2 queries for query_to_passage.
WARNING:src.hipporag.rerank:Rerank parse failed on attempt 1 for query 'Where did the person who sponsored the resolution to reopen trade with Vietnam along with Kerry go to college?': Error parsing raw response as candidate selection: Unable to parse structured payload: unterminated string literal (detected at line 2) (<unknown>, line 2).
INFO:src.hipporag.HippoRAG:Encoding 2 queries for query_to_passage.
WARNING:src.hipporag.rerank:Rerank parse failed on attempt 1 for query 'When was the last time the team Matthew Webb was a member of beat the winner of the 1894-95 FA Cup?': Error parsing raw response as candidate selection: Unable to parse structured payload: unterminated string literal (detected at line 2) (<unknown>, line 2).
INFO:src.hipporag.HippoRAG:Encoding 2 queries for query_to_passage.
INFO:src.hipporag.HippoRAG:Encoding 1 queries for query_to_passage.
WARNING:src.hipporag.rerank:Rerank parse failed on attempt 1 for query 'Who is the president of the newly declared independent country that formed the Timor Leste Commission of Truth and Friendship with the country where Pantar is f': Error parsing raw response as candidate selection: Unable to parse structured payload: unterminated string literal (detected at line 2) (<unknown>, line 2).
INFO:src.hipporag.HippoRAG:Encoding 3 queries for query_to_passage.
INFO:src.hipporag.HippoRAG:Encoding 1 queries for query_to_passage.
INFO:src.hipporag.HippoRAG:Encoding 1 queries for query_to_passage.
WARNING:src.hipporag.rerank:Rerank parse failed on attempt 1 for query 'Who plays the legendary figure featured in Historia Regum Britanniae in the show Once Upon a Time?': Error parsing raw response as candidate selection: Unable to parse structured payload: unterminated string literal (detected at line 2) (<unknown>, line 2).
INFO:src.hipporag.HippoRAG:Encoding 2 queries for query_to_passage.
INFO:src.hipporag.HippoRAG:Encoding 1 queries for query_to_passage.
INFO:src.hipporag.HippoRAG:Encoding 1 queries for query_to_passage.
WARNING:src.hipporag.rerank:Rerank parse failed on attempt 1 for query 'After the period which limited the supply of shellac; Białystok, Przemyśl were returned to what country along with the region they had been given in the Treaty ': Error parsing raw response as candidate selection: Unable to parse structured payload: unterminated string literal (detected at line 2) (<unknown>, line 2).
INFO:src.hipporag.HippoRAG:Encoding 4 queries for query_to_passage.
INFO:src.hipporag.HippoRAG:Encoding 1 queries for query_to_passage.
INFO:src.hipporag.HippoRAG:Encoding 1 queries for query_to_passage.
INFO:src.hipporag.HippoRAG:Encoding 1 queries for query_to_passage.
INFO:src.hipporag.HippoRAG:Encoding 1 queries for query_to_passage.
INFO:src.hipporag.HippoRAG:Encoding 1 queries for query_to_passage.
INFO:src.hipporag.HippoRAG:Encoding 1 queries for query_to_passage.
INFO:src.hipporag.HippoRAG:Encoding 1 queries for query_to_passage.
WARNING:src.hipporag.rerank:Rerank parse failed on attempt 1 for query 'What team is the highest goal scorer in the EPL a member of?': Error parsing raw response as candidate selection: Unable to parse structured payload: unterminated string literal (detected at line 2) (<unknown>, line 2).
INFO:src.hipporag.HippoRAG:Encoding 2 queries for query_to_passage.
INFO:src.hipporag.HippoRAG:Encoding 1 queries for query_to_passage.
WARNING:src.hipporag.rerank:Rerank parse failed on attempt 1 for query 'What two dialects does the /u/ remaining distinct in this form of Catalan include?': Error parsing raw response as candidate selection: Unable to parse structured payload: unterminated string literal (detected at line 2) (<unknown>, line 2).
INFO:src.hipporag.HippoRAG:Encoding 2 queries for query_to_passage.
INFO:src.hipporag.HippoRAG:Encoding 1 queries for query_to_passage.
WARNING:src.hipporag.rerank:Rerank parse failed on attempt 1 for query 'The Unwinding author volunteered for which organisation?': Error parsing raw response as candidate selection: Unable to parse structured payload: unterminated string literal (detected at line 2) (<unknown>, line 2).
INFO:src.hipporag.HippoRAG:Encoding 1 queries for query_to_passage.
WARNING:src.hipporag.rerank:Rerank parse failed on attempt 1 for query 'Who was honored with the award Dhondo Keshav Karve received prior to becoming president of India?': Error parsing raw response as candidate selection: Unable to parse structured payload: unterminated string literal (detected at line 2) (<unknown>, line 2).
INFO:src.hipporag.HippoRAG:Encoding 2 queries for query_to_passage.
INFO:src.hipporag.HippoRAG:Encoding 1 queries for query_to_passage.
WARNING:src.hipporag.rerank:Rerank parse failed on attempt 1 for query 'Who sings home alone tonight with the singer of you can crash my party anytime?': Error parsing raw response as candidate selection: Unable to parse structured payload: unterminated string literal (detected at line 2) (<unknown>, line 2).
INFO:src.hipporag.HippoRAG:Encoding 3 queries for query_to_passage.
WARNING:src.hipporag.rerank:Rerank parse failed on attempt 1 for query 'What is the longest home run hit in the league where the team with the most games in the series after which the MLB MVP is awarded plays?': Error parsing raw response as candidate selection: Unable to parse structured payload: unterminated string literal (detected at line 9) (<unknown>, line 9).
INFO:src.hipporag.HippoRAG:Encoding 3 queries for query_to_passage.
INFO:src.hipporag.HippoRAG:Encoding 1 queries for query_to_passage.
INFO:src.hipporag.HippoRAG:Encoding 1 queries for query_to_passage.
INFO:src.hipporag.HippoRAG:Encoding 1 queries for query_to_passage.
INFO:src.hipporag.HippoRAG:Encoding 1 queries for query_to_passage.
INFO:src.hipporag.HippoRAG:Encoding 1 queries for query_to_passage.
INFO:src.hipporag.HippoRAG:Encoding 1 queries for query_to_passage.
INFO:src.hipporag.HippoRAG:Encoding 1 queries for query_to_passage.
INFO:src.hipporag.HippoRAG:Encoding 1 queries for query_to_passage.
WARNING:src.hipporag.rerank:Rerank parse failed on attempt 1 for query 'Who won the Indy car race in the largest city and capitol of the state where the Changes Two performer is from?': Error parsing raw response as candidate selection: Unable to parse structured payload: unterminated string literal (detected at line 2) (<unknown>, line 2).
INFO:src.hipporag.HippoRAG:Encoding 1 queries for query_to_passage.
INFO:src.hipporag.HippoRAG:Encoding 1 queries for query_to_passage.
WARNING:src.hipporag.rerank:Rerank parse failed on attempt 1 for query 'Who was honoured with the highest award a citizen without military experience in India before becoming a president?': Error parsing raw response as candidate selection: Unable to parse structured payload: unterminated string literal (detected at line 2) (<unknown>, line 2).
INFO:src.hipporag.HippoRAG:Encoding 2 queries for query_to_passage.
INFO:src.hipporag.HippoRAG:Encoding 1 queries for query_to_passage.
WARNING:src.hipporag.rerank:Rerank parse failed on attempt 1 for query "In what country is women's football played in the country where the German chancellor criticized by The Sun held citizenship?": Error parsing raw response as candidate selection: Unable to parse structured payload: invalid syntax. Perhaps you forgot a comma? (<unknown>, line 1).
INFO:src.hipporag.HippoRAG:Encoding 2 queries for query_to_passage.
INFO:src.hipporag.HippoRAG:Encoding 1 queries for query_to_passage.
INFO:src.hipporag.HippoRAG:Encoding 1 queries for query_to_passage.
INFO:src.hipporag.HippoRAG:Encoding 1 queries for query_to_passage.
INFO:src.hipporag.HippoRAG:Encoding 2 queries for query_to_passage.
WARNING:src.hipporag.rerank:Rerank parse failed on attempt 1 for query 'When did the rx 350 model of the luxury division of the company that built Daihatsu boon change body style?': Error parsing raw response as candidate selection: Unable to parse structured payload: unterminated string literal (detected at line 2) (<unknown>, line 2).
INFO:src.hipporag.HippoRAG:Encoding 3 queries for query_to_passage.
INFO:src.hipporag.HippoRAG:Encoding 1 queries for query_to_passage.
INFO:src.hipporag.HippoRAG:Encoding 1 queries for query_to_passage.
INFO:src.hipporag.HippoRAG:Encoding 1 queries for query_to_passage.
INFO:src.hipporag.HippoRAG:Encoding 1 queries for query_to_passage.
INFO:src.hipporag.HippoRAG:Encoding 2 queries for query_to_passage.
INFO:src.hipporag.HippoRAG:Encoding 1 queries for query_to_passage.
INFO:src.hipporag.HippoRAG:Encoding 1 queries for query_to_passage.
INFO:src.hipporag.HippoRAG:Encoding 1 queries for query_to_passage.
INFO:src.hipporag.HippoRAG:Encoding 1 queries for query_to_passage.
WARNING:src.hipporag.rerank:Rerank parse failed on attempt 1 for query 'What is the name of one library that the author of The Canon of Medicine had access to?': Error parsing raw response as candidate selection: Unable to parse structured payload: unterminated string literal (detected at line 2) (<unknown>, line 2).
INFO:src.hipporag.HippoRAG:Encoding 3 queries for query_to_passage.
INFO:src.hipporag.HippoRAG:Encoding 1 queries for query_to_passage.
INFO:src.hipporag.HippoRAG:Encoding 1 queries for query_to_passage.
INFO:src.hipporag.HippoRAG:Encoding 1 queries for query_to_passage.
WARNING:src.hipporag.rerank:Rerank parse failed on attempt 1 for query 'When did the place where the author of Princeps Pastorum died become its own country?': Error parsing raw response as candidate selection: Unable to parse structured payload: unterminated string literal (detected at line 2) (<unknown>, line 2).
INFO:src.hipporag.HippoRAG:Encoding 3 queries for query_to_passage.
INFO:src.hipporag.HippoRAG:Encoding 1 queries for query_to_passage.
INFO:src.hipporag.HippoRAG:Encoding 1 queries for query_to_passage.
INFO:src.hipporag.HippoRAG:Encoding 1 queries for query_to_passage.
WARNING:src.hipporag.rerank:Rerank parse failed on attempt 1 for query 'At the end of what year did the tribes from the place where the Rossen culture is located invade the Roman Empire?': Error parsing raw response as candidate selection: Unable to parse structured payload: unterminated string literal (detected at line 12) (<unknown>, line 12).
INFO:src.hipporag.HippoRAG:Encoding 2 queries for query_to_passage.
INFO:src.hipporag.HippoRAG:Encoding 1 queries for query_to_passage.
INFO:src.hipporag.HippoRAG:Encoding 1 queries for query_to_passage.
INFO:src.hipporag.HippoRAG:Encoding 1 queries for query_to_passage.
WARNING:src.hipporag.rerank:Rerank parse failed on attempt 1 for query 'Which two features were played up by the highest paid person in the world?': Error parsing raw response as candidate selection: Unable to parse structured payload: unterminated string literal (detected at line 2) (<unknown>, line 2).
INFO:src.hipporag.HippoRAG:Encoding 2 queries for query_to_passage.
WARNING:src.hipporag.rerank:Rerank parse failed on attempt 1 for query 'How many times did plague occur in the birth city of the composer of La fida ninfa?': Error parsing raw response as candidate selection: Unable to parse structured payload: unterminated string literal (detected at line 2) (<unknown>, line 2).
INFO:src.hipporag.HippoRAG:Encoding 3 queries for query_to_passage.
INFO:src.hipporag.HippoRAG:Encoding 1 queries for query_to_passage.
INFO:src.hipporag.HippoRAG:Encoding 1 queries for query_to_passage.
INFO:src.hipporag.HippoRAG:Encoding 1 queries for query_to_passage.
WARNING:src.hipporag.rerank:Rerank parse failed on attempt 1 for query 'Who is the president of the newly declared independent country, that established the Timor Leste Commission of Truth and Friendship with the country where the A': Error parsing raw response as candidate selection: Unable to parse structured payload: unterminated string literal (detected at line 2) (<unknown>, line 2).
INFO:src.hipporag.HippoRAG:Encoding 4 queries for query_to_passage.
INFO:src.hipporag.HippoRAG:Encoding 1 queries for query_to_passage.
WARNING:src.hipporag.rerank:Rerank parse failed on attempt 1 for query 'Who won the Indy car race in the largest city and the capital of the state of origin of the performer of A Modern Jazz Symposium of Music and Poetry?': Error parsing raw response as candidate selection: Unable to parse structured payload: unterminated string literal (detected at line 2) (<unknown>, line 2).
INFO:src.hipporag.HippoRAG:Encoding 4 queries for query_to_passage.
INFO:src.hipporag.HippoRAG:Encoding 1 queries for query_to_passage.
WARNING:src.hipporag.rerank:Rerank parse failed on attempt 1 for query 'There is a state A where Storm of the Century was filmed based on the book by the author who wrote a short story featuring the author of This Is My God. What is': Error parsing raw response as candidate selection: Unable to parse structured payload: unterminated string literal (detected at line 2) (<unknown>, line 2).
INFO:src.hipporag.HippoRAG:Encoding 4 queries for query_to_passage.
INFO:src.hipporag.HippoRAG:Encoding 1 queries for query_to_passage.
INFO:src.hipporag.HippoRAG:Encoding 1 queries for query_to_passage.
INFO:src.hipporag.HippoRAG:Encoding 1 queries for query_to_passage.
INFO:src.hipporag.HippoRAG:Encoding 2 queries for query_to_passage.
INFO:src.hipporag.HippoRAG:Encoding 1 queries for query_to_passage.
INFO:src.hipporag.HippoRAG:Encoding 2 queries for query_to_passage.
WARNING:src.hipporag.rerank:Rerank parse failed on attempt 1 for query 'How many parties rule the city where the Yongle emperor greeted the person to whom the edict was addressed?': Error parsing raw response as candidate selection: Unable to parse structured payload: unterminated string literal (detected at line 2) (<unknown>, line 2).
INFO:src.hipporag.HippoRAG:Encoding 3 queries for query_to_passage.
INFO:src.hipporag.HippoRAG:Encoding 1 queries for query_to_passage.
INFO:src.hipporag.HippoRAG:Encoding 2 queries for query_to_passage.
INFO:src.hipporag.HippoRAG:Encoding 1 queries for query_to_passage.
INFO:src.hipporag.HippoRAG:Encoding 1 queries for query_to_passage.
INFO:src.hipporag.HippoRAG:Encoding 1 queries for query_to_passage.
WARNING:src.hipporag.rerank:Rerank parse failed on attempt 1 for query 'What is the place of birth of the person who submitted the first version of the equal rights amendment to congress in 1923?': Error parsing raw response as candidate selection: Unable to parse structured payload: unterminated string literal (detected at line 1) (<unknown>, line 1).
INFO:src.hipporag.HippoRAG:Encoding 2 queries for query_to_passage.
INFO:src.hipporag.HippoRAG:Encoding 1 queries for query_to_passage.
INFO:src.hipporag.HippoRAG:Encoding 1 queries for query_to_passage.
INFO:src.hipporag.HippoRAG:Encoding 1 queries for query_to_passage.
INFO:src.hipporag.HippoRAG:Encoding 2 queries for query_to_passage.
INFO:src.hipporag.HippoRAG:Encoding 1 queries for query_to_passage.
INFO:src.hipporag.HippoRAG:Encoding 1 queries for query_to_passage.
WARNING:src.hipporag.rerank:Rerank parse failed on attempt 1 for query "Where was Osbert Sitwell's sibling educated?": Error parsing raw response as candidate selection: Unable to parse structured payload: unterminated string literal (detected at line 8) (<unknown>, line 8).
INFO:src.hipporag.HippoRAG:Encoding 2 queries for query_to_passage.
INFO:src.hipporag.HippoRAG:Encoding 1 queries for query_to_passage.
WARNING:src.hipporag.rerank:Rerank parse failed on attempt 1 for query "What is the longest home run in the history of the league that Jim Wilson's team is a part of?": Error parsing raw response as candidate selection: Unable to parse structured payload: unterminated string literal (detected at line 4) (<unknown>, line 4).
INFO:src.hipporag.HippoRAG:Encoding 2 queries for query_to_passage.
INFO:src.hipporag.HippoRAG:Encoding 1 queries for query_to_passage.
INFO:src.hipporag.HippoRAG:Encoding 2 queries for query_to_passage.
INFO:src.hipporag.HippoRAG:Encoding 3 queries for query_to_passage.
INFO:src.hipporag.HippoRAG:Encoding 3 queries for query_to_passage.
INFO:src.hipporag.HippoRAG:Encoding 1 queries for query_to_passage.
INFO:src.hipporag.HippoRAG:Encoding 1 queries for query_to_passage.
INFO:src.hipporag.HippoRAG:Encoding 1 queries for query_to_passage.
INFO:src.hipporag.HippoRAG:Encoding 1 queries for query_to_passage.
INFO:src.hipporag.HippoRAG:Encoding 2 queries for query_to_passage.
INFO:src.hipporag.HippoRAG:Encoding 2 queries for query_to_passage.
INFO:src.hipporag.HippoRAG:Encoding 1 queries for query_to_passage.
WARNING:src.hipporag.rerank:Rerank parse failed on attempt 1 for query 'What type of government did North Korea have during the conflict when UN troops approached the Yalu River?': Error parsing raw response as candidate selection: Unable to parse structured payload: unterminated string literal (detected at line 2) (<unknown>, line 2).
INFO:src.hipporag.HippoRAG:Encoding 2 queries for query_to_passage.
INFO:src.hipporag.HippoRAG:Encoding 1 queries for query_to_passage.
WARNING:src.hipporag.rerank:Rerank parse failed on attempt 1 for query "What is the symbol of the Saints from the city that is the location of Blanton's manufacturer's headquarters called?": Error parsing raw response as candidate selection: Unable to parse structured payload: unterminated string literal (detected at line 2) (<unknown>, line 2).
INFO:src.hipporag.HippoRAG:Encoding 2 queries for query_to_passage.
INFO:src.hipporag.HippoRAG:Encoding 1 queries for query_to_passage.
WARNING:src.hipporag.rerank:Rerank parse failed on attempt 1 for query 'What is the average winter daytime temperature in the region where Richmond is found, in the state where WIRR operates?': Error parsing raw response as candidate selection: Unable to parse structured payload: unterminated string literal (detected at line 2) (<unknown>, line 2).
INFO:src.hipporag.HippoRAG:Encoding 3 queries for query_to_passage.
INFO:src.hipporag.HippoRAG:Encoding 1 queries for query_to_passage.
INFO:src.hipporag.HippoRAG:Encoding 1 queries for query_to_passage.
WARNING:src.hipporag.rerank:Rerank parse failed on attempt 1 for query 'Who was in charge in the country that is the natural boundary between the country that hosted the tournament and the country where That Dam is located?': Error parsing raw response as candidate selection: Unable to parse structured payload: unterminated string literal (detected at line 2) (<unknown>, line 2).
INFO:src.hipporag.HippoRAG:Encoding 3 queries for query_to_passage.
INFO:src.hipporag.HippoRAG:Encoding 1 queries for query_to_passage.
INFO:src.hipporag.HippoRAG:Encoding 1 queries for query_to_passage.
INFO:src.hipporag.HippoRAG:Encoding 1 queries for query_to_passage.
INFO:src.hipporag.HippoRAG:Encoding 1 queries for query_to_passage.
WARNING:src.hipporag.rerank:Rerank parse failed on attempt 1 for query "What movement was Vibullia Alcia Agrippina's child a proponent for?": Error parsing raw response as candidate selection: Unable to parse structured payload: unterminated string literal (detected at line 12) (<unknown>, line 12).
INFO:src.hipporag.HippoRAG:Encoding 2 queries for query_to_passage.
INFO:src.hipporag.HippoRAG:Encoding 1 queries for query_to_passage.
INFO:src.hipporag.HippoRAG:Encoding 1 queries for query_to_passage.
WARNING:src.hipporag.rerank:Rerank parse failed on attempt 1 for query "What military overran much of Erich Zakowski's place of birth?": Error parsing raw response as candidate selection: Unable to parse structured payload: unterminated string literal (detected at line 6) (<unknown>, line 6).
INFO:src.hipporag.HippoRAG:Encoding 2 queries for query_to_passage.
INFO:src.hipporag.HippoRAG:Encoding 1 queries for query_to_passage.
WARNING:src.hipporag.rerank:Rerank parse failed on attempt 1 for query 'Who constituted the freikorps in the country that the German Socialist Party was part of?': Error parsing raw response as candidate selection: Unable to parse structured payload: unterminated string literal (detected at line 2) (<unknown>, line 2).
INFO:src.hipporag.HippoRAG:Encoding 2 queries for query_to_passage.
INFO:src.hipporag.HippoRAG:Encoding 1 queries for query_to_passage.
INFO:src.hipporag.HippoRAG:Encoding 1 queries for query_to_passage.
INFO:src.hipporag.HippoRAG:Encoding 1 queries for query_to_passage.
INFO:src.hipporag.HippoRAG:Encoding 1 queries for query_to_passage.
INFO:src.hipporag.HippoRAG:Encoding 1 queries for query_to_passage.
WARNING:src.hipporag.rerank:Rerank parse failed on attempt 1 for query 'When was the performer of So Nice born?': Error parsing raw response as candidate selection: Unable to parse structured payload: unterminated string literal (detected at line 2) (<unknown>, line 2).
INFO:src.hipporag.HippoRAG:Encoding 2 queries for query_to_passage.
WARNING:src.hipporag.rerank:Rerank parse failed on attempt 1 for query 'Who is the spouse of the person who voices Jarvis in the Avengers Age of Ultron?': Error parsing raw response as candidate selection: Unable to parse structured payload: unterminated string literal (detected at line 2) (<unknown>, line 2).
INFO:src.hipporag.HippoRAG:Encoding 2 queries for query_to_passage.
INFO:src.hipporag.HippoRAG:Encoding 1 queries for query_to_passage.
INFO:src.hipporag.HippoRAG:Encoding 1 queries for query_to_passage.
INFO:src.hipporag.HippoRAG:Encoding 1 queries for query_to_passage.
WARNING:src.hipporag.rerank:Rerank parse failed on attempt 1 for query "What years was Aeacides of Epirus's child at war?": Error parsing raw response as candidate selection: Unable to parse structured payload: unterminated string literal (detected at line 6) (<unknown>, line 6).
INFO:src.hipporag.HippoRAG:Encoding 2 queries for query_to_passage.
INFO:src.hipporag.HippoRAG:Encoding 1 queries for query_to_passage.
WARNING:src.hipporag.rerank:Rerank parse failed on attempt 1 for query "Among the top five largest urban areas in the state where Getting Away with Murder's performer was formed, where does city in which Alexander Golitzen died rank": Error parsing raw response as candidate selection: Unable to parse structured payload: unterminated string literal (detected at line 2) (<unknown>, line 2).
INFO:src.hipporag.HippoRAG:Encoding 4 queries for query_to_passage.
INFO:src.hipporag.HippoRAG:Encoding 1 queries for query_to_passage.
INFO:src.hipporag.HippoRAG:Encoding 1 queries for query_to_passage.
INFO:src.hipporag.HippoRAG:Encoding 1 queries for query_to_passage.
INFO:src.hipporag.HippoRAG:Encoding 1 queries for query_to_passage.
INFO:src.hipporag.HippoRAG:Encoding 2 queries for query_to_passage.
WARNING:src.hipporag.rerank:Rerank parse failed on attempt 1 for query 'When did the majority party in the body which approves members of the American Cabinet gain control of the House?': Error parsing raw response as candidate selection: Unable to parse structured payload: unterminated string literal (detected at line 2) (<unknown>, line 2).
INFO:src.hipporag.HippoRAG:Encoding 2 queries for query_to_passage.
INFO:src.hipporag.HippoRAG:Encoding 1 queries for query_to_passage.
WARNING:src.hipporag.rerank:Rerank parse failed on attempt 1 for query 'Who won the Indy car race in the largest populated city in the state where the Pithecanthropus Erectus performer is from?': Error parsing raw response as candidate selection: Unable to parse structured payload: unterminated string literal (detected at line 1) (<unknown>, line 1).
INFO:src.hipporag.HippoRAG:Encoding 1 queries for query_to_passage.
INFO:src.hipporag.HippoRAG:Encoding 2 queries for query_to_passage.
WARNING:src.hipporag.rerank:Rerank parse failed on attempt 1 for query 'What is the three letter abbreviation for the country, which maintains border troops, that claims Bernd Baumgart as a citizen?': Error parsing raw response as candidate selection: Unable to parse structured payload: unterminated string literal (detected at line 2) (<unknown>, line 2).
INFO:src.hipporag.HippoRAG:Encoding 2 queries for query_to_passage.
INFO:src.hipporag.HippoRAG:Encoding 1 queries for query_to_passage.
WARNING:src.hipporag.rerank:Rerank parse failed on attempt 1 for query 'Where do greyhound buses leave from in the city where the performer of Darlings was born?': Error parsing raw response as candidate selection: Unable to parse structured payload: unterminated string literal (detected at line 2) (<unknown>, line 2).
INFO:src.hipporag.HippoRAG:Encoding 2 queries for query_to_passage.
INFO:src.hipporag.HippoRAG:Encoding 1 queries for query_to_passage.
INFO:src.hipporag.HippoRAG:Encoding 1 queries for query_to_passage.
WARNING:src.hipporag.rerank:Rerank parse failed on attempt 1 for query 'What is the name of the castle in the city where the performer of Fall was born?': Error parsing raw response as candidate selection: Unable to parse structured payload: unterminated string literal (detected at line 2) (<unknown>, line 2).
INFO:src.hipporag.HippoRAG:Encoding 2 queries for query_to_passage.
WARNING:src.hipporag.rerank:Rerank parse failed on attempt 1 for query 'What administrative territorial entity contains the place where Mycenae House is located?': Error parsing raw response as candidate selection: Unable to parse structured payload: unterminated string literal (detected at line 2) (<unknown>, line 2).
INFO:src.hipporag.HippoRAG:Encoding 2 queries for query_to_passage.
INFO:src.hipporag.HippoRAG:Encoding 1 queries for query_to_passage.
INFO:src.hipporag.HippoRAG:Encoding 1 queries for query_to_passage.
WARNING:src.hipporag.rerank:Rerank parse failed on attempt 1 for query 'The author of Elizabeth and After attended which university?': Error parsing raw response as candidate selection: Unable to parse structured payload: unterminated string literal (detected at line 2) (<unknown>, line 2).
INFO:src.hipporag.HippoRAG:Encoding 2 queries for query_to_passage.
WARNING:src.hipporag.rerank:Rerank parse failed on attempt 1 for query 'How were the same people who the Somali Muslim Ajuran Empire declared independence from expelled from the natural boundary between Thailand and the country wher': Error parsing raw response as candidate selection: Unable to parse structured payload: unterminated string literal (detected at line 2) (<unknown>, line 2).
INFO:src.hipporag.HippoRAG:Encoding 4 queries for query_to_passage.
INFO:src.hipporag.HippoRAG:Encoding 1 queries for query_to_passage.
INFO:src.hipporag.HippoRAG:Encoding 1 queries for query_to_passage.
INFO:src.hipporag.HippoRAG:Encoding 1 queries for query_to_passage.
INFO:src.hipporag.HippoRAG:Encoding 1 queries for query_to_passage.
INFO:src.hipporag.HippoRAG:Encoding 1 queries for query_to_passage.
INFO:src.hipporag.HippoRAG:Encoding 1 queries for query_to_passage.
WARNING:src.hipporag.rerank:Rerank parse failed on attempt 1 for query "Who's the son of the Italian navigator who explored the eastern coast of the continent where Christian Sánchez was born?": Error parsing raw response as candidate selection: Unable to parse structured payload: unterminated string literal (detected at line 2) (<unknown>, line 2).
INFO:src.hipporag.HippoRAG:Encoding 4 queries for query_to_passage.
INFO:src.hipporag.HippoRAG:Encoding 1 queries for query_to_passage.
INFO:src.hipporag.HippoRAG:Encoding 1 queries for query_to_passage.
INFO:src.hipporag.HippoRAG:Encoding 3 queries for query_to_passage.
INFO:src.hipporag.HippoRAG:Encoding 1 queries for query_to_passage.
INFO:src.hipporag.HippoRAG:Encoding 1 queries for query_to_passage.
WARNING:src.hipporag.rerank:Rerank parse failed on attempt 1 for query "What was the show named after the character featured in the video game Mickey's Safari in Letterland?": Error parsing raw response as candidate selection: Unable to parse structured payload: unterminated string literal (detected at line 4) (<unknown>, line 4).
INFO:src.hipporag.HippoRAG:Encoding 2 queries for query_to_passage.
INFO:src.hipporag.HippoRAG:Encoding 1 queries for query_to_passage.
INFO:src.hipporag.HippoRAG:Encoding 1 queries for query_to_passage.
WARNING:src.hipporag.rerank:Rerank parse failed on attempt 1 for query 'Where was the film The Beach filmed in the country where Ercole Manfredi died?': Error parsing raw response as candidate selection: Unable to parse structured payload: unterminated string literal (detected at line 1) (<unknown>, line 1).
INFO:src.hipporag.HippoRAG:Encoding 4 queries for query_to_passage.
INFO:src.hipporag.HippoRAG:Encoding 1 queries for query_to_passage.
INFO:src.hipporag.HippoRAG:Encoding 2 queries for query_to_passage.
WARNING:src.hipporag.rerank:Rerank parse failed on attempt 1 for query "What is the symbol of the Saints from the headquarters location of Ten High's manufacturer called?": Error parsing raw response as candidate selection: Unable to parse structured payload: unterminated string literal (detected at line 10) (<unknown>, line 10).
INFO:src.hipporag.HippoRAG:Encoding 2 queries for query_to_passage.
INFO:src.hipporag.HippoRAG:Encoding 1 queries for query_to_passage.
INFO:src.hipporag.HippoRAG:Encoding 2 queries for query_to_passage.
INFO:src.hipporag.HippoRAG:Encoding 1 queries for query_to_passage.
INFO:src.hipporag.HippoRAG:Encoding 2 queries for query_to_passage.
INFO:src.hipporag.HippoRAG:Encoding 2 queries for query_to_passage.
WARNING:src.hipporag.rerank:Rerank parse failed on attempt 1 for query "What league does the team that uses Dick's Sporting Goods Park play for?": Error parsing raw response as candidate selection: Unable to parse structured payload: unterminated string literal (detected at line 1) (<unknown>, line 1).
INFO:src.hipporag.HippoRAG:Encoding 2 queries for query_to_passage.
INFO:src.hipporag.HippoRAG:Encoding 1 queries for query_to_passage.
INFO:src.hipporag.HippoRAG:Encoding 1 queries for query_to_passage.
INFO:src.hipporag.HippoRAG:Encoding 1 queries for query_to_passage.
INFO:src.hipporag.HippoRAG:Encoding 1 queries for query_to_passage.
INFO:src.hipporag.HippoRAG:Encoding 1 queries for query_to_passage.
WARNING:src.hipporag.rerank:Rerank parse failed on attempt 1 for query "The band Pathology formed in a city whose urban area ranks where by size among the urban areas of the state where the Still Swingin' song's band formed?": Error parsing raw response as candidate selection: Unable to parse structured payload: invalid syntax. Perhaps you forgot a comma? (<unknown>, line 1).
INFO:src.hipporag.HippoRAG:Encoding 4 queries for query_to_passage.
INFO:src.hipporag.HippoRAG:Encoding 1 queries for query_to_passage.
INFO:src.hipporag.HippoRAG:Encoding 1 queries for query_to_passage.
INFO:src.hipporag.HippoRAG:Encoding 1 queries for query_to_passage.
INFO:src.hipporag.HippoRAG:Encoding 1 queries for query_to_passage.
INFO:src.hipporag.HippoRAG:Encoding 1 queries for query_to_passage.
WARNING:src.hipporag.rerank:Rerank parse failed on attempt 1 for query 'During WW2, who was the leader of the country near the country of citizenship of the writer of The Book Thief?': Error parsing raw response as candidate selection: Unable to parse structured payload: unterminated string literal (detected at line 2) (<unknown>, line 2).
INFO:src.hipporag.HippoRAG:Encoding 2 queries for query_to_passage.
INFO:src.hipporag.HippoRAG:Encoding 1 queries for query_to_passage.
INFO:src.hipporag.HippoRAG:Encoding 1 queries for query_to_passage.
WARNING:src.hipporag.rerank:Rerank parse failed on attempt 1 for query 'What nationality was the notable subjective idealist?': Error parsing raw response as candidate selection: Unable to parse structured payload: invalid syntax (<unknown>, line 1).
INFO:src.hipporag.HippoRAG:Encoding 2 queries for query_to_passage.
INFO:src.hipporag.HippoRAG:Encoding 1 queries for query_to_passage.
INFO:src.hipporag.HippoRAG:Encoding 1 queries for query_to_passage.
INFO:src.hipporag.HippoRAG:Encoding 1 queries for query_to_passage.
WARNING:src.hipporag.rerank:Rerank parse failed on attempt 1 for query "What is the enrollment at Jack Clay's employer?": Error parsing raw response as candidate selection: Unable to parse structured payload: unterminated string literal (detected at line 2) (<unknown>, line 2).
INFO:src.hipporag.HippoRAG:Encoding 2 queries for query_to_passage.
INFO:src.hipporag.HippoRAG:Encoding 1 queries for query_to_passage.
INFO:src.hipporag.HippoRAG:Encoding 1 queries for query_to_passage.
WARNING:src.hipporag.rerank:Rerank parse failed on attempt 1 for query 'How many refugees emigrated to the participant of Battle of Kentish Knock?': Error parsing raw response as candidate selection: Unable to parse structured payload: unterminated string literal (detected at line 1) (<unknown>, line 1).
INFO:src.hipporag.HippoRAG:Encoding 3 queries for query_to_passage.
WARNING:src.hipporag.rerank:Rerank parse failed on attempt 1 for query 'When is Celebrity Big Brother coming to the network which, along with ABC and the network which aired Law of the Plainsman, is the other major broadcaster based': Error parsing raw response as candidate selection: Unable to parse structured payload: unterminated string literal (detected at line 2) (<unknown>, line 2).
INFO:src.hipporag.HippoRAG:Encoding 3 queries for query_to_passage.
INFO:src.hipporag.HippoRAG:Encoding 1 queries for query_to_passage.
INFO:src.hipporag.HippoRAG:Encoding 2 queries for query_to_passage.
INFO:src.hipporag.HippoRAG:Encoding 1 queries for query_to_passage.
INFO:src.hipporag.HippoRAG:Encoding 1 queries for query_to_passage.
INFO:src.hipporag.HippoRAG:Encoding 2 queries for query_to_passage.
INFO:src.hipporag.HippoRAG:Encoding 1 queries for query_to_passage.
WARNING:src.hipporag.rerank:Rerank parse failed on attempt 1 for query "What's the longest homer in the history of the league where the team with the most titles from the event after which they give out the MLB MVP award plays?": Error parsing raw response as candidate selection: Unable to parse structured payload: unterminated string literal (detected at line 2) (<unknown>, line 2).
INFO:src.hipporag.HippoRAG:Encoding 2 queries for query_to_passage.
INFO:src.hipporag.HippoRAG:Encoding 2 queries for query_to_passage.
INFO:src.hipporag.HippoRAG:Encoding 1 queries for query_to_passage.
WARNING:src.hipporag.rerank:Rerank parse failed on attempt 1 for query 'Into what does the river for which Toongabbie Creek serves as the mouth flow?': Error parsing raw response as candidate selection: Unable to parse structured payload: unterminated string literal (detected at line 1) (<unknown>, line 1).
INFO:src.hipporag.HippoRAG:Encoding 2 queries for query_to_passage.
INFO:src.hipporag.HippoRAG:Encoding 1 queries for query_to_passage.
INFO:src.hipporag.HippoRAG:Encoding 1 queries for query_to_passage.
WARNING:src.hipporag.rerank:Rerank parse failed on attempt 1 for query 'When is the next episode of the series that Steven the Sword Fighter is a part of being released?': Error parsing raw response as candidate selection: Unable to parse structured payload: unterminated string literal (detected at line 3) (<unknown>, line 3).
INFO:src.hipporag.HippoRAG:Encoding 2 queries for query_to_passage.
INFO:src.hipporag.HippoRAG:Encoding 1 queries for query_to_passage.
INFO:src.hipporag.HippoRAG:Encoding 1 queries for query_to_passage.
WARNING:src.hipporag.rerank:Rerank parse failed on attempt 1 for query 'What is the meaning of the word also known as the majority religion in the area of British India that became India when the country where Mandeer is located was': Error parsing raw response as candidate selection: Unable to parse structured payload: unterminated string literal (detected at line 10) (<unknown>, line 10).
INFO:src.hipporag.HippoRAG:Encoding 2 queries for query_to_passage.
INFO:src.hipporag.HippoRAG:Encoding 1 queries for query_to_passage.
INFO:src.hipporag.HippoRAG:Encoding 1 queries for query_to_passage.
INFO:src.hipporag.HippoRAG:Encoding 4 queries for query_to_passage.
INFO:src.hipporag.HippoRAG:Encoding 2 queries for query_to_passage.
INFO:src.hipporag.HippoRAG:Encoding 1 queries for query_to_passage.
INFO:src.hipporag.HippoRAG:Encoding 1 queries for query_to_passage.
INFO:src.hipporag.HippoRAG:Encoding 3 queries for query_to_passage.
INFO:src.hipporag.HippoRAG:Encoding 1 queries for query_to_passage.
INFO:src.hipporag.HippoRAG:Encoding 1 queries for query_to_passage.
WARNING:src.hipporag.rerank:Rerank parse failed on attempt 1 for query 'Besides the body of water by the city where Nicolaus Schuback died and the Irish Channel, what else was lowered in the last cold phase?': Error parsing raw response as candidate selection: Unable to parse structured payload: unterminated string literal (detected at line 2) (<unknown>, line 2).
INFO:src.hipporag.HippoRAG:Encoding 4 queries for query_to_passage.
INFO:src.hipporag.HippoRAG:Encoding 1 queries for query_to_passage.
INFO:src.hipporag.HippoRAG:Encoding 1 queries for query_to_passage.
INFO:src.hipporag.HippoRAG:Encoding 1 queries for query_to_passage.
INFO:src.hipporag.HippoRAG:Encoding 1 queries for query_to_passage.
WARNING:src.hipporag.rerank:Rerank parse failed on attempt 1 for query 'What league was the team that Jose Cancela was a member of in?': Error parsing raw response as candidate selection: Unable to parse structured payload: unterminated string literal (detected at line 2) (<unknown>, line 2).
INFO:src.hipporag.HippoRAG:Encoding 2 queries for query_to_passage.
INFO:src.hipporag.HippoRAG:Encoding 1 queries for query_to_passage.
INFO:src.hipporag.HippoRAG:Encoding 1 queries for query_to_passage.
INFO:src.hipporag.HippoRAG:Encoding 1 queries for query_to_passage.
WARNING:src.hipporag.rerank:Rerank parse failed on attempt 1 for query 'Who is the child of the creator of A Distinguished Member of the Humane Society?': Error parsing raw response as candidate selection: Unable to parse structured payload: unterminated string literal (detected at line 2) (<unknown>, line 2).
INFO:src.hipporag.HippoRAG:Encoding 2 queries for query_to_passage.
INFO:src.hipporag.HippoRAG:Encoding 2 queries for query_to_passage.
INFO:src.hipporag.HippoRAG:Encoding 1 queries for query_to_passage.
INFO:src.hipporag.HippoRAG:Encoding 1 queries for query_to_passage.
INFO:src.hipporag.HippoRAG:Encoding 1 queries for query_to_passage.
INFO:src.hipporag.HippoRAG:Encoding 2 queries for query_to_passage.
INFO:src.hipporag.HippoRAG:Encoding 1 queries for query_to_passage.
WARNING:src.hipporag.rerank:Rerank parse failed on attempt 1 for query 'Where are the Ozark Mountains located within the state where Robert Patton worked in May 2014?': Error parsing raw response as candidate selection: Unable to parse structured payload: unterminated string literal (detected at line 2) (<unknown>, line 2).
INFO:src.hipporag.HippoRAG:Encoding 2 queries for query_to_passage.
INFO:src.hipporag.HippoRAG:Encoding 1 queries for query_to_passage.
WARNING:src.hipporag.rerank:Rerank parse failed on attempt 1 for query "When did the Battle at Choo Hoey's birthplace end?": Error parsing raw response as candidate selection: Unable to parse structured payload: unterminated string literal (detected at line 2) (<unknown>, line 2).
INFO:src.hipporag.HippoRAG:Encoding 2 queries for query_to_passage.
INFO:src.hipporag.HippoRAG:Encoding 1 queries for query_to_passage.
WARNING:src.hipporag.rerank:Rerank parse failed on attempt 1 for query 'Who was played by the creator of Push, Nevada in Dazed and Confused?': Error parsing raw response as candidate selection: Unable to parse structured payload: unterminated string literal (detected at line 2) (<unknown>, line 2).
INFO:src.hipporag.HippoRAG:Encoding 2 queries for query_to_passage.
INFO:src.hipporag.HippoRAG:Encoding 1 queries for query_to_passage.
WARNING:src.hipporag.rerank:Rerank parse failed on attempt 1 for query 'What countries found their economic growth in the period young boys were employed in the glass making industries?': Error parsing raw response as candidate selection: Unable to parse structured payload: unterminated string literal (detected at line 2) (<unknown>, line 2).
INFO:src.hipporag.HippoRAG:Encoding 2 queries for query_to_passage.
INFO:src.hipporag.HippoRAG:Encoding 1 queries for query_to_passage.
INFO:src.hipporag.HippoRAG:Encoding 1 queries for query_to_passage.
INFO:src.hipporag.HippoRAG:Encoding 1 queries for query_to_passage.
WARNING:src.hipporag.rerank:Rerank parse failed on attempt 1 for query "What country is between Lithuania and Frederic Chopin's home country?": Error parsing raw response as candidate selection: Unable to parse structured payload: malformed node or string on line 1: <ast.Name object at 0x7f1dce52d2a0>.
INFO:httpx:HTTP Request: POST http://localhost:8043/v1/chat/completions "HTTP/1.1 200 OK"
INFO:src.hipporag.HippoRAG:Encoding 2 queries for query_to_passage.
INFO:src.hipporag.HippoRAG:Encoding 1 queries for query_to_passage.
WARNING:src.hipporag.rerank:Rerank parse failed on attempt 1 for query 'Who in the14th century introduced musical notation used where Jack later participated in a covert mission?': Error parsing raw response as candidate selection: Unable to parse structured payload: unterminated string literal (detected at line 2) (<unknown>, line 2).
INFO:src.hipporag.HippoRAG:Encoding 2 queries for query_to_passage.
INFO:src.hipporag.HippoRAG:Encoding 2 queries for query_to_passage.
WARNING:src.hipporag.rerank:Rerank parse failed on attempt 1 for query 'What is the mascot of the institution that owns Memorial Union?': Error parsing raw response as candidate selection: Unable to parse structured payload: unterminated string literal (detected at line 2) (<unknown>, line 2).
INFO:src.hipporag.HippoRAG:Encoding 2 queries for query_to_passage.
INFO:src.hipporag.HippoRAG:Encoding 1 queries for query_to_passage.
WARNING:src.hipporag.rerank:Rerank parse failed on attempt 1 for query 'What year did the post end of Governor of the city where the author of Quadragesimo Anno died?': Error parsing raw response as candidate selection: Unable to parse structured payload: unterminated string literal (detected at line 2) (<unknown>, line 2).
INFO:src.hipporag.HippoRAG:Encoding 4 queries for query_to_passage.
INFO:src.hipporag.HippoRAG:Encoding 1 queries for query_to_passage.
INFO:src.hipporag.HippoRAG:Encoding 1 queries for query_to_passage.
INFO:src.hipporag.HippoRAG:Encoding 1 queries for query_to_passage.
INFO:src.hipporag.HippoRAG:Encoding 1 queries for query_to_passage.
INFO:src.hipporag.HippoRAG:Encoding 1 queries for query_to_passage.
INFO:src.hipporag.HippoRAG:Encoding 1 queries for query_to_passage.
INFO:src.hipporag.HippoRAG:Encoding 1 queries for query_to_passage.
INFO:src.hipporag.HippoRAG:Encoding 1 queries for query_to_passage.
INFO:src.hipporag.HippoRAG:Encoding 1 queries for query_to_passage.
WARNING:src.hipporag.rerank:Rerank parse failed on attempt 1 for query 'What was the language from which the last name Sylvester originates during the era of the person crowned new Roman emperor in 800 A.D. later known as?': Error parsing raw response as candidate selection: Unable to parse structured payload: unterminated string literal (detected at line 2) (<unknown>, line 2).
INFO:src.hipporag.HippoRAG:Encoding 2 queries for query_to_passage.
INFO:src.hipporag.HippoRAG:Encoding 1 queries for query_to_passage.
INFO:src.hipporag.HippoRAG:Encoding 1 queries for query_to_passage.
INFO:src.hipporag.HippoRAG:Encoding 1 queries for query_to_passage.
INFO:src.hipporag.HippoRAG:Encoding 1 queries for query_to_passage.
INFO:src.hipporag.HippoRAG:Encoding 1 queries for query_to_passage.
WARNING:src.hipporag.rerank:Rerank parse failed on attempt 1 for query 'What is the meaning of the word that is also a majority religion in the area that became India when the country where Masherbrum is located was created in the A': Error parsing raw response as candidate selection: Unable to parse structured payload: unterminated string literal (detected at line 2) (<unknown>, line 2).
INFO:src.hipporag.HippoRAG:Encoding 4 queries for query_to_passage.
INFO:src.hipporag.HippoRAG:Encoding 1 queries for query_to_passage.
INFO:src.hipporag.HippoRAG:Encoding 1 queries for query_to_passage.
INFO:src.hipporag.HippoRAG:Encoding 1 queries for query_to_passage.
INFO:src.hipporag.HippoRAG:Encoding 1 queries for query_to_passage.
INFO:src.hipporag.HippoRAG:Encoding 1 queries for query_to_passage.
INFO:src.hipporag.HippoRAG:Encoding 1 queries for query_to_passage.
INFO:src.hipporag.HippoRAG:Encoding 1 queries for query_to_passage.
INFO:src.hipporag.HippoRAG:Encoding 1 queries for query_to_passage.
INFO:src.hipporag.HippoRAG:Encoding 1 queries for query_to_passage.
INFO:src.hipporag.HippoRAG:Encoding 2 queries for query_to_passage.
WARNING:src.hipporag.rerank:Rerank parse failed on attempt 1 for query 'The German priest, who wanted to reform the religious denomination now the largest in the US, preached a sermon on Marian devotion soon before his death in whic': Error parsing raw response as candidate selection: Unable to parse structured payload: unterminated string literal (detected at line 2) (<unknown>, line 2).
INFO:src.hipporag.HippoRAG:Encoding 3 queries for query_to_passage.
INFO:src.hipporag.HippoRAG:Encoding 1 queries for query_to_passage.
INFO:src.hipporag.HippoRAG:Encoding 1 queries for query_to_passage.
INFO:src.hipporag.HippoRAG:Encoding 1 queries for query_to_passage.
INFO:src.hipporag.HippoRAG:Encoding 1 queries for query_to_passage.
INFO:src.hipporag.HippoRAG:Encoding 1 queries for query_to_passage.
INFO:src.hipporag.HippoRAG:Encoding 3 queries for query_to_passage.
INFO:src.hipporag.HippoRAG:Encoding 1 queries for query_to_passage.
INFO:src.hipporag.HippoRAG:Encoding 1 queries for query_to_passage.
INFO:src.hipporag.HippoRAG:Encoding 1 queries for query_to_passage.
WARNING:src.hipporag.rerank:Rerank parse failed on attempt 1 for query 'Who did the creator of Derech Mitzvosecha follow?': Error parsing raw response as candidate selection: Unable to parse structured payload: unterminated string literal (detected at line 2) (<unknown>, line 2).
INFO:src.hipporag.HippoRAG:Encoding 2 queries for query_to_passage.
INFO:src.hipporag.HippoRAG:Encoding 1 queries for query_to_passage.
WARNING:src.hipporag.rerank:Rerank parse failed on attempt 1 for query "Who is the spouse of the actor who plays Paul in Breakfast at Tiffany's?": Error parsing raw response as candidate selection: Unable to parse structured payload: unterminated string literal (detected at line 2) (<unknown>, line 2).
INFO:src.hipporag.HippoRAG:Encoding 1 queries for query_to_passage.
WARNING:src.hipporag.rerank:Rerank parse failed on attempt 1 for query 'Who is Grant Park, in the largest city by population in the state where WEKL is found, named after?': Error parsing raw response as candidate selection: Unable to parse structured payload: unterminated string literal (detected at line 8) (<unknown>, line 8).
INFO:src.hipporag.HippoRAG:Encoding 2 queries for query_to_passage.
INFO:src.hipporag.HippoRAG:Encoding 1 queries for query_to_passage.
INFO:src.hipporag.HippoRAG:Encoding 1 queries for query_to_passage.
INFO:src.hipporag.HippoRAG:Encoding 1 queries for query_to_passage.
INFO:src.hipporag.HippoRAG:Encoding 1 queries for query_to_passage.
WARNING:src.hipporag.rerank:Rerank parse failed on attempt 1 for query "Who did the original voice for the character whose series Mickey's safari in Letterland is from?": Error parsing raw response as candidate selection: Unable to parse structured payload: unterminated string literal (detected at line 2) (<unknown>, line 2).
INFO:src.hipporag.HippoRAG:Encoding 2 queries for query_to_passage.
INFO:src.hipporag.HippoRAG:Encoding 1 queries for query_to_passage.
INFO:src.hipporag.HippoRAG:Encoding 1 queries for query_to_passage.
WARNING:src.hipporag.rerank:Rerank parse failed on attempt 1 for query 'Who has played for West Ham Ajax and the team from the city where Malcolm Graham died?': Error parsing raw response as candidate selection: Unable to parse structured payload: unterminated string literal (detected at line 2) (<unknown>, line 2).
INFO:src.hipporag.HippoRAG:Encoding 2 queries for query_to_passage.
INFO:src.hipporag.HippoRAG:Encoding 2 queries for query_to_passage.
WARNING:src.hipporag.rerank:Rerank parse failed on attempt 1 for query 'Which county shares a border with the county where the most populous city in the state where WEKL operates is located?': Error parsing raw response as candidate selection: Unable to parse structured payload: unterminated string literal (detected at line 2) (<unknown>, line 2).
INFO:src.hipporag.HippoRAG:Encoding 1 queries for query_to_passage.
INFO:src.hipporag.HippoRAG:Encoding 1 queries for query_to_passage.
INFO:src.hipporag.HippoRAG:Encoding 1 queries for query_to_passage.
INFO:src.hipporag.HippoRAG:Encoding 2 queries for query_to_passage.
WARNING:src.hipporag.rerank:Rerank parse failed on attempt 1 for query 'Where does the body of water by the city where the Lots More Blues, Rags and Hollers performer was formed and the Ohio River meet?': Error parsing raw response as candidate selection: Unable to parse structured payload: unterminated string literal (detected at line 4) (<unknown>, line 4).
INFO:src.hipporag.HippoRAG:Encoding 2 queries for query_to_passage.
INFO:src.hipporag.HippoRAG:Encoding 1 queries for query_to_passage.
INFO:src.hipporag.HippoRAG:Encoding 1 queries for query_to_passage.
WARNING:src.hipporag.rerank:Rerank parse failed on attempt 1 for query 'What other types of theater performance are seen in the city where the Yongle emperor greeted the person to whom the edict was addressed?': Error parsing raw response as candidate selection: Unable to parse structured payload: unterminated string literal (detected at line 2) (<unknown>, line 2).
INFO:src.hipporag.HippoRAG:Encoding 3 queries for query_to_passage.
INFO:src.hipporag.HippoRAG:Encoding 1 queries for query_to_passage.
INFO:src.hipporag.HippoRAG:Encoding 1 queries for query_to_passage.
WARNING:src.hipporag.rerank:Rerank parse failed on attempt 1 for query 'What does the seal stand for in the operator of the list of destroyer classes of the operator of the USS ZigZag seals?': Error parsing raw response as candidate selection: Unable to parse structured payload: unterminated string literal (detected at line 6) (<unknown>, line 6).
INFO:src.hipporag.HippoRAG:Encoding 2 queries for query_to_passage.
WARNING:src.hipporag.rerank:Rerank parse failed on attempt 1 for query "Why did Roncalli leave the place where the composer of Al gran sole carico d'amore worked?": Error parsing raw response as candidate selection: Unable to parse structured payload: unterminated string literal (detected at line 2) (<unknown>, line 2).
INFO:src.hipporag.HippoRAG:Encoding 3 queries for query_to_passage.
INFO:src.hipporag.HippoRAG:Encoding 1 queries for query_to_passage.
WARNING:src.hipporag.rerank:Rerank parse failed on attempt 1 for query 'This cast member in "Search for the Gods" also plays a character in which film?': Error parsing raw response as candidate selection: Unable to parse structured payload: unterminated string literal (detected at line 2) (<unknown>, line 2).
INFO:src.hipporag.HippoRAG:Encoding 2 queries for query_to_passage.
INFO:src.hipporag.HippoRAG:Encoding 1 queries for query_to_passage.
INFO:src.hipporag.HippoRAG:Encoding 2 queries for query_to_passage.
INFO:src.hipporag.HippoRAG:Encoding 1 queries for query_to_passage.
INFO:src.hipporag.HippoRAG:Encoding 2 queries for query_to_passage.
INFO:src.hipporag.HippoRAG:Encoding 1 queries for query_to_passage.
INFO:src.hipporag.HippoRAG:Encoding 1 queries for query_to_passage.
INFO:src.hipporag.HippoRAG:Encoding 1 queries for query_to_passage.
WARNING:src.hipporag.rerank:Rerank parse failed on attempt 1 for query 'What is the longest win streak, in the history of the league, that includes the team with the most titles, from the event preceding the awarding of the MLB MVP?': Error parsing raw response as candidate selection: Unable to parse structured payload: unterminated string literal (detected at line 2) (<unknown>, line 2).
INFO:src.hipporag.HippoRAG:Encoding 3 queries for query_to_passage.
INFO:src.hipporag.HippoRAG:Encoding 1 queries for query_to_passage.
INFO:src.hipporag.HippoRAG:Encoding 1 queries for query_to_passage.
INFO:src.hipporag.HippoRAG:Encoding 1 queries for query_to_passage.
INFO:src.hipporag.HippoRAG:Encoding 1 queries for query_to_passage.
INFO:src.hipporag.HippoRAG:Encoding 1 queries for query_to_passage.
WARNING:src.hipporag.rerank:Rerank parse failed on attempt 1 for query 'Who does the narrator on How I Met Your Mother end up with?': Error parsing raw response as candidate selection: Unable to parse structured payload: unterminated string literal (detected at line 2) (<unknown>, line 2).
INFO:src.hipporag.HippoRAG:Encoding 2 queries for query_to_passage.
INFO:src.hipporag.HippoRAG:Encoding 1 queries for query_to_passage.
INFO:src.hipporag.HippoRAG:Encoding 1 queries for query_to_passage.
INFO:src.hipporag.HippoRAG:Encoding 1 queries for query_to_passage.
INFO:src.hipporag.HippoRAG:Encoding 1 queries for query_to_passage.
INFO:src.hipporag.HippoRAG:Encoding 1 queries for query_to_passage.
INFO:src.hipporag.HippoRAG:Encoding 2 queries for query_to_passage.
WARNING:src.hipporag.rerank:Rerank parse failed on attempt 1 for query 'In what year was Twilight Princess from the game series on which The Legend of Neil was based originally planned for release?': Error parsing raw response as candidate selection: Unable to parse structured payload: unterminated string literal (detected at line 12) (<unknown>, line 12).
INFO:src.hipporag.HippoRAG:Encoding 2 queries for query_to_passage.
INFO:src.hipporag.HippoRAG:Encoding 1 queries for query_to_passage.
INFO:src.hipporag.HippoRAG:Encoding 1 queries for query_to_passage.
WARNING:src.hipporag.rerank:Rerank parse failed on attempt 1 for query "When did the country, that has the original language of the film named after Vladimir Karalić's birthplace as a co-official language, first attend the Olympics ": Error parsing raw response as candidate selection: Unable to parse structured payload: unterminated string literal (detected at line 10) (<unknown>, line 10).
INFO:src.hipporag.HippoRAG:Encoding 3 queries for query_to_passage.
INFO:src.hipporag.HippoRAG:Encoding 1 queries for query_to_passage.
INFO:src.hipporag.HippoRAG:Encoding 1 queries for query_to_passage.
WARNING:src.hipporag.rerank:Rerank parse failed on attempt 1 for query 'When did the team that John Surtees is a member of, the owner of Scion, and Nissan open US assembly plants?': Error parsing raw response as candidate selection: Unable to parse structured payload: unterminated string literal (detected at line 2) (<unknown>, line 2).
INFO:src.hipporag.HippoRAG:Encoding 4 queries for query_to_passage.
INFO:src.hipporag.HippoRAG:Encoding 1 queries for query_to_passage.
INFO:src.hipporag.HippoRAG:Encoding 1 queries for query_to_passage.
INFO:src.hipporag.HippoRAG:Encoding 1 queries for query_to_passage.
INFO:src.hipporag.HippoRAG:Encoding 2 queries for query_to_passage.
INFO:src.hipporag.HippoRAG:Encoding 1 queries for query_to_passage.
INFO:src.hipporag.HippoRAG:Encoding 1 queries for query_to_passage.
INFO:src.hipporag.HippoRAG:Encoding 1 queries for query_to_passage.
WARNING:src.hipporag.rerank:Rerank parse failed on attempt 1 for query 'Who is the spouse of the actor who played Zeb in How the West was Won?': Error parsing raw response as candidate selection: Unable to parse structured payload: unterminated string literal (detected at line 2) (<unknown>, line 2).
INFO:src.hipporag.HippoRAG:Encoding 1 queries for query_to_passage.
INFO:src.hipporag.HippoRAG:Encoding 1 queries for query_to_passage.
WARNING:src.hipporag.rerank:Rerank parse failed on attempt 1 for query 'Who wrote a book about growing up in the same nationality as the man who produced The Wild Women of Chastity Gulch?': Error parsing raw response as candidate selection: Unable to parse structured payload: unterminated string literal (detected at line 2) (<unknown>, line 2).
INFO:src.hipporag.HippoRAG:Encoding 2 queries for query_to_passage.
INFO:src.hipporag.HippoRAG:Encoding 1 queries for query_to_passage.
WARNING:src.hipporag.rerank:Rerank parse failed on attempt 1 for query "What is the name of the experimental satellite that was the forerunner to the communication satellite of IRS-P3's operator?": Error parsing raw response as candidate selection: Unable to parse structured payload: unterminated string literal (detected at line 16) (<unknown>, line 16).
INFO:src.hipporag.HippoRAG:Encoding 2 queries for query_to_passage.
INFO:src.hipporag.HippoRAG:Encoding 1 queries for query_to_passage.
INFO:src.hipporag.HippoRAG:Encoding 3 queries for query_to_passage.
WARNING:src.hipporag.rerank:Rerank parse failed on attempt 1 for query "In what region of the country containing Hạ Hòa is John Phan's birthplace found?": Error parsing raw response as candidate selection: Unable to parse structured payload: unterminated string literal (detected at line 2) (<unknown>, line 2).
INFO:src.hipporag.HippoRAG:Encoding 3 queries for query_to_passage.
INFO:src.hipporag.HippoRAG:Encoding 1 queries for query_to_passage.
INFO:src.hipporag.HippoRAG:Encoding 2 queries for query_to_passage.
WARNING:src.hipporag.rerank:Rerank parse failed on attempt 1 for query 'What does the acronym of the organization that said there is no historical connection to association football with any other game outside of Europe stand for?': Error parsing raw response as candidate selection: Unable to parse structured payload: unterminated string literal (detected at line 1) (<unknown>, line 1).
INFO:src.hipporag.HippoRAG:Encoding 2 queries for query_to_passage.
INFO:src.hipporag.HippoRAG:Encoding 2 queries for query_to_passage.
WARNING:src.hipporag.rerank:Rerank parse failed on attempt 1 for query 'What treaty ceded territory to the US extending west to the body of water by the city where the designer of Southeast Library died?': Error parsing raw response as candidate selection: Unable to parse structured payload: unterminated string literal (detected at line 2) (<unknown>, line 2).
INFO:src.hipporag.HippoRAG:Encoding 3 queries for query_to_passage.
INFO:src.hipporag.HippoRAG:Encoding 1 queries for query_to_passage.
INFO:src.hipporag.HippoRAG:Encoding 1 queries for query_to_passage.
WARNING:src.hipporag.rerank:Rerank parse failed on attempt 1 for query 'Common Sense which was written by the author of The Age of Reason was an important work because?': Error parsing raw response as candidate selection: Unable to parse structured payload: unterminated string literal (detected at line 2) (<unknown>, line 2).
INFO:src.hipporag.HippoRAG:Encoding 2 queries for query_to_passage.
INFO:src.hipporag.HippoRAG:Encoding 1 queries for query_to_passage.
INFO:src.hipporag.HippoRAG:Encoding 1 queries for query_to_passage.
WARNING:src.hipporag.rerank:Rerank parse failed on attempt 1 for query 'What shares a border with the city where the person who went to the state where most billionaires in America live during the gold rush works?': Error parsing raw response as candidate selection: Unable to parse structured payload: unterminated string literal (detected at line 2) (<unknown>, line 2).
INFO:src.hipporag.HippoRAG:Encoding 4 queries for query_to_passage.
INFO:src.hipporag.HippoRAG:Encoding 1 queries for query_to_passage.
INFO:src.hipporag.HippoRAG:Encoding 1 queries for query_to_passage.
INFO:src.hipporag.HippoRAG:Encoding 1 queries for query_to_passage.
INFO:src.hipporag.HippoRAG:Encoding 1 queries for query_to_passage.
INFO:src.hipporag.HippoRAG:Encoding 1 queries for query_to_passage.
INFO:src.hipporag.HippoRAG:Encoding 1 queries for query_to_passage.
INFO:src.hipporag.HippoRAG:Encoding 1 queries for query_to_passage.
INFO:src.hipporag.HippoRAG:Encoding 1 queries for query_to_passage.
INFO:src.hipporag.HippoRAG:Encoding 1 queries for query_to_passage.
INFO:src.hipporag.HippoRAG:Encoding 1 queries for query_to_passage.
WARNING:src.hipporag.rerank:Rerank parse failed on attempt 1 for query 'Who is the child of the first person who gave in person state of the union?': Error parsing raw response as candidate selection: Unable to parse structured payload: unterminated string literal (detected at line 2) (<unknown>, line 2).
INFO:src.hipporag.HippoRAG:Encoding 2 queries for query_to_passage.
INFO:src.hipporag.HippoRAG:Encoding 1 queries for query_to_passage.
WARNING:src.hipporag.rerank:Rerank parse failed on attempt 1 for query 'What was the overwhelming ethnic majority in the city where the Yongle emperor greeted the person to whom the edict was addressed?': Error parsing raw response as candidate selection: Unable to parse structured payload: unterminated string literal (detected at line 2) (<unknown>, line 2).
INFO:src.hipporag.HippoRAG:Encoding 2 queries for query_to_passage.
INFO:src.hipporag.HippoRAG:Encoding 1 queries for query_to_passage.
INFO:src.hipporag.HippoRAG:Encoding 1 queries for query_to_passage.
WARNING:src.hipporag.rerank:Rerank parse failed on attempt 1 for query "What were the Genesis's advantages over the console whose three letter abbreviation stood for the full console name and also featured the game Yoshi?": Error parsing raw response as candidate selection: Unable to parse structured payload: unterminated string literal (detected at line 2) (<unknown>, line 2).
INFO:src.hipporag.HippoRAG:Encoding 2 queries for query_to_passage.
INFO:src.hipporag.HippoRAG:Encoding 1 queries for query_to_passage.
INFO:src.hipporag.HippoRAG:Encoding 1 queries for query_to_passage.
INFO:src.hipporag.HippoRAG:Encoding 1 queries for query_to_passage.
INFO:src.hipporag.HippoRAG:Encoding 1 queries for query_to_passage.
INFO:src.hipporag.HippoRAG:Encoding 2 queries for query_to_passage.
INFO:src.hipporag.HippoRAG:Encoding 1 queries for query_to_passage.
INFO:src.hipporag.HippoRAG:Encoding 3 queries for query_to_passage.
INFO:src.hipporag.HippoRAG:Encoding 2 queries for query_to_passage.
INFO:src.hipporag.HippoRAG:Encoding 2 queries for query_to_passage.
INFO:src.hipporag.HippoRAG:Encoding 1 queries for query_to_passage.
INFO:src.hipporag.HippoRAG:Encoding 1 queries for query_to_passage.
INFO:src.hipporag.HippoRAG:Encoding 1 queries for query_to_passage.
INFO:src.hipporag.HippoRAG:Encoding 3 queries for query_to_passage.
INFO:src.hipporag.HippoRAG:Encoding 2 queries for query_to_passage.
INFO:src.hipporag.HippoRAG:Encoding 1 queries for query_to_passage.
INFO:src.hipporag.HippoRAG:Encoding 1 queries for query_to_passage.
INFO:src.hipporag.HippoRAG:Encoding 2 queries for query_to_passage.
INFO:src.hipporag.HippoRAG:Encoding 1 queries for query_to_passage.
INFO:src.hipporag.HippoRAG:Encoding 1 queries for query_to_passage.
INFO:src.hipporag.HippoRAG:Encoding 1 queries for query_to_passage.
INFO:src.hipporag.HippoRAG:Encoding 2 queries for query_to_passage.
INFO:src.hipporag.HippoRAG:Encoding 1 queries for query_to_passage.
INFO:src.hipporag.HippoRAG:Encoding 1 queries for query_to_passage.
WARNING:src.hipporag.rerank:Rerank parse failed on attempt 1 for query 'What tribe did the wife of the person who first brought postal service to Umayyad lands belong to?': Error parsing raw response as candidate selection: Unable to parse structured payload: unterminated string literal (detected at line 2) (<unknown>, line 2).
INFO:src.hipporag.HippoRAG:Encoding 3 queries for query_to_passage.
INFO:src.hipporag.HippoRAG:Encoding 1 queries for query_to_passage.
INFO:src.hipporag.HippoRAG:Encoding 1 queries for query_to_passage.
INFO:src.hipporag.HippoRAG:Encoding 2 queries for query_to_passage.
INFO:src.hipporag.HippoRAG:Encoding 1 queries for query_to_passage.
WARNING:src.hipporag.rerank:Rerank parse failed on attempt 1 for query "Who wrote Turn Me On by the performer who also did Sinkin' Soon?": Error parsing raw response as candidate selection: Unable to parse structured payload: unterminated string literal (detected at line 2) (<unknown>, line 2).
INFO:src.hipporag.HippoRAG:Encoding 1 queries for query_to_passage.
INFO:src.hipporag.HippoRAG:Encoding 1 queries for query_to_passage.
INFO:src.hipporag.HippoRAG:Encoding 2 queries for query_to_passage.
INFO:src.hipporag.HippoRAG:Encoding 1 queries for query_to_passage.
INFO:src.hipporag.HippoRAG:Encoding 1 queries for query_to_passage.
INFO:src.hipporag.HippoRAG:Encoding 2 queries for query_to_passage.
WARNING:src.hipporag.rerank:Rerank parse failed on attempt 1 for query "Who is the wife of the actor of Grace's boyfriend in Frankie and Grace?": Error parsing raw response as candidate selection: Unable to parse structured payload: unterminated string literal (detected at line 6) (<unknown>, line 6).
INFO:src.hipporag.HippoRAG:Encoding 3 queries for query_to_passage.
WARNING:src.hipporag.rerank:Rerank parse failed on attempt 1 for query "When did the birthplace of Ah Via Musicom's performer become the capital of the state Knowles is from?": Error parsing raw response as candidate selection: Unable to parse structured payload: unterminated string literal (detected at line 4) (<unknown>, line 4).
INFO:src.hipporag.HippoRAG:Encoding 2 queries for query_to_passage.
INFO:src.hipporag.HippoRAG:Encoding 1 queries for query_to_passage.
INFO:src.hipporag.HippoRAG:Encoding 1 queries for query_to_passage.
INFO:src.hipporag.HippoRAG:Encoding 1 queries for query_to_passage.
INFO:src.hipporag.HippoRAG:Encoding 1 queries for query_to_passage.
WARNING:src.hipporag.rerank:Rerank parse failed on attempt 1 for query 'who did the performer of Sings America play on young and restless?': Error parsing raw response as candidate selection: Unable to parse structured payload: unterminated string literal (detected at line 2) (<unknown>, line 2).
INFO:src.hipporag.HippoRAG:Encoding 3 queries for query_to_passage.
INFO:src.hipporag.HippoRAG:Encoding 1 queries for query_to_passage.
WARNING:src.hipporag.rerank:Rerank parse failed on attempt 1 for query 'What song did Paul McCartney write for the person who performed Too Late for Goodbyes?': Error parsing raw response as candidate selection: Unable to parse structured payload: unterminated string literal (detected at line 2) (<unknown>, line 2).
INFO:src.hipporag.HippoRAG:Encoding 2 queries for query_to_passage.
INFO:src.hipporag.HippoRAG:Encoding 3 queries for query_to_passage.
INFO:src.hipporag.HippoRAG:Encoding 1 queries for query_to_passage.
INFO:src.hipporag.HippoRAG:Encoding 2 queries for query_to_passage.
INFO:src.hipporag.HippoRAG:Encoding 1 queries for query_to_passage.
WARNING:src.hipporag.rerank:Rerank parse failed on attempt 1 for query 'Who is president of the newly declared independent country that is part of the Commission of Truth and Friendship with the country where Opor originated?': Error parsing raw response as candidate selection: Unable to parse structured payload: unterminated string literal (detected at line 10) (<unknown>, line 10).
INFO:src.hipporag.HippoRAG:Encoding 2 queries for query_to_passage.
INFO:src.hipporag.HippoRAG:Encoding 1 queries for query_to_passage.
INFO:src.hipporag.HippoRAG:Encoding 1 queries for query_to_passage.
WARNING:src.hipporag.rerank:Rerank parse failed on attempt 1 for query 'In what region of the country containing the district of A Lưới is the city that has the Zone 5 Military Museum located?': Error parsing raw response as candidate selection: Unable to parse structured payload: invalid syntax (<unknown>, line 1).
INFO:src.hipporag.HippoRAG:Encoding 4 queries for query_to_passage.
INFO:src.hipporag.HippoRAG:Encoding 1 queries for query_to_passage.
WARNING:src.hipporag.rerank:Rerank parse failed on attempt 1 for query 'New coins by the Somali Muslim Ajuran Empire were a proclamation of independence from a nation. How were the people of that nation expelled from country that bo': Error parsing raw response as candidate selection: Unable to parse structured payload: unterminated string literal (detected at line 2) (<unknown>, line 2).
INFO:src.hipporag.HippoRAG:Encoding 3 queries for query_to_passage.
INFO:src.hipporag.HippoRAG:Encoding 1 queries for query_to_passage.
INFO:src.hipporag.HippoRAG:Encoding 1 queries for query_to_passage.
INFO:src.hipporag.HippoRAG:Encoding 1 queries for query_to_passage.
WARNING:src.hipporag.rerank:Rerank parse failed on attempt 1 for query 'When was the country established that lies immediately north of the Persian Gulf and the region where the country containing Urim is located?': Error parsing raw response as candidate selection: Unable to parse structured payload: unterminated string literal (detected at line 2) (<unknown>, line 2).
INFO:src.hipporag.HippoRAG:Encoding 4 queries for query_to_passage.
INFO:src.hipporag.HippoRAG:Encoding 1 queries for query_to_passage.
INFO:src.hipporag.HippoRAG:Encoding 1 queries for query_to_passage.
INFO:src.hipporag.HippoRAG:Encoding 1 queries for query_to_passage.
INFO:src.hipporag.HippoRAG:Encoding 1 queries for query_to_passage.
INFO:src.hipporag.HippoRAG:Encoding 1 queries for query_to_passage.
INFO:src.hipporag.HippoRAG:Encoding 1 queries for query_to_passage.
INFO:src.hipporag.HippoRAG:Encoding 1 queries for query_to_passage.
INFO:src.hipporag.HippoRAG:Encoding 1 queries for query_to_passage.
INFO:src.hipporag.HippoRAG:Encoding 1 queries for query_to_passage.
INFO:src.hipporag.HippoRAG:Encoding 1 queries for query_to_passage.
INFO:src.hipporag.HippoRAG:Encoding 2 queries for query_to_passage.
INFO:src.hipporag.HippoRAG:Encoding 1 queries for query_to_passage.
WARNING:src.hipporag.rerank:Rerank parse failed on attempt 1 for query 'What is the average winter daytime temperature in the region containing Richmond, in the state where WXBX is located?': Error parsing raw response as candidate selection: Unable to parse structured payload: unterminated string literal (detected at line 2) (<unknown>, line 2).
INFO:src.hipporag.HippoRAG:Encoding 3 queries for query_to_passage.
INFO:src.hipporag.HippoRAG:Encoding 1 queries for query_to_passage.
INFO:src.hipporag.HippoRAG:Encoding 1 queries for query_to_passage.
INFO:src.hipporag.HippoRAG:Encoding 1 queries for query_to_passage.
INFO:src.hipporag.HippoRAG:Encoding 1 queries for query_to_passage.
INFO:src.hipporag.HippoRAG:Encoding 1 queries for query_to_passage.
INFO:src.hipporag.HippoRAG:Encoding 1 queries for query_to_passage.
WARNING:src.hipporag.rerank:Rerank parse failed on attempt 1 for query "What record label does the spouse of the performer of Somethin' Bad belong to?": Error parsing raw response as candidate selection: Unable to parse structured payload: unterminated string literal (detected at line 2) (<unknown>, line 2).
INFO:src.hipporag.HippoRAG:Encoding 3 queries for query_to_passage.
INFO:src.hipporag.HippoRAG:Encoding 2 queries for query_to_passage.
WARNING:src.hipporag.rerank:Rerank parse failed on attempt 1 for query 'Who did the star of Dark Hazard play in The Ten Commandments?': Error parsing raw response as candidate selection: Unable to parse structured payload: unterminated string literal (detected at line 2) (<unknown>, line 2).
INFO:src.hipporag.HippoRAG:Encoding 3 queries for query_to_passage.
WARNING:src.hipporag.rerank:Rerank parse failed on attempt 1 for query 'Who is the mother of the composer of Jag tror på sommaren?': Error parsing raw response as candidate selection: Unable to parse structured payload: unterminated string literal (detected at line 2) (<unknown>, line 2).
INFO:src.hipporag.HippoRAG:Encoding 2 queries for query_to_passage.
INFO:src.hipporag.HippoRAG:Encoding 1 queries for query_to_passage.
WARNING:src.hipporag.rerank:Rerank parse failed on attempt 1 for query "When did the city that headquarters the manufacturer of McAfee's benchmark elect its first black Mayor?": Error parsing raw response as candidate selection: Unable to parse structured payload: unterminated string literal (detected at line 2) (<unknown>, line 2).
INFO:src.hipporag.HippoRAG:Encoding 3 queries for query_to_passage.
INFO:src.hipporag.HippoRAG:Encoding 1 queries for query_to_passage.
INFO:src.hipporag.HippoRAG:Encoding 1 queries for query_to_passage.
INFO:src.hipporag.HippoRAG:Encoding 1 queries for query_to_passage.
WARNING:src.hipporag.rerank:Rerank parse failed on attempt 1 for query "What song did Paul McCartney write for Sean Lennon's siblings?": Error parsing raw response as candidate selection: Unable to parse structured payload: unterminated string literal (detected at line 4) (<unknown>, line 4).
INFO:src.hipporag.HippoRAG:Encoding 2 queries for query_to_passage.
INFO:src.hipporag.HippoRAG:Encoding 1 queries for query_to_passage.
WARNING:src.hipporag.rerank:Rerank parse failed on attempt 1 for query 'How were the same people who the Somali Muslim Ajuran Empire declared independence from expelled from the natural boundary between Thailand and the country wher': Error parsing raw response as candidate selection: Unable to parse structured payload: unterminated string literal (detected at line 2) (<unknown>, line 2).
INFO:src.hipporag.HippoRAG:Encoding 3 queries for query_to_passage.
INFO:src.hipporag.HippoRAG:Encoding 1 queries for query_to_passage.
INFO:src.hipporag.HippoRAG:Encoding 1 queries for query_to_passage.
INFO:src.hipporag.HippoRAG:Encoding 1 queries for query_to_passage.
WARNING:src.hipporag.rerank:Rerank parse failed on attempt 1 for query "What is the name of the child of the Italian navigator who sailed for England and explored the east coast of the continent Francisco Vázquez' birthplace is loca": Error parsing raw response as candidate selection: Unable to parse structured payload: unterminated string literal (detected at line 17) (<unknown>, line 17).
INFO:src.hipporag.HippoRAG:Encoding 3 queries for query_to_passage.
INFO:src.hipporag.HippoRAG:Encoding 1 queries for query_to_passage.
INFO:src.hipporag.HippoRAG:Encoding 1 queries for query_to_passage.
INFO:src.hipporag.HippoRAG:Encoding 1 queries for query_to_passage.
INFO:src.hipporag.HippoRAG:Encoding 1 queries for query_to_passage.
INFO:src.hipporag.HippoRAG:Encoding 1 queries for query_to_passage.
INFO:src.hipporag.HippoRAG:Encoding 1 queries for query_to_passage.
INFO:src.hipporag.HippoRAG:Encoding 1 queries for query_to_passage.
INFO:src.hipporag.HippoRAG:Encoding 1 queries for query_to_passage.
WARNING:src.hipporag.rerank:Rerank parse failed on attempt 1 for query 'What does the U.S. believe caused the country Beatrice Heuser was born to help Japan?': Error parsing raw response as candidate selection: Unable to parse structured payload: unterminated string literal (detected at line 2) (<unknown>, line 2).
INFO:src.hipporag.HippoRAG:Encoding 2 queries for query_to_passage.
INFO:src.hipporag.HippoRAG:Encoding 1 queries for query_to_passage.
WARNING:src.hipporag.rerank:Rerank parse failed on attempt 1 for query 'What forced the departure from the country responsible for Phoe Pyonn Cho of the people once defied by new coinage?': Error parsing raw response as candidate selection: Unable to parse structured payload: invalid character '–' (U+2013) (<unknown>, line 6).
INFO:src.hipporag.HippoRAG:Encoding 2 queries for query_to_passage.
INFO:src.hipporag.HippoRAG:Encoding 1 queries for query_to_passage.
WARNING:src.hipporag.rerank:Rerank parse failed on attempt 1 for query 'Who was the mayor of New York during the time when the US had its highest unemployment rate?': Error parsing raw response as candidate selection: Unable to parse structured payload: unterminated string literal (detected at line 2) (<unknown>, line 2).
INFO:src.hipporag.HippoRAG:Encoding 3 queries for query_to_passage.
WARNING:src.hipporag.rerank:Rerank parse failed on attempt 1 for query 'What did the singer of "Moon River" in the movie Breakfast at Tiffany win a Tony for?': Error parsing raw response as candidate selection: Unable to parse structured payload: unterminated string literal (detected at line 2) (<unknown>, line 2).
INFO:src.hipporag.HippoRAG:Encoding 2 queries for query_to_passage.
WARNING:src.hipporag.rerank:Rerank parse failed on attempt 1 for query 'Who employs the author of "Ravenswood: The Steelworkers\' Victory and the Revival of American Labor"?': Error parsing raw response as candidate selection: Unable to parse structured payload: unterminated string literal (detected at line 2) (<unknown>, line 2).
INFO:src.hipporag.HippoRAG:Encoding 2 queries for query_to_passage.
INFO:src.hipporag.HippoRAG:Encoding 1 queries for query_to_passage.
INFO:src.hipporag.HippoRAG:Encoding 2 queries for query_to_passage.
INFO:src.hipporag.HippoRAG:Encoding 1 queries for query_to_passage.
INFO:src.hipporag.HippoRAG:Encoding 1 queries for query_to_passage.
WARNING:src.hipporag.rerank:Rerank parse failed on attempt 1 for query 'Where is the origin of the river that Orlam clans crossed to migrate to Namibia?': Error parsing raw response as candidate selection: Unable to parse structured payload: unterminated string literal (detected at line 2) (<unknown>, line 2).
INFO:src.hipporag.HippoRAG:Encoding 1 queries for query_to_passage.
WARNING:src.hipporag.rerank:Rerank parse failed on attempt 1 for query "who played who sang is she really going out with him in the who sang she's out of my life movie?": Error parsing raw response as candidate selection: Unable to parse structured payload: unterminated string literal (detected at line 2) (<unknown>, line 2).
INFO:src.hipporag.HippoRAG:Encoding 2 queries for query_to_passage.
WARNING:src.hipporag.rerank:Rerank parse failed on attempt 1 for query 'Which city of the sea linked to another sea that Theodoric was trying to gain access to by attacking Narbo Martius was the main port of Axum?': Error parsing raw response as candidate selection: Unable to parse structured payload: unterminated string literal (detected at line 2) (<unknown>, line 2).
INFO:src.hipporag.HippoRAG:Encoding 3 queries for query_to_passage.
INFO:src.hipporag.HippoRAG:Encoding 1 queries for query_to_passage.
INFO:src.hipporag.HippoRAG:Encoding 1 queries for query_to_passage.
INFO:src.hipporag.HippoRAG:Encoding 1 queries for query_to_passage.
INFO:src.hipporag.HippoRAG:Encoding 1 queries for query_to_passage.
INFO:src.hipporag.HippoRAG:Encoding 1 queries for query_to_passage.
WARNING:src.hipporag.rerank:Rerank parse failed on attempt 1 for query 'Who is the owner of the record label of the guitarist who performed on the Top Gun theme?': Error parsing raw response as candidate selection: Unable to parse structured payload: unterminated string literal (detected at line 2) (<unknown>, line 2).
INFO:src.hipporag.HippoRAG:Encoding 3 queries for query_to_passage.
INFO:src.hipporag.HippoRAG:Encoding 1 queries for query_to_passage.
INFO:src.hipporag.HippoRAG:Encoding 2 queries for query_to_passage.
INFO:src.hipporag.HippoRAG:Encoding 1 queries for query_to_passage.
INFO:src.hipporag.HippoRAG:Encoding 1 queries for query_to_passage.
INFO:src.hipporag.HippoRAG:Encoding 1 queries for query_to_passage.
INFO:src.hipporag.HippoRAG:Encoding 1 queries for query_to_passage.
INFO:src.hipporag.HippoRAG:Encoding 1 queries for query_to_passage.
WARNING:src.hipporag.rerank:Rerank parse failed on attempt 1 for query 'Who sent naval ships to the body of water that joins the Atlantic and the sea where the Rhine ends?': Error parsing raw response as candidate selection: Unable to parse structured payload: unterminated string literal (detected at line 2) (<unknown>, line 2).
INFO:src.hipporag.HippoRAG:Encoding 2 queries for query_to_passage.
INFO:src.hipporag.HippoRAG:Encoding 1 queries for query_to_passage.
INFO:src.hipporag.HippoRAG:Encoding 1 queries for query_to_passage.
INFO:src.hipporag.HippoRAG:Encoding 1 queries for query_to_passage.
WARNING:src.hipporag.rerank:Rerank parse failed on attempt 1 for query "How long had the city where the Yongle emperor greeted the person to whom the edict was addressed been the capitol of Yaxing Coach's headquarters location?": Error parsing raw response as candidate selection: Unable to parse structured payload: unterminated string literal (detected at line 7) (<unknown>, line 7).
INFO:src.hipporag.HippoRAG:Encoding 2 queries for query_to_passage.
INFO:src.hipporag.HippoRAG:Encoding 1 queries for query_to_passage.
WARNING:src.hipporag.rerank:Rerank parse failed on attempt 1 for query 'When is the birthday of the creator of Le ruisseau noir?': Error parsing raw response as candidate selection: Unable to parse structured payload: unterminated string literal (detected at line 2) (<unknown>, line 2).
INFO:src.hipporag.HippoRAG:Encoding 2 queries for query_to_passage.
INFO:src.hipporag.HippoRAG:Encoding 1 queries for query_to_passage.
INFO:src.hipporag.HippoRAG:Encoding 1 queries for query_to_passage.
WARNING:src.hipporag.rerank:Rerank parse failed on attempt 1 for query 'What was the population in 1900 of the second largest city in the US state having the Library District of the county containing Yuma?': Error parsing raw response as candidate selection: Unable to parse structured payload: unterminated string literal (detected at line 2) (<unknown>, line 2).
INFO:src.hipporag.HippoRAG:Encoding 3 queries for query_to_passage.
INFO:src.hipporag.HippoRAG:Encoding 1 queries for query_to_passage.
INFO:src.hipporag.HippoRAG:Encoding 1 queries for query_to_passage.
INFO:src.hipporag.HippoRAG:Encoding 1 queries for query_to_passage.
INFO:src.hipporag.HippoRAG:Encoding 1 queries for query_to_passage.
WARNING:src.hipporag.rerank:Rerank parse failed on attempt 1 for query 'What geological event caused the foundations of the land beneath the city where most university graduates stay after acquiring a degree?': Error parsing raw response as candidate selection: Unable to parse structured payload: unterminated string literal (detected at line 1) (<unknown>, line 1).
INFO:src.hipporag.HippoRAG:Encoding 2 queries for query_to_passage.
INFO:src.hipporag.HippoRAG:Encoding 1 queries for query_to_passage.
INFO:src.hipporag.HippoRAG:Encoding 1 queries for query_to_passage.
WARNING:src.hipporag.rerank:Rerank parse failed on attempt 1 for query "A country's military branch, the equivalent of which in the US helped the Old West's local police, was unprepared for the invasion of the country that developed": Error parsing raw response as candidate selection: Unable to parse structured payload: unterminated string literal (detected at line 2) (<unknown>, line 2).
INFO:src.hipporag.HippoRAG:Encoding 4 queries for query_to_passage.
WARNING:src.hipporag.rerank:Rerank parse failed on attempt 1 for query 'What UK label was bought by the company which, along with ABC and the network which broadcasted The Chisholms, is the other major broadcaster based in NY?': Error parsing raw response as candidate selection: Unable to parse structured payload: unterminated string literal (detected at line 2) (<unknown>, line 2).
INFO:src.hipporag.HippoRAG:Encoding 2 queries for query_to_passage.
INFO:src.hipporag.HippoRAG:Encoding 1 queries for query_to_passage.
INFO:src.hipporag.HippoRAG:Encoding 1 queries for query_to_passage.
INFO:src.hipporag.HippoRAG:Encoding 2 queries for query_to_passage.
WARNING:src.hipporag.rerank:Rerank parse failed on attempt 1 for query "What's the population of the largest state in the region of the U.S. where trading practices were once threatened by the Navigation Acts?": Error parsing raw response as candidate selection: Unable to parse structured payload: unterminated string literal (detected at line 2) (<unknown>, line 2).
INFO:src.hipporag.HippoRAG:Encoding 3 queries for query_to_passage.
INFO:src.hipporag.HippoRAG:Encoding 1 queries for query_to_passage.
INFO:src.hipporag.HippoRAG:Encoding 1 queries for query_to_passage.
INFO:src.hipporag.HippoRAG:Encoding 1 queries for query_to_passage.
INFO:src.hipporag.HippoRAG:Encoding 1 queries for query_to_passage.
INFO:src.hipporag.HippoRAG:Encoding 1 queries for query_to_passage.
INFO:src.hipporag.HippoRAG:Encoding 1 queries for query_to_passage.
INFO:src.hipporag.HippoRAG:Encoding 1 queries for query_to_passage.
INFO:src.hipporag.HippoRAG:Encoding 1 queries for query_to_passage.
INFO:src.hipporag.HippoRAG:Encoding 1 queries for query_to_passage.
INFO:src.hipporag.HippoRAG:Encoding 1 queries for query_to_passage.
INFO:src.hipporag.HippoRAG:Encoding 3 queries for query_to_passage.
INFO:src.hipporag.HippoRAG:Encoding 1 queries for query_to_passage.
INFO:src.hipporag.HippoRAG:Encoding 1 queries for query_to_passage.
INFO:src.hipporag.HippoRAG:Encoding 1 queries for query_to_passage.
INFO:src.hipporag.HippoRAG:Encoding 1 queries for query_to_passage.
INFO:src.hipporag.HippoRAG:Encoding 3 queries for query_to_passage.
INFO:src.hipporag.HippoRAG:Encoding 1 queries for query_to_passage.
WARNING:src.hipporag.rerank:Rerank parse failed on attempt 1 for query 'The military group of which the Air Defense Artillery is a branch was unprepared for the invasion of the territory the Nazis occupied. The country of this group': Error parsing raw response as candidate selection: Unable to parse structured payload: unterminated string literal (detected at line 2) (<unknown>, line 2).
INFO:src.hipporag.HippoRAG:Encoding 3 queries for query_to_passage.
INFO:src.hipporag.HippoRAG:Encoding 1 queries for query_to_passage.
INFO:src.hipporag.HippoRAG:Encoding 2 queries for query_to_passage.
WARNING:src.hipporag.rerank:Rerank parse failed on attempt 1 for query "How long had Anhua Gao's birthplace been the capitol city of Yaxing Coach's headquarters location?": Error parsing raw response as candidate selection: Unable to parse structured payload: unterminated string literal (detected at line 2) (<unknown>, line 2).
INFO:src.hipporag.HippoRAG:Encoding 3 queries for query_to_passage.
INFO:src.hipporag.HippoRAG:Encoding 1 queries for query_to_passage.
INFO:src.hipporag.HippoRAG:Encoding 1 queries for query_to_passage.
WARNING:src.hipporag.rerank:Rerank parse failed on attempt 1 for query 'When did the party that holds the majority in the House of Representatives take control of the branch that gives regulators discretion to prohibit proprietary t': Error parsing raw response as candidate selection: Unable to parse structured payload: unterminated string literal (detected at line 2) (<unknown>, line 2).
INFO:src.hipporag.HippoRAG:Encoding 3 queries for query_to_passage.
INFO:src.hipporag.HippoRAG:Encoding 1 queries for query_to_passage.
INFO:src.hipporag.HippoRAG:Encoding 1 queries for query_to_passage.
INFO:src.hipporag.HippoRAG:Encoding 1 queries for query_to_passage.
WARNING:src.hipporag.rerank:Rerank parse failed on attempt 1 for query "A country's military branch, the equivalent of which in the US contains the Air Defense Artillery, was unprepared for the invasion of Ivo Werner's country. When": Error parsing raw response as candidate selection: Unable to parse structured payload: invalid syntax (<unknown>, line 1).
INFO:src.hipporag.HippoRAG:Encoding 1 queries for query_to_passage.
INFO:src.hipporag.HippoRAG:Encoding 1 queries for query_to_passage.
INFO:src.hipporag.HippoRAG:Encoding 1 queries for query_to_passage.
INFO:src.hipporag.HippoRAG:Encoding 1 queries for query_to_passage.
INFO:src.hipporag.HippoRAG:Encoding 1 queries for query_to_passage.
WARNING:src.hipporag.rerank:Rerank parse failed on attempt 1 for query "Where is New Perry's place of death found in Florida?": Error parsing raw response as candidate selection: Unable to parse structured payload: unterminated string literal (detected at line 12) (<unknown>, line 12).
INFO:src.hipporag.HippoRAG:Encoding 1 queries for query_to_passage.
WARNING:src.hipporag.rerank:Rerank parse failed on attempt 1 for query 'Who is the wife of the man who produced the documentary of the pop star who influenced Beyonce?': Error parsing raw response as candidate selection: Unable to parse structured payload: unterminated string literal (detected at line 2) (<unknown>, line 2).
INFO:src.hipporag.HippoRAG:Encoding 3 queries for query_to_passage.
WARNING:src.hipporag.rerank:Rerank parse failed on attempt 1 for query "What day is the Feast held in the city where the headquarters of the only group larger than Långa nätter's record label is located?": Error parsing raw response as candidate selection: Unable to parse structured payload: unterminated string literal (detected at line 4) (<unknown>, line 4).
INFO:src.hipporag.HippoRAG:Encoding 4 queries for query_to_passage.
INFO:src.hipporag.HippoRAG:Encoding 1 queries for query_to_passage.
INFO:src.hipporag.HippoRAG:Encoding 1 queries for query_to_passage.
INFO:src.hipporag.HippoRAG:Encoding 1 queries for query_to_passage.
INFO:src.hipporag.HippoRAG:Encoding 1 queries for query_to_passage.
INFO:src.hipporag.HippoRAG:Encoding 1 queries for query_to_passage.
WARNING:src.hipporag.rerank:Rerank parse failed on attempt 1 for query 'What treaty ceded territory to the US extending west to the body of water by the city where Write This Down was formed?': Error parsing raw response as candidate selection: Unable to parse structured payload: unterminated string literal (detected at line 4) (<unknown>, line 4).
INFO:src.hipporag.HippoRAG:Encoding 3 queries for query_to_passage.
INFO:src.hipporag.HippoRAG:Encoding 1 queries for query_to_passage.
INFO:src.hipporag.HippoRAG:Encoding 1 queries for query_to_passage.
WARNING:src.hipporag.rerank:Rerank parse failed on attempt 1 for query 'When did the party that hold the majority in the House of Reps take control of the branch that approves members of the American cabinet?': Error parsing raw response as candidate selection: Unable to parse structured payload: unterminated string literal (detected at line 2) (<unknown>, line 2).
INFO:src.hipporag.HippoRAG:Encoding 2 queries for query_to_passage.
INFO:src.hipporag.HippoRAG:Encoding 1 queries for query_to_passage.
INFO:src.hipporag.HippoRAG:Encoding 1 queries for query_to_passage.
INFO:src.hipporag.HippoRAG:Encoding 1 queries for query_to_passage.
INFO:src.hipporag.HippoRAG:Encoding 2 queries for query_to_passage.
WARNING:src.hipporag.rerank:Rerank parse failed on attempt 1 for query "What is the birth place of the US president with whose election the republican ascendancy of the 1920's began?": Error parsing raw response as candidate selection: Unable to parse structured payload: unterminated string literal (detected at line 2) (<unknown>, line 2).
INFO:src.hipporag.HippoRAG:Encoding 2 queries for query_to_passage.
INFO:src.hipporag.HippoRAG:Encoding 1 queries for query_to_passage.
INFO:src.hipporag.HippoRAG:Encoding 2 queries for query_to_passage.
INFO:src.hipporag.HippoRAG:Encoding 1 queries for query_to_passage.
INFO:src.hipporag.HippoRAG:Encoding 1 queries for query_to_passage.
WARNING:src.hipporag.rerank:Rerank parse failed on attempt 1 for query 'What year did the group that performed From Them, Through Us, to You form?': Error parsing raw response as candidate selection: Unable to parse structured payload: unterminated string literal (detected at line 2) (<unknown>, line 2).
INFO:src.hipporag.HippoRAG:Encoding 2 queries for query_to_passage.
INFO:src.hipporag.HippoRAG:Encoding 1 queries for query_to_passage.
WARNING:src.hipporag.rerank:Rerank parse failed on attempt 1 for query 'When were the American colonies lost by the country that owned the region that secured southern Lebanon in 1978, before it achieved country status?': Error parsing raw response as candidate selection: Unable to parse structured payload: unterminated string literal (detected at line 2) (<unknown>, line 2).
INFO:src.hipporag.HippoRAG:Encoding 2 queries for query_to_passage.
INFO:src.hipporag.HippoRAG:Encoding 1 queries for query_to_passage.
WARNING:src.hipporag.rerank:Rerank parse failed on attempt 1 for query 'Who is the brother of the Melissa and Joey Theme Song singer?': Error parsing raw response as candidate selection: Unable to parse structured payload: unterminated string literal (detected at line 2) (<unknown>, line 2).
INFO:src.hipporag.HippoRAG:Encoding 2 queries for query_to_passage.
WARNING:src.hipporag.rerank:Rerank parse failed on attempt 1 for query 'Who is the father of the Labo M performer?': Error parsing raw response as candidate selection: Unable to parse structured payload: unterminated string literal (detected at line 2) (<unknown>, line 2).
INFO:src.hipporag.HippoRAG:Encoding 2 queries for query_to_passage.
INFO:src.hipporag.HippoRAG:Encoding 1 queries for query_to_passage.
WARNING:src.hipporag.rerank:Rerank parse failed on attempt 1 for query 'When did Nissan, the Acura Legend maker and the top selling car brand open US assembly plants?': Error parsing raw response as candidate selection: Unable to parse structured payload: unterminated string literal (detected at line 2) (<unknown>, line 2).
INFO:src.hipporag.HippoRAG:Encoding 2 queries for query_to_passage.
INFO:src.hipporag.HippoRAG:Encoding 1 queries for query_to_passage.
INFO:src.hipporag.HippoRAG:Encoding 1 queries for query_to_passage.
INFO:src.hipporag.HippoRAG:Encoding 1 queries for query_to_passage.
WARNING:src.hipporag.rerank:Rerank parse failed on attempt 1 for query 'When did the Governor of the city where the Basilica named after the saint holding the knife in the Last Supper is located in end?': Error parsing raw response as candidate selection: Unable to parse structured payload: unterminated string literal (detected at line 2) (<unknown>, line 2).
INFO:src.hipporag.HippoRAG:Encoding 3 queries for query_to_passage.
INFO:src.hipporag.HippoRAG:Encoding 1 queries for query_to_passage.
INFO:src.hipporag.HippoRAG:Encoding 1 queries for query_to_passage.
INFO:src.hipporag.HippoRAG:Encoding 1 queries for query_to_passage.
INFO:src.hipporag.HippoRAG:Encoding 1 queries for query_to_passage.
INFO:src.hipporag.HippoRAG:Encoding 1 queries for query_to_passage.
INFO:src.hipporag.HippoRAG:Encoding 1 queries for query_to_passage.
WARNING:src.hipporag.rerank:Rerank parse failed on attempt 1 for query 'Where did the inventor of the Money in the Bank ladder match win in 2008?': Error parsing raw response as candidate selection: Unable to parse structured payload: unterminated string literal (detected at line 2) (<unknown>, line 2).
INFO:src.hipporag.HippoRAG:Encoding 2 queries for query_to_passage.
INFO:src.hipporag.HippoRAG:Encoding 1 queries for query_to_passage.
WARNING:src.hipporag.rerank:Rerank parse failed on attempt 1 for query 'Who is the guy defending this stuff from the book from which by the skin of your teeth originated?': Error parsing raw response as candidate selection: Unable to parse structured payload: unterminated string literal (detected at line 2) (<unknown>, line 2).
INFO:src.hipporag.HippoRAG:Encoding 3 queries for query_to_passage.
INFO:src.hipporag.HippoRAG:Encoding 1 queries for query_to_passage.
INFO:src.hipporag.HippoRAG:Encoding 1 queries for query_to_passage.
WARNING:src.hipporag.rerank:Rerank parse failed on attempt 1 for query "How many times did plague occur in Al gran sole carico d'amore's composer's work location?": Error parsing raw response as candidate selection: Unable to parse structured payload: unterminated string literal (detected at line 6) (<unknown>, line 6).
INFO:src.hipporag.HippoRAG:Encoding 1 queries for query_to_passage.
INFO:src.hipporag.HippoRAG:Encoding 1 queries for query_to_passage.
INFO:src.hipporag.HippoRAG:Encoding 1 queries for query_to_passage.
INFO:src.hipporag.HippoRAG:Encoding 1 queries for query_to_passage.
INFO:src.hipporag.HippoRAG:Encoding 2 queries for query_to_passage.
INFO:src.hipporag.HippoRAG:Encoding 1 queries for query_to_passage.
INFO:src.hipporag.HippoRAG:Encoding 1 queries for query_to_passage.
WARNING:src.hipporag.rerank:Rerank parse failed on attempt 1 for query 'When did the town WLUJ is licensed in become capitol of the state in which a statue of a Latin mother goddess is located?': Error parsing raw response as candidate selection: Unable to parse structured payload: unterminated string literal (detected at line 2) (<unknown>, line 2).
INFO:src.hipporag.HippoRAG:Encoding 2 queries for query_to_passage.
INFO:src.hipporag.HippoRAG:Encoding 1 queries for query_to_passage.
WARNING:src.hipporag.rerank:Rerank parse failed on attempt 1 for query 'In New Zealand, 12.6% of Christians belong to a church that is also active in Lesotho. What movement was led by a man who challenged this church?': Error parsing raw response as candidate selection: Unable to parse structured payload: unterminated string literal (detected at line 2) (<unknown>, line 2).
INFO:src.hipporag.HippoRAG:Encoding 3 queries for query_to_passage.
INFO:src.hipporag.HippoRAG:Encoding 1 queries for query_to_passage.
INFO:src.hipporag.HippoRAG:Encoding 1 queries for query_to_passage.
INFO:src.hipporag.HippoRAG:Encoding 1 queries for query_to_passage.
INFO:src.hipporag.HippoRAG:Encoding 2 queries for query_to_passage.
INFO:src.hipporag.HippoRAG:Encoding 1 queries for query_to_passage.
INFO:src.hipporag.HippoRAG:Encoding 2 queries for query_to_passage.
INFO:src.hipporag.HippoRAG:Encoding 1 queries for query_to_passage.
INFO:src.hipporag.HippoRAG:Encoding 1 queries for query_to_passage.
INFO:src.hipporag.HippoRAG:Encoding 1 queries for query_to_passage.
INFO:src.hipporag.HippoRAG:Encoding 1 queries for query_to_passage.
INFO:src.hipporag.HippoRAG:Encoding 1 queries for query_to_passage.
INFO:src.hipporag.HippoRAG:Encoding 2 queries for query_to_passage.
WARNING:src.hipporag.rerank:Rerank parse failed on attempt 1 for query 'Which competition did the performer of Cadore 33 participated?': Error parsing raw response as candidate selection: Unable to parse structured payload: unterminated string literal (detected at line 1) (<unknown>, line 1).
INFO:src.hipporag.HippoRAG:Encoding 2 queries for query_to_passage.
WARNING:src.hipporag.rerank:Rerank parse failed on attempt 1 for query "When was the most recent Bicycle Friendly Community Award given to the city where the headquarters of the only group larger than Långa nätter's record label is ": Error parsing raw response as candidate selection: Unable to parse structured payload: unterminated string literal (detected at line 4) (<unknown>, line 4).
INFO:src.hipporag.HippoRAG:Encoding 4 queries for query_to_passage.
INFO:src.hipporag.HippoRAG:Encoding 1 queries for query_to_passage.
INFO:src.hipporag.HippoRAG:Encoding 1 queries for query_to_passage.
INFO:src.hipporag.HippoRAG:Encoding 1 queries for query_to_passage.
INFO:src.hipporag.HippoRAG:Encoding 1 queries for query_to_passage.
WARNING:src.hipporag.rerank:Rerank parse failed on attempt 1 for query 'When does the show of the cast member of Politically Incorrect start again in 2018?': Error parsing raw response as candidate selection: Unable to parse structured payload: unterminated string literal (detected at line 2) (<unknown>, line 2).
INFO:src.hipporag.HippoRAG:Encoding 2 queries for query_to_passage.
WARNING:src.hipporag.rerank:Rerank parse failed on attempt 1 for query 'Who wrote turn me on, which was performed by the person who also performed Chasing Pirates?': Error parsing raw response as candidate selection: Unable to parse structured payload: unterminated string literal (detected at line 2) (<unknown>, line 2).
INFO:src.hipporag.HippoRAG:Encoding 2 queries for query_to_passage.
WARNING:src.hipporag.rerank:Rerank parse failed on attempt 1 for query "Where did the arguer that Kirill Eskov's country of citizenship had become an imperialist power declare he would intervene in the Korean conflict?": Error parsing raw response as candidate selection: Unable to parse structured payload: invalid syntax (<unknown>, line 1).
INFO:src.hipporag.HippoRAG:Encoding 4 queries for query_to_passage.
INFO:src.hipporag.HippoRAG:Encoding 1 queries for query_to_passage.
INFO:src.hipporag.HippoRAG:Encoding 1 queries for query_to_passage.
WARNING:src.hipporag.rerank:Rerank parse failed on attempt 1 for query 'Which mythological tradition has the group of heroes that includes Aegialeus?': Error parsing raw response as candidate selection: Unable to parse structured payload: unterminated string literal (detected at line 2) (<unknown>, line 2).
INFO:src.hipporag.HippoRAG:Encoding 2 queries for query_to_passage.
INFO:src.hipporag.HippoRAG:Encoding 1 queries for query_to_passage.
INFO:src.hipporag.HippoRAG:Encoding 1 queries for query_to_passage.
WARNING:src.hipporag.rerank:Rerank parse failed on attempt 1 for query 'How many members in the seats of the organization that enacted the Directory of Public Worship into law are members of the Scottish Government?': Error parsing raw response as candidate selection: Unable to parse structured payload: unterminated string literal (detected at line 2) (<unknown>, line 2).
INFO:src.hipporag.HippoRAG:Encoding 4 queries for query_to_passage.
INFO:src.hipporag.HippoRAG:Encoding 1 queries for query_to_passage.
INFO:src.hipporag.HippoRAG:Encoding 1 queries for query_to_passage.
INFO:src.hipporag.HippoRAG:Encoding 1 queries for query_to_passage.
INFO:src.hipporag.HippoRAG:Encoding 1 queries for query_to_passage.
INFO:src.hipporag.HippoRAG:Encoding 2 queries for query_to_passage.
INFO:src.hipporag.HippoRAG:Encoding 1 queries for query_to_passage.
INFO:src.hipporag.HippoRAG:Encoding 1 queries for query_to_passage.
WARNING:src.hipporag.rerank:Rerank parse failed on attempt 1 for query 'What institute did the actor playing the voice of John Smith in Pocahontas attend?': Error parsing raw response as candidate selection: Unable to parse structured payload: unterminated string literal (detected at line 2) (<unknown>, line 2).
INFO:src.hipporag.HippoRAG:Encoding 2 queries for query_to_passage.
WARNING:src.hipporag.rerank:Rerank parse failed on attempt 1 for query 'Who played who sang is she really going out with him in the performer of Anthology movie?': Error parsing raw response as candidate selection: Unable to parse structured payload: unterminated string literal (detected at line 4) (<unknown>, line 4).
INFO:src.hipporag.HippoRAG:Encoding 2 queries for query_to_passage.
WARNING:src.hipporag.rerank:Rerank parse failed on attempt 1 for query 'What record label released the debut album of the artist behind the 1993 album "Let There be Love".': Error parsing raw response as candidate selection: Unable to parse structured payload: unterminated string literal (detected at line 2) (<unknown>, line 2).
INFO:src.hipporag.HippoRAG:Encoding 3 queries for query_to_passage.
WARNING:src.hipporag.rerank:Rerank parse failed on attempt 1 for query 'Who is the president of the group Kim Un-yong is a member of?': Error parsing raw response as candidate selection: Unable to parse structured payload: unterminated string literal (detected at line 2) (<unknown>, line 2).
INFO:src.hipporag.HippoRAG:Encoding 2 queries for query_to_passage.
INFO:src.hipporag.HippoRAG:Encoding 1 queries for query_to_passage.
INFO:src.hipporag.HippoRAG:Encoding 1 queries for query_to_passage.
INFO:src.hipporag.HippoRAG:Encoding 2 queries for query_to_passage.
INFO:src.hipporag.HippoRAG:Encoding 1 queries for query_to_passage.
WARNING:src.hipporag.rerank:Rerank parse failed on attempt 1 for query "The leader visiting where Steven Spielberg's grandparents are from met with whom on November 22?": Error parsing raw response as candidate selection: Unable to parse structured payload: unterminated string literal (detected at line 4) (<unknown>, line 4).
INFO:src.hipporag.HippoRAG:Encoding 3 queries for query_to_passage.
INFO:src.hipporag.HippoRAG:Encoding 1 queries for query_to_passage.
WARNING:src.hipporag.rerank:Rerank parse failed on attempt 1 for query 'Who was married to the star of No Escape?': Error parsing raw response as candidate selection: Unable to parse structured payload: unterminated string literal (detected at line 2) (<unknown>, line 2).
INFO:src.hipporag.HippoRAG:Encoding 2 queries for query_to_passage.
INFO:src.hipporag.HippoRAG:Encoding 1 queries for query_to_passage.
INFO:src.hipporag.HippoRAG:Encoding 2 queries for query_to_passage.
INFO:src.hipporag.HippoRAG:Encoding 1 queries for query_to_passage.
WARNING:src.hipporag.rerank:Rerank parse failed on attempt 1 for query 'What is the capital of the county that shares a border with the county where KRSU is licensed to broadcast?': Error parsing raw response as candidate selection: Unable to parse structured payload: unterminated string literal (detected at line 1) (<unknown>, line 1).
INFO:src.hipporag.HippoRAG:Encoding 2 queries for query_to_passage.
INFO:src.hipporag.HippoRAG:Encoding 1 queries for query_to_passage.
INFO:src.hipporag.HippoRAG:Encoding 2 queries for query_to_passage.
INFO:src.hipporag.HippoRAG:Encoding 1 queries for query_to_passage.
INFO:src.hipporag.HippoRAG:Encoding 1 queries for query_to_passage.
INFO:src.hipporag.HippoRAG:Encoding 1 queries for query_to_passage.
INFO:src.hipporag.HippoRAG:Encoding 1 queries for query_to_passage.
INFO:src.hipporag.HippoRAG:Encoding 1 queries for query_to_passage.
INFO:src.hipporag.HippoRAG:Encoding 2 queries for query_to_passage.
INFO:src.hipporag.HippoRAG:Encoding 2 queries for query_to_passage.
WARNING:src.hipporag.rerank:Rerank parse failed on attempt 1 for query "What film features Anil Devgan's sibling?": Error parsing raw response as candidate selection: Unable to parse structured payload: unterminated string literal (detected at line 16) (<unknown>, line 16).
INFO:src.hipporag.HippoRAG:Encoding 2 queries for query_to_passage.
WARNING:src.hipporag.rerank:Rerank parse failed on attempt 1 for query 'When did the party Harlan and Stewart were affiliated with gain control of the body which determines rules of the US House and US Senate?': Error parsing raw response as candidate selection: Unable to parse structured payload: unterminated string literal (detected at line 2) (<unknown>, line 2).
INFO:src.hipporag.HippoRAG:Encoding 3 queries for query_to_passage.
INFO:src.hipporag.HippoRAG:Encoding 1 queries for query_to_passage.
INFO:src.hipporag.HippoRAG:Encoding 1 queries for query_to_passage.
INFO:src.hipporag.HippoRAG:Encoding 1 queries for query_to_passage.
INFO:src.hipporag.HippoRAG:Encoding 1 queries for query_to_passage.
WARNING:src.hipporag.rerank:Rerank parse failed on attempt 1 for query 'According to QS World University Rankings, what is the ranking of the place that employed Said Ashour?': Error parsing raw response as candidate selection: Unable to parse structured payload: unterminated string literal (detected at line 2) (<unknown>, line 2).
INFO:src.hipporag.HippoRAG:Encoding 3 queries for query_to_passage.
INFO:src.hipporag.HippoRAG:Encoding 1 queries for query_to_passage.
INFO:src.hipporag.HippoRAG:Encoding 2 queries for query_to_passage.
INFO:src.hipporag.HippoRAG:Encoding 1 queries for query_to_passage.
INFO:src.hipporag.HippoRAG:Encoding 1 queries for query_to_passage.
INFO:src.hipporag.HippoRAG:Encoding 1 queries for query_to_passage.
INFO:src.hipporag.HippoRAG:Encoding 1 queries for query_to_passage.
INFO:src.hipporag.HippoRAG:Encoding 1 queries for query_to_passage.
INFO:src.hipporag.HippoRAG:Encoding 1 queries for query_to_passage.
WARNING:src.hipporag.rerank:Rerank parse failed on attempt 1 for query 'Who is the president of newly declared independent country part of the Commission of Truth and Friendship with the country where Kaimana is located?': Error parsing raw response as candidate selection: Unable to parse structured payload: unterminated string literal (detected at line 4) (<unknown>, line 4).
INFO:src.hipporag.HippoRAG:Encoding 3 queries for query_to_passage.
INFO:src.hipporag.HippoRAG:Encoding 1 queries for query_to_passage.
INFO:src.hipporag.HippoRAG:Encoding 1 queries for query_to_passage.
INFO:src.hipporag.HippoRAG:Encoding 1 queries for query_to_passage.
WARNING:src.hipporag.rerank:Rerank parse failed on attempt 1 for query 'The actor who plays copper in Fox and the Hound is a character in which film?': Error parsing raw response as candidate selection: Unable to parse structured payload: unterminated string literal (detected at line 2) (<unknown>, line 2).
INFO:src.hipporag.HippoRAG:Encoding 2 queries for query_to_passage.
INFO:src.hipporag.HippoRAG:Encoding 1 queries for query_to_passage.
INFO:src.hipporag.HippoRAG:Encoding 1 queries for query_to_passage.
INFO:src.hipporag.HippoRAG:Encoding 1 queries for query_to_passage.
INFO:src.hipporag.HippoRAG:Encoding 2 queries for query_to_passage.
WARNING:src.hipporag.rerank:Rerank parse failed on attempt 1 for query 'Why does the place where Step Up Revolution takes place have a duck for a mascot?': Error parsing raw response as candidate selection: Unable to parse structured payload: unterminated string literal (detected at line 2) (<unknown>, line 2).
INFO:src.hipporag.HippoRAG:Encoding 3 queries for query_to_passage.
INFO:src.hipporag.HippoRAG:Encoding 1 queries for query_to_passage.
INFO:src.hipporag.HippoRAG:Encoding 1 queries for query_to_passage.
INFO:src.hipporag.HippoRAG:Encoding 1 queries for query_to_passage.
INFO:src.hipporag.HippoRAG:Encoding 1 queries for query_to_passage.
WARNING:src.hipporag.rerank:Rerank parse failed on attempt 1 for query 'What artist was featured on Smooth Jazz Stations, along with Kenny G and the performer of The Dance?': Error parsing raw response as candidate selection: Unable to parse structured payload: unterminated string literal (detected at line 2) (<unknown>, line 2).
INFO:src.hipporag.HippoRAG:Encoding 2 queries for query_to_passage.
WARNING:src.hipporag.rerank:Rerank parse failed on attempt 1 for query 'What is the experimental satellite which was the forerunner to the communication satellite of the operator of GSAT-7 called?': Error parsing raw response as candidate selection: Unable to parse structured payload: unterminated string literal (detected at line 2) (<unknown>, line 2).
INFO:src.hipporag.HippoRAG:Encoding 2 queries for query_to_passage.
INFO:src.hipporag.HippoRAG:Encoding 1 queries for query_to_passage.
WARNING:src.hipporag.rerank:Rerank parse failed on attempt 1 for query 'Who was the person who acquired the parent company of the music service Beyonce owns part of talking about in the song Cry?': Error parsing raw response as candidate selection: Unable to parse structured payload: unterminated string literal (detected at line 2) (<unknown>, line 2).
INFO:src.hipporag.HippoRAG:Encoding 2 queries for query_to_passage.
INFO:src.hipporag.HippoRAG:Encoding 1 queries for query_to_passage.
INFO:src.hipporag.HippoRAG:Encoding 1 queries for query_to_passage.
WARNING:src.hipporag.rerank:Rerank parse failed on attempt 1 for query "Who play's Marty's girlfriend in back to the future?": Error parsing raw response as candidate selection: Unable to parse structured payload: unterminated string literal (detected at line 2) (<unknown>, line 2).
INFO:src.hipporag.HippoRAG:Encoding 1 queries for query_to_passage.
WARNING:src.hipporag.rerank:Rerank parse failed on attempt 1 for query 'Arthur Marryatt is a member of a sports association that has who as president?': Error parsing raw response as candidate selection: Unable to parse structured payload: unterminated string literal (detected at line 2) (<unknown>, line 2).
INFO:src.hipporag.HippoRAG:Encoding 2 queries for query_to_passage.
INFO:src.hipporag.HippoRAG:Encoding 4 queries for query_to_passage.
INFO:src.hipporag.HippoRAG:Encoding 1 queries for query_to_passage.
INFO:src.hipporag.HippoRAG:Encoding 1 queries for query_to_passage.
WARNING:src.hipporag.rerank:Rerank parse failed on attempt 1 for query 'What month did the person who retained trust in Longchamp go away to the Holy Land?': Error parsing raw response as candidate selection: Unable to parse structured payload: unterminated string literal (detected at line 2) (<unknown>, line 2).
INFO:src.hipporag.HippoRAG:Encoding 2 queries for query_to_passage.
INFO:src.hipporag.HippoRAG:Encoding 1 queries for query_to_passage.
INFO:src.hipporag.HippoRAG:Encoding 1 queries for query_to_passage.
INFO:src.hipporag.HippoRAG:Encoding 1 queries for query_to_passage.
WARNING:src.hipporag.rerank:Rerank parse failed on attempt 1 for query 'Who did the screenwriter for Good Will Hunting play in Dazed and Confused?': Error parsing raw response as candidate selection: Unable to parse structured payload: unterminated string literal (detected at line 2) (<unknown>, line 2).
INFO:src.hipporag.HippoRAG:Encoding 3 queries for query_to_passage.
WARNING:src.hipporag.rerank:Rerank parse failed on attempt 1 for query 'Who introduced a system of musical notation in the 14th century that is used in the area where most of the invasion of the eastern Roman Empire took place?': Error parsing raw response as candidate selection: Unable to parse structured payload: invalid decimal literal (<unknown>, line 4).
INFO:src.hipporag.HippoRAG:Encoding 2 queries for query_to_passage.
INFO:src.hipporag.HippoRAG:Encoding 1 queries for query_to_passage.
INFO:src.hipporag.HippoRAG:Encoding 1 queries for query_to_passage.
INFO:src.hipporag.HippoRAG:Encoding 1 queries for query_to_passage.
INFO:src.hipporag.HippoRAG:Encoding 2 queries for query_to_passage.
WARNING:src.hipporag.rerank:Rerank parse failed on attempt 1 for query 'What was the population of the European country the Huguenots felt kinship for emigration to before this emigration?': Error parsing raw response as candidate selection: Unable to parse structured payload: unterminated string literal (detected at line 2) (<unknown>, line 2).
INFO:src.hipporag.HippoRAG:Encoding 2 queries for query_to_passage.
INFO:src.hipporag.HippoRAG:Encoding 1 queries for query_to_passage.
INFO:src.hipporag.HippoRAG:Encoding 1 queries for query_to_passage.
WARNING:src.hipporag.rerank:Rerank parse failed on attempt 1 for query 'What taxa is Ommatidae part of?': Error parsing raw response as candidate selection: Unable to parse structured payload: unterminated string literal (detected at line 2) (<unknown>, line 2).
INFO:src.hipporag.HippoRAG:Encoding 1 queries for query_to_passage.
WARNING:src.hipporag.rerank:Rerank parse failed on attempt 1 for query 'The London broil cut comes from a country with an emergency response guidebook with response guides in which section?': Error parsing raw response as candidate selection: Unable to parse structured payload: unterminated string literal (detected at line 4) (<unknown>, line 4).
INFO:src.hipporag.HippoRAG:Encoding 3 queries for query_to_passage.
INFO:src.hipporag.HippoRAG:Encoding 4 queries for query_to_passage.
INFO:src.hipporag.HippoRAG:Encoding 1 queries for query_to_passage.
INFO:src.hipporag.HippoRAG:Encoding 1 queries for query_to_passage.
INFO:src.hipporag.HippoRAG:Encoding 2 queries for query_to_passage.
WARNING:src.hipporag.rerank:Rerank parse failed on attempt 1 for query 'When is the opening day of the league in which the team with the most games in the series after which the MLB MVP is awarded plays?': Error parsing raw response as candidate selection: Unable to parse structured payload: unterminated string literal (detected at line 2) (<unknown>, line 2).
INFO:src.hipporag.HippoRAG:Encoding 1 queries for query_to_passage.
INFO:src.hipporag.HippoRAG:Encoding 1 queries for query_to_passage.
INFO:src.hipporag.HippoRAG:Encoding 1 queries for query_to_passage.
WARNING:src.hipporag.rerank:Rerank parse failed on attempt 1 for query "Who wrote the song turn me on that is performed by performer of Feelin' the Same Way?": Error parsing raw response as candidate selection: Unable to parse structured payload: unterminated string literal (detected at line 2) (<unknown>, line 2).
INFO:src.hipporag.HippoRAG:Encoding 1 queries for query_to_passage.
WARNING:src.hipporag.rerank:Rerank parse failed on attempt 1 for query 'What is the seat of the county sharing a border with the county in which J. P. Hayes was born?': Error parsing raw response as candidate selection: Unable to parse structured payload: unterminated string literal (detected at line 2) (<unknown>, line 2).
INFO:src.hipporag.HippoRAG:Encoding 3 queries for query_to_passage.
INFO:src.hipporag.HippoRAG:Encoding 1 queries for query_to_passage.
WARNING:src.hipporag.rerank:Rerank parse failed on attempt 1 for query 'When did the party that controls the House of Representatives take control of the branch who determines the rules of the US house and Senate?': Error parsing raw response as candidate selection: Unable to parse structured payload: unterminated string literal (detected at line 2) (<unknown>, line 2).
INFO:src.hipporag.HippoRAG:Encoding 2 queries for query_to_passage.
INFO:src.hipporag.HippoRAG:Encoding 1 queries for query_to_passage.
INFO:src.hipporag.HippoRAG:Encoding 1 queries for query_to_passage.
INFO:src.hipporag.HippoRAG:Encoding 1 queries for query_to_passage.
WARNING:src.hipporag.rerank:Rerank parse failed on attempt 1 for query 'What does seal stand for in the seals of the service operating list of destroyer classes of the operator of USS Peril?': Error parsing raw response as candidate selection: Unable to parse structured payload: unterminated string literal (detected at line 8) (<unknown>, line 8).
INFO:src.hipporag.HippoRAG:Encoding 3 queries for query_to_passage.
WARNING:src.hipporag.rerank:Rerank parse failed on attempt 1 for query 'When is Celebrity Big Brother coming to the network which, along with ABC and the network which broadcasted The Chisholms, is the other major broadcaster based ': Error parsing raw response as candidate selection: Unable to parse structured payload: unterminated string literal (detected at line 2) (<unknown>, line 2).
INFO:src.hipporag.HippoRAG:Encoding 3 queries for query_to_passage.
INFO:src.hipporag.HippoRAG:Encoding 1 queries for query_to_passage.
INFO:src.hipporag.HippoRAG:Encoding 1 queries for query_to_passage.
INFO:src.hipporag.HippoRAG:Encoding 1 queries for query_to_passage.
WARNING:src.hipporag.rerank:Rerank parse failed on attempt 1 for query "What company is the label responsible for Don't Let Me Wait Too Long a part of?": Error parsing raw response as candidate selection: Unable to parse structured payload: unterminated string literal (detected at line 2) (<unknown>, line 2).
INFO:src.hipporag.HippoRAG:Encoding 2 queries for query_to_passage.
INFO:src.hipporag.HippoRAG:Encoding 1 queries for query_to_passage.
WARNING:src.hipporag.rerank:Rerank parse failed on attempt 1 for query "Who is the child of Mahmoud Mirza's father?": Error parsing raw response as candidate selection: Unable to parse structured payload: unterminated string literal (detected at line 2) (<unknown>, line 2).
INFO:src.hipporag.HippoRAG:Encoding 1 queries for query_to_passage.
INFO:src.hipporag.HippoRAG:Encoding 1 queries for query_to_passage.
INFO:src.hipporag.HippoRAG:Encoding 1 queries for query_to_passage.
WARNING:src.hipporag.rerank:Rerank parse failed on attempt 1 for query 'What was the story of the character from The Bourne Deception based on?': Error parsing raw response as candidate selection: Unable to parse structured payload: unterminated string literal (detected at line 4) (<unknown>, line 4).
INFO:src.hipporag.HippoRAG:Encoding 1 queries for query_to_passage.
WARNING:src.hipporag.rerank:Rerank parse failed on attempt 1 for query "Which record label does the band who sang hey now you're an allstar belong to?": Error parsing raw response as candidate selection: Unable to parse structured payload: unterminated string literal (detected at line 2) (<unknown>, line 2).
INFO:src.hipporag.HippoRAG:Encoding 2 queries for query_to_passage.
WARNING:src.hipporag.rerank:Rerank parse failed on attempt 1 for query 'When did the U.S. stop trading with the country that started hostilities?': Error parsing raw response as candidate selection: Unable to parse structured payload: unterminated string literal (detected at line 2) (<unknown>, line 2).
INFO:src.hipporag.HippoRAG:Encoding 2 queries for query_to_passage.
INFO:src.hipporag.HippoRAG:Encoding 1 queries for query_to_passage.
INFO:src.hipporag.HippoRAG:Encoding 2 queries for query_to_passage.
INFO:src.hipporag.HippoRAG:Encoding 1 queries for query_to_passage.
INFO:src.hipporag.HippoRAG:Encoding 1 queries for query_to_passage.
WARNING:src.hipporag.rerank:Rerank parse failed on attempt 1 for query 'Who is part of the group performing Ask the Fish?': Error parsing raw response as candidate selection: Unable to parse structured payload: unterminated string literal (detected at line 2) (<unknown>, line 2).
INFO:src.hipporag.HippoRAG:Encoding 1 queries for query_to_passage.
WARNING:src.hipporag.rerank:Rerank parse failed on attempt 1 for query 'When did the maker of the Acura RLX, the owner of Scion, and Nissan open US assembly plants?': Error parsing raw response as candidate selection: Unable to parse structured payload: unterminated string literal (detected at line 2) (<unknown>, line 2).
INFO:src.hipporag.HippoRAG:Encoding 3 queries for query_to_passage.
INFO:src.hipporag.HippoRAG:Encoding 1 queries for query_to_passage.
INFO:src.hipporag.HippoRAG:Encoding 1 queries for query_to_passage.
INFO:src.hipporag.HippoRAG:Encoding 1 queries for query_to_passage.
INFO:src.hipporag.HippoRAG:Encoding 1 queries for query_to_passage.
INFO:src.hipporag.HippoRAG:Encoding 1 queries for query_to_passage.
WARNING:src.hipporag.rerank:Rerank parse failed on attempt 1 for query 'Which interpretation of the work of the writer of The Canon of Medicine was taught more in Islamic schools?': Error parsing raw response as candidate selection: Unable to parse structured payload: unterminated string literal (detected at line 2) (<unknown>, line 2).
INFO:src.hipporag.HippoRAG:Encoding 1 queries for query_to_passage.
INFO:src.hipporag.HippoRAG:Encoding 1 queries for query_to_passage.
INFO:src.hipporag.HippoRAG:Encoding 1 queries for query_to_passage.
INFO:src.hipporag.HippoRAG:Encoding 1 queries for query_to_passage.
INFO:src.hipporag.HippoRAG:Encoding 4 queries for query_to_passage.
INFO:src.hipporag.HippoRAG:Encoding 1 queries for query_to_passage.
INFO:src.hipporag.HippoRAG:Encoding 4 queries for query_to_passage.
INFO:src.hipporag.HippoRAG:Encoding 1 queries for query_to_passage.
INFO:src.hipporag.HippoRAG:Encoding 1 queries for query_to_passage.
INFO:src.hipporag.HippoRAG:Encoding 1 queries for query_to_passage.
INFO:src.hipporag.HippoRAG:Encoding 1 queries for query_to_passage.
WARNING:src.hipporag.rerank:Rerank parse failed on attempt 1 for query "What were the Genesis' advantages over the platform of Colorful Dragon?": Error parsing raw response as candidate selection: Unable to parse structured payload: unterminated string literal (detected at line 2) (<unknown>, line 2).
INFO:src.hipporag.HippoRAG:Encoding 3 queries for query_to_passage.
INFO:src.hipporag.HippoRAG:Encoding 1 queries for query_to_passage.
INFO:src.hipporag.HippoRAG:Encoding 1 queries for query_to_passage.
INFO:src.hipporag.HippoRAG:Encoding 1 queries for query_to_passage.
INFO:src.hipporag.HippoRAG:Encoding 1 queries for query_to_passage.
INFO:src.hipporag.HippoRAG:Encoding 3 queries for query_to_passage.
WARNING:src.hipporag.rerank:Rerank parse failed on attempt 1 for query 'In what region of the country that contains Phu Luong, is the city that has the Zone 5 Military Museum located?': Error parsing raw response as candidate selection: Unable to parse structured payload: unterminated string literal (detected at line 2) (<unknown>, line 2).
INFO:src.hipporag.HippoRAG:Encoding 3 queries for query_to_passage.
WARNING:src.hipporag.rerank:Rerank parse failed on attempt 1 for query 'who has had the most hits in the league that includes the team that has played the most games of the type played just before the league MVP is awarded?': Error parsing raw response as candidate selection: Unable to parse structured payload: unterminated string literal (detected at line 2) (<unknown>, line 2).
INFO:src.hipporag.HippoRAG:Encoding 3 queries for query_to_passage.
INFO:src.hipporag.HippoRAG:Encoding 1 queries for query_to_passage.
INFO:src.hipporag.HippoRAG:Encoding 1 queries for query_to_passage.
INFO:src.hipporag.HippoRAG:Encoding 1 queries for query_to_passage.
INFO:src.hipporag.HippoRAG:Encoding 1 queries for query_to_passage.
INFO:src.hipporag.HippoRAG:Encoding 1 queries for query_to_passage.
INFO:src.hipporag.HippoRAG:Encoding 1 queries for query_to_passage.
WARNING:src.hipporag.rerank:Rerank parse failed on attempt 1 for query 'Who has the most hits in the history of the organization that includes the team Jim Wilson was released by?': Error parsing raw response as candidate selection: Unable to parse structured payload: unterminated string literal (detected at line 2) (<unknown>, line 2).
INFO:src.hipporag.HippoRAG:Encoding 2 queries for query_to_passage.
WARNING:src.hipporag.rerank:Rerank parse failed on attempt 1 for query 'Along with Kenny G and the performer of Hello Tomorrow, what artist was featured on Smooth Jazz Stations?': Error parsing raw response as candidate selection: Unable to parse structured payload: invalid syntax. Perhaps you forgot a comma? (<unknown>, line 1).
INFO:src.hipporag.HippoRAG:Encoding 2 queries for query_to_passage.
WARNING:src.hipporag.rerank:Rerank parse failed on attempt 1 for query 'What year did the country that is the natural boundary between where the tournament was hosted and where A Don is located host the ASEAN Conference?': Error parsing raw response as candidate selection: Unable to parse structured payload: unterminated string literal (detected at line 6) (<unknown>, line 6).
INFO:src.hipporag.HippoRAG:Encoding 2 queries for query_to_passage.
INFO:src.hipporag.HippoRAG:Encoding 1 queries for query_to_passage.
INFO:src.hipporag.HippoRAG:Encoding 1 queries for query_to_passage.
WARNING:src.hipporag.rerank:Rerank parse failed on attempt 1 for query "Who is the mother of Katharine Smith Salisbury's brother?": Error parsing raw response as candidate selection: Unable to parse structured payload: unterminated string literal (detected at line 4) (<unknown>, line 4).
INFO:src.hipporag.HippoRAG:Encoding 1 queries for query_to_passage.
INFO:src.hipporag.HippoRAG:Encoding 1 queries for query_to_passage.
INFO:src.hipporag.HippoRAG:Encoding 2 queries for query_to_passage.
WARNING:src.hipporag.rerank:Rerank parse failed on attempt 1 for query 'When did the person who first brought a postal service into Umayyad lands become caliph?': Error parsing raw response as candidate selection: Unable to parse structured payload: unterminated string literal (detected at line 2) (<unknown>, line 2).
INFO:src.hipporag.HippoRAG:Encoding 2 queries for query_to_passage.
INFO:src.hipporag.HippoRAG:Encoding 1 queries for query_to_passage.
WARNING:src.hipporag.rerank:Rerank parse failed on attempt 1 for query "Where did Katrina hit the hardest in the Toussaint performer's birthplace?": Error parsing raw response as candidate selection: Unable to parse structured payload: invalid character '–' (U+2013) (<unknown>, line 4).
INFO:src.hipporag.HippoRAG:Encoding 2 queries for query_to_passage.
INFO:src.hipporag.HippoRAG:Encoding 1 queries for query_to_passage.
INFO:src.hipporag.HippoRAG:Encoding 1 queries for query_to_passage.
WARNING:src.hipporag.rerank:Rerank parse failed on attempt 1 for query "Who played Seether's performer in willy wonka and the chocolate factory?": Error parsing raw response as candidate selection: Unable to parse structured payload: unterminated string literal (detected at line 2) (<unknown>, line 2).
INFO:src.hipporag.HippoRAG:Encoding 2 queries for query_to_passage.
INFO:src.hipporag.HippoRAG:Encoding 1 queries for query_to_passage.
INFO:src.hipporag.HippoRAG:Encoding 1 queries for query_to_passage.
INFO:src.hipporag.HippoRAG:Encoding 1 queries for query_to_passage.
INFO:src.hipporag.HippoRAG:Encoding 1 queries for query_to_passage.
INFO:src.hipporag.HippoRAG:Encoding 2 queries for query_to_passage.
INFO:src.hipporag.HippoRAG:Encoding 1 queries for query_to_passage.
INFO:src.hipporag.HippoRAG:Encoding 1 queries for query_to_passage.
WARNING:src.hipporag.rerank:Rerank parse failed on attempt 1 for query 'What is the administrative territorial entity that contains the location of Eric Marcus Municipal Airport PBS station?': Error parsing raw response as candidate selection: Unable to parse structured payload: unterminated string literal (detected at line 2) (<unknown>, line 2).
INFO:src.hipporag.HippoRAG:Encoding 2 queries for query_to_passage.
INFO:src.hipporag.HippoRAG:Encoding 1 queries for query_to_passage.
INFO:src.hipporag.HippoRAG:Encoding 2 queries for query_to_passage.
WARNING:src.hipporag.rerank:Rerank parse failed on attempt 1 for query "Country A has an embassy from the country that contains the bay where the city of General Santos is located. What network created country A's version of The Big": Error parsing raw response as candidate selection: Unable to parse structured payload: unterminated string literal (detected at line 2) (<unknown>, line 2).
INFO:src.hipporag.HippoRAG:Encoding 3 queries for query_to_passage.
INFO:src.hipporag.HippoRAG:Encoding 1 queries for query_to_passage.
WARNING:src.hipporag.rerank:Rerank parse failed on attempt 1 for query "What is the symbol of the Saints from the city where the headquarters of the manufacturer of McAfee's Benchmark called?": Error parsing raw response as candidate selection: Unable to parse structured payload: unterminated string literal (detected at line 6) (<unknown>, line 6).
INFO:src.hipporag.HippoRAG:Encoding 1 queries for query_to_passage.
INFO:src.hipporag.HippoRAG:Encoding 1 queries for query_to_passage.
WARNING:src.hipporag.rerank:Rerank parse failed on attempt 1 for query 'What is the name of the famous bridge located in the birthplace of the composer of Nulla in mundo pax sincera?': Error parsing raw response as candidate selection: Unable to parse structured payload: unterminated string literal (detected at line 2) (<unknown>, line 2).
INFO:src.hipporag.HippoRAG:Encoding 1 queries for query_to_passage.
INFO:src.hipporag.HippoRAG:Encoding 1 queries for query_to_passage.
WARNING:src.hipporag.rerank:Rerank parse failed on attempt 1 for query 'When was the Palau de la Generalitat constructed in the city where Martin from the region where Codo is located died?': Error parsing raw response as candidate selection: Unable to parse structured payload: unterminated string literal (detected at line 2) (<unknown>, line 2).
INFO:src.hipporag.HippoRAG:Encoding 1 queries for query_to_passage.
INFO:src.hipporag.HippoRAG:Encoding 2 queries for query_to_passage.
INFO:src.hipporag.HippoRAG:Encoding 1 queries for query_to_passage.
WARNING:src.hipporag.rerank:Rerank parse failed on attempt 1 for query 'What was the story of the character from The Bourne Ultimatum based on?': Error parsing raw response as candidate selection: Unable to parse structured payload: unterminated string literal (detected at line 2) (<unknown>, line 2).
INFO:src.hipporag.HippoRAG:Encoding 1 queries for query_to_passage.
WARNING:src.hipporag.rerank:Rerank parse failed on attempt 1 for query 'Where is the newspaper that originated the term Baby Boomer based?': Error parsing raw response as candidate selection: Unable to parse structured payload: unterminated string literal (detected at line 2) (<unknown>, line 2).
INFO:src.hipporag.HippoRAG:Encoding 1 queries for query_to_passage.
INFO:src.hipporag.HippoRAG:Encoding 1 queries for query_to_passage.
INFO:src.hipporag.HippoRAG:Encoding 2 queries for query_to_passage.
INFO:src.hipporag.HippoRAG:Encoding 1 queries for query_to_passage.
WARNING:src.hipporag.rerank:Rerank parse failed on attempt 1 for query 'In which county is the city of KABG located?': Error parsing raw response as candidate selection: Unable to parse structured payload: unterminated string literal (detected at line 2) (<unknown>, line 2).
INFO:src.hipporag.HippoRAG:Encoding 1 queries for query_to_passage.
WARNING:src.hipporag.rerank:Rerank parse failed on attempt 1 for query "Where did the arguer that Nadezhda Tkachenko's country of citizenship had become an imperialist power declare he would intervene in the Korean conflict?": Error parsing raw response as candidate selection: Unable to parse structured payload: unterminated string literal (detected at line 4) (<unknown>, line 4).
INFO:src.hipporag.HippoRAG:Encoding 2 queries for query_to_passage.
INFO:src.hipporag.HippoRAG:Encoding 1 queries for query_to_passage.
INFO:src.hipporag.HippoRAG:Encoding 1 queries for query_to_passage.
INFO:src.hipporag.HippoRAG:Encoding 2 queries for query_to_passage.
INFO:src.hipporag.HippoRAG:Encoding 1 queries for query_to_passage.
WARNING:src.hipporag.rerank:Rerank parse failed on attempt 1 for query 'When did the country where the top-ranking Warsaw Pact operatives originated, despite its being headquartered in the nation known as the nobilities commonwealth': Error parsing raw response as candidate selection: Unable to parse structured payload: unterminated string literal (detected at line 2) (<unknown>, line 2).
INFO:src.hipporag.HippoRAG:Encoding 3 queries for query_to_passage.
INFO:src.hipporag.HippoRAG:Encoding 1 queries for query_to_passage.
INFO:src.hipporag.HippoRAG:Encoding 1 queries for query_to_passage.
INFO:src.hipporag.HippoRAG:Encoding 1 queries for query_to_passage.
INFO:src.hipporag.HippoRAG:Encoding 1 queries for query_to_passage.
INFO:src.hipporag.HippoRAG:Encoding 1 queries for query_to_passage.
INFO:src.hipporag.HippoRAG:Encoding 1 queries for query_to_passage.
INFO:src.hipporag.HippoRAG:Encoding 2 queries for query_to_passage.
WARNING:src.hipporag.rerank:Rerank parse failed on attempt 1 for query 'In what region of the country where Châu Đức is found, is the birthplace of John Phan?': Error parsing raw response as candidate selection: Unable to parse structured payload: unterminated string literal (detected at line 2) (<unknown>, line 2).
INFO:src.hipporag.HippoRAG:Encoding 3 queries for query_to_passage.
INFO:src.hipporag.HippoRAG:Encoding 1 queries for query_to_passage.
WARNING:src.hipporag.rerank:Rerank parse failed on attempt 1 for query 'What is the seat of the county sharing a border with the county in which Amy McKenzie was born?': Error parsing raw response as candidate selection: Unable to parse structured payload: unterminated string literal (detected at line 2) (<unknown>, line 2).
INFO:src.hipporag.HippoRAG:Encoding 1 queries for query_to_passage.
WARNING:src.hipporag.rerank:Rerank parse failed on attempt 1 for query 'What is the country of the border troops of the country of the literature of the country Wilfried Grobner was in?': Error parsing raw response as candidate selection: Unable to parse structured payload: unterminated string literal (detected at line 2) (<unknown>, line 2).
INFO:src.hipporag.HippoRAG:Encoding 4 queries for query_to_passage.
INFO:src.hipporag.HippoRAG:Encoding 1 queries for query_to_passage.
INFO:src.hipporag.HippoRAG:Encoding 1 queries for query_to_passage.
INFO:src.hipporag.HippoRAG:Encoding 1 queries for query_to_passage.
WARNING:src.hipporag.rerank:Rerank parse failed on attempt 1 for query 'What county is the Ira C. Allen Mansion located in?': Error parsing raw response as candidate selection: Unable to parse structured payload: unterminated string literal (detected at line 2) (<unknown>, line 2).
INFO:src.hipporag.HippoRAG:Encoding 2 queries for query_to_passage.
WARNING:src.hipporag.rerank:Rerank parse failed on attempt 1 for query 'In the arabic dictionary what is the meaning of the word that also refers to the majority religion in India during the creation of the country where Rabwah is l': Error parsing raw response as candidate selection: Unable to parse structured payload: unterminated string literal (detected at line 2) (<unknown>, line 2).
INFO:src.hipporag.HippoRAG:Encoding 2 queries for query_to_passage.
INFO:src.hipporag.HippoRAG:Encoding 1 queries for query_to_passage.
INFO:src.hipporag.HippoRAG:Encoding 1 queries for query_to_passage.
INFO:src.hipporag.HippoRAG:Encoding 1 queries for query_to_passage.
WARNING:src.hipporag.rerank:Rerank parse failed on attempt 1 for query 'Where did the founder of the Acting Company study?': Error parsing raw response as candidate selection: Unable to parse structured payload: unterminated string literal (detected at line 2) (<unknown>, line 2).
INFO:src.hipporag.HippoRAG:Encoding 2 queries for query_to_passage.
INFO:src.hipporag.HippoRAG:Encoding 1 queries for query_to_passage.
WARNING:src.hipporag.rerank:Rerank parse failed on attempt 1 for query 'When did the city that contains the basilica named after the saint who is holding a knife in the last supper become a country?': Error parsing raw response as candidate selection: Unable to parse structured payload: unterminated string literal (detected at line 2) (<unknown>, line 2).
WARNING:src.hipporag.rerank:Rerank parse failed on attempt 1 for query 'Who led the military expedition in the province that borders Zhejiang to the south?': Error parsing raw response as candidate selection: Unable to parse structured payload: unterminated string literal (detected at line 2) (<unknown>, line 2).
INFO:src.hipporag.HippoRAG:Encoding 2 queries for query_to_passage.
WARNING:src.hipporag.rerank:Rerank parse failed on attempt 1 for query 'What is the direction of the flow of the river near the city where the designer of Southeast Library died?': Error parsing raw response as candidate selection: Unable to parse structured payload: unterminated string literal (detected at line 2) (<unknown>, line 2).
INFO:src.hipporag.HippoRAG:Encoding 1 queries for query_to_passage.
WARNING:src.hipporag.rerank:Rerank parse failed on attempt 1 for query "Who is the host of Who Wants to be a Millionaire in the country that MacGruder and Loud's creator is from?": Error parsing raw response as candidate selection: Unable to parse structured payload: unterminated string literal (detected at line 4) (<unknown>, line 4).
INFO:src.hipporag.HippoRAG:Encoding 2 queries for query_to_passage.
INFO:src.hipporag.HippoRAG:Encoding 2 queries for query_to_passage.
INFO:src.hipporag.HippoRAG:Encoding 1 queries for query_to_passage.
INFO:src.hipporag.HippoRAG:Encoding 1 queries for query_to_passage.
WARNING:src.hipporag.rerank:Rerank parse failed on attempt 1 for query 'Who is the child of the horse who also fathered Tompion?': Error parsing raw response as candidate selection: Unable to parse structured payload: unterminated string literal (detected at line 2) (<unknown>, line 2).
INFO:src.hipporag.HippoRAG:Encoding 2 queries for query_to_passage.
WARNING:src.hipporag.rerank:Rerank parse failed on attempt 1 for query 'Who is the federal leader of the political party Ken Epp belongs to?': Error parsing raw response as candidate selection: Unable to parse structured payload: unterminated string literal (detected at line 2) (<unknown>, line 2).
INFO:src.hipporag.HippoRAG:Encoding 1 queries for query_to_passage.
INFO:src.hipporag.HippoRAG:Encoding 2 queries for query_to_passage.
WARNING:src.hipporag.rerank:Rerank parse failed on attempt 1 for query 'What movie won the Knock on Any Door cast member his only Oscar?': Error parsing raw response as candidate selection: Unable to parse structured payload: unterminated string literal (detected at line 2) (<unknown>, line 2).
INFO:src.hipporag.HippoRAG:Encoding 2 queries for query_to_passage.
INFO:src.hipporag.HippoRAG:Encoding 1 queries for query_to_passage.
INFO:src.hipporag.HippoRAG:Encoding 1 queries for query_to_passage.
INFO:src.hipporag.HippoRAG:Encoding 1 queries for query_to_passage.
INFO:src.hipporag.HippoRAG:Encoding 1 queries for query_to_passage.
WARNING:src.hipporag.rerank:Rerank parse failed on attempt 1 for query 'How many atms does the bank that bought FleetBoston Financial has are there?': Error parsing raw response as candidate selection: Unable to parse structured payload: unterminated string literal (detected at line 1) (<unknown>, line 1).
INFO:src.hipporag.HippoRAG:Encoding 1 queries for query_to_passage.
INFO:src.hipporag.HippoRAG:Encoding 1 queries for query_to_passage.
INFO:src.hipporag.HippoRAG:Encoding 1 queries for query_to_passage.
INFO:src.hipporag.HippoRAG:Encoding 1 queries for query_to_passage.
WARNING:src.hipporag.rerank:Rerank parse failed on attempt 1 for query 'Who was the artist who is associated with Beyonce\'s premiere solo recording talking about in the song "Cry"?': Error parsing raw response as candidate selection: Unable to parse structured payload: unterminated string literal (detected at line 4) (<unknown>, line 4).
INFO:src.hipporag.HippoRAG:Encoding 2 queries for query_to_passage.
INFO:src.hipporag.HippoRAG:Encoding 1 queries for query_to_passage.
INFO:src.hipporag.HippoRAG:Encoding 3 queries for query_to_passage.
INFO:src.hipporag.HippoRAG:Encoding 1 queries for query_to_passage.
WARNING:src.hipporag.rerank:Rerank parse failed on attempt 1 for query 'Who was the British general in the birthplace of the performer of Here Come the Girls?': Error parsing raw response as candidate selection: Unable to parse structured payload: unterminated string literal (detected at line 2) (<unknown>, line 2).
INFO:src.hipporag.HippoRAG:Encoding 2 queries for query_to_passage.
WARNING:src.hipporag.rerank:Rerank parse failed on attempt 1 for query 'Who is the actress who played the woman who was the Queen of England in 1890 on the network that produced Monsterpiece Theater?': Error parsing raw response as candidate selection: Unable to parse structured payload: unterminated string literal (detected at line 2) (<unknown>, line 2).
INFO:src.hipporag.HippoRAG:Encoding 3 queries for query_to_passage.
INFO:src.hipporag.HippoRAG:Encoding 1 queries for query_to_passage.
INFO:src.hipporag.HippoRAG:Encoding 1 queries for query_to_passage.
WARNING:src.hipporag.rerank:Rerank parse failed on attempt 1 for query 'What company merged in 2002 with the CEMM developer?': Error parsing raw response as candidate selection: Unable to parse structured payload: unterminated string literal (detected at line 2) (<unknown>, line 2).
INFO:src.hipporag.HippoRAG:Encoding 2 queries for query_to_passage.
WARNING:src.hipporag.rerank:Rerank parse failed on attempt 1 for query 'What day is the feast held in the city containing the headquarters of the company, that owns the record label that released Study in Brown?': Error parsing raw response as candidate selection: Unable to parse structured payload: unterminated string literal (detected at line 8) (<unknown>, line 8).
INFO:src.hipporag.HippoRAG:Encoding 2 queries for query_to_passage.
INFO:src.hipporag.HippoRAG:Encoding 1 queries for query_to_passage.
INFO:src.hipporag.HippoRAG:Encoding 2 queries for query_to_passage.
INFO:src.hipporag.HippoRAG:Encoding 1 queries for query_to_passage.
INFO:src.hipporag.HippoRAG:Encoding 1 queries for query_to_passage.
INFO:src.hipporag.HippoRAG:Encoding 2 queries for query_to_passage.
INFO:src.hipporag.HippoRAG:Encoding 1 queries for query_to_passage.
INFO:src.hipporag.HippoRAG:Encoding 1 queries for query_to_passage.
INFO:src.hipporag.HippoRAG:Encoding 2 queries for query_to_passage.
WARNING:src.hipporag.rerank:Rerank parse failed on attempt 1 for query 'Who did the cast member of The Woman in the Window play in the Ten Commendments?': Error parsing raw response as candidate selection: Unable to parse structured payload: unterminated string literal (detected at line 2) (<unknown>, line 2).
INFO:src.hipporag.HippoRAG:Encoding 3 queries for query_to_passage.
INFO:src.hipporag.HippoRAG:Encoding 2 queries for query_to_passage.
INFO:src.hipporag.HippoRAG:Encoding 1 queries for query_to_passage.
INFO:src.hipporag.HippoRAG:Encoding 2 queries for query_to_passage.
INFO:src.hipporag.HippoRAG:Encoding 3 queries for query_to_passage.
INFO:src.hipporag.HippoRAG:Encoding 1 queries for query_to_passage.
INFO:src.hipporag.HippoRAG:Encoding 1 queries for query_to_passage.
WARNING:src.hipporag.rerank:Rerank parse failed on attempt 1 for query 'What label is responsible for the performer of "Friend Like That"?': Error parsing raw response as candidate selection: Unable to parse structured payload: unterminated string literal (detected at line 2) (<unknown>, line 2).
INFO:src.hipporag.HippoRAG:Encoding 1 queries for query_to_passage.
INFO:src.hipporag.HippoRAG:Encoding 1 queries for query_to_passage.
INFO:src.hipporag.HippoRAG:Encoding 2 queries for query_to_passage.
INFO:src.hipporag.HippoRAG:Encoding 1 queries for query_to_passage.
WARNING:src.hipporag.rerank:Rerank parse failed on attempt 1 for query 'Which county shares a border with the county where the most populous city in the other state that sent Tennessee the most tourists in 2013 is located?': Error parsing raw response as candidate selection: Unable to parse structured payload: unterminated string literal (detected at line 2) (<unknown>, line 2).
INFO:src.hipporag.HippoRAG:Encoding 2 queries for query_to_passage.
INFO:src.hipporag.HippoRAG:Encoding 1 queries for query_to_passage.
INFO:src.hipporag.HippoRAG:Encoding 1 queries for query_to_passage.
INFO:src.hipporag.HippoRAG:Encoding 1 queries for query_to_passage.
INFO:src.hipporag.HippoRAG:Encoding 1 queries for query_to_passage.
INFO:src.hipporag.HippoRAG:Encoding 1 queries for query_to_passage.
INFO:src.hipporag.HippoRAG:Encoding 1 queries for query_to_passage.
WARNING:src.hipporag.rerank:Rerank parse failed on attempt 1 for query 'Who won the Indy car race in the largest city and the capital of the US state of origin of the performer of The Black Saint and the Sinner Lady?': Error parsing raw response as candidate selection: Unable to parse structured payload: unterminated string literal (detected at line 2) (<unknown>, line 2).
INFO:src.hipporag.HippoRAG:Encoding 4 queries for query_to_passage.
INFO:src.hipporag.HippoRAG:Encoding 1 queries for query_to_passage.
INFO:src.hipporag.HippoRAG:Encoding 1 queries for query_to_passage.
INFO:src.hipporag.HippoRAG:Encoding 1 queries for query_to_passage.
INFO:src.hipporag.HippoRAG:Encoding 1 queries for query_to_passage.
INFO:src.hipporag.HippoRAG:Encoding 1 queries for query_to_passage.
INFO:src.hipporag.HippoRAG:Encoding 1 queries for query_to_passage.
INFO:src.hipporag.HippoRAG:Encoding 1 queries for query_to_passage.
INFO:src.hipporag.HippoRAG:Encoding 1 queries for query_to_passage.
INFO:src.hipporag.HippoRAG:Encoding 1 queries for query_to_passage.
INFO:src.hipporag.HippoRAG:Encoding 1 queries for query_to_passage.
WARNING:src.hipporag.rerank:Rerank parse failed on attempt 1 for query 'What is the record label for the singer who originally sang You Belong To Me.': Error parsing raw response as candidate selection: Unable to parse structured payload: unterminated string literal (detected at line 2) (<unknown>, line 2).
INFO:src.hipporag.HippoRAG:Encoding 2 queries for query_to_passage.
WARNING:src.hipporag.rerank:Rerank parse failed on attempt 1 for query "How long had Lijia Zhang's birthplace been the capitol city of Yaxing Coach's headquarters location?": Error parsing raw response as candidate selection: Unable to parse structured payload: unterminated string literal (detected at line 2) (<unknown>, line 2).
INFO:src.hipporag.HippoRAG:Encoding 3 queries for query_to_passage.
INFO:src.hipporag.HippoRAG:Encoding 1 queries for query_to_passage.
INFO:src.hipporag.HippoRAG:Encoding 1 queries for query_to_passage.
INFO:src.hipporag.HippoRAG:Encoding 1 queries for query_to_passage.
INFO:src.hipporag.HippoRAG:Encoding 1 queries for query_to_passage.
INFO:src.hipporag.HippoRAG:Encoding 2 queries for query_to_passage.
INFO:src.hipporag.HippoRAG:Encoding 1 queries for query_to_passage.
WARNING:src.hipporag.rerank:Rerank parse failed on attempt 1 for query "What was Nintendo's limit on games per developer per year on the platform, also known by a three letter abbreviation, of the video game Xexyz?": Error parsing raw response as candidate selection: Unable to parse structured payload: unterminated string literal (detected at line 9) (<unknown>, line 9).
INFO:src.hipporag.HippoRAG:Encoding 2 queries for query_to_passage.
INFO:src.hipporag.HippoRAG:Encoding 1 queries for query_to_passage.
INFO:src.hipporag.HippoRAG:Encoding 1 queries for query_to_passage.
INFO:src.hipporag.HippoRAG:Encoding 1 queries for query_to_passage.
WARNING:src.hipporag.rerank:Rerank parse failed on attempt 1 for query "In what year did Margaret Knox's spouse pass away?": Error parsing raw response as candidate selection: Unable to parse structured payload: unterminated string literal (detected at line 4) (<unknown>, line 4).
INFO:src.hipporag.HippoRAG:Encoding 2 queries for query_to_passage.
WARNING:src.hipporag.rerank:Rerank parse failed on attempt 1 for query 'What is the date of birth of the performer of Stand Up?': Error parsing raw response as candidate selection: Unable to parse structured payload: unterminated string literal (detected at line 2) (<unknown>, line 2).
INFO:src.hipporag.HippoRAG:Encoding 1 queries for query_to_passage.
WARNING:src.hipporag.rerank:Rerank parse failed on attempt 1 for query 'What treaty ceded territory to the US extending west to the body of water by the location of the Minikahda Club?': Error parsing raw response as candidate selection: Unable to parse structured payload: unterminated string literal (detected at line 2) (<unknown>, line 2).
INFO:src.hipporag.HippoRAG:Encoding 2 queries for query_to_passage.
INFO:src.hipporag.HippoRAG:Encoding 1 queries for query_to_passage.
INFO:src.hipporag.HippoRAG:Encoding 1 queries for query_to_passage.
INFO:src.hipporag.HippoRAG:Encoding 2 queries for query_to_passage.
INFO:src.hipporag.HippoRAG:Encoding 1 queries for query_to_passage.
INFO:src.hipporag.HippoRAG:Encoding 2 queries for query_to_passage.
INFO:src.hipporag.HippoRAG:Encoding 1 queries for query_to_passage.
INFO:src.hipporag.HippoRAG:Encoding 1 queries for query_to_passage.
INFO:src.hipporag.HippoRAG:Encoding 1 queries for query_to_passage.
WARNING:src.hipporag.rerank:Rerank parse failed on attempt 1 for query "When did the headquarters city of Kentucky Tavern's manufacturer elect its first black mayor?": Error parsing raw response as candidate selection: Unable to parse structured payload: unterminated string literal (detected at line 4) (<unknown>, line 4).
INFO:src.hipporag.HippoRAG:Encoding 2 queries for query_to_passage.
INFO:src.hipporag.HippoRAG:Encoding 1 queries for query_to_passage.
WARNING:src.hipporag.rerank:Rerank parse failed on attempt 1 for query 'What dissolved the privileges of the empire using Pan-Slavism as a political tool, the kingdom acquiring some Thuringian territory or Habsburg Monarchy?': Error parsing raw response as candidate selection: Unable to parse structured payload: unterminated string literal (detected at line 2) (<unknown>, line 2).
INFO:src.hipporag.HippoRAG:Encoding 2 queries for query_to_passage.
INFO:src.hipporag.HippoRAG:Encoding 1 queries for query_to_passage.
INFO:src.hipporag.HippoRAG:Encoding 1 queries for query_to_passage.
WARNING:src.hipporag.rerank:Rerank parse failed on attempt 1 for query 'Which has more national championships, university of the state having Fort Hill or university of the state whose primary was won by Edwards besides the state ha': Error parsing raw response as candidate selection: Unable to parse structured payload: unterminated string literal (detected at line 2) (<unknown>, line 2).
INFO:src.hipporag.HippoRAG:Encoding 4 queries for query_to_passage.
INFO:src.hipporag.HippoRAG:Encoding 1 queries for query_to_passage.
INFO:src.hipporag.HippoRAG:Encoding 1 queries for query_to_passage.
INFO:src.hipporag.HippoRAG:Encoding 1 queries for query_to_passage.
INFO:src.hipporag.HippoRAG:Encoding 1 queries for query_to_passage.
INFO:src.hipporag.HippoRAG:Encoding 2 queries for query_to_passage.
WARNING:src.hipporag.rerank:Rerank parse failed on attempt 1 for query 'How long are the council terms in the second largest city in the US state focused by the cross-border transactions committee of the Department of Real Estate?': Error parsing raw response as candidate selection: Unable to parse structured payload: unterminated string literal (detected at line 2) (<unknown>, line 2).
INFO:src.hipporag.HippoRAG:Encoding 2 queries for query_to_passage.
INFO:src.hipporag.HippoRAG:Encoding 1 queries for query_to_passage.
INFO:src.hipporag.HippoRAG:Encoding 1 queries for query_to_passage.
INFO:src.hipporag.HippoRAG:Encoding 1 queries for query_to_passage.
WARNING:src.hipporag.rerank:Rerank parse failed on attempt 1 for query "In what region of the country where Sa Thay is located is John Phan's birthplace?": Error parsing raw response as candidate selection: Unable to parse structured payload: unterminated string literal (detected at line 16) (<unknown>, line 16).
INFO:src.hipporag.HippoRAG:Encoding 2 queries for query_to_passage.
INFO:src.hipporag.HippoRAG:Encoding 1 queries for query_to_passage.
INFO:src.hipporag.HippoRAG:Encoding 1 queries for query_to_passage.
INFO:src.hipporag.HippoRAG:Encoding 1 queries for query_to_passage.
WARNING:src.hipporag.rerank:Rerank parse failed on attempt 1 for query "What else happened in the northern part of Erich Zakowski's birthplace in the now Russian area?": Error parsing raw response as candidate selection: Unable to parse structured payload: unterminated string literal (detected at line 6) (<unknown>, line 6).
INFO:src.hipporag.HippoRAG:Encoding 1 queries for query_to_passage.
INFO:src.hipporag.HippoRAG:Encoding 1 queries for query_to_passage.
WARNING:src.hipporag.rerank:Rerank parse failed on attempt 1 for query 'Who was played by the director of The Good Shepherd in The Godfather Part II?': Error parsing raw response as candidate selection: Unable to parse structured payload: unterminated string literal (detected at line 8) (<unknown>, line 8).
INFO:src.hipporag.HippoRAG:Encoding 1 queries for query_to_passage.
INFO:src.hipporag.HippoRAG:Encoding 1 queries for query_to_passage.
INFO:src.hipporag.HippoRAG:Encoding 1 queries for query_to_passage.
WARNING:src.hipporag.rerank:Rerank parse failed on attempt 1 for query "Another world leader said that Vladimir Rapoport's country was imperialist. Where did that leader announce that he would intervene in the Korean conflict?": Error parsing raw response as candidate selection: Unable to parse structured payload: unterminated string literal (detected at line 4) (<unknown>, line 4).
INFO:src.hipporag.HippoRAG:Encoding 2 queries for query_to_passage.
INFO:src.hipporag.HippoRAG:Encoding 1 queries for query_to_passage.
INFO:src.hipporag.HippoRAG:Encoding 1 queries for query_to_passage.
INFO:src.hipporag.HippoRAG:Encoding 2 queries for query_to_passage.
INFO:src.hipporag.HippoRAG:Encoding 1 queries for query_to_passage.
WARNING:src.hipporag.rerank:Rerank parse failed on attempt 1 for query 'What treaty ceded territory to the US extending west to body of water by the city where the Lots More Blues, Rags and Hollers performer was formed?': Error parsing raw response as candidate selection: Unable to parse structured payload: unterminated string literal (detected at line 2) (<unknown>, line 2).
INFO:src.hipporag.HippoRAG:Encoding 1 queries for query_to_passage.
INFO:src.hipporag.HippoRAG:Encoding 1 queries for query_to_passage.
INFO:src.hipporag.HippoRAG:Encoding 1 queries for query_to_passage.
INFO:src.hipporag.HippoRAG:Encoding 1 queries for query_to_passage.
INFO:src.hipporag.HippoRAG:Encoding 2 queries for query_to_passage.
WARNING:src.hipporag.rerank:Rerank parse failed on attempt 1 for query 'Why did Roncalli leave the city where the creator of Flora died?': Error parsing raw response as candidate selection: Unable to parse structured payload: unterminated string literal (detected at line 2) (<unknown>, line 2).
INFO:src.hipporag.HippoRAG:Encoding 3 queries for query_to_passage.
INFO:src.hipporag.HippoRAG:Encoding 1 queries for query_to_passage.
INFO:src.hipporag.HippoRAG:Encoding 3 queries for query_to_passage.
INFO:src.hipporag.HippoRAG:Encoding 1 queries for query_to_passage.
WARNING:src.hipporag.rerank:Rerank parse failed on attempt 1 for query 'A country\'s military branch, which in the US contains the Air Defense Artillery, was unprepared for the invasion of the country whose ccTLD was ".cs". The unpre': Error parsing raw response as candidate selection: Unable to parse structured payload: invalid syntax (<unknown>, line 1).
INFO:src.hipporag.HippoRAG:Encoding 4 queries for query_to_passage.
INFO:src.hipporag.HippoRAG:Encoding 1 queries for query_to_passage.
INFO:src.hipporag.HippoRAG:Encoding 1 queries for query_to_passage.
INFO:src.hipporag.HippoRAG:Encoding 1 queries for query_to_passage.
INFO:src.hipporag.HippoRAG:Encoding 1 queries for query_to_passage.
INFO:src.hipporag.HippoRAG:Encoding 1 queries for query_to_passage.
INFO:src.hipporag.HippoRAG:Encoding 2 queries for query_to_passage.
INFO:src.hipporag.HippoRAG:Encoding 1 queries for query_to_passage.
INFO:src.hipporag.HippoRAG:Encoding 1 queries for query_to_passage.
INFO:src.hipporag.HippoRAG:Encoding 1 queries for query_to_passage.
INFO:src.hipporag.HippoRAG:Encoding 3 queries for query_to_passage.
WARNING:src.hipporag.rerank:Rerank parse failed on attempt 1 for query 'When was the kingdom lying immediately to the north of the region prevailing with "Near East" disgrace and the region having the most growth in desalination for': Error parsing raw response as candidate selection: Unable to parse structured payload: unterminated string literal (detected at line 4) (<unknown>, line 4).
INFO:src.hipporag.HippoRAG:Encoding 3 queries for query_to_passage.
INFO:src.hipporag.HippoRAG:Encoding 1 queries for query_to_passage.
INFO:src.hipporag.HippoRAG:Encoding 1 queries for query_to_passage.
INFO:src.hipporag.HippoRAG:Encoding 1 queries for query_to_passage.
INFO:src.hipporag.HippoRAG:Encoding 1 queries for query_to_passage.
INFO:src.hipporag.HippoRAG:Encoding 1 queries for query_to_passage.
INFO:src.hipporag.HippoRAG:Encoding 1 queries for query_to_passage.
INFO:src.hipporag.HippoRAG:Encoding 1 queries for query_to_passage.
INFO:src.hipporag.HippoRAG:Encoding 1 queries for query_to_passage.
INFO:src.hipporag.HippoRAG:Encoding 1 queries for query_to_passage.
WARNING:src.hipporag.rerank:Rerank parse failed on attempt 1 for query "When was the last time Krystian Pearce's sports team beat the winner of the 1894-95 FA Cup?": Error parsing raw response as candidate selection: Unable to parse structured payload: unterminated string literal (detected at line 8) (<unknown>, line 8).
INFO:src.hipporag.HippoRAG:Encoding 2 queries for query_to_passage.
INFO:src.hipporag.HippoRAG:Encoding 1 queries for query_to_passage.
INFO:src.hipporag.HippoRAG:Encoding 1 queries for query_to_passage.
INFO:src.hipporag.HippoRAG:Encoding 1 queries for query_to_passage.
WARNING:src.hipporag.rerank:Rerank parse failed on attempt 1 for query 'A participant of the Battle of Brechin is an instance of?': Error parsing raw response as candidate selection: Unable to parse structured payload: unterminated string literal (detected at line 2) (<unknown>, line 2).
INFO:src.hipporag.HippoRAG:Encoding 2 queries for query_to_passage.
INFO:src.hipporag.HippoRAG:Encoding 1 queries for query_to_passage.
WARNING:src.hipporag.rerank:Rerank parse failed on attempt 1 for query 'What administrative territorial entity includes the arrondissement that contains the Digne Cathedral?': Error parsing raw response as candidate selection: Unable to parse structured payload: unterminated string literal (detected at line 2) (<unknown>, line 2).
INFO:src.hipporag.HippoRAG:Encoding 2 queries for query_to_passage.
INFO:src.hipporag.HippoRAG:Encoding 1 queries for query_to_passage.
INFO:src.hipporag.HippoRAG:Encoding 2 queries for query_to_passage.
INFO:src.hipporag.HippoRAG:Encoding 1 queries for query_to_passage.
WARNING:src.hipporag.rerank:Rerank parse failed on attempt 1 for query 'What year did the Leone brothers start their band?': Error parsing raw response as candidate selection: Unable to parse structured payload: unterminated string literal (detected at line 2) (<unknown>, line 2).
INFO:src.hipporag.HippoRAG:Encoding 2 queries for query_to_passage.
INFO:src.hipporag.HippoRAG:Encoding 1 queries for query_to_passage.
INFO:src.hipporag.HippoRAG:Encoding 3 queries for query_to_passage.
WARNING:src.hipporag.rerank:Rerank parse failed on attempt 1 for query 'Which city shares border with the area having Bella Vista High School?': Error parsing raw response as candidate selection: Unable to parse structured payload: unterminated string literal (detected at line 2) (<unknown>, line 2).
INFO:src.hipporag.HippoRAG:Encoding 2 queries for query_to_passage.
INFO:src.hipporag.HippoRAG:Encoding 1 queries for query_to_passage.
WARNING:src.hipporag.rerank:Rerank parse failed on attempt 1 for query "How many people work in Susan Winchester's alma mater?": Error parsing raw response as candidate selection: Unable to parse structured payload: unterminated string literal (detected at line 9) (<unknown>, line 9).
INFO:src.hipporag.HippoRAG:Encoding 2 queries for query_to_passage.
INFO:src.hipporag.HippoRAG:Encoding 1 queries for query_to_passage.
WARNING:src.hipporag.rerank:Rerank parse failed on attempt 1 for query 'Who did Hay work for after being hired by his other notable influence regarding resource distribution other than Max Weber?': Error parsing raw response as candidate selection: Unable to parse structured payload: unterminated string literal (detected at line 2) (<unknown>, line 2).
INFO:src.hipporag.HippoRAG:Encoding 2 queries for query_to_passage.
WARNING:src.hipporag.rerank:Rerank parse failed on attempt 1 for query 'What is the name of the castle in the city where the performer of Sleep is the Enemy was formed?': Error parsing raw response as candidate selection: Unable to parse structured payload: unterminated string literal (detected at line 2) (<unknown>, line 2).
INFO:src.hipporag.HippoRAG:Encoding 1 queries for query_to_passage.
INFO:src.hipporag.HippoRAG:Encoding 1 queries for query_to_passage.
INFO:src.hipporag.HippoRAG:Encoding 1 queries for query_to_passage.
INFO:src.hipporag.HippoRAG:Encoding 2 queries for query_to_passage.
INFO:src.hipporag.HippoRAG:Encoding 1 queries for query_to_passage.
INFO:src.hipporag.HippoRAG:Encoding 1 queries for query_to_passage.
INFO:src.hipporag.HippoRAG:Encoding 1 queries for query_to_passage.
INFO:src.hipporag.HippoRAG:Encoding 1 queries for query_to_passage.
INFO:src.hipporag.HippoRAG:Encoding 1 queries for query_to_passage.
WARNING:src.hipporag.rerank:Rerank parse failed on attempt 1 for query 'Which war did the operator of the Fabian Wrede-class training ship serve in?': Error parsing raw response as candidate selection: Unable to parse structured payload: unterminated string literal (detected at line 2) (<unknown>, line 2).
INFO:src.hipporag.HippoRAG:Encoding 1 queries for query_to_passage.
INFO:src.hipporag.HippoRAG:Encoding 2 queries for query_to_passage.
INFO:src.hipporag.HippoRAG:Encoding 1 queries for query_to_passage.
INFO:src.hipporag.HippoRAG:Encoding 1 queries for query_to_passage.
INFO:src.hipporag.HippoRAG:Encoding 1 queries for query_to_passage.
INFO:src.hipporag.HippoRAG:Encoding 1 queries for query_to_passage.
WARNING:src.hipporag.rerank:Rerank parse failed on attempt 1 for query "What was where the last name sylvester comes from of who was Rotrude's father's era later known as?": Error parsing raw response as candidate selection: Unable to parse structured payload: unterminated string literal (detected at line 2) (<unknown>, line 2).
INFO:src.hipporag.HippoRAG:Encoding 2 queries for query_to_passage.
INFO:src.hipporag.HippoRAG:Encoding 1 queries for query_to_passage.
INFO:src.hipporag.HippoRAG:Encoding 1 queries for query_to_passage.
INFO:src.hipporag.HippoRAG:Encoding 1 queries for query_to_passage.
WARNING:src.hipporag.rerank:Rerank parse failed on attempt 1 for query 'What is the full name of the organization that publishes he Laws of the Game?': Error parsing raw response as candidate selection: Unable to parse structured payload: unterminated string literal (detected at line 2) (<unknown>, line 2).
INFO:src.hipporag.HippoRAG:Encoding 1 queries for query_to_passage.
WARNING:src.hipporag.rerank:Rerank parse failed on attempt 1 for query 'Who was the first elected president of the country where, along with the nation where Ágnes Konkoly is from, many expelled French Jews relocated to?': Error parsing raw response as candidate selection: Unable to parse structured payload: unterminated string literal (detected at line 2) (<unknown>, line 2).
INFO:src.hipporag.HippoRAG:Encoding 3 queries for query_to_passage.
INFO:src.hipporag.HippoRAG:Encoding 1 queries for query_to_passage.
INFO:src.hipporag.HippoRAG:Encoding 1 queries for query_to_passage.
INFO:src.hipporag.HippoRAG:Encoding 1 queries for query_to_passage.
INFO:src.hipporag.HippoRAG:Encoding 1 queries for query_to_passage.
INFO:src.hipporag.HippoRAG:Encoding 1 queries for query_to_passage.
INFO:src.hipporag.HippoRAG:Encoding 1 queries for query_to_passage.
INFO:src.hipporag.HippoRAG:Encoding 1 queries for query_to_passage.
WARNING:src.hipporag.rerank:Rerank parse failed on attempt 1 for query "What county shares a border with the county where the birthplace of Tonight You're Mine's performer is located?": Error parsing raw response as candidate selection: Unable to parse structured payload: unterminated string literal (detected at line 2) (<unknown>, line 2).
INFO:src.hipporag.HippoRAG:Encoding 3 queries for query_to_passage.
WARNING:src.hipporag.rerank:Rerank parse failed on attempt 1 for query 'Who wrote Turn Me On by the Thinking About You performer?': Error parsing raw response as candidate selection: Unable to parse structured payload: unterminated string literal (detected at line 2) (<unknown>, line 2).
INFO:src.hipporag.HippoRAG:Encoding 2 queries for query_to_passage.
WARNING:src.hipporag.rerank:Rerank parse failed on attempt 1 for query "Arie Supriyatna's birth country was one participant in a Commission of Truth and Friendship. Who is the president of the other country that participated?": Error parsing raw response as candidate selection: Unable to parse structured payload: unterminated string literal (detected at line 9) (<unknown>, line 9).
INFO:src.hipporag.HippoRAG:Encoding 3 queries for query_to_passage.
INFO:src.hipporag.HippoRAG:Encoding 1 queries for query_to_passage.
WARNING:src.hipporag.rerank:Rerank parse failed on attempt 1 for query 'What county is the city that shares a border with the state capital of the state where Velma Barfield was born located in?': Error parsing raw response as candidate selection: Unable to parse structured payload: unterminated string literal (detected at line 2) (<unknown>, line 2).
INFO:src.hipporag.HippoRAG:Encoding 4 queries for query_to_passage.
INFO:src.hipporag.HippoRAG:Encoding 1 queries for query_to_passage.
INFO:src.hipporag.HippoRAG:Encoding 1 queries for query_to_passage.
INFO:src.hipporag.HippoRAG:Encoding 1 queries for query_to_passage.
INFO:src.hipporag.HippoRAG:Encoding 1 queries for query_to_passage.
INFO:src.hipporag.HippoRAG:Encoding 1 queries for query_to_passage.
INFO:src.hipporag.HippoRAG:Encoding 1 queries for query_to_passage.
WARNING:src.hipporag.rerank:Rerank parse failed on attempt 1 for query 'Who is the spouse of the creator of The Nanny Reunion: A Nosh to Remember?': Error parsing raw response as candidate selection: Unable to parse structured payload: unterminated string literal (detected at line 2) (<unknown>, line 2).
INFO:src.hipporag.HippoRAG:Encoding 2 queries for query_to_passage.
WARNING:src.hipporag.rerank:Rerank parse failed on attempt 1 for query 'What does seal stand for in the operator of the list of destroyer classes of the operator of the USS Tringa seals?': Error parsing raw response as candidate selection: Unable to parse structured payload: unterminated string literal (detected at line 18) (<unknown>, line 18).
INFO:src.hipporag.HippoRAG:Encoding 2 queries for query_to_passage.
WARNING:src.hipporag.rerank:Rerank parse failed on attempt 1 for query 'When did the birthplace of the Live and Beyond performer become the capitol of the state Knowles was from?': Error parsing raw response as candidate selection: Unable to parse structured payload: unterminated string literal (detected at line 2) (<unknown>, line 2).
INFO:src.hipporag.HippoRAG:Encoding 4 queries for query_to_passage.
WARNING:src.hipporag.rerank:Rerank parse failed on attempt 1 for query 'Who gives out the award named after the person who argued that colonies were redundant?': Error parsing raw response as candidate selection: Unable to parse structured payload: unterminated string literal (detected at line 2) (<unknown>, line 2).
INFO:src.hipporag.HippoRAG:Encoding 3 queries for query_to_passage.
INFO:src.hipporag.HippoRAG:Encoding 1 queries for query_to_passage.
INFO:src.hipporag.HippoRAG:Encoding 1 queries for query_to_passage.
INFO:src.hipporag.HippoRAG:Encoding 1 queries for query_to_passage.
WARNING:src.hipporag.rerank:Rerank parse failed on attempt 1 for query 'When did the state, that contains the county where Elmo is found, reinstate the death penalty?': Error parsing raw response as candidate selection: Unable to parse structured payload: unterminated string literal (detected at line 2) (<unknown>, line 2).
INFO:src.hipporag.HippoRAG:Encoding 3 queries for query_to_passage.
INFO:src.hipporag.HippoRAG:Encoding 1 queries for query_to_passage.
INFO:src.hipporag.HippoRAG:Encoding 1 queries for query_to_passage.
INFO:src.hipporag.HippoRAG:Encoding 1 queries for query_to_passage.
WARNING:src.hipporag.rerank:Rerank parse failed on attempt 1 for query 'What two dialects are included in the other pattern other vowels follow?': Error parsing raw response as candidate selection: Unable to parse structured payload: unterminated string literal (detected at line 2) (<unknown>, line 2).
INFO:src.hipporag.HippoRAG:Encoding 2 queries for query_to_passage.
INFO:src.hipporag.HippoRAG:Encoding 3 queries for query_to_passage.
INFO:src.hipporag.HippoRAG:Encoding 1 queries for query_to_passage.
INFO:src.hipporag.HippoRAG:Encoding 1 queries for query_to_passage.
INFO:src.hipporag.HippoRAG:Encoding 1 queries for query_to_passage.
INFO:src.hipporag.HippoRAG:Encoding 1 queries for query_to_passage.
INFO:src.hipporag.HippoRAG:Encoding 1 queries for query_to_passage.
WARNING:src.hipporag.rerank:Rerank parse failed on attempt 1 for query 'What is one railway line in the country the produced The Longest Night in the city where You Wenhui was born?': Error parsing raw response as candidate selection: Unable to parse structured payload: unterminated string literal (detected at line 2) (<unknown>, line 2).
INFO:src.hipporag.HippoRAG:Encoding 2 queries for query_to_passage.
WARNING:src.hipporag.rerank:Rerank parse failed on attempt 1 for query 'When did the first mosque in the place where the Marshall Islands International Airport is located open?': Error parsing raw response as candidate selection: Unable to parse structured payload: unterminated string literal (detected at line 2) (<unknown>, line 2).
INFO:src.hipporag.HippoRAG:Encoding 2 queries for query_to_passage.
INFO:src.hipporag.HippoRAG:Encoding 4 queries for query_to_passage.
WARNING:src.hipporag.rerank:Rerank parse failed on attempt 1 for query 'What pop artist started his career on adult contemporary radio along with the subject of the song The One That Got Away?': Error parsing raw response as candidate selection: Unable to parse structured payload: unterminated string literal (detected at line 2) (<unknown>, line 2).
INFO:src.hipporag.HippoRAG:Encoding 2 queries for query_to_passage.
WARNING:src.hipporag.rerank:Rerank parse failed on attempt 1 for query 'In what county is located the city that shares a border with the capital of the state that won the 2017 NCAA Basketball Tournament?': Error parsing raw response as candidate selection: Unable to parse structured payload: unterminated string literal (detected at line 2) (<unknown>, line 2).
INFO:src.hipporag.HippoRAG:Encoding 3 queries for query_to_passage.
INFO:src.hipporag.HippoRAG:Encoding 1 queries for query_to_passage.
INFO:src.hipporag.HippoRAG:Encoding 1 queries for query_to_passage.
INFO:src.hipporag.HippoRAG:Encoding 1 queries for query_to_passage.
INFO:src.hipporag.HippoRAG:Encoding 1 queries for query_to_passage.
INFO:src.hipporag.HippoRAG:Encoding 2 queries for query_to_passage.
INFO:src.hipporag.HippoRAG:Encoding 1 queries for query_to_passage.
INFO:src.hipporag.HippoRAG:Encoding 1 queries for query_to_passage.
INFO:src.hipporag.HippoRAG:Encoding 2 queries for query_to_passage.
WARNING:src.hipporag.rerank:Rerank parse failed on attempt 1 for query 'In the Arabic dictionary what is the meaning of the word that also refers to the majority religion in India when the country containing the Neolithic graveyards': Error parsing raw response as candidate selection: Unable to parse structured payload: unterminated string literal (detected at line 2) (<unknown>, line 2).
INFO:src.hipporag.HippoRAG:Encoding 4 queries for query_to_passage.
INFO:src.hipporag.HippoRAG:Encoding 1 queries for query_to_passage.
INFO:src.hipporag.HippoRAG:Encoding 1 queries for query_to_passage.
INFO:src.hipporag.HippoRAG:Encoding 1 queries for query_to_passage.
INFO:src.hipporag.HippoRAG:Encoding 1 queries for query_to_passage.
INFO:src.hipporag.HippoRAG:Encoding 1 queries for query_to_passage.
INFO:src.hipporag.HippoRAG:Encoding 1 queries for query_to_passage.
INFO:src.hipporag.HippoRAG:Encoding 1 queries for query_to_passage.
INFO:src.hipporag.HippoRAG:Encoding 1 queries for query_to_passage.
INFO:src.hipporag.HippoRAG:Encoding 1 queries for query_to_passage.
INFO:src.hipporag.HippoRAG:Encoding 1 queries for query_to_passage.
WARNING:src.hipporag.rerank:Rerank parse failed on attempt 1 for query 'Who was the all-star MVP of the league where the team with the most titles from the event after which they give out the MLB MVP award plays?': Error parsing raw response as candidate selection: Unable to parse structured payload: malformed node or string on line 1: <ast.BoolOp object at 0x7f1dcde5d840>.
INFO:httpx:HTTP Request: POST http://localhost:8043/v1/chat/completions "HTTP/1.1 200 OK"
INFO:src.hipporag.HippoRAG:Encoding 2 queries for query_to_passage.
INFO:src.hipporag.HippoRAG:Encoding 1 queries for query_to_passage.
INFO:src.hipporag.HippoRAG:Encoding 1 queries for query_to_passage.
INFO:src.hipporag.HippoRAG:Encoding 1 queries for query_to_passage.
INFO:src.hipporag.HippoRAG:Encoding 1 queries for query_to_passage.
WARNING:src.hipporag.rerank:Rerank parse failed on attempt 1 for query 'When was the region that lies to the north of the region Israel is located and where The World is located created?': Error parsing raw response as candidate selection: Unable to parse structured payload: unterminated string literal (detected at line 2) (<unknown>, line 2).
INFO:src.hipporag.HippoRAG:Encoding 2 queries for query_to_passage.
INFO:src.hipporag.HippoRAG:Encoding 1 queries for query_to_passage.
INFO:src.hipporag.HippoRAG:Encoding 1 queries for query_to_passage.
INFO:src.hipporag.HippoRAG:Encoding 4 queries for query_to_passage.
INFO:src.hipporag.HippoRAG:Encoding 1 queries for query_to_passage.
INFO:src.hipporag.HippoRAG:Encoding 1 queries for query_to_passage.
INFO:src.hipporag.HippoRAG:Encoding 1 queries for query_to_passage.
INFO:src.hipporag.HippoRAG:Encoding 1 queries for query_to_passage.
INFO:src.hipporag.HippoRAG:Encoding 1 queries for query_to_passage.
INFO:src.hipporag.HippoRAG:Encoding 1 queries for query_to_passage.
INFO:src.hipporag.HippoRAG:Encoding 1 queries for query_to_passage.
INFO:src.hipporag.HippoRAG:Encoding 1 queries for query_to_passage.
INFO:src.hipporag.HippoRAG:Encoding 1 queries for query_to_passage.
WARNING:src.hipporag.rerank:Rerank parse failed on attempt 1 for query 'When did the party that controls the House of Representatives right now, take control of the political body that the President calls on to support his USAF appo': Error parsing raw response as candidate selection: Unable to parse structured payload: unterminated string literal (detected at line 2) (<unknown>, line 2).
INFO:src.hipporag.HippoRAG:Encoding 2 queries for query_to_passage.
INFO:src.hipporag.HippoRAG:Encoding 1 queries for query_to_passage.
INFO:src.hipporag.HippoRAG:Encoding 1 queries for query_to_passage.
INFO:src.hipporag.HippoRAG:Encoding 1 queries for query_to_passage.
WARNING:src.hipporag.rerank:Rerank parse failed on attempt 1 for query 'Who runs the school system in the country that is the natural boundary between the country that hosted the tournament and the country where That Dam is located?': Error parsing raw response as candidate selection: Unable to parse structured payload: unterminated string literal (detected at line 2) (<unknown>, line 2).
INFO:src.hipporag.HippoRAG:Encoding 1 queries for query_to_passage.
INFO:src.hipporag.HippoRAG:Encoding 1 queries for query_to_passage.
INFO:src.hipporag.HippoRAG:Encoding 1 queries for query_to_passage.
INFO:src.hipporag.HippoRAG:Encoding 1 queries for query_to_passage.
WARNING:src.hipporag.rerank:Rerank parse failed on attempt 1 for query 'In 2010, what was the population of the city where the Yongle emperor greeted the person to whom the edict was addressed?': Error parsing raw response as candidate selection: Unable to parse structured payload: unterminated string literal (detected at line 2) (<unknown>, line 2).
INFO:src.hipporag.HippoRAG:Encoding 1 queries for query_to_passage.
INFO:src.hipporag.HippoRAG:Encoding 1 queries for query_to_passage.
WARNING:src.hipporag.rerank:Rerank parse failed on attempt 1 for query 'When did the city where the Basilica that is named after the same saint as the one in San Pietro in Montorio located in become a country?': Error parsing raw response as candidate selection: Unable to parse structured payload: unterminated string literal (detected at line 2) (<unknown>, line 2).
INFO:src.hipporag.HippoRAG:Encoding 2 queries for query_to_passage.
INFO:src.hipporag.HippoRAG:Encoding 1 queries for query_to_passage.
INFO:src.hipporag.HippoRAG:Encoding 1 queries for query_to_passage.
INFO:src.hipporag.HippoRAG:Encoding 1 queries for query_to_passage.
WARNING:src.hipporag.rerank:Rerank parse failed on attempt 1 for query 'Who burned down the city where Keeping Up with the Joneses is set, during the war marking the first time that the number of black people living in NYC declined?': Error parsing raw response as candidate selection: Unable to parse structured payload: unterminated string literal (detected at line 2) (<unknown>, line 2).
INFO:src.hipporag.HippoRAG:Encoding 3 queries for query_to_passage.
INFO:src.hipporag.HippoRAG:Encoding 1 queries for query_to_passage.
INFO:src.hipporag.HippoRAG:Encoding 1 queries for query_to_passage.
INFO:src.hipporag.HippoRAG:Encoding 1 queries for query_to_passage.
INFO:src.hipporag.HippoRAG:Encoding 1 queries for query_to_passage.
INFO:src.hipporag.HippoRAG:Encoding 1 queries for query_to_passage.
INFO:src.hipporag.HippoRAG:Encoding 2 queries for query_to_passage.
INFO:src.hipporag.HippoRAG:Encoding 1 queries for query_to_passage.
INFO:src.hipporag.HippoRAG:Encoding 1 queries for query_to_passage.
INFO:src.hipporag.HippoRAG:Encoding 1 queries for query_to_passage.
INFO:src.hipporag.HippoRAG:Encoding 1 queries for query_to_passage.
WARNING:src.hipporag.rerank:Rerank parse failed on attempt 1 for query 'Who constituted the free crops in the location where the democratic government set up in Germany in 1919?': Error parsing raw response as candidate selection: Unable to parse structured payload: unterminated string literal (detected at line 2) (<unknown>, line 2).
INFO:src.hipporag.HippoRAG:Encoding 3 queries for query_to_passage.
INFO:src.hipporag.HippoRAG:Encoding 1 queries for query_to_passage.
INFO:src.hipporag.HippoRAG:Encoding 1 queries for query_to_passage.
INFO:src.hipporag.HippoRAG:Encoding 1 queries for query_to_passage.
INFO:src.hipporag.HippoRAG:Encoding 1 queries for query_to_passage.
INFO:src.hipporag.HippoRAG:Encoding 1 queries for query_to_passage.
INFO:src.hipporag.HippoRAG:Encoding 1 queries for query_to_passage.
INFO:src.hipporag.HippoRAG:Encoding 2 queries for query_to_passage.
INFO:src.hipporag.HippoRAG:Encoding 1 queries for query_to_passage.
WARNING:src.hipporag.rerank:Rerank parse failed on attempt 1 for query 'What shares a border with the administrative territorial entity Radwanice, Polkowice County is located in?': Error parsing raw response as candidate selection: Unable to parse structured payload: unterminated string literal (detected at line 2) (<unknown>, line 2).
INFO:src.hipporag.HippoRAG:Encoding 2 queries for query_to_passage.
INFO:src.hipporag.HippoRAG:Encoding 4 queries for query_to_passage.
INFO:src.hipporag.HippoRAG:Encoding 1 queries for query_to_passage.
INFO:src.hipporag.HippoRAG:Encoding 1 queries for query_to_passage.
INFO:src.hipporag.HippoRAG:Encoding 1 queries for query_to_passage.
INFO:src.hipporag.HippoRAG:Encoding 1 queries for query_to_passage.
WARNING:src.hipporag.rerank:Rerank parse failed on attempt 1 for query 'Who many players can play in the game based on the show that Steven the Sword Fighter is part of?': Error parsing raw response as candidate selection: Unable to parse structured payload: invalid syntax (<unknown>, line 1).
INFO:src.hipporag.HippoRAG:Encoding 2 queries for query_to_passage.
WARNING:src.hipporag.rerank:Rerank parse failed on attempt 1 for query "When was the end of the governorship where the head of Catholicism is, along with the basilica named after the saint who San Pietro in Ciel d'Oro is named for?": Error parsing raw response as candidate selection: Unable to parse structured payload: unterminated string literal (detected at line 4) (<unknown>, line 4).
INFO:src.hipporag.HippoRAG:Encoding 4 queries for query_to_passage.
INFO:src.hipporag.HippoRAG:Encoding 1 queries for query_to_passage.
INFO:src.hipporag.HippoRAG:Encoding 1 queries for query_to_passage.
INFO:src.hipporag.HippoRAG:Encoding 1 queries for query_to_passage.
INFO:src.hipporag.HippoRAG:Encoding 1 queries for query_to_passage.
INFO:src.hipporag.HippoRAG:Encoding 1 queries for query_to_passage.
INFO:src.hipporag.HippoRAG:Encoding 1 queries for query_to_passage.
INFO:src.hipporag.HippoRAG:Encoding 1 queries for query_to_passage.
INFO:src.hipporag.HippoRAG:Encoding 1 queries for query_to_passage.
INFO:src.hipporag.HippoRAG:Encoding 1 queries for query_to_passage.
INFO:src.hipporag.HippoRAG:Encoding 1 queries for query_to_passage.
WARNING:src.hipporag.rerank:Rerank parse failed on attempt 1 for query "When did the Japanese get to Liang Jiahong's birthplace and the rest of Guangdong?": Error parsing raw response as candidate selection: Unable to parse structured payload: unterminated string literal (detected at line 4) (<unknown>, line 4).
INFO:src.hipporag.HippoRAG:Encoding 2 queries for query_to_passage.
INFO:src.hipporag.HippoRAG:Encoding 1 queries for query_to_passage.
INFO:src.hipporag.HippoRAG:Encoding 1 queries for query_to_passage.
INFO:src.hipporag.HippoRAG:Encoding 2 queries for query_to_passage.
INFO:src.hipporag.HippoRAG:Encoding 1 queries for query_to_passage.
INFO:src.hipporag.HippoRAG:Encoding 1 queries for query_to_passage.
WARNING:src.hipporag.rerank:Rerank parse failed on attempt 1 for query 'What movement did the person who wanted to reform and address the church that the general population converted to lead?': Error parsing raw response as candidate selection: Unable to parse structured payload: unterminated string literal (detected at line 2) (<unknown>, line 2).
INFO:src.hipporag.HippoRAG:Encoding 2 queries for query_to_passage.
INFO:src.hipporag.HippoRAG:Encoding 1 queries for query_to_passage.
INFO:src.hipporag.HippoRAG:Encoding 1 queries for query_to_passage.
INFO:src.hipporag.HippoRAG:Encoding 1 queries for query_to_passage.
INFO:src.hipporag.HippoRAG:Encoding 1 queries for query_to_passage.
INFO:src.hipporag.HippoRAG:Encoding 1 queries for query_to_passage.
WARNING:src.hipporag.rerank:Rerank parse failed on attempt 1 for query 'what was the name of the producer of Forest Warrior walker texas ranger?': Error parsing raw response as candidate selection: Unable to parse structured payload: unterminated string literal (detected at line 18) (<unknown>, line 18).
INFO:src.hipporag.HippoRAG:Encoding 1 queries for query_to_passage.
INFO:src.hipporag.HippoRAG:Encoding 2 queries for query_to_passage.
INFO:src.hipporag.HippoRAG:Encoding 1 queries for query_to_passage.
INFO:src.hipporag.HippoRAG:Encoding 2 queries for query_to_passage.
INFO:src.hipporag.HippoRAG:Encoding 1 queries for query_to_passage.
INFO:src.hipporag.HippoRAG:Encoding 3 queries for query_to_passage.
INFO:src.hipporag.HippoRAG:Encoding 1 queries for query_to_passage.
WARNING:src.hipporag.rerank:Rerank parse failed on attempt 1 for query "Who is the father of the man who conceived of the 'new' police?": Error parsing raw response as candidate selection: Unable to parse structured payload: unterminated string literal (detected at line 2) (<unknown>, line 2).
INFO:src.hipporag.HippoRAG:Encoding 1 queries for query_to_passage.
WARNING:src.hipporag.rerank:Rerank parse failed on attempt 1 for query "How long had Mao Yushi's birthplace been the capitol city of Yaxing Coach's headquarters location?": Error parsing raw response as candidate selection: Unable to parse structured payload: unterminated string literal (detected at line 2) (<unknown>, line 2).
INFO:src.hipporag.HippoRAG:Encoding 3 queries for query_to_passage.
INFO:src.hipporag.HippoRAG:Encoding 1 queries for query_to_passage.
INFO:src.hipporag.HippoRAG:Encoding 1 queries for query_to_passage.
INFO:src.hipporag.HippoRAG:Encoding 1 queries for query_to_passage.
INFO:src.hipporag.HippoRAG:Encoding 1 queries for query_to_passage.
WARNING:src.hipporag.rerank:Rerank parse failed on attempt 1 for query 'For what major conflict is the country on the natural boundary between the country that hosted the tournament and the country where A Don is from known?': Error parsing raw response as candidate selection: Unable to parse structured payload: unterminated string literal (detected at line 4) (<unknown>, line 4).
INFO:src.hipporag.HippoRAG:Encoding 3 queries for query_to_passage.
INFO:src.hipporag.HippoRAG:Encoding 1 queries for query_to_passage.
INFO:src.hipporag.HippoRAG:Encoding 1 queries for query_to_passage.
INFO:src.hipporag.HippoRAG:Encoding 1 queries for query_to_passage.
INFO:src.hipporag.HippoRAG:Encoding 1 queries for query_to_passage.
WARNING:src.hipporag.rerank:Rerank parse failed on attempt 1 for query 'The population of the country that worked with the outfit behind Man in Space Soonest numbers how much?': Error parsing raw response as candidate selection: Unable to parse structured payload: unterminated string literal (detected at line 2) (<unknown>, line 2).
INFO:src.hipporag.HippoRAG:Encoding 2 queries for query_to_passage.
INFO:src.hipporag.HippoRAG:Encoding 1 queries for query_to_passage.
WARNING:src.hipporag.rerank:Rerank parse failed on attempt 1 for query 'Who was the artist who did a duet with Beyonce in the single "Deja Vu" talking about in the song "Cry"?': Error parsing raw response as candidate selection: Unable to parse structured payload: unterminated string literal (detected at line 2) (<unknown>, line 2).
INFO:src.hipporag.HippoRAG:Encoding 3 queries for query_to_passage.
INFO:src.hipporag.HippoRAG:Encoding 1 queries for query_to_passage.
WARNING:src.hipporag.rerank:Rerank parse failed on attempt 1 for query 'When was the last time the winner of the American League East in 2017 met the Dodgers in the event after which the MLB MVP award is given out?': Error parsing raw response as candidate selection: Unable to parse structured payload: unterminated string literal (detected at line 2) (<unknown>, line 2).
INFO:src.hipporag.HippoRAG:Encoding 4 queries for query_to_passage.
INFO:src.hipporag.HippoRAG:Encoding 1 queries for query_to_passage.
INFO:src.hipporag.HippoRAG:Encoding 1 queries for query_to_passage.
INFO:src.hipporag.HippoRAG:Encoding 1 queries for query_to_passage.
INFO:src.hipporag.HippoRAG:Encoding 1 queries for query_to_passage.
INFO:src.hipporag.HippoRAG:Encoding 1 queries for query_to_passage.
INFO:src.hipporag.HippoRAG:Encoding 1 queries for query_to_passage.
INFO:src.hipporag.HippoRAG:Encoding 1 queries for query_to_passage.
INFO:src.hipporag.HippoRAG:Encoding 1 queries for query_to_passage.
INFO:src.hipporag.HippoRAG:Encoding 1 queries for query_to_passage.
INFO:src.hipporag.HippoRAG:Encoding 1 queries for query_to_passage.
INFO:src.hipporag.HippoRAG:Encoding 2 queries for query_to_passage.
INFO:src.hipporag.HippoRAG:Encoding 2 queries for query_to_passage.
INFO:src.hipporag.HippoRAG:Encoding 1 queries for query_to_passage.
WARNING:src.hipporag.rerank:Rerank parse failed on attempt 1 for query 'The Small Cowper Madonna painting is displayed in what state?': Error parsing raw response as candidate selection: Unable to parse structured payload: unterminated string literal (detected at line 2) (<unknown>, line 2).
INFO:src.hipporag.HippoRAG:Encoding 1 queries for query_to_passage.
WARNING:src.hipporag.rerank:Rerank parse failed on attempt 1 for query 'Where do greyhound buses leave from in the city where the performer of Spirit If... was formed?': Error parsing raw response as candidate selection: Unable to parse structured payload: unterminated string literal (detected at line 2) (<unknown>, line 2).
INFO:src.hipporag.HippoRAG:Encoding 2 queries for query_to_passage.
INFO:src.hipporag.HippoRAG:Encoding 2 queries for query_to_passage.
INFO:src.hipporag.HippoRAG:Encoding 1 queries for query_to_passage.
INFO:src.hipporag.HippoRAG:Encoding 2 queries for query_to_passage.
INFO:src.hipporag.HippoRAG:Encoding 3 queries for query_to_passage.
WARNING:src.hipporag.rerank:Rerank parse failed on attempt 1 for query 'When does the regular season begin for the league the Carolina Hurricanes belong to?': Error parsing raw response as candidate selection: Unable to parse structured payload: unterminated string literal (detected at line 2) (<unknown>, line 2).
INFO:src.hipporag.HippoRAG:Encoding 2 queries for query_to_passage.
INFO:src.hipporag.HippoRAG:Encoding 1 queries for query_to_passage.
INFO:src.hipporag.HippoRAG:Encoding 1 queries for query_to_passage.
WARNING:src.hipporag.rerank:Rerank parse failed on attempt 1 for query 'Who was the child of the Italian navigator who sailed for England, and explored the eastern coast of the continent where the birthplace of Eduardo Cuervo is fou': Error parsing raw response as candidate selection: Unable to parse structured payload: unterminated string literal (detected at line 2) (<unknown>, line 2).
INFO:src.hipporag.HippoRAG:Encoding 4 queries for query_to_passage.
INFO:src.hipporag.HippoRAG:Encoding 1 queries for query_to_passage.
INFO:src.hipporag.HippoRAG:Encoding 1 queries for query_to_passage.
INFO:src.hipporag.HippoRAG:Encoding 1 queries for query_to_passage.
INFO:src.hipporag.HippoRAG:Encoding 1 queries for query_to_passage.
INFO:src.hipporag.HippoRAG:Encoding 1 queries for query_to_passage.
WARNING:src.hipporag.rerank:Rerank parse failed on attempt 1 for query 'When was the region that lies to the north of the country where Sar-El is located and the Persian Gulf established?': Error parsing raw response as candidate selection: Unable to parse structured payload: unterminated string literal (detected at line 4) (<unknown>, line 4).
INFO:src.hipporag.HippoRAG:Encoding 3 queries for query_to_passage.
INFO:src.hipporag.HippoRAG:Encoding 1 queries for query_to_passage.
INFO:src.hipporag.HippoRAG:Encoding 1 queries for query_to_passage.
INFO:src.hipporag.HippoRAG:Encoding 1 queries for query_to_passage.
INFO:src.hipporag.HippoRAG:Encoding 1 queries for query_to_passage.
INFO:src.hipporag.HippoRAG:Encoding 1 queries for query_to_passage.
INFO:src.hipporag.HippoRAG:Encoding 1 queries for query_to_passage.
INFO:src.hipporag.HippoRAG:Encoding 1 queries for query_to_passage.
INFO:src.hipporag.HippoRAG:Encoding 1 queries for query_to_passage.
INFO:src.hipporag.HippoRAG:Encoding 1 queries for query_to_passage.
WARNING:src.hipporag.rerank:Rerank parse failed on attempt 1 for query 'Who won the Indy car race in the largest city and capitol of the state where the Oh Yeah performer is from?': Error parsing raw response as candidate selection: Unable to parse structured payload: unterminated string literal (detected at line 2) (<unknown>, line 2).
INFO:src.hipporag.HippoRAG:Encoding 2 queries for query_to_passage.
INFO:src.hipporag.HippoRAG:Encoding 1 queries for query_to_passage.
INFO:src.hipporag.HippoRAG:Encoding 1 queries for query_to_passage.
INFO:src.hipporag.HippoRAG:Encoding 1 queries for query_to_passage.
WARNING:src.hipporag.rerank:Rerank parse failed on attempt 1 for query "Who is the child of Empress Dowager Huang's child?": Error parsing raw response as candidate selection: Unable to parse structured payload: unterminated string literal (detected at line 2) (<unknown>, line 2).
INFO:src.hipporag.HippoRAG:Encoding 1 queries for query_to_passage.
WARNING:src.hipporag.rerank:Rerank parse failed on attempt 1 for query 'How long had the city where Qing lost in 1853 been the capital of the administrative territorial entity Guangling District is located?': Error parsing raw response as candidate selection: Unable to parse structured payload: unterminated string literal (detected at line 2) (<unknown>, line 2).
INFO:src.hipporag.HippoRAG:Encoding 2 queries for query_to_passage.
INFO:src.hipporag.HippoRAG:Encoding 1 queries for query_to_passage.
WARNING:src.hipporag.rerank:Rerank parse failed on attempt 1 for query 'What went down after the Soviet president visiting the country of citizenship of Yasyn Khamid while the protests were taking place departed from the Kremlin?': Error parsing raw response as candidate selection: Unable to parse structured payload: unterminated string literal (detected at line 2) (<unknown>, line 2).
INFO:src.hipporag.HippoRAG:Encoding 3 queries for query_to_passage.
INFO:src.hipporag.HippoRAG:Encoding 1 queries for query_to_passage.
INFO:src.hipporag.HippoRAG:Encoding 1 queries for query_to_passage.
INFO:src.hipporag.HippoRAG:Encoding 1 queries for query_to_passage.
INFO:src.hipporag.HippoRAG:Encoding 1 queries for query_to_passage.
WARNING:src.hipporag.rerank:Rerank parse failed on attempt 1 for query 'Who sing "Home Alone Tonight" with the performer of "country Man"?': Error parsing raw response as candidate selection: Unable to parse structured payload: unterminated string literal (detected at line 2) (<unknown>, line 2).
INFO:src.hipporag.HippoRAG:Encoding 3 queries for query_to_passage.
WARNING:src.hipporag.rerank:Rerank parse failed on attempt 1 for query 'The all time top goal scorer in premier league in one season is a member of what team?': Error parsing raw response as candidate selection: Unable to parse structured payload: unterminated string literal (detected at line 2) (<unknown>, line 2).
INFO:src.hipporag.HippoRAG:Encoding 2 queries for query_to_passage.
WARNING:src.hipporag.rerank:Rerank parse failed on attempt 1 for query 'When did the town WIZE is licensed in become capitol of the state where Jackson Township is located?': Error parsing raw response as candidate selection: Unable to parse structured payload: unterminated string literal (detected at line 2) (<unknown>, line 2).
INFO:src.hipporag.HippoRAG:Encoding 2 queries for query_to_passage.
INFO:src.hipporag.HippoRAG:Encoding 1 queries for query_to_passage.
INFO:src.hipporag.HippoRAG:Encoding 1 queries for query_to_passage.
INFO:src.hipporag.HippoRAG:Encoding 1 queries for query_to_passage.
INFO:src.hipporag.HippoRAG:Encoding 1 queries for query_to_passage.
INFO:src.hipporag.HippoRAG:Encoding 2 queries for query_to_passage.
INFO:src.hipporag.HippoRAG:Encoding 1 queries for query_to_passage.
INFO:src.hipporag.HippoRAG:Encoding 1 queries for query_to_passage.
INFO:src.hipporag.HippoRAG:Encoding 1 queries for query_to_passage.
INFO:src.hipporag.HippoRAG:Encoding 1 queries for query_to_passage.
WARNING:src.hipporag.rerank:Rerank parse failed on attempt 1 for query 'What shares a border with the city where someone worked who went to the state where Atwell Mill Grove is located during the gold rush?': Error parsing raw response as candidate selection: Unable to parse structured payload: unterminated string literal (detected at line 2) (<unknown>, line 2).
INFO:src.hipporag.HippoRAG:Encoding 4 queries for query_to_passage.
INFO:src.hipporag.HippoRAG:Encoding 1 queries for query_to_passage.
WARNING:src.hipporag.rerank:Rerank parse failed on attempt 1 for query 'When was the Palau de la Generalitat constructed in the city where Martin from where Jaulin is located died?': Error parsing raw response as candidate selection: Unable to parse structured payload: invalid syntax. Perhaps you forgot a comma? (<unknown>, line 1).
INFO:src.hipporag.HippoRAG:Encoding 1 queries for query_to_passage.
INFO:src.hipporag.HippoRAG:Encoding 1 queries for query_to_passage.
WARNING:src.hipporag.rerank:Rerank parse failed on attempt 1 for query 'On what date was the battle where Muhammad Shobran was born?': Error parsing raw response as candidate selection: Unable to parse structured payload: unterminated string literal (detected at line 2) (<unknown>, line 2).
INFO:src.hipporag.HippoRAG:Encoding 2 queries for query_to_passage.
INFO:src.hipporag.HippoRAG:Encoding 1 queries for query_to_passage.
INFO:src.hipporag.HippoRAG:Encoding 1 queries for query_to_passage.
INFO:src.hipporag.HippoRAG:Encoding 1 queries for query_to_passage.
WARNING:src.hipporag.rerank:Rerank parse failed on attempt 1 for query 'Who founded the company that distributed the film UHF?': Error parsing raw response as candidate selection: Unable to parse structured payload: unterminated string literal (detected at line 2) (<unknown>, line 2).
INFO:src.hipporag.HippoRAG:Encoding 2 queries for query_to_passage.
INFO:src.hipporag.HippoRAG:Encoding 1 queries for query_to_passage.
WARNING:src.hipporag.rerank:Rerank parse failed on attempt 1 for query "What other film is the cast member of Now You See Him, Now You Don't a character for?": Error parsing raw response as candidate selection: Unable to parse structured payload: unterminated string literal (detected at line 2) (<unknown>, line 2).
INFO:src.hipporag.HippoRAG:Encoding 2 queries for query_to_passage.
WARNING:src.hipporag.rerank:Rerank parse failed on attempt 1 for query 'In The Godfather Part II, who did the producer of Mistress play?': Error parsing raw response as candidate selection: Unable to parse structured payload: unterminated string literal (detected at line 4) (<unknown>, line 4).
INFO:src.hipporag.HippoRAG:Encoding 2 queries for query_to_passage.
WARNING:src.hipporag.rerank:Rerank parse failed on attempt 1 for query "In what region of the country where An Phu is located is John Phan's birthplace?": Error parsing raw response as candidate selection: Unable to parse structured payload: unterminated string literal (detected at line 4) (<unknown>, line 4).
INFO:src.hipporag.HippoRAG:Encoding 2 queries for query_to_passage.
INFO:src.hipporag.HippoRAG:Encoding 2 queries for query_to_passage.
INFO:src.hipporag.HippoRAG:Encoding 1 queries for query_to_passage.
INFO:src.hipporag.HippoRAG:Encoding 1 queries for query_to_passage.
INFO:src.hipporag.HippoRAG:Encoding 1 queries for query_to_passage.
INFO:src.hipporag.HippoRAG:Encoding 1 queries for query_to_passage.
INFO:src.hipporag.HippoRAG:Encoding 1 queries for query_to_passage.
WARNING:src.hipporag.rerank:Rerank parse failed on attempt 1 for query 'What was the person who discovered that nuclei of atoms contained neutrons with no charge a participant in?': Error parsing raw response as candidate selection: Unable to parse structured payload: unterminated string literal (detected at line 2) (<unknown>, line 2).
INFO:src.hipporag.HippoRAG:Encoding 2 queries for query_to_passage.
INFO:src.hipporag.HippoRAG:Encoding 1 queries for query_to_passage.
INFO:src.hipporag.HippoRAG:Encoding 1 queries for query_to_passage.
INFO:src.hipporag.HippoRAG:Encoding 1 queries for query_to_passage.
INFO:src.hipporag.HippoRAG:Encoding 1 queries for query_to_passage.
INFO:src.hipporag.HippoRAG:Encoding 1 queries for query_to_passage.
INFO:src.hipporag.HippoRAG:Encoding 3 queries for query_to_passage.
WARNING:src.hipporag.rerank:Rerank parse failed on attempt 1 for query 'When does real time with the pizza man cast member start again in 2018?': Error parsing raw response as candidate selection: Unable to parse structured payload: unterminated string literal (detected at line 2) (<unknown>, line 2).
INFO:src.hipporag.HippoRAG:Encoding 1 queries for query_to_passage.
WARNING:src.hipporag.rerank:Rerank parse failed on attempt 1 for query "When did the country using Olivera Marković's native language as one of its official languages first have its own Olympic team?": Error parsing raw response as candidate selection: Unable to parse structured payload: unterminated string literal (detected at line 10) (<unknown>, line 10).
INFO:src.hipporag.HippoRAG:Encoding 3 queries for query_to_passage.
INFO:src.hipporag.HippoRAG:Encoding 1 queries for query_to_passage.
INFO:src.hipporag.HippoRAG:Encoding 1 queries for query_to_passage.
INFO:src.hipporag.HippoRAG:Encoding 1 queries for query_to_passage.
WARNING:src.hipporag.rerank:Rerank parse failed on attempt 1 for query 'What city shares a border with the city where a person worked during the gold rush in the state that has the most house of representatives seat?': Error parsing raw response as candidate selection: Unable to parse structured payload: unterminated string literal (detected at line 2) (<unknown>, line 2).
INFO:src.hipporag.HippoRAG:Encoding 3 queries for query_to_passage.
INFO:src.hipporag.HippoRAG:Encoding 1 queries for query_to_passage.
INFO:src.hipporag.HippoRAG:Encoding 1 queries for query_to_passage.
INFO:src.hipporag.HippoRAG:Encoding 1 queries for query_to_passage.
INFO:src.hipporag.HippoRAG:Encoding 1 queries for query_to_passage.
INFO:src.hipporag.HippoRAG:Encoding 1 queries for query_to_passage.
INFO:src.hipporag.HippoRAG:Encoding 1 queries for query_to_passage.
INFO:src.hipporag.HippoRAG:Encoding 1 queries for query_to_passage.
INFO:src.hipporag.HippoRAG:Encoding 1 queries for query_to_passage.
INFO:src.hipporag.HippoRAG:Encoding 1 queries for query_to_passage.
WARNING:src.hipporag.rerank:Rerank parse failed on attempt 1 for query 'Border troops of the country of literature of the country of citizenship of Rainer Ernst are from what country?': Error parsing raw response as candidate selection: Unable to parse structured payload: unterminated string literal (detected at line 4) (<unknown>, line 4).
INFO:src.hipporag.HippoRAG:Encoding 4 queries for query_to_passage.
INFO:src.hipporag.HippoRAG:Encoding 1 queries for query_to_passage.
INFO:src.hipporag.HippoRAG:Encoding 1 queries for query_to_passage.
WARNING:src.hipporag.rerank:Rerank parse failed on attempt 1 for query "When did the explorer reach the headquarters location of the group Study in Brown's record label is part of?": Error parsing raw response as candidate selection: Unable to parse structured payload: unterminated string literal (detected at line 4) (<unknown>, line 4).
INFO:src.hipporag.HippoRAG:Encoding 2 queries for query_to_passage.
INFO:src.hipporag.HippoRAG:Encoding 1 queries for query_to_passage.
WARNING:src.hipporag.rerank:Rerank parse failed on attempt 1 for query 'Where are NASCAR races held in the city that shares a county with Helvetia?': Error parsing raw response as candidate selection: Unable to parse structured payload: unterminated string literal (detected at line 2) (<unknown>, line 2).
INFO:src.hipporag.HippoRAG:Encoding 1 queries for query_to_passage.
INFO:src.hipporag.HippoRAG:Encoding 1 queries for query_to_passage.
WARNING:src.hipporag.rerank:Rerank parse failed on attempt 1 for query 'The rapper who owns Aspiro was inspired by what when writing Song Cry?': Error parsing raw response as candidate selection: Unable to parse structured payload: unterminated string literal (detected at line 1) (<unknown>, line 1).
INFO:src.hipporag.HippoRAG:Encoding 2 queries for query_to_passage.
INFO:src.hipporag.HippoRAG:Encoding 1 queries for query_to_passage.
INFO:src.hipporag.HippoRAG:Encoding 1 queries for query_to_passage.
INFO:src.hipporag.HippoRAG:Encoding 2 queries for query_to_passage.
WARNING:src.hipporag.rerank:Rerank parse failed on attempt 1 for query 'Who were the leaders of the opposition party that was created as a result of the kansas-nebraska act?': Error parsing raw response as candidate selection: Unable to parse structured payload: unterminated string literal (detected at line 5) (<unknown>, line 5).
INFO:src.hipporag.HippoRAG:Encoding 2 queries for query_to_passage.
INFO:src.hipporag.HippoRAG:Encoding 1 queries for query_to_passage.
INFO:src.hipporag.HippoRAG:Encoding 1 queries for query_to_passage.
WARNING:src.hipporag.rerank:Rerank parse failed on attempt 1 for query 'Who owns the record label where the singer of All Right records?': Error parsing raw response as candidate selection: Unable to parse structured payload: invalid decimal literal (<unknown>, line 8).
INFO:src.hipporag.HippoRAG:Encoding 2 queries for query_to_passage.
INFO:src.hipporag.HippoRAG:Encoding 1 queries for query_to_passage.
INFO:src.hipporag.HippoRAG:Encoding 1 queries for query_to_passage.
INFO:src.hipporag.HippoRAG:Encoding 1 queries for query_to_passage.
WARNING:src.hipporag.rerank:Rerank parse failed on attempt 1 for query "Who is the federal leader of Leon Benoit's political party?": Error parsing raw response as candidate selection: Unable to parse structured payload: unterminated string literal (detected at line 4) (<unknown>, line 4).
INFO:src.hipporag.HippoRAG:Encoding 1 queries for query_to_passage.
WARNING:src.hipporag.rerank:Rerank parse failed on attempt 1 for query 'What is the direction of flow of the river by the city where the Lots More Blues, Rags and Hollers performer was formed?': Error parsing raw response as candidate selection: Unable to parse structured payload: unterminated string literal (detected at line 2) (<unknown>, line 2).
INFO:src.hipporag.HippoRAG:Encoding 2 queries for query_to_passage.
INFO:src.hipporag.HippoRAG:Encoding 1 queries for query_to_passage.
INFO:src.hipporag.HippoRAG:Encoding 1 queries for query_to_passage.
WARNING:src.hipporag.rerank:Rerank parse failed on attempt 1 for query 'What is the capital of the county that shares a border with the county whose capital is the birthplace of Erik Jensen?': Error parsing raw response as candidate selection: Unable to parse structured payload: unterminated string literal (detected at line 2) (<unknown>, line 2).
INFO:src.hipporag.HippoRAG:Encoding 2 queries for query_to_passage.
WARNING:src.hipporag.rerank:Rerank parse failed on attempt 1 for query 'What company was formed after a merger of the company that built ASM-N-5 Gorgon V?': Error parsing raw response as candidate selection: Unable to parse structured payload: unterminated string literal (detected at line 2) (<unknown>, line 2).
INFO:src.hipporag.HippoRAG:Encoding 2 queries for query_to_passage.
INFO:src.hipporag.HippoRAG:Encoding 2 queries for query_to_passage.
INFO:src.hipporag.HippoRAG:Encoding 1 queries for query_to_passage.
INFO:src.hipporag.HippoRAG:Encoding 1 queries for query_to_passage.
INFO:src.hipporag.HippoRAG:Encoding 2 queries for query_to_passage.
INFO:src.hipporag.HippoRAG:Encoding 4 queries for query_to_passage.
WARNING:src.hipporag.rerank:Rerank parse failed on attempt 1 for query 'what is the meaning of the word that is also the majority religion in the area that became India when the country where BCCI is based was created in the Arabic ': Error parsing raw response as candidate selection: Unable to parse structured payload: unterminated string literal (detected at line 4) (<unknown>, line 4).
INFO:src.hipporag.HippoRAG:Encoding 3 queries for query_to_passage.
INFO:src.hipporag.HippoRAG:Encoding 1 queries for query_to_passage.
INFO:src.hipporag.HippoRAG:Encoding 1 queries for query_to_passage.
INFO:src.hipporag.HippoRAG:Encoding 1 queries for query_to_passage.
INFO:src.hipporag.HippoRAG:Encoding 1 queries for query_to_passage.
INFO:src.hipporag.HippoRAG:Encoding 1 queries for query_to_passage.
INFO:src.hipporag.HippoRAG:Encoding 1 queries for query_to_passage.
WARNING:src.hipporag.rerank:Rerank parse failed on attempt 1 for query 'When was the region that lies to the north of what used to be known as the "Near East" and the location of the final destination of exported crops created?': Error parsing raw response as candidate selection: Unable to parse structured payload: unterminated string literal (detected at line 10) (<unknown>, line 10).
INFO:src.hipporag.HippoRAG:Encoding 4 queries for query_to_passage.
INFO:src.hipporag.HippoRAG:Encoding 1 queries for query_to_passage.
INFO:src.hipporag.HippoRAG:Encoding 1 queries for query_to_passage.
INFO:src.hipporag.HippoRAG:Encoding 1 queries for query_to_passage.
INFO:src.hipporag.HippoRAG:Encoding 1 queries for query_to_passage.
INFO:src.hipporag.HippoRAG:Encoding 1 queries for query_to_passage.
INFO:src.hipporag.HippoRAG:Encoding 1 queries for query_to_passage.
INFO:src.hipporag.HippoRAG:Encoding 1 queries for query_to_passage.
WARNING:src.hipporag.rerank:Rerank parse failed on attempt 1 for query 'What country had the Border Troops of the republic known for the literature of the country of citizenship of Ilona Richter?': Error parsing raw response as candidate selection: Unable to parse structured payload: unterminated string literal (detected at line 4) (<unknown>, line 4).
INFO:src.hipporag.HippoRAG:Encoding 2 queries for query_to_passage.
INFO:src.hipporag.HippoRAG:Encoding 1 queries for query_to_passage.
INFO:src.hipporag.HippoRAG:Encoding 1 queries for query_to_passage.
INFO:src.hipporag.HippoRAG:Encoding 1 queries for query_to_passage.
WARNING:src.hipporag.rerank:Rerank parse failed on attempt 1 for query 'Besides areas of the country that gained control of Florida after the conflict Charles Edmund Nugent participated in, what other differences are there between P': Error parsing raw response as candidate selection: Unable to parse structured payload: unterminated string literal (detected at line 2) (<unknown>, line 2).
INFO:src.hipporag.HippoRAG:Encoding 4 queries for query_to_passage.
INFO:src.hipporag.HippoRAG:Encoding 1 queries for query_to_passage.
INFO:src.hipporag.HippoRAG:Encoding 1 queries for query_to_passage.
INFO:src.hipporag.HippoRAG:Encoding 1 queries for query_to_passage.
WARNING:src.hipporag.rerank:Rerank parse failed on attempt 1 for query 'In Willy Wonka and the Chocolate Factory, who played the character that the band who performs Eight Arms to Hold You is named after?': Error parsing raw response as candidate selection: Unable to parse structured payload: unterminated string literal (detected at line 13) (<unknown>, line 13).
INFO:src.hipporag.HippoRAG:Encoding 3 queries for query_to_passage.
INFO:src.hipporag.HippoRAG:Encoding 1 queries for query_to_passage.
INFO:src.hipporag.HippoRAG:Encoding 1 queries for query_to_passage.
INFO:src.hipporag.HippoRAG:Encoding 1 queries for query_to_passage.
INFO:src.hipporag.HippoRAG:Encoding 1 queries for query_to_passage.
INFO:src.hipporag.HippoRAG:Encoding 2 queries for query_to_passage.
WARNING:src.hipporag.rerank:Rerank parse failed on attempt 1 for query "What was Germany's goal in the Battle of the ocean adjacent to the city Herbert Saffir died in?": Error parsing raw response as candidate selection: Unable to parse structured payload: unterminated string literal (detected at line 6) (<unknown>, line 6).
INFO:src.hipporag.HippoRAG:Encoding 3 queries for query_to_passage.
INFO:src.hipporag.HippoRAG:Encoding 1 queries for query_to_passage.
INFO:src.hipporag.HippoRAG:Encoding 1 queries for query_to_passage.
INFO:src.hipporag.HippoRAG:Encoding 1 queries for query_to_passage.
WARNING:src.hipporag.rerank:Rerank parse failed on attempt 1 for query "How long was the city where the Yongle emperor greeted the person the Ming court thought the representatives were sent by the capitol of Yaxing Coach's headquar": Error parsing raw response as candidate selection: Unable to parse structured payload: unterminated string literal (detected at line 2) (<unknown>, line 2).
INFO:src.hipporag.HippoRAG:Encoding 4 queries for query_to_passage.
INFO:src.hipporag.HippoRAG:Encoding 1 queries for query_to_passage.
INFO:src.hipporag.HippoRAG:Encoding 1 queries for query_to_passage.
INFO:src.hipporag.HippoRAG:Encoding 1 queries for query_to_passage.
INFO:src.hipporag.HippoRAG:Encoding 1 queries for query_to_passage.
INFO:src.hipporag.HippoRAG:Encoding 1 queries for query_to_passage.
WARNING:src.hipporag.rerank:Rerank parse failed on attempt 1 for query 'When was the region that lies to the north of the region Israel is located and where the Battle of Qurah and Umm al Maradim is took place established?': Error parsing raw response as candidate selection: Unable to parse structured payload: unterminated string literal (detected at line 4) (<unknown>, line 4).
INFO:src.hipporag.HippoRAG:Encoding 2 queries for query_to_passage.
INFO:src.hipporag.HippoRAG:Encoding 1 queries for query_to_passage.
INFO:src.hipporag.HippoRAG:Encoding 1 queries for query_to_passage.
INFO:src.hipporag.HippoRAG:Encoding 1 queries for query_to_passage.
INFO:src.hipporag.HippoRAG:Encoding 1 queries for query_to_passage.
INFO:src.hipporag.HippoRAG:Encoding 1 queries for query_to_passage.
INFO:src.hipporag.HippoRAG:Encoding 1 queries for query_to_passage.
WARNING:src.hipporag.rerank:Rerank parse failed on attempt 1 for query 'During what time span were there findings of habitation in India and the country that withdrew its forces in accordance with the UN resolution of August 1948?': Error parsing raw response as candidate selection: Unable to parse structured payload: unterminated string literal (detected at line 2) (<unknown>, line 2).
INFO:src.hipporag.HippoRAG:Encoding 3 queries for query_to_passage.
INFO:src.hipporag.HippoRAG:Encoding 1 queries for query_to_passage.
INFO:src.hipporag.HippoRAG:Encoding 1 queries for query_to_passage.
INFO:src.hipporag.HippoRAG:Encoding 2 queries for query_to_passage.
WARNING:src.hipporag.rerank:Rerank parse failed on attempt 1 for query 'What is the direction of flow of the body of water by the home of the juicy lucy?': Error parsing raw response as candidate selection: Unable to parse structured payload: unterminated string literal (detected at line 2) (<unknown>, line 2).
INFO:src.hipporag.HippoRAG:Encoding 2 queries for query_to_passage.
INFO:src.hipporag.HippoRAG:Encoding 1 queries for query_to_passage.
INFO:src.hipporag.HippoRAG:Encoding 1 queries for query_to_passage.
INFO:src.hipporag.HippoRAG:Encoding 1 queries for query_to_passage.
INFO:src.hipporag.HippoRAG:Encoding 1 queries for query_to_passage.
INFO:src.hipporag.HippoRAG:Encoding 1 queries for query_to_passage.
WARNING:src.hipporag.rerank:Rerank parse failed on attempt 1 for query 'When was the region that lies to the north of what used to be known as the "Near East" and the location of Operation Earnest Will established?': Error parsing raw response as candidate selection: Unable to parse structured payload: unterminated string literal (detected at line 2) (<unknown>, line 2).
INFO:src.hipporag.HippoRAG:Encoding 2 queries for query_to_passage.
INFO:src.hipporag.HippoRAG:Encoding 1 queries for query_to_passage.
INFO:src.hipporag.HippoRAG:Encoding 1 queries for query_to_passage.
INFO:src.hipporag.HippoRAG:Encoding 1 queries for query_to_passage.
INFO:src.hipporag.HippoRAG:Encoding 1 queries for query_to_passage.
INFO:src.hipporag.HippoRAG:Encoding 1 queries for query_to_passage.
INFO:src.hipporag.HippoRAG:Encoding 2 queries for query_to_passage.
WARNING:src.hipporag.rerank:Rerank parse failed on attempt 1 for query "Who is the mother of Nephalion's father?": Error parsing raw response as candidate selection: Unable to parse structured payload: unterminated string literal (detected at line 4) (<unknown>, line 4).
INFO:src.hipporag.HippoRAG:Encoding 1 queries for query_to_passage.
INFO:src.hipporag.HippoRAG:Encoding 1 queries for query_to_passage.
INFO:src.hipporag.HippoRAG:Encoding 3 queries for query_to_passage.
INFO:src.hipporag.HippoRAG:Encoding 1 queries for query_to_passage.
INFO:src.hipporag.HippoRAG:Encoding 1 queries for query_to_passage.
INFO:src.hipporag.HippoRAG:Encoding 1 queries for query_to_passage.
WARNING:src.hipporag.rerank:Rerank parse failed on attempt 1 for query 'When was the last time the team employing Ronnie Morris beat the 1894-95 FA Cup winner?': Error parsing raw response as candidate selection: Unable to parse structured payload: unterminated string literal (detected at line 2) (<unknown>, line 2).
INFO:src.hipporag.HippoRAG:Encoding 4 queries for query_to_passage.
INFO:src.hipporag.HippoRAG:Encoding 1 queries for query_to_passage.
INFO:src.hipporag.HippoRAG:Encoding 1 queries for query_to_passage.
WARNING:src.hipporag.rerank:Rerank parse failed on attempt 1 for query 'Who won the Indy car race in the largest populated city in the state where the performer of A Modern Jazz Symposium of Music and Poetry is from?': Error parsing raw response as candidate selection: Unable to parse structured payload: unterminated string literal (detected at line 2) (<unknown>, line 2).
INFO:src.hipporag.HippoRAG:Encoding 1 queries for query_to_passage.
INFO:src.hipporag.HippoRAG:Encoding 1 queries for query_to_passage.
INFO:src.hipporag.HippoRAG:Encoding 2 queries for query_to_passage.
INFO:src.hipporag.HippoRAG:Encoding 1 queries for query_to_passage.
INFO:src.hipporag.HippoRAG:Encoding 1 queries for query_to_passage.
INFO:src.hipporag.HippoRAG:Encoding 2 queries for query_to_passage.
INFO:src.hipporag.HippoRAG:Encoding 1 queries for query_to_passage.
INFO:src.hipporag.HippoRAG:Encoding 1 queries for query_to_passage.
WARNING:src.hipporag.rerank:Rerank parse failed on attempt 1 for query 'What is the name of the university that educated the character that Mel Brooks plays in Mr. Peabody and Sherman?': Error parsing raw response as candidate selection: Unable to parse structured payload: unterminated string literal (detected at line 2) (<unknown>, line 2).
INFO:src.hipporag.HippoRAG:Encoding 2 queries for query_to_passage.
INFO:src.hipporag.HippoRAG:Encoding 1 queries for query_to_passage.
WARNING:src.hipporag.rerank:Rerank parse failed on attempt 1 for query "How many ethnic minorities were looked at differently in the city where the headquarters of the only group larger than Vilaiyaadu Mankatha's record label is loc": Error parsing raw response as candidate selection: Unable to parse structured payload: unterminated string literal (detected at line 13) (<unknown>, line 13).
INFO:src.hipporag.HippoRAG:Encoding 4 queries for query_to_passage.
INFO:src.hipporag.HippoRAG:Encoding 1 queries for query_to_passage.
INFO:src.hipporag.HippoRAG:Encoding 1 queries for query_to_passage.
INFO:src.hipporag.HippoRAG:Encoding 1 queries for query_to_passage.
INFO:src.hipporag.HippoRAG:Encoding 1 queries for query_to_passage.
INFO:src.hipporag.HippoRAG:Encoding 1 queries for query_to_passage.
INFO:src.hipporag.HippoRAG:Encoding 1 queries for query_to_passage.
WARNING:src.hipporag.rerank:Rerank parse failed on attempt 1 for query 'When did the majority party in the body which approves members of the Cabinet gain control of the House?': Error parsing raw response as candidate selection: Unable to parse structured payload: unterminated string literal (detected at line 2) (<unknown>, line 2).
INFO:src.hipporag.HippoRAG:Encoding 1 queries for query_to_passage.
INFO:src.hipporag.HippoRAG:Encoding 1 queries for query_to_passage.
INFO:src.hipporag.HippoRAG:Encoding 1 queries for query_to_passage.
INFO:src.hipporag.HippoRAG:Encoding 1 queries for query_to_passage.
WARNING:src.hipporag.rerank:Rerank parse failed on attempt 1 for query 'At the end of which year did tribes from the area where Linear Pottery culture was found invade the Roman Empire?': Error parsing raw response as candidate selection: Unable to parse structured payload: unterminated string literal (detected at line 2) (<unknown>, line 2).
INFO:src.hipporag.HippoRAG:Encoding 2 queries for query_to_passage.
INFO:src.hipporag.HippoRAG:Encoding 1 queries for query_to_passage.
WARNING:src.hipporag.rerank:Rerank parse failed on attempt 1 for query 'What dissolved privileges in Poland held by the empire that used Pan-Slavism as a tool, the leader of the North German Confederation during the Franco-Prussian ': Error parsing raw response as candidate selection: Unable to parse structured payload: unterminated string literal (detected at line 2) (<unknown>, line 2).
INFO:src.hipporag.HippoRAG:Encoding 3 queries for query_to_passage.
WARNING:src.hipporag.rerank:Rerank parse failed on attempt 1 for query "When did the city where Souvenir's performer was born become the capitol of the state Knowles was from?": Error parsing raw response as candidate selection: Unable to parse structured payload: invalid character '—' (U+2014) (<unknown>, line 4).
INFO:src.hipporag.HippoRAG:Encoding 1 queries for query_to_passage.
INFO:src.hipporag.HippoRAG:Encoding 1 queries for query_to_passage.
WARNING:src.hipporag.rerank:Rerank parse failed on attempt 1 for query 'When did the person who ended the Archaemenid Empire by conquest in 330 BC die?': Error parsing raw response as candidate selection: Unable to parse structured payload: unterminated string literal (detected at line 2) (<unknown>, line 2).
INFO:src.hipporag.HippoRAG:Encoding 2 queries for query_to_passage.
INFO:src.hipporag.HippoRAG:Encoding 1 queries for query_to_passage.
INFO:src.hipporag.HippoRAG:Encoding 1 queries for query_to_passage.
INFO:src.hipporag.HippoRAG:Encoding 3 queries for query_to_passage.
INFO:src.hipporag.HippoRAG:Encoding 1 queries for query_to_passage.
INFO:src.hipporag.HippoRAG:Encoding 1 queries for query_to_passage.
INFO:src.hipporag.HippoRAG:Encoding 1 queries for query_to_passage.
WARNING:src.hipporag.rerank:Rerank parse failed on attempt 1 for query 'When was the last time the team who Bernard Lowe was a member of beat the winner of the 1894-95 FA Cup?': Error parsing raw response as candidate selection: Unable to parse structured payload: unterminated string literal (detected at line 2) (<unknown>, line 2).
INFO:src.hipporag.HippoRAG:Encoding 2 queries for query_to_passage.
INFO:src.hipporag.HippoRAG:Encoding 1 queries for query_to_passage.
INFO:src.hipporag.HippoRAG:Encoding 1 queries for query_to_passage.
WARNING:src.hipporag.rerank:Rerank parse failed on attempt 1 for query 'What is the meaning of the word that is also a majority religion in the region that became India when the country where Kohat is located was created in the Arab': Error parsing raw response as candidate selection: Unable to parse structured payload: unterminated string literal (detected at line 4) (<unknown>, line 4).
INFO:src.hipporag.HippoRAG:Encoding 3 queries for query_to_passage.
INFO:src.hipporag.HippoRAG:Encoding 1 queries for query_to_passage.
INFO:src.hipporag.HippoRAG:Encoding 1 queries for query_to_passage.
INFO:src.hipporag.HippoRAG:Encoding 1 queries for query_to_passage.
WARNING:src.hipporag.rerank:Rerank parse failed on attempt 1 for query 'When is Celebrity Big Brother coming to the network which, along with ABC and the network which broadcasted Highway to Heaven, is the other major broadcaster ba': Error parsing raw response as candidate selection: Unable to parse structured payload: unterminated string literal (detected at line 2) (<unknown>, line 2).
INFO:src.hipporag.HippoRAG:Encoding 1 queries for query_to_passage.
INFO:src.hipporag.HippoRAG:Encoding 1 queries for query_to_passage.
WARNING:src.hipporag.rerank:Rerank parse failed on attempt 1 for query 'When did the luxury division of the employer of Katsuaki Watanabe change the body style of the rx 350?': Error parsing raw response as candidate selection: Unable to parse structured payload: unterminated string literal (detected at line 14) (<unknown>, line 14).
INFO:src.hipporag.HippoRAG:Encoding 3 queries for query_to_passage.
INFO:src.hipporag.HippoRAG:Encoding 1 queries for query_to_passage.
INFO:src.hipporag.HippoRAG:Encoding 1 queries for query_to_passage.
INFO:src.hipporag.HippoRAG:Encoding 1 queries for query_to_passage.
INFO:src.hipporag.HippoRAG:Encoding 1 queries for query_to_passage.
INFO:src.hipporag.HippoRAG:Encoding 1 queries for query_to_passage.
WARNING:src.hipporag.rerank:Rerank parse failed on attempt 1 for query 'When was the last time the team that won the American League East in 2017 and the Dodgers met in the championship event that precedes the MLB MVP award?': Error parsing raw response as candidate selection: Unable to parse structured payload: unterminated string literal (detected at line 2) (<unknown>, line 2).
INFO:src.hipporag.HippoRAG:Encoding 2 queries for query_to_passage.
INFO:src.hipporag.HippoRAG:Encoding 1 queries for query_to_passage.
INFO:src.hipporag.HippoRAG:Encoding 1 queries for query_to_passage.
INFO:src.hipporag.HippoRAG:Encoding 1 queries for query_to_passage.
INFO:src.hipporag.HippoRAG:Encoding 1 queries for query_to_passage.
INFO:src.hipporag.HippoRAG:Encoding 1 queries for query_to_passage.
WARNING:src.hipporag.rerank:Rerank parse failed on attempt 1 for query 'Of which river is the river Kichi Sipi Bridge crosses a tributary?': Error parsing raw response as candidate selection: Unable to parse structured payload: unterminated string literal (detected at line 2) (<unknown>, line 2).
INFO:src.hipporag.HippoRAG:Encoding 2 queries for query_to_passage.
INFO:src.hipporag.HippoRAG:Encoding 1 queries for query_to_passage.
INFO:src.hipporag.HippoRAG:Encoding 4 queries for query_to_passage.
INFO:src.hipporag.HippoRAG:Encoding 1 queries for query_to_passage.
INFO:src.hipporag.HippoRAG:Encoding 1 queries for query_to_passage.
INFO:src.hipporag.HippoRAG:Encoding 1 queries for query_to_passage.
INFO:src.hipporag.HippoRAG:Encoding 1 queries for query_to_passage.
INFO:src.hipporag.HippoRAG:Encoding 1 queries for query_to_passage.
INFO:src.hipporag.HippoRAG:Encoding 1 queries for query_to_passage.
INFO:src.hipporag.HippoRAG:Encoding 1 queries for query_to_passage.
INFO:src.hipporag.HippoRAG:Encoding 1 queries for query_to_passage.
INFO:src.hipporag.HippoRAG:Encoding 1 queries for query_to_passage.
INFO:src.hipporag.HippoRAG:Encoding 1 queries for query_to_passage.
INFO:src.hipporag.HippoRAG:Encoding 3 queries for query_to_passage.
INFO:src.hipporag.HippoRAG:Encoding 1 queries for query_to_passage.
INFO:src.hipporag.HippoRAG:Encoding 1 queries for query_to_passage.
INFO:src.hipporag.HippoRAG:Encoding 1 queries for query_to_passage.
INFO:src.hipporag.HippoRAG:Encoding 2 queries for query_to_passage.
INFO:src.hipporag.HippoRAG:Encoding 1 queries for query_to_passage.
INFO:src.hipporag.HippoRAG:Encoding 4 queries for query_to_passage.
INFO:src.hipporag.HippoRAG:Encoding 1 queries for query_to_passage.
WARNING:src.hipporag.rerank:Rerank parse failed on attempt 1 for query 'What county shares a border with the other county, that contains the city, where the singer of Hungry Eyes in the movie Dirty Dancing, was born?': Error parsing raw response as candidate selection: Unable to parse structured payload: unterminated string literal (detected at line 2) (<unknown>, line 2).
INFO:src.hipporag.HippoRAG:Encoding 4 queries for query_to_passage.
INFO:src.hipporag.HippoRAG:Encoding 2 queries for query_to_passage.
INFO:src.hipporag.HippoRAG:Encoding 1 queries for query_to_passage.
INFO:src.hipporag.HippoRAG:Encoding 1 queries for query_to_passage.
INFO:src.hipporag.HippoRAG:Encoding 1 queries for query_to_passage.
INFO:src.hipporag.HippoRAG:Encoding 1 queries for query_to_passage.
INFO:src.hipporag.HippoRAG:Encoding 1 queries for query_to_passage.
INFO:src.hipporag.HippoRAG:Encoding 1 queries for query_to_passage.
INFO:src.hipporag.HippoRAG:Encoding 1 queries for query_to_passage.
INFO:src.hipporag.HippoRAG:Encoding 1 queries for query_to_passage.
INFO:src.hipporag.HippoRAG:Encoding 1 queries for query_to_passage.
INFO:src.hipporag.HippoRAG:Encoding 1 queries for query_to_passage.
WARNING:src.hipporag.rerank:Rerank parse failed on attempt 1 for query 'What label was bought by the company which, along with ABC and the network which aired Law of the Plainsman, is the other major broadcaster based in NY?': Error parsing raw response as candidate selection: Unable to parse structured payload: unterminated string literal (detected at line 2) (<unknown>, line 2).
INFO:src.hipporag.HippoRAG:Encoding 2 queries for query_to_passage.
INFO:src.hipporag.HippoRAG:Encoding 1 queries for query_to_passage.
WARNING:src.hipporag.rerank:Rerank parse failed on attempt 1 for query 'Which county has the location that shares a border with the city that became the state capital of where Representative Thomas Tucker was from?': Error parsing raw response as candidate selection: Unable to parse structured payload: unterminated string literal (detected at line 2) (<unknown>, line 2).
INFO:src.hipporag.HippoRAG:Encoding 2 queries for query_to_passage.
INFO:src.hipporag.HippoRAG:Encoding 1 queries for query_to_passage.
WARNING:src.hipporag.rerank:Rerank parse failed on attempt 1 for query 'When is the all-star game of the league whose member played in the most championship series which proceed the MVP award?': Error parsing raw response as candidate selection: Unable to parse structured payload: unterminated string literal (detected at line 4) (<unknown>, line 4).
INFO:src.hipporag.HippoRAG:Encoding 4 queries for query_to_passage.
INFO:src.hipporag.HippoRAG:Encoding 1 queries for query_to_passage.
INFO:src.hipporag.HippoRAG:Encoding 1 queries for query_to_passage.
INFO:src.hipporag.HippoRAG:Encoding 1 queries for query_to_passage.
INFO:src.hipporag.HippoRAG:Encoding 1 queries for query_to_passage.
INFO:src.hipporag.HippoRAG:Encoding 1 queries for query_to_passage.
INFO:src.hipporag.HippoRAG:Encoding 1 queries for query_to_passage.
INFO:src.hipporag.HippoRAG:Encoding 1 queries for query_to_passage.
INFO:src.hipporag.HippoRAG:Encoding 1 queries for query_to_passage.
INFO:src.hipporag.HippoRAG:Encoding 1 queries for query_to_passage.
INFO:src.hipporag.HippoRAG:Encoding 1 queries for query_to_passage.
WARNING:src.hipporag.rerank:Rerank parse failed on attempt 1 for query 'Who did the state where Christian Science Pleasant View Home was located vote for in 2016?': Error parsing raw response as candidate selection: Unable to parse structured payload: unterminated string literal (detected at line 2) (<unknown>, line 2).
INFO:src.hipporag.HippoRAG:Encoding 3 queries for query_to_passage.
INFO:src.hipporag.HippoRAG:Encoding 3 queries for query_to_passage.
INFO:src.hipporag.HippoRAG:Encoding 1 queries for query_to_passage.
INFO:src.hipporag.HippoRAG:Encoding 1 queries for query_to_passage.
WARNING:src.hipporag.rerank:Rerank parse failed on attempt 1 for query "Where does the body of water by the city that shares a border with Elizabeth Berg's birthplace and Ohio River meet?": Error parsing raw response as candidate selection: Unable to parse structured payload: unterminated string literal (detected at line 4) (<unknown>, line 4).
INFO:src.hipporag.HippoRAG:Encoding 3 queries for query_to_passage.
INFO:src.hipporag.HippoRAG:Encoding 1 queries for query_to_passage.
INFO:src.hipporag.HippoRAG:Encoding 1 queries for query_to_passage.
INFO:src.hipporag.HippoRAG:Encoding 1 queries for query_to_passage.
INFO:src.hipporag.HippoRAG:Encoding 1 queries for query_to_passage.
WARNING:src.hipporag.rerank:Rerank parse failed on attempt 1 for query 'What happened to Buckingham Palace after the first monarch to reside there left?': Error parsing raw response as candidate selection: Unable to parse structured payload: unterminated string literal (detected at line 2) (<unknown>, line 2).
INFO:src.hipporag.HippoRAG:Encoding 2 queries for query_to_passage.
INFO:src.hipporag.HippoRAG:Encoding 1 queries for query_to_passage.
INFO:src.hipporag.HippoRAG:Encoding 1 queries for query_to_passage.
WARNING:src.hipporag.rerank:Rerank parse failed on attempt 1 for query 'In the top five largest urban areas in the state where the performer of The Paramour Sessions was from, where does the place of death for Alexander Golitzen ran': Error parsing raw response as candidate selection: Unable to parse structured payload: unterminated string literal (detected at line 2) (<unknown>, line 2).
INFO:src.hipporag.HippoRAG:Encoding 3 queries for query_to_passage.
INFO:src.hipporag.HippoRAG:Encoding 1 queries for query_to_passage.
INFO:src.hipporag.HippoRAG:Encoding 1 queries for query_to_passage.
INFO:src.hipporag.HippoRAG:Encoding 1 queries for query_to_passage.
WARNING:src.hipporag.rerank:Rerank parse failed on attempt 1 for query 'How were the same people who the Somali Muslim Ajuran Empire declared independence from expelled from the natural boundary between Thailand and the country Sett': Error parsing raw response as candidate selection: Unable to parse structured payload: unterminated string literal (detected at line 2) (<unknown>, line 2).
INFO:src.hipporag.HippoRAG:Encoding 4 queries for query_to_passage.
INFO:src.hipporag.HippoRAG:Encoding 1 queries for query_to_passage.
INFO:src.hipporag.HippoRAG:Encoding 1 queries for query_to_passage.
INFO:src.hipporag.HippoRAG:Encoding 1 queries for query_to_passage.
INFO:src.hipporag.HippoRAG:Encoding 1 queries for query_to_passage.
INFO:src.hipporag.HippoRAG:Encoding 3 queries for query_to_passage.
INFO:src.hipporag.HippoRAG:Encoding 1 queries for query_to_passage.
INFO:src.hipporag.HippoRAG:Encoding 1 queries for query_to_passage.
INFO:src.hipporag.HippoRAG:Encoding 1 queries for query_to_passage.
INFO:src.hipporag.HippoRAG:Encoding 1 queries for query_to_passage.
INFO:src.hipporag.HippoRAG:Encoding 1 queries for query_to_passage.
INFO:src.hipporag.HippoRAG:Encoding 1 queries for query_to_passage.
INFO:src.hipporag.HippoRAG:Encoding 1 queries for query_to_passage.
WARNING:src.hipporag.rerank:Rerank parse failed on attempt 1 for query 'This is an instance of who was named commander in chief of texas forces by the new national government of texas National Forest?': Error parsing raw response as candidate selection: Unable to parse structured payload: unterminated string literal (detected at line 2) (<unknown>, line 2).
INFO:src.hipporag.HippoRAG:Encoding 1 queries for query_to_passage.
WARNING:src.hipporag.rerank:Rerank parse failed on attempt 1 for query 'When was the region that lies to the north of where Israel is located and where Shamal is located established?': Error parsing raw response as candidate selection: Unable to parse structured payload: unterminated string literal (detected at line 4) (<unknown>, line 4).
INFO:src.hipporag.HippoRAG:Encoding 4 queries for query_to_passage.
INFO:src.hipporag.HippoRAG:Encoding 1 queries for query_to_passage.
INFO:src.hipporag.HippoRAG:Encoding 1 queries for query_to_passage.
INFO:src.hipporag.HippoRAG:Encoding 1 queries for query_to_passage.
INFO:src.hipporag.HippoRAG:Encoding 1 queries for query_to_passage.
INFO:src.hipporag.HippoRAG:Encoding 1 queries for query_to_passage.
INFO:src.hipporag.HippoRAG:Encoding 1 queries for query_to_passage.
INFO:src.hipporag.HippoRAG:Encoding 1 queries for query_to_passage.
WARNING:src.hipporag.rerank:Rerank parse failed on attempt 1 for query "What is the average salary of a working person of the same nationality as MacGruder and Loud's creator?": Error parsing raw response as candidate selection: Unable to parse structured payload: unterminated string literal (detected at line 2) (<unknown>, line 2).
INFO:src.hipporag.HippoRAG:Encoding 1 queries for query_to_passage.
INFO:src.hipporag.HippoRAG:Encoding 2 queries for query_to_passage.
INFO:src.hipporag.HippoRAG:Encoding 1 queries for query_to_passage.
INFO:src.hipporag.HippoRAG:Encoding 2 queries for query_to_passage.
WARNING:src.hipporag.rerank:Rerank parse failed on attempt 1 for query 'How many miles of highways are in the city where the Yongle emperor greeted the person to whom the edict was addressed?': Error parsing raw response as candidate selection: Unable to parse structured payload: unterminated string literal (detected at line 2) (<unknown>, line 2).
INFO:src.hipporag.HippoRAG:Encoding 2 queries for query_to_passage.
INFO:src.hipporag.HippoRAG:Encoding 1 queries for query_to_passage.
WARNING:src.hipporag.rerank:Rerank parse failed on attempt 1 for query 'When did the maker of the Acura Legend, the manufacturer of Toyopet Master, and Nissan open US assembly plants?': Error parsing raw response as candidate selection: Unable to parse structured payload: unterminated string literal (detected at line 2) (<unknown>, line 2).
INFO:src.hipporag.HippoRAG:Encoding 4 queries for query_to_passage.
INFO:src.hipporag.HippoRAG:Encoding 1 queries for query_to_passage.
INFO:src.hipporag.HippoRAG:Encoding 1 queries for query_to_passage.
INFO:src.hipporag.HippoRAG:Encoding 1 queries for query_to_passage.
INFO:src.hipporag.HippoRAG:Encoding 1 queries for query_to_passage.
WARNING:src.hipporag.rerank:Rerank parse failed on attempt 1 for query 'Whose father was a navigator who explored the east coast of the continental region where Sergio Villanueva would later be born?': Error parsing raw response as candidate selection: Unable to parse structured payload: unterminated string literal (detected at line 2) (<unknown>, line 2).
INFO:src.hipporag.HippoRAG:Encoding 4 queries for query_to_passage.
INFO:src.hipporag.HippoRAG:Encoding 1 queries for query_to_passage.
INFO:src.hipporag.HippoRAG:Encoding 1 queries for query_to_passage.
INFO:src.hipporag.HippoRAG:Encoding 1 queries for query_to_passage.
INFO:src.hipporag.HippoRAG:Encoding 1 queries for query_to_passage.
WARNING:src.hipporag.rerank:Rerank parse failed on attempt 1 for query 'When did the political party that holds the majority in the political body that passed a bill giving regulators discretion to prohibit proprietary trades, gain ': Error parsing raw response as candidate selection: Unable to parse structured payload: unterminated string literal (detected at line 2) (<unknown>, line 2).
INFO:src.hipporag.HippoRAG:Encoding 2 queries for query_to_passage.
INFO:src.hipporag.HippoRAG:Encoding 1 queries for query_to_passage.
WARNING:src.hipporag.rerank:Rerank parse failed on attempt 1 for query 'When was the region that lies to the north of where Israel is located and the body of water between East Africa and the Arabian peninsula created?': Error parsing raw response as candidate selection: Unable to parse structured payload: unterminated string literal (detected at line 2) (<unknown>, line 2).
INFO:src.hipporag.HippoRAG:Encoding 2 queries for query_to_passage.
INFO:src.hipporag.HippoRAG:Encoding 1 queries for query_to_passage.
INFO:src.hipporag.HippoRAG:Encoding 1 queries for query_to_passage.
INFO:src.hipporag.HippoRAG:Encoding 1 queries for query_to_passage.
INFO:src.hipporag.HippoRAG:Encoding 1 queries for query_to_passage.
INFO:src.hipporag.HippoRAG:Encoding 1 queries for query_to_passage.
INFO:src.hipporag.HippoRAG:Encoding 2 queries for query_to_passage.
WARNING:src.hipporag.rerank:Rerank parse failed on attempt 1 for query "Where was Obama's opponent in his first election educated?": Error parsing raw response as candidate selection: Unable to parse structured payload: unterminated string literal (detected at line 2) (<unknown>, line 2).
INFO:src.hipporag.HippoRAG:Encoding 1 queries for query_to_passage.
INFO:src.hipporag.HippoRAG:Encoding 1 queries for query_to_passage.
INFO:src.hipporag.HippoRAG:Encoding 1 queries for query_to_passage.
INFO:src.hipporag.HippoRAG:Encoding 1 queries for query_to_passage.
WARNING:src.hipporag.rerank:Rerank parse failed on attempt 1 for query 'In which county is the city to which KKVU is licensed to broadcast?': Error parsing raw response as candidate selection: Unable to parse structured payload: unterminated string literal (detected at line 2) (<unknown>, line 2).
INFO:src.hipporag.HippoRAG:Encoding 1 queries for query_to_passage.
INFO:src.hipporag.HippoRAG:Encoding 2 queries for query_to_passage.
INFO:src.hipporag.HippoRAG:Encoding 1 queries for query_to_passage.
WARNING:src.hipporag.rerank:Rerank parse failed on attempt 1 for query 'In the 14th century, who introduced a system of musical notation used in the area where 3% of Turkey is located?': Error parsing raw response as candidate selection: Unable to parse structured payload: unterminated string literal (detected at line 1) (<unknown>, line 1).
INFO:src.hipporag.HippoRAG:Encoding 1 queries for query_to_passage.
INFO:src.hipporag.HippoRAG:Encoding 1 queries for query_to_passage.
INFO:src.hipporag.HippoRAG:Encoding 1 queries for query_to_passage.
WARNING:src.hipporag.rerank:Rerank parse failed on attempt 1 for query 'Who constituted the free corps in the country that the Free State of Mecklenburg-Schwerin is located in?': Error parsing raw response as candidate selection: Unable to parse structured payload: unterminated string literal (detected at line 2) (<unknown>, line 2).
INFO:src.hipporag.HippoRAG:Encoding 2 queries for query_to_passage.
INFO:src.hipporag.HippoRAG:Encoding 1 queries for query_to_passage.
INFO:src.hipporag.HippoRAG:Encoding 1 queries for query_to_passage.
INFO:src.hipporag.HippoRAG:Encoding 1 queries for query_to_passage.
INFO:src.hipporag.HippoRAG:Encoding 1 queries for query_to_passage.
INFO:src.hipporag.HippoRAG:Encoding 1 queries for query_to_passage.
INFO:src.hipporag.HippoRAG:Encoding 1 queries for query_to_passage.
INFO:src.hipporag.HippoRAG:Encoding 1 queries for query_to_passage.
INFO:src.hipporag.HippoRAG:Encoding 1 queries for query_to_passage.
WARNING:src.hipporag.rerank:Rerank parse failed on attempt 1 for query 'When did the town WIZE is licensed in become capitol of the state where Ward Township is located?': Error parsing raw response as candidate selection: Unable to parse structured payload: unterminated string literal (detected at line 2) (<unknown>, line 2).
INFO:src.hipporag.HippoRAG:Encoding 2 queries for query_to_passage.
INFO:src.hipporag.HippoRAG:Encoding 1 queries for query_to_passage.
INFO:src.hipporag.HippoRAG:Encoding 1 queries for query_to_passage.
WARNING:src.hipporag.rerank:Rerank parse failed on attempt 1 for query 'Where was the designer of the Lap Engine educated?': Error parsing raw response as candidate selection: Unable to parse structured payload: unterminated string literal (detected at line 2) (<unknown>, line 2).
INFO:src.hipporag.HippoRAG:Encoding 1 queries for query_to_passage.
WARNING:src.hipporag.rerank:Rerank parse failed on attempt 1 for query 'When did the town WLUJ is licensed in become capitol of the state where Brantley York was born?': Error parsing raw response as candidate selection: Unable to parse structured payload: unterminated string literal (detected at line 2) (<unknown>, line 2).
INFO:src.hipporag.HippoRAG:Encoding 4 queries for query_to_passage.
INFO:src.hipporag.HippoRAG:Encoding 1 queries for query_to_passage.
INFO:src.hipporag.HippoRAG:Encoding 1 queries for query_to_passage.
INFO:src.hipporag.HippoRAG:Encoding 1 queries for query_to_passage.
INFO:src.hipporag.HippoRAG:Encoding 1 queries for query_to_passage.
WARNING:src.hipporag.rerank:Rerank parse failed on attempt 1 for query "Where does the city where Alexander Golitzen died rank in the top five largest urban areas of the state where Still Swingin's performers were formed?": Error parsing raw response as candidate selection: Unable to parse structured payload: unterminated string literal (detected at line 2) (<unknown>, line 2).
INFO:src.hipporag.HippoRAG:Encoding 2 queries for query_to_passage.
INFO:src.hipporag.HippoRAG:Encoding 1 queries for query_to_passage.
INFO:src.hipporag.HippoRAG:Encoding 1 queries for query_to_passage.
INFO:src.hipporag.HippoRAG:Encoding 1 queries for query_to_passage.
INFO:src.hipporag.HippoRAG:Encoding 2 queries for query_to_passage.
WARNING:src.hipporag.rerank:Rerank parse failed on attempt 1 for query 'Can foreign tourists cruise to the country between the nation that hosted 2020 AFC U-23 Championship qualification and the one that contains A Don.?': Error parsing raw response as candidate selection: Unable to parse structured payload: unterminated string literal (detected at line 2) (<unknown>, line 2).
INFO:src.hipporag.HippoRAG:Encoding 3 queries for query_to_passage.
INFO:src.hipporag.HippoRAG:Encoding 1 queries for query_to_passage.
INFO:src.hipporag.HippoRAG:Encoding 1 queries for query_to_passage.
INFO:src.hipporag.HippoRAG:Encoding 1 queries for query_to_passage.
WARNING:src.hipporag.rerank:Rerank parse failed on attempt 1 for query 'who is the president of newly declared independent country which is the country of the country of Alabio –Timor Leste Commission of Truth and Friendship?': Error parsing raw response as candidate selection: Unable to parse structured payload: unterminated string literal (detected at line 4) (<unknown>, line 4).
INFO:src.hipporag.HippoRAG:Encoding 2 queries for query_to_passage.
INFO:src.hipporag.HippoRAG:Encoding 1 queries for query_to_passage.
WARNING:src.hipporag.rerank:Rerank parse failed on attempt 1 for query 'What body of water is by the headquarters location of Wipac?': Error parsing raw response as candidate selection: Unable to parse structured payload: leading zeros in decimal integer literals are not permitted; use an 0o prefix for octal integers (<unknown>, line 10).
INFO:src.hipporag.HippoRAG:Encoding 2 queries for query_to_passage.
INFO:src.hipporag.HippoRAG:Encoding 1 queries for query_to_passage.
WARNING:src.hipporag.rerank:Rerank parse failed on attempt 1 for query 'Who is the spouse of the producer of Dolores Claiborne?': Error parsing raw response as candidate selection: Unable to parse structured payload: unterminated string literal (detected at line 2) (<unknown>, line 2).
INFO:src.hipporag.HippoRAG:Encoding 2 queries for query_to_passage.
INFO:src.hipporag.HippoRAG:Encoding 1 queries for query_to_passage.
WARNING:src.hipporag.rerank:Rerank parse failed on attempt 1 for query 'According to QS World University Rankings, where does the college that Ibrahim Shihata attended rank?': Error parsing raw response as candidate selection: Unable to parse structured payload: unterminated string literal (detected at line 2) (<unknown>, line 2).
INFO:src.hipporag.HippoRAG:Encoding 2 queries for query_to_passage.
INFO:src.hipporag.HippoRAG:Encoding 1 queries for query_to_passage.
INFO:src.hipporag.HippoRAG:Encoding 2 queries for query_to_passage.
WARNING:src.hipporag.rerank:Rerank parse failed on attempt 1 for query 'What is the name of the castle in the city where the creator of Scene in the Northwest: Portrait of John Henry Lefroy died?': Error parsing raw response as candidate selection: Unable to parse structured payload: unterminated string literal (detected at line 2) (<unknown>, line 2).
INFO:src.hipporag.HippoRAG:Encoding 2 queries for query_to_passage.
INFO:src.hipporag.HippoRAG:Encoding 1 queries for query_to_passage.
INFO:src.hipporag.HippoRAG:Encoding 1 queries for query_to_passage.
WARNING:src.hipporag.rerank:Rerank parse failed on attempt 1 for query "The Freddie Mercury film's producer played who in Godfather 2?": Error parsing raw response as candidate selection: Unable to parse structured payload: invalid decimal literal (<unknown>, line 4).
INFO:src.hipporag.HippoRAG:Encoding 2 queries for query_to_passage.
WARNING:src.hipporag.rerank:Rerank parse failed on attempt 1 for query 'Who is the actress who plays the role of the Queen of England in 1890, on the network that aired The Dinosaurs!?': Error parsing raw response as candidate selection: Unable to parse structured payload: unterminated string literal (detected at line 2) (<unknown>, line 2).
INFO:src.hipporag.HippoRAG:Encoding 3 queries for query_to_passage.
INFO:src.hipporag.HippoRAG:Encoding 1 queries for query_to_passage.
INFO:src.hipporag.HippoRAG:Encoding 1 queries for query_to_passage.
WARNING:src.hipporag.rerank:Rerank parse failed on attempt 1 for query "Who is the child of the cast member of Ice Bound: A Woman's Survival at the South Pole?": Error parsing raw response as candidate selection: Unable to parse structured payload: unterminated string literal (detected at line 2) (<unknown>, line 2).
INFO:src.hipporag.HippoRAG:Encoding 2 queries for query_to_passage.
INFO:src.hipporag.HippoRAG:Encoding 1 queries for query_to_passage.
INFO:src.hipporag.HippoRAG:Encoding 2 queries for query_to_passage.
INFO:src.hipporag.HippoRAG:Encoding 1 queries for query_to_passage.
WARNING:src.hipporag.rerank:Rerank parse failed on attempt 1 for query 'When did the maker of Acura Legend, the manufacturer of Scion Fuse and Nissan open US assembly plants?': Error parsing raw response as candidate selection: Unable to parse structured payload: unterminated string literal (detected at line 2) (<unknown>, line 2).
INFO:src.hipporag.HippoRAG:Encoding 3 queries for query_to_passage.
INFO:src.hipporag.HippoRAG:Encoding 1 queries for query_to_passage.
INFO:src.hipporag.HippoRAG:Encoding 1 queries for query_to_passage.
INFO:src.hipporag.HippoRAG:Encoding 1 queries for query_to_passage.
INFO:src.hipporag.HippoRAG:Encoding 1 queries for query_to_passage.
INFO:src.hipporag.HippoRAG:Encoding 1 queries for query_to_passage.
WARNING:src.hipporag.rerank:Rerank parse failed on attempt 1 for query "What is the enrollment at Henry Latimer's alma mater?": Error parsing raw response as candidate selection: Unable to parse structured payload: unterminated string literal (detected at line 4) (<unknown>, line 4).
INFO:src.hipporag.HippoRAG:Encoding 2 queries for query_to_passage.
INFO:src.hipporag.HippoRAG:Encoding 1 queries for query_to_passage.
INFO:src.hipporag.HippoRAG:Encoding 1 queries for query_to_passage.
WARNING:src.hipporag.rerank:Rerank parse failed on attempt 1 for query 'When did the political party Alaska generally supports take control of the determiner of rules of the US House and US Senate?': Error parsing raw response as candidate selection: Unable to parse structured payload: unterminated string literal (detected at line 2) (<unknown>, line 2).
INFO:src.hipporag.HippoRAG:Encoding 2 queries for query_to_passage.
INFO:src.hipporag.HippoRAG:Encoding 2 queries for query_to_passage.
INFO:src.hipporag.HippoRAG:Encoding 1 queries for query_to_passage.
INFO:src.hipporag.HippoRAG:Encoding 1 queries for query_to_passage.
INFO:src.hipporag.HippoRAG:Encoding 1 queries for query_to_passage.
INFO:src.hipporag.HippoRAG:Encoding 1 queries for query_to_passage.
INFO:src.hipporag.HippoRAG:Encoding 1 queries for query_to_passage.
WARNING:src.hipporag.rerank:Rerank parse failed on attempt 1 for query 'Who played the girlfriend of the actor who played Marlene McFly in Back to the Future?': Error parsing raw response as candidate selection: Unable to parse structured payload: unterminated string literal (detected at line 2) (<unknown>, line 2).
INFO:src.hipporag.HippoRAG:Encoding 2 queries for query_to_passage.
INFO:src.hipporag.HippoRAG:Encoding 1 queries for query_to_passage.
INFO:src.hipporag.HippoRAG:Encoding 1 queries for query_to_passage.
INFO:src.hipporag.HippoRAG:Encoding 1 queries for query_to_passage.
INFO:src.hipporag.HippoRAG:Encoding 1 queries for query_to_passage.
INFO:src.hipporag.HippoRAG:Encoding 1 queries for query_to_passage.
INFO:src.hipporag.HippoRAG:Encoding 2 queries for query_to_passage.
INFO:src.hipporag.HippoRAG:Encoding 1 queries for query_to_passage.
INFO:src.hipporag.HippoRAG:Encoding 2 queries for query_to_passage.
WARNING:src.hipporag.rerank:Rerank parse failed on attempt 1 for query 'Along with Kenny G and the performer of Off the Beaten Path, what artist was featured on smooth jazz stations?': Error parsing raw response as candidate selection: Unable to parse structured payload: invalid syntax. Perhaps you forgot a comma? (<unknown>, line 1).
INFO:src.hipporag.HippoRAG:Encoding 2 queries for query_to_passage.
WARNING:src.hipporag.rerank:Rerank parse failed on attempt 1 for query "How long had Pfrang Association's headquarters location been the capitol city of Yaxing Coach's headquarters location?": Error parsing raw response as candidate selection: Unable to parse structured payload: unterminated string literal (detected at line 10) (<unknown>, line 10).
INFO:src.hipporag.HippoRAG:Encoding 2 queries for query_to_passage.
INFO:src.hipporag.HippoRAG:Encoding 1 queries for query_to_passage.
INFO:src.hipporag.HippoRAG:Encoding 1 queries for query_to_passage.
INFO:src.hipporag.HippoRAG:Encoding 1 queries for query_to_passage.
INFO:src.hipporag.HippoRAG:Encoding 1 queries for query_to_passage.
INFO:src.hipporag.HippoRAG:Encoding 1 queries for query_to_passage.
WARNING:src.hipporag.rerank:Rerank parse failed on attempt 1 for query 'For what did the singer of the original version of Moon River win a Tony award?': Error parsing raw response as candidate selection: Unable to parse structured payload: unterminated string literal (detected at line 2) (<unknown>, line 2).
INFO:src.hipporag.HippoRAG:Encoding 2 queries for query_to_passage.
WARNING:src.hipporag.rerank:Rerank parse failed on attempt 1 for query 'When did the city where the author of Pacem in Terris died become its own country?': Error parsing raw response as candidate selection: Unable to parse structured payload: unterminated string literal (detected at line 2) (<unknown>, line 2).
INFO:src.hipporag.HippoRAG:Encoding 4 queries for query_to_passage.
INFO:src.hipporag.HippoRAG:Encoding 1 queries for query_to_passage.
INFO:src.hipporag.HippoRAG:Encoding 1 queries for query_to_passage.
INFO:src.hipporag.HippoRAG:Encoding 1 queries for query_to_passage.
INFO:src.hipporag.HippoRAG:Encoding 1 queries for query_to_passage.
INFO:src.hipporag.HippoRAG:Encoding 1 queries for query_to_passage.
INFO:src.hipporag.HippoRAG:Encoding 1 queries for query_to_passage.
INFO:src.hipporag.HippoRAG:Encoding 1 queries for query_to_passage.
INFO:src.hipporag.HippoRAG:Encoding 1 queries for query_to_passage.
INFO:src.hipporag.HippoRAG:Encoding 1 queries for query_to_passage.
INFO:src.hipporag.HippoRAG:Encoding 1 queries for query_to_passage.
WARNING:src.hipporag.rerank:Rerank parse failed on attempt 1 for query "How many mandatory transmitters of the Canadian Broadcasting Centre's owner were updated before the deadline?": Error parsing raw response as candidate selection: Unable to parse structured payload: unterminated string literal (detected at line 4) (<unknown>, line 4).
INFO:src.hipporag.HippoRAG:Encoding 3 queries for query_to_passage.
INFO:src.hipporag.HippoRAG:Encoding 1 queries for query_to_passage.
INFO:src.hipporag.HippoRAG:Encoding 1 queries for query_to_passage.
INFO:src.hipporag.HippoRAG:Encoding 2 queries for query_to_passage.
INFO:src.hipporag.HippoRAG:Encoding 1 queries for query_to_passage.
WARNING:src.hipporag.rerank:Rerank parse failed on attempt 1 for query 'As a result of the black death it is estimated that the population of the country for Bâton à feu was reduced by how much?': Error parsing raw response as candidate selection: Unable to parse structured payload: unterminated string literal (detected at line 2) (<unknown>, line 2).
INFO:src.hipporag.HippoRAG:Encoding 3 queries for query_to_passage.
INFO:src.hipporag.HippoRAG:Encoding 1 queries for query_to_passage.
INFO:src.hipporag.HippoRAG:Encoding 1 queries for query_to_passage.
WARNING:src.hipporag.rerank:Rerank parse failed on attempt 1 for query 'Between which years did war with the person for whom Pyrrhic victory is named occur?': Error parsing raw response as candidate selection: Unable to parse structured payload: unterminated string literal (detected at line 2) (<unknown>, line 2).
INFO:src.hipporag.HippoRAG:Encoding 2 queries for query_to_passage.
INFO:src.hipporag.HippoRAG:Encoding 1 queries for query_to_passage.
INFO:src.hipporag.HippoRAG:Encoding 2 queries for query_to_passage.
INFO:src.hipporag.HippoRAG:Encoding 1 queries for query_to_passage.
INFO:src.hipporag.HippoRAG:Encoding 1 queries for query_to_passage.
INFO:src.hipporag.HippoRAG:Encoding 1 queries for query_to_passage.
INFO:src.hipporag.HippoRAG:Encoding 1 queries for query_to_passage.
INFO:src.hipporag.HippoRAG:Encoding 1 queries for query_to_passage.
INFO:src.hipporag.HippoRAG:Encoding 1 queries for query_to_passage.
WARNING:src.hipporag.rerank:Rerank parse failed on attempt 1 for query 'What location borders the city founded by a former newspaper publisher selling supplies in the state where the valley girl accent originated?': Error parsing raw response as candidate selection: Unable to parse structured payload: unterminated string literal (detected at line 2) (<unknown>, line 2).
INFO:src.hipporag.HippoRAG:Encoding 4 queries for query_to_passage.
INFO:src.hipporag.HippoRAG:Encoding 1 queries for query_to_passage.
INFO:src.hipporag.HippoRAG:Encoding 1 queries for query_to_passage.
INFO:src.hipporag.HippoRAG:Encoding 1 queries for query_to_passage.
INFO:src.hipporag.HippoRAG:Encoding 1 queries for query_to_passage.
WARNING:src.hipporag.rerank:Rerank parse failed on attempt 1 for query 'In what region of the country where Ha Hoa is located is the city where Zone 5 Military Museum is found?': Error parsing raw response as candidate selection: Unable to parse structured payload: unterminated string literal (detected at line 2) (<unknown>, line 2).
INFO:src.hipporag.HippoRAG:Encoding 2 queries for query_to_passage.
INFO:src.hipporag.HippoRAG:Encoding 1 queries for query_to_passage.
INFO:src.hipporag.HippoRAG:Encoding 1 queries for query_to_passage.
WARNING:src.hipporag.rerank:Rerank parse failed on attempt 1 for query 'Where do Greyhound buses leave from in the city where the band that recorded the album Never Too Loud formed?': Error parsing raw response as candidate selection: Unable to parse structured payload: unterminated string literal (detected at line 2) (<unknown>, line 2).
INFO:src.hipporag.HippoRAG:Encoding 4 queries for query_to_passage.
INFO:src.hipporag.HippoRAG:Encoding 1 queries for query_to_passage.
INFO:src.hipporag.HippoRAG:Encoding 1 queries for query_to_passage.
WARNING:src.hipporag.rerank:Rerank parse failed on attempt 1 for query "What religion is Anubis' father part of?": Error parsing raw response as candidate selection: Unable to parse structured payload: unterminated string literal (detected at line 2) (<unknown>, line 2).
INFO:src.hipporag.HippoRAG:Encoding 2 queries for query_to_passage.
INFO:src.hipporag.HippoRAG:Encoding 1 queries for query_to_passage.
INFO:src.hipporag.HippoRAG:Encoding 1 queries for query_to_passage.
INFO:src.hipporag.HippoRAG:Encoding 1 queries for query_to_passage.
INFO:src.hipporag.HippoRAG:Encoding 1 queries for query_to_passage.
INFO:src.hipporag.HippoRAG:Encoding 1 queries for query_to_passage.
INFO:src.hipporag.HippoRAG:Encoding 1 queries for query_to_passage.
WARNING:src.hipporag.rerank:Rerank parse failed on attempt 1 for query 'Which county shares border with the county having the birth city of the director of Let the Good Times Roll?': Error parsing raw response as candidate selection: Unable to parse structured payload: unterminated string literal (detected at line 1) (<unknown>, line 1).
INFO:src.hipporag.HippoRAG:Encoding 3 queries for query_to_passage.
WARNING:src.hipporag.rerank:Rerank parse failed on attempt 1 for query 'Which company followed the company that made AAM-N-4 Oriole?': Error parsing raw response as candidate selection: Unable to parse structured payload: unterminated string literal (detected at line 2) (<unknown>, line 2).
INFO:src.hipporag.HippoRAG:Encoding 2 queries for query_to_passage.
WARNING:src.hipporag.rerank:Rerank parse failed on attempt 1 for query 'What is the capital of the county that shares a border with the county where the band Tenement was formed?': Error parsing raw response as candidate selection: Unable to parse structured payload: unterminated string literal (detected at line 2) (<unknown>, line 2).
INFO:src.hipporag.HippoRAG:Encoding 2 queries for query_to_passage.
INFO:src.hipporag.HippoRAG:Encoding 1 queries for query_to_passage.
WARNING:src.hipporag.rerank:Rerank parse failed on attempt 1 for query 'Who is the child of the cast member of Green Ice?': Error parsing raw response as candidate selection: Unable to parse structured payload: unterminated string literal (detected at line 2) (<unknown>, line 2).
INFO:src.hipporag.HippoRAG:Encoding 2 queries for query_to_passage.
INFO:src.hipporag.HippoRAG:Encoding 2 queries for query_to_passage.
INFO:src.hipporag.HippoRAG:Encoding 1 queries for query_to_passage.
INFO:src.hipporag.HippoRAG:Encoding 2 queries for query_to_passage.
INFO:src.hipporag.HippoRAG:Encoding 1 queries for query_to_passage.
WARNING:src.hipporag.rerank:Rerank parse failed on attempt 1 for query 'Who was the second pick in the 1999 draft of the league Jim Wilson played in?': Error parsing raw response as candidate selection: Unable to parse structured payload: unterminated string literal (detected at line 2) (<unknown>, line 2).
INFO:src.hipporag.HippoRAG:Encoding 1 queries for query_to_passage.
INFO:src.hipporag.HippoRAG:Encoding 2 queries for query_to_passage.
INFO:src.hipporag.HippoRAG:Encoding 2 queries for query_to_passage.
INFO:src.hipporag.HippoRAG:Encoding 2 queries for query_to_passage.
INFO:src.hipporag.HippoRAG:Encoding 1 queries for query_to_passage.
WARNING:src.hipporag.rerank:Rerank parse failed on attempt 1 for query 'What date did the creator of Autumn Leaves die?': Error parsing raw response as candidate selection: Unable to parse structured payload: unterminated string literal (detected at line 8) (<unknown>, line 8).
INFO:src.hipporag.HippoRAG:Encoding 1 queries for query_to_passage.
WARNING:src.hipporag.rerank:Rerank parse failed on attempt 1 for query 'How many books were said to have been written by the person who proposed explanations for the origins of earthquakes and the formation of mountains?': Error parsing raw response as candidate selection: Unable to parse structured payload: unterminated string literal (detected at line 2) (<unknown>, line 2).
INFO:src.hipporag.HippoRAG:Encoding 1 queries for query_to_passage.
WARNING:src.hipporag.rerank:Rerank parse failed on attempt 1 for query "What were the Genesis's advantage over the platform of Pictionary?": Error parsing raw response as candidate selection: Unable to parse structured payload: unterminated string literal (detected at line 3) (<unknown>, line 3).
INFO:src.hipporag.HippoRAG:Encoding 3 queries for query_to_passage.
INFO:src.hipporag.HippoRAG:Encoding 1 queries for query_to_passage.
WARNING:src.hipporag.rerank:Rerank parse failed on attempt 1 for query 'Where does the body of water by the home of the Juicy Lucy empty into the gulf of Mexico?': Error parsing raw response as candidate selection: Unable to parse structured payload: unterminated string literal (detected at line 4) (<unknown>, line 4).
INFO:src.hipporag.HippoRAG:Encoding 2 queries for query_to_passage.
INFO:src.hipporag.HippoRAG:Encoding 1 queries for query_to_passage.
INFO:src.hipporag.HippoRAG:Encoding 1 queries for query_to_passage.
INFO:src.hipporag.HippoRAG:Encoding 1 queries for query_to_passage.
WARNING:src.hipporag.rerank:Rerank parse failed on attempt 1 for query 'Who did the actor who played Batman in the new Justice League play in Dazed and Confused?': Error parsing raw response as candidate selection: Unable to parse structured payload: unterminated string literal (detected at line 2) (<unknown>, line 2).
INFO:src.hipporag.HippoRAG:Encoding 2 queries for query_to_passage.
INFO:src.hipporag.HippoRAG:Encoding 1 queries for query_to_passage.
INFO:src.hipporag.HippoRAG:Encoding 1 queries for query_to_passage.
INFO:src.hipporag.HippoRAG:Encoding 1 queries for query_to_passage.
INFO:src.hipporag.HippoRAG:Encoding 2 queries for query_to_passage.
INFO:src.hipporag.HippoRAG:Encoding 1 queries for query_to_passage.
INFO:src.hipporag.HippoRAG:Encoding 1 queries for query_to_passage.
WARNING:src.hipporag.rerank:Rerank parse failed on attempt 1 for query 'Who does the cast member from Julie play in Princess Diaries?': Error parsing raw response as candidate selection: Unable to parse structured payload: invalid character '–' (U+2013) (<unknown>, line 6).
INFO:src.hipporag.HippoRAG:Encoding 2 queries for query_to_passage.
INFO:src.hipporag.HippoRAG:Encoding 1 queries for query_to_passage.
WARNING:src.hipporag.rerank:Rerank parse failed on attempt 1 for query 'The Real Housewives series from the largest city of the state where WEKL transmits started when?': Error parsing raw response as candidate selection: Unable to parse structured payload: unterminated string literal (detected at line 4) (<unknown>, line 4).
INFO:src.hipporag.HippoRAG:Encoding 2 queries for query_to_passage.
INFO:src.hipporag.HippoRAG:Encoding 1 queries for query_to_passage.
INFO:src.hipporag.HippoRAG:Encoding 1 queries for query_to_passage.
INFO:src.hipporag.HippoRAG:Encoding 1 queries for query_to_passage.
INFO:src.hipporag.HippoRAG:Encoding 1 queries for query_to_passage.
WARNING:src.hipporag.rerank:Rerank parse failed on attempt 1 for query "Where is the district that the person who wanted to reform and address Bernhard Lichtenberg's religion preached a sermon on Marian devotion before his death loc": Error parsing raw response as candidate selection: Unable to parse structured payload: unterminated string literal (detected at line 3) (<unknown>, line 3).
INFO:src.hipporag.HippoRAG:Encoding 2 queries for query_to_passage.
INFO:src.hipporag.HippoRAG:Encoding 1 queries for query_to_passage.
WARNING:src.hipporag.rerank:Rerank parse failed on attempt 1 for query 'Over how many slaves ended up getting emancipated on the birth place of Francis Watson?': Error parsing raw response as candidate selection: Unable to parse structured payload: unterminated string literal (detected at line 2) (<unknown>, line 2).
INFO:src.hipporag.HippoRAG:Encoding 3 queries for query_to_passage.
INFO:src.hipporag.HippoRAG:Encoding 1 queries for query_to_passage.
INFO:src.hipporag.HippoRAG:Encoding 1 queries for query_to_passage.
WARNING:src.hipporag.rerank:Rerank parse failed on attempt 1 for query 'How many places of higher learning are in the city where the Yongle emperor greeted the person to whom the edict was addressed?': Error parsing raw response as candidate selection: Unable to parse structured payload: unterminated string literal (detected at line 2) (<unknown>, line 2).
INFO:src.hipporag.HippoRAG:Encoding 1 queries for query_to_passage.
INFO:src.hipporag.HippoRAG:Encoding 1 queries for query_to_passage.
INFO:src.hipporag.HippoRAG:Encoding 1 queries for query_to_passage.
INFO:src.hipporag.HippoRAG:Encoding 1 queries for query_to_passage.
INFO:src.hipporag.HippoRAG:Encoding 1 queries for query_to_passage.
INFO:src.hipporag.HippoRAG:Encoding 2 queries for query_to_passage.
INFO:src.hipporag.HippoRAG:Encoding 1 queries for query_to_passage.
WARNING:src.hipporag.rerank:Rerank parse failed on attempt 1 for query "In The Office, Pam get's together with her husband in which episode?": Error parsing raw response as candidate selection: Unable to parse structured payload: unterminated string literal (detected at line 2) (<unknown>, line 2).
INFO:src.hipporag.HippoRAG:Encoding 1 queries for query_to_passage.
INFO:src.hipporag.HippoRAG:Encoding 3 queries for query_to_passage.
WARNING:src.hipporag.rerank:Rerank parse failed on attempt 1 for query 'Who is the spouse of the person who plays Batman in the Lego Batman Movie?': Error parsing raw response as candidate selection: Unable to parse structured payload: unterminated string literal (detected at line 2) (<unknown>, line 2).
INFO:src.hipporag.HippoRAG:Encoding 1 queries for query_to_passage.
INFO:src.hipporag.HippoRAG:Encoding 1 queries for query_to_passage.
WARNING:src.hipporag.rerank:Rerank parse failed on attempt 1 for query 'Besides the Irish Channel and the body of water by the city Caspar Voght died in, what else lowered in the last cold phase?': Error parsing raw response as candidate selection: Unable to parse structured payload: unterminated string literal (detected at line 10) (<unknown>, line 10).
INFO:src.hipporag.HippoRAG:Encoding 2 queries for query_to_passage.
INFO:src.hipporag.HippoRAG:Encoding 1 queries for query_to_passage.
INFO:src.hipporag.HippoRAG:Encoding 1 queries for query_to_passage.
INFO:src.hipporag.HippoRAG:Encoding 1 queries for query_to_passage.
INFO:src.hipporag.HippoRAG:Encoding 2 queries for query_to_passage.
INFO:src.hipporag.HippoRAG:Encoding 1 queries for query_to_passage.
INFO:src.hipporag.HippoRAG:Encoding 1 queries for query_to_passage.
INFO:src.hipporag.HippoRAG:Encoding 1 queries for query_to_passage.
INFO:src.hipporag.HippoRAG:Encoding 1 queries for query_to_passage.
WARNING:src.hipporag.rerank:Rerank parse failed on attempt 1 for query 'Who led the movement against communism, in the country where, along with the nation that Ágnes Konkoly is from, many expelled French Jews relocated to?': Error parsing raw response as candidate selection: Unable to parse structured payload: unterminated string literal (detected at line 2) (<unknown>, line 2).
INFO:src.hipporag.HippoRAG:Encoding 2 queries for query_to_passage.
INFO:src.hipporag.HippoRAG:Encoding 1 queries for query_to_passage.
INFO:src.hipporag.HippoRAG:Encoding 1 queries for query_to_passage.
INFO:src.hipporag.HippoRAG:Encoding 1 queries for query_to_passage.
WARNING:src.hipporag.rerank:Rerank parse failed on attempt 1 for query 'What gun does the director of Pollock use in Westworld?': Error parsing raw response as candidate selection: Unable to parse structured payload: unterminated string literal (detected at line 4) (<unknown>, line 4).
INFO:src.hipporag.HippoRAG:Encoding 3 queries for query_to_passage.
INFO:src.hipporag.HippoRAG:Encoding 1 queries for query_to_passage.
WARNING:src.hipporag.rerank:Rerank parse failed on attempt 1 for query 'What is the name of the castle in the city where the performers of Born A Lion was formed?': Error parsing raw response as candidate selection: Unable to parse structured payload: unterminated string literal (detected at line 2) (<unknown>, line 2).
INFO:src.hipporag.HippoRAG:Encoding 1 queries for query_to_passage.
WARNING:src.hipporag.rerank:Rerank parse failed on attempt 1 for query "What was the average per capita GVA in 2013 of the country which created Burma's academic system?": Error parsing raw response as candidate selection: Unable to parse structured payload: unterminated string literal (detected at line 2) (<unknown>, line 2).
INFO:src.hipporag.HippoRAG:Encoding 2 queries for query_to_passage.
INFO:src.hipporag.HippoRAG:Encoding 1 queries for query_to_passage.
WARNING:src.hipporag.rerank:Rerank parse failed on attempt 1 for query "What were the Genesis's advantages over the platform with a three letter abbreviation, that had a video game named after the league in charge of the Super Bowl ": Error parsing raw response as candidate selection: Unable to parse structured payload: unterminated string literal (detected at line 6) (<unknown>, line 6).
INFO:src.hipporag.HippoRAG:Encoding 2 queries for query_to_passage.
INFO:src.hipporag.HippoRAG:Encoding 1 queries for query_to_passage.
INFO:src.hipporag.HippoRAG:Encoding 2 queries for query_to_passage.
WARNING:src.hipporag.rerank:Rerank parse failed on attempt 1 for query "A line with Williamsburg, Main Street and another station are in a state that's next to an ocean. When did that ocean start to open up?": Error parsing raw response as candidate selection: Unable to parse structured payload: unterminated string literal (detected at line 2) (<unknown>, line 2).
INFO:src.hipporag.HippoRAG:Encoding 2 queries for query_to_passage.
INFO:src.hipporag.HippoRAG:Encoding 1 queries for query_to_passage.
INFO:src.hipporag.HippoRAG:Encoding 1 queries for query_to_passage.
INFO:src.hipporag.HippoRAG:Encoding 1 queries for query_to_passage.
INFO:src.hipporag.HippoRAG:Encoding 1 queries for query_to_passage.
INFO:src.hipporag.HippoRAG:Encoding 1 queries for query_to_passage.
WARNING:src.hipporag.rerank:Rerank parse failed on attempt 1 for query 'When was the performer of the album From Them, Through Us, to You formed?': Error parsing raw response as candidate selection: Unable to parse structured payload: unterminated string literal (detected at line 2) (<unknown>, line 2).
INFO:src.hipporag.HippoRAG:Encoding 2 queries for query_to_passage.
INFO:src.hipporag.HippoRAG:Encoding 1 queries for query_to_passage.
WARNING:src.hipporag.rerank:Rerank parse failed on attempt 1 for query "When were the monuments built in the Mother-in-Law performer's birthplace?": Error parsing raw response as candidate selection: Unable to parse structured payload: unterminated string literal (detected at line 4) (<unknown>, line 4).
INFO:src.hipporag.HippoRAG:Encoding 3 queries for query_to_passage.
WARNING:src.hipporag.rerank:Rerank parse failed on attempt 1 for query 'When was the Palau de la Generalitat constructed in the city where Martin from the region where Erla is located died?': Error parsing raw response as candidate selection: Unable to parse structured payload: unterminated string literal (detected at line 2) (<unknown>, line 2).
INFO:src.hipporag.HippoRAG:Encoding 2 queries for query_to_passage.
WARNING:src.hipporag.rerank:Rerank parse failed on attempt 1 for query "How long had the city considered the nominal capitol of the Republic of China been the capitol city of Yaxing Coach's headquarters location?": Error parsing raw response as candidate selection: Unable to parse structured payload: unterminated string literal (detected at line 6) (<unknown>, line 6).
INFO:src.hipporag.HippoRAG:Encoding 2 queries for query_to_passage.
INFO:src.hipporag.HippoRAG:Encoding 1 queries for query_to_passage.
INFO:src.hipporag.HippoRAG:Encoding 1 queries for query_to_passage.
WARNING:src.hipporag.rerank:Rerank parse failed on attempt 1 for query 'When was the Palau de la Generalitat constructed in the city where Martin from where Mianos is located died?': Error parsing raw response as candidate selection: Unable to parse structured payload: invalid syntax (<unknown>, line 1).
INFO:src.hipporag.HippoRAG:Encoding 3 queries for query_to_passage.
INFO:src.hipporag.HippoRAG:Encoding 1 queries for query_to_passage.
WARNING:src.hipporag.rerank:Rerank parse failed on attempt 1 for query 'Where did the author of The National Dream go to university?': Error parsing raw response as candidate selection: Unable to parse structured payload: unterminated string literal (detected at line 2) (<unknown>, line 2).
INFO:src.hipporag.HippoRAG:Encoding 2 queries for query_to_passage.
INFO:src.hipporag.HippoRAG:Encoding 1 queries for query_to_passage.
WARNING:src.hipporag.rerank:Rerank parse failed on attempt 1 for query 'What does SEAL stand for in the branch of military that operates USS Mahan?': Error parsing raw response as candidate selection: Unable to parse structured payload: unterminated string literal (detected at line 2) (<unknown>, line 2).
INFO:src.hipporag.HippoRAG:Encoding 1 queries for query_to_passage.
WARNING:src.hipporag.rerank:Rerank parse failed on attempt 1 for query 'What UK label was bought by the company which, along with ABC and the network which hosts Hero High, is the other major broadcaster based in NY?': Error parsing raw response as candidate selection: Unable to parse structured payload: unterminated string literal (detected at line 2) (<unknown>, line 2).
INFO:src.hipporag.HippoRAG:Encoding 2 queries for query_to_passage.
INFO:src.hipporag.HippoRAG:Encoding 1 queries for query_to_passage.
INFO:src.hipporag.HippoRAG:Encoding 2 queries for query_to_passage.
INFO:src.hipporag.HippoRAG:Encoding 1 queries for query_to_passage.
INFO:src.hipporag.HippoRAG:Encoding 1 queries for query_to_passage.
INFO:src.hipporag.HippoRAG:Encoding 2 queries for query_to_passage.
INFO:src.hipporag.HippoRAG:Encoding 1 queries for query_to_passage.
INFO:src.hipporag.HippoRAG:Encoding 1 queries for query_to_passage.
INFO:src.hipporag.HippoRAG:Encoding 1 queries for query_to_passage.
INFO:src.hipporag.HippoRAG:Encoding 1 queries for query_to_passage.
INFO:src.hipporag.HippoRAG:Encoding 1 queries for query_to_passage.
WARNING:src.hipporag.rerank:Rerank parse failed on attempt 1 for query 'What was the main goal of Germany in the battle of the ocean region adjacent to the city where The Golden Palace is set?': Error parsing raw response as candidate selection: Unable to parse structured payload: unterminated string literal (detected at line 2) (<unknown>, line 2).
INFO:src.hipporag.HippoRAG:Encoding 3 queries for query_to_passage.
INFO:src.hipporag.HippoRAG:Encoding 2 queries for query_to_passage.
WARNING:src.hipporag.rerank:Rerank parse failed on attempt 1 for query 'Who played the singer of is She Really Going Out With Him in the movie based on the artist whose concert was the first Beyonce attended?': Error parsing raw response as candidate selection: Unable to parse structured payload: unterminated string literal (detected at line 2) (<unknown>, line 2).
INFO:src.hipporag.HippoRAG:Encoding 3 queries for query_to_passage.
INFO:src.hipporag.HippoRAG:Encoding 1 queries for query_to_passage.
WARNING:src.hipporag.rerank:Rerank parse failed on attempt 1 for query 'What team is the person who hit the first home run at the new stadium where the american league Wildcard game will be played a member of?': Error parsing raw response as candidate selection: Unable to parse structured payload: unterminated string literal (detected at line 2) (<unknown>, line 2).
INFO:src.hipporag.HippoRAG:Encoding 3 queries for query_to_passage.
INFO:src.hipporag.HippoRAG:Encoding 1 queries for query_to_passage.
INFO:src.hipporag.HippoRAG:Encoding 1 queries for query_to_passage.
INFO:src.hipporag.HippoRAG:Encoding 1 queries for query_to_passage.
INFO:src.hipporag.HippoRAG:Encoding 1 queries for query_to_passage.
INFO:src.hipporag.HippoRAG:Encoding 1 queries for query_to_passage.
INFO:src.hipporag.HippoRAG:Encoding 1 queries for query_to_passage.
INFO:src.hipporag.HippoRAG:Encoding 1 queries for query_to_passage.
INFO:src.hipporag.HippoRAG:Encoding 1 queries for query_to_passage.
INFO:src.hipporag.HippoRAG:Encoding 1 queries for query_to_passage.
WARNING:src.hipporag.rerank:Rerank parse failed on attempt 1 for query 'What is the longest home run in the history of the league of the team that has played the most games in the competition they give out MVP awards after?': Error parsing raw response as candidate selection: Unable to parse structured payload: unterminated string literal (detected at line 4) (<unknown>, line 4).
INFO:src.hipporag.HippoRAG:Encoding 2 queries for query_to_passage.
INFO:src.hipporag.HippoRAG:Encoding 1 queries for query_to_passage.
INFO:src.hipporag.HippoRAG:Encoding 1 queries for query_to_passage.
INFO:src.hipporag.HippoRAG:Encoding 1 queries for query_to_passage.
INFO:src.hipporag.HippoRAG:Encoding 1 queries for query_to_passage.
INFO:src.hipporag.HippoRAG:Encoding 1 queries for query_to_passage.
WARNING:src.hipporag.rerank:Rerank parse failed on attempt 1 for query "Who's the sibling of the player who won the men's wimbledon championship 2016?": Error parsing raw response as candidate selection: Unable to parse structured payload: unterminated string literal (detected at line 4) (<unknown>, line 4).
INFO:src.hipporag.HippoRAG:Encoding 2 queries for query_to_passage.
INFO:src.hipporag.HippoRAG:Encoding 1 queries for query_to_passage.
INFO:src.hipporag.HippoRAG:Encoding 1 queries for query_to_passage.
WARNING:src.hipporag.rerank:Rerank parse failed on attempt 1 for query "What was the population density of Tammy Leitner's city of birth in 2009?": Error parsing raw response as candidate selection: Unable to parse structured payload: unterminated string literal (detected at line 4) (<unknown>, line 4).
INFO:src.hipporag.HippoRAG:Encoding 2 queries for query_to_passage.
INFO:src.hipporag.HippoRAG:Encoding 1 queries for query_to_passage.
INFO:src.hipporag.HippoRAG:Encoding 1 queries for query_to_passage.
INFO:src.hipporag.HippoRAG:Encoding 1 queries for query_to_passage.
WARNING:src.hipporag.rerank:Rerank parse failed on attempt 1 for query 'Who is the spouse of the actor portraying Jerry Lee Lewis in Great Balls of Fire?': Error parsing raw response as candidate selection: Unable to parse structured payload: malformed node or string on line 1: <ast.BinOp object at 0x7f1dc6ffd960>.
INFO:httpx:HTTP Request: POST http://localhost:8043/v1/chat/completions "HTTP/1.1 200 OK"
INFO:src.hipporag.HippoRAG:Encoding 1 queries for query_to_passage.
INFO:src.hipporag.HippoRAG:Encoding 2 queries for query_to_passage.
INFO:src.hipporag.HippoRAG:Encoding 1 queries for query_to_passage.
INFO:src.hipporag.HippoRAG:Encoding 1 queries for query_to_passage.
INFO:src.hipporag.HippoRAG:Encoding 3 queries for query_to_passage.
INFO:src.hipporag.HippoRAG:Encoding 1 queries for query_to_passage.
WARNING:src.hipporag.rerank:Rerank parse failed on attempt 1 for query 'Who is the mother of the father of Julia Murdock Smith?': Error parsing raw response as candidate selection: Unable to parse structured payload: unterminated string literal (detected at line 2) (<unknown>, line 2).
INFO:src.hipporag.HippoRAG:Encoding 1 queries for query_to_passage.
WARNING:src.hipporag.rerank:Rerank parse failed on attempt 1 for query "In what region of the country where Lam Thao is located is John Phan's birthplace?": Error parsing raw response as candidate selection: Unable to parse structured payload: unterminated string literal (detected at line 17) (<unknown>, line 17).
INFO:src.hipporag.HippoRAG:Encoding 2 queries for query_to_passage.
INFO:src.hipporag.HippoRAG:Encoding 1 queries for query_to_passage.
INFO:src.hipporag.HippoRAG:Encoding 1 queries for query_to_passage.
WARNING:src.hipporag.rerank:Rerank parse failed on attempt 1 for query 'Who wrote "Turn Me On" by performer of "Happy Pills"?': Error parsing raw response as candidate selection: Unable to parse structured payload: unterminated string literal (detected at line 2) (<unknown>, line 2).
INFO:src.hipporag.HippoRAG:Encoding 2 queries for query_to_passage.
INFO:src.hipporag.HippoRAG:Encoding 2 queries for query_to_passage.
WARNING:src.hipporag.rerank:Rerank parse failed on attempt 1 for query 'which professional sports team would you not see play a home game in the arena where the last place Cream performed?': Error parsing raw response as candidate selection: Unable to parse structured payload: unterminated string literal (detected at line 4) (<unknown>, line 4).
INFO:src.hipporag.HippoRAG:Encoding 2 queries for query_to_passage.
INFO:src.hipporag.HippoRAG:Encoding 1 queries for query_to_passage.
WARNING:src.hipporag.rerank:Rerank parse failed on attempt 1 for query "What was the form of the language that the last name Sylvester comes from, used in the era of Fastrada's spouse, later known as?": Error parsing raw response as candidate selection: Unable to parse structured payload: unterminated string literal (detected at line 4) (<unknown>, line 4).
INFO:src.hipporag.HippoRAG:Encoding 2 queries for query_to_passage.
INFO:src.hipporag.HippoRAG:Encoding 1 queries for query_to_passage.
INFO:src.hipporag.HippoRAG:Encoding 1 queries for query_to_passage.
INFO:src.hipporag.HippoRAG:Encoding 1 queries for query_to_passage.
WARNING:src.hipporag.rerank:Rerank parse failed on attempt 1 for query "What continent is the country located near the country of citizenship of The Book Thief's author part of?": Error parsing raw response as candidate selection: Unable to parse structured payload: unterminated string literal (detected at line 6) (<unknown>, line 6).
INFO:src.hipporag.HippoRAG:Encoding 2 queries for query_to_passage.
INFO:src.hipporag.HippoRAG:Encoding 1 queries for query_to_passage.
INFO:src.hipporag.HippoRAG:Encoding 1 queries for query_to_passage.
INFO:src.hipporag.HippoRAG:Encoding 1 queries for query_to_passage.
INFO:src.hipporag.HippoRAG:Encoding 1 queries for query_to_passage.
WARNING:src.hipporag.rerank:Rerank parse failed on attempt 1 for query 'Who is the guy in the One Last Time video by the participant in The Listening Sessions?': Error parsing raw response as candidate selection: Unable to parse structured payload: unterminated string literal (detected at line 2) (<unknown>, line 2).
INFO:src.hipporag.HippoRAG:Encoding 3 queries for query_to_passage.
INFO:src.hipporag.HippoRAG:Encoding 1 queries for query_to_passage.
INFO:src.hipporag.HippoRAG:Encoding 1 queries for query_to_passage.
INFO:src.hipporag.HippoRAG:Encoding 1 queries for query_to_passage.
INFO:src.hipporag.HippoRAG:Encoding 2 queries for query_to_passage.
INFO:src.hipporag.HippoRAG:Encoding 1 queries for query_to_passage.
INFO:src.hipporag.HippoRAG:Encoding 1 queries for query_to_passage.
WARNING:src.hipporag.rerank:Rerank parse failed on attempt 1 for query 'Besides the body of water by the city where Erwin Speckler died, and the Irish Channel, what else was lowered in the last cold phase?': Error parsing raw response as candidate selection: Unable to parse structured payload: unterminated string literal (detected at line 2) (<unknown>, line 2).
INFO:src.hipporag.HippoRAG:Encoding 2 queries for query_to_passage.
INFO:src.hipporag.HippoRAG:Encoding 1 queries for query_to_passage.
INFO:src.hipporag.HippoRAG:Encoding 2 queries for query_to_passage.
WARNING:src.hipporag.rerank:Rerank parse failed on attempt 1 for query "How many ethnic minorities were looked at differently in the city where the headquarters of the company that Study in Brown's record label is a part of?": Error parsing raw response as candidate selection: Unable to parse structured payload: unterminated string literal (detected at line 2) (<unknown>, line 2).
INFO:src.hipporag.HippoRAG:Encoding 3 queries for query_to_passage.
INFO:src.hipporag.HippoRAG:Encoding 1 queries for query_to_passage.
INFO:src.hipporag.HippoRAG:Encoding 1 queries for query_to_passage.
INFO:src.hipporag.HippoRAG:Encoding 1 queries for query_to_passage.
INFO:src.hipporag.HippoRAG:Encoding 1 queries for query_to_passage.
INFO:src.hipporag.HippoRAG:Encoding 1 queries for query_to_passage.
WARNING:src.hipporag.rerank:Rerank parse failed on attempt 1 for query 'What is the longest home run hit in the league where the team with the most titles from the event after which the MLB MVP is awarded plays?': Error parsing raw response as candidate selection: Unable to parse structured payload: unterminated string literal (detected at line 11) (<unknown>, line 11).
INFO:src.hipporag.HippoRAG:Encoding 3 queries for query_to_passage.
INFO:src.hipporag.HippoRAG:Encoding 1 queries for query_to_passage.
INFO:src.hipporag.HippoRAG:Encoding 1 queries for query_to_passage.
INFO:src.hipporag.HippoRAG:Encoding 1 queries for query_to_passage.
INFO:src.hipporag.HippoRAG:Encoding 1 queries for query_to_passage.
INFO:src.hipporag.HippoRAG:Encoding 1 queries for query_to_passage.
INFO:src.hipporag.HippoRAG:Encoding 1 queries for query_to_passage.
INFO:src.hipporag.HippoRAG:Encoding 1 queries for query_to_passage.
INFO:src.hipporag.HippoRAG:Encoding 1 queries for query_to_passage.
INFO:src.hipporag.HippoRAG:Encoding 1 queries for query_to_passage.
INFO:src.hipporag.HippoRAG:Encoding 1 queries for query_to_passage.
INFO:src.hipporag.HippoRAG:Encoding 1 queries for query_to_passage.
INFO:src.hipporag.HippoRAG:Encoding 2 queries for query_to_passage.
WARNING:src.hipporag.rerank:Rerank parse failed on attempt 1 for query 'When was the star to which Solgränd is named after discovered to be the center of the solar system?': Error parsing raw response as candidate selection: Unable to parse structured payload: unterminated string literal (detected at line 2) (<unknown>, line 2).
INFO:src.hipporag.HippoRAG:Encoding 2 queries for query_to_passage.
INFO:src.hipporag.HippoRAG:Encoding 1 queries for query_to_passage.
INFO:src.hipporag.HippoRAG:Encoding 1 queries for query_to_passage.
INFO:src.hipporag.HippoRAG:Encoding 1 queries for query_to_passage.
INFO:src.hipporag.HippoRAG:Encoding 1 queries for query_to_passage.
WARNING:src.hipporag.rerank:Rerank parse failed on attempt 1 for query 'When did the city where Hillcrest High School is located become capitol of the state where the screenwriter of The Poor Boob was born?': Error parsing raw response as candidate selection: Unable to parse structured payload: unterminated string literal (detected at line 2) (<unknown>, line 2).
INFO:src.hipporag.HippoRAG:Encoding 1 queries for query_to_passage.
INFO:src.hipporag.HippoRAG:Encoding 2 queries for query_to_passage.
INFO:src.hipporag.HippoRAG:Encoding 1 queries for query_to_passage.
INFO:src.hipporag.HippoRAG:Encoding 2 queries for query_to_passage.
INFO:src.hipporag.HippoRAG:Encoding 1 queries for query_to_passage.
INFO:src.hipporag.HippoRAG:Encoding 2 queries for query_to_passage.
INFO:src.hipporag.HippoRAG:Encoding 1 queries for query_to_passage.
INFO:src.hipporag.HippoRAG:Encoding 1 queries for query_to_passage.
INFO:src.hipporag.HippoRAG:Encoding 2 queries for query_to_passage.
INFO:src.hipporag.HippoRAG:Encoding 1 queries for query_to_passage.
WARNING:src.hipporag.rerank:Rerank parse failed on attempt 1 for query 'When did the person who launched the Bardoli Satyagraha on 4th february 1928 die?': Error parsing raw response as candidate selection: Unable to parse structured payload: unterminated string literal (detected at line 1) (<unknown>, line 1).
INFO:src.hipporag.HippoRAG:Encoding 1 queries for query_to_passage.
INFO:src.hipporag.HippoRAG:Encoding 1 queries for query_to_passage.
INFO:src.hipporag.HippoRAG:Encoding 1 queries for query_to_passage.
INFO:src.hipporag.HippoRAG:Encoding 1 queries for query_to_passage.
INFO:src.hipporag.HippoRAG:Encoding 2 queries for query_to_passage.
INFO:src.hipporag.HippoRAG:Encoding 1 queries for query_to_passage.
INFO:src.hipporag.HippoRAG:Encoding 1 queries for query_to_passage.
INFO:src.hipporag.HippoRAG:Encoding 1 queries for query_to_passage.
INFO:src.hipporag.HippoRAG:Encoding 2 queries for query_to_passage.
INFO:src.hipporag.HippoRAG:Encoding 1 queries for query_to_passage.
WARNING:src.hipporag.rerank:Rerank parse failed on attempt 1 for query "What country is between Lithuania and the country many expelled French Jews relocated to, along with the country of citizenship of Marie Antoinette's mother?": Error parsing raw response as candidate selection: Unable to parse structured payload: unterminated string literal (detected at line 1) (<unknown>, line 1).
INFO:src.hipporag.HippoRAG:Encoding 4 queries for query_to_passage.
INFO:src.hipporag.HippoRAG:Encoding 1 queries for query_to_passage.
INFO:src.hipporag.HippoRAG:Encoding 1 queries for query_to_passage.
INFO:src.hipporag.HippoRAG:Encoding 1 queries for query_to_passage.
INFO:src.hipporag.HippoRAG:Encoding 1 queries for query_to_passage.
WARNING:src.hipporag.rerank:Rerank parse failed on attempt 1 for query 'What county is the NRHEG High School located in?': Error parsing raw response as candidate selection: Unable to parse structured payload: unterminated string literal (detected at line 2) (<unknown>, line 2).
INFO:src.hipporag.HippoRAG:Encoding 2 queries for query_to_passage.
INFO:src.hipporag.HippoRAG:Encoding 1 queries for query_to_passage.
WARNING:src.hipporag.rerank:Rerank parse failed on attempt 1 for query 'The island where they filmed ninja warrior in Australia is located in what harbor?': Error parsing raw response as candidate selection: Unable to parse structured payload: unterminated string literal (detected at line 2) (<unknown>, line 2).
INFO:src.hipporag.HippoRAG:Encoding 2 queries for query_to_passage.
INFO:src.hipporag.HippoRAG:Encoding 1 queries for query_to_passage.
WARNING:src.hipporag.rerank:Rerank parse failed on attempt 1 for query 'Where did the leader who argued that the country of citizenship of Vladimir Lefebvre had become imperialist, declare that he would intervene in the Korean confl': Error parsing raw response as candidate selection: Unable to parse structured payload: invalid syntax (<unknown>, line 1).
INFO:src.hipporag.HippoRAG:Encoding 2 queries for query_to_passage.
INFO:src.hipporag.HippoRAG:Encoding 1 queries for query_to_passage.
WARNING:src.hipporag.rerank:Rerank parse failed on attempt 1 for query 'When did the spacecraft that detected storms on Neptune leave our solar system?': Error parsing raw response as candidate selection: Unable to parse structured payload: unterminated string literal (detected at line 2) (<unknown>, line 2).
INFO:src.hipporag.HippoRAG:Encoding 2 queries for query_to_passage.
INFO:src.hipporag.HippoRAG:Encoding 1 queries for query_to_passage.
INFO:src.hipporag.HippoRAG:Encoding 2 queries for query_to_passage.
INFO:src.hipporag.HippoRAG:Encoding 1 queries for query_to_passage.
INFO:src.hipporag.HippoRAG:Encoding 1 queries for query_to_passage.
INFO:src.hipporag.HippoRAG:Encoding 1 queries for query_to_passage.
INFO:src.hipporag.HippoRAG:Encoding 2 queries for query_to_passage.
INFO:src.hipporag.HippoRAG:Encoding 1 queries for query_to_passage.
INFO:src.hipporag.HippoRAG:Encoding 1 queries for query_to_passage.
WARNING:src.hipporag.rerank:Rerank parse failed on attempt 1 for query 'When is Celebrity Big Brother coming to the broadcast company that, along with the network of Just Men!?, and ABC, is one of the major broadcasters based in New': Error parsing raw response as candidate selection: Unable to parse structured payload: unterminated string literal (detected at line 2) (<unknown>, line 2).
INFO:src.hipporag.HippoRAG:Encoding 2 queries for query_to_passage.
INFO:src.hipporag.HippoRAG:Encoding 1 queries for query_to_passage.
INFO:src.hipporag.HippoRAG:Encoding 2 queries for query_to_passage.
INFO:src.hipporag.HippoRAG:Encoding 1 queries for query_to_passage.
INFO:src.hipporag.HippoRAG:Encoding 1 queries for query_to_passage.
INFO:src.hipporag.HippoRAG:Encoding 1 queries for query_to_passage.
WARNING:src.hipporag.rerank:Rerank parse failed on attempt 1 for query "When was Burma's name changed to the country between the country that hosted the tournament and the country where A Don is from?": Error parsing raw response as candidate selection: Unable to parse structured payload: unterminated string literal (detected at line 2) (<unknown>, line 2).
INFO:src.hipporag.HippoRAG:Encoding 1 queries for query_to_passage.
INFO:src.hipporag.HippoRAG:Encoding 1 queries for query_to_passage.
INFO:src.hipporag.HippoRAG:Encoding 1 queries for query_to_passage.
WARNING:src.hipporag.rerank:Rerank parse failed on attempt 1 for query 'Which affiliate left the company that owns and operates most of the CBC television stations due to an agreement with CHBC?': Error parsing raw response as candidate selection: Unable to parse structured payload: unterminated string literal (detected at line 2) (<unknown>, line 2).
INFO:src.hipporag.HippoRAG:Encoding 4 queries for query_to_passage.
INFO:src.hipporag.HippoRAG:Encoding 1 queries for query_to_passage.
INFO:src.hipporag.HippoRAG:Encoding 1 queries for query_to_passage.
INFO:src.hipporag.HippoRAG:Encoding 1 queries for query_to_passage.
INFO:src.hipporag.HippoRAG:Encoding 1 queries for query_to_passage.
INFO:src.hipporag.HippoRAG:Encoding 1 queries for query_to_passage.
INFO:src.hipporag.HippoRAG:Encoding 1 queries for query_to_passage.
WARNING:src.hipporag.rerank:Rerank parse failed on attempt 1 for query 'Who is the father of the father of Anwer Ali?': Error parsing raw response as candidate selection: Unable to parse structured payload: unterminated string literal (detected at line 2) (<unknown>, line 2).
INFO:src.hipporag.HippoRAG:Encoding 1 queries for query_to_passage.
INFO:src.hipporag.HippoRAG:Encoding 3 queries for query_to_passage.
INFO:src.hipporag.HippoRAG:Encoding 1 queries for query_to_passage.
INFO:src.hipporag.HippoRAG:Encoding 1 queries for query_to_passage.
INFO:src.hipporag.HippoRAG:Encoding 1 queries for query_to_passage.
INFO:src.hipporag.HippoRAG:Encoding 1 queries for query_to_passage.
INFO:src.hipporag.HippoRAG:Encoding 1 queries for query_to_passage.
INFO:src.hipporag.HippoRAG:Encoding 1 queries for query_to_passage.
INFO:src.hipporag.HippoRAG:Encoding 1 queries for query_to_passage.
WARNING:src.hipporag.rerank:Rerank parse failed on attempt 1 for query 'Where does the body of water by the city where Write This Down was formed and Ohio River meet?': Error parsing raw response as candidate selection: Unable to parse structured payload: unterminated string literal (detected at line 6) (<unknown>, line 6).
INFO:src.hipporag.HippoRAG:Encoding 2 queries for query_to_passage.
INFO:src.hipporag.HippoRAG:Encoding 1 queries for query_to_passage.
INFO:src.hipporag.HippoRAG:Encoding 1 queries for query_to_passage.
INFO:src.hipporag.HippoRAG:Encoding 1 queries for query_to_passage.
INFO:src.hipporag.HippoRAG:Encoding 1 queries for query_to_passage.
WARNING:src.hipporag.rerank:Rerank parse failed on attempt 1 for query 'What is the capital of the county that shares a border with the county where Don Werner was born?': Error parsing raw response as candidate selection: Unable to parse structured payload: unterminated string literal (detected at line 2) (<unknown>, line 2).
INFO:src.hipporag.HippoRAG:Encoding 3 queries for query_to_passage.
INFO:src.hipporag.HippoRAG:Encoding 1 queries for query_to_passage.
WARNING:src.hipporag.rerank:Rerank parse failed on attempt 1 for query 'Who is the president of the organization that Avery Brundage is a member of?': Error parsing raw response as candidate selection: Unable to parse structured payload: unterminated string literal (detected at line 2) (<unknown>, line 2).
INFO:src.hipporag.HippoRAG:Encoding 2 queries for query_to_passage.
INFO:src.hipporag.HippoRAG:Encoding 1 queries for query_to_passage.
WARNING:src.hipporag.rerank:Rerank parse failed on attempt 1 for query 'Who is the sibling of the author of Kapalkundala?': Error parsing raw response as candidate selection: Unable to parse structured payload: unterminated string literal (detected at line 3) (<unknown>, line 3).
INFO:src.hipporag.HippoRAG:Encoding 2 queries for query_to_passage.
WARNING:src.hipporag.rerank:Rerank parse failed on attempt 1 for query 'What actor had the role of the narrator of How I Met Your Mother?': Error parsing raw response as candidate selection: Unable to parse structured payload: unterminated string literal (detected at line 2) (<unknown>, line 2).
INFO:src.hipporag.HippoRAG:Encoding 2 queries for query_to_passage.
INFO:src.hipporag.HippoRAG:Encoding 1 queries for query_to_passage.
INFO:src.hipporag.HippoRAG:Encoding 1 queries for query_to_passage.
INFO:src.hipporag.HippoRAG:Encoding 1 queries for query_to_passage.
INFO:src.hipporag.HippoRAG:Encoding 1 queries for query_to_passage.
INFO:src.hipporag.HippoRAG:Encoding 1 queries for query_to_passage.
INFO:src.hipporag.HippoRAG:Encoding 2 queries for query_to_passage.
INFO:src.hipporag.HippoRAG:Encoding 1 queries for query_to_passage.
WARNING:src.hipporag.rerank:Rerank parse failed on attempt 1 for query 'Who did the creator of Push, Nevada play in Dazed and Confused?': Error parsing raw response as candidate selection: Unable to parse structured payload: unterminated string literal (detected at line 2) (<unknown>, line 2).
INFO:src.hipporag.HippoRAG:Encoding 2 queries for query_to_passage.
WARNING:src.hipporag.rerank:Rerank parse failed on attempt 1 for query 'When does the regular season of the league where the team with the most titles from the series after which the MLB MVP award is given out plays?': Error parsing raw response as candidate selection: Unable to parse structured payload: unterminated string literal (detected at line 4) (<unknown>, line 4).
INFO:src.hipporag.HippoRAG:Encoding 4 queries for query_to_passage.
INFO:src.hipporag.HippoRAG:Encoding 1 queries for query_to_passage.
INFO:src.hipporag.HippoRAG:Encoding 1 queries for query_to_passage.
INFO:src.hipporag.HippoRAG:Encoding 1 queries for query_to_passage.
INFO:src.hipporag.HippoRAG:Encoding 1 queries for query_to_passage.
INFO:src.hipporag.HippoRAG:Encoding 1 queries for query_to_passage.
INFO:src.hipporag.HippoRAG:Encoding 1 queries for query_to_passage.
INFO:src.hipporag.HippoRAG:Encoding 1 queries for query_to_passage.
INFO:src.hipporag.HippoRAG:Encoding 1 queries for query_to_passage.
INFO:src.hipporag.HippoRAG:Encoding 1 queries for query_to_passage.
INFO:src.hipporag.HippoRAG:Encoding 1 queries for query_to_passage.
WARNING:src.hipporag.rerank:Rerank parse failed on attempt 1 for query 'Who is the spouse of the individual who lives in the houses in Windsor Castle?': Error parsing raw response as candidate selection: Unable to parse structured payload: unterminated string literal (detected at line 2) (<unknown>, line 2).
INFO:src.hipporag.HippoRAG:Encoding 2 queries for query_to_passage.
INFO:src.hipporag.HippoRAG:Encoding 1 queries for query_to_passage.
INFO:src.hipporag.HippoRAG:Encoding 1 queries for query_to_passage.
INFO:src.hipporag.HippoRAG:Encoding 1 queries for query_to_passage.
WARNING:src.hipporag.rerank:Rerank parse failed on attempt 1 for query 'What year saw the publication of the version of the Molotov–Ribbentrop Pact, engineered by the politician who succeeded the leader of the Bolsheviks in the Nove': Error parsing raw response as candidate selection: Unable to parse structured payload: unterminated string literal (detected at line 2) (<unknown>, line 2).
INFO:src.hipporag.HippoRAG:Encoding 3 queries for query_to_passage.
INFO:src.hipporag.HippoRAG:Encoding 1 queries for query_to_passage.
INFO:src.hipporag.HippoRAG:Encoding 1 queries for query_to_passage.
WARNING:src.hipporag.rerank:Rerank parse failed on attempt 1 for query 'How long was the city where the Yongle Emperor greeted the leader that the edict was addressed to, the capital city of Yangzhou?': Error parsing raw response as candidate selection: 1 validation error for CandidateSelection
confidence
  Input should be a valid number [type=float_type, input_value=Ellipsis, input_type=ellipsis]
    For further information visit https://errors.pydantic.dev/2.12/v/float_type.
INFO:httpx:HTTP Request: POST http://localhost:8043/v1/chat/completions "HTTP/1.1 200 OK"
INFO:src.hipporag.HippoRAG:Encoding 4 queries for query_to_passage.
INFO:src.hipporag.HippoRAG:Encoding 1 queries for query_to_passage.
INFO:src.hipporag.HippoRAG:Encoding 1 queries for query_to_passage.
INFO:src.hipporag.HippoRAG:Encoding 1 queries for query_to_passage.
INFO:src.hipporag.HippoRAG:Encoding 1 queries for query_to_passage.
INFO:src.hipporag.HippoRAG:Encoding 1 queries for query_to_passage.
WARNING:src.hipporag.rerank:Rerank parse failed on attempt 1 for query 'Who did the person portraying Batman in the Justice League movie play in Dazed and Confused?': Error parsing raw response as candidate selection: Unable to parse structured payload: unterminated string literal (detected at line 2) (<unknown>, line 2).
INFO:src.hipporag.HippoRAG:Encoding 3 queries for query_to_passage.
INFO:src.hipporag.HippoRAG:Encoding 1 queries for query_to_passage.
INFO:src.hipporag.HippoRAG:Encoding 1 queries for query_to_passage.
INFO:src.hipporag.HippoRAG:Encoding 1 queries for query_to_passage.
INFO:src.hipporag.HippoRAG:Encoding 1 queries for query_to_passage.
INFO:src.hipporag.HippoRAG:Encoding 1 queries for query_to_passage.
INFO:src.hipporag.HippoRAG:Encoding 1 queries for query_to_passage.
WARNING:src.hipporag.rerank:Rerank parse failed on attempt 1 for query 'What was the first OS to support Hyper-V from the company the letters MS stands for in the network that broadcasts Buchanan & Press?': Error parsing raw response as candidate selection: Unable to parse structured payload: unterminated string literal (detected at line 2) (<unknown>, line 2).
INFO:src.hipporag.HippoRAG:Encoding 3 queries for query_to_passage.
INFO:src.hipporag.HippoRAG:Encoding 1 queries for query_to_passage.
INFO:src.hipporag.HippoRAG:Encoding 1 queries for query_to_passage.
INFO:src.hipporag.HippoRAG:Encoding 1 queries for query_to_passage.
INFO:src.hipporag.HippoRAG:Encoding 1 queries for query_to_passage.
INFO:src.hipporag.HippoRAG:Encoding 1 queries for query_to_passage.
WARNING:src.hipporag.rerank:Rerank parse failed on attempt 1 for query 'When did the first mosque open in the place where Tobolar Copra plant is located?': Error parsing raw response as candidate selection: Unable to parse structured payload: unterminated string literal (detected at line 2) (<unknown>, line 2).
INFO:src.hipporag.HippoRAG:Encoding 1 queries for query_to_passage.
INFO:src.hipporag.HippoRAG:Encoding 1 queries for query_to_passage.
WARNING:src.hipporag.rerank:Rerank parse failed on attempt 1 for query 'Which iPod generation introduced compatibility with the industry standard connection that was first widely used at version 1.1?': Error parsing raw response as candidate selection: Unable to parse structured payload: unterminated string literal (detected at line 2) (<unknown>, line 2).
INFO:src.hipporag.HippoRAG:Encoding 2 queries for query_to_passage.
INFO:src.hipporag.HippoRAG:Encoding 3 queries for query_to_passage.
WARNING:src.hipporag.rerank:Rerank parse failed on attempt 1 for query 'What year saw the publication of the version of the Molotov–Ribbentrop Pact established by the man who succeeded the leader of the group which created the Sovie': Error parsing raw response as candidate selection: Unable to parse structured payload: unterminated string literal (detected at line 2) (<unknown>, line 2).
INFO:src.hipporag.HippoRAG:Encoding 2 queries for query_to_passage.
INFO:src.hipporag.HippoRAG:Encoding 1 queries for query_to_passage.
INFO:src.hipporag.HippoRAG:Encoding 1 queries for query_to_passage.
INFO:src.hipporag.HippoRAG:Encoding 1 queries for query_to_passage.
INFO:src.hipporag.HippoRAG:Encoding 1 queries for query_to_passage.
WARNING:src.hipporag.rerank:Rerank parse failed on attempt 1 for query 'When was the company that abolished the dual system of government in Bengal established?': Error parsing raw response as candidate selection: Unable to parse structured payload: unterminated string literal (detected at line 2) (<unknown>, line 2).
INFO:src.hipporag.HippoRAG:Encoding 2 queries for query_to_passage.
INFO:src.hipporag.HippoRAG:Encoding 1 queries for query_to_passage.
INFO:src.hipporag.HippoRAG:Encoding 1 queries for query_to_passage.
INFO:src.hipporag.HippoRAG:Encoding 1 queries for query_to_passage.
INFO:src.hipporag.HippoRAG:Encoding 1 queries for query_to_passage.
INFO:src.hipporag.HippoRAG:Encoding 1 queries for query_to_passage.
INFO:src.hipporag.HippoRAG:Encoding 2 queries for query_to_passage.
WARNING:src.hipporag.rerank:Rerank parse failed on attempt 1 for query 'When did the maker of the Acura Legend, the largest auto company in the world, and Nissan open US assembly plants?': Error parsing raw response as candidate selection: Unable to parse structured payload: unterminated string literal (detected at line 2) (<unknown>, line 2).
INFO:src.hipporag.HippoRAG:Encoding 3 queries for query_to_passage.
INFO:src.hipporag.HippoRAG:Encoding 1 queries for query_to_passage.
INFO:src.hipporag.HippoRAG:Encoding 1 queries for query_to_passage.
INFO:src.hipporag.HippoRAG:Encoding 1 queries for query_to_passage.
INFO:src.hipporag.HippoRAG:Encoding 1 queries for query_to_passage.
INFO:src.hipporag.HippoRAG:Encoding 1 queries for query_to_passage.
WARNING:src.hipporag.rerank:Rerank parse failed on attempt 1 for query 'What major conflict is the country between the country that hosted the tournament and the country where That Dam is from known for?': Error parsing raw response as candidate selection: Unable to parse structured payload: unterminated string literal (detected at line 2) (<unknown>, line 2).
INFO:src.hipporag.HippoRAG:Encoding 1 queries for query_to_passage.
INFO:src.hipporag.HippoRAG:Encoding 1 queries for query_to_passage.
INFO:src.hipporag.HippoRAG:Encoding 1 queries for query_to_passage.
WARNING:src.hipporag.rerank:Rerank parse failed on attempt 1 for query 'What was the date that Pam got married in The Office?': Error parsing raw response as candidate selection: Unable to parse structured payload: unterminated string literal (detected at line 2) (<unknown>, line 2).
INFO:src.hipporag.HippoRAG:Encoding 1 queries for query_to_passage.
INFO:src.hipporag.HippoRAG:Encoding 1 queries for query_to_passage.
INFO:src.hipporag.HippoRAG:Encoding 3 queries for query_to_passage.
INFO:src.hipporag.HippoRAG:Encoding 1 queries for query_to_passage.
INFO:src.hipporag.HippoRAG:Encoding 1 queries for query_to_passage.
WARNING:src.hipporag.rerank:Rerank parse failed on attempt 1 for query 'Who were the leaders of the opposition of the political group that has a large number of Protestants?': Error parsing raw response as candidate selection: Unable to parse structured payload: unterminated string literal (detected at line 2) (<unknown>, line 2).
INFO:src.hipporag.HippoRAG:Encoding 2 queries for query_to_passage.
INFO:src.hipporag.HippoRAG:Encoding 1 queries for query_to_passage.
INFO:src.hipporag.HippoRAG:Encoding 1 queries for query_to_passage.
INFO:src.hipporag.HippoRAG:Encoding 1 queries for query_to_passage.
INFO:src.hipporag.HippoRAG:Encoding 1 queries for query_to_passage.
WARNING:src.hipporag.rerank:Rerank parse failed on attempt 1 for query 'When was the entity that was dissolved after the Indian Rebellion in 1857 chartered?': Error parsing raw response as candidate selection: Unable to parse structured payload: unterminated string literal (detected at line 2) (<unknown>, line 2).
INFO:src.hipporag.HippoRAG:Encoding 2 queries for query_to_passage.
INFO:src.hipporag.HippoRAG:Encoding 1 queries for query_to_passage.
INFO:src.hipporag.HippoRAG:Encoding 1 queries for query_to_passage.
INFO:src.hipporag.HippoRAG:Encoding 1 queries for query_to_passage.
INFO:src.hipporag.HippoRAG:Encoding 1 queries for query_to_passage.
INFO:src.hipporag.HippoRAG:Encoding 1 queries for query_to_passage.
WARNING:src.hipporag.rerank:Rerank parse failed on attempt 1 for query "Who developed the eponymous character from the series that contains Mickey's Safari in Letterland?": Error parsing raw response as candidate selection: Unable to parse structured payload: unterminated string literal (detected at line 2) (<unknown>, line 2).
INFO:src.hipporag.HippoRAG:Encoding 2 queries for query_to_passage.
INFO:src.hipporag.HippoRAG:Encoding 1 queries for query_to_passage.
INFO:src.hipporag.HippoRAG:Encoding 1 queries for query_to_passage.
WARNING:src.hipporag.rerank:Rerank parse failed on attempt 1 for query 'The 1967 Federation Cup is an instance of this tournament which is named after what organization?': Error parsing raw response as candidate selection: Unable to parse structured payload: unterminated string literal (detected at line 2) (<unknown>, line 2).
INFO:src.hipporag.HippoRAG:Encoding 1 queries for query_to_passage.
WARNING:src.hipporag.rerank:Rerank parse failed on attempt 1 for query 'Who is the lead singer of the band performing Bang Bang Rock & Roll?': Error parsing raw response as candidate selection: Unable to parse structured payload: unterminated string literal (detected at line 2) (<unknown>, line 2).
INFO:src.hipporag.HippoRAG:Encoding 2 queries for query_to_passage.
WARNING:src.hipporag.rerank:Rerank parse failed on attempt 1 for query 'What league does the team that plays in Stadio Ciro Vigorito play for?': Error parsing raw response as candidate selection: Unable to parse structured payload: unterminated string literal (detected at line 2) (<unknown>, line 2).
INFO:src.hipporag.HippoRAG:Encoding 1 queries for query_to_passage.
INFO:src.hipporag.HippoRAG:Encoding 3 queries for query_to_passage.
INFO:src.hipporag.HippoRAG:Encoding 1 queries for query_to_passage.
INFO:src.hipporag.HippoRAG:Encoding 1 queries for query_to_passage.
INFO:src.hipporag.HippoRAG:Encoding 1 queries for query_to_passage.
INFO:src.hipporag.HippoRAG:Encoding 1 queries for query_to_passage.
WARNING:src.hipporag.rerank:Rerank parse failed on attempt 1 for query 'When was the region immediately north of the region prevailing with the disgrace of the Near East and the final destination for the export crops established?': Error parsing raw response as candidate selection: Unable to parse structured payload: unterminated string literal (detected at line 2) (<unknown>, line 2).
INFO:src.hipporag.HippoRAG:Encoding 2 queries for query_to_passage.
INFO:src.hipporag.HippoRAG:Encoding 1 queries for query_to_passage.
INFO:src.hipporag.HippoRAG:Encoding 1 queries for query_to_passage.
INFO:src.hipporag.HippoRAG:Encoding 1 queries for query_to_passage.
WARNING:src.hipporag.rerank:Rerank parse failed on attempt 1 for query "On what date did the Governor of the place of death of Princeps Pastorum's author end?": Error parsing raw response as candidate selection: Unable to parse structured payload: unterminated string literal (detected at line 12) (<unknown>, line 12).
INFO:src.hipporag.HippoRAG:Encoding 2 queries for query_to_passage.
INFO:src.hipporag.HippoRAG:Encoding 1 queries for query_to_passage.
INFO:src.hipporag.HippoRAG:Encoding 1 queries for query_to_passage.
INFO:src.hipporag.HippoRAG:Encoding 1 queries for query_to_passage.
INFO:src.hipporag.HippoRAG:Encoding 1 queries for query_to_passage.
WARNING:src.hipporag.rerank:Rerank parse failed on attempt 1 for query 'who is the president of newly declared independent country of the country of the birthplace of Mulham Arufin–Timor Leste Commission of Truth and Friendship?': Error parsing raw response as candidate selection: Unable to parse structured payload: unterminated string literal (detected at line 2) (<unknown>, line 2).
INFO:src.hipporag.HippoRAG:Encoding 3 queries for query_to_passage.
WARNING:src.hipporag.rerank:Rerank parse failed on attempt 1 for query 'The scientist that the GHZ experiment is named for is in what field of work?': Error parsing raw response as candidate selection: Unable to parse structured payload: unterminated string literal (detected at line 2) (<unknown>, line 2).
INFO:src.hipporag.HippoRAG:Encoding 2 queries for query_to_passage.
INFO:src.hipporag.HippoRAG:Encoding 1 queries for query_to_passage.
WARNING:src.hipporag.rerank:Rerank parse failed on attempt 1 for query 'What line by a cast member of Doing His Bit is believed to have started the archie nickname?': Error parsing raw response as candidate selection: Unable to parse structured payload: unterminated string literal (detected at line 2) (<unknown>, line 2).
INFO:src.hipporag.HippoRAG:Encoding 2 queries for query_to_passage.
WARNING:src.hipporag.rerank:Rerank parse failed on attempt 1 for query 'What is the experimental satellite which was the forerunner to the communication satellite of the operator of the RESOURCESAT-2 called?': Error parsing raw response as candidate selection: Unable to parse structured payload: unterminated string literal (detected at line 2) (<unknown>, line 2).
INFO:src.hipporag.HippoRAG:Encoding 2 queries for query_to_passage.
INFO:src.hipporag.HippoRAG:Encoding 1 queries for query_to_passage.
INFO:src.hipporag.HippoRAG:Encoding 2 queries for query_to_passage.
INFO:src.hipporag.HippoRAG:Encoding 1 queries for query_to_passage.
INFO:src.hipporag.HippoRAG:Encoding 1 queries for query_to_passage.
INFO:src.hipporag.HippoRAG:Encoding 1 queries for query_to_passage.
WARNING:src.hipporag.rerank:Rerank parse failed on attempt 1 for query 'When did the country whose co-official language was used in the show named for the place Slavko Surdonja died first attend the Olympics games as an independent ': Error parsing raw response as candidate selection: Unable to parse structured payload: unterminated string literal (detected at line 2) (<unknown>, line 2).
INFO:src.hipporag.HippoRAG:Encoding 2 queries for query_to_passage.
INFO:src.hipporag.HippoRAG:Encoding 1 queries for query_to_passage.
INFO:src.hipporag.HippoRAG:Encoding 1 queries for query_to_passage.
WARNING:src.hipporag.rerank:Rerank parse failed on attempt 1 for query 'When did the location of the basilica named after the apostle crucified upside down become its own country?': Error parsing raw response as candidate selection: Unable to parse structured payload: unterminated string literal (detected at line 2) (<unknown>, line 2).
INFO:src.hipporag.HippoRAG:Encoding 3 queries for query_to_passage.
INFO:src.hipporag.HippoRAG:Encoding 1 queries for query_to_passage.
INFO:src.hipporag.HippoRAG:Encoding 1 queries for query_to_passage.
INFO:src.hipporag.HippoRAG:Encoding 1 queries for query_to_passage.
INFO:src.hipporag.HippoRAG:Encoding 1 queries for query_to_passage.
INFO:src.hipporag.HippoRAG:Encoding 1 queries for query_to_passage.
WARNING:src.hipporag.rerank:Rerank parse failed on attempt 1 for query "When did the headquarters city of the Blanton's manufacturer elect its first black mayor?": Error parsing raw response as candidate selection: Unable to parse structured payload: unterminated string literal (detected at line 4) (<unknown>, line 4).
INFO:src.hipporag.HippoRAG:Encoding 2 queries for query_to_passage.
INFO:src.hipporag.HippoRAG:Encoding 1 queries for query_to_passage.
WARNING:src.hipporag.rerank:Rerank parse failed on attempt 1 for query 'In what region of the country where Lam Thao is located is the city where the Zone 5 Military Museum can be found?': Error parsing raw response as candidate selection: Unable to parse structured payload: unterminated string literal (detected at line 2) (<unknown>, line 2).
INFO:src.hipporag.HippoRAG:Encoding 1 queries for query_to_passage.
INFO:src.hipporag.HippoRAG:Encoding 1 queries for query_to_passage.
INFO:src.hipporag.HippoRAG:Encoding 1 queries for query_to_passage.
INFO:src.hipporag.HippoRAG:Encoding 2 queries for query_to_passage.
INFO:src.hipporag.HippoRAG:Encoding 1 queries for query_to_passage.
INFO:src.hipporag.HippoRAG:Encoding 1 queries for query_to_passage.
INFO:src.hipporag.HippoRAG:Encoding 1 queries for query_to_passage.
INFO:src.hipporag.HippoRAG:Encoding 1 queries for query_to_passage.
INFO:src.hipporag.HippoRAG:Encoding 1 queries for query_to_passage.
WARNING:src.hipporag.rerank:Rerank parse failed on attempt 1 for query 'Who is the spouse of the person who played the sergeant major in We Were Soldiers?': Error parsing raw response as candidate selection: Unable to parse structured payload: unterminated string literal (detected at line 2) (<unknown>, line 2).
INFO:src.hipporag.HippoRAG:Encoding 1 queries for query_to_passage.
INFO:src.hipporag.HippoRAG:Encoding 1 queries for query_to_passage.
INFO:src.hipporag.HippoRAG:Encoding 1 queries for query_to_passage.
WARNING:src.hipporag.rerank:Rerank parse failed on attempt 1 for query 'What is the name of the castle in the place of birth of the performer of When I Was a Boy?': Error parsing raw response as candidate selection: Unable to parse structured payload: unterminated string literal (detected at line 2) (<unknown>, line 2).
INFO:src.hipporag.HippoRAG:Encoding 3 queries for query_to_passage.
WARNING:src.hipporag.rerank:Rerank parse failed on attempt 1 for query 'How many miles are there between Nashville and the place in Tennessee where Mark Day was born?': Error parsing raw response as candidate selection: Unable to parse structured payload: unterminated string literal (detected at line 1) (<unknown>, line 1).
INFO:src.hipporag.HippoRAG:Encoding 2 queries for query_to_passage.
WARNING:src.hipporag.rerank:Rerank parse failed on attempt 1 for query 'When did the country the top-ranking Warsaw Pact operatives came from, despite it being headquartered in the country known as the nobilities commonwealth, agree': Error parsing raw response as candidate selection: Unable to parse structured payload: unterminated string literal (detected at line 2) (<unknown>, line 2).
INFO:src.hipporag.HippoRAG:Encoding 2 queries for query_to_passage.
INFO:src.hipporag.HippoRAG:Encoding 1 queries for query_to_passage.
INFO:src.hipporag.HippoRAG:Encoding 1 queries for query_to_passage.
WARNING:src.hipporag.rerank:Rerank parse failed on attempt 1 for query 'What was the cast member from Real Life nominated for?': Error parsing raw response as candidate selection: Unable to parse structured payload: unterminated string literal (detected at line 2) (<unknown>, line 2).
INFO:src.hipporag.HippoRAG:Encoding 2 queries for query_to_passage.
INFO:src.hipporag.HippoRAG:Encoding 1 queries for query_to_passage.
INFO:src.hipporag.HippoRAG:Encoding 2 queries for query_to_passage.
INFO:src.hipporag.HippoRAG:Encoding 1 queries for query_to_passage.
INFO:src.hipporag.HippoRAG:Encoding 1 queries for query_to_passage.
INFO:src.hipporag.HippoRAG:Encoding 1 queries for query_to_passage.
INFO:src.hipporag.HippoRAG:Encoding 1 queries for query_to_passage.
INFO:src.hipporag.HippoRAG:Encoding 1 queries for query_to_passage.
INFO:src.hipporag.HippoRAG:Encoding 1 queries for query_to_passage.
INFO:src.hipporag.HippoRAG:Encoding 2 queries for query_to_passage.
INFO:src.hipporag.HippoRAG:Encoding 1 queries for query_to_passage.
INFO:src.hipporag.HippoRAG:Encoding 2 queries for query_to_passage.
INFO:src.hipporag.HippoRAG:Encoding 1 queries for query_to_passage.
WARNING:src.hipporag.rerank:Rerank parse failed on attempt 1 for query 'What county contains the city with a radio station that broadcasts to the capital city of the state where the Peace center is located?': Error parsing raw response as candidate selection: Unable to parse structured payload: unterminated string literal (detected at line 2) (<unknown>, line 2).
INFO:src.hipporag.HippoRAG:Encoding 4 queries for query_to_passage.
INFO:src.hipporag.HippoRAG:Encoding 3 queries for query_to_passage.
WARNING:src.hipporag.rerank:Rerank parse failed on attempt 1 for query "Who has the lowest batting average in the league that Jim Wilson's team plays for?": Error parsing raw response as candidate selection: Unable to parse structured payload: unterminated string literal (detected at line 4) (<unknown>, line 4).
INFO:src.hipporag.HippoRAG:Encoding 1 queries for query_to_passage.
WARNING:src.hipporag.rerank:Rerank parse failed on attempt 1 for query "Hana Mandlikova was born in Country A that invaded Country B because the military branch that helped Old West's local police was unprepared. Country B was the o": Error parsing raw response as candidate selection: Unable to parse structured payload: invalid syntax. Perhaps you forgot a comma? (<unknown>, line 1).
INFO:src.hipporag.HippoRAG:Encoding 4 queries for query_to_passage.
INFO:src.hipporag.HippoRAG:Encoding 1 queries for query_to_passage.
INFO:src.hipporag.HippoRAG:Encoding 1 queries for query_to_passage.
WARNING:src.hipporag.rerank:Rerank parse failed on attempt 1 for query "Who is the father of Edward Baring, 1st Baron Revelstoke's father?": Error parsing raw response as candidate selection: Unable to parse structured payload: invalid decimal literal (<unknown>, line 4).
INFO:src.hipporag.HippoRAG:Encoding 1 queries for query_to_passage.
WARNING:src.hipporag.rerank:Rerank parse failed on attempt 1 for query "The Nicole and Natalie album's band is named after who?": Error parsing raw response as candidate selection: Unable to parse structured payload: unterminated string literal (detected at line 2) (<unknown>, line 2).
INFO:src.hipporag.HippoRAG:Encoding 2 queries for query_to_passage.
INFO:src.hipporag.HippoRAG:Encoding 1 queries for query_to_passage.
WARNING:src.hipporag.rerank:Rerank parse failed on attempt 1 for query 'What was the population of the founder of New Amsterdam before influx of Huguenot refugees?': Error parsing raw response as candidate selection: Unable to parse structured payload: unterminated string literal (detected at line 4) (<unknown>, line 4).
INFO:src.hipporag.HippoRAG:Encoding 2 queries for query_to_passage.
INFO:src.hipporag.HippoRAG:Encoding 1 queries for query_to_passage.
INFO:src.hipporag.HippoRAG:Encoding 1 queries for query_to_passage.
WARNING:src.hipporag.rerank:Rerank parse failed on attempt 1 for query 'Who is the uncle of Liu Bin?': Error parsing raw response as candidate selection: Unable to parse structured payload: unterminated string literal (detected at line 2) (<unknown>, line 2).
INFO:src.hipporag.HippoRAG:Encoding 2 queries for query_to_passage.
INFO:src.hipporag.HippoRAG:Encoding 1 queries for query_to_passage.
WARNING:src.hipporag.rerank:Rerank parse failed on attempt 1 for query "Who is the spouse of the actor of Ethan in A Dog's Purpose?": Error parsing raw response as candidate selection: Unable to parse structured payload: unterminated string literal (detected at line 2) (<unknown>, line 2).
INFO:src.hipporag.HippoRAG:Encoding 1 queries for query_to_passage.
INFO:src.hipporag.HippoRAG:Encoding 1 queries for query_to_passage.
INFO:src.hipporag.HippoRAG:Encoding 2 queries for query_to_passage.
INFO:src.hipporag.HippoRAG:Encoding 1 queries for query_to_passage.
WARNING:src.hipporag.rerank:Rerank parse failed on attempt 1 for query "Where was Mary's betrothed born?": Error parsing raw response as candidate selection: Unable to parse structured payload: unterminated string literal (detected at line 10) (<unknown>, line 10).
INFO:src.hipporag.HippoRAG:Encoding 1 queries for query_to_passage.
INFO:src.hipporag.HippoRAG:Encoding 1 queries for query_to_passage.
WARNING:src.hipporag.rerank:Rerank parse failed on attempt 1 for query 'Which child of the author of One More Time helped adapt it into a play?': Error parsing raw response as candidate selection: Unable to parse structured payload: unterminated string literal (detected at line 2) (<unknown>, line 2).
INFO:src.hipporag.HippoRAG:Encoding 2 queries for query_to_passage.
WARNING:src.hipporag.rerank:Rerank parse failed on attempt 1 for query 'Who pushed for a canal crossing across the continent El Valle is located linking the Pacific Ocean and the ocean Sampit River leads to?': Error parsing raw response as candidate selection: Unable to parse structured payload: unterminated string literal (detected at line 2) (<unknown>, line 2).
INFO:src.hipporag.HippoRAG:Encoding 3 queries for query_to_passage.
INFO:src.hipporag.HippoRAG:Encoding 1 queries for query_to_passage.
INFO:src.hipporag.HippoRAG:Encoding 2 queries for query_to_passage.
INFO:src.hipporag.HippoRAG:Encoding 1 queries for query_to_passage.
INFO:src.hipporag.HippoRAG:Encoding 2 queries for query_to_passage.
WARNING:src.hipporag.rerank:Rerank parse failed on attempt 1 for query 'In what city was the author of Elephant born?': Error parsing raw response as candidate selection: Unable to parse structured payload: unterminated string literal (detected at line 2) (<unknown>, line 2).
INFO:src.hipporag.HippoRAG:Encoding 2 queries for query_to_passage.
INFO:src.hipporag.HippoRAG:Encoding 1 queries for query_to_passage.
INFO:src.hipporag.HippoRAG:Encoding 2 queries for query_to_passage.
WARNING:src.hipporag.rerank:Rerank parse failed on attempt 1 for query 'How many students attend the school that granted Francis Travis a Ph.D.?': Error parsing raw response as candidate selection: Unable to parse structured payload: invalid syntax (<unknown>, line 1).
INFO:src.hipporag.HippoRAG:Encoding 1 queries for query_to_passage.
INFO:src.hipporag.HippoRAG:Encoding 1 queries for query_to_passage.
WARNING:src.hipporag.rerank:Rerank parse failed on attempt 1 for query 'What does seal stand for in the branch of the U.S. military that operates a list of destroyer classes, as well as containing the rank O-1?': Error parsing raw response as candidate selection: Unable to parse structured payload: invalid syntax (<unknown>, line 1).
INFO:src.hipporag.HippoRAG:Encoding 3 queries for query_to_passage.
WARNING:src.hipporag.rerank:Rerank parse failed on attempt 1 for query 'What UK label was bought by the company which, along with ABC and the network which broadcasted Hello, Larry, is the other major broadcaster based in NY?': Error parsing raw response as candidate selection: Unable to parse structured payload: unterminated string literal (detected at line 2) (<unknown>, line 2).
INFO:src.hipporag.HippoRAG:Encoding 4 queries for query_to_passage.
INFO:src.hipporag.HippoRAG:Encoding 1 queries for query_to_passage.
WARNING:src.hipporag.rerank:Rerank parse failed on attempt 1 for query 'When did the first mosque in the place where Marshall Islands International Airport is located open?': Error parsing raw response as candidate selection: Unable to parse structured payload: unterminated string literal (detected at line 2) (<unknown>, line 2).
INFO:src.hipporag.HippoRAG:Encoding 3 queries for query_to_passage.
INFO:src.hipporag.HippoRAG:Encoding 1 queries for query_to_passage.
INFO:src.hipporag.HippoRAG:Encoding 2 queries for query_to_passage.
INFO:src.hipporag.HippoRAG:Encoding 1 queries for query_to_passage.
INFO:src.hipporag.HippoRAG:Encoding 2 queries for query_to_passage.
INFO:src.hipporag.HippoRAG:Encoding 1 queries for query_to_passage.
WARNING:src.hipporag.rerank:Rerank parse failed on attempt 1 for query 'Where does the body of water by the city home to the Juicy Lucy and the Ohio River meet?': Error parsing raw response as candidate selection: Unable to parse structured payload: unterminated string literal (detected at line 2) (<unknown>, line 2).
INFO:src.hipporag.HippoRAG:Encoding 2 queries for query_to_passage.
INFO:src.hipporag.HippoRAG:Encoding 1 queries for query_to_passage.
INFO:src.hipporag.HippoRAG:Encoding 1 queries for query_to_passage.
INFO:src.hipporag.HippoRAG:Encoding 1 queries for query_to_passage.
WARNING:src.hipporag.rerank:Rerank parse failed on attempt 1 for query 'Which county shares a border with the county where the most populous city in the state that sentenced Demarcus Sears to death is located?': Error parsing raw response as candidate selection: Unable to parse structured payload: unterminated string literal (detected at line 2) (<unknown>, line 2).
INFO:src.hipporag.HippoRAG:Encoding 1 queries for query_to_passage.
INFO:src.hipporag.HippoRAG:Encoding 1 queries for query_to_passage.
INFO:src.hipporag.HippoRAG:Encoding 1 queries for query_to_passage.
INFO:src.hipporag.HippoRAG:Encoding 2 queries for query_to_passage.
INFO:src.hipporag.HippoRAG:Encoding 1 queries for query_to_passage.
INFO:src.hipporag.HippoRAG:Encoding 3 queries for query_to_passage.
INFO:src.hipporag.HippoRAG:Encoding 1 queries for query_to_passage.
INFO:src.hipporag.HippoRAG:Encoding 1 queries for query_to_passage.
INFO:src.hipporag.HippoRAG:Encoding 1 queries for query_to_passage.
INFO:src.hipporag.HippoRAG:Encoding 2 queries for query_to_passage.
INFO:src.hipporag.HippoRAG:Encoding 1 queries for query_to_passage.
INFO:src.hipporag.HippoRAG:Encoding 1 queries for query_to_passage.
WARNING:src.hipporag.rerank:Rerank parse failed on attempt 1 for query "What is the Smile performer's birthday?": Error parsing raw response as candidate selection: Unable to parse structured payload: unterminated string literal (detected at line 2) (<unknown>, line 2).
INFO:src.hipporag.HippoRAG:Encoding 2 queries for query_to_passage.
INFO:src.hipporag.HippoRAG:Encoding 1 queries for query_to_passage.
INFO:src.hipporag.HippoRAG:Encoding 1 queries for query_to_passage.
WARNING:src.hipporag.rerank:Rerank parse failed on attempt 1 for query 'Who is the owner of the record label that the performer of Days of Our Lives is on?': Error parsing raw response as candidate selection: Unable to parse structured payload: unterminated string literal (detected at line 2) (<unknown>, line 2).
INFO:src.hipporag.HippoRAG:Encoding 2 queries for query_to_passage.
INFO:src.hipporag.HippoRAG:Encoding 3 queries for query_to_passage.
INFO:src.hipporag.HippoRAG:Encoding 1 queries for query_to_passage.
INFO:src.hipporag.HippoRAG:Encoding 1 queries for query_to_passage.
INFO:src.hipporag.HippoRAG:Encoding 1 queries for query_to_passage.
INFO:src.hipporag.HippoRAG:Encoding 1 queries for query_to_passage.
WARNING:src.hipporag.rerank:Rerank parse failed on attempt 1 for query 'Which city is in the same county as Gmina Jordanow?': Error parsing raw response as candidate selection: Unable to parse structured payload: unterminated string literal (detected at line 2) (<unknown>, line 2).
INFO:src.hipporag.HippoRAG:Encoding 1 queries for query_to_passage.
WARNING:src.hipporag.rerank:Rerank parse failed on attempt 1 for query "What gun was used by Pollack's director in Westworld?": Error parsing raw response as candidate selection: Unable to parse structured payload: unterminated string literal (detected at line 2) (<unknown>, line 2).
INFO:src.hipporag.HippoRAG:Encoding 2 queries for query_to_passage.
INFO:src.hipporag.HippoRAG:Encoding 1 queries for query_to_passage.
WARNING:src.hipporag.rerank:Rerank parse failed on attempt 1 for query "Who is the other child of Chian Hsiao-chang's father?": Error parsing raw response as candidate selection: Unable to parse structured payload: unterminated string literal (detected at line 16) (<unknown>, line 16).
INFO:src.hipporag.HippoRAG:Encoding 3 queries for query_to_passage.
INFO:src.hipporag.HippoRAG:Encoding 1 queries for query_to_passage.
INFO:src.hipporag.HippoRAG:Encoding 1 queries for query_to_passage.
INFO:src.hipporag.HippoRAG:Encoding 1 queries for query_to_passage.
INFO:src.hipporag.HippoRAG:Encoding 1 queries for query_to_passage.
WARNING:src.hipporag.rerank:Rerank parse failed on attempt 1 for query 'The capital of the state where Mary Boykin Chesnut lived borders a city within which county?': Error parsing raw response as candidate selection: Unable to parse structured payload: unterminated string literal (detected at line 2) (<unknown>, line 2).
INFO:src.hipporag.HippoRAG:Encoding 3 queries for query_to_passage.
INFO:src.hipporag.HippoRAG:Encoding 1 queries for query_to_passage.
INFO:src.hipporag.HippoRAG:Encoding 1 queries for query_to_passage.
INFO:src.hipporag.HippoRAG:Encoding 1 queries for query_to_passage.
INFO:src.hipporag.HippoRAG:Encoding 1 queries for query_to_passage.
INFO:src.hipporag.HippoRAG:Encoding 1 queries for query_to_passage.
INFO:src.hipporag.HippoRAG:Encoding 1 queries for query_to_passage.
WARNING:src.hipporag.rerank:Rerank parse failed on attempt 1 for query 'Why did Roncali leave the city where the creator of Vanity died?': Error parsing raw response as candidate selection: Unable to parse structured payload: unterminated string literal (detected at line 2) (<unknown>, line 2).
INFO:src.hipporag.HippoRAG:Encoding 3 queries for query_to_passage.
INFO:src.hipporag.HippoRAG:Encoding 1 queries for query_to_passage.
INFO:src.hipporag.HippoRAG:Encoding 1 queries for query_to_passage.
INFO:src.hipporag.HippoRAG:Encoding 1 queries for query_to_passage.
INFO:src.hipporag.HippoRAG:Encoding 1 queries for query_to_passage.
INFO:src.hipporag.HippoRAG:Encoding 1 queries for query_to_passage.
INFO:src.hipporag.HippoRAG:Encoding 2 queries for query_to_passage.
INFO:src.hipporag.HippoRAG:Encoding 1 queries for query_to_passage.
INFO:src.hipporag.HippoRAG:Encoding 1 queries for query_to_passage.
INFO:src.hipporag.HippoRAG:Encoding 1 queries for query_to_passage.
INFO:src.hipporag.HippoRAG:Encoding 1 queries for query_to_passage.
INFO:src.hipporag.HippoRAG:Encoding 1 queries for query_to_passage.
WARNING:src.hipporag.rerank:Rerank parse failed on attempt 1 for query 'Who is the spouse of the leading actor in the film The 6th Day?': Error parsing raw response as candidate selection: Unable to parse structured payload: unterminated string literal (detected at line 2) (<unknown>, line 2).
INFO:src.hipporag.HippoRAG:Encoding 1 queries for query_to_passage.
INFO:src.hipporag.HippoRAG:Encoding 1 queries for query_to_passage.
WARNING:src.hipporag.rerank:Rerank parse failed on attempt 1 for query 'How many tourists does visit annually the city where the Yongle Emperor greeted the one seen addressed on an preserved edict.': Error parsing raw response as candidate selection: Unable to parse structured payload: unterminated string literal (detected at line 2) (<unknown>, line 2).
INFO:src.hipporag.HippoRAG:Encoding 2 queries for query_to_passage.
INFO:src.hipporag.HippoRAG:Encoding 1 queries for query_to_passage.
WARNING:src.hipporag.rerank:Rerank parse failed on attempt 1 for query 'A country gained control of Florida after the war in which Charles Edmund Nugent saw action. Besides their locations in that country, what other differences are': Error parsing raw response as candidate selection: Unable to parse structured payload: unterminated string literal (detected at line 4) (<unknown>, line 4).
INFO:src.hipporag.HippoRAG:Encoding 4 queries for query_to_passage.
INFO:src.hipporag.HippoRAG:Encoding 1 queries for query_to_passage.
INFO:src.hipporag.HippoRAG:Encoding 1 queries for query_to_passage.
INFO:src.hipporag.HippoRAG:Encoding 1 queries for query_to_passage.
INFO:src.hipporag.HippoRAG:Encoding 1 queries for query_to_passage.
WARNING:src.hipporag.rerank:Rerank parse failed on attempt 1 for query 'In Grown Ups, who plays the wife of the actor who produced The Chosen One?': Error parsing raw response as candidate selection: Unable to parse structured payload: unterminated string literal (detected at line 2) (<unknown>, line 2).
INFO:src.hipporag.HippoRAG:Encoding 1 queries for query_to_passage.
WARNING:src.hipporag.rerank:Rerank parse failed on attempt 1 for query 'When did the maker of Acura Legend, the manufacturer of Lexus RX and Nissan open US assembly plants?': Error parsing raw response as candidate selection: Unable to parse structured payload: unterminated string literal (detected at line 2) (<unknown>, line 2).
INFO:src.hipporag.HippoRAG:Encoding 3 queries for query_to_passage.
INFO:src.hipporag.HippoRAG:Encoding 1 queries for query_to_passage.
INFO:src.hipporag.HippoRAG:Encoding 1 queries for query_to_passage.
INFO:src.hipporag.HippoRAG:Encoding 1 queries for query_to_passage.
INFO:src.hipporag.HippoRAG:Encoding 1 queries for query_to_passage.
INFO:src.hipporag.HippoRAG:Encoding 1 queries for query_to_passage.
INFO:src.hipporag.HippoRAG:Encoding 1 queries for query_to_passage.
INFO:src.hipporag.HippoRAG:Encoding 1 queries for query_to_passage.
INFO:src.hipporag.HippoRAG:Encoding 1 queries for query_to_passage.
WARNING:src.hipporag.rerank:Rerank parse failed on attempt 1 for query 'According to QS World University Rankings where does the university where Hawass graduated rank?': Error parsing raw response as candidate selection: Unable to parse structured payload: unterminated string literal (detected at line 2) (<unknown>, line 2).
INFO:src.hipporag.HippoRAG:Encoding 2 queries for query_to_passage.
INFO:src.hipporag.HippoRAG:Encoding 1 queries for query_to_passage.
INFO:src.hipporag.HippoRAG:Encoding 1 queries for query_to_passage.
WARNING:src.hipporag.rerank:Rerank parse failed on attempt 1 for query 'What UK label was bought by the broadcast company that, along with ABC and the original network of Undercovers, is one of the major broadcasters based in New Yo': Error parsing raw response as candidate selection: Unable to parse structured payload: unterminated string literal (detected at line 2) (<unknown>, line 2).
INFO:src.hipporag.HippoRAG:Encoding 2 queries for query_to_passage.
INFO:src.hipporag.HippoRAG:Encoding 1 queries for query_to_passage.
INFO:__main__:Applied daec_noisyor selector over pool@100 for 1000 queries (avg mapped pool docs=100.00, avg seed entities=5.36)
Collecting QA prompts:   0%|          | 0/1000 [00:00<?, ?it/s]Collecting QA prompts:  94%|█████████▍| 938/1000 [00:00<00:00, 9377.42it/s]Collecting QA prompts: 100%|██████████| 1000/1000 [00:00<00:00, 9587.59it/s]
QA Reading:   0%|          | 0/1000 [00:00<?, ?it/s]INFO:httpx:HTTP Request: POST http://localhost:8043/v1/chat/completions "HTTP/1.1 200 OK"
QA Reading:  10%|█         | 101/1000 [00:00<00:05, 156.60it/s]INFO:httpx:HTTP Request: POST http://localhost:8043/v1/chat/completions "HTTP/1.1 200 OK"
INFO:httpx:HTTP Request: POST http://localhost:8043/v1/chat/completions "HTTP/1.1 200 OK"
INFO:httpx:HTTP Request: POST http://localhost:8043/v1/chat/completions "HTTP/1.1 200 OK"
INFO:httpx:HTTP Request: POST http://localhost:8043/v1/chat/completions "HTTP/1.1 200 OK"
INFO:httpx:HTTP Request: POST http://localhost:8043/v1/chat/completions "HTTP/1.1 200 OK"
INFO:httpx:HTTP Request: POST http://localhost:8043/v1/chat/completions "HTTP/1.1 200 OK"
INFO:httpx:HTTP Request: POST http://localhost:8043/v1/chat/completions "HTTP/1.1 200 OK"
INFO:httpx:HTTP Request: POST http://localhost:8043/v1/chat/completions "HTTP/1.1 200 OK"
INFO:httpx:HTTP Request: POST http://localhost:8043/v1/chat/completions "HTTP/1.1 200 OK"
INFO:httpx:HTTP Request: POST http://localhost:8043/v1/chat/completions "HTTP/1.1 200 OK"
INFO:httpx:HTTP Request: POST http://localhost:8043/v1/chat/completions "HTTP/1.1 200 OK"
INFO:httpx:HTTP Request: POST http://localhost:8043/v1/chat/completions "HTTP/1.1 200 OK"
INFO:httpx:HTTP Request: POST http://localhost:8043/v1/chat/completions "HTTP/1.1 200 OK"
INFO:httpx:HTTP Request: POST http://localhost:8043/v1/chat/completions "HTTP/1.1 200 OK"
INFO:httpx:HTTP Request: POST http://localhost:8043/v1/chat/completions "HTTP/1.1 200 OK"
QA Reading:  12%|█▏        | 117/1000 [00:09<01:37,  9.03it/s] INFO:httpx:HTTP Request: POST http://localhost:8043/v1/chat/completions "HTTP/1.1 200 OK"
INFO:httpx:HTTP Request: POST http://localhost:8043/v1/chat/completions "HTTP/1.1 200 OK"
INFO:httpx:HTTP Request: POST http://localhost:8043/v1/chat/completions "HTTP/1.1 200 OK"
INFO:httpx:HTTP Request: POST http://localhost:8043/v1/chat/completions "HTTP/1.1 200 OK"
INFO:httpx:HTTP Request: POST http://localhost:8043/v1/chat/completions "HTTP/1.1 200 OK"
INFO:httpx:HTTP Request: POST http://localhost:8043/v1/chat/completions "HTTP/1.1 200 OK"
QA Reading:  12%|█▏        | 124/1000 [00:12<02:06,  6.91it/s]INFO:httpx:HTTP Request: POST http://localhost:8043/v1/chat/completions "HTTP/1.1 200 OK"
INFO:httpx:HTTP Request: POST http://localhost:8043/v1/chat/completions "HTTP/1.1 200 OK"
INFO:httpx:HTTP Request: POST http://localhost:8043/v1/chat/completions "HTTP/1.1 200 OK"
INFO:httpx:HTTP Request: POST http://localhost:8043/v1/chat/completions "HTTP/1.1 200 OK"
QA Reading:  13%|█▎        | 128/1000 [00:14<02:29,  5.84it/s]INFO:httpx:HTTP Request: POST http://localhost:8043/v1/chat/completions "HTTP/1.1 200 OK"
INFO:httpx:HTTP Request: POST http://localhost:8043/v1/chat/completions "HTTP/1.1 200 OK"
INFO:httpx:HTTP Request: POST http://localhost:8043/v1/chat/completions "HTTP/1.1 200 OK"
QA Reading:  13%|█▎        | 131/1000 [00:16<02:55,  4.95it/s]INFO:httpx:HTTP Request: POST http://localhost:8043/v1/chat/completions "HTTP/1.1 200 OK"
INFO:httpx:HTTP Request: POST http://localhost:8043/v1/chat/completions "HTTP/1.1 200 OK"
QA Reading:  13%|█▎        | 133/1000 [00:17<03:14,  4.45it/s]INFO:httpx:HTTP Request: POST http://localhost:8043/v1/chat/completions "HTTP/1.1 200 OK"
QA Reading:  14%|█▎        | 135/1000 [00:18<03:16,  4.40it/s]INFO:httpx:HTTP Request: POST http://localhost:8043/v1/chat/completions "HTTP/1.1 200 OK"
QA Reading:  14%|█▎        | 136/1000 [00:18<03:21,  4.30it/s]INFO:httpx:HTTP Request: POST http://localhost:8043/v1/chat/completions "HTTP/1.1 200 OK"
QA Reading:  14%|█▎        | 137/1000 [00:18<03:30,  4.10it/s]INFO:httpx:HTTP Request: POST http://localhost:8043/v1/chat/completions "HTTP/1.1 200 OK"
QA Reading:  14%|█▍        | 138/1000 [00:19<03:44,  3.84it/s]INFO:httpx:HTTP Request: POST http://localhost:8043/v1/chat/completions "HTTP/1.1 200 OK"
QA Reading:  14%|█▍        | 139/1000 [00:19<03:55,  3.65it/s]INFO:httpx:HTTP Request: POST http://localhost:8043/v1/chat/completions "HTTP/1.1 200 OK"
QA Reading:  14%|█▍        | 140/1000 [00:19<04:16,  3.35it/s]INFO:httpx:HTTP Request: POST http://localhost:8043/v1/chat/completions "HTTP/1.1 200 OK"
QA Reading:  14%|█▍        | 141/1000 [00:20<05:06,  2.80it/s]INFO:httpx:HTTP Request: POST http://localhost:8043/v1/chat/completions "HTTP/1.1 200 OK"
QA Reading:  14%|█▍        | 142/1000 [00:21<05:43,  2.50it/s]INFO:httpx:HTTP Request: POST http://localhost:8043/v1/chat/completions "HTTP/1.1 200 OK"
QA Reading:  14%|█▍        | 143/1000 [00:21<05:36,  2.55it/s]INFO:httpx:HTTP Request: POST http://localhost:8043/v1/chat/completions "HTTP/1.1 200 OK"
QA Reading:  14%|█▍        | 144/1000 [00:22<06:17,  2.27it/s]INFO:httpx:HTTP Request: POST http://localhost:8043/v1/chat/completions "HTTP/1.1 200 OK"
QA Reading:  14%|█▍        | 145/1000 [00:23<08:06,  1.76it/s]INFO:httpx:HTTP Request: POST http://localhost:8043/v1/chat/completions "HTTP/1.1 200 OK"
QA Reading:  15%|█▍        | 146/1000 [00:23<07:09,  1.99it/s]INFO:httpx:HTTP Request: POST http://localhost:8043/v1/chat/completions "HTTP/1.1 200 OK"
QA Reading:  15%|█▍        | 147/1000 [00:23<07:26,  1.91it/s]INFO:httpx:HTTP Request: POST http://localhost:8043/v1/chat/completions "HTTP/1.1 200 OK"
QA Reading:  15%|█▍        | 149/1000 [00:24<05:21,  2.65it/s]INFO:httpx:HTTP Request: POST http://localhost:8043/v1/chat/completions "HTTP/1.1 200 OK"
QA Reading:  15%|█▌        | 150/1000 [00:24<06:10,  2.30it/s]INFO:httpx:HTTP Request: POST http://localhost:8043/v1/chat/completions "HTTP/1.1 200 OK"
QA Reading:  15%|█▌        | 151/1000 [00:25<06:00,  2.35it/s]INFO:httpx:HTTP Request: POST http://localhost:8043/v1/chat/completions "HTTP/1.1 200 OK"
QA Reading:  15%|█▌        | 152/1000 [00:25<06:07,  2.31it/s]INFO:httpx:HTTP Request: POST http://localhost:8043/v1/chat/completions "HTTP/1.1 200 OK"
QA Reading:  15%|█▌        | 153/1000 [00:26<06:47,  2.08it/s]INFO:httpx:HTTP Request: POST http://localhost:8043/v1/chat/completions "HTTP/1.1 200 OK"
QA Reading:  15%|█▌        | 154/1000 [00:27<07:25,  1.90it/s]INFO:httpx:HTTP Request: POST http://localhost:8043/v1/chat/completions "HTTP/1.1 200 OK"
QA Reading:  16%|█▌        | 157/1000 [00:27<04:49,  2.91it/s]INFO:httpx:HTTP Request: POST http://localhost:8043/v1/chat/completions "HTTP/1.1 200 OK"
QA Reading:  16%|█▌        | 158/1000 [00:28<04:56,  2.84it/s]INFO:httpx:HTTP Request: POST http://localhost:8043/v1/chat/completions "HTTP/1.1 200 OK"
QA Reading:  16%|█▌        | 159/1000 [00:28<05:50,  2.40it/s]INFO:httpx:HTTP Request: POST http://localhost:8043/v1/chat/completions "HTTP/1.1 200 OK"
QA Reading:  16%|█▌        | 160/1000 [00:29<05:58,  2.34it/s]INFO:httpx:HTTP Request: POST http://localhost:8043/v1/chat/completions "HTTP/1.1 200 OK"
QA Reading:  16%|█▋        | 163/1000 [00:29<03:49,  3.65it/s]INFO:httpx:HTTP Request: POST http://localhost:8043/v1/chat/completions "HTTP/1.1 200 OK"
QA Reading:  16%|█▋        | 165/1000 [00:29<03:26,  4.04it/s]INFO:httpx:HTTP Request: POST http://localhost:8043/v1/chat/completions "HTTP/1.1 200 OK"
QA Reading:  17%|█▋        | 166/1000 [00:30<03:39,  3.80it/s]INFO:httpx:HTTP Request: POST http://localhost:8043/v1/chat/completions "HTTP/1.1 200 OK"
QA Reading:  17%|█▋        | 169/1000 [00:30<02:57,  4.69it/s]INFO:httpx:HTTP Request: POST http://localhost:8043/v1/chat/completions "HTTP/1.1 200 OK"
QA Reading:  17%|█▋        | 170/1000 [00:31<03:29,  3.96it/s]INFO:httpx:HTTP Request: POST http://localhost:8043/v1/chat/completions "HTTP/1.1 200 OK"
QA Reading:  17%|█▋        | 171/1000 [00:31<04:06,  3.36it/s]INFO:httpx:HTTP Request: POST http://localhost:8043/v1/chat/completions "HTTP/1.1 200 OK"
QA Reading:  17%|█▋        | 172/1000 [00:32<04:33,  3.03it/s]INFO:httpx:HTTP Request: POST http://localhost:8043/v1/chat/completions "HTTP/1.1 200 OK"
QA Reading:  17%|█▋        | 174/1000 [00:32<03:56,  3.49it/s]INFO:httpx:HTTP Request: POST http://localhost:8043/v1/chat/completions "HTTP/1.1 200 OK"
QA Reading:  18%|█▊        | 175/1000 [00:32<04:29,  3.06it/s]INFO:httpx:HTTP Request: POST http://localhost:8043/v1/chat/completions "HTTP/1.1 200 OK"
QA Reading:  18%|█▊        | 176/1000 [00:33<05:37,  2.44it/s]INFO:httpx:HTTP Request: POST http://localhost:8043/v1/chat/completions "HTTP/1.1 200 OK"
QA Reading:  18%|█▊        | 177/1000 [00:34<06:07,  2.24it/s]INFO:httpx:HTTP Request: POST http://localhost:8043/v1/chat/completions "HTTP/1.1 200 OK"
QA Reading:  18%|█▊        | 180/1000 [00:34<03:50,  3.57it/s]INFO:httpx:HTTP Request: POST http://localhost:8043/v1/chat/completions "HTTP/1.1 200 OK"
QA Reading:  18%|█▊        | 181/1000 [00:35<04:17,  3.18it/s]INFO:httpx:HTTP Request: POST http://localhost:8043/v1/chat/completions "HTTP/1.1 200 OK"
QA Reading:  18%|█▊        | 182/1000 [00:35<04:39,  2.93it/s]INFO:httpx:HTTP Request: POST http://localhost:8043/v1/chat/completions "HTTP/1.1 200 OK"
QA Reading:  18%|█▊        | 183/1000 [00:35<05:08,  2.65it/s]INFO:httpx:HTTP Request: POST http://localhost:8043/v1/chat/completions "HTTP/1.1 200 OK"
QA Reading:  18%|█▊        | 184/1000 [00:36<05:33,  2.45it/s]INFO:httpx:HTTP Request: POST http://localhost:8043/v1/chat/completions "HTTP/1.1 200 OK"
QA Reading:  18%|█▊        | 185/1000 [00:36<05:33,  2.44it/s]INFO:httpx:HTTP Request: POST http://localhost:8043/v1/chat/completions "HTTP/1.1 200 OK"
QA Reading:  19%|█▊        | 187/1000 [00:37<04:06,  3.29it/s]INFO:httpx:HTTP Request: POST http://localhost:8043/v1/chat/completions "HTTP/1.1 200 OK"
QA Reading:  19%|█▉        | 188/1000 [00:37<04:28,  3.03it/s]INFO:httpx:HTTP Request: POST http://localhost:8043/v1/chat/completions "HTTP/1.1 200 OK"
QA Reading:  19%|█▉        | 189/1000 [00:38<05:18,  2.55it/s]INFO:httpx:HTTP Request: POST http://localhost:8043/v1/chat/completions "HTTP/1.1 200 OK"
QA Reading:  19%|█▉        | 192/1000 [00:38<03:27,  3.90it/s]INFO:httpx:HTTP Request: POST http://localhost:8043/v1/chat/completions "HTTP/1.1 200 OK"
QA Reading:  20%|█▉        | 196/1000 [00:39<02:35,  5.17it/s]INFO:httpx:HTTP Request: POST http://localhost:8043/v1/chat/completions "HTTP/1.1 200 OK"
QA Reading:  20%|█▉        | 197/1000 [00:39<03:10,  4.22it/s]INFO:httpx:HTTP Request: POST http://localhost:8043/v1/chat/completions "HTTP/1.1 200 OK"
QA Reading:  20%|█▉        | 198/1000 [00:40<04:02,  3.31it/s]INFO:httpx:HTTP Request: POST http://localhost:8043/v1/chat/completions "HTTP/1.1 200 OK"
QA Reading:  20%|█▉        | 199/1000 [00:40<04:48,  2.78it/s]INFO:httpx:HTTP Request: POST http://localhost:8043/v1/chat/completions "HTTP/1.1 200 OK"
QA Reading:  20%|██        | 200/1000 [00:41<04:38,  2.88it/s]INFO:httpx:HTTP Request: POST http://localhost:8043/v1/chat/completions "HTTP/1.1 200 OK"
QA Reading:  20%|██        | 201/1000 [00:41<04:43,  2.82it/s]INFO:httpx:HTTP Request: POST http://localhost:8043/v1/chat/completions "HTTP/1.1 200 OK"
QA Reading:  20%|██        | 203/1000 [00:41<04:02,  3.29it/s]INFO:httpx:HTTP Request: POST http://localhost:8043/v1/chat/completions "HTTP/1.1 200 OK"
QA Reading:  20%|██        | 205/1000 [00:42<04:12,  3.15it/s]INFO:httpx:HTTP Request: POST http://localhost:8043/v1/chat/completions "HTTP/1.1 200 OK"
QA Reading:  21%|██        | 206/1000 [00:43<04:32,  2.91it/s]INFO:httpx:HTTP Request: POST http://localhost:8043/v1/chat/completions "HTTP/1.1 200 OK"
QA Reading:  21%|██        | 207/1000 [00:43<05:20,  2.47it/s]INFO:httpx:HTTP Request: POST http://localhost:8043/v1/chat/completions "HTTP/1.1 200 OK"
QA Reading:  21%|██        | 209/1000 [00:44<04:06,  3.21it/s]INFO:httpx:HTTP Request: POST http://localhost:8043/v1/chat/completions "HTTP/1.1 200 OK"
QA Reading:  21%|██        | 210/1000 [00:44<04:30,  2.92it/s]INFO:httpx:HTTP Request: POST http://localhost:8043/v1/chat/completions "HTTP/1.1 200 OK"
QA Reading:  21%|██        | 211/1000 [00:44<04:53,  2.69it/s]INFO:httpx:HTTP Request: POST http://localhost:8043/v1/chat/completions "HTTP/1.1 200 OK"
QA Reading:  21%|██        | 212/1000 [00:45<05:09,  2.54it/s]INFO:httpx:HTTP Request: POST http://localhost:8043/v1/chat/completions "HTTP/1.1 200 OK"
QA Reading:  21%|██▏       | 213/1000 [00:45<05:21,  2.44it/s]INFO:httpx:HTTP Request: POST http://localhost:8043/v1/chat/completions "HTTP/1.1 200 OK"
QA Reading:  21%|██▏       | 214/1000 [00:46<05:55,  2.21it/s]INFO:httpx:HTTP Request: POST http://localhost:8043/v1/chat/completions "HTTP/1.1 200 OK"
QA Reading:  22%|██▏       | 215/1000 [00:46<06:13,  2.10it/s]INFO:httpx:HTTP Request: POST http://localhost:8043/v1/chat/completions "HTTP/1.1 200 OK"
QA Reading:  22%|██▏       | 216/1000 [00:47<06:22,  2.05it/s]INFO:httpx:HTTP Request: POST http://localhost:8043/v1/chat/completions "HTTP/1.1 200 OK"
QA Reading:  22%|██▏       | 217/1000 [00:47<06:14,  2.09it/s]INFO:httpx:HTTP Request: POST http://localhost:8043/v1/chat/completions "HTTP/1.1 200 OK"
QA Reading:  22%|██▏       | 218/1000 [00:48<06:34,  1.98it/s]INFO:httpx:HTTP Request: POST http://localhost:8043/v1/chat/completions "HTTP/1.1 200 OK"
QA Reading:  22%|██▏       | 219/1000 [00:48<06:19,  2.06it/s]INFO:httpx:HTTP Request: POST http://localhost:8043/v1/chat/completions "HTTP/1.1 200 OK"
QA Reading:  22%|██▏       | 220/1000 [00:49<06:53,  1.89it/s]INFO:httpx:HTTP Request: POST http://localhost:8043/v1/chat/completions "HTTP/1.1 200 OK"
QA Reading:  22%|██▏       | 221/1000 [00:50<08:16,  1.57it/s]INFO:httpx:HTTP Request: POST http://localhost:8043/v1/chat/completions "HTTP/1.1 200 OK"
QA Reading:  22%|██▏       | 224/1000 [00:50<04:38,  2.78it/s]INFO:httpx:HTTP Request: POST http://localhost:8043/v1/chat/completions "HTTP/1.1 200 OK"
QA Reading:  22%|██▎       | 225/1000 [00:51<04:37,  2.79it/s]INFO:httpx:HTTP Request: POST http://localhost:8043/v1/chat/completions "HTTP/1.1 200 OK"
QA Reading:  23%|██▎       | 226/1000 [00:51<04:57,  2.60it/s]INFO:httpx:HTTP Request: POST http://localhost:8043/v1/chat/completions "HTTP/1.1 200 OK"
QA Reading:  23%|██▎       | 227/1000 [00:52<04:56,  2.61it/s]INFO:httpx:HTTP Request: POST http://localhost:8043/v1/chat/completions "HTTP/1.1 200 OK"
QA Reading:  23%|██▎       | 228/1000 [00:52<05:12,  2.47it/s]INFO:httpx:HTTP Request: POST http://localhost:8043/v1/chat/completions "HTTP/1.1 200 OK"
QA Reading:  23%|██▎       | 229/1000 [00:53<05:33,  2.31it/s]INFO:httpx:HTTP Request: POST http://localhost:8043/v1/chat/completions "HTTP/1.1 200 OK"
QA Reading:  23%|██▎       | 230/1000 [00:53<05:25,  2.37it/s]INFO:httpx:HTTP Request: POST http://localhost:8043/v1/chat/completions "HTTP/1.1 200 OK"
QA Reading:  23%|██▎       | 231/1000 [00:53<05:18,  2.41it/s]INFO:httpx:HTTP Request: POST http://localhost:8043/v1/chat/completions "HTTP/1.1 200 OK"
QA Reading:  23%|██▎       | 232/1000 [00:54<05:47,  2.21it/s]INFO:httpx:HTTP Request: POST http://localhost:8043/v1/chat/completions "HTTP/1.1 200 OK"
QA Reading:  23%|██▎       | 233/1000 [00:54<05:24,  2.36it/s]INFO:httpx:HTTP Request: POST http://localhost:8043/v1/chat/completions "HTTP/1.1 200 OK"
QA Reading:  23%|██▎       | 234/1000 [00:55<06:17,  2.03it/s]INFO:httpx:HTTP Request: POST http://localhost:8043/v1/chat/completions "HTTP/1.1 200 OK"
QA Reading:  24%|██▎       | 235/1000 [00:55<05:29,  2.32it/s]INFO:httpx:HTTP Request: POST http://localhost:8043/v1/chat/completions "HTTP/1.1 200 OK"
QA Reading:  24%|██▎       | 236/1000 [00:56<05:34,  2.29it/s]INFO:httpx:HTTP Request: POST http://localhost:8043/v1/chat/completions "HTTP/1.1 200 OK"
QA Reading:  24%|██▎       | 237/1000 [00:56<05:53,  2.16it/s]INFO:httpx:HTTP Request: POST http://localhost:8043/v1/chat/completions "HTTP/1.1 200 OK"
QA Reading:  24%|██▍       | 238/1000 [00:57<06:15,  2.03it/s]INFO:httpx:HTTP Request: POST http://localhost:8043/v1/chat/completions "HTTP/1.1 200 OK"
QA Reading:  24%|██▍       | 240/1000 [00:57<05:02,  2.51it/s]INFO:httpx:HTTP Request: POST http://localhost:8043/v1/chat/completions "HTTP/1.1 200 OK"
QA Reading:  24%|██▍       | 241/1000 [00:58<04:50,  2.61it/s]INFO:httpx:HTTP Request: POST http://localhost:8043/v1/chat/completions "HTTP/1.1 200 OK"
QA Reading:  24%|██▍       | 243/1000 [00:58<03:38,  3.46it/s]INFO:httpx:HTTP Request: POST http://localhost:8043/v1/chat/completions "HTTP/1.1 200 OK"
QA Reading:  24%|██▍       | 244/1000 [00:58<04:12,  3.00it/s]INFO:httpx:HTTP Request: POST http://localhost:8043/v1/chat/completions "HTTP/1.1 200 OK"
QA Reading:  24%|██▍       | 245/1000 [00:59<05:04,  2.48it/s]INFO:httpx:HTTP Request: POST http://localhost:8043/v1/chat/completions "HTTP/1.1 200 OK"
QA Reading:  25%|██▍       | 246/1000 [01:00<06:11,  2.03it/s]INFO:httpx:HTTP Request: POST http://localhost:8043/v1/chat/completions "HTTP/1.1 200 OK"
QA Reading:  25%|██▍       | 247/1000 [01:00<05:30,  2.28it/s]INFO:httpx:HTTP Request: POST http://localhost:8043/v1/chat/completions "HTTP/1.1 200 OK"
QA Reading:  25%|██▍       | 248/1000 [01:01<07:10,  1.75it/s]INFO:httpx:HTTP Request: POST http://localhost:8043/v1/chat/completions "HTTP/1.1 200 OK"
QA Reading:  25%|██▍       | 249/1000 [01:02<07:20,  1.70it/s]INFO:httpx:HTTP Request: POST http://localhost:8043/v1/chat/completions "HTTP/1.1 200 OK"
QA Reading:  25%|██▌       | 250/1000 [01:02<06:52,  1.82it/s]INFO:httpx:HTTP Request: POST http://localhost:8043/v1/chat/completions "HTTP/1.1 200 OK"
QA Reading:  25%|██▌       | 251/1000 [01:03<06:24,  1.95it/s]INFO:httpx:HTTP Request: POST http://localhost:8043/v1/chat/completions "HTTP/1.1 200 OK"
QA Reading:  25%|██▌       | 252/1000 [01:03<07:36,  1.64it/s]INFO:httpx:HTTP Request: POST http://localhost:8043/v1/chat/completions "HTTP/1.1 200 OK"
QA Reading:  25%|██▌       | 253/1000 [01:04<07:41,  1.62it/s]INFO:httpx:HTTP Request: POST http://localhost:8043/v1/chat/completions "HTTP/1.1 200 OK"
QA Reading:  25%|██▌       | 254/1000 [01:04<06:39,  1.87it/s]INFO:httpx:HTTP Request: POST http://localhost:8043/v1/chat/completions "HTTP/1.1 200 OK"
QA Reading:  26%|██▌       | 255/1000 [01:05<05:51,  2.12it/s]INFO:httpx:HTTP Request: POST http://localhost:8043/v1/chat/completions "HTTP/1.1 200 OK"
QA Reading:  26%|██▌       | 256/1000 [01:05<05:22,  2.31it/s]INFO:httpx:HTTP Request: POST http://localhost:8043/v1/chat/completions "HTTP/1.1 200 OK"
QA Reading:  26%|██▌       | 257/1000 [01:06<05:53,  2.10it/s]INFO:httpx:HTTP Request: POST http://localhost:8043/v1/chat/completions "HTTP/1.1 200 OK"
QA Reading:  26%|██▌       | 259/1000 [01:06<04:51,  2.55it/s]INFO:httpx:HTTP Request: POST http://localhost:8043/v1/chat/completions "HTTP/1.1 200 OK"
QA Reading:  26%|██▌       | 260/1000 [01:07<05:10,  2.39it/s]INFO:httpx:HTTP Request: POST http://localhost:8043/v1/chat/completions "HTTP/1.1 200 OK"
QA Reading:  26%|██▌       | 261/1000 [01:07<05:08,  2.39it/s]INFO:httpx:HTTP Request: POST http://localhost:8043/v1/chat/completions "HTTP/1.1 200 OK"
QA Reading:  26%|██▌       | 262/1000 [01:08<05:13,  2.36it/s]INFO:httpx:HTTP Request: POST http://localhost:8043/v1/chat/completions "HTTP/1.1 200 OK"
QA Reading:  26%|██▋       | 263/1000 [01:08<05:08,  2.39it/s]INFO:httpx:HTTP Request: POST http://localhost:8043/v1/chat/completions "HTTP/1.1 200 OK"
QA Reading:  26%|██▋       | 264/1000 [01:08<05:18,  2.31it/s]INFO:httpx:HTTP Request: POST http://localhost:8043/v1/chat/completions "HTTP/1.1 200 OK"
QA Reading:  26%|██▋       | 265/1000 [01:09<05:08,  2.39it/s]INFO:httpx:HTTP Request: POST http://localhost:8043/v1/chat/completions "HTTP/1.1 200 OK"
QA Reading:  27%|██▋       | 266/1000 [01:09<05:39,  2.16it/s]INFO:httpx:HTTP Request: POST http://localhost:8043/v1/chat/completions "HTTP/1.1 200 OK"
QA Reading:  27%|██▋       | 268/1000 [01:10<04:03,  3.01it/s]INFO:httpx:HTTP Request: POST http://localhost:8043/v1/chat/completions "HTTP/1.1 200 OK"
QA Reading:  27%|██▋       | 270/1000 [01:10<03:19,  3.65it/s]INFO:httpx:HTTP Request: POST http://localhost:8043/v1/chat/completions "HTTP/1.1 200 OK"
QA Reading:  27%|██▋       | 271/1000 [01:10<03:26,  3.52it/s]INFO:httpx:HTTP Request: POST http://localhost:8043/v1/chat/completions "HTTP/1.1 200 OK"
QA Reading:  27%|██▋       | 272/1000 [01:11<04:09,  2.92it/s]INFO:httpx:HTTP Request: POST http://localhost:8043/v1/chat/completions "HTTP/1.1 200 OK"
QA Reading:  27%|██▋       | 273/1000 [01:12<05:28,  2.21it/s]INFO:httpx:HTTP Request: POST http://localhost:8043/v1/chat/completions "HTTP/1.1 200 OK"
QA Reading:  27%|██▋       | 274/1000 [01:12<06:14,  1.94it/s]INFO:httpx:HTTP Request: POST http://localhost:8043/v1/chat/completions "HTTP/1.1 200 OK"
QA Reading:  28%|██▊       | 276/1000 [01:13<04:42,  2.57it/s]INFO:httpx:HTTP Request: POST http://localhost:8043/v1/chat/completions "HTTP/1.1 200 OK"
QA Reading:  28%|██▊       | 277/1000 [01:13<04:58,  2.42it/s]INFO:httpx:HTTP Request: POST http://localhost:8043/v1/chat/completions "HTTP/1.1 200 OK"
QA Reading:  28%|██▊       | 279/1000 [01:14<04:11,  2.87it/s]INFO:httpx:HTTP Request: POST http://localhost:8043/v1/chat/completions "HTTP/1.1 200 OK"
QA Reading:  28%|██▊       | 280/1000 [01:15<05:09,  2.33it/s]INFO:httpx:HTTP Request: POST http://localhost:8043/v1/chat/completions "HTTP/1.1 200 OK"
QA Reading:  28%|██▊       | 281/1000 [01:15<05:55,  2.02it/s]INFO:httpx:HTTP Request: POST http://localhost:8043/v1/chat/completions "HTTP/1.1 200 OK"
QA Reading:  28%|██▊       | 283/1000 [01:16<04:37,  2.58it/s]INFO:httpx:HTTP Request: POST http://localhost:8043/v1/chat/completions "HTTP/1.1 200 OK"
QA Reading:  28%|██▊       | 284/1000 [01:16<04:48,  2.48it/s]INFO:httpx:HTTP Request: POST http://localhost:8043/v1/chat/completions "HTTP/1.1 200 OK"
QA Reading:  28%|██▊       | 285/1000 [01:17<04:58,  2.40it/s]INFO:httpx:HTTP Request: POST http://localhost:8043/v1/chat/completions "HTTP/1.1 200 OK"
QA Reading:  29%|██▊       | 286/1000 [01:17<04:40,  2.54it/s]INFO:httpx:HTTP Request: POST http://localhost:8043/v1/chat/completions "HTTP/1.1 200 OK"
QA Reading:  29%|██▊       | 287/1000 [01:17<04:42,  2.52it/s]INFO:httpx:HTTP Request: POST http://localhost:8043/v1/chat/completions "HTTP/1.1 200 OK"
QA Reading:  29%|██▉       | 288/1000 [01:18<04:56,  2.40it/s]INFO:httpx:HTTP Request: POST http://localhost:8043/v1/chat/completions "HTTP/1.1 200 OK"
QA Reading:  29%|██▉       | 289/1000 [01:18<05:37,  2.11it/s]INFO:httpx:HTTP Request: POST http://localhost:8043/v1/chat/completions "HTTP/1.1 200 OK"
QA Reading:  29%|██▉       | 290/1000 [01:19<05:13,  2.26it/s]INFO:httpx:HTTP Request: POST http://localhost:8043/v1/chat/completions "HTTP/1.1 200 OK"
QA Reading:  29%|██▉       | 291/1000 [01:19<05:45,  2.05it/s]INFO:httpx:HTTP Request: POST http://localhost:8043/v1/chat/completions "HTTP/1.1 200 OK"
QA Reading:  29%|██▉       | 292/1000 [01:20<05:26,  2.17it/s]INFO:httpx:HTTP Request: POST http://localhost:8043/v1/chat/completions "HTTP/1.1 200 OK"
QA Reading:  29%|██▉       | 293/1000 [01:21<07:44,  1.52it/s]INFO:httpx:HTTP Request: POST http://localhost:8043/v1/chat/completions "HTTP/1.1 200 OK"
QA Reading:  29%|██▉       | 294/1000 [01:21<06:33,  1.80it/s]INFO:httpx:HTTP Request: POST http://localhost:8043/v1/chat/completions "HTTP/1.1 200 OK"
QA Reading:  30%|██▉       | 295/1000 [01:22<06:46,  1.73it/s]INFO:httpx:HTTP Request: POST http://localhost:8043/v1/chat/completions "HTTP/1.1 200 OK"
QA Reading:  30%|██▉       | 296/1000 [01:22<06:05,  1.93it/s]INFO:httpx:HTTP Request: POST http://localhost:8043/v1/chat/completions "HTTP/1.1 200 OK"
QA Reading:  30%|██▉       | 297/1000 [01:23<05:17,  2.21it/s]INFO:httpx:HTTP Request: POST http://localhost:8043/v1/chat/completions "HTTP/1.1 200 OK"
QA Reading:  30%|██▉       | 298/1000 [01:23<05:51,  2.00it/s]INFO:httpx:HTTP Request: POST http://localhost:8043/v1/chat/completions "HTTP/1.1 200 OK"
QA Reading:  30%|██▉       | 299/1000 [01:24<05:52,  1.99it/s]INFO:httpx:HTTP Request: POST http://localhost:8043/v1/chat/completions "HTTP/1.1 200 OK"
QA Reading:  30%|███       | 300/1000 [01:24<07:01,  1.66it/s]INFO:httpx:HTTP Request: POST http://localhost:8043/v1/chat/completions "HTTP/1.1 200 OK"
QA Reading:  30%|███       | 302/1000 [01:25<04:46,  2.44it/s]INFO:httpx:HTTP Request: POST http://localhost:8043/v1/chat/completions "HTTP/1.1 200 OK"
QA Reading:  30%|███       | 303/1000 [01:25<04:53,  2.37it/s]INFO:httpx:HTTP Request: POST http://localhost:8043/v1/chat/completions "HTTP/1.1 200 OK"
QA Reading:  30%|███       | 304/1000 [01:26<05:27,  2.13it/s]INFO:httpx:HTTP Request: POST http://localhost:8043/v1/chat/completions "HTTP/1.1 200 OK"
QA Reading:  30%|███       | 305/1000 [01:26<05:06,  2.26it/s]INFO:httpx:HTTP Request: POST http://localhost:8043/v1/chat/completions "HTTP/1.1 200 OK"
QA Reading:  31%|███       | 307/1000 [01:27<03:42,  3.11it/s]INFO:httpx:HTTP Request: POST http://localhost:8043/v1/chat/completions "HTTP/1.1 200 OK"
QA Reading:  31%|███       | 309/1000 [01:27<03:17,  3.50it/s]INFO:httpx:HTTP Request: POST http://localhost:8043/v1/chat/completions "HTTP/1.1 200 OK"
QA Reading:  31%|███       | 310/1000 [01:28<03:44,  3.07it/s]INFO:httpx:HTTP Request: POST http://localhost:8043/v1/chat/completions "HTTP/1.1 200 OK"
QA Reading:  31%|███       | 312/1000 [01:28<03:40,  3.12it/s]INFO:httpx:HTTP Request: POST http://localhost:8043/v1/chat/completions "HTTP/1.1 200 OK"
QA Reading:  31%|███▏      | 313/1000 [01:29<04:47,  2.39it/s]INFO:httpx:HTTP Request: POST http://localhost:8043/v1/chat/completions "HTTP/1.1 200 OK"
QA Reading:  32%|███▏      | 315/1000 [01:29<03:56,  2.90it/s]INFO:httpx:HTTP Request: POST http://localhost:8043/v1/chat/completions "HTTP/1.1 200 OK"
QA Reading:  32%|███▏      | 316/1000 [01:30<03:58,  2.87it/s]INFO:httpx:HTTP Request: POST http://localhost:8043/v1/chat/completions "HTTP/1.1 200 OK"
QA Reading:  32%|███▏      | 317/1000 [01:30<04:13,  2.69it/s]INFO:httpx:HTTP Request: POST http://localhost:8043/v1/chat/completions "HTTP/1.1 200 OK"
QA Reading:  32%|███▏      | 318/1000 [01:30<03:55,  2.90it/s]INFO:httpx:HTTP Request: POST http://localhost:8043/v1/chat/completions "HTTP/1.1 200 OK"
QA Reading:  32%|███▏      | 319/1000 [01:31<04:46,  2.37it/s]INFO:httpx:HTTP Request: POST http://localhost:8043/v1/chat/completions "HTTP/1.1 200 OK"
QA Reading:  32%|███▏      | 320/1000 [01:31<04:35,  2.46it/s]INFO:httpx:HTTP Request: POST http://localhost:8043/v1/chat/completions "HTTP/1.1 200 OK"
QA Reading:  32%|███▏      | 322/1000 [01:32<03:51,  2.92it/s]INFO:httpx:HTTP Request: POST http://localhost:8043/v1/chat/completions "HTTP/1.1 200 OK"
QA Reading:  32%|███▏      | 323/1000 [01:32<04:16,  2.64it/s]INFO:httpx:HTTP Request: POST http://localhost:8043/v1/chat/completions "HTTP/1.1 200 OK"
QA Reading:  32%|███▏      | 324/1000 [01:33<04:50,  2.33it/s]INFO:httpx:HTTP Request: POST http://localhost:8043/v1/chat/completions "HTTP/1.1 200 OK"
QA Reading:  33%|███▎      | 326/1000 [01:33<03:38,  3.09it/s]INFO:httpx:HTTP Request: POST http://localhost:8043/v1/chat/completions "HTTP/1.1 200 OK"
QA Reading:  33%|███▎      | 327/1000 [01:34<03:40,  3.05it/s]INFO:httpx:HTTP Request: POST http://localhost:8043/v1/chat/completions "HTTP/1.1 200 OK"
QA Reading:  33%|███▎      | 328/1000 [01:34<04:31,  2.48it/s]INFO:httpx:HTTP Request: POST http://localhost:8043/v1/chat/completions "HTTP/1.1 200 OK"
QA Reading:  33%|███▎      | 329/1000 [01:35<04:30,  2.48it/s]INFO:httpx:HTTP Request: POST http://localhost:8043/v1/chat/completions "HTTP/1.1 200 OK"
QA Reading:  33%|███▎      | 330/1000 [01:35<04:39,  2.40it/s]INFO:httpx:HTTP Request: POST http://localhost:8043/v1/chat/completions "HTTP/1.1 200 OK"
QA Reading:  33%|███▎      | 331/1000 [01:36<04:49,  2.31it/s]INFO:httpx:HTTP Request: POST http://localhost:8043/v1/chat/completions "HTTP/1.1 200 OK"
QA Reading:  33%|███▎      | 333/1000 [01:36<03:18,  3.37it/s]INFO:httpx:HTTP Request: POST http://localhost:8043/v1/chat/completions "HTTP/1.1 200 OK"
QA Reading:  34%|███▎      | 335/1000 [01:37<03:20,  3.32it/s]INFO:httpx:HTTP Request: POST http://localhost:8043/v1/chat/completions "HTTP/1.1 200 OK"
QA Reading:  34%|███▎      | 336/1000 [01:37<03:45,  2.95it/s]INFO:httpx:HTTP Request: POST http://localhost:8043/v1/chat/completions "HTTP/1.1 200 OK"
QA Reading:  34%|███▎      | 337/1000 [01:37<03:57,  2.79it/s]INFO:httpx:HTTP Request: POST http://localhost:8043/v1/chat/completions "HTTP/1.1 200 OK"
QA Reading:  34%|███▍      | 338/1000 [01:38<04:02,  2.73it/s]INFO:httpx:HTTP Request: POST http://localhost:8043/v1/chat/completions "HTTP/1.1 200 OK"
QA Reading:  34%|███▍      | 339/1000 [01:38<04:09,  2.65it/s]INFO:httpx:HTTP Request: POST http://localhost:8043/v1/chat/completions "HTTP/1.1 200 OK"
QA Reading:  34%|███▍      | 341/1000 [01:39<03:50,  2.86it/s]INFO:httpx:HTTP Request: POST http://localhost:8043/v1/chat/completions "HTTP/1.1 200 OK"
QA Reading:  34%|███▍      | 342/1000 [01:39<04:03,  2.71it/s]INFO:httpx:HTTP Request: POST http://localhost:8043/v1/chat/completions "HTTP/1.1 200 OK"
QA Reading:  34%|███▍      | 343/1000 [01:40<04:20,  2.52it/s]INFO:httpx:HTTP Request: POST http://localhost:8043/v1/chat/completions "HTTP/1.1 200 OK"
QA Reading:  34%|███▍      | 345/1000 [01:40<03:57,  2.75it/s]INFO:httpx:HTTP Request: POST http://localhost:8043/v1/chat/completions "HTTP/1.1 200 OK"
QA Reading:  35%|███▍      | 346/1000 [01:41<04:13,  2.58it/s]INFO:httpx:HTTP Request: POST http://localhost:8043/v1/chat/completions "HTTP/1.1 200 OK"
QA Reading:  35%|███▍      | 347/1000 [01:41<04:16,  2.55it/s]INFO:httpx:HTTP Request: POST http://localhost:8043/v1/chat/completions "HTTP/1.1 200 OK"
QA Reading:  35%|███▍      | 349/1000 [01:42<03:31,  3.08it/s]INFO:httpx:HTTP Request: POST http://localhost:8043/v1/chat/completions "HTTP/1.1 200 OK"
QA Reading:  35%|███▌      | 350/1000 [01:42<03:44,  2.90it/s]INFO:httpx:HTTP Request: POST http://localhost:8043/v1/chat/completions "HTTP/1.1 200 OK"
QA Reading:  35%|███▌      | 353/1000 [01:43<03:19,  3.25it/s]INFO:httpx:HTTP Request: POST http://localhost:8043/v1/chat/completions "HTTP/1.1 200 OK"
QA Reading:  35%|███▌      | 354/1000 [01:43<03:26,  3.13it/s]INFO:httpx:HTTP Request: POST http://localhost:8043/v1/chat/completions "HTTP/1.1 200 OK"
QA Reading:  36%|███▌      | 355/1000 [01:44<03:28,  3.09it/s]INFO:httpx:HTTP Request: POST http://localhost:8043/v1/chat/completions "HTTP/1.1 200 OK"
QA Reading:  36%|███▌      | 356/1000 [01:44<03:38,  2.95it/s]INFO:httpx:HTTP Request: POST http://localhost:8043/v1/chat/completions "HTTP/1.1 200 OK"
QA Reading:  36%|███▌      | 357/1000 [01:44<03:44,  2.86it/s]INFO:httpx:HTTP Request: POST http://localhost:8043/v1/chat/completions "HTTP/1.1 200 OK"
QA Reading:  36%|███▌      | 358/1000 [01:45<04:32,  2.36it/s]INFO:httpx:HTTP Request: POST http://localhost:8043/v1/chat/completions "HTTP/1.1 200 OK"
QA Reading:  36%|███▌      | 359/1000 [01:46<07:09,  1.49it/s]INFO:httpx:HTTP Request: POST http://localhost:8043/v1/chat/completions "HTTP/1.1 200 OK"
QA Reading:  36%|███▌      | 362/1000 [01:47<04:05,  2.60it/s]INFO:httpx:HTTP Request: POST http://localhost:8043/v1/chat/completions "HTTP/1.1 200 OK"
QA Reading:  36%|███▋      | 363/1000 [01:47<04:25,  2.40it/s]INFO:httpx:HTTP Request: POST http://localhost:8043/v1/chat/completions "HTTP/1.1 200 OK"
QA Reading:  36%|███▋      | 364/1000 [01:48<04:36,  2.30it/s]INFO:httpx:HTTP Request: POST http://localhost:8043/v1/chat/completions "HTTP/1.1 200 OK"
QA Reading:  36%|███▋      | 365/1000 [01:48<04:47,  2.21it/s]INFO:httpx:HTTP Request: POST http://localhost:8043/v1/chat/completions "HTTP/1.1 200 OK"
QA Reading:  37%|███▋      | 366/1000 [01:49<05:52,  1.80it/s]INFO:httpx:HTTP Request: POST http://localhost:8043/v1/chat/completions "HTTP/1.1 200 OK"
QA Reading:  37%|███▋      | 367/1000 [01:50<05:21,  1.97it/s]INFO:httpx:HTTP Request: POST http://localhost:8043/v1/chat/completions "HTTP/1.1 200 OK"
QA Reading:  37%|███▋      | 368/1000 [01:50<04:59,  2.11it/s]INFO:httpx:HTTP Request: POST http://localhost:8043/v1/chat/completions "HTTP/1.1 200 OK"
QA Reading:  37%|███▋      | 369/1000 [01:50<04:43,  2.23it/s]INFO:httpx:HTTP Request: POST http://localhost:8043/v1/chat/completions "HTTP/1.1 200 OK"
QA Reading:  37%|███▋      | 371/1000 [01:51<03:39,  2.86it/s]INFO:httpx:HTTP Request: POST http://localhost:8043/v1/chat/completions "HTTP/1.1 200 OK"
QA Reading:  37%|███▋      | 372/1000 [01:51<03:40,  2.84it/s]INFO:httpx:HTTP Request: POST http://localhost:8043/v1/chat/completions "HTTP/1.1 200 OK"
QA Reading:  37%|███▋      | 373/1000 [01:52<04:49,  2.17it/s]INFO:httpx:HTTP Request: POST http://localhost:8043/v1/chat/completions "HTTP/1.1 200 OK"
QA Reading:  37%|███▋      | 374/1000 [01:53<05:35,  1.87it/s]INFO:httpx:HTTP Request: POST http://localhost:8043/v1/chat/completions "HTTP/1.1 200 OK"
QA Reading:  38%|███▊      | 375/1000 [01:53<05:36,  1.85it/s]INFO:httpx:HTTP Request: POST http://localhost:8043/v1/chat/completions "HTTP/1.1 200 OK"
QA Reading:  38%|███▊      | 376/1000 [01:54<06:37,  1.57it/s]INFO:httpx:HTTP Request: POST http://localhost:8043/v1/chat/completions "HTTP/1.1 200 OK"
QA Reading:  38%|███▊      | 377/1000 [01:55<06:50,  1.52it/s]INFO:httpx:HTTP Request: POST http://localhost:8043/v1/chat/completions "HTTP/1.1 200 OK"
QA Reading:  38%|███▊      | 378/1000 [01:56<06:43,  1.54it/s]INFO:httpx:HTTP Request: POST http://localhost:8043/v1/chat/completions "HTTP/1.1 200 OK"
QA Reading:  38%|███▊      | 380/1000 [01:56<04:49,  2.14it/s]INFO:httpx:HTTP Request: POST http://localhost:8043/v1/chat/completions "HTTP/1.1 200 OK"
QA Reading:  38%|███▊      | 381/1000 [01:56<04:40,  2.20it/s]INFO:httpx:HTTP Request: POST http://localhost:8043/v1/chat/completions "HTTP/1.1 200 OK"
QA Reading:  38%|███▊      | 382/1000 [01:57<06:08,  1.68it/s]INFO:httpx:HTTP Request: POST http://localhost:8043/v1/chat/completions "HTTP/1.1 200 OK"
QA Reading:  38%|███▊      | 383/1000 [01:58<05:39,  1.82it/s]INFO:httpx:HTTP Request: POST http://localhost:8043/v1/chat/completions "HTTP/1.1 200 OK"
QA Reading:  38%|███▊      | 384/1000 [01:58<05:51,  1.75it/s]INFO:httpx:HTTP Request: POST http://localhost:8043/v1/chat/completions "HTTP/1.1 200 OK"
QA Reading:  38%|███▊      | 385/1000 [01:59<05:26,  1.88it/s]INFO:httpx:HTTP Request: POST http://localhost:8043/v1/chat/completions "HTTP/1.1 200 OK"
QA Reading:  39%|███▊      | 386/1000 [02:00<05:47,  1.77it/s]INFO:httpx:HTTP Request: POST http://localhost:8043/v1/chat/completions "HTTP/1.1 200 OK"
QA Reading:  39%|███▊      | 387/1000 [02:00<05:44,  1.78it/s]INFO:httpx:HTTP Request: POST http://localhost:8043/v1/chat/completions "HTTP/1.1 200 OK"
QA Reading:  39%|███▉      | 388/1000 [02:01<05:47,  1.76it/s]INFO:httpx:HTTP Request: POST http://localhost:8043/v1/chat/completions "HTTP/1.1 200 OK"
QA Reading:  39%|███▉      | 389/1000 [02:01<05:33,  1.83it/s]INFO:httpx:HTTP Request: POST http://localhost:8043/v1/chat/completions "HTTP/1.1 200 OK"
QA Reading:  39%|███▉      | 390/1000 [02:02<05:36,  1.81it/s]INFO:httpx:HTTP Request: POST http://localhost:8043/v1/chat/completions "HTTP/1.1 200 OK"
QA Reading:  39%|███▉      | 391/1000 [02:02<05:28,  1.86it/s]INFO:httpx:HTTP Request: POST http://localhost:8043/v1/chat/completions "HTTP/1.1 200 OK"
QA Reading:  39%|███▉      | 393/1000 [02:03<03:59,  2.54it/s]INFO:httpx:HTTP Request: POST http://localhost:8043/v1/chat/completions "HTTP/1.1 200 OK"
QA Reading:  39%|███▉      | 394/1000 [02:03<04:13,  2.39it/s]INFO:httpx:HTTP Request: POST http://localhost:8043/v1/chat/completions "HTTP/1.1 200 OK"
QA Reading:  40%|███▉      | 395/1000 [02:04<04:53,  2.06it/s]INFO:httpx:HTTP Request: POST http://localhost:8043/v1/chat/completions "HTTP/1.1 200 OK"
QA Reading:  40%|███▉      | 396/1000 [02:04<04:43,  2.13it/s]INFO:httpx:HTTP Request: POST http://localhost:8043/v1/chat/completions "HTTP/1.1 200 OK"
QA Reading:  40%|███▉      | 397/1000 [02:05<04:37,  2.17it/s]INFO:httpx:HTTP Request: POST http://localhost:8043/v1/chat/completions "HTTP/1.1 200 OK"
QA Reading:  40%|███▉      | 399/1000 [02:05<04:12,  2.38it/s]INFO:httpx:HTTP Request: POST http://localhost:8043/v1/chat/completions "HTTP/1.1 200 OK"
QA Reading:  40%|████      | 400/1000 [02:06<04:54,  2.03it/s]INFO:httpx:HTTP Request: POST http://localhost:8043/v1/chat/completions "HTTP/1.1 200 OK"
QA Reading:  40%|████      | 401/1000 [02:07<04:55,  2.03it/s]INFO:httpx:HTTP Request: POST http://localhost:8043/v1/chat/completions "HTTP/1.1 200 OK"
QA Reading:  40%|████      | 403/1000 [02:08<04:32,  2.19it/s]INFO:httpx:HTTP Request: POST http://localhost:8043/v1/chat/completions "HTTP/1.1 200 OK"
QA Reading:  40%|████      | 404/1000 [02:08<05:02,  1.97it/s]INFO:httpx:HTTP Request: POST http://localhost:8043/v1/chat/completions "HTTP/1.1 200 OK"
QA Reading:  40%|████      | 405/1000 [02:09<05:14,  1.89it/s]INFO:httpx:HTTP Request: POST http://localhost:8043/v1/chat/completions "HTTP/1.1 200 OK"
QA Reading:  41%|████      | 406/1000 [02:09<05:02,  1.96it/s]INFO:httpx:HTTP Request: POST http://localhost:8043/v1/chat/completions "HTTP/1.1 200 OK"
QA Reading:  41%|████      | 408/1000 [02:10<04:20,  2.27it/s]INFO:httpx:HTTP Request: POST http://localhost:8043/v1/chat/completions "HTTP/1.1 200 OK"
QA Reading:  41%|████      | 411/1000 [02:10<02:53,  3.40it/s]INFO:httpx:HTTP Request: POST http://localhost:8043/v1/chat/completions "HTTP/1.1 200 OK"
QA Reading:  41%|████▏     | 414/1000 [02:11<02:21,  4.13it/s]INFO:httpx:HTTP Request: POST http://localhost:8043/v1/chat/completions "HTTP/1.1 200 OK"
QA Reading:  42%|████▏     | 415/1000 [02:11<02:53,  3.38it/s]INFO:httpx:HTTP Request: POST http://localhost:8043/v1/chat/completions "HTTP/1.1 200 OK"
QA Reading:  42%|████▏     | 416/1000 [02:12<03:06,  3.13it/s]INFO:httpx:HTTP Request: POST http://localhost:8043/v1/chat/completions "HTTP/1.1 200 OK"
QA Reading:  42%|████▏     | 417/1000 [02:12<03:28,  2.79it/s]INFO:httpx:HTTP Request: POST http://localhost:8043/v1/chat/completions "HTTP/1.1 200 OK"
QA Reading:  42%|████▏     | 418/1000 [02:13<04:43,  2.05it/s]INFO:httpx:HTTP Request: POST http://localhost:8043/v1/chat/completions "HTTP/1.1 200 OK"
QA Reading:  42%|████▏     | 419/1000 [02:14<04:55,  1.97it/s]INFO:httpx:HTTP Request: POST http://localhost:8043/v1/chat/completions "HTTP/1.1 200 OK"
QA Reading:  42%|████▏     | 420/1000 [02:14<04:34,  2.11it/s]INFO:httpx:HTTP Request: POST http://localhost:8043/v1/chat/completions "HTTP/1.1 200 OK"
QA Reading:  42%|████▏     | 421/1000 [02:15<05:12,  1.85it/s]INFO:httpx:HTTP Request: POST http://localhost:8043/v1/chat/completions "HTTP/1.1 200 OK"
QA Reading:  42%|████▏     | 422/1000 [02:15<04:41,  2.05it/s]INFO:httpx:HTTP Request: POST http://localhost:8043/v1/chat/completions "HTTP/1.1 200 OK"
QA Reading:  42%|████▏     | 423/1000 [02:16<04:33,  2.11it/s]INFO:httpx:HTTP Request: POST http://localhost:8043/v1/chat/completions "HTTP/1.1 200 OK"
QA Reading:  42%|████▏     | 424/1000 [02:16<04:31,  2.12it/s]INFO:httpx:HTTP Request: POST http://localhost:8043/v1/chat/completions "HTTP/1.1 200 OK"
QA Reading:  43%|████▎     | 426/1000 [02:16<03:10,  3.02it/s]INFO:httpx:HTTP Request: POST http://localhost:8043/v1/chat/completions "HTTP/1.1 200 OK"
QA Reading:  43%|████▎     | 427/1000 [02:17<04:11,  2.28it/s]INFO:httpx:HTTP Request: POST http://localhost:8043/v1/chat/completions "HTTP/1.1 200 OK"
QA Reading:  43%|████▎     | 428/1000 [02:18<04:36,  2.07it/s]INFO:httpx:HTTP Request: POST http://localhost:8043/v1/chat/completions "HTTP/1.1 200 OK"
QA Reading:  43%|████▎     | 430/1000 [02:18<03:30,  2.70it/s]INFO:httpx:HTTP Request: POST http://localhost:8043/v1/chat/completions "HTTP/1.1 200 OK"
QA Reading:  43%|████▎     | 431/1000 [02:19<03:34,  2.65it/s]INFO:httpx:HTTP Request: POST http://localhost:8043/v1/chat/completions "HTTP/1.1 200 OK"
QA Reading:  43%|████▎     | 432/1000 [02:19<03:49,  2.48it/s]INFO:httpx:HTTP Request: POST http://localhost:8043/v1/chat/completions "HTTP/1.1 200 OK"
QA Reading:  43%|████▎     | 433/1000 [02:20<03:58,  2.38it/s]INFO:httpx:HTTP Request: POST http://localhost:8043/v1/chat/completions "HTTP/1.1 200 OK"
QA Reading:  43%|████▎     | 434/1000 [02:20<04:48,  1.96it/s]INFO:httpx:HTTP Request: POST http://localhost:8043/v1/chat/completions "HTTP/1.1 200 OK"
QA Reading:  44%|████▎     | 435/1000 [02:21<04:44,  1.99it/s]INFO:httpx:HTTP Request: POST http://localhost:8043/v1/chat/completions "HTTP/1.1 200 OK"
QA Reading:  44%|████▎     | 436/1000 [02:21<04:54,  1.92it/s]INFO:httpx:HTTP Request: POST http://localhost:8043/v1/chat/completions "HTTP/1.1 200 OK"
QA Reading:  44%|████▍     | 438/1000 [02:22<03:44,  2.50it/s]INFO:httpx:HTTP Request: POST http://localhost:8043/v1/chat/completions "HTTP/1.1 200 OK"
QA Reading:  44%|████▍     | 439/1000 [02:22<03:56,  2.37it/s]INFO:httpx:HTTP Request: POST http://localhost:8043/v1/chat/completions "HTTP/1.1 200 OK"
QA Reading:  44%|████▍     | 440/1000 [02:23<03:37,  2.57it/s]INFO:httpx:HTTP Request: POST http://localhost:8043/v1/chat/completions "HTTP/1.1 200 OK"
QA Reading:  44%|████▍     | 441/1000 [02:23<03:58,  2.34it/s]INFO:httpx:HTTP Request: POST http://localhost:8043/v1/chat/completions "HTTP/1.1 200 OK"
QA Reading:  44%|████▍     | 442/1000 [02:24<03:54,  2.38it/s]INFO:httpx:HTTP Request: POST http://localhost:8043/v1/chat/completions "HTTP/1.1 200 OK"
QA Reading:  44%|████▍     | 443/1000 [02:24<04:07,  2.25it/s]INFO:httpx:HTTP Request: POST http://localhost:8043/v1/chat/completions "HTTP/1.1 200 OK"
QA Reading:  44%|████▍     | 444/1000 [02:24<03:46,  2.45it/s]INFO:httpx:HTTP Request: POST http://localhost:8043/v1/chat/completions "HTTP/1.1 200 OK"
QA Reading:  45%|████▍     | 446/1000 [02:25<02:46,  3.34it/s]INFO:httpx:HTTP Request: POST http://localhost:8043/v1/chat/completions "HTTP/1.1 200 OK"
QA Reading:  45%|████▍     | 447/1000 [02:25<02:50,  3.24it/s]INFO:httpx:HTTP Request: POST http://localhost:8043/v1/chat/completions "HTTP/1.1 200 OK"
QA Reading:  45%|████▍     | 448/1000 [02:26<04:16,  2.15it/s]INFO:httpx:HTTP Request: POST http://localhost:8043/v1/chat/completions "HTTP/1.1 200 OK"
QA Reading:  45%|████▍     | 449/1000 [02:27<04:13,  2.17it/s]INFO:httpx:HTTP Request: POST http://localhost:8043/v1/chat/completions "HTTP/1.1 200 OK"
QA Reading:  45%|████▌     | 450/1000 [02:27<04:14,  2.16it/s]INFO:httpx:HTTP Request: POST http://localhost:8043/v1/chat/completions "HTTP/1.1 200 OK"
QA Reading:  45%|████▌     | 451/1000 [02:27<03:47,  2.42it/s]INFO:httpx:HTTP Request: POST http://localhost:8043/v1/chat/completions "HTTP/1.1 200 OK"
QA Reading:  45%|████▌     | 452/1000 [02:28<03:56,  2.32it/s]INFO:httpx:HTTP Request: POST http://localhost:8043/v1/chat/completions "HTTP/1.1 200 OK"
QA Reading:  45%|████▌     | 453/1000 [02:28<03:52,  2.35it/s]INFO:httpx:HTTP Request: POST http://localhost:8043/v1/chat/completions "HTTP/1.1 200 OK"
QA Reading:  45%|████▌     | 454/1000 [02:29<04:12,  2.16it/s]INFO:httpx:HTTP Request: POST http://localhost:8043/v1/chat/completions "HTTP/1.1 200 OK"
QA Reading:  46%|████▌     | 455/1000 [02:29<04:16,  2.13it/s]INFO:httpx:HTTP Request: POST http://localhost:8043/v1/chat/completions "HTTP/1.1 200 OK"
QA Reading:  46%|████▌     | 456/1000 [02:30<04:49,  1.88it/s]INFO:httpx:HTTP Request: POST http://localhost:8043/v1/chat/completions "HTTP/1.1 200 OK"
QA Reading:  46%|████▌     | 457/1000 [02:30<04:19,  2.09it/s]INFO:httpx:HTTP Request: POST http://localhost:8043/v1/chat/completions "HTTP/1.1 200 OK"
QA Reading:  46%|████▌     | 458/1000 [02:31<04:18,  2.10it/s]INFO:httpx:HTTP Request: POST http://localhost:8043/v1/chat/completions "HTTP/1.1 200 OK"
QA Reading:  46%|████▌     | 462/1000 [02:31<02:19,  3.87it/s]INFO:httpx:HTTP Request: POST http://localhost:8043/v1/chat/completions "HTTP/1.1 200 OK"
QA Reading:  46%|████▋     | 464/1000 [02:32<02:06,  4.24it/s]INFO:httpx:HTTP Request: POST http://localhost:8043/v1/chat/completions "HTTP/1.1 200 OK"
QA Reading:  46%|████▋     | 465/1000 [02:32<03:04,  2.89it/s]INFO:httpx:HTTP Request: POST http://localhost:8043/v1/chat/completions "HTTP/1.1 200 OK"
QA Reading:  47%|████▋     | 466/1000 [02:33<03:04,  2.89it/s]INFO:httpx:HTTP Request: POST http://localhost:8043/v1/chat/completions "HTTP/1.1 200 OK"
QA Reading:  47%|████▋     | 468/1000 [02:33<02:36,  3.40it/s]INFO:httpx:HTTP Request: POST http://localhost:8043/v1/chat/completions "HTTP/1.1 200 OK"
QA Reading:  47%|████▋     | 471/1000 [02:34<02:23,  3.70it/s]INFO:httpx:HTTP Request: POST http://localhost:8043/v1/chat/completions "HTTP/1.1 200 OK"
QA Reading:  47%|████▋     | 472/1000 [02:34<02:36,  3.36it/s]INFO:httpx:HTTP Request: POST http://localhost:8043/v1/chat/completions "HTTP/1.1 200 OK"
QA Reading:  47%|████▋     | 473/1000 [02:35<03:15,  2.70it/s]INFO:httpx:HTTP Request: POST http://localhost:8043/v1/chat/completions "HTTP/1.1 200 OK"
QA Reading:  48%|████▊     | 475/1000 [02:36<03:15,  2.68it/s]INFO:httpx:HTTP Request: POST http://localhost:8043/v1/chat/completions "HTTP/1.1 200 OK"
QA Reading:  48%|████▊     | 478/1000 [02:36<02:10,  4.00it/s]INFO:httpx:HTTP Request: POST http://localhost:8043/v1/chat/completions "HTTP/1.1 200 OK"
QA Reading:  48%|████▊     | 480/1000 [02:36<02:01,  4.28it/s]INFO:httpx:HTTP Request: POST http://localhost:8043/v1/chat/completions "HTTP/1.1 200 OK"
QA Reading:  48%|████▊     | 482/1000 [02:37<02:15,  3.82it/s]INFO:httpx:HTTP Request: POST http://localhost:8043/v1/chat/completions "HTTP/1.1 200 OK"
QA Reading:  48%|████▊     | 483/1000 [02:38<02:33,  3.37it/s]INFO:httpx:HTTP Request: POST http://localhost:8043/v1/chat/completions "HTTP/1.1 200 OK"
QA Reading:  48%|████▊     | 484/1000 [02:38<02:39,  3.24it/s]INFO:httpx:HTTP Request: POST http://localhost:8043/v1/chat/completions "HTTP/1.1 200 OK"
QA Reading:  49%|████▊     | 486/1000 [02:38<02:30,  3.41it/s]INFO:httpx:HTTP Request: POST http://localhost:8043/v1/chat/completions "HTTP/1.1 200 OK"
QA Reading:  49%|████▊     | 487/1000 [02:39<02:30,  3.41it/s]INFO:httpx:HTTP Request: POST http://localhost:8043/v1/chat/completions "HTTP/1.1 200 OK"
QA Reading:  49%|████▉     | 488/1000 [02:39<03:13,  2.64it/s]INFO:httpx:HTTP Request: POST http://localhost:8043/v1/chat/completions "HTTP/1.1 200 OK"
QA Reading:  49%|████▉     | 489/1000 [02:40<03:14,  2.63it/s]INFO:httpx:HTTP Request: POST http://localhost:8043/v1/chat/completions "HTTP/1.1 200 OK"
QA Reading:  49%|████▉     | 490/1000 [02:40<03:29,  2.43it/s]INFO:httpx:HTTP Request: POST http://localhost:8043/v1/chat/completions "HTTP/1.1 200 OK"
QA Reading:  49%|████▉     | 491/1000 [02:41<03:47,  2.24it/s]INFO:httpx:HTTP Request: POST http://localhost:8043/v1/chat/completions "HTTP/1.1 200 OK"
QA Reading:  49%|████▉     | 493/1000 [02:42<04:10,  2.02it/s]INFO:httpx:HTTP Request: POST http://localhost:8043/v1/chat/completions "HTTP/1.1 200 OK"
QA Reading:  49%|████▉     | 494/1000 [02:43<04:22,  1.93it/s]INFO:httpx:HTTP Request: POST http://localhost:8043/v1/chat/completions "HTTP/1.1 200 OK"
QA Reading:  50%|████▉     | 495/1000 [02:43<04:35,  1.84it/s]INFO:httpx:HTTP Request: POST http://localhost:8043/v1/chat/completions "HTTP/1.1 200 OK"
QA Reading:  50%|████▉     | 496/1000 [02:44<04:53,  1.71it/s]INFO:httpx:HTTP Request: POST http://localhost:8043/v1/chat/completions "HTTP/1.1 200 OK"
QA Reading:  50%|████▉     | 497/1000 [02:44<04:18,  1.95it/s]INFO:httpx:HTTP Request: POST http://localhost:8043/v1/chat/completions "HTTP/1.1 200 OK"
QA Reading:  50%|████▉     | 499/1000 [02:45<03:00,  2.78it/s]INFO:httpx:HTTP Request: POST http://localhost:8043/v1/chat/completions "HTTP/1.1 200 OK"
QA Reading:  50%|█████     | 500/1000 [02:45<03:19,  2.51it/s]INFO:httpx:HTTP Request: POST http://localhost:8043/v1/chat/completions "HTTP/1.1 200 OK"
QA Reading:  50%|█████     | 501/1000 [02:46<03:31,  2.36it/s]INFO:httpx:HTTP Request: POST http://localhost:8043/v1/chat/completions "HTTP/1.1 200 OK"
QA Reading:  50%|█████     | 503/1000 [02:46<02:44,  3.02it/s]INFO:httpx:HTTP Request: POST http://localhost:8043/v1/chat/completions "HTTP/1.1 200 OK"
QA Reading:  50%|█████     | 504/1000 [02:46<02:46,  2.98it/s]INFO:httpx:HTTP Request: POST http://localhost:8043/v1/chat/completions "HTTP/1.1 200 OK"
QA Reading:  51%|█████     | 506/1000 [02:47<02:13,  3.70it/s]INFO:httpx:HTTP Request: POST http://localhost:8043/v1/chat/completions "HTTP/1.1 200 OK"
QA Reading:  51%|█████     | 507/1000 [02:48<03:40,  2.24it/s]INFO:httpx:HTTP Request: POST http://localhost:8043/v1/chat/completions "HTTP/1.1 200 OK"
QA Reading:  51%|█████     | 508/1000 [02:48<03:49,  2.15it/s]INFO:httpx:HTTP Request: POST http://localhost:8043/v1/chat/completions "HTTP/1.1 200 OK"
QA Reading:  51%|█████     | 509/1000 [02:49<03:49,  2.14it/s]INFO:httpx:HTTP Request: POST http://localhost:8043/v1/chat/completions "HTTP/1.1 200 OK"
QA Reading:  51%|█████     | 510/1000 [02:49<03:41,  2.22it/s]INFO:httpx:HTTP Request: POST http://localhost:8043/v1/chat/completions "HTTP/1.1 200 OK"
QA Reading:  51%|█████▏    | 514/1000 [02:50<02:01,  4.00it/s]INFO:httpx:HTTP Request: POST http://localhost:8043/v1/chat/completions "HTTP/1.1 200 OK"
QA Reading:  52%|█████▏    | 516/1000 [02:50<01:56,  4.17it/s]INFO:httpx:HTTP Request: POST http://localhost:8043/v1/chat/completions "HTTP/1.1 200 OK"
QA Reading:  52%|█████▏    | 517/1000 [02:50<02:01,  3.99it/s]INFO:httpx:HTTP Request: POST http://localhost:8043/v1/chat/completions "HTTP/1.1 200 OK"
QA Reading:  52%|█████▏    | 518/1000 [02:51<02:28,  3.24it/s]INFO:httpx:HTTP Request: POST http://localhost:8043/v1/chat/completions "HTTP/1.1 200 OK"
QA Reading:  52%|█████▏    | 519/1000 [02:52<03:08,  2.55it/s]INFO:httpx:HTTP Request: POST http://localhost:8043/v1/chat/completions "HTTP/1.1 200 OK"
QA Reading:  52%|█████▏    | 520/1000 [02:52<03:17,  2.44it/s]INFO:httpx:HTTP Request: POST http://localhost:8043/v1/chat/completions "HTTP/1.1 200 OK"
QA Reading:  52%|█████▏    | 521/1000 [02:53<03:48,  2.09it/s]INFO:httpx:HTTP Request: POST http://localhost:8043/v1/chat/completions "HTTP/1.1 200 OK"
QA Reading:  52%|█████▏    | 522/1000 [02:53<03:39,  2.17it/s]INFO:httpx:HTTP Request: POST http://localhost:8043/v1/chat/completions "HTTP/1.1 200 OK"
QA Reading:  52%|█████▏    | 523/1000 [02:53<03:22,  2.36it/s]INFO:httpx:HTTP Request: POST http://localhost:8043/v1/chat/completions "HTTP/1.1 200 OK"
QA Reading:  52%|█████▏    | 524/1000 [02:54<03:30,  2.27it/s]INFO:httpx:HTTP Request: POST http://localhost:8043/v1/chat/completions "HTTP/1.1 200 OK"
QA Reading:  52%|█████▎    | 525/1000 [02:54<03:10,  2.49it/s]INFO:httpx:HTTP Request: POST http://localhost:8043/v1/chat/completions "HTTP/1.1 200 OK"
QA Reading:  53%|█████▎    | 527/1000 [02:55<02:33,  3.08it/s]INFO:httpx:HTTP Request: POST http://localhost:8043/v1/chat/completions "HTTP/1.1 200 OK"
QA Reading:  53%|█████▎    | 528/1000 [02:55<02:40,  2.94it/s]INFO:httpx:HTTP Request: POST http://localhost:8043/v1/chat/completions "HTTP/1.1 200 OK"
QA Reading:  53%|█████▎    | 529/1000 [02:56<02:54,  2.70it/s]INFO:httpx:HTTP Request: POST http://localhost:8043/v1/chat/completions "HTTP/1.1 200 OK"
QA Reading:  53%|█████▎    | 532/1000 [02:56<01:50,  4.23it/s]INFO:httpx:HTTP Request: POST http://localhost:8043/v1/chat/completions "HTTP/1.1 200 OK"
QA Reading:  54%|█████▍    | 538/1000 [02:56<01:00,  7.58it/s]INFO:httpx:HTTP Request: POST http://localhost:8043/v1/chat/completions "HTTP/1.1 200 OK"
QA Reading:  54%|█████▍    | 539/1000 [02:57<01:21,  5.67it/s]INFO:httpx:HTTP Request: POST http://localhost:8043/v1/chat/completions "HTTP/1.1 200 OK"
QA Reading:  54%|█████▍    | 540/1000 [02:57<01:51,  4.14it/s]INFO:httpx:HTTP Request: POST http://localhost:8043/v1/chat/completions "HTTP/1.1 200 OK"
QA Reading:  54%|█████▍    | 541/1000 [02:58<02:32,  3.01it/s]INFO:httpx:HTTP Request: POST http://localhost:8043/v1/chat/completions "HTTP/1.1 200 OK"
QA Reading:  54%|█████▍    | 543/1000 [02:59<02:45,  2.76it/s]INFO:httpx:HTTP Request: POST http://localhost:8043/v1/chat/completions "HTTP/1.1 200 OK"
QA Reading:  54%|█████▍    | 544/1000 [03:00<03:23,  2.24it/s]INFO:httpx:HTTP Request: POST http://localhost:8043/v1/chat/completions "HTTP/1.1 200 OK"
QA Reading:  55%|█████▍    | 546/1000 [03:00<02:45,  2.74it/s]INFO:httpx:HTTP Request: POST http://localhost:8043/v1/chat/completions "HTTP/1.1 200 OK"
QA Reading:  55%|█████▍    | 547/1000 [03:01<03:00,  2.52it/s]INFO:httpx:HTTP Request: POST http://localhost:8043/v1/chat/completions "HTTP/1.1 200 OK"
QA Reading:  55%|█████▍    | 548/1000 [03:01<02:57,  2.54it/s]INFO:httpx:HTTP Request: POST http://localhost:8043/v1/chat/completions "HTTP/1.1 200 OK"
QA Reading:  55%|█████▍    | 549/1000 [03:01<03:00,  2.49it/s]INFO:httpx:HTTP Request: POST http://localhost:8043/v1/chat/completions "HTTP/1.1 200 OK"
QA Reading:  55%|█████▌    | 551/1000 [03:02<02:32,  2.95it/s]INFO:httpx:HTTP Request: POST http://localhost:8043/v1/chat/completions "HTTP/1.1 200 OK"
QA Reading:  55%|█████▌    | 552/1000 [03:02<02:36,  2.87it/s]INFO:httpx:HTTP Request: POST http://localhost:8043/v1/chat/completions "HTTP/1.1 200 OK"
QA Reading:  55%|█████▌    | 553/1000 [03:03<02:34,  2.89it/s]INFO:httpx:HTTP Request: POST http://localhost:8043/v1/chat/completions "HTTP/1.1 200 OK"
QA Reading:  55%|█████▌    | 554/1000 [03:03<03:07,  2.37it/s]INFO:httpx:HTTP Request: POST http://localhost:8043/v1/chat/completions "HTTP/1.1 200 OK"
QA Reading:  56%|█████▌    | 555/1000 [03:04<04:26,  1.67it/s]INFO:httpx:HTTP Request: POST http://localhost:8043/v1/chat/completions "HTTP/1.1 200 OK"
QA Reading:  56%|█████▌    | 556/1000 [03:05<04:15,  1.74it/s]INFO:httpx:HTTP Request: POST http://localhost:8043/v1/chat/completions "HTTP/1.1 200 OK"
QA Reading:  56%|█████▌    | 557/1000 [03:05<03:48,  1.94it/s]INFO:httpx:HTTP Request: POST http://localhost:8043/v1/chat/completions "HTTP/1.1 200 OK"
QA Reading:  56%|█████▌    | 558/1000 [03:06<04:00,  1.84it/s]INFO:httpx:HTTP Request: POST http://localhost:8043/v1/chat/completions "HTTP/1.1 200 OK"
QA Reading:  56%|█████▌    | 559/1000 [03:07<04:13,  1.74it/s]INFO:httpx:HTTP Request: POST http://localhost:8043/v1/chat/completions "HTTP/1.1 200 OK"
QA Reading:  56%|█████▌    | 560/1000 [03:07<03:53,  1.89it/s]INFO:httpx:HTTP Request: POST http://localhost:8043/v1/chat/completions "HTTP/1.1 200 OK"
QA Reading:  56%|█████▌    | 561/1000 [03:07<03:48,  1.92it/s]INFO:httpx:HTTP Request: POST http://localhost:8043/v1/chat/completions "HTTP/1.1 200 OK"
QA Reading:  56%|█████▌    | 562/1000 [03:08<03:28,  2.10it/s]INFO:httpx:HTTP Request: POST http://localhost:8043/v1/chat/completions "HTTP/1.1 200 OK"
QA Reading:  56%|█████▋    | 563/1000 [03:09<03:55,  1.86it/s]INFO:httpx:HTTP Request: POST http://localhost:8043/v1/chat/completions "HTTP/1.1 200 OK"
QA Reading:  56%|█████▋    | 564/1000 [03:09<03:50,  1.89it/s]INFO:httpx:HTTP Request: POST http://localhost:8043/v1/chat/completions "HTTP/1.1 200 OK"
QA Reading:  57%|█████▋    | 566/1000 [03:10<02:48,  2.57it/s]INFO:httpx:HTTP Request: POST http://localhost:8043/v1/chat/completions "HTTP/1.1 200 OK"
QA Reading:  57%|█████▋    | 567/1000 [03:10<02:51,  2.52it/s]INFO:httpx:HTTP Request: POST http://localhost:8043/v1/chat/completions "HTTP/1.1 200 OK"
QA Reading:  57%|█████▋    | 568/1000 [03:11<03:24,  2.12it/s]INFO:httpx:HTTP Request: POST http://localhost:8043/v1/chat/completions "HTTP/1.1 200 OK"
QA Reading:  57%|█████▋    | 569/1000 [03:11<03:34,  2.01it/s]INFO:httpx:HTTP Request: POST http://localhost:8043/v1/chat/completions "HTTP/1.1 200 OK"
QA Reading:  57%|█████▋    | 570/1000 [03:12<03:25,  2.10it/s]INFO:httpx:HTTP Request: POST http://localhost:8043/v1/chat/completions "HTTP/1.1 200 OK"
QA Reading:  57%|█████▋    | 571/1000 [03:12<03:22,  2.12it/s]INFO:httpx:HTTP Request: POST http://localhost:8043/v1/chat/completions "HTTP/1.1 200 OK"
QA Reading:  57%|█████▋    | 572/1000 [03:13<03:37,  1.96it/s]INFO:httpx:HTTP Request: POST http://localhost:8043/v1/chat/completions "HTTP/1.1 200 OK"
QA Reading:  57%|█████▋    | 573/1000 [03:13<03:28,  2.05it/s]INFO:httpx:HTTP Request: POST http://localhost:8043/v1/chat/completions "HTTP/1.1 200 OK"
QA Reading:  57%|█████▋    | 574/1000 [03:14<03:56,  1.80it/s]INFO:httpx:HTTP Request: POST http://localhost:8043/v1/chat/completions "HTTP/1.1 200 OK"
QA Reading:  57%|█████▊    | 575/1000 [03:14<03:38,  1.95it/s]INFO:httpx:HTTP Request: POST http://localhost:8043/v1/chat/completions "HTTP/1.1 200 OK"
QA Reading:  58%|█████▊    | 576/1000 [03:15<04:13,  1.67it/s]INFO:httpx:HTTP Request: POST http://localhost:8043/v1/chat/completions "HTTP/1.1 200 OK"
QA Reading:  58%|█████▊    | 577/1000 [03:15<03:41,  1.91it/s]INFO:httpx:HTTP Request: POST http://localhost:8043/v1/chat/completions "HTTP/1.1 200 OK"
QA Reading:  58%|█████▊    | 578/1000 [03:16<03:38,  1.93it/s]INFO:httpx:HTTP Request: POST http://localhost:8043/v1/chat/completions "HTTP/1.1 200 OK"
QA Reading:  58%|█████▊    | 580/1000 [03:16<02:56,  2.38it/s]INFO:httpx:HTTP Request: POST http://localhost:8043/v1/chat/completions "HTTP/1.1 200 OK"
QA Reading:  58%|█████▊    | 581/1000 [03:17<03:14,  2.15it/s]INFO:httpx:HTTP Request: POST http://localhost:8043/v1/chat/completions "HTTP/1.1 200 OK"
QA Reading:  58%|█████▊    | 582/1000 [03:17<03:08,  2.22it/s]INFO:httpx:HTTP Request: POST http://localhost:8043/v1/chat/completions "HTTP/1.1 200 OK"
QA Reading:  58%|█████▊    | 583/1000 [03:18<03:09,  2.20it/s]INFO:httpx:HTTP Request: POST http://localhost:8043/v1/chat/completions "HTTP/1.1 200 OK"
QA Reading:  58%|█████▊    | 584/1000 [03:19<03:41,  1.88it/s]INFO:httpx:HTTP Request: POST http://localhost:8043/v1/chat/completions "HTTP/1.1 200 OK"
QA Reading:  58%|█████▊    | 585/1000 [03:19<03:33,  1.95it/s]INFO:httpx:HTTP Request: POST http://localhost:8043/v1/chat/completions "HTTP/1.1 200 OK"
QA Reading:  59%|█████▊    | 587/1000 [03:20<02:54,  2.36it/s]INFO:httpx:HTTP Request: POST http://localhost:8043/v1/chat/completions "HTTP/1.1 200 OK"
QA Reading:  59%|█████▉    | 588/1000 [03:20<02:56,  2.34it/s]INFO:httpx:HTTP Request: POST http://localhost:8043/v1/chat/completions "HTTP/1.1 200 OK"
QA Reading:  59%|█████▉    | 589/1000 [03:21<02:59,  2.29it/s]INFO:httpx:HTTP Request: POST http://localhost:8043/v1/chat/completions "HTTP/1.1 200 OK"
QA Reading:  59%|█████▉    | 590/1000 [03:21<03:33,  1.92it/s]INFO:httpx:HTTP Request: POST http://localhost:8043/v1/chat/completions "HTTP/1.1 200 OK"
QA Reading:  59%|█████▉    | 592/1000 [03:22<02:37,  2.59it/s]INFO:httpx:HTTP Request: POST http://localhost:8043/v1/chat/completions "HTTP/1.1 200 OK"
QA Reading:  59%|█████▉    | 593/1000 [03:22<02:38,  2.57it/s]INFO:httpx:HTTP Request: POST http://localhost:8043/v1/chat/completions "HTTP/1.1 200 OK"
QA Reading:  59%|█████▉    | 594/1000 [03:23<02:58,  2.27it/s]INFO:httpx:HTTP Request: POST http://localhost:8043/v1/chat/completions "HTTP/1.1 200 OK"
QA Reading:  60%|█████▉    | 595/1000 [03:23<02:49,  2.39it/s]INFO:httpx:HTTP Request: POST http://localhost:8043/v1/chat/completions "HTTP/1.1 200 OK"
QA Reading:  60%|█████▉    | 596/1000 [03:24<02:47,  2.41it/s]INFO:httpx:HTTP Request: POST http://localhost:8043/v1/chat/completions "HTTP/1.1 200 OK"
QA Reading:  60%|█████▉    | 598/1000 [03:24<02:06,  3.18it/s]INFO:httpx:HTTP Request: POST http://localhost:8043/v1/chat/completions "HTTP/1.1 200 OK"
QA Reading:  60%|█████▉    | 599/1000 [03:24<02:21,  2.83it/s]INFO:httpx:HTTP Request: POST http://localhost:8043/v1/chat/completions "HTTP/1.1 200 OK"
QA Reading:  60%|██████    | 601/1000 [03:25<02:41,  2.47it/s]INFO:httpx:HTTP Request: POST http://localhost:8043/v1/chat/completions "HTTP/1.1 200 OK"
QA Reading:  60%|██████    | 602/1000 [03:26<02:29,  2.67it/s]INFO:httpx:HTTP Request: POST http://localhost:8043/v1/chat/completions "HTTP/1.1 200 OK"
QA Reading:  60%|██████    | 603/1000 [03:26<02:41,  2.45it/s]INFO:httpx:HTTP Request: POST http://localhost:8043/v1/chat/completions "HTTP/1.1 200 OK"
QA Reading:  60%|██████    | 604/1000 [03:27<03:10,  2.07it/s]INFO:httpx:HTTP Request: POST http://localhost:8043/v1/chat/completions "HTTP/1.1 200 OK"
QA Reading:  61%|██████    | 606/1000 [03:27<02:29,  2.63it/s]INFO:httpx:HTTP Request: POST http://localhost:8043/v1/chat/completions "HTTP/1.1 200 OK"
QA Reading:  61%|██████    | 607/1000 [03:28<02:41,  2.44it/s]INFO:httpx:HTTP Request: POST http://localhost:8043/v1/chat/completions "HTTP/1.1 200 OK"
QA Reading:  61%|██████    | 608/1000 [03:29<03:02,  2.15it/s]INFO:httpx:HTTP Request: POST http://localhost:8043/v1/chat/completions "HTTP/1.1 200 OK"
QA Reading:  61%|██████    | 609/1000 [03:29<03:28,  1.88it/s]INFO:httpx:HTTP Request: POST http://localhost:8043/v1/chat/completions "HTTP/1.1 200 OK"
QA Reading:  61%|██████    | 610/1000 [03:30<03:11,  2.04it/s]INFO:httpx:HTTP Request: POST http://localhost:8043/v1/chat/completions "HTTP/1.1 200 OK"
QA Reading:  61%|██████    | 611/1000 [03:30<03:03,  2.13it/s]INFO:httpx:HTTP Request: POST http://localhost:8043/v1/chat/completions "HTTP/1.1 200 OK"
QA Reading:  61%|██████▏   | 613/1000 [03:31<02:24,  2.67it/s]INFO:httpx:HTTP Request: POST http://localhost:8043/v1/chat/completions "HTTP/1.1 200 OK"
QA Reading:  62%|██████▏   | 615/1000 [03:31<01:57,  3.28it/s]INFO:httpx:HTTP Request: POST http://localhost:8043/v1/chat/completions "HTTP/1.1 200 OK"
QA Reading:  62%|██████▏   | 618/1000 [03:31<01:25,  4.45it/s]INFO:httpx:HTTP Request: POST http://localhost:8043/v1/chat/completions "HTTP/1.1 200 OK"
QA Reading:  62%|██████▏   | 619/1000 [03:32<01:32,  4.10it/s]INFO:httpx:HTTP Request: POST http://localhost:8043/v1/chat/completions "HTTP/1.1 200 OK"
QA Reading:  62%|██████▏   | 621/1000 [03:32<01:45,  3.58it/s]INFO:httpx:HTTP Request: POST http://localhost:8043/v1/chat/completions "HTTP/1.1 200 OK"
QA Reading:  62%|██████▏   | 622/1000 [03:33<02:04,  3.03it/s]INFO:httpx:HTTP Request: POST http://localhost:8043/v1/chat/completions "HTTP/1.1 200 OK"
QA Reading:  62%|██████▏   | 623/1000 [03:34<02:31,  2.49it/s]INFO:httpx:HTTP Request: POST http://localhost:8043/v1/chat/completions "HTTP/1.1 200 OK"
QA Reading:  62%|██████▏   | 624/1000 [03:34<02:32,  2.46it/s]INFO:httpx:HTTP Request: POST http://localhost:8043/v1/chat/completions "HTTP/1.1 200 OK"
QA Reading:  62%|██████▎   | 625/1000 [03:35<03:39,  1.71it/s]INFO:httpx:HTTP Request: POST http://localhost:8043/v1/chat/completions "HTTP/1.1 200 OK"
QA Reading:  63%|██████▎   | 626/1000 [03:36<03:22,  1.84it/s]INFO:httpx:HTTP Request: POST http://localhost:8043/v1/chat/completions "HTTP/1.1 200 OK"
QA Reading:  63%|██████▎   | 627/1000 [03:36<03:18,  1.88it/s]INFO:httpx:HTTP Request: POST http://localhost:8043/v1/chat/completions "HTTP/1.1 200 OK"
QA Reading:  63%|██████▎   | 628/1000 [03:37<03:23,  1.83it/s]INFO:httpx:HTTP Request: POST http://localhost:8043/v1/chat/completions "HTTP/1.1 200 OK"
QA Reading:  63%|██████▎   | 629/1000 [03:37<03:35,  1.73it/s]INFO:httpx:HTTP Request: POST http://localhost:8043/v1/chat/completions "HTTP/1.1 200 OK"
QA Reading:  63%|██████▎   | 631/1000 [03:38<02:33,  2.40it/s]INFO:httpx:HTTP Request: POST http://localhost:8043/v1/chat/completions "HTTP/1.1 200 OK"
QA Reading:  63%|██████▎   | 632/1000 [03:38<02:20,  2.62it/s]INFO:httpx:HTTP Request: POST http://localhost:8043/v1/chat/completions "HTTP/1.1 200 OK"
QA Reading:  63%|██████▎   | 633/1000 [03:39<02:44,  2.23it/s]INFO:httpx:HTTP Request: POST http://localhost:8043/v1/chat/completions "HTTP/1.1 200 OK"
QA Reading:  63%|██████▎   | 634/1000 [03:39<02:43,  2.24it/s]INFO:httpx:HTTP Request: POST http://localhost:8043/v1/chat/completions "HTTP/1.1 200 OK"
QA Reading:  64%|██████▎   | 635/1000 [03:40<03:04,  1.98it/s]INFO:httpx:HTTP Request: POST http://localhost:8043/v1/chat/completions "HTTP/1.1 200 OK"
QA Reading:  64%|██████▎   | 636/1000 [03:40<03:13,  1.88it/s]INFO:httpx:HTTP Request: POST http://localhost:8043/v1/chat/completions "HTTP/1.1 200 OK"
QA Reading:  64%|██████▎   | 637/1000 [03:41<02:52,  2.10it/s]INFO:httpx:HTTP Request: POST http://localhost:8043/v1/chat/completions "HTTP/1.1 200 OK"
QA Reading:  64%|██████▍   | 639/1000 [03:41<02:21,  2.56it/s]INFO:httpx:HTTP Request: POST http://localhost:8043/v1/chat/completions "HTTP/1.1 200 OK"
QA Reading:  64%|██████▍   | 641/1000 [03:42<01:50,  3.24it/s]INFO:httpx:HTTP Request: POST http://localhost:8043/v1/chat/completions "HTTP/1.1 200 OK"
QA Reading:  64%|██████▍   | 642/1000 [03:42<02:02,  2.93it/s]INFO:httpx:HTTP Request: POST http://localhost:8043/v1/chat/completions "HTTP/1.1 200 OK"
QA Reading:  64%|██████▍   | 643/1000 [03:42<02:04,  2.86it/s]INFO:httpx:HTTP Request: POST http://localhost:8043/v1/chat/completions "HTTP/1.1 200 OK"
QA Reading:  64%|██████▍   | 644/1000 [03:43<01:58,  3.00it/s]INFO:httpx:HTTP Request: POST http://localhost:8043/v1/chat/completions "HTTP/1.1 200 OK"
QA Reading:  64%|██████▍   | 645/1000 [03:43<02:00,  2.94it/s]INFO:httpx:HTTP Request: POST http://localhost:8043/v1/chat/completions "HTTP/1.1 200 OK"
QA Reading:  65%|██████▍   | 646/1000 [03:43<02:02,  2.88it/s]INFO:httpx:HTTP Request: POST http://localhost:8043/v1/chat/completions "HTTP/1.1 200 OK"
QA Reading:  65%|██████▍   | 647/1000 [03:44<02:28,  2.37it/s]INFO:httpx:HTTP Request: POST http://localhost:8043/v1/chat/completions "HTTP/1.1 200 OK"
QA Reading:  65%|██████▍   | 648/1000 [03:44<02:30,  2.34it/s]INFO:httpx:HTTP Request: POST http://localhost:8043/v1/chat/completions "HTTP/1.1 200 OK"
QA Reading:  65%|██████▍   | 649/1000 [03:45<02:20,  2.49it/s]INFO:httpx:HTTP Request: POST http://localhost:8043/v1/chat/completions "HTTP/1.1 200 OK"
QA Reading:  65%|██████▌   | 650/1000 [03:45<02:41,  2.16it/s]INFO:httpx:HTTP Request: POST http://localhost:8043/v1/chat/completions "HTTP/1.1 200 OK"
QA Reading:  65%|██████▌   | 651/1000 [03:46<03:22,  1.72it/s]INFO:httpx:HTTP Request: POST http://localhost:8043/v1/chat/completions "HTTP/1.1 200 OK"
QA Reading:  65%|██████▌   | 652/1000 [03:47<03:07,  1.85it/s]INFO:httpx:HTTP Request: POST http://localhost:8043/v1/chat/completions "HTTP/1.1 200 OK"
QA Reading:  65%|██████▌   | 654/1000 [03:47<02:20,  2.46it/s]INFO:httpx:HTTP Request: POST http://localhost:8043/v1/chat/completions "HTTP/1.1 200 OK"
QA Reading:  66%|██████▌   | 655/1000 [03:48<02:23,  2.41it/s]INFO:httpx:HTTP Request: POST http://localhost:8043/v1/chat/completions "HTTP/1.1 200 OK"
QA Reading:  66%|██████▌   | 657/1000 [03:48<01:51,  3.07it/s]INFO:httpx:HTTP Request: POST http://localhost:8043/v1/chat/completions "HTTP/1.1 200 OK"
QA Reading:  66%|██████▌   | 658/1000 [03:49<02:19,  2.44it/s]INFO:httpx:HTTP Request: POST http://localhost:8043/v1/chat/completions "HTTP/1.1 200 OK"
QA Reading:  66%|██████▌   | 659/1000 [03:49<02:34,  2.21it/s]INFO:httpx:HTTP Request: POST http://localhost:8043/v1/chat/completions "HTTP/1.1 200 OK"
QA Reading:  66%|██████▌   | 660/1000 [03:50<02:57,  1.92it/s]INFO:httpx:HTTP Request: POST http://localhost:8043/v1/chat/completions "HTTP/1.1 200 OK"
QA Reading:  66%|██████▌   | 661/1000 [03:50<02:33,  2.20it/s]INFO:httpx:HTTP Request: POST http://localhost:8043/v1/chat/completions "HTTP/1.1 200 OK"
QA Reading:  66%|██████▌   | 662/1000 [03:51<02:35,  2.17it/s]INFO:httpx:HTTP Request: POST http://localhost:8043/v1/chat/completions "HTTP/1.1 200 OK"
QA Reading:  66%|██████▋   | 663/1000 [03:51<02:47,  2.01it/s]INFO:httpx:HTTP Request: POST http://localhost:8043/v1/chat/completions "HTTP/1.1 200 OK"
QA Reading:  66%|██████▋   | 664/1000 [03:52<02:55,  1.91it/s]INFO:httpx:HTTP Request: POST http://localhost:8043/v1/chat/completions "HTTP/1.1 200 OK"
QA Reading:  67%|██████▋   | 667/1000 [03:52<01:47,  3.09it/s]INFO:httpx:HTTP Request: POST http://localhost:8043/v1/chat/completions "HTTP/1.1 200 OK"
QA Reading:  67%|██████▋   | 668/1000 [03:53<01:55,  2.88it/s]INFO:httpx:HTTP Request: POST http://localhost:8043/v1/chat/completions "HTTP/1.1 200 OK"
QA Reading:  67%|██████▋   | 669/1000 [03:54<02:25,  2.28it/s]INFO:httpx:HTTP Request: POST http://localhost:8043/v1/chat/completions "HTTP/1.1 200 OK"
QA Reading:  67%|██████▋   | 670/1000 [03:54<02:21,  2.33it/s]INFO:httpx:HTTP Request: POST http://localhost:8043/v1/chat/completions "HTTP/1.1 200 OK"
QA Reading:  67%|██████▋   | 671/1000 [03:54<02:08,  2.57it/s]INFO:httpx:HTTP Request: POST http://localhost:8043/v1/chat/completions "HTTP/1.1 200 OK"
QA Reading:  67%|██████▋   | 672/1000 [03:55<02:27,  2.22it/s]INFO:httpx:HTTP Request: POST http://localhost:8043/v1/chat/completions "HTTP/1.1 200 OK"
QA Reading:  67%|██████▋   | 673/1000 [03:55<02:23,  2.27it/s]INFO:httpx:HTTP Request: POST http://localhost:8043/v1/chat/completions "HTTP/1.1 200 OK"
QA Reading:  67%|██████▋   | 674/1000 [03:56<02:22,  2.29it/s]INFO:httpx:HTTP Request: POST http://localhost:8043/v1/chat/completions "HTTP/1.1 200 OK"
QA Reading:  68%|██████▊   | 675/1000 [03:56<02:15,  2.41it/s]INFO:httpx:HTTP Request: POST http://localhost:8043/v1/chat/completions "HTTP/1.1 200 OK"
QA Reading:  68%|██████▊   | 676/1000 [03:57<02:10,  2.48it/s]INFO:httpx:HTTP Request: POST http://localhost:8043/v1/chat/completions "HTTP/1.1 200 OK"
QA Reading:  68%|██████▊   | 678/1000 [03:57<01:50,  2.92it/s]INFO:httpx:HTTP Request: POST http://localhost:8043/v1/chat/completions "HTTP/1.1 200 OK"
QA Reading:  68%|██████▊   | 680/1000 [03:58<01:35,  3.35it/s]INFO:httpx:HTTP Request: POST http://localhost:8043/v1/chat/completions "HTTP/1.1 200 OK"
QA Reading:  68%|██████▊   | 681/1000 [03:58<01:44,  3.04it/s]INFO:httpx:HTTP Request: POST http://localhost:8043/v1/chat/completions "HTTP/1.1 200 OK"
QA Reading:  68%|██████▊   | 682/1000 [03:58<01:58,  2.69it/s]INFO:httpx:HTTP Request: POST http://localhost:8043/v1/chat/completions "HTTP/1.1 200 OK"
QA Reading:  68%|██████▊   | 683/1000 [03:59<02:09,  2.44it/s]INFO:httpx:HTTP Request: POST http://localhost:8043/v1/chat/completions "HTTP/1.1 200 OK"
QA Reading:  68%|██████▊   | 684/1000 [03:59<02:11,  2.40it/s]INFO:httpx:HTTP Request: POST http://localhost:8043/v1/chat/completions "HTTP/1.1 200 OK"
QA Reading:  68%|██████▊   | 685/1000 [04:00<02:08,  2.45it/s]INFO:httpx:HTTP Request: POST http://localhost:8043/v1/chat/completions "HTTP/1.1 200 OK"
QA Reading:  69%|██████▊   | 686/1000 [04:00<02:12,  2.37it/s]INFO:httpx:HTTP Request: POST http://localhost:8043/v1/chat/completions "HTTP/1.1 200 OK"
QA Reading:  69%|██████▊   | 687/1000 [04:01<02:34,  2.03it/s]INFO:httpx:HTTP Request: POST http://localhost:8043/v1/chat/completions "HTTP/1.1 200 OK"
QA Reading:  69%|██████▉   | 688/1000 [04:02<02:51,  1.82it/s]INFO:httpx:HTTP Request: POST http://localhost:8043/v1/chat/completions "HTTP/1.1 200 OK"
QA Reading:  69%|██████▉   | 689/1000 [04:02<02:37,  1.97it/s]INFO:httpx:HTTP Request: POST http://localhost:8043/v1/chat/completions "HTTP/1.1 200 OK"
QA Reading:  69%|██████▉   | 690/1000 [04:03<02:34,  2.01it/s]INFO:httpx:HTTP Request: POST http://localhost:8043/v1/chat/completions "HTTP/1.1 200 OK"
QA Reading:  69%|██████▉   | 691/1000 [04:03<02:40,  1.93it/s]INFO:httpx:HTTP Request: POST http://localhost:8043/v1/chat/completions "HTTP/1.1 200 OK"
QA Reading:  69%|██████▉   | 692/1000 [04:04<02:39,  1.94it/s]INFO:httpx:HTTP Request: POST http://localhost:8043/v1/chat/completions "HTTP/1.1 200 OK"
QA Reading:  69%|██████▉   | 694/1000 [04:04<01:53,  2.69it/s]INFO:httpx:HTTP Request: POST http://localhost:8043/v1/chat/completions "HTTP/1.1 200 OK"
QA Reading:  70%|██████▉   | 695/1000 [04:05<02:03,  2.46it/s]INFO:httpx:HTTP Request: POST http://localhost:8043/v1/chat/completions "HTTP/1.1 200 OK"
QA Reading:  70%|██████▉   | 696/1000 [04:05<02:27,  2.07it/s]INFO:httpx:HTTP Request: POST http://localhost:8043/v1/chat/completions "HTTP/1.1 200 OK"
QA Reading:  70%|██████▉   | 697/1000 [04:06<02:47,  1.81it/s]INFO:httpx:HTTP Request: POST http://localhost:8043/v1/chat/completions "HTTP/1.1 200 OK"
QA Reading:  70%|██████▉   | 698/1000 [04:06<02:36,  1.93it/s]INFO:httpx:HTTP Request: POST http://localhost:8043/v1/chat/completions "HTTP/1.1 200 OK"
QA Reading:  70%|██████▉   | 699/1000 [04:07<02:22,  2.12it/s]INFO:httpx:HTTP Request: POST http://localhost:8043/v1/chat/completions "HTTP/1.1 200 OK"
QA Reading:  70%|███████   | 700/1000 [04:07<02:20,  2.14it/s]INFO:httpx:HTTP Request: POST http://localhost:8043/v1/chat/completions "HTTP/1.1 200 OK"
QA Reading:  70%|███████   | 701/1000 [04:08<02:22,  2.10it/s]INFO:httpx:HTTP Request: POST http://localhost:8043/v1/chat/completions "HTTP/1.1 200 OK"
QA Reading:  70%|███████   | 702/1000 [04:08<02:06,  2.36it/s]INFO:httpx:HTTP Request: POST http://localhost:8043/v1/chat/completions "HTTP/1.1 200 OK"
QA Reading:  70%|███████   | 703/1000 [04:09<02:13,  2.23it/s]INFO:httpx:HTTP Request: POST http://localhost:8043/v1/chat/completions "HTTP/1.1 200 OK"
QA Reading:  70%|███████   | 704/1000 [04:09<02:07,  2.32it/s]INFO:httpx:HTTP Request: POST http://localhost:8043/v1/chat/completions "HTTP/1.1 200 OK"
QA Reading:  70%|███████   | 705/1000 [04:09<02:00,  2.44it/s]INFO:httpx:HTTP Request: POST http://localhost:8043/v1/chat/completions "HTTP/1.1 200 OK"
QA Reading:  71%|███████   | 706/1000 [04:10<02:21,  2.07it/s]INFO:httpx:HTTP Request: POST http://localhost:8043/v1/chat/completions "HTTP/1.1 200 OK"
QA Reading:  71%|███████   | 707/1000 [04:10<02:13,  2.20it/s]INFO:httpx:HTTP Request: POST http://localhost:8043/v1/chat/completions "HTTP/1.1 200 OK"
QA Reading:  71%|███████   | 708/1000 [04:11<02:05,  2.32it/s]INFO:httpx:HTTP Request: POST http://localhost:8043/v1/chat/completions "HTTP/1.1 200 OK"
QA Reading:  71%|███████   | 709/1000 [04:11<02:13,  2.18it/s]INFO:httpx:HTTP Request: POST http://localhost:8043/v1/chat/completions "HTTP/1.1 200 OK"
QA Reading:  71%|███████   | 710/1000 [04:12<02:33,  1.89it/s]INFO:httpx:HTTP Request: POST http://localhost:8043/v1/chat/completions "HTTP/1.1 200 OK"
QA Reading:  71%|███████▏  | 713/1000 [04:12<01:33,  3.07it/s]INFO:httpx:HTTP Request: POST http://localhost:8043/v1/chat/completions "HTTP/1.1 200 OK"
QA Reading:  71%|███████▏  | 714/1000 [04:13<01:45,  2.70it/s]INFO:httpx:HTTP Request: POST http://localhost:8043/v1/chat/completions "HTTP/1.1 200 OK"
QA Reading:  72%|███████▏  | 715/1000 [04:14<02:04,  2.29it/s]INFO:httpx:HTTP Request: POST http://localhost:8043/v1/chat/completions "HTTP/1.1 200 OK"
QA Reading:  72%|███████▏  | 716/1000 [04:14<02:17,  2.07it/s]INFO:httpx:HTTP Request: POST http://localhost:8043/v1/chat/completions "HTTP/1.1 200 OK"
QA Reading:  72%|███████▏  | 717/1000 [04:15<02:09,  2.18it/s]INFO:httpx:HTTP Request: POST http://localhost:8043/v1/chat/completions "HTTP/1.1 200 OK"
QA Reading:  72%|███████▏  | 719/1000 [04:16<02:17,  2.04it/s]INFO:httpx:HTTP Request: POST http://localhost:8043/v1/chat/completions "HTTP/1.1 200 OK"
QA Reading:  72%|███████▏  | 720/1000 [04:16<02:24,  1.94it/s]INFO:httpx:HTTP Request: POST http://localhost:8043/v1/chat/completions "HTTP/1.1 200 OK"
QA Reading:  72%|███████▏  | 721/1000 [04:17<02:17,  2.04it/s]INFO:httpx:HTTP Request: POST http://localhost:8043/v1/chat/completions "HTTP/1.1 200 OK"
QA Reading:  72%|███████▏  | 722/1000 [04:17<02:33,  1.81it/s]INFO:httpx:HTTP Request: POST http://localhost:8043/v1/chat/completions "HTTP/1.1 200 OK"
QA Reading:  72%|███████▏  | 723/1000 [04:18<02:51,  1.62it/s]INFO:httpx:HTTP Request: POST http://localhost:8043/v1/chat/completions "HTTP/1.1 200 OK"
QA Reading:  72%|███████▏  | 724/1000 [04:19<02:45,  1.67it/s]INFO:httpx:HTTP Request: POST http://localhost:8043/v1/chat/completions "HTTP/1.1 200 OK"
QA Reading:  72%|███████▎  | 725/1000 [04:19<02:37,  1.74it/s]INFO:httpx:HTTP Request: POST http://localhost:8043/v1/chat/completions "HTTP/1.1 200 OK"
QA Reading:  73%|███████▎  | 726/1000 [04:20<02:31,  1.80it/s]INFO:httpx:HTTP Request: POST http://localhost:8043/v1/chat/completions "HTTP/1.1 200 OK"
QA Reading:  73%|███████▎  | 727/1000 [04:21<02:49,  1.61it/s]INFO:httpx:HTTP Request: POST http://localhost:8043/v1/chat/completions "HTTP/1.1 200 OK"
QA Reading:  73%|███████▎  | 728/1000 [04:22<03:46,  1.20it/s]INFO:httpx:HTTP Request: POST http://localhost:8043/v1/chat/completions "HTTP/1.1 200 OK"
QA Reading:  73%|███████▎  | 729/1000 [04:22<03:21,  1.35it/s]INFO:httpx:HTTP Request: POST http://localhost:8043/v1/chat/completions "HTTP/1.1 200 OK"
QA Reading:  73%|███████▎  | 730/1000 [04:23<03:06,  1.45it/s]INFO:httpx:HTTP Request: POST http://localhost:8043/v1/chat/completions "HTTP/1.1 200 OK"
QA Reading:  73%|███████▎  | 731/1000 [04:24<03:03,  1.47it/s]INFO:httpx:HTTP Request: POST http://localhost:8043/v1/chat/completions "HTTP/1.1 200 OK"
QA Reading:  73%|███████▎  | 732/1000 [04:24<02:40,  1.67it/s]INFO:httpx:HTTP Request: POST http://localhost:8043/v1/chat/completions "HTTP/1.1 200 OK"
QA Reading:  73%|███████▎  | 733/1000 [04:26<04:01,  1.11it/s]INFO:httpx:HTTP Request: POST http://localhost:8043/v1/chat/completions "HTTP/1.1 200 OK"
QA Reading:  73%|███████▎  | 734/1000 [04:26<03:27,  1.28it/s]INFO:httpx:HTTP Request: POST http://localhost:8043/v1/chat/completions "HTTP/1.1 200 OK"
QA Reading:  74%|███████▎  | 735/1000 [04:26<02:51,  1.55it/s]INFO:httpx:HTTP Request: POST http://localhost:8043/v1/chat/completions "HTTP/1.1 200 OK"
QA Reading:  74%|███████▎  | 736/1000 [04:27<02:27,  1.79it/s]INFO:httpx:HTTP Request: POST http://localhost:8043/v1/chat/completions "HTTP/1.1 200 OK"
QA Reading:  74%|███████▍  | 738/1000 [04:27<01:46,  2.47it/s]INFO:httpx:HTTP Request: POST http://localhost:8043/v1/chat/completions "HTTP/1.1 200 OK"
QA Reading:  74%|███████▍  | 739/1000 [04:28<01:41,  2.57it/s]INFO:httpx:HTTP Request: POST http://localhost:8043/v1/chat/completions "HTTP/1.1 200 OK"
QA Reading:  74%|███████▍  | 740/1000 [04:28<01:43,  2.51it/s]INFO:httpx:HTTP Request: POST http://localhost:8043/v1/chat/completions "HTTP/1.1 200 OK"
QA Reading:  74%|███████▍  | 741/1000 [04:28<01:38,  2.62it/s]INFO:httpx:HTTP Request: POST http://localhost:8043/v1/chat/completions "HTTP/1.1 200 OK"
QA Reading:  74%|███████▍  | 742/1000 [04:29<01:49,  2.35it/s]INFO:httpx:HTTP Request: POST http://localhost:8043/v1/chat/completions "HTTP/1.1 200 OK"
QA Reading:  74%|███████▍  | 743/1000 [04:30<02:00,  2.14it/s]INFO:httpx:HTTP Request: POST http://localhost:8043/v1/chat/completions "HTTP/1.1 200 OK"
QA Reading:  74%|███████▍  | 744/1000 [04:30<02:02,  2.08it/s]INFO:httpx:HTTP Request: POST http://localhost:8043/v1/chat/completions "HTTP/1.1 200 OK"
QA Reading:  74%|███████▍  | 745/1000 [04:30<01:57,  2.17it/s]INFO:httpx:HTTP Request: POST http://localhost:8043/v1/chat/completions "HTTP/1.1 200 OK"
QA Reading:  75%|███████▍  | 746/1000 [04:31<01:58,  2.15it/s]INFO:httpx:HTTP Request: POST http://localhost:8043/v1/chat/completions "HTTP/1.1 200 OK"
QA Reading:  75%|███████▍  | 747/1000 [04:31<01:59,  2.12it/s]INFO:httpx:HTTP Request: POST http://localhost:8043/v1/chat/completions "HTTP/1.1 200 OK"
QA Reading:  75%|███████▍  | 748/1000 [04:32<02:06,  1.99it/s]INFO:httpx:HTTP Request: POST http://localhost:8043/v1/chat/completions "HTTP/1.1 200 OK"
QA Reading:  75%|███████▍  | 749/1000 [04:33<02:10,  1.92it/s]INFO:httpx:HTTP Request: POST http://localhost:8043/v1/chat/completions "HTTP/1.1 200 OK"
QA Reading:  75%|███████▌  | 750/1000 [04:33<02:15,  1.85it/s]INFO:httpx:HTTP Request: POST http://localhost:8043/v1/chat/completions "HTTP/1.1 200 OK"
QA Reading:  75%|███████▌  | 753/1000 [04:34<01:17,  3.17it/s]INFO:httpx:HTTP Request: POST http://localhost:8043/v1/chat/completions "HTTP/1.1 200 OK"
QA Reading:  75%|███████▌  | 754/1000 [04:35<01:52,  2.19it/s]INFO:httpx:HTTP Request: POST http://localhost:8043/v1/chat/completions "HTTP/1.1 200 OK"
QA Reading:  76%|███████▌  | 755/1000 [04:35<02:01,  2.01it/s]INFO:httpx:HTTP Request: POST http://localhost:8043/v1/chat/completions "HTTP/1.1 200 OK"
QA Reading:  76%|███████▌  | 757/1000 [04:36<01:31,  2.66it/s]INFO:httpx:HTTP Request: POST http://localhost:8043/v1/chat/completions "HTTP/1.1 200 OK"
QA Reading:  76%|███████▌  | 758/1000 [04:36<01:31,  2.65it/s]INFO:httpx:HTTP Request: POST http://localhost:8043/v1/chat/completions "HTTP/1.1 200 OK"
QA Reading:  76%|███████▌  | 759/1000 [04:36<01:38,  2.45it/s]INFO:httpx:HTTP Request: POST http://localhost:8043/v1/chat/completions "HTTP/1.1 200 OK"
QA Reading:  76%|███████▌  | 760/1000 [04:37<02:00,  1.99it/s]INFO:httpx:HTTP Request: POST http://localhost:8043/v1/chat/completions "HTTP/1.1 200 OK"
QA Reading:  76%|███████▌  | 761/1000 [04:38<02:10,  1.83it/s]INFO:httpx:HTTP Request: POST http://localhost:8043/v1/chat/completions "HTTP/1.1 200 OK"
QA Reading:  76%|███████▌  | 762/1000 [04:39<02:50,  1.39it/s]INFO:httpx:HTTP Request: POST http://localhost:8043/v1/chat/completions "HTTP/1.1 200 OK"
QA Reading:  76%|███████▋  | 763/1000 [04:39<02:29,  1.58it/s]INFO:httpx:HTTP Request: POST http://localhost:8043/v1/chat/completions "HTTP/1.1 200 OK"
QA Reading:  76%|███████▋  | 764/1000 [04:40<02:07,  1.85it/s]INFO:httpx:HTTP Request: POST http://localhost:8043/v1/chat/completions "HTTP/1.1 200 OK"
QA Reading:  76%|███████▋  | 765/1000 [04:40<01:56,  2.01it/s]INFO:httpx:HTTP Request: POST http://localhost:8043/v1/chat/completions "HTTP/1.1 200 OK"
QA Reading:  77%|███████▋  | 766/1000 [04:41<01:53,  2.06it/s]INFO:httpx:HTTP Request: POST http://localhost:8043/v1/chat/completions "HTTP/1.1 200 OK"
QA Reading:  77%|███████▋  | 767/1000 [04:41<01:55,  2.02it/s]INFO:httpx:HTTP Request: POST http://localhost:8043/v1/chat/completions "HTTP/1.1 200 OK"
QA Reading:  77%|███████▋  | 769/1000 [04:42<01:27,  2.63it/s]INFO:httpx:HTTP Request: POST http://localhost:8043/v1/chat/completions "HTTP/1.1 200 OK"
QA Reading:  77%|███████▋  | 770/1000 [04:42<01:35,  2.41it/s]INFO:httpx:HTTP Request: POST http://localhost:8043/v1/chat/completions "HTTP/1.1 200 OK"
QA Reading:  77%|███████▋  | 772/1000 [04:43<01:20,  2.84it/s]INFO:httpx:HTTP Request: POST http://localhost:8043/v1/chat/completions "HTTP/1.1 200 OK"
QA Reading:  77%|███████▋  | 773/1000 [04:43<01:36,  2.35it/s]INFO:httpx:HTTP Request: POST http://localhost:8043/v1/chat/completions "HTTP/1.1 200 OK"
QA Reading:  77%|███████▋  | 774/1000 [04:44<01:36,  2.35it/s]INFO:httpx:HTTP Request: POST http://localhost:8043/v1/chat/completions "HTTP/1.1 200 OK"
QA Reading:  78%|███████▊  | 775/1000 [04:44<01:40,  2.25it/s]INFO:httpx:HTTP Request: POST http://localhost:8043/v1/chat/completions "HTTP/1.1 200 OK"
QA Reading:  78%|███████▊  | 776/1000 [04:45<01:38,  2.26it/s]INFO:httpx:HTTP Request: POST http://localhost:8043/v1/chat/completions "HTTP/1.1 200 OK"
QA Reading:  78%|███████▊  | 777/1000 [04:45<01:39,  2.23it/s]INFO:httpx:HTTP Request: POST http://localhost:8043/v1/chat/completions "HTTP/1.1 200 OK"
QA Reading:  78%|███████▊  | 778/1000 [04:45<01:29,  2.47it/s]INFO:httpx:HTTP Request: POST http://localhost:8043/v1/chat/completions "HTTP/1.1 200 OK"
QA Reading:  78%|███████▊  | 779/1000 [04:46<01:25,  2.58it/s]INFO:httpx:HTTP Request: POST http://localhost:8043/v1/chat/completions "HTTP/1.1 200 OK"
QA Reading:  78%|███████▊  | 780/1000 [04:46<01:21,  2.69it/s]INFO:httpx:HTTP Request: POST http://localhost:8043/v1/chat/completions "HTTP/1.1 200 OK"
QA Reading:  78%|███████▊  | 781/1000 [04:47<01:29,  2.44it/s]INFO:httpx:HTTP Request: POST http://localhost:8043/v1/chat/completions "HTTP/1.1 200 OK"
QA Reading:  78%|███████▊  | 782/1000 [04:47<01:34,  2.31it/s]INFO:httpx:HTTP Request: POST http://localhost:8043/v1/chat/completions "HTTP/1.1 200 OK"
QA Reading:  78%|███████▊  | 783/1000 [04:48<01:39,  2.18it/s]INFO:httpx:HTTP Request: POST http://localhost:8043/v1/chat/completions "HTTP/1.1 200 OK"
QA Reading:  78%|███████▊  | 784/1000 [04:48<01:47,  2.02it/s]INFO:httpx:HTTP Request: POST http://localhost:8043/v1/chat/completions "HTTP/1.1 200 OK"
QA Reading:  79%|███████▊  | 786/1000 [04:49<01:40,  2.13it/s]INFO:httpx:HTTP Request: POST http://localhost:8043/v1/chat/completions "HTTP/1.1 200 OK"
QA Reading:  79%|███████▊  | 787/1000 [04:49<01:34,  2.24it/s]INFO:httpx:HTTP Request: POST http://localhost:8043/v1/chat/completions "HTTP/1.1 200 OK"
QA Reading:  79%|███████▉  | 788/1000 [04:50<01:34,  2.24it/s]INFO:httpx:HTTP Request: POST http://localhost:8043/v1/chat/completions "HTTP/1.1 200 OK"
QA Reading:  79%|███████▉  | 789/1000 [04:50<01:33,  2.25it/s]INFO:httpx:HTTP Request: POST http://localhost:8043/v1/chat/completions "HTTP/1.1 200 OK"
QA Reading:  79%|███████▉  | 790/1000 [04:51<01:35,  2.20it/s]INFO:httpx:HTTP Request: POST http://localhost:8043/v1/chat/completions "HTTP/1.1 200 OK"
QA Reading:  79%|███████▉  | 791/1000 [04:51<01:33,  2.23it/s]INFO:httpx:HTTP Request: POST http://localhost:8043/v1/chat/completions "HTTP/1.1 200 OK"
QA Reading:  79%|███████▉  | 793/1000 [04:52<01:17,  2.67it/s]INFO:httpx:HTTP Request: POST http://localhost:8043/v1/chat/completions "HTTP/1.1 200 OK"
QA Reading:  79%|███████▉  | 794/1000 [04:52<01:21,  2.54it/s]INFO:httpx:HTTP Request: POST http://localhost:8043/v1/chat/completions "HTTP/1.1 200 OK"
QA Reading:  80%|███████▉  | 797/1000 [04:53<00:53,  3.81it/s]INFO:httpx:HTTP Request: POST http://localhost:8043/v1/chat/completions "HTTP/1.1 200 OK"
QA Reading:  80%|███████▉  | 799/1000 [04:53<00:45,  4.38it/s]INFO:httpx:HTTP Request: POST http://localhost:8043/v1/chat/completions "HTTP/1.1 200 OK"
QA Reading:  80%|████████  | 800/1000 [04:53<00:54,  3.65it/s]INFO:httpx:HTTP Request: POST http://localhost:8043/v1/chat/completions "HTTP/1.1 200 OK"
QA Reading:  80%|████████  | 802/1000 [04:54<00:46,  4.26it/s]INFO:httpx:HTTP Request: POST http://localhost:8043/v1/chat/completions "HTTP/1.1 200 OK"
QA Reading:  80%|████████  | 803/1000 [04:54<00:57,  3.41it/s]INFO:httpx:HTTP Request: POST http://localhost:8043/v1/chat/completions "HTTP/1.1 200 OK"
QA Reading:  80%|████████  | 804/1000 [04:55<01:03,  3.09it/s]INFO:httpx:HTTP Request: POST http://localhost:8043/v1/chat/completions "HTTP/1.1 200 OK"
QA Reading:  80%|████████  | 805/1000 [04:55<01:05,  2.99it/s]INFO:httpx:HTTP Request: POST http://localhost:8043/v1/chat/completions "HTTP/1.1 200 OK"
QA Reading:  81%|████████  | 806/1000 [04:55<01:03,  3.05it/s]INFO:httpx:HTTP Request: POST http://localhost:8043/v1/chat/completions "HTTP/1.1 200 OK"
QA Reading:  81%|████████  | 807/1000 [04:56<01:03,  3.06it/s]INFO:httpx:HTTP Request: POST http://localhost:8043/v1/chat/completions "HTTP/1.1 200 OK"
QA Reading:  81%|████████  | 808/1000 [04:56<01:05,  2.93it/s]INFO:httpx:HTTP Request: POST http://localhost:8043/v1/chat/completions "HTTP/1.1 200 OK"
QA Reading:  81%|████████  | 809/1000 [04:57<01:16,  2.51it/s]INFO:httpx:HTTP Request: POST http://localhost:8043/v1/chat/completions "HTTP/1.1 200 OK"
QA Reading:  81%|████████  | 811/1000 [04:57<01:02,  3.04it/s]INFO:httpx:HTTP Request: POST http://localhost:8043/v1/chat/completions "HTTP/1.1 200 OK"
QA Reading:  81%|████████  | 812/1000 [04:58<01:08,  2.73it/s]INFO:httpx:HTTP Request: POST http://localhost:8043/v1/chat/completions "HTTP/1.1 200 OK"
QA Reading:  81%|████████▏ | 814/1000 [04:58<00:55,  3.38it/s]INFO:httpx:HTTP Request: POST http://localhost:8043/v1/chat/completions "HTTP/1.1 200 OK"
QA Reading:  82%|████████▏ | 816/1000 [04:59<00:51,  3.59it/s]INFO:httpx:HTTP Request: POST http://localhost:8043/v1/chat/completions "HTTP/1.1 200 OK"
QA Reading:  82%|████████▏ | 817/1000 [05:00<01:20,  2.28it/s]INFO:httpx:HTTP Request: POST http://localhost:8043/v1/chat/completions "HTTP/1.1 200 OK"
QA Reading:  82%|████████▏ | 819/1000 [05:00<01:00,  3.00it/s]INFO:httpx:HTTP Request: POST http://localhost:8043/v1/chat/completions "HTTP/1.1 200 OK"
QA Reading:  82%|████████▏ | 820/1000 [05:00<01:05,  2.76it/s]INFO:httpx:HTTP Request: POST http://localhost:8043/v1/chat/completions "HTTP/1.1 200 OK"
QA Reading:  82%|████████▏ | 821/1000 [05:01<01:07,  2.67it/s]INFO:httpx:HTTP Request: POST http://localhost:8043/v1/chat/completions "HTTP/1.1 200 OK"
QA Reading:  82%|████████▏ | 822/1000 [05:01<01:05,  2.71it/s]INFO:httpx:HTTP Request: POST http://localhost:8043/v1/chat/completions "HTTP/1.1 200 OK"
QA Reading:  82%|████████▏ | 823/1000 [05:02<01:14,  2.36it/s]INFO:httpx:HTTP Request: POST http://localhost:8043/v1/chat/completions "HTTP/1.1 200 OK"
QA Reading:  82%|████████▎ | 825/1000 [05:02<00:57,  3.04it/s]INFO:httpx:HTTP Request: POST http://localhost:8043/v1/chat/completions "HTTP/1.1 200 OK"
QA Reading:  83%|████████▎ | 826/1000 [05:03<00:58,  2.95it/s]INFO:httpx:HTTP Request: POST http://localhost:8043/v1/chat/completions "HTTP/1.1 200 OK"
QA Reading:  83%|████████▎ | 827/1000 [05:03<01:01,  2.83it/s]INFO:httpx:HTTP Request: POST http://localhost:8043/v1/chat/completions "HTTP/1.1 200 OK"
QA Reading:  83%|████████▎ | 828/1000 [05:03<01:08,  2.52it/s]INFO:httpx:HTTP Request: POST http://localhost:8043/v1/chat/completions "HTTP/1.1 200 OK"
QA Reading:  83%|████████▎ | 829/1000 [05:04<01:14,  2.28it/s]INFO:httpx:HTTP Request: POST http://localhost:8043/v1/chat/completions "HTTP/1.1 200 OK"
QA Reading:  83%|████████▎ | 830/1000 [05:05<01:21,  2.07it/s]INFO:httpx:HTTP Request: POST http://localhost:8043/v1/chat/completions "HTTP/1.1 200 OK"
QA Reading:  83%|████████▎ | 832/1000 [05:05<01:03,  2.63it/s]INFO:httpx:HTTP Request: POST http://localhost:8043/v1/chat/completions "HTTP/1.1 200 OK"
QA Reading:  83%|████████▎ | 833/1000 [05:06<01:06,  2.52it/s]INFO:httpx:HTTP Request: POST http://localhost:8043/v1/chat/completions "HTTP/1.1 200 OK"
QA Reading:  83%|████████▎ | 834/1000 [05:06<01:13,  2.26it/s]INFO:httpx:HTTP Request: POST http://localhost:8043/v1/chat/completions "HTTP/1.1 200 OK"
QA Reading:  84%|████████▎ | 835/1000 [05:07<01:19,  2.07it/s]INFO:httpx:HTTP Request: POST http://localhost:8043/v1/chat/completions "HTTP/1.1 200 OK"
QA Reading:  84%|████████▎ | 836/1000 [05:07<01:21,  2.01it/s]INFO:httpx:HTTP Request: POST http://localhost:8043/v1/chat/completions "HTTP/1.1 200 OK"
QA Reading:  84%|████████▎ | 837/1000 [05:08<01:17,  2.12it/s]INFO:httpx:HTTP Request: POST http://localhost:8043/v1/chat/completions "HTTP/1.1 200 OK"
QA Reading:  84%|████████▍ | 838/1000 [05:08<01:12,  2.23it/s]INFO:httpx:HTTP Request: POST http://localhost:8043/v1/chat/completions "HTTP/1.1 200 OK"
QA Reading:  84%|████████▍ | 839/1000 [05:08<01:09,  2.33it/s]INFO:httpx:HTTP Request: POST http://localhost:8043/v1/chat/completions "HTTP/1.1 200 OK"
QA Reading:  84%|████████▍ | 840/1000 [05:09<01:10,  2.28it/s]INFO:httpx:HTTP Request: POST http://localhost:8043/v1/chat/completions "HTTP/1.1 200 OK"
QA Reading:  84%|████████▍ | 841/1000 [05:09<01:04,  2.45it/s]INFO:httpx:HTTP Request: POST http://localhost:8043/v1/chat/completions "HTTP/1.1 200 OK"
QA Reading:  84%|████████▍ | 842/1000 [05:10<01:05,  2.40it/s]INFO:httpx:HTTP Request: POST http://localhost:8043/v1/chat/completions "HTTP/1.1 200 OK"
QA Reading:  84%|████████▍ | 844/1000 [05:10<00:54,  2.86it/s]INFO:httpx:HTTP Request: POST http://localhost:8043/v1/chat/completions "HTTP/1.1 200 OK"
QA Reading:  84%|████████▍ | 845/1000 [05:11<00:59,  2.61it/s]INFO:httpx:HTTP Request: POST http://localhost:8043/v1/chat/completions "HTTP/1.1 200 OK"
QA Reading:  85%|████████▍ | 846/1000 [05:11<01:06,  2.33it/s]INFO:httpx:HTTP Request: POST http://localhost:8043/v1/chat/completions "HTTP/1.1 200 OK"
QA Reading:  85%|████████▍ | 847/1000 [05:12<01:10,  2.16it/s]INFO:httpx:HTTP Request: POST http://localhost:8043/v1/chat/completions "HTTP/1.1 200 OK"
QA Reading:  85%|████████▍ | 849/1000 [05:12<00:55,  2.74it/s]INFO:httpx:HTTP Request: POST http://localhost:8043/v1/chat/completions "HTTP/1.1 200 OK"
QA Reading:  85%|████████▌ | 851/1000 [05:13<00:43,  3.46it/s]INFO:httpx:HTTP Request: POST http://localhost:8043/v1/chat/completions "HTTP/1.1 200 OK"
QA Reading:  85%|████████▌ | 852/1000 [05:13<00:48,  3.05it/s]INFO:httpx:HTTP Request: POST http://localhost:8043/v1/chat/completions "HTTP/1.1 200 OK"
QA Reading:  85%|████████▌ | 853/1000 [05:14<01:01,  2.39it/s]INFO:httpx:HTTP Request: POST http://localhost:8043/v1/chat/completions "HTTP/1.1 200 OK"
QA Reading:  86%|████████▌ | 855/1000 [05:14<00:46,  3.09it/s]INFO:httpx:HTTP Request: POST http://localhost:8043/v1/chat/completions "HTTP/1.1 200 OK"
QA Reading:  86%|████████▌ | 856/1000 [05:15<00:50,  2.83it/s]INFO:httpx:HTTP Request: POST http://localhost:8043/v1/chat/completions "HTTP/1.1 200 OK"
QA Reading:  86%|████████▌ | 857/1000 [05:15<00:52,  2.70it/s]INFO:httpx:HTTP Request: POST http://localhost:8043/v1/chat/completions "HTTP/1.1 200 OK"
QA Reading:  86%|████████▌ | 858/1000 [05:15<00:54,  2.60it/s]INFO:httpx:HTTP Request: POST http://localhost:8043/v1/chat/completions "HTTP/1.1 200 OK"
QA Reading:  86%|████████▌ | 860/1000 [05:16<00:41,  3.38it/s]INFO:httpx:HTTP Request: POST http://localhost:8043/v1/chat/completions "HTTP/1.1 200 OK"
QA Reading:  86%|████████▌ | 861/1000 [05:16<00:45,  3.07it/s]INFO:httpx:HTTP Request: POST http://localhost:8043/v1/chat/completions "HTTP/1.1 200 OK"
QA Reading:  86%|████████▌ | 862/1000 [05:16<00:42,  3.23it/s]INFO:httpx:HTTP Request: POST http://localhost:8043/v1/chat/completions "HTTP/1.1 200 OK"
QA Reading:  86%|████████▋ | 863/1000 [05:17<00:47,  2.89it/s]INFO:httpx:HTTP Request: POST http://localhost:8043/v1/chat/completions "HTTP/1.1 200 OK"
QA Reading:  86%|████████▋ | 864/1000 [05:17<00:48,  2.78it/s]INFO:httpx:HTTP Request: POST http://localhost:8043/v1/chat/completions "HTTP/1.1 200 OK"
QA Reading:  86%|████████▋ | 865/1000 [05:18<00:50,  2.69it/s]INFO:httpx:HTTP Request: POST http://localhost:8043/v1/chat/completions "HTTP/1.1 200 OK"
QA Reading:  87%|████████▋ | 866/1000 [05:18<00:48,  2.75it/s]INFO:httpx:HTTP Request: POST http://localhost:8043/v1/chat/completions "HTTP/1.1 200 OK"
QA Reading:  87%|████████▋ | 867/1000 [05:19<00:55,  2.40it/s]INFO:httpx:HTTP Request: POST http://localhost:8043/v1/chat/completions "HTTP/1.1 200 OK"
QA Reading:  87%|████████▋ | 868/1000 [05:19<00:52,  2.50it/s]INFO:httpx:HTTP Request: POST http://localhost:8043/v1/chat/completions "HTTP/1.1 200 OK"
QA Reading:  87%|████████▋ | 869/1000 [05:19<00:52,  2.47it/s]INFO:httpx:HTTP Request: POST http://localhost:8043/v1/chat/completions "HTTP/1.1 200 OK"
QA Reading:  87%|████████▋ | 870/1000 [05:20<00:54,  2.37it/s]INFO:httpx:HTTP Request: POST http://localhost:8043/v1/chat/completions "HTTP/1.1 200 OK"
QA Reading:  87%|████████▋ | 872/1000 [05:21<00:49,  2.56it/s]INFO:httpx:HTTP Request: POST http://localhost:8043/v1/chat/completions "HTTP/1.1 200 OK"
QA Reading:  87%|████████▋ | 873/1000 [05:21<00:47,  2.69it/s]INFO:httpx:HTTP Request: POST http://localhost:8043/v1/chat/completions "HTTP/1.1 200 OK"
QA Reading:  87%|████████▋ | 874/1000 [05:21<00:54,  2.31it/s]INFO:httpx:HTTP Request: POST http://localhost:8043/v1/chat/completions "HTTP/1.1 200 OK"
QA Reading:  88%|████████▊ | 875/1000 [05:22<01:02,  1.99it/s]INFO:httpx:HTTP Request: POST http://localhost:8043/v1/chat/completions "HTTP/1.1 200 OK"
QA Reading:  88%|████████▊ | 876/1000 [05:23<00:57,  2.15it/s]INFO:httpx:HTTP Request: POST http://localhost:8043/v1/chat/completions "HTTP/1.1 200 OK"
QA Reading:  88%|████████▊ | 878/1000 [05:24<01:10,  1.72it/s]INFO:httpx:HTTP Request: POST http://localhost:8043/v1/chat/completions "HTTP/1.1 200 OK"
QA Reading:  88%|████████▊ | 879/1000 [05:25<01:12,  1.68it/s]INFO:httpx:HTTP Request: POST http://localhost:8043/v1/chat/completions "HTTP/1.1 200 OK"
QA Reading:  88%|████████▊ | 880/1000 [05:25<01:03,  1.90it/s]INFO:httpx:HTTP Request: POST http://localhost:8043/v1/chat/completions "HTTP/1.1 200 OK"
QA Reading:  88%|████████▊ | 881/1000 [05:25<00:54,  2.16it/s]INFO:httpx:HTTP Request: POST http://localhost:8043/v1/chat/completions "HTTP/1.1 200 OK"
QA Reading:  88%|████████▊ | 882/1000 [05:26<00:51,  2.27it/s]INFO:httpx:HTTP Request: POST http://localhost:8043/v1/chat/completions "HTTP/1.1 200 OK"
QA Reading:  88%|████████▊ | 883/1000 [05:26<00:51,  2.25it/s]INFO:httpx:HTTP Request: POST http://localhost:8043/v1/chat/completions "HTTP/1.1 200 OK"
QA Reading:  88%|████████▊ | 884/1000 [05:27<00:52,  2.22it/s]INFO:httpx:HTTP Request: POST http://localhost:8043/v1/chat/completions "HTTP/1.1 200 OK"
QA Reading:  88%|████████▊ | 885/1000 [05:27<00:54,  2.13it/s]INFO:httpx:HTTP Request: POST http://localhost:8043/v1/chat/completions "HTTP/1.1 200 OK"
QA Reading:  89%|████████▊ | 886/1000 [05:28<00:56,  2.03it/s]INFO:httpx:HTTP Request: POST http://localhost:8043/v1/chat/completions "HTTP/1.1 200 OK"
QA Reading:  89%|████████▊ | 887/1000 [05:28<00:53,  2.12it/s]INFO:httpx:HTTP Request: POST http://localhost:8043/v1/chat/completions "HTTP/1.1 200 OK"
QA Reading:  89%|████████▉ | 888/1000 [05:28<00:48,  2.33it/s]INFO:httpx:HTTP Request: POST http://localhost:8043/v1/chat/completions "HTTP/1.1 200 OK"
QA Reading:  89%|████████▉ | 890/1000 [05:29<00:41,  2.64it/s]INFO:httpx:HTTP Request: POST http://localhost:8043/v1/chat/completions "HTTP/1.1 200 OK"
QA Reading:  89%|████████▉ | 891/1000 [05:29<00:41,  2.65it/s]INFO:httpx:HTTP Request: POST http://localhost:8043/v1/chat/completions "HTTP/1.1 200 OK"
QA Reading:  89%|████████▉ | 892/1000 [05:30<00:40,  2.65it/s]INFO:httpx:HTTP Request: POST http://localhost:8043/v1/chat/completions "HTTP/1.1 200 OK"
QA Reading:  89%|████████▉ | 893/1000 [05:30<00:44,  2.42it/s]INFO:httpx:HTTP Request: POST http://localhost:8043/v1/chat/completions "HTTP/1.1 200 OK"
QA Reading:  89%|████████▉ | 894/1000 [05:31<00:46,  2.29it/s]INFO:httpx:HTTP Request: POST http://localhost:8043/v1/chat/completions "HTTP/1.1 200 OK"
QA Reading:  90%|████████▉ | 895/1000 [05:31<00:46,  2.28it/s]INFO:httpx:HTTP Request: POST http://localhost:8043/v1/chat/completions "HTTP/1.1 200 OK"
QA Reading:  90%|████████▉ | 897/1000 [05:32<00:35,  2.93it/s]INFO:httpx:HTTP Request: POST http://localhost:8043/v1/chat/completions "HTTP/1.1 200 OK"
QA Reading:  90%|████████▉ | 898/1000 [05:32<00:35,  2.89it/s]INFO:httpx:HTTP Request: POST http://localhost:8043/v1/chat/completions "HTTP/1.1 200 OK"
QA Reading:  90%|████████▉ | 899/1000 [05:33<00:39,  2.54it/s]INFO:httpx:HTTP Request: POST http://localhost:8043/v1/chat/completions "HTTP/1.1 200 OK"
QA Reading:  90%|█████████ | 900/1000 [05:33<00:37,  2.63it/s]INFO:httpx:HTTP Request: POST http://localhost:8043/v1/chat/completions "HTTP/1.1 200 OK"
QA Reading:  90%|█████████ | 901/1000 [05:33<00:36,  2.68it/s]INFO:httpx:HTTP Request: POST http://localhost:8043/v1/chat/completions "HTTP/1.1 200 OK"
QA Reading:  90%|█████████ | 902/1000 [05:34<00:36,  2.68it/s]INFO:httpx:HTTP Request: POST http://localhost:8043/v1/chat/completions "HTTP/1.1 200 OK"
QA Reading:  90%|█████████ | 903/1000 [05:34<00:40,  2.40it/s]INFO:httpx:HTTP Request: POST http://localhost:8043/v1/chat/completions "HTTP/1.1 200 OK"
QA Reading:  90%|█████████ | 904/1000 [05:34<00:37,  2.58it/s]INFO:httpx:HTTP Request: POST http://localhost:8043/v1/chat/completions "HTTP/1.1 200 OK"
QA Reading:  90%|█████████ | 905/1000 [05:35<00:36,  2.60it/s]INFO:httpx:HTTP Request: POST http://localhost:8043/v1/chat/completions "HTTP/1.1 200 OK"
QA Reading:  91%|█████████ | 906/1000 [05:35<00:35,  2.67it/s]INFO:httpx:HTTP Request: POST http://localhost:8043/v1/chat/completions "HTTP/1.1 200 OK"
QA Reading:  91%|█████████ | 907/1000 [05:36<00:36,  2.52it/s]INFO:httpx:HTTP Request: POST http://localhost:8043/v1/chat/completions "HTTP/1.1 200 OK"
QA Reading:  91%|█████████ | 908/1000 [05:36<00:36,  2.52it/s]INFO:httpx:HTTP Request: POST http://localhost:8043/v1/chat/completions "HTTP/1.1 200 OK"
QA Reading:  91%|█████████ | 909/1000 [05:37<00:40,  2.24it/s]INFO:httpx:HTTP Request: POST http://localhost:8043/v1/chat/completions "HTTP/1.1 200 OK"
QA Reading:  91%|█████████ | 910/1000 [05:37<00:39,  2.29it/s]INFO:httpx:HTTP Request: POST http://localhost:8043/v1/chat/completions "HTTP/1.1 200 OK"
QA Reading:  91%|█████████ | 911/1000 [05:37<00:38,  2.31it/s]INFO:httpx:HTTP Request: POST http://localhost:8043/v1/chat/completions "HTTP/1.1 200 OK"
QA Reading:  91%|█████████ | 912/1000 [05:38<00:39,  2.25it/s]INFO:httpx:HTTP Request: POST http://localhost:8043/v1/chat/completions "HTTP/1.1 200 OK"
QA Reading:  91%|█████████▏| 913/1000 [05:38<00:37,  2.34it/s]INFO:httpx:HTTP Request: POST http://localhost:8043/v1/chat/completions "HTTP/1.1 200 OK"
QA Reading:  91%|█████████▏| 914/1000 [05:39<00:40,  2.13it/s]INFO:httpx:HTTP Request: POST http://localhost:8043/v1/chat/completions "HTTP/1.1 200 OK"
QA Reading:  92%|█████████▏| 915/1000 [05:39<00:40,  2.12it/s]INFO:httpx:HTTP Request: POST http://localhost:8043/v1/chat/completions "HTTP/1.1 200 OK"
QA Reading:  92%|█████████▏| 916/1000 [05:40<00:38,  2.18it/s]INFO:httpx:HTTP Request: POST http://localhost:8043/v1/chat/completions "HTTP/1.1 200 OK"
QA Reading:  92%|█████████▏| 917/1000 [05:40<00:37,  2.22it/s]INFO:httpx:HTTP Request: POST http://localhost:8043/v1/chat/completions "HTTP/1.1 200 OK"
QA Reading:  92%|█████████▏| 918/1000 [05:41<00:38,  2.15it/s]INFO:httpx:HTTP Request: POST http://localhost:8043/v1/chat/completions "HTTP/1.1 200 OK"
QA Reading:  92%|█████████▏| 920/1000 [05:41<00:29,  2.75it/s]INFO:httpx:HTTP Request: POST http://localhost:8043/v1/chat/completions "HTTP/1.1 200 OK"
QA Reading:  92%|█████████▏| 921/1000 [05:42<00:40,  1.97it/s]INFO:httpx:HTTP Request: POST http://localhost:8043/v1/chat/completions "HTTP/1.1 200 OK"
QA Reading:  92%|█████████▏| 922/1000 [05:43<00:40,  1.94it/s]INFO:httpx:HTTP Request: POST http://localhost:8043/v1/chat/completions "HTTP/1.1 200 OK"
QA Reading:  92%|█████████▏| 923/1000 [05:43<00:39,  1.93it/s]INFO:httpx:HTTP Request: POST http://localhost:8043/v1/chat/completions "HTTP/1.1 200 OK"
QA Reading:  92%|█████████▎| 925/1000 [05:44<00:28,  2.67it/s]INFO:httpx:HTTP Request: POST http://localhost:8043/v1/chat/completions "HTTP/1.1 200 OK"
QA Reading:  93%|█████████▎| 926/1000 [05:44<00:29,  2.47it/s]INFO:httpx:HTTP Request: POST http://localhost:8043/v1/chat/completions "HTTP/1.1 200 OK"
QA Reading:  93%|█████████▎| 927/1000 [05:45<00:30,  2.43it/s]INFO:httpx:HTTP Request: POST http://localhost:8043/v1/chat/completions "HTTP/1.1 200 OK"
QA Reading:  93%|█████████▎| 932/1000 [05:45<00:13,  5.23it/s]INFO:httpx:HTTP Request: POST http://localhost:8043/v1/chat/completions "HTTP/1.1 200 OK"
QA Reading:  93%|█████████▎| 934/1000 [05:45<00:14,  4.60it/s]INFO:httpx:HTTP Request: POST http://localhost:8043/v1/chat/completions "HTTP/1.1 200 OK"
QA Reading:  94%|█████████▎| 935/1000 [05:46<00:18,  3.52it/s]INFO:httpx:HTTP Request: POST http://localhost:8043/v1/chat/completions "HTTP/1.1 200 OK"
QA Reading:  94%|█████████▎| 936/1000 [05:46<00:19,  3.31it/s]INFO:httpx:HTTP Request: POST http://localhost:8043/v1/chat/completions "HTTP/1.1 200 OK"
QA Reading:  94%|█████████▍| 938/1000 [05:47<00:16,  3.72it/s]INFO:httpx:HTTP Request: POST http://localhost:8043/v1/chat/completions "HTTP/1.1 200 OK"
QA Reading:  94%|█████████▍| 939/1000 [05:47<00:19,  3.18it/s]INFO:httpx:HTTP Request: POST http://localhost:8043/v1/chat/completions "HTTP/1.1 200 OK"
QA Reading:  94%|█████████▍| 941/1000 [05:48<00:18,  3.23it/s]INFO:httpx:HTTP Request: POST http://localhost:8043/v1/chat/completions "HTTP/1.1 200 OK"
QA Reading:  94%|█████████▍| 942/1000 [05:48<00:18,  3.17it/s]INFO:httpx:HTTP Request: POST http://localhost:8043/v1/chat/completions "HTTP/1.1 200 OK"
QA Reading:  94%|█████████▍| 943/1000 [05:49<00:20,  2.83it/s]INFO:httpx:HTTP Request: POST http://localhost:8043/v1/chat/completions "HTTP/1.1 200 OK"
QA Reading:  94%|█████████▍| 944/1000 [05:49<00:20,  2.69it/s]INFO:httpx:HTTP Request: POST http://localhost:8043/v1/chat/completions "HTTP/1.1 200 OK"
QA Reading:  95%|█████████▍| 946/1000 [05:50<00:15,  3.42it/s]INFO:httpx:HTTP Request: POST http://localhost:8043/v1/chat/completions "HTTP/1.1 200 OK"
QA Reading:  95%|█████████▍| 947/1000 [05:50<00:18,  2.90it/s]INFO:httpx:HTTP Request: POST http://localhost:8043/v1/chat/completions "HTTP/1.1 200 OK"
QA Reading:  95%|█████████▍| 948/1000 [05:50<00:17,  2.97it/s]INFO:httpx:HTTP Request: POST http://localhost:8043/v1/chat/completions "HTTP/1.1 200 OK"
QA Reading:  95%|█████████▍| 949/1000 [05:51<00:18,  2.76it/s]INFO:httpx:HTTP Request: POST http://localhost:8043/v1/chat/completions "HTTP/1.1 200 OK"
QA Reading:  95%|█████████▌| 951/1000 [05:51<00:15,  3.26it/s]INFO:httpx:HTTP Request: POST http://localhost:8043/v1/chat/completions "HTTP/1.1 200 OK"
QA Reading:  95%|█████████▌| 952/1000 [05:52<00:17,  2.67it/s]INFO:httpx:HTTP Request: POST http://localhost:8043/v1/chat/completions "HTTP/1.1 200 OK"
QA Reading:  95%|█████████▌| 954/1000 [05:52<00:14,  3.11it/s]INFO:httpx:HTTP Request: POST http://localhost:8043/v1/chat/completions "HTTP/1.1 200 OK"
QA Reading:  96%|█████████▌| 956/1000 [05:53<00:12,  3.42it/s]INFO:httpx:HTTP Request: POST http://localhost:8043/v1/chat/completions "HTTP/1.1 200 OK"
QA Reading:  96%|█████████▌| 957/1000 [05:53<00:13,  3.08it/s]INFO:httpx:HTTP Request: POST http://localhost:8043/v1/chat/completions "HTTP/1.1 200 OK"
QA Reading:  96%|█████████▌| 958/1000 [05:54<00:14,  2.96it/s]INFO:httpx:HTTP Request: POST http://localhost:8043/v1/chat/completions "HTTP/1.1 200 OK"
QA Reading:  96%|█████████▌| 960/1000 [05:54<00:11,  3.50it/s]INFO:httpx:HTTP Request: POST http://localhost:8043/v1/chat/completions "HTTP/1.1 200 OK"
QA Reading:  96%|█████████▌| 961/1000 [05:54<00:10,  3.57it/s]INFO:httpx:HTTP Request: POST http://localhost:8043/v1/chat/completions "HTTP/1.1 200 OK"
QA Reading:  96%|█████████▌| 962/1000 [05:55<00:13,  2.91it/s]INFO:httpx:HTTP Request: POST http://localhost:8043/v1/chat/completions "HTTP/1.1 200 OK"
QA Reading:  96%|█████████▋| 964/1000 [05:55<00:09,  3.94it/s]INFO:httpx:HTTP Request: POST http://localhost:8043/v1/chat/completions "HTTP/1.1 200 OK"
QA Reading:  96%|█████████▋| 965/1000 [05:56<00:10,  3.22it/s]INFO:httpx:HTTP Request: POST http://localhost:8043/v1/chat/completions "HTTP/1.1 200 OK"
QA Reading:  97%|█████████▋| 966/1000 [05:56<00:10,  3.11it/s]INFO:httpx:HTTP Request: POST http://localhost:8043/v1/chat/completions "HTTP/1.1 200 OK"
QA Reading:  97%|█████████▋| 968/1000 [05:56<00:09,  3.48it/s]INFO:httpx:HTTP Request: POST http://localhost:8043/v1/chat/completions "HTTP/1.1 200 OK"
QA Reading:  97%|█████████▋| 970/1000 [05:57<00:07,  3.77it/s]INFO:httpx:HTTP Request: POST http://localhost:8043/v1/chat/completions "HTTP/1.1 200 OK"
QA Reading:  97%|█████████▋| 971/1000 [05:57<00:08,  3.49it/s]INFO:httpx:HTTP Request: POST http://localhost:8043/v1/chat/completions "HTTP/1.1 200 OK"
QA Reading:  97%|█████████▋| 972/1000 [05:58<00:09,  2.99it/s]INFO:httpx:HTTP Request: POST http://localhost:8043/v1/chat/completions "HTTP/1.1 200 OK"
QA Reading:  97%|█████████▋| 973/1000 [05:58<00:10,  2.63it/s]INFO:httpx:HTTP Request: POST http://localhost:8043/v1/chat/completions "HTTP/1.1 200 OK"
QA Reading:  97%|█████████▋| 974/1000 [05:59<00:09,  2.63it/s]INFO:httpx:HTTP Request: POST http://localhost:8043/v1/chat/completions "HTTP/1.1 200 OK"
QA Reading:  98%|█████████▊| 975/1000 [05:59<00:10,  2.48it/s]INFO:httpx:HTTP Request: POST http://localhost:8043/v1/chat/completions "HTTP/1.1 200 OK"
QA Reading:  98%|█████████▊| 977/1000 [06:00<00:07,  3.09it/s]INFO:httpx:HTTP Request: POST http://localhost:8043/v1/chat/completions "HTTP/1.1 200 OK"
QA Reading:  98%|█████████▊| 978/1000 [06:00<00:08,  2.74it/s]INFO:httpx:HTTP Request: POST http://localhost:8043/v1/chat/completions "HTTP/1.1 200 OK"
QA Reading:  98%|█████████▊| 979/1000 [06:00<00:07,  2.79it/s]INFO:httpx:HTTP Request: POST http://localhost:8043/v1/chat/completions "HTTP/1.1 200 OK"
QA Reading:  98%|█████████▊| 980/1000 [06:01<00:08,  2.43it/s]INFO:httpx:HTTP Request: POST http://localhost:8043/v1/chat/completions "HTTP/1.1 200 OK"
QA Reading:  98%|█████████▊| 981/1000 [06:01<00:07,  2.45it/s]INFO:httpx:HTTP Request: POST http://localhost:8043/v1/chat/completions "HTTP/1.1 200 OK"
QA Reading:  98%|█████████▊| 982/1000 [06:02<00:06,  2.58it/s]INFO:httpx:HTTP Request: POST http://localhost:8043/v1/chat/completions "HTTP/1.1 200 OK"
QA Reading:  98%|█████████▊| 983/1000 [06:02<00:06,  2.44it/s]INFO:httpx:HTTP Request: POST http://localhost:8043/v1/chat/completions "HTTP/1.1 200 OK"
QA Reading:  98%|█████████▊| 984/1000 [06:03<00:06,  2.41it/s]INFO:httpx:HTTP Request: POST http://localhost:8043/v1/chat/completions "HTTP/1.1 200 OK"
QA Reading:  98%|█████████▊| 985/1000 [06:03<00:07,  2.10it/s]INFO:httpx:HTTP Request: POST http://localhost:8043/v1/chat/completions "HTTP/1.1 200 OK"
QA Reading:  99%|█████████▊| 987/1000 [06:04<00:04,  2.67it/s]INFO:httpx:HTTP Request: POST http://localhost:8043/v1/chat/completions "HTTP/1.1 200 OK"
QA Reading:  99%|█████████▉| 989/1000 [06:04<00:03,  3.38it/s]INFO:httpx:HTTP Request: POST http://localhost:8043/v1/chat/completions "HTTP/1.1 200 OK"
QA Reading:  99%|█████████▉| 990/1000 [06:05<00:03,  2.87it/s]INFO:httpx:HTTP Request: POST http://localhost:8043/v1/chat/completions "HTTP/1.1 200 OK"
QA Reading:  99%|█████████▉| 991/1000 [06:05<00:03,  2.75it/s]INFO:httpx:HTTP Request: POST http://localhost:8043/v1/chat/completions "HTTP/1.1 200 OK"
QA Reading:  99%|█████████▉| 992/1000 [06:05<00:02,  2.68it/s]INFO:httpx:HTTP Request: POST http://localhost:8043/v1/chat/completions "HTTP/1.1 200 OK"
QA Reading:  99%|█████████▉| 993/1000 [06:06<00:02,  2.75it/s]INFO:httpx:HTTP Request: POST http://localhost:8043/v1/chat/completions "HTTP/1.1 200 OK"
QA Reading:  99%|█████████▉| 994/1000 [06:06<00:02,  2.58it/s]INFO:httpx:HTTP Request: POST http://localhost:8043/v1/chat/completions "HTTP/1.1 200 OK"
QA Reading: 100%|█████████▉| 995/1000 [06:07<00:02,  2.17it/s]INFO:httpx:HTTP Request: POST http://localhost:8043/v1/chat/completions "HTTP/1.1 200 OK"
QA Reading: 100%|█████████▉| 996/1000 [06:07<00:01,  2.13it/s]INFO:httpx:HTTP Request: POST http://localhost:8043/v1/chat/completions "HTTP/1.1 200 OK"
QA Reading: 100%|█████████▉| 997/1000 [06:08<00:01,  2.16it/s]INFO:httpx:HTTP Request: POST http://localhost:8043/v1/chat/completions "HTTP/1.1 200 OK"
QA Reading: 100%|█████████▉| 998/1000 [06:08<00:00,  2.02it/s]INFO:httpx:HTTP Request: POST http://localhost:8043/v1/chat/completions "HTTP/1.1 200 OK"
QA Reading: 100%|██████████| 1000/1000 [06:09<00:00,  2.30it/s]QA Reading: 100%|██████████| 1000/1000 [06:09<00:00,  2.71it/s]
Extraction Answers from LLM Response: 0it [00:00, ?it/s]Extraction Answers from LLM Response: 851it [00:00, 8504.72it/s]Extraction Answers from LLM Response: 1000it [00:00, 8701.80it/s]
INFO:src.hipporag.HippoRAG:Evaluation results for QA: {'ExactMatch': 0.29, 'F1': 0.3818}
INFO:__main__:Setwise selector daec_noisyor[bridge]@100: EM=0.2900 (delta=-0.0080), F1=0.3818
WARNING:src.hipporag.evaluation.retrieval_eval:Length of retrieved docs (100) is smaller than largest topk for recall score (200)
WARNING:src.hipporag.evaluation.retrieval_eval:Length of retrieved docs (100) is smaller than largest topk for recall score (200)
WARNING:src.hipporag.evaluation.retrieval_eval:Length of retrieved docs (100) is smaller than largest topk for recall score (200)
WARNING:src.hipporag.evaluation.retrieval_eval:Length of retrieved docs (100) is smaller than largest topk for recall score (200)
WARNING:src.hipporag.evaluation.retrieval_eval:Length of retrieved docs (100) is smaller than largest topk for recall score (200)
WARNING:src.hipporag.evaluation.retrieval_eval:Length of retrieved docs (100) is smaller than largest topk for recall score (200)
WARNING:src.hipporag.evaluation.retrieval_eval:Length of retrieved docs (100) is smaller than largest topk for recall score (200)
WARNING:src.hipporag.evaluation.retrieval_eval:Length of retrieved docs (100) is smaller than largest topk for recall score (200)
WARNING:src.hipporag.evaluation.retrieval_eval:Length of retrieved docs (100) is smaller than largest topk for recall score (200)
WARNING:src.hipporag.evaluation.retrieval_eval:Length of retrieved docs (100) is smaller than largest topk for recall score (200)
WARNING:src.hipporag.evaluation.retrieval_eval:Length of retrieved docs (100) is smaller than largest topk for recall score (200)
WARNING:src.hipporag.evaluation.retrieval_eval:Length of retrieved docs (100) is smaller than largest topk for recall score (200)
WARNING:src.hipporag.evaluation.retrieval_eval:Length of retrieved docs (100) is smaller than largest topk for recall score (200)
WARNING:src.hipporag.evaluation.retrieval_eval:Length of retrieved docs (100) is smaller than largest topk for recall score (200)
WARNING:src.hipporag.evaluation.retrieval_eval:Length of retrieved docs (100) is smaller than largest topk for recall score (200)
WARNING:src.hipporag.evaluation.retrieval_eval:Length of retrieved docs (100) is smaller than largest topk for recall score (200)
WARNING:src.hipporag.evaluation.retrieval_eval:Length of retrieved docs (100) is smaller than largest topk for recall score (200)
WARNING:src.hipporag.evaluation.retrieval_eval:Length of retrieved docs (100) is smaller than largest topk for recall score (200)
WARNING:src.hipporag.evaluation.retrieval_eval:Length of retrieved docs (100) is smaller than largest topk for recall score (200)
WARNING:src.hipporag.evaluation.retrieval_eval:Length of retrieved docs (100) is smaller than largest topk for recall score (200)
WARNING:src.hipporag.evaluation.retrieval_eval:Length of retrieved docs (100) is smaller than largest topk for recall score (200)
WARNING:src.hipporag.evaluation.retrieval_eval:Length of retrieved docs (100) is smaller than largest topk for recall score (200)
WARNING:src.hipporag.evaluation.retrieval_eval:Length of retrieved docs (100) is smaller than largest topk for recall score (200)
WARNING:src.hipporag.evaluation.retrieval_eval:Length of retrieved docs (100) is smaller than largest topk for recall score (200)
WARNING:src.hipporag.evaluation.retrieval_eval:Length of retrieved docs (100) is smaller than largest topk for recall score (200)
WARNING:src.hipporag.evaluation.retrieval_eval:Length of retrieved docs (100) is smaller than largest topk for recall score (200)
WARNING:src.hipporag.evaluation.retrieval_eval:Length of retrieved docs (100) is smaller than largest topk for recall score (200)
WARNING:src.hipporag.evaluation.retrieval_eval:Length of retrieved docs (100) is smaller than largest topk for recall score (200)
WARNING:src.hipporag.evaluation.retrieval_eval:Length of retrieved docs (100) is smaller than largest topk for recall score (200)
WARNING:src.hipporag.evaluation.retrieval_eval:Length of retrieved docs (100) is smaller than largest topk for recall score (200)
WARNING:src.hipporag.evaluation.retrieval_eval:Length of retrieved docs (100) is smaller than largest topk for recall score (200)
WARNING:src.hipporag.evaluation.retrieval_eval:Length of retrieved docs (100) is smaller than largest topk for recall score (200)
WARNING:src.hipporag.evaluation.retrieval_eval:Length of retrieved docs (100) is smaller than largest topk for recall score (200)
WARNING:src.hipporag.evaluation.retrieval_eval:Length of retrieved docs (100) is smaller than largest topk for recall score (200)
WARNING:src.hipporag.evaluation.retrieval_eval:Length of retrieved docs (100) is smaller than largest topk for recall score (200)
WARNING:src.hipporag.evaluation.retrieval_eval:Length of retrieved docs (100) is smaller than largest topk for recall score (200)
WARNING:src.hipporag.evaluation.retrieval_eval:Length of retrieved docs (100) is smaller than largest topk for recall score (200)
WARNING:src.hipporag.evaluation.retrieval_eval:Length of retrieved docs (100) is smaller than largest topk for recall score (200)
WARNING:src.hipporag.evaluation.retrieval_eval:Length of retrieved docs (100) is smaller than largest topk for recall score (200)
WARNING:src.hipporag.evaluation.retrieval_eval:Length of retrieved docs (100) is smaller than largest topk for recall score (200)
WARNING:src.hipporag.evaluation.retrieval_eval:Length of retrieved docs (100) is smaller than largest topk for recall score (200)
WARNING:src.hipporag.evaluation.retrieval_eval:Length of retrieved docs (100) is smaller than largest topk for recall score (200)
WARNING:src.hipporag.evaluation.retrieval_eval:Length of retrieved docs (100) is smaller than largest topk for recall score (200)
WARNING:src.hipporag.evaluation.retrieval_eval:Length of retrieved docs (100) is smaller than largest topk for recall score (200)
WARNING:src.hipporag.evaluation.retrieval_eval:Length of retrieved docs (100) is smaller than largest topk for recall score (200)
WARNING:src.hipporag.evaluation.retrieval_eval:Length of retrieved docs (100) is smaller than largest topk for recall score (200)
WARNING:src.hipporag.evaluation.retrieval_eval:Length of retrieved docs (100) is smaller than largest topk for recall score (200)
WARNING:src.hipporag.evaluation.retrieval_eval:Length of retrieved docs (100) is smaller than largest topk for recall score (200)
WARNING:src.hipporag.evaluation.retrieval_eval:Length of retrieved docs (100) is smaller than largest topk for recall score (200)
WARNING:src.hipporag.evaluation.retrieval_eval:Length of retrieved docs (100) is smaller than largest topk for recall score (200)
WARNING:src.hipporag.evaluation.retrieval_eval:Length of retrieved docs (100) is smaller than largest topk for recall score (200)
WARNING:src.hipporag.evaluation.retrieval_eval:Length of retrieved docs (100) is smaller than largest topk for recall score (200)
WARNING:src.hipporag.evaluation.retrieval_eval:Length of retrieved docs (100) is smaller than largest topk for recall score (200)
WARNING:src.hipporag.evaluation.retrieval_eval:Length of retrieved docs (100) is smaller than largest topk for recall score (200)
WARNING:src.hipporag.evaluation.retrieval_eval:Length of retrieved docs (100) is smaller than largest topk for recall score (200)
WARNING:src.hipporag.evaluation.retrieval_eval:Length of retrieved docs (100) is smaller than largest topk for recall score (200)
WARNING:src.hipporag.evaluation.retrieval_eval:Length of retrieved docs (100) is smaller than largest topk for recall score (200)
WARNING:src.hipporag.evaluation.retrieval_eval:Length of retrieved docs (100) is smaller than largest topk for recall score (200)
WARNING:src.hipporag.evaluation.retrieval_eval:Length of retrieved docs (100) is smaller than largest topk for recall score (200)
WARNING:src.hipporag.evaluation.retrieval_eval:Length of retrieved docs (100) is smaller than largest topk for recall score (200)
WARNING:src.hipporag.evaluation.retrieval_eval:Length of retrieved docs (100) is smaller than largest topk for recall score (200)
WARNING:src.hipporag.evaluation.retrieval_eval:Length of retrieved docs (100) is smaller than largest topk for recall score (200)
WARNING:src.hipporag.evaluation.retrieval_eval:Length of retrieved docs (100) is smaller than largest topk for recall score (200)
WARNING:src.hipporag.evaluation.retrieval_eval:Length of retrieved docs (100) is smaller than largest topk for recall score (200)
WARNING:src.hipporag.evaluation.retrieval_eval:Length of retrieved docs (100) is smaller than largest topk for recall score (200)
WARNING:src.hipporag.evaluation.retrieval_eval:Length of retrieved docs (100) is smaller than largest topk for recall score (200)
WARNING:src.hipporag.evaluation.retrieval_eval:Length of retrieved docs (100) is smaller than largest topk for recall score (200)
WARNING:src.hipporag.evaluation.retrieval_eval:Length of retrieved docs (100) is smaller than largest topk for recall score (200)
WARNING:src.hipporag.evaluation.retrieval_eval:Length of retrieved docs (100) is smaller than largest topk for recall score (200)
WARNING:src.hipporag.evaluation.retrieval_eval:Length of retrieved docs (100) is smaller than largest topk for recall score (200)
WARNING:src.hipporag.evaluation.retrieval_eval:Length of retrieved docs (100) is smaller than largest topk for recall score (200)
WARNING:src.hipporag.evaluation.retrieval_eval:Length of retrieved docs (100) is smaller than largest topk for recall score (200)
WARNING:src.hipporag.evaluation.retrieval_eval:Length of retrieved docs (100) is smaller than largest topk for recall score (200)
WARNING:src.hipporag.evaluation.retrieval_eval:Length of retrieved docs (100) is smaller than largest topk for recall score (200)
WARNING:src.hipporag.evaluation.retrieval_eval:Length of retrieved docs (100) is smaller than largest topk for recall score (200)
WARNING:src.hipporag.evaluation.retrieval_eval:Length of retrieved docs (100) is smaller than largest topk for recall score (200)
WARNING:src.hipporag.evaluation.retrieval_eval:Length of retrieved docs (100) is smaller than largest topk for recall score (200)
WARNING:src.hipporag.evaluation.retrieval_eval:Length of retrieved docs (100) is smaller than largest topk for recall score (200)
WARNING:src.hipporag.evaluation.retrieval_eval:Length of retrieved docs (100) is smaller than largest topk for recall score (200)
WARNING:src.hipporag.evaluation.retrieval_eval:Length of retrieved docs (100) is smaller than largest topk for recall score (200)
WARNING:src.hipporag.evaluation.retrieval_eval:Length of retrieved docs (100) is smaller than largest topk for recall score (200)
WARNING:src.hipporag.evaluation.retrieval_eval:Length of retrieved docs (100) is smaller than largest topk for recall score (200)
WARNING:src.hipporag.evaluation.retrieval_eval:Length of retrieved docs (100) is smaller than largest topk for recall score (200)
WARNING:src.hipporag.evaluation.retrieval_eval:Length of retrieved docs (100) is smaller than largest topk for recall score (200)
WARNING:src.hipporag.evaluation.retrieval_eval:Length of retrieved docs (100) is smaller than largest topk for recall score (200)
WARNING:src.hipporag.evaluation.retrieval_eval:Length of retrieved docs (100) is smaller than largest topk for recall score (200)
WARNING:src.hipporag.evaluation.retrieval_eval:Length of retrieved docs (100) is smaller than largest topk for recall score (200)
WARNING:src.hipporag.evaluation.retrieval_eval:Length of retrieved docs (100) is smaller than largest topk for recall score (200)
WARNING:src.hipporag.evaluation.retrieval_eval:Length of retrieved docs (100) is smaller than largest topk for recall score (200)
WARNING:src.hipporag.evaluation.retrieval_eval:Length of retrieved docs (100) is smaller than largest topk for recall score (200)
WARNING:src.hipporag.evaluation.retrieval_eval:Length of retrieved docs (100) is smaller than largest topk for recall score (200)
WARNING:src.hipporag.evaluation.retrieval_eval:Length of retrieved docs (100) is smaller than largest topk for recall score (200)
WARNING:src.hipporag.evaluation.retrieval_eval:Length of retrieved docs (100) is smaller than largest topk for recall score (200)
WARNING:src.hipporag.evaluation.retrieval_eval:Length of retrieved docs (100) is smaller than largest topk for recall score (200)
WARNING:src.hipporag.evaluation.retrieval_eval:Length of retrieved docs (100) is smaller than largest topk for recall score (200)
WARNING:src.hipporag.evaluation.retrieval_eval:Length of retrieved docs (100) is smaller than largest topk for recall score (200)
WARNING:src.hipporag.evaluation.retrieval_eval:Length of retrieved docs (100) is smaller than largest topk for recall score (200)
WARNING:src.hipporag.evaluation.retrieval_eval:Length of retrieved docs (100) is smaller than largest topk for recall score (200)
WARNING:src.hipporag.evaluation.retrieval_eval:Length of retrieved docs (100) is smaller than largest topk for recall score (200)
WARNING:src.hipporag.evaluation.retrieval_eval:Length of retrieved docs (100) is smaller than largest topk for recall score (200)
WARNING:src.hipporag.evaluation.retrieval_eval:Length of retrieved docs (100) is smaller than largest topk for recall score (200)
WARNING:src.hipporag.evaluation.retrieval_eval:Length of retrieved docs (100) is smaller than largest topk for recall score (200)
WARNING:src.hipporag.evaluation.retrieval_eval:Length of retrieved docs (100) is smaller than largest topk for recall score (200)
WARNING:src.hipporag.evaluation.retrieval_eval:Length of retrieved docs (100) is smaller than largest topk for recall score (200)
WARNING:src.hipporag.evaluation.retrieval_eval:Length of retrieved docs (100) is smaller than largest topk for recall score (200)
WARNING:src.hipporag.evaluation.retrieval_eval:Length of retrieved docs (100) is smaller than largest topk for recall score (200)
WARNING:src.hipporag.evaluation.retrieval_eval:Length of retrieved docs (100) is smaller than largest topk for recall score (200)
WARNING:src.hipporag.evaluation.retrieval_eval:Length of retrieved docs (100) is smaller than largest topk for recall score (200)
WARNING:src.hipporag.evaluation.retrieval_eval:Length of retrieved docs (100) is smaller than largest topk for recall score (200)
WARNING:src.hipporag.evaluation.retrieval_eval:Length of retrieved docs (100) is smaller than largest topk for recall score (200)
WARNING:src.hipporag.evaluation.retrieval_eval:Length of retrieved docs (100) is smaller than largest topk for recall score (200)
WARNING:src.hipporag.evaluation.retrieval_eval:Length of retrieved docs (100) is smaller than largest topk for recall score (200)
WARNING:src.hipporag.evaluation.retrieval_eval:Length of retrieved docs (100) is smaller than largest topk for recall score (200)
WARNING:src.hipporag.evaluation.retrieval_eval:Length of retrieved docs (100) is smaller than largest topk for recall score (200)
WARNING:src.hipporag.evaluation.retrieval_eval:Length of retrieved docs (100) is smaller than largest topk for recall score (200)
WARNING:src.hipporag.evaluation.retrieval_eval:Length of retrieved docs (100) is smaller than largest topk for recall score (200)
WARNING:src.hipporag.evaluation.retrieval_eval:Length of retrieved docs (100) is smaller than largest topk for recall score (200)
WARNING:src.hipporag.evaluation.retrieval_eval:Length of retrieved docs (100) is smaller than largest topk for recall score (200)
WARNING:src.hipporag.evaluation.retrieval_eval:Length of retrieved docs (100) is smaller than largest topk for recall score (200)
WARNING:src.hipporag.evaluation.retrieval_eval:Length of retrieved docs (100) is smaller than largest topk for recall score (200)
WARNING:src.hipporag.evaluation.retrieval_eval:Length of retrieved docs (100) is smaller than largest topk for recall score (200)
WARNING:src.hipporag.evaluation.retrieval_eval:Length of retrieved docs (100) is smaller than largest topk for recall score (200)
WARNING:src.hipporag.evaluation.retrieval_eval:Length of retrieved docs (100) is smaller than largest topk for recall score (200)
WARNING:src.hipporag.evaluation.retrieval_eval:Length of retrieved docs (100) is smaller than largest topk for recall score (200)
WARNING:src.hipporag.evaluation.retrieval_eval:Length of retrieved docs (100) is smaller than largest topk for recall score (200)
WARNING:src.hipporag.evaluation.retrieval_eval:Length of retrieved docs (100) is smaller than largest topk for recall score (200)
WARNING:src.hipporag.evaluation.retrieval_eval:Length of retrieved docs (100) is smaller than largest topk for recall score (200)
WARNING:src.hipporag.evaluation.retrieval_eval:Length of retrieved docs (100) is smaller than largest topk for recall score (200)
WARNING:src.hipporag.evaluation.retrieval_eval:Length of retrieved docs (100) is smaller than largest topk for recall score (200)
WARNING:src.hipporag.evaluation.retrieval_eval:Length of retrieved docs (100) is smaller than largest topk for recall score (200)
WARNING:src.hipporag.evaluation.retrieval_eval:Length of retrieved docs (100) is smaller than largest topk for recall score (200)
WARNING:src.hipporag.evaluation.retrieval_eval:Length of retrieved docs (100) is smaller than largest topk for recall score (200)
WARNING:src.hipporag.evaluation.retrieval_eval:Length of retrieved docs (100) is smaller than largest topk for recall score (200)
WARNING:src.hipporag.evaluation.retrieval_eval:Length of retrieved docs (100) is smaller than largest topk for recall score (200)
WARNING:src.hipporag.evaluation.retrieval_eval:Length of retrieved docs (100) is smaller than largest topk for recall score (200)
WARNING:src.hipporag.evaluation.retrieval_eval:Length of retrieved docs (100) is smaller than largest topk for recall score (200)
WARNING:src.hipporag.evaluation.retrieval_eval:Length of retrieved docs (100) is smaller than largest topk for recall score (200)
WARNING:src.hipporag.evaluation.retrieval_eval:Length of retrieved docs (100) is smaller than largest topk for recall score (200)
WARNING:src.hipporag.evaluation.retrieval_eval:Length of retrieved docs (100) is smaller than largest topk for recall score (200)
WARNING:src.hipporag.evaluation.retrieval_eval:Length of retrieved docs (100) is smaller than largest topk for recall score (200)
WARNING:src.hipporag.evaluation.retrieval_eval:Length of retrieved docs (100) is smaller than largest topk for recall score (200)
WARNING:src.hipporag.evaluation.retrieval_eval:Length of retrieved docs (100) is smaller than largest topk for recall score (200)
WARNING:src.hipporag.evaluation.retrieval_eval:Length of retrieved docs (100) is smaller than largest topk for recall score (200)
WARNING:src.hipporag.evaluation.retrieval_eval:Length of retrieved docs (100) is smaller than largest topk for recall score (200)
WARNING:src.hipporag.evaluation.retrieval_eval:Length of retrieved docs (100) is smaller than largest topk for recall score (200)
WARNING:src.hipporag.evaluation.retrieval_eval:Length of retrieved docs (100) is smaller than largest topk for recall score (200)
WARNING:src.hipporag.evaluation.retrieval_eval:Length of retrieved docs (100) is smaller than largest topk for recall score (200)
WARNING:src.hipporag.evaluation.retrieval_eval:Length of retrieved docs (100) is smaller than largest topk for recall score (200)
WARNING:src.hipporag.evaluation.retrieval_eval:Length of retrieved docs (100) is smaller than largest topk for recall score (200)
WARNING:src.hipporag.evaluation.retrieval_eval:Length of retrieved docs (100) is smaller than largest topk for recall score (200)
WARNING:src.hipporag.evaluation.retrieval_eval:Length of retrieved docs (100) is smaller than largest topk for recall score (200)
WARNING:src.hipporag.evaluation.retrieval_eval:Length of retrieved docs (100) is smaller than largest topk for recall score (200)
WARNING:src.hipporag.evaluation.retrieval_eval:Length of retrieved docs (100) is smaller than largest topk for recall score (200)
WARNING:src.hipporag.evaluation.retrieval_eval:Length of retrieved docs (100) is smaller than largest topk for recall score (200)
WARNING:src.hipporag.evaluation.retrieval_eval:Length of retrieved docs (100) is smaller than largest topk for recall score (200)
WARNING:src.hipporag.evaluation.retrieval_eval:Length of retrieved docs (100) is smaller than largest topk for recall score (200)
WARNING:src.hipporag.evaluation.retrieval_eval:Length of retrieved docs (100) is smaller than largest topk for recall score (200)
WARNING:src.hipporag.evaluation.retrieval_eval:Length of retrieved docs (100) is smaller than largest topk for recall score (200)
WARNING:src.hipporag.evaluation.retrieval_eval:Length of retrieved docs (100) is smaller than largest topk for recall score (200)
WARNING:src.hipporag.evaluation.retrieval_eval:Length of retrieved docs (100) is smaller than largest topk for recall score (200)
WARNING:src.hipporag.evaluation.retrieval_eval:Length of retrieved docs (100) is smaller than largest topk for recall score (200)
WARNING:src.hipporag.evaluation.retrieval_eval:Length of retrieved docs (100) is smaller than largest topk for recall score (200)
WARNING:src.hipporag.evaluation.retrieval_eval:Length of retrieved docs (100) is smaller than largest topk for recall score (200)
WARNING:src.hipporag.evaluation.retrieval_eval:Length of retrieved docs (100) is smaller than largest topk for recall score (200)
WARNING:src.hipporag.evaluation.retrieval_eval:Length of retrieved docs (100) is smaller than largest topk for recall score (200)
WARNING:src.hipporag.evaluation.retrieval_eval:Length of retrieved docs (100) is smaller than largest topk for recall score (200)
WARNING:src.hipporag.evaluation.retrieval_eval:Length of retrieved docs (100) is smaller than largest topk for recall score (200)
WARNING:src.hipporag.evaluation.retrieval_eval:Length of retrieved docs (100) is smaller than largest topk for recall score (200)
WARNING:src.hipporag.evaluation.retrieval_eval:Length of retrieved docs (100) is smaller than largest topk for recall score (200)
WARNING:src.hipporag.evaluation.retrieval_eval:Length of retrieved docs (100) is smaller than largest topk for recall score (200)
WARNING:src.hipporag.evaluation.retrieval_eval:Length of retrieved docs (100) is smaller than largest topk for recall score (200)
WARNING:src.hipporag.evaluation.retrieval_eval:Length of retrieved docs (100) is smaller than largest topk for recall score (200)
WARNING:src.hipporag.evaluation.retrieval_eval:Length of retrieved docs (100) is smaller than largest topk for recall score (200)
WARNING:src.hipporag.evaluation.retrieval_eval:Length of retrieved docs (100) is smaller than largest topk for recall score (200)
WARNING:src.hipporag.evaluation.retrieval_eval:Length of retrieved docs (100) is smaller than largest topk for recall score (200)
WARNING:src.hipporag.evaluation.retrieval_eval:Length of retrieved docs (100) is smaller than largest topk for recall score (200)
WARNING:src.hipporag.evaluation.retrieval_eval:Length of retrieved docs (100) is smaller than largest topk for recall score (200)
WARNING:src.hipporag.evaluation.retrieval_eval:Length of retrieved docs (100) is smaller than largest topk for recall score (200)
WARNING:src.hipporag.evaluation.retrieval_eval:Length of retrieved docs (100) is smaller than largest topk for recall score (200)
WARNING:src.hipporag.evaluation.retrieval_eval:Length of retrieved docs (100) is smaller than largest topk for recall score (200)
WARNING:src.hipporag.evaluation.retrieval_eval:Length of retrieved docs (100) is smaller than largest topk for recall score (200)
WARNING:src.hipporag.evaluation.retrieval_eval:Length of retrieved docs (100) is smaller than largest topk for recall score (200)
WARNING:src.hipporag.evaluation.retrieval_eval:Length of retrieved docs (100) is smaller than largest topk for recall score (200)
WARNING:src.hipporag.evaluation.retrieval_eval:Length of retrieved docs (100) is smaller than largest topk for recall score (200)
WARNING:src.hipporag.evaluation.retrieval_eval:Length of retrieved docs (100) is smaller than largest topk for recall score (200)
WARNING:src.hipporag.evaluation.retrieval_eval:Length of retrieved docs (100) is smaller than largest topk for recall score (200)
WARNING:src.hipporag.evaluation.retrieval_eval:Length of retrieved docs (100) is smaller than largest topk for recall score (200)
WARNING:src.hipporag.evaluation.retrieval_eval:Length of retrieved docs (100) is smaller than largest topk for recall score (200)
WARNING:src.hipporag.evaluation.retrieval_eval:Length of retrieved docs (100) is smaller than largest topk for recall score (200)
WARNING:src.hipporag.evaluation.retrieval_eval:Length of retrieved docs (100) is smaller than largest topk for recall score (200)
WARNING:src.hipporag.evaluation.retrieval_eval:Length of retrieved docs (100) is smaller than largest topk for recall score (200)
WARNING:src.hipporag.evaluation.retrieval_eval:Length of retrieved docs (100) is smaller than largest topk for recall score (200)
WARNING:src.hipporag.evaluation.retrieval_eval:Length of retrieved docs (100) is smaller than largest topk for recall score (200)
WARNING:src.hipporag.evaluation.retrieval_eval:Length of retrieved docs (100) is smaller than largest topk for recall score (200)
WARNING:src.hipporag.evaluation.retrieval_eval:Length of retrieved docs (100) is smaller than largest topk for recall score (200)
WARNING:src.hipporag.evaluation.retrieval_eval:Length of retrieved docs (100) is smaller than largest topk for recall score (200)
WARNING:src.hipporag.evaluation.retrieval_eval:Length of retrieved docs (100) is smaller than largest topk for recall score (200)
WARNING:src.hipporag.evaluation.retrieval_eval:Length of retrieved docs (100) is smaller than largest topk for recall score (200)
WARNING:src.hipporag.evaluation.retrieval_eval:Length of retrieved docs (100) is smaller than largest topk for recall score (200)
WARNING:src.hipporag.evaluation.retrieval_eval:Length of retrieved docs (100) is smaller than largest topk for recall score (200)
WARNING:src.hipporag.evaluation.retrieval_eval:Length of retrieved docs (100) is smaller than largest topk for recall score (200)
WARNING:src.hipporag.evaluation.retrieval_eval:Length of retrieved docs (100) is smaller than largest topk for recall score (200)
WARNING:src.hipporag.evaluation.retrieval_eval:Length of retrieved docs (100) is smaller than largest topk for recall score (200)
WARNING:src.hipporag.evaluation.retrieval_eval:Length of retrieved docs (100) is smaller than largest topk for recall score (200)
WARNING:src.hipporag.evaluation.retrieval_eval:Length of retrieved docs (100) is smaller than largest topk for recall score (200)
WARNING:src.hipporag.evaluation.retrieval_eval:Length of retrieved docs (100) is smaller than largest topk for recall score (200)
WARNING:src.hipporag.evaluation.retrieval_eval:Length of retrieved docs (100) is smaller than largest topk for recall score (200)
WARNING:src.hipporag.evaluation.retrieval_eval:Length of retrieved docs (100) is smaller than largest topk for recall score (200)
WARNING:src.hipporag.evaluation.retrieval_eval:Length of retrieved docs (100) is smaller than largest topk for recall score (200)
WARNING:src.hipporag.evaluation.retrieval_eval:Length of retrieved docs (100) is smaller than largest topk for recall score (200)
WARNING:src.hipporag.evaluation.retrieval_eval:Length of retrieved docs (100) is smaller than largest topk for recall score (200)
WARNING:src.hipporag.evaluation.retrieval_eval:Length of retrieved docs (100) is smaller than largest topk for recall score (200)
WARNING:src.hipporag.evaluation.retrieval_eval:Length of retrieved docs (100) is smaller than largest topk for recall score (200)
WARNING:src.hipporag.evaluation.retrieval_eval:Length of retrieved docs (100) is smaller than largest topk for recall score (200)
WARNING:src.hipporag.evaluation.retrieval_eval:Length of retrieved docs (100) is smaller than largest topk for recall score (200)
WARNING:src.hipporag.evaluation.retrieval_eval:Length of retrieved docs (100) is smaller than largest topk for recall score (200)
WARNING:src.hipporag.evaluation.retrieval_eval:Length of retrieved docs (100) is smaller than largest topk for recall score (200)
WARNING:src.hipporag.evaluation.retrieval_eval:Length of retrieved docs (100) is smaller than largest topk for recall score (200)
WARNING:src.hipporag.evaluation.retrieval_eval:Length of retrieved docs (100) is smaller than largest topk for recall score (200)
WARNING:src.hipporag.evaluation.retrieval_eval:Length of retrieved docs (100) is smaller than largest topk for recall score (200)
WARNING:src.hipporag.evaluation.retrieval_eval:Length of retrieved docs (100) is smaller than largest topk for recall score (200)
WARNING:src.hipporag.evaluation.retrieval_eval:Length of retrieved docs (100) is smaller than largest topk for recall score (200)
WARNING:src.hipporag.evaluation.retrieval_eval:Length of retrieved docs (100) is smaller than largest topk for recall score (200)
WARNING:src.hipporag.evaluation.retrieval_eval:Length of retrieved docs (100) is smaller than largest topk for recall score (200)
WARNING:src.hipporag.evaluation.retrieval_eval:Length of retrieved docs (100) is smaller than largest topk for recall score (200)
WARNING:src.hipporag.evaluation.retrieval_eval:Length of retrieved docs (100) is smaller than largest topk for recall score (200)
WARNING:src.hipporag.evaluation.retrieval_eval:Length of retrieved docs (100) is smaller than largest topk for recall score (200)
WARNING:src.hipporag.evaluation.retrieval_eval:Length of retrieved docs (100) is smaller than largest topk for recall score (200)
WARNING:src.hipporag.evaluation.retrieval_eval:Length of retrieved docs (100) is smaller than largest topk for recall score (200)
WARNING:src.hipporag.evaluation.retrieval_eval:Length of retrieved docs (100) is smaller than largest topk for recall score (200)
WARNING:src.hipporag.evaluation.retrieval_eval:Length of retrieved docs (100) is smaller than largest topk for recall score (200)
WARNING:src.hipporag.evaluation.retrieval_eval:Length of retrieved docs (100) is smaller than largest topk for recall score (200)
WARNING:src.hipporag.evaluation.retrieval_eval:Length of retrieved docs (100) is smaller than largest topk for recall score (200)
WARNING:src.hipporag.evaluation.retrieval_eval:Length of retrieved docs (100) is smaller than largest topk for recall score (200)
WARNING:src.hipporag.evaluation.retrieval_eval:Length of retrieved docs (100) is smaller than largest topk for recall score (200)
WARNING:src.hipporag.evaluation.retrieval_eval:Length of retrieved docs (100) is smaller than largest topk for recall score (200)
WARNING:src.hipporag.evaluation.retrieval_eval:Length of retrieved docs (100) is smaller than largest topk for recall score (200)
WARNING:src.hipporag.evaluation.retrieval_eval:Length of retrieved docs (100) is smaller than largest topk for recall score (200)
WARNING:src.hipporag.evaluation.retrieval_eval:Length of retrieved docs (100) is smaller than largest topk for recall score (200)
WARNING:src.hipporag.evaluation.retrieval_eval:Length of retrieved docs (100) is smaller than largest topk for recall score (200)
WARNING:src.hipporag.evaluation.retrieval_eval:Length of retrieved docs (100) is smaller than largest topk for recall score (200)
WARNING:src.hipporag.evaluation.retrieval_eval:Length of retrieved docs (100) is smaller than largest topk for recall score (200)
WARNING:src.hipporag.evaluation.retrieval_eval:Length of retrieved docs (100) is smaller than largest topk for recall score (200)
WARNING:src.hipporag.evaluation.retrieval_eval:Length of retrieved docs (100) is smaller than largest topk for recall score (200)
WARNING:src.hipporag.evaluation.retrieval_eval:Length of retrieved docs (100) is smaller than largest topk for recall score (200)
WARNING:src.hipporag.evaluation.retrieval_eval:Length of retrieved docs (100) is smaller than largest topk for recall score (200)
WARNING:src.hipporag.evaluation.retrieval_eval:Length of retrieved docs (100) is smaller than largest topk for recall score (200)
WARNING:src.hipporag.evaluation.retrieval_eval:Length of retrieved docs (100) is smaller than largest topk for recall score (200)
WARNING:src.hipporag.evaluation.retrieval_eval:Length of retrieved docs (100) is smaller than largest topk for recall score (200)
WARNING:src.hipporag.evaluation.retrieval_eval:Length of retrieved docs (100) is smaller than largest topk for recall score (200)
WARNING:src.hipporag.evaluation.retrieval_eval:Length of retrieved docs (100) is smaller than largest topk for recall score (200)
WARNING:src.hipporag.evaluation.retrieval_eval:Length of retrieved docs (100) is smaller than largest topk for recall score (200)
WARNING:src.hipporag.evaluation.retrieval_eval:Length of retrieved docs (100) is smaller than largest topk for recall score (200)
WARNING:src.hipporag.evaluation.retrieval_eval:Length of retrieved docs (100) is smaller than largest topk for recall score (200)
WARNING:src.hipporag.evaluation.retrieval_eval:Length of retrieved docs (100) is smaller than largest topk for recall score (200)
WARNING:src.hipporag.evaluation.retrieval_eval:Length of retrieved docs (100) is smaller than largest topk for recall score (200)
WARNING:src.hipporag.evaluation.retrieval_eval:Length of retrieved docs (100) is smaller than largest topk for recall score (200)
WARNING:src.hipporag.evaluation.retrieval_eval:Length of retrieved docs (100) is smaller than largest topk for recall score (200)
WARNING:src.hipporag.evaluation.retrieval_eval:Length of retrieved docs (100) is smaller than largest topk for recall score (200)
WARNING:src.hipporag.evaluation.retrieval_eval:Length of retrieved docs (100) is smaller than largest topk for recall score (200)
WARNING:src.hipporag.evaluation.retrieval_eval:Length of retrieved docs (100) is smaller than largest topk for recall score (200)
WARNING:src.hipporag.evaluation.retrieval_eval:Length of retrieved docs (100) is smaller than largest topk for recall score (200)
WARNING:src.hipporag.evaluation.retrieval_eval:Length of retrieved docs (100) is smaller than largest topk for recall score (200)
WARNING:src.hipporag.evaluation.retrieval_eval:Length of retrieved docs (100) is smaller than largest topk for recall score (200)
WARNING:src.hipporag.evaluation.retrieval_eval:Length of retrieved docs (100) is smaller than largest topk for recall score (200)
WARNING:src.hipporag.evaluation.retrieval_eval:Length of retrieved docs (100) is smaller than largest topk for recall score (200)
WARNING:src.hipporag.evaluation.retrieval_eval:Length of retrieved docs (100) is smaller than largest topk for recall score (200)
WARNING:src.hipporag.evaluation.retrieval_eval:Length of retrieved docs (100) is smaller than largest topk for recall score (200)
WARNING:src.hipporag.evaluation.retrieval_eval:Length of retrieved docs (100) is smaller than largest topk for recall score (200)
WARNING:src.hipporag.evaluation.retrieval_eval:Length of retrieved docs (100) is smaller than largest topk for recall score (200)
WARNING:src.hipporag.evaluation.retrieval_eval:Length of retrieved docs (100) is smaller than largest topk for recall score (200)
WARNING:src.hipporag.evaluation.retrieval_eval:Length of retrieved docs (100) is smaller than largest topk for recall score (200)
WARNING:src.hipporag.evaluation.retrieval_eval:Length of retrieved docs (100) is smaller than largest topk for recall score (200)
WARNING:src.hipporag.evaluation.retrieval_eval:Length of retrieved docs (100) is smaller than largest topk for recall score (200)
WARNING:src.hipporag.evaluation.retrieval_eval:Length of retrieved docs (100) is smaller than largest topk for recall score (200)
WARNING:src.hipporag.evaluation.retrieval_eval:Length of retrieved docs (100) is smaller than largest topk for recall score (200)
WARNING:src.hipporag.evaluation.retrieval_eval:Length of retrieved docs (100) is smaller than largest topk for recall score (200)
WARNING:src.hipporag.evaluation.retrieval_eval:Length of retrieved docs (100) is smaller than largest topk for recall score (200)
WARNING:src.hipporag.evaluation.retrieval_eval:Length of retrieved docs (100) is smaller than largest topk for recall score (200)
WARNING:src.hipporag.evaluation.retrieval_eval:Length of retrieved docs (100) is smaller than largest topk for recall score (200)
WARNING:src.hipporag.evaluation.retrieval_eval:Length of retrieved docs (100) is smaller than largest topk for recall score (200)
WARNING:src.hipporag.evaluation.retrieval_eval:Length of retrieved docs (100) is smaller than largest topk for recall score (200)
WARNING:src.hipporag.evaluation.retrieval_eval:Length of retrieved docs (100) is smaller than largest topk for recall score (200)
WARNING:src.hipporag.evaluation.retrieval_eval:Length of retrieved docs (100) is smaller than largest topk for recall score (200)
WARNING:src.hipporag.evaluation.retrieval_eval:Length of retrieved docs (100) is smaller than largest topk for recall score (200)
WARNING:src.hipporag.evaluation.retrieval_eval:Length of retrieved docs (100) is smaller than largest topk for recall score (200)
WARNING:src.hipporag.evaluation.retrieval_eval:Length of retrieved docs (100) is smaller than largest topk for recall score (200)
WARNING:src.hipporag.evaluation.retrieval_eval:Length of retrieved docs (100) is smaller than largest topk for recall score (200)
WARNING:src.hipporag.evaluation.retrieval_eval:Length of retrieved docs (100) is smaller than largest topk for recall score (200)
WARNING:src.hipporag.evaluation.retrieval_eval:Length of retrieved docs (100) is smaller than largest topk for recall score (200)
WARNING:src.hipporag.evaluation.retrieval_eval:Length of retrieved docs (100) is smaller than largest topk for recall score (200)
WARNING:src.hipporag.evaluation.retrieval_eval:Length of retrieved docs (100) is smaller than largest topk for recall score (200)
WARNING:src.hipporag.evaluation.retrieval_eval:Length of retrieved docs (100) is smaller than largest topk for recall score (200)
WARNING:src.hipporag.evaluation.retrieval_eval:Length of retrieved docs (100) is smaller than largest topk for recall score (200)
WARNING:src.hipporag.evaluation.retrieval_eval:Length of retrieved docs (100) is smaller than largest topk for recall score (200)
WARNING:src.hipporag.evaluation.retrieval_eval:Length of retrieved docs (100) is smaller than largest topk for recall score (200)
WARNING:src.hipporag.evaluation.retrieval_eval:Length of retrieved docs (100) is smaller than largest topk for recall score (200)
WARNING:src.hipporag.evaluation.retrieval_eval:Length of retrieved docs (100) is smaller than largest topk for recall score (200)
WARNING:src.hipporag.evaluation.retrieval_eval:Length of retrieved docs (100) is smaller than largest topk for recall score (200)
WARNING:src.hipporag.evaluation.retrieval_eval:Length of retrieved docs (100) is smaller than largest topk for recall score (200)
WARNING:src.hipporag.evaluation.retrieval_eval:Length of retrieved docs (100) is smaller than largest topk for recall score (200)
WARNING:src.hipporag.evaluation.retrieval_eval:Length of retrieved docs (100) is smaller than largest topk for recall score (200)
WARNING:src.hipporag.evaluation.retrieval_eval:Length of retrieved docs (100) is smaller than largest topk for recall score (200)
WARNING:src.hipporag.evaluation.retrieval_eval:Length of retrieved docs (100) is smaller than largest topk for recall score (200)
WARNING:src.hipporag.evaluation.retrieval_eval:Length of retrieved docs (100) is smaller than largest topk for recall score (200)
WARNING:src.hipporag.evaluation.retrieval_eval:Length of retrieved docs (100) is smaller than largest topk for recall score (200)
WARNING:src.hipporag.evaluation.retrieval_eval:Length of retrieved docs (100) is smaller than largest topk for recall score (200)
WARNING:src.hipporag.evaluation.retrieval_eval:Length of retrieved docs (100) is smaller than largest topk for recall score (200)
WARNING:src.hipporag.evaluation.retrieval_eval:Length of retrieved docs (100) is smaller than largest topk for recall score (200)
WARNING:src.hipporag.evaluation.retrieval_eval:Length of retrieved docs (100) is smaller than largest topk for recall score (200)
WARNING:src.hipporag.evaluation.retrieval_eval:Length of retrieved docs (100) is smaller than largest topk for recall score (200)
WARNING:src.hipporag.evaluation.retrieval_eval:Length of retrieved docs (100) is smaller than largest topk for recall score (200)
WARNING:src.hipporag.evaluation.retrieval_eval:Length of retrieved docs (100) is smaller than largest topk for recall score (200)
WARNING:src.hipporag.evaluation.retrieval_eval:Length of retrieved docs (100) is smaller than largest topk for recall score (200)
WARNING:src.hipporag.evaluation.retrieval_eval:Length of retrieved docs (100) is smaller than largest topk for recall score (200)
WARNING:src.hipporag.evaluation.retrieval_eval:Length of retrieved docs (100) is smaller than largest topk for recall score (200)
WARNING:src.hipporag.evaluation.retrieval_eval:Length of retrieved docs (100) is smaller than largest topk for recall score (200)
WARNING:src.hipporag.evaluation.retrieval_eval:Length of retrieved docs (100) is smaller than largest topk for recall score (200)
WARNING:src.hipporag.evaluation.retrieval_eval:Length of retrieved docs (100) is smaller than largest topk for recall score (200)
WARNING:src.hipporag.evaluation.retrieval_eval:Length of retrieved docs (100) is smaller than largest topk for recall score (200)
WARNING:src.hipporag.evaluation.retrieval_eval:Length of retrieved docs (100) is smaller than largest topk for recall score (200)
WARNING:src.hipporag.evaluation.retrieval_eval:Length of retrieved docs (100) is smaller than largest topk for recall score (200)
WARNING:src.hipporag.evaluation.retrieval_eval:Length of retrieved docs (100) is smaller than largest topk for recall score (200)
WARNING:src.hipporag.evaluation.retrieval_eval:Length of retrieved docs (100) is smaller than largest topk for recall score (200)
WARNING:src.hipporag.evaluation.retrieval_eval:Length of retrieved docs (100) is smaller than largest topk for recall score (200)
WARNING:src.hipporag.evaluation.retrieval_eval:Length of retrieved docs (100) is smaller than largest topk for recall score (200)
WARNING:src.hipporag.evaluation.retrieval_eval:Length of retrieved docs (100) is smaller than largest topk for recall score (200)
WARNING:src.hipporag.evaluation.retrieval_eval:Length of retrieved docs (100) is smaller than largest topk for recall score (200)
WARNING:src.hipporag.evaluation.retrieval_eval:Length of retrieved docs (100) is smaller than largest topk for recall score (200)
WARNING:src.hipporag.evaluation.retrieval_eval:Length of retrieved docs (100) is smaller than largest topk for recall score (200)
WARNING:src.hipporag.evaluation.retrieval_eval:Length of retrieved docs (100) is smaller than largest topk for recall score (200)
WARNING:src.hipporag.evaluation.retrieval_eval:Length of retrieved docs (100) is smaller than largest topk for recall score (200)
WARNING:src.hipporag.evaluation.retrieval_eval:Length of retrieved docs (100) is smaller than largest topk for recall score (200)
WARNING:src.hipporag.evaluation.retrieval_eval:Length of retrieved docs (100) is smaller than largest topk for recall score (200)
WARNING:src.hipporag.evaluation.retrieval_eval:Length of retrieved docs (100) is smaller than largest topk for recall score (200)
WARNING:src.hipporag.evaluation.retrieval_eval:Length of retrieved docs (100) is smaller than largest topk for recall score (200)
WARNING:src.hipporag.evaluation.retrieval_eval:Length of retrieved docs (100) is smaller than largest topk for recall score (200)
WARNING:src.hipporag.evaluation.retrieval_eval:Length of retrieved docs (100) is smaller than largest topk for recall score (200)
WARNING:src.hipporag.evaluation.retrieval_eval:Length of retrieved docs (100) is smaller than largest topk for recall score (200)
WARNING:src.hipporag.evaluation.retrieval_eval:Length of retrieved docs (100) is smaller than largest topk for recall score (200)
WARNING:src.hipporag.evaluation.retrieval_eval:Length of retrieved docs (100) is smaller than largest topk for recall score (200)
WARNING:src.hipporag.evaluation.retrieval_eval:Length of retrieved docs (100) is smaller than largest topk for recall score (200)
WARNING:src.hipporag.evaluation.retrieval_eval:Length of retrieved docs (100) is smaller than largest topk for recall score (200)
WARNING:src.hipporag.evaluation.retrieval_eval:Length of retrieved docs (100) is smaller than largest topk for recall score (200)
WARNING:src.hipporag.evaluation.retrieval_eval:Length of retrieved docs (100) is smaller than largest topk for recall score (200)
WARNING:src.hipporag.evaluation.retrieval_eval:Length of retrieved docs (100) is smaller than largest topk for recall score (200)
WARNING:src.hipporag.evaluation.retrieval_eval:Length of retrieved docs (100) is smaller than largest topk for recall score (200)
WARNING:src.hipporag.evaluation.retrieval_eval:Length of retrieved docs (100) is smaller than largest topk for recall score (200)
WARNING:src.hipporag.evaluation.retrieval_eval:Length of retrieved docs (100) is smaller than largest topk for recall score (200)
WARNING:src.hipporag.evaluation.retrieval_eval:Length of retrieved docs (100) is smaller than largest topk for recall score (200)
WARNING:src.hipporag.evaluation.retrieval_eval:Length of retrieved docs (100) is smaller than largest topk for recall score (200)
WARNING:src.hipporag.evaluation.retrieval_eval:Length of retrieved docs (100) is smaller than largest topk for recall score (200)
WARNING:src.hipporag.evaluation.retrieval_eval:Length of retrieved docs (100) is smaller than largest topk for recall score (200)
WARNING:src.hipporag.evaluation.retrieval_eval:Length of retrieved docs (100) is smaller than largest topk for recall score (200)
WARNING:src.hipporag.evaluation.retrieval_eval:Length of retrieved docs (100) is smaller than largest topk for recall score (200)
WARNING:src.hipporag.evaluation.retrieval_eval:Length of retrieved docs (100) is smaller than largest topk for recall score (200)
WARNING:src.hipporag.evaluation.retrieval_eval:Length of retrieved docs (100) is smaller than largest topk for recall score (200)
WARNING:src.hipporag.evaluation.retrieval_eval:Length of retrieved docs (100) is smaller than largest topk for recall score (200)
WARNING:src.hipporag.evaluation.retrieval_eval:Length of retrieved docs (100) is smaller than largest topk for recall score (200)
WARNING:src.hipporag.evaluation.retrieval_eval:Length of retrieved docs (100) is smaller than largest topk for recall score (200)
WARNING:src.hipporag.evaluation.retrieval_eval:Length of retrieved docs (100) is smaller than largest topk for recall score (200)
WARNING:src.hipporag.evaluation.retrieval_eval:Length of retrieved docs (100) is smaller than largest topk for recall score (200)
WARNING:src.hipporag.evaluation.retrieval_eval:Length of retrieved docs (100) is smaller than largest topk for recall score (200)
WARNING:src.hipporag.evaluation.retrieval_eval:Length of retrieved docs (100) is smaller than largest topk for recall score (200)
WARNING:src.hipporag.evaluation.retrieval_eval:Length of retrieved docs (100) is smaller than largest topk for recall score (200)
WARNING:src.hipporag.evaluation.retrieval_eval:Length of retrieved docs (100) is smaller than largest topk for recall score (200)
WARNING:src.hipporag.evaluation.retrieval_eval:Length of retrieved docs (100) is smaller than largest topk for recall score (200)
WARNING:src.hipporag.evaluation.retrieval_eval:Length of retrieved docs (100) is smaller than largest topk for recall score (200)
WARNING:src.hipporag.evaluation.retrieval_eval:Length of retrieved docs (100) is smaller than largest topk for recall score (200)
WARNING:src.hipporag.evaluation.retrieval_eval:Length of retrieved docs (100) is smaller than largest topk for recall score (200)
WARNING:src.hipporag.evaluation.retrieval_eval:Length of retrieved docs (100) is smaller than largest topk for recall score (200)
WARNING:src.hipporag.evaluation.retrieval_eval:Length of retrieved docs (100) is smaller than largest topk for recall score (200)
WARNING:src.hipporag.evaluation.retrieval_eval:Length of retrieved docs (100) is smaller than largest topk for recall score (200)
WARNING:src.hipporag.evaluation.retrieval_eval:Length of retrieved docs (100) is smaller than largest topk for recall score (200)
WARNING:src.hipporag.evaluation.retrieval_eval:Length of retrieved docs (100) is smaller than largest topk for recall score (200)
WARNING:src.hipporag.evaluation.retrieval_eval:Length of retrieved docs (100) is smaller than largest topk for recall score (200)
WARNING:src.hipporag.evaluation.retrieval_eval:Length of retrieved docs (100) is smaller than largest topk for recall score (200)
WARNING:src.hipporag.evaluation.retrieval_eval:Length of retrieved docs (100) is smaller than largest topk for recall score (200)
WARNING:src.hipporag.evaluation.retrieval_eval:Length of retrieved docs (100) is smaller than largest topk for recall score (200)
WARNING:src.hipporag.evaluation.retrieval_eval:Length of retrieved docs (100) is smaller than largest topk for recall score (200)
WARNING:src.hipporag.evaluation.retrieval_eval:Length of retrieved docs (100) is smaller than largest topk for recall score (200)
WARNING:src.hipporag.evaluation.retrieval_eval:Length of retrieved docs (100) is smaller than largest topk for recall score (200)
WARNING:src.hipporag.evaluation.retrieval_eval:Length of retrieved docs (100) is smaller than largest topk for recall score (200)
WARNING:src.hipporag.evaluation.retrieval_eval:Length of retrieved docs (100) is smaller than largest topk for recall score (200)
WARNING:src.hipporag.evaluation.retrieval_eval:Length of retrieved docs (100) is smaller than largest topk for recall score (200)
WARNING:src.hipporag.evaluation.retrieval_eval:Length of retrieved docs (100) is smaller than largest topk for recall score (200)
WARNING:src.hipporag.evaluation.retrieval_eval:Length of retrieved docs (100) is smaller than largest topk for recall score (200)
WARNING:src.hipporag.evaluation.retrieval_eval:Length of retrieved docs (100) is smaller than largest topk for recall score (200)
WARNING:src.hipporag.evaluation.retrieval_eval:Length of retrieved docs (100) is smaller than largest topk for recall score (200)
WARNING:src.hipporag.evaluation.retrieval_eval:Length of retrieved docs (100) is smaller than largest topk for recall score (200)
WARNING:src.hipporag.evaluation.retrieval_eval:Length of retrieved docs (100) is smaller than largest topk for recall score (200)
WARNING:src.hipporag.evaluation.retrieval_eval:Length of retrieved docs (100) is smaller than largest topk for recall score (200)
WARNING:src.hipporag.evaluation.retrieval_eval:Length of retrieved docs (100) is smaller than largest topk for recall score (200)
WARNING:src.hipporag.evaluation.retrieval_eval:Length of retrieved docs (100) is smaller than largest topk for recall score (200)
WARNING:src.hipporag.evaluation.retrieval_eval:Length of retrieved docs (100) is smaller than largest topk for recall score (200)
WARNING:src.hipporag.evaluation.retrieval_eval:Length of retrieved docs (100) is smaller than largest topk for recall score (200)
WARNING:src.hipporag.evaluation.retrieval_eval:Length of retrieved docs (100) is smaller than largest topk for recall score (200)
WARNING:src.hipporag.evaluation.retrieval_eval:Length of retrieved docs (100) is smaller than largest topk for recall score (200)
WARNING:src.hipporag.evaluation.retrieval_eval:Length of retrieved docs (100) is smaller than largest topk for recall score (200)
WARNING:src.hipporag.evaluation.retrieval_eval:Length of retrieved docs (100) is smaller than largest topk for recall score (200)
WARNING:src.hipporag.evaluation.retrieval_eval:Length of retrieved docs (100) is smaller than largest topk for recall score (200)
WARNING:src.hipporag.evaluation.retrieval_eval:Length of retrieved docs (100) is smaller than largest topk for recall score (200)
WARNING:src.hipporag.evaluation.retrieval_eval:Length of retrieved docs (100) is smaller than largest topk for recall score (200)
WARNING:src.hipporag.evaluation.retrieval_eval:Length of retrieved docs (100) is smaller than largest topk for recall score (200)
WARNING:src.hipporag.evaluation.retrieval_eval:Length of retrieved docs (100) is smaller than largest topk for recall score (200)
WARNING:src.hipporag.evaluation.retrieval_eval:Length of retrieved docs (100) is smaller than largest topk for recall score (200)
WARNING:src.hipporag.evaluation.retrieval_eval:Length of retrieved docs (100) is smaller than largest topk for recall score (200)
WARNING:src.hipporag.evaluation.retrieval_eval:Length of retrieved docs (100) is smaller than largest topk for recall score (200)
WARNING:src.hipporag.evaluation.retrieval_eval:Length of retrieved docs (100) is smaller than largest topk for recall score (200)
WARNING:src.hipporag.evaluation.retrieval_eval:Length of retrieved docs (100) is smaller than largest topk for recall score (200)
WARNING:src.hipporag.evaluation.retrieval_eval:Length of retrieved docs (100) is smaller than largest topk for recall score (200)
WARNING:src.hipporag.evaluation.retrieval_eval:Length of retrieved docs (100) is smaller than largest topk for recall score (200)
WARNING:src.hipporag.evaluation.retrieval_eval:Length of retrieved docs (100) is smaller than largest topk for recall score (200)
WARNING:src.hipporag.evaluation.retrieval_eval:Length of retrieved docs (100) is smaller than largest topk for recall score (200)
WARNING:src.hipporag.evaluation.retrieval_eval:Length of retrieved docs (100) is smaller than largest topk for recall score (200)
WARNING:src.hipporag.evaluation.retrieval_eval:Length of retrieved docs (100) is smaller than largest topk for recall score (200)
WARNING:src.hipporag.evaluation.retrieval_eval:Length of retrieved docs (100) is smaller than largest topk for recall score (200)
WARNING:src.hipporag.evaluation.retrieval_eval:Length of retrieved docs (100) is smaller than largest topk for recall score (200)
WARNING:src.hipporag.evaluation.retrieval_eval:Length of retrieved docs (100) is smaller than largest topk for recall score (200)
WARNING:src.hipporag.evaluation.retrieval_eval:Length of retrieved docs (100) is smaller than largest topk for recall score (200)
WARNING:src.hipporag.evaluation.retrieval_eval:Length of retrieved docs (100) is smaller than largest topk for recall score (200)
WARNING:src.hipporag.evaluation.retrieval_eval:Length of retrieved docs (100) is smaller than largest topk for recall score (200)
WARNING:src.hipporag.evaluation.retrieval_eval:Length of retrieved docs (100) is smaller than largest topk for recall score (200)
WARNING:src.hipporag.evaluation.retrieval_eval:Length of retrieved docs (100) is smaller than largest topk for recall score (200)
WARNING:src.hipporag.evaluation.retrieval_eval:Length of retrieved docs (100) is smaller than largest topk for recall score (200)
WARNING:src.hipporag.evaluation.retrieval_eval:Length of retrieved docs (100) is smaller than largest topk for recall score (200)
WARNING:src.hipporag.evaluation.retrieval_eval:Length of retrieved docs (100) is smaller than largest topk for recall score (200)
WARNING:src.hipporag.evaluation.retrieval_eval:Length of retrieved docs (100) is smaller than largest topk for recall score (200)
WARNING:src.hipporag.evaluation.retrieval_eval:Length of retrieved docs (100) is smaller than largest topk for recall score (200)
WARNING:src.hipporag.evaluation.retrieval_eval:Length of retrieved docs (100) is smaller than largest topk for recall score (200)
WARNING:src.hipporag.evaluation.retrieval_eval:Length of retrieved docs (100) is smaller than largest topk for recall score (200)
WARNING:src.hipporag.evaluation.retrieval_eval:Length of retrieved docs (100) is smaller than largest topk for recall score (200)
WARNING:src.hipporag.evaluation.retrieval_eval:Length of retrieved docs (100) is smaller than largest topk for recall score (200)
WARNING:src.hipporag.evaluation.retrieval_eval:Length of retrieved docs (100) is smaller than largest topk for recall score (200)
WARNING:src.hipporag.evaluation.retrieval_eval:Length of retrieved docs (100) is smaller than largest topk for recall score (200)
WARNING:src.hipporag.evaluation.retrieval_eval:Length of retrieved docs (100) is smaller than largest topk for recall score (200)
WARNING:src.hipporag.evaluation.retrieval_eval:Length of retrieved docs (100) is smaller than largest topk for recall score (200)
WARNING:src.hipporag.evaluation.retrieval_eval:Length of retrieved docs (100) is smaller than largest topk for recall score (200)
WARNING:src.hipporag.evaluation.retrieval_eval:Length of retrieved docs (100) is smaller than largest topk for recall score (200)
WARNING:src.hipporag.evaluation.retrieval_eval:Length of retrieved docs (100) is smaller than largest topk for recall score (200)
WARNING:src.hipporag.evaluation.retrieval_eval:Length of retrieved docs (100) is smaller than largest topk for recall score (200)
WARNING:src.hipporag.evaluation.retrieval_eval:Length of retrieved docs (100) is smaller than largest topk for recall score (200)
WARNING:src.hipporag.evaluation.retrieval_eval:Length of retrieved docs (100) is smaller than largest topk for recall score (200)
WARNING:src.hipporag.evaluation.retrieval_eval:Length of retrieved docs (100) is smaller than largest topk for recall score (200)
WARNING:src.hipporag.evaluation.retrieval_eval:Length of retrieved docs (100) is smaller than largest topk for recall score (200)
WARNING:src.hipporag.evaluation.retrieval_eval:Length of retrieved docs (100) is smaller than largest topk for recall score (200)
WARNING:src.hipporag.evaluation.retrieval_eval:Length of retrieved docs (100) is smaller than largest topk for recall score (200)
WARNING:src.hipporag.evaluation.retrieval_eval:Length of retrieved docs (100) is smaller than largest topk for recall score (200)
WARNING:src.hipporag.evaluation.retrieval_eval:Length of retrieved docs (100) is smaller than largest topk for recall score (200)
WARNING:src.hipporag.evaluation.retrieval_eval:Length of retrieved docs (100) is smaller than largest topk for recall score (200)
WARNING:src.hipporag.evaluation.retrieval_eval:Length of retrieved docs (100) is smaller than largest topk for recall score (200)
WARNING:src.hipporag.evaluation.retrieval_eval:Length of retrieved docs (100) is smaller than largest topk for recall score (200)
WARNING:src.hipporag.evaluation.retrieval_eval:Length of retrieved docs (100) is smaller than largest topk for recall score (200)
WARNING:src.hipporag.evaluation.retrieval_eval:Length of retrieved docs (100) is smaller than largest topk for recall score (200)
WARNING:src.hipporag.evaluation.retrieval_eval:Length of retrieved docs (100) is smaller than largest topk for recall score (200)
WARNING:src.hipporag.evaluation.retrieval_eval:Length of retrieved docs (100) is smaller than largest topk for recall score (200)
WARNING:src.hipporag.evaluation.retrieval_eval:Length of retrieved docs (100) is smaller than largest topk for recall score (200)
WARNING:src.hipporag.evaluation.retrieval_eval:Length of retrieved docs (100) is smaller than largest topk for recall score (200)
WARNING:src.hipporag.evaluation.retrieval_eval:Length of retrieved docs (100) is smaller than largest topk for recall score (200)
WARNING:src.hipporag.evaluation.retrieval_eval:Length of retrieved docs (100) is smaller than largest topk for recall score (200)
WARNING:src.hipporag.evaluation.retrieval_eval:Length of retrieved docs (100) is smaller than largest topk for recall score (200)
WARNING:src.hipporag.evaluation.retrieval_eval:Length of retrieved docs (100) is smaller than largest topk for recall score (200)
WARNING:src.hipporag.evaluation.retrieval_eval:Length of retrieved docs (100) is smaller than largest topk for recall score (200)
WARNING:src.hipporag.evaluation.retrieval_eval:Length of retrieved docs (100) is smaller than largest topk for recall score (200)
WARNING:src.hipporag.evaluation.retrieval_eval:Length of retrieved docs (100) is smaller than largest topk for recall score (200)
WARNING:src.hipporag.evaluation.retrieval_eval:Length of retrieved docs (100) is smaller than largest topk for recall score (200)
WARNING:src.hipporag.evaluation.retrieval_eval:Length of retrieved docs (100) is smaller than largest topk for recall score (200)
WARNING:src.hipporag.evaluation.retrieval_eval:Length of retrieved docs (100) is smaller than largest topk for recall score (200)
WARNING:src.hipporag.evaluation.retrieval_eval:Length of retrieved docs (100) is smaller than largest topk for recall score (200)
WARNING:src.hipporag.evaluation.retrieval_eval:Length of retrieved docs (100) is smaller than largest topk for recall score (200)
WARNING:src.hipporag.evaluation.retrieval_eval:Length of retrieved docs (100) is smaller than largest topk for recall score (200)
WARNING:src.hipporag.evaluation.retrieval_eval:Length of retrieved docs (100) is smaller than largest topk for recall score (200)
WARNING:src.hipporag.evaluation.retrieval_eval:Length of retrieved docs (100) is smaller than largest topk for recall score (200)
WARNING:src.hipporag.evaluation.retrieval_eval:Length of retrieved docs (100) is smaller than largest topk for recall score (200)
WARNING:src.hipporag.evaluation.retrieval_eval:Length of retrieved docs (100) is smaller than largest topk for recall score (200)
WARNING:src.hipporag.evaluation.retrieval_eval:Length of retrieved docs (100) is smaller than largest topk for recall score (200)
WARNING:src.hipporag.evaluation.retrieval_eval:Length of retrieved docs (100) is smaller than largest topk for recall score (200)
WARNING:src.hipporag.evaluation.retrieval_eval:Length of retrieved docs (100) is smaller than largest topk for recall score (200)
WARNING:src.hipporag.evaluation.retrieval_eval:Length of retrieved docs (100) is smaller than largest topk for recall score (200)
WARNING:src.hipporag.evaluation.retrieval_eval:Length of retrieved docs (100) is smaller than largest topk for recall score (200)
WARNING:src.hipporag.evaluation.retrieval_eval:Length of retrieved docs (100) is smaller than largest topk for recall score (200)
WARNING:src.hipporag.evaluation.retrieval_eval:Length of retrieved docs (100) is smaller than largest topk for recall score (200)
WARNING:src.hipporag.evaluation.retrieval_eval:Length of retrieved docs (100) is smaller than largest topk for recall score (200)
WARNING:src.hipporag.evaluation.retrieval_eval:Length of retrieved docs (100) is smaller than largest topk for recall score (200)
WARNING:src.hipporag.evaluation.retrieval_eval:Length of retrieved docs (100) is smaller than largest topk for recall score (200)
WARNING:src.hipporag.evaluation.retrieval_eval:Length of retrieved docs (100) is smaller than largest topk for recall score (200)
WARNING:src.hipporag.evaluation.retrieval_eval:Length of retrieved docs (100) is smaller than largest topk for recall score (200)
WARNING:src.hipporag.evaluation.retrieval_eval:Length of retrieved docs (100) is smaller than largest topk for recall score (200)
WARNING:src.hipporag.evaluation.retrieval_eval:Length of retrieved docs (100) is smaller than largest topk for recall score (200)
WARNING:src.hipporag.evaluation.retrieval_eval:Length of retrieved docs (100) is smaller than largest topk for recall score (200)
WARNING:src.hipporag.evaluation.retrieval_eval:Length of retrieved docs (100) is smaller than largest topk for recall score (200)
WARNING:src.hipporag.evaluation.retrieval_eval:Length of retrieved docs (100) is smaller than largest topk for recall score (200)
WARNING:src.hipporag.evaluation.retrieval_eval:Length of retrieved docs (100) is smaller than largest topk for recall score (200)
WARNING:src.hipporag.evaluation.retrieval_eval:Length of retrieved docs (100) is smaller than largest topk for recall score (200)
WARNING:src.hipporag.evaluation.retrieval_eval:Length of retrieved docs (100) is smaller than largest topk for recall score (200)
WARNING:src.hipporag.evaluation.retrieval_eval:Length of retrieved docs (100) is smaller than largest topk for recall score (200)
WARNING:src.hipporag.evaluation.retrieval_eval:Length of retrieved docs (100) is smaller than largest topk for recall score (200)
WARNING:src.hipporag.evaluation.retrieval_eval:Length of retrieved docs (100) is smaller than largest topk for recall score (200)
WARNING:src.hipporag.evaluation.retrieval_eval:Length of retrieved docs (100) is smaller than largest topk for recall score (200)
WARNING:src.hipporag.evaluation.retrieval_eval:Length of retrieved docs (100) is smaller than largest topk for recall score (200)
WARNING:src.hipporag.evaluation.retrieval_eval:Length of retrieved docs (100) is smaller than largest topk for recall score (200)
WARNING:src.hipporag.evaluation.retrieval_eval:Length of retrieved docs (100) is smaller than largest topk for recall score (200)
WARNING:src.hipporag.evaluation.retrieval_eval:Length of retrieved docs (100) is smaller than largest topk for recall score (200)
WARNING:src.hipporag.evaluation.retrieval_eval:Length of retrieved docs (100) is smaller than largest topk for recall score (200)
WARNING:src.hipporag.evaluation.retrieval_eval:Length of retrieved docs (100) is smaller than largest topk for recall score (200)
WARNING:src.hipporag.evaluation.retrieval_eval:Length of retrieved docs (100) is smaller than largest topk for recall score (200)
WARNING:src.hipporag.evaluation.retrieval_eval:Length of retrieved docs (100) is smaller than largest topk for recall score (200)
WARNING:src.hipporag.evaluation.retrieval_eval:Length of retrieved docs (100) is smaller than largest topk for recall score (200)
WARNING:src.hipporag.evaluation.retrieval_eval:Length of retrieved docs (100) is smaller than largest topk for recall score (200)
WARNING:src.hipporag.evaluation.retrieval_eval:Length of retrieved docs (100) is smaller than largest topk for recall score (200)
WARNING:src.hipporag.evaluation.retrieval_eval:Length of retrieved docs (100) is smaller than largest topk for recall score (200)
WARNING:src.hipporag.evaluation.retrieval_eval:Length of retrieved docs (100) is smaller than largest topk for recall score (200)
WARNING:src.hipporag.evaluation.retrieval_eval:Length of retrieved docs (100) is smaller than largest topk for recall score (200)
WARNING:src.hipporag.evaluation.retrieval_eval:Length of retrieved docs (100) is smaller than largest topk for recall score (200)
WARNING:src.hipporag.evaluation.retrieval_eval:Length of retrieved docs (100) is smaller than largest topk for recall score (200)
WARNING:src.hipporag.evaluation.retrieval_eval:Length of retrieved docs (100) is smaller than largest topk for recall score (200)
WARNING:src.hipporag.evaluation.retrieval_eval:Length of retrieved docs (100) is smaller than largest topk for recall score (200)
WARNING:src.hipporag.evaluation.retrieval_eval:Length of retrieved docs (100) is smaller than largest topk for recall score (200)
WARNING:src.hipporag.evaluation.retrieval_eval:Length of retrieved docs (100) is smaller than largest topk for recall score (200)
WARNING:src.hipporag.evaluation.retrieval_eval:Length of retrieved docs (100) is smaller than largest topk for recall score (200)
WARNING:src.hipporag.evaluation.retrieval_eval:Length of retrieved docs (100) is smaller than largest topk for recall score (200)
WARNING:src.hipporag.evaluation.retrieval_eval:Length of retrieved docs (100) is smaller than largest topk for recall score (200)
WARNING:src.hipporag.evaluation.retrieval_eval:Length of retrieved docs (100) is smaller than largest topk for recall score (200)
WARNING:src.hipporag.evaluation.retrieval_eval:Length of retrieved docs (100) is smaller than largest topk for recall score (200)
WARNING:src.hipporag.evaluation.retrieval_eval:Length of retrieved docs (100) is smaller than largest topk for recall score (200)
WARNING:src.hipporag.evaluation.retrieval_eval:Length of retrieved docs (100) is smaller than largest topk for recall score (200)
WARNING:src.hipporag.evaluation.retrieval_eval:Length of retrieved docs (100) is smaller than largest topk for recall score (200)
WARNING:src.hipporag.evaluation.retrieval_eval:Length of retrieved docs (100) is smaller than largest topk for recall score (200)
WARNING:src.hipporag.evaluation.retrieval_eval:Length of retrieved docs (100) is smaller than largest topk for recall score (200)
WARNING:src.hipporag.evaluation.retrieval_eval:Length of retrieved docs (100) is smaller than largest topk for recall score (200)
WARNING:src.hipporag.evaluation.retrieval_eval:Length of retrieved docs (100) is smaller than largest topk for recall score (200)
WARNING:src.hipporag.evaluation.retrieval_eval:Length of retrieved docs (100) is smaller than largest topk for recall score (200)
WARNING:src.hipporag.evaluation.retrieval_eval:Length of retrieved docs (100) is smaller than largest topk for recall score (200)
WARNING:src.hipporag.evaluation.retrieval_eval:Length of retrieved docs (100) is smaller than largest topk for recall score (200)
WARNING:src.hipporag.evaluation.retrieval_eval:Length of retrieved docs (100) is smaller than largest topk for recall score (200)
WARNING:src.hipporag.evaluation.retrieval_eval:Length of retrieved docs (100) is smaller than largest topk for recall score (200)
WARNING:src.hipporag.evaluation.retrieval_eval:Length of retrieved docs (100) is smaller than largest topk for recall score (200)
WARNING:src.hipporag.evaluation.retrieval_eval:Length of retrieved docs (100) is smaller than largest topk for recall score (200)
WARNING:src.hipporag.evaluation.retrieval_eval:Length of retrieved docs (100) is smaller than largest topk for recall score (200)
WARNING:src.hipporag.evaluation.retrieval_eval:Length of retrieved docs (100) is smaller than largest topk for recall score (200)
WARNING:src.hipporag.evaluation.retrieval_eval:Length of retrieved docs (100) is smaller than largest topk for recall score (200)
WARNING:src.hipporag.evaluation.retrieval_eval:Length of retrieved docs (100) is smaller than largest topk for recall score (200)
WARNING:src.hipporag.evaluation.retrieval_eval:Length of retrieved docs (100) is smaller than largest topk for recall score (200)
WARNING:src.hipporag.evaluation.retrieval_eval:Length of retrieved docs (100) is smaller than largest topk for recall score (200)
WARNING:src.hipporag.evaluation.retrieval_eval:Length of retrieved docs (100) is smaller than largest topk for recall score (200)
WARNING:src.hipporag.evaluation.retrieval_eval:Length of retrieved docs (100) is smaller than largest topk for recall score (200)
WARNING:src.hipporag.evaluation.retrieval_eval:Length of retrieved docs (100) is smaller than largest topk for recall score (200)
WARNING:src.hipporag.evaluation.retrieval_eval:Length of retrieved docs (100) is smaller than largest topk for recall score (200)
WARNING:src.hipporag.evaluation.retrieval_eval:Length of retrieved docs (100) is smaller than largest topk for recall score (200)
WARNING:src.hipporag.evaluation.retrieval_eval:Length of retrieved docs (100) is smaller than largest topk for recall score (200)
WARNING:src.hipporag.evaluation.retrieval_eval:Length of retrieved docs (100) is smaller than largest topk for recall score (200)
WARNING:src.hipporag.evaluation.retrieval_eval:Length of retrieved docs (100) is smaller than largest topk for recall score (200)
WARNING:src.hipporag.evaluation.retrieval_eval:Length of retrieved docs (100) is smaller than largest topk for recall score (200)
WARNING:src.hipporag.evaluation.retrieval_eval:Length of retrieved docs (100) is smaller than largest topk for recall score (200)
WARNING:src.hipporag.evaluation.retrieval_eval:Length of retrieved docs (100) is smaller than largest topk for recall score (200)
WARNING:src.hipporag.evaluation.retrieval_eval:Length of retrieved docs (100) is smaller than largest topk for recall score (200)
WARNING:src.hipporag.evaluation.retrieval_eval:Length of retrieved docs (100) is smaller than largest topk for recall score (200)
WARNING:src.hipporag.evaluation.retrieval_eval:Length of retrieved docs (100) is smaller than largest topk for recall score (200)
WARNING:src.hipporag.evaluation.retrieval_eval:Length of retrieved docs (100) is smaller than largest topk for recall score (200)
WARNING:src.hipporag.evaluation.retrieval_eval:Length of retrieved docs (100) is smaller than largest topk for recall score (200)
WARNING:src.hipporag.evaluation.retrieval_eval:Length of retrieved docs (100) is smaller than largest topk for recall score (200)
WARNING:src.hipporag.evaluation.retrieval_eval:Length of retrieved docs (100) is smaller than largest topk for recall score (200)
WARNING:src.hipporag.evaluation.retrieval_eval:Length of retrieved docs (100) is smaller than largest topk for recall score (200)
WARNING:src.hipporag.evaluation.retrieval_eval:Length of retrieved docs (100) is smaller than largest topk for recall score (200)
WARNING:src.hipporag.evaluation.retrieval_eval:Length of retrieved docs (100) is smaller than largest topk for recall score (200)
WARNING:src.hipporag.evaluation.retrieval_eval:Length of retrieved docs (100) is smaller than largest topk for recall score (200)
WARNING:src.hipporag.evaluation.retrieval_eval:Length of retrieved docs (100) is smaller than largest topk for recall score (200)
WARNING:src.hipporag.evaluation.retrieval_eval:Length of retrieved docs (100) is smaller than largest topk for recall score (200)
WARNING:src.hipporag.evaluation.retrieval_eval:Length of retrieved docs (100) is smaller than largest topk for recall score (200)
WARNING:src.hipporag.evaluation.retrieval_eval:Length of retrieved docs (100) is smaller than largest topk for recall score (200)
WARNING:src.hipporag.evaluation.retrieval_eval:Length of retrieved docs (100) is smaller than largest topk for recall score (200)
WARNING:src.hipporag.evaluation.retrieval_eval:Length of retrieved docs (100) is smaller than largest topk for recall score (200)
WARNING:src.hipporag.evaluation.retrieval_eval:Length of retrieved docs (100) is smaller than largest topk for recall score (200)
WARNING:src.hipporag.evaluation.retrieval_eval:Length of retrieved docs (100) is smaller than largest topk for recall score (200)
WARNING:src.hipporag.evaluation.retrieval_eval:Length of retrieved docs (100) is smaller than largest topk for recall score (200)
WARNING:src.hipporag.evaluation.retrieval_eval:Length of retrieved docs (100) is smaller than largest topk for recall score (200)
WARNING:src.hipporag.evaluation.retrieval_eval:Length of retrieved docs (100) is smaller than largest topk for recall score (200)
WARNING:src.hipporag.evaluation.retrieval_eval:Length of retrieved docs (100) is smaller than largest topk for recall score (200)
WARNING:src.hipporag.evaluation.retrieval_eval:Length of retrieved docs (100) is smaller than largest topk for recall score (200)
WARNING:src.hipporag.evaluation.retrieval_eval:Length of retrieved docs (100) is smaller than largest topk for recall score (200)
WARNING:src.hipporag.evaluation.retrieval_eval:Length of retrieved docs (100) is smaller than largest topk for recall score (200)
WARNING:src.hipporag.evaluation.retrieval_eval:Length of retrieved docs (100) is smaller than largest topk for recall score (200)
WARNING:src.hipporag.evaluation.retrieval_eval:Length of retrieved docs (100) is smaller than largest topk for recall score (200)
WARNING:src.hipporag.evaluation.retrieval_eval:Length of retrieved docs (100) is smaller than largest topk for recall score (200)
WARNING:src.hipporag.evaluation.retrieval_eval:Length of retrieved docs (100) is smaller than largest topk for recall score (200)
WARNING:src.hipporag.evaluation.retrieval_eval:Length of retrieved docs (100) is smaller than largest topk for recall score (200)
WARNING:src.hipporag.evaluation.retrieval_eval:Length of retrieved docs (100) is smaller than largest topk for recall score (200)
WARNING:src.hipporag.evaluation.retrieval_eval:Length of retrieved docs (100) is smaller than largest topk for recall score (200)
WARNING:src.hipporag.evaluation.retrieval_eval:Length of retrieved docs (100) is smaller than largest topk for recall score (200)
WARNING:src.hipporag.evaluation.retrieval_eval:Length of retrieved docs (100) is smaller than largest topk for recall score (200)
WARNING:src.hipporag.evaluation.retrieval_eval:Length of retrieved docs (100) is smaller than largest topk for recall score (200)
WARNING:src.hipporag.evaluation.retrieval_eval:Length of retrieved docs (100) is smaller than largest topk for recall score (200)
WARNING:src.hipporag.evaluation.retrieval_eval:Length of retrieved docs (100) is smaller than largest topk for recall score (200)
WARNING:src.hipporag.evaluation.retrieval_eval:Length of retrieved docs (100) is smaller than largest topk for recall score (200)
WARNING:src.hipporag.evaluation.retrieval_eval:Length of retrieved docs (100) is smaller than largest topk for recall score (200)
WARNING:src.hipporag.evaluation.retrieval_eval:Length of retrieved docs (100) is smaller than largest topk for recall score (200)
WARNING:src.hipporag.evaluation.retrieval_eval:Length of retrieved docs (100) is smaller than largest topk for recall score (200)
WARNING:src.hipporag.evaluation.retrieval_eval:Length of retrieved docs (100) is smaller than largest topk for recall score (200)
WARNING:src.hipporag.evaluation.retrieval_eval:Length of retrieved docs (100) is smaller than largest topk for recall score (200)
WARNING:src.hipporag.evaluation.retrieval_eval:Length of retrieved docs (100) is smaller than largest topk for recall score (200)
WARNING:src.hipporag.evaluation.retrieval_eval:Length of retrieved docs (100) is smaller than largest topk for recall score (200)
WARNING:src.hipporag.evaluation.retrieval_eval:Length of retrieved docs (100) is smaller than largest topk for recall score (200)
WARNING:src.hipporag.evaluation.retrieval_eval:Length of retrieved docs (100) is smaller than largest topk for recall score (200)
WARNING:src.hipporag.evaluation.retrieval_eval:Length of retrieved docs (100) is smaller than largest topk for recall score (200)
WARNING:src.hipporag.evaluation.retrieval_eval:Length of retrieved docs (100) is smaller than largest topk for recall score (200)
WARNING:src.hipporag.evaluation.retrieval_eval:Length of retrieved docs (100) is smaller than largest topk for recall score (200)
WARNING:src.hipporag.evaluation.retrieval_eval:Length of retrieved docs (100) is smaller than largest topk for recall score (200)
WARNING:src.hipporag.evaluation.retrieval_eval:Length of retrieved docs (100) is smaller than largest topk for recall score (200)
WARNING:src.hipporag.evaluation.retrieval_eval:Length of retrieved docs (100) is smaller than largest topk for recall score (200)
WARNING:src.hipporag.evaluation.retrieval_eval:Length of retrieved docs (100) is smaller than largest topk for recall score (200)
WARNING:src.hipporag.evaluation.retrieval_eval:Length of retrieved docs (100) is smaller than largest topk for recall score (200)
WARNING:src.hipporag.evaluation.retrieval_eval:Length of retrieved docs (100) is smaller than largest topk for recall score (200)
WARNING:src.hipporag.evaluation.retrieval_eval:Length of retrieved docs (100) is smaller than largest topk for recall score (200)
WARNING:src.hipporag.evaluation.retrieval_eval:Length of retrieved docs (100) is smaller than largest topk for recall score (200)
WARNING:src.hipporag.evaluation.retrieval_eval:Length of retrieved docs (100) is smaller than largest topk for recall score (200)
WARNING:src.hipporag.evaluation.retrieval_eval:Length of retrieved docs (100) is smaller than largest topk for recall score (200)
WARNING:src.hipporag.evaluation.retrieval_eval:Length of retrieved docs (100) is smaller than largest topk for recall score (200)
WARNING:src.hipporag.evaluation.retrieval_eval:Length of retrieved docs (100) is smaller than largest topk for recall score (200)
WARNING:src.hipporag.evaluation.retrieval_eval:Length of retrieved docs (100) is smaller than largest topk for recall score (200)
WARNING:src.hipporag.evaluation.retrieval_eval:Length of retrieved docs (100) is smaller than largest topk for recall score (200)
WARNING:src.hipporag.evaluation.retrieval_eval:Length of retrieved docs (100) is smaller than largest topk for recall score (200)
WARNING:src.hipporag.evaluation.retrieval_eval:Length of retrieved docs (100) is smaller than largest topk for recall score (200)
WARNING:src.hipporag.evaluation.retrieval_eval:Length of retrieved docs (100) is smaller than largest topk for recall score (200)
WARNING:src.hipporag.evaluation.retrieval_eval:Length of retrieved docs (100) is smaller than largest topk for recall score (200)
WARNING:src.hipporag.evaluation.retrieval_eval:Length of retrieved docs (100) is smaller than largest topk for recall score (200)
WARNING:src.hipporag.evaluation.retrieval_eval:Length of retrieved docs (100) is smaller than largest topk for recall score (200)
WARNING:src.hipporag.evaluation.retrieval_eval:Length of retrieved docs (100) is smaller than largest topk for recall score (200)
WARNING:src.hipporag.evaluation.retrieval_eval:Length of retrieved docs (100) is smaller than largest topk for recall score (200)
WARNING:src.hipporag.evaluation.retrieval_eval:Length of retrieved docs (100) is smaller than largest topk for recall score (200)
WARNING:src.hipporag.evaluation.retrieval_eval:Length of retrieved docs (100) is smaller than largest topk for recall score (200)
WARNING:src.hipporag.evaluation.retrieval_eval:Length of retrieved docs (100) is smaller than largest topk for recall score (200)
WARNING:src.hipporag.evaluation.retrieval_eval:Length of retrieved docs (100) is smaller than largest topk for recall score (200)
WARNING:src.hipporag.evaluation.retrieval_eval:Length of retrieved docs (100) is smaller than largest topk for recall score (200)
WARNING:src.hipporag.evaluation.retrieval_eval:Length of retrieved docs (100) is smaller than largest topk for recall score (200)
WARNING:src.hipporag.evaluation.retrieval_eval:Length of retrieved docs (100) is smaller than largest topk for recall score (200)
WARNING:src.hipporag.evaluation.retrieval_eval:Length of retrieved docs (100) is smaller than largest topk for recall score (200)
WARNING:src.hipporag.evaluation.retrieval_eval:Length of retrieved docs (100) is smaller than largest topk for recall score (200)
WARNING:src.hipporag.evaluation.retrieval_eval:Length of retrieved docs (100) is smaller than largest topk for recall score (200)
WARNING:src.hipporag.evaluation.retrieval_eval:Length of retrieved docs (100) is smaller than largest topk for recall score (200)
WARNING:src.hipporag.evaluation.retrieval_eval:Length of retrieved docs (100) is smaller than largest topk for recall score (200)
WARNING:src.hipporag.evaluation.retrieval_eval:Length of retrieved docs (100) is smaller than largest topk for recall score (200)
WARNING:src.hipporag.evaluation.retrieval_eval:Length of retrieved docs (100) is smaller than largest topk for recall score (200)
WARNING:src.hipporag.evaluation.retrieval_eval:Length of retrieved docs (100) is smaller than largest topk for recall score (200)
WARNING:src.hipporag.evaluation.retrieval_eval:Length of retrieved docs (100) is smaller than largest topk for recall score (200)
WARNING:src.hipporag.evaluation.retrieval_eval:Length of retrieved docs (100) is smaller than largest topk for recall score (200)
WARNING:src.hipporag.evaluation.retrieval_eval:Length of retrieved docs (100) is smaller than largest topk for recall score (200)
WARNING:src.hipporag.evaluation.retrieval_eval:Length of retrieved docs (100) is smaller than largest topk for recall score (200)
WARNING:src.hipporag.evaluation.retrieval_eval:Length of retrieved docs (100) is smaller than largest topk for recall score (200)
WARNING:src.hipporag.evaluation.retrieval_eval:Length of retrieved docs (100) is smaller than largest topk for recall score (200)
WARNING:src.hipporag.evaluation.retrieval_eval:Length of retrieved docs (100) is smaller than largest topk for recall score (200)
WARNING:src.hipporag.evaluation.retrieval_eval:Length of retrieved docs (100) is smaller than largest topk for recall score (200)
WARNING:src.hipporag.evaluation.retrieval_eval:Length of retrieved docs (100) is smaller than largest topk for recall score (200)
WARNING:src.hipporag.evaluation.retrieval_eval:Length of retrieved docs (100) is smaller than largest topk for recall score (200)
WARNING:src.hipporag.evaluation.retrieval_eval:Length of retrieved docs (100) is smaller than largest topk for recall score (200)
WARNING:src.hipporag.evaluation.retrieval_eval:Length of retrieved docs (100) is smaller than largest topk for recall score (200)
WARNING:src.hipporag.evaluation.retrieval_eval:Length of retrieved docs (100) is smaller than largest topk for recall score (200)
WARNING:src.hipporag.evaluation.retrieval_eval:Length of retrieved docs (100) is smaller than largest topk for recall score (200)
WARNING:src.hipporag.evaluation.retrieval_eval:Length of retrieved docs (100) is smaller than largest topk for recall score (200)
WARNING:src.hipporag.evaluation.retrieval_eval:Length of retrieved docs (100) is smaller than largest topk for recall score (200)
WARNING:src.hipporag.evaluation.retrieval_eval:Length of retrieved docs (100) is smaller than largest topk for recall score (200)
WARNING:src.hipporag.evaluation.retrieval_eval:Length of retrieved docs (100) is smaller than largest topk for recall score (200)
WARNING:src.hipporag.evaluation.retrieval_eval:Length of retrieved docs (100) is smaller than largest topk for recall score (200)
WARNING:src.hipporag.evaluation.retrieval_eval:Length of retrieved docs (100) is smaller than largest topk for recall score (200)
WARNING:src.hipporag.evaluation.retrieval_eval:Length of retrieved docs (100) is smaller than largest topk for recall score (200)
WARNING:src.hipporag.evaluation.retrieval_eval:Length of retrieved docs (100) is smaller than largest topk for recall score (200)
WARNING:src.hipporag.evaluation.retrieval_eval:Length of retrieved docs (100) is smaller than largest topk for recall score (200)
WARNING:src.hipporag.evaluation.retrieval_eval:Length of retrieved docs (100) is smaller than largest topk for recall score (200)
WARNING:src.hipporag.evaluation.retrieval_eval:Length of retrieved docs (100) is smaller than largest topk for recall score (200)
WARNING:src.hipporag.evaluation.retrieval_eval:Length of retrieved docs (100) is smaller than largest topk for recall score (200)
WARNING:src.hipporag.evaluation.retrieval_eval:Length of retrieved docs (100) is smaller than largest topk for recall score (200)
WARNING:src.hipporag.evaluation.retrieval_eval:Length of retrieved docs (100) is smaller than largest topk for recall score (200)
WARNING:src.hipporag.evaluation.retrieval_eval:Length of retrieved docs (100) is smaller than largest topk for recall score (200)
WARNING:src.hipporag.evaluation.retrieval_eval:Length of retrieved docs (100) is smaller than largest topk for recall score (200)
WARNING:src.hipporag.evaluation.retrieval_eval:Length of retrieved docs (100) is smaller than largest topk for recall score (200)
WARNING:src.hipporag.evaluation.retrieval_eval:Length of retrieved docs (100) is smaller than largest topk for recall score (200)
WARNING:src.hipporag.evaluation.retrieval_eval:Length of retrieved docs (100) is smaller than largest topk for recall score (200)
WARNING:src.hipporag.evaluation.retrieval_eval:Length of retrieved docs (100) is smaller than largest topk for recall score (200)
WARNING:src.hipporag.evaluation.retrieval_eval:Length of retrieved docs (100) is smaller than largest topk for recall score (200)
WARNING:src.hipporag.evaluation.retrieval_eval:Length of retrieved docs (100) is smaller than largest topk for recall score (200)
WARNING:src.hipporag.evaluation.retrieval_eval:Length of retrieved docs (100) is smaller than largest topk for recall score (200)
WARNING:src.hipporag.evaluation.retrieval_eval:Length of retrieved docs (100) is smaller than largest topk for recall score (200)
WARNING:src.hipporag.evaluation.retrieval_eval:Length of retrieved docs (100) is smaller than largest topk for recall score (200)
WARNING:src.hipporag.evaluation.retrieval_eval:Length of retrieved docs (100) is smaller than largest topk for recall score (200)
WARNING:src.hipporag.evaluation.retrieval_eval:Length of retrieved docs (100) is smaller than largest topk for recall score (200)
WARNING:src.hipporag.evaluation.retrieval_eval:Length of retrieved docs (100) is smaller than largest topk for recall score (200)
WARNING:src.hipporag.evaluation.retrieval_eval:Length of retrieved docs (100) is smaller than largest topk for recall score (200)
WARNING:src.hipporag.evaluation.retrieval_eval:Length of retrieved docs (100) is smaller than largest topk for recall score (200)
WARNING:src.hipporag.evaluation.retrieval_eval:Length of retrieved docs (100) is smaller than largest topk for recall score (200)
WARNING:src.hipporag.evaluation.retrieval_eval:Length of retrieved docs (100) is smaller than largest topk for recall score (200)
WARNING:src.hipporag.evaluation.retrieval_eval:Length of retrieved docs (100) is smaller than largest topk for recall score (200)
WARNING:src.hipporag.evaluation.retrieval_eval:Length of retrieved docs (100) is smaller than largest topk for recall score (200)
WARNING:src.hipporag.evaluation.retrieval_eval:Length of retrieved docs (100) is smaller than largest topk for recall score (200)
WARNING:src.hipporag.evaluation.retrieval_eval:Length of retrieved docs (100) is smaller than largest topk for recall score (200)
WARNING:src.hipporag.evaluation.retrieval_eval:Length of retrieved docs (100) is smaller than largest topk for recall score (200)
WARNING:src.hipporag.evaluation.retrieval_eval:Length of retrieved docs (100) is smaller than largest topk for recall score (200)
WARNING:src.hipporag.evaluation.retrieval_eval:Length of retrieved docs (100) is smaller than largest topk for recall score (200)
WARNING:src.hipporag.evaluation.retrieval_eval:Length of retrieved docs (100) is smaller than largest topk for recall score (200)
WARNING:src.hipporag.evaluation.retrieval_eval:Length of retrieved docs (100) is smaller than largest topk for recall score (200)
WARNING:src.hipporag.evaluation.retrieval_eval:Length of retrieved docs (100) is smaller than largest topk for recall score (200)
WARNING:src.hipporag.evaluation.retrieval_eval:Length of retrieved docs (100) is smaller than largest topk for recall score (200)
WARNING:src.hipporag.evaluation.retrieval_eval:Length of retrieved docs (100) is smaller than largest topk for recall score (200)
WARNING:src.hipporag.evaluation.retrieval_eval:Length of retrieved docs (100) is smaller than largest topk for recall score (200)
WARNING:src.hipporag.evaluation.retrieval_eval:Length of retrieved docs (100) is smaller than largest topk for recall score (200)
WARNING:src.hipporag.evaluation.retrieval_eval:Length of retrieved docs (100) is smaller than largest topk for recall score (200)
WARNING:src.hipporag.evaluation.retrieval_eval:Length of retrieved docs (100) is smaller than largest topk for recall score (200)
WARNING:src.hipporag.evaluation.retrieval_eval:Length of retrieved docs (100) is smaller than largest topk for recall score (200)
WARNING:src.hipporag.evaluation.retrieval_eval:Length of retrieved docs (100) is smaller than largest topk for recall score (200)
WARNING:src.hipporag.evaluation.retrieval_eval:Length of retrieved docs (100) is smaller than largest topk for recall score (200)
WARNING:src.hipporag.evaluation.retrieval_eval:Length of retrieved docs (100) is smaller than largest topk for recall score (200)
WARNING:src.hipporag.evaluation.retrieval_eval:Length of retrieved docs (100) is smaller than largest topk for recall score (200)
WARNING:src.hipporag.evaluation.retrieval_eval:Length of retrieved docs (100) is smaller than largest topk for recall score (200)
WARNING:src.hipporag.evaluation.retrieval_eval:Length of retrieved docs (100) is smaller than largest topk for recall score (200)
WARNING:src.hipporag.evaluation.retrieval_eval:Length of retrieved docs (100) is smaller than largest topk for recall score (200)
WARNING:src.hipporag.evaluation.retrieval_eval:Length of retrieved docs (100) is smaller than largest topk for recall score (200)
WARNING:src.hipporag.evaluation.retrieval_eval:Length of retrieved docs (100) is smaller than largest topk for recall score (200)
WARNING:src.hipporag.evaluation.retrieval_eval:Length of retrieved docs (100) is smaller than largest topk for recall score (200)
WARNING:src.hipporag.evaluation.retrieval_eval:Length of retrieved docs (100) is smaller than largest topk for recall score (200)
WARNING:src.hipporag.evaluation.retrieval_eval:Length of retrieved docs (100) is smaller than largest topk for recall score (200)
WARNING:src.hipporag.evaluation.retrieval_eval:Length of retrieved docs (100) is smaller than largest topk for recall score (200)
WARNING:src.hipporag.evaluation.retrieval_eval:Length of retrieved docs (100) is smaller than largest topk for recall score (200)
WARNING:src.hipporag.evaluation.retrieval_eval:Length of retrieved docs (100) is smaller than largest topk for recall score (200)
WARNING:src.hipporag.evaluation.retrieval_eval:Length of retrieved docs (100) is smaller than largest topk for recall score (200)
WARNING:src.hipporag.evaluation.retrieval_eval:Length of retrieved docs (100) is smaller than largest topk for recall score (200)
WARNING:src.hipporag.evaluation.retrieval_eval:Length of retrieved docs (100) is smaller than largest topk for recall score (200)
WARNING:src.hipporag.evaluation.retrieval_eval:Length of retrieved docs (100) is smaller than largest topk for recall score (200)
WARNING:src.hipporag.evaluation.retrieval_eval:Length of retrieved docs (100) is smaller than largest topk for recall score (200)
WARNING:src.hipporag.evaluation.retrieval_eval:Length of retrieved docs (100) is smaller than largest topk for recall score (200)
WARNING:src.hipporag.evaluation.retrieval_eval:Length of retrieved docs (100) is smaller than largest topk for recall score (200)
WARNING:src.hipporag.evaluation.retrieval_eval:Length of retrieved docs (100) is smaller than largest topk for recall score (200)
WARNING:src.hipporag.evaluation.retrieval_eval:Length of retrieved docs (100) is smaller than largest topk for recall score (200)
WARNING:src.hipporag.evaluation.retrieval_eval:Length of retrieved docs (100) is smaller than largest topk for recall score (200)
WARNING:src.hipporag.evaluation.retrieval_eval:Length of retrieved docs (100) is smaller than largest topk for recall score (200)
WARNING:src.hipporag.evaluation.retrieval_eval:Length of retrieved docs (100) is smaller than largest topk for recall score (200)
WARNING:src.hipporag.evaluation.retrieval_eval:Length of retrieved docs (100) is smaller than largest topk for recall score (200)
WARNING:src.hipporag.evaluation.retrieval_eval:Length of retrieved docs (100) is smaller than largest topk for recall score (200)
WARNING:src.hipporag.evaluation.retrieval_eval:Length of retrieved docs (100) is smaller than largest topk for recall score (200)
WARNING:src.hipporag.evaluation.retrieval_eval:Length of retrieved docs (100) is smaller than largest topk for recall score (200)
WARNING:src.hipporag.evaluation.retrieval_eval:Length of retrieved docs (100) is smaller than largest topk for recall score (200)
WARNING:src.hipporag.evaluation.retrieval_eval:Length of retrieved docs (100) is smaller than largest topk for recall score (200)
WARNING:src.hipporag.evaluation.retrieval_eval:Length of retrieved docs (100) is smaller than largest topk for recall score (200)
WARNING:src.hipporag.evaluation.retrieval_eval:Length of retrieved docs (100) is smaller than largest topk for recall score (200)
WARNING:src.hipporag.evaluation.retrieval_eval:Length of retrieved docs (100) is smaller than largest topk for recall score (200)
WARNING:src.hipporag.evaluation.retrieval_eval:Length of retrieved docs (100) is smaller than largest topk for recall score (200)
WARNING:src.hipporag.evaluation.retrieval_eval:Length of retrieved docs (100) is smaller than largest topk for recall score (200)
WARNING:src.hipporag.evaluation.retrieval_eval:Length of retrieved docs (100) is smaller than largest topk for recall score (200)
WARNING:src.hipporag.evaluation.retrieval_eval:Length of retrieved docs (100) is smaller than largest topk for recall score (200)
WARNING:src.hipporag.evaluation.retrieval_eval:Length of retrieved docs (100) is smaller than largest topk for recall score (200)
WARNING:src.hipporag.evaluation.retrieval_eval:Length of retrieved docs (100) is smaller than largest topk for recall score (200)
WARNING:src.hipporag.evaluation.retrieval_eval:Length of retrieved docs (100) is smaller than largest topk for recall score (200)
WARNING:src.hipporag.evaluation.retrieval_eval:Length of retrieved docs (100) is smaller than largest topk for recall score (200)
WARNING:src.hipporag.evaluation.retrieval_eval:Length of retrieved docs (100) is smaller than largest topk for recall score (200)
WARNING:src.hipporag.evaluation.retrieval_eval:Length of retrieved docs (100) is smaller than largest topk for recall score (200)
WARNING:src.hipporag.evaluation.retrieval_eval:Length of retrieved docs (100) is smaller than largest topk for recall score (200)
WARNING:src.hipporag.evaluation.retrieval_eval:Length of retrieved docs (100) is smaller than largest topk for recall score (200)
WARNING:src.hipporag.evaluation.retrieval_eval:Length of retrieved docs (100) is smaller than largest topk for recall score (200)
WARNING:src.hipporag.evaluation.retrieval_eval:Length of retrieved docs (100) is smaller than largest topk for recall score (200)
WARNING:src.hipporag.evaluation.retrieval_eval:Length of retrieved docs (100) is smaller than largest topk for recall score (200)
WARNING:src.hipporag.evaluation.retrieval_eval:Length of retrieved docs (100) is smaller than largest topk for recall score (200)
WARNING:src.hipporag.evaluation.retrieval_eval:Length of retrieved docs (100) is smaller than largest topk for recall score (200)
WARNING:src.hipporag.evaluation.retrieval_eval:Length of retrieved docs (100) is smaller than largest topk for recall score (200)
WARNING:src.hipporag.evaluation.retrieval_eval:Length of retrieved docs (100) is smaller than largest topk for recall score (200)
WARNING:src.hipporag.evaluation.retrieval_eval:Length of retrieved docs (100) is smaller than largest topk for recall score (200)
WARNING:src.hipporag.evaluation.retrieval_eval:Length of retrieved docs (100) is smaller than largest topk for recall score (200)
WARNING:src.hipporag.evaluation.retrieval_eval:Length of retrieved docs (100) is smaller than largest topk for recall score (200)
WARNING:src.hipporag.evaluation.retrieval_eval:Length of retrieved docs (100) is smaller than largest topk for recall score (200)
WARNING:src.hipporag.evaluation.retrieval_eval:Length of retrieved docs (100) is smaller than largest topk for recall score (200)
WARNING:src.hipporag.evaluation.retrieval_eval:Length of retrieved docs (100) is smaller than largest topk for recall score (200)
WARNING:src.hipporag.evaluation.retrieval_eval:Length of retrieved docs (100) is smaller than largest topk for recall score (200)
WARNING:src.hipporag.evaluation.retrieval_eval:Length of retrieved docs (100) is smaller than largest topk for recall score (200)
WARNING:src.hipporag.evaluation.retrieval_eval:Length of retrieved docs (100) is smaller than largest topk for recall score (200)
WARNING:src.hipporag.evaluation.retrieval_eval:Length of retrieved docs (100) is smaller than largest topk for recall score (200)
WARNING:src.hipporag.evaluation.retrieval_eval:Length of retrieved docs (100) is smaller than largest topk for recall score (200)
WARNING:src.hipporag.evaluation.retrieval_eval:Length of retrieved docs (100) is smaller than largest topk for recall score (200)
WARNING:src.hipporag.evaluation.retrieval_eval:Length of retrieved docs (100) is smaller than largest topk for recall score (200)
WARNING:src.hipporag.evaluation.retrieval_eval:Length of retrieved docs (100) is smaller than largest topk for recall score (200)
WARNING:src.hipporag.evaluation.retrieval_eval:Length of retrieved docs (100) is smaller than largest topk for recall score (200)
WARNING:src.hipporag.evaluation.retrieval_eval:Length of retrieved docs (100) is smaller than largest topk for recall score (200)
WARNING:src.hipporag.evaluation.retrieval_eval:Length of retrieved docs (100) is smaller than largest topk for recall score (200)
WARNING:src.hipporag.evaluation.retrieval_eval:Length of retrieved docs (100) is smaller than largest topk for recall score (200)
WARNING:src.hipporag.evaluation.retrieval_eval:Length of retrieved docs (100) is smaller than largest topk for recall score (200)
WARNING:src.hipporag.evaluation.retrieval_eval:Length of retrieved docs (100) is smaller than largest topk for recall score (200)
WARNING:src.hipporag.evaluation.retrieval_eval:Length of retrieved docs (100) is smaller than largest topk for recall score (200)
WARNING:src.hipporag.evaluation.retrieval_eval:Length of retrieved docs (100) is smaller than largest topk for recall score (200)
WARNING:src.hipporag.evaluation.retrieval_eval:Length of retrieved docs (100) is smaller than largest topk for recall score (200)
WARNING:src.hipporag.evaluation.retrieval_eval:Length of retrieved docs (100) is smaller than largest topk for recall score (200)
WARNING:src.hipporag.evaluation.retrieval_eval:Length of retrieved docs (100) is smaller than largest topk for recall score (200)
WARNING:src.hipporag.evaluation.retrieval_eval:Length of retrieved docs (100) is smaller than largest topk for recall score (200)
WARNING:src.hipporag.evaluation.retrieval_eval:Length of retrieved docs (100) is smaller than largest topk for recall score (200)
WARNING:src.hipporag.evaluation.retrieval_eval:Length of retrieved docs (100) is smaller than largest topk for recall score (200)
WARNING:src.hipporag.evaluation.retrieval_eval:Length of retrieved docs (100) is smaller than largest topk for recall score (200)
WARNING:src.hipporag.evaluation.retrieval_eval:Length of retrieved docs (100) is smaller than largest topk for recall score (200)
WARNING:src.hipporag.evaluation.retrieval_eval:Length of retrieved docs (100) is smaller than largest topk for recall score (200)
WARNING:src.hipporag.evaluation.retrieval_eval:Length of retrieved docs (100) is smaller than largest topk for recall score (200)
WARNING:src.hipporag.evaluation.retrieval_eval:Length of retrieved docs (100) is smaller than largest topk for recall score (200)
WARNING:src.hipporag.evaluation.retrieval_eval:Length of retrieved docs (100) is smaller than largest topk for recall score (200)
WARNING:src.hipporag.evaluation.retrieval_eval:Length of retrieved docs (100) is smaller than largest topk for recall score (200)
WARNING:src.hipporag.evaluation.retrieval_eval:Length of retrieved docs (100) is smaller than largest topk for recall score (200)
WARNING:src.hipporag.evaluation.retrieval_eval:Length of retrieved docs (100) is smaller than largest topk for recall score (200)
WARNING:src.hipporag.evaluation.retrieval_eval:Length of retrieved docs (100) is smaller than largest topk for recall score (200)
WARNING:src.hipporag.evaluation.retrieval_eval:Length of retrieved docs (100) is smaller than largest topk for recall score (200)
WARNING:src.hipporag.evaluation.retrieval_eval:Length of retrieved docs (100) is smaller than largest topk for recall score (200)
WARNING:src.hipporag.evaluation.retrieval_eval:Length of retrieved docs (100) is smaller than largest topk for recall score (200)
WARNING:src.hipporag.evaluation.retrieval_eval:Length of retrieved docs (100) is smaller than largest topk for recall score (200)
WARNING:src.hipporag.evaluation.retrieval_eval:Length of retrieved docs (100) is smaller than largest topk for recall score (200)
WARNING:src.hipporag.evaluation.retrieval_eval:Length of retrieved docs (100) is smaller than largest topk for recall score (200)
WARNING:src.hipporag.evaluation.retrieval_eval:Length of retrieved docs (100) is smaller than largest topk for recall score (200)
WARNING:src.hipporag.evaluation.retrieval_eval:Length of retrieved docs (100) is smaller than largest topk for recall score (200)
WARNING:src.hipporag.evaluation.retrieval_eval:Length of retrieved docs (100) is smaller than largest topk for recall score (200)
WARNING:src.hipporag.evaluation.retrieval_eval:Length of retrieved docs (100) is smaller than largest topk for recall score (200)
WARNING:src.hipporag.evaluation.retrieval_eval:Length of retrieved docs (100) is smaller than largest topk for recall score (200)
WARNING:src.hipporag.evaluation.retrieval_eval:Length of retrieved docs (100) is smaller than largest topk for recall score (200)
WARNING:src.hipporag.evaluation.retrieval_eval:Length of retrieved docs (100) is smaller than largest topk for recall score (200)
WARNING:src.hipporag.evaluation.retrieval_eval:Length of retrieved docs (100) is smaller than largest topk for recall score (200)
WARNING:src.hipporag.evaluation.retrieval_eval:Length of retrieved docs (100) is smaller than largest topk for recall score (200)
WARNING:src.hipporag.evaluation.retrieval_eval:Length of retrieved docs (100) is smaller than largest topk for recall score (200)
WARNING:src.hipporag.evaluation.retrieval_eval:Length of retrieved docs (100) is smaller than largest topk for recall score (200)
WARNING:src.hipporag.evaluation.retrieval_eval:Length of retrieved docs (100) is smaller than largest topk for recall score (200)
WARNING:src.hipporag.evaluation.retrieval_eval:Length of retrieved docs (100) is smaller than largest topk for recall score (200)
WARNING:src.hipporag.evaluation.retrieval_eval:Length of retrieved docs (100) is smaller than largest topk for recall score (200)
WARNING:src.hipporag.evaluation.retrieval_eval:Length of retrieved docs (100) is smaller than largest topk for recall score (200)
WARNING:src.hipporag.evaluation.retrieval_eval:Length of retrieved docs (100) is smaller than largest topk for recall score (200)
WARNING:src.hipporag.evaluation.retrieval_eval:Length of retrieved docs (100) is smaller than largest topk for recall score (200)
WARNING:src.hipporag.evaluation.retrieval_eval:Length of retrieved docs (100) is smaller than largest topk for recall score (200)
WARNING:src.hipporag.evaluation.retrieval_eval:Length of retrieved docs (100) is smaller than largest topk for recall score (200)
WARNING:src.hipporag.evaluation.retrieval_eval:Length of retrieved docs (100) is smaller than largest topk for recall score (200)
WARNING:src.hipporag.evaluation.retrieval_eval:Length of retrieved docs (100) is smaller than largest topk for recall score (200)
WARNING:src.hipporag.evaluation.retrieval_eval:Length of retrieved docs (100) is smaller than largest topk for recall score (200)
WARNING:src.hipporag.evaluation.retrieval_eval:Length of retrieved docs (100) is smaller than largest topk for recall score (200)
WARNING:src.hipporag.evaluation.retrieval_eval:Length of retrieved docs (100) is smaller than largest topk for recall score (200)
WARNING:src.hipporag.evaluation.retrieval_eval:Length of retrieved docs (100) is smaller than largest topk for recall score (200)
WARNING:src.hipporag.evaluation.retrieval_eval:Length of retrieved docs (100) is smaller than largest topk for recall score (200)
WARNING:src.hipporag.evaluation.retrieval_eval:Length of retrieved docs (100) is smaller than largest topk for recall score (200)
WARNING:src.hipporag.evaluation.retrieval_eval:Length of retrieved docs (100) is smaller than largest topk for recall score (200)
WARNING:src.hipporag.evaluation.retrieval_eval:Length of retrieved docs (100) is smaller than largest topk for recall score (200)
WARNING:src.hipporag.evaluation.retrieval_eval:Length of retrieved docs (100) is smaller than largest topk for recall score (200)
WARNING:src.hipporag.evaluation.retrieval_eval:Length of retrieved docs (100) is smaller than largest topk for recall score (200)
WARNING:src.hipporag.evaluation.retrieval_eval:Length of retrieved docs (100) is smaller than largest topk for recall score (200)
WARNING:src.hipporag.evaluation.retrieval_eval:Length of retrieved docs (100) is smaller than largest topk for recall score (200)
WARNING:src.hipporag.evaluation.retrieval_eval:Length of retrieved docs (100) is smaller than largest topk for recall score (200)
WARNING:src.hipporag.evaluation.retrieval_eval:Length of retrieved docs (100) is smaller than largest topk for recall score (200)
WARNING:src.hipporag.evaluation.retrieval_eval:Length of retrieved docs (100) is smaller than largest topk for recall score (200)
WARNING:src.hipporag.evaluation.retrieval_eval:Length of retrieved docs (100) is smaller than largest topk for recall score (200)
WARNING:src.hipporag.evaluation.retrieval_eval:Length of retrieved docs (100) is smaller than largest topk for recall score (200)
WARNING:src.hipporag.evaluation.retrieval_eval:Length of retrieved docs (100) is smaller than largest topk for recall score (200)
WARNING:src.hipporag.evaluation.retrieval_eval:Length of retrieved docs (100) is smaller than largest topk for recall score (200)
WARNING:src.hipporag.evaluation.retrieval_eval:Length of retrieved docs (100) is smaller than largest topk for recall score (200)
WARNING:src.hipporag.evaluation.retrieval_eval:Length of retrieved docs (100) is smaller than largest topk for recall score (200)
WARNING:src.hipporag.evaluation.retrieval_eval:Length of retrieved docs (100) is smaller than largest topk for recall score (200)
WARNING:src.hipporag.evaluation.retrieval_eval:Length of retrieved docs (100) is smaller than largest topk for recall score (200)
WARNING:src.hipporag.evaluation.retrieval_eval:Length of retrieved docs (100) is smaller than largest topk for recall score (200)
WARNING:src.hipporag.evaluation.retrieval_eval:Length of retrieved docs (100) is smaller than largest topk for recall score (200)
WARNING:src.hipporag.evaluation.retrieval_eval:Length of retrieved docs (100) is smaller than largest topk for recall score (200)
WARNING:src.hipporag.evaluation.retrieval_eval:Length of retrieved docs (100) is smaller than largest topk for recall score (200)
WARNING:src.hipporag.evaluation.retrieval_eval:Length of retrieved docs (100) is smaller than largest topk for recall score (200)
WARNING:src.hipporag.evaluation.retrieval_eval:Length of retrieved docs (100) is smaller than largest topk for recall score (200)
WARNING:src.hipporag.evaluation.retrieval_eval:Length of retrieved docs (100) is smaller than largest topk for recall score (200)
WARNING:src.hipporag.evaluation.retrieval_eval:Length of retrieved docs (100) is smaller than largest topk for recall score (200)
WARNING:src.hipporag.evaluation.retrieval_eval:Length of retrieved docs (100) is smaller than largest topk for recall score (200)
WARNING:src.hipporag.evaluation.retrieval_eval:Length of retrieved docs (100) is smaller than largest topk for recall score (200)
WARNING:src.hipporag.evaluation.retrieval_eval:Length of retrieved docs (100) is smaller than largest topk for recall score (200)
WARNING:src.hipporag.evaluation.retrieval_eval:Length of retrieved docs (100) is smaller than largest topk for recall score (200)
WARNING:src.hipporag.evaluation.retrieval_eval:Length of retrieved docs (100) is smaller than largest topk for recall score (200)
WARNING:src.hipporag.evaluation.retrieval_eval:Length of retrieved docs (100) is smaller than largest topk for recall score (200)
WARNING:src.hipporag.evaluation.retrieval_eval:Length of retrieved docs (100) is smaller than largest topk for recall score (200)
WARNING:src.hipporag.evaluation.retrieval_eval:Length of retrieved docs (100) is smaller than largest topk for recall score (200)
WARNING:src.hipporag.evaluation.retrieval_eval:Length of retrieved docs (100) is smaller than largest topk for recall score (200)
WARNING:src.hipporag.evaluation.retrieval_eval:Length of retrieved docs (100) is smaller than largest topk for recall score (200)
WARNING:src.hipporag.evaluation.retrieval_eval:Length of retrieved docs (100) is smaller than largest topk for recall score (200)
WARNING:src.hipporag.evaluation.retrieval_eval:Length of retrieved docs (100) is smaller than largest topk for recall score (200)
WARNING:src.hipporag.evaluation.retrieval_eval:Length of retrieved docs (100) is smaller than largest topk for recall score (200)
WARNING:src.hipporag.evaluation.retrieval_eval:Length of retrieved docs (100) is smaller than largest topk for recall score (200)
WARNING:src.hipporag.evaluation.retrieval_eval:Length of retrieved docs (100) is smaller than largest topk for recall score (200)
WARNING:src.hipporag.evaluation.retrieval_eval:Length of retrieved docs (100) is smaller than largest topk for recall score (200)
WARNING:src.hipporag.evaluation.retrieval_eval:Length of retrieved docs (100) is smaller than largest topk for recall score (200)
WARNING:src.hipporag.evaluation.retrieval_eval:Length of retrieved docs (100) is smaller than largest topk for recall score (200)
WARNING:src.hipporag.evaluation.retrieval_eval:Length of retrieved docs (100) is smaller than largest topk for recall score (200)
WARNING:src.hipporag.evaluation.retrieval_eval:Length of retrieved docs (100) is smaller than largest topk for recall score (200)
WARNING:src.hipporag.evaluation.retrieval_eval:Length of retrieved docs (100) is smaller than largest topk for recall score (200)
WARNING:src.hipporag.evaluation.retrieval_eval:Length of retrieved docs (100) is smaller than largest topk for recall score (200)
WARNING:src.hipporag.evaluation.retrieval_eval:Length of retrieved docs (100) is smaller than largest topk for recall score (200)
WARNING:src.hipporag.evaluation.retrieval_eval:Length of retrieved docs (100) is smaller than largest topk for recall score (200)
WARNING:src.hipporag.evaluation.retrieval_eval:Length of retrieved docs (100) is smaller than largest topk for recall score (200)
WARNING:src.hipporag.evaluation.retrieval_eval:Length of retrieved docs (100) is smaller than largest topk for recall score (200)
WARNING:src.hipporag.evaluation.retrieval_eval:Length of retrieved docs (100) is smaller than largest topk for recall score (200)
WARNING:src.hipporag.evaluation.retrieval_eval:Length of retrieved docs (100) is smaller than largest topk for recall score (200)
WARNING:src.hipporag.evaluation.retrieval_eval:Length of retrieved docs (100) is smaller than largest topk for recall score (200)
WARNING:src.hipporag.evaluation.retrieval_eval:Length of retrieved docs (100) is smaller than largest topk for recall score (200)
WARNING:src.hipporag.evaluation.retrieval_eval:Length of retrieved docs (100) is smaller than largest topk for recall score (200)
WARNING:src.hipporag.evaluation.retrieval_eval:Length of retrieved docs (100) is smaller than largest topk for recall score (200)
WARNING:src.hipporag.evaluation.retrieval_eval:Length of retrieved docs (100) is smaller than largest topk for recall score (200)
WARNING:src.hipporag.evaluation.retrieval_eval:Length of retrieved docs (100) is smaller than largest topk for recall score (200)
WARNING:src.hipporag.evaluation.retrieval_eval:Length of retrieved docs (100) is smaller than largest topk for recall score (200)
WARNING:src.hipporag.evaluation.retrieval_eval:Length of retrieved docs (100) is smaller than largest topk for recall score (200)
WARNING:src.hipporag.evaluation.retrieval_eval:Length of retrieved docs (100) is smaller than largest topk for recall score (200)
WARNING:src.hipporag.evaluation.retrieval_eval:Length of retrieved docs (100) is smaller than largest topk for recall score (200)
WARNING:src.hipporag.evaluation.retrieval_eval:Length of retrieved docs (100) is smaller than largest topk for recall score (200)
WARNING:src.hipporag.evaluation.retrieval_eval:Length of retrieved docs (100) is smaller than largest topk for recall score (200)
WARNING:src.hipporag.evaluation.retrieval_eval:Length of retrieved docs (100) is smaller than largest topk for recall score (200)
WARNING:src.hipporag.evaluation.retrieval_eval:Length of retrieved docs (100) is smaller than largest topk for recall score (200)
WARNING:src.hipporag.evaluation.retrieval_eval:Length of retrieved docs (100) is smaller than largest topk for recall score (200)
WARNING:src.hipporag.evaluation.retrieval_eval:Length of retrieved docs (100) is smaller than largest topk for recall score (200)
WARNING:src.hipporag.evaluation.retrieval_eval:Length of retrieved docs (100) is smaller than largest topk for recall score (200)
WARNING:src.hipporag.evaluation.retrieval_eval:Length of retrieved docs (100) is smaller than largest topk for recall score (200)
WARNING:src.hipporag.evaluation.retrieval_eval:Length of retrieved docs (100) is smaller than largest topk for recall score (200)
WARNING:src.hipporag.evaluation.retrieval_eval:Length of retrieved docs (100) is smaller than largest topk for recall score (200)
WARNING:src.hipporag.evaluation.retrieval_eval:Length of retrieved docs (100) is smaller than largest topk for recall score (200)
WARNING:src.hipporag.evaluation.retrieval_eval:Length of retrieved docs (100) is smaller than largest topk for recall score (200)
WARNING:src.hipporag.evaluation.retrieval_eval:Length of retrieved docs (100) is smaller than largest topk for recall score (200)
WARNING:src.hipporag.evaluation.retrieval_eval:Length of retrieved docs (100) is smaller than largest topk for recall score (200)
WARNING:src.hipporag.evaluation.retrieval_eval:Length of retrieved docs (100) is smaller than largest topk for recall score (200)
WARNING:src.hipporag.evaluation.retrieval_eval:Length of retrieved docs (100) is smaller than largest topk for recall score (200)
WARNING:src.hipporag.evaluation.retrieval_eval:Length of retrieved docs (100) is smaller than largest topk for recall score (200)
WARNING:src.hipporag.evaluation.retrieval_eval:Length of retrieved docs (100) is smaller than largest topk for recall score (200)
WARNING:src.hipporag.evaluation.retrieval_eval:Length of retrieved docs (100) is smaller than largest topk for recall score (200)
WARNING:src.hipporag.evaluation.retrieval_eval:Length of retrieved docs (100) is smaller than largest topk for recall score (200)
WARNING:src.hipporag.evaluation.retrieval_eval:Length of retrieved docs (100) is smaller than largest topk for recall score (200)
WARNING:src.hipporag.evaluation.retrieval_eval:Length of retrieved docs (100) is smaller than largest topk for recall score (200)
WARNING:src.hipporag.evaluation.retrieval_eval:Length of retrieved docs (100) is smaller than largest topk for recall score (200)
WARNING:src.hipporag.evaluation.retrieval_eval:Length of retrieved docs (100) is smaller than largest topk for recall score (200)
WARNING:src.hipporag.evaluation.retrieval_eval:Length of retrieved docs (100) is smaller than largest topk for recall score (200)
WARNING:src.hipporag.evaluation.retrieval_eval:Length of retrieved docs (100) is smaller than largest topk for recall score (200)
WARNING:src.hipporag.evaluation.retrieval_eval:Length of retrieved docs (100) is smaller than largest topk for recall score (200)
WARNING:src.hipporag.evaluation.retrieval_eval:Length of retrieved docs (100) is smaller than largest topk for recall score (200)
WARNING:src.hipporag.evaluation.retrieval_eval:Length of retrieved docs (100) is smaller than largest topk for recall score (200)
WARNING:src.hipporag.evaluation.retrieval_eval:Length of retrieved docs (100) is smaller than largest topk for recall score (200)
WARNING:src.hipporag.evaluation.retrieval_eval:Length of retrieved docs (100) is smaller than largest topk for recall score (200)
WARNING:src.hipporag.evaluation.retrieval_eval:Length of retrieved docs (100) is smaller than largest topk for recall score (200)
WARNING:src.hipporag.evaluation.retrieval_eval:Length of retrieved docs (100) is smaller than largest topk for recall score (200)
WARNING:src.hipporag.evaluation.retrieval_eval:Length of retrieved docs (100) is smaller than largest topk for recall score (200)
WARNING:src.hipporag.evaluation.retrieval_eval:Length of retrieved docs (100) is smaller than largest topk for recall score (200)
WARNING:src.hipporag.evaluation.retrieval_eval:Length of retrieved docs (100) is smaller than largest topk for recall score (200)
WARNING:src.hipporag.evaluation.retrieval_eval:Length of retrieved docs (100) is smaller than largest topk for recall score (200)
WARNING:src.hipporag.evaluation.retrieval_eval:Length of retrieved docs (100) is smaller than largest topk for recall score (200)
WARNING:src.hipporag.evaluation.retrieval_eval:Length of retrieved docs (100) is smaller than largest topk for recall score (200)
WARNING:src.hipporag.evaluation.retrieval_eval:Length of retrieved docs (100) is smaller than largest topk for recall score (200)
WARNING:src.hipporag.evaluation.retrieval_eval:Length of retrieved docs (100) is smaller than largest topk for recall score (200)
WARNING:src.hipporag.evaluation.retrieval_eval:Length of retrieved docs (100) is smaller than largest topk for recall score (200)
WARNING:src.hipporag.evaluation.retrieval_eval:Length of retrieved docs (100) is smaller than largest topk for recall score (200)
WARNING:src.hipporag.evaluation.retrieval_eval:Length of retrieved docs (100) is smaller than largest topk for recall score (200)
WARNING:src.hipporag.evaluation.retrieval_eval:Length of retrieved docs (100) is smaller than largest topk for recall score (200)
WARNING:src.hipporag.evaluation.retrieval_eval:Length of retrieved docs (100) is smaller than largest topk for recall score (200)
WARNING:src.hipporag.evaluation.retrieval_eval:Length of retrieved docs (100) is smaller than largest topk for recall score (200)
WARNING:src.hipporag.evaluation.retrieval_eval:Length of retrieved docs (100) is smaller than largest topk for recall score (200)
WARNING:src.hipporag.evaluation.retrieval_eval:Length of retrieved docs (100) is smaller than largest topk for recall score (200)
WARNING:src.hipporag.evaluation.retrieval_eval:Length of retrieved docs (100) is smaller than largest topk for recall score (200)
WARNING:src.hipporag.evaluation.retrieval_eval:Length of retrieved docs (100) is smaller than largest topk for recall score (200)
WARNING:src.hipporag.evaluation.retrieval_eval:Length of retrieved docs (100) is smaller than largest topk for recall score (200)
WARNING:src.hipporag.evaluation.retrieval_eval:Length of retrieved docs (100) is smaller than largest topk for recall score (200)
WARNING:src.hipporag.evaluation.retrieval_eval:Length of retrieved docs (100) is smaller than largest topk for recall score (200)
WARNING:src.hipporag.evaluation.retrieval_eval:Length of retrieved docs (100) is smaller than largest topk for recall score (200)
WARNING:src.hipporag.evaluation.retrieval_eval:Length of retrieved docs (100) is smaller than largest topk for recall score (200)
WARNING:src.hipporag.evaluation.retrieval_eval:Length of retrieved docs (100) is smaller than largest topk for recall score (200)
WARNING:src.hipporag.evaluation.retrieval_eval:Length of retrieved docs (100) is smaller than largest topk for recall score (200)
WARNING:src.hipporag.evaluation.retrieval_eval:Length of retrieved docs (100) is smaller than largest topk for recall score (200)
WARNING:src.hipporag.evaluation.retrieval_eval:Length of retrieved docs (100) is smaller than largest topk for recall score (200)
WARNING:src.hipporag.evaluation.retrieval_eval:Length of retrieved docs (100) is smaller than largest topk for recall score (200)
WARNING:src.hipporag.evaluation.retrieval_eval:Length of retrieved docs (100) is smaller than largest topk for recall score (200)
WARNING:src.hipporag.evaluation.retrieval_eval:Length of retrieved docs (100) is smaller than largest topk for recall score (200)
WARNING:src.hipporag.evaluation.retrieval_eval:Length of retrieved docs (100) is smaller than largest topk for recall score (200)
WARNING:src.hipporag.evaluation.retrieval_eval:Length of retrieved docs (100) is smaller than largest topk for recall score (200)
WARNING:src.hipporag.evaluation.retrieval_eval:Length of retrieved docs (100) is smaller than largest topk for recall score (200)
WARNING:src.hipporag.evaluation.retrieval_eval:Length of retrieved docs (100) is smaller than largest topk for recall score (200)
WARNING:src.hipporag.evaluation.retrieval_eval:Length of retrieved docs (100) is smaller than largest topk for recall score (200)
WARNING:src.hipporag.evaluation.retrieval_eval:Length of retrieved docs (100) is smaller than largest topk for recall score (200)
WARNING:src.hipporag.evaluation.retrieval_eval:Length of retrieved docs (100) is smaller than largest topk for recall score (200)
WARNING:src.hipporag.evaluation.retrieval_eval:Length of retrieved docs (100) is smaller than largest topk for recall score (200)
WARNING:src.hipporag.evaluation.retrieval_eval:Length of retrieved docs (100) is smaller than largest topk for recall score (200)
WARNING:src.hipporag.evaluation.retrieval_eval:Length of retrieved docs (100) is smaller than largest topk for recall score (200)
WARNING:src.hipporag.evaluation.retrieval_eval:Length of retrieved docs (100) is smaller than largest topk for recall score (200)
WARNING:src.hipporag.evaluation.retrieval_eval:Length of retrieved docs (100) is smaller than largest topk for recall score (200)
WARNING:src.hipporag.evaluation.retrieval_eval:Length of retrieved docs (100) is smaller than largest topk for recall score (200)
WARNING:src.hipporag.evaluation.retrieval_eval:Length of retrieved docs (100) is smaller than largest topk for recall score (200)
WARNING:src.hipporag.evaluation.retrieval_eval:Length of retrieved docs (100) is smaller than largest topk for recall score (200)
WARNING:src.hipporag.evaluation.retrieval_eval:Length of retrieved docs (100) is smaller than largest topk for recall score (200)
WARNING:src.hipporag.evaluation.retrieval_eval:Length of retrieved docs (100) is smaller than largest topk for recall score (200)
WARNING:src.hipporag.evaluation.retrieval_eval:Length of retrieved docs (100) is smaller than largest topk for recall score (200)
WARNING:src.hipporag.evaluation.retrieval_eval:Length of retrieved docs (100) is smaller than largest topk for recall score (200)
WARNING:src.hipporag.evaluation.retrieval_eval:Length of retrieved docs (100) is smaller than largest topk for recall score (200)
WARNING:src.hipporag.evaluation.retrieval_eval:Length of retrieved docs (100) is smaller than largest topk for recall score (200)
WARNING:src.hipporag.evaluation.retrieval_eval:Length of retrieved docs (100) is smaller than largest topk for recall score (200)
WARNING:src.hipporag.evaluation.retrieval_eval:Length of retrieved docs (100) is smaller than largest topk for recall score (200)
WARNING:src.hipporag.evaluation.retrieval_eval:Length of retrieved docs (100) is smaller than largest topk for recall score (200)
WARNING:src.hipporag.evaluation.retrieval_eval:Length of retrieved docs (100) is smaller than largest topk for recall score (200)
WARNING:src.hipporag.evaluation.retrieval_eval:Length of retrieved docs (100) is smaller than largest topk for recall score (200)
WARNING:src.hipporag.evaluation.retrieval_eval:Length of retrieved docs (100) is smaller than largest topk for recall score (200)
WARNING:src.hipporag.evaluation.retrieval_eval:Length of retrieved docs (100) is smaller than largest topk for recall score (200)
WARNING:src.hipporag.evaluation.retrieval_eval:Length of retrieved docs (100) is smaller than largest topk for recall score (200)
WARNING:src.hipporag.evaluation.retrieval_eval:Length of retrieved docs (100) is smaller than largest topk for recall score (200)
WARNING:src.hipporag.evaluation.retrieval_eval:Length of retrieved docs (100) is smaller than largest topk for recall score (200)
WARNING:src.hipporag.evaluation.retrieval_eval:Length of retrieved docs (100) is smaller than largest topk for recall score (200)
WARNING:src.hipporag.evaluation.retrieval_eval:Length of retrieved docs (100) is smaller than largest topk for recall score (200)
WARNING:src.hipporag.evaluation.retrieval_eval:Length of retrieved docs (100) is smaller than largest topk for recall score (200)
WARNING:src.hipporag.evaluation.retrieval_eval:Length of retrieved docs (100) is smaller than largest topk for recall score (200)
WARNING:src.hipporag.evaluation.retrieval_eval:Length of retrieved docs (100) is smaller than largest topk for recall score (200)
WARNING:src.hipporag.evaluation.retrieval_eval:Length of retrieved docs (100) is smaller than largest topk for recall score (200)
WARNING:src.hipporag.evaluation.retrieval_eval:Length of retrieved docs (100) is smaller than largest topk for recall score (200)
WARNING:src.hipporag.evaluation.retrieval_eval:Length of retrieved docs (100) is smaller than largest topk for recall score (200)
WARNING:src.hipporag.evaluation.retrieval_eval:Length of retrieved docs (100) is smaller than largest topk for recall score (200)
WARNING:src.hipporag.evaluation.retrieval_eval:Length of retrieved docs (100) is smaller than largest topk for recall score (200)
WARNING:src.hipporag.evaluation.retrieval_eval:Length of retrieved docs (100) is smaller than largest topk for recall score (200)
WARNING:src.hipporag.evaluation.retrieval_eval:Length of retrieved docs (100) is smaller than largest topk for recall score (200)
WARNING:src.hipporag.evaluation.retrieval_eval:Length of retrieved docs (100) is smaller than largest topk for recall score (200)
WARNING:src.hipporag.evaluation.retrieval_eval:Length of retrieved docs (100) is smaller than largest topk for recall score (200)
WARNING:src.hipporag.evaluation.retrieval_eval:Length of retrieved docs (100) is smaller than largest topk for recall score (200)
WARNING:src.hipporag.evaluation.retrieval_eval:Length of retrieved docs (100) is smaller than largest topk for recall score (200)
WARNING:src.hipporag.evaluation.retrieval_eval:Length of retrieved docs (100) is smaller than largest topk for recall score (200)
WARNING:src.hipporag.evaluation.retrieval_eval:Length of retrieved docs (100) is smaller than largest topk for recall score (200)
WARNING:src.hipporag.evaluation.retrieval_eval:Length of retrieved docs (100) is smaller than largest topk for recall score (200)
WARNING:src.hipporag.evaluation.retrieval_eval:Length of retrieved docs (100) is smaller than largest topk for recall score (200)
WARNING:src.hipporag.evaluation.retrieval_eval:Length of retrieved docs (100) is smaller than largest topk for recall score (200)
{
  "output_json": "run_logs/daec_noisyor_dense_pool100_musique_fixclean_full1000_20260428.json",
  "overall_recomputed": {
    "Recall@1": 0.3383,
    "Recall@2": 0.5003,
    "Recall@5": 0.6628,
    "Recall@10": 0.7562,
    "Recall@20": 0.8197,
    "Recall@30": 0.8481,
    "Recall@50": 0.8803,
    "Recall@100": 0.9055,
    "Recall@150": 0.9055,
    "Recall@200": 0.9055,
    "ExactMatch": 0.298,
    "F1": 0.3895868872355714,
    "num_queries": 1000
  },
  "causal_slice": {
    "Recall@1": 0.3167,
    "Recall@2": 0.6083,
    "Recall@5": 0.7083,
    "Recall@10": 0.7333,
    "Recall@20": 0.875,
    "Recall@30": 0.875,
    "Recall@50": 0.875,
    "Recall@100": 0.875,
    "Recall@150": 0.875,
    "Recall@200": 0.875,
    "ExactMatch": 0.0,
    "F1": 0.3233333333333333,
    "num_queries": 10
  },
  "nonempty_subgraph_slice": {
    "num_queries": 0
  },
  "v2_metrics": {},
  "setwise_selector_qa": {
    "selector": "daec_noisyor",
    "score_mode": "bridge",
    "pool_k": 100,
    "anchor_count": 2,
    "reserve_top_m": 2,
    "max_bridge_slots": 0,
    "structure_max_hops": 2,
    "base_weight": 0.25,
    "structure_weight": 0.6,
    "novelty_weight": 0.15,
    "non_anchor_title_dedup": false,
    "query_entity_source": "seed",
    "gate_mode": "none",
    "gate_min_structure_score": 0.15,
    "gate_min_combined_margin": 0.0,
    "gate_min_closure_score": 0.0,
    "gate_min_novelty_score": 0.0,
    "gate_min_frontier_gain": 0.0,
    "gate_min_path_coherence": 0.0,
    "gate_max_avg_local_structure": 0.95,
    "gate_min_suffix_base_mean": 0.15,
    "reader_order_probe_mode": "none",
    "beam_width": 4,
    "beam_expand_per_state": 4,
    "beam_projected_shortlist_factor": 1,
    "late_rerank_enabled": false,
    "late_rerank_candidate_count": 4,
    "late_rerank_include_baseline": true,
    "late_rerank_doc_char_limit": 280,
    "late_rerank_policy": "always",
    "late_rerank_max_state_score_gap": 0.0,
    "late_rerank_judge_backend": "inherit",
    "late_rerank_judge_model": "qwen3-8b-train",
    "late_rerank_judge_base_url": "http://localhost:8043/v1",
    "late_rerank_judge_reasoning_effort": null,
    "state_score_weights": {
      "path_connectivity": 0.3,
      "reachable_doc_ratio": 0.2,
      "query_reachability": 0.15,
      "support_mean": 0.05,
      "support_min": 0.05,
      "closure_mean": 0.1,
      "suffix_base_mean": 0.05,
      "query_coverage": 0.1,
      "frontier_ratio": 0.05,
      "redundancy_penalty": 0.1
    },
    "setwise_model_path": null,
    "setwise_requirement_cache_path": null,
    "setwise_requirement_mode": "oracle",
    "setwise_requirement_model_path": null,
    "setwise_requirement_reserve_policy": "fixed",
    "setwise_requirement_annotation_pool_k": 50,
    "setwise_requirement_smooth_tau": 0.15,
    "setwise_requirement_counterfactual_tau": 0.1,
    "setwise_requirement_live_annotation_pool_k": 0,
    "setwise_requirement_live_annotation_score_mode": "heuristic",
    "setwise_requirement_live_atomic_model_path": null,
    "setwise_requirement_live_source_expand_factor": 0,
    "setwise_requirement_exposure_watch_titles": [
      "Riverside Plaza",
      "Minneapolis",
      "Mississippi River",
      "The Right Stuff Records",
      "Sony Music"
    ],
    "setwise_requirement_probe_force_source_titles": [],
    "setwise_requirement_probe_force_shortlist_titles": [],
    "setwise_requirement_probe_force_final_titles": [],
    "setwise_requirement_probe_force_pool_gold_into_final": false,
    "setwise_requirement_probe_source_sort_mode": "combined",
    "setwise_requirement_probe_source_support_gain_weight": 0.0,
    "setwise_requirement_probe_shortlist_sort_mode": "margin_first",
    "setwise_requirement_probe_bridge_bonus_mode": "off",
    "setwise_requirement_probe_bridge_bonus_weight": 0.0,
    "selector_EM": 0.29,
    "selector_F1": 0.3818,
    "baseline_EM": 0.298,
    "baseline_F1": 0.3896,
    "EM_delta": -0.008,
    "F1_delta": -0.0078,
    "selector_retrieval_metrics": {
      "Recall@1": 0.1947,
      "Recall@2": 0.4352,
      "Recall@5": 0.6525,
      "Recall@10": 0.7718,
      "Recall@20": 0.8313
    },
    "per_bucket": {
      "2_doc": {
        "count": 518,
        "baseline_EM": 0.3571,
        "selector_EM": 0.3668,
        "EM_delta": 0.0097,
        "baseline_F1": 0.4462,
        "selector_F1": 0.4635,
        "F1_delta": 0.0173
      },
      "3_doc": {
        "count": 316,
        "baseline_EM": 0.2627,
        "selector_EM": 0.2437,
        "EM_delta": -0.019,
        "baseline_F1": 0.3618,
        "selector_F1": 0.3344,
        "F1_delta": -0.0273
      },
      "4_doc": {
        "count": 166,
        "baseline_EM": 0.1807,
        "selector_EM": 0.1386,
        "EM_delta": -0.0422,
        "baseline_F1": 0.2659,
        "selector_F1": 0.2173,
        "F1_delta": -0.0486
      }
    },
    "selector_summary": {
      "selector": "daec_noisyor",
      "score_mode": "bridge",
      "avg_mapped_pool_doc_count": 100.0,
      "avg_seed_entity_count": 5.356,
      "avg_selected_structured_doc_count": 4.971,
      "reserve_top_m": 2,
      "max_bridge_slots": 0,
      "non_anchor_title_dedup": false,
      "query_entity_source": "seed",
      "gate_mode": "none",
      "gate_min_structure_score": 0.15,
      "gate_min_combined_margin": 0.0,
      "gate_min_closure_score": 0.0,
      "gate_min_novelty_score": 0.0,
      "gate_min_frontier_gain": 0.0,
      "gate_min_path_coherence": 0.0,
      "gate_max_avg_local_structure": 0.95,
      "gate_min_suffix_base_mean": 0.15,
      "reader_order_probe_mode": "none",
      "reader_order_probe_apply_count": 0,
      "reader_order_probe_skip_count": 0,
      "reader_order_probe_reason_counts": {},
      "gate_apply_count": 0,
      "gate_skip_count": 0,
      "gate_reason_counts": {},
      "saturation_guard_apply_count": 0,
      "saturation_guard_skip_count": 0,
      "late_rerank_enabled": false,
      "late_rerank_apply_count": 0,
      "late_rerank_override_count": 0,
      "late_rerank_block_count": 0,
      "late_rerank_parse_failure_count": 0,
      "late_rerank_error_count": 0,
      "late_rerank_policy": "always",
      "late_rerank_max_state_score_gap": 0.0,
      "beam_width": 4,
      "beam_expand_per_state": 4,
      "beam_projected_shortlist_factor": 1,
      "beam_projection_eval_count": 0,
      "beam_projection_extra_eval_count": 0,
      "beam_projection_rescue_count": 0,
      "beam_projection_changed_query_count": 0,
      "beam_projection_max_selected_rank": 0,
      "examples_preview": [
        {
          "question": "When was the person who Messi's goals in Copa del Rey compared to get signed by Barcelona?",
          "selected_titles": [
            "Lionel Messi",
            "List of international goals scored by Lionel Messi",
            "Lionel Messi",
            "FC Barcelona",
            "Iker Muniain"
          ],
          "seed_entities_preview": [
            "copa catalunya",
            "copa del rey",
            "diego maradona s goal of the century",
            "fc barcelona",
            "lionel messi",
            "messi",
            "messi s goal"
          ],
          "question_entities_preview": [
            "6 goals",
            "barcelona",
            "barcelona b",
            "barcelona f c",
            "copa del rey",
            "goal",
            "messi",
            "messi s goal"
          ],
          "grounded_question_entities_preview": [
            "barcelona",
            "barcelona b",
            "copa del rey",
            "messi",
            "messi s goal"
          ],
          "proposal_query_entities_preview": [
            "copa catalunya",
            "copa del rey",
            "diego maradona s goal of the century",
            "fc barcelona",
            "lionel messi",
            "messi",
            "messi s goal"
          ],
          "query_entities_preview": [
            "copa catalunya",
            "copa del rey",
            "diego maradona s goal of the century",
            "fc barcelona",
            "lionel messi",
            "messi",
            "messi s goal"
          ],
          "selection_steps": [
            {
              "step": 1,
              "mode": "daec_noisyor_greedy",
              "pool_position": 6,
              "title": "Lionel Messi",
              "objective_gain": 0.85509,
              "objective": 0.85509,
              "coverage_by_requirement": {
                "s1": 0.71018,
                "s2": 1.0
              }
            },
            {
              "step": 2,
              "mode": "daec_noisyor_greedy",
              "pool_position": 7,
              "title": "List of international goals scored by Lionel Messi",
              "objective_gain": 0.14491,
              "objective": 1.0,
              "coverage_by_requirement": {
                "s1": 1.0,
                "s2": 1.0
              }
            }
          ]
        },
        {
          "question": "What month did the Tripartite discussions begin between Britain, France, and the country where, despite being headquartered in the nation called the nobilities commonwealth, the top-ranking Warsaw Pact operatives originated?",
          "selected_titles": [
            "NATO",
            "Warsaw Pact",
            "NATO",
            "Member states of NATO",
            "Warsaw Pact"
          ],
          "seed_entities_preview": [
            "central and eastern europe",
            "june",
            "molotov ribbentrop pact",
            "mongolian people s republic",
            "warsaw pact"
          ],
          "question_entities_preview": [
            "britain",
            "country",
            "france",
            "king",
            "tripartite pact",
            "warsaw",
            "warsaw pact",
            "warsaw pact country"
          ],
          "grounded_question_entities_preview": [
            "britain",
            "france",
            "warsaw pact"
          ],
          "proposal_query_entities_preview": [
            "central and eastern europe",
            "june",
            "molotov ribbentrop pact",
            "mongolian people s republic",
            "warsaw pact"
          ],
          "query_entities_preview": [
            "central and eastern europe",
            "june",
            "molotov ribbentrop pact",
            "mongolian people s republic",
            "warsaw pact"
          ],
          "selection_steps": [
            {
              "step": 1,
              "mode": "daec_noisyor_greedy",
              "pool_position": 29,
              "title": "NATO",
              "objective_gain": 0.623144,
              "objective": 0.623144,
              "coverage_by_requirement": {
                "s1": 0.893613,
                "s2": 0.41627,
                "s3": 0.587298,
                "s4": 0.595395
              }
            },
            {
              "step": 2,
              "mode": "daec_noisyor_greedy",
              "pool_position": 7,
              "title": "Warsaw Pact",
              "objective_gain": 0.226467,
              "objective": 0.849611,
              "coverage_by_requirement": {
                "s1": 0.923946,
                "s2": 0.918386,
                "s3": 0.775246,
                "s4": 0.780865
              }
            },
            {
              "step": 3,
              "mode": "daec_noisyor_greedy",
              "pool_position": 60,
              "title": "NATO",
              "objective_gain": 0.091107,
              "objective": 0.940718,
              "coverage_by_requirement": {
                "s1": 0.969541,
                "s2": 0.947532,
                "s3": 0.923353,
                "s4": 0.922446
              }
            },
            {
              "step": 4,
              "mode": "daec_noisyor_greedy",
              "pool_position": 58,
              "title": "Member states of NATO",
              "objective_gain": 0.03113,
              "objective": 0.971848,
              "coverage_by_requirement": {
                "s1": 0.986771,
                "s2": 0.968753,
                "s3": 0.964236,
                "s4": 0.967634
              }
            },
            {
              "step": 5,
              "mode": "daec_noisyor_greedy",
              "pool_position": 12,
              "title": "Warsaw Pact",
              "objective_gain": 0.014853,
              "objective": 0.986702,
              "coverage_by_requirement": {
                "s1": 0.99102,
                "s2": 0.992357,
                "s3": 0.980366,
                "s4": 0.983063
              }
            }
          ]
        },
        {
          "question": "What county is Erik Hort's birthplace a part of?",
          "selected_titles": [
            "Saint Paul, Minnesota",
            "Erik Hort",
            "Hertfordshire",
            "Hull County, Quebec",
            "Horton Park (Saint Paul, Minnesota)"
          ],
          "seed_entities_preview": [
            "american",
            "aremark",
            "erik hort",
            "eyolf soot"
          ],
          "question_entities_preview": [
            "count",
            "county",
            "county of lithuania",
            "county seat of ramsey county",
            "erik hort",
            "hillsborough county",
            "historic county of quebec",
            "historic county seat of suffolk county"
          ],
          "grounded_question_entities_preview": [
            "county of lithuania",
            "erik hort",
            "historic county of quebec"
          ],
          "proposal_query_entities_preview": [
            "american",
            "aremark",
            "erik hort",
            "eyolf soot"
          ],
          "query_entities_preview": [
            "american",
            "aremark",
            "erik hort",
            "eyolf soot"
          ],
          "selection_steps": [
            {
              "step": 1,
              "mode": "daec_noisyor_greedy",
              "pool_position": 92,
              "title": "Saint Paul, Minnesota",
              "objective_gain": 0.548944,
              "objective": 0.548944,
              "coverage_by_requirement": {
                "s1": 0.097889,
                "s2": 1.0
              }
            },
            {
              "step": 2,
              "mode": "daec_noisyor_greedy",
              "pool_position": 0,
              "title": "Erik Hort",
              "objective_gain": 0.451056,
              "objective": 1.0,
              "coverage_by_requirement": {
                "s1": 1.0,
                "s2": 1.0
              }
            }
          ]
        },
        {
          "question": "What year did the publisher of Labyrinth end?",
          "selected_titles": [
            "Labyrinth (1984 video game)",
            "Acornsoft",
            "The Devil's Labyrinth",
            "Spectrum HoloByte",
            "Minotaur: The Labyrinths of Crete"
          ],
          "seed_entities_preview": [
            "1943",
            "1984",
            "acornsoft",
            "ballantine books",
            "labyrinth",
            "little house on the prairie",
            "the devil s labyrinth"
          ],
          "question_entities_preview": [
            "book of the millennium",
            "closing of the company",
            "end of the period it treats",
            "labyrinth",
            "publisher",
            "the devil s labyrinth",
            "the end of the little house books",
            "what katy did"
          ],
          "grounded_question_entities_preview": [
            "closing of the company",
            "labyrinth",
            "the devil s labyrinth",
            "the end of the little house books",
            "what katy did"
          ],
          "proposal_query_entities_preview": [
            "1943",
            "1984",
            "acornsoft",
            "ballantine books",
            "labyrinth",
            "little house on the prairie",
            "the devil s labyrinth"
          ],
          "query_entities_preview": [
            "1943",
            "1984",
            "acornsoft",
            "ballantine books",
            "labyrinth",
            "little house on the prairie",
            "the devil s labyrinth"
          ],
          "selection_steps": [
            {
              "step": 1,
              "mode": "daec_noisyor_greedy",
              "pool_position": 0,
              "title": "Labyrinth (1984 video game)",
              "objective_gain": 0.867719,
              "objective": 0.867719,
              "coverage_by_requirement": {
                "s1": 1.0,
                "s2": 0.735439
              }
            },
            {
              "step": 2,
              "mode": "daec_noisyor_greedy",
              "pool_position": 4,
              "title": "Acornsoft",
              "objective_gain": 0.132281,
              "objective": 1.0,
              "coverage_by_requirement": {
                "s1": 1.0,
                "s2": 1.0
              }
            }
          ]
        },
        {
          "question": "When was Lady Godiva's birthplace abolished?",
          "selected_titles": [
            "Île de la Cité",
            "Spalding Priory",
            "Lordship of Frisia",
            "Damaraland",
            "Mercia"
          ],
          "seed_entities_preview": [
            "1560",
            "1795",
            "2006",
            "by",
            "church of rome",
            "lordship of frisia",
            "pyrgiotissa"
          ],
          "question_entities_preview": [
            "flora shaw lady lugard",
            "frances crewe lady crewe",
            "godiva",
            "lady anne de grey",
            "lady godiva rides again",
            "second lady of the mercians",
            "vermont lady voltage"
          ],
          "grounded_question_entities_preview": [
            "godiva",
            "lady godiva rides again",
            "second lady of the mercians"
          ],
          "proposal_query_entities_preview": [
            "1560",
            "1795",
            "2006",
            "by",
            "church of rome",
            "lordship of frisia",
            "pyrgiotissa"
          ],
          "query_entities_preview": [
            "1560",
            "1795",
            "2006",
            "by",
            "church of rome",
            "lordship of frisia",
            "pyrgiotissa"
          ],
          "selection_steps": [
            {
              "step": 1,
              "mode": "daec_noisyor_greedy",
              "pool_position": 19,
              "title": "Île de la Cité",
              "objective_gain": 0.850293,
              "objective": 0.850293,
              "coverage_by_requirement": {
                "s1": 0.700586,
                "s2": 1.0
              }
            },
            {
              "step": 2,
              "mode": "daec_noisyor_greedy",
              "pool_position": 1,
              "title": "Spalding Priory",
              "objective_gain": 0.149707,
              "objective": 1.0,
              "coverage_by_requirement": {
                "s1": 1.0,
                "s2": 1.0
              }
            }
          ]
        }
      ],
      "dtc_max_steps": 4,
      "dtc_match_threshold": 0.35,
      "dtc_redundancy_weight": 0.1,
      "dtc_base_weight": 0.05,
      "dtc_rank_weight": 0.0,
      "dtc_anchor_bonus_weight": 0.1,
      "dtc_dependency_bonus_weight": 0.1,
      "dtc_max_completion_tokens": 512,
      "dtc_decomposition_mode": "llm",
      "dtc_include_satisfiable_by": false,
      "dtc_enforce_dependencies": true,
      "dtc_require_new_crossing": false,
      "dtc_demand_gate_enabled": false,
      "dtc_demand_gate_alpha": 1.0,
      "dtc_repairable_filter_enabled": false,
      "dtc_satisfiable_by_policy": "binding_override",
      "dtc_demand_gate_preserve_count": 0,
      "avg_dtc_baseline_demand_satisfaction_rate": 0.0,
      "dtc_ser_enabled": false,
      "dtc_ser_lambda0": 1.0,
      "dtc_ser_anchor_binding_enabled": false,
      "dtc_enable_dependency_binding": false,
      "dtc_binding_max_candidates": 5,
      "dtc_binding_entity_hit_required": true,
      "dtc_parse_success_count": 996,
      "dtc_fallback_count": 4,
      "avg_dtc_requirement_count": 2.496,
      "avg_dtc_covered_requirement_rate": 1.0,
      "avg_dtc_embedding_available_requirement_count": 2.496,
      "daec_main_objective": "frozen_binding_noisy_or",
      "daec_binding_top_m": 5
    }
  },
  "external_pool": {
    "enabled": true,
    "path": "run_logs/dense_pool_exports_full1000_20260424/musique_dense_pool100.json",
    "source": "dense_pool100",
    "dataset": "musique",
    "records_loaded": 1000,
    "records_available": 1000,
    "pool_k_payload": 100,
    "min_pool_size": 100,
    "max_pool_size": 100,
    "mean_pool_size": 100.0,
    "total_pool_docs": 100000,
    "exact_doc_text_match_count": 100000,
    "title_fallback_match_count": 0,
    "unmatched_doc_count": 0,
    "question_mismatch_count": 0,
    "query_idx_mismatch_count": 0,
    "payload_retrieval": {
      "recomputed_title_recall": {
        "Recall@5": 0.6888,
        "Recall@20": 0.8318,
        "Recall@100": 0.9091
      },
      "dense_metrics": {
        "Recall@5": 0.6888,
        "Recall@20": 0.8318,
        "Recall@100": 0.9091
      }
    }
  }
}
