INFO:src.hipporag.prompts.prompt_template_manager:Loading templates from directory: /mnt/nvme/code/HippoRAG/src/hipporag/prompts/templates
INFO:src.hipporag.HippoRAG:Loaded graph from outputs_step0_general_nvembed_2wikimultihopqa/qwen3-8b_VLLM_nvidia_NV-Embed-v2/graph.pickle with 56422 nodes, 876137 edges
INFO:src.hipporag.embedding_store:Loaded 6119 records from outputs_step0_general_nvembed_2wikimultihopqa/qwen3-8b_VLLM_nvidia_NV-Embed-v2/chunk_embeddings/vdb_chunk.parquet
INFO:src.hipporag.embedding_store:Loaded 50303 records from outputs_step0_general_nvembed_2wikimultihopqa/qwen3-8b_VLLM_nvidia_NV-Embed-v2/entity_embeddings/vdb_entity.parquet
INFO:src.hipporag.embedding_store:Loaded 67159 records from outputs_step0_general_nvembed_2wikimultihopqa/qwen3-8b_VLLM_nvidia_NV-Embed-v2/fact_embeddings/vdb_fact.parquet
INFO:src.hipporag.prompts.prompt_template_manager:Loading templates from directory: /mnt/nvme/code/HippoRAG/src/hipporag/prompts/templates
INFO:src.hipporag.HippoRAG:Indexing Documents
INFO:src.hipporag.HippoRAG:Performing OpenIE
INFO:src.hipporag.embedding_store:Inserting 0 new records, 6119 records already exist.
INFO:src.hipporag.HippoRAG:OpenIE results saved to outputs_step0_general_nvembed_2wikimultihopqa/openie_results_ner_qwen3-8b.json
INFO:src.hipporag.HippoRAG:Encoding Entities
INFO:src.hipporag.embedding_store:Inserting 0 new records, 50303 records already exist.
INFO:src.hipporag.HippoRAG:Encoding Facts
INFO:src.hipporag.embedding_store:Inserting 0 new records, 67159 records already exist.
INFO:src.hipporag.HippoRAG:Constructing Graph
INFO:src.hipporag.HippoRAG:Adding OpenIE triples to graph.
0it [00:00, ?it/s]2945it [00:00, 29433.47it/s]5889it [00:00, 10880.45it/s]6119it [00:00, 12231.56it/s]
INFO:src.hipporag.HippoRAG:Connecting passage nodes to phrase nodes.
0it [00:00, ?it/s]6119it [00:00, 3589502.96it/s]
WARNING:src.hipporag.evaluation.retrieval_eval:Length of retrieved docs (100) is smaller than largest topk for recall score (200)
WARNING:src.hipporag.evaluation.retrieval_eval:Length of retrieved docs (100) is smaller than largest topk for recall score (200)
WARNING:src.hipporag.evaluation.retrieval_eval:Length of retrieved docs (100) is smaller than largest topk for recall score (200)
WARNING:src.hipporag.evaluation.retrieval_eval:Length of retrieved docs (100) is smaller than largest topk for recall score (200)
WARNING:src.hipporag.evaluation.retrieval_eval:Length of retrieved docs (100) is smaller than largest topk for recall score (200)
WARNING:src.hipporag.evaluation.retrieval_eval:Length of retrieved docs (100) is smaller than largest topk for recall score (200)
WARNING:src.hipporag.evaluation.retrieval_eval:Length of retrieved docs (100) is smaller than largest topk for recall score (200)
WARNING:src.hipporag.evaluation.retrieval_eval:Length of retrieved docs (100) is smaller than largest topk for recall score (200)
WARNING:src.hipporag.evaluation.retrieval_eval:Length of retrieved docs (100) is smaller than largest topk for recall score (200)
WARNING:src.hipporag.evaluation.retrieval_eval:Length of retrieved docs (100) is smaller than largest topk for recall score (200)
WARNING:src.hipporag.evaluation.retrieval_eval:Length of retrieved docs (100) is smaller than largest topk for recall score (200)
WARNING:src.hipporag.evaluation.retrieval_eval:Length of retrieved docs (100) is smaller than largest topk for recall score (200)
WARNING:src.hipporag.evaluation.retrieval_eval:Length of retrieved docs (100) is smaller than largest topk for recall score (200)
WARNING:src.hipporag.evaluation.retrieval_eval:Length of retrieved docs (100) is smaller than largest topk for recall score (200)
WARNING:src.hipporag.evaluation.retrieval_eval:Length of retrieved docs (100) is smaller than largest topk for recall score (200)
WARNING:src.hipporag.evaluation.retrieval_eval:Length of retrieved docs (100) is smaller than largest topk for recall score (200)
WARNING:src.hipporag.evaluation.retrieval_eval:Length of retrieved docs (100) is smaller than largest topk for recall score (200)
WARNING:src.hipporag.evaluation.retrieval_eval:Length of retrieved docs (100) is smaller than largest topk for recall score (200)
WARNING:src.hipporag.evaluation.retrieval_eval:Length of retrieved docs (100) is smaller than largest topk for recall score (200)
WARNING:src.hipporag.evaluation.retrieval_eval:Length of retrieved docs (100) is smaller than largest topk for recall score (200)
WARNING:src.hipporag.evaluation.retrieval_eval:Length of retrieved docs (100) is smaller than largest topk for recall score (200)
WARNING:src.hipporag.evaluation.retrieval_eval:Length of retrieved docs (100) is smaller than largest topk for recall score (200)
WARNING:src.hipporag.evaluation.retrieval_eval:Length of retrieved docs (100) is smaller than largest topk for recall score (200)
WARNING:src.hipporag.evaluation.retrieval_eval:Length of retrieved docs (100) is smaller than largest topk for recall score (200)
WARNING:src.hipporag.evaluation.retrieval_eval:Length of retrieved docs (100) is smaller than largest topk for recall score (200)
WARNING:src.hipporag.evaluation.retrieval_eval:Length of retrieved docs (100) is smaller than largest topk for recall score (200)
WARNING:src.hipporag.evaluation.retrieval_eval:Length of retrieved docs (100) is smaller than largest topk for recall score (200)
WARNING:src.hipporag.evaluation.retrieval_eval:Length of retrieved docs (100) is smaller than largest topk for recall score (200)
WARNING:src.hipporag.evaluation.retrieval_eval:Length of retrieved docs (100) is smaller than largest topk for recall score (200)
WARNING:src.hipporag.evaluation.retrieval_eval:Length of retrieved docs (100) is smaller than largest topk for recall score (200)
WARNING:src.hipporag.evaluation.retrieval_eval:Length of retrieved docs (100) is smaller than largest topk for recall score (200)
WARNING:src.hipporag.evaluation.retrieval_eval:Length of retrieved docs (100) is smaller than largest topk for recall score (200)
WARNING:src.hipporag.evaluation.retrieval_eval:Length of retrieved docs (100) is smaller than largest topk for recall score (200)
WARNING:src.hipporag.evaluation.retrieval_eval:Length of retrieved docs (100) is smaller than largest topk for recall score (200)
WARNING:src.hipporag.evaluation.retrieval_eval:Length of retrieved docs (100) is smaller than largest topk for recall score (200)
WARNING:src.hipporag.evaluation.retrieval_eval:Length of retrieved docs (100) is smaller than largest topk for recall score (200)
WARNING:src.hipporag.evaluation.retrieval_eval:Length of retrieved docs (100) is smaller than largest topk for recall score (200)
WARNING:src.hipporag.evaluation.retrieval_eval:Length of retrieved docs (100) is smaller than largest topk for recall score (200)
WARNING:src.hipporag.evaluation.retrieval_eval:Length of retrieved docs (100) is smaller than largest topk for recall score (200)
WARNING:src.hipporag.evaluation.retrieval_eval:Length of retrieved docs (100) is smaller than largest topk for recall score (200)
WARNING:src.hipporag.evaluation.retrieval_eval:Length of retrieved docs (100) is smaller than largest topk for recall score (200)
WARNING:src.hipporag.evaluation.retrieval_eval:Length of retrieved docs (100) is smaller than largest topk for recall score (200)
WARNING:src.hipporag.evaluation.retrieval_eval:Length of retrieved docs (100) is smaller than largest topk for recall score (200)
WARNING:src.hipporag.evaluation.retrieval_eval:Length of retrieved docs (100) is smaller than largest topk for recall score (200)
WARNING:src.hipporag.evaluation.retrieval_eval:Length of retrieved docs (100) is smaller than largest topk for recall score (200)
WARNING:src.hipporag.evaluation.retrieval_eval:Length of retrieved docs (100) is smaller than largest topk for recall score (200)
WARNING:src.hipporag.evaluation.retrieval_eval:Length of retrieved docs (100) is smaller than largest topk for recall score (200)
WARNING:src.hipporag.evaluation.retrieval_eval:Length of retrieved docs (100) is smaller than largest topk for recall score (200)
WARNING:src.hipporag.evaluation.retrieval_eval:Length of retrieved docs (100) is smaller than largest topk for recall score (200)
WARNING:src.hipporag.evaluation.retrieval_eval:Length of retrieved docs (100) is smaller than largest topk for recall score (200)
WARNING:src.hipporag.evaluation.retrieval_eval:Length of retrieved docs (100) is smaller than largest topk for recall score (200)
WARNING:src.hipporag.evaluation.retrieval_eval:Length of retrieved docs (100) is smaller than largest topk for recall score (200)
WARNING:src.hipporag.evaluation.retrieval_eval:Length of retrieved docs (100) is smaller than largest topk for recall score (200)
WARNING:src.hipporag.evaluation.retrieval_eval:Length of retrieved docs (100) is smaller than largest topk for recall score (200)
WARNING:src.hipporag.evaluation.retrieval_eval:Length of retrieved docs (100) is smaller than largest topk for recall score (200)
WARNING:src.hipporag.evaluation.retrieval_eval:Length of retrieved docs (100) is smaller than largest topk for recall score (200)
WARNING:src.hipporag.evaluation.retrieval_eval:Length of retrieved docs (100) is smaller than largest topk for recall score (200)
WARNING:src.hipporag.evaluation.retrieval_eval:Length of retrieved docs (100) is smaller than largest topk for recall score (200)
WARNING:src.hipporag.evaluation.retrieval_eval:Length of retrieved docs (100) is smaller than largest topk for recall score (200)
WARNING:src.hipporag.evaluation.retrieval_eval:Length of retrieved docs (100) is smaller than largest topk for recall score (200)
WARNING:src.hipporag.evaluation.retrieval_eval:Length of retrieved docs (100) is smaller than largest topk for recall score (200)
WARNING:src.hipporag.evaluation.retrieval_eval:Length of retrieved docs (100) is smaller than largest topk for recall score (200)
WARNING:src.hipporag.evaluation.retrieval_eval:Length of retrieved docs (100) is smaller than largest topk for recall score (200)
WARNING:src.hipporag.evaluation.retrieval_eval:Length of retrieved docs (100) is smaller than largest topk for recall score (200)
WARNING:src.hipporag.evaluation.retrieval_eval:Length of retrieved docs (100) is smaller than largest topk for recall score (200)
WARNING:src.hipporag.evaluation.retrieval_eval:Length of retrieved docs (100) is smaller than largest topk for recall score (200)
WARNING:src.hipporag.evaluation.retrieval_eval:Length of retrieved docs (100) is smaller than largest topk for recall score (200)
WARNING:src.hipporag.evaluation.retrieval_eval:Length of retrieved docs (100) is smaller than largest topk for recall score (200)
WARNING:src.hipporag.evaluation.retrieval_eval:Length of retrieved docs (100) is smaller than largest topk for recall score (200)
WARNING:src.hipporag.evaluation.retrieval_eval:Length of retrieved docs (100) is smaller than largest topk for recall score (200)
WARNING:src.hipporag.evaluation.retrieval_eval:Length of retrieved docs (100) is smaller than largest topk for recall score (200)
WARNING:src.hipporag.evaluation.retrieval_eval:Length of retrieved docs (100) is smaller than largest topk for recall score (200)
WARNING:src.hipporag.evaluation.retrieval_eval:Length of retrieved docs (100) is smaller than largest topk for recall score (200)
WARNING:src.hipporag.evaluation.retrieval_eval:Length of retrieved docs (100) is smaller than largest topk for recall score (200)
WARNING:src.hipporag.evaluation.retrieval_eval:Length of retrieved docs (100) is smaller than largest topk for recall score (200)
WARNING:src.hipporag.evaluation.retrieval_eval:Length of retrieved docs (100) is smaller than largest topk for recall score (200)
WARNING:src.hipporag.evaluation.retrieval_eval:Length of retrieved docs (100) is smaller than largest topk for recall score (200)
WARNING:src.hipporag.evaluation.retrieval_eval:Length of retrieved docs (100) is smaller than largest topk for recall score (200)
WARNING:src.hipporag.evaluation.retrieval_eval:Length of retrieved docs (100) is smaller than largest topk for recall score (200)
WARNING:src.hipporag.evaluation.retrieval_eval:Length of retrieved docs (100) is smaller than largest topk for recall score (200)
WARNING:src.hipporag.evaluation.retrieval_eval:Length of retrieved docs (100) is smaller than largest topk for recall score (200)
WARNING:src.hipporag.evaluation.retrieval_eval:Length of retrieved docs (100) is smaller than largest topk for recall score (200)
WARNING:src.hipporag.evaluation.retrieval_eval:Length of retrieved docs (100) is smaller than largest topk for recall score (200)
WARNING:src.hipporag.evaluation.retrieval_eval:Length of retrieved docs (100) is smaller than largest topk for recall score (200)
WARNING:src.hipporag.evaluation.retrieval_eval:Length of retrieved docs (100) is smaller than largest topk for recall score (200)
WARNING:src.hipporag.evaluation.retrieval_eval:Length of retrieved docs (100) is smaller than largest topk for recall score (200)
WARNING:src.hipporag.evaluation.retrieval_eval:Length of retrieved docs (100) is smaller than largest topk for recall score (200)
WARNING:src.hipporag.evaluation.retrieval_eval:Length of retrieved docs (100) is smaller than largest topk for recall score (200)
WARNING:src.hipporag.evaluation.retrieval_eval:Length of retrieved docs (100) is smaller than largest topk for recall score (200)
WARNING:src.hipporag.evaluation.retrieval_eval:Length of retrieved docs (100) is smaller than largest topk for recall score (200)
WARNING:src.hipporag.evaluation.retrieval_eval:Length of retrieved docs (100) is smaller than largest topk for recall score (200)
WARNING:src.hipporag.evaluation.retrieval_eval:Length of retrieved docs (100) is smaller than largest topk for recall score (200)
WARNING:src.hipporag.evaluation.retrieval_eval:Length of retrieved docs (100) is smaller than largest topk for recall score (200)
WARNING:src.hipporag.evaluation.retrieval_eval:Length of retrieved docs (100) is smaller than largest topk for recall score (200)
WARNING:src.hipporag.evaluation.retrieval_eval:Length of retrieved docs (100) is smaller than largest topk for recall score (200)
WARNING:src.hipporag.evaluation.retrieval_eval:Length of retrieved docs (100) is smaller than largest topk for recall score (200)
WARNING:src.hipporag.evaluation.retrieval_eval:Length of retrieved docs (100) is smaller than largest topk for recall score (200)
WARNING:src.hipporag.evaluation.retrieval_eval:Length of retrieved docs (100) is smaller than largest topk for recall score (200)
WARNING:src.hipporag.evaluation.retrieval_eval:Length of retrieved docs (100) is smaller than largest topk for recall score (200)
WARNING:src.hipporag.evaluation.retrieval_eval:Length of retrieved docs (100) is smaller than largest topk for recall score (200)
WARNING:src.hipporag.evaluation.retrieval_eval:Length of retrieved docs (100) is smaller than largest topk for recall score (200)
WARNING:src.hipporag.evaluation.retrieval_eval:Length of retrieved docs (100) is smaller than largest topk for recall score (200)
WARNING:src.hipporag.evaluation.retrieval_eval:Length of retrieved docs (100) is smaller than largest topk for recall score (200)
WARNING:src.hipporag.evaluation.retrieval_eval:Length of retrieved docs (100) is smaller than largest topk for recall score (200)
WARNING:src.hipporag.evaluation.retrieval_eval:Length of retrieved docs (100) is smaller than largest topk for recall score (200)
WARNING:src.hipporag.evaluation.retrieval_eval:Length of retrieved docs (100) is smaller than largest topk for recall score (200)
WARNING:src.hipporag.evaluation.retrieval_eval:Length of retrieved docs (100) is smaller than largest topk for recall score (200)
WARNING:src.hipporag.evaluation.retrieval_eval:Length of retrieved docs (100) is smaller than largest topk for recall score (200)
WARNING:src.hipporag.evaluation.retrieval_eval:Length of retrieved docs (100) is smaller than largest topk for recall score (200)
WARNING:src.hipporag.evaluation.retrieval_eval:Length of retrieved docs (100) is smaller than largest topk for recall score (200)
WARNING:src.hipporag.evaluation.retrieval_eval:Length of retrieved docs (100) is smaller than largest topk for recall score (200)
WARNING:src.hipporag.evaluation.retrieval_eval:Length of retrieved docs (100) is smaller than largest topk for recall score (200)
WARNING:src.hipporag.evaluation.retrieval_eval:Length of retrieved docs (100) is smaller than largest topk for recall score (200)
WARNING:src.hipporag.evaluation.retrieval_eval:Length of retrieved docs (100) is smaller than largest topk for recall score (200)
WARNING:src.hipporag.evaluation.retrieval_eval:Length of retrieved docs (100) is smaller than largest topk for recall score (200)
WARNING:src.hipporag.evaluation.retrieval_eval:Length of retrieved docs (100) is smaller than largest topk for recall score (200)
WARNING:src.hipporag.evaluation.retrieval_eval:Length of retrieved docs (100) is smaller than largest topk for recall score (200)
WARNING:src.hipporag.evaluation.retrieval_eval:Length of retrieved docs (100) is smaller than largest topk for recall score (200)
WARNING:src.hipporag.evaluation.retrieval_eval:Length of retrieved docs (100) is smaller than largest topk for recall score (200)
WARNING:src.hipporag.evaluation.retrieval_eval:Length of retrieved docs (100) is smaller than largest topk for recall score (200)
WARNING:src.hipporag.evaluation.retrieval_eval:Length of retrieved docs (100) is smaller than largest topk for recall score (200)
WARNING:src.hipporag.evaluation.retrieval_eval:Length of retrieved docs (100) is smaller than largest topk for recall score (200)
WARNING:src.hipporag.evaluation.retrieval_eval:Length of retrieved docs (100) is smaller than largest topk for recall score (200)
WARNING:src.hipporag.evaluation.retrieval_eval:Length of retrieved docs (100) is smaller than largest topk for recall score (200)
WARNING:src.hipporag.evaluation.retrieval_eval:Length of retrieved docs (100) is smaller than largest topk for recall score (200)
WARNING:src.hipporag.evaluation.retrieval_eval:Length of retrieved docs (100) is smaller than largest topk for recall score (200)
WARNING:src.hipporag.evaluation.retrieval_eval:Length of retrieved docs (100) is smaller than largest topk for recall score (200)
WARNING:src.hipporag.evaluation.retrieval_eval:Length of retrieved docs (100) is smaller than largest topk for recall score (200)
WARNING:src.hipporag.evaluation.retrieval_eval:Length of retrieved docs (100) is smaller than largest topk for recall score (200)
WARNING:src.hipporag.evaluation.retrieval_eval:Length of retrieved docs (100) is smaller than largest topk for recall score (200)
WARNING:src.hipporag.evaluation.retrieval_eval:Length of retrieved docs (100) is smaller than largest topk for recall score (200)
WARNING:src.hipporag.evaluation.retrieval_eval:Length of retrieved docs (100) is smaller than largest topk for recall score (200)
WARNING:src.hipporag.evaluation.retrieval_eval:Length of retrieved docs (100) is smaller than largest topk for recall score (200)
WARNING:src.hipporag.evaluation.retrieval_eval:Length of retrieved docs (100) is smaller than largest topk for recall score (200)
WARNING:src.hipporag.evaluation.retrieval_eval:Length of retrieved docs (100) is smaller than largest topk for recall score (200)
WARNING:src.hipporag.evaluation.retrieval_eval:Length of retrieved docs (100) is smaller than largest topk for recall score (200)
WARNING:src.hipporag.evaluation.retrieval_eval:Length of retrieved docs (100) is smaller than largest topk for recall score (200)
WARNING:src.hipporag.evaluation.retrieval_eval:Length of retrieved docs (100) is smaller than largest topk for recall score (200)
WARNING:src.hipporag.evaluation.retrieval_eval:Length of retrieved docs (100) is smaller than largest topk for recall score (200)
WARNING:src.hipporag.evaluation.retrieval_eval:Length of retrieved docs (100) is smaller than largest topk for recall score (200)
WARNING:src.hipporag.evaluation.retrieval_eval:Length of retrieved docs (100) is smaller than largest topk for recall score (200)
WARNING:src.hipporag.evaluation.retrieval_eval:Length of retrieved docs (100) is smaller than largest topk for recall score (200)
WARNING:src.hipporag.evaluation.retrieval_eval:Length of retrieved docs (100) is smaller than largest topk for recall score (200)
WARNING:src.hipporag.evaluation.retrieval_eval:Length of retrieved docs (100) is smaller than largest topk for recall score (200)
WARNING:src.hipporag.evaluation.retrieval_eval:Length of retrieved docs (100) is smaller than largest topk for recall score (200)
WARNING:src.hipporag.evaluation.retrieval_eval:Length of retrieved docs (100) is smaller than largest topk for recall score (200)
WARNING:src.hipporag.evaluation.retrieval_eval:Length of retrieved docs (100) is smaller than largest topk for recall score (200)
WARNING:src.hipporag.evaluation.retrieval_eval:Length of retrieved docs (100) is smaller than largest topk for recall score (200)
WARNING:src.hipporag.evaluation.retrieval_eval:Length of retrieved docs (100) is smaller than largest topk for recall score (200)
WARNING:src.hipporag.evaluation.retrieval_eval:Length of retrieved docs (100) is smaller than largest topk for recall score (200)
WARNING:src.hipporag.evaluation.retrieval_eval:Length of retrieved docs (100) is smaller than largest topk for recall score (200)
WARNING:src.hipporag.evaluation.retrieval_eval:Length of retrieved docs (100) is smaller than largest topk for recall score (200)
WARNING:src.hipporag.evaluation.retrieval_eval:Length of retrieved docs (100) is smaller than largest topk for recall score (200)
WARNING:src.hipporag.evaluation.retrieval_eval:Length of retrieved docs (100) is smaller than largest topk for recall score (200)
WARNING:src.hipporag.evaluation.retrieval_eval:Length of retrieved docs (100) is smaller than largest topk for recall score (200)
WARNING:src.hipporag.evaluation.retrieval_eval:Length of retrieved docs (100) is smaller than largest topk for recall score (200)
WARNING:src.hipporag.evaluation.retrieval_eval:Length of retrieved docs (100) is smaller than largest topk for recall score (200)
WARNING:src.hipporag.evaluation.retrieval_eval:Length of retrieved docs (100) is smaller than largest topk for recall score (200)
WARNING:src.hipporag.evaluation.retrieval_eval:Length of retrieved docs (100) is smaller than largest topk for recall score (200)
WARNING:src.hipporag.evaluation.retrieval_eval:Length of retrieved docs (100) is smaller than largest topk for recall score (200)
WARNING:src.hipporag.evaluation.retrieval_eval:Length of retrieved docs (100) is smaller than largest topk for recall score (200)
WARNING:src.hipporag.evaluation.retrieval_eval:Length of retrieved docs (100) is smaller than largest topk for recall score (200)
WARNING:src.hipporag.evaluation.retrieval_eval:Length of retrieved docs (100) is smaller than largest topk for recall score (200)
WARNING:src.hipporag.evaluation.retrieval_eval:Length of retrieved docs (100) is smaller than largest topk for recall score (200)
WARNING:src.hipporag.evaluation.retrieval_eval:Length of retrieved docs (100) is smaller than largest topk for recall score (200)
WARNING:src.hipporag.evaluation.retrieval_eval:Length of retrieved docs (100) is smaller than largest topk for recall score (200)
WARNING:src.hipporag.evaluation.retrieval_eval:Length of retrieved docs (100) is smaller than largest topk for recall score (200)
WARNING:src.hipporag.evaluation.retrieval_eval:Length of retrieved docs (100) is smaller than largest topk for recall score (200)
WARNING:src.hipporag.evaluation.retrieval_eval:Length of retrieved docs (100) is smaller than largest topk for recall score (200)
WARNING:src.hipporag.evaluation.retrieval_eval:Length of retrieved docs (100) is smaller than largest topk for recall score (200)
WARNING:src.hipporag.evaluation.retrieval_eval:Length of retrieved docs (100) is smaller than largest topk for recall score (200)
WARNING:src.hipporag.evaluation.retrieval_eval:Length of retrieved docs (100) is smaller than largest topk for recall score (200)
WARNING:src.hipporag.evaluation.retrieval_eval:Length of retrieved docs (100) is smaller than largest topk for recall score (200)
WARNING:src.hipporag.evaluation.retrieval_eval:Length of retrieved docs (100) is smaller than largest topk for recall score (200)
WARNING:src.hipporag.evaluation.retrieval_eval:Length of retrieved docs (100) is smaller than largest topk for recall score (200)
WARNING:src.hipporag.evaluation.retrieval_eval:Length of retrieved docs (100) is smaller than largest topk for recall score (200)
WARNING:src.hipporag.evaluation.retrieval_eval:Length of retrieved docs (100) is smaller than largest topk for recall score (200)
WARNING:src.hipporag.evaluation.retrieval_eval:Length of retrieved docs (100) is smaller than largest topk for recall score (200)
WARNING:src.hipporag.evaluation.retrieval_eval:Length of retrieved docs (100) is smaller than largest topk for recall score (200)
WARNING:src.hipporag.evaluation.retrieval_eval:Length of retrieved docs (100) is smaller than largest topk for recall score (200)
WARNING:src.hipporag.evaluation.retrieval_eval:Length of retrieved docs (100) is smaller than largest topk for recall score (200)
WARNING:src.hipporag.evaluation.retrieval_eval:Length of retrieved docs (100) is smaller than largest topk for recall score (200)
WARNING:src.hipporag.evaluation.retrieval_eval:Length of retrieved docs (100) is smaller than largest topk for recall score (200)
WARNING:src.hipporag.evaluation.retrieval_eval:Length of retrieved docs (100) is smaller than largest topk for recall score (200)
WARNING:src.hipporag.evaluation.retrieval_eval:Length of retrieved docs (100) is smaller than largest topk for recall score (200)
WARNING:src.hipporag.evaluation.retrieval_eval:Length of retrieved docs (100) is smaller than largest topk for recall score (200)
WARNING:src.hipporag.evaluation.retrieval_eval:Length of retrieved docs (100) is smaller than largest topk for recall score (200)
WARNING:src.hipporag.evaluation.retrieval_eval:Length of retrieved docs (100) is smaller than largest topk for recall score (200)
WARNING:src.hipporag.evaluation.retrieval_eval:Length of retrieved docs (100) is smaller than largest topk for recall score (200)
WARNING:src.hipporag.evaluation.retrieval_eval:Length of retrieved docs (100) is smaller than largest topk for recall score (200)
WARNING:src.hipporag.evaluation.retrieval_eval:Length of retrieved docs (100) is smaller than largest topk for recall score (200)
WARNING:src.hipporag.evaluation.retrieval_eval:Length of retrieved docs (100) is smaller than largest topk for recall score (200)
WARNING:src.hipporag.evaluation.retrieval_eval:Length of retrieved docs (100) is smaller than largest topk for recall score (200)
WARNING:src.hipporag.evaluation.retrieval_eval:Length of retrieved docs (100) is smaller than largest topk for recall score (200)
WARNING:src.hipporag.evaluation.retrieval_eval:Length of retrieved docs (100) is smaller than largest topk for recall score (200)
WARNING:src.hipporag.evaluation.retrieval_eval:Length of retrieved docs (100) is smaller than largest topk for recall score (200)
WARNING:src.hipporag.evaluation.retrieval_eval:Length of retrieved docs (100) is smaller than largest topk for recall score (200)
WARNING:src.hipporag.evaluation.retrieval_eval:Length of retrieved docs (100) is smaller than largest topk for recall score (200)
WARNING:src.hipporag.evaluation.retrieval_eval:Length of retrieved docs (100) is smaller than largest topk for recall score (200)
WARNING:src.hipporag.evaluation.retrieval_eval:Length of retrieved docs (100) is smaller than largest topk for recall score (200)
WARNING:src.hipporag.evaluation.retrieval_eval:Length of retrieved docs (100) is smaller than largest topk for recall score (200)
WARNING:src.hipporag.evaluation.retrieval_eval:Length of retrieved docs (100) is smaller than largest topk for recall score (200)
WARNING:src.hipporag.evaluation.retrieval_eval:Length of retrieved docs (100) is smaller than largest topk for recall score (200)
WARNING:src.hipporag.evaluation.retrieval_eval:Length of retrieved docs (100) is smaller than largest topk for recall score (200)
WARNING:src.hipporag.evaluation.retrieval_eval:Length of retrieved docs (100) is smaller than largest topk for recall score (200)
WARNING:src.hipporag.evaluation.retrieval_eval:Length of retrieved docs (100) is smaller than largest topk for recall score (200)
WARNING:src.hipporag.evaluation.retrieval_eval:Length of retrieved docs (100) is smaller than largest topk for recall score (200)
WARNING:src.hipporag.evaluation.retrieval_eval:Length of retrieved docs (100) is smaller than largest topk for recall score (200)
WARNING:src.hipporag.evaluation.retrieval_eval:Length of retrieved docs (100) is smaller than largest topk for recall score (200)
WARNING:src.hipporag.evaluation.retrieval_eval:Length of retrieved docs (100) is smaller than largest topk for recall score (200)
WARNING:src.hipporag.evaluation.retrieval_eval:Length of retrieved docs (100) is smaller than largest topk for recall score (200)
WARNING:src.hipporag.evaluation.retrieval_eval:Length of retrieved docs (100) is smaller than largest topk for recall score (200)
WARNING:src.hipporag.evaluation.retrieval_eval:Length of retrieved docs (100) is smaller than largest topk for recall score (200)
WARNING:src.hipporag.evaluation.retrieval_eval:Length of retrieved docs (100) is smaller than largest topk for recall score (200)
WARNING:src.hipporag.evaluation.retrieval_eval:Length of retrieved docs (100) is smaller than largest topk for recall score (200)
WARNING:src.hipporag.evaluation.retrieval_eval:Length of retrieved docs (100) is smaller than largest topk for recall score (200)
WARNING:src.hipporag.evaluation.retrieval_eval:Length of retrieved docs (100) is smaller than largest topk for recall score (200)
WARNING:src.hipporag.evaluation.retrieval_eval:Length of retrieved docs (100) is smaller than largest topk for recall score (200)
WARNING:src.hipporag.evaluation.retrieval_eval:Length of retrieved docs (100) is smaller than largest topk for recall score (200)
WARNING:src.hipporag.evaluation.retrieval_eval:Length of retrieved docs (100) is smaller than largest topk for recall score (200)
WARNING:src.hipporag.evaluation.retrieval_eval:Length of retrieved docs (100) is smaller than largest topk for recall score (200)
WARNING:src.hipporag.evaluation.retrieval_eval:Length of retrieved docs (100) is smaller than largest topk for recall score (200)
WARNING:src.hipporag.evaluation.retrieval_eval:Length of retrieved docs (100) is smaller than largest topk for recall score (200)
WARNING:src.hipporag.evaluation.retrieval_eval:Length of retrieved docs (100) is smaller than largest topk for recall score (200)
WARNING:src.hipporag.evaluation.retrieval_eval:Length of retrieved docs (100) is smaller than largest topk for recall score (200)
WARNING:src.hipporag.evaluation.retrieval_eval:Length of retrieved docs (100) is smaller than largest topk for recall score (200)
WARNING:src.hipporag.evaluation.retrieval_eval:Length of retrieved docs (100) is smaller than largest topk for recall score (200)
WARNING:src.hipporag.evaluation.retrieval_eval:Length of retrieved docs (100) is smaller than largest topk for recall score (200)
WARNING:src.hipporag.evaluation.retrieval_eval:Length of retrieved docs (100) is smaller than largest topk for recall score (200)
WARNING:src.hipporag.evaluation.retrieval_eval:Length of retrieved docs (100) is smaller than largest topk for recall score (200)
WARNING:src.hipporag.evaluation.retrieval_eval:Length of retrieved docs (100) is smaller than largest topk for recall score (200)
WARNING:src.hipporag.evaluation.retrieval_eval:Length of retrieved docs (100) is smaller than largest topk for recall score (200)
WARNING:src.hipporag.evaluation.retrieval_eval:Length of retrieved docs (100) is smaller than largest topk for recall score (200)
WARNING:src.hipporag.evaluation.retrieval_eval:Length of retrieved docs (100) is smaller than largest topk for recall score (200)
WARNING:src.hipporag.evaluation.retrieval_eval:Length of retrieved docs (100) is smaller than largest topk for recall score (200)
WARNING:src.hipporag.evaluation.retrieval_eval:Length of retrieved docs (100) is smaller than largest topk for recall score (200)
WARNING:src.hipporag.evaluation.retrieval_eval:Length of retrieved docs (100) is smaller than largest topk for recall score (200)
WARNING:src.hipporag.evaluation.retrieval_eval:Length of retrieved docs (100) is smaller than largest topk for recall score (200)
WARNING:src.hipporag.evaluation.retrieval_eval:Length of retrieved docs (100) is smaller than largest topk for recall score (200)
WARNING:src.hipporag.evaluation.retrieval_eval:Length of retrieved docs (100) is smaller than largest topk for recall score (200)
WARNING:src.hipporag.evaluation.retrieval_eval:Length of retrieved docs (100) is smaller than largest topk for recall score (200)
WARNING:src.hipporag.evaluation.retrieval_eval:Length of retrieved docs (100) is smaller than largest topk for recall score (200)
WARNING:src.hipporag.evaluation.retrieval_eval:Length of retrieved docs (100) is smaller than largest topk for recall score (200)
WARNING:src.hipporag.evaluation.retrieval_eval:Length of retrieved docs (100) is smaller than largest topk for recall score (200)
WARNING:src.hipporag.evaluation.retrieval_eval:Length of retrieved docs (100) is smaller than largest topk for recall score (200)
WARNING:src.hipporag.evaluation.retrieval_eval:Length of retrieved docs (100) is smaller than largest topk for recall score (200)
WARNING:src.hipporag.evaluation.retrieval_eval:Length of retrieved docs (100) is smaller than largest topk for recall score (200)
WARNING:src.hipporag.evaluation.retrieval_eval:Length of retrieved docs (100) is smaller than largest topk for recall score (200)
WARNING:src.hipporag.evaluation.retrieval_eval:Length of retrieved docs (100) is smaller than largest topk for recall score (200)
WARNING:src.hipporag.evaluation.retrieval_eval:Length of retrieved docs (100) is smaller than largest topk for recall score (200)
WARNING:src.hipporag.evaluation.retrieval_eval:Length of retrieved docs (100) is smaller than largest topk for recall score (200)
WARNING:src.hipporag.evaluation.retrieval_eval:Length of retrieved docs (100) is smaller than largest topk for recall score (200)
WARNING:src.hipporag.evaluation.retrieval_eval:Length of retrieved docs (100) is smaller than largest topk for recall score (200)
WARNING:src.hipporag.evaluation.retrieval_eval:Length of retrieved docs (100) is smaller than largest topk for recall score (200)
WARNING:src.hipporag.evaluation.retrieval_eval:Length of retrieved docs (100) is smaller than largest topk for recall score (200)
WARNING:src.hipporag.evaluation.retrieval_eval:Length of retrieved docs (100) is smaller than largest topk for recall score (200)
WARNING:src.hipporag.evaluation.retrieval_eval:Length of retrieved docs (100) is smaller than largest topk for recall score (200)
WARNING:src.hipporag.evaluation.retrieval_eval:Length of retrieved docs (100) is smaller than largest topk for recall score (200)
WARNING:src.hipporag.evaluation.retrieval_eval:Length of retrieved docs (100) is smaller than largest topk for recall score (200)
WARNING:src.hipporag.evaluation.retrieval_eval:Length of retrieved docs (100) is smaller than largest topk for recall score (200)
WARNING:src.hipporag.evaluation.retrieval_eval:Length of retrieved docs (100) is smaller than largest topk for recall score (200)
WARNING:src.hipporag.evaluation.retrieval_eval:Length of retrieved docs (100) is smaller than largest topk for recall score (200)
WARNING:src.hipporag.evaluation.retrieval_eval:Length of retrieved docs (100) is smaller than largest topk for recall score (200)
WARNING:src.hipporag.evaluation.retrieval_eval:Length of retrieved docs (100) is smaller than largest topk for recall score (200)
WARNING:src.hipporag.evaluation.retrieval_eval:Length of retrieved docs (100) is smaller than largest topk for recall score (200)
WARNING:src.hipporag.evaluation.retrieval_eval:Length of retrieved docs (100) is smaller than largest topk for recall score (200)
WARNING:src.hipporag.evaluation.retrieval_eval:Length of retrieved docs (100) is smaller than largest topk for recall score (200)
WARNING:src.hipporag.evaluation.retrieval_eval:Length of retrieved docs (100) is smaller than largest topk for recall score (200)
WARNING:src.hipporag.evaluation.retrieval_eval:Length of retrieved docs (100) is smaller than largest topk for recall score (200)
WARNING:src.hipporag.evaluation.retrieval_eval:Length of retrieved docs (100) is smaller than largest topk for recall score (200)
WARNING:src.hipporag.evaluation.retrieval_eval:Length of retrieved docs (100) is smaller than largest topk for recall score (200)
WARNING:src.hipporag.evaluation.retrieval_eval:Length of retrieved docs (100) is smaller than largest topk for recall score (200)
WARNING:src.hipporag.evaluation.retrieval_eval:Length of retrieved docs (100) is smaller than largest topk for recall score (200)
WARNING:src.hipporag.evaluation.retrieval_eval:Length of retrieved docs (100) is smaller than largest topk for recall score (200)
WARNING:src.hipporag.evaluation.retrieval_eval:Length of retrieved docs (100) is smaller than largest topk for recall score (200)
WARNING:src.hipporag.evaluation.retrieval_eval:Length of retrieved docs (100) is smaller than largest topk for recall score (200)
WARNING:src.hipporag.evaluation.retrieval_eval:Length of retrieved docs (100) is smaller than largest topk for recall score (200)
WARNING:src.hipporag.evaluation.retrieval_eval:Length of retrieved docs (100) is smaller than largest topk for recall score (200)
WARNING:src.hipporag.evaluation.retrieval_eval:Length of retrieved docs (100) is smaller than largest topk for recall score (200)
WARNING:src.hipporag.evaluation.retrieval_eval:Length of retrieved docs (100) is smaller than largest topk for recall score (200)
WARNING:src.hipporag.evaluation.retrieval_eval:Length of retrieved docs (100) is smaller than largest topk for recall score (200)
WARNING:src.hipporag.evaluation.retrieval_eval:Length of retrieved docs (100) is smaller than largest topk for recall score (200)
WARNING:src.hipporag.evaluation.retrieval_eval:Length of retrieved docs (100) is smaller than largest topk for recall score (200)
WARNING:src.hipporag.evaluation.retrieval_eval:Length of retrieved docs (100) is smaller than largest topk for recall score (200)
WARNING:src.hipporag.evaluation.retrieval_eval:Length of retrieved docs (100) is smaller than largest topk for recall score (200)
WARNING:src.hipporag.evaluation.retrieval_eval:Length of retrieved docs (100) is smaller than largest topk for recall score (200)
WARNING:src.hipporag.evaluation.retrieval_eval:Length of retrieved docs (100) is smaller than largest topk for recall score (200)
WARNING:src.hipporag.evaluation.retrieval_eval:Length of retrieved docs (100) is smaller than largest topk for recall score (200)
WARNING:src.hipporag.evaluation.retrieval_eval:Length of retrieved docs (100) is smaller than largest topk for recall score (200)
WARNING:src.hipporag.evaluation.retrieval_eval:Length of retrieved docs (100) is smaller than largest topk for recall score (200)
WARNING:src.hipporag.evaluation.retrieval_eval:Length of retrieved docs (100) is smaller than largest topk for recall score (200)
WARNING:src.hipporag.evaluation.retrieval_eval:Length of retrieved docs (100) is smaller than largest topk for recall score (200)
WARNING:src.hipporag.evaluation.retrieval_eval:Length of retrieved docs (100) is smaller than largest topk for recall score (200)
WARNING:src.hipporag.evaluation.retrieval_eval:Length of retrieved docs (100) is smaller than largest topk for recall score (200)
WARNING:src.hipporag.evaluation.retrieval_eval:Length of retrieved docs (100) is smaller than largest topk for recall score (200)
WARNING:src.hipporag.evaluation.retrieval_eval:Length of retrieved docs (100) is smaller than largest topk for recall score (200)
WARNING:src.hipporag.evaluation.retrieval_eval:Length of retrieved docs (100) is smaller than largest topk for recall score (200)
WARNING:src.hipporag.evaluation.retrieval_eval:Length of retrieved docs (100) is smaller than largest topk for recall score (200)
WARNING:src.hipporag.evaluation.retrieval_eval:Length of retrieved docs (100) is smaller than largest topk for recall score (200)
WARNING:src.hipporag.evaluation.retrieval_eval:Length of retrieved docs (100) is smaller than largest topk for recall score (200)
WARNING:src.hipporag.evaluation.retrieval_eval:Length of retrieved docs (100) is smaller than largest topk for recall score (200)
WARNING:src.hipporag.evaluation.retrieval_eval:Length of retrieved docs (100) is smaller than largest topk for recall score (200)
WARNING:src.hipporag.evaluation.retrieval_eval:Length of retrieved docs (100) is smaller than largest topk for recall score (200)
WARNING:src.hipporag.evaluation.retrieval_eval:Length of retrieved docs (100) is smaller than largest topk for recall score (200)
WARNING:src.hipporag.evaluation.retrieval_eval:Length of retrieved docs (100) is smaller than largest topk for recall score (200)
WARNING:src.hipporag.evaluation.retrieval_eval:Length of retrieved docs (100) is smaller than largest topk for recall score (200)
WARNING:src.hipporag.evaluation.retrieval_eval:Length of retrieved docs (100) is smaller than largest topk for recall score (200)
WARNING:src.hipporag.evaluation.retrieval_eval:Length of retrieved docs (100) is smaller than largest topk for recall score (200)
WARNING:src.hipporag.evaluation.retrieval_eval:Length of retrieved docs (100) is smaller than largest topk for recall score (200)
WARNING:src.hipporag.evaluation.retrieval_eval:Length of retrieved docs (100) is smaller than largest topk for recall score (200)
WARNING:src.hipporag.evaluation.retrieval_eval:Length of retrieved docs (100) is smaller than largest topk for recall score (200)
WARNING:src.hipporag.evaluation.retrieval_eval:Length of retrieved docs (100) is smaller than largest topk for recall score (200)
WARNING:src.hipporag.evaluation.retrieval_eval:Length of retrieved docs (100) is smaller than largest topk for recall score (200)
WARNING:src.hipporag.evaluation.retrieval_eval:Length of retrieved docs (100) is smaller than largest topk for recall score (200)
WARNING:src.hipporag.evaluation.retrieval_eval:Length of retrieved docs (100) is smaller than largest topk for recall score (200)
WARNING:src.hipporag.evaluation.retrieval_eval:Length of retrieved docs (100) is smaller than largest topk for recall score (200)
WARNING:src.hipporag.evaluation.retrieval_eval:Length of retrieved docs (100) is smaller than largest topk for recall score (200)
WARNING:src.hipporag.evaluation.retrieval_eval:Length of retrieved docs (100) is smaller than largest topk for recall score (200)
WARNING:src.hipporag.evaluation.retrieval_eval:Length of retrieved docs (100) is smaller than largest topk for recall score (200)
WARNING:src.hipporag.evaluation.retrieval_eval:Length of retrieved docs (100) is smaller than largest topk for recall score (200)
WARNING:src.hipporag.evaluation.retrieval_eval:Length of retrieved docs (100) is smaller than largest topk for recall score (200)
WARNING:src.hipporag.evaluation.retrieval_eval:Length of retrieved docs (100) is smaller than largest topk for recall score (200)
WARNING:src.hipporag.evaluation.retrieval_eval:Length of retrieved docs (100) is smaller than largest topk for recall score (200)
WARNING:src.hipporag.evaluation.retrieval_eval:Length of retrieved docs (100) is smaller than largest topk for recall score (200)
WARNING:src.hipporag.evaluation.retrieval_eval:Length of retrieved docs (100) is smaller than largest topk for recall score (200)
WARNING:src.hipporag.evaluation.retrieval_eval:Length of retrieved docs (100) is smaller than largest topk for recall score (200)
WARNING:src.hipporag.evaluation.retrieval_eval:Length of retrieved docs (100) is smaller than largest topk for recall score (200)
WARNING:src.hipporag.evaluation.retrieval_eval:Length of retrieved docs (100) is smaller than largest topk for recall score (200)
WARNING:src.hipporag.evaluation.retrieval_eval:Length of retrieved docs (100) is smaller than largest topk for recall score (200)
WARNING:src.hipporag.evaluation.retrieval_eval:Length of retrieved docs (100) is smaller than largest topk for recall score (200)
WARNING:src.hipporag.evaluation.retrieval_eval:Length of retrieved docs (100) is smaller than largest topk for recall score (200)
WARNING:src.hipporag.evaluation.retrieval_eval:Length of retrieved docs (100) is smaller than largest topk for recall score (200)
WARNING:src.hipporag.evaluation.retrieval_eval:Length of retrieved docs (100) is smaller than largest topk for recall score (200)
WARNING:src.hipporag.evaluation.retrieval_eval:Length of retrieved docs (100) is smaller than largest topk for recall score (200)
WARNING:src.hipporag.evaluation.retrieval_eval:Length of retrieved docs (100) is smaller than largest topk for recall score (200)
WARNING:src.hipporag.evaluation.retrieval_eval:Length of retrieved docs (100) is smaller than largest topk for recall score (200)
WARNING:src.hipporag.evaluation.retrieval_eval:Length of retrieved docs (100) is smaller than largest topk for recall score (200)
WARNING:src.hipporag.evaluation.retrieval_eval:Length of retrieved docs (100) is smaller than largest topk for recall score (200)
WARNING:src.hipporag.evaluation.retrieval_eval:Length of retrieved docs (100) is smaller than largest topk for recall score (200)
WARNING:src.hipporag.evaluation.retrieval_eval:Length of retrieved docs (100) is smaller than largest topk for recall score (200)
WARNING:src.hipporag.evaluation.retrieval_eval:Length of retrieved docs (100) is smaller than largest topk for recall score (200)
WARNING:src.hipporag.evaluation.retrieval_eval:Length of retrieved docs (100) is smaller than largest topk for recall score (200)
WARNING:src.hipporag.evaluation.retrieval_eval:Length of retrieved docs (100) is smaller than largest topk for recall score (200)
WARNING:src.hipporag.evaluation.retrieval_eval:Length of retrieved docs (100) is smaller than largest topk for recall score (200)
WARNING:src.hipporag.evaluation.retrieval_eval:Length of retrieved docs (100) is smaller than largest topk for recall score (200)
WARNING:src.hipporag.evaluation.retrieval_eval:Length of retrieved docs (100) is smaller than largest topk for recall score (200)
WARNING:src.hipporag.evaluation.retrieval_eval:Length of retrieved docs (100) is smaller than largest topk for recall score (200)
WARNING:src.hipporag.evaluation.retrieval_eval:Length of retrieved docs (100) is smaller than largest topk for recall score (200)
WARNING:src.hipporag.evaluation.retrieval_eval:Length of retrieved docs (100) is smaller than largest topk for recall score (200)
WARNING:src.hipporag.evaluation.retrieval_eval:Length of retrieved docs (100) is smaller than largest topk for recall score (200)
WARNING:src.hipporag.evaluation.retrieval_eval:Length of retrieved docs (100) is smaller than largest topk for recall score (200)
WARNING:src.hipporag.evaluation.retrieval_eval:Length of retrieved docs (100) is smaller than largest topk for recall score (200)
WARNING:src.hipporag.evaluation.retrieval_eval:Length of retrieved docs (100) is smaller than largest topk for recall score (200)
WARNING:src.hipporag.evaluation.retrieval_eval:Length of retrieved docs (100) is smaller than largest topk for recall score (200)
WARNING:src.hipporag.evaluation.retrieval_eval:Length of retrieved docs (100) is smaller than largest topk for recall score (200)
WARNING:src.hipporag.evaluation.retrieval_eval:Length of retrieved docs (100) is smaller than largest topk for recall score (200)
WARNING:src.hipporag.evaluation.retrieval_eval:Length of retrieved docs (100) is smaller than largest topk for recall score (200)
WARNING:src.hipporag.evaluation.retrieval_eval:Length of retrieved docs (100) is smaller than largest topk for recall score (200)
WARNING:src.hipporag.evaluation.retrieval_eval:Length of retrieved docs (100) is smaller than largest topk for recall score (200)
WARNING:src.hipporag.evaluation.retrieval_eval:Length of retrieved docs (100) is smaller than largest topk for recall score (200)
WARNING:src.hipporag.evaluation.retrieval_eval:Length of retrieved docs (100) is smaller than largest topk for recall score (200)
WARNING:src.hipporag.evaluation.retrieval_eval:Length of retrieved docs (100) is smaller than largest topk for recall score (200)
WARNING:src.hipporag.evaluation.retrieval_eval:Length of retrieved docs (100) is smaller than largest topk for recall score (200)
WARNING:src.hipporag.evaluation.retrieval_eval:Length of retrieved docs (100) is smaller than largest topk for recall score (200)
WARNING:src.hipporag.evaluation.retrieval_eval:Length of retrieved docs (100) is smaller than largest topk for recall score (200)
WARNING:src.hipporag.evaluation.retrieval_eval:Length of retrieved docs (100) is smaller than largest topk for recall score (200)
WARNING:src.hipporag.evaluation.retrieval_eval:Length of retrieved docs (100) is smaller than largest topk for recall score (200)
WARNING:src.hipporag.evaluation.retrieval_eval:Length of retrieved docs (100) is smaller than largest topk for recall score (200)
WARNING:src.hipporag.evaluation.retrieval_eval:Length of retrieved docs (100) is smaller than largest topk for recall score (200)
WARNING:src.hipporag.evaluation.retrieval_eval:Length of retrieved docs (100) is smaller than largest topk for recall score (200)
WARNING:src.hipporag.evaluation.retrieval_eval:Length of retrieved docs (100) is smaller than largest topk for recall score (200)
WARNING:src.hipporag.evaluation.retrieval_eval:Length of retrieved docs (100) is smaller than largest topk for recall score (200)
WARNING:src.hipporag.evaluation.retrieval_eval:Length of retrieved docs (100) is smaller than largest topk for recall score (200)
WARNING:src.hipporag.evaluation.retrieval_eval:Length of retrieved docs (100) is smaller than largest topk for recall score (200)
WARNING:src.hipporag.evaluation.retrieval_eval:Length of retrieved docs (100) is smaller than largest topk for recall score (200)
WARNING:src.hipporag.evaluation.retrieval_eval:Length of retrieved docs (100) is smaller than largest topk for recall score (200)
WARNING:src.hipporag.evaluation.retrieval_eval:Length of retrieved docs (100) is smaller than largest topk for recall score (200)
WARNING:src.hipporag.evaluation.retrieval_eval:Length of retrieved docs (100) is smaller than largest topk for recall score (200)
WARNING:src.hipporag.evaluation.retrieval_eval:Length of retrieved docs (100) is smaller than largest topk for recall score (200)
WARNING:src.hipporag.evaluation.retrieval_eval:Length of retrieved docs (100) is smaller than largest topk for recall score (200)
WARNING:src.hipporag.evaluation.retrieval_eval:Length of retrieved docs (100) is smaller than largest topk for recall score (200)
WARNING:src.hipporag.evaluation.retrieval_eval:Length of retrieved docs (100) is smaller than largest topk for recall score (200)
WARNING:src.hipporag.evaluation.retrieval_eval:Length of retrieved docs (100) is smaller than largest topk for recall score (200)
WARNING:src.hipporag.evaluation.retrieval_eval:Length of retrieved docs (100) is smaller than largest topk for recall score (200)
WARNING:src.hipporag.evaluation.retrieval_eval:Length of retrieved docs (100) is smaller than largest topk for recall score (200)
WARNING:src.hipporag.evaluation.retrieval_eval:Length of retrieved docs (100) is smaller than largest topk for recall score (200)
WARNING:src.hipporag.evaluation.retrieval_eval:Length of retrieved docs (100) is smaller than largest topk for recall score (200)
WARNING:src.hipporag.evaluation.retrieval_eval:Length of retrieved docs (100) is smaller than largest topk for recall score (200)
WARNING:src.hipporag.evaluation.retrieval_eval:Length of retrieved docs (100) is smaller than largest topk for recall score (200)
WARNING:src.hipporag.evaluation.retrieval_eval:Length of retrieved docs (100) is smaller than largest topk for recall score (200)
WARNING:src.hipporag.evaluation.retrieval_eval:Length of retrieved docs (100) is smaller than largest topk for recall score (200)
WARNING:src.hipporag.evaluation.retrieval_eval:Length of retrieved docs (100) is smaller than largest topk for recall score (200)
WARNING:src.hipporag.evaluation.retrieval_eval:Length of retrieved docs (100) is smaller than largest topk for recall score (200)
WARNING:src.hipporag.evaluation.retrieval_eval:Length of retrieved docs (100) is smaller than largest topk for recall score (200)
WARNING:src.hipporag.evaluation.retrieval_eval:Length of retrieved docs (100) is smaller than largest topk for recall score (200)
WARNING:src.hipporag.evaluation.retrieval_eval:Length of retrieved docs (100) is smaller than largest topk for recall score (200)
WARNING:src.hipporag.evaluation.retrieval_eval:Length of retrieved docs (100) is smaller than largest topk for recall score (200)
WARNING:src.hipporag.evaluation.retrieval_eval:Length of retrieved docs (100) is smaller than largest topk for recall score (200)
WARNING:src.hipporag.evaluation.retrieval_eval:Length of retrieved docs (100) is smaller than largest topk for recall score (200)
WARNING:src.hipporag.evaluation.retrieval_eval:Length of retrieved docs (100) is smaller than largest topk for recall score (200)
WARNING:src.hipporag.evaluation.retrieval_eval:Length of retrieved docs (100) is smaller than largest topk for recall score (200)
WARNING:src.hipporag.evaluation.retrieval_eval:Length of retrieved docs (100) is smaller than largest topk for recall score (200)
WARNING:src.hipporag.evaluation.retrieval_eval:Length of retrieved docs (100) is smaller than largest topk for recall score (200)
WARNING:src.hipporag.evaluation.retrieval_eval:Length of retrieved docs (100) is smaller than largest topk for recall score (200)
WARNING:src.hipporag.evaluation.retrieval_eval:Length of retrieved docs (100) is smaller than largest topk for recall score (200)
WARNING:src.hipporag.evaluation.retrieval_eval:Length of retrieved docs (100) is smaller than largest topk for recall score (200)
WARNING:src.hipporag.evaluation.retrieval_eval:Length of retrieved docs (100) is smaller than largest topk for recall score (200)
WARNING:src.hipporag.evaluation.retrieval_eval:Length of retrieved docs (100) is smaller than largest topk for recall score (200)
WARNING:src.hipporag.evaluation.retrieval_eval:Length of retrieved docs (100) is smaller than largest topk for recall score (200)
WARNING:src.hipporag.evaluation.retrieval_eval:Length of retrieved docs (100) is smaller than largest topk for recall score (200)
WARNING:src.hipporag.evaluation.retrieval_eval:Length of retrieved docs (100) is smaller than largest topk for recall score (200)
WARNING:src.hipporag.evaluation.retrieval_eval:Length of retrieved docs (100) is smaller than largest topk for recall score (200)
WARNING:src.hipporag.evaluation.retrieval_eval:Length of retrieved docs (100) is smaller than largest topk for recall score (200)
WARNING:src.hipporag.evaluation.retrieval_eval:Length of retrieved docs (100) is smaller than largest topk for recall score (200)
WARNING:src.hipporag.evaluation.retrieval_eval:Length of retrieved docs (100) is smaller than largest topk for recall score (200)
WARNING:src.hipporag.evaluation.retrieval_eval:Length of retrieved docs (100) is smaller than largest topk for recall score (200)
WARNING:src.hipporag.evaluation.retrieval_eval:Length of retrieved docs (100) is smaller than largest topk for recall score (200)
WARNING:src.hipporag.evaluation.retrieval_eval:Length of retrieved docs (100) is smaller than largest topk for recall score (200)
WARNING:src.hipporag.evaluation.retrieval_eval:Length of retrieved docs (100) is smaller than largest topk for recall score (200)
WARNING:src.hipporag.evaluation.retrieval_eval:Length of retrieved docs (100) is smaller than largest topk for recall score (200)
WARNING:src.hipporag.evaluation.retrieval_eval:Length of retrieved docs (100) is smaller than largest topk for recall score (200)
WARNING:src.hipporag.evaluation.retrieval_eval:Length of retrieved docs (100) is smaller than largest topk for recall score (200)
WARNING:src.hipporag.evaluation.retrieval_eval:Length of retrieved docs (100) is smaller than largest topk for recall score (200)
WARNING:src.hipporag.evaluation.retrieval_eval:Length of retrieved docs (100) is smaller than largest topk for recall score (200)
WARNING:src.hipporag.evaluation.retrieval_eval:Length of retrieved docs (100) is smaller than largest topk for recall score (200)
WARNING:src.hipporag.evaluation.retrieval_eval:Length of retrieved docs (100) is smaller than largest topk for recall score (200)
WARNING:src.hipporag.evaluation.retrieval_eval:Length of retrieved docs (100) is smaller than largest topk for recall score (200)
WARNING:src.hipporag.evaluation.retrieval_eval:Length of retrieved docs (100) is smaller than largest topk for recall score (200)
WARNING:src.hipporag.evaluation.retrieval_eval:Length of retrieved docs (100) is smaller than largest topk for recall score (200)
WARNING:src.hipporag.evaluation.retrieval_eval:Length of retrieved docs (100) is smaller than largest topk for recall score (200)
WARNING:src.hipporag.evaluation.retrieval_eval:Length of retrieved docs (100) is smaller than largest topk for recall score (200)
WARNING:src.hipporag.evaluation.retrieval_eval:Length of retrieved docs (100) is smaller than largest topk for recall score (200)
WARNING:src.hipporag.evaluation.retrieval_eval:Length of retrieved docs (100) is smaller than largest topk for recall score (200)
WARNING:src.hipporag.evaluation.retrieval_eval:Length of retrieved docs (100) is smaller than largest topk for recall score (200)
WARNING:src.hipporag.evaluation.retrieval_eval:Length of retrieved docs (100) is smaller than largest topk for recall score (200)
WARNING:src.hipporag.evaluation.retrieval_eval:Length of retrieved docs (100) is smaller than largest topk for recall score (200)
WARNING:src.hipporag.evaluation.retrieval_eval:Length of retrieved docs (100) is smaller than largest topk for recall score (200)
WARNING:src.hipporag.evaluation.retrieval_eval:Length of retrieved docs (100) is smaller than largest topk for recall score (200)
WARNING:src.hipporag.evaluation.retrieval_eval:Length of retrieved docs (100) is smaller than largest topk for recall score (200)
WARNING:src.hipporag.evaluation.retrieval_eval:Length of retrieved docs (100) is smaller than largest topk for recall score (200)
WARNING:src.hipporag.evaluation.retrieval_eval:Length of retrieved docs (100) is smaller than largest topk for recall score (200)
WARNING:src.hipporag.evaluation.retrieval_eval:Length of retrieved docs (100) is smaller than largest topk for recall score (200)
WARNING:src.hipporag.evaluation.retrieval_eval:Length of retrieved docs (100) is smaller than largest topk for recall score (200)
WARNING:src.hipporag.evaluation.retrieval_eval:Length of retrieved docs (100) is smaller than largest topk for recall score (200)
WARNING:src.hipporag.evaluation.retrieval_eval:Length of retrieved docs (100) is smaller than largest topk for recall score (200)
WARNING:src.hipporag.evaluation.retrieval_eval:Length of retrieved docs (100) is smaller than largest topk for recall score (200)
WARNING:src.hipporag.evaluation.retrieval_eval:Length of retrieved docs (100) is smaller than largest topk for recall score (200)
WARNING:src.hipporag.evaluation.retrieval_eval:Length of retrieved docs (100) is smaller than largest topk for recall score (200)
WARNING:src.hipporag.evaluation.retrieval_eval:Length of retrieved docs (100) is smaller than largest topk for recall score (200)
WARNING:src.hipporag.evaluation.retrieval_eval:Length of retrieved docs (100) is smaller than largest topk for recall score (200)
WARNING:src.hipporag.evaluation.retrieval_eval:Length of retrieved docs (100) is smaller than largest topk for recall score (200)
WARNING:src.hipporag.evaluation.retrieval_eval:Length of retrieved docs (100) is smaller than largest topk for recall score (200)
WARNING:src.hipporag.evaluation.retrieval_eval:Length of retrieved docs (100) is smaller than largest topk for recall score (200)
WARNING:src.hipporag.evaluation.retrieval_eval:Length of retrieved docs (100) is smaller than largest topk for recall score (200)
WARNING:src.hipporag.evaluation.retrieval_eval:Length of retrieved docs (100) is smaller than largest topk for recall score (200)
WARNING:src.hipporag.evaluation.retrieval_eval:Length of retrieved docs (100) is smaller than largest topk for recall score (200)
WARNING:src.hipporag.evaluation.retrieval_eval:Length of retrieved docs (100) is smaller than largest topk for recall score (200)
WARNING:src.hipporag.evaluation.retrieval_eval:Length of retrieved docs (100) is smaller than largest topk for recall score (200)
WARNING:src.hipporag.evaluation.retrieval_eval:Length of retrieved docs (100) is smaller than largest topk for recall score (200)
WARNING:src.hipporag.evaluation.retrieval_eval:Length of retrieved docs (100) is smaller than largest topk for recall score (200)
WARNING:src.hipporag.evaluation.retrieval_eval:Length of retrieved docs (100) is smaller than largest topk for recall score (200)
WARNING:src.hipporag.evaluation.retrieval_eval:Length of retrieved docs (100) is smaller than largest topk for recall score (200)
WARNING:src.hipporag.evaluation.retrieval_eval:Length of retrieved docs (100) is smaller than largest topk for recall score (200)
WARNING:src.hipporag.evaluation.retrieval_eval:Length of retrieved docs (100) is smaller than largest topk for recall score (200)
WARNING:src.hipporag.evaluation.retrieval_eval:Length of retrieved docs (100) is smaller than largest topk for recall score (200)
WARNING:src.hipporag.evaluation.retrieval_eval:Length of retrieved docs (100) is smaller than largest topk for recall score (200)
WARNING:src.hipporag.evaluation.retrieval_eval:Length of retrieved docs (100) is smaller than largest topk for recall score (200)
WARNING:src.hipporag.evaluation.retrieval_eval:Length of retrieved docs (100) is smaller than largest topk for recall score (200)
WARNING:src.hipporag.evaluation.retrieval_eval:Length of retrieved docs (100) is smaller than largest topk for recall score (200)
WARNING:src.hipporag.evaluation.retrieval_eval:Length of retrieved docs (100) is smaller than largest topk for recall score (200)
WARNING:src.hipporag.evaluation.retrieval_eval:Length of retrieved docs (100) is smaller than largest topk for recall score (200)
WARNING:src.hipporag.evaluation.retrieval_eval:Length of retrieved docs (100) is smaller than largest topk for recall score (200)
WARNING:src.hipporag.evaluation.retrieval_eval:Length of retrieved docs (100) is smaller than largest topk for recall score (200)
WARNING:src.hipporag.evaluation.retrieval_eval:Length of retrieved docs (100) is smaller than largest topk for recall score (200)
WARNING:src.hipporag.evaluation.retrieval_eval:Length of retrieved docs (100) is smaller than largest topk for recall score (200)
WARNING:src.hipporag.evaluation.retrieval_eval:Length of retrieved docs (100) is smaller than largest topk for recall score (200)
WARNING:src.hipporag.evaluation.retrieval_eval:Length of retrieved docs (100) is smaller than largest topk for recall score (200)
WARNING:src.hipporag.evaluation.retrieval_eval:Length of retrieved docs (100) is smaller than largest topk for recall score (200)
WARNING:src.hipporag.evaluation.retrieval_eval:Length of retrieved docs (100) is smaller than largest topk for recall score (200)
WARNING:src.hipporag.evaluation.retrieval_eval:Length of retrieved docs (100) is smaller than largest topk for recall score (200)
WARNING:src.hipporag.evaluation.retrieval_eval:Length of retrieved docs (100) is smaller than largest topk for recall score (200)
WARNING:src.hipporag.evaluation.retrieval_eval:Length of retrieved docs (100) is smaller than largest topk for recall score (200)
WARNING:src.hipporag.evaluation.retrieval_eval:Length of retrieved docs (100) is smaller than largest topk for recall score (200)
WARNING:src.hipporag.evaluation.retrieval_eval:Length of retrieved docs (100) is smaller than largest topk for recall score (200)
WARNING:src.hipporag.evaluation.retrieval_eval:Length of retrieved docs (100) is smaller than largest topk for recall score (200)
WARNING:src.hipporag.evaluation.retrieval_eval:Length of retrieved docs (100) is smaller than largest topk for recall score (200)
WARNING:src.hipporag.evaluation.retrieval_eval:Length of retrieved docs (100) is smaller than largest topk for recall score (200)
WARNING:src.hipporag.evaluation.retrieval_eval:Length of retrieved docs (100) is smaller than largest topk for recall score (200)
WARNING:src.hipporag.evaluation.retrieval_eval:Length of retrieved docs (100) is smaller than largest topk for recall score (200)
WARNING:src.hipporag.evaluation.retrieval_eval:Length of retrieved docs (100) is smaller than largest topk for recall score (200)
WARNING:src.hipporag.evaluation.retrieval_eval:Length of retrieved docs (100) is smaller than largest topk for recall score (200)
WARNING:src.hipporag.evaluation.retrieval_eval:Length of retrieved docs (100) is smaller than largest topk for recall score (200)
WARNING:src.hipporag.evaluation.retrieval_eval:Length of retrieved docs (100) is smaller than largest topk for recall score (200)
WARNING:src.hipporag.evaluation.retrieval_eval:Length of retrieved docs (100) is smaller than largest topk for recall score (200)
WARNING:src.hipporag.evaluation.retrieval_eval:Length of retrieved docs (100) is smaller than largest topk for recall score (200)
WARNING:src.hipporag.evaluation.retrieval_eval:Length of retrieved docs (100) is smaller than largest topk for recall score (200)
WARNING:src.hipporag.evaluation.retrieval_eval:Length of retrieved docs (100) is smaller than largest topk for recall score (200)
WARNING:src.hipporag.evaluation.retrieval_eval:Length of retrieved docs (100) is smaller than largest topk for recall score (200)
WARNING:src.hipporag.evaluation.retrieval_eval:Length of retrieved docs (100) is smaller than largest topk for recall score (200)
WARNING:src.hipporag.evaluation.retrieval_eval:Length of retrieved docs (100) is smaller than largest topk for recall score (200)
WARNING:src.hipporag.evaluation.retrieval_eval:Length of retrieved docs (100) is smaller than largest topk for recall score (200)
WARNING:src.hipporag.evaluation.retrieval_eval:Length of retrieved docs (100) is smaller than largest topk for recall score (200)
WARNING:src.hipporag.evaluation.retrieval_eval:Length of retrieved docs (100) is smaller than largest topk for recall score (200)
WARNING:src.hipporag.evaluation.retrieval_eval:Length of retrieved docs (100) is smaller than largest topk for recall score (200)
WARNING:src.hipporag.evaluation.retrieval_eval:Length of retrieved docs (100) is smaller than largest topk for recall score (200)
WARNING:src.hipporag.evaluation.retrieval_eval:Length of retrieved docs (100) is smaller than largest topk for recall score (200)
WARNING:src.hipporag.evaluation.retrieval_eval:Length of retrieved docs (100) is smaller than largest topk for recall score (200)
WARNING:src.hipporag.evaluation.retrieval_eval:Length of retrieved docs (100) is smaller than largest topk for recall score (200)
WARNING:src.hipporag.evaluation.retrieval_eval:Length of retrieved docs (100) is smaller than largest topk for recall score (200)
WARNING:src.hipporag.evaluation.retrieval_eval:Length of retrieved docs (100) is smaller than largest topk for recall score (200)
WARNING:src.hipporag.evaluation.retrieval_eval:Length of retrieved docs (100) is smaller than largest topk for recall score (200)
WARNING:src.hipporag.evaluation.retrieval_eval:Length of retrieved docs (100) is smaller than largest topk for recall score (200)
WARNING:src.hipporag.evaluation.retrieval_eval:Length of retrieved docs (100) is smaller than largest topk for recall score (200)
WARNING:src.hipporag.evaluation.retrieval_eval:Length of retrieved docs (100) is smaller than largest topk for recall score (200)
WARNING:src.hipporag.evaluation.retrieval_eval:Length of retrieved docs (100) is smaller than largest topk for recall score (200)
WARNING:src.hipporag.evaluation.retrieval_eval:Length of retrieved docs (100) is smaller than largest topk for recall score (200)
WARNING:src.hipporag.evaluation.retrieval_eval:Length of retrieved docs (100) is smaller than largest topk for recall score (200)
WARNING:src.hipporag.evaluation.retrieval_eval:Length of retrieved docs (100) is smaller than largest topk for recall score (200)
WARNING:src.hipporag.evaluation.retrieval_eval:Length of retrieved docs (100) is smaller than largest topk for recall score (200)
WARNING:src.hipporag.evaluation.retrieval_eval:Length of retrieved docs (100) is smaller than largest topk for recall score (200)
WARNING:src.hipporag.evaluation.retrieval_eval:Length of retrieved docs (100) is smaller than largest topk for recall score (200)
WARNING:src.hipporag.evaluation.retrieval_eval:Length of retrieved docs (100) is smaller than largest topk for recall score (200)
WARNING:src.hipporag.evaluation.retrieval_eval:Length of retrieved docs (100) is smaller than largest topk for recall score (200)
WARNING:src.hipporag.evaluation.retrieval_eval:Length of retrieved docs (100) is smaller than largest topk for recall score (200)
WARNING:src.hipporag.evaluation.retrieval_eval:Length of retrieved docs (100) is smaller than largest topk for recall score (200)
WARNING:src.hipporag.evaluation.retrieval_eval:Length of retrieved docs (100) is smaller than largest topk for recall score (200)
WARNING:src.hipporag.evaluation.retrieval_eval:Length of retrieved docs (100) is smaller than largest topk for recall score (200)
WARNING:src.hipporag.evaluation.retrieval_eval:Length of retrieved docs (100) is smaller than largest topk for recall score (200)
WARNING:src.hipporag.evaluation.retrieval_eval:Length of retrieved docs (100) is smaller than largest topk for recall score (200)
WARNING:src.hipporag.evaluation.retrieval_eval:Length of retrieved docs (100) is smaller than largest topk for recall score (200)
WARNING:src.hipporag.evaluation.retrieval_eval:Length of retrieved docs (100) is smaller than largest topk for recall score (200)
WARNING:src.hipporag.evaluation.retrieval_eval:Length of retrieved docs (100) is smaller than largest topk for recall score (200)
WARNING:src.hipporag.evaluation.retrieval_eval:Length of retrieved docs (100) is smaller than largest topk for recall score (200)
WARNING:src.hipporag.evaluation.retrieval_eval:Length of retrieved docs (100) is smaller than largest topk for recall score (200)
WARNING:src.hipporag.evaluation.retrieval_eval:Length of retrieved docs (100) is smaller than largest topk for recall score (200)
WARNING:src.hipporag.evaluation.retrieval_eval:Length of retrieved docs (100) is smaller than largest topk for recall score (200)
WARNING:src.hipporag.evaluation.retrieval_eval:Length of retrieved docs (100) is smaller than largest topk for recall score (200)
WARNING:src.hipporag.evaluation.retrieval_eval:Length of retrieved docs (100) is smaller than largest topk for recall score (200)
WARNING:src.hipporag.evaluation.retrieval_eval:Length of retrieved docs (100) is smaller than largest topk for recall score (200)
WARNING:src.hipporag.evaluation.retrieval_eval:Length of retrieved docs (100) is smaller than largest topk for recall score (200)
WARNING:src.hipporag.evaluation.retrieval_eval:Length of retrieved docs (100) is smaller than largest topk for recall score (200)
WARNING:src.hipporag.evaluation.retrieval_eval:Length of retrieved docs (100) is smaller than largest topk for recall score (200)
WARNING:src.hipporag.evaluation.retrieval_eval:Length of retrieved docs (100) is smaller than largest topk for recall score (200)
WARNING:src.hipporag.evaluation.retrieval_eval:Length of retrieved docs (100) is smaller than largest topk for recall score (200)
WARNING:src.hipporag.evaluation.retrieval_eval:Length of retrieved docs (100) is smaller than largest topk for recall score (200)
WARNING:src.hipporag.evaluation.retrieval_eval:Length of retrieved docs (100) is smaller than largest topk for recall score (200)
WARNING:src.hipporag.evaluation.retrieval_eval:Length of retrieved docs (100) is smaller than largest topk for recall score (200)
WARNING:src.hipporag.evaluation.retrieval_eval:Length of retrieved docs (100) is smaller than largest topk for recall score (200)
WARNING:src.hipporag.evaluation.retrieval_eval:Length of retrieved docs (100) is smaller than largest topk for recall score (200)
WARNING:src.hipporag.evaluation.retrieval_eval:Length of retrieved docs (100) is smaller than largest topk for recall score (200)
WARNING:src.hipporag.evaluation.retrieval_eval:Length of retrieved docs (100) is smaller than largest topk for recall score (200)
WARNING:src.hipporag.evaluation.retrieval_eval:Length of retrieved docs (100) is smaller than largest topk for recall score (200)
WARNING:src.hipporag.evaluation.retrieval_eval:Length of retrieved docs (100) is smaller than largest topk for recall score (200)
WARNING:src.hipporag.evaluation.retrieval_eval:Length of retrieved docs (100) is smaller than largest topk for recall score (200)
WARNING:src.hipporag.evaluation.retrieval_eval:Length of retrieved docs (100) is smaller than largest topk for recall score (200)
WARNING:src.hipporag.evaluation.retrieval_eval:Length of retrieved docs (100) is smaller than largest topk for recall score (200)
WARNING:src.hipporag.evaluation.retrieval_eval:Length of retrieved docs (100) is smaller than largest topk for recall score (200)
WARNING:src.hipporag.evaluation.retrieval_eval:Length of retrieved docs (100) is smaller than largest topk for recall score (200)
WARNING:src.hipporag.evaluation.retrieval_eval:Length of retrieved docs (100) is smaller than largest topk for recall score (200)
WARNING:src.hipporag.evaluation.retrieval_eval:Length of retrieved docs (100) is smaller than largest topk for recall score (200)
WARNING:src.hipporag.evaluation.retrieval_eval:Length of retrieved docs (100) is smaller than largest topk for recall score (200)
WARNING:src.hipporag.evaluation.retrieval_eval:Length of retrieved docs (100) is smaller than largest topk for recall score (200)
WARNING:src.hipporag.evaluation.retrieval_eval:Length of retrieved docs (100) is smaller than largest topk for recall score (200)
WARNING:src.hipporag.evaluation.retrieval_eval:Length of retrieved docs (100) is smaller than largest topk for recall score (200)
WARNING:src.hipporag.evaluation.retrieval_eval:Length of retrieved docs (100) is smaller than largest topk for recall score (200)
WARNING:src.hipporag.evaluation.retrieval_eval:Length of retrieved docs (100) is smaller than largest topk for recall score (200)
WARNING:src.hipporag.evaluation.retrieval_eval:Length of retrieved docs (100) is smaller than largest topk for recall score (200)
WARNING:src.hipporag.evaluation.retrieval_eval:Length of retrieved docs (100) is smaller than largest topk for recall score (200)
WARNING:src.hipporag.evaluation.retrieval_eval:Length of retrieved docs (100) is smaller than largest topk for recall score (200)
WARNING:src.hipporag.evaluation.retrieval_eval:Length of retrieved docs (100) is smaller than largest topk for recall score (200)
WARNING:src.hipporag.evaluation.retrieval_eval:Length of retrieved docs (100) is smaller than largest topk for recall score (200)
WARNING:src.hipporag.evaluation.retrieval_eval:Length of retrieved docs (100) is smaller than largest topk for recall score (200)
WARNING:src.hipporag.evaluation.retrieval_eval:Length of retrieved docs (100) is smaller than largest topk for recall score (200)
WARNING:src.hipporag.evaluation.retrieval_eval:Length of retrieved docs (100) is smaller than largest topk for recall score (200)
WARNING:src.hipporag.evaluation.retrieval_eval:Length of retrieved docs (100) is smaller than largest topk for recall score (200)
WARNING:src.hipporag.evaluation.retrieval_eval:Length of retrieved docs (100) is smaller than largest topk for recall score (200)
WARNING:src.hipporag.evaluation.retrieval_eval:Length of retrieved docs (100) is smaller than largest topk for recall score (200)
WARNING:src.hipporag.evaluation.retrieval_eval:Length of retrieved docs (100) is smaller than largest topk for recall score (200)
WARNING:src.hipporag.evaluation.retrieval_eval:Length of retrieved docs (100) is smaller than largest topk for recall score (200)
WARNING:src.hipporag.evaluation.retrieval_eval:Length of retrieved docs (100) is smaller than largest topk for recall score (200)
WARNING:src.hipporag.evaluation.retrieval_eval:Length of retrieved docs (100) is smaller than largest topk for recall score (200)
WARNING:src.hipporag.evaluation.retrieval_eval:Length of retrieved docs (100) is smaller than largest topk for recall score (200)
WARNING:src.hipporag.evaluation.retrieval_eval:Length of retrieved docs (100) is smaller than largest topk for recall score (200)
WARNING:src.hipporag.evaluation.retrieval_eval:Length of retrieved docs (100) is smaller than largest topk for recall score (200)
WARNING:src.hipporag.evaluation.retrieval_eval:Length of retrieved docs (100) is smaller than largest topk for recall score (200)
WARNING:src.hipporag.evaluation.retrieval_eval:Length of retrieved docs (100) is smaller than largest topk for recall score (200)
WARNING:src.hipporag.evaluation.retrieval_eval:Length of retrieved docs (100) is smaller than largest topk for recall score (200)
WARNING:src.hipporag.evaluation.retrieval_eval:Length of retrieved docs (100) is smaller than largest topk for recall score (200)
WARNING:src.hipporag.evaluation.retrieval_eval:Length of retrieved docs (100) is smaller than largest topk for recall score (200)
WARNING:src.hipporag.evaluation.retrieval_eval:Length of retrieved docs (100) is smaller than largest topk for recall score (200)
WARNING:src.hipporag.evaluation.retrieval_eval:Length of retrieved docs (100) is smaller than largest topk for recall score (200)
WARNING:src.hipporag.evaluation.retrieval_eval:Length of retrieved docs (100) is smaller than largest topk for recall score (200)
WARNING:src.hipporag.evaluation.retrieval_eval:Length of retrieved docs (100) is smaller than largest topk for recall score (200)
WARNING:src.hipporag.evaluation.retrieval_eval:Length of retrieved docs (100) is smaller than largest topk for recall score (200)
WARNING:src.hipporag.evaluation.retrieval_eval:Length of retrieved docs (100) is smaller than largest topk for recall score (200)
WARNING:src.hipporag.evaluation.retrieval_eval:Length of retrieved docs (100) is smaller than largest topk for recall score (200)
WARNING:src.hipporag.evaluation.retrieval_eval:Length of retrieved docs (100) is smaller than largest topk for recall score (200)
WARNING:src.hipporag.evaluation.retrieval_eval:Length of retrieved docs (100) is smaller than largest topk for recall score (200)
WARNING:src.hipporag.evaluation.retrieval_eval:Length of retrieved docs (100) is smaller than largest topk for recall score (200)
WARNING:src.hipporag.evaluation.retrieval_eval:Length of retrieved docs (100) is smaller than largest topk for recall score (200)
WARNING:src.hipporag.evaluation.retrieval_eval:Length of retrieved docs (100) is smaller than largest topk for recall score (200)
WARNING:src.hipporag.evaluation.retrieval_eval:Length of retrieved docs (100) is smaller than largest topk for recall score (200)
WARNING:src.hipporag.evaluation.retrieval_eval:Length of retrieved docs (100) is smaller than largest topk for recall score (200)
WARNING:src.hipporag.evaluation.retrieval_eval:Length of retrieved docs (100) is smaller than largest topk for recall score (200)
WARNING:src.hipporag.evaluation.retrieval_eval:Length of retrieved docs (100) is smaller than largest topk for recall score (200)
WARNING:src.hipporag.evaluation.retrieval_eval:Length of retrieved docs (100) is smaller than largest topk for recall score (200)
WARNING:src.hipporag.evaluation.retrieval_eval:Length of retrieved docs (100) is smaller than largest topk for recall score (200)
WARNING:src.hipporag.evaluation.retrieval_eval:Length of retrieved docs (100) is smaller than largest topk for recall score (200)
WARNING:src.hipporag.evaluation.retrieval_eval:Length of retrieved docs (100) is smaller than largest topk for recall score (200)
WARNING:src.hipporag.evaluation.retrieval_eval:Length of retrieved docs (100) is smaller than largest topk for recall score (200)
WARNING:src.hipporag.evaluation.retrieval_eval:Length of retrieved docs (100) is smaller than largest topk for recall score (200)
WARNING:src.hipporag.evaluation.retrieval_eval:Length of retrieved docs (100) is smaller than largest topk for recall score (200)
WARNING:src.hipporag.evaluation.retrieval_eval:Length of retrieved docs (100) is smaller than largest topk for recall score (200)
WARNING:src.hipporag.evaluation.retrieval_eval:Length of retrieved docs (100) is smaller than largest topk for recall score (200)
WARNING:src.hipporag.evaluation.retrieval_eval:Length of retrieved docs (100) is smaller than largest topk for recall score (200)
WARNING:src.hipporag.evaluation.retrieval_eval:Length of retrieved docs (100) is smaller than largest topk for recall score (200)
WARNING:src.hipporag.evaluation.retrieval_eval:Length of retrieved docs (100) is smaller than largest topk for recall score (200)
WARNING:src.hipporag.evaluation.retrieval_eval:Length of retrieved docs (100) is smaller than largest topk for recall score (200)
WARNING:src.hipporag.evaluation.retrieval_eval:Length of retrieved docs (100) is smaller than largest topk for recall score (200)
WARNING:src.hipporag.evaluation.retrieval_eval:Length of retrieved docs (100) is smaller than largest topk for recall score (200)
WARNING:src.hipporag.evaluation.retrieval_eval:Length of retrieved docs (100) is smaller than largest topk for recall score (200)
WARNING:src.hipporag.evaluation.retrieval_eval:Length of retrieved docs (100) is smaller than largest topk for recall score (200)
WARNING:src.hipporag.evaluation.retrieval_eval:Length of retrieved docs (100) is smaller than largest topk for recall score (200)
WARNING:src.hipporag.evaluation.retrieval_eval:Length of retrieved docs (100) is smaller than largest topk for recall score (200)
WARNING:src.hipporag.evaluation.retrieval_eval:Length of retrieved docs (100) is smaller than largest topk for recall score (200)
WARNING:src.hipporag.evaluation.retrieval_eval:Length of retrieved docs (100) is smaller than largest topk for recall score (200)
WARNING:src.hipporag.evaluation.retrieval_eval:Length of retrieved docs (100) is smaller than largest topk for recall score (200)
WARNING:src.hipporag.evaluation.retrieval_eval:Length of retrieved docs (100) is smaller than largest topk for recall score (200)
WARNING:src.hipporag.evaluation.retrieval_eval:Length of retrieved docs (100) is smaller than largest topk for recall score (200)
WARNING:src.hipporag.evaluation.retrieval_eval:Length of retrieved docs (100) is smaller than largest topk for recall score (200)
WARNING:src.hipporag.evaluation.retrieval_eval:Length of retrieved docs (100) is smaller than largest topk for recall score (200)
WARNING:src.hipporag.evaluation.retrieval_eval:Length of retrieved docs (100) is smaller than largest topk for recall score (200)
WARNING:src.hipporag.evaluation.retrieval_eval:Length of retrieved docs (100) is smaller than largest topk for recall score (200)
WARNING:src.hipporag.evaluation.retrieval_eval:Length of retrieved docs (100) is smaller than largest topk for recall score (200)
WARNING:src.hipporag.evaluation.retrieval_eval:Length of retrieved docs (100) is smaller than largest topk for recall score (200)
WARNING:src.hipporag.evaluation.retrieval_eval:Length of retrieved docs (100) is smaller than largest topk for recall score (200)
WARNING:src.hipporag.evaluation.retrieval_eval:Length of retrieved docs (100) is smaller than largest topk for recall score (200)
WARNING:src.hipporag.evaluation.retrieval_eval:Length of retrieved docs (100) is smaller than largest topk for recall score (200)
WARNING:src.hipporag.evaluation.retrieval_eval:Length of retrieved docs (100) is smaller than largest topk for recall score (200)
WARNING:src.hipporag.evaluation.retrieval_eval:Length of retrieved docs (100) is smaller than largest topk for recall score (200)
WARNING:src.hipporag.evaluation.retrieval_eval:Length of retrieved docs (100) is smaller than largest topk for recall score (200)
WARNING:src.hipporag.evaluation.retrieval_eval:Length of retrieved docs (100) is smaller than largest topk for recall score (200)
WARNING:src.hipporag.evaluation.retrieval_eval:Length of retrieved docs (100) is smaller than largest topk for recall score (200)
WARNING:src.hipporag.evaluation.retrieval_eval:Length of retrieved docs (100) is smaller than largest topk for recall score (200)
WARNING:src.hipporag.evaluation.retrieval_eval:Length of retrieved docs (100) is smaller than largest topk for recall score (200)
WARNING:src.hipporag.evaluation.retrieval_eval:Length of retrieved docs (100) is smaller than largest topk for recall score (200)
WARNING:src.hipporag.evaluation.retrieval_eval:Length of retrieved docs (100) is smaller than largest topk for recall score (200)
WARNING:src.hipporag.evaluation.retrieval_eval:Length of retrieved docs (100) is smaller than largest topk for recall score (200)
WARNING:src.hipporag.evaluation.retrieval_eval:Length of retrieved docs (100) is smaller than largest topk for recall score (200)
WARNING:src.hipporag.evaluation.retrieval_eval:Length of retrieved docs (100) is smaller than largest topk for recall score (200)
WARNING:src.hipporag.evaluation.retrieval_eval:Length of retrieved docs (100) is smaller than largest topk for recall score (200)
WARNING:src.hipporag.evaluation.retrieval_eval:Length of retrieved docs (100) is smaller than largest topk for recall score (200)
WARNING:src.hipporag.evaluation.retrieval_eval:Length of retrieved docs (100) is smaller than largest topk for recall score (200)
WARNING:src.hipporag.evaluation.retrieval_eval:Length of retrieved docs (100) is smaller than largest topk for recall score (200)
WARNING:src.hipporag.evaluation.retrieval_eval:Length of retrieved docs (100) is smaller than largest topk for recall score (200)
WARNING:src.hipporag.evaluation.retrieval_eval:Length of retrieved docs (100) is smaller than largest topk for recall score (200)
WARNING:src.hipporag.evaluation.retrieval_eval:Length of retrieved docs (100) is smaller than largest topk for recall score (200)
WARNING:src.hipporag.evaluation.retrieval_eval:Length of retrieved docs (100) is smaller than largest topk for recall score (200)
WARNING:src.hipporag.evaluation.retrieval_eval:Length of retrieved docs (100) is smaller than largest topk for recall score (200)
WARNING:src.hipporag.evaluation.retrieval_eval:Length of retrieved docs (100) is smaller than largest topk for recall score (200)
WARNING:src.hipporag.evaluation.retrieval_eval:Length of retrieved docs (100) is smaller than largest topk for recall score (200)
WARNING:src.hipporag.evaluation.retrieval_eval:Length of retrieved docs (100) is smaller than largest topk for recall score (200)
WARNING:src.hipporag.evaluation.retrieval_eval:Length of retrieved docs (100) is smaller than largest topk for recall score (200)
WARNING:src.hipporag.evaluation.retrieval_eval:Length of retrieved docs (100) is smaller than largest topk for recall score (200)
WARNING:src.hipporag.evaluation.retrieval_eval:Length of retrieved docs (100) is smaller than largest topk for recall score (200)
WARNING:src.hipporag.evaluation.retrieval_eval:Length of retrieved docs (100) is smaller than largest topk for recall score (200)
WARNING:src.hipporag.evaluation.retrieval_eval:Length of retrieved docs (100) is smaller than largest topk for recall score (200)
WARNING:src.hipporag.evaluation.retrieval_eval:Length of retrieved docs (100) is smaller than largest topk for recall score (200)
WARNING:src.hipporag.evaluation.retrieval_eval:Length of retrieved docs (100) is smaller than largest topk for recall score (200)
WARNING:src.hipporag.evaluation.retrieval_eval:Length of retrieved docs (100) is smaller than largest topk for recall score (200)
WARNING:src.hipporag.evaluation.retrieval_eval:Length of retrieved docs (100) is smaller than largest topk for recall score (200)
WARNING:src.hipporag.evaluation.retrieval_eval:Length of retrieved docs (100) is smaller than largest topk for recall score (200)
WARNING:src.hipporag.evaluation.retrieval_eval:Length of retrieved docs (100) is smaller than largest topk for recall score (200)
WARNING:src.hipporag.evaluation.retrieval_eval:Length of retrieved docs (100) is smaller than largest topk for recall score (200)
WARNING:src.hipporag.evaluation.retrieval_eval:Length of retrieved docs (100) is smaller than largest topk for recall score (200)
WARNING:src.hipporag.evaluation.retrieval_eval:Length of retrieved docs (100) is smaller than largest topk for recall score (200)
WARNING:src.hipporag.evaluation.retrieval_eval:Length of retrieved docs (100) is smaller than largest topk for recall score (200)
WARNING:src.hipporag.evaluation.retrieval_eval:Length of retrieved docs (100) is smaller than largest topk for recall score (200)
WARNING:src.hipporag.evaluation.retrieval_eval:Length of retrieved docs (100) is smaller than largest topk for recall score (200)
WARNING:src.hipporag.evaluation.retrieval_eval:Length of retrieved docs (100) is smaller than largest topk for recall score (200)
WARNING:src.hipporag.evaluation.retrieval_eval:Length of retrieved docs (100) is smaller than largest topk for recall score (200)
WARNING:src.hipporag.evaluation.retrieval_eval:Length of retrieved docs (100) is smaller than largest topk for recall score (200)
WARNING:src.hipporag.evaluation.retrieval_eval:Length of retrieved docs (100) is smaller than largest topk for recall score (200)
WARNING:src.hipporag.evaluation.retrieval_eval:Length of retrieved docs (100) is smaller than largest topk for recall score (200)
WARNING:src.hipporag.evaluation.retrieval_eval:Length of retrieved docs (100) is smaller than largest topk for recall score (200)
WARNING:src.hipporag.evaluation.retrieval_eval:Length of retrieved docs (100) is smaller than largest topk for recall score (200)
WARNING:src.hipporag.evaluation.retrieval_eval:Length of retrieved docs (100) is smaller than largest topk for recall score (200)
WARNING:src.hipporag.evaluation.retrieval_eval:Length of retrieved docs (100) is smaller than largest topk for recall score (200)
WARNING:src.hipporag.evaluation.retrieval_eval:Length of retrieved docs (100) is smaller than largest topk for recall score (200)
WARNING:src.hipporag.evaluation.retrieval_eval:Length of retrieved docs (100) is smaller than largest topk for recall score (200)
WARNING:src.hipporag.evaluation.retrieval_eval:Length of retrieved docs (100) is smaller than largest topk for recall score (200)
WARNING:src.hipporag.evaluation.retrieval_eval:Length of retrieved docs (100) is smaller than largest topk for recall score (200)
WARNING:src.hipporag.evaluation.retrieval_eval:Length of retrieved docs (100) is smaller than largest topk for recall score (200)
WARNING:src.hipporag.evaluation.retrieval_eval:Length of retrieved docs (100) is smaller than largest topk for recall score (200)
WARNING:src.hipporag.evaluation.retrieval_eval:Length of retrieved docs (100) is smaller than largest topk for recall score (200)
WARNING:src.hipporag.evaluation.retrieval_eval:Length of retrieved docs (100) is smaller than largest topk for recall score (200)
WARNING:src.hipporag.evaluation.retrieval_eval:Length of retrieved docs (100) is smaller than largest topk for recall score (200)
WARNING:src.hipporag.evaluation.retrieval_eval:Length of retrieved docs (100) is smaller than largest topk for recall score (200)
WARNING:src.hipporag.evaluation.retrieval_eval:Length of retrieved docs (100) is smaller than largest topk for recall score (200)
WARNING:src.hipporag.evaluation.retrieval_eval:Length of retrieved docs (100) is smaller than largest topk for recall score (200)
WARNING:src.hipporag.evaluation.retrieval_eval:Length of retrieved docs (100) is smaller than largest topk for recall score (200)
WARNING:src.hipporag.evaluation.retrieval_eval:Length of retrieved docs (100) is smaller than largest topk for recall score (200)
WARNING:src.hipporag.evaluation.retrieval_eval:Length of retrieved docs (100) is smaller than largest topk for recall score (200)
WARNING:src.hipporag.evaluation.retrieval_eval:Length of retrieved docs (100) is smaller than largest topk for recall score (200)
WARNING:src.hipporag.evaluation.retrieval_eval:Length of retrieved docs (100) is smaller than largest topk for recall score (200)
WARNING:src.hipporag.evaluation.retrieval_eval:Length of retrieved docs (100) is smaller than largest topk for recall score (200)
WARNING:src.hipporag.evaluation.retrieval_eval:Length of retrieved docs (100) is smaller than largest topk for recall score (200)
WARNING:src.hipporag.evaluation.retrieval_eval:Length of retrieved docs (100) is smaller than largest topk for recall score (200)
WARNING:src.hipporag.evaluation.retrieval_eval:Length of retrieved docs (100) is smaller than largest topk for recall score (200)
WARNING:src.hipporag.evaluation.retrieval_eval:Length of retrieved docs (100) is smaller than largest topk for recall score (200)
WARNING:src.hipporag.evaluation.retrieval_eval:Length of retrieved docs (100) is smaller than largest topk for recall score (200)
WARNING:src.hipporag.evaluation.retrieval_eval:Length of retrieved docs (100) is smaller than largest topk for recall score (200)
WARNING:src.hipporag.evaluation.retrieval_eval:Length of retrieved docs (100) is smaller than largest topk for recall score (200)
WARNING:src.hipporag.evaluation.retrieval_eval:Length of retrieved docs (100) is smaller than largest topk for recall score (200)
WARNING:src.hipporag.evaluation.retrieval_eval:Length of retrieved docs (100) is smaller than largest topk for recall score (200)
WARNING:src.hipporag.evaluation.retrieval_eval:Length of retrieved docs (100) is smaller than largest topk for recall score (200)
WARNING:src.hipporag.evaluation.retrieval_eval:Length of retrieved docs (100) is smaller than largest topk for recall score (200)
WARNING:src.hipporag.evaluation.retrieval_eval:Length of retrieved docs (100) is smaller than largest topk for recall score (200)
WARNING:src.hipporag.evaluation.retrieval_eval:Length of retrieved docs (100) is smaller than largest topk for recall score (200)
WARNING:src.hipporag.evaluation.retrieval_eval:Length of retrieved docs (100) is smaller than largest topk for recall score (200)
WARNING:src.hipporag.evaluation.retrieval_eval:Length of retrieved docs (100) is smaller than largest topk for recall score (200)
WARNING:src.hipporag.evaluation.retrieval_eval:Length of retrieved docs (100) is smaller than largest topk for recall score (200)
WARNING:src.hipporag.evaluation.retrieval_eval:Length of retrieved docs (100) is smaller than largest topk for recall score (200)
WARNING:src.hipporag.evaluation.retrieval_eval:Length of retrieved docs (100) is smaller than largest topk for recall score (200)
WARNING:src.hipporag.evaluation.retrieval_eval:Length of retrieved docs (100) is smaller than largest topk for recall score (200)
WARNING:src.hipporag.evaluation.retrieval_eval:Length of retrieved docs (100) is smaller than largest topk for recall score (200)
WARNING:src.hipporag.evaluation.retrieval_eval:Length of retrieved docs (100) is smaller than largest topk for recall score (200)
WARNING:src.hipporag.evaluation.retrieval_eval:Length of retrieved docs (100) is smaller than largest topk for recall score (200)
WARNING:src.hipporag.evaluation.retrieval_eval:Length of retrieved docs (100) is smaller than largest topk for recall score (200)
WARNING:src.hipporag.evaluation.retrieval_eval:Length of retrieved docs (100) is smaller than largest topk for recall score (200)
WARNING:src.hipporag.evaluation.retrieval_eval:Length of retrieved docs (100) is smaller than largest topk for recall score (200)
WARNING:src.hipporag.evaluation.retrieval_eval:Length of retrieved docs (100) is smaller than largest topk for recall score (200)
WARNING:src.hipporag.evaluation.retrieval_eval:Length of retrieved docs (100) is smaller than largest topk for recall score (200)
WARNING:src.hipporag.evaluation.retrieval_eval:Length of retrieved docs (100) is smaller than largest topk for recall score (200)
WARNING:src.hipporag.evaluation.retrieval_eval:Length of retrieved docs (100) is smaller than largest topk for recall score (200)
WARNING:src.hipporag.evaluation.retrieval_eval:Length of retrieved docs (100) is smaller than largest topk for recall score (200)
WARNING:src.hipporag.evaluation.retrieval_eval:Length of retrieved docs (100) is smaller than largest topk for recall score (200)
WARNING:src.hipporag.evaluation.retrieval_eval:Length of retrieved docs (100) is smaller than largest topk for recall score (200)
WARNING:src.hipporag.evaluation.retrieval_eval:Length of retrieved docs (100) is smaller than largest topk for recall score (200)
WARNING:src.hipporag.evaluation.retrieval_eval:Length of retrieved docs (100) is smaller than largest topk for recall score (200)
WARNING:src.hipporag.evaluation.retrieval_eval:Length of retrieved docs (100) is smaller than largest topk for recall score (200)
WARNING:src.hipporag.evaluation.retrieval_eval:Length of retrieved docs (100) is smaller than largest topk for recall score (200)
WARNING:src.hipporag.evaluation.retrieval_eval:Length of retrieved docs (100) is smaller than largest topk for recall score (200)
WARNING:src.hipporag.evaluation.retrieval_eval:Length of retrieved docs (100) is smaller than largest topk for recall score (200)
WARNING:src.hipporag.evaluation.retrieval_eval:Length of retrieved docs (100) is smaller than largest topk for recall score (200)
WARNING:src.hipporag.evaluation.retrieval_eval:Length of retrieved docs (100) is smaller than largest topk for recall score (200)
WARNING:src.hipporag.evaluation.retrieval_eval:Length of retrieved docs (100) is smaller than largest topk for recall score (200)
WARNING:src.hipporag.evaluation.retrieval_eval:Length of retrieved docs (100) is smaller than largest topk for recall score (200)
WARNING:src.hipporag.evaluation.retrieval_eval:Length of retrieved docs (100) is smaller than largest topk for recall score (200)
WARNING:src.hipporag.evaluation.retrieval_eval:Length of retrieved docs (100) is smaller than largest topk for recall score (200)
WARNING:src.hipporag.evaluation.retrieval_eval:Length of retrieved docs (100) is smaller than largest topk for recall score (200)
WARNING:src.hipporag.evaluation.retrieval_eval:Length of retrieved docs (100) is smaller than largest topk for recall score (200)
WARNING:src.hipporag.evaluation.retrieval_eval:Length of retrieved docs (100) is smaller than largest topk for recall score (200)
WARNING:src.hipporag.evaluation.retrieval_eval:Length of retrieved docs (100) is smaller than largest topk for recall score (200)
WARNING:src.hipporag.evaluation.retrieval_eval:Length of retrieved docs (100) is smaller than largest topk for recall score (200)
WARNING:src.hipporag.evaluation.retrieval_eval:Length of retrieved docs (100) is smaller than largest topk for recall score (200)
WARNING:src.hipporag.evaluation.retrieval_eval:Length of retrieved docs (100) is smaller than largest topk for recall score (200)
WARNING:src.hipporag.evaluation.retrieval_eval:Length of retrieved docs (100) is smaller than largest topk for recall score (200)
WARNING:src.hipporag.evaluation.retrieval_eval:Length of retrieved docs (100) is smaller than largest topk for recall score (200)
WARNING:src.hipporag.evaluation.retrieval_eval:Length of retrieved docs (100) is smaller than largest topk for recall score (200)
WARNING:src.hipporag.evaluation.retrieval_eval:Length of retrieved docs (100) is smaller than largest topk for recall score (200)
WARNING:src.hipporag.evaluation.retrieval_eval:Length of retrieved docs (100) is smaller than largest topk for recall score (200)
WARNING:src.hipporag.evaluation.retrieval_eval:Length of retrieved docs (100) is smaller than largest topk for recall score (200)
WARNING:src.hipporag.evaluation.retrieval_eval:Length of retrieved docs (100) is smaller than largest topk for recall score (200)
WARNING:src.hipporag.evaluation.retrieval_eval:Length of retrieved docs (100) is smaller than largest topk for recall score (200)
WARNING:src.hipporag.evaluation.retrieval_eval:Length of retrieved docs (100) is smaller than largest topk for recall score (200)
WARNING:src.hipporag.evaluation.retrieval_eval:Length of retrieved docs (100) is smaller than largest topk for recall score (200)
WARNING:src.hipporag.evaluation.retrieval_eval:Length of retrieved docs (100) is smaller than largest topk for recall score (200)
WARNING:src.hipporag.evaluation.retrieval_eval:Length of retrieved docs (100) is smaller than largest topk for recall score (200)
WARNING:src.hipporag.evaluation.retrieval_eval:Length of retrieved docs (100) is smaller than largest topk for recall score (200)
WARNING:src.hipporag.evaluation.retrieval_eval:Length of retrieved docs (100) is smaller than largest topk for recall score (200)
WARNING:src.hipporag.evaluation.retrieval_eval:Length of retrieved docs (100) is smaller than largest topk for recall score (200)
WARNING:src.hipporag.evaluation.retrieval_eval:Length of retrieved docs (100) is smaller than largest topk for recall score (200)
WARNING:src.hipporag.evaluation.retrieval_eval:Length of retrieved docs (100) is smaller than largest topk for recall score (200)
WARNING:src.hipporag.evaluation.retrieval_eval:Length of retrieved docs (100) is smaller than largest topk for recall score (200)
WARNING:src.hipporag.evaluation.retrieval_eval:Length of retrieved docs (100) is smaller than largest topk for recall score (200)
WARNING:src.hipporag.evaluation.retrieval_eval:Length of retrieved docs (100) is smaller than largest topk for recall score (200)
WARNING:src.hipporag.evaluation.retrieval_eval:Length of retrieved docs (100) is smaller than largest topk for recall score (200)
WARNING:src.hipporag.evaluation.retrieval_eval:Length of retrieved docs (100) is smaller than largest topk for recall score (200)
WARNING:src.hipporag.evaluation.retrieval_eval:Length of retrieved docs (100) is smaller than largest topk for recall score (200)
WARNING:src.hipporag.evaluation.retrieval_eval:Length of retrieved docs (100) is smaller than largest topk for recall score (200)
WARNING:src.hipporag.evaluation.retrieval_eval:Length of retrieved docs (100) is smaller than largest topk for recall score (200)
WARNING:src.hipporag.evaluation.retrieval_eval:Length of retrieved docs (100) is smaller than largest topk for recall score (200)
WARNING:src.hipporag.evaluation.retrieval_eval:Length of retrieved docs (100) is smaller than largest topk for recall score (200)
WARNING:src.hipporag.evaluation.retrieval_eval:Length of retrieved docs (100) is smaller than largest topk for recall score (200)
WARNING:src.hipporag.evaluation.retrieval_eval:Length of retrieved docs (100) is smaller than largest topk for recall score (200)
WARNING:src.hipporag.evaluation.retrieval_eval:Length of retrieved docs (100) is smaller than largest topk for recall score (200)
WARNING:src.hipporag.evaluation.retrieval_eval:Length of retrieved docs (100) is smaller than largest topk for recall score (200)
WARNING:src.hipporag.evaluation.retrieval_eval:Length of retrieved docs (100) is smaller than largest topk for recall score (200)
WARNING:src.hipporag.evaluation.retrieval_eval:Length of retrieved docs (100) is smaller than largest topk for recall score (200)
WARNING:src.hipporag.evaluation.retrieval_eval:Length of retrieved docs (100) is smaller than largest topk for recall score (200)
WARNING:src.hipporag.evaluation.retrieval_eval:Length of retrieved docs (100) is smaller than largest topk for recall score (200)
WARNING:src.hipporag.evaluation.retrieval_eval:Length of retrieved docs (100) is smaller than largest topk for recall score (200)
WARNING:src.hipporag.evaluation.retrieval_eval:Length of retrieved docs (100) is smaller than largest topk for recall score (200)
WARNING:src.hipporag.evaluation.retrieval_eval:Length of retrieved docs (100) is smaller than largest topk for recall score (200)
WARNING:src.hipporag.evaluation.retrieval_eval:Length of retrieved docs (100) is smaller than largest topk for recall score (200)
WARNING:src.hipporag.evaluation.retrieval_eval:Length of retrieved docs (100) is smaller than largest topk for recall score (200)
WARNING:src.hipporag.evaluation.retrieval_eval:Length of retrieved docs (100) is smaller than largest topk for recall score (200)
WARNING:src.hipporag.evaluation.retrieval_eval:Length of retrieved docs (100) is smaller than largest topk for recall score (200)
WARNING:src.hipporag.evaluation.retrieval_eval:Length of retrieved docs (100) is smaller than largest topk for recall score (200)
WARNING:src.hipporag.evaluation.retrieval_eval:Length of retrieved docs (100) is smaller than largest topk for recall score (200)
WARNING:src.hipporag.evaluation.retrieval_eval:Length of retrieved docs (100) is smaller than largest topk for recall score (200)
WARNING:src.hipporag.evaluation.retrieval_eval:Length of retrieved docs (100) is smaller than largest topk for recall score (200)
WARNING:src.hipporag.evaluation.retrieval_eval:Length of retrieved docs (100) is smaller than largest topk for recall score (200)
WARNING:src.hipporag.evaluation.retrieval_eval:Length of retrieved docs (100) is smaller than largest topk for recall score (200)
WARNING:src.hipporag.evaluation.retrieval_eval:Length of retrieved docs (100) is smaller than largest topk for recall score (200)
WARNING:src.hipporag.evaluation.retrieval_eval:Length of retrieved docs (100) is smaller than largest topk for recall score (200)
WARNING:src.hipporag.evaluation.retrieval_eval:Length of retrieved docs (100) is smaller than largest topk for recall score (200)
WARNING:src.hipporag.evaluation.retrieval_eval:Length of retrieved docs (100) is smaller than largest topk for recall score (200)
WARNING:src.hipporag.evaluation.retrieval_eval:Length of retrieved docs (100) is smaller than largest topk for recall score (200)
WARNING:src.hipporag.evaluation.retrieval_eval:Length of retrieved docs (100) is smaller than largest topk for recall score (200)
WARNING:src.hipporag.evaluation.retrieval_eval:Length of retrieved docs (100) is smaller than largest topk for recall score (200)
WARNING:src.hipporag.evaluation.retrieval_eval:Length of retrieved docs (100) is smaller than largest topk for recall score (200)
WARNING:src.hipporag.evaluation.retrieval_eval:Length of retrieved docs (100) is smaller than largest topk for recall score (200)
WARNING:src.hipporag.evaluation.retrieval_eval:Length of retrieved docs (100) is smaller than largest topk for recall score (200)
WARNING:src.hipporag.evaluation.retrieval_eval:Length of retrieved docs (100) is smaller than largest topk for recall score (200)
WARNING:src.hipporag.evaluation.retrieval_eval:Length of retrieved docs (100) is smaller than largest topk for recall score (200)
WARNING:src.hipporag.evaluation.retrieval_eval:Length of retrieved docs (100) is smaller than largest topk for recall score (200)
WARNING:src.hipporag.evaluation.retrieval_eval:Length of retrieved docs (100) is smaller than largest topk for recall score (200)
WARNING:src.hipporag.evaluation.retrieval_eval:Length of retrieved docs (100) is smaller than largest topk for recall score (200)
WARNING:src.hipporag.evaluation.retrieval_eval:Length of retrieved docs (100) is smaller than largest topk for recall score (200)
WARNING:src.hipporag.evaluation.retrieval_eval:Length of retrieved docs (100) is smaller than largest topk for recall score (200)
WARNING:src.hipporag.evaluation.retrieval_eval:Length of retrieved docs (100) is smaller than largest topk for recall score (200)
WARNING:src.hipporag.evaluation.retrieval_eval:Length of retrieved docs (100) is smaller than largest topk for recall score (200)
WARNING:src.hipporag.evaluation.retrieval_eval:Length of retrieved docs (100) is smaller than largest topk for recall score (200)
WARNING:src.hipporag.evaluation.retrieval_eval:Length of retrieved docs (100) is smaller than largest topk for recall score (200)
WARNING:src.hipporag.evaluation.retrieval_eval:Length of retrieved docs (100) is smaller than largest topk for recall score (200)
WARNING:src.hipporag.evaluation.retrieval_eval:Length of retrieved docs (100) is smaller than largest topk for recall score (200)
WARNING:src.hipporag.evaluation.retrieval_eval:Length of retrieved docs (100) is smaller than largest topk for recall score (200)
WARNING:src.hipporag.evaluation.retrieval_eval:Length of retrieved docs (100) is smaller than largest topk for recall score (200)
WARNING:src.hipporag.evaluation.retrieval_eval:Length of retrieved docs (100) is smaller than largest topk for recall score (200)
WARNING:src.hipporag.evaluation.retrieval_eval:Length of retrieved docs (100) is smaller than largest topk for recall score (200)
WARNING:src.hipporag.evaluation.retrieval_eval:Length of retrieved docs (100) is smaller than largest topk for recall score (200)
WARNING:src.hipporag.evaluation.retrieval_eval:Length of retrieved docs (100) is smaller than largest topk for recall score (200)
WARNING:src.hipporag.evaluation.retrieval_eval:Length of retrieved docs (100) is smaller than largest topk for recall score (200)
WARNING:src.hipporag.evaluation.retrieval_eval:Length of retrieved docs (100) is smaller than largest topk for recall score (200)
WARNING:src.hipporag.evaluation.retrieval_eval:Length of retrieved docs (100) is smaller than largest topk for recall score (200)
WARNING:src.hipporag.evaluation.retrieval_eval:Length of retrieved docs (100) is smaller than largest topk for recall score (200)
WARNING:src.hipporag.evaluation.retrieval_eval:Length of retrieved docs (100) is smaller than largest topk for recall score (200)
WARNING:src.hipporag.evaluation.retrieval_eval:Length of retrieved docs (100) is smaller than largest topk for recall score (200)
WARNING:src.hipporag.evaluation.retrieval_eval:Length of retrieved docs (100) is smaller than largest topk for recall score (200)
WARNING:src.hipporag.evaluation.retrieval_eval:Length of retrieved docs (100) is smaller than largest topk for recall score (200)
WARNING:src.hipporag.evaluation.retrieval_eval:Length of retrieved docs (100) is smaller than largest topk for recall score (200)
WARNING:src.hipporag.evaluation.retrieval_eval:Length of retrieved docs (100) is smaller than largest topk for recall score (200)
WARNING:src.hipporag.evaluation.retrieval_eval:Length of retrieved docs (100) is smaller than largest topk for recall score (200)
WARNING:src.hipporag.evaluation.retrieval_eval:Length of retrieved docs (100) is smaller than largest topk for recall score (200)
WARNING:src.hipporag.evaluation.retrieval_eval:Length of retrieved docs (100) is smaller than largest topk for recall score (200)
WARNING:src.hipporag.evaluation.retrieval_eval:Length of retrieved docs (100) is smaller than largest topk for recall score (200)
WARNING:src.hipporag.evaluation.retrieval_eval:Length of retrieved docs (100) is smaller than largest topk for recall score (200)
WARNING:src.hipporag.evaluation.retrieval_eval:Length of retrieved docs (100) is smaller than largest topk for recall score (200)
WARNING:src.hipporag.evaluation.retrieval_eval:Length of retrieved docs (100) is smaller than largest topk for recall score (200)
WARNING:src.hipporag.evaluation.retrieval_eval:Length of retrieved docs (100) is smaller than largest topk for recall score (200)
WARNING:src.hipporag.evaluation.retrieval_eval:Length of retrieved docs (100) is smaller than largest topk for recall score (200)
WARNING:src.hipporag.evaluation.retrieval_eval:Length of retrieved docs (100) is smaller than largest topk for recall score (200)
WARNING:src.hipporag.evaluation.retrieval_eval:Length of retrieved docs (100) is smaller than largest topk for recall score (200)
WARNING:src.hipporag.evaluation.retrieval_eval:Length of retrieved docs (100) is smaller than largest topk for recall score (200)
WARNING:src.hipporag.evaluation.retrieval_eval:Length of retrieved docs (100) is smaller than largest topk for recall score (200)
WARNING:src.hipporag.evaluation.retrieval_eval:Length of retrieved docs (100) is smaller than largest topk for recall score (200)
WARNING:src.hipporag.evaluation.retrieval_eval:Length of retrieved docs (100) is smaller than largest topk for recall score (200)
WARNING:src.hipporag.evaluation.retrieval_eval:Length of retrieved docs (100) is smaller than largest topk for recall score (200)
WARNING:src.hipporag.evaluation.retrieval_eval:Length of retrieved docs (100) is smaller than largest topk for recall score (200)
WARNING:src.hipporag.evaluation.retrieval_eval:Length of retrieved docs (100) is smaller than largest topk for recall score (200)
WARNING:src.hipporag.evaluation.retrieval_eval:Length of retrieved docs (100) is smaller than largest topk for recall score (200)
WARNING:src.hipporag.evaluation.retrieval_eval:Length of retrieved docs (100) is smaller than largest topk for recall score (200)
WARNING:src.hipporag.evaluation.retrieval_eval:Length of retrieved docs (100) is smaller than largest topk for recall score (200)
WARNING:src.hipporag.evaluation.retrieval_eval:Length of retrieved docs (100) is smaller than largest topk for recall score (200)
WARNING:src.hipporag.evaluation.retrieval_eval:Length of retrieved docs (100) is smaller than largest topk for recall score (200)
WARNING:src.hipporag.evaluation.retrieval_eval:Length of retrieved docs (100) is smaller than largest topk for recall score (200)
WARNING:src.hipporag.evaluation.retrieval_eval:Length of retrieved docs (100) is smaller than largest topk for recall score (200)
WARNING:src.hipporag.evaluation.retrieval_eval:Length of retrieved docs (100) is smaller than largest topk for recall score (200)
WARNING:src.hipporag.evaluation.retrieval_eval:Length of retrieved docs (100) is smaller than largest topk for recall score (200)
WARNING:src.hipporag.evaluation.retrieval_eval:Length of retrieved docs (100) is smaller than largest topk for recall score (200)
WARNING:src.hipporag.evaluation.retrieval_eval:Length of retrieved docs (100) is smaller than largest topk for recall score (200)
WARNING:src.hipporag.evaluation.retrieval_eval:Length of retrieved docs (100) is smaller than largest topk for recall score (200)
WARNING:src.hipporag.evaluation.retrieval_eval:Length of retrieved docs (100) is smaller than largest topk for recall score (200)
WARNING:src.hipporag.evaluation.retrieval_eval:Length of retrieved docs (100) is smaller than largest topk for recall score (200)
WARNING:src.hipporag.evaluation.retrieval_eval:Length of retrieved docs (100) is smaller than largest topk for recall score (200)
WARNING:src.hipporag.evaluation.retrieval_eval:Length of retrieved docs (100) is smaller than largest topk for recall score (200)
WARNING:src.hipporag.evaluation.retrieval_eval:Length of retrieved docs (100) is smaller than largest topk for recall score (200)
WARNING:src.hipporag.evaluation.retrieval_eval:Length of retrieved docs (100) is smaller than largest topk for recall score (200)
WARNING:src.hipporag.evaluation.retrieval_eval:Length of retrieved docs (100) is smaller than largest topk for recall score (200)
WARNING:src.hipporag.evaluation.retrieval_eval:Length of retrieved docs (100) is smaller than largest topk for recall score (200)
WARNING:src.hipporag.evaluation.retrieval_eval:Length of retrieved docs (100) is smaller than largest topk for recall score (200)
WARNING:src.hipporag.evaluation.retrieval_eval:Length of retrieved docs (100) is smaller than largest topk for recall score (200)
WARNING:src.hipporag.evaluation.retrieval_eval:Length of retrieved docs (100) is smaller than largest topk for recall score (200)
WARNING:src.hipporag.evaluation.retrieval_eval:Length of retrieved docs (100) is smaller than largest topk for recall score (200)
WARNING:src.hipporag.evaluation.retrieval_eval:Length of retrieved docs (100) is smaller than largest topk for recall score (200)
WARNING:src.hipporag.evaluation.retrieval_eval:Length of retrieved docs (100) is smaller than largest topk for recall score (200)
WARNING:src.hipporag.evaluation.retrieval_eval:Length of retrieved docs (100) is smaller than largest topk for recall score (200)
WARNING:src.hipporag.evaluation.retrieval_eval:Length of retrieved docs (100) is smaller than largest topk for recall score (200)
WARNING:src.hipporag.evaluation.retrieval_eval:Length of retrieved docs (100) is smaller than largest topk for recall score (200)
WARNING:src.hipporag.evaluation.retrieval_eval:Length of retrieved docs (100) is smaller than largest topk for recall score (200)
WARNING:src.hipporag.evaluation.retrieval_eval:Length of retrieved docs (100) is smaller than largest topk for recall score (200)
WARNING:src.hipporag.evaluation.retrieval_eval:Length of retrieved docs (100) is smaller than largest topk for recall score (200)
WARNING:src.hipporag.evaluation.retrieval_eval:Length of retrieved docs (100) is smaller than largest topk for recall score (200)
WARNING:src.hipporag.evaluation.retrieval_eval:Length of retrieved docs (100) is smaller than largest topk for recall score (200)
WARNING:src.hipporag.evaluation.retrieval_eval:Length of retrieved docs (100) is smaller than largest topk for recall score (200)
WARNING:src.hipporag.evaluation.retrieval_eval:Length of retrieved docs (100) is smaller than largest topk for recall score (200)
WARNING:src.hipporag.evaluation.retrieval_eval:Length of retrieved docs (100) is smaller than largest topk for recall score (200)
WARNING:src.hipporag.evaluation.retrieval_eval:Length of retrieved docs (100) is smaller than largest topk for recall score (200)
WARNING:src.hipporag.evaluation.retrieval_eval:Length of retrieved docs (100) is smaller than largest topk for recall score (200)
WARNING:src.hipporag.evaluation.retrieval_eval:Length of retrieved docs (100) is smaller than largest topk for recall score (200)
WARNING:src.hipporag.evaluation.retrieval_eval:Length of retrieved docs (100) is smaller than largest topk for recall score (200)
WARNING:src.hipporag.evaluation.retrieval_eval:Length of retrieved docs (100) is smaller than largest topk for recall score (200)
WARNING:src.hipporag.evaluation.retrieval_eval:Length of retrieved docs (100) is smaller than largest topk for recall score (200)
WARNING:src.hipporag.evaluation.retrieval_eval:Length of retrieved docs (100) is smaller than largest topk for recall score (200)
WARNING:src.hipporag.evaluation.retrieval_eval:Length of retrieved docs (100) is smaller than largest topk for recall score (200)
WARNING:src.hipporag.evaluation.retrieval_eval:Length of retrieved docs (100) is smaller than largest topk for recall score (200)
WARNING:src.hipporag.evaluation.retrieval_eval:Length of retrieved docs (100) is smaller than largest topk for recall score (200)
WARNING:src.hipporag.evaluation.retrieval_eval:Length of retrieved docs (100) is smaller than largest topk for recall score (200)
WARNING:src.hipporag.evaluation.retrieval_eval:Length of retrieved docs (100) is smaller than largest topk for recall score (200)
WARNING:src.hipporag.evaluation.retrieval_eval:Length of retrieved docs (100) is smaller than largest topk for recall score (200)
WARNING:src.hipporag.evaluation.retrieval_eval:Length of retrieved docs (100) is smaller than largest topk for recall score (200)
WARNING:src.hipporag.evaluation.retrieval_eval:Length of retrieved docs (100) is smaller than largest topk for recall score (200)
WARNING:src.hipporag.evaluation.retrieval_eval:Length of retrieved docs (100) is smaller than largest topk for recall score (200)
WARNING:src.hipporag.evaluation.retrieval_eval:Length of retrieved docs (100) is smaller than largest topk for recall score (200)
WARNING:src.hipporag.evaluation.retrieval_eval:Length of retrieved docs (100) is smaller than largest topk for recall score (200)
WARNING:src.hipporag.evaluation.retrieval_eval:Length of retrieved docs (100) is smaller than largest topk for recall score (200)
WARNING:src.hipporag.evaluation.retrieval_eval:Length of retrieved docs (100) is smaller than largest topk for recall score (200)
WARNING:src.hipporag.evaluation.retrieval_eval:Length of retrieved docs (100) is smaller than largest topk for recall score (200)
WARNING:src.hipporag.evaluation.retrieval_eval:Length of retrieved docs (100) is smaller than largest topk for recall score (200)
WARNING:src.hipporag.evaluation.retrieval_eval:Length of retrieved docs (100) is smaller than largest topk for recall score (200)
WARNING:src.hipporag.evaluation.retrieval_eval:Length of retrieved docs (100) is smaller than largest topk for recall score (200)
WARNING:src.hipporag.evaluation.retrieval_eval:Length of retrieved docs (100) is smaller than largest topk for recall score (200)
WARNING:src.hipporag.evaluation.retrieval_eval:Length of retrieved docs (100) is smaller than largest topk for recall score (200)
WARNING:src.hipporag.evaluation.retrieval_eval:Length of retrieved docs (100) is smaller than largest topk for recall score (200)
WARNING:src.hipporag.evaluation.retrieval_eval:Length of retrieved docs (100) is smaller than largest topk for recall score (200)
WARNING:src.hipporag.evaluation.retrieval_eval:Length of retrieved docs (100) is smaller than largest topk for recall score (200)
WARNING:src.hipporag.evaluation.retrieval_eval:Length of retrieved docs (100) is smaller than largest topk for recall score (200)
WARNING:src.hipporag.evaluation.retrieval_eval:Length of retrieved docs (100) is smaller than largest topk for recall score (200)
WARNING:src.hipporag.evaluation.retrieval_eval:Length of retrieved docs (100) is smaller than largest topk for recall score (200)
WARNING:src.hipporag.evaluation.retrieval_eval:Length of retrieved docs (100) is smaller than largest topk for recall score (200)
WARNING:src.hipporag.evaluation.retrieval_eval:Length of retrieved docs (100) is smaller than largest topk for recall score (200)
WARNING:src.hipporag.evaluation.retrieval_eval:Length of retrieved docs (100) is smaller than largest topk for recall score (200)
WARNING:src.hipporag.evaluation.retrieval_eval:Length of retrieved docs (100) is smaller than largest topk for recall score (200)
WARNING:src.hipporag.evaluation.retrieval_eval:Length of retrieved docs (100) is smaller than largest topk for recall score (200)
WARNING:src.hipporag.evaluation.retrieval_eval:Length of retrieved docs (100) is smaller than largest topk for recall score (200)
WARNING:src.hipporag.evaluation.retrieval_eval:Length of retrieved docs (100) is smaller than largest topk for recall score (200)
WARNING:src.hipporag.evaluation.retrieval_eval:Length of retrieved docs (100) is smaller than largest topk for recall score (200)
WARNING:src.hipporag.evaluation.retrieval_eval:Length of retrieved docs (100) is smaller than largest topk for recall score (200)
WARNING:src.hipporag.evaluation.retrieval_eval:Length of retrieved docs (100) is smaller than largest topk for recall score (200)
WARNING:src.hipporag.evaluation.retrieval_eval:Length of retrieved docs (100) is smaller than largest topk for recall score (200)
WARNING:src.hipporag.evaluation.retrieval_eval:Length of retrieved docs (100) is smaller than largest topk for recall score (200)
WARNING:src.hipporag.evaluation.retrieval_eval:Length of retrieved docs (100) is smaller than largest topk for recall score (200)
WARNING:src.hipporag.evaluation.retrieval_eval:Length of retrieved docs (100) is smaller than largest topk for recall score (200)
WARNING:src.hipporag.evaluation.retrieval_eval:Length of retrieved docs (100) is smaller than largest topk for recall score (200)
WARNING:src.hipporag.evaluation.retrieval_eval:Length of retrieved docs (100) is smaller than largest topk for recall score (200)
WARNING:src.hipporag.evaluation.retrieval_eval:Length of retrieved docs (100) is smaller than largest topk for recall score (200)
WARNING:src.hipporag.evaluation.retrieval_eval:Length of retrieved docs (100) is smaller than largest topk for recall score (200)
WARNING:src.hipporag.evaluation.retrieval_eval:Length of retrieved docs (100) is smaller than largest topk for recall score (200)
WARNING:src.hipporag.evaluation.retrieval_eval:Length of retrieved docs (100) is smaller than largest topk for recall score (200)
WARNING:src.hipporag.evaluation.retrieval_eval:Length of retrieved docs (100) is smaller than largest topk for recall score (200)
WARNING:src.hipporag.evaluation.retrieval_eval:Length of retrieved docs (100) is smaller than largest topk for recall score (200)
WARNING:src.hipporag.evaluation.retrieval_eval:Length of retrieved docs (100) is smaller than largest topk for recall score (200)
WARNING:src.hipporag.evaluation.retrieval_eval:Length of retrieved docs (100) is smaller than largest topk for recall score (200)
WARNING:src.hipporag.evaluation.retrieval_eval:Length of retrieved docs (100) is smaller than largest topk for recall score (200)
WARNING:src.hipporag.evaluation.retrieval_eval:Length of retrieved docs (100) is smaller than largest topk for recall score (200)
WARNING:src.hipporag.evaluation.retrieval_eval:Length of retrieved docs (100) is smaller than largest topk for recall score (200)
WARNING:src.hipporag.evaluation.retrieval_eval:Length of retrieved docs (100) is smaller than largest topk for recall score (200)
WARNING:src.hipporag.evaluation.retrieval_eval:Length of retrieved docs (100) is smaller than largest topk for recall score (200)
WARNING:src.hipporag.evaluation.retrieval_eval:Length of retrieved docs (100) is smaller than largest topk for recall score (200)
WARNING:src.hipporag.evaluation.retrieval_eval:Length of retrieved docs (100) is smaller than largest topk for recall score (200)
WARNING:src.hipporag.evaluation.retrieval_eval:Length of retrieved docs (100) is smaller than largest topk for recall score (200)
WARNING:src.hipporag.evaluation.retrieval_eval:Length of retrieved docs (100) is smaller than largest topk for recall score (200)
WARNING:src.hipporag.evaluation.retrieval_eval:Length of retrieved docs (100) is smaller than largest topk for recall score (200)
WARNING:src.hipporag.evaluation.retrieval_eval:Length of retrieved docs (100) is smaller than largest topk for recall score (200)
WARNING:src.hipporag.evaluation.retrieval_eval:Length of retrieved docs (100) is smaller than largest topk for recall score (200)
WARNING:src.hipporag.evaluation.retrieval_eval:Length of retrieved docs (100) is smaller than largest topk for recall score (200)
WARNING:src.hipporag.evaluation.retrieval_eval:Length of retrieved docs (100) is smaller than largest topk for recall score (200)
WARNING:src.hipporag.evaluation.retrieval_eval:Length of retrieved docs (100) is smaller than largest topk for recall score (200)
WARNING:src.hipporag.evaluation.retrieval_eval:Length of retrieved docs (100) is smaller than largest topk for recall score (200)
WARNING:src.hipporag.evaluation.retrieval_eval:Length of retrieved docs (100) is smaller than largest topk for recall score (200)
WARNING:src.hipporag.evaluation.retrieval_eval:Length of retrieved docs (100) is smaller than largest topk for recall score (200)
WARNING:src.hipporag.evaluation.retrieval_eval:Length of retrieved docs (100) is smaller than largest topk for recall score (200)
WARNING:src.hipporag.evaluation.retrieval_eval:Length of retrieved docs (100) is smaller than largest topk for recall score (200)
WARNING:src.hipporag.evaluation.retrieval_eval:Length of retrieved docs (100) is smaller than largest topk for recall score (200)
WARNING:src.hipporag.evaluation.retrieval_eval:Length of retrieved docs (100) is smaller than largest topk for recall score (200)
WARNING:src.hipporag.evaluation.retrieval_eval:Length of retrieved docs (100) is smaller than largest topk for recall score (200)
WARNING:src.hipporag.evaluation.retrieval_eval:Length of retrieved docs (100) is smaller than largest topk for recall score (200)
WARNING:src.hipporag.evaluation.retrieval_eval:Length of retrieved docs (100) is smaller than largest topk for recall score (200)
WARNING:src.hipporag.evaluation.retrieval_eval:Length of retrieved docs (100) is smaller than largest topk for recall score (200)
WARNING:src.hipporag.evaluation.retrieval_eval:Length of retrieved docs (100) is smaller than largest topk for recall score (200)
WARNING:src.hipporag.evaluation.retrieval_eval:Length of retrieved docs (100) is smaller than largest topk for recall score (200)
WARNING:src.hipporag.evaluation.retrieval_eval:Length of retrieved docs (100) is smaller than largest topk for recall score (200)
WARNING:src.hipporag.evaluation.retrieval_eval:Length of retrieved docs (100) is smaller than largest topk for recall score (200)
WARNING:src.hipporag.evaluation.retrieval_eval:Length of retrieved docs (100) is smaller than largest topk for recall score (200)
WARNING:src.hipporag.evaluation.retrieval_eval:Length of retrieved docs (100) is smaller than largest topk for recall score (200)
WARNING:src.hipporag.evaluation.retrieval_eval:Length of retrieved docs (100) is smaller than largest topk for recall score (200)
WARNING:src.hipporag.evaluation.retrieval_eval:Length of retrieved docs (100) is smaller than largest topk for recall score (200)
WARNING:src.hipporag.evaluation.retrieval_eval:Length of retrieved docs (100) is smaller than largest topk for recall score (200)
WARNING:src.hipporag.evaluation.retrieval_eval:Length of retrieved docs (100) is smaller than largest topk for recall score (200)
WARNING:src.hipporag.evaluation.retrieval_eval:Length of retrieved docs (100) is smaller than largest topk for recall score (200)
WARNING:src.hipporag.evaluation.retrieval_eval:Length of retrieved docs (100) is smaller than largest topk for recall score (200)
WARNING:src.hipporag.evaluation.retrieval_eval:Length of retrieved docs (100) is smaller than largest topk for recall score (200)
WARNING:src.hipporag.evaluation.retrieval_eval:Length of retrieved docs (100) is smaller than largest topk for recall score (200)
WARNING:src.hipporag.evaluation.retrieval_eval:Length of retrieved docs (100) is smaller than largest topk for recall score (200)
WARNING:src.hipporag.evaluation.retrieval_eval:Length of retrieved docs (100) is smaller than largest topk for recall score (200)
WARNING:src.hipporag.evaluation.retrieval_eval:Length of retrieved docs (100) is smaller than largest topk for recall score (200)
WARNING:src.hipporag.evaluation.retrieval_eval:Length of retrieved docs (100) is smaller than largest topk for recall score (200)
WARNING:src.hipporag.evaluation.retrieval_eval:Length of retrieved docs (100) is smaller than largest topk for recall score (200)
Collecting QA prompts:   0%|          | 0/1000 [00:00<?, ?it/s]Collecting QA prompts: 100%|██████████| 1000/1000 [00:00<00:00, 30874.98it/s]
QA Reading:   0%|          | 0/1000 [00:00<?, ?it/s]QA Reading:  41%|████      | 409/1000 [00:00<00:00, 4083.37it/s]QA Reading:  96%|█████████▋| 963/1000 [00:00<00:00, 4938.46it/s]QA Reading: 100%|██████████| 1000/1000 [00:00<00:00, 4826.37it/s]
Extraction Answers from LLM Response: 0it [00:00, ?it/s]Extraction Answers from LLM Response: 1000it [00:00, 14911.49it/s]
INFO:src.hipporag.HippoRAG:Evaluation results for QA: {'ExactMatch': 0.455, 'F1': 0.4991}
INFO:src.hipporag.HippoRAG:Preparing for fast retrieval.
INFO:src.hipporag.HippoRAG:Loading keys.
INFO:src.hipporag.HippoRAG:Loading embeddings.
WARNING:src.hipporag.rerank:Rerank parse failed on attempt 1 for query "When did Lothair Ii's mother die?": Error parsing raw response as candidate selection: Unable to parse structured payload: unterminated string literal (detected at line 4) (<unknown>, line 4).
INFO:src.hipporag.HippoRAG:Encoding 2 queries for query_to_passage.
INFO:src.hipporag.HippoRAG:Encoding 1 queries for query_to_passage.
INFO:src.hipporag.HippoRAG:Encoding 1 queries for query_to_passage.
INFO:src.hipporag.HippoRAG:Encoding 1 queries for query_to_passage.
INFO:src.hipporag.HippoRAG:Encoding 3 queries for query_to_passage.
WARNING:src.hipporag.rerank:Rerank parse failed on attempt 1 for query 'What is the place of birth of the performer of song Changed It?': Error parsing raw response as candidate selection: Unable to parse structured payload: unterminated string literal (detected at line 2) (<unknown>, line 2).
INFO:src.hipporag.HippoRAG:Encoding 2 queries for query_to_passage.
INFO:src.hipporag.HippoRAG:Encoding 1 queries for query_to_passage.
INFO:src.hipporag.HippoRAG:Encoding 3 queries for query_to_passage.
WARNING:src.hipporag.rerank:Rerank parse failed on attempt 1 for query "Which film has the director who is older, God'S Gift To Women or Aldri Annet Enn Bråk?": Error parsing raw response as candidate selection: Unable to parse structured payload: unterminated string literal (detected at line 2) (<unknown>, line 2).
INFO:src.hipporag.HippoRAG:Encoding 4 queries for query_to_passage.
INFO:src.hipporag.HippoRAG:Encoding 1 queries for query_to_passage.
INFO:src.hipporag.HippoRAG:Encoding 1 queries for query_to_passage.
INFO:src.hipporag.HippoRAG:Encoding 4 queries for query_to_passage.
INFO:src.hipporag.HippoRAG:Encoding 3 queries for query_to_passage.
INFO:src.hipporag.HippoRAG:Encoding 3 queries for query_to_passage.
INFO:src.hipporag.HippoRAG:Encoding 1 queries for query_to_passage.
WARNING:src.hipporag.rerank:Rerank parse failed on attempt 1 for query 'Do both films Interview With A Hitman and The Last Coupon have the directors from the same country?': Error parsing raw response as candidate selection: Unable to parse structured payload: unterminated string literal (detected at line 2) (<unknown>, line 2).
INFO:src.hipporag.HippoRAG:Encoding 3 queries for query_to_passage.
INFO:src.hipporag.HippoRAG:Encoding 1 queries for query_to_passage.
INFO:src.hipporag.HippoRAG:Encoding 1 queries for query_to_passage.
WARNING:src.hipporag.rerank:Rerank parse failed on attempt 1 for query 'What nationality is the director of film Blood Street?': Error parsing raw response as candidate selection: Unable to parse structured payload: unterminated string literal (detected at line 2) (<unknown>, line 2).
INFO:src.hipporag.HippoRAG:Encoding 2 queries for query_to_passage.
WARNING:src.hipporag.rerank:Rerank parse failed on attempt 1 for query 'What is the place of birth of the director of film Gaby: A True Story?': Error parsing raw response as candidate selection: Unable to parse structured payload: unterminated string literal (detected at line 2) (<unknown>, line 2).
INFO:src.hipporag.HippoRAG:Encoding 2 queries for query_to_passage.
INFO:src.hipporag.HippoRAG:Encoding 1 queries for query_to_passage.
INFO:src.hipporag.HippoRAG:Encoding 3 queries for query_to_passage.
WARNING:src.hipporag.rerank:Rerank parse failed on attempt 1 for query 'What nationality is the performer of song When The Stars Go Blue?': Error parsing raw response as candidate selection: Unable to parse structured payload: unterminated string literal (detected at line 2) (<unknown>, line 2).
INFO:src.hipporag.HippoRAG:Encoding 2 queries for query_to_passage.
WARNING:src.hipporag.rerank:Rerank parse failed on attempt 1 for query 'Who is the child of the performer of song Me And Bobby Mcgee?': Error parsing raw response as candidate selection: Unable to parse structured payload: unterminated string literal (detected at line 2) (<unknown>, line 2).
INFO:src.hipporag.HippoRAG:Encoding 2 queries for query_to_passage.
INFO:src.hipporag.HippoRAG:Encoding 1 queries for query_to_passage.
INFO:src.hipporag.HippoRAG:Encoding 1 queries for query_to_passage.
INFO:src.hipporag.HippoRAG:Encoding 1 queries for query_to_passage.
WARNING:src.hipporag.rerank:Rerank parse failed on attempt 1 for query "Where was the place of death of Maurice, Prince Of Orange's father?": Error parsing raw response as candidate selection: Unable to parse structured payload: unterminated string literal (detected at line 2) (<unknown>, line 2).
INFO:src.hipporag.HippoRAG:Encoding 2 queries for query_to_passage.
INFO:src.hipporag.HippoRAG:Encoding 1 queries for query_to_passage.
INFO:src.hipporag.HippoRAG:Encoding 1 queries for query_to_passage.
WARNING:src.hipporag.rerank:Rerank parse failed on attempt 1 for query "Which country Aleksander Koniecpolski (1620–1659)'s father is from?": Error parsing raw response as candidate selection: Unable to parse structured payload: unterminated string literal (detected at line 8) (<unknown>, line 8).
INFO:src.hipporag.HippoRAG:Encoding 2 queries for query_to_passage.
INFO:src.hipporag.HippoRAG:Encoding 1 queries for query_to_passage.
INFO:src.hipporag.HippoRAG:Encoding 2 queries for query_to_passage.
INFO:src.hipporag.HippoRAG:Encoding 1 queries for query_to_passage.
INFO:src.hipporag.HippoRAG:Encoding 1 queries for query_to_passage.
INFO:src.hipporag.HippoRAG:Encoding 4 queries for query_to_passage.
INFO:src.hipporag.HippoRAG:Encoding 1 queries for query_to_passage.
INFO:src.hipporag.HippoRAG:Encoding 1 queries for query_to_passage.
WARNING:src.hipporag.rerank:Rerank parse failed on attempt 1 for query 'Which film has the director who died first, The Goose Woman or You Can No Longer Remain Silent?': Error parsing raw response as candidate selection: Unable to parse structured payload: unterminated string literal (detected at line 2) (<unknown>, line 2).
INFO:src.hipporag.HippoRAG:Encoding 4 queries for query_to_passage.
INFO:src.hipporag.HippoRAG:Encoding 1 queries for query_to_passage.
INFO:src.hipporag.HippoRAG:Encoding 1 queries for query_to_passage.
INFO:src.hipporag.HippoRAG:Encoding 2 queries for query_to_passage.
INFO:src.hipporag.HippoRAG:Encoding 1 queries for query_to_passage.
WARNING:src.hipporag.rerank:Rerank parse failed on attempt 1 for query "Where did Coulson Wallop's father study?": Error parsing raw response as candidate selection: Unable to parse structured payload: unterminated string literal (detected at line 2) (<unknown>, line 2).
INFO:src.hipporag.HippoRAG:Encoding 2 queries for query_to_passage.
INFO:src.hipporag.HippoRAG:Encoding 1 queries for query_to_passage.
INFO:src.hipporag.HippoRAG:Encoding 2 queries for query_to_passage.
INFO:src.hipporag.HippoRAG:Encoding 1 queries for query_to_passage.
INFO:src.hipporag.HippoRAG:Encoding 2 queries for query_to_passage.
INFO:src.hipporag.HippoRAG:Encoding 1 queries for query_to_passage.
WARNING:src.hipporag.rerank:Rerank parse failed on attempt 1 for query "What is the place of birth of Lisbeth Palme's husband?": Error parsing raw response as candidate selection: Unable to parse structured payload: unterminated string literal (detected at line 2) (<unknown>, line 2).
INFO:src.hipporag.HippoRAG:Encoding 2 queries for query_to_passage.
INFO:src.hipporag.HippoRAG:Encoding 1 queries for query_to_passage.
WARNING:src.hipporag.rerank:Rerank parse failed on attempt 1 for query 'Which film came out first, 3 Dots or Dying God?': Error parsing raw response as candidate selection: Unable to parse structured payload: unterminated string literal (detected at line 2) (<unknown>, line 2).
INFO:src.hipporag.HippoRAG:Encoding 3 queries for query_to_passage.
WARNING:src.hipporag.rerank:Rerank parse failed on attempt 1 for query 'Who is the father-in-law of Sisowath Kossamak?': Error parsing raw response as candidate selection: Unable to parse structured payload: unterminated string literal (detected at line 2) (<unknown>, line 2).
INFO:src.hipporag.HippoRAG:Encoding 2 queries for query_to_passage.
INFO:src.hipporag.HippoRAG:Encoding 1 queries for query_to_passage.
WARNING:src.hipporag.rerank:Rerank parse failed on attempt 1 for query "Who is Mugain's mother-in-law?": Error parsing raw response as candidate selection: Unable to parse structured payload: unterminated string literal (detected at line 4) (<unknown>, line 4).
INFO:src.hipporag.HippoRAG:Encoding 3 queries for query_to_passage.
INFO:src.hipporag.HippoRAG:Encoding 1 queries for query_to_passage.
INFO:src.hipporag.HippoRAG:Encoding 1 queries for query_to_passage.
WARNING:src.hipporag.rerank:Rerank parse failed on attempt 1 for query "Where did Theodore Salisbury Woolsey's father study?": Error parsing raw response as candidate selection: Unable to parse structured payload: unterminated string literal (detected at line 6) (<unknown>, line 6).
INFO:src.hipporag.HippoRAG:Encoding 1 queries for query_to_passage.
INFO:src.hipporag.HippoRAG:Encoding 1 queries for query_to_passage.
INFO:src.hipporag.HippoRAG:Encoding 1 queries for query_to_passage.
WARNING:src.hipporag.rerank:Rerank parse failed on attempt 1 for query 'What is the place of birth of the director of film The Return Of Swamp Thing?': Error parsing raw response as candidate selection: Unable to parse structured payload: unterminated string literal (detected at line 5) (<unknown>, line 5).
INFO:src.hipporag.HippoRAG:Encoding 1 queries for query_to_passage.
INFO:src.hipporag.HippoRAG:Encoding 1 queries for query_to_passage.
INFO:src.hipporag.HippoRAG:Encoding 1 queries for query_to_passage.
INFO:src.hipporag.HippoRAG:Encoding 1 queries for query_to_passage.
WARNING:src.hipporag.rerank:Rerank parse failed on attempt 1 for query "Where was the place of death of the performer of song I Can'T See Myself Leaving You?": Error parsing raw response as candidate selection: Unable to parse structured payload: unterminated string literal (detected at line 2) (<unknown>, line 2).
INFO:src.hipporag.HippoRAG:Encoding 2 queries for query_to_passage.
WARNING:src.hipporag.rerank:Rerank parse failed on attempt 1 for query "Which film has the director who was born later, Playing It Wild or I'Ll Be Going Now?": Error parsing raw response as candidate selection: Unable to parse structured payload: unterminated string literal (detected at line 2) (<unknown>, line 2).
INFO:src.hipporag.HippoRAG:Encoding 4 queries for query_to_passage.
INFO:src.hipporag.HippoRAG:Encoding 1 queries for query_to_passage.
INFO:src.hipporag.HippoRAG:Encoding 2 queries for query_to_passage.
INFO:src.hipporag.HippoRAG:Encoding 1 queries for query_to_passage.
WARNING:src.hipporag.rerank:Rerank parse failed on attempt 1 for query 'Which film has the director born later, Christ Walking On The Water or 45 Fathers?': Error parsing raw response as candidate selection: Unable to parse structured payload: unterminated string literal (detected at line 2) (<unknown>, line 2).
INFO:src.hipporag.HippoRAG:Encoding 4 queries for query_to_passage.
INFO:src.hipporag.HippoRAG:Encoding 1 queries for query_to_passage.
INFO:src.hipporag.HippoRAG:Encoding 2 queries for query_to_passage.
INFO:src.hipporag.HippoRAG:Encoding 1 queries for query_to_passage.
INFO:src.hipporag.HippoRAG:Encoding 2 queries for query_to_passage.
INFO:src.hipporag.HippoRAG:Encoding 3 queries for query_to_passage.
INFO:src.hipporag.HippoRAG:Encoding 2 queries for query_to_passage.
INFO:src.hipporag.HippoRAG:Encoding 1 queries for query_to_passage.
INFO:src.hipporag.HippoRAG:Encoding 4 queries for query_to_passage.
INFO:src.hipporag.HippoRAG:Encoding 2 queries for query_to_passage.
INFO:src.hipporag.HippoRAG:Encoding 3 queries for query_to_passage.
INFO:src.hipporag.HippoRAG:Encoding 1 queries for query_to_passage.
WARNING:src.hipporag.rerank:Rerank parse failed on attempt 1 for query 'Which film whose director is younger, Phalitamsha or Gladiators Seven?': Error parsing raw response as candidate selection: Unable to parse structured payload: unterminated string literal (detected at line 2) (<unknown>, line 2).
INFO:src.hipporag.HippoRAG:Encoding 4 queries for query_to_passage.
WARNING:src.hipporag.rerank:Rerank parse failed on attempt 1 for query 'Which film has the director who was born later, Henry Goes Arizona or The Blue Collar Worker And The Hairdresser In A Whirl Of Sex And Politics?': Error parsing raw response as candidate selection: Unable to parse structured payload: unterminated string literal (detected at line 2) (<unknown>, line 2).
INFO:src.hipporag.HippoRAG:Encoding 4 queries for query_to_passage.
WARNING:src.hipporag.rerank:Rerank parse failed on attempt 1 for query 'Who was born first, Hywel Teifi Edwards or Felix Schuster?': Error parsing raw response as candidate selection: Unable to parse structured payload: unterminated string literal (detected at line 4) (<unknown>, line 4).
INFO:src.hipporag.HippoRAG:Encoding 2 queries for query_to_passage.
WARNING:src.hipporag.rerank:Rerank parse failed on attempt 1 for query 'Which film has the director who was born first, Tombstone Rashomon or Waiting For The Clouds?': Error parsing raw response as candidate selection: Unable to parse structured payload: unterminated string literal (detected at line 2) (<unknown>, line 2).
INFO:src.hipporag.HippoRAG:Encoding 4 queries for query_to_passage.
INFO:src.hipporag.HippoRAG:Encoding 1 queries for query_to_passage.
INFO:src.hipporag.HippoRAG:Encoding 1 queries for query_to_passage.
WARNING:src.hipporag.rerank:Rerank parse failed on attempt 1 for query 'Where was the performer of song B Boy (Song) detained?': Error parsing raw response as candidate selection: Unable to parse structured payload: unterminated string literal (detected at line 2) (<unknown>, line 2).
INFO:src.hipporag.HippoRAG:Encoding 2 queries for query_to_passage.
INFO:src.hipporag.HippoRAG:Encoding 1 queries for query_to_passage.
WARNING:src.hipporag.rerank:Rerank parse failed on attempt 1 for query "Which film has the director who was born later, Illusions (1982 Film) or It'S A Wonderful Afterlife?": Error parsing raw response as candidate selection: Unable to parse structured payload: unterminated string literal (detected at line 2) (<unknown>, line 2).
INFO:src.hipporag.HippoRAG:Encoding 4 queries for query_to_passage.
INFO:src.hipporag.HippoRAG:Encoding 1 queries for query_to_passage.
INFO:src.hipporag.HippoRAG:Encoding 1 queries for query_to_passage.
INFO:src.hipporag.HippoRAG:Encoding 2 queries for query_to_passage.
INFO:src.hipporag.HippoRAG:Encoding 1 queries for query_to_passage.
INFO:src.hipporag.HippoRAG:Encoding 1 queries for query_to_passage.
WARNING:src.hipporag.rerank:Rerank parse failed on attempt 1 for query 'Who lived longer, Sir Thomas Wheate, 1St Baronet or Albert Édouard Le Brethon De Caligny?': Error parsing raw response as candidate selection: Unable to parse structured payload: unterminated string literal (detected at line 2) (<unknown>, line 2).
INFO:src.hipporag.HippoRAG:Encoding 4 queries for query_to_passage.
INFO:src.hipporag.HippoRAG:Encoding 2 queries for query_to_passage.
INFO:src.hipporag.HippoRAG:Encoding 1 queries for query_to_passage.
INFO:src.hipporag.HippoRAG:Encoding 2 queries for query_to_passage.
INFO:src.hipporag.HippoRAG:Encoding 1 queries for query_to_passage.
WARNING:src.hipporag.rerank:Rerank parse failed on attempt 1 for query 'Were both Pietro Salini and Domenico Ravenna, born in the same place?': Error parsing raw response as candidate selection: Unable to parse structured payload: unterminated string literal (detected at line 2) (<unknown>, line 2).
INFO:src.hipporag.HippoRAG:Encoding 3 queries for query_to_passage.
WARNING:src.hipporag.rerank:Rerank parse failed on attempt 1 for query 'Who is the father-in-law of John Ernest, Duke Of Saxe-Eisenach?': Error parsing raw response as candidate selection: Unable to parse structured payload: unterminated string literal (detected at line 2) (<unknown>, line 2).
INFO:src.hipporag.HippoRAG:Encoding 1 queries for query_to_passage.
INFO:src.hipporag.HippoRAG:Encoding 1 queries for query_to_passage.
INFO:src.hipporag.HippoRAG:Encoding 1 queries for query_to_passage.
INFO:src.hipporag.HippoRAG:Encoding 2 queries for query_to_passage.
INFO:src.hipporag.HippoRAG:Encoding 1 queries for query_to_passage.
INFO:src.hipporag.HippoRAG:Encoding 1 queries for query_to_passage.
INFO:src.hipporag.HippoRAG:Encoding 1 queries for query_to_passage.
INFO:src.hipporag.HippoRAG:Encoding 1 queries for query_to_passage.
WARNING:src.hipporag.rerank:Rerank parse failed on attempt 1 for query 'Who is the child of the director of film Los Pagares De Mendieta?': Error parsing raw response as candidate selection: Unable to parse structured payload: unterminated string literal (detected at line 1) (<unknown>, line 1).
INFO:src.hipporag.HippoRAG:Encoding 2 queries for query_to_passage.
INFO:src.hipporag.HippoRAG:Encoding 1 queries for query_to_passage.
WARNING:src.hipporag.rerank:Rerank parse failed on attempt 1 for query 'Who lived longer, Hubert Mordek or Levon Ashotovich Grigorian?': Error parsing raw response as candidate selection: Unable to parse structured payload: unterminated string literal (detected at line 2) (<unknown>, line 2).
INFO:src.hipporag.HippoRAG:Encoding 2 queries for query_to_passage.
INFO:src.hipporag.HippoRAG:Encoding 2 queries for query_to_passage.
WARNING:src.hipporag.rerank:Rerank parse failed on attempt 1 for query 'Which country the composer of film Thunder On The Hill is from?': Error parsing raw response as candidate selection: Unable to parse structured payload: unterminated string literal (detected at line 2) (<unknown>, line 2).
INFO:src.hipporag.HippoRAG:Encoding 2 queries for query_to_passage.
INFO:src.hipporag.HippoRAG:Encoding 1 queries for query_to_passage.
INFO:src.hipporag.HippoRAG:Encoding 4 queries for query_to_passage.
INFO:src.hipporag.HippoRAG:Encoding 1 queries for query_to_passage.
WARNING:src.hipporag.rerank:Rerank parse failed on attempt 1 for query 'Who died earlier, Werner Mensching or Karel Zich?': Error parsing raw response as candidate selection: Unable to parse structured payload: unterminated string literal (detected at line 5) (<unknown>, line 5).
INFO:src.hipporag.HippoRAG:Encoding 3 queries for query_to_passage.
INFO:src.hipporag.HippoRAG:Encoding 1 queries for query_to_passage.
INFO:src.hipporag.HippoRAG:Encoding 1 queries for query_to_passage.
WARNING:src.hipporag.rerank:Rerank parse failed on attempt 1 for query "Where did Prince Ferdinand Of Bavaria's mother die?": Error parsing raw response as candidate selection: Unable to parse structured payload: unterminated string literal (detected at line 12) (<unknown>, line 12).
INFO:src.hipporag.HippoRAG:Encoding 1 queries for query_to_passage.
INFO:src.hipporag.HippoRAG:Encoding 1 queries for query_to_passage.
INFO:src.hipporag.HippoRAG:Encoding 1 queries for query_to_passage.
INFO:src.hipporag.HippoRAG:Encoding 1 queries for query_to_passage.
WARNING:src.hipporag.rerank:Rerank parse failed on attempt 1 for query 'Who is the child of the director of film An Event?': Error parsing raw response as candidate selection: Unable to parse structured payload: unterminated string literal (detected at line 2) (<unknown>, line 2).
INFO:src.hipporag.HippoRAG:Encoding 2 queries for query_to_passage.
WARNING:src.hipporag.rerank:Rerank parse failed on attempt 1 for query 'What nationality is the director of film Good People (Film)?': Error parsing raw response as candidate selection: Unable to parse structured payload: unterminated string literal (detected at line 2) (<unknown>, line 2).
INFO:src.hipporag.HippoRAG:Encoding 1 queries for query_to_passage.
INFO:src.hipporag.HippoRAG:Encoding 2 queries for query_to_passage.
WARNING:src.hipporag.rerank:Rerank parse failed on attempt 1 for query 'What is the place of birth of the director of film Fortunella (Film)?': Error parsing raw response as candidate selection: Unable to parse structured payload: unterminated string literal (detected at line 2) (<unknown>, line 2).
INFO:src.hipporag.HippoRAG:Encoding 1 queries for query_to_passage.
WARNING:src.hipporag.rerank:Rerank parse failed on attempt 1 for query 'Where was the husband of Joanna Elisabeth Of Holstein-Gottorp born?': Error parsing raw response as candidate selection: Unable to parse structured payload: unterminated string literal (detected at line 2) (<unknown>, line 2).
INFO:src.hipporag.HippoRAG:Encoding 2 queries for query_to_passage.
INFO:src.hipporag.HippoRAG:Encoding 1 queries for query_to_passage.
INFO:src.hipporag.HippoRAG:Encoding 1 queries for query_to_passage.
INFO:src.hipporag.HippoRAG:Encoding 1 queries for query_to_passage.
WARNING:src.hipporag.rerank:Rerank parse failed on attempt 1 for query "Where was the place of death of Abdul-Aziz Bin Muhammad's father?": Error parsing raw response as candidate selection: Unable to parse structured payload: unterminated string literal (detected at line 4) (<unknown>, line 4).
INFO:src.hipporag.HippoRAG:Encoding 2 queries for query_to_passage.
INFO:src.hipporag.HippoRAG:Encoding 1 queries for query_to_passage.
INFO:src.hipporag.HippoRAG:Encoding 1 queries for query_to_passage.
WARNING:src.hipporag.rerank:Rerank parse failed on attempt 1 for query 'Which film has the director who died later, Love, Honor And Oh-Baby! or I Cover The Underworld?': Error parsing raw response as candidate selection: Unable to parse structured payload: unterminated string literal (detected at line 2) (<unknown>, line 2).
INFO:src.hipporag.HippoRAG:Encoding 4 queries for query_to_passage.
INFO:src.hipporag.HippoRAG:Encoding 1 queries for query_to_passage.
INFO:src.hipporag.HippoRAG:Encoding 1 queries for query_to_passage.
INFO:src.hipporag.HippoRAG:Encoding 1 queries for query_to_passage.
WARNING:src.hipporag.rerank:Rerank parse failed on attempt 1 for query 'Are the movies Wizards Of The Lost Kingdom and Final Exam (1981 Film), from the same country?': Error parsing raw response as candidate selection: Unable to parse structured payload: unterminated string literal (detected at line 2) (<unknown>, line 2).
INFO:src.hipporag.HippoRAG:Encoding 2 queries for query_to_passage.
INFO:src.hipporag.HippoRAG:Encoding 3 queries for query_to_passage.
INFO:src.hipporag.HippoRAG:Encoding 2 queries for query_to_passage.
WARNING:src.hipporag.rerank:Rerank parse failed on attempt 1 for query 'Where did the director of film Dancing In The Rain (Film) die?': Error parsing raw response as candidate selection: Unable to parse structured payload: unterminated string literal (detected at line 4) (<unknown>, line 4).
INFO:src.hipporag.HippoRAG:Encoding 2 queries for query_to_passage.
INFO:src.hipporag.HippoRAG:Encoding 1 queries for query_to_passage.
WARNING:src.hipporag.rerank:Rerank parse failed on attempt 1 for query "Where did Saw Thanda's husband die?": Error parsing raw response as candidate selection: Unable to parse structured payload: unterminated string literal (detected at line 2) (<unknown>, line 2).
INFO:src.hipporag.HippoRAG:Encoding 1 queries for query_to_passage.
INFO:src.hipporag.HippoRAG:Encoding 2 queries for query_to_passage.
INFO:src.hipporag.HippoRAG:Encoding 4 queries for query_to_passage.
INFO:src.hipporag.HippoRAG:Encoding 1 queries for query_to_passage.
INFO:src.hipporag.HippoRAG:Encoding 4 queries for query_to_passage.
INFO:src.hipporag.HippoRAG:Encoding 1 queries for query_to_passage.
INFO:src.hipporag.HippoRAG:Encoding 1 queries for query_to_passage.
WARNING:src.hipporag.rerank:Rerank parse failed on attempt 1 for query 'Which film was released first, A Romance Of Seville or Pirates Of The Sky?': Error parsing raw response as candidate selection: Unable to parse structured payload: unterminated string literal (detected at line 2) (<unknown>, line 2).
INFO:src.hipporag.HippoRAG:Encoding 2 queries for query_to_passage.
INFO:src.hipporag.HippoRAG:Encoding 4 queries for query_to_passage.
INFO:src.hipporag.HippoRAG:Encoding 1 queries for query_to_passage.
WARNING:src.hipporag.rerank:Rerank parse failed on attempt 1 for query 'What nationality is the performer of song Am I Wrong (Étienne De Crécy Song)?': Error parsing raw response as candidate selection: Unable to parse structured payload: unterminated string literal (detected at line 2) (<unknown>, line 2).
INFO:src.hipporag.HippoRAG:Encoding 1 queries for query_to_passage.
INFO:src.hipporag.HippoRAG:Encoding 2 queries for query_to_passage.
INFO:src.hipporag.HippoRAG:Encoding 1 queries for query_to_passage.
WARNING:src.hipporag.rerank:Rerank parse failed on attempt 1 for query 'Who is the mother of the director of film Atomised (Film)?': Error parsing raw response as candidate selection: Unable to parse structured payload: unterminated string literal (detected at line 2) (<unknown>, line 2).
INFO:src.hipporag.HippoRAG:Encoding 2 queries for query_to_passage.
INFO:src.hipporag.HippoRAG:Encoding 1 queries for query_to_passage.
INFO:src.hipporag.HippoRAG:Encoding 3 queries for query_to_passage.
WARNING:src.hipporag.rerank:Rerank parse failed on attempt 1 for query "What is the date of birth of Henry I Of Ziębice's father?": Error parsing raw response as candidate selection: Unable to parse structured payload: unterminated string literal (detected at line 4) (<unknown>, line 4).
INFO:src.hipporag.HippoRAG:Encoding 2 queries for query_to_passage.
INFO:src.hipporag.HippoRAG:Encoding 1 queries for query_to_passage.
INFO:src.hipporag.HippoRAG:Encoding 1 queries for query_to_passage.
INFO:src.hipporag.HippoRAG:Encoding 2 queries for query_to_passage.
INFO:src.hipporag.HippoRAG:Encoding 3 queries for query_to_passage.
WARNING:src.hipporag.rerank:Rerank parse failed on attempt 1 for query 'Where was the composer of song Back In The U.S.A. born?': Error parsing raw response as candidate selection: Unable to parse structured payload: unterminated string literal (detected at line 2) (<unknown>, line 2).
INFO:src.hipporag.HippoRAG:Encoding 1 queries for query_to_passage.
INFO:src.hipporag.HippoRAG:Encoding 1 queries for query_to_passage.
INFO:src.hipporag.HippoRAG:Encoding 1 queries for query_to_passage.
WARNING:src.hipporag.rerank:Rerank parse failed on attempt 1 for query 'Who is older, Cheryl Saban or Dmitry Grigorieff?': Error parsing raw response as candidate selection: Unable to parse structured payload: unterminated string literal (detected at line 2) (<unknown>, line 2).
INFO:src.hipporag.HippoRAG:Encoding 3 queries for query_to_passage.
INFO:src.hipporag.HippoRAG:Encoding 1 queries for query_to_passage.
WARNING:src.hipporag.rerank:Rerank parse failed on attempt 1 for query 'Which film has the director who was born later, The First Day Of Freedom or Malabimba – The Malicious Whore?': Error parsing raw response as candidate selection: Unable to parse structured payload: unterminated string literal (detected at line 2) (<unknown>, line 2).
INFO:src.hipporag.HippoRAG:Encoding 4 queries for query_to_passage.
INFO:src.hipporag.HippoRAG:Encoding 1 queries for query_to_passage.
INFO:src.hipporag.HippoRAG:Encoding 1 queries for query_to_passage.
INFO:src.hipporag.HippoRAG:Encoding 3 queries for query_to_passage.
WARNING:src.hipporag.rerank:Rerank parse failed on attempt 1 for query "Who is Sibyl Hathaway's child-in-law?": Error parsing raw response as candidate selection: Unable to parse structured payload: unterminated string literal (detected at line 6) (<unknown>, line 6).
INFO:src.hipporag.HippoRAG:Encoding 2 queries for query_to_passage.
WARNING:src.hipporag.rerank:Rerank parse failed on attempt 1 for query 'Which film has the director born first, Sins Of Madeleine or Captain Apache?': Error parsing raw response as candidate selection: Unable to parse structured payload: unterminated string literal (detected at line 2) (<unknown>, line 2).
INFO:src.hipporag.HippoRAG:Encoding 3 queries for query_to_passage.
INFO:src.hipporag.HippoRAG:Encoding 1 queries for query_to_passage.
INFO:src.hipporag.HippoRAG:Encoding 3 queries for query_to_passage.
INFO:src.hipporag.HippoRAG:Encoding 1 queries for query_to_passage.
INFO:src.hipporag.HippoRAG:Encoding 1 queries for query_to_passage.
INFO:src.hipporag.HippoRAG:Encoding 1 queries for query_to_passage.
INFO:src.hipporag.HippoRAG:Encoding 1 queries for query_to_passage.
INFO:src.hipporag.HippoRAG:Encoding 1 queries for query_to_passage.
WARNING:src.hipporag.rerank:Rerank parse failed on attempt 1 for query 'Where was the director of film The Outlaw Express born?': Error parsing raw response as candidate selection: Unable to parse structured payload: unterminated string literal (detected at line 4) (<unknown>, line 4).
INFO:src.hipporag.HippoRAG:Encoding 1 queries for query_to_passage.
INFO:src.hipporag.HippoRAG:Encoding 1 queries for query_to_passage.
WARNING:src.hipporag.rerank:Rerank parse failed on attempt 1 for query 'Which film has the director who died later, 45 Calibre Echo or Bons Baisers De Hong Kong?': Error parsing raw response as candidate selection: Unable to parse structured payload: invalid syntax (<unknown>, line 1).
INFO:src.hipporag.HippoRAG:Encoding 4 queries for query_to_passage.
INFO:src.hipporag.HippoRAG:Encoding 1 queries for query_to_passage.
WARNING:src.hipporag.rerank:Rerank parse failed on attempt 1 for query "What nationality is Lamprocles's father?": Error parsing raw response as candidate selection: Unable to parse structured payload: unterminated string literal (detected at line 1) (<unknown>, line 1).
INFO:src.hipporag.HippoRAG:Encoding 1 queries for query_to_passage.
INFO:src.hipporag.HippoRAG:Encoding 1 queries for query_to_passage.
INFO:src.hipporag.HippoRAG:Encoding 2 queries for query_to_passage.
INFO:src.hipporag.HippoRAG:Encoding 4 queries for query_to_passage.
WARNING:src.hipporag.rerank:Rerank parse failed on attempt 1 for query "Which film has the director born first, Mord Em'Ly or Ek Hi Bhool (1940 Film)?": Error parsing raw response as candidate selection: Unable to parse structured payload: unterminated string literal (detected at line 2) (<unknown>, line 2).
INFO:src.hipporag.HippoRAG:Encoding 4 queries for query_to_passage.
INFO:src.hipporag.HippoRAG:Encoding 1 queries for query_to_passage.
INFO:src.hipporag.HippoRAG:Encoding 1 queries for query_to_passage.
INFO:src.hipporag.HippoRAG:Encoding 1 queries for query_to_passage.
WARNING:src.hipporag.rerank:Rerank parse failed on attempt 1 for query 'Which film has the director born earlier, The Korean Wedding Chest or True To The Navy?': Error parsing raw response as candidate selection: Unable to parse structured payload: unterminated string literal (detected at line 2) (<unknown>, line 2).
INFO:src.hipporag.HippoRAG:Encoding 4 queries for query_to_passage.
INFO:src.hipporag.HippoRAG:Encoding 1 queries for query_to_passage.
WARNING:src.hipporag.rerank:Rerank parse failed on attempt 1 for query "Who is Marianus V Of Arborea's mother?": Error parsing raw response as candidate selection: Unable to parse structured payload: unterminated string literal (detected at line 4) (<unknown>, line 4).
INFO:src.hipporag.HippoRAG:Encoding 1 queries for query_to_passage.
INFO:src.hipporag.HippoRAG:Encoding 2 queries for query_to_passage.
INFO:src.hipporag.HippoRAG:Encoding 1 queries for query_to_passage.
INFO:src.hipporag.HippoRAG:Encoding 1 queries for query_to_passage.
WARNING:src.hipporag.rerank:Rerank parse failed on attempt 1 for query 'Which film has the director who was born later, Felices 140 or Dr. Who And The Daleks?': Error parsing raw response as candidate selection: Unable to parse structured payload: unterminated string literal (detected at line 2) (<unknown>, line 2).
INFO:src.hipporag.HippoRAG:Encoding 4 queries for query_to_passage.
INFO:src.hipporag.HippoRAG:Encoding 1 queries for query_to_passage.
INFO:src.hipporag.HippoRAG:Encoding 1 queries for query_to_passage.
INFO:src.hipporag.HippoRAG:Encoding 1 queries for query_to_passage.
INFO:src.hipporag.HippoRAG:Encoding 1 queries for query_to_passage.
INFO:src.hipporag.HippoRAG:Encoding 2 queries for query_to_passage.
INFO:src.hipporag.HippoRAG:Encoding 2 queries for query_to_passage.
INFO:src.hipporag.HippoRAG:Encoding 1 queries for query_to_passage.
INFO:src.hipporag.HippoRAG:Encoding 1 queries for query_to_passage.
INFO:src.hipporag.HippoRAG:Encoding 1 queries for query_to_passage.
INFO:src.hipporag.HippoRAG:Encoding 1 queries for query_to_passage.
INFO:src.hipporag.HippoRAG:Encoding 1 queries for query_to_passage.
INFO:src.hipporag.HippoRAG:Encoding 1 queries for query_to_passage.
WARNING:src.hipporag.rerank:Rerank parse failed on attempt 1 for query "Who is Colgú Mac Faílbe Flaind's uncle?": Error parsing raw response as candidate selection: Unable to parse structured payload: unterminated string literal (detected at line 4) (<unknown>, line 4).
INFO:src.hipporag.HippoRAG:Encoding 4 queries for query_to_passage.
INFO:src.hipporag.HippoRAG:Encoding 1 queries for query_to_passage.
INFO:src.hipporag.HippoRAG:Encoding 1 queries for query_to_passage.
INFO:src.hipporag.HippoRAG:Encoding 1 queries for query_to_passage.
INFO:src.hipporag.HippoRAG:Encoding 2 queries for query_to_passage.
INFO:src.hipporag.HippoRAG:Encoding 1 queries for query_to_passage.
WARNING:src.hipporag.rerank:Rerank parse failed on attempt 1 for query 'Where was the founder of magazine Track & Field News born?': Error parsing raw response as candidate selection: Unable to parse structured payload: unterminated string literal (detected at line 2) (<unknown>, line 2).
INFO:src.hipporag.HippoRAG:Encoding 1 queries for query_to_passage.
INFO:src.hipporag.HippoRAG:Encoding 2 queries for query_to_passage.
INFO:src.hipporag.HippoRAG:Encoding 1 queries for query_to_passage.
WARNING:src.hipporag.rerank:Rerank parse failed on attempt 1 for query "What is the date of death of Alfonso Pérez De Guzmán, 5Th Duke Of Medina Sidonia's father?": Error parsing raw response as candidate selection: Unable to parse structured payload: invalid decimal literal (<unknown>, line 6).
INFO:src.hipporag.HippoRAG:Encoding 2 queries for query_to_passage.
INFO:src.hipporag.HippoRAG:Encoding 1 queries for query_to_passage.
INFO:src.hipporag.HippoRAG:Encoding 1 queries for query_to_passage.
INFO:src.hipporag.HippoRAG:Encoding 1 queries for query_to_passage.
WARNING:src.hipporag.rerank:Rerank parse failed on attempt 1 for query 'Which film has the director who is older than the other, The Lone Prairie or Buckaroo From Powder River?': Error parsing raw response as candidate selection: Unable to parse structured payload: unterminated string literal (detected at line 2) (<unknown>, line 2).
INFO:httpx:HTTP Request: POST http://localhost:8041/v1/chat/completions "HTTP/1.1 200 OK"
INFO:src.hipporag.HippoRAG:Encoding 4 queries for query_to_passage.
INFO:src.hipporag.HippoRAG:Encoding 1 queries for query_to_passage.
INFO:src.hipporag.HippoRAG:Encoding 1 queries for query_to_passage.
INFO:src.hipporag.HippoRAG:Encoding 1 queries for query_to_passage.
INFO:src.hipporag.HippoRAG:Encoding 1 queries for query_to_passage.
WARNING:src.hipporag.rerank:Rerank parse failed on attempt 1 for query 'Which film has the director who was born earlier, César And Rosalie or Beatrice (1987 Film)?': Error parsing raw response as candidate selection: Unable to parse structured payload: unterminated string literal (detected at line 2) (<unknown>, line 2).
INFO:src.hipporag.HippoRAG:Encoding 4 queries for query_to_passage.
INFO:src.hipporag.HippoRAG:Encoding 1 queries for query_to_passage.
INFO:src.hipporag.HippoRAG:Encoding 1 queries for query_to_passage.
WARNING:src.hipporag.rerank:Rerank parse failed on attempt 1 for query 'Are Wiqu (Lima) and Qillqa (Melgar) both located in the same country?': Error parsing raw response as candidate selection: Unable to parse structured payload: unterminated string literal (detected at line 17) (<unknown>, line 17).
INFO:src.hipporag.HippoRAG:Encoding 2 queries for query_to_passage.
INFO:src.hipporag.HippoRAG:Encoding 1 queries for query_to_passage.
WARNING:src.hipporag.rerank:Rerank parse failed on attempt 1 for query 'Which film has the director died later, The Glass Wall or Where Does It Hurt??': Error parsing raw response as candidate selection: Unable to parse structured payload: unterminated string literal (detected at line 2) (<unknown>, line 2).
INFO:src.hipporag.HippoRAG:Encoding 4 queries for query_to_passage.
WARNING:src.hipporag.rerank:Rerank parse failed on attempt 1 for query "What is the date of death of Hermann Ii, Landgrave Of Hesse's father?": Error parsing raw response as candidate selection: Unable to parse structured payload: unterminated string literal (detected at line 2) (<unknown>, line 2).
INFO:src.hipporag.HippoRAG:Encoding 1 queries for query_to_passage.
INFO:src.hipporag.HippoRAG:Encoding 1 queries for query_to_passage.
INFO:src.hipporag.HippoRAG:Encoding 2 queries for query_to_passage.
INFO:src.hipporag.HippoRAG:Encoding 1 queries for query_to_passage.
WARNING:src.hipporag.rerank:Rerank parse failed on attempt 1 for query "When is Napier Sturt, 3Rd Baron Alington's father's birthday?": Error parsing raw response as candidate selection: Unable to parse structured payload: invalid decimal literal (<unknown>, line 6).
INFO:src.hipporag.HippoRAG:Encoding 2 queries for query_to_passage.
INFO:src.hipporag.HippoRAG:Encoding 1 queries for query_to_passage.
INFO:src.hipporag.HippoRAG:Encoding 1 queries for query_to_passage.
WARNING:src.hipporag.rerank:Rerank parse failed on attempt 1 for query 'Which film has the director who is older, Amira & Sam or Fat Man And Little Boy?': Error parsing raw response as candidate selection: Unable to parse structured payload: unterminated string literal (detected at line 2) (<unknown>, line 2).
INFO:src.hipporag.HippoRAG:Encoding 4 queries for query_to_passage.
INFO:src.hipporag.HippoRAG:Encoding 1 queries for query_to_passage.
WARNING:src.hipporag.rerank:Rerank parse failed on attempt 1 for query "What is the place of birth of the director of film Peter'S Friends?": Error parsing raw response as candidate selection: Unable to parse structured payload: unterminated string literal (detected at line 2) (<unknown>, line 2).
INFO:src.hipporag.HippoRAG:Encoding 1 queries for query_to_passage.
INFO:src.hipporag.HippoRAG:Encoding 2 queries for query_to_passage.
INFO:src.hipporag.HippoRAG:Encoding 1 queries for query_to_passage.
WARNING:src.hipporag.rerank:Rerank parse failed on attempt 1 for query "Which film has the director who died first, Haiducii (Film) or My Wife'S Best Friend?": Error parsing raw response as candidate selection: Unable to parse structured payload: unterminated string literal (detected at line 2) (<unknown>, line 2).
INFO:src.hipporag.HippoRAG:Encoding 4 queries for query_to_passage.
INFO:src.hipporag.HippoRAG:Encoding 1 queries for query_to_passage.
INFO:src.hipporag.HippoRAG:Encoding 1 queries for query_to_passage.
INFO:src.hipporag.HippoRAG:Encoding 1 queries for query_to_passage.
WARNING:src.hipporag.rerank:Rerank parse failed on attempt 1 for query 'What nationality is the composer of song Make The World Move?': Error parsing raw response as candidate selection: Unable to parse structured payload: unterminated string literal (detected at line 2) (<unknown>, line 2).
INFO:src.hipporag.HippoRAG:Encoding 2 queries for query_to_passage.
INFO:src.hipporag.HippoRAG:Encoding 1 queries for query_to_passage.
WARNING:src.hipporag.rerank:Rerank parse failed on attempt 1 for query 'Where was the place of death of the director of film The Notorious Miss Lisle?': Error parsing raw response as candidate selection: Unable to parse structured payload: unterminated string literal (detected at line 1) (<unknown>, line 1).
INFO:src.hipporag.HippoRAG:Encoding 1 queries for query_to_passage.
WARNING:src.hipporag.rerank:Rerank parse failed on attempt 1 for query 'Which film whose director was born first, Last Tango In Paris or Beasts Of Prey?': Error parsing raw response as candidate selection: Unable to parse structured payload: unterminated string literal (detected at line 9) (<unknown>, line 9).
INFO:src.hipporag.HippoRAG:Encoding 4 queries for query_to_passage.
INFO:src.hipporag.HippoRAG:Encoding 1 queries for query_to_passage.
INFO:src.hipporag.HippoRAG:Encoding 1 queries for query_to_passage.
WARNING:src.hipporag.rerank:Rerank parse failed on attempt 1 for query 'Who is the paternal grandfather of Dui Finn?': Error parsing raw response as candidate selection: Unable to parse structured payload: unterminated string literal (detected at line 6) (<unknown>, line 6).
INFO:src.hipporag.HippoRAG:Encoding 2 queries for query_to_passage.
INFO:src.hipporag.HippoRAG:Encoding 1 queries for query_to_passage.
INFO:src.hipporag.HippoRAG:Encoding 2 queries for query_to_passage.
INFO:src.hipporag.HippoRAG:Encoding 3 queries for query_to_passage.
INFO:src.hipporag.HippoRAG:Encoding 1 queries for query_to_passage.
WARNING:src.hipporag.rerank:Rerank parse failed on attempt 1 for query "What is the place of birth of Princess Maria Of Greece And Denmark's mother?": Error parsing raw response as candidate selection: Unable to parse structured payload: unterminated string literal (detected at line 6) (<unknown>, line 6).
INFO:src.hipporag.HippoRAG:Encoding 1 queries for query_to_passage.
INFO:src.hipporag.HippoRAG:Encoding 1 queries for query_to_passage.
INFO:src.hipporag.HippoRAG:Encoding 1 queries for query_to_passage.
WARNING:src.hipporag.rerank:Rerank parse failed on attempt 1 for query 'Which film has the director died first, I Like Only You or Brother Rat?': Error parsing raw response as candidate selection: Unable to parse structured payload: unterminated string literal (detected at line 2) (<unknown>, line 2).
INFO:src.hipporag.HippoRAG:Encoding 4 queries for query_to_passage.
INFO:src.hipporag.HippoRAG:Encoding 1 queries for query_to_passage.
WARNING:src.hipporag.rerank:Rerank parse failed on attempt 1 for query "Who is Princess Mafalda Of Savoy's maternal grandmother?": Error parsing raw response as candidate selection: Unable to parse structured payload: unterminated string literal (detected at line 4) (<unknown>, line 4).
INFO:src.hipporag.HippoRAG:Encoding 2 queries for query_to_passage.
INFO:src.hipporag.HippoRAG:Encoding 1 queries for query_to_passage.
INFO:src.hipporag.HippoRAG:Encoding 1 queries for query_to_passage.
INFO:src.hipporag.HippoRAG:Encoding 1 queries for query_to_passage.
INFO:src.hipporag.HippoRAG:Encoding 1 queries for query_to_passage.
INFO:src.hipporag.HippoRAG:Encoding 3 queries for query_to_passage.
WARNING:src.hipporag.rerank:Rerank parse failed on attempt 1 for query 'Who was born later, Vincenzo Lapuma or Sy Kattelson?': Error parsing raw response as candidate selection: Unable to parse structured payload: unterminated string literal (detected at line 2) (<unknown>, line 2).
INFO:src.hipporag.HippoRAG:Encoding 3 queries for query_to_passage.
WARNING:src.hipporag.rerank:Rerank parse failed on attempt 1 for query 'Which film whose director was born first, Broadway Or Bust or Ballad Of Tara?': Error parsing raw response as candidate selection: Unable to parse structured payload: unterminated string literal (detected at line 2) (<unknown>, line 2).
INFO:src.hipporag.HippoRAG:Encoding 4 queries for query_to_passage.
INFO:src.hipporag.HippoRAG:Encoding 1 queries for query_to_passage.
WARNING:src.hipporag.rerank:Rerank parse failed on attempt 1 for query "Who is William Ii, Count Of Flanders's paternal grandmother?": Error parsing raw response as candidate selection: Unable to parse structured payload: unterminated string literal (detected at line 2) (<unknown>, line 2).
INFO:src.hipporag.HippoRAG:Encoding 3 queries for query_to_passage.
INFO:src.hipporag.HippoRAG:Encoding 1 queries for query_to_passage.
INFO:src.hipporag.HippoRAG:Encoding 1 queries for query_to_passage.
INFO:src.hipporag.HippoRAG:Encoding 1 queries for query_to_passage.
INFO:src.hipporag.HippoRAG:Encoding 1 queries for query_to_passage.
INFO:src.hipporag.HippoRAG:Encoding 2 queries for query_to_passage.
WARNING:src.hipporag.rerank:Rerank parse failed on attempt 1 for query "When did Princess Rodam Of Kartli's husband die?": Error parsing raw response as candidate selection: Unable to parse structured payload: unterminated string literal (detected at line 4) (<unknown>, line 4).
INFO:src.hipporag.HippoRAG:Encoding 1 queries for query_to_passage.
INFO:src.hipporag.HippoRAG:Encoding 1 queries for query_to_passage.
INFO:src.hipporag.HippoRAG:Encoding 1 queries for query_to_passage.
INFO:src.hipporag.HippoRAG:Encoding 3 queries for query_to_passage.
INFO:src.hipporag.HippoRAG:Encoding 4 queries for query_to_passage.
INFO:src.hipporag.HippoRAG:Encoding 1 queries for query_to_passage.
INFO:src.hipporag.HippoRAG:Encoding 1 queries for query_to_passage.
INFO:src.hipporag.HippoRAG:Encoding 1 queries for query_to_passage.
INFO:src.hipporag.HippoRAG:Encoding 1 queries for query_to_passage.
INFO:src.hipporag.HippoRAG:Encoding 3 queries for query_to_passage.
WARNING:src.hipporag.rerank:Rerank parse failed on attempt 1 for query 'Who is younger, Denise Kandel or Bruce Robinson?': Error parsing raw response as candidate selection: Unable to parse structured payload: unterminated string literal (detected at line 3) (<unknown>, line 3).
INFO:src.hipporag.HippoRAG:Encoding 3 queries for query_to_passage.
WARNING:src.hipporag.rerank:Rerank parse failed on attempt 1 for query 'Which film has the director who is older than the other, Goopy Gyne Bagha Byne or Halloween Kills?': Error parsing raw response as candidate selection: Unable to parse structured payload: unterminated string literal (detected at line 2) (<unknown>, line 2).
INFO:httpx:HTTP Request: POST http://localhost:8041/v1/chat/completions "HTTP/1.1 200 OK"
INFO:src.hipporag.HippoRAG:Encoding 4 queries for query_to_passage.
INFO:src.hipporag.HippoRAG:Encoding 1 queries for query_to_passage.
INFO:src.hipporag.HippoRAG:Encoding 1 queries for query_to_passage.
INFO:src.hipporag.HippoRAG:Encoding 1 queries for query_to_passage.
INFO:src.hipporag.HippoRAG:Encoding 1 queries for query_to_passage.
WARNING:src.hipporag.rerank:Rerank parse failed on attempt 1 for query "Where was the place of death of Sancha Of Castile, Queen Of Navarre's mother?": Error parsing raw response as candidate selection: Unable to parse structured payload: invalid character '—' (U+2014) (<unknown>, line 2).
INFO:src.hipporag.HippoRAG:Encoding 2 queries for query_to_passage.
INFO:src.hipporag.HippoRAG:Encoding 1 queries for query_to_passage.
WARNING:src.hipporag.rerank:Rerank parse failed on attempt 1 for query "What nationality is Hypsicratea's husband?": Error parsing raw response as candidate selection: Unable to parse structured payload: unterminated string literal (detected at line 4) (<unknown>, line 4).
INFO:src.hipporag.HippoRAG:Encoding 1 queries for query_to_passage.
WARNING:src.hipporag.rerank:Rerank parse failed on attempt 1 for query 'Who is the father of the director of film Power Of Women (Film)?': Error parsing raw response as candidate selection: Unable to parse structured payload: unterminated string literal (detected at line 2) (<unknown>, line 2).
INFO:src.hipporag.HippoRAG:Encoding 1 queries for query_to_passage.
WARNING:src.hipporag.rerank:Rerank parse failed on attempt 1 for query "Who is Margaret Of Baux's father-in-law?": Error parsing raw response as candidate selection: Unable to parse structured payload: unterminated string literal (detected at line 4) (<unknown>, line 4).
INFO:src.hipporag.HippoRAG:Encoding 3 queries for query_to_passage.
INFO:src.hipporag.HippoRAG:Encoding 1 queries for query_to_passage.
WARNING:src.hipporag.rerank:Rerank parse failed on attempt 1 for query "Which country Lucius Antonius (Grandson Of Mark Antony)'s father is from?": Error parsing raw response as candidate selection: Unable to parse structured payload: unterminated string literal (detected at line 2) (<unknown>, line 2).
INFO:src.hipporag.HippoRAG:Encoding 2 queries for query_to_passage.
INFO:src.hipporag.HippoRAG:Encoding 1 queries for query_to_passage.
INFO:src.hipporag.HippoRAG:Encoding 1 queries for query_to_passage.
WARNING:src.hipporag.rerank:Rerank parse failed on attempt 1 for query 'Which film whose director is younger, Forbidden Ground or Free Guy?': Error parsing raw response as candidate selection: Unable to parse structured payload: unterminated string literal (detected at line 2) (<unknown>, line 2).
INFO:src.hipporag.HippoRAG:Encoding 4 queries for query_to_passage.
INFO:src.hipporag.HippoRAG:Encoding 1 queries for query_to_passage.
INFO:src.hipporag.HippoRAG:Encoding 1 queries for query_to_passage.
INFO:src.hipporag.HippoRAG:Encoding 1 queries for query_to_passage.
WARNING:src.hipporag.rerank:Rerank parse failed on attempt 1 for query "Where was the place of burial of Osthryth's father?": Error parsing raw response as candidate selection: Unable to parse structured payload: unterminated string literal (detected at line 4) (<unknown>, line 4).
INFO:src.hipporag.HippoRAG:Encoding 2 queries for query_to_passage.
INFO:src.hipporag.HippoRAG:Encoding 1 queries for query_to_passage.
WARNING:src.hipporag.rerank:Rerank parse failed on attempt 1 for query "Which magazine came out first, Entertain Magazine or Woman'S Century?": Error parsing raw response as candidate selection: Unable to parse structured payload: unterminated string literal (detected at line 8) (<unknown>, line 8).
INFO:src.hipporag.HippoRAG:Encoding 3 queries for query_to_passage.
WARNING:src.hipporag.rerank:Rerank parse failed on attempt 1 for query 'Who is the stepmother of Sara Ali Khan?': Error parsing raw response as candidate selection: Unable to parse structured payload: unterminated string literal (detected at line 2) (<unknown>, line 2).
INFO:src.hipporag.HippoRAG:Encoding 2 queries for query_to_passage.
INFO:src.hipporag.HippoRAG:Encoding 1 queries for query_to_passage.
INFO:src.hipporag.HippoRAG:Encoding 1 queries for query_to_passage.
WARNING:src.hipporag.rerank:Rerank parse failed on attempt 1 for query "Which film whose director is younger, Before The Bat'S Flight Is Done or Agar Tum Na Hote?": Error parsing raw response as candidate selection: Unable to parse structured payload: unterminated string literal (detected at line 2) (<unknown>, line 2).
INFO:src.hipporag.HippoRAG:Encoding 4 queries for query_to_passage.
INFO:src.hipporag.HippoRAG:Encoding 1 queries for query_to_passage.
INFO:src.hipporag.HippoRAG:Encoding 1 queries for query_to_passage.
WARNING:src.hipporag.rerank:Rerank parse failed on attempt 1 for query 'Which film was released earlier, Powerful: Energy For Everyone or Scaregivers?': Error parsing raw response as candidate selection: Unable to parse structured payload: unterminated string literal (detected at line 2) (<unknown>, line 2).
INFO:src.hipporag.HippoRAG:Encoding 3 queries for query_to_passage.
INFO:src.hipporag.HippoRAG:Encoding 3 queries for query_to_passage.
WARNING:src.hipporag.rerank:Rerank parse failed on attempt 1 for query "Who is Marie Zéphyrine Of France's paternal grandmother?": Error parsing raw response as candidate selection: Unable to parse structured payload: unterminated string literal (detected at line 4) (<unknown>, line 4).
INFO:src.hipporag.HippoRAG:Encoding 3 queries for query_to_passage.
INFO:src.hipporag.HippoRAG:Encoding 1 queries for query_to_passage.
INFO:src.hipporag.HippoRAG:Encoding 1 queries for query_to_passage.
INFO:src.hipporag.HippoRAG:Encoding 1 queries for query_to_passage.
WARNING:src.hipporag.rerank:Rerank parse failed on attempt 1 for query 'Who is the paternal grandfather of Anna Dorothea, Abbess Of Quedlinburg?': Error parsing raw response as candidate selection: Unable to parse structured payload: unterminated string literal (detected at line 2) (<unknown>, line 2).
INFO:src.hipporag.HippoRAG:Encoding 1 queries for query_to_passage.
WARNING:src.hipporag.rerank:Rerank parse failed on attempt 1 for query "When did Conall Mac Comgaill's father die?": Error parsing raw response as candidate selection: Unable to parse structured payload: unterminated string literal (detected at line 2) (<unknown>, line 2).
INFO:src.hipporag.HippoRAG:Encoding 1 queries for query_to_passage.
INFO:src.hipporag.HippoRAG:Encoding 1 queries for query_to_passage.
INFO:src.hipporag.HippoRAG:Encoding 1 queries for query_to_passage.
WARNING:src.hipporag.rerank:Rerank parse failed on attempt 1 for query 'Who is the spouse of the director of film The Glass Boat?': Error parsing raw response as candidate selection: Unable to parse structured payload: unterminated string literal (detected at line 2) (<unknown>, line 2).
INFO:src.hipporag.HippoRAG:Encoding 1 queries for query_to_passage.
INFO:src.hipporag.HippoRAG:Encoding 1 queries for query_to_passage.
WARNING:src.hipporag.rerank:Rerank parse failed on attempt 1 for query 'Who is younger, Jan Britstra or Leonas Milčius?': Error parsing raw response as candidate selection: Unable to parse structured payload: invalid syntax (<unknown>, line 1).
INFO:src.hipporag.HippoRAG:Encoding 2 queries for query_to_passage.
WARNING:src.hipporag.rerank:Rerank parse failed on attempt 1 for query "Where was the place of death of Humphrey Stafford, Earl Of Stafford's father?": Error parsing raw response as candidate selection: Unable to parse structured payload: invalid decimal literal (<unknown>, line 2).
INFO:src.hipporag.HippoRAG:Encoding 1 queries for query_to_passage.
INFO:src.hipporag.HippoRAG:Encoding 1 queries for query_to_passage.
INFO:src.hipporag.HippoRAG:Encoding 1 queries for query_to_passage.
INFO:src.hipporag.HippoRAG:Encoding 3 queries for query_to_passage.
INFO:src.hipporag.HippoRAG:Encoding 1 queries for query_to_passage.
WARNING:src.hipporag.rerank:Rerank parse failed on attempt 1 for query "Which country Al-Mu'Tasim's father is from?": Error parsing raw response as candidate selection: Unable to parse structured payload: unterminated string literal (detected at line 2) (<unknown>, line 2).
INFO:src.hipporag.HippoRAG:Encoding 2 queries for query_to_passage.
INFO:src.hipporag.HippoRAG:Encoding 1 queries for query_to_passage.
INFO:src.hipporag.HippoRAG:Encoding 1 queries for query_to_passage.
INFO:src.hipporag.HippoRAG:Encoding 1 queries for query_to_passage.
WARNING:src.hipporag.rerank:Rerank parse failed on attempt 1 for query 'Who did Joan Ramon Ii, Count Of Cardona marry?': Error parsing raw response as candidate selection: Unable to parse structured payload: unterminated string literal (detected at line 2) (<unknown>, line 2).
INFO:src.hipporag.HippoRAG:Encoding 1 queries for query_to_passage.
WARNING:src.hipporag.rerank:Rerank parse failed on attempt 1 for query 'Which film has the director born earlier, The Planet Of Junior Brown or A Yank In The R.A.F.?': Error parsing raw response as candidate selection: Unable to parse structured payload: unterminated string literal (detected at line 2) (<unknown>, line 2).
INFO:src.hipporag.HippoRAG:Encoding 4 queries for query_to_passage.
INFO:src.hipporag.HippoRAG:Encoding 2 queries for query_to_passage.
INFO:src.hipporag.HippoRAG:Encoding 1 queries for query_to_passage.
WARNING:src.hipporag.rerank:Rerank parse failed on attempt 1 for query 'Who is the father-in-law of Ermengarde Of Hesbaye?': Error parsing raw response as candidate selection: Unable to parse structured payload: unterminated string literal (detected at line 2) (<unknown>, line 2).
INFO:src.hipporag.HippoRAG:Encoding 2 queries for query_to_passage.
INFO:src.hipporag.HippoRAG:Encoding 1 queries for query_to_passage.
WARNING:src.hipporag.rerank:Rerank parse failed on attempt 1 for query 'Which film was released earlier, Dreamville Presents: Revenge or One More Time With Feeling?': Error parsing raw response as candidate selection: Unable to parse structured payload: unterminated string literal (detected at line 2) (<unknown>, line 2).
INFO:src.hipporag.HippoRAG:Encoding 2 queries for query_to_passage.
WARNING:src.hipporag.rerank:Rerank parse failed on attempt 1 for query "Which film has the director born first, Mutiny (1952 Film) or The Eagle'S Feather?": Error parsing raw response as candidate selection: Unable to parse structured payload: unterminated string literal (detected at line 2) (<unknown>, line 2).
INFO:src.hipporag.HippoRAG:Encoding 4 queries for query_to_passage.
INFO:src.hipporag.HippoRAG:Encoding 1 queries for query_to_passage.
INFO:src.hipporag.HippoRAG:Encoding 1 queries for query_to_passage.
WARNING:src.hipporag.rerank:Rerank parse failed on attempt 1 for query 'Do both films The Umbrella Coup and The Cow And I have the directors that share the same nationality?': Error parsing raw response as candidate selection: Unable to parse structured payload: unterminated string literal (detected at line 2) (<unknown>, line 2).
INFO:src.hipporag.HippoRAG:Encoding 4 queries for query_to_passage.
INFO:src.hipporag.HippoRAG:Encoding 1 queries for query_to_passage.
WARNING:src.hipporag.rerank:Rerank parse failed on attempt 1 for query "Which film has the director who died later, Hotel Paradis or Devil'S Doorway?": Error parsing raw response as candidate selection: Unable to parse structured payload: unterminated string literal (detected at line 2) (<unknown>, line 2).
INFO:src.hipporag.HippoRAG:Encoding 4 queries for query_to_passage.
INFO:src.hipporag.HippoRAG:Encoding 1 queries for query_to_passage.
INFO:src.hipporag.HippoRAG:Encoding 1 queries for query_to_passage.
INFO:src.hipporag.HippoRAG:Encoding 1 queries for query_to_passage.
WARNING:src.hipporag.rerank:Rerank parse failed on attempt 1 for query 'Who is the paternal grandmother of Sigrid Of Sweden (1566–1633)?': Error parsing raw response as candidate selection: Unable to parse structured payload: unterminated string literal (detected at line 2) (<unknown>, line 2).
INFO:src.hipporag.HippoRAG:Encoding 2 queries for query_to_passage.
INFO:src.hipporag.HippoRAG:Encoding 1 queries for query_to_passage.
INFO:src.hipporag.HippoRAG:Encoding 1 queries for query_to_passage.
INFO:src.hipporag.HippoRAG:Encoding 4 queries for query_to_passage.
INFO:src.hipporag.HippoRAG:Encoding 1 queries for query_to_passage.
WARNING:src.hipporag.rerank:Rerank parse failed on attempt 1 for query 'Where was the wife of Adam Włodek born?': Error parsing raw response as candidate selection: Unable to parse structured payload: unterminated string literal (detected at line 4) (<unknown>, line 4).
INFO:src.hipporag.HippoRAG:Encoding 1 queries for query_to_passage.
INFO:src.hipporag.HippoRAG:Encoding 1 queries for query_to_passage.
WARNING:src.hipporag.rerank:Rerank parse failed on attempt 1 for query "Which film was released first, Ryan'S Daughter or A Day At The Museum?": Error parsing raw response as candidate selection: Unable to parse structured payload: unterminated string literal (detected at line 2) (<unknown>, line 2).
INFO:src.hipporag.HippoRAG:Encoding 2 queries for query_to_passage.
WARNING:src.hipporag.rerank:Rerank parse failed on attempt 1 for query "Who is Karl Von Habsburg's paternal grandmother?": Error parsing raw response as candidate selection: Unable to parse structured payload: unterminated string literal (detected at line 4) (<unknown>, line 4).
INFO:src.hipporag.HippoRAG:Encoding 3 queries for query_to_passage.
INFO:src.hipporag.HippoRAG:Encoding 1 queries for query_to_passage.
INFO:src.hipporag.HippoRAG:Encoding 1 queries for query_to_passage.
WARNING:src.hipporag.rerank:Rerank parse failed on attempt 1 for query "Which country Thomas Lyon-Bowes, Lord Glamis's father is from?": Error parsing raw response as candidate selection: Unable to parse structured payload: invalid decimal literal (<unknown>, line 6).
INFO:src.hipporag.HippoRAG:Encoding 2 queries for query_to_passage.
INFO:src.hipporag.HippoRAG:Encoding 1 queries for query_to_passage.
INFO:src.hipporag.HippoRAG:Encoding 3 queries for query_to_passage.
INFO:src.hipporag.HippoRAG:Encoding 4 queries for query_to_passage.
INFO:src.hipporag.HippoRAG:Encoding 1 queries for query_to_passage.
INFO:src.hipporag.HippoRAG:Encoding 1 queries for query_to_passage.
INFO:src.hipporag.HippoRAG:Encoding 1 queries for query_to_passage.
INFO:src.hipporag.HippoRAG:Encoding 1 queries for query_to_passage.
INFO:src.hipporag.HippoRAG:Encoding 1 queries for query_to_passage.
INFO:src.hipporag.HippoRAG:Encoding 4 queries for query_to_passage.
INFO:src.hipporag.HippoRAG:Encoding 1 queries for query_to_passage.
INFO:src.hipporag.HippoRAG:Encoding 1 queries for query_to_passage.
WARNING:src.hipporag.rerank:Rerank parse failed on attempt 1 for query 'Where was the husband of Ting-Xing Ye born?': Error parsing raw response as candidate selection: Unable to parse structured payload: unterminated string literal (detected at line 1) (<unknown>, line 1).
INFO:src.hipporag.HippoRAG:Encoding 1 queries for query_to_passage.
WARNING:src.hipporag.rerank:Rerank parse failed on attempt 1 for query 'Where was the composer of song By The Beautiful Sea (Song) born?': Error parsing raw response as candidate selection: Unable to parse structured payload: unterminated string literal (detected at line 2) (<unknown>, line 2).
INFO:src.hipporag.HippoRAG:Encoding 1 queries for query_to_passage.
INFO:src.hipporag.HippoRAG:Encoding 1 queries for query_to_passage.
INFO:src.hipporag.HippoRAG:Encoding 1 queries for query_to_passage.
INFO:src.hipporag.HippoRAG:Encoding 1 queries for query_to_passage.
INFO:src.hipporag.HippoRAG:Encoding 1 queries for query_to_passage.
WARNING:src.hipporag.rerank:Rerank parse failed on attempt 1 for query 'Who died first, Thomas Valentine Cooper or John Ellis Roosevelt?': Error parsing raw response as candidate selection: Unable to parse structured payload: unterminated string literal (detected at line 2) (<unknown>, line 2).
INFO:src.hipporag.HippoRAG:Encoding 3 queries for query_to_passage.
WARNING:src.hipporag.rerank:Rerank parse failed on attempt 1 for query "Where was the place of death of Edsel Ford's father?": Error parsing raw response as candidate selection: Unable to parse structured payload: unterminated string literal (detected at line 2) (<unknown>, line 2).
INFO:src.hipporag.HippoRAG:Encoding 1 queries for query_to_passage.
INFO:src.hipporag.HippoRAG:Encoding 1 queries for query_to_passage.
INFO:src.hipporag.HippoRAG:Encoding 1 queries for query_to_passage.
WARNING:src.hipporag.rerank:Rerank parse failed on attempt 1 for query "Which film came out earlier, A Jester'S Tale or Ang Kwento Ni Mabuti?": Error parsing raw response as candidate selection: Unable to parse structured payload: unterminated string literal (detected at line 2) (<unknown>, line 2).
INFO:src.hipporag.HippoRAG:Encoding 2 queries for query_to_passage.
INFO:src.hipporag.HippoRAG:Encoding 1 queries for query_to_passage.
INFO:src.hipporag.HippoRAG:Encoding 1 queries for query_to_passage.
WARNING:src.hipporag.rerank:Rerank parse failed on attempt 1 for query 'Which film has the director who was born later, The Sleeping City or The Lawful Cheater?': Error parsing raw response as candidate selection: Unable to parse structured payload: unterminated string literal (detected at line 2) (<unknown>, line 2).
INFO:src.hipporag.HippoRAG:Encoding 4 queries for query_to_passage.
INFO:src.hipporag.HippoRAG:Encoding 1 queries for query_to_passage.
INFO:src.hipporag.HippoRAG:Encoding 2 queries for query_to_passage.
INFO:src.hipporag.HippoRAG:Encoding 1 queries for query_to_passage.
INFO:src.hipporag.HippoRAG:Encoding 1 queries for query_to_passage.
INFO:src.hipporag.HippoRAG:Encoding 2 queries for query_to_passage.
INFO:src.hipporag.HippoRAG:Encoding 1 queries for query_to_passage.
INFO:src.hipporag.HippoRAG:Encoding 1 queries for query_to_passage.
WARNING:src.hipporag.rerank:Rerank parse failed on attempt 1 for query "Who is Archduchess Maria Antonia Of Austria (1899–1977)'s maternal grandfather?": Error parsing raw response as candidate selection: Unable to parse structured payload: unterminated string literal (detected at line 4) (<unknown>, line 4).
INFO:src.hipporag.HippoRAG:Encoding 3 queries for query_to_passage.
INFO:src.hipporag.HippoRAG:Encoding 1 queries for query_to_passage.
INFO:src.hipporag.HippoRAG:Encoding 1 queries for query_to_passage.
INFO:src.hipporag.HippoRAG:Encoding 1 queries for query_to_passage.
INFO:src.hipporag.HippoRAG:Encoding 1 queries for query_to_passage.
INFO:src.hipporag.HippoRAG:Encoding 3 queries for query_to_passage.
INFO:src.hipporag.HippoRAG:Encoding 2 queries for query_to_passage.
INFO:src.hipporag.HippoRAG:Encoding 1 queries for query_to_passage.
INFO:src.hipporag.HippoRAG:Encoding 1 queries for query_to_passage.
WARNING:src.hipporag.rerank:Rerank parse failed on attempt 1 for query 'Which film has the director who is older, A Better Tomorrow Iii: Love & Death In Saigon or Har Dil Jo Pyar Karega?': Error parsing raw response as candidate selection: Unable to parse structured payload: unterminated string literal (detected at line 2) (<unknown>, line 2).
INFO:src.hipporag.HippoRAG:Encoding 4 queries for query_to_passage.
INFO:src.hipporag.HippoRAG:Encoding 1 queries for query_to_passage.
INFO:src.hipporag.HippoRAG:Encoding 1 queries for query_to_passage.
INFO:src.hipporag.HippoRAG:Encoding 1 queries for query_to_passage.
INFO:src.hipporag.HippoRAG:Encoding 1 queries for query_to_passage.
INFO:src.hipporag.HippoRAG:Encoding 1 queries for query_to_passage.
WARNING:src.hipporag.rerank:Rerank parse failed on attempt 1 for query 'Which film was released earlier, Flash Gordon Conquers The Universe or Siti Noerbaja?': Error parsing raw response as candidate selection: Unable to parse structured payload: unterminated string literal (detected at line 2) (<unknown>, line 2).
INFO:src.hipporag.HippoRAG:Encoding 3 queries for query_to_passage.
INFO:src.hipporag.HippoRAG:Encoding 1 queries for query_to_passage.
WARNING:src.hipporag.rerank:Rerank parse failed on attempt 1 for query 'Who was born first out of C. Maurice Patterson and Maj-Briht Bergström-Walan?': Error parsing raw response as candidate selection: Unable to parse structured payload: unterminated string literal (detected at line 2) (<unknown>, line 2).
INFO:src.hipporag.HippoRAG:Encoding 2 queries for query_to_passage.
INFO:src.hipporag.HippoRAG:Encoding 4 queries for query_to_passage.
INFO:src.hipporag.HippoRAG:Encoding 1 queries for query_to_passage.
INFO:src.hipporag.HippoRAG:Encoding 1 queries for query_to_passage.
WARNING:src.hipporag.rerank:Rerank parse failed on attempt 1 for query "Which film has the director who was born later, Tarzan'S Hidden Jungle or The Brink'S Job?": Error parsing raw response as candidate selection: Unable to parse structured payload: unterminated string literal (detected at line 2) (<unknown>, line 2).
INFO:src.hipporag.HippoRAG:Encoding 4 queries for query_to_passage.
INFO:src.hipporag.HippoRAG:Encoding 1 queries for query_to_passage.
INFO:src.hipporag.HippoRAG:Encoding 1 queries for query_to_passage.
INFO:src.hipporag.HippoRAG:Encoding 2 queries for query_to_passage.
INFO:src.hipporag.HippoRAG:Encoding 1 queries for query_to_passage.
INFO:src.hipporag.HippoRAG:Encoding 2 queries for query_to_passage.
INFO:src.hipporag.HippoRAG:Encoding 1 queries for query_to_passage.
WARNING:src.hipporag.rerank:Rerank parse failed on attempt 1 for query 'Where was the place of death of the director of film The Song Of The Old Days?': Error parsing raw response as candidate selection: Unable to parse structured payload: unterminated string literal (detected at line 2) (<unknown>, line 2).
INFO:src.hipporag.HippoRAG:Encoding 2 queries for query_to_passage.
WARNING:src.hipporag.rerank:Rerank parse failed on attempt 1 for query 'Why did the composer of song Waspman die?': Error parsing raw response as candidate selection: Unable to parse structured payload: unterminated string literal (detected at line 1) (<unknown>, line 1).
INFO:src.hipporag.HippoRAG:Encoding 2 queries for query_to_passage.
INFO:src.hipporag.HippoRAG:Encoding 1 queries for query_to_passage.
WARNING:src.hipporag.rerank:Rerank parse failed on attempt 1 for query 'Do both films Rip, Sew And Stitch and Clown Princes have the directors from the same country?': Error parsing raw response as candidate selection: Unable to parse structured payload: unterminated string literal (detected at line 3) (<unknown>, line 3).
INFO:src.hipporag.HippoRAG:Encoding 3 queries for query_to_passage.
INFO:src.hipporag.HippoRAG:Encoding 1 queries for query_to_passage.
WARNING:src.hipporag.rerank:Rerank parse failed on attempt 1 for query 'Who is the paternal grandfather of Lady Helen Taylor?': Error parsing raw response as candidate selection: Unable to parse structured payload: unterminated string literal (detected at line 2) (<unknown>, line 2).
INFO:src.hipporag.HippoRAG:Encoding 1 queries for query_to_passage.
INFO:src.hipporag.HippoRAG:Encoding 1 queries for query_to_passage.
INFO:src.hipporag.HippoRAG:Encoding 1 queries for query_to_passage.
WARNING:src.hipporag.rerank:Rerank parse failed on attempt 1 for query "Where was the place of death of James Adam (Architect)'s father?": Error parsing raw response as candidate selection: Unable to parse structured payload: unterminated string literal (detected at line 4) (<unknown>, line 4).
INFO:src.hipporag.HippoRAG:Encoding 2 queries for query_to_passage.
INFO:src.hipporag.HippoRAG:Encoding 1 queries for query_to_passage.
INFO:src.hipporag.HippoRAG:Encoding 1 queries for query_to_passage.
INFO:src.hipporag.HippoRAG:Encoding 1 queries for query_to_passage.
WARNING:src.hipporag.rerank:Rerank parse failed on attempt 1 for query 'Who lived longer, Ludovico Sabbatini or Marcelino Manuel Da Graça?': Error parsing raw response as candidate selection: Unable to parse structured payload: unterminated string literal (detected at line 1) (<unknown>, line 1).
INFO:src.hipporag.HippoRAG:Encoding 2 queries for query_to_passage.
INFO:src.hipporag.HippoRAG:Encoding 2 queries for query_to_passage.
INFO:src.hipporag.HippoRAG:Encoding 1 queries for query_to_passage.
INFO:src.hipporag.HippoRAG:Encoding 1 queries for query_to_passage.
INFO:src.hipporag.HippoRAG:Encoding 1 queries for query_to_passage.
WARNING:src.hipporag.rerank:Rerank parse failed on attempt 1 for query 'Who is the paternal grandmother of Archduke Ferdinand Karl Joseph Of Austria-Este?': Error parsing raw response as candidate selection: Unable to parse structured payload: unterminated string literal (detected at line 2) (<unknown>, line 2).
INFO:src.hipporag.HippoRAG:Encoding 3 queries for query_to_passage.
INFO:src.hipporag.HippoRAG:Encoding 1 queries for query_to_passage.
WARNING:src.hipporag.rerank:Rerank parse failed on attempt 1 for query 'Which film whose director is younger, Traces Of A Dragon or Moonnupookkal?': Error parsing raw response as candidate selection: Unable to parse structured payload: unterminated string literal (detected at line 3) (<unknown>, line 3).
INFO:src.hipporag.HippoRAG:Encoding 4 queries for query_to_passage.
INFO:src.hipporag.HippoRAG:Encoding 1 queries for query_to_passage.
WARNING:src.hipporag.rerank:Rerank parse failed on attempt 1 for query 'Which film came out first, Girl From Hong Kong or Forces Occultes?': Error parsing raw response as candidate selection: Unable to parse structured payload: unterminated string literal (detected at line 2) (<unknown>, line 2).
INFO:src.hipporag.HippoRAG:Encoding 2 queries for query_to_passage.
WARNING:src.hipporag.rerank:Rerank parse failed on attempt 1 for query 'Which film has the director born earlier, The Spooky Bunch or His Name Is Nobody?': Error parsing raw response as candidate selection: Unable to parse structured payload: unterminated string literal (detected at line 2) (<unknown>, line 2).
INFO:src.hipporag.HippoRAG:Encoding 4 queries for query_to_passage.
INFO:src.hipporag.HippoRAG:Encoding 4 queries for query_to_passage.
INFO:src.hipporag.HippoRAG:Encoding 1 queries for query_to_passage.
INFO:src.hipporag.HippoRAG:Encoding 1 queries for query_to_passage.
WARNING:src.hipporag.rerank:Rerank parse failed on attempt 1 for query "What is the date of death of Edward Wingfield, 2Nd Viscount Powerscourt's father?": Error parsing raw response as candidate selection: Unable to parse structured payload: unterminated string literal (detected at line 6) (<unknown>, line 6).
INFO:src.hipporag.HippoRAG:Encoding 1 queries for query_to_passage.
INFO:src.hipporag.HippoRAG:Encoding 1 queries for query_to_passage.
WARNING:src.hipporag.rerank:Rerank parse failed on attempt 1 for query "Who is Abd Al-Aziz Ibn Al-Walid's paternal grandfather?": Error parsing raw response as candidate selection: Unable to parse structured payload: unterminated string literal (detected at line 1) (<unknown>, line 1).
INFO:src.hipporag.HippoRAG:Encoding 1 queries for query_to_passage.
INFO:src.hipporag.HippoRAG:Encoding 1 queries for query_to_passage.
INFO:src.hipporag.HippoRAG:Encoding 1 queries for query_to_passage.
INFO:src.hipporag.HippoRAG:Encoding 1 queries for query_to_passage.
INFO:src.hipporag.HippoRAG:Encoding 1 queries for query_to_passage.
INFO:src.hipporag.HippoRAG:Encoding 1 queries for query_to_passage.
INFO:src.hipporag.HippoRAG:Encoding 4 queries for query_to_passage.
INFO:src.hipporag.HippoRAG:Encoding 1 queries for query_to_passage.
INFO:src.hipporag.HippoRAG:Encoding 1 queries for query_to_passage.
INFO:src.hipporag.HippoRAG:Encoding 1 queries for query_to_passage.
WARNING:src.hipporag.rerank:Rerank parse failed on attempt 1 for query 'Which film has the director who was born first, Autumn Tale or Secrets Of The Reef?': Error parsing raw response as candidate selection: Unable to parse structured payload: unterminated string literal (detected at line 2) (<unknown>, line 2).
INFO:src.hipporag.HippoRAG:Encoding 4 queries for query_to_passage.
INFO:src.hipporag.HippoRAG:Encoding 1 queries for query_to_passage.
INFO:src.hipporag.HippoRAG:Encoding 1 queries for query_to_passage.
INFO:src.hipporag.HippoRAG:Encoding 1 queries for query_to_passage.
INFO:src.hipporag.HippoRAG:Encoding 1 queries for query_to_passage.
WARNING:src.hipporag.rerank:Rerank parse failed on attempt 1 for query 'Who was born later, Lisbeth Cathrine Amalie Rose or Princess Raiyah Bint Hussein?': Error parsing raw response as candidate selection: Unable to parse structured payload: unterminated string literal (detected at line 2) (<unknown>, line 2).
INFO:src.hipporag.HippoRAG:Encoding 2 queries for query_to_passage.
INFO:src.hipporag.HippoRAG:Encoding 1 queries for query_to_passage.
INFO:src.hipporag.HippoRAG:Encoding 1 queries for query_to_passage.
WARNING:src.hipporag.rerank:Rerank parse failed on attempt 1 for query 'Which film has the director who died first, Karin Daughter Of Ingmar or The Man In The Trunk?': Error parsing raw response as candidate selection: Unable to parse structured payload: unterminated string literal (detected at line 2) (<unknown>, line 2).
INFO:src.hipporag.HippoRAG:Encoding 4 queries for query_to_passage.
INFO:src.hipporag.HippoRAG:Encoding 1 queries for query_to_passage.
INFO:src.hipporag.HippoRAG:Encoding 1 queries for query_to_passage.
INFO:src.hipporag.HippoRAG:Encoding 1 queries for query_to_passage.
INFO:src.hipporag.HippoRAG:Encoding 1 queries for query_to_passage.
WARNING:src.hipporag.rerank:Rerank parse failed on attempt 1 for query 'Where was the wife of Pierre-Marie Gault De Saint-Germain born?': Error parsing raw response as candidate selection: Unable to parse structured payload: unterminated string literal (detected at line 2) (<unknown>, line 2).
INFO:src.hipporag.HippoRAG:Encoding 1 queries for query_to_passage.
INFO:src.hipporag.HippoRAG:Encoding 1 queries for query_to_passage.
INFO:httpx:HTTP Request: POST http://localhost:8041/v1/chat/completions "HTTP/1.1 200 OK"
INFO:src.hipporag.HippoRAG:Encoding 4 queries for query_to_passage.
INFO:src.hipporag.HippoRAG:Encoding 1 queries for query_to_passage.
INFO:src.hipporag.HippoRAG:Encoding 3 queries for query_to_passage.
INFO:src.hipporag.HippoRAG:Encoding 2 queries for query_to_passage.
INFO:src.hipporag.HippoRAG:Encoding 2 queries for query_to_passage.
INFO:src.hipporag.HippoRAG:Encoding 2 queries for query_to_passage.
INFO:src.hipporag.HippoRAG:Encoding 1 queries for query_to_passage.
WARNING:src.hipporag.rerank:Rerank parse failed on attempt 1 for query 'Who is the paternal grandfather of Hamad Bin Isa Al Khalifa?': Error parsing raw response as candidate selection: Unable to parse structured payload: unterminated string literal (detected at line 2) (<unknown>, line 2).
INFO:src.hipporag.HippoRAG:Encoding 1 queries for query_to_passage.
INFO:src.hipporag.HippoRAG:Encoding 1 queries for query_to_passage.
INFO:src.hipporag.HippoRAG:Encoding 1 queries for query_to_passage.
INFO:src.hipporag.HippoRAG:Encoding 2 queries for query_to_passage.
INFO:src.hipporag.HippoRAG:Encoding 1 queries for query_to_passage.
INFO:src.hipporag.HippoRAG:Encoding 1 queries for query_to_passage.
INFO:src.hipporag.HippoRAG:Encoding 3 queries for query_to_passage.
WARNING:src.hipporag.rerank:Rerank parse failed on attempt 1 for query "What is the place of birth of Anne Elizabeth Rector's husband?": Error parsing raw response as candidate selection: Unable to parse structured payload: unterminated string literal (detected at line 4) (<unknown>, line 4).
INFO:src.hipporag.HippoRAG:Encoding 1 queries for query_to_passage.
INFO:src.hipporag.HippoRAG:Encoding 1 queries for query_to_passage.
INFO:src.hipporag.HippoRAG:Encoding 1 queries for query_to_passage.
WARNING:src.hipporag.rerank:Rerank parse failed on attempt 1 for query 'Who was born first out of Amable Éno, Dit Deschamps and Wayne Sykes?': Error parsing raw response as candidate selection: Unable to parse structured payload: unterminated string literal (detected at line 2) (<unknown>, line 2).
INFO:src.hipporag.HippoRAG:Encoding 2 queries for query_to_passage.
INFO:src.hipporag.HippoRAG:Encoding 1 queries for query_to_passage.
INFO:src.hipporag.HippoRAG:Encoding 1 queries for query_to_passage.
WARNING:src.hipporag.rerank:Rerank parse failed on attempt 1 for query 'Which film has the director born later, Colour Blossoms or Kai Rabe Gegen Die Vatikankiller?': Error parsing raw response as candidate selection: Unable to parse structured payload: unterminated string literal (detected at line 2) (<unknown>, line 2).
INFO:src.hipporag.HippoRAG:Encoding 4 queries for query_to_passage.
INFO:src.hipporag.HippoRAG:Encoding 1 queries for query_to_passage.
INFO:src.hipporag.HippoRAG:Encoding 1 queries for query_to_passage.
WARNING:src.hipporag.rerank:Rerank parse failed on attempt 1 for query 'Where was the place of death of the director of film A Hero Of The Big Snows?': Error parsing raw response as candidate selection: Unable to parse structured payload: unterminated string literal (detected at line 2) (<unknown>, line 2).
INFO:src.hipporag.HippoRAG:Encoding 1 queries for query_to_passage.
INFO:src.hipporag.HippoRAG:Encoding 2 queries for query_to_passage.
INFO:src.hipporag.HippoRAG:Encoding 1 queries for query_to_passage.
WARNING:src.hipporag.rerank:Rerank parse failed on attempt 1 for query 'Which film has the director who was born first, A Monster And A Half or Un Giorno Speciale?': Error parsing raw response as candidate selection: Unable to parse structured payload: unterminated string literal (detected at line 2) (<unknown>, line 2).
INFO:src.hipporag.HippoRAG:Encoding 4 queries for query_to_passage.
INFO:src.hipporag.HippoRAG:Encoding 1 queries for query_to_passage.
INFO:src.hipporag.HippoRAG:Encoding 1 queries for query_to_passage.
INFO:src.hipporag.HippoRAG:Encoding 1 queries for query_to_passage.
INFO:src.hipporag.HippoRAG:Encoding 3 queries for query_to_passage.
INFO:src.hipporag.HippoRAG:Encoding 1 queries for query_to_passage.
INFO:src.hipporag.HippoRAG:Encoding 1 queries for query_to_passage.
WARNING:src.hipporag.rerank:Rerank parse failed on attempt 1 for query 'What is the award that the director of film Bangalore Naatkal earned?': Error parsing raw response as candidate selection: Unable to parse structured payload: unterminated string literal (detected at line 2) (<unknown>, line 2).
INFO:src.hipporag.HippoRAG:Encoding 2 queries for query_to_passage.
WARNING:src.hipporag.rerank:Rerank parse failed on attempt 1 for query 'Where was the director of film Life Classes born?': Error parsing raw response as candidate selection: Unable to parse structured payload: unterminated string literal (detected at line 9) (<unknown>, line 9).
INFO:src.hipporag.HippoRAG:Encoding 1 queries for query_to_passage.
INFO:src.hipporag.HippoRAG:Encoding 1 queries for query_to_passage.
INFO:src.hipporag.HippoRAG:Encoding 1 queries for query_to_passage.
WARNING:src.hipporag.rerank:Rerank parse failed on attempt 1 for query 'Which film has the director who died earlier, The Hitler Gang or Flannelfoot?': Error parsing raw response as candidate selection: Unable to parse structured payload: unterminated string literal (detected at line 2) (<unknown>, line 2).
INFO:src.hipporag.HippoRAG:Encoding 4 queries for query_to_passage.
WARNING:src.hipporag.rerank:Rerank parse failed on attempt 1 for query 'Which film has the director who is older, Four Days In November or The Romance Of Tarzan?': Error parsing raw response as candidate selection: Unable to parse structured payload: unterminated string literal (detected at line 2) (<unknown>, line 2).
INFO:src.hipporag.HippoRAG:Encoding 4 queries for query_to_passage.
WARNING:src.hipporag.rerank:Rerank parse failed on attempt 1 for query 'Who is the paternal grandmother of Isabel Luísa, Princess Of Beira?': Error parsing raw response as candidate selection: Unable to parse structured payload: unterminated string literal (detected at line 2) (<unknown>, line 2).
INFO:src.hipporag.HippoRAG:Encoding 1 queries for query_to_passage.
INFO:src.hipporag.HippoRAG:Encoding 1 queries for query_to_passage.
INFO:src.hipporag.HippoRAG:Encoding 1 queries for query_to_passage.
INFO:src.hipporag.HippoRAG:Encoding 3 queries for query_to_passage.
WARNING:src.hipporag.rerank:Rerank parse failed on attempt 1 for query 'Which film whose director is younger, The Tiger Makes Out or La Vérité Sur Bébé Donge?': Error parsing raw response as candidate selection: Unable to parse structured payload: unterminated string literal (detected at line 2) (<unknown>, line 2).
INFO:src.hipporag.HippoRAG:Encoding 4 queries for query_to_passage.
INFO:src.hipporag.HippoRAG:Encoding 1 queries for query_to_passage.
INFO:src.hipporag.HippoRAG:Encoding 1 queries for query_to_passage.
WARNING:src.hipporag.rerank:Rerank parse failed on attempt 1 for query "Where was the place of death of Anna Of Pomerania's father?": Error parsing raw response as candidate selection: Unable to parse structured payload: unterminated string literal (detected at line 4) (<unknown>, line 4).
INFO:src.hipporag.HippoRAG:Encoding 1 queries for query_to_passage.
INFO:src.hipporag.HippoRAG:Encoding 1 queries for query_to_passage.
WARNING:src.hipporag.rerank:Rerank parse failed on attempt 1 for query "Where did the director of film Mary Jane'S Pa die?": Error parsing raw response as candidate selection: Unable to parse structured payload: unterminated string literal (detected at line 2) (<unknown>, line 2).
INFO:src.hipporag.HippoRAG:Encoding 1 queries for query_to_passage.
INFO:src.hipporag.HippoRAG:Encoding 1 queries for query_to_passage.
INFO:src.hipporag.HippoRAG:Encoding 1 queries for query_to_passage.
INFO:src.hipporag.HippoRAG:Encoding 2 queries for query_to_passage.
INFO:src.hipporag.HippoRAG:Encoding 1 queries for query_to_passage.
WARNING:src.hipporag.rerank:Rerank parse failed on attempt 1 for query 'Which film was released first, Par La Fenêtre or Semi-Tough?': Error parsing raw response as candidate selection: Unable to parse structured payload: invalid syntax (<unknown>, line 1).
INFO:src.hipporag.HippoRAG:Encoding 3 queries for query_to_passage.
WARNING:src.hipporag.rerank:Rerank parse failed on attempt 1 for query "Where did Adolph Of Cleves, Lord Of Ravenstein's mother die?": Error parsing raw response as candidate selection: Unable to parse structured payload: unterminated string literal (detected at line 8) (<unknown>, line 8).
INFO:src.hipporag.HippoRAG:Encoding 1 queries for query_to_passage.
INFO:src.hipporag.HippoRAG:Encoding 1 queries for query_to_passage.
INFO:src.hipporag.HippoRAG:Encoding 1 queries for query_to_passage.
INFO:src.hipporag.HippoRAG:Encoding 4 queries for query_to_passage.
INFO:src.hipporag.HippoRAG:Encoding 1 queries for query_to_passage.
INFO:src.hipporag.HippoRAG:Encoding 1 queries for query_to_passage.
INFO:src.hipporag.HippoRAG:Encoding 1 queries for query_to_passage.
INFO:src.hipporag.HippoRAG:Encoding 2 queries for query_to_passage.
INFO:src.hipporag.HippoRAG:Encoding 1 queries for query_to_passage.
WARNING:src.hipporag.rerank:Rerank parse failed on attempt 1 for query "Where was the place of death of the performer of song I'Ll Come Running Back To You?": Error parsing raw response as candidate selection: Unable to parse structured payload: unterminated string literal (detected at line 2) (<unknown>, line 2).
INFO:src.hipporag.HippoRAG:Encoding 2 queries for query_to_passage.
INFO:src.hipporag.HippoRAG:Encoding 1 queries for query_to_passage.
WARNING:src.hipporag.rerank:Rerank parse failed on attempt 1 for query 'Which film has the director who died later, Bad Subject or Making Babies?': Error parsing raw response as candidate selection: Unable to parse structured payload: unterminated string literal (detected at line 2) (<unknown>, line 2).
INFO:src.hipporag.HippoRAG:Encoding 4 queries for query_to_passage.
WARNING:src.hipporag.rerank:Rerank parse failed on attempt 1 for query "What is the date of death of Papianilla (Wife Of Sidonius Apollinaris)'s husband?": Error parsing raw response as candidate selection: Unable to parse structured payload: unterminated string literal (detected at line 2) (<unknown>, line 2).
INFO:src.hipporag.HippoRAG:Encoding 1 queries for query_to_passage.
INFO:src.hipporag.HippoRAG:Encoding 1 queries for query_to_passage.
INFO:src.hipporag.HippoRAG:Encoding 2 queries for query_to_passage.
INFO:src.hipporag.HippoRAG:Encoding 1 queries for query_to_passage.
INFO:src.hipporag.HippoRAG:Encoding 1 queries for query_to_passage.
INFO:src.hipporag.HippoRAG:Encoding 1 queries for query_to_passage.
INFO:src.hipporag.HippoRAG:Encoding 1 queries for query_to_passage.
INFO:src.hipporag.HippoRAG:Encoding 1 queries for query_to_passage.
WARNING:src.hipporag.rerank:Rerank parse failed on attempt 1 for query 'Which film was released more recently, Behind Locked Doors or Crossing Delancey?': Error parsing raw response as candidate selection: Unable to parse structured payload: unterminated string literal (detected at line 2) (<unknown>, line 2).
INFO:src.hipporag.HippoRAG:Encoding 2 queries for query_to_passage.
INFO:src.hipporag.HippoRAG:Encoding 1 queries for query_to_passage.
INFO:src.hipporag.HippoRAG:Encoding 1 queries for query_to_passage.
WARNING:src.hipporag.rerank:Rerank parse failed on attempt 1 for query 'Are director of film Garbo (Film) and director of film Souls At Sea both from the same country?': Error parsing raw response as candidate selection: Unable to parse structured payload: unterminated string literal (detected at line 2) (<unknown>, line 2).
INFO:src.hipporag.HippoRAG:Encoding 4 queries for query_to_passage.
INFO:src.hipporag.HippoRAG:Encoding 2 queries for query_to_passage.
INFO:src.hipporag.HippoRAG:Encoding 1 queries for query_to_passage.
INFO:src.hipporag.HippoRAG:Encoding 1 queries for query_to_passage.
WARNING:src.hipporag.rerank:Rerank parse failed on attempt 1 for query 'Which film has the director who was born earlier, Holiday In Tyrol or Las Aventuras De Pito Pérez?': Error parsing raw response as candidate selection: Unable to parse structured payload: unterminated string literal (detected at line 3) (<unknown>, line 3).
INFO:src.hipporag.HippoRAG:Encoding 4 queries for query_to_passage.
INFO:src.hipporag.HippoRAG:Encoding 1 queries for query_to_passage.
INFO:src.hipporag.HippoRAG:Encoding 1 queries for query_to_passage.
WARNING:src.hipporag.rerank:Rerank parse failed on attempt 1 for query 'Who is the paternal grandmother of David Pigot (Cricketer, Born 1929)?': Error parsing raw response as candidate selection: Unable to parse structured payload: unterminated string literal (detected at line 2) (<unknown>, line 2).
INFO:src.hipporag.HippoRAG:Encoding 2 queries for query_to_passage.
INFO:src.hipporag.HippoRAG:Encoding 1 queries for query_to_passage.
INFO:src.hipporag.HippoRAG:Encoding 3 queries for query_to_passage.
INFO:src.hipporag.HippoRAG:Encoding 1 queries for query_to_passage.
INFO:src.hipporag.HippoRAG:Encoding 1 queries for query_to_passage.
WARNING:src.hipporag.rerank:Rerank parse failed on attempt 1 for query 'What nationality is the director of film Overland Adventure?': Error parsing raw response as candidate selection: Unable to parse structured payload: unterminated string literal (detected at line 2) (<unknown>, line 2).
INFO:src.hipporag.HippoRAG:Encoding 1 queries for query_to_passage.
INFO:src.hipporag.HippoRAG:Encoding 1 queries for query_to_passage.
INFO:src.hipporag.HippoRAG:Encoding 1 queries for query_to_passage.
WARNING:src.hipporag.rerank:Rerank parse failed on attempt 1 for query 'Who is the father of the director of film Tiger Cage (Film)?': Error parsing raw response as candidate selection: Unable to parse structured payload: unterminated string literal (detected at line 1) (<unknown>, line 1).
INFO:src.hipporag.HippoRAG:Encoding 1 queries for query_to_passage.
INFO:src.hipporag.HippoRAG:Encoding 1 queries for query_to_passage.
INFO:src.hipporag.HippoRAG:Encoding 1 queries for query_to_passage.
INFO:src.hipporag.HippoRAG:Encoding 1 queries for query_to_passage.
WARNING:src.hipporag.rerank:Rerank parse failed on attempt 1 for query 'Which film has the director born later, Tell It To The Bees or House Of The Black Death?': Error parsing raw response as candidate selection: Unable to parse structured payload: unterminated string literal (detected at line 2) (<unknown>, line 2).
INFO:src.hipporag.HippoRAG:Encoding 4 queries for query_to_passage.
INFO:src.hipporag.HippoRAG:Encoding 1 queries for query_to_passage.
WARNING:src.hipporag.rerank:Rerank parse failed on attempt 1 for query 'Which film was released first, Vamping Venus or Forbidden Paradise?': Error parsing raw response as candidate selection: Unable to parse structured payload: unterminated string literal (detected at line 2) (<unknown>, line 2).
INFO:src.hipporag.HippoRAG:Encoding 2 queries for query_to_passage.
WARNING:src.hipporag.rerank:Rerank parse failed on attempt 1 for query 'Which film has the director who died later, Jára Cimrman Lying, Sleeping or Mr. Ace?': Error parsing raw response as candidate selection: Unable to parse structured payload: unterminated string literal (detected at line 2) (<unknown>, line 2).
INFO:src.hipporag.HippoRAG:Encoding 4 queries for query_to_passage.
INFO:src.hipporag.HippoRAG:Encoding 1 queries for query_to_passage.
INFO:src.hipporag.HippoRAG:Encoding 3 queries for query_to_passage.
WARNING:src.hipporag.rerank:Rerank parse failed on attempt 1 for query 'What nationality is the director of film 3096 Days?': Error parsing raw response as candidate selection: Unable to parse structured payload: unterminated string literal (detected at line 2) (<unknown>, line 2).
INFO:src.hipporag.HippoRAG:Encoding 1 queries for query_to_passage.
INFO:src.hipporag.HippoRAG:Encoding 1 queries for query_to_passage.
WARNING:src.hipporag.rerank:Rerank parse failed on attempt 1 for query "What is the place of birth of Marisabel Rodríguez De Chávez's husband?": Error parsing raw response as candidate selection: Unable to parse structured payload: unterminated string literal (detected at line 4) (<unknown>, line 4).
INFO:src.hipporag.HippoRAG:Encoding 1 queries for query_to_passage.
INFO:src.hipporag.HippoRAG:Encoding 1 queries for query_to_passage.
INFO:src.hipporag.HippoRAG:Encoding 2 queries for query_to_passage.
WARNING:src.hipporag.rerank:Rerank parse failed on attempt 1 for query "Who is Archduchess Rosa Of Austria's mother-in-law?": Error parsing raw response as candidate selection: Unable to parse structured payload: unterminated string literal (detected at line 4) (<unknown>, line 4).
INFO:src.hipporag.HippoRAG:Encoding 4 queries for query_to_passage.
INFO:src.hipporag.HippoRAG:Encoding 1 queries for query_to_passage.
INFO:src.hipporag.HippoRAG:Encoding 1 queries for query_to_passage.
INFO:src.hipporag.HippoRAG:Encoding 1 queries for query_to_passage.
INFO:src.hipporag.HippoRAG:Encoding 1 queries for query_to_passage.
INFO:src.hipporag.HippoRAG:Encoding 1 queries for query_to_passage.
INFO:src.hipporag.HippoRAG:Encoding 1 queries for query_to_passage.
INFO:src.hipporag.HippoRAG:Encoding 1 queries for query_to_passage.
INFO:src.hipporag.HippoRAG:Encoding 1 queries for query_to_passage.
WARNING:src.hipporag.rerank:Rerank parse failed on attempt 1 for query "Where was the place of death of Thaddeus P. Mott's father?": Error parsing raw response as candidate selection: Unable to parse structured payload: unterminated string literal (detected at line 6) (<unknown>, line 6).
INFO:src.hipporag.HippoRAG:Encoding 2 queries for query_to_passage.
INFO:src.hipporag.HippoRAG:Encoding 1 queries for query_to_passage.
WARNING:src.hipporag.rerank:Rerank parse failed on attempt 1 for query 'Where was the performer of song Netflix (Song) born?': Error parsing raw response as candidate selection: Unable to parse structured payload: unterminated string literal (detected at line 2) (<unknown>, line 2).
INFO:src.hipporag.HippoRAG:Encoding 1 queries for query_to_passage.
WARNING:src.hipporag.rerank:Rerank parse failed on attempt 1 for query 'Which film was released more recently, No Path Through Fire or Bright Leaf?': Error parsing raw response as candidate selection: Unable to parse structured payload: unterminated string literal (detected at line 2) (<unknown>, line 2).
INFO:src.hipporag.HippoRAG:Encoding 2 queries for query_to_passage.
WARNING:src.hipporag.rerank:Rerank parse failed on attempt 1 for query 'Who is younger, Lorenzo Zazzeri or Eliška Krásnohorská?': Error parsing raw response as candidate selection: Unable to parse structured payload: unterminated string literal (detected at line 2) (<unknown>, line 2).
INFO:src.hipporag.HippoRAG:Encoding 2 queries for query_to_passage.
WARNING:src.hipporag.rerank:Rerank parse failed on attempt 1 for query "Where did William Louis, Prince Of Anhalt-Harzgerode's father die?": Error parsing raw response as candidate selection: Unable to parse structured payload: unterminated string literal (detected at line 4) (<unknown>, line 4).
INFO:src.hipporag.HippoRAG:Encoding 1 queries for query_to_passage.
INFO:src.hipporag.HippoRAG:Encoding 1 queries for query_to_passage.
INFO:src.hipporag.HippoRAG:Encoding 1 queries for query_to_passage.
INFO:src.hipporag.HippoRAG:Encoding 1 queries for query_to_passage.
WARNING:src.hipporag.rerank:Rerank parse failed on attempt 1 for query 'Which film came out first, The Coastline or Un Elefante Color Ilusión?': Error parsing raw response as candidate selection: Unable to parse structured payload: unterminated string literal (detected at line 2) (<unknown>, line 2).
INFO:src.hipporag.HippoRAG:Encoding 2 queries for query_to_passage.
WARNING:src.hipporag.rerank:Rerank parse failed on attempt 1 for query "Who is Princess Elisabeth, Duchess Of Hohenberg's father-in-law?": Error parsing raw response as candidate selection: Unable to parse structured payload: unterminated string literal (detected at line 2) (<unknown>, line 2).
INFO:src.hipporag.HippoRAG:Encoding 2 queries for query_to_passage.
INFO:src.hipporag.HippoRAG:Encoding 1 queries for query_to_passage.
INFO:src.hipporag.HippoRAG:Encoding 2 queries for query_to_passage.
INFO:src.hipporag.HippoRAG:Encoding 1 queries for query_to_passage.
WARNING:src.hipporag.rerank:Rerank parse failed on attempt 1 for query 'Where was the director of film The Ape (2005 Film) born?': Error parsing raw response as candidate selection: Unable to parse structured payload: unterminated string literal (detected at line 2) (<unknown>, line 2).
INFO:src.hipporag.HippoRAG:Encoding 2 queries for query_to_passage.
WARNING:src.hipporag.rerank:Rerank parse failed on attempt 1 for query 'What is the place of birth of the performer of song Damage (Pharoahe Monch Song)?': Error parsing raw response as candidate selection: Unable to parse structured payload: unterminated string literal (detected at line 1) (<unknown>, line 1).
INFO:src.hipporag.HippoRAG:Encoding 1 queries for query_to_passage.
WARNING:src.hipporag.rerank:Rerank parse failed on attempt 1 for query "Which film whose director was born first, No Greater Glory or Seeing'S Believing?": Error parsing raw response as candidate selection: Unable to parse structured payload: unterminated string literal (detected at line 11) (<unknown>, line 11).
INFO:src.hipporag.HippoRAG:Encoding 4 queries for query_to_passage.
INFO:src.hipporag.HippoRAG:Encoding 1 queries for query_to_passage.
INFO:src.hipporag.HippoRAG:Encoding 1 queries for query_to_passage.
INFO:src.hipporag.HippoRAG:Encoding 3 queries for query_to_passage.
INFO:src.hipporag.HippoRAG:Encoding 1 queries for query_to_passage.
INFO:src.hipporag.HippoRAG:Encoding 1 queries for query_to_passage.
INFO:src.hipporag.HippoRAG:Encoding 1 queries for query_to_passage.
WARNING:src.hipporag.rerank:Rerank parse failed on attempt 1 for query 'What is the date of birth of the director of film Moguds Pellams?': Error parsing raw response as candidate selection: Unable to parse structured payload: unterminated string literal (detected at line 2) (<unknown>, line 2).
INFO:src.hipporag.HippoRAG:Encoding 2 queries for query_to_passage.
WARNING:src.hipporag.rerank:Rerank parse failed on attempt 1 for query 'Who is the paternal grandmother of John Iii, Duke Of Cleves?': Error parsing raw response as candidate selection: Unable to parse structured payload: unterminated string literal (detected at line 2) (<unknown>, line 2).
INFO:src.hipporag.HippoRAG:Encoding 2 queries for query_to_passage.
INFO:src.hipporag.HippoRAG:Encoding 1 queries for query_to_passage.
INFO:src.hipporag.HippoRAG:Encoding 1 queries for query_to_passage.
INFO:src.hipporag.HippoRAG:Encoding 4 queries for query_to_passage.
INFO:src.hipporag.HippoRAG:Encoding 3 queries for query_to_passage.
INFO:src.hipporag.HippoRAG:Encoding 1 queries for query_to_passage.
INFO:src.hipporag.HippoRAG:Encoding 1 queries for query_to_passage.
INFO:src.hipporag.HippoRAG:Encoding 1 queries for query_to_passage.
INFO:src.hipporag.HippoRAG:Encoding 1 queries for query_to_passage.
INFO:src.hipporag.HippoRAG:Encoding 1 queries for query_to_passage.
INFO:src.hipporag.HippoRAG:Encoding 1 queries for query_to_passage.
WARNING:src.hipporag.rerank:Rerank parse failed on attempt 1 for query "When did Sila Zandukeli-Sandunov's wife die?": Error parsing raw response as candidate selection: Unable to parse structured payload: unterminated string literal (detected at line 1) (<unknown>, line 1).
INFO:src.hipporag.HippoRAG:Encoding 1 queries for query_to_passage.
INFO:src.hipporag.HippoRAG:Encoding 1 queries for query_to_passage.
WARNING:src.hipporag.rerank:Rerank parse failed on attempt 1 for query 'Who is the maternal grandfather of Archduchess Maria Theresa Of Austria (1862–1933)?': Error parsing raw response as candidate selection: Unable to parse structured payload: unterminated string literal (detected at line 2) (<unknown>, line 2).
INFO:src.hipporag.HippoRAG:Encoding 2 queries for query_to_passage.
WARNING:src.hipporag.rerank:Rerank parse failed on attempt 1 for query 'Are both movies, Inauguration Of The Pleasure Dome and Texans Never Cry, from the same country?': Error parsing raw response as candidate selection: Unable to parse structured payload: unterminated string literal (detected at line 2) (<unknown>, line 2).
INFO:src.hipporag.HippoRAG:Encoding 2 queries for query_to_passage.
INFO:src.hipporag.HippoRAG:Encoding 1 queries for query_to_passage.
INFO:src.hipporag.HippoRAG:Encoding 1 queries for query_to_passage.
WARNING:src.hipporag.rerank:Rerank parse failed on attempt 1 for query 'Which film has the director who died first, Vice Raid or The Courier Of Lyon?': Error parsing raw response as candidate selection: Unable to parse structured payload: unterminated string literal (detected at line 2) (<unknown>, line 2).
INFO:src.hipporag.HippoRAG:Encoding 4 queries for query_to_passage.
INFO:src.hipporag.HippoRAG:Encoding 1 queries for query_to_passage.
INFO:src.hipporag.HippoRAG:Encoding 1 queries for query_to_passage.
WARNING:src.hipporag.rerank:Rerank parse failed on attempt 1 for query "Which film has the director who was born first, The King On Main Street or The Crime Doctor'S Diary?": Error parsing raw response as candidate selection: Unable to parse structured payload: unterminated string literal (detected at line 2) (<unknown>, line 2).
INFO:src.hipporag.HippoRAG:Encoding 4 queries for query_to_passage.
INFO:src.hipporag.HippoRAG:Encoding 1 queries for query_to_passage.
INFO:src.hipporag.HippoRAG:Encoding 1 queries for query_to_passage.
WARNING:src.hipporag.rerank:Rerank parse failed on attempt 1 for query 'Which film was released first, The First 7Th Night or Aansoo Ban Gaye Phool?': Error parsing raw response as candidate selection: Unable to parse structured payload: unterminated string literal (detected at line 2) (<unknown>, line 2).
INFO:src.hipporag.HippoRAG:Encoding 3 queries for query_to_passage.
INFO:src.hipporag.HippoRAG:Encoding 1 queries for query_to_passage.
INFO:src.hipporag.HippoRAG:Encoding 1 queries for query_to_passage.
INFO:src.hipporag.HippoRAG:Encoding 1 queries for query_to_passage.
INFO:src.hipporag.HippoRAG:Encoding 2 queries for query_to_passage.
INFO:src.hipporag.HippoRAG:Encoding 1 queries for query_to_passage.
INFO:src.hipporag.HippoRAG:Encoding 1 queries for query_to_passage.
INFO:src.hipporag.HippoRAG:Encoding 4 queries for query_to_passage.
INFO:src.hipporag.HippoRAG:Encoding 2 queries for query_to_passage.
INFO:src.hipporag.HippoRAG:Encoding 1 queries for query_to_passage.
WARNING:src.hipporag.rerank:Rerank parse failed on attempt 1 for query 'Where was the wife of Lev Karakhan born?': Error parsing raw response as candidate selection: Unable to parse structured payload: unterminated string literal (detected at line 2) (<unknown>, line 2).
INFO:src.hipporag.HippoRAG:Encoding 1 queries for query_to_passage.
INFO:src.hipporag.HippoRAG:Encoding 1 queries for query_to_passage.
WARNING:src.hipporag.rerank:Rerank parse failed on attempt 1 for query "What is the date of death of Alexander Baring, 4Th Baron Ashburton's father?": Error parsing raw response as candidate selection: Unable to parse structured payload: unterminated string literal (detected at line 4) (<unknown>, line 4).
INFO:src.hipporag.HippoRAG:Encoding 1 queries for query_to_passage.
INFO:src.hipporag.HippoRAG:Encoding 1 queries for query_to_passage.
WARNING:src.hipporag.rerank:Rerank parse failed on attempt 1 for query 'Which film has the producer died later, A Midnight Romance or The Bedford Incident?': Error parsing raw response as candidate selection: Unable to parse structured payload: unterminated string literal (detected at line 2) (<unknown>, line 2).
INFO:src.hipporag.HippoRAG:Encoding 4 queries for query_to_passage.
INFO:src.hipporag.HippoRAG:Encoding 1 queries for query_to_passage.
INFO:src.hipporag.HippoRAG:Encoding 1 queries for query_to_passage.
INFO:src.hipporag.HippoRAG:Encoding 1 queries for query_to_passage.
WARNING:src.hipporag.rerank:Rerank parse failed on attempt 1 for query "Which film has the director who died first, Everybody'S Hobby or One Sunday Afternoon (1948 Film)?": Error parsing raw response as candidate selection: Unable to parse structured payload: unterminated string literal (detected at line 2) (<unknown>, line 2).
INFO:src.hipporag.HippoRAG:Encoding 4 queries for query_to_passage.
INFO:src.hipporag.HippoRAG:Encoding 1 queries for query_to_passage.
WARNING:src.hipporag.rerank:Rerank parse failed on attempt 1 for query 'Where was the place of death of the director of film Goodbye, Franziska (1941 Film)?': Error parsing raw response as candidate selection: Unable to parse structured payload: unterminated string literal (detected at line 2) (<unknown>, line 2).
INFO:src.hipporag.HippoRAG:Encoding 1 queries for query_to_passage.
INFO:src.hipporag.HippoRAG:Encoding 1 queries for query_to_passage.
WARNING:src.hipporag.rerank:Rerank parse failed on attempt 1 for query 'Which film has the director who died earlier, Max And Helen or Held Einer Nacht?': Error parsing raw response as candidate selection: Unable to parse structured payload: unterminated string literal (detected at line 2) (<unknown>, line 2).
INFO:src.hipporag.HippoRAG:Encoding 4 queries for query_to_passage.
INFO:src.hipporag.HippoRAG:Encoding 1 queries for query_to_passage.
WARNING:src.hipporag.rerank:Rerank parse failed on attempt 1 for query "Who is Robert Iii, Count Of Dreux's paternal grandfather?": Error parsing raw response as candidate selection: Unable to parse structured payload: unterminated string literal (detected at line 2) (<unknown>, line 2).
INFO:src.hipporag.HippoRAG:Encoding 2 queries for query_to_passage.
INFO:src.hipporag.HippoRAG:Encoding 1 queries for query_to_passage.
INFO:src.hipporag.HippoRAG:Encoding 1 queries for query_to_passage.
WARNING:src.hipporag.rerank:Rerank parse failed on attempt 1 for query "What is the date of death of Bernhard Albrecht Of Limburg And Bronckhorst's father?": Error parsing raw response as candidate selection: Unable to parse structured payload: unterminated string literal (detected at line 4) (<unknown>, line 4).
INFO:src.hipporag.HippoRAG:Encoding 1 queries for query_to_passage.
INFO:src.hipporag.HippoRAG:Encoding 1 queries for query_to_passage.
INFO:src.hipporag.HippoRAG:Encoding 1 queries for query_to_passage.
INFO:src.hipporag.HippoRAG:Encoding 2 queries for query_to_passage.
INFO:src.hipporag.HippoRAG:Encoding 1 queries for query_to_passage.
INFO:src.hipporag.HippoRAG:Encoding 1 queries for query_to_passage.
WARNING:src.hipporag.rerank:Rerank parse failed on attempt 1 for query 'What is the award that the performer of song Fine By Me (Chris Brown Song) received?': Error parsing raw response as candidate selection: Unable to parse structured payload: unterminated string literal (detected at line 2) (<unknown>, line 2).
INFO:src.hipporag.HippoRAG:Encoding 2 queries for query_to_passage.
INFO:src.hipporag.HippoRAG:Encoding 2 queries for query_to_passage.
WARNING:src.hipporag.rerank:Rerank parse failed on attempt 1 for query "Who is Adelaide Of Burgundy, Duchess Of Brabant's paternal grandfather?": Error parsing raw response as candidate selection: Unable to parse structured payload: unterminated string literal (detected at line 2) (<unknown>, line 2).
INFO:src.hipporag.HippoRAG:Encoding 2 queries for query_to_passage.
INFO:src.hipporag.HippoRAG:Encoding 1 queries for query_to_passage.
INFO:src.hipporag.HippoRAG:Encoding 1 queries for query_to_passage.
INFO:src.hipporag.HippoRAG:Encoding 3 queries for query_to_passage.
WARNING:src.hipporag.rerank:Rerank parse failed on attempt 1 for query "When did Cristina Rodríguez (Noble)'s father die?": Error parsing raw response as candidate selection: Unable to parse structured payload: unterminated string literal (detected at line 14) (<unknown>, line 14).
INFO:src.hipporag.HippoRAG:Encoding 1 queries for query_to_passage.
INFO:src.hipporag.HippoRAG:Encoding 1 queries for query_to_passage.
INFO:src.hipporag.HippoRAG:Encoding 1 queries for query_to_passage.
INFO:src.hipporag.HippoRAG:Encoding 1 queries for query_to_passage.
WARNING:src.hipporag.rerank:Rerank parse failed on attempt 1 for query 'Who is the spouse of the director of film Apprentice To Murder?': Error parsing raw response as candidate selection: Unable to parse structured payload: unterminated string literal (detected at line 2) (<unknown>, line 2).
INFO:src.hipporag.HippoRAG:Encoding 1 queries for query_to_passage.
INFO:src.hipporag.HippoRAG:Encoding 1 queries for query_to_passage.
WARNING:src.hipporag.rerank:Rerank parse failed on attempt 1 for query 'Where did the director of film Seven Women (1944 Film) die?': Error parsing raw response as candidate selection: Unable to parse structured payload: unterminated string literal (detected at line 1) (<unknown>, line 1).
INFO:src.hipporag.HippoRAG:Encoding 1 queries for query_to_passage.
INFO:src.hipporag.HippoRAG:Encoding 1 queries for query_to_passage.
INFO:src.hipporag.HippoRAG:Encoding 3 queries for query_to_passage.
WARNING:src.hipporag.rerank:Rerank parse failed on attempt 1 for query 'Which film was released earlier, Before I Disappear or Pravachakan?': Error parsing raw response as candidate selection: Unable to parse structured payload: unterminated string literal (detected at line 2) (<unknown>, line 2).
INFO:src.hipporag.HippoRAG:Encoding 3 queries for query_to_passage.
INFO:src.hipporag.HippoRAG:Encoding 1 queries for query_to_passage.
INFO:src.hipporag.HippoRAG:Encoding 1 queries for query_to_passage.
INFO:src.hipporag.HippoRAG:Encoding 2 queries for query_to_passage.
INFO:src.hipporag.HippoRAG:Encoding 1 queries for query_to_passage.
INFO:src.hipporag.HippoRAG:Encoding 1 queries for query_to_passage.
INFO:src.hipporag.HippoRAG:Encoding 1 queries for query_to_passage.
INFO:src.hipporag.HippoRAG:Encoding 1 queries for query_to_passage.
WARNING:src.hipporag.rerank:Rerank parse failed on attempt 1 for query "Where did Jean Gimpel's father die?": Error parsing raw response as candidate selection: Unable to parse structured payload: invalid syntax (<unknown>, line 1).
INFO:src.hipporag.HippoRAG:Encoding 1 queries for query_to_passage.
INFO:src.hipporag.HippoRAG:Encoding 1 queries for query_to_passage.
WARNING:src.hipporag.rerank:Rerank parse failed on attempt 1 for query 'Which film has the director who was born first, The Parson And The Outlaw or The Black Marble?': Error parsing raw response as candidate selection: Unable to parse structured payload: unterminated string literal (detected at line 2) (<unknown>, line 2).
INFO:src.hipporag.HippoRAG:Encoding 4 queries for query_to_passage.
INFO:src.hipporag.HippoRAG:Encoding 1 queries for query_to_passage.
INFO:src.hipporag.HippoRAG:Encoding 1 queries for query_to_passage.
WARNING:src.hipporag.rerank:Rerank parse failed on attempt 1 for query 'Which film was released more recently, Gola Barood or Babette Bomberling?': Error parsing raw response as candidate selection: Unable to parse structured payload: unterminated string literal (detected at line 2) (<unknown>, line 2).
INFO:src.hipporag.HippoRAG:Encoding 2 queries for query_to_passage.
INFO:src.hipporag.HippoRAG:Encoding 4 queries for query_to_passage.
WARNING:src.hipporag.rerank:Rerank parse failed on attempt 1 for query 'Which film has the director who died first, Robin Hood Of Monterey or Wedding With Erika?': Error parsing raw response as candidate selection: Unable to parse structured payload: unterminated string literal (detected at line 18) (<unknown>, line 18).
INFO:src.hipporag.HippoRAG:Encoding 4 queries for query_to_passage.
INFO:src.hipporag.HippoRAG:Encoding 1 queries for query_to_passage.
INFO:src.hipporag.HippoRAG:Encoding 1 queries for query_to_passage.
INFO:src.hipporag.HippoRAG:Encoding 1 queries for query_to_passage.
WARNING:src.hipporag.rerank:Rerank parse failed on attempt 1 for query 'What is the place of birth of the director of film The Blue And White Lion?': Error parsing raw response as candidate selection: Unable to parse structured payload: unterminated string literal (detected at line 2) (<unknown>, line 2).
INFO:src.hipporag.HippoRAG:Encoding 1 queries for query_to_passage.
WARNING:src.hipporag.rerank:Rerank parse failed on attempt 1 for query 'Which award the director of film The Dream Is Alive earned?': Error parsing raw response as candidate selection: Unable to parse structured payload: unterminated string literal (detected at line 8) (<unknown>, line 8).
INFO:src.hipporag.HippoRAG:Encoding 2 queries for query_to_passage.
WARNING:src.hipporag.rerank:Rerank parse failed on attempt 1 for query 'Which country the director of film Romanoff And Juliet (1961 Film) is from?': Error parsing raw response as candidate selection: Unable to parse structured payload: unterminated string literal (detected at line 2) (<unknown>, line 2).
INFO:src.hipporag.HippoRAG:Encoding 2 queries for query_to_passage.
INFO:src.hipporag.HippoRAG:Encoding 1 queries for query_to_passage.
WARNING:src.hipporag.rerank:Rerank parse failed on attempt 1 for query 'What is the place of birth of the director of film Man At The Carlton Tower?': Error parsing raw response as candidate selection: Unable to parse structured payload: unterminated string literal (detected at line 2) (<unknown>, line 2).
INFO:src.hipporag.HippoRAG:Encoding 1 queries for query_to_passage.
WARNING:src.hipporag.rerank:Rerank parse failed on attempt 1 for query "Where was the place of death of Amaury De Montfort (Died 1241)'s father?": Error parsing raw response as candidate selection: Unable to parse structured payload: unterminated string literal (detected at line 2) (<unknown>, line 2).
INFO:src.hipporag.HippoRAG:Encoding 1 queries for query_to_passage.
INFO:src.hipporag.HippoRAG:Encoding 1 queries for query_to_passage.
INFO:src.hipporag.HippoRAG:Encoding 1 queries for query_to_passage.
INFO:src.hipporag.HippoRAG:Encoding 1 queries for query_to_passage.
INFO:src.hipporag.HippoRAG:Encoding 1 queries for query_to_passage.
WARNING:src.hipporag.rerank:Rerank parse failed on attempt 1 for query 'What nationality is the performer of song Daddy, Come Home?': Error parsing raw response as candidate selection: Unable to parse structured payload: unterminated string literal (detected at line 2) (<unknown>, line 2).
INFO:src.hipporag.HippoRAG:Encoding 1 queries for query_to_passage.
INFO:src.hipporag.HippoRAG:Encoding 1 queries for query_to_passage.
INFO:src.hipporag.HippoRAG:Encoding 1 queries for query_to_passage.
INFO:src.hipporag.HippoRAG:Encoding 1 queries for query_to_passage.
INFO:src.hipporag.HippoRAG:Encoding 1 queries for query_to_passage.
INFO:src.hipporag.HippoRAG:Encoding 1 queries for query_to_passage.
WARNING:src.hipporag.rerank:Rerank parse failed on attempt 1 for query 'Which country the director of film Our Emden is from?': Error parsing raw response as candidate selection: Unable to parse structured payload: unterminated string literal (detected at line 2) (<unknown>, line 2).
INFO:src.hipporag.HippoRAG:Encoding 2 queries for query_to_passage.
INFO:src.hipporag.HippoRAG:Encoding 1 queries for query_to_passage.
WARNING:src.hipporag.rerank:Rerank parse failed on attempt 1 for query 'Are director of film Four Days In November and director of film The Romance Of Tarzan from the same country?': Error parsing raw response as candidate selection: Unable to parse structured payload: unterminated string literal (detected at line 1) (<unknown>, line 1).
INFO:src.hipporag.HippoRAG:Encoding 2 queries for query_to_passage.
INFO:src.hipporag.HippoRAG:Encoding 2 queries for query_to_passage.
INFO:src.hipporag.HippoRAG:Encoding 1 queries for query_to_passage.
WARNING:src.hipporag.rerank:Rerank parse failed on attempt 1 for query 'Which film has the director who died first, The Love Trader or Clancy Of The Mounted?': Error parsing raw response as candidate selection: Unable to parse structured payload: unterminated string literal (detected at line 2) (<unknown>, line 2).
INFO:src.hipporag.HippoRAG:Encoding 4 queries for query_to_passage.
INFO:src.hipporag.HippoRAG:Encoding 1 queries for query_to_passage.
WARNING:src.hipporag.rerank:Rerank parse failed on attempt 1 for query 'Which country the director of film Get Carter (2000 Film) is from?': Error parsing raw response as candidate selection: Unable to parse structured payload: unterminated string literal (detected at line 2) (<unknown>, line 2).
INFO:src.hipporag.HippoRAG:Encoding 1 queries for query_to_passage.
INFO:src.hipporag.HippoRAG:Encoding 1 queries for query_to_passage.
WARNING:src.hipporag.rerank:Rerank parse failed on attempt 1 for query 'Which film has the director who died first, Santa Fe Uprising or Trainer And Temptress?': Error parsing raw response as candidate selection: Unable to parse structured payload: unterminated string literal (detected at line 2) (<unknown>, line 2).
INFO:src.hipporag.HippoRAG:Encoding 4 queries for query_to_passage.
INFO:src.hipporag.HippoRAG:Encoding 2 queries for query_to_passage.
INFO:src.hipporag.HippoRAG:Encoding 1 queries for query_to_passage.
INFO:src.hipporag.HippoRAG:Encoding 1 queries for query_to_passage.
INFO:src.hipporag.HippoRAG:Encoding 1 queries for query_to_passage.
INFO:src.hipporag.HippoRAG:Encoding 2 queries for query_to_passage.
WARNING:src.hipporag.rerank:Rerank parse failed on attempt 1 for query 'Who is the maternal grandmother of Princess Catherine Of Württemberg?': Error parsing raw response as candidate selection: Unable to parse structured payload: unterminated string literal (detected at line 2) (<unknown>, line 2).
INFO:src.hipporag.HippoRAG:Encoding 1 queries for query_to_passage.
INFO:src.hipporag.HippoRAG:Encoding 1 queries for query_to_passage.
WARNING:src.hipporag.rerank:Rerank parse failed on attempt 1 for query "Where was the director of film Rembrandt'S J'Accuse born?": Error parsing raw response as candidate selection: Unable to parse structured payload: unterminated string literal (detected at line 2) (<unknown>, line 2).
INFO:src.hipporag.HippoRAG:Encoding 2 queries for query_to_passage.
INFO:src.hipporag.HippoRAG:Encoding 1 queries for query_to_passage.
INFO:src.hipporag.HippoRAG:Encoding 1 queries for query_to_passage.
WARNING:src.hipporag.rerank:Rerank parse failed on attempt 1 for query "Where does Gwen Graham's father work at?": Error parsing raw response as candidate selection: Unable to parse structured payload: unterminated string literal (detected at line 5) (<unknown>, line 5).
INFO:src.hipporag.HippoRAG:Encoding 1 queries for query_to_passage.
INFO:src.hipporag.HippoRAG:Encoding 1 queries for query_to_passage.
INFO:src.hipporag.HippoRAG:Encoding 3 queries for query_to_passage.
INFO:src.hipporag.HippoRAG:Encoding 1 queries for query_to_passage.
INFO:src.hipporag.HippoRAG:Encoding 1 queries for query_to_passage.
INFO:src.hipporag.HippoRAG:Encoding 1 queries for query_to_passage.
INFO:src.hipporag.HippoRAG:Encoding 1 queries for query_to_passage.
INFO:src.hipporag.HippoRAG:Encoding 1 queries for query_to_passage.
INFO:src.hipporag.HippoRAG:Encoding 1 queries for query_to_passage.
INFO:src.hipporag.HippoRAG:Encoding 4 queries for query_to_passage.
INFO:src.hipporag.HippoRAG:Encoding 1 queries for query_to_passage.
INFO:src.hipporag.HippoRAG:Encoding 1 queries for query_to_passage.
INFO:src.hipporag.HippoRAG:Encoding 1 queries for query_to_passage.
WARNING:src.hipporag.rerank:Rerank parse failed on attempt 1 for query 'What is the place of birth of the director of film Do Not Marry, Girls?': Error parsing raw response as candidate selection: Unable to parse structured payload: unterminated string literal (detected at line 5) (<unknown>, line 5).
INFO:src.hipporag.HippoRAG:Encoding 1 queries for query_to_passage.
WARNING:src.hipporag.rerank:Rerank parse failed on attempt 1 for query "When is Prince Raphael Rainer Of Thurn And Taxis's mother's birthday?": Error parsing raw response as candidate selection: Unable to parse structured payload: invalid decimal literal (<unknown>, line 4).
INFO:src.hipporag.HippoRAG:Encoding 1 queries for query_to_passage.
INFO:src.hipporag.HippoRAG:Encoding 1 queries for query_to_passage.
INFO:src.hipporag.HippoRAG:Encoding 1 queries for query_to_passage.
INFO:src.hipporag.HippoRAG:Encoding 1 queries for query_to_passage.
WARNING:src.hipporag.rerank:Rerank parse failed on attempt 1 for query 'Which award the director of film Sainikudu earned?': Error parsing raw response as candidate selection: Unable to parse structured payload: unterminated string literal (detected at line 2) (<unknown>, line 2).
INFO:src.hipporag.HippoRAG:Encoding 1 queries for query_to_passage.
INFO:src.hipporag.HippoRAG:Encoding 1 queries for query_to_passage.
WARNING:src.hipporag.rerank:Rerank parse failed on attempt 1 for query 'Where did the composer of film Pepo (Film) die?': Error parsing raw response as candidate selection: Unable to parse structured payload: unterminated string literal (detected at line 2) (<unknown>, line 2).
INFO:src.hipporag.HippoRAG:Encoding 1 queries for query_to_passage.
WARNING:src.hipporag.rerank:Rerank parse failed on attempt 1 for query 'Which film has the director who was born later, Complete Unknown or Dr. Goldfoot And The Girl Bombs?': Error parsing raw response as candidate selection: Unable to parse structured payload: unterminated string literal (detected at line 2) (<unknown>, line 2).
INFO:src.hipporag.HippoRAG:Encoding 4 queries for query_to_passage.
INFO:src.hipporag.HippoRAG:Encoding 1 queries for query_to_passage.
INFO:src.hipporag.HippoRAG:Encoding 1 queries for query_to_passage.
INFO:src.hipporag.HippoRAG:Encoding 1 queries for query_to_passage.
WARNING:src.hipporag.rerank:Rerank parse failed on attempt 1 for query "Where was the director of film Katka'S Reinette Apples born?": Error parsing raw response as candidate selection: Unable to parse structured payload: unterminated string literal (detected at line 2) (<unknown>, line 2).
INFO:src.hipporag.HippoRAG:Encoding 2 queries for query_to_passage.
INFO:src.hipporag.HippoRAG:Encoding 3 queries for query_to_passage.
INFO:src.hipporag.HippoRAG:Encoding 1 queries for query_to_passage.
WARNING:src.hipporag.rerank:Rerank parse failed on attempt 1 for query 'Where was the composer of film Love Story 1999 born?': Error parsing raw response as candidate selection: Unable to parse structured payload: unterminated string literal (detected at line 6) (<unknown>, line 6).
INFO:src.hipporag.HippoRAG:Encoding 1 queries for query_to_passage.
WARNING:src.hipporag.rerank:Rerank parse failed on attempt 1 for query 'Who is the uncle of Filippa Fleming?': Error parsing raw response as candidate selection: Unable to parse structured payload: unterminated string literal (detected at line 2) (<unknown>, line 2).
INFO:src.hipporag.HippoRAG:Encoding 2 queries for query_to_passage.
WARNING:src.hipporag.rerank:Rerank parse failed on attempt 1 for query 'Who died earlier, Emanuel Sayles or Božena Němcová?': Error parsing raw response as candidate selection: Unable to parse structured payload: unterminated string literal (detected at line 2) (<unknown>, line 2).
INFO:src.hipporag.HippoRAG:Encoding 2 queries for query_to_passage.
INFO:src.hipporag.HippoRAG:Encoding 4 queries for query_to_passage.
WARNING:src.hipporag.rerank:Rerank parse failed on attempt 1 for query 'Who is the mother of the director of film Student Of The Year?': Error parsing raw response as candidate selection: Unable to parse structured payload: unterminated string literal (detected at line 2) (<unknown>, line 2).
INFO:src.hipporag.HippoRAG:Encoding 1 queries for query_to_passage.
INFO:src.hipporag.HippoRAG:Encoding 1 queries for query_to_passage.
INFO:src.hipporag.HippoRAG:Encoding 1 queries for query_to_passage.
INFO:src.hipporag.HippoRAG:Encoding 1 queries for query_to_passage.
INFO:src.hipporag.HippoRAG:Encoding 1 queries for query_to_passage.
INFO:src.hipporag.HippoRAG:Encoding 1 queries for query_to_passage.
WARNING:src.hipporag.rerank:Rerank parse failed on attempt 1 for query 'Are both businesses, Google and Banco De Ponce, located in the same country?': Error parsing raw response as candidate selection: Unable to parse structured payload: unterminated string literal (detected at line 2) (<unknown>, line 2).
INFO:src.hipporag.HippoRAG:Encoding 3 queries for query_to_passage.
INFO:src.hipporag.HippoRAG:Encoding 1 queries for query_to_passage.
INFO:src.hipporag.HippoRAG:Encoding 1 queries for query_to_passage.
INFO:src.hipporag.HippoRAG:Encoding 1 queries for query_to_passage.
WARNING:src.hipporag.rerank:Rerank parse failed on attempt 1 for query 'Who was born first, Patrik Lácha or Brad Booth?': Error parsing raw response as candidate selection: Unable to parse structured payload: unterminated string literal (detected at line 2) (<unknown>, line 2).
INFO:src.hipporag.HippoRAG:Encoding 2 queries for query_to_passage.
WARNING:src.hipporag.rerank:Rerank parse failed on attempt 1 for query 'Who was born first, Katrien Aerts or Giuliano Rossi?': Error parsing raw response as candidate selection: Unable to parse structured payload: unterminated string literal (detected at line 2) (<unknown>, line 2).
INFO:src.hipporag.HippoRAG:Encoding 2 queries for query_to_passage.
INFO:src.hipporag.HippoRAG:Encoding 2 queries for query_to_passage.
INFO:src.hipporag.HippoRAG:Encoding 1 queries for query_to_passage.
INFO:src.hipporag.HippoRAG:Encoding 1 queries for query_to_passage.
WARNING:src.hipporag.rerank:Rerank parse failed on attempt 1 for query "What is the place of birth of Rohese Of Monmouth's husband?": Error parsing raw response as candidate selection: Unable to parse structured payload: unterminated string literal (detected at line 4) (<unknown>, line 4).
INFO:src.hipporag.HippoRAG:Encoding 1 queries for query_to_passage.
INFO:src.hipporag.HippoRAG:Encoding 1 queries for query_to_passage.
INFO:src.hipporag.HippoRAG:Encoding 1 queries for query_to_passage.
WARNING:src.hipporag.rerank:Rerank parse failed on attempt 1 for query 'Who is the paternal grandfather of Johann Nicolaus Bach?': Error parsing raw response as candidate selection: Unable to parse structured payload: unterminated string literal (detected at line 2) (<unknown>, line 2).
INFO:src.hipporag.HippoRAG:Encoding 1 queries for query_to_passage.
INFO:src.hipporag.HippoRAG:Encoding 1 queries for query_to_passage.
INFO:src.hipporag.HippoRAG:Encoding 1 queries for query_to_passage.
WARNING:src.hipporag.rerank:Rerank parse failed on attempt 1 for query 'Which film was released first, Moonnam Pakkam or Tribute To The Teachers?': Error parsing raw response as candidate selection: Unable to parse structured payload: invalid syntax (<unknown>, line 1).
INFO:src.hipporag.HippoRAG:Encoding 2 queries for query_to_passage.
WARNING:src.hipporag.rerank:Rerank parse failed on attempt 1 for query "Who is Tlilpotoncatzin's uncle?": Error parsing raw response as candidate selection: Unable to parse structured payload: unterminated string literal (detected at line 4) (<unknown>, line 4).
INFO:src.hipporag.HippoRAG:Encoding 3 queries for query_to_passage.
INFO:src.hipporag.HippoRAG:Encoding 1 queries for query_to_passage.
INFO:src.hipporag.HippoRAG:Encoding 1 queries for query_to_passage.
INFO:src.hipporag.HippoRAG:Encoding 1 queries for query_to_passage.
INFO:src.hipporag.HippoRAG:Encoding 2 queries for query_to_passage.
INFO:src.hipporag.HippoRAG:Encoding 1 queries for query_to_passage.
WARNING:src.hipporag.rerank:Rerank parse failed on attempt 1 for query 'Which award the performer of song You Changed Me won?': Error parsing raw response as candidate selection: Unable to parse structured payload: unterminated string literal (detected at line 2) (<unknown>, line 2).
INFO:src.hipporag.HippoRAG:Encoding 2 queries for query_to_passage.
INFO:src.hipporag.HippoRAG:Encoding 1 queries for query_to_passage.
WARNING:src.hipporag.rerank:Rerank parse failed on attempt 1 for query "Which film has the director who was born first, Who'S Your Brother? or The Last Outpost (1951 Film)?": Error parsing raw response as candidate selection: Unable to parse structured payload: unterminated string literal (detected at line 2) (<unknown>, line 2).
INFO:src.hipporag.HippoRAG:Encoding 4 queries for query_to_passage.
INFO:src.hipporag.HippoRAG:Encoding 1 queries for query_to_passage.
WARNING:src.hipporag.rerank:Rerank parse failed on attempt 1 for query 'Which film whose director was born first, Tree Without Fruit or Small Town Boy?': Error parsing raw response as candidate selection: Unable to parse structured payload: malformed node or string on line 1: <ast.BoolOp object at 0x7fac8ce6e6b0>.
INFO:httpx:HTTP Request: POST http://localhost:8041/v1/chat/completions "HTTP/1.1 200 OK"
INFO:src.hipporag.HippoRAG:Encoding 4 queries for query_to_passage.
INFO:src.hipporag.HippoRAG:Encoding 1 queries for query_to_passage.
INFO:src.hipporag.HippoRAG:Encoding 2 queries for query_to_passage.
INFO:src.hipporag.HippoRAG:Encoding 2 queries for query_to_passage.
WARNING:src.hipporag.rerank:Rerank parse failed on attempt 1 for query "Who is George Ii, Prince Of Waldeck And Pyrmont's paternal grandfather?": Error parsing raw response as candidate selection: Unable to parse structured payload: malformed node or string on line 1: <ast.Name object at 0x7fac8ce6ff40>.
INFO:httpx:HTTP Request: POST http://localhost:8041/v1/chat/completions "HTTP/1.1 200 OK"
INFO:src.hipporag.HippoRAG:Encoding 1 queries for query_to_passage.
INFO:src.hipporag.HippoRAG:Encoding 1 queries for query_to_passage.
INFO:src.hipporag.HippoRAG:Encoding 1 queries for query_to_passage.
WARNING:src.hipporag.rerank:Rerank parse failed on attempt 1 for query "Which country Şehzade Murad's father is from?": Error parsing raw response as candidate selection: Unable to parse structured payload: unterminated string literal (detected at line 2) (<unknown>, line 2).
INFO:src.hipporag.HippoRAG:Encoding 1 queries for query_to_passage.
INFO:src.hipporag.HippoRAG:Encoding 1 queries for query_to_passage.
INFO:src.hipporag.HippoRAG:Encoding 1 queries for query_to_passage.
INFO:src.hipporag.HippoRAG:Encoding 1 queries for query_to_passage.
WARNING:src.hipporag.rerank:Rerank parse failed on attempt 1 for query 'Where did the director of film The Power (1984 Film) graduate from?': Error parsing raw response as candidate selection: Unable to parse structured payload: unterminated string literal (detected at line 2) (<unknown>, line 2).
INFO:src.hipporag.HippoRAG:Encoding 2 queries for query_to_passage.
WARNING:src.hipporag.rerank:Rerank parse failed on attempt 1 for query "Where did the composer of song You'Ve Got What Gets Me die?": Error parsing raw response as candidate selection: Unable to parse structured payload: unterminated string literal (detected at line 2) (<unknown>, line 2).
INFO:src.hipporag.HippoRAG:Encoding 1 queries for query_to_passage.
INFO:src.hipporag.HippoRAG:Encoding 1 queries for query_to_passage.
WARNING:src.hipporag.rerank:Rerank parse failed on attempt 1 for query "Where was the place of death of Archibald Hamilton (1790–1815)'s father?": Error parsing raw response as candidate selection: Unable to parse structured payload: unterminated string literal (detected at line 6) (<unknown>, line 6).
INFO:src.hipporag.HippoRAG:Encoding 2 queries for query_to_passage.
WARNING:src.hipporag.rerank:Rerank parse failed on attempt 1 for query 'Which film whose director was born first, Curry And Pepper or End Of Watch?': Error parsing raw response as candidate selection: Unable to parse structured payload: unterminated string literal (detected at line 6) (<unknown>, line 6).
INFO:src.hipporag.HippoRAG:Encoding 4 queries for query_to_passage.
INFO:src.hipporag.HippoRAG:Encoding 1 queries for query_to_passage.
INFO:src.hipporag.HippoRAG:Encoding 2 queries for query_to_passage.
WARNING:src.hipporag.rerank:Rerank parse failed on attempt 1 for query "What is the date of death of Thomas Barnard's father?": Error parsing raw response as candidate selection: Unable to parse structured payload: unterminated string literal (detected at line 12) (<unknown>, line 12).
INFO:src.hipporag.HippoRAG:Encoding 1 queries for query_to_passage.
INFO:src.hipporag.HippoRAG:Encoding 1 queries for query_to_passage.
WARNING:src.hipporag.rerank:Rerank parse failed on attempt 1 for query 'What is the place of birth of the performer of song Dip (Song)?': Error parsing raw response as candidate selection: Unable to parse structured payload: unterminated string literal (detected at line 2) (<unknown>, line 2).
INFO:src.hipporag.HippoRAG:Encoding 1 queries for query_to_passage.
INFO:src.hipporag.HippoRAG:Encoding 1 queries for query_to_passage.
INFO:src.hipporag.HippoRAG:Encoding 1 queries for query_to_passage.
WARNING:src.hipporag.rerank:Rerank parse failed on attempt 1 for query 'Which film has the director who is older, The Last Airbender or Teyzem?': Error parsing raw response as candidate selection: Unable to parse structured payload: unterminated string literal (detected at line 2) (<unknown>, line 2).
INFO:src.hipporag.HippoRAG:Encoding 4 queries for query_to_passage.
INFO:src.hipporag.HippoRAG:Encoding 1 queries for query_to_passage.
INFO:src.hipporag.HippoRAG:Encoding 1 queries for query_to_passage.
INFO:src.hipporag.HippoRAG:Encoding 1 queries for query_to_passage.
WARNING:src.hipporag.rerank:Rerank parse failed on attempt 1 for query "Who is Anne Woodville's father-in-law?": Error parsing raw response as candidate selection: Unable to parse structured payload: unterminated string literal (detected at line 4) (<unknown>, line 4).
INFO:src.hipporag.HippoRAG:Encoding 2 queries for query_to_passage.
INFO:src.hipporag.HippoRAG:Encoding 1 queries for query_to_passage.
INFO:src.hipporag.HippoRAG:Encoding 1 queries for query_to_passage.
INFO:src.hipporag.HippoRAG:Encoding 1 queries for query_to_passage.
WARNING:src.hipporag.rerank:Rerank parse failed on attempt 1 for query 'Which album came out first, Sol Niger Within or The Magic Place?': Error parsing raw response as candidate selection: Unable to parse structured payload: unterminated string literal (detected at line 2) (<unknown>, line 2).
INFO:src.hipporag.HippoRAG:Encoding 3 queries for query_to_passage.
INFO:src.hipporag.HippoRAG:Encoding 1 queries for query_to_passage.
WARNING:src.hipporag.rerank:Rerank parse failed on attempt 1 for query 'Where was the director of film En Aasai Rasave born?': Error parsing raw response as candidate selection: Unable to parse structured payload: unterminated string literal (detected at line 2) (<unknown>, line 2).
INFO:src.hipporag.HippoRAG:Encoding 1 queries for query_to_passage.
INFO:src.hipporag.HippoRAG:Encoding 1 queries for query_to_passage.
WARNING:src.hipporag.rerank:Rerank parse failed on attempt 1 for query 'Who was born first out of Marco De Luigi and Fabio Maistro?': Error parsing raw response as candidate selection: Unable to parse structured payload: unterminated string literal (detected at line 1) (<unknown>, line 1).
INFO:src.hipporag.HippoRAG:Encoding 2 queries for query_to_passage.
WARNING:src.hipporag.rerank:Rerank parse failed on attempt 1 for query 'Which film whose director was born first, Anatomy Of Hell or Metello?': Error parsing raw response as candidate selection: Unable to parse structured payload: unterminated string literal (detected at line 12) (<unknown>, line 12).
INFO:src.hipporag.HippoRAG:Encoding 4 queries for query_to_passage.
INFO:src.hipporag.HippoRAG:Encoding 1 queries for query_to_passage.
INFO:src.hipporag.HippoRAG:Encoding 4 queries for query_to_passage.
INFO:src.hipporag.HippoRAG:Encoding 1 queries for query_to_passage.
WARNING:src.hipporag.rerank:Rerank parse failed on attempt 1 for query "Where did Salin Mibaya's father die?": Error parsing raw response as candidate selection: Unable to parse structured payload: unterminated string literal (detected at line 3) (<unknown>, line 3).
INFO:src.hipporag.HippoRAG:Encoding 1 queries for query_to_passage.
INFO:src.hipporag.HippoRAG:Encoding 1 queries for query_to_passage.
WARNING:src.hipporag.rerank:Rerank parse failed on attempt 1 for query 'Where did the director of film Hurricane At Pilgrim Hill die?': Error parsing raw response as candidate selection: Unable to parse structured payload: unterminated string literal (detected at line 2) (<unknown>, line 2).
INFO:src.hipporag.HippoRAG:Encoding 1 queries for query_to_passage.
INFO:src.hipporag.HippoRAG:Encoding 1 queries for query_to_passage.
INFO:src.hipporag.HippoRAG:Encoding 1 queries for query_to_passage.
INFO:src.hipporag.HippoRAG:Encoding 2 queries for query_to_passage.
INFO:src.hipporag.HippoRAG:Encoding 1 queries for query_to_passage.
INFO:src.hipporag.HippoRAG:Encoding 1 queries for query_to_passage.
INFO:src.hipporag.HippoRAG:Encoding 1 queries for query_to_passage.
INFO:src.hipporag.HippoRAG:Encoding 1 queries for query_to_passage.
WARNING:src.hipporag.rerank:Rerank parse failed on attempt 1 for query "When did Natalia Alexeievna (Wilhelmina Louisa Of Hesse-Darmstadt)'s mother die?": Error parsing raw response as candidate selection: Unable to parse structured payload: unterminated string literal (detected at line 4) (<unknown>, line 4).
INFO:src.hipporag.HippoRAG:Encoding 1 queries for query_to_passage.
INFO:src.hipporag.HippoRAG:Encoding 1 queries for query_to_passage.
WARNING:src.hipporag.rerank:Rerank parse failed on attempt 1 for query 'Who is the father-in-law of Elizabeth Somerset, Baroness Herbert?': Error parsing raw response as candidate selection: Unable to parse structured payload: unterminated string literal (detected at line 2) (<unknown>, line 2).
INFO:src.hipporag.HippoRAG:Encoding 2 queries for query_to_passage.
INFO:src.hipporag.HippoRAG:Encoding 1 queries for query_to_passage.
WARNING:src.hipporag.rerank:Rerank parse failed on attempt 1 for query "Which film was released more recently, Moscow Pride '06 or My Favourite Fabric?": Error parsing raw response as candidate selection: Unable to parse structured payload: leading zeros in decimal integer literals are not permitted; use an 0o prefix for octal integers (<unknown>, line 1).
INFO:src.hipporag.HippoRAG:Encoding 3 queries for query_to_passage.
WARNING:src.hipporag.rerank:Rerank parse failed on attempt 1 for query 'Which film whose director was born first, Poola Rangadu or Paganini Horror?': Error parsing raw response as candidate selection: Unable to parse structured payload: unterminated string literal (detected at line 9) (<unknown>, line 9).
INFO:src.hipporag.HippoRAG:Encoding 4 queries for query_to_passage.
INFO:src.hipporag.HippoRAG:Encoding 1 queries for query_to_passage.
INFO:src.hipporag.HippoRAG:Encoding 1 queries for query_to_passage.
INFO:src.hipporag.HippoRAG:Encoding 1 queries for query_to_passage.
INFO:src.hipporag.HippoRAG:Encoding 1 queries for query_to_passage.
INFO:src.hipporag.HippoRAG:Encoding 1 queries for query_to_passage.
WARNING:src.hipporag.rerank:Rerank parse failed on attempt 1 for query 'Where was the wife of Lou Breslow born?': Error parsing raw response as candidate selection: Unable to parse structured payload: unterminated string literal (detected at line 8) (<unknown>, line 8).
INFO:src.hipporag.HippoRAG:Encoding 1 queries for query_to_passage.
WARNING:src.hipporag.rerank:Rerank parse failed on attempt 1 for query 'Where did the director of film Shock Treatment (1964 Film) study?': Error parsing raw response as candidate selection: Unable to parse structured payload: unterminated string literal (detected at line 2) (<unknown>, line 2).
INFO:src.hipporag.HippoRAG:Encoding 2 queries for query_to_passage.
INFO:src.hipporag.HippoRAG:Encoding 1 queries for query_to_passage.
WARNING:src.hipporag.rerank:Rerank parse failed on attempt 1 for query 'Are director of film Susanna Whipped Cream and director of film Le Salamandre both from the same country?': Error parsing raw response as candidate selection: Unable to parse structured payload: unterminated string literal (detected at line 2) (<unknown>, line 2).
INFO:src.hipporag.HippoRAG:Encoding 2 queries for query_to_passage.
WARNING:src.hipporag.rerank:Rerank parse failed on attempt 1 for query 'Are both Russell High School (Ontario) and Westside Christian High School located in the same country?': Error parsing raw response as candidate selection: Unable to parse structured payload: unterminated string literal (detected at line 2) (<unknown>, line 2).
INFO:src.hipporag.HippoRAG:Encoding 2 queries for query_to_passage.
WARNING:src.hipporag.rerank:Rerank parse failed on attempt 1 for query "Who is Marjorie Flack's sibling-in-law?": Error parsing raw response as candidate selection: Unable to parse structured payload: unterminated string literal (detected at line 16) (<unknown>, line 16).
INFO:src.hipporag.HippoRAG:Encoding 3 queries for query_to_passage.
INFO:src.hipporag.HippoRAG:Encoding 1 queries for query_to_passage.
INFO:src.hipporag.HippoRAG:Encoding 1 queries for query_to_passage.
INFO:src.hipporag.HippoRAG:Encoding 1 queries for query_to_passage.
WARNING:src.hipporag.rerank:Rerank parse failed on attempt 1 for query 'Which film was released earlier, Soul Boy or Peut-Être?': Error parsing raw response as candidate selection: Unable to parse structured payload: unterminated string literal (detected at line 2) (<unknown>, line 2).
INFO:src.hipporag.HippoRAG:Encoding 3 queries for query_to_passage.
INFO:src.hipporag.HippoRAG:Encoding 1 queries for query_to_passage.
WARNING:src.hipporag.rerank:Rerank parse failed on attempt 1 for query 'Do both directors of films Friday The 13Th (1916 Film) and Beaumarchais (Film) share the same nationality?': Error parsing raw response as candidate selection: Unable to parse structured payload: unterminated string literal (detected at line 2) (<unknown>, line 2).
INFO:src.hipporag.HippoRAG:Encoding 2 queries for query_to_passage.
INFO:src.hipporag.HippoRAG:Encoding 1 queries for query_to_passage.
WARNING:src.hipporag.rerank:Rerank parse failed on attempt 1 for query "What nationality is Heather Jansch's husband?": Error parsing raw response as candidate selection: Unable to parse structured payload: unterminated string literal (detected at line 1) (<unknown>, line 1).
INFO:src.hipporag.HippoRAG:Encoding 1 queries for query_to_passage.
INFO:src.hipporag.HippoRAG:Encoding 1 queries for query_to_passage.
WARNING:src.hipporag.rerank:Rerank parse failed on attempt 1 for query 'Which film has the director who was born later, Bárbara Atómica or Three Lucky Fools?': Error parsing raw response as candidate selection: Unable to parse structured payload: unmatched ')' (<unknown>, line 6).
INFO:src.hipporag.HippoRAG:Encoding 4 queries for query_to_passage.
INFO:src.hipporag.HippoRAG:Encoding 1 queries for query_to_passage.
INFO:src.hipporag.HippoRAG:Encoding 1 queries for query_to_passage.
WARNING:src.hipporag.rerank:Rerank parse failed on attempt 1 for query "Where was the place of death of Lady Dorothy Macmillan's father?": Error parsing raw response as candidate selection: Unable to parse structured payload: unterminated string literal (detected at line 6) (<unknown>, line 6).
INFO:src.hipporag.HippoRAG:Encoding 1 queries for query_to_passage.
INFO:src.hipporag.HippoRAG:Encoding 1 queries for query_to_passage.
INFO:src.hipporag.HippoRAG:Encoding 1 queries for query_to_passage.
INFO:src.hipporag.HippoRAG:Encoding 1 queries for query_to_passage.
WARNING:src.hipporag.rerank:Rerank parse failed on attempt 1 for query "Where was the place of death of Nana Saheb's father?": Error parsing raw response as candidate selection: Unable to parse structured payload: unterminated string literal (detected at line 12) (<unknown>, line 12).
INFO:src.hipporag.HippoRAG:Encoding 1 queries for query_to_passage.
INFO:src.hipporag.HippoRAG:Encoding 1 queries for query_to_passage.
INFO:src.hipporag.HippoRAG:Encoding 2 queries for query_to_passage.
INFO:src.hipporag.HippoRAG:Encoding 1 queries for query_to_passage.
INFO:src.hipporag.HippoRAG:Encoding 1 queries for query_to_passage.
WARNING:src.hipporag.rerank:Rerank parse failed on attempt 1 for query "Which film came out earlier, The Complaint Of An Empress or Goldilocks And The Jivin' Bears?": Error parsing raw response as candidate selection: Unable to parse structured payload: unterminated string literal (detected at line 2) (<unknown>, line 2).
INFO:src.hipporag.HippoRAG:Encoding 2 queries for query_to_passage.
WARNING:src.hipporag.rerank:Rerank parse failed on attempt 1 for query "Which film has the director born earlier, Badman'S Gold or Sugar, Honey And Pepper?": Error parsing raw response as candidate selection: Unable to parse structured payload: unterminated string literal (detected at line 2) (<unknown>, line 2).
INFO:src.hipporag.HippoRAG:Encoding 4 queries for query_to_passage.
WARNING:src.hipporag.rerank:Rerank parse failed on attempt 1 for query 'Which film has the director born later, South American George or Getting In?': Error parsing raw response as candidate selection: Unable to parse structured payload: unterminated string literal (detected at line 2) (<unknown>, line 2).
INFO:src.hipporag.HippoRAG:Encoding 4 queries for query_to_passage.
INFO:src.hipporag.HippoRAG:Encoding 1 queries for query_to_passage.
INFO:src.hipporag.HippoRAG:Encoding 1 queries for query_to_passage.
INFO:src.hipporag.HippoRAG:Encoding 1 queries for query_to_passage.
INFO:src.hipporag.HippoRAG:Encoding 4 queries for query_to_passage.
WARNING:src.hipporag.rerank:Rerank parse failed on attempt 1 for query "What nationality is Lord Frederick Cavendish-Bentinck's father?": Error parsing raw response as candidate selection: Unable to parse structured payload: unterminated string literal (detected at line 4) (<unknown>, line 4).
INFO:src.hipporag.HippoRAG:Encoding 1 queries for query_to_passage.
INFO:src.hipporag.HippoRAG:Encoding 1 queries for query_to_passage.
INFO:src.hipporag.HippoRAG:Encoding 2 queries for query_to_passage.
INFO:src.hipporag.HippoRAG:Encoding 1 queries for query_to_passage.
INFO:src.hipporag.HippoRAG:Encoding 4 queries for query_to_passage.
INFO:src.hipporag.HippoRAG:Encoding 1 queries for query_to_passage.
INFO:src.hipporag.HippoRAG:Encoding 1 queries for query_to_passage.
WARNING:src.hipporag.rerank:Rerank parse failed on attempt 1 for query 'Who is the father of the director of film Homage At Siesta Time?': Error parsing raw response as candidate selection: Unable to parse structured payload: unterminated string literal (detected at line 2) (<unknown>, line 2).
INFO:src.hipporag.HippoRAG:Encoding 1 queries for query_to_passage.
INFO:src.hipporag.HippoRAG:Encoding 1 queries for query_to_passage.
INFO:src.hipporag.HippoRAG:Encoding 4 queries for query_to_passage.
INFO:src.hipporag.HippoRAG:Encoding 1 queries for query_to_passage.
WARNING:src.hipporag.rerank:Rerank parse failed on attempt 1 for query "What is the date of death of Mary Of Lancaster's mother?": Error parsing raw response as candidate selection: Unable to parse structured payload: unterminated string literal (detected at line 12) (<unknown>, line 12).
INFO:src.hipporag.HippoRAG:Encoding 1 queries for query_to_passage.
INFO:src.hipporag.HippoRAG:Encoding 1 queries for query_to_passage.
INFO:src.hipporag.HippoRAG:Encoding 1 queries for query_to_passage.
WARNING:src.hipporag.rerank:Rerank parse failed on attempt 1 for query 'Who is the maternal grandmother of Prince Dmitri Alexandrovich Of Russia?': Error parsing raw response as candidate selection: Unable to parse structured payload: unterminated string literal (detected at line 2) (<unknown>, line 2).
INFO:src.hipporag.HippoRAG:Encoding 1 queries for query_to_passage.
INFO:src.hipporag.HippoRAG:Encoding 1 queries for query_to_passage.
WARNING:src.hipporag.rerank:Rerank parse failed on attempt 1 for query "Who is Charles Willoughby, 10Th Baron Willoughby Of Parham's paternal grandfather?": Error parsing raw response as candidate selection: Unable to parse structured payload: unterminated string literal (detected at line 2) (<unknown>, line 2).
INFO:src.hipporag.HippoRAG:Encoding 2 queries for query_to_passage.
INFO:src.hipporag.HippoRAG:Encoding 1 queries for query_to_passage.
INFO:src.hipporag.HippoRAG:Encoding 1 queries for query_to_passage.
INFO:src.hipporag.HippoRAG:Encoding 1 queries for query_to_passage.
INFO:src.hipporag.HippoRAG:Encoding 1 queries for query_to_passage.
WARNING:src.hipporag.rerank:Rerank parse failed on attempt 1 for query "What nationality is Margaretha Van Mechelen's husband?": Error parsing raw response as candidate selection: Unable to parse structured payload: unterminated string literal (detected at line 6) (<unknown>, line 6).
INFO:src.hipporag.HippoRAG:Encoding 1 queries for query_to_passage.
WARNING:src.hipporag.rerank:Rerank parse failed on attempt 1 for query "Where did Grand Duchess Elena Vladimirovna Of Russia's father die?": Error parsing raw response as candidate selection: Unable to parse structured payload: unterminated string literal (detected at line 4) (<unknown>, line 4).
INFO:src.hipporag.HippoRAG:Encoding 1 queries for query_to_passage.
INFO:src.hipporag.HippoRAG:Encoding 1 queries for query_to_passage.
WARNING:src.hipporag.rerank:Rerank parse failed on attempt 1 for query 'Who is the paternal grandfather of Ferdinand Zvonimir Von Habsburg?': Error parsing raw response as candidate selection: Unable to parse structured payload: unterminated string literal (detected at line 2) (<unknown>, line 2).
INFO:src.hipporag.HippoRAG:Encoding 1 queries for query_to_passage.
INFO:src.hipporag.HippoRAG:Encoding 1 queries for query_to_passage.
INFO:src.hipporag.HippoRAG:Encoding 1 queries for query_to_passage.
WARNING:src.hipporag.rerank:Rerank parse failed on attempt 1 for query 'Who is older, Pattom A. Thanu Pillai or Francesco Boccapaduli?': Error parsing raw response as candidate selection: Unable to parse structured payload: unterminated string literal (detected at line 2) (<unknown>, line 2).
INFO:src.hipporag.HippoRAG:Encoding 3 queries for query_to_passage.
INFO:src.hipporag.HippoRAG:Encoding 2 queries for query_to_passage.
INFO:src.hipporag.HippoRAG:Encoding 1 queries for query_to_passage.
INFO:src.hipporag.HippoRAG:Encoding 3 queries for query_to_passage.
WARNING:src.hipporag.rerank:Rerank parse failed on attempt 1 for query 'Are Quaqtaq Airport and Fort Nelson/Gordon Field Airport located in the same country?': Error parsing raw response as candidate selection: Unable to parse structured payload: unterminated string literal (detected at line 2) (<unknown>, line 2).
INFO:src.hipporag.HippoRAG:Encoding 2 queries for query_to_passage.
WARNING:src.hipporag.rerank:Rerank parse failed on attempt 1 for query 'Who is the paternal grandmother of George Rodney, 3Rd Baron Rodney?': Error parsing raw response as candidate selection: Unable to parse structured payload: unterminated string literal (detected at line 2) (<unknown>, line 2).
INFO:src.hipporag.HippoRAG:Encoding 2 queries for query_to_passage.
INFO:src.hipporag.HippoRAG:Encoding 1 queries for query_to_passage.
INFO:src.hipporag.HippoRAG:Encoding 2 queries for query_to_passage.
INFO:src.hipporag.HippoRAG:Encoding 1 queries for query_to_passage.
WARNING:src.hipporag.rerank:Rerank parse failed on attempt 1 for query 'Where did the director of film Yamata die?': Error parsing raw response as candidate selection: Unable to parse structured payload: unterminated string literal (detected at line 2) (<unknown>, line 2).
INFO:src.hipporag.HippoRAG:Encoding 1 queries for query_to_passage.
WARNING:src.hipporag.rerank:Rerank parse failed on attempt 1 for query 'Which film has the director died earlier, Kanchana Sita or Ghost Of The China Sea?': Error parsing raw response as candidate selection: Unable to parse structured payload: unterminated string literal (detected at line 2) (<unknown>, line 2).
INFO:src.hipporag.HippoRAG:Encoding 2 queries for query_to_passage.
INFO:src.hipporag.HippoRAG:Encoding 1 queries for query_to_passage.
INFO:src.hipporag.HippoRAG:Encoding 1 queries for query_to_passage.
INFO:src.hipporag.HippoRAG:Encoding 1 queries for query_to_passage.
WARNING:src.hipporag.rerank:Rerank parse failed on attempt 1 for query 'Which film was released more recently, Die Mutter or Where Are You Going All Naked??': Error parsing raw response as candidate selection: Unable to parse structured payload: unterminated string literal (detected at line 2) (<unknown>, line 2).
INFO:src.hipporag.HippoRAG:Encoding 2 queries for query_to_passage.
WARNING:src.hipporag.rerank:Rerank parse failed on attempt 1 for query 'Which country the composer of film Brecha (2009 Film) is from?': Error parsing raw response as candidate selection: Unable to parse structured payload: unterminated string literal (detected at line 2) (<unknown>, line 2).
INFO:src.hipporag.HippoRAG:Encoding 2 queries for query_to_passage.
INFO:src.hipporag.HippoRAG:Encoding 1 queries for query_to_passage.
WARNING:src.hipporag.rerank:Rerank parse failed on attempt 1 for query 'Which film has the director born later, Hum Dil De Chuke Sanam or The Greyhound Limited?': Error parsing raw response as candidate selection: Unable to parse structured payload: unterminated string literal (detected at line 2) (<unknown>, line 2).
INFO:src.hipporag.HippoRAG:Encoding 4 queries for query_to_passage.
INFO:src.hipporag.HippoRAG:Encoding 1 queries for query_to_passage.
WARNING:src.hipporag.rerank:Rerank parse failed on attempt 1 for query 'Which film came out earlier, Aram + Aram = Kinnaram or Thayagam?': Error parsing raw response as candidate selection: Unable to parse structured payload: unterminated string literal (detected at line 2) (<unknown>, line 2).
INFO:src.hipporag.HippoRAG:Encoding 3 queries for query_to_passage.
INFO:src.hipporag.HippoRAG:Encoding 1 queries for query_to_passage.
INFO:src.hipporag.HippoRAG:Encoding 1 queries for query_to_passage.
INFO:src.hipporag.HippoRAG:Encoding 1 queries for query_to_passage.
INFO:src.hipporag.HippoRAG:Encoding 1 queries for query_to_passage.
INFO:src.hipporag.HippoRAG:Encoding 1 queries for query_to_passage.
INFO:src.hipporag.HippoRAG:Encoding 2 queries for query_to_passage.
WARNING:src.hipporag.rerank:Rerank parse failed on attempt 1 for query 'Which film was released earlier, Swept From The Sea or Aa Naluguru?': Error parsing raw response as candidate selection: Unable to parse structured payload: unterminated string literal (detected at line 2) (<unknown>, line 2).
INFO:src.hipporag.HippoRAG:Encoding 2 queries for query_to_passage.
INFO:src.hipporag.HippoRAG:Encoding 1 queries for query_to_passage.
WARNING:src.hipporag.rerank:Rerank parse failed on attempt 1 for query 'Who is the maternal grandmother of Marie De Namur?': Error parsing raw response as candidate selection: Unable to parse structured payload: unterminated string literal (detected at line 2) (<unknown>, line 2).
INFO:src.hipporag.HippoRAG:Encoding 1 queries for query_to_passage.
INFO:src.hipporag.HippoRAG:Encoding 1 queries for query_to_passage.
WARNING:src.hipporag.rerank:Rerank parse failed on attempt 1 for query 'Which film has the director died earlier, John Jaffer Janardhanan or Kamakalawa?': Error parsing raw response as candidate selection: Unable to parse structured payload: unterminated string literal (detected at line 2) (<unknown>, line 2).
INFO:src.hipporag.HippoRAG:Encoding 4 queries for query_to_passage.
INFO:src.hipporag.HippoRAG:Encoding 1 queries for query_to_passage.
INFO:src.hipporag.HippoRAG:Encoding 1 queries for query_to_passage.
WARNING:src.hipporag.rerank:Rerank parse failed on attempt 1 for query 'Who is older, Madeleine Robinson or Dušan Poliačik?': Error parsing raw response as candidate selection: Unable to parse structured payload: unterminated string literal (detected at line 2) (<unknown>, line 2).
INFO:src.hipporag.HippoRAG:Encoding 2 queries for query_to_passage.
INFO:src.hipporag.HippoRAG:Encoding 4 queries for query_to_passage.
INFO:src.hipporag.HippoRAG:Encoding 1 queries for query_to_passage.
INFO:src.hipporag.HippoRAG:Encoding 1 queries for query_to_passage.
WARNING:src.hipporag.rerank:Rerank parse failed on attempt 1 for query "Who is Teriimaevarua Iii's paternal grandmother?": Error parsing raw response as candidate selection: Unable to parse structured payload: unterminated string literal (detected at line 4) (<unknown>, line 4).
INFO:src.hipporag.HippoRAG:Encoding 3 queries for query_to_passage.
INFO:src.hipporag.HippoRAG:Encoding 1 queries for query_to_passage.
INFO:src.hipporag.HippoRAG:Encoding 1 queries for query_to_passage.
WARNING:src.hipporag.rerank:Rerank parse failed on attempt 1 for query 'What is the place of birth of the director of film Tammy And The T-Rex?': Error parsing raw response as candidate selection: Unable to parse structured payload: unterminated string literal (detected at line 2) (<unknown>, line 2).
INFO:src.hipporag.HippoRAG:Encoding 1 queries for query_to_passage.
INFO:src.hipporag.HippoRAG:Encoding 1 queries for query_to_passage.
INFO:src.hipporag.HippoRAG:Encoding 3 queries for query_to_passage.
INFO:src.hipporag.HippoRAG:Encoding 1 queries for query_to_passage.
WARNING:src.hipporag.rerank:Rerank parse failed on attempt 1 for query 'Which film has the director born earlier, Comedy! or Ven Mi Corazón Te Llama?': Error parsing raw response as candidate selection: Unable to parse structured payload: unterminated string literal (detected at line 2) (<unknown>, line 2).
INFO:src.hipporag.HippoRAG:Encoding 4 queries for query_to_passage.
INFO:src.hipporag.HippoRAG:Encoding 1 queries for query_to_passage.
INFO:src.hipporag.HippoRAG:Encoding 1 queries for query_to_passage.
WARNING:src.hipporag.rerank:Rerank parse failed on attempt 1 for query "Who is Robert Petre, 8Th Baron Petre's paternal grandmother?": Error parsing raw response as candidate selection: Unable to parse structured payload: unterminated string literal (detected at line 2) (<unknown>, line 2).
INFO:src.hipporag.HippoRAG:Encoding 2 queries for query_to_passage.
INFO:src.hipporag.HippoRAG:Encoding 1 queries for query_to_passage.
INFO:src.hipporag.HippoRAG:Encoding 2 queries for query_to_passage.
INFO:src.hipporag.HippoRAG:Encoding 1 queries for query_to_passage.
INFO:src.hipporag.HippoRAG:Encoding 1 queries for query_to_passage.
WARNING:src.hipporag.rerank:Rerank parse failed on attempt 1 for query 'Who is the spouse of the director of film Tonta, Tonta, Pero No Tanto?': Error parsing raw response as candidate selection: Unable to parse structured payload: unterminated string literal (detected at line 2) (<unknown>, line 2).
INFO:src.hipporag.HippoRAG:Encoding 1 queries for query_to_passage.
INFO:src.hipporag.HippoRAG:Encoding 1 queries for query_to_passage.
WARNING:src.hipporag.rerank:Rerank parse failed on attempt 1 for query 'Who is the maternal grandmother of Margaret Of Valois?': Error parsing raw response as candidate selection: Unable to parse structured payload: unterminated string literal (detected at line 2) (<unknown>, line 2).
INFO:src.hipporag.HippoRAG:Encoding 1 queries for query_to_passage.
INFO:src.hipporag.HippoRAG:Encoding 1 queries for query_to_passage.
INFO:src.hipporag.HippoRAG:Encoding 1 queries for query_to_passage.
INFO:src.hipporag.HippoRAG:Encoding 1 queries for query_to_passage.
WARNING:src.hipporag.rerank:Rerank parse failed on attempt 1 for query 'Which film has the director who was born earlier, The Marseille Contract or Strangers Of The Night?': Error parsing raw response as candidate selection: Unable to parse structured payload: unterminated string literal (detected at line 2) (<unknown>, line 2).
INFO:src.hipporag.HippoRAG:Encoding 4 queries for query_to_passage.
WARNING:src.hipporag.rerank:Rerank parse failed on attempt 1 for query 'Which film has the director who is older than the other, Colierul De Turcoaze or Leo And Loree?': Error parsing raw response as candidate selection: Unable to parse structured payload: unterminated string literal (detected at line 1) (<unknown>, line 1).
INFO:httpx:HTTP Request: POST http://localhost:8041/v1/chat/completions "HTTP/1.1 200 OK"
INFO:src.hipporag.HippoRAG:Encoding 4 queries for query_to_passage.
INFO:src.hipporag.HippoRAG:Encoding 1 queries for query_to_passage.
INFO:src.hipporag.HippoRAG:Encoding 2 queries for query_to_passage.
WARNING:src.hipporag.rerank:Rerank parse failed on attempt 1 for query 'What nationality is the director of film Paradox (2016 Film)?': Error parsing raw response as candidate selection: Unable to parse structured payload: unterminated string literal (detected at line 2) (<unknown>, line 2).
INFO:src.hipporag.HippoRAG:Encoding 1 queries for query_to_passage.
WARNING:src.hipporag.rerank:Rerank parse failed on attempt 1 for query "Who is Lionel Sackville-West, 3Rd Baron Sackville's child-in-law?": Error parsing raw response as candidate selection: Unable to parse structured payload: unterminated string literal (detected at line 4) (<unknown>, line 4).
INFO:src.hipporag.HippoRAG:Encoding 1 queries for query_to_passage.
INFO:src.hipporag.HippoRAG:Encoding 1 queries for query_to_passage.
INFO:src.hipporag.HippoRAG:Encoding 1 queries for query_to_passage.
INFO:src.hipporag.HippoRAG:Encoding 3 queries for query_to_passage.
INFO:src.hipporag.HippoRAG:Encoding 1 queries for query_to_passage.
WARNING:src.hipporag.rerank:Rerank parse failed on attempt 1 for query 'Which film whose director is younger, Wolves Of The North or Action In Arabia?': Error parsing raw response as candidate selection: Unable to parse structured payload: unterminated string literal (detected at line 2) (<unknown>, line 2).
INFO:src.hipporag.HippoRAG:Encoding 4 queries for query_to_passage.
WARNING:src.hipporag.rerank:Rerank parse failed on attempt 1 for query "Where was the director of film God'S Comedy born?": Error parsing raw response as candidate selection: Unable to parse structured payload: unterminated string literal (detected at line 2) (<unknown>, line 2).
INFO:src.hipporag.HippoRAG:Encoding 1 queries for query_to_passage.
INFO:src.hipporag.HippoRAG:Encoding 1 queries for query_to_passage.
INFO:src.hipporag.HippoRAG:Encoding 2 queries for query_to_passage.
INFO:src.hipporag.HippoRAG:Encoding 2 queries for query_to_passage.
WARNING:src.hipporag.rerank:Rerank parse failed on attempt 1 for query 'Are the movies Hellraiser: Revelations and Night Of Mystery, from the same country?': Error parsing raw response as candidate selection: Unable to parse structured payload: unterminated string literal (detected at line 2) (<unknown>, line 2).
INFO:src.hipporag.HippoRAG:Encoding 2 queries for query_to_passage.
WARNING:src.hipporag.rerank:Rerank parse failed on attempt 1 for query 'Which film has the director died earlier, Ethnic Notions or Gordon Of Ghost City?': Error parsing raw response as candidate selection: Unable to parse structured payload: unterminated string literal (detected at line 2) (<unknown>, line 2).
INFO:src.hipporag.HippoRAG:Encoding 4 queries for query_to_passage.
INFO:src.hipporag.HippoRAG:Encoding 1 queries for query_to_passage.
INFO:src.hipporag.HippoRAG:Encoding 3 queries for query_to_passage.
INFO:src.hipporag.HippoRAG:Encoding 4 queries for query_to_passage.
INFO:src.hipporag.HippoRAG:Encoding 1 queries for query_to_passage.
INFO:src.hipporag.HippoRAG:Encoding 1 queries for query_to_passage.
INFO:src.hipporag.HippoRAG:Encoding 1 queries for query_to_passage.
WARNING:src.hipporag.rerank:Rerank parse failed on attempt 1 for query "Where was the place of death of Joseph Ferdinand Of Bavaria's father?": Error parsing raw response as candidate selection: Unable to parse structured payload: unterminated string literal (detected at line 2) (<unknown>, line 2).
INFO:src.hipporag.HippoRAG:Encoding 2 queries for query_to_passage.
INFO:src.hipporag.HippoRAG:Encoding 1 queries for query_to_passage.
INFO:src.hipporag.HippoRAG:Encoding 1 queries for query_to_passage.
INFO:src.hipporag.HippoRAG:Encoding 1 queries for query_to_passage.
INFO:src.hipporag.HippoRAG:Encoding 2 queries for query_to_passage.
INFO:src.hipporag.HippoRAG:Encoding 1 queries for query_to_passage.
INFO:src.hipporag.HippoRAG:Encoding 1 queries for query_to_passage.
INFO:src.hipporag.HippoRAG:Encoding 1 queries for query_to_passage.
INFO:src.hipporag.HippoRAG:Encoding 1 queries for query_to_passage.
INFO:src.hipporag.HippoRAG:Encoding 1 queries for query_to_passage.
WARNING:src.hipporag.rerank:Rerank parse failed on attempt 1 for query 'Which film was released first, College Coach or Los Últimos Días?': Error parsing raw response as candidate selection: Unable to parse structured payload: unterminated string literal (detected at line 6) (<unknown>, line 6).
INFO:src.hipporag.HippoRAG:Encoding 2 queries for query_to_passage.
WARNING:src.hipporag.rerank:Rerank parse failed on attempt 1 for query "Who is Princess Adrienne, Duchess Of Blekinge's mother?": Error parsing raw response as candidate selection: Unable to parse structured payload: unterminated string literal (detected at line 2) (<unknown>, line 2).
INFO:src.hipporag.HippoRAG:Encoding 1 queries for query_to_passage.
INFO:src.hipporag.HippoRAG:Encoding 1 queries for query_to_passage.
INFO:src.hipporag.HippoRAG:Encoding 1 queries for query_to_passage.
INFO:src.hipporag.HippoRAG:Encoding 2 queries for query_to_passage.
INFO:src.hipporag.HippoRAG:Encoding 1 queries for query_to_passage.
WARNING:src.hipporag.rerank:Rerank parse failed on attempt 1 for query 'What is the place of birth of the director of film The Wanted 18?': Error parsing raw response as candidate selection: Unable to parse structured payload: unterminated string literal (detected at line 5) (<unknown>, line 5).
INFO:src.hipporag.HippoRAG:Encoding 1 queries for query_to_passage.
INFO:src.hipporag.HippoRAG:Encoding 1 queries for query_to_passage.
INFO:src.hipporag.HippoRAG:Encoding 1 queries for query_to_passage.
INFO:src.hipporag.HippoRAG:Encoding 1 queries for query_to_passage.
INFO:src.hipporag.HippoRAG:Encoding 2 queries for query_to_passage.
WARNING:src.hipporag.rerank:Rerank parse failed on attempt 1 for query 'Where was the director of film Aylwin (Film) born?': Error parsing raw response as candidate selection: Unable to parse structured payload: unterminated string literal (detected at line 3) (<unknown>, line 3).
INFO:src.hipporag.HippoRAG:Encoding 2 queries for query_to_passage.
WARNING:src.hipporag.rerank:Rerank parse failed on attempt 1 for query "Where was the place of burial of Euphemia Of Pomerania's father?": Error parsing raw response as candidate selection: Unable to parse structured payload: unterminated string literal (detected at line 6) (<unknown>, line 6).
INFO:src.hipporag.HippoRAG:Encoding 1 queries for query_to_passage.
INFO:src.hipporag.HippoRAG:Encoding 1 queries for query_to_passage.
INFO:src.hipporag.HippoRAG:Encoding 1 queries for query_to_passage.
WARNING:src.hipporag.rerank:Rerank parse failed on attempt 1 for query 'Which film has the director born earlier, Did A Good Man Die? or The Last Of The Knucklemen?': Error parsing raw response as candidate selection: Unable to parse structured payload: unterminated string literal (detected at line 2) (<unknown>, line 2).
INFO:src.hipporag.HippoRAG:Encoding 4 queries for query_to_passage.
INFO:src.hipporag.HippoRAG:Encoding 1 queries for query_to_passage.
INFO:src.hipporag.HippoRAG:Encoding 2 queries for query_to_passage.
INFO:src.hipporag.HippoRAG:Encoding 1 queries for query_to_passage.
INFO:src.hipporag.HippoRAG:Encoding 3 queries for query_to_passage.
WARNING:src.hipporag.rerank:Rerank parse failed on attempt 1 for query 'Which film has the director who is older than the other, Safe Haven (Film) or Nomad: In The Footsteps Of Bruce Chatwin?': Error parsing raw response as candidate selection: Unable to parse structured payload: unterminated string literal (detected at line 1) (<unknown>, line 1).
INFO:httpx:HTTP Request: POST http://localhost:8041/v1/chat/completions "HTTP/1.1 200 OK"
INFO:src.hipporag.HippoRAG:Encoding 4 queries for query_to_passage.
INFO:src.hipporag.HippoRAG:Encoding 1 queries for query_to_passage.
INFO:src.hipporag.HippoRAG:Encoding 1 queries for query_to_passage.
INFO:src.hipporag.HippoRAG:Encoding 1 queries for query_to_passage.
WARNING:src.hipporag.rerank:Rerank parse failed on attempt 1 for query 'Do both films The Majesty Of The Law and The Taint (Film) have the directors that share the same nationality?': Error parsing raw response as candidate selection: Unable to parse structured payload: unterminated string literal (detected at line 2) (<unknown>, line 2).
INFO:src.hipporag.HippoRAG:Encoding 2 queries for query_to_passage.
INFO:src.hipporag.HippoRAG:Encoding 2 queries for query_to_passage.
INFO:src.hipporag.HippoRAG:Encoding 1 queries for query_to_passage.
INFO:src.hipporag.HippoRAG:Encoding 3 queries for query_to_passage.
INFO:src.hipporag.HippoRAG:Encoding 2 queries for query_to_passage.
WARNING:src.hipporag.rerank:Rerank parse failed on attempt 1 for query 'Which film has the director born first, Toto And Cleopatra or Land Of Peace?': Error parsing raw response as candidate selection: Unable to parse structured payload: unterminated string literal (detected at line 2) (<unknown>, line 2).
INFO:src.hipporag.HippoRAG:Encoding 4 queries for query_to_passage.
WARNING:src.hipporag.rerank:Rerank parse failed on attempt 1 for query 'Which film has the director born first, Shah Jahan Regency or Fatma Bacı?': Error parsing raw response as candidate selection: Unable to parse structured payload: unterminated string literal (detected at line 4) (<unknown>, line 4).
INFO:src.hipporag.HippoRAG:Encoding 4 queries for query_to_passage.
INFO:src.hipporag.HippoRAG:Encoding 1 queries for query_to_passage.
INFO:src.hipporag.HippoRAG:Encoding 1 queries for query_to_passage.
WARNING:src.hipporag.rerank:Rerank parse failed on attempt 1 for query "What is the date of birth of Archduke Karl Pius Of Austria, Prince Of Tuscany's mother?": Error parsing raw response as candidate selection: Unable to parse structured payload: unterminated string literal (detected at line 4) (<unknown>, line 4).
INFO:src.hipporag.HippoRAG:Encoding 1 queries for query_to_passage.
INFO:src.hipporag.HippoRAG:Encoding 1 queries for query_to_passage.
INFO:src.hipporag.HippoRAG:Encoding 1 queries for query_to_passage.
WARNING:src.hipporag.rerank:Rerank parse failed on attempt 1 for query 'Where was the place of death of the director of film They Only Kill Their Masters?': Error parsing raw response as candidate selection: Unable to parse structured payload: unterminated string literal (detected at line 2) (<unknown>, line 2).
INFO:src.hipporag.HippoRAG:Encoding 1 queries for query_to_passage.
INFO:src.hipporag.HippoRAG:Encoding 1 queries for query_to_passage.
INFO:src.hipporag.HippoRAG:Encoding 1 queries for query_to_passage.
INFO:src.hipporag.HippoRAG:Encoding 2 queries for query_to_passage.
INFO:src.hipporag.HippoRAG:Encoding 1 queries for query_to_passage.
WARNING:src.hipporag.rerank:Rerank parse failed on attempt 1 for query 'Are Chemours and Hadag located in the same country?': Error parsing raw response as candidate selection: Unable to parse structured payload: unterminated string literal (detected at line 5) (<unknown>, line 5).
INFO:src.hipporag.HippoRAG:Encoding 3 queries for query_to_passage.
INFO:src.hipporag.HippoRAG:Encoding 1 queries for query_to_passage.
INFO:src.hipporag.HippoRAG:Encoding 1 queries for query_to_passage.
WARNING:src.hipporag.rerank:Rerank parse failed on attempt 1 for query 'Where did the director of film Reverse (Film) study?': Error parsing raw response as candidate selection: Unable to parse structured payload: unterminated string literal (detected at line 2) (<unknown>, line 2).
INFO:src.hipporag.HippoRAG:Encoding 1 queries for query_to_passage.
INFO:src.hipporag.HippoRAG:Encoding 1 queries for query_to_passage.
WARNING:src.hipporag.rerank:Rerank parse failed on attempt 1 for query 'Which film has the director died later, Pacific Rendezvous or Calling Bulldog Drummond?': Error parsing raw response as candidate selection: Unable to parse structured payload: unterminated string literal (detected at line 2) (<unknown>, line 2).
INFO:src.hipporag.HippoRAG:Encoding 4 queries for query_to_passage.
INFO:src.hipporag.HippoRAG:Encoding 1 queries for query_to_passage.
INFO:src.hipporag.HippoRAG:Encoding 1 queries for query_to_passage.
WARNING:src.hipporag.rerank:Rerank parse failed on attempt 1 for query 'Which film was released earlier, The Pistol: The Birth Of A Legend or Unborn In The Usa?': Error parsing raw response as candidate selection: Unable to parse structured payload: unterminated string literal (detected at line 2) (<unknown>, line 2).
INFO:src.hipporag.HippoRAG:Encoding 3 queries for query_to_passage.
WARNING:src.hipporag.rerank:Rerank parse failed on attempt 1 for query "When was Joseph-Édouard Perrault's father born?": Error parsing raw response as candidate selection: Unable to parse structured payload: invalid syntax (<unknown>, line 1).
INFO:src.hipporag.HippoRAG:Encoding 2 queries for query_to_passage.
INFO:src.hipporag.HippoRAG:Encoding 1 queries for query_to_passage.
INFO:src.hipporag.HippoRAG:Encoding 2 queries for query_to_passage.
INFO:src.hipporag.HippoRAG:Encoding 2 queries for query_to_passage.
WARNING:src.hipporag.rerank:Rerank parse failed on attempt 1 for query "When did the composer of film The Sparrow'S Fluttering die?": Error parsing raw response as candidate selection: Unable to parse structured payload: unterminated string literal (detected at line 2) (<unknown>, line 2).
INFO:src.hipporag.HippoRAG:Encoding 1 queries for query_to_passage.
INFO:src.hipporag.HippoRAG:Encoding 1 queries for query_to_passage.
WARNING:src.hipporag.rerank:Rerank parse failed on attempt 1 for query 'Where was the place of death of the director of film The Picture Of Dorian Gray (1945 Film)?': Error parsing raw response as candidate selection: Unable to parse structured payload: unterminated string literal (detected at line 1) (<unknown>, line 1).
INFO:src.hipporag.HippoRAG:Encoding 1 queries for query_to_passage.
INFO:src.hipporag.HippoRAG:Encoding 1 queries for query_to_passage.
INFO:src.hipporag.HippoRAG:Encoding 1 queries for query_to_passage.
INFO:src.hipporag.HippoRAG:Encoding 3 queries for query_to_passage.
WARNING:src.hipporag.rerank:Rerank parse failed on attempt 1 for query "What is the place of birth of Tatiana Schlossberg's mother?": Error parsing raw response as candidate selection: Unable to parse structured payload: unterminated string literal (detected at line 6) (<unknown>, line 6).
INFO:src.hipporag.HippoRAG:Encoding 1 queries for query_to_passage.
INFO:src.hipporag.HippoRAG:Encoding 1 queries for query_to_passage.
WARNING:src.hipporag.rerank:Rerank parse failed on attempt 1 for query 'Do both films All Souls (Film) and Atomised (Film) have the directors from the same country?': Error parsing raw response as candidate selection: Unable to parse structured payload: unterminated string literal (detected at line 2) (<unknown>, line 2).
INFO:src.hipporag.HippoRAG:Encoding 2 queries for query_to_passage.
WARNING:src.hipporag.rerank:Rerank parse failed on attempt 1 for query 'Which film has the director who is older, The Gamecock (Film) or Monster A Go-Go?': Error parsing raw response as candidate selection: Unable to parse structured payload: unterminated string literal (detected at line 2) (<unknown>, line 2).
INFO:src.hipporag.HippoRAG:Encoding 4 queries for query_to_passage.
INFO:src.hipporag.HippoRAG:Encoding 1 queries for query_to_passage.
INFO:src.hipporag.HippoRAG:Encoding 2 queries for query_to_passage.
WARNING:src.hipporag.rerank:Rerank parse failed on attempt 1 for query "Who is Gothelo I, Duke Of Lorraine's paternal grandmother?": Error parsing raw response as candidate selection: Unable to parse structured payload: unterminated string literal (detected at line 4) (<unknown>, line 4).
INFO:src.hipporag.HippoRAG:Encoding 3 queries for query_to_passage.
INFO:src.hipporag.HippoRAG:Encoding 1 queries for query_to_passage.
INFO:src.hipporag.HippoRAG:Encoding 1 queries for query_to_passage.
INFO:src.hipporag.HippoRAG:Encoding 1 queries for query_to_passage.
INFO:src.hipporag.HippoRAG:Encoding 1 queries for query_to_passage.
INFO:src.hipporag.HippoRAG:Encoding 1 queries for query_to_passage.
INFO:src.hipporag.HippoRAG:Encoding 2 queries for query_to_passage.
INFO:src.hipporag.HippoRAG:Encoding 1 queries for query_to_passage.
INFO:src.hipporag.HippoRAG:Encoding 1 queries for query_to_passage.
INFO:src.hipporag.HippoRAG:Encoding 1 queries for query_to_passage.
WARNING:src.hipporag.rerank:Rerank parse failed on attempt 1 for query 'Are both Cupid The Cowpuncher and Hashimura Togo from the same country?': Error parsing raw response as candidate selection: Unable to parse structured payload: unterminated string literal (detected at line 2) (<unknown>, line 2).
INFO:src.hipporag.HippoRAG:Encoding 2 queries for query_to_passage.
WARNING:src.hipporag.rerank:Rerank parse failed on attempt 1 for query 'Which film has the director born earlier, Frankenstein 90 or Messenger Of Death?': Error parsing raw response as candidate selection: Unable to parse structured payload: unterminated string literal (detected at line 2) (<unknown>, line 2).
INFO:src.hipporag.HippoRAG:Encoding 4 queries for query_to_passage.
INFO:src.hipporag.HippoRAG:Encoding 1 queries for query_to_passage.
INFO:src.hipporag.HippoRAG:Encoding 1 queries for query_to_passage.
WARNING:src.hipporag.rerank:Rerank parse failed on attempt 1 for query 'Which film has the director who died later, The Whisperers or Concert Of Intrigue?': Error parsing raw response as candidate selection: Unable to parse structured payload: unterminated string literal (detected at line 2) (<unknown>, line 2).
INFO:src.hipporag.HippoRAG:Encoding 4 queries for query_to_passage.
INFO:src.hipporag.HippoRAG:Encoding 1 queries for query_to_passage.
INFO:src.hipporag.HippoRAG:Encoding 1 queries for query_to_passage.
INFO:src.hipporag.HippoRAG:Encoding 1 queries for query_to_passage.
INFO:src.hipporag.HippoRAG:Encoding 1 queries for query_to_passage.
INFO:src.hipporag.HippoRAG:Encoding 1 queries for query_to_passage.
WARNING:src.hipporag.rerank:Rerank parse failed on attempt 1 for query 'Are both directors of films The Pit And The Pendulum (1913 Film) and How Sweet It Is! from the same country?': Error parsing raw response as candidate selection: Unable to parse structured payload: unterminated string literal (detected at line 2) (<unknown>, line 2).
INFO:src.hipporag.HippoRAG:Encoding 3 queries for query_to_passage.
WARNING:src.hipporag.rerank:Rerank parse failed on attempt 1 for query 'Do both A Daughter Of Australia (1922 Film) and Autoerotic (Film) films have the directors from the same country?': Error parsing raw response as candidate selection: Unable to parse structured payload: unterminated string literal (detected at line 2) (<unknown>, line 2).
INFO:src.hipporag.HippoRAG:Encoding 4 queries for query_to_passage.
INFO:src.hipporag.HippoRAG:Encoding 1 queries for query_to_passage.
INFO:src.hipporag.HippoRAG:Encoding 1 queries for query_to_passage.
INFO:src.hipporag.HippoRAG:Encoding 2 queries for query_to_passage.
INFO:src.hipporag.HippoRAG:Encoding 1 queries for query_to_passage.
INFO:src.hipporag.HippoRAG:Encoding 1 queries for query_to_passage.
INFO:src.hipporag.HippoRAG:Encoding 1 queries for query_to_passage.
INFO:src.hipporag.HippoRAG:Encoding 1 queries for query_to_passage.
INFO:src.hipporag.HippoRAG:Encoding 4 queries for query_to_passage.
INFO:src.hipporag.HippoRAG:Encoding 1 queries for query_to_passage.
INFO:src.hipporag.HippoRAG:Encoding 1 queries for query_to_passage.
INFO:src.hipporag.HippoRAG:Encoding 1 queries for query_to_passage.
WARNING:src.hipporag.rerank:Rerank parse failed on attempt 1 for query "Which film has the director who was born first, O'Shaughnessy'S Boy or Sunday Light?": Error parsing raw response as candidate selection: Unable to parse structured payload: unterminated string literal (detected at line 2) (<unknown>, line 2).
INFO:src.hipporag.HippoRAG:Encoding 4 queries for query_to_passage.
INFO:src.hipporag.HippoRAG:Encoding 1 queries for query_to_passage.
WARNING:src.hipporag.rerank:Rerank parse failed on attempt 1 for query 'Who is the father-in-law of Từ Dụ?': Error parsing raw response as candidate selection: Unable to parse structured payload: unterminated string literal (detected at line 2) (<unknown>, line 2).
INFO:src.hipporag.HippoRAG:Encoding 1 queries for query_to_passage.
INFO:src.hipporag.HippoRAG:Encoding 1 queries for query_to_passage.
INFO:src.hipporag.HippoRAG:Encoding 1 queries for query_to_passage.
INFO:src.hipporag.HippoRAG:Encoding 3 queries for query_to_passage.
INFO:src.hipporag.HippoRAG:Encoding 3 queries for query_to_passage.
INFO:src.hipporag.HippoRAG:Encoding 1 queries for query_to_passage.
INFO:src.hipporag.HippoRAG:Encoding 1 queries for query_to_passage.
INFO:src.hipporag.HippoRAG:Encoding 1 queries for query_to_passage.
WARNING:src.hipporag.rerank:Rerank parse failed on attempt 1 for query 'Who is younger, Halcón Suriano Jr. or Pierre De Geyter?': Error parsing raw response as candidate selection: Unable to parse structured payload: unterminated string literal (detected at line 2) (<unknown>, line 2).
INFO:src.hipporag.HippoRAG:Encoding 2 queries for query_to_passage.
INFO:src.hipporag.HippoRAG:Encoding 1 queries for query_to_passage.
WARNING:src.hipporag.rerank:Rerank parse failed on attempt 1 for query 'What is the place of birth of the director of film Forgotten Light?': Error parsing raw response as candidate selection: Unable to parse structured payload: unterminated string literal (detected at line 2) (<unknown>, line 2).
INFO:src.hipporag.HippoRAG:Encoding 1 queries for query_to_passage.
INFO:src.hipporag.HippoRAG:Encoding 1 queries for query_to_passage.
WARNING:src.hipporag.rerank:Rerank parse failed on attempt 1 for query 'Which film has the director died first, Showdown At Boot Hill or The Walls Of Hell?': Error parsing raw response as candidate selection: Unable to parse structured payload: unterminated string literal (detected at line 2) (<unknown>, line 2).
INFO:src.hipporag.HippoRAG:Encoding 4 queries for query_to_passage.
INFO:src.hipporag.HippoRAG:Encoding 1 queries for query_to_passage.
INFO:src.hipporag.HippoRAG:Encoding 1 queries for query_to_passage.
INFO:src.hipporag.HippoRAG:Encoding 1 queries for query_to_passage.
INFO:src.hipporag.HippoRAG:Encoding 1 queries for query_to_passage.
INFO:src.hipporag.HippoRAG:Encoding 1 queries for query_to_passage.
WARNING:src.hipporag.rerank:Rerank parse failed on attempt 1 for query "Which country Tajlu Khanum's husband is from?": Error parsing raw response as candidate selection: Unable to parse structured payload: unterminated string literal (detected at line 8) (<unknown>, line 8).
INFO:src.hipporag.HippoRAG:Encoding 1 queries for query_to_passage.
INFO:src.hipporag.HippoRAG:Encoding 1 queries for query_to_passage.
WARNING:src.hipporag.rerank:Rerank parse failed on attempt 1 for query 'Who is the mother-in-law of Louise Of Mecklenburg-Güstrow?': Error parsing raw response as candidate selection: Unable to parse structured payload: unterminated string literal (detected at line 2) (<unknown>, line 2).
INFO:src.hipporag.HippoRAG:Encoding 2 queries for query_to_passage.
INFO:src.hipporag.HippoRAG:Encoding 1 queries for query_to_passage.
INFO:src.hipporag.HippoRAG:Encoding 1 queries for query_to_passage.
WARNING:src.hipporag.rerank:Rerank parse failed on attempt 1 for query "Who is Henriette Of France (1727–1752)'s maternal grandfather?": Error parsing raw response as candidate selection: Unable to parse structured payload: unterminated string literal (detected at line 2) (<unknown>, line 2).
INFO:src.hipporag.HippoRAG:Encoding 2 queries for query_to_passage.
INFO:src.hipporag.HippoRAG:Encoding 1 queries for query_to_passage.
INFO:src.hipporag.HippoRAG:Encoding 1 queries for query_to_passage.
INFO:src.hipporag.HippoRAG:Encoding 3 queries for query_to_passage.
INFO:src.hipporag.HippoRAG:Encoding 1 queries for query_to_passage.
INFO:src.hipporag.HippoRAG:Encoding 1 queries for query_to_passage.
INFO:src.hipporag.HippoRAG:Encoding 1 queries for query_to_passage.
INFO:src.hipporag.HippoRAG:Encoding 1 queries for query_to_passage.
WARNING:src.hipporag.rerank:Rerank parse failed on attempt 1 for query 'Who lived longer, Jean-Rodolphe Perronet or Gunnar Wiklund?': Error parsing raw response as candidate selection: Unable to parse structured payload: unterminated string literal (detected at line 2) (<unknown>, line 2).
INFO:src.hipporag.HippoRAG:Encoding 4 queries for query_to_passage.
WARNING:src.hipporag.rerank:Rerank parse failed on attempt 1 for query 'What is the place of birth of the director of film Guai Ai Vinti?': Error parsing raw response as candidate selection: Unable to parse structured payload: unterminated string literal (detected at line 5) (<unknown>, line 5).
INFO:src.hipporag.HippoRAG:Encoding 1 queries for query_to_passage.
INFO:src.hipporag.HippoRAG:Encoding 1 queries for query_to_passage.
INFO:src.hipporag.HippoRAG:Encoding 4 queries for query_to_passage.
INFO:src.hipporag.HippoRAG:Encoding 1 queries for query_to_passage.
INFO:src.hipporag.HippoRAG:Encoding 4 queries for query_to_passage.
WARNING:src.hipporag.rerank:Rerank parse failed on attempt 1 for query 'What is the place of birth of the director of film Under The Cards?': Error parsing raw response as candidate selection: Unable to parse structured payload: unterminated string literal (detected at line 2) (<unknown>, line 2).
INFO:src.hipporag.HippoRAG:Encoding 1 queries for query_to_passage.
INFO:src.hipporag.HippoRAG:Encoding 4 queries for query_to_passage.
INFO:src.hipporag.HippoRAG:Encoding 1 queries for query_to_passage.
INFO:src.hipporag.HippoRAG:Encoding 3 queries for query_to_passage.
WARNING:src.hipporag.rerank:Rerank parse failed on attempt 1 for query 'Who is the paternal grandfather of Reginald I Of Guelders?': Error parsing raw response as candidate selection: Unable to parse structured payload: unterminated string literal (detected at line 2) (<unknown>, line 2).
INFO:src.hipporag.HippoRAG:Encoding 2 queries for query_to_passage.
INFO:src.hipporag.HippoRAG:Encoding 1 queries for query_to_passage.
INFO:src.hipporag.HippoRAG:Encoding 1 queries for query_to_passage.
INFO:src.hipporag.HippoRAG:Encoding 1 queries for query_to_passage.
WARNING:src.hipporag.rerank:Rerank parse failed on attempt 1 for query 'Does Eddie Murray (Rugby League) have the same nationality as Henry Talbot (Photographer)?': Error parsing raw response as candidate selection: Unable to parse structured payload: invalid syntax (<unknown>, line 1).
INFO:src.hipporag.HippoRAG:Encoding 3 queries for query_to_passage.
INFO:src.hipporag.HippoRAG:Encoding 1 queries for query_to_passage.
INFO:src.hipporag.HippoRAG:Encoding 2 queries for query_to_passage.
WARNING:src.hipporag.rerank:Rerank parse failed on attempt 1 for query "Which film came out earlier, A Lizard In A Woman'S Skin or Hyderabad Nawabs?": Error parsing raw response as candidate selection: Unable to parse structured payload: unterminated string literal (detected at line 2) (<unknown>, line 2).
INFO:src.hipporag.HippoRAG:Encoding 3 queries for query_to_passage.
INFO:src.hipporag.HippoRAG:Encoding 1 queries for query_to_passage.
INFO:src.hipporag.HippoRAG:Encoding 1 queries for query_to_passage.
INFO:src.hipporag.HippoRAG:Encoding 1 queries for query_to_passage.
INFO:src.hipporag.HippoRAG:Encoding 1 queries for query_to_passage.
WARNING:src.hipporag.rerank:Rerank parse failed on attempt 1 for query 'Which film has the director who died earlier, The Toast Of Death or The Famous Mrs. Fair?': Error parsing raw response as candidate selection: Unable to parse structured payload: unterminated string literal (detected at line 2) (<unknown>, line 2).
INFO:src.hipporag.HippoRAG:Encoding 4 queries for query_to_passage.
INFO:src.hipporag.HippoRAG:Encoding 1 queries for query_to_passage.
INFO:src.hipporag.HippoRAG:Encoding 1 queries for query_to_passage.
WARNING:src.hipporag.rerank:Rerank parse failed on attempt 1 for query "Where was the place of death of Neferneferure's mother?": Error parsing raw response as candidate selection: Unable to parse structured payload: unterminated string literal (detected at line 2) (<unknown>, line 2).
INFO:src.hipporag.HippoRAG:Encoding 2 queries for query_to_passage.
INFO:src.hipporag.HippoRAG:Encoding 1 queries for query_to_passage.
WARNING:src.hipporag.rerank:Rerank parse failed on attempt 1 for query "When was Princess Feodora Of Denmark's father born?": Error parsing raw response as candidate selection: Unable to parse structured payload: unterminated string literal (detected at line 8) (<unknown>, line 8).
INFO:src.hipporag.HippoRAG:Encoding 1 queries for query_to_passage.
INFO:src.hipporag.HippoRAG:Encoding 1 queries for query_to_passage.
WARNING:src.hipporag.rerank:Rerank parse failed on attempt 1 for query 'Where was the mother of Berengaria Of Portugal born?': Error parsing raw response as candidate selection: Unable to parse structured payload: unterminated string literal (detected at line 2) (<unknown>, line 2).
INFO:src.hipporag.HippoRAG:Encoding 1 queries for query_to_passage.
INFO:src.hipporag.HippoRAG:Encoding 1 queries for query_to_passage.
WARNING:src.hipporag.rerank:Rerank parse failed on attempt 1 for query "Where was the place of burial of Cleopatra Of Jerusalem's husband?": Error parsing raw response as candidate selection: Unable to parse structured payload: unterminated string literal (detected at line 6) (<unknown>, line 6).
INFO:src.hipporag.HippoRAG:Encoding 2 queries for query_to_passage.
INFO:src.hipporag.HippoRAG:Encoding 1 queries for query_to_passage.
WARNING:src.hipporag.rerank:Rerank parse failed on attempt 1 for query "What is the date of death of Vlatko Vuković's father?": Error parsing raw response as candidate selection: Unable to parse structured payload: unterminated string literal (detected at line 2) (<unknown>, line 2).
INFO:src.hipporag.HippoRAG:Encoding 1 queries for query_to_passage.
INFO:src.hipporag.HippoRAG:Encoding 1 queries for query_to_passage.
INFO:src.hipporag.HippoRAG:Encoding 1 queries for query_to_passage.
INFO:src.hipporag.HippoRAG:Encoding 1 queries for query_to_passage.
INFO:src.hipporag.HippoRAG:Encoding 1 queries for query_to_passage.
INFO:src.hipporag.HippoRAG:Encoding 1 queries for query_to_passage.
INFO:src.hipporag.HippoRAG:Encoding 4 queries for query_to_passage.
INFO:src.hipporag.HippoRAG:Encoding 1 queries for query_to_passage.
INFO:src.hipporag.HippoRAG:Encoding 2 queries for query_to_passage.
INFO:src.hipporag.HippoRAG:Encoding 1 queries for query_to_passage.
INFO:src.hipporag.HippoRAG:Encoding 3 queries for query_to_passage.
INFO:src.hipporag.HippoRAG:Encoding 4 queries for query_to_passage.
INFO:src.hipporag.HippoRAG:Encoding 1 queries for query_to_passage.
INFO:src.hipporag.HippoRAG:Encoding 1 queries for query_to_passage.
WARNING:src.hipporag.rerank:Rerank parse failed on attempt 1 for query 'Which film has the director who is older, Drive A Crooked Road or Kingdom In The Clouds?': Error parsing raw response as candidate selection: Unable to parse structured payload: unterminated string literal (detected at line 2) (<unknown>, line 2).
INFO:src.hipporag.HippoRAG:Encoding 4 queries for query_to_passage.
INFO:src.hipporag.HippoRAG:Encoding 1 queries for query_to_passage.
WARNING:src.hipporag.rerank:Rerank parse failed on attempt 1 for query 'Who died earlier, Lazarus Fletcher or Sir William Brereton, 1St Baronet?': Error parsing raw response as candidate selection: Unable to parse structured payload: invalid decimal literal (<unknown>, line 5).
INFO:src.hipporag.HippoRAG:Encoding 3 queries for query_to_passage.
WARNING:src.hipporag.rerank:Rerank parse failed on attempt 1 for query "Where did Edward, 2Nd Duke Of York's father die?": Error parsing raw response as candidate selection: Unable to parse structured payload: invalid syntax (<unknown>, line 1).
INFO:src.hipporag.HippoRAG:Encoding 1 queries for query_to_passage.
INFO:src.hipporag.HippoRAG:Encoding 1 queries for query_to_passage.
INFO:src.hipporag.HippoRAG:Encoding 1 queries for query_to_passage.
INFO:src.hipporag.HippoRAG:Encoding 1 queries for query_to_passage.
WARNING:src.hipporag.rerank:Rerank parse failed on attempt 1 for query 'Which film was released earlier, Striporama or The World And His Wife?': Error parsing raw response as candidate selection: Unable to parse structured payload: unterminated string literal (detected at line 4) (<unknown>, line 4).
INFO:src.hipporag.HippoRAG:Encoding 3 queries for query_to_passage.
WARNING:src.hipporag.rerank:Rerank parse failed on attempt 1 for query 'Who died later, Alicia Little or Christopher Addison, 1St Viscount Addison?': Error parsing raw response as candidate selection: Unable to parse structured payload: invalid decimal literal (<unknown>, line 2).
INFO:src.hipporag.HippoRAG:Encoding 3 queries for query_to_passage.
INFO:src.hipporag.HippoRAG:Encoding 1 queries for query_to_passage.
WARNING:src.hipporag.rerank:Rerank parse failed on attempt 1 for query 'Which film has the director who was born later, Il Diavolo In Convento or The Big Broadcast Of 1936?': Error parsing raw response as candidate selection: Unable to parse structured payload: unterminated string literal (detected at line 2) (<unknown>, line 2).
INFO:src.hipporag.HippoRAG:Encoding 4 queries for query_to_passage.
WARNING:src.hipporag.rerank:Rerank parse failed on attempt 1 for query 'Who is the maternal grandmother of Eleanor Of Brittany (Abbess)?': Error parsing raw response as candidate selection: Unable to parse structured payload: unterminated string literal (detected at line 6) (<unknown>, line 6).
INFO:src.hipporag.HippoRAG:Encoding 1 queries for query_to_passage.
INFO:src.hipporag.HippoRAG:Encoding 1 queries for query_to_passage.
INFO:src.hipporag.HippoRAG:Encoding 4 queries for query_to_passage.
INFO:src.hipporag.HippoRAG:Encoding 2 queries for query_to_passage.
INFO:src.hipporag.HippoRAG:Encoding 1 queries for query_to_passage.
INFO:src.hipporag.HippoRAG:Encoding 1 queries for query_to_passage.
WARNING:src.hipporag.rerank:Rerank parse failed on attempt 1 for query 'Who is the paternal grandfather of Engelbert Iii Of The Mark?': Error parsing raw response as candidate selection: Unable to parse structured payload: unterminated string literal (detected at line 2) (<unknown>, line 2).
INFO:src.hipporag.HippoRAG:Encoding 1 queries for query_to_passage.
INFO:src.hipporag.HippoRAG:Encoding 1 queries for query_to_passage.
WARNING:src.hipporag.rerank:Rerank parse failed on attempt 1 for query 'Who is the paternal grandfather of Rudolf Of Żagań?': Error parsing raw response as candidate selection: Unable to parse structured payload: unterminated string literal (detected at line 2) (<unknown>, line 2).
INFO:src.hipporag.HippoRAG:Encoding 1 queries for query_to_passage.
INFO:src.hipporag.HippoRAG:Encoding 1 queries for query_to_passage.
WARNING:src.hipporag.rerank:Rerank parse failed on attempt 1 for query "Where was the place of burial of Ælfwine Of Deira's father?": Error parsing raw response as candidate selection: Unable to parse structured payload: unterminated string literal (detected at line 2) (<unknown>, line 2).
INFO:src.hipporag.HippoRAG:Encoding 1 queries for query_to_passage.
INFO:src.hipporag.HippoRAG:Encoding 1 queries for query_to_passage.
INFO:src.hipporag.HippoRAG:Encoding 1 queries for query_to_passage.
WARNING:src.hipporag.rerank:Rerank parse failed on attempt 1 for query "What is the date of death of Ferdinand, Prince Of Solms-Braunfels's father?": Error parsing raw response as candidate selection: Unable to parse structured payload: unterminated string literal (detected at line 2) (<unknown>, line 2).
INFO:src.hipporag.HippoRAG:Encoding 1 queries for query_to_passage.
INFO:src.hipporag.HippoRAG:Encoding 1 queries for query_to_passage.
INFO:src.hipporag.HippoRAG:Encoding 1 queries for query_to_passage.
INFO:src.hipporag.HippoRAG:Encoding 1 queries for query_to_passage.
WARNING:src.hipporag.rerank:Rerank parse failed on attempt 1 for query "Who is Eustace Iii, Count Of Boulogne's uncle?": Error parsing raw response as candidate selection: Unable to parse structured payload: unterminated string literal (detected at line 6) (<unknown>, line 6).
INFO:src.hipporag.HippoRAG:Encoding 1 queries for query_to_passage.
WARNING:src.hipporag.rerank:Rerank parse failed on attempt 1 for query 'Which film has the director born first, S Durga or Sweet Emma, Dear Böbe?': Error parsing raw response as candidate selection: Unable to parse structured payload: invalid decimal literal (<unknown>, line 12).
INFO:src.hipporag.HippoRAG:Encoding 4 queries for query_to_passage.
INFO:src.hipporag.HippoRAG:Encoding 1 queries for query_to_passage.
INFO:src.hipporag.HippoRAG:Encoding 1 queries for query_to_passage.
WARNING:src.hipporag.rerank:Rerank parse failed on attempt 1 for query 'Are Nancy Drew… Trouble Shooter and Wilderness (Miniseries) both from the same country?': Error parsing raw response as candidate selection: Unable to parse structured payload: unterminated string literal (detected at line 2) (<unknown>, line 2).
INFO:src.hipporag.HippoRAG:Encoding 2 queries for query_to_passage.
INFO:src.hipporag.HippoRAG:Encoding 3 queries for query_to_passage.
INFO:src.hipporag.HippoRAG:Encoding 1 queries for query_to_passage.
INFO:src.hipporag.HippoRAG:Encoding 1 queries for query_to_passage.
INFO:src.hipporag.HippoRAG:Encoding 2 queries for query_to_passage.
INFO:src.hipporag.HippoRAG:Encoding 1 queries for query_to_passage.
INFO:src.hipporag.HippoRAG:Encoding 1 queries for query_to_passage.
INFO:src.hipporag.HippoRAG:Encoding 1 queries for query_to_passage.
INFO:src.hipporag.HippoRAG:Encoding 1 queries for query_to_passage.
INFO:src.hipporag.HippoRAG:Encoding 4 queries for query_to_passage.
INFO:src.hipporag.HippoRAG:Encoding 1 queries for query_to_passage.
INFO:src.hipporag.HippoRAG:Encoding 1 queries for query_to_passage.
WARNING:src.hipporag.rerank:Rerank parse failed on attempt 1 for query "Where was the place of burial of Ælfgar, Earl Of Mercia's father?": Error parsing raw response as candidate selection: Unable to parse structured payload: unterminated string literal (detected at line 2) (<unknown>, line 2).
INFO:src.hipporag.HippoRAG:Encoding 1 queries for query_to_passage.
INFO:src.hipporag.HippoRAG:Encoding 1 queries for query_to_passage.
INFO:src.hipporag.HippoRAG:Encoding 1 queries for query_to_passage.
WARNING:src.hipporag.rerank:Rerank parse failed on attempt 1 for query 'Are both movies, The Almighty Dollar (1923 Film) and Alfons Zitterbacke, from the same country?': Error parsing raw response as candidate selection: Unable to parse structured payload: unterminated string literal (detected at line 3) (<unknown>, line 3).
INFO:src.hipporag.HippoRAG:Encoding 2 queries for query_to_passage.
WARNING:src.hipporag.rerank:Rerank parse failed on attempt 1 for query "When was John Of Ibelin, The Old Lord Of Beirut's father born?": Error parsing raw response as candidate selection: Unable to parse structured payload: unterminated string literal (detected at line 4) (<unknown>, line 4).
INFO:src.hipporag.HippoRAG:Encoding 1 queries for query_to_passage.
INFO:src.hipporag.HippoRAG:Encoding 1 queries for query_to_passage.
INFO:src.hipporag.HippoRAG:Encoding 1 queries for query_to_passage.
INFO:src.hipporag.HippoRAG:Encoding 1 queries for query_to_passage.
INFO:src.hipporag.HippoRAG:Encoding 1 queries for query_to_passage.
WARNING:src.hipporag.rerank:Rerank parse failed on attempt 1 for query 'Are Frederick Elliott Brown and John Yule both from the same country?': Error parsing raw response as candidate selection: Unable to parse structured payload: unterminated string literal (detected at line 1) (<unknown>, line 1).
INFO:src.hipporag.HippoRAG:Encoding 2 queries for query_to_passage.
WARNING:src.hipporag.rerank:Rerank parse failed on attempt 1 for query 'What is the place of birth of the director of film The Great Dome Robbery?': Error parsing raw response as candidate selection: Unable to parse structured payload: invalid syntax (<unknown>, line 1).
INFO:src.hipporag.HippoRAG:Encoding 1 queries for query_to_passage.
WARNING:src.hipporag.rerank:Rerank parse failed on attempt 1 for query "What is the place of birth of the director of film Vent D'Est?": Error parsing raw response as candidate selection: Unable to parse structured payload: unterminated string literal (detected at line 2) (<unknown>, line 2).
INFO:src.hipporag.HippoRAG:Encoding 1 queries for query_to_passage.
INFO:src.hipporag.HippoRAG:Encoding 1 queries for query_to_passage.
INFO:src.hipporag.HippoRAG:Encoding 1 queries for query_to_passage.
WARNING:src.hipporag.rerank:Rerank parse failed on attempt 1 for query "Which film has the director born first, Free Hand For A Tough Cop or Man'S Favorite Sport??": Error parsing raw response as candidate selection: Unable to parse structured payload: unterminated string literal (detected at line 2) (<unknown>, line 2).
INFO:src.hipporag.HippoRAG:Encoding 4 queries for query_to_passage.
INFO:src.hipporag.HippoRAG:Encoding 1 queries for query_to_passage.
WARNING:src.hipporag.rerank:Rerank parse failed on attempt 1 for query 'What nationality is the composer of film The Merry Monahans?': Error parsing raw response as candidate selection: Unable to parse structured payload: unterminated string literal (detected at line 2) (<unknown>, line 2).
INFO:src.hipporag.HippoRAG:Encoding 1 queries for query_to_passage.
INFO:src.hipporag.HippoRAG:Encoding 1 queries for query_to_passage.
WARNING:src.hipporag.rerank:Rerank parse failed on attempt 1 for query 'Did the movies Laserblast and The Life Of Juanita Castro, originate from the same country?': Error parsing raw response as candidate selection: Unable to parse structured payload: unterminated string literal (detected at line 1) (<unknown>, line 1).
INFO:src.hipporag.HippoRAG:Encoding 2 queries for query_to_passage.
INFO:src.hipporag.HippoRAG:Encoding 1 queries for query_to_passage.
INFO:src.hipporag.HippoRAG:Encoding 1 queries for query_to_passage.
INFO:src.hipporag.HippoRAG:Encoding 1 queries for query_to_passage.
INFO:src.hipporag.HippoRAG:Encoding 4 queries for query_to_passage.
INFO:src.hipporag.HippoRAG:Encoding 1 queries for query_to_passage.
INFO:src.hipporag.HippoRAG:Encoding 1 queries for query_to_passage.
INFO:src.hipporag.HippoRAG:Encoding 1 queries for query_to_passage.
INFO:src.hipporag.HippoRAG:Encoding 1 queries for query_to_passage.
WARNING:src.hipporag.rerank:Rerank parse failed on attempt 1 for query 'Which film has the director born earlier, Mummy & Me or Gideon And Samson: Great Leaders Of The Bible?': Error parsing raw response as candidate selection: Unable to parse structured payload: unterminated string literal (detected at line 12) (<unknown>, line 12).
INFO:src.hipporag.HippoRAG:Encoding 4 queries for query_to_passage.
INFO:src.hipporag.HippoRAG:Encoding 1 queries for query_to_passage.
INFO:src.hipporag.HippoRAG:Encoding 3 queries for query_to_passage.
INFO:src.hipporag.HippoRAG:Encoding 3 queries for query_to_passage.
INFO:src.hipporag.HippoRAG:Encoding 3 queries for query_to_passage.
INFO:src.hipporag.HippoRAG:Encoding 1 queries for query_to_passage.
INFO:src.hipporag.HippoRAG:Encoding 1 queries for query_to_passage.
INFO:src.hipporag.HippoRAG:Encoding 3 queries for query_to_passage.
INFO:src.hipporag.HippoRAG:Encoding 1 queries for query_to_passage.
WARNING:src.hipporag.rerank:Rerank parse failed on attempt 1 for query "Who is Edith Of Wessex's mother-in-law?": Error parsing raw response as candidate selection: Unable to parse structured payload: unterminated string literal (detected at line 2) (<unknown>, line 2).
INFO:src.hipporag.HippoRAG:Encoding 2 queries for query_to_passage.
INFO:src.hipporag.HippoRAG:Encoding 1 queries for query_to_passage.
INFO:src.hipporag.HippoRAG:Encoding 1 queries for query_to_passage.
WARNING:src.hipporag.rerank:Rerank parse failed on attempt 1 for query 'Which film has the director who died earlier, The Prince And The Dancer or The Brown Wallet?': Error parsing raw response as candidate selection: Unable to parse structured payload: unterminated string literal (detected at line 2) (<unknown>, line 2).
INFO:src.hipporag.HippoRAG:Encoding 4 queries for query_to_passage.
INFO:src.hipporag.HippoRAG:Encoding 1 queries for query_to_passage.
INFO:src.hipporag.HippoRAG:Encoding 1 queries for query_to_passage.
INFO:src.hipporag.HippoRAG:Encoding 4 queries for query_to_passage.
WARNING:src.hipporag.rerank:Rerank parse failed on attempt 1 for query 'Who died earlier, Joseph Dudley or Francisco Herrera Luque?': Error parsing raw response as candidate selection: Unable to parse structured payload: unterminated string literal (detected at line 2) (<unknown>, line 2).
INFO:src.hipporag.HippoRAG:Encoding 2 queries for query_to_passage.
WARNING:src.hipporag.rerank:Rerank parse failed on attempt 1 for query 'What nationality is the director of film Vortex (1976 Film)?': Error parsing raw response as candidate selection: Unable to parse structured payload: unterminated string literal (detected at line 2) (<unknown>, line 2).
INFO:src.hipporag.HippoRAG:Encoding 1 queries for query_to_passage.
INFO:src.hipporag.HippoRAG:Encoding 1 queries for query_to_passage.
INFO:src.hipporag.HippoRAG:Encoding 1 queries for query_to_passage.
WARNING:src.hipporag.rerank:Rerank parse failed on attempt 1 for query "Who is Felicia Of Roucy's mother-in-law?": Error parsing raw response as candidate selection: Unable to parse structured payload: unterminated string literal (detected at line 2) (<unknown>, line 2).
INFO:src.hipporag.HippoRAG:Encoding 2 queries for query_to_passage.
INFO:src.hipporag.HippoRAG:Encoding 1 queries for query_to_passage.
INFO:src.hipporag.HippoRAG:Encoding 4 queries for query_to_passage.
INFO:src.hipporag.HippoRAG:Encoding 1 queries for query_to_passage.
WARNING:src.hipporag.rerank:Rerank parse failed on attempt 1 for query 'Where was the father of Teodor Pejačević born?': Error parsing raw response as candidate selection: Unable to parse structured payload: unterminated string literal (detected at line 2) (<unknown>, line 2).
INFO:src.hipporag.HippoRAG:Encoding 1 queries for query_to_passage.
INFO:src.hipporag.HippoRAG:Encoding 1 queries for query_to_passage.
WARNING:src.hipporag.rerank:Rerank parse failed on attempt 1 for query 'Are The Collector (2002 Film) and Gulîstan, Land Of Roses both from the same country?': Error parsing raw response as candidate selection: Unable to parse structured payload: unterminated string literal (detected at line 2) (<unknown>, line 2).
INFO:src.hipporag.HippoRAG:Encoding 2 queries for query_to_passage.
INFO:src.hipporag.HippoRAG:Encoding 4 queries for query_to_passage.
INFO:src.hipporag.HippoRAG:Encoding 1 queries for query_to_passage.
INFO:src.hipporag.HippoRAG:Encoding 1 queries for query_to_passage.
INFO:src.hipporag.HippoRAG:Encoding 2 queries for query_to_passage.
INFO:src.hipporag.HippoRAG:Encoding 1 queries for query_to_passage.
WARNING:src.hipporag.rerank:Rerank parse failed on attempt 1 for query "Where was the place of burial of Parysatis Ii's husband?": Error parsing raw response as candidate selection: Unable to parse structured payload: unterminated string literal (detected at line 6) (<unknown>, line 6).
INFO:src.hipporag.HippoRAG:Encoding 1 queries for query_to_passage.
INFO:src.hipporag.HippoRAG:Encoding 1 queries for query_to_passage.
INFO:src.hipporag.HippoRAG:Encoding 1 queries for query_to_passage.
WARNING:src.hipporag.rerank:Rerank parse failed on attempt 1 for query 'Where was the director of film Broadway Gold born?': Error parsing raw response as candidate selection: Unable to parse structured payload: unterminated string literal (detected at line 2) (<unknown>, line 2).
INFO:src.hipporag.HippoRAG:Encoding 1 queries for query_to_passage.
INFO:src.hipporag.HippoRAG:Encoding 1 queries for query_to_passage.
INFO:src.hipporag.HippoRAG:Encoding 2 queries for query_to_passage.
INFO:src.hipporag.HippoRAG:Encoding 1 queries for query_to_passage.
WARNING:src.hipporag.rerank:Rerank parse failed on attempt 1 for query "Who is Gilukhipa's paternal grandfather?": Error parsing raw response as candidate selection: Unable to parse structured payload: unterminated string literal (detected at line 2) (<unknown>, line 2).
INFO:src.hipporag.HippoRAG:Encoding 1 queries for query_to_passage.
INFO:src.hipporag.HippoRAG:Encoding 1 queries for query_to_passage.
INFO:src.hipporag.HippoRAG:Encoding 4 queries for query_to_passage.
WARNING:src.hipporag.rerank:Rerank parse failed on attempt 1 for query 'Where was the father of Belgutei born?': Error parsing raw response as candidate selection: Unable to parse structured payload: unterminated string literal (detected at line 6) (<unknown>, line 6).
INFO:src.hipporag.HippoRAG:Encoding 1 queries for query_to_passage.
INFO:src.hipporag.HippoRAG:Encoding 1 queries for query_to_passage.
WARNING:src.hipporag.rerank:Rerank parse failed on attempt 1 for query 'Where was the father of Marianus V Of Arborea born?': Error parsing raw response as candidate selection: Unable to parse structured payload: unterminated string literal (detected at line 2) (<unknown>, line 2).
INFO:src.hipporag.HippoRAG:Encoding 1 queries for query_to_passage.
INFO:src.hipporag.HippoRAG:Encoding 1 queries for query_to_passage.
INFO:src.hipporag.HippoRAG:Encoding 2 queries for query_to_passage.
INFO:src.hipporag.HippoRAG:Encoding 1 queries for query_to_passage.
INFO:src.hipporag.HippoRAG:Encoding 1 queries for query_to_passage.
WARNING:src.hipporag.rerank:Rerank parse failed on attempt 1 for query "Which song came out earlier, Can'T Remember To Forget You or Distant Lover?": Error parsing raw response as candidate selection: Unable to parse structured payload: unterminated string literal (detected at line 2) (<unknown>, line 2).
INFO:src.hipporag.HippoRAG:Encoding 3 queries for query_to_passage.
INFO:src.hipporag.HippoRAG:Encoding 4 queries for query_to_passage.
WARNING:src.hipporag.rerank:Rerank parse failed on attempt 1 for query 'Who is the father of the performer of song Quiero Estar Contigo?': Error parsing raw response as candidate selection: Unable to parse structured payload: unterminated string literal (detected at line 6) (<unknown>, line 6).
INFO:src.hipporag.HippoRAG:Encoding 2 queries for query_to_passage.
INFO:src.hipporag.HippoRAG:Encoding 1 queries for query_to_passage.
INFO:src.hipporag.HippoRAG:Encoding 1 queries for query_to_passage.
WARNING:src.hipporag.rerank:Rerank parse failed on attempt 1 for query 'Which film has the director who was born first, Going All The Way or Married To The Mob?': Error parsing raw response as candidate selection: Unable to parse structured payload: unterminated string literal (detected at line 2) (<unknown>, line 2).
INFO:src.hipporag.HippoRAG:Encoding 4 queries for query_to_passage.
INFO:src.hipporag.HippoRAG:Encoding 1 queries for query_to_passage.
INFO:src.hipporag.HippoRAG:Encoding 1 queries for query_to_passage.
INFO:src.hipporag.HippoRAG:Encoding 2 queries for query_to_passage.
INFO:src.hipporag.HippoRAG:Encoding 1 queries for query_to_passage.
INFO:src.hipporag.HippoRAG:Encoding 3 queries for query_to_passage.
WARNING:src.hipporag.rerank:Rerank parse failed on attempt 1 for query 'Who founded the company that published Moulin Rouge (Magazine)?': Error parsing raw response as candidate selection: Unable to parse structured payload: unterminated string literal (detected at line 2) (<unknown>, line 2).
INFO:src.hipporag.HippoRAG:Encoding 2 queries for query_to_passage.
INFO:src.hipporag.HippoRAG:Encoding 1 queries for query_to_passage.
INFO:src.hipporag.HippoRAG:Encoding 1 queries for query_to_passage.
INFO:src.hipporag.HippoRAG:Encoding 1 queries for query_to_passage.
INFO:src.hipporag.HippoRAG:Encoding 2 queries for query_to_passage.
INFO:src.hipporag.HippoRAG:Encoding 1 queries for query_to_passage.
WARNING:src.hipporag.rerank:Rerank parse failed on attempt 1 for query "Where does Juan Carlos Gumucio's wife work at?": Error parsing raw response as candidate selection: Unable to parse structured payload: unterminated string literal (detected at line 6) (<unknown>, line 6).
INFO:src.hipporag.HippoRAG:Encoding 1 queries for query_to_passage.
INFO:src.hipporag.HippoRAG:Encoding 2 queries for query_to_passage.
WARNING:src.hipporag.rerank:Rerank parse failed on attempt 1 for query 'What is the place of birth of the director of film Thiruvannamalai (Film)?': Error parsing raw response as candidate selection: Unable to parse structured payload: unterminated string literal (detected at line 2) (<unknown>, line 2).
INFO:src.hipporag.HippoRAG:Encoding 1 queries for query_to_passage.
INFO:src.hipporag.HippoRAG:Encoding 1 queries for query_to_passage.
WARNING:src.hipporag.rerank:Rerank parse failed on attempt 1 for query 'Which film has the director who died first, Reaching For The Sun or Trifling Women?': Error parsing raw response as candidate selection: Unable to parse structured payload: unterminated string literal (detected at line 2) (<unknown>, line 2).
INFO:src.hipporag.HippoRAG:Encoding 4 queries for query_to_passage.
INFO:src.hipporag.HippoRAG:Encoding 1 queries for query_to_passage.
WARNING:src.hipporag.rerank:Rerank parse failed on attempt 1 for query 'Which film has the director who was born earlier, The Red Eagle or Vishukkani?': Error parsing raw response as candidate selection: Unable to parse structured payload: unterminated string literal (detected at line 2) (<unknown>, line 2).
INFO:src.hipporag.HippoRAG:Encoding 4 queries for query_to_passage.
INFO:src.hipporag.HippoRAG:Encoding 1 queries for query_to_passage.
INFO:src.hipporag.HippoRAG:Encoding 1 queries for query_to_passage.
WARNING:src.hipporag.rerank:Rerank parse failed on attempt 1 for query 'Which film was released earlier, Hirer Angti or Torn From The Flag?': Error parsing raw response as candidate selection: Unable to parse structured payload: unterminated string literal (detected at line 2) (<unknown>, line 2).
INFO:src.hipporag.HippoRAG:Encoding 3 queries for query_to_passage.
INFO:src.hipporag.HippoRAG:Encoding 1 queries for query_to_passage.
WARNING:src.hipporag.rerank:Rerank parse failed on attempt 1 for query "Where did Sonia Greene's husband die?": Error parsing raw response as candidate selection: Unable to parse structured payload: unterminated string literal (detected at line 14) (<unknown>, line 14).
INFO:src.hipporag.HippoRAG:Encoding 1 queries for query_to_passage.
INFO:src.hipporag.HippoRAG:Encoding 1 queries for query_to_passage.
WARNING:src.hipporag.rerank:Rerank parse failed on attempt 1 for query 'Who is the maternal grandmother of Sancho Ramírez?': Error parsing raw response as candidate selection: Unable to parse structured payload: unterminated string literal (detected at line 2) (<unknown>, line 2).
INFO:src.hipporag.HippoRAG:Encoding 1 queries for query_to_passage.
INFO:src.hipporag.HippoRAG:Encoding 1 queries for query_to_passage.
INFO:src.hipporag.HippoRAG:Encoding 1 queries for query_to_passage.
INFO:src.hipporag.HippoRAG:Encoding 1 queries for query_to_passage.
INFO:src.hipporag.HippoRAG:Encoding 1 queries for query_to_passage.
INFO:src.hipporag.HippoRAG:Encoding 1 queries for query_to_passage.
INFO:src.hipporag.HippoRAG:Encoding 1 queries for query_to_passage.
WARNING:src.hipporag.rerank:Rerank parse failed on attempt 1 for query "Which country Benjamin Pierce Cheney Jr.'s wife is from?": Error parsing raw response as candidate selection: Unable to parse structured payload: unterminated string literal (detected at line 4) (<unknown>, line 4).
INFO:src.hipporag.HippoRAG:Encoding 2 queries for query_to_passage.
WARNING:src.hipporag.rerank:Rerank parse failed on attempt 1 for query 'Where was the director of film The Half-Way Girl born?': Error parsing raw response as candidate selection: Unable to parse structured payload: unterminated string literal (detected at line 2) (<unknown>, line 2).
INFO:src.hipporag.HippoRAG:Encoding 1 queries for query_to_passage.
INFO:src.hipporag.HippoRAG:Encoding 3 queries for query_to_passage.
INFO:src.hipporag.HippoRAG:Encoding 1 queries for query_to_passage.
INFO:src.hipporag.HippoRAG:Encoding 1 queries for query_to_passage.
WARNING:src.hipporag.rerank:Rerank parse failed on attempt 1 for query 'Who is the spouse of the director of film Pratisodh (2004 Film)?': Error parsing raw response as candidate selection: Unable to parse structured payload: unterminated string literal (detected at line 2) (<unknown>, line 2).
INFO:src.hipporag.HippoRAG:Encoding 1 queries for query_to_passage.
INFO:src.hipporag.HippoRAG:Encoding 1 queries for query_to_passage.
WARNING:src.hipporag.rerank:Rerank parse failed on attempt 1 for query 'Which film has the director who died later, Le Foto Proibite Di Una Signora Per Bene or Licenza Premio?': Error parsing raw response as candidate selection: Unable to parse structured payload: unterminated string literal (detected at line 2) (<unknown>, line 2).
INFO:src.hipporag.HippoRAG:Encoding 4 queries for query_to_passage.
INFO:src.hipporag.HippoRAG:Encoding 1 queries for query_to_passage.
INFO:src.hipporag.HippoRAG:Encoding 1 queries for query_to_passage.
INFO:src.hipporag.HippoRAG:Encoding 1 queries for query_to_passage.
INFO:src.hipporag.HippoRAG:Encoding 1 queries for query_to_passage.
INFO:src.hipporag.HippoRAG:Encoding 1 queries for query_to_passage.
INFO:src.hipporag.HippoRAG:Encoding 1 queries for query_to_passage.
WARNING:src.hipporag.rerank:Rerank parse failed on attempt 1 for query 'Who is the mother of the director of film Citizen Usa: A 50 State Road Trip?': Error parsing raw response as candidate selection: Unable to parse structured payload: unterminated string literal (detected at line 2) (<unknown>, line 2).
INFO:src.hipporag.HippoRAG:Encoding 1 queries for query_to_passage.
INFO:src.hipporag.HippoRAG:Encoding 1 queries for query_to_passage.
WARNING:src.hipporag.rerank:Rerank parse failed on attempt 1 for query 'Who is the father-in-law of Elizabeth Howard, Countess Of Effingham?': Error parsing raw response as candidate selection: Unable to parse structured payload: unterminated string literal (detected at line 2) (<unknown>, line 2).
INFO:src.hipporag.HippoRAG:Encoding 2 queries for query_to_passage.
INFO:src.hipporag.HippoRAG:Encoding 1 queries for query_to_passage.
INFO:src.hipporag.HippoRAG:Encoding 1 queries for query_to_passage.
INFO:src.hipporag.HippoRAG:Encoding 1 queries for query_to_passage.
WARNING:src.hipporag.rerank:Rerank parse failed on attempt 1 for query 'Which film was released more recently, Woman Without A Past or Il Seduttore?': Error parsing raw response as candidate selection: Unable to parse structured payload: unterminated string literal (detected at line 2) (<unknown>, line 2).
INFO:src.hipporag.HippoRAG:Encoding 2 queries for query_to_passage.
WARNING:src.hipporag.rerank:Rerank parse failed on attempt 1 for query 'Who is the paternal grandfather of Fakhr Al-Dawla?': Error parsing raw response as candidate selection: Unable to parse structured payload: unterminated string literal (detected at line 2) (<unknown>, line 2).
INFO:src.hipporag.HippoRAG:Encoding 1 queries for query_to_passage.
INFO:src.hipporag.HippoRAG:Encoding 1 queries for query_to_passage.
INFO:src.hipporag.HippoRAG:Encoding 2 queries for query_to_passage.
INFO:src.hipporag.HippoRAG:Encoding 1 queries for query_to_passage.
INFO:src.hipporag.HippoRAG:Encoding 1 queries for query_to_passage.
INFO:src.hipporag.HippoRAG:Encoding 1 queries for query_to_passage.
INFO:src.hipporag.HippoRAG:Encoding 1 queries for query_to_passage.
INFO:src.hipporag.HippoRAG:Encoding 1 queries for query_to_passage.
INFO:src.hipporag.HippoRAG:Encoding 1 queries for query_to_passage.
INFO:httpx:HTTP Request: POST http://localhost:8041/v1/chat/completions "HTTP/1.1 200 OK"
INFO:src.hipporag.HippoRAG:Encoding 4 queries for query_to_passage.
INFO:src.hipporag.HippoRAG:Encoding 1 queries for query_to_passage.
INFO:src.hipporag.HippoRAG:Encoding 1 queries for query_to_passage.
INFO:src.hipporag.HippoRAG:Encoding 1 queries for query_to_passage.
WARNING:src.hipporag.rerank:Rerank parse failed on attempt 1 for query "Who is Margaret Fiennes, 11Th Baroness Dacre's paternal grandfather?": Error parsing raw response as candidate selection: Unable to parse structured payload: unterminated string literal (detected at line 2) (<unknown>, line 2).
INFO:src.hipporag.HippoRAG:Encoding 1 queries for query_to_passage.
INFO:src.hipporag.HippoRAG:Encoding 3 queries for query_to_passage.
WARNING:src.hipporag.rerank:Rerank parse failed on attempt 1 for query 'Who is younger, George Cawthray or Michaela Ek?': Error parsing raw response as candidate selection: Unable to parse structured payload: unterminated string literal (detected at line 4) (<unknown>, line 4).
INFO:src.hipporag.HippoRAG:Encoding 2 queries for query_to_passage.
WARNING:src.hipporag.rerank:Rerank parse failed on attempt 1 for query "Which country Bảo Long's father is from?": Error parsing raw response as candidate selection: Unable to parse structured payload: unterminated string literal (detected at line 5) (<unknown>, line 5).
INFO:src.hipporag.HippoRAG:Encoding 1 queries for query_to_passage.
INFO:src.hipporag.HippoRAG:Encoding 1 queries for query_to_passage.
INFO:src.hipporag.HippoRAG:Encoding 1 queries for query_to_passage.
INFO:src.hipporag.HippoRAG:Encoding 1 queries for query_to_passage.
WARNING:src.hipporag.rerank:Rerank parse failed on attempt 1 for query 'Who is the maternal grandfather of Amaury De Montfort (Died 1241)?': Error parsing raw response as candidate selection: Unable to parse structured payload: unterminated string literal (detected at line 2) (<unknown>, line 2).
INFO:src.hipporag.HippoRAG:Encoding 1 queries for query_to_passage.
INFO:src.hipporag.HippoRAG:Encoding 1 queries for query_to_passage.
INFO:src.hipporag.HippoRAG:Encoding 1 queries for query_to_passage.
INFO:src.hipporag.HippoRAG:Encoding 1 queries for query_to_passage.
INFO:src.hipporag.HippoRAG:Encoding 1 queries for query_to_passage.
WARNING:src.hipporag.rerank:Rerank parse failed on attempt 1 for query 'What nationality is the director of film Author! Author! (Film)?': Error parsing raw response as candidate selection: Unable to parse structured payload: unterminated string literal (detected at line 2) (<unknown>, line 2).
INFO:src.hipporag.HippoRAG:Encoding 1 queries for query_to_passage.
INFO:src.hipporag.HippoRAG:Encoding 1 queries for query_to_passage.
INFO:src.hipporag.HippoRAG:Encoding 2 queries for query_to_passage.
INFO:src.hipporag.HippoRAG:Encoding 4 queries for query_to_passage.
INFO:src.hipporag.HippoRAG:Encoding 1 queries for query_to_passage.
INFO:src.hipporag.HippoRAG:Encoding 4 queries for query_to_passage.
INFO:src.hipporag.HippoRAG:Encoding 1 queries for query_to_passage.
INFO:src.hipporag.HippoRAG:Encoding 1 queries for query_to_passage.
WARNING:src.hipporag.rerank:Rerank parse failed on attempt 1 for query "Which film has the director born later, Life Hits or It'S In The Air?": Error parsing raw response as candidate selection: Unable to parse structured payload: unterminated string literal (detected at line 2) (<unknown>, line 2).
INFO:src.hipporag.HippoRAG:Encoding 4 queries for query_to_passage.
INFO:src.hipporag.HippoRAG:Encoding 1 queries for query_to_passage.
INFO:src.hipporag.HippoRAG:Encoding 1 queries for query_to_passage.
WARNING:src.hipporag.rerank:Rerank parse failed on attempt 1 for query 'Where did the director of film Evil Alien Conquerors graduate from?': Error parsing raw response as candidate selection: Unable to parse structured payload: unterminated string literal (detected at line 2) (<unknown>, line 2).
INFO:src.hipporag.HippoRAG:Encoding 2 queries for query_to_passage.
INFO:src.hipporag.HippoRAG:Encoding 1 queries for query_to_passage.
INFO:src.hipporag.HippoRAG:Encoding 2 queries for query_to_passage.
WARNING:src.hipporag.rerank:Rerank parse failed on attempt 1 for query 'Are Moredun Creek and Tuggeranong Creek both located in the same country?': Error parsing raw response as candidate selection: Unable to parse structured payload: invalid syntax (<unknown>, line 1).
INFO:src.hipporag.HippoRAG:Encoding 3 queries for query_to_passage.
WARNING:src.hipporag.rerank:Rerank parse failed on attempt 1 for query 'Which film was released earlier, Dead Mine or Witch Story?': Error parsing raw response as candidate selection: Unable to parse structured payload: unterminated string literal (detected at line 14) (<unknown>, line 14).
INFO:src.hipporag.HippoRAG:Encoding 3 queries for query_to_passage.
WARNING:src.hipporag.rerank:Rerank parse failed on attempt 1 for query 'Which film was released first, On Body And Soul or Pearl Lust?': Error parsing raw response as candidate selection: Unable to parse structured payload: invalid syntax (<unknown>, line 1).
INFO:src.hipporag.HippoRAG:Encoding 2 queries for query_to_passage.
WARNING:src.hipporag.rerank:Rerank parse failed on attempt 1 for query "Which song was released earlier, Wherever I Lay My Hat (That'S My Home) or Don'T Ya?": Error parsing raw response as candidate selection: Unable to parse structured payload: unmatched ')' (<unknown>, line 2).
INFO:src.hipporag.HippoRAG:Encoding 2 queries for query_to_passage.
INFO:src.hipporag.HippoRAG:Encoding 1 queries for query_to_passage.
INFO:src.hipporag.HippoRAG:Encoding 1 queries for query_to_passage.
INFO:httpx:HTTP Request: POST http://localhost:8041/v1/chat/completions "HTTP/1.1 200 OK"
INFO:src.hipporag.HippoRAG:Encoding 4 queries for query_to_passage.
INFO:src.hipporag.HippoRAG:Encoding 1 queries for query_to_passage.
WARNING:src.hipporag.rerank:Rerank parse failed on attempt 1 for query "Who is Jan Iii Of Oświęcim's paternal grandfather?": Error parsing raw response as candidate selection: Unable to parse structured payload: unterminated string literal (detected at line 6) (<unknown>, line 6).
INFO:src.hipporag.HippoRAG:Encoding 1 queries for query_to_passage.
INFO:src.hipporag.HippoRAG:Encoding 1 queries for query_to_passage.
INFO:src.hipporag.HippoRAG:Encoding 1 queries for query_to_passage.
INFO:src.hipporag.HippoRAG:Encoding 1 queries for query_to_passage.
INFO:src.hipporag.HippoRAG:Encoding 1 queries for query_to_passage.
WARNING:src.hipporag.rerank:Rerank parse failed on attempt 1 for query 'Where was the husband of Jeanne Raunay born?': Error parsing raw response as candidate selection: Unable to parse structured payload: unterminated string literal (detected at line 6) (<unknown>, line 6).
INFO:src.hipporag.HippoRAG:Encoding 1 queries for query_to_passage.
INFO:src.hipporag.HippoRAG:Encoding 1 queries for query_to_passage.
WARNING:src.hipporag.rerank:Rerank parse failed on attempt 1 for query "Who is Frederick Dickens's father?": Error parsing raw response as candidate selection: Unable to parse structured payload: unterminated string literal (detected at line 8) (<unknown>, line 8).
INFO:src.hipporag.HippoRAG:Encoding 1 queries for query_to_passage.
WARNING:src.hipporag.rerank:Rerank parse failed on attempt 1 for query 'Who was born later, Peter Samuel George Mackenzie or Josip Petrov Babich?': Error parsing raw response as candidate selection: Unable to parse structured payload: unterminated string literal (detected at line 2) (<unknown>, line 2).
INFO:src.hipporag.HippoRAG:Encoding 2 queries for query_to_passage.
WARNING:src.hipporag.rerank:Rerank parse failed on attempt 1 for query 'Are both villages, Mavrolithari and Ampelakia, Evros, located in the same country?': Error parsing raw response as candidate selection: Unable to parse structured payload: unterminated string literal (detected at line 2) (<unknown>, line 2).
INFO:src.hipporag.HippoRAG:Encoding 2 queries for query_to_passage.
INFO:src.hipporag.HippoRAG:Encoding 4 queries for query_to_passage.
INFO:src.hipporag.HippoRAG:Encoding 1 queries for query_to_passage.
INFO:src.hipporag.HippoRAG:Encoding 1 queries for query_to_passage.
INFO:src.hipporag.HippoRAG:Encoding 1 queries for query_to_passage.
WARNING:src.hipporag.rerank:Rerank parse failed on attempt 1 for query 'Which film has the director who was born later, Caresses or Satiricosissimo?': Error parsing raw response as candidate selection: Unable to parse structured payload: unterminated string literal (detected at line 2) (<unknown>, line 2).
INFO:src.hipporag.HippoRAG:Encoding 4 queries for query_to_passage.
INFO:src.hipporag.HippoRAG:Encoding 1 queries for query_to_passage.
INFO:src.hipporag.HippoRAG:Encoding 1 queries for query_to_passage.
INFO:src.hipporag.HippoRAG:Encoding 4 queries for query_to_passage.
INFO:src.hipporag.HippoRAG:Encoding 1 queries for query_to_passage.
INFO:src.hipporag.HippoRAG:Encoding 1 queries for query_to_passage.
INFO:src.hipporag.HippoRAG:Encoding 4 queries for query_to_passage.
WARNING:src.hipporag.rerank:Rerank parse failed on attempt 1 for query "Which film has the director who is older than the other, Women'S Weapons or She Wants Me?": Error parsing raw response as candidate selection: Unable to parse structured payload: unterminated string literal (detected at line 2) (<unknown>, line 2).
INFO:httpx:HTTP Request: POST http://localhost:8041/v1/chat/completions "HTTP/1.1 200 OK"
INFO:src.hipporag.HippoRAG:Encoding 4 queries for query_to_passage.
WARNING:src.hipporag.rerank:Rerank parse failed on attempt 1 for query 'Which film was released more recently, Mystify: Michael Hutchence or The Man On The Roof?': Error parsing raw response as candidate selection: Unable to parse structured payload: unterminated string literal (detected at line 2) (<unknown>, line 2).
INFO:src.hipporag.HippoRAG:Encoding 2 queries for query_to_passage.
INFO:src.hipporag.HippoRAG:Encoding 1 queries for query_to_passage.
WARNING:src.hipporag.rerank:Rerank parse failed on attempt 1 for query 'Who is the father-in-law of Lady Rose Mclaren?': Error parsing raw response as candidate selection: Unable to parse structured payload: unterminated string literal (detected at line 2) (<unknown>, line 2).
INFO:src.hipporag.HippoRAG:Encoding 2 queries for query_to_passage.
INFO:src.hipporag.HippoRAG:Encoding 1 queries for query_to_passage.
INFO:src.hipporag.HippoRAG:Encoding 1 queries for query_to_passage.
INFO:src.hipporag.HippoRAG:Encoding 1 queries for query_to_passage.
INFO:src.hipporag.HippoRAG:Encoding 2 queries for query_to_passage.
INFO:src.hipporag.HippoRAG:Encoding 1 queries for query_to_passage.
INFO:src.hipporag.HippoRAG:Encoding 1 queries for query_to_passage.
WARNING:src.hipporag.rerank:Rerank parse failed on attempt 1 for query "Which film was released more recently, Shravana Banthu or Hitler'S Folly?": Error parsing raw response as candidate selection: Unable to parse structured payload: invalid syntax (<unknown>, line 1).
INFO:src.hipporag.HippoRAG:Encoding 2 queries for query_to_passage.
INFO:src.hipporag.HippoRAG:Encoding 4 queries for query_to_passage.
INFO:src.hipporag.HippoRAG:Encoding 1 queries for query_to_passage.
WARNING:src.hipporag.rerank:Rerank parse failed on attempt 1 for query 'Which film has the director born later, Four For Venice or Gypped In The Penthouse?': Error parsing raw response as candidate selection: Unable to parse structured payload: unterminated string literal (detected at line 2) (<unknown>, line 2).
INFO:src.hipporag.HippoRAG:Encoding 4 queries for query_to_passage.
INFO:src.hipporag.HippoRAG:Encoding 1 queries for query_to_passage.
WARNING:src.hipporag.rerank:Rerank parse failed on attempt 1 for query 'Who lived longer, Theodore Mcmillian or Hillel Slovak?': Error parsing raw response as candidate selection: Unable to parse structured payload: unterminated string literal (detected at line 2) (<unknown>, line 2).
INFO:src.hipporag.HippoRAG:Encoding 2 queries for query_to_passage.
INFO:src.hipporag.HippoRAG:Encoding 1 queries for query_to_passage.
WARNING:src.hipporag.rerank:Rerank parse failed on attempt 1 for query 'Who was born later, Mickey Hart or Tony Owen?': Error parsing raw response as candidate selection: Unable to parse structured payload: invalid syntax (<unknown>, line 1).
INFO:src.hipporag.HippoRAG:Encoding 3 queries for query_to_passage.
WARNING:src.hipporag.rerank:Rerank parse failed on attempt 1 for query 'Where was the director of film The Strange Case Of Mary Page born?': Error parsing raw response as candidate selection: Unable to parse structured payload: unterminated string literal (detected at line 2) (<unknown>, line 2).
INFO:src.hipporag.HippoRAG:Encoding 1 queries for query_to_passage.
WARNING:src.hipporag.rerank:Rerank parse failed on attempt 1 for query "When was Prince Paul Of Thurn And Taxis's father born?": Error parsing raw response as candidate selection: Unable to parse structured payload: unterminated string literal (detected at line 4) (<unknown>, line 4).
INFO:src.hipporag.HippoRAG:Encoding 1 queries for query_to_passage.
INFO:src.hipporag.HippoRAG:Encoding 1 queries for query_to_passage.
INFO:src.hipporag.HippoRAG:Encoding 1 queries for query_to_passage.
INFO:src.hipporag.HippoRAG:Encoding 1 queries for query_to_passage.
INFO:src.hipporag.HippoRAG:Encoding 1 queries for query_to_passage.
INFO:src.hipporag.HippoRAG:Encoding 1 queries for query_to_passage.
WARNING:src.hipporag.rerank:Rerank parse failed on attempt 1 for query 'Where was the director of film Thomas Jefferson (Film) born?': Error parsing raw response as candidate selection: Unable to parse structured payload: unterminated string literal (detected at line 2) (<unknown>, line 2).
INFO:src.hipporag.HippoRAG:Encoding 1 queries for query_to_passage.
WARNING:src.hipporag.rerank:Rerank parse failed on attempt 1 for query 'Where was the husband of Serena Evans born?': Error parsing raw response as candidate selection: Unable to parse structured payload: unterminated string literal (detected at line 7) (<unknown>, line 7).
INFO:src.hipporag.HippoRAG:Encoding 1 queries for query_to_passage.
WARNING:src.hipporag.rerank:Rerank parse failed on attempt 1 for query 'Do director of film An Ideal Woman and director of film Goodbye Emmanuelle share the same nationality?': Error parsing raw response as candidate selection: Unable to parse structured payload: unterminated string literal (detected at line 2) (<unknown>, line 2).
INFO:src.hipporag.HippoRAG:Encoding 2 queries for query_to_passage.
INFO:src.hipporag.HippoRAG:Encoding 3 queries for query_to_passage.
INFO:src.hipporag.HippoRAG:Encoding 1 queries for query_to_passage.
INFO:src.hipporag.HippoRAG:Encoding 2 queries for query_to_passage.
INFO:src.hipporag.HippoRAG:Encoding 1 queries for query_to_passage.
WARNING:src.hipporag.rerank:Rerank parse failed on attempt 1 for query "Who is Eochu Uairches's paternal grandfather?": Error parsing raw response as candidate selection: Unable to parse structured payload: unterminated string literal (detected at line 6) (<unknown>, line 6).
INFO:src.hipporag.HippoRAG:Encoding 1 queries for query_to_passage.
INFO:src.hipporag.HippoRAG:Encoding 1 queries for query_to_passage.
INFO:src.hipporag.HippoRAG:Encoding 1 queries for query_to_passage.
INFO:src.hipporag.HippoRAG:Encoding 1 queries for query_to_passage.
INFO:src.hipporag.HippoRAG:Encoding 3 queries for query_to_passage.
INFO:src.hipporag.HippoRAG:Encoding 1 queries for query_to_passage.
WARNING:src.hipporag.rerank:Rerank parse failed on attempt 1 for query 'Where was the place of death of the director of film Gold And The Woman?': Error parsing raw response as candidate selection: Unable to parse structured payload: unterminated string literal (detected at line 2) (<unknown>, line 2).
INFO:src.hipporag.HippoRAG:Encoding 1 queries for query_to_passage.
WARNING:src.hipporag.rerank:Rerank parse failed on attempt 1 for query "Which film has the director who died earlier, A Doctor'S Diary or Wild Rovers?": Error parsing raw response as candidate selection: Unable to parse structured payload: invalid syntax (<unknown>, line 1).
INFO:src.hipporag.HippoRAG:Encoding 4 queries for query_to_passage.
INFO:src.hipporag.HippoRAG:Encoding 1 queries for query_to_passage.
INFO:src.hipporag.HippoRAG:Encoding 1 queries for query_to_passage.
INFO:src.hipporag.HippoRAG:Encoding 1 queries for query_to_passage.
INFO:src.hipporag.HippoRAG:Encoding 1 queries for query_to_passage.
INFO:src.hipporag.HippoRAG:Encoding 2 queries for query_to_passage.
WARNING:src.hipporag.rerank:Rerank parse failed on attempt 1 for query "What is the date of death of Madhavrao Ii's father?": Error parsing raw response as candidate selection: Unable to parse structured payload: unterminated string literal (detected at line 2) (<unknown>, line 2).
INFO:src.hipporag.HippoRAG:Encoding 1 queries for query_to_passage.
WARNING:src.hipporag.rerank:Rerank parse failed on attempt 1 for query 'Which film whose director is younger, Chased By The Dogs or The Demise Of Herman Durer?': Error parsing raw response as candidate selection: Unable to parse structured payload: unterminated string literal (detected at line 2) (<unknown>, line 2).
INFO:src.hipporag.HippoRAG:Encoding 4 queries for query_to_passage.
WARNING:src.hipporag.rerank:Rerank parse failed on attempt 1 for query 'Which album was released earlier, Freedom For The Stallion or In The Maybe World?': Error parsing raw response as candidate selection: Unable to parse structured payload: unterminated string literal (detected at line 1) (<unknown>, line 1).
INFO:src.hipporag.HippoRAG:Encoding 3 queries for query_to_passage.
INFO:src.hipporag.HippoRAG:Encoding 1 queries for query_to_passage.
INFO:src.hipporag.HippoRAG:Encoding 1 queries for query_to_passage.
INFO:src.hipporag.HippoRAG:Encoding 1 queries for query_to_passage.
INFO:src.hipporag.HippoRAG:Encoding 1 queries for query_to_passage.
INFO:src.hipporag.HippoRAG:Encoding 1 queries for query_to_passage.
WARNING:src.hipporag.rerank:Rerank parse failed on attempt 1 for query 'Who is younger, Amir Temraz or Sophie Ingle?': Error parsing raw response as candidate selection: Unable to parse structured payload: unterminated string literal (detected at line 4) (<unknown>, line 4).
INFO:src.hipporag.HippoRAG:Encoding 2 queries for query_to_passage.
INFO:src.hipporag.HippoRAG:Encoding 3 queries for query_to_passage.
INFO:src.hipporag.HippoRAG:Encoding 1 queries for query_to_passage.
INFO:src.hipporag.HippoRAG:Encoding 1 queries for query_to_passage.
WARNING:src.hipporag.rerank:Rerank parse failed on attempt 1 for query "Which film has the director who died earlier, Toen 'T Licht Verdween or Boum Sur Paris?": Error parsing raw response as candidate selection: Unable to parse structured payload: unterminated string literal (detected at line 2) (<unknown>, line 2).
INFO:src.hipporag.HippoRAG:Encoding 4 queries for query_to_passage.
INFO:src.hipporag.HippoRAG:Encoding 1 queries for query_to_passage.
INFO:src.hipporag.HippoRAG:Encoding 1 queries for query_to_passage.
INFO:src.hipporag.HippoRAG:Encoding 1 queries for query_to_passage.
WARNING:src.hipporag.rerank:Rerank parse failed on attempt 1 for query 'Who is the paternal grandfather of Prince Charles Louis, Duke Of Chartres?': Error parsing raw response as candidate selection: Unable to parse structured payload: unterminated string literal (detected at line 2) (<unknown>, line 2).
INFO:src.hipporag.HippoRAG:Encoding 1 queries for query_to_passage.
INFO:src.hipporag.HippoRAG:Encoding 1 queries for query_to_passage.
WARNING:src.hipporag.rerank:Rerank parse failed on attempt 1 for query 'Who was born first, János Damjanich or Bertram J. Rodgers?': Error parsing raw response as candidate selection: Unable to parse structured payload: unterminated string literal (detected at line 2) (<unknown>, line 2).
INFO:src.hipporag.HippoRAG:Encoding 2 queries for query_to_passage.
WARNING:src.hipporag.rerank:Rerank parse failed on attempt 1 for query 'Who is the father of the director of film Someone I Loved?': Error parsing raw response as candidate selection: Unable to parse structured payload: unterminated string literal (detected at line 2) (<unknown>, line 2).
INFO:src.hipporag.HippoRAG:Encoding 1 queries for query_to_passage.
INFO:src.hipporag.HippoRAG:Encoding 4 queries for query_to_passage.
INFO:src.hipporag.HippoRAG:Encoding 1 queries for query_to_passage.
WARNING:src.hipporag.rerank:Rerank parse failed on attempt 1 for query 'Which country the director of film Hardcase (1972 Film) is from?': Error parsing raw response as candidate selection: Unable to parse structured payload: unterminated string literal (detected at line 2) (<unknown>, line 2).
INFO:src.hipporag.HippoRAG:Encoding 2 queries for query_to_passage.
WARNING:src.hipporag.rerank:Rerank parse failed on attempt 1 for query 'Where was the place of burial of the director of film New World (1995 Film)?': Error parsing raw response as candidate selection: Unable to parse structured payload: unterminated string literal (detected at line 2) (<unknown>, line 2).
INFO:src.hipporag.HippoRAG:Encoding 2 queries for query_to_passage.
INFO:src.hipporag.HippoRAG:Encoding 1 queries for query_to_passage.
WARNING:src.hipporag.rerank:Rerank parse failed on attempt 1 for query "Where did the director of film The Eagle'S Eye study?": Error parsing raw response as candidate selection: Unable to parse structured payload: unterminated string literal (detected at line 2) (<unknown>, line 2).
INFO:src.hipporag.HippoRAG:Encoding 1 queries for query_to_passage.
INFO:src.hipporag.HippoRAG:Encoding 1 queries for query_to_passage.
WARNING:src.hipporag.rerank:Rerank parse failed on attempt 1 for query "Where was the place of death of Flavia Domitilla (Saint)'s husband?": Error parsing raw response as candidate selection: Unable to parse structured payload: unterminated string literal (detected at line 14) (<unknown>, line 14).
INFO:src.hipporag.HippoRAG:Encoding 2 queries for query_to_passage.
INFO:src.hipporag.HippoRAG:Encoding 1 queries for query_to_passage.
INFO:src.hipporag.HippoRAG:Encoding 1 queries for query_to_passage.
INFO:src.hipporag.HippoRAG:Encoding 1 queries for query_to_passage.
INFO:src.hipporag.HippoRAG:Encoding 3 queries for query_to_passage.
INFO:src.hipporag.HippoRAG:Encoding 1 queries for query_to_passage.
INFO:src.hipporag.HippoRAG:Encoding 1 queries for query_to_passage.
INFO:src.hipporag.HippoRAG:Encoding 1 queries for query_to_passage.
INFO:src.hipporag.HippoRAG:Encoding 2 queries for query_to_passage.
WARNING:src.hipporag.rerank:Rerank parse failed on attempt 1 for query "When did Marzuban Ibn Muhammad's father die?": Error parsing raw response as candidate selection: Unable to parse structured payload: unterminated string literal (detected at line 4) (<unknown>, line 4).
INFO:src.hipporag.HippoRAG:Encoding 1 queries for query_to_passage.
INFO:src.hipporag.HippoRAG:Encoding 1 queries for query_to_passage.
INFO:src.hipporag.HippoRAG:Encoding 1 queries for query_to_passage.
INFO:src.hipporag.HippoRAG:Encoding 1 queries for query_to_passage.
WARNING:src.hipporag.rerank:Rerank parse failed on attempt 1 for query 'Which film has the director who was born later, Navy Nurse or The Face In The Fog?': Error parsing raw response as candidate selection: Unable to parse structured payload: unterminated string literal (detected at line 2) (<unknown>, line 2).
INFO:src.hipporag.HippoRAG:Encoding 4 queries for query_to_passage.
INFO:src.hipporag.HippoRAG:Encoding 1 queries for query_to_passage.
WARNING:src.hipporag.rerank:Rerank parse failed on attempt 1 for query 'Which film whose director was born first, Meri Jung or La Fille Du Torrent?': Error parsing raw response as candidate selection: Unable to parse structured payload: unterminated string literal (detected at line 6) (<unknown>, line 6).
INFO:src.hipporag.HippoRAG:Encoding 4 queries for query_to_passage.
INFO:src.hipporag.HippoRAG:Encoding 1 queries for query_to_passage.
INFO:src.hipporag.HippoRAG:Encoding 1 queries for query_to_passage.
INFO:src.hipporag.HippoRAG:Encoding 1 queries for query_to_passage.
INFO:src.hipporag.HippoRAG:Encoding 1 queries for query_to_passage.
WARNING:src.hipporag.rerank:Rerank parse failed on attempt 1 for query 'Do both directors of films Júdás and The Wilby Conspiracy share the same nationality?': Error parsing raw response as candidate selection: Unable to parse structured payload: unterminated string literal (detected at line 2) (<unknown>, line 2).
INFO:src.hipporag.HippoRAG:Encoding 2 queries for query_to_passage.
WARNING:src.hipporag.rerank:Rerank parse failed on attempt 1 for query "Where did Ștefan I. Nenițescu's father study?": Error parsing raw response as candidate selection: Unable to parse structured payload: unterminated string literal (detected at line 16) (<unknown>, line 16).
INFO:src.hipporag.HippoRAG:Encoding 1 queries for query_to_passage.
INFO:src.hipporag.HippoRAG:Encoding 1 queries for query_to_passage.
WARNING:src.hipporag.rerank:Rerank parse failed on attempt 1 for query "Where did Binyamin Ze'Ev Kahane's father die?": Error parsing raw response as candidate selection: Unable to parse structured payload: unterminated string literal (detected at line 2) (<unknown>, line 2).
INFO:src.hipporag.HippoRAG:Encoding 1 queries for query_to_passage.
INFO:src.hipporag.HippoRAG:Encoding 1 queries for query_to_passage.
WARNING:src.hipporag.rerank:Rerank parse failed on attempt 1 for query 'Who is the father of Emperor Taizong Of Song?': Error parsing raw response as candidate selection: Unable to parse structured payload: unterminated string literal (detected at line 2) (<unknown>, line 2).
INFO:src.hipporag.HippoRAG:Encoding 1 queries for query_to_passage.
INFO:src.hipporag.HippoRAG:Encoding 2 queries for query_to_passage.
INFO:src.hipporag.HippoRAG:Encoding 2 queries for query_to_passage.
INFO:src.hipporag.HippoRAG:Encoding 1 queries for query_to_passage.
WARNING:src.hipporag.rerank:Rerank parse failed on attempt 1 for query 'Who was born earlier, Marius Mapou or Ademilson Silva Marques?': Error parsing raw response as candidate selection: Unable to parse structured payload: unterminated string literal (detected at line 2) (<unknown>, line 2).
INFO:src.hipporag.HippoRAG:Encoding 2 queries for query_to_passage.
WARNING:src.hipporag.rerank:Rerank parse failed on attempt 1 for query "Are the movies The Brand New Testament and The Boss Of Rustler'S Roost, from the same country?": Error parsing raw response as candidate selection: Unable to parse structured payload: unterminated string literal (detected at line 4) (<unknown>, line 4).
INFO:src.hipporag.HippoRAG:Encoding 2 queries for query_to_passage.
WARNING:src.hipporag.rerank:Rerank parse failed on attempt 1 for query 'Who died first, Léopold Demers or Charles Herbert Little?': Error parsing raw response as candidate selection: Unable to parse structured payload: unterminated string literal (detected at line 4) (<unknown>, line 4).
INFO:src.hipporag.HippoRAG:Encoding 3 queries for query_to_passage.
INFO:src.hipporag.HippoRAG:Encoding 1 queries for query_to_passage.
INFO:src.hipporag.HippoRAG:Encoding 1 queries for query_to_passage.
INFO:src.hipporag.HippoRAG:Encoding 1 queries for query_to_passage.
INFO:src.hipporag.HippoRAG:Encoding 1 queries for query_to_passage.
INFO:src.hipporag.HippoRAG:Encoding 1 queries for query_to_passage.
INFO:src.hipporag.HippoRAG:Encoding 1 queries for query_to_passage.
WARNING:src.hipporag.rerank:Rerank parse failed on attempt 1 for query 'What is the place of birth of the director of film Rufus Jones For President?': Error parsing raw response as candidate selection: Unable to parse structured payload: unterminated string literal (detected at line 2) (<unknown>, line 2).
INFO:src.hipporag.HippoRAG:Encoding 1 queries for query_to_passage.
INFO:src.hipporag.HippoRAG:Encoding 4 queries for query_to_passage.
INFO:src.hipporag.HippoRAG:Encoding 1 queries for query_to_passage.
WARNING:src.hipporag.rerank:Rerank parse failed on attempt 1 for query "Who is Fernando Bermúdez De Cea's uncle?": Error parsing raw response as candidate selection: Unable to parse structured payload: unterminated string literal (detected at line 4) (<unknown>, line 4).
INFO:src.hipporag.HippoRAG:Encoding 3 queries for query_to_passage.
INFO:src.hipporag.HippoRAG:Encoding 1 queries for query_to_passage.
INFO:src.hipporag.HippoRAG:Encoding 1 queries for query_to_passage.
INFO:src.hipporag.HippoRAG:Encoding 3 queries for query_to_passage.
INFO:src.hipporag.HippoRAG:Encoding 2 queries for query_to_passage.
INFO:src.hipporag.HippoRAG:Encoding 1 queries for query_to_passage.
WARNING:src.hipporag.rerank:Rerank parse failed on attempt 1 for query 'Were Jimmy Santiago Baca and Duane Armstrong from the same country?': Error parsing raw response as candidate selection: Unable to parse structured payload: malformed node or string on line 1: <ast.BoolOp object at 0x7fad9cce1c90>.
INFO:httpx:HTTP Request: POST http://localhost:8041/v1/chat/completions "HTTP/1.1 200 OK"
INFO:src.hipporag.HippoRAG:Encoding 3 queries for query_to_passage.
WARNING:src.hipporag.rerank:Rerank parse failed on attempt 1 for query 'Which film has the director who was born earlier, Spy Of Napoleon or Song Of Dolores?': Error parsing raw response as candidate selection: Unable to parse structured payload: unterminated string literal (detected at line 2) (<unknown>, line 2).
INFO:src.hipporag.HippoRAG:Encoding 4 queries for query_to_passage.
INFO:src.hipporag.HippoRAG:Encoding 1 queries for query_to_passage.
WARNING:src.hipporag.rerank:Rerank returned empty ids on attempt 1 for query 'Where was the composer of film Mask In Blue (1953 Film) born?'.
INFO:src.hipporag.HippoRAG:Encoding 1 queries for query_to_passage.
INFO:src.hipporag.HippoRAG:Encoding 1 queries for query_to_passage.
INFO:src.hipporag.HippoRAG:Encoding 1 queries for query_to_passage.
INFO:src.hipporag.HippoRAG:Encoding 1 queries for query_to_passage.
WARNING:src.hipporag.rerank:Rerank parse failed on attempt 1 for query 'Which film has the director born first, A.P.E.X. or Quax In Africa?': Error parsing raw response as candidate selection: Unable to parse structured payload: unterminated string literal (detected at line 2) (<unknown>, line 2).
INFO:src.hipporag.HippoRAG:Encoding 4 queries for query_to_passage.
INFO:src.hipporag.HippoRAG:Encoding 2 queries for query_to_passage.
WARNING:src.hipporag.rerank:Rerank parse failed on attempt 1 for query 'Where was the director of film The Poll Diaries born?': Error parsing raw response as candidate selection: Unable to parse structured payload: unterminated string literal (detected at line 2) (<unknown>, line 2).
INFO:src.hipporag.HippoRAG:Encoding 1 queries for query_to_passage.
INFO:src.hipporag.HippoRAG:Encoding 1 queries for query_to_passage.
WARNING:src.hipporag.rerank:Rerank parse failed on attempt 1 for query 'Which film has the director who was born earlier, Pod Banderą Miłości or World In My Corner?': Error parsing raw response as candidate selection: Unable to parse structured payload: unterminated string literal (detected at line 2) (<unknown>, line 2).
INFO:src.hipporag.HippoRAG:Encoding 4 queries for query_to_passage.
INFO:src.hipporag.HippoRAG:Encoding 1 queries for query_to_passage.
INFO:src.hipporag.HippoRAG:Encoding 2 queries for query_to_passage.
WARNING:src.hipporag.rerank:Rerank parse failed on attempt 1 for query 'Which film has the director died earlier, Johnny-On-The-Spot or Bedtime With Rosie?': Error parsing raw response as candidate selection: Unable to parse structured payload: unterminated string literal (detected at line 2) (<unknown>, line 2).
INFO:src.hipporag.HippoRAG:Encoding 3 queries for query_to_passage.
INFO:src.hipporag.HippoRAG:Encoding 1 queries for query_to_passage.
INFO:src.hipporag.HippoRAG:Encoding 1 queries for query_to_passage.
WARNING:src.hipporag.rerank:Rerank parse failed on attempt 1 for query "Who is John, Count Of Brienne's paternal grandmother?": Error parsing raw response as candidate selection: Unable to parse structured payload: unterminated string literal (detected at line 6) (<unknown>, line 6).
INFO:src.hipporag.HippoRAG:Encoding 2 queries for query_to_passage.
WARNING:src.hipporag.rerank:Rerank parse failed on attempt 1 for query "Where was the place of death of Cyril Holland's father?": Error parsing raw response as candidate selection: Unable to parse structured payload: unterminated string literal (detected at line 4) (<unknown>, line 4).
INFO:src.hipporag.HippoRAG:Encoding 2 queries for query_to_passage.
WARNING:src.hipporag.rerank:Rerank parse failed on attempt 1 for query "Which film was released earlier, Man'S Search For Happiness or Tell It To The Bees?": Error parsing raw response as candidate selection: Unable to parse structured payload: unterminated string literal (detected at line 2) (<unknown>, line 2).
INFO:src.hipporag.HippoRAG:Encoding 3 queries for query_to_passage.
INFO:src.hipporag.HippoRAG:Encoding 4 queries for query_to_passage.
INFO:src.hipporag.HippoRAG:Encoding 1 queries for query_to_passage.
INFO:src.hipporag.HippoRAG:Encoding 1 queries for query_to_passage.
INFO:httpx:HTTP Request: POST http://localhost:8041/v1/chat/completions "HTTP/1.1 200 OK"
INFO:src.hipporag.HippoRAG:Encoding 4 queries for query_to_passage.
INFO:src.hipporag.HippoRAG:Encoding 1 queries for query_to_passage.
WARNING:src.hipporag.rerank:Rerank parse failed on attempt 1 for query 'Are both Magnificent Brute and A Time Of Destiny from the same country?': Error parsing raw response as candidate selection: Unable to parse structured payload: unterminated string literal (detected at line 2) (<unknown>, line 2).
INFO:src.hipporag.HippoRAG:Encoding 2 queries for query_to_passage.
INFO:src.hipporag.HippoRAG:Encoding 1 queries for query_to_passage.
INFO:src.hipporag.HippoRAG:Encoding 1 queries for query_to_passage.
INFO:src.hipporag.HippoRAG:Encoding 1 queries for query_to_passage.
INFO:src.hipporag.HippoRAG:Encoding 1 queries for query_to_passage.
INFO:src.hipporag.HippoRAG:Encoding 1 queries for query_to_passage.
WARNING:src.hipporag.rerank:Rerank parse failed on attempt 1 for query 'Which film has the director who was born later, Alludugaru or The Laughing Woman?': Error parsing raw response as candidate selection: Unable to parse structured payload: unterminated string literal (detected at line 2) (<unknown>, line 2).
INFO:src.hipporag.HippoRAG:Encoding 4 queries for query_to_passage.
INFO:src.hipporag.HippoRAG:Encoding 1 queries for query_to_passage.
WARNING:src.hipporag.rerank:Rerank parse failed on attempt 1 for query "Where was the place of burial of Sultan Cem's father?": Error parsing raw response as candidate selection: Unable to parse structured payload: unterminated string literal (detected at line 2) (<unknown>, line 2).
INFO:src.hipporag.HippoRAG:Encoding 1 queries for query_to_passage.
INFO:src.hipporag.HippoRAG:Encoding 1 queries for query_to_passage.
INFO:src.hipporag.HippoRAG:Encoding 1 queries for query_to_passage.
WARNING:src.hipporag.rerank:Rerank parse failed on attempt 1 for query 'Who was born first out of Erick Chipeta and Praveen Agrawal?': Error parsing raw response as candidate selection: Unable to parse structured payload: invalid syntax (<unknown>, line 1).
INFO:src.hipporag.HippoRAG:Encoding 2 queries for query_to_passage.
WARNING:src.hipporag.rerank:Rerank parse failed on attempt 1 for query 'Which film whose director was born first, Apasionadamente or The Blue Bead?': Error parsing raw response as candidate selection: Unable to parse structured payload: unterminated string literal (detected at line 2) (<unknown>, line 2).
INFO:src.hipporag.HippoRAG:Encoding 4 queries for query_to_passage.
INFO:src.hipporag.HippoRAG:Encoding 1 queries for query_to_passage.
INFO:src.hipporag.HippoRAG:Encoding 1 queries for query_to_passage.
INFO:src.hipporag.HippoRAG:Encoding 4 queries for query_to_passage.
INFO:src.hipporag.HippoRAG:Encoding 1 queries for query_to_passage.
INFO:src.hipporag.HippoRAG:Encoding 1 queries for query_to_passage.
INFO:src.hipporag.HippoRAG:Encoding 1 queries for query_to_passage.
INFO:src.hipporag.HippoRAG:Encoding 1 queries for query_to_passage.
INFO:src.hipporag.HippoRAG:Encoding 1 queries for query_to_passage.
WARNING:src.hipporag.rerank:Rerank parse failed on attempt 1 for query 'Where was the place of death of the director of film A Rare Bird?': Error parsing raw response as candidate selection: Unable to parse structured payload: unterminated string literal (detected at line 2) (<unknown>, line 2).
INFO:src.hipporag.HippoRAG:Encoding 1 queries for query_to_passage.
INFO:src.hipporag.HippoRAG:Encoding 1 queries for query_to_passage.
WARNING:src.hipporag.rerank:Rerank parse failed on attempt 1 for query 'Are Victoria Winter and Jon Sullivan of the same nationality?': Error parsing raw response as candidate selection: Unable to parse structured payload: unterminated string literal (detected at line 7) (<unknown>, line 7).
INFO:src.hipporag.HippoRAG:Encoding 3 queries for query_to_passage.
INFO:src.hipporag.HippoRAG:Encoding 1 queries for query_to_passage.
WARNING:src.hipporag.rerank:Rerank parse failed on attempt 1 for query 'What is the place of birth of the director of film Preston Tylk?': Error parsing raw response as candidate selection: Unable to parse structured payload: unterminated string literal (detected at line 2) (<unknown>, line 2).
INFO:src.hipporag.HippoRAG:Encoding 1 queries for query_to_passage.
WARNING:src.hipporag.rerank:Rerank parse failed on attempt 1 for query 'Which film whose director was born first, The Last Paradises: On The Track Of Rare Animals or Waterlily Jaguar?': Error parsing raw response as candidate selection: Unable to parse structured payload: unterminated string literal (detected at line 2) (<unknown>, line 2).
INFO:src.hipporag.HippoRAG:Encoding 4 queries for query_to_passage.
INFO:src.hipporag.HippoRAG:Encoding 1 queries for query_to_passage.
WARNING:src.hipporag.rerank:Rerank parse failed on attempt 1 for query 'What is the award that the performer of song Little More (Royalty) got?': Error parsing raw response as candidate selection: Unable to parse structured payload: unterminated string literal (detected at line 2) (<unknown>, line 2).
INFO:src.hipporag.HippoRAG:Encoding 1 queries for query_to_passage.
INFO:src.hipporag.HippoRAG:Encoding 1 queries for query_to_passage.
INFO:src.hipporag.HippoRAG:Encoding 1 queries for query_to_passage.
WARNING:src.hipporag.rerank:Rerank parse failed on attempt 1 for query 'Which film has the director who was born later, Sylvie Et Le Fantôme or Sky Patrol?': Error parsing raw response as candidate selection: Unable to parse structured payload: unterminated string literal (detected at line 2) (<unknown>, line 2).
INFO:src.hipporag.HippoRAG:Encoding 4 queries for query_to_passage.
INFO:src.hipporag.HippoRAG:Encoding 1 queries for query_to_passage.
WARNING:src.hipporag.rerank:Rerank parse failed on attempt 1 for query 'Which film has the director who is older, Angel On The Amazon or The Small World Of Sammy Lee?': Error parsing raw response as candidate selection: Unable to parse structured payload: unterminated string literal (detected at line 2) (<unknown>, line 2).
INFO:src.hipporag.HippoRAG:Encoding 4 queries for query_to_passage.
WARNING:src.hipporag.rerank:Rerank parse failed on attempt 1 for query 'Who is the paternal grandfather of George Tupou V?': Error parsing raw response as candidate selection: Unable to parse structured payload: unterminated string literal (detected at line 2) (<unknown>, line 2).
INFO:src.hipporag.HippoRAG:Encoding 1 queries for query_to_passage.
INFO:src.hipporag.HippoRAG:Encoding 1 queries for query_to_passage.
INFO:src.hipporag.HippoRAG:Encoding 1 queries for query_to_passage.
WARNING:src.hipporag.rerank:Rerank parse failed on attempt 1 for query 'Which film came out earlier, Just Friends or Enkeyo Ketta Kural?': Error parsing raw response as candidate selection: Unable to parse structured payload: unterminated string literal (detected at line 2) (<unknown>, line 2).
INFO:src.hipporag.HippoRAG:Encoding 3 queries for query_to_passage.
INFO:src.hipporag.HippoRAG:Encoding 1 queries for query_to_passage.
INFO:src.hipporag.HippoRAG:Encoding 1 queries for query_to_passage.
WARNING:src.hipporag.rerank:Rerank parse failed on attempt 1 for query 'Which film has the director who died later, Airport 1975 or The Mad Doctor Of Blood Island?': Error parsing raw response as candidate selection: Unable to parse structured payload: unterminated string literal (detected at line 2) (<unknown>, line 2).
INFO:src.hipporag.HippoRAG:Encoding 4 queries for query_to_passage.
INFO:src.hipporag.HippoRAG:Encoding 1 queries for query_to_passage.
INFO:src.hipporag.HippoRAG:Encoding 1 queries for query_to_passage.
INFO:src.hipporag.HippoRAG:Encoding 1 queries for query_to_passage.
INFO:src.hipporag.HippoRAG:Encoding 1 queries for query_to_passage.
INFO:src.hipporag.HippoRAG:Encoding 1 queries for query_to_passage.
INFO:src.hipporag.HippoRAG:Encoding 1 queries for query_to_passage.
WARNING:src.hipporag.rerank:Rerank parse failed on attempt 1 for query 'Are the movies Amy (2015 Film) and Manhattan Angel, from the same country?': Error parsing raw response as candidate selection: Unable to parse structured payload: unterminated string literal (detected at line 2) (<unknown>, line 2).
INFO:src.hipporag.HippoRAG:Encoding 2 queries for query_to_passage.
WARNING:src.hipporag.rerank:Rerank parse failed on attempt 1 for query 'Which country the director of film A Man Called Hero is from?': Error parsing raw response as candidate selection: Unable to parse structured payload: unterminated string literal (detected at line 2) (<unknown>, line 2).
INFO:src.hipporag.HippoRAG:Encoding 1 queries for query_to_passage.
INFO:src.hipporag.HippoRAG:Encoding 1 queries for query_to_passage.
INFO:src.hipporag.HippoRAG:Encoding 1 queries for query_to_passage.
INFO:src.hipporag.HippoRAG:Encoding 1 queries for query_to_passage.
INFO:src.hipporag.HippoRAG:Encoding 1 queries for query_to_passage.
WARNING:src.hipporag.rerank:Rerank parse failed on attempt 1 for query 'Who is the spouse of the composer of song Know Bout Me?': Error parsing raw response as candidate selection: Unable to parse structured payload: unterminated string literal (detected at line 2) (<unknown>, line 2).
INFO:src.hipporag.HippoRAG:Encoding 2 queries for query_to_passage.
WARNING:src.hipporag.rerank:Rerank parse failed on attempt 1 for query "What is the date of death of Elizabeth Capell, Countess Of Essex (1704-1784)'s father?": Error parsing raw response as candidate selection: Unable to parse structured payload: unterminated string literal (detected at line 4) (<unknown>, line 4).
INFO:src.hipporag.HippoRAG:Encoding 1 queries for query_to_passage.
INFO:src.hipporag.HippoRAG:Encoding 1 queries for query_to_passage.
WARNING:src.hipporag.rerank:Rerank parse failed on attempt 1 for query 'Which film has the director who was born earlier, The Appeal To Conscience or Pretty Persuasion?': Error parsing raw response as candidate selection: Unable to parse structured payload: unterminated string literal (detected at line 2) (<unknown>, line 2).
INFO:src.hipporag.HippoRAG:Encoding 4 queries for query_to_passage.
INFO:src.hipporag.HippoRAG:Encoding 1 queries for query_to_passage.
INFO:src.hipporag.HippoRAG:Encoding 3 queries for query_to_passage.
INFO:src.hipporag.HippoRAG:Encoding 1 queries for query_to_passage.
INFO:src.hipporag.HippoRAG:Encoding 1 queries for query_to_passage.
WARNING:src.hipporag.rerank:Rerank parse failed on attempt 1 for query 'Where did the composer of film Nighthawks (1981 Film) die?': Error parsing raw response as candidate selection: Unable to parse structured payload: unterminated string literal (detected at line 2) (<unknown>, line 2).
INFO:src.hipporag.HippoRAG:Encoding 1 queries for query_to_passage.
INFO:src.hipporag.HippoRAG:Encoding 1 queries for query_to_passage.
INFO:src.hipporag.HippoRAG:Encoding 1 queries for query_to_passage.
WARNING:src.hipporag.rerank:Rerank parse failed on attempt 1 for query 'Which album was released more recently, Veliki Prezir (Album) or Everything Remains (As It Never Was)?': Error parsing raw response as candidate selection: Unable to parse structured payload: unterminated string literal (detected at line 2) (<unknown>, line 2).
INFO:src.hipporag.HippoRAG:Encoding 3 queries for query_to_passage.
INFO:src.hipporag.HippoRAG:Encoding 2 queries for query_to_passage.
INFO:src.hipporag.HippoRAG:Encoding 1 queries for query_to_passage.
INFO:src.hipporag.HippoRAG:Encoding 1 queries for query_to_passage.
INFO:src.hipporag.HippoRAG:Encoding 1 queries for query_to_passage.
WARNING:src.hipporag.rerank:Rerank parse failed on attempt 1 for query 'Who is the spouse of the director of film The Invisible Menace?': Error parsing raw response as candidate selection: Unable to parse structured payload: unterminated string literal (detected at line 2) (<unknown>, line 2).
INFO:src.hipporag.HippoRAG:Encoding 1 queries for query_to_passage.
INFO:src.hipporag.HippoRAG:Encoding 4 queries for query_to_passage.
INFO:src.hipporag.HippoRAG:Encoding 1 queries for query_to_passage.
WARNING:src.hipporag.rerank:Rerank parse failed on attempt 1 for query "Who is James Lyon, 7Th Earl Of Strathmore And Kinghorne's paternal grandfather?": Error parsing raw response as candidate selection: Unable to parse structured payload: unterminated string literal (detected at line 2) (<unknown>, line 2).
INFO:src.hipporag.HippoRAG:Encoding 2 queries for query_to_passage.
INFO:src.hipporag.HippoRAG:Encoding 1 queries for query_to_passage.
INFO:src.hipporag.HippoRAG:Encoding 1 queries for query_to_passage.
INFO:src.hipporag.HippoRAG:Encoding 1 queries for query_to_passage.
INFO:src.hipporag.HippoRAG:Encoding 1 queries for query_to_passage.
INFO:src.hipporag.HippoRAG:Encoding 2 queries for query_to_passage.
INFO:src.hipporag.HippoRAG:Encoding 1 queries for query_to_passage.
INFO:src.hipporag.HippoRAG:Encoding 1 queries for query_to_passage.
INFO:src.hipporag.HippoRAG:Encoding 1 queries for query_to_passage.
WARNING:src.hipporag.rerank:Rerank parse failed on attempt 1 for query "What is the place of birth of the performer of song That'S When Your Heartaches Begin?": Error parsing raw response as candidate selection: Unable to parse structured payload: unterminated string literal (detected at line 2) (<unknown>, line 2).
INFO:src.hipporag.HippoRAG:Encoding 1 queries for query_to_passage.
INFO:src.hipporag.HippoRAG:Encoding 1 queries for query_to_passage.
WARNING:src.hipporag.rerank:Rerank parse failed on attempt 1 for query "Where was the place of death of Licinia Eudoxia's father?": Error parsing raw response as candidate selection: Unable to parse structured payload: unterminated string literal (detected at line 6) (<unknown>, line 6).
INFO:src.hipporag.HippoRAG:Encoding 2 queries for query_to_passage.
INFO:src.hipporag.HippoRAG:Encoding 1 queries for query_to_passage.
INFO:src.hipporag.HippoRAG:Encoding 1 queries for query_to_passage.
WARNING:src.hipporag.rerank:Rerank parse failed on attempt 1 for query 'Which film has the director who died earlier, How Dark The Nights Are On The Black Sea or La Carapate?': Error parsing raw response as candidate selection: Unable to parse structured payload: unterminated string literal (detected at line 2) (<unknown>, line 2).
INFO:src.hipporag.HippoRAG:Encoding 3 queries for query_to_passage.
INFO:src.hipporag.HippoRAG:Encoding 1 queries for query_to_passage.
INFO:src.hipporag.HippoRAG:Encoding 1 queries for query_to_passage.
INFO:src.hipporag.HippoRAG:Encoding 1 queries for query_to_passage.
WARNING:src.hipporag.rerank:Rerank parse failed on attempt 1 for query 'Who was born later, Guiomar Novaes or Abdul Nasser Al-Sayegh?': Error parsing raw response as candidate selection: Unable to parse structured payload: unterminated string literal (detected at line 4) (<unknown>, line 4).
INFO:src.hipporag.HippoRAG:Encoding 2 queries for query_to_passage.
WARNING:src.hipporag.rerank:Rerank parse failed on attempt 1 for query "Which film whose director is younger, Keep 'Em Rolling or Balipeetam?": Error parsing raw response as candidate selection: Unable to parse structured payload: unterminated string literal (detected at line 2) (<unknown>, line 2).
INFO:src.hipporag.HippoRAG:Encoding 4 queries for query_to_passage.
INFO:src.hipporag.HippoRAG:Encoding 1 queries for query_to_passage.
INFO:src.hipporag.HippoRAG:Encoding 1 queries for query_to_passage.
INFO:src.hipporag.HippoRAG:Encoding 1 queries for query_to_passage.
INFO:src.hipporag.HippoRAG:Encoding 4 queries for query_to_passage.
INFO:src.hipporag.HippoRAG:Encoding 1 queries for query_to_passage.
WARNING:src.hipporag.rerank:Rerank parse failed on attempt 1 for query "Which film whose director is younger, My Baby'S Daddy or A Tale Of Winter?": Error parsing raw response as candidate selection: Unable to parse structured payload: unterminated string literal (detected at line 2) (<unknown>, line 2).
INFO:src.hipporag.HippoRAG:Encoding 4 queries for query_to_passage.
INFO:src.hipporag.HippoRAG:Encoding 1 queries for query_to_passage.
INFO:src.hipporag.HippoRAG:Encoding 1 queries for query_to_passage.
INFO:src.hipporag.HippoRAG:Encoding 1 queries for query_to_passage.
WARNING:src.hipporag.rerank:Rerank parse failed on attempt 1 for query "Where was the place of burial of Li Sujie's father?": Error parsing raw response as candidate selection: Unable to parse structured payload: unterminated string literal (detected at line 1) (<unknown>, line 1).
INFO:src.hipporag.HippoRAG:Encoding 1 queries for query_to_passage.
INFO:src.hipporag.HippoRAG:Encoding 4 queries for query_to_passage.
INFO:src.hipporag.HippoRAG:Encoding 1 queries for query_to_passage.
INFO:src.hipporag.HippoRAG:Encoding 1 queries for query_to_passage.
INFO:src.hipporag.HippoRAG:Encoding 1 queries for query_to_passage.
INFO:src.hipporag.HippoRAG:Encoding 1 queries for query_to_passage.
INFO:src.hipporag.HippoRAG:Encoding 1 queries for query_to_passage.
INFO:src.hipporag.HippoRAG:Encoding 1 queries for query_to_passage.
INFO:src.hipporag.HippoRAG:Encoding 1 queries for query_to_passage.
WARNING:src.hipporag.rerank:Rerank parse failed on attempt 1 for query 'Which film has the director died earlier, The Mark Of The Renegade or Muchachas Que Estudian?': Error parsing raw response as candidate selection: Unable to parse structured payload: unterminated string literal (detected at line 2) (<unknown>, line 2).
INFO:src.hipporag.HippoRAG:Encoding 4 queries for query_to_passage.
INFO:src.hipporag.HippoRAG:Encoding 1 queries for query_to_passage.
INFO:src.hipporag.HippoRAG:Encoding 1 queries for query_to_passage.
INFO:src.hipporag.HippoRAG:Encoding 1 queries for query_to_passage.
WARNING:src.hipporag.rerank:Rerank parse failed on attempt 1 for query "Which film was released first, The Pirate'S Dream or Prem Mhanje Prem Mhanje Prem Asta?": Error parsing raw response as candidate selection: Unable to parse structured payload: unterminated string literal (detected at line 2) (<unknown>, line 2).
INFO:src.hipporag.HippoRAG:Encoding 2 queries for query_to_passage.
WARNING:src.hipporag.rerank:Rerank parse failed on attempt 1 for query "Where was the place of burial of Maria Of Austria, Duchess Of Jülich-Cleves-Berg's husband?": Error parsing raw response as candidate selection: Unable to parse structured payload: unterminated string literal (detected at line 4) (<unknown>, line 4).
INFO:src.hipporag.HippoRAG:Encoding 1 queries for query_to_passage.
INFO:src.hipporag.HippoRAG:Encoding 1 queries for query_to_passage.
INFO:src.hipporag.HippoRAG:Encoding 1 queries for query_to_passage.
INFO:src.hipporag.HippoRAG:Encoding 1 queries for query_to_passage.
INFO:src.hipporag.HippoRAG:Encoding 4 queries for query_to_passage.
INFO:src.hipporag.HippoRAG:Encoding 1 queries for query_to_passage.
INFO:src.hipporag.HippoRAG:Encoding 1 queries for query_to_passage.
INFO:src.hipporag.HippoRAG:Encoding 1 queries for query_to_passage.
INFO:src.hipporag.HippoRAG:Encoding 1 queries for query_to_passage.
INFO:src.hipporag.HippoRAG:Encoding 1 queries for query_to_passage.
INFO:src.hipporag.HippoRAG:Encoding 3 queries for query_to_passage.
INFO:src.hipporag.HippoRAG:Encoding 1 queries for query_to_passage.
INFO:src.hipporag.HippoRAG:Encoding 1 queries for query_to_passage.
INFO:src.hipporag.HippoRAG:Encoding 1 queries for query_to_passage.
INFO:src.hipporag.HippoRAG:Encoding 3 queries for query_to_passage.
WARNING:src.hipporag.rerank:Rerank parse failed on attempt 1 for query "Where did Catherine Of Thouars's father die?": Error parsing raw response as candidate selection: Unable to parse structured payload: unterminated string literal (detected at line 4) (<unknown>, line 4).
INFO:src.hipporag.HippoRAG:Encoding 1 queries for query_to_passage.
INFO:src.hipporag.HippoRAG:Encoding 1 queries for query_to_passage.
WARNING:src.hipporag.rerank:Rerank parse failed on attempt 1 for query 'Who is the father-in-law of Margaretha Van Mechelen?': Error parsing raw response as candidate selection: Unable to parse structured payload: unterminated string literal (detected at line 9) (<unknown>, line 9).
INFO:src.hipporag.HippoRAG:Encoding 2 queries for query_to_passage.
INFO:src.hipporag.HippoRAG:Encoding 1 queries for query_to_passage.
WARNING:src.hipporag.rerank:Rerank parse failed on attempt 1 for query 'Where was the place of death of the director of film Never The Twain (Film)?': Error parsing raw response as candidate selection: Unable to parse structured payload: unterminated string literal (detected at line 2) (<unknown>, line 2).
INFO:src.hipporag.HippoRAG:Encoding 1 queries for query_to_passage.
WARNING:src.hipporag.rerank:Rerank parse failed on attempt 1 for query 'Where did the director of film A Trip To Chinatown (Film) die?': Error parsing raw response as candidate selection: Unable to parse structured payload: unterminated string literal (detected at line 2) (<unknown>, line 2).
INFO:src.hipporag.HippoRAG:Encoding 1 queries for query_to_passage.
INFO:src.hipporag.HippoRAG:Encoding 1 queries for query_to_passage.
INFO:src.hipporag.HippoRAG:Encoding 1 queries for query_to_passage.
INFO:src.hipporag.HippoRAG:Encoding 1 queries for query_to_passage.
INFO:src.hipporag.HippoRAG:Encoding 3 queries for query_to_passage.
INFO:src.hipporag.HippoRAG:Encoding 1 queries for query_to_passage.
WARNING:src.hipporag.rerank:Rerank parse failed on attempt 1 for query "Who is Louis Armand I, Prince Of Conti's father?": Error parsing raw response as candidate selection: Unable to parse structured payload: unterminated string literal (detected at line 4) (<unknown>, line 4).
INFO:src.hipporag.HippoRAG:Encoding 2 queries for query_to_passage.
INFO:src.hipporag.HippoRAG:Encoding 1 queries for query_to_passage.
WARNING:src.hipporag.rerank:Rerank parse failed on attempt 1 for query 'What nationality is the performer of song Mimi (Song)?': Error parsing raw response as candidate selection: Unable to parse structured payload: unterminated string literal (detected at line 2) (<unknown>, line 2).
INFO:src.hipporag.HippoRAG:Encoding 1 queries for query_to_passage.
WARNING:src.hipporag.rerank:Rerank parse failed on attempt 1 for query "When did Bill Patterson (Racing Driver)'s father die?": Error parsing raw response as candidate selection: Unable to parse structured payload: unterminated string literal (detected at line 6) (<unknown>, line 6).
INFO:src.hipporag.HippoRAG:Encoding 1 queries for query_to_passage.
INFO:src.hipporag.HippoRAG:Encoding 1 queries for query_to_passage.
INFO:src.hipporag.HippoRAG:Encoding 1 queries for query_to_passage.
INFO:src.hipporag.HippoRAG:Encoding 1 queries for query_to_passage.
INFO:src.hipporag.HippoRAG:Encoding 1 queries for query_to_passage.
INFO:src.hipporag.HippoRAG:Encoding 1 queries for query_to_passage.
WARNING:src.hipporag.rerank:Rerank parse failed on attempt 1 for query 'Which film was released more recently, Hotel Reserve or Return To The Hiding Place?': Error parsing raw response as candidate selection: Unable to parse structured payload: unterminated string literal (detected at line 2) (<unknown>, line 2).
INFO:src.hipporag.HippoRAG:Encoding 2 queries for query_to_passage.
INFO:src.hipporag.HippoRAG:Encoding 1 queries for query_to_passage.
WARNING:src.hipporag.rerank:Rerank parse failed on attempt 1 for query 'Which film was released more recently, Muhwagwa or The Policeman Of The 16Th Precinct?': Error parsing raw response as candidate selection: Unable to parse structured payload: unterminated string literal (detected at line 2) (<unknown>, line 2).
INFO:src.hipporag.HippoRAG:Encoding 2 queries for query_to_passage.
WARNING:src.hipporag.rerank:Rerank parse failed on attempt 1 for query "Who is Prince Mired Bin Ra'Ad's paternal grandmother?": Error parsing raw response as candidate selection: Unable to parse structured payload: unterminated string literal (detected at line 2) (<unknown>, line 2).
INFO:src.hipporag.HippoRAG:Encoding 2 queries for query_to_passage.
INFO:src.hipporag.HippoRAG:Encoding 1 queries for query_to_passage.
INFO:src.hipporag.HippoRAG:Encoding 1 queries for query_to_passage.
WARNING:src.hipporag.rerank:Rerank parse failed on attempt 1 for query 'Which film came out earlier, This Night Is Still Ours or Huma Gun Anmogaldi?': Error parsing raw response as candidate selection: Unable to parse structured payload: unterminated string literal (detected at line 2) (<unknown>, line 2).
INFO:src.hipporag.HippoRAG:Encoding 3 queries for query_to_passage.
INFO:src.hipporag.HippoRAG:Encoding 1 queries for query_to_passage.
INFO:src.hipporag.HippoRAG:Encoding 3 queries for query_to_passage.
INFO:src.hipporag.HippoRAG:Encoding 1 queries for query_to_passage.
INFO:src.hipporag.HippoRAG:Encoding 1 queries for query_to_passage.
INFO:src.hipporag.HippoRAG:Encoding 1 queries for query_to_passage.
WARNING:src.hipporag.rerank:Rerank parse failed on attempt 1 for query "Which film has the director born first, Killer: Dead Or Alive or Adultery: A User'S Guide?": Error parsing raw response as candidate selection: Unable to parse structured payload: unterminated string literal (detected at line 2) (<unknown>, line 2).
INFO:src.hipporag.HippoRAG:Encoding 4 queries for query_to_passage.
INFO:src.hipporag.HippoRAG:Encoding 3 queries for query_to_passage.
INFO:src.hipporag.HippoRAG:Encoding 1 queries for query_to_passage.
WARNING:src.hipporag.rerank:Rerank parse failed on attempt 1 for query "Where did Elisa Godínez Gómez De Batista's husband die?": Error parsing raw response as candidate selection: Unable to parse structured payload: unterminated string literal (detected at line 6) (<unknown>, line 6).
INFO:src.hipporag.HippoRAG:Encoding 1 queries for query_to_passage.
INFO:src.hipporag.HippoRAG:Encoding 1 queries for query_to_passage.
INFO:src.hipporag.HippoRAG:Encoding 3 queries for query_to_passage.
WARNING:src.hipporag.rerank:Rerank parse failed on attempt 1 for query 'Which film has the director who was born later, Así En El Cielo Como En La Tierra or Buck And The Preacher?': Error parsing raw response as candidate selection: Unable to parse structured payload: unterminated string literal (detected at line 2) (<unknown>, line 2).
INFO:src.hipporag.HippoRAG:Encoding 4 queries for query_to_passage.
INFO:src.hipporag.HippoRAG:Encoding 1 queries for query_to_passage.
INFO:src.hipporag.HippoRAG:Encoding 1 queries for query_to_passage.
WARNING:src.hipporag.rerank:Rerank parse failed on attempt 1 for query "What is the place of birth of Prince Nayef Bin Abdullah's father?": Error parsing raw response as candidate selection: Unable to parse structured payload: unterminated string literal (detected at line 8) (<unknown>, line 8).
INFO:src.hipporag.HippoRAG:Encoding 1 queries for query_to_passage.
INFO:src.hipporag.HippoRAG:Encoding 1 queries for query_to_passage.
WARNING:src.hipporag.rerank:Rerank parse failed on attempt 1 for query "Do director of film D'Annunzio (Film) and director of film Così Parlò Bellavista have the same nationality?": Error parsing raw response as candidate selection: Unable to parse structured payload: unterminated string literal (detected at line 2) (<unknown>, line 2).
INFO:src.hipporag.HippoRAG:Encoding 2 queries for query_to_passage.
INFO:src.hipporag.HippoRAG:Encoding 1 queries for query_to_passage.
INFO:src.hipporag.HippoRAG:Encoding 1 queries for query_to_passage.
INFO:src.hipporag.HippoRAG:Encoding 1 queries for query_to_passage.
INFO:src.hipporag.HippoRAG:Encoding 1 queries for query_to_passage.
WARNING:src.hipporag.rerank:Rerank parse failed on attempt 1 for query 'Where did the director of film The Alster Case die?': Error parsing raw response as candidate selection: Unable to parse structured payload: unterminated string literal (detected at line 2) (<unknown>, line 2).
INFO:src.hipporag.HippoRAG:Encoding 1 queries for query_to_passage.
WARNING:src.hipporag.rerank:Rerank parse failed on attempt 1 for query 'Which film has the director born first, Shadows In Paradise or Dog Law?': Error parsing raw response as candidate selection: Unable to parse structured payload: unterminated string literal (detected at line 2) (<unknown>, line 2).
INFO:src.hipporag.HippoRAG:Encoding 2 queries for query_to_passage.
INFO:src.hipporag.HippoRAG:Encoding 1 queries for query_to_passage.
INFO:src.hipporag.HippoRAG:Encoding 3 queries for query_to_passage.
WARNING:src.hipporag.rerank:Rerank parse failed on attempt 1 for query 'Which country the composer of song Cry Over Me is from?': Error parsing raw response as candidate selection: Unable to parse structured payload: unterminated string literal (detected at line 2) (<unknown>, line 2).
INFO:src.hipporag.HippoRAG:Encoding 2 queries for query_to_passage.
INFO:src.hipporag.HippoRAG:Encoding 1 queries for query_to_passage.
INFO:src.hipporag.HippoRAG:Encoding 4 queries for query_to_passage.
INFO:src.hipporag.HippoRAG:Encoding 1 queries for query_to_passage.
INFO:src.hipporag.HippoRAG:Encoding 1 queries for query_to_passage.
WARNING:src.hipporag.rerank:Rerank parse failed on attempt 1 for query "When did Manuel Bulnes Pinto's mother die?": Error parsing raw response as candidate selection: Unable to parse structured payload: unterminated string literal (detected at line 2) (<unknown>, line 2).
INFO:src.hipporag.HippoRAG:Encoding 1 queries for query_to_passage.
INFO:src.hipporag.HippoRAG:Encoding 1 queries for query_to_passage.
WARNING:src.hipporag.rerank:Rerank parse failed on attempt 1 for query 'Who is the mother-in-law of Ramiro Sánchez?': Error parsing raw response as candidate selection: Unable to parse structured payload: unterminated string literal (detected at line 2) (<unknown>, line 2).
INFO:src.hipporag.HippoRAG:Encoding 1 queries for query_to_passage.
INFO:src.hipporag.HippoRAG:Encoding 1 queries for query_to_passage.
INFO:src.hipporag.HippoRAG:Encoding 1 queries for query_to_passage.
INFO:src.hipporag.HippoRAG:Encoding 2 queries for query_to_passage.
INFO:src.hipporag.HippoRAG:Encoding 1 queries for query_to_passage.
WARNING:src.hipporag.rerank:Rerank parse failed on attempt 1 for query "Which film has the director died later, Calling Philo Vance or The Witch'S Curse?": Error parsing raw response as candidate selection: Unable to parse structured payload: unterminated string literal (detected at line 2) (<unknown>, line 2).
INFO:src.hipporag.HippoRAG:Encoding 4 queries for query_to_passage.
INFO:src.hipporag.HippoRAG:Encoding 1 queries for query_to_passage.
INFO:src.hipporag.HippoRAG:Encoding 1 queries for query_to_passage.
INFO:src.hipporag.HippoRAG:Encoding 1 queries for query_to_passage.
INFO:src.hipporag.HippoRAG:Encoding 1 queries for query_to_passage.
INFO:src.hipporag.HippoRAG:Encoding 1 queries for query_to_passage.
INFO:src.hipporag.HippoRAG:Encoding 1 queries for query_to_passage.
WARNING:src.hipporag.rerank:Rerank parse failed on attempt 1 for query "What is the place of birth of Gwladys's husband?": Error parsing raw response as candidate selection: Unable to parse structured payload: unterminated string literal (detected at line 6) (<unknown>, line 6).
INFO:src.hipporag.HippoRAG:Encoding 1 queries for query_to_passage.
INFO:src.hipporag.HippoRAG:Encoding 1 queries for query_to_passage.
INFO:src.hipporag.HippoRAG:Encoding 4 queries for query_to_passage.
INFO:src.hipporag.HippoRAG:Encoding 1 queries for query_to_passage.
WARNING:src.hipporag.rerank:Rerank parse failed on attempt 1 for query 'Which film was released first, Raadha Aur Seeta or The Fate Of The Furious?': Error parsing raw response as candidate selection: Unable to parse structured payload: unterminated string literal (detected at line 2) (<unknown>, line 2).
INFO:src.hipporag.HippoRAG:Encoding 2 queries for query_to_passage.
INFO:src.hipporag.HippoRAG:Encoding 1 queries for query_to_passage.
INFO:src.hipporag.HippoRAG:Encoding 1 queries for query_to_passage.
INFO:src.hipporag.HippoRAG:Encoding 1 queries for query_to_passage.
INFO:src.hipporag.HippoRAG:Encoding 1 queries for query_to_passage.
WARNING:src.hipporag.rerank:Rerank parse failed on attempt 1 for query 'Which film whose director is younger, Becoming Dick or Nude On The Moon?': Error parsing raw response as candidate selection: Unable to parse structured payload: unterminated string literal (detected at line 2) (<unknown>, line 2).
INFO:src.hipporag.HippoRAG:Encoding 4 queries for query_to_passage.
INFO:src.hipporag.HippoRAG:Encoding 1 queries for query_to_passage.
INFO:src.hipporag.HippoRAG:Encoding 1 queries for query_to_passage.
INFO:src.hipporag.HippoRAG:Encoding 1 queries for query_to_passage.
INFO:src.hipporag.HippoRAG:Encoding 1 queries for query_to_passage.
INFO:src.hipporag.HippoRAG:Encoding 1 queries for query_to_passage.
WARNING:src.hipporag.rerank:Rerank parse failed on attempt 1 for query 'Which film has the director who was born first, Folly To Be Wise or The Jerk?': Error parsing raw response as candidate selection: Unable to parse structured payload: unterminated string literal (detected at line 2) (<unknown>, line 2).
INFO:src.hipporag.HippoRAG:Encoding 4 queries for query_to_passage.
INFO:src.hipporag.HippoRAG:Encoding 1 queries for query_to_passage.
WARNING:src.hipporag.rerank:Rerank parse failed on attempt 1 for query 'What is the cause of death of director of film Destination: Dewsbury?': Error parsing raw response as candidate selection: Unable to parse structured payload: unterminated string literal (detected at line 2) (<unknown>, line 2).
INFO:src.hipporag.HippoRAG:Encoding 2 queries for query_to_passage.
WARNING:src.hipporag.rerank:Rerank parse failed on attempt 1 for query 'Which film has the director who was born later, Vote For Huggett or Romance In The Dark?': Error parsing raw response as candidate selection: Unable to parse structured payload: unterminated string literal (detected at line 1) (<unknown>, line 1).
INFO:src.hipporag.HippoRAG:Encoding 4 queries for query_to_passage.
INFO:src.hipporag.HippoRAG:Encoding 1 queries for query_to_passage.
INFO:src.hipporag.HippoRAG:Encoding 1 queries for query_to_passage.
WARNING:src.hipporag.rerank:Rerank parse failed on attempt 1 for query "Where was the place of burial of Princess Augusta Of Württemberg's father?": Error parsing raw response as candidate selection: Unable to parse structured payload: unterminated string literal (detected at line 2) (<unknown>, line 2).
INFO:src.hipporag.HippoRAG:Encoding 1 queries for query_to_passage.
INFO:src.hipporag.HippoRAG:Encoding 1 queries for query_to_passage.
INFO:src.hipporag.HippoRAG:Encoding 1 queries for query_to_passage.
INFO:src.hipporag.HippoRAG:Encoding 1 queries for query_to_passage.
INFO:src.hipporag.HippoRAG:Encoding 1 queries for query_to_passage.
INFO:src.hipporag.HippoRAG:Encoding 1 queries for query_to_passage.
INFO:src.hipporag.HippoRAG:Encoding 1 queries for query_to_passage.
WARNING:src.hipporag.rerank:Rerank parse failed on attempt 1 for query "Who is Li Zhong's paternal grandmother?": Error parsing raw response as candidate selection: Unable to parse structured payload: unterminated string literal (detected at line 12) (<unknown>, line 12).
INFO:src.hipporag.HippoRAG:Encoding 3 queries for query_to_passage.
INFO:src.hipporag.HippoRAG:Encoding 1 queries for query_to_passage.
WARNING:src.hipporag.rerank:Rerank parse failed on attempt 1 for query 'Who is the father of the director of film Magic Hunter?': Error parsing raw response as candidate selection: Unable to parse structured payload: unterminated string literal (detected at line 5) (<unknown>, line 5).
INFO:src.hipporag.HippoRAG:Encoding 1 queries for query_to_passage.
INFO:src.hipporag.HippoRAG:Encoding 1 queries for query_to_passage.
WARNING:src.hipporag.rerank:Rerank parse failed on attempt 1 for query 'Which film whose director is younger, The Pulse Of Life or The Hungover Games?': Error parsing raw response as candidate selection: Unable to parse structured payload: unterminated string literal (detected at line 2) (<unknown>, line 2).
INFO:src.hipporag.HippoRAG:Encoding 4 queries for query_to_passage.
INFO:src.hipporag.HippoRAG:Encoding 1 queries for query_to_passage.
INFO:src.hipporag.HippoRAG:Encoding 1 queries for query_to_passage.
INFO:src.hipporag.HippoRAG:Encoding 1 queries for query_to_passage.
INFO:src.hipporag.HippoRAG:Encoding 1 queries for query_to_passage.
INFO:src.hipporag.HippoRAG:Encoding 1 queries for query_to_passage.
INFO:src.hipporag.HippoRAG:Encoding 1 queries for query_to_passage.
WARNING:src.hipporag.rerank:Rerank parse failed on attempt 1 for query 'Where was the father of Murad I born?': Error parsing raw response as candidate selection: Unable to parse structured payload: unterminated string literal (detected at line 6) (<unknown>, line 6).
INFO:src.hipporag.HippoRAG:Encoding 1 queries for query_to_passage.
INFO:src.hipporag.HippoRAG:Encoding 1 queries for query_to_passage.
INFO:src.hipporag.HippoRAG:Encoding 1 queries for query_to_passage.
INFO:src.hipporag.HippoRAG:Encoding 4 queries for query_to_passage.
INFO:src.hipporag.HippoRAG:Encoding 1 queries for query_to_passage.
WARNING:src.hipporag.rerank:Rerank parse failed on attempt 1 for query 'Which film has the director who died later, A Journey Through Filmland or The Shepherd Lassie Of Argyle?': Error parsing raw response as candidate selection: Unable to parse structured payload: unterminated string literal (detected at line 2) (<unknown>, line 2).
INFO:src.hipporag.HippoRAG:Encoding 4 queries for query_to_passage.
INFO:src.hipporag.HippoRAG:Encoding 1 queries for query_to_passage.
INFO:src.hipporag.HippoRAG:Encoding 4 queries for query_to_passage.
INFO:src.hipporag.HippoRAG:Encoding 1 queries for query_to_passage.
INFO:src.hipporag.HippoRAG:Encoding 1 queries for query_to_passage.
WARNING:src.hipporag.rerank:Rerank parse failed on attempt 1 for query 'Where was the director of film Kadathanaattu Maakkam born?': Error parsing raw response as candidate selection: Unable to parse structured payload: unterminated string literal (detected at line 2) (<unknown>, line 2).
INFO:src.hipporag.HippoRAG:Encoding 2 queries for query_to_passage.
INFO:src.hipporag.HippoRAG:Encoding 1 queries for query_to_passage.
INFO:src.hipporag.HippoRAG:Encoding 2 queries for query_to_passage.
WARNING:src.hipporag.rerank:Rerank parse failed on attempt 1 for query "Which film was released earlier, Karla'S World or Dharti?": Error parsing raw response as candidate selection: Unable to parse structured payload: unterminated string literal (detected at line 2) (<unknown>, line 2).
INFO:src.hipporag.HippoRAG:Encoding 3 queries for query_to_passage.
WARNING:src.hipporag.rerank:Rerank parse failed on attempt 1 for query 'Are both Cunaú River and Rio Verde (Mato Grosso Do Sul) located in the same country?': Error parsing raw response as candidate selection: Unable to parse structured payload: unterminated string literal (detected at line 2) (<unknown>, line 2).
INFO:src.hipporag.HippoRAG:Encoding 2 queries for query_to_passage.
INFO:src.hipporag.HippoRAG:Encoding 1 queries for query_to_passage.
WARNING:src.hipporag.rerank:Rerank parse failed on attempt 1 for query 'Which film has the director who is older than the other, Taming Of The Fire or The Lady Takes A Flyer?': Error parsing raw response as candidate selection: Unable to parse structured payload: unterminated string literal (detected at line 2) (<unknown>, line 2).
INFO:httpx:HTTP Request: POST http://localhost:8041/v1/chat/completions "HTTP/1.1 200 OK"
INFO:src.hipporag.HippoRAG:Encoding 4 queries for query_to_passage.
INFO:src.hipporag.HippoRAG:Encoding 1 queries for query_to_passage.
WARNING:src.hipporag.rerank:Rerank parse failed on attempt 1 for query "Where was the place of burial of Bülbül Hatun's husband?": Error parsing raw response as candidate selection: Unable to parse structured payload: unterminated string literal (detected at line 6) (<unknown>, line 6).
INFO:src.hipporag.HippoRAG:Encoding 1 queries for query_to_passage.
INFO:src.hipporag.HippoRAG:Encoding 1 queries for query_to_passage.
INFO:src.hipporag.HippoRAG:Encoding 2 queries for query_to_passage.
INFO:src.hipporag.HippoRAG:Encoding 2 queries for query_to_passage.
WARNING:src.hipporag.rerank:Rerank parse failed on attempt 1 for query "Who is Philippe, Duke Of Anjou's maternal grandfather?": Error parsing raw response as candidate selection: Unable to parse structured payload: unterminated string literal (detected at line 1) (<unknown>, line 1).
INFO:src.hipporag.HippoRAG:Encoding 3 queries for query_to_passage.
INFO:src.hipporag.HippoRAG:Encoding 1 queries for query_to_passage.
INFO:src.hipporag.HippoRAG:Encoding 1 queries for query_to_passage.
INFO:src.hipporag.HippoRAG:Encoding 3 queries for query_to_passage.
WARNING:src.hipporag.rerank:Rerank parse failed on attempt 1 for query 'Who was born earlier, Geoff Bagnall or Caroline Huppert?': Error parsing raw response as candidate selection: Unable to parse structured payload: invalid syntax (<unknown>, line 1).
INFO:src.hipporag.HippoRAG:Encoding 3 queries for query_to_passage.
WARNING:src.hipporag.rerank:Rerank parse failed on attempt 1 for query 'Where was the father of Johann Adolf I, Duke Of Saxe-Weissenfels born?': Error parsing raw response as candidate selection: Unable to parse structured payload: unterminated string literal (detected at line 2) (<unknown>, line 2).
INFO:src.hipporag.HippoRAG:Encoding 1 queries for query_to_passage.
INFO:src.hipporag.HippoRAG:Encoding 1 queries for query_to_passage.
INFO:src.hipporag.HippoRAG:Encoding 3 queries for query_to_passage.
INFO:src.hipporag.HippoRAG:Encoding 1 queries for query_to_passage.
WARNING:src.hipporag.rerank:Rerank parse failed on attempt 1 for query 'Who is older, Manuel Antonio or Wilfred Macdonald?': Error parsing raw response as candidate selection: Unable to parse structured payload: unterminated string literal (detected at line 2) (<unknown>, line 2).
INFO:src.hipporag.HippoRAG:Encoding 3 queries for query_to_passage.
WARNING:src.hipporag.rerank:Rerank parse failed on attempt 1 for query "Which country Shah Muhammad (Kara Koyunlu)'s father is from?": Error parsing raw response as candidate selection: Unable to parse structured payload: unterminated string literal (detected at line 14) (<unknown>, line 14).
INFO:src.hipporag.HippoRAG:Encoding 1 queries for query_to_passage.
INFO:src.hipporag.HippoRAG:Encoding 4 queries for query_to_passage.
INFO:src.hipporag.HippoRAG:Encoding 2 queries for query_to_passage.
INFO:src.hipporag.HippoRAG:Encoding 1 queries for query_to_passage.
INFO:src.hipporag.HippoRAG:Encoding 1 queries for query_to_passage.
INFO:src.hipporag.HippoRAG:Encoding 1 queries for query_to_passage.
INFO:src.hipporag.HippoRAG:Encoding 1 queries for query_to_passage.
INFO:src.hipporag.HippoRAG:Encoding 1 queries for query_to_passage.
INFO:src.hipporag.HippoRAG:Encoding 1 queries for query_to_passage.
WARNING:src.hipporag.rerank:Rerank parse failed on attempt 1 for query "What is the date of death of Julia Livia's father?": Error parsing raw response as candidate selection: Unable to parse structured payload: unterminated string literal (detected at line 4) (<unknown>, line 4).
INFO:src.hipporag.HippoRAG:Encoding 1 queries for query_to_passage.
INFO:src.hipporag.HippoRAG:Encoding 1 queries for query_to_passage.
INFO:src.hipporag.HippoRAG:Encoding 1 queries for query_to_passage.
INFO:src.hipporag.HippoRAG:Encoding 1 queries for query_to_passage.
WARNING:src.hipporag.rerank:Rerank parse failed on attempt 1 for query 'Who is the paternal grandfather of Dibyasambandh?': Error parsing raw response as candidate selection: Unable to parse structured payload: unterminated string literal (detected at line 2) (<unknown>, line 2).
INFO:src.hipporag.HippoRAG:Encoding 2 queries for query_to_passage.
INFO:src.hipporag.HippoRAG:Encoding 1 queries for query_to_passage.
INFO:src.hipporag.HippoRAG:Encoding 1 queries for query_to_passage.
INFO:src.hipporag.HippoRAG:Encoding 1 queries for query_to_passage.
INFO:src.hipporag.HippoRAG:Encoding 4 queries for query_to_passage.
INFO:src.hipporag.HippoRAG:Encoding 1 queries for query_to_passage.
INFO:src.hipporag.HippoRAG:Encoding 1 queries for query_to_passage.
WARNING:src.hipporag.rerank:Rerank parse failed on attempt 1 for query 'Which film came out first, Run The Race or Cup-Tie Honeymoon?': Error parsing raw response as candidate selection: Unable to parse structured payload: invalid syntax (<unknown>, line 1).
INFO:src.hipporag.HippoRAG:Encoding 2 queries for query_to_passage.
WARNING:src.hipporag.rerank:Rerank parse failed on attempt 1 for query 'Which film has the director who was born first, Raiders Of Red Gap or A Day Of Fury?': Error parsing raw response as candidate selection: Unable to parse structured payload: unterminated string literal (detected at line 2) (<unknown>, line 2).
INFO:src.hipporag.HippoRAG:Encoding 2 queries for query_to_passage.
INFO:src.hipporag.HippoRAG:Encoding 1 queries for query_to_passage.
INFO:src.hipporag.HippoRAG:Encoding 1 queries for query_to_passage.
INFO:src.hipporag.HippoRAG:Encoding 2 queries for query_to_passage.
WARNING:src.hipporag.rerank:Rerank parse failed on attempt 1 for query 'Where did the composer of film Before Sunset study?': Error parsing raw response as candidate selection: Unable to parse structured payload: unterminated string literal (detected at line 18) (<unknown>, line 18).
INFO:src.hipporag.HippoRAG:Encoding 2 queries for query_to_passage.
INFO:src.hipporag.HippoRAG:Encoding 1 queries for query_to_passage.
WARNING:src.hipporag.rerank:Rerank parse failed on attempt 1 for query "Which country Nizar Al-Mustafa's father is from?": Error parsing raw response as candidate selection: Unable to parse structured payload: unterminated string literal (detected at line 4) (<unknown>, line 4).
INFO:src.hipporag.HippoRAG:Encoding 1 queries for query_to_passage.
INFO:src.hipporag.HippoRAG:Encoding 1 queries for query_to_passage.
INFO:src.hipporag.HippoRAG:Encoding 1 queries for query_to_passage.
INFO:src.hipporag.HippoRAG:Encoding 2 queries for query_to_passage.
INFO:src.hipporag.HippoRAG:Encoding 2 queries for query_to_passage.
INFO:src.hipporag.HippoRAG:Encoding 1 queries for query_to_passage.
WARNING:src.hipporag.rerank:Rerank parse failed on attempt 1 for query 'Which film has the director who was born first, Woman By Woman: New Hope For The Villages Of India or Windsor Drive (Film)?': Error parsing raw response as candidate selection: Unable to parse structured payload: unterminated string literal (detected at line 2) (<unknown>, line 2).
INFO:src.hipporag.HippoRAG:Encoding 4 queries for query_to_passage.
INFO:src.hipporag.HippoRAG:Encoding 1 queries for query_to_passage.
INFO:src.hipporag.HippoRAG:Encoding 2 queries for query_to_passage.
INFO:src.hipporag.HippoRAG:Encoding 1 queries for query_to_passage.
WARNING:src.hipporag.rerank:Rerank parse failed on attempt 1 for query "Which film has the director who was born first, Yaadein (1964 Film) or The Student'S Romance?": Error parsing raw response as candidate selection: Unable to parse structured payload: unterminated string literal (detected at line 2) (<unknown>, line 2).
INFO:src.hipporag.HippoRAG:Encoding 4 queries for query_to_passage.
INFO:src.hipporag.HippoRAG:Encoding 1 queries for query_to_passage.
INFO:src.hipporag.HippoRAG:Encoding 2 queries for query_to_passage.
WARNING:src.hipporag.rerank:Rerank parse failed on attempt 1 for query 'Who is the spouse of the director of film Mcdull: Me & My Mum?': Error parsing raw response as candidate selection: Unable to parse structured payload: unterminated string literal (detected at line 2) (<unknown>, line 2).
INFO:src.hipporag.HippoRAG:Encoding 1 queries for query_to_passage.
INFO:src.hipporag.HippoRAG:Encoding 2 queries for query_to_passage.
INFO:src.hipporag.HippoRAG:Encoding 1 queries for query_to_passage.
INFO:src.hipporag.HippoRAG:Encoding 1 queries for query_to_passage.
WARNING:src.hipporag.rerank:Rerank parse failed on attempt 1 for query 'Which film whose director was born first, Self-Made Maids or A Day For Lionhearts?': Error parsing raw response as candidate selection: Unable to parse structured payload: unterminated string literal (detected at line 8) (<unknown>, line 8).
INFO:src.hipporag.HippoRAG:Encoding 4 queries for query_to_passage.
INFO:src.hipporag.HippoRAG:Encoding 1 queries for query_to_passage.
INFO:src.hipporag.HippoRAG:Encoding 1 queries for query_to_passage.
WARNING:src.hipporag.rerank:Rerank parse failed on attempt 1 for query "Which country Damrong Rajanubhab's father is from?": Error parsing raw response as candidate selection: Unable to parse structured payload: unterminated string literal (detected at line 2) (<unknown>, line 2).
INFO:src.hipporag.HippoRAG:Encoding 1 queries for query_to_passage.
INFO:src.hipporag.HippoRAG:Encoding 1 queries for query_to_passage.
INFO:src.hipporag.HippoRAG:Encoding 1 queries for query_to_passage.
INFO:src.hipporag.HippoRAG:Encoding 1 queries for query_to_passage.
WARNING:src.hipporag.rerank:Rerank parse failed on attempt 1 for query "What nationality is Sir Edward Acton, 3Rd Baronet's father?": Error parsing raw response as candidate selection: Unable to parse structured payload: invalid decimal literal (<unknown>, line 4).
INFO:src.hipporag.HippoRAG:Encoding 1 queries for query_to_passage.
INFO:src.hipporag.HippoRAG:Encoding 1 queries for query_to_passage.
WARNING:src.hipporag.rerank:Rerank parse failed on attempt 1 for query "Which film has the director who is older than the other, The Inside Man (Film) or Dog'S Heart?": Error parsing raw response as candidate selection: Unable to parse structured payload: unterminated string literal (detected at line 2) (<unknown>, line 2).
INFO:httpx:HTTP Request: POST http://localhost:8041/v1/chat/completions "HTTP/1.1 200 OK"
INFO:src.hipporag.HippoRAG:Encoding 4 queries for query_to_passage.
INFO:src.hipporag.HippoRAG:Encoding 1 queries for query_to_passage.
INFO:src.hipporag.HippoRAG:Encoding 2 queries for query_to_passage.
INFO:src.hipporag.HippoRAG:Encoding 1 queries for query_to_passage.
INFO:src.hipporag.HippoRAG:Encoding 1 queries for query_to_passage.
WARNING:src.hipporag.rerank:Rerank parse failed on attempt 1 for query "What nationality is Wenceslaus I Of Legnica's father?": Error parsing raw response as candidate selection: Unable to parse structured payload: unterminated string literal (detected at line 6) (<unknown>, line 6).
INFO:src.hipporag.HippoRAG:Encoding 1 queries for query_to_passage.
INFO:src.hipporag.HippoRAG:Encoding 1 queries for query_to_passage.
INFO:src.hipporag.HippoRAG:Encoding 1 queries for query_to_passage.
WARNING:src.hipporag.rerank:Rerank parse failed on attempt 1 for query "Where was the place of burial of George Tuchet, 1St Earl Of Castlehaven's father?": Error parsing raw response as candidate selection: Unable to parse structured payload: unterminated string literal (detected at line 4) (<unknown>, line 4).
INFO:src.hipporag.HippoRAG:Encoding 1 queries for query_to_passage.
INFO:src.hipporag.HippoRAG:Encoding 1 queries for query_to_passage.
INFO:src.hipporag.HippoRAG:Encoding 1 queries for query_to_passage.
INFO:src.hipporag.HippoRAG:Encoding 1 queries for query_to_passage.
INFO:src.hipporag.HippoRAG:Encoding 1 queries for query_to_passage.
INFO:src.hipporag.HippoRAG:Encoding 1 queries for query_to_passage.
WARNING:src.hipporag.rerank:Rerank parse failed on attempt 1 for query 'Are both Selo Sanatoriya Imeni Chekhova and Volovo, Lipetsk Oblast located in the same country?': Error parsing raw response as candidate selection: Unable to parse structured payload: unterminated string literal (detected at line 2) (<unknown>, line 2).
INFO:src.hipporag.HippoRAG:Encoding 2 queries for query_to_passage.
INFO:src.hipporag.HippoRAG:Encoding 2 queries for query_to_passage.
INFO:src.hipporag.HippoRAG:Encoding 2 queries for query_to_passage.
INFO:src.hipporag.HippoRAG:Encoding 1 queries for query_to_passage.
INFO:src.hipporag.HippoRAG:Encoding 1 queries for query_to_passage.
INFO:src.hipporag.HippoRAG:Encoding 2 queries for query_to_passage.
INFO:src.hipporag.HippoRAG:Encoding 2 queries for query_to_passage.
INFO:src.hipporag.HippoRAG:Encoding 1 queries for query_to_passage.
INFO:src.hipporag.HippoRAG:Encoding 1 queries for query_to_passage.
INFO:src.hipporag.HippoRAG:Encoding 4 queries for query_to_passage.
INFO:src.hipporag.HippoRAG:Encoding 1 queries for query_to_passage.
INFO:src.hipporag.HippoRAG:Encoding 1 queries for query_to_passage.
WARNING:src.hipporag.rerank:Rerank parse failed on attempt 1 for query 'Who is the father-in-law of Prince Feodor Alexandrovich Of Russia?': Error parsing raw response as candidate selection: Unable to parse structured payload: unterminated string literal (detected at line 2) (<unknown>, line 2).
INFO:src.hipporag.HippoRAG:Encoding 2 queries for query_to_passage.
INFO:src.hipporag.HippoRAG:Encoding 1 queries for query_to_passage.
INFO:src.hipporag.HippoRAG:Encoding 1 queries for query_to_passage.
INFO:src.hipporag.HippoRAG:Encoding 1 queries for query_to_passage.
INFO:src.hipporag.HippoRAG:Encoding 1 queries for query_to_passage.
WARNING:src.hipporag.rerank:Rerank parse failed on attempt 1 for query 'Which film has the director who died earlier, 11 Harrowhouse or A Little Sister Of Everybody?': Error parsing raw response as candidate selection: Unable to parse structured payload: unterminated string literal (detected at line 2) (<unknown>, line 2).
INFO:src.hipporag.HippoRAG:Encoding 4 queries for query_to_passage.
WARNING:src.hipporag.rerank:Rerank parse failed on attempt 1 for query "Which film has the director who died later, The Fatal Mistake or The Devil'S Hairpin?": Error parsing raw response as candidate selection: Unable to parse structured payload: unterminated string literal (detected at line 2) (<unknown>, line 2).
INFO:src.hipporag.HippoRAG:Encoding 4 queries for query_to_passage.
INFO:src.hipporag.HippoRAG:Encoding 1 queries for query_to_passage.
INFO:src.hipporag.HippoRAG:Encoding 3 queries for query_to_passage.
INFO:src.hipporag.HippoRAG:Encoding 2 queries for query_to_passage.
WARNING:src.hipporag.rerank:Rerank parse failed on attempt 1 for query 'Do both films Once Upon A Time In America and Naked Violence (Film) have the directors that share the same nationality?': Error parsing raw response as candidate selection: Unable to parse structured payload: unterminated string literal (detected at line 2) (<unknown>, line 2).
INFO:src.hipporag.HippoRAG:Encoding 4 queries for query_to_passage.
INFO:src.hipporag.HippoRAG:Encoding 1 queries for query_to_passage.
INFO:src.hipporag.HippoRAG:Encoding 1 queries for query_to_passage.
INFO:src.hipporag.HippoRAG:Encoding 1 queries for query_to_passage.
INFO:src.hipporag.HippoRAG:Encoding 1 queries for query_to_passage.
INFO:src.hipporag.HippoRAG:Encoding 1 queries for query_to_passage.
INFO:src.hipporag.HippoRAG:Encoding 1 queries for query_to_passage.
INFO:src.hipporag.HippoRAG:Encoding 2 queries for query_to_passage.
INFO:src.hipporag.HippoRAG:Encoding 1 queries for query_to_passage.
INFO:src.hipporag.HippoRAG:Encoding 1 queries for query_to_passage.
INFO:src.hipporag.HippoRAG:Encoding 1 queries for query_to_passage.
INFO:src.hipporag.HippoRAG:Encoding 1 queries for query_to_passage.
INFO:src.hipporag.HippoRAG:Encoding 1 queries for query_to_passage.
INFO:src.hipporag.HippoRAG:Encoding 1 queries for query_to_passage.
WARNING:src.hipporag.rerank:Rerank parse failed on attempt 1 for query "Which film has the director born later, I Sette Dell'Orsa Maggiore or Length Of War?": Error parsing raw response as candidate selection: Unable to parse structured payload: unterminated string literal (detected at line 2) (<unknown>, line 2).
INFO:src.hipporag.HippoRAG:Encoding 4 queries for query_to_passage.
INFO:src.hipporag.HippoRAG:Encoding 1 queries for query_to_passage.
INFO:src.hipporag.HippoRAG:Encoding 1 queries for query_to_passage.
WARNING:src.hipporag.rerank:Rerank parse failed on attempt 1 for query 'Are both Three Live Ghosts (1936 Film) and The Tailor From Ulm from the same country?': Error parsing raw response as candidate selection: Unable to parse structured payload: unterminated string literal (detected at line 3) (<unknown>, line 3).
INFO:src.hipporag.HippoRAG:Encoding 2 queries for query_to_passage.
WARNING:src.hipporag.rerank:Rerank parse failed on attempt 1 for query 'What is the date of death of the performer of song Goodbye Pork Pie Hat?': Error parsing raw response as candidate selection: Unable to parse structured payload: unterminated string literal (detected at line 2) (<unknown>, line 2).
INFO:src.hipporag.HippoRAG:Encoding 2 queries for query_to_passage.
INFO:src.hipporag.HippoRAG:Encoding 1 queries for query_to_passage.
WARNING:src.hipporag.rerank:Rerank parse failed on attempt 1 for query "Which country Maria Carolina Zamoyska's mother is from?": Error parsing raw response as candidate selection: Unable to parse structured payload: unterminated string literal (detected at line 4) (<unknown>, line 4).
INFO:src.hipporag.HippoRAG:Encoding 1 queries for query_to_passage.
INFO:src.hipporag.HippoRAG:Encoding 1 queries for query_to_passage.
INFO:src.hipporag.HippoRAG:Encoding 1 queries for query_to_passage.
WARNING:src.hipporag.rerank:Rerank parse failed on attempt 1 for query 'Who is younger, Carlos Reyté or Dominic Jacotin Gamble?': Error parsing raw response as candidate selection: Unable to parse structured payload: unterminated string literal (detected at line 12) (<unknown>, line 12).
INFO:src.hipporag.HippoRAG:Encoding 2 queries for query_to_passage.
WARNING:src.hipporag.rerank:Rerank parse failed on attempt 1 for query "What nationality is Huo Yi's father?": Error parsing raw response as candidate selection: Unable to parse structured payload: unterminated string literal (detected at line 4) (<unknown>, line 4).
INFO:src.hipporag.HippoRAG:Encoding 1 queries for query_to_passage.
INFO:src.hipporag.HippoRAG:Encoding 1 queries for query_to_passage.
WARNING:src.hipporag.rerank:Rerank parse failed on attempt 1 for query "Who is Albert G. Simms's father-in-law?": Error parsing raw response as candidate selection: Unable to parse structured payload: unterminated string literal (detected at line 6) (<unknown>, line 6).
INFO:src.hipporag.HippoRAG:Encoding 4 queries for query_to_passage.
INFO:src.hipporag.HippoRAG:Encoding 2 queries for query_to_passage.
INFO:src.hipporag.HippoRAG:Encoding 1 queries for query_to_passage.
INFO:src.hipporag.HippoRAG:Encoding 2 queries for query_to_passage.
INFO:src.hipporag.HippoRAG:Encoding 1 queries for query_to_passage.
WARNING:src.hipporag.rerank:Rerank parse failed on attempt 1 for query "When was George Howard, 11Th Earl Of Carlisle's father born?": Error parsing raw response as candidate selection: Unable to parse structured payload: invalid decimal literal (<unknown>, line 4).
INFO:src.hipporag.HippoRAG:Encoding 2 queries for query_to_passage.
INFO:src.hipporag.HippoRAG:Encoding 1 queries for query_to_passage.
WARNING:src.hipporag.rerank:Rerank parse failed on attempt 1 for query "What is the place of birth of Archduchess Maria Immakulata Of Austria's mother?": Error parsing raw response as candidate selection: Unable to parse structured payload: unterminated string literal (detected at line 4) (<unknown>, line 4).
INFO:src.hipporag.HippoRAG:Encoding 1 queries for query_to_passage.
INFO:src.hipporag.HippoRAG:Encoding 4 queries for query_to_passage.
INFO:src.hipporag.HippoRAG:Encoding 1 queries for query_to_passage.
WARNING:src.hipporag.rerank:Rerank parse failed on attempt 1 for query 'Where was the director of film Noose (1958 Film) born?': Error parsing raw response as candidate selection: Unable to parse structured payload: unterminated string literal (detected at line 2) (<unknown>, line 2).
INFO:src.hipporag.HippoRAG:Encoding 2 queries for query_to_passage.
WARNING:src.hipporag.rerank:Rerank parse failed on attempt 1 for query "Where did the composer of song Aren'T You Kind Of Glad We Did? die?": Error parsing raw response as candidate selection: Unable to parse structured payload: unterminated string literal (detected at line 2) (<unknown>, line 2).
INFO:src.hipporag.HippoRAG:Encoding 1 queries for query_to_passage.
INFO:src.hipporag.HippoRAG:Encoding 1 queries for query_to_passage.
WARNING:src.hipporag.rerank:Rerank parse failed on attempt 1 for query 'Where did the director of film That Nazty Nuisance die?': Error parsing raw response as candidate selection: Unable to parse structured payload: unterminated string literal (detected at line 2) (<unknown>, line 2).
INFO:src.hipporag.HippoRAG:Encoding 1 queries for query_to_passage.
WARNING:src.hipporag.rerank:Rerank parse failed on attempt 1 for query "What is the date of death of Badi' Al-Zaman Mirza's father?": Error parsing raw response as candidate selection: Unable to parse structured payload: unterminated string literal (detected at line 2) (<unknown>, line 2).
INFO:src.hipporag.HippoRAG:Encoding 1 queries for query_to_passage.
INFO:src.hipporag.HippoRAG:Encoding 1 queries for query_to_passage.
WARNING:src.hipporag.rerank:Rerank parse failed on attempt 1 for query 'Who was born later, Tadeusz Śliwak or Michel Le Denmat?': Error parsing raw response as candidate selection: Unable to parse structured payload: unterminated string literal (detected at line 8) (<unknown>, line 8).
INFO:src.hipporag.HippoRAG:Encoding 3 queries for query_to_passage.
INFO:src.hipporag.HippoRAG:Encoding 2 queries for query_to_passage.
INFO:src.hipporag.HippoRAG:Encoding 1 queries for query_to_passage.
INFO:src.hipporag.HippoRAG:Encoding 3 queries for query_to_passage.
INFO:src.hipporag.HippoRAG:Encoding 1 queries for query_to_passage.
WARNING:src.hipporag.rerank:Rerank parse failed on attempt 1 for query 'Who is the paternal grandfather of Richard Beauchamp, 1St Earl Of Worcester?': Error parsing raw response as candidate selection: Unable to parse structured payload: unterminated string literal (detected at line 2) (<unknown>, line 2).
INFO:src.hipporag.HippoRAG:Encoding 1 queries for query_to_passage.
WARNING:src.hipporag.rerank:Rerank parse failed on attempt 1 for query 'Which film was released more recently, Il Marchio Di Kriminal or Nandhi?': Error parsing raw response as candidate selection: Unable to parse structured payload: unterminated string literal (detected at line 2) (<unknown>, line 2).
INFO:src.hipporag.HippoRAG:Encoding 2 queries for query_to_passage.
WARNING:src.hipporag.rerank:Rerank parse failed on attempt 1 for query "Who is Robert Vere Buxton's paternal grandfather?": Error parsing raw response as candidate selection: Unable to parse structured payload: unterminated string literal (detected at line 4) (<unknown>, line 4).
INFO:src.hipporag.HippoRAG:Encoding 2 queries for query_to_passage.
INFO:src.hipporag.HippoRAG:Encoding 1 queries for query_to_passage.
WARNING:src.hipporag.rerank:Rerank parse failed on attempt 1 for query 'Where was the father of David Ogilvy, 12Th Earl Of Airlie born?': Error parsing raw response as candidate selection: Unable to parse structured payload: unterminated string literal (detected at line 2) (<unknown>, line 2).
INFO:src.hipporag.HippoRAG:Encoding 1 queries for query_to_passage.
INFO:src.hipporag.HippoRAG:Encoding 1 queries for query_to_passage.
WARNING:src.hipporag.rerank:Rerank parse failed on attempt 1 for query 'Are both directors of films Spione and Five Million Look For An Heir from the same country?': Error parsing raw response as candidate selection: Unable to parse structured payload: unterminated string literal (detected at line 2) (<unknown>, line 2).
INFO:src.hipporag.HippoRAG:Encoding 4 queries for query_to_passage.
INFO:src.hipporag.HippoRAG:Encoding 1 queries for query_to_passage.
INFO:src.hipporag.HippoRAG:Encoding 1 queries for query_to_passage.
INFO:src.hipporag.HippoRAG:Encoding 1 queries for query_to_passage.
WARNING:src.hipporag.rerank:Rerank parse failed on attempt 1 for query 'Who is the paternal grandfather of Archambaud Viii Of Bourbon?': Error parsing raw response as candidate selection: Unable to parse structured payload: unterminated string literal (detected at line 4) (<unknown>, line 4).
INFO:src.hipporag.HippoRAG:Encoding 1 queries for query_to_passage.
INFO:src.hipporag.HippoRAG:Encoding 1 queries for query_to_passage.
INFO:src.hipporag.HippoRAG:Encoding 2 queries for query_to_passage.
INFO:src.hipporag.HippoRAG:Encoding 2 queries for query_to_passage.
WARNING:src.hipporag.rerank:Rerank parse failed on attempt 1 for query 'Which film came out first, Una Prostituta Al Servizio Del Pubblico E In Regola Con Le Leggi Dello Stato or The Bag Man?': Error parsing raw response as candidate selection: Unable to parse structured payload: unterminated string literal (detected at line 2) (<unknown>, line 2).
INFO:src.hipporag.HippoRAG:Encoding 2 queries for query_to_passage.
WARNING:src.hipporag.rerank:Rerank parse failed on attempt 1 for query 'Are director of film Count Five And Die and director of film The Green Jacket both from the same country?': Error parsing raw response as candidate selection: Unable to parse structured payload: invalid syntax (<unknown>, line 1).
INFO:src.hipporag.HippoRAG:Encoding 2 queries for query_to_passage.
INFO:src.hipporag.HippoRAG:Encoding 1 queries for query_to_passage.
WARNING:src.hipporag.rerank:Rerank parse failed on attempt 1 for query 'Who is the spouse of the director of film Days And Hours?': Error parsing raw response as candidate selection: Unable to parse structured payload: unterminated string literal (detected at line 2) (<unknown>, line 2).
INFO:src.hipporag.HippoRAG:Encoding 1 queries for query_to_passage.
WARNING:src.hipporag.rerank:Rerank parse failed on attempt 1 for query "Who is Geoffrey Iii, Count Of Perche's paternal grandfather?": Error parsing raw response as candidate selection: Unable to parse structured payload: unterminated string literal (detected at line 10) (<unknown>, line 10).
INFO:src.hipporag.HippoRAG:Encoding 2 queries for query_to_passage.
INFO:src.hipporag.HippoRAG:Encoding 1 queries for query_to_passage.
INFO:src.hipporag.HippoRAG:Encoding 1 queries for query_to_passage.
INFO:src.hipporag.HippoRAG:Encoding 1 queries for query_to_passage.
INFO:__main__:Applied daec_noisyor selector over pool@100 for 1000 queries (avg mapped pool docs=100.00, avg seed entities=4.89)
Collecting QA prompts:   0%|          | 0/1000 [00:00<?, ?it/s]Collecting QA prompts: 100%|██████████| 1000/1000 [00:00<00:00, 21038.63it/s]
QA Reading:   0%|          | 0/1000 [00:00<?, ?it/s]INFO:httpx:HTTP Request: POST http://localhost:8041/v1/chat/completions "HTTP/1.1 200 OK"
QA Reading:  10%|█         | 101/1000 [00:00<00:04, 186.01it/s]INFO:httpx:HTTP Request: POST http://localhost:8041/v1/chat/completions "HTTP/1.1 200 OK"
INFO:httpx:HTTP Request: POST http://localhost:8041/v1/chat/completions "HTTP/1.1 200 OK"
INFO:httpx:HTTP Request: POST http://localhost:8041/v1/chat/completions "HTTP/1.1 200 OK"
INFO:httpx:HTTP Request: POST http://localhost:8041/v1/chat/completions "HTTP/1.1 200 OK"
INFO:httpx:HTTP Request: POST http://localhost:8041/v1/chat/completions "HTTP/1.1 200 OK"
INFO:httpx:HTTP Request: POST http://localhost:8041/v1/chat/completions "HTTP/1.1 200 OK"
INFO:httpx:HTTP Request: POST http://localhost:8041/v1/chat/completions "HTTP/1.1 200 OK"
INFO:httpx:HTTP Request: POST http://localhost:8041/v1/chat/completions "HTTP/1.1 200 OK"
INFO:httpx:HTTP Request: POST http://localhost:8041/v1/chat/completions "HTTP/1.1 200 OK"
INFO:httpx:HTTP Request: POST http://localhost:8041/v1/chat/completions "HTTP/1.1 200 OK"
INFO:httpx:HTTP Request: POST http://localhost:8041/v1/chat/completions "HTTP/1.1 200 OK"
INFO:httpx:HTTP Request: POST http://localhost:8041/v1/chat/completions "HTTP/1.1 200 OK"
INFO:httpx:HTTP Request: POST http://localhost:8041/v1/chat/completions "HTTP/1.1 200 OK"
INFO:httpx:HTTP Request: POST http://localhost:8041/v1/chat/completions "HTTP/1.1 200 OK"
QA Reading:  12%|█▏        | 120/1000 [00:07<01:13, 11.95it/s] INFO:httpx:HTTP Request: POST http://localhost:8041/v1/chat/completions "HTTP/1.1 200 OK"
INFO:httpx:HTTP Request: POST http://localhost:8041/v1/chat/completions "HTTP/1.1 200 OK"
INFO:httpx:HTTP Request: POST http://localhost:8041/v1/chat/completions "HTTP/1.1 200 OK"
INFO:httpx:HTTP Request: POST http://localhost:8041/v1/chat/completions "HTTP/1.1 200 OK"
INFO:httpx:HTTP Request: POST http://localhost:8041/v1/chat/completions "HTTP/1.1 200 OK"
INFO:httpx:HTTP Request: POST http://localhost:8041/v1/chat/completions "HTTP/1.1 200 OK"
QA Reading:  13%|█▎        | 128/1000 [00:10<01:38,  8.85it/s]INFO:httpx:HTTP Request: POST http://localhost:8041/v1/chat/completions "HTTP/1.1 200 OK"
INFO:httpx:HTTP Request: POST http://localhost:8041/v1/chat/completions "HTTP/1.1 200 OK"
INFO:httpx:HTTP Request: POST http://localhost:8041/v1/chat/completions "HTTP/1.1 200 OK"
INFO:httpx:HTTP Request: POST http://localhost:8041/v1/chat/completions "HTTP/1.1 200 OK"
QA Reading:  13%|█▎        | 133/1000 [00:13<02:17,  6.32it/s]INFO:httpx:HTTP Request: POST http://localhost:8041/v1/chat/completions "HTTP/1.1 200 OK"
INFO:httpx:HTTP Request: POST http://localhost:8041/v1/chat/completions "HTTP/1.1 200 OK"
INFO:httpx:HTTP Request: POST http://localhost:8041/v1/chat/completions "HTTP/1.1 200 OK"
QA Reading:  14%|█▎        | 136/1000 [00:15<02:41,  5.34it/s]INFO:httpx:HTTP Request: POST http://localhost:8041/v1/chat/completions "HTTP/1.1 200 OK"
INFO:httpx:HTTP Request: POST http://localhost:8041/v1/chat/completions "HTTP/1.1 200 OK"
QA Reading:  14%|█▍        | 138/1000 [00:15<02:54,  4.93it/s]INFO:httpx:HTTP Request: POST http://localhost:8041/v1/chat/completions "HTTP/1.1 200 OK"
QA Reading:  14%|█▍        | 140/1000 [00:16<02:56,  4.87it/s]INFO:httpx:HTTP Request: POST http://localhost:8041/v1/chat/completions "HTTP/1.1 200 OK"
QA Reading:  14%|█▍        | 141/1000 [00:16<03:11,  4.49it/s]INFO:httpx:HTTP Request: POST http://localhost:8041/v1/chat/completions "HTTP/1.1 200 OK"
QA Reading:  14%|█▍        | 143/1000 [00:17<03:08,  4.55it/s]INFO:httpx:HTTP Request: POST http://localhost:8041/v1/chat/completions "HTTP/1.1 200 OK"
QA Reading:  14%|█▍        | 144/1000 [00:18<03:49,  3.73it/s]INFO:httpx:HTTP Request: POST http://localhost:8041/v1/chat/completions "HTTP/1.1 200 OK"
QA Reading:  14%|█▍        | 145/1000 [00:18<03:57,  3.61it/s]INFO:httpx:HTTP Request: POST http://localhost:8041/v1/chat/completions "HTTP/1.1 200 OK"
QA Reading:  15%|█▍        | 146/1000 [00:18<03:52,  3.67it/s]INFO:httpx:HTTP Request: POST http://localhost:8041/v1/chat/completions "HTTP/1.1 200 OK"
QA Reading:  15%|█▍        | 147/1000 [00:19<04:01,  3.53it/s]INFO:httpx:HTTP Request: POST http://localhost:8041/v1/chat/completions "HTTP/1.1 200 OK"
QA Reading:  15%|█▍        | 148/1000 [00:19<05:34,  2.54it/s]INFO:httpx:HTTP Request: POST http://localhost:8041/v1/chat/completions "HTTP/1.1 200 OK"
QA Reading:  15%|█▌        | 150/1000 [00:20<04:55,  2.87it/s]INFO:httpx:HTTP Request: POST http://localhost:8041/v1/chat/completions "HTTP/1.1 200 OK"
QA Reading:  15%|█▌        | 151/1000 [00:21<06:12,  2.28it/s]INFO:httpx:HTTP Request: POST http://localhost:8041/v1/chat/completions "HTTP/1.1 200 OK"
QA Reading:  15%|█▌        | 152/1000 [00:21<06:11,  2.28it/s]INFO:httpx:HTTP Request: POST http://localhost:8041/v1/chat/completions "HTTP/1.1 200 OK"
QA Reading:  16%|█▌        | 155/1000 [00:22<04:01,  3.49it/s]INFO:httpx:HTTP Request: POST http://localhost:8041/v1/chat/completions "HTTP/1.1 200 OK"
QA Reading:  16%|█▌        | 157/1000 [00:22<04:22,  3.21it/s]INFO:httpx:HTTP Request: POST http://localhost:8041/v1/chat/completions "HTTP/1.1 200 OK"
QA Reading:  16%|█▌        | 158/1000 [00:23<04:39,  3.01it/s]INFO:httpx:HTTP Request: POST http://localhost:8041/v1/chat/completions "HTTP/1.1 200 OK"
QA Reading:  16%|█▌        | 159/1000 [00:23<05:19,  2.63it/s]INFO:httpx:HTTP Request: POST http://localhost:8041/v1/chat/completions "HTTP/1.1 200 OK"
QA Reading:  16%|█▌        | 160/1000 [00:24<05:23,  2.60it/s]INFO:httpx:HTTP Request: POST http://localhost:8041/v1/chat/completions "HTTP/1.1 200 OK"
QA Reading:  16%|█▌        | 161/1000 [00:24<05:23,  2.59it/s]INFO:httpx:HTTP Request: POST http://localhost:8041/v1/chat/completions "HTTP/1.1 200 OK"
QA Reading:  16%|█▋        | 163/1000 [00:24<04:09,  3.36it/s]INFO:httpx:HTTP Request: POST http://localhost:8041/v1/chat/completions "HTTP/1.1 200 OK"
QA Reading:  16%|█▋        | 164/1000 [00:25<04:51,  2.87it/s]INFO:httpx:HTTP Request: POST http://localhost:8041/v1/chat/completions "HTTP/1.1 200 OK"
QA Reading:  17%|█▋        | 166/1000 [00:26<04:40,  2.97it/s]INFO:httpx:HTTP Request: POST http://localhost:8041/v1/chat/completions "HTTP/1.1 200 OK"
QA Reading:  17%|█▋        | 168/1000 [00:26<04:28,  3.09it/s]INFO:httpx:HTTP Request: POST http://localhost:8041/v1/chat/completions "HTTP/1.1 200 OK"
QA Reading:  17%|█▋        | 169/1000 [00:27<04:51,  2.85it/s]INFO:httpx:HTTP Request: POST http://localhost:8041/v1/chat/completions "HTTP/1.1 200 OK"
QA Reading:  17%|█▋        | 170/1000 [00:27<05:52,  2.36it/s]INFO:httpx:HTTP Request: POST http://localhost:8041/v1/chat/completions "HTTP/1.1 200 OK"
QA Reading:  17%|█▋        | 171/1000 [00:28<06:02,  2.29it/s]INFO:httpx:HTTP Request: POST http://localhost:8041/v1/chat/completions "HTTP/1.1 200 OK"
QA Reading:  17%|█▋        | 172/1000 [00:28<06:28,  2.13it/s]INFO:httpx:HTTP Request: POST http://localhost:8041/v1/chat/completions "HTTP/1.1 200 OK"
QA Reading:  17%|█▋        | 173/1000 [00:29<06:18,  2.19it/s]INFO:httpx:HTTP Request: POST http://localhost:8041/v1/chat/completions "HTTP/1.1 200 OK"
QA Reading:  18%|█▊        | 175/1000 [00:29<05:01,  2.74it/s]INFO:httpx:HTTP Request: POST http://localhost:8041/v1/chat/completions "HTTP/1.1 200 OK"
QA Reading:  18%|█▊        | 177/1000 [00:30<04:08,  3.32it/s]INFO:httpx:HTTP Request: POST http://localhost:8041/v1/chat/completions "HTTP/1.1 200 OK"
QA Reading:  18%|█▊        | 178/1000 [00:30<05:06,  2.68it/s]INFO:httpx:HTTP Request: POST http://localhost:8041/v1/chat/completions "HTTP/1.1 200 OK"
QA Reading:  18%|█▊        | 179/1000 [00:31<05:29,  2.49it/s]INFO:httpx:HTTP Request: POST http://localhost:8041/v1/chat/completions "HTTP/1.1 200 OK"
QA Reading:  18%|█▊        | 180/1000 [00:31<05:33,  2.46it/s]INFO:httpx:HTTP Request: POST http://localhost:8041/v1/chat/completions "HTTP/1.1 200 OK"
QA Reading:  18%|█▊        | 181/1000 [00:32<05:46,  2.37it/s]INFO:httpx:HTTP Request: POST http://localhost:8041/v1/chat/completions "HTTP/1.1 200 OK"
QA Reading:  18%|█▊        | 182/1000 [00:32<06:15,  2.18it/s]INFO:httpx:HTTP Request: POST http://localhost:8041/v1/chat/completions "HTTP/1.1 200 OK"
QA Reading:  18%|█▊        | 183/1000 [00:33<06:07,  2.22it/s]INFO:httpx:HTTP Request: POST http://localhost:8041/v1/chat/completions "HTTP/1.1 200 OK"
QA Reading:  18%|█▊        | 184/1000 [00:33<05:41,  2.39it/s]INFO:httpx:HTTP Request: POST http://localhost:8041/v1/chat/completions "HTTP/1.1 200 OK"
QA Reading:  19%|█▊        | 187/1000 [00:33<03:32,  3.82it/s]INFO:httpx:HTTP Request: POST http://localhost:8041/v1/chat/completions "HTTP/1.1 200 OK"
QA Reading:  19%|█▉        | 188/1000 [00:34<04:03,  3.34it/s]INFO:httpx:HTTP Request: POST http://localhost:8041/v1/chat/completions "HTTP/1.1 200 OK"
QA Reading:  19%|█▉        | 189/1000 [00:34<04:49,  2.80it/s]INFO:httpx:HTTP Request: POST http://localhost:8041/v1/chat/completions "HTTP/1.1 200 OK"
QA Reading:  19%|█▉        | 191/1000 [00:35<03:47,  3.56it/s]INFO:httpx:HTTP Request: POST http://localhost:8041/v1/chat/completions "HTTP/1.1 200 OK"
QA Reading:  19%|█▉        | 192/1000 [00:35<04:09,  3.23it/s]INFO:httpx:HTTP Request: POST http://localhost:8041/v1/chat/completions "HTTP/1.1 200 OK"
QA Reading:  19%|█▉        | 193/1000 [00:36<04:38,  2.90it/s]INFO:httpx:HTTP Request: POST http://localhost:8041/v1/chat/completions "HTTP/1.1 200 OK"
QA Reading:  19%|█▉        | 194/1000 [00:36<04:56,  2.72it/s]INFO:httpx:HTTP Request: POST http://localhost:8041/v1/chat/completions "HTTP/1.1 200 OK"
QA Reading:  20%|█▉        | 195/1000 [00:36<04:50,  2.78it/s]INFO:httpx:HTTP Request: POST http://localhost:8041/v1/chat/completions "HTTP/1.1 200 OK"
QA Reading:  20%|█▉        | 196/1000 [00:37<06:12,  2.16it/s]INFO:httpx:HTTP Request: POST http://localhost:8041/v1/chat/completions "HTTP/1.1 200 OK"
QA Reading:  20%|█▉        | 197/1000 [00:38<06:15,  2.14it/s]INFO:httpx:HTTP Request: POST http://localhost:8041/v1/chat/completions "HTTP/1.1 200 OK"
QA Reading:  20%|█▉        | 198/1000 [00:38<06:19,  2.11it/s]INFO:httpx:HTTP Request: POST http://localhost:8041/v1/chat/completions "HTTP/1.1 200 OK"
QA Reading:  20%|██        | 200/1000 [00:39<05:05,  2.62it/s]INFO:httpx:HTTP Request: POST http://localhost:8041/v1/chat/completions "HTTP/1.1 200 OK"
QA Reading:  20%|██        | 203/1000 [00:39<03:25,  3.89it/s]INFO:httpx:HTTP Request: POST http://localhost:8041/v1/chat/completions "HTTP/1.1 200 OK"
QA Reading:  20%|██        | 204/1000 [00:39<03:43,  3.57it/s]INFO:httpx:HTTP Request: POST http://localhost:8041/v1/chat/completions "HTTP/1.1 200 OK"
QA Reading:  20%|██        | 205/1000 [00:40<04:22,  3.03it/s]INFO:httpx:HTTP Request: POST http://localhost:8041/v1/chat/completions "HTTP/1.1 200 OK"
QA Reading:  21%|██        | 206/1000 [00:40<04:33,  2.90it/s]INFO:httpx:HTTP Request: POST http://localhost:8041/v1/chat/completions "HTTP/1.1 200 OK"
QA Reading:  21%|██        | 207/1000 [00:41<05:16,  2.51it/s]INFO:httpx:HTTP Request: POST http://localhost:8041/v1/chat/completions "HTTP/1.1 200 OK"
QA Reading:  21%|██        | 208/1000 [00:41<05:25,  2.43it/s]INFO:httpx:HTTP Request: POST http://localhost:8041/v1/chat/completions "HTTP/1.1 200 OK"
QA Reading:  21%|██        | 210/1000 [00:42<04:31,  2.91it/s]INFO:httpx:HTTP Request: POST http://localhost:8041/v1/chat/completions "HTTP/1.1 200 OK"
QA Reading:  21%|██        | 211/1000 [00:42<05:24,  2.43it/s]INFO:httpx:HTTP Request: POST http://localhost:8041/v1/chat/completions "HTTP/1.1 200 OK"
QA Reading:  21%|██        | 212/1000 [00:43<05:18,  2.48it/s]INFO:httpx:HTTP Request: POST http://localhost:8041/v1/chat/completions "HTTP/1.1 200 OK"
QA Reading:  21%|██▏       | 213/1000 [00:43<05:37,  2.33it/s]INFO:httpx:HTTP Request: POST http://localhost:8041/v1/chat/completions "HTTP/1.1 200 OK"
QA Reading:  21%|██▏       | 214/1000 [00:44<06:28,  2.02it/s]INFO:httpx:HTTP Request: POST http://localhost:8041/v1/chat/completions "HTTP/1.1 200 OK"
QA Reading:  22%|██▏       | 215/1000 [00:44<06:18,  2.08it/s]INFO:httpx:HTTP Request: POST http://localhost:8041/v1/chat/completions "HTTP/1.1 200 OK"
QA Reading:  22%|██▏       | 217/1000 [00:45<05:57,  2.19it/s]INFO:httpx:HTTP Request: POST http://localhost:8041/v1/chat/completions "HTTP/1.1 200 OK"
QA Reading:  22%|██▏       | 218/1000 [00:46<06:56,  1.88it/s]INFO:httpx:HTTP Request: POST http://localhost:8041/v1/chat/completions "HTTP/1.1 200 OK"
QA Reading:  22%|██▏       | 219/1000 [00:47<07:01,  1.85it/s]INFO:httpx:HTTP Request: POST http://localhost:8041/v1/chat/completions "HTTP/1.1 200 OK"
QA Reading:  22%|██▏       | 221/1000 [00:47<05:22,  2.41it/s]INFO:httpx:HTTP Request: POST http://localhost:8041/v1/chat/completions "HTTP/1.1 200 OK"
QA Reading:  22%|██▏       | 222/1000 [00:48<06:00,  2.16it/s]INFO:httpx:HTTP Request: POST http://localhost:8041/v1/chat/completions "HTTP/1.1 200 OK"
QA Reading:  22%|██▎       | 225/1000 [00:48<03:58,  3.25it/s]INFO:httpx:HTTP Request: POST http://localhost:8041/v1/chat/completions "HTTP/1.1 200 OK"
QA Reading:  23%|██▎       | 226/1000 [00:49<04:42,  2.74it/s]INFO:httpx:HTTP Request: POST http://localhost:8041/v1/chat/completions "HTTP/1.1 200 OK"
QA Reading:  23%|██▎       | 228/1000 [00:49<03:48,  3.38it/s]INFO:httpx:HTTP Request: POST http://localhost:8041/v1/chat/completions "HTTP/1.1 200 OK"
QA Reading:  23%|██▎       | 231/1000 [00:49<02:56,  4.37it/s]INFO:httpx:HTTP Request: POST http://localhost:8041/v1/chat/completions "HTTP/1.1 200 OK"
QA Reading:  23%|██▎       | 232/1000 [00:50<03:30,  3.64it/s]INFO:httpx:HTTP Request: POST http://localhost:8041/v1/chat/completions "HTTP/1.1 200 OK"
QA Reading:  23%|██▎       | 233/1000 [00:51<04:22,  2.92it/s]INFO:httpx:HTTP Request: POST http://localhost:8041/v1/chat/completions "HTTP/1.1 200 OK"
QA Reading:  23%|██▎       | 234/1000 [00:51<04:27,  2.87it/s]INFO:httpx:HTTP Request: POST http://localhost:8041/v1/chat/completions "HTTP/1.1 200 OK"
QA Reading:  24%|██▎       | 235/1000 [00:51<04:52,  2.61it/s]INFO:httpx:HTTP Request: POST http://localhost:8041/v1/chat/completions "HTTP/1.1 200 OK"
QA Reading:  24%|██▍       | 238/1000 [00:52<03:21,  3.78it/s]INFO:httpx:HTTP Request: POST http://localhost:8041/v1/chat/completions "HTTP/1.1 200 OK"
QA Reading:  24%|██▍       | 239/1000 [00:52<03:41,  3.44it/s]INFO:httpx:HTTP Request: POST http://localhost:8041/v1/chat/completions "HTTP/1.1 200 OK"
QA Reading:  24%|██▍       | 240/1000 [00:53<04:01,  3.15it/s]INFO:httpx:HTTP Request: POST http://localhost:8041/v1/chat/completions "HTTP/1.1 200 OK"
QA Reading:  24%|██▍       | 241/1000 [00:53<04:33,  2.78it/s]INFO:httpx:HTTP Request: POST http://localhost:8041/v1/chat/completions "HTTP/1.1 200 OK"
QA Reading:  24%|██▍       | 242/1000 [00:54<05:47,  2.18it/s]INFO:httpx:HTTP Request: POST http://localhost:8041/v1/chat/completions "HTTP/1.1 200 OK"
QA Reading:  24%|██▍       | 243/1000 [00:55<08:04,  1.56it/s]INFO:httpx:HTTP Request: POST http://localhost:8041/v1/chat/completions "HTTP/1.1 200 OK"
QA Reading:  24%|██▍       | 244/1000 [00:56<07:10,  1.76it/s]INFO:httpx:HTTP Request: POST http://localhost:8041/v1/chat/completions "HTTP/1.1 200 OK"
QA Reading:  24%|██▍       | 245/1000 [00:56<07:16,  1.73it/s]INFO:httpx:HTTP Request: POST http://localhost:8041/v1/chat/completions "HTTP/1.1 200 OK"
QA Reading:  25%|██▍       | 246/1000 [00:57<07:06,  1.77it/s]INFO:httpx:HTTP Request: POST http://localhost:8041/v1/chat/completions "HTTP/1.1 200 OK"
QA Reading:  25%|██▍       | 247/1000 [00:57<06:13,  2.02it/s]INFO:httpx:HTTP Request: POST http://localhost:8041/v1/chat/completions "HTTP/1.1 200 OK"
QA Reading:  25%|██▍       | 248/1000 [00:57<05:59,  2.09it/s]INFO:httpx:HTTP Request: POST http://localhost:8041/v1/chat/completions "HTTP/1.1 200 OK"
QA Reading:  25%|██▍       | 249/1000 [00:58<05:34,  2.24it/s]INFO:httpx:HTTP Request: POST http://localhost:8041/v1/chat/completions "HTTP/1.1 200 OK"
QA Reading:  25%|██▌       | 251/1000 [00:58<04:51,  2.57it/s]INFO:httpx:HTTP Request: POST http://localhost:8041/v1/chat/completions "HTTP/1.1 200 OK"
QA Reading:  25%|██▌       | 253/1000 [00:59<03:46,  3.30it/s]INFO:httpx:HTTP Request: POST http://localhost:8041/v1/chat/completions "HTTP/1.1 200 OK"
QA Reading:  25%|██▌       | 254/1000 [00:59<03:57,  3.15it/s]INFO:httpx:HTTP Request: POST http://localhost:8041/v1/chat/completions "HTTP/1.1 200 OK"
QA Reading:  26%|██▌       | 255/1000 [01:00<04:57,  2.50it/s]INFO:httpx:HTTP Request: POST http://localhost:8041/v1/chat/completions "HTTP/1.1 200 OK"
QA Reading:  26%|██▌       | 256/1000 [01:00<05:18,  2.34it/s]INFO:httpx:HTTP Request: POST http://localhost:8041/v1/chat/completions "HTTP/1.1 200 OK"
QA Reading:  26%|██▌       | 258/1000 [01:01<03:57,  3.13it/s]INFO:httpx:HTTP Request: POST http://localhost:8041/v1/chat/completions "HTTP/1.1 200 OK"
QA Reading:  26%|██▋       | 263/1000 [01:01<02:26,  5.02it/s]INFO:httpx:HTTP Request: POST http://localhost:8041/v1/chat/completions "HTTP/1.1 200 OK"
QA Reading:  26%|██▋       | 264/1000 [01:02<02:59,  4.10it/s]INFO:httpx:HTTP Request: POST http://localhost:8041/v1/chat/completions "HTTP/1.1 200 OK"
QA Reading:  26%|██▋       | 265/1000 [01:02<03:42,  3.30it/s]INFO:httpx:HTTP Request: POST http://localhost:8041/v1/chat/completions "HTTP/1.1 200 OK"
QA Reading:  27%|██▋       | 267/1000 [01:03<03:36,  3.39it/s]INFO:httpx:HTTP Request: POST http://localhost:8041/v1/chat/completions "HTTP/1.1 200 OK"
QA Reading:  27%|██▋       | 268/1000 [01:03<04:04,  3.00it/s]INFO:httpx:HTTP Request: POST http://localhost:8041/v1/chat/completions "HTTP/1.1 200 OK"
QA Reading:  27%|██▋       | 269/1000 [01:04<04:02,  3.01it/s]INFO:httpx:HTTP Request: POST http://localhost:8041/v1/chat/completions "HTTP/1.1 200 OK"
QA Reading:  27%|██▋       | 270/1000 [01:04<04:07,  2.95it/s]INFO:httpx:HTTP Request: POST http://localhost:8041/v1/chat/completions "HTTP/1.1 200 OK"
QA Reading:  27%|██▋       | 271/1000 [01:04<04:09,  2.92it/s]INFO:httpx:HTTP Request: POST http://localhost:8041/v1/chat/completions "HTTP/1.1 200 OK"
QA Reading:  27%|██▋       | 272/1000 [01:05<04:17,  2.83it/s]INFO:httpx:HTTP Request: POST http://localhost:8041/v1/chat/completions "HTTP/1.1 200 OK"
QA Reading:  27%|██▋       | 273/1000 [01:05<04:32,  2.67it/s]INFO:httpx:HTTP Request: POST http://localhost:8041/v1/chat/completions "HTTP/1.1 200 OK"
QA Reading:  27%|██▋       | 274/1000 [01:06<04:36,  2.63it/s]INFO:httpx:HTTP Request: POST http://localhost:8041/v1/chat/completions "HTTP/1.1 200 OK"
QA Reading:  28%|██▊       | 275/1000 [01:06<06:08,  1.97it/s]INFO:httpx:HTTP Request: POST http://localhost:8041/v1/chat/completions "HTTP/1.1 200 OK"
QA Reading:  28%|██▊       | 276/1000 [01:07<05:44,  2.10it/s]INFO:httpx:HTTP Request: POST http://localhost:8041/v1/chat/completions "HTTP/1.1 200 OK"
QA Reading:  28%|██▊       | 277/1000 [01:07<05:15,  2.29it/s]INFO:httpx:HTTP Request: POST http://localhost:8041/v1/chat/completions "HTTP/1.1 200 OK"
QA Reading:  28%|██▊       | 278/1000 [01:08<04:54,  2.45it/s]INFO:httpx:HTTP Request: POST http://localhost:8041/v1/chat/completions "HTTP/1.1 200 OK"
QA Reading:  28%|██▊       | 280/1000 [01:09<05:19,  2.25it/s]INFO:httpx:HTTP Request: POST http://localhost:8041/v1/chat/completions "HTTP/1.1 200 OK"
QA Reading:  28%|██▊       | 281/1000 [01:09<05:07,  2.34it/s]INFO:httpx:HTTP Request: POST http://localhost:8041/v1/chat/completions "HTTP/1.1 200 OK"
QA Reading:  28%|██▊       | 282/1000 [01:09<05:39,  2.11it/s]INFO:httpx:HTTP Request: POST http://localhost:8041/v1/chat/completions "HTTP/1.1 200 OK"
QA Reading:  28%|██▊       | 284/1000 [01:10<04:07,  2.90it/s]INFO:httpx:HTTP Request: POST http://localhost:8041/v1/chat/completions "HTTP/1.1 200 OK"
QA Reading:  28%|██▊       | 285/1000 [01:10<04:25,  2.70it/s]INFO:httpx:HTTP Request: POST http://localhost:8041/v1/chat/completions "HTTP/1.1 200 OK"
QA Reading:  29%|██▊       | 286/1000 [01:11<04:30,  2.64it/s]INFO:httpx:HTTP Request: POST http://localhost:8041/v1/chat/completions "HTTP/1.1 200 OK"
QA Reading:  29%|██▊       | 287/1000 [01:11<05:24,  2.20it/s]INFO:httpx:HTTP Request: POST http://localhost:8041/v1/chat/completions "HTTP/1.1 200 OK"
QA Reading:  29%|██▉       | 288/1000 [01:12<05:20,  2.22it/s]INFO:httpx:HTTP Request: POST http://localhost:8041/v1/chat/completions "HTTP/1.1 200 OK"
QA Reading:  29%|██▉       | 290/1000 [01:12<03:50,  3.07it/s]INFO:httpx:HTTP Request: POST http://localhost:8041/v1/chat/completions "HTTP/1.1 200 OK"
QA Reading:  29%|██▉       | 291/1000 [01:12<03:55,  3.02it/s]INFO:httpx:HTTP Request: POST http://localhost:8041/v1/chat/completions "HTTP/1.1 200 OK"
QA Reading:  29%|██▉       | 292/1000 [01:13<04:13,  2.79it/s]INFO:httpx:HTTP Request: POST http://localhost:8041/v1/chat/completions "HTTP/1.1 200 OK"
QA Reading:  29%|██▉       | 294/1000 [01:13<03:29,  3.36it/s]INFO:httpx:HTTP Request: POST http://localhost:8041/v1/chat/completions "HTTP/1.1 200 OK"
QA Reading:  30%|██▉       | 296/1000 [01:14<03:17,  3.57it/s]INFO:httpx:HTTP Request: POST http://localhost:8041/v1/chat/completions "HTTP/1.1 200 OK"
QA Reading:  30%|██▉       | 298/1000 [01:14<02:58,  3.92it/s]INFO:httpx:HTTP Request: POST http://localhost:8041/v1/chat/completions "HTTP/1.1 200 OK"
QA Reading:  30%|██▉       | 299/1000 [01:15<04:17,  2.72it/s]INFO:httpx:HTTP Request: POST http://localhost:8041/v1/chat/completions "HTTP/1.1 200 OK"
QA Reading:  30%|███       | 300/1000 [01:16<04:34,  2.55it/s]INFO:httpx:HTTP Request: POST http://localhost:8041/v1/chat/completions "HTTP/1.1 200 OK"
QA Reading:  30%|███       | 301/1000 [01:16<04:10,  2.79it/s]INFO:httpx:HTTP Request: POST http://localhost:8041/v1/chat/completions "HTTP/1.1 200 OK"
QA Reading:  30%|███       | 302/1000 [01:16<04:09,  2.80it/s]INFO:httpx:HTTP Request: POST http://localhost:8041/v1/chat/completions "HTTP/1.1 200 OK"
QA Reading:  30%|███       | 303/1000 [01:17<05:40,  2.05it/s]INFO:httpx:HTTP Request: POST http://localhost:8041/v1/chat/completions "HTTP/1.1 200 OK"
QA Reading:  30%|███       | 304/1000 [01:18<05:44,  2.02it/s]INFO:httpx:HTTP Request: POST http://localhost:8041/v1/chat/completions "HTTP/1.1 200 OK"
QA Reading:  30%|███       | 305/1000 [01:18<05:26,  2.13it/s]INFO:httpx:HTTP Request: POST http://localhost:8041/v1/chat/completions "HTTP/1.1 200 OK"
QA Reading:  31%|███       | 306/1000 [01:18<04:57,  2.33it/s]INFO:httpx:HTTP Request: POST http://localhost:8041/v1/chat/completions "HTTP/1.1 200 OK"
QA Reading:  31%|███       | 307/1000 [01:19<04:37,  2.49it/s]INFO:httpx:HTTP Request: POST http://localhost:8041/v1/chat/completions "HTTP/1.1 200 OK"
QA Reading:  31%|███       | 308/1000 [01:19<04:33,  2.53it/s]INFO:httpx:HTTP Request: POST http://localhost:8041/v1/chat/completions "HTTP/1.1 200 OK"
QA Reading:  31%|███       | 310/1000 [01:19<03:33,  3.23it/s]INFO:httpx:HTTP Request: POST http://localhost:8041/v1/chat/completions "HTTP/1.1 200 OK"
QA Reading:  31%|███       | 311/1000 [01:20<03:51,  2.98it/s]INFO:httpx:HTTP Request: POST http://localhost:8041/v1/chat/completions "HTTP/1.1 200 OK"
QA Reading:  31%|███▏      | 313/1000 [01:21<04:02,  2.83it/s]INFO:httpx:HTTP Request: POST http://localhost:8041/v1/chat/completions "HTTP/1.1 200 OK"
QA Reading:  31%|███▏      | 314/1000 [01:21<05:01,  2.28it/s]INFO:httpx:HTTP Request: POST http://localhost:8041/v1/chat/completions "HTTP/1.1 200 OK"
QA Reading:  32%|███▏      | 315/1000 [01:22<05:15,  2.17it/s]INFO:httpx:HTTP Request: POST http://localhost:8041/v1/chat/completions "HTTP/1.1 200 OK"
QA Reading:  32%|███▏      | 316/1000 [01:22<05:02,  2.26it/s]INFO:httpx:HTTP Request: POST http://localhost:8041/v1/chat/completions "HTTP/1.1 200 OK"
QA Reading:  32%|███▏      | 317/1000 [01:23<05:16,  2.16it/s]INFO:httpx:HTTP Request: POST http://localhost:8041/v1/chat/completions "HTTP/1.1 200 OK"
QA Reading:  32%|███▏      | 320/1000 [01:23<03:08,  3.62it/s]INFO:httpx:HTTP Request: POST http://localhost:8041/v1/chat/completions "HTTP/1.1 200 OK"
QA Reading:  32%|███▏      | 321/1000 [01:24<03:38,  3.11it/s]INFO:httpx:HTTP Request: POST http://localhost:8041/v1/chat/completions "HTTP/1.1 200 OK"
QA Reading:  32%|███▏      | 323/1000 [01:24<04:09,  2.71it/s]INFO:httpx:HTTP Request: POST http://localhost:8041/v1/chat/completions "HTTP/1.1 200 OK"
QA Reading:  32%|███▏      | 324/1000 [01:25<04:17,  2.62it/s]INFO:httpx:HTTP Request: POST http://localhost:8041/v1/chat/completions "HTTP/1.1 200 OK"
QA Reading:  32%|███▎      | 325/1000 [01:25<04:36,  2.44it/s]INFO:httpx:HTTP Request: POST http://localhost:8041/v1/chat/completions "HTTP/1.1 200 OK"
QA Reading:  33%|███▎      | 326/1000 [01:26<05:02,  2.23it/s]INFO:httpx:HTTP Request: POST http://localhost:8041/v1/chat/completions "HTTP/1.1 200 OK"
QA Reading:  33%|███▎      | 328/1000 [01:26<03:25,  3.27it/s]INFO:httpx:HTTP Request: POST http://localhost:8041/v1/chat/completions "HTTP/1.1 200 OK"
QA Reading:  33%|███▎      | 330/1000 [01:27<02:59,  3.74it/s]INFO:httpx:HTTP Request: POST http://localhost:8041/v1/chat/completions "HTTP/1.1 200 OK"
QA Reading:  33%|███▎      | 331/1000 [01:28<04:29,  2.48it/s]INFO:httpx:HTTP Request: POST http://localhost:8041/v1/chat/completions "HTTP/1.1 200 OK"
QA Reading:  33%|███▎      | 333/1000 [01:28<03:40,  3.02it/s]INFO:httpx:HTTP Request: POST http://localhost:8041/v1/chat/completions "HTTP/1.1 200 OK"
QA Reading:  33%|███▎      | 334/1000 [01:28<03:34,  3.11it/s]INFO:httpx:HTTP Request: POST http://localhost:8041/v1/chat/completions "HTTP/1.1 200 OK"
QA Reading:  34%|███▎      | 336/1000 [01:29<02:56,  3.76it/s]INFO:httpx:HTTP Request: POST http://localhost:8041/v1/chat/completions "HTTP/1.1 200 OK"
QA Reading:  34%|███▍      | 339/1000 [01:29<02:17,  4.80it/s]INFO:httpx:HTTP Request: POST http://localhost:8041/v1/chat/completions "HTTP/1.1 200 OK"
QA Reading:  34%|███▍      | 340/1000 [01:29<02:40,  4.11it/s]INFO:httpx:HTTP Request: POST http://localhost:8041/v1/chat/completions "HTTP/1.1 200 OK"
QA Reading:  34%|███▍      | 342/1000 [01:30<02:27,  4.48it/s]INFO:httpx:HTTP Request: POST http://localhost:8041/v1/chat/completions "HTTP/1.1 200 OK"
QA Reading:  34%|███▍      | 343/1000 [01:30<02:45,  3.97it/s]INFO:httpx:HTTP Request: POST http://localhost:8041/v1/chat/completions "HTTP/1.1 200 OK"
QA Reading:  34%|███▍      | 344/1000 [01:31<03:14,  3.38it/s]INFO:httpx:HTTP Request: POST http://localhost:8041/v1/chat/completions "HTTP/1.1 200 OK"
QA Reading:  34%|███▍      | 345/1000 [01:31<04:25,  2.47it/s]INFO:httpx:HTTP Request: POST http://localhost:8041/v1/chat/completions "HTTP/1.1 200 OK"
QA Reading:  35%|███▍      | 346/1000 [01:32<04:20,  2.51it/s]INFO:httpx:HTTP Request: POST http://localhost:8041/v1/chat/completions "HTTP/1.1 200 OK"
QA Reading:  35%|███▍      | 347/1000 [01:32<04:45,  2.29it/s]INFO:httpx:HTTP Request: POST http://localhost:8041/v1/chat/completions "HTTP/1.1 200 OK"
QA Reading:  35%|███▍      | 348/1000 [01:33<05:06,  2.13it/s]INFO:httpx:HTTP Request: POST http://localhost:8041/v1/chat/completions "HTTP/1.1 200 OK"
QA Reading:  35%|███▍      | 349/1000 [01:34<05:46,  1.88it/s]INFO:httpx:HTTP Request: POST http://localhost:8041/v1/chat/completions "HTTP/1.1 200 OK"
QA Reading:  35%|███▌      | 350/1000 [01:34<05:13,  2.07it/s]INFO:httpx:HTTP Request: POST http://localhost:8041/v1/chat/completions "HTTP/1.1 200 OK"
QA Reading:  35%|███▌      | 351/1000 [01:34<05:16,  2.05it/s]INFO:httpx:HTTP Request: POST http://localhost:8041/v1/chat/completions "HTTP/1.1 200 OK"
QA Reading:  35%|███▌      | 352/1000 [01:35<04:51,  2.22it/s]INFO:httpx:HTTP Request: POST http://localhost:8041/v1/chat/completions "HTTP/1.1 200 OK"
QA Reading:  35%|███▌      | 354/1000 [01:35<03:51,  2.79it/s]INFO:httpx:HTTP Request: POST http://localhost:8041/v1/chat/completions "HTTP/1.1 200 OK"
QA Reading:  36%|███▌      | 355/1000 [01:36<03:57,  2.72it/s]INFO:httpx:HTTP Request: POST http://localhost:8041/v1/chat/completions "HTTP/1.1 200 OK"
QA Reading:  36%|███▌      | 357/1000 [01:36<03:23,  3.16it/s]INFO:httpx:HTTP Request: POST http://localhost:8041/v1/chat/completions "HTTP/1.1 200 OK"
QA Reading:  36%|███▌      | 358/1000 [01:37<04:02,  2.65it/s]INFO:httpx:HTTP Request: POST http://localhost:8041/v1/chat/completions "HTTP/1.1 200 OK"
QA Reading:  36%|███▌      | 359/1000 [01:37<04:42,  2.27it/s]INFO:httpx:HTTP Request: POST http://localhost:8041/v1/chat/completions "HTTP/1.1 200 OK"
QA Reading:  36%|███▌      | 360/1000 [01:38<04:22,  2.44it/s]INFO:httpx:HTTP Request: POST http://localhost:8041/v1/chat/completions "HTTP/1.1 200 OK"
QA Reading:  36%|███▌      | 361/1000 [01:38<04:26,  2.40it/s]INFO:httpx:HTTP Request: POST http://localhost:8041/v1/chat/completions "HTTP/1.1 200 OK"
QA Reading:  36%|███▋      | 364/1000 [01:39<02:49,  3.74it/s]INFO:httpx:HTTP Request: POST http://localhost:8041/v1/chat/completions "HTTP/1.1 200 OK"
QA Reading:  36%|███▋      | 365/1000 [01:39<03:58,  2.66it/s]INFO:httpx:HTTP Request: POST http://localhost:8041/v1/chat/completions "HTTP/1.1 200 OK"
QA Reading:  37%|███▋      | 368/1000 [01:40<02:53,  3.65it/s]INFO:httpx:HTTP Request: POST http://localhost:8041/v1/chat/completions "HTTP/1.1 200 OK"
QA Reading:  37%|███▋      | 369/1000 [01:40<03:23,  3.11it/s]INFO:httpx:HTTP Request: POST http://localhost:8041/v1/chat/completions "HTTP/1.1 200 OK"
QA Reading:  37%|███▋      | 370/1000 [01:41<03:32,  2.97it/s]INFO:httpx:HTTP Request: POST http://localhost:8041/v1/chat/completions "HTTP/1.1 200 OK"
QA Reading:  37%|███▋      | 371/1000 [01:41<03:29,  3.01it/s]INFO:httpx:HTTP Request: POST http://localhost:8041/v1/chat/completions "HTTP/1.1 200 OK"
QA Reading:  37%|███▋      | 372/1000 [01:42<03:58,  2.64it/s]INFO:httpx:HTTP Request: POST http://localhost:8041/v1/chat/completions "HTTP/1.1 200 OK"
QA Reading:  37%|███▋      | 373/1000 [01:42<03:48,  2.75it/s]INFO:httpx:HTTP Request: POST http://localhost:8041/v1/chat/completions "HTTP/1.1 200 OK"
QA Reading:  37%|███▋      | 374/1000 [01:42<04:16,  2.44it/s]INFO:httpx:HTTP Request: POST http://localhost:8041/v1/chat/completions "HTTP/1.1 200 OK"
QA Reading:  38%|███▊      | 376/1000 [01:43<03:04,  3.37it/s]INFO:httpx:HTTP Request: POST http://localhost:8041/v1/chat/completions "HTTP/1.1 200 OK"
QA Reading:  38%|███▊      | 377/1000 [01:43<03:03,  3.39it/s]INFO:httpx:HTTP Request: POST http://localhost:8041/v1/chat/completions "HTTP/1.1 200 OK"
QA Reading:  38%|███▊      | 378/1000 [01:43<03:09,  3.28it/s]INFO:httpx:HTTP Request: POST http://localhost:8041/v1/chat/completions "HTTP/1.1 200 OK"
QA Reading:  38%|███▊      | 379/1000 [01:44<03:34,  2.89it/s]INFO:httpx:HTTP Request: POST http://localhost:8041/v1/chat/completions "HTTP/1.1 200 OK"
QA Reading:  38%|███▊      | 380/1000 [01:44<04:19,  2.39it/s]INFO:httpx:HTTP Request: POST http://localhost:8041/v1/chat/completions "HTTP/1.1 200 OK"
QA Reading:  38%|███▊      | 381/1000 [01:45<04:09,  2.48it/s]INFO:httpx:HTTP Request: POST http://localhost:8041/v1/chat/completions "HTTP/1.1 200 OK"
QA Reading:  38%|███▊      | 382/1000 [01:45<04:02,  2.54it/s]INFO:httpx:HTTP Request: POST http://localhost:8041/v1/chat/completions "HTTP/1.1 200 OK"
QA Reading:  38%|███▊      | 383/1000 [01:46<04:23,  2.34it/s]INFO:httpx:HTTP Request: POST http://localhost:8041/v1/chat/completions "HTTP/1.1 200 OK"
QA Reading:  38%|███▊      | 384/1000 [01:46<04:34,  2.24it/s]INFO:httpx:HTTP Request: POST http://localhost:8041/v1/chat/completions "HTTP/1.1 200 OK"
QA Reading:  38%|███▊      | 385/1000 [01:47<04:29,  2.28it/s]INFO:httpx:HTTP Request: POST http://localhost:8041/v1/chat/completions "HTTP/1.1 200 OK"
QA Reading:  39%|███▊      | 386/1000 [01:47<04:21,  2.35it/s]INFO:httpx:HTTP Request: POST http://localhost:8041/v1/chat/completions "HTTP/1.1 200 OK"
QA Reading:  39%|███▊      | 387/1000 [01:47<04:33,  2.24it/s]INFO:httpx:HTTP Request: POST http://localhost:8041/v1/chat/completions "HTTP/1.1 200 OK"
QA Reading:  39%|███▉      | 388/1000 [01:48<04:26,  2.30it/s]INFO:httpx:HTTP Request: POST http://localhost:8041/v1/chat/completions "HTTP/1.1 200 OK"
QA Reading:  39%|███▉      | 389/1000 [01:48<04:26,  2.29it/s]INFO:httpx:HTTP Request: POST http://localhost:8041/v1/chat/completions "HTTP/1.1 200 OK"
QA Reading:  39%|███▉      | 390/1000 [01:49<04:36,  2.21it/s]INFO:httpx:HTTP Request: POST http://localhost:8041/v1/chat/completions "HTTP/1.1 200 OK"
QA Reading:  39%|███▉      | 391/1000 [01:49<04:21,  2.33it/s]INFO:httpx:HTTP Request: POST http://localhost:8041/v1/chat/completions "HTTP/1.1 200 OK"
QA Reading:  39%|███▉      | 392/1000 [01:49<04:04,  2.48it/s]INFO:httpx:HTTP Request: POST http://localhost:8041/v1/chat/completions "HTTP/1.1 200 OK"
QA Reading:  39%|███▉      | 393/1000 [01:50<04:40,  2.17it/s]INFO:httpx:HTTP Request: POST http://localhost:8041/v1/chat/completions "HTTP/1.1 200 OK"
QA Reading:  39%|███▉      | 394/1000 [01:51<04:47,  2.11it/s]INFO:httpx:HTTP Request: POST http://localhost:8041/v1/chat/completions "HTTP/1.1 200 OK"
QA Reading:  40%|███▉      | 395/1000 [01:51<04:31,  2.23it/s]INFO:httpx:HTTP Request: POST http://localhost:8041/v1/chat/completions "HTTP/1.1 200 OK"
QA Reading:  40%|███▉      | 396/1000 [01:51<04:22,  2.30it/s]INFO:httpx:HTTP Request: POST http://localhost:8041/v1/chat/completions "HTTP/1.1 200 OK"
QA Reading:  40%|████      | 400/1000 [01:52<02:09,  4.64it/s]INFO:httpx:HTTP Request: POST http://localhost:8041/v1/chat/completions "HTTP/1.1 200 OK"
QA Reading:  40%|████      | 403/1000 [01:52<02:08,  4.63it/s]INFO:httpx:HTTP Request: POST http://localhost:8041/v1/chat/completions "HTTP/1.1 200 OK"
QA Reading:  40%|████      | 404/1000 [01:53<02:21,  4.20it/s]INFO:httpx:HTTP Request: POST http://localhost:8041/v1/chat/completions "HTTP/1.1 200 OK"
QA Reading:  40%|████      | 405/1000 [01:53<02:38,  3.76it/s]INFO:httpx:HTTP Request: POST http://localhost:8041/v1/chat/completions "HTTP/1.1 200 OK"
QA Reading:  41%|████      | 406/1000 [01:54<02:52,  3.45it/s]INFO:httpx:HTTP Request: POST http://localhost:8041/v1/chat/completions "HTTP/1.1 200 OK"
QA Reading:  41%|████      | 407/1000 [01:54<03:41,  2.68it/s]INFO:httpx:HTTP Request: POST http://localhost:8041/v1/chat/completions "HTTP/1.1 200 OK"
QA Reading:  41%|████      | 408/1000 [01:55<03:38,  2.71it/s]INFO:httpx:HTTP Request: POST http://localhost:8041/v1/chat/completions "HTTP/1.1 200 OK"
QA Reading:  41%|████      | 409/1000 [01:55<03:40,  2.68it/s]INFO:httpx:HTTP Request: POST http://localhost:8041/v1/chat/completions "HTTP/1.1 200 OK"
QA Reading:  41%|████      | 410/1000 [01:55<04:00,  2.45it/s]INFO:httpx:HTTP Request: POST http://localhost:8041/v1/chat/completions "HTTP/1.1 200 OK"
QA Reading:  41%|████      | 411/1000 [01:56<03:59,  2.46it/s]INFO:httpx:HTTP Request: POST http://localhost:8041/v1/chat/completions "HTTP/1.1 200 OK"
QA Reading:  41%|████      | 412/1000 [01:56<04:35,  2.14it/s]INFO:httpx:HTTP Request: POST http://localhost:8041/v1/chat/completions "HTTP/1.1 200 OK"
QA Reading:  41%|████▏     | 413/1000 [01:57<04:43,  2.07it/s]INFO:httpx:HTTP Request: POST http://localhost:8041/v1/chat/completions "HTTP/1.1 200 OK"
QA Reading:  41%|████▏     | 414/1000 [01:57<04:41,  2.08it/s]INFO:httpx:HTTP Request: POST http://localhost:8041/v1/chat/completions "HTTP/1.1 200 OK"
QA Reading:  42%|████▏     | 415/1000 [01:58<04:17,  2.28it/s]INFO:httpx:HTTP Request: POST http://localhost:8041/v1/chat/completions "HTTP/1.1 200 OK"
QA Reading:  42%|████▏     | 416/1000 [01:58<04:04,  2.39it/s]INFO:httpx:HTTP Request: POST http://localhost:8041/v1/chat/completions "HTTP/1.1 200 OK"
QA Reading:  42%|████▏     | 420/1000 [01:59<02:07,  4.56it/s]INFO:httpx:HTTP Request: POST http://localhost:8041/v1/chat/completions "HTTP/1.1 200 OK"
QA Reading:  42%|████▏     | 421/1000 [01:59<03:06,  3.11it/s]INFO:httpx:HTTP Request: POST http://localhost:8041/v1/chat/completions "HTTP/1.1 200 OK"
QA Reading:  42%|████▏     | 422/1000 [02:00<03:13,  2.99it/s]INFO:httpx:HTTP Request: POST http://localhost:8041/v1/chat/completions "HTTP/1.1 200 OK"
QA Reading:  42%|████▏     | 423/1000 [02:00<03:17,  2.93it/s]INFO:httpx:HTTP Request: POST http://localhost:8041/v1/chat/completions "HTTP/1.1 200 OK"
QA Reading:  42%|████▏     | 424/1000 [02:01<03:47,  2.53it/s]INFO:httpx:HTTP Request: POST http://localhost:8041/v1/chat/completions "HTTP/1.1 200 OK"
QA Reading:  42%|████▎     | 425/1000 [02:01<03:41,  2.59it/s]INFO:httpx:HTTP Request: POST http://localhost:8041/v1/chat/completions "HTTP/1.1 200 OK"
QA Reading:  43%|████▎     | 426/1000 [02:01<03:52,  2.47it/s]INFO:httpx:HTTP Request: POST http://localhost:8041/v1/chat/completions "HTTP/1.1 200 OK"
QA Reading:  43%|████▎     | 427/1000 [02:02<03:49,  2.49it/s]INFO:httpx:HTTP Request: POST http://localhost:8041/v1/chat/completions "HTTP/1.1 200 OK"
QA Reading:  43%|████▎     | 428/1000 [02:02<04:06,  2.32it/s]INFO:httpx:HTTP Request: POST http://localhost:8041/v1/chat/completions "HTTP/1.1 200 OK"
QA Reading:  43%|████▎     | 429/1000 [02:03<03:48,  2.50it/s]INFO:httpx:HTTP Request: POST http://localhost:8041/v1/chat/completions "HTTP/1.1 200 OK"
QA Reading:  43%|████▎     | 430/1000 [02:03<04:06,  2.31it/s]INFO:httpx:HTTP Request: POST http://localhost:8041/v1/chat/completions "HTTP/1.1 200 OK"
QA Reading:  43%|████▎     | 433/1000 [02:04<02:29,  3.78it/s]INFO:httpx:HTTP Request: POST http://localhost:8041/v1/chat/completions "HTTP/1.1 200 OK"
QA Reading:  44%|████▎     | 435/1000 [02:04<02:26,  3.86it/s]INFO:httpx:HTTP Request: POST http://localhost:8041/v1/chat/completions "HTTP/1.1 200 OK"
QA Reading:  44%|████▎     | 437/1000 [02:05<02:26,  3.83it/s]INFO:httpx:HTTP Request: POST http://localhost:8041/v1/chat/completions "HTTP/1.1 200 OK"
QA Reading:  44%|████▍     | 438/1000 [02:05<02:55,  3.21it/s]INFO:httpx:HTTP Request: POST http://localhost:8041/v1/chat/completions "HTTP/1.1 200 OK"
QA Reading:  44%|████▍     | 439/1000 [02:06<03:07,  2.99it/s]INFO:httpx:HTTP Request: POST http://localhost:8041/v1/chat/completions "HTTP/1.1 200 OK"
QA Reading:  44%|████▍     | 440/1000 [02:06<03:29,  2.67it/s]INFO:httpx:HTTP Request: POST http://localhost:8041/v1/chat/completions "HTTP/1.1 200 OK"
QA Reading:  44%|████▍     | 441/1000 [02:06<03:33,  2.62it/s]INFO:httpx:HTTP Request: POST http://localhost:8041/v1/chat/completions "HTTP/1.1 200 OK"
QA Reading:  44%|████▍     | 442/1000 [02:07<04:19,  2.15it/s]INFO:httpx:HTTP Request: POST http://localhost:8041/v1/chat/completions "HTTP/1.1 200 OK"
QA Reading:  44%|████▍     | 443/1000 [02:08<04:18,  2.15it/s]INFO:httpx:HTTP Request: POST http://localhost:8041/v1/chat/completions "HTTP/1.1 200 OK"
QA Reading:  44%|████▍     | 444/1000 [02:08<05:02,  1.84it/s]INFO:httpx:HTTP Request: POST http://localhost:8041/v1/chat/completions "HTTP/1.1 200 OK"
QA Reading:  44%|████▍     | 445/1000 [02:09<04:27,  2.07it/s]INFO:httpx:HTTP Request: POST http://localhost:8041/v1/chat/completions "HTTP/1.1 200 OK"
QA Reading:  45%|████▍     | 447/1000 [02:09<03:35,  2.56it/s]INFO:httpx:HTTP Request: POST http://localhost:8041/v1/chat/completions "HTTP/1.1 200 OK"
QA Reading:  45%|████▍     | 448/1000 [02:10<04:17,  2.14it/s]INFO:httpx:HTTP Request: POST http://localhost:8041/v1/chat/completions "HTTP/1.1 200 OK"
QA Reading:  45%|████▍     | 449/1000 [02:10<03:50,  2.39it/s]INFO:httpx:HTTP Request: POST http://localhost:8041/v1/chat/completions "HTTP/1.1 200 OK"
QA Reading:  45%|████▌     | 451/1000 [02:11<03:31,  2.59it/s]INFO:httpx:HTTP Request: POST http://localhost:8041/v1/chat/completions "HTTP/1.1 200 OK"
QA Reading:  45%|████▌     | 452/1000 [02:11<03:46,  2.42it/s]INFO:httpx:HTTP Request: POST http://localhost:8041/v1/chat/completions "HTTP/1.1 200 OK"
QA Reading:  45%|████▌     | 453/1000 [02:12<03:58,  2.29it/s]INFO:httpx:HTTP Request: POST http://localhost:8041/v1/chat/completions "HTTP/1.1 200 OK"
QA Reading:  46%|████▌     | 455/1000 [02:12<02:48,  3.24it/s]INFO:httpx:HTTP Request: POST http://localhost:8041/v1/chat/completions "HTTP/1.1 200 OK"
QA Reading:  46%|████▌     | 456/1000 [02:13<03:34,  2.53it/s]INFO:httpx:HTTP Request: POST http://localhost:8041/v1/chat/completions "HTTP/1.1 200 OK"
QA Reading:  46%|████▌     | 457/1000 [02:13<03:39,  2.47it/s]INFO:httpx:HTTP Request: POST http://localhost:8041/v1/chat/completions "HTTP/1.1 200 OK"
QA Reading:  46%|████▌     | 458/1000 [02:14<03:25,  2.63it/s]INFO:httpx:HTTP Request: POST http://localhost:8041/v1/chat/completions "HTTP/1.1 200 OK"
QA Reading:  46%|████▌     | 459/1000 [02:14<03:57,  2.28it/s]INFO:httpx:HTTP Request: POST http://localhost:8041/v1/chat/completions "HTTP/1.1 200 OK"
QA Reading:  46%|████▌     | 460/1000 [02:15<03:50,  2.34it/s]INFO:httpx:HTTP Request: POST http://localhost:8041/v1/chat/completions "HTTP/1.1 200 OK"
QA Reading:  46%|████▌     | 462/1000 [02:15<03:34,  2.50it/s]INFO:httpx:HTTP Request: POST http://localhost:8041/v1/chat/completions "HTTP/1.1 200 OK"
QA Reading:  46%|████▋     | 464/1000 [02:16<02:52,  3.11it/s]INFO:httpx:HTTP Request: POST http://localhost:8041/v1/chat/completions "HTTP/1.1 200 OK"
QA Reading:  46%|████▋     | 465/1000 [02:16<03:18,  2.69it/s]INFO:httpx:HTTP Request: POST http://localhost:8041/v1/chat/completions "HTTP/1.1 200 OK"
QA Reading:  47%|████▋     | 467/1000 [02:17<02:56,  3.01it/s]INFO:httpx:HTTP Request: POST http://localhost:8041/v1/chat/completions "HTTP/1.1 200 OK"
QA Reading:  47%|████▋     | 468/1000 [02:17<03:23,  2.62it/s]INFO:httpx:HTTP Request: POST http://localhost:8041/v1/chat/completions "HTTP/1.1 200 OK"
QA Reading:  47%|████▋     | 469/1000 [02:18<03:24,  2.60it/s]INFO:httpx:HTTP Request: POST http://localhost:8041/v1/chat/completions "HTTP/1.1 200 OK"
QA Reading:  47%|████▋     | 470/1000 [02:18<03:48,  2.32it/s]INFO:httpx:HTTP Request: POST http://localhost:8041/v1/chat/completions "HTTP/1.1 200 OK"
QA Reading:  47%|████▋     | 471/1000 [02:19<04:20,  2.03it/s]INFO:httpx:HTTP Request: POST http://localhost:8041/v1/chat/completions "HTTP/1.1 200 OK"
QA Reading:  47%|████▋     | 472/1000 [02:19<03:59,  2.20it/s]INFO:httpx:HTTP Request: POST http://localhost:8041/v1/chat/completions "HTTP/1.1 200 OK"
QA Reading:  47%|████▋     | 473/1000 [02:20<03:58,  2.21it/s]INFO:httpx:HTTP Request: POST http://localhost:8041/v1/chat/completions "HTTP/1.1 200 OK"
QA Reading:  48%|████▊     | 476/1000 [02:20<02:47,  3.13it/s]INFO:httpx:HTTP Request: POST http://localhost:8041/v1/chat/completions "HTTP/1.1 200 OK"
QA Reading:  48%|████▊     | 477/1000 [02:21<03:16,  2.66it/s]INFO:httpx:HTTP Request: POST http://localhost:8041/v1/chat/completions "HTTP/1.1 200 OK"
QA Reading:  48%|████▊     | 478/1000 [02:22<03:29,  2.49it/s]INFO:httpx:HTTP Request: POST http://localhost:8041/v1/chat/completions "HTTP/1.1 200 OK"
QA Reading:  48%|████▊     | 479/1000 [02:22<03:51,  2.25it/s]INFO:httpx:HTTP Request: POST http://localhost:8041/v1/chat/completions "HTTP/1.1 200 OK"
QA Reading:  48%|████▊     | 480/1000 [02:23<04:26,  1.95it/s]INFO:httpx:HTTP Request: POST http://localhost:8041/v1/chat/completions "HTTP/1.1 200 OK"
QA Reading:  48%|████▊     | 481/1000 [02:23<04:07,  2.10it/s]INFO:httpx:HTTP Request: POST http://localhost:8041/v1/chat/completions "HTTP/1.1 200 OK"
QA Reading:  48%|████▊     | 482/1000 [02:23<03:42,  2.33it/s]INFO:httpx:HTTP Request: POST http://localhost:8041/v1/chat/completions "HTTP/1.1 200 OK"
QA Reading:  48%|████▊     | 485/1000 [02:24<02:19,  3.70it/s]INFO:httpx:HTTP Request: POST http://localhost:8041/v1/chat/completions "HTTP/1.1 200 OK"
QA Reading:  49%|████▉     | 488/1000 [02:24<01:46,  4.79it/s]INFO:httpx:HTTP Request: POST http://localhost:8041/v1/chat/completions "HTTP/1.1 200 OK"
QA Reading:  49%|████▉     | 489/1000 [02:25<02:03,  4.14it/s]INFO:httpx:HTTP Request: POST http://localhost:8041/v1/chat/completions "HTTP/1.1 200 OK"
QA Reading:  49%|████▉     | 490/1000 [02:25<02:19,  3.66it/s]INFO:httpx:HTTP Request: POST http://localhost:8041/v1/chat/completions "HTTP/1.1 200 OK"
QA Reading:  49%|████▉     | 491/1000 [02:26<02:36,  3.24it/s]INFO:httpx:HTTP Request: POST http://localhost:8041/v1/chat/completions "HTTP/1.1 200 OK"
QA Reading:  49%|████▉     | 492/1000 [02:26<02:54,  2.92it/s]INFO:httpx:HTTP Request: POST http://localhost:8041/v1/chat/completions "HTTP/1.1 200 OK"
QA Reading:  49%|████▉     | 493/1000 [02:27<03:29,  2.42it/s]INFO:httpx:HTTP Request: POST http://localhost:8041/v1/chat/completions "HTTP/1.1 200 OK"
QA Reading:  50%|████▉     | 495/1000 [02:27<02:33,  3.28it/s]INFO:httpx:HTTP Request: POST http://localhost:8041/v1/chat/completions "HTTP/1.1 200 OK"
QA Reading:  50%|████▉     | 497/1000 [02:27<02:15,  3.72it/s]INFO:httpx:HTTP Request: POST http://localhost:8041/v1/chat/completions "HTTP/1.1 200 OK"
QA Reading:  50%|████▉     | 499/1000 [02:28<01:58,  4.23it/s]INFO:httpx:HTTP Request: POST http://localhost:8041/v1/chat/completions "HTTP/1.1 200 OK"
QA Reading:  50%|█████     | 501/1000 [02:28<01:46,  4.70it/s]INFO:httpx:HTTP Request: POST http://localhost:8041/v1/chat/completions "HTTP/1.1 200 OK"
QA Reading:  50%|█████     | 502/1000 [02:28<02:09,  3.84it/s]INFO:httpx:HTTP Request: POST http://localhost:8041/v1/chat/completions "HTTP/1.1 200 OK"
QA Reading:  50%|█████     | 503/1000 [02:29<02:17,  3.63it/s]INFO:httpx:HTTP Request: POST http://localhost:8041/v1/chat/completions "HTTP/1.1 200 OK"
QA Reading:  51%|█████     | 506/1000 [02:29<02:05,  3.93it/s]INFO:httpx:HTTP Request: POST http://localhost:8041/v1/chat/completions "HTTP/1.1 200 OK"
QA Reading:  51%|█████     | 507/1000 [02:30<02:19,  3.53it/s]INFO:httpx:HTTP Request: POST http://localhost:8041/v1/chat/completions "HTTP/1.1 200 OK"
QA Reading:  51%|█████     | 508/1000 [02:30<02:47,  2.93it/s]INFO:httpx:HTTP Request: POST http://localhost:8041/v1/chat/completions "HTTP/1.1 200 OK"
QA Reading:  51%|█████     | 509/1000 [02:31<03:35,  2.28it/s]INFO:httpx:HTTP Request: POST http://localhost:8041/v1/chat/completions "HTTP/1.1 200 OK"
QA Reading:  51%|█████     | 510/1000 [02:32<03:41,  2.21it/s]INFO:httpx:HTTP Request: POST http://localhost:8041/v1/chat/completions "HTTP/1.1 200 OK"
QA Reading:  51%|█████     | 511/1000 [02:32<03:26,  2.37it/s]INFO:httpx:HTTP Request: POST http://localhost:8041/v1/chat/completions "HTTP/1.1 200 OK"
QA Reading:  51%|█████▏    | 513/1000 [02:32<02:40,  3.03it/s]INFO:httpx:HTTP Request: POST http://localhost:8041/v1/chat/completions "HTTP/1.1 200 OK"
QA Reading:  52%|█████▏    | 516/1000 [02:33<02:12,  3.66it/s]INFO:httpx:HTTP Request: POST http://localhost:8041/v1/chat/completions "HTTP/1.1 200 OK"
QA Reading:  52%|█████▏    | 518/1000 [02:33<01:55,  4.17it/s]INFO:httpx:HTTP Request: POST http://localhost:8041/v1/chat/completions "HTTP/1.1 200 OK"
QA Reading:  52%|█████▏    | 519/1000 [02:34<01:59,  4.04it/s]INFO:httpx:HTTP Request: POST http://localhost:8041/v1/chat/completions "HTTP/1.1 200 OK"
QA Reading:  52%|█████▏    | 521/1000 [02:34<02:12,  3.63it/s]INFO:httpx:HTTP Request: POST http://localhost:8041/v1/chat/completions "HTTP/1.1 200 OK"
QA Reading:  52%|█████▏    | 523/1000 [02:35<02:08,  3.71it/s]INFO:httpx:HTTP Request: POST http://localhost:8041/v1/chat/completions "HTTP/1.1 200 OK"
QA Reading:  52%|█████▎    | 525/1000 [02:35<02:02,  3.86it/s]INFO:httpx:HTTP Request: POST http://localhost:8041/v1/chat/completions "HTTP/1.1 200 OK"
QA Reading:  53%|█████▎    | 529/1000 [02:36<01:30,  5.23it/s]INFO:httpx:HTTP Request: POST http://localhost:8041/v1/chat/completions "HTTP/1.1 200 OK"
QA Reading:  53%|█████▎    | 530/1000 [02:36<01:50,  4.26it/s]INFO:httpx:HTTP Request: POST http://localhost:8041/v1/chat/completions "HTTP/1.1 200 OK"
QA Reading:  53%|█████▎    | 532/1000 [02:37<01:55,  4.05it/s]INFO:httpx:HTTP Request: POST http://localhost:8041/v1/chat/completions "HTTP/1.1 200 OK"
QA Reading:  54%|█████▎    | 535/1000 [02:37<01:36,  4.81it/s]INFO:httpx:HTTP Request: POST http://localhost:8041/v1/chat/completions "HTTP/1.1 200 OK"
QA Reading:  54%|█████▎    | 537/1000 [02:38<01:36,  4.79it/s]INFO:httpx:HTTP Request: POST http://localhost:8041/v1/chat/completions "HTTP/1.1 200 OK"
QA Reading:  54%|█████▍    | 538/1000 [02:38<02:07,  3.64it/s]INFO:httpx:HTTP Request: POST http://localhost:8041/v1/chat/completions "HTTP/1.1 200 OK"
QA Reading:  54%|█████▍    | 539/1000 [02:39<02:27,  3.13it/s]INFO:httpx:HTTP Request: POST http://localhost:8041/v1/chat/completions "HTTP/1.1 200 OK"
QA Reading:  54%|█████▍    | 541/1000 [02:39<02:00,  3.82it/s]INFO:httpx:HTTP Request: POST http://localhost:8041/v1/chat/completions "HTTP/1.1 200 OK"
QA Reading:  54%|█████▍    | 542/1000 [02:40<02:21,  3.25it/s]INFO:httpx:HTTP Request: POST http://localhost:8041/v1/chat/completions "HTTP/1.1 200 OK"
QA Reading:  54%|█████▍    | 544/1000 [02:40<02:04,  3.67it/s]INFO:httpx:HTTP Request: POST http://localhost:8041/v1/chat/completions "HTTP/1.1 200 OK"
QA Reading:  55%|█████▍    | 546/1000 [02:41<02:06,  3.58it/s]INFO:httpx:HTTP Request: POST http://localhost:8041/v1/chat/completions "HTTP/1.1 200 OK"
QA Reading:  55%|█████▍    | 548/1000 [02:41<01:55,  3.90it/s]INFO:httpx:HTTP Request: POST http://localhost:8041/v1/chat/completions "HTTP/1.1 200 OK"
QA Reading:  55%|█████▍    | 549/1000 [02:42<02:15,  3.32it/s]INFO:httpx:HTTP Request: POST http://localhost:8041/v1/chat/completions "HTTP/1.1 200 OK"
QA Reading:  55%|█████▌    | 550/1000 [02:42<02:29,  3.02it/s]INFO:httpx:HTTP Request: POST http://localhost:8041/v1/chat/completions "HTTP/1.1 200 OK"
QA Reading:  55%|█████▌    | 551/1000 [02:43<02:45,  2.71it/s]INFO:httpx:HTTP Request: POST http://localhost:8041/v1/chat/completions "HTTP/1.1 200 OK"
QA Reading:  55%|█████▌    | 552/1000 [02:43<02:48,  2.66it/s]INFO:httpx:HTTP Request: POST http://localhost:8041/v1/chat/completions "HTTP/1.1 200 OK"
QA Reading:  55%|█████▌    | 553/1000 [02:44<03:26,  2.17it/s]INFO:httpx:HTTP Request: POST http://localhost:8041/v1/chat/completions "HTTP/1.1 200 OK"
QA Reading:  55%|█████▌    | 554/1000 [02:44<03:09,  2.36it/s]INFO:httpx:HTTP Request: POST http://localhost:8041/v1/chat/completions "HTTP/1.1 200 OK"
QA Reading:  56%|█████▌    | 555/1000 [02:44<03:09,  2.34it/s]INFO:httpx:HTTP Request: POST http://localhost:8041/v1/chat/completions "HTTP/1.1 200 OK"
QA Reading:  56%|█████▌    | 556/1000 [02:45<03:29,  2.12it/s]INFO:httpx:HTTP Request: POST http://localhost:8041/v1/chat/completions "HTTP/1.1 200 OK"
QA Reading:  56%|█████▌    | 557/1000 [02:45<03:20,  2.21it/s]INFO:httpx:HTTP Request: POST http://localhost:8041/v1/chat/completions "HTTP/1.1 200 OK"
QA Reading:  56%|█████▌    | 558/1000 [02:46<03:42,  1.98it/s]INFO:httpx:HTTP Request: POST http://localhost:8041/v1/chat/completions "HTTP/1.1 200 OK"
QA Reading:  56%|█████▌    | 560/1000 [02:46<02:36,  2.81it/s]INFO:httpx:HTTP Request: POST http://localhost:8041/v1/chat/completions "HTTP/1.1 200 OK"
QA Reading:  56%|█████▌    | 561/1000 [02:47<02:37,  2.79it/s]INFO:httpx:HTTP Request: POST http://localhost:8041/v1/chat/completions "HTTP/1.1 200 OK"
QA Reading:  56%|█████▋    | 563/1000 [02:47<02:04,  3.52it/s]INFO:httpx:HTTP Request: POST http://localhost:8041/v1/chat/completions "HTTP/1.1 200 OK"
QA Reading:  56%|█████▋    | 564/1000 [02:48<03:06,  2.34it/s]INFO:httpx:HTTP Request: POST http://localhost:8041/v1/chat/completions "HTTP/1.1 200 OK"
QA Reading:  56%|█████▋    | 565/1000 [02:49<03:28,  2.09it/s]INFO:httpx:HTTP Request: POST http://localhost:8041/v1/chat/completions "HTTP/1.1 200 OK"
QA Reading:  57%|█████▋    | 566/1000 [02:49<03:11,  2.27it/s]INFO:httpx:HTTP Request: POST http://localhost:8041/v1/chat/completions "HTTP/1.1 200 OK"
QA Reading:  57%|█████▋    | 568/1000 [02:49<02:17,  3.14it/s]INFO:httpx:HTTP Request: POST http://localhost:8041/v1/chat/completions "HTTP/1.1 200 OK"
QA Reading:  57%|█████▋    | 570/1000 [02:50<01:54,  3.77it/s]INFO:httpx:HTTP Request: POST http://localhost:8041/v1/chat/completions "HTTP/1.1 200 OK"
QA Reading:  57%|█████▋    | 571/1000 [02:50<01:55,  3.70it/s]INFO:httpx:HTTP Request: POST http://localhost:8041/v1/chat/completions "HTTP/1.1 200 OK"
QA Reading:  57%|█████▋    | 572/1000 [02:50<02:16,  3.14it/s]INFO:httpx:HTTP Request: POST http://localhost:8041/v1/chat/completions "HTTP/1.1 200 OK"
QA Reading:  57%|█████▋    | 573/1000 [02:51<02:45,  2.59it/s]INFO:httpx:HTTP Request: POST http://localhost:8041/v1/chat/completions "HTTP/1.1 200 OK"
QA Reading:  57%|█████▋    | 574/1000 [02:52<03:21,  2.11it/s]INFO:httpx:HTTP Request: POST http://localhost:8041/v1/chat/completions "HTTP/1.1 200 OK"
QA Reading:  58%|█████▊    | 577/1000 [02:52<01:59,  3.54it/s]INFO:httpx:HTTP Request: POST http://localhost:8041/v1/chat/completions "HTTP/1.1 200 OK"
QA Reading:  58%|█████▊    | 580/1000 [02:53<01:54,  3.67it/s]INFO:httpx:HTTP Request: POST http://localhost:8041/v1/chat/completions "HTTP/1.1 200 OK"
QA Reading:  58%|█████▊    | 581/1000 [02:53<02:03,  3.39it/s]INFO:httpx:HTTP Request: POST http://localhost:8041/v1/chat/completions "HTTP/1.1 200 OK"
QA Reading:  58%|█████▊    | 582/1000 [02:54<02:18,  3.02it/s]INFO:httpx:HTTP Request: POST http://localhost:8041/v1/chat/completions "HTTP/1.1 200 OK"
QA Reading:  58%|█████▊    | 583/1000 [02:54<02:20,  2.97it/s]INFO:httpx:HTTP Request: POST http://localhost:8041/v1/chat/completions "HTTP/1.1 200 OK"
QA Reading:  58%|█████▊    | 584/1000 [02:54<02:29,  2.79it/s]INFO:httpx:HTTP Request: POST http://localhost:8041/v1/chat/completions "HTTP/1.1 200 OK"
QA Reading:  58%|█████▊    | 585/1000 [02:55<03:03,  2.26it/s]INFO:httpx:HTTP Request: POST http://localhost:8041/v1/chat/completions "HTTP/1.1 200 OK"
QA Reading:  59%|█████▊    | 587/1000 [02:56<02:30,  2.75it/s]INFO:httpx:HTTP Request: POST http://localhost:8041/v1/chat/completions "HTTP/1.1 200 OK"
QA Reading:  59%|█████▉    | 588/1000 [02:56<02:44,  2.50it/s]INFO:httpx:HTTP Request: POST http://localhost:8041/v1/chat/completions "HTTP/1.1 200 OK"
QA Reading:  59%|█████▉    | 590/1000 [02:57<02:17,  2.97it/s]INFO:httpx:HTTP Request: POST http://localhost:8041/v1/chat/completions "HTTP/1.1 200 OK"
QA Reading:  59%|█████▉    | 591/1000 [02:57<02:47,  2.45it/s]INFO:httpx:HTTP Request: POST http://localhost:8041/v1/chat/completions "HTTP/1.1 200 OK"
QA Reading:  59%|█████▉    | 592/1000 [02:58<03:03,  2.22it/s]INFO:httpx:HTTP Request: POST http://localhost:8041/v1/chat/completions "HTTP/1.1 200 OK"
QA Reading:  59%|█████▉    | 594/1000 [02:59<02:49,  2.40it/s]INFO:httpx:HTTP Request: POST http://localhost:8041/v1/chat/completions "HTTP/1.1 200 OK"
QA Reading:  60%|█████▉    | 595/1000 [02:59<02:51,  2.37it/s]INFO:httpx:HTTP Request: POST http://localhost:8041/v1/chat/completions "HTTP/1.1 200 OK"
QA Reading:  60%|█████▉    | 596/1000 [03:00<03:16,  2.05it/s]INFO:httpx:HTTP Request: POST http://localhost:8041/v1/chat/completions "HTTP/1.1 200 OK"
QA Reading:  60%|█████▉    | 597/1000 [03:00<03:12,  2.10it/s]INFO:httpx:HTTP Request: POST http://localhost:8041/v1/chat/completions "HTTP/1.1 200 OK"
QA Reading:  60%|█████▉    | 598/1000 [03:01<03:21,  1.99it/s]INFO:httpx:HTTP Request: POST http://localhost:8041/v1/chat/completions "HTTP/1.1 200 OK"
QA Reading:  60%|██████    | 600/1000 [03:01<02:51,  2.34it/s]INFO:httpx:HTTP Request: POST http://localhost:8041/v1/chat/completions "HTTP/1.1 200 OK"
QA Reading:  60%|██████    | 601/1000 [03:02<02:45,  2.41it/s]INFO:httpx:HTTP Request: POST http://localhost:8041/v1/chat/completions "HTTP/1.1 200 OK"
QA Reading:  60%|██████    | 602/1000 [03:02<02:50,  2.34it/s]INFO:httpx:HTTP Request: POST http://localhost:8041/v1/chat/completions "HTTP/1.1 200 OK"
QA Reading:  60%|██████    | 603/1000 [03:03<02:46,  2.38it/s]INFO:httpx:HTTP Request: POST http://localhost:8041/v1/chat/completions "HTTP/1.1 200 OK"
QA Reading:  60%|██████    | 604/1000 [03:03<02:50,  2.32it/s]INFO:httpx:HTTP Request: POST http://localhost:8041/v1/chat/completions "HTTP/1.1 200 OK"
QA Reading:  60%|██████    | 605/1000 [03:04<03:18,  1.99it/s]INFO:httpx:HTTP Request: POST http://localhost:8041/v1/chat/completions "HTTP/1.1 200 OK"
QA Reading:  61%|██████    | 606/1000 [03:04<03:20,  1.97it/s]INFO:httpx:HTTP Request: POST http://localhost:8041/v1/chat/completions "HTTP/1.1 200 OK"
QA Reading:  61%|██████    | 607/1000 [03:05<03:06,  2.10it/s]INFO:httpx:HTTP Request: POST http://localhost:8041/v1/chat/completions "HTTP/1.1 200 OK"
QA Reading:  61%|██████    | 608/1000 [03:05<03:22,  1.93it/s]INFO:httpx:HTTP Request: POST http://localhost:8041/v1/chat/completions "HTTP/1.1 200 OK"
QA Reading:  61%|██████    | 609/1000 [03:06<03:03,  2.13it/s]INFO:httpx:HTTP Request: POST http://localhost:8041/v1/chat/completions "HTTP/1.1 200 OK"
QA Reading:  61%|██████    | 610/1000 [03:06<02:46,  2.34it/s]INFO:httpx:HTTP Request: POST http://localhost:8041/v1/chat/completions "HTTP/1.1 200 OK"
QA Reading:  61%|██████    | 611/1000 [03:06<02:40,  2.42it/s]INFO:httpx:HTTP Request: POST http://localhost:8041/v1/chat/completions "HTTP/1.1 200 OK"
QA Reading:  61%|██████    | 612/1000 [03:07<03:01,  2.13it/s]INFO:httpx:HTTP Request: POST http://localhost:8041/v1/chat/completions "HTTP/1.1 200 OK"
QA Reading:  61%|██████▏   | 614/1000 [03:07<02:17,  2.81it/s]INFO:httpx:HTTP Request: POST http://localhost:8041/v1/chat/completions "HTTP/1.1 200 OK"
QA Reading:  62%|██████▏   | 615/1000 [03:08<02:14,  2.86it/s]INFO:httpx:HTTP Request: POST http://localhost:8041/v1/chat/completions "HTTP/1.1 200 OK"
QA Reading:  62%|██████▏   | 616/1000 [03:08<02:11,  2.91it/s]INFO:httpx:HTTP Request: POST http://localhost:8041/v1/chat/completions "HTTP/1.1 200 OK"
QA Reading:  62%|██████▏   | 617/1000 [03:09<02:44,  2.32it/s]INFO:httpx:HTTP Request: POST http://localhost:8041/v1/chat/completions "HTTP/1.1 200 OK"
QA Reading:  62%|██████▏   | 620/1000 [03:09<01:58,  3.21it/s]INFO:httpx:HTTP Request: POST http://localhost:8041/v1/chat/completions "HTTP/1.1 200 OK"
QA Reading:  62%|██████▏   | 622/1000 [03:10<01:46,  3.53it/s]INFO:httpx:HTTP Request: POST http://localhost:8041/v1/chat/completions "HTTP/1.1 200 OK"
QA Reading:  62%|██████▏   | 623/1000 [03:10<01:46,  3.52it/s]INFO:httpx:HTTP Request: POST http://localhost:8041/v1/chat/completions "HTTP/1.1 200 OK"
QA Reading:  62%|██████▏   | 624/1000 [03:11<02:14,  2.80it/s]INFO:httpx:HTTP Request: POST http://localhost:8041/v1/chat/completions "HTTP/1.1 200 OK"
QA Reading:  63%|██████▎   | 626/1000 [03:11<01:55,  3.24it/s]INFO:httpx:HTTP Request: POST http://localhost:8041/v1/chat/completions "HTTP/1.1 200 OK"
QA Reading:  63%|██████▎   | 627/1000 [03:12<01:56,  3.20it/s]INFO:httpx:HTTP Request: POST http://localhost:8041/v1/chat/completions "HTTP/1.1 200 OK"
QA Reading:  63%|██████▎   | 628/1000 [03:12<01:57,  3.17it/s]INFO:httpx:HTTP Request: POST http://localhost:8041/v1/chat/completions "HTTP/1.1 200 OK"
QA Reading:  63%|██████▎   | 630/1000 [03:12<01:44,  3.54it/s]INFO:httpx:HTTP Request: POST http://localhost:8041/v1/chat/completions "HTTP/1.1 200 OK"
QA Reading:  63%|██████▎   | 631/1000 [03:13<02:09,  2.84it/s]INFO:httpx:HTTP Request: POST http://localhost:8041/v1/chat/completions "HTTP/1.1 200 OK"
QA Reading:  63%|██████▎   | 633/1000 [03:13<01:50,  3.31it/s]INFO:httpx:HTTP Request: POST http://localhost:8041/v1/chat/completions "HTTP/1.1 200 OK"
QA Reading:  64%|██████▎   | 635/1000 [03:14<01:35,  3.81it/s]INFO:httpx:HTTP Request: POST http://localhost:8041/v1/chat/completions "HTTP/1.1 200 OK"
QA Reading:  64%|██████▎   | 636/1000 [03:14<01:39,  3.68it/s]INFO:httpx:HTTP Request: POST http://localhost:8041/v1/chat/completions "HTTP/1.1 200 OK"
QA Reading:  64%|██████▎   | 637/1000 [03:14<01:43,  3.51it/s]INFO:httpx:HTTP Request: POST http://localhost:8041/v1/chat/completions "HTTP/1.1 200 OK"
QA Reading:  64%|██████▍   | 639/1000 [03:15<01:38,  3.67it/s]INFO:httpx:HTTP Request: POST http://localhost:8041/v1/chat/completions "HTTP/1.1 200 OK"
QA Reading:  64%|██████▍   | 641/1000 [03:15<01:21,  4.43it/s]INFO:httpx:HTTP Request: POST http://localhost:8041/v1/chat/completions "HTTP/1.1 200 OK"
QA Reading:  64%|██████▍   | 642/1000 [03:16<01:44,  3.43it/s]INFO:httpx:HTTP Request: POST http://localhost:8041/v1/chat/completions "HTTP/1.1 200 OK"
QA Reading:  64%|██████▍   | 643/1000 [03:16<01:45,  3.39it/s]INFO:httpx:HTTP Request: POST http://localhost:8041/v1/chat/completions "HTTP/1.1 200 OK"
QA Reading:  64%|██████▍   | 644/1000 [03:17<01:56,  3.05it/s]INFO:httpx:HTTP Request: POST http://localhost:8041/v1/chat/completions "HTTP/1.1 200 OK"
QA Reading:  64%|██████▍   | 645/1000 [03:17<02:13,  2.66it/s]INFO:httpx:HTTP Request: POST http://localhost:8041/v1/chat/completions "HTTP/1.1 200 OK"
QA Reading:  65%|██████▍   | 647/1000 [03:17<01:46,  3.32it/s]INFO:httpx:HTTP Request: POST http://localhost:8041/v1/chat/completions "HTTP/1.1 200 OK"
QA Reading:  65%|██████▍   | 649/1000 [03:18<01:32,  3.81it/s]INFO:httpx:HTTP Request: POST http://localhost:8041/v1/chat/completions "HTTP/1.1 200 OK"
QA Reading:  65%|██████▌   | 652/1000 [03:18<01:17,  4.47it/s]INFO:httpx:HTTP Request: POST http://localhost:8041/v1/chat/completions "HTTP/1.1 200 OK"
QA Reading:  65%|██████▌   | 654/1000 [03:19<01:26,  4.02it/s]INFO:httpx:HTTP Request: POST http://localhost:8041/v1/chat/completions "HTTP/1.1 200 OK"
QA Reading:  66%|██████▌   | 655/1000 [03:19<01:28,  3.91it/s]INFO:httpx:HTTP Request: POST http://localhost:8041/v1/chat/completions "HTTP/1.1 200 OK"
QA Reading:  66%|██████▌   | 656/1000 [03:20<01:48,  3.17it/s]INFO:httpx:HTTP Request: POST http://localhost:8041/v1/chat/completions "HTTP/1.1 200 OK"
QA Reading:  66%|██████▌   | 657/1000 [03:20<02:02,  2.80it/s]INFO:httpx:HTTP Request: POST http://localhost:8041/v1/chat/completions "HTTP/1.1 200 OK"
QA Reading:  66%|██████▌   | 660/1000 [03:21<01:25,  3.97it/s]INFO:httpx:HTTP Request: POST http://localhost:8041/v1/chat/completions "HTTP/1.1 200 OK"
QA Reading:  66%|██████▌   | 661/1000 [03:21<01:34,  3.57it/s]INFO:httpx:HTTP Request: POST http://localhost:8041/v1/chat/completions "HTTP/1.1 200 OK"
QA Reading:  66%|██████▌   | 662/1000 [03:21<01:39,  3.41it/s]INFO:httpx:HTTP Request: POST http://localhost:8041/v1/chat/completions "HTTP/1.1 200 OK"
QA Reading:  66%|██████▋   | 663/1000 [03:22<01:57,  2.86it/s]INFO:httpx:HTTP Request: POST http://localhost:8041/v1/chat/completions "HTTP/1.1 200 OK"
QA Reading:  66%|██████▋   | 665/1000 [03:22<01:36,  3.49it/s]INFO:httpx:HTTP Request: POST http://localhost:8041/v1/chat/completions "HTTP/1.1 200 OK"
QA Reading:  67%|██████▋   | 666/1000 [03:23<01:42,  3.25it/s]INFO:httpx:HTTP Request: POST http://localhost:8041/v1/chat/completions "HTTP/1.1 200 OK"
QA Reading:  67%|██████▋   | 667/1000 [03:23<01:40,  3.30it/s]INFO:httpx:HTTP Request: POST http://localhost:8041/v1/chat/completions "HTTP/1.1 200 OK"
QA Reading:  67%|██████▋   | 668/1000 [03:23<01:40,  3.31it/s]INFO:httpx:HTTP Request: POST http://localhost:8041/v1/chat/completions "HTTP/1.1 200 OK"
QA Reading:  67%|██████▋   | 669/1000 [03:24<01:53,  2.91it/s]INFO:httpx:HTTP Request: POST http://localhost:8041/v1/chat/completions "HTTP/1.1 200 OK"
QA Reading:  67%|██████▋   | 670/1000 [03:25<02:32,  2.17it/s]INFO:httpx:HTTP Request: POST http://localhost:8041/v1/chat/completions "HTTP/1.1 200 OK"
QA Reading:  67%|██████▋   | 671/1000 [03:25<02:22,  2.30it/s]INFO:httpx:HTTP Request: POST http://localhost:8041/v1/chat/completions "HTTP/1.1 200 OK"
QA Reading:  67%|██████▋   | 672/1000 [03:25<02:13,  2.47it/s]INFO:httpx:HTTP Request: POST http://localhost:8041/v1/chat/completions "HTTP/1.1 200 OK"
QA Reading:  67%|██████▋   | 674/1000 [03:26<01:53,  2.87it/s]INFO:httpx:HTTP Request: POST http://localhost:8041/v1/chat/completions "HTTP/1.1 200 OK"
QA Reading:  68%|██████▊   | 675/1000 [03:26<02:00,  2.70it/s]INFO:httpx:HTTP Request: POST http://localhost:8041/v1/chat/completions "HTTP/1.1 200 OK"
QA Reading:  68%|██████▊   | 676/1000 [03:27<02:13,  2.43it/s]INFO:httpx:HTTP Request: POST http://localhost:8041/v1/chat/completions "HTTP/1.1 200 OK"
QA Reading:  68%|██████▊   | 677/1000 [03:27<02:20,  2.29it/s]INFO:httpx:HTTP Request: POST http://localhost:8041/v1/chat/completions "HTTP/1.1 200 OK"
QA Reading:  68%|██████▊   | 678/1000 [03:28<02:39,  2.02it/s]INFO:httpx:HTTP Request: POST http://localhost:8041/v1/chat/completions "HTTP/1.1 200 OK"
QA Reading:  68%|██████▊   | 682/1000 [03:28<01:23,  3.82it/s]INFO:httpx:HTTP Request: POST http://localhost:8041/v1/chat/completions "HTTP/1.1 200 OK"
QA Reading:  68%|██████▊   | 684/1000 [03:29<01:15,  4.17it/s]INFO:httpx:HTTP Request: POST http://localhost:8041/v1/chat/completions "HTTP/1.1 200 OK"
QA Reading:  68%|██████▊   | 685/1000 [03:30<02:02,  2.57it/s]INFO:httpx:HTTP Request: POST http://localhost:8041/v1/chat/completions "HTTP/1.1 200 OK"
QA Reading:  69%|██████▊   | 686/1000 [03:30<01:58,  2.65it/s]INFO:httpx:HTTP Request: POST http://localhost:8041/v1/chat/completions "HTTP/1.1 200 OK"
QA Reading:  69%|██████▊   | 687/1000 [03:31<01:56,  2.68it/s]INFO:httpx:HTTP Request: POST http://localhost:8041/v1/chat/completions "HTTP/1.1 200 OK"
QA Reading:  69%|██████▉   | 688/1000 [03:31<02:16,  2.29it/s]INFO:httpx:HTTP Request: POST http://localhost:8041/v1/chat/completions "HTTP/1.1 200 OK"
QA Reading:  69%|██████▉   | 689/1000 [03:32<02:28,  2.09it/s]INFO:httpx:HTTP Request: POST http://localhost:8041/v1/chat/completions "HTTP/1.1 200 OK"
QA Reading:  69%|██████▉   | 692/1000 [03:32<01:31,  3.36it/s]INFO:httpx:HTTP Request: POST http://localhost:8041/v1/chat/completions "HTTP/1.1 200 OK"
QA Reading:  69%|██████▉   | 693/1000 [03:33<01:36,  3.19it/s]INFO:httpx:HTTP Request: POST http://localhost:8041/v1/chat/completions "HTTP/1.1 200 OK"
QA Reading:  70%|██████▉   | 696/1000 [03:33<01:07,  4.49it/s]INFO:httpx:HTTP Request: POST http://localhost:8041/v1/chat/completions "HTTP/1.1 200 OK"
QA Reading:  70%|██████▉   | 697/1000 [03:33<01:19,  3.84it/s]INFO:httpx:HTTP Request: POST http://localhost:8041/v1/chat/completions "HTTP/1.1 200 OK"
QA Reading:  70%|██████▉   | 699/1000 [03:34<01:27,  3.45it/s]INFO:httpx:HTTP Request: POST http://localhost:8041/v1/chat/completions "HTTP/1.1 200 OK"
QA Reading:  70%|███████   | 700/1000 [03:35<01:46,  2.83it/s]INFO:httpx:HTTP Request: POST http://localhost:8041/v1/chat/completions "HTTP/1.1 200 OK"
QA Reading:  70%|███████   | 703/1000 [03:35<01:19,  3.72it/s]INFO:httpx:HTTP Request: POST http://localhost:8041/v1/chat/completions "HTTP/1.1 200 OK"
QA Reading:  70%|███████   | 704/1000 [03:36<01:22,  3.58it/s]INFO:httpx:HTTP Request: POST http://localhost:8041/v1/chat/completions "HTTP/1.1 200 OK"
QA Reading:  70%|███████   | 705/1000 [03:36<01:59,  2.46it/s]INFO:httpx:HTTP Request: POST http://localhost:8041/v1/chat/completions "HTTP/1.1 200 OK"
QA Reading:  71%|███████   | 706/1000 [03:37<02:14,  2.18it/s]INFO:httpx:HTTP Request: POST http://localhost:8041/v1/chat/completions "HTTP/1.1 200 OK"
QA Reading:  71%|███████   | 707/1000 [03:38<02:30,  1.95it/s]INFO:httpx:HTTP Request: POST http://localhost:8041/v1/chat/completions "HTTP/1.1 200 OK"
QA Reading:  71%|███████   | 709/1000 [03:38<02:08,  2.26it/s]INFO:httpx:HTTP Request: POST http://localhost:8041/v1/chat/completions "HTTP/1.1 200 OK"
QA Reading:  71%|███████   | 710/1000 [03:39<02:10,  2.22it/s]INFO:httpx:HTTP Request: POST http://localhost:8041/v1/chat/completions "HTTP/1.1 200 OK"
QA Reading:  71%|███████   | 711/1000 [03:39<02:00,  2.40it/s]INFO:httpx:HTTP Request: POST http://localhost:8041/v1/chat/completions "HTTP/1.1 200 OK"
QA Reading:  71%|███████   | 712/1000 [03:40<01:56,  2.48it/s]INFO:httpx:HTTP Request: POST http://localhost:8041/v1/chat/completions "HTTP/1.1 200 OK"
QA Reading:  71%|███████▏  | 713/1000 [03:40<02:01,  2.35it/s]INFO:httpx:HTTP Request: POST http://localhost:8041/v1/chat/completions "HTTP/1.1 200 OK"
QA Reading:  71%|███████▏  | 714/1000 [03:41<02:14,  2.13it/s]INFO:httpx:HTTP Request: POST http://localhost:8041/v1/chat/completions "HTTP/1.1 200 OK"
QA Reading:  72%|███████▏  | 715/1000 [03:41<02:07,  2.24it/s]INFO:httpx:HTTP Request: POST http://localhost:8041/v1/chat/completions "HTTP/1.1 200 OK"
QA Reading:  72%|███████▏  | 718/1000 [03:42<01:22,  3.43it/s]INFO:httpx:HTTP Request: POST http://localhost:8041/v1/chat/completions "HTTP/1.1 200 OK"
QA Reading:  72%|███████▏  | 719/1000 [03:42<01:26,  3.26it/s]INFO:httpx:HTTP Request: POST http://localhost:8041/v1/chat/completions "HTTP/1.1 200 OK"
QA Reading:  72%|███████▏  | 720/1000 [03:42<01:27,  3.19it/s]INFO:httpx:HTTP Request: POST http://localhost:8041/v1/chat/completions "HTTP/1.1 200 OK"
QA Reading:  72%|███████▏  | 721/1000 [03:43<01:41,  2.74it/s]INFO:httpx:HTTP Request: POST http://localhost:8041/v1/chat/completions "HTTP/1.1 200 OK"
QA Reading:  72%|███████▏  | 722/1000 [03:43<01:33,  2.98it/s]INFO:httpx:HTTP Request: POST http://localhost:8041/v1/chat/completions "HTTP/1.1 200 OK"
QA Reading:  72%|███████▏  | 723/1000 [03:43<01:31,  3.02it/s]INFO:httpx:HTTP Request: POST http://localhost:8041/v1/chat/completions "HTTP/1.1 200 OK"
QA Reading:  72%|███████▏  | 724/1000 [03:44<01:28,  3.12it/s]INFO:httpx:HTTP Request: POST http://localhost:8041/v1/chat/completions "HTTP/1.1 200 OK"
QA Reading:  72%|███████▎  | 725/1000 [03:44<01:33,  2.93it/s]INFO:httpx:HTTP Request: POST http://localhost:8041/v1/chat/completions "HTTP/1.1 200 OK"
QA Reading:  73%|███████▎  | 726/1000 [03:44<01:36,  2.84it/s]INFO:httpx:HTTP Request: POST http://localhost:8041/v1/chat/completions "HTTP/1.1 200 OK"
QA Reading:  73%|███████▎  | 727/1000 [03:45<01:51,  2.45it/s]INFO:httpx:HTTP Request: POST http://localhost:8041/v1/chat/completions "HTTP/1.1 200 OK"
QA Reading:  73%|███████▎  | 728/1000 [03:45<01:54,  2.38it/s]INFO:httpx:HTTP Request: POST http://localhost:8041/v1/chat/completions "HTTP/1.1 200 OK"
QA Reading:  73%|███████▎  | 729/1000 [03:46<02:09,  2.09it/s]INFO:httpx:HTTP Request: POST http://localhost:8041/v1/chat/completions "HTTP/1.1 200 OK"
QA Reading:  73%|███████▎  | 731/1000 [03:46<01:30,  2.97it/s]INFO:httpx:HTTP Request: POST http://localhost:8041/v1/chat/completions "HTTP/1.1 200 OK"
QA Reading:  73%|███████▎  | 732/1000 [03:47<01:30,  2.95it/s]INFO:httpx:HTTP Request: POST http://localhost:8041/v1/chat/completions "HTTP/1.1 200 OK"
QA Reading:  73%|███████▎  | 733/1000 [03:47<01:40,  2.66it/s]INFO:httpx:HTTP Request: POST http://localhost:8041/v1/chat/completions "HTTP/1.1 200 OK"
QA Reading:  73%|███████▎  | 734/1000 [03:48<01:41,  2.62it/s]INFO:httpx:HTTP Request: POST http://localhost:8041/v1/chat/completions "HTTP/1.1 200 OK"
QA Reading:  74%|███████▎  | 735/1000 [03:48<01:41,  2.60it/s]INFO:httpx:HTTP Request: POST http://localhost:8041/v1/chat/completions "HTTP/1.1 200 OK"
QA Reading:  74%|███████▎  | 737/1000 [03:48<01:21,  3.23it/s]INFO:httpx:HTTP Request: POST http://localhost:8041/v1/chat/completions "HTTP/1.1 200 OK"
QA Reading:  74%|███████▍  | 738/1000 [03:49<01:37,  2.67it/s]INFO:httpx:HTTP Request: POST http://localhost:8041/v1/chat/completions "HTTP/1.1 200 OK"
QA Reading:  74%|███████▍  | 739/1000 [03:49<01:42,  2.54it/s]INFO:httpx:HTTP Request: POST http://localhost:8041/v1/chat/completions "HTTP/1.1 200 OK"
QA Reading:  74%|███████▍  | 740/1000 [03:50<01:44,  2.49it/s]INFO:httpx:HTTP Request: POST http://localhost:8041/v1/chat/completions "HTTP/1.1 200 OK"
QA Reading:  74%|███████▍  | 742/1000 [03:50<01:24,  3.06it/s]INFO:httpx:HTTP Request: POST http://localhost:8041/v1/chat/completions "HTTP/1.1 200 OK"
QA Reading:  74%|███████▍  | 744/1000 [03:51<01:23,  3.06it/s]INFO:httpx:HTTP Request: POST http://localhost:8041/v1/chat/completions "HTTP/1.1 200 OK"
QA Reading:  74%|███████▍  | 745/1000 [03:51<01:33,  2.73it/s]INFO:httpx:HTTP Request: POST http://localhost:8041/v1/chat/completions "HTTP/1.1 200 OK"
QA Reading:  75%|███████▍  | 746/1000 [03:52<01:31,  2.77it/s]INFO:httpx:HTTP Request: POST http://localhost:8041/v1/chat/completions "HTTP/1.1 200 OK"
QA Reading:  75%|███████▍  | 749/1000 [03:52<01:05,  3.83it/s]INFO:httpx:HTTP Request: POST http://localhost:8041/v1/chat/completions "HTTP/1.1 200 OK"
QA Reading:  75%|███████▌  | 750/1000 [03:53<01:11,  3.52it/s]INFO:httpx:HTTP Request: POST http://localhost:8041/v1/chat/completions "HTTP/1.1 200 OK"
QA Reading:  75%|███████▌  | 751/1000 [03:53<01:11,  3.46it/s]INFO:httpx:HTTP Request: POST http://localhost:8041/v1/chat/completions "HTTP/1.1 200 OK"
QA Reading:  75%|███████▌  | 754/1000 [03:53<00:53,  4.60it/s]INFO:httpx:HTTP Request: POST http://localhost:8041/v1/chat/completions "HTTP/1.1 200 OK"
QA Reading:  76%|███████▌  | 755/1000 [03:54<01:06,  3.67it/s]INFO:httpx:HTTP Request: POST http://localhost:8041/v1/chat/completions "HTTP/1.1 200 OK"
QA Reading:  76%|███████▌  | 756/1000 [03:54<01:18,  3.12it/s]INFO:httpx:HTTP Request: POST http://localhost:8041/v1/chat/completions "HTTP/1.1 200 OK"
QA Reading:  76%|███████▌  | 757/1000 [03:55<01:36,  2.52it/s]INFO:httpx:HTTP Request: POST http://localhost:8041/v1/chat/completions "HTTP/1.1 200 OK"
QA Reading:  76%|███████▌  | 758/1000 [03:55<01:36,  2.50it/s]INFO:httpx:HTTP Request: POST http://localhost:8041/v1/chat/completions "HTTP/1.1 200 OK"
QA Reading:  76%|███████▌  | 760/1000 [03:56<01:16,  3.15it/s]INFO:httpx:HTTP Request: POST http://localhost:8041/v1/chat/completions "HTTP/1.1 200 OK"
QA Reading:  76%|███████▌  | 762/1000 [03:56<01:03,  3.75it/s]INFO:httpx:HTTP Request: POST http://localhost:8041/v1/chat/completions "HTTP/1.1 200 OK"
QA Reading:  76%|███████▋  | 763/1000 [03:57<01:04,  3.65it/s]INFO:httpx:HTTP Request: POST http://localhost:8041/v1/chat/completions "HTTP/1.1 200 OK"
QA Reading:  76%|███████▋  | 764/1000 [03:57<01:15,  3.11it/s]INFO:httpx:HTTP Request: POST http://localhost:8041/v1/chat/completions "HTTP/1.1 200 OK"
QA Reading:  76%|███████▋  | 765/1000 [03:57<01:20,  2.92it/s]INFO:httpx:HTTP Request: POST http://localhost:8041/v1/chat/completions "HTTP/1.1 200 OK"
QA Reading:  77%|███████▋  | 767/1000 [03:58<01:07,  3.45it/s]INFO:httpx:HTTP Request: POST http://localhost:8041/v1/chat/completions "HTTP/1.1 200 OK"
QA Reading:  77%|███████▋  | 768/1000 [03:58<01:14,  3.10it/s]INFO:httpx:HTTP Request: POST http://localhost:8041/v1/chat/completions "HTTP/1.1 200 OK"
QA Reading:  77%|███████▋  | 769/1000 [03:59<01:17,  2.99it/s]INFO:httpx:HTTP Request: POST http://localhost:8041/v1/chat/completions "HTTP/1.1 200 OK"
QA Reading:  77%|███████▋  | 770/1000 [03:59<01:27,  2.63it/s]INFO:httpx:HTTP Request: POST http://localhost:8041/v1/chat/completions "HTTP/1.1 200 OK"
QA Reading:  77%|███████▋  | 773/1000 [04:00<00:59,  3.85it/s]INFO:httpx:HTTP Request: POST http://localhost:8041/v1/chat/completions "HTTP/1.1 200 OK"
QA Reading:  78%|███████▊  | 775/1000 [04:00<01:02,  3.58it/s]INFO:httpx:HTTP Request: POST http://localhost:8041/v1/chat/completions "HTTP/1.1 200 OK"
QA Reading:  78%|███████▊  | 776/1000 [04:01<01:03,  3.50it/s]INFO:httpx:HTTP Request: POST http://localhost:8041/v1/chat/completions "HTTP/1.1 200 OK"
QA Reading:  78%|███████▊  | 777/1000 [04:01<01:07,  3.28it/s]INFO:httpx:HTTP Request: POST http://localhost:8041/v1/chat/completions "HTTP/1.1 200 OK"
QA Reading:  78%|███████▊  | 779/1000 [04:01<00:57,  3.82it/s]INFO:httpx:HTTP Request: POST http://localhost:8041/v1/chat/completions "HTTP/1.1 200 OK"
QA Reading:  78%|███████▊  | 780/1000 [04:02<01:02,  3.51it/s]INFO:httpx:HTTP Request: POST http://localhost:8041/v1/chat/completions "HTTP/1.1 200 OK"
QA Reading:  78%|███████▊  | 781/1000 [04:02<01:06,  3.31it/s]INFO:httpx:HTTP Request: POST http://localhost:8041/v1/chat/completions "HTTP/1.1 200 OK"
QA Reading:  78%|███████▊  | 783/1000 [04:03<00:59,  3.64it/s]INFO:httpx:HTTP Request: POST http://localhost:8041/v1/chat/completions "HTTP/1.1 200 OK"
QA Reading:  78%|███████▊  | 784/1000 [04:03<01:11,  3.02it/s]INFO:httpx:HTTP Request: POST http://localhost:8041/v1/chat/completions "HTTP/1.1 200 OK"
QA Reading:  79%|███████▊  | 787/1000 [04:04<00:51,  4.11it/s]INFO:httpx:HTTP Request: POST http://localhost:8041/v1/chat/completions "HTTP/1.1 200 OK"
QA Reading:  79%|███████▉  | 788/1000 [04:04<01:06,  3.19it/s]INFO:httpx:HTTP Request: POST http://localhost:8041/v1/chat/completions "HTTP/1.1 200 OK"
QA Reading:  79%|███████▉  | 789/1000 [04:05<01:18,  2.69it/s]INFO:httpx:HTTP Request: POST http://localhost:8041/v1/chat/completions "HTTP/1.1 200 OK"
QA Reading:  79%|███████▉  | 790/1000 [04:05<01:17,  2.70it/s]INFO:httpx:HTTP Request: POST http://localhost:8041/v1/chat/completions "HTTP/1.1 200 OK"
QA Reading:  79%|███████▉  | 791/1000 [04:06<01:23,  2.51it/s]INFO:httpx:HTTP Request: POST http://localhost:8041/v1/chat/completions "HTTP/1.1 200 OK"
QA Reading:  79%|███████▉  | 792/1000 [04:06<01:17,  2.67it/s]INFO:httpx:HTTP Request: POST http://localhost:8041/v1/chat/completions "HTTP/1.1 200 OK"
QA Reading:  79%|███████▉  | 793/1000 [04:07<01:59,  1.74it/s]INFO:httpx:HTTP Request: POST http://localhost:8041/v1/chat/completions "HTTP/1.1 200 OK"
QA Reading:  79%|███████▉  | 794/1000 [04:07<01:46,  1.94it/s]INFO:httpx:HTTP Request: POST http://localhost:8041/v1/chat/completions "HTTP/1.1 200 OK"
QA Reading:  80%|███████▉  | 795/1000 [04:08<01:49,  1.88it/s]INFO:httpx:HTTP Request: POST http://localhost:8041/v1/chat/completions "HTTP/1.1 200 OK"
QA Reading:  80%|███████▉  | 796/1000 [04:09<02:07,  1.60it/s]INFO:httpx:HTTP Request: POST http://localhost:8041/v1/chat/completions "HTTP/1.1 200 OK"
QA Reading:  80%|███████▉  | 797/1000 [04:09<02:12,  1.54it/s]INFO:httpx:HTTP Request: POST http://localhost:8041/v1/chat/completions "HTTP/1.1 200 OK"
QA Reading:  80%|███████▉  | 798/1000 [04:10<02:04,  1.62it/s]INFO:httpx:HTTP Request: POST http://localhost:8041/v1/chat/completions "HTTP/1.1 200 OK"
QA Reading:  80%|████████  | 800/1000 [04:10<01:21,  2.45it/s]INFO:httpx:HTTP Request: POST http://localhost:8041/v1/chat/completions "HTTP/1.1 200 OK"
QA Reading:  80%|████████  | 801/1000 [04:11<01:20,  2.48it/s]INFO:httpx:HTTP Request: POST http://localhost:8041/v1/chat/completions "HTTP/1.1 200 OK"
QA Reading:  80%|████████  | 803/1000 [04:11<01:06,  2.98it/s]INFO:httpx:HTTP Request: POST http://localhost:8041/v1/chat/completions "HTTP/1.1 200 OK"
QA Reading:  80%|████████  | 805/1000 [04:12<01:07,  2.89it/s]INFO:httpx:HTTP Request: POST http://localhost:8041/v1/chat/completions "HTTP/1.1 200 OK"
QA Reading:  81%|████████  | 806/1000 [04:13<01:22,  2.34it/s]INFO:httpx:HTTP Request: POST http://localhost:8041/v1/chat/completions "HTTP/1.1 200 OK"
QA Reading:  81%|████████  | 809/1000 [04:13<00:53,  3.57it/s]INFO:httpx:HTTP Request: POST http://localhost:8041/v1/chat/completions "HTTP/1.1 200 OK"
QA Reading:  81%|████████  | 810/1000 [04:13<00:56,  3.34it/s]INFO:httpx:HTTP Request: POST http://localhost:8041/v1/chat/completions "HTTP/1.1 200 OK"
QA Reading:  81%|████████  | 812/1000 [04:14<00:50,  3.74it/s]INFO:httpx:HTTP Request: POST http://localhost:8041/v1/chat/completions "HTTP/1.1 200 OK"
QA Reading:  81%|████████▏ | 813/1000 [04:14<00:53,  3.48it/s]INFO:httpx:HTTP Request: POST http://localhost:8041/v1/chat/completions "HTTP/1.1 200 OK"
QA Reading:  82%|████████▏ | 815/1000 [04:15<00:54,  3.39it/s]INFO:httpx:HTTP Request: POST http://localhost:8041/v1/chat/completions "HTTP/1.1 200 OK"
QA Reading:  82%|████████▏ | 818/1000 [04:15<00:40,  4.49it/s]INFO:httpx:HTTP Request: POST http://localhost:8041/v1/chat/completions "HTTP/1.1 200 OK"
QA Reading:  82%|████████▏ | 819/1000 [04:16<00:44,  4.06it/s]INFO:httpx:HTTP Request: POST http://localhost:8041/v1/chat/completions "HTTP/1.1 200 OK"
QA Reading:  82%|████████▏ | 821/1000 [04:16<00:41,  4.35it/s]INFO:httpx:HTTP Request: POST http://localhost:8041/v1/chat/completions "HTTP/1.1 200 OK"
QA Reading:  82%|████████▏ | 822/1000 [04:16<00:44,  4.04it/s]INFO:httpx:HTTP Request: POST http://localhost:8041/v1/chat/completions "HTTP/1.1 200 OK"
QA Reading:  82%|████████▎ | 825/1000 [04:17<00:34,  5.08it/s]INFO:httpx:HTTP Request: POST http://localhost:8041/v1/chat/completions "HTTP/1.1 200 OK"
QA Reading:  83%|████████▎ | 826/1000 [04:17<00:44,  3.91it/s]INFO:httpx:HTTP Request: POST http://localhost:8041/v1/chat/completions "HTTP/1.1 200 OK"
QA Reading:  83%|████████▎ | 828/1000 [04:18<00:41,  4.12it/s]INFO:httpx:HTTP Request: POST http://localhost:8041/v1/chat/completions "HTTP/1.1 200 OK"
QA Reading:  83%|████████▎ | 830/1000 [04:18<00:43,  3.87it/s]INFO:httpx:HTTP Request: POST http://localhost:8041/v1/chat/completions "HTTP/1.1 200 OK"
QA Reading:  83%|████████▎ | 831/1000 [04:19<00:52,  3.22it/s]INFO:httpx:HTTP Request: POST http://localhost:8041/v1/chat/completions "HTTP/1.1 200 OK"
QA Reading:  83%|████████▎ | 833/1000 [04:19<00:44,  3.72it/s]INFO:httpx:HTTP Request: POST http://localhost:8041/v1/chat/completions "HTTP/1.1 200 OK"
QA Reading:  84%|████████▎ | 835/1000 [04:20<00:48,  3.42it/s]INFO:httpx:HTTP Request: POST http://localhost:8041/v1/chat/completions "HTTP/1.1 200 OK"
QA Reading:  84%|████████▎ | 836/1000 [04:20<00:47,  3.46it/s]INFO:httpx:HTTP Request: POST http://localhost:8041/v1/chat/completions "HTTP/1.1 200 OK"
QA Reading:  84%|████████▎ | 837/1000 [04:21<00:52,  3.11it/s]INFO:httpx:HTTP Request: POST http://localhost:8041/v1/chat/completions "HTTP/1.1 200 OK"
QA Reading:  84%|████████▍ | 838/1000 [04:21<00:59,  2.72it/s]INFO:httpx:HTTP Request: POST http://localhost:8041/v1/chat/completions "HTTP/1.1 200 OK"
QA Reading:  84%|████████▍ | 839/1000 [04:22<01:09,  2.33it/s]INFO:httpx:HTTP Request: POST http://localhost:8041/v1/chat/completions "HTTP/1.1 200 OK"
QA Reading:  84%|████████▍ | 840/1000 [04:22<01:15,  2.11it/s]INFO:httpx:HTTP Request: POST http://localhost:8041/v1/chat/completions "HTTP/1.1 200 OK"
QA Reading:  84%|████████▍ | 841/1000 [04:23<01:14,  2.14it/s]INFO:httpx:HTTP Request: POST http://localhost:8041/v1/chat/completions "HTTP/1.1 200 OK"
QA Reading:  84%|████████▍ | 842/1000 [04:23<01:19,  1.99it/s]INFO:httpx:HTTP Request: POST http://localhost:8041/v1/chat/completions "HTTP/1.1 200 OK"
QA Reading:  84%|████████▍ | 843/1000 [04:24<01:23,  1.89it/s]INFO:httpx:HTTP Request: POST http://localhost:8041/v1/chat/completions "HTTP/1.1 200 OK"
QA Reading:  84%|████████▍ | 844/1000 [04:24<01:16,  2.05it/s]INFO:httpx:HTTP Request: POST http://localhost:8041/v1/chat/completions "HTTP/1.1 200 OK"
QA Reading:  84%|████████▍ | 845/1000 [04:25<01:10,  2.20it/s]INFO:httpx:HTTP Request: POST http://localhost:8041/v1/chat/completions "HTTP/1.1 200 OK"
QA Reading:  85%|████████▍ | 849/1000 [04:25<00:34,  4.42it/s]INFO:httpx:HTTP Request: POST http://localhost:8041/v1/chat/completions "HTTP/1.1 200 OK"
QA Reading:  85%|████████▌ | 850/1000 [04:25<00:37,  4.02it/s]INFO:httpx:HTTP Request: POST http://localhost:8041/v1/chat/completions "HTTP/1.1 200 OK"
QA Reading:  85%|████████▌ | 851/1000 [04:26<00:41,  3.63it/s]INFO:httpx:HTTP Request: POST http://localhost:8041/v1/chat/completions "HTTP/1.1 200 OK"
QA Reading:  85%|████████▌ | 852/1000 [04:26<00:46,  3.19it/s]INFO:httpx:HTTP Request: POST http://localhost:8041/v1/chat/completions "HTTP/1.1 200 OK"
QA Reading:  85%|████████▌ | 853/1000 [04:27<00:49,  2.94it/s]INFO:httpx:HTTP Request: POST http://localhost:8041/v1/chat/completions "HTTP/1.1 200 OK"
QA Reading:  86%|████████▌ | 855/1000 [04:27<00:37,  3.82it/s]INFO:httpx:HTTP Request: POST http://localhost:8041/v1/chat/completions "HTTP/1.1 200 OK"
QA Reading:  86%|████████▌ | 856/1000 [04:27<00:38,  3.75it/s]INFO:httpx:HTTP Request: POST http://localhost:8041/v1/chat/completions "HTTP/1.1 200 OK"
QA Reading:  86%|████████▌ | 857/1000 [04:28<00:42,  3.33it/s]INFO:httpx:HTTP Request: POST http://localhost:8041/v1/chat/completions "HTTP/1.1 200 OK"
QA Reading:  86%|████████▌ | 858/1000 [04:28<00:48,  2.91it/s]INFO:httpx:HTTP Request: POST http://localhost:8041/v1/chat/completions "HTTP/1.1 200 OK"
QA Reading:  86%|████████▌ | 859/1000 [04:29<00:54,  2.56it/s]INFO:httpx:HTTP Request: POST http://localhost:8041/v1/chat/completions "HTTP/1.1 200 OK"
QA Reading:  86%|████████▌ | 860/1000 [04:29<01:05,  2.12it/s]INFO:httpx:HTTP Request: POST http://localhost:8041/v1/chat/completions "HTTP/1.1 200 OK"
QA Reading:  86%|████████▌ | 861/1000 [04:30<00:58,  2.38it/s]INFO:httpx:HTTP Request: POST http://localhost:8041/v1/chat/completions "HTTP/1.1 200 OK"
QA Reading:  86%|████████▌ | 862/1000 [04:30<00:59,  2.32it/s]INFO:httpx:HTTP Request: POST http://localhost:8041/v1/chat/completions "HTTP/1.1 200 OK"
QA Reading:  86%|████████▋ | 864/1000 [04:30<00:41,  3.24it/s]INFO:httpx:HTTP Request: POST http://localhost:8041/v1/chat/completions "HTTP/1.1 200 OK"
QA Reading:  86%|████████▋ | 865/1000 [04:31<00:43,  3.08it/s]INFO:httpx:HTTP Request: POST http://localhost:8041/v1/chat/completions "HTTP/1.1 200 OK"
QA Reading:  87%|████████▋ | 866/1000 [04:31<00:55,  2.42it/s]INFO:httpx:HTTP Request: POST http://localhost:8041/v1/chat/completions "HTTP/1.1 200 OK"
QA Reading:  87%|████████▋ | 867/1000 [04:32<00:55,  2.39it/s]INFO:httpx:HTTP Request: POST http://localhost:8041/v1/chat/completions "HTTP/1.1 200 OK"
QA Reading:  87%|████████▋ | 868/1000 [04:32<00:55,  2.38it/s]INFO:httpx:HTTP Request: POST http://localhost:8041/v1/chat/completions "HTTP/1.1 200 OK"
QA Reading:  87%|████████▋ | 869/1000 [04:33<00:56,  2.32it/s]INFO:httpx:HTTP Request: POST http://localhost:8041/v1/chat/completions "HTTP/1.1 200 OK"
QA Reading:  87%|████████▋ | 871/1000 [04:33<00:42,  3.02it/s]INFO:httpx:HTTP Request: POST http://localhost:8041/v1/chat/completions "HTTP/1.1 200 OK"
QA Reading:  87%|████████▋ | 872/1000 [04:34<00:48,  2.64it/s]INFO:httpx:HTTP Request: POST http://localhost:8041/v1/chat/completions "HTTP/1.1 200 OK"
QA Reading:  87%|████████▋ | 873/1000 [04:34<00:46,  2.72it/s]INFO:httpx:HTTP Request: POST http://localhost:8041/v1/chat/completions "HTTP/1.1 200 OK"
QA Reading:  87%|████████▋ | 874/1000 [04:35<01:03,  1.97it/s]INFO:httpx:HTTP Request: POST http://localhost:8041/v1/chat/completions "HTTP/1.1 200 OK"
QA Reading:  88%|████████▊ | 878/1000 [04:35<00:33,  3.66it/s]INFO:httpx:HTTP Request: POST http://localhost:8041/v1/chat/completions "HTTP/1.1 200 OK"
QA Reading:  88%|████████▊ | 879/1000 [04:36<00:38,  3.13it/s]INFO:httpx:HTTP Request: POST http://localhost:8041/v1/chat/completions "HTTP/1.1 200 OK"
QA Reading:  88%|████████▊ | 880/1000 [04:36<00:40,  2.97it/s]INFO:httpx:HTTP Request: POST http://localhost:8041/v1/chat/completions "HTTP/1.1 200 OK"
QA Reading:  88%|████████▊ | 881/1000 [04:37<00:41,  2.85it/s]INFO:httpx:HTTP Request: POST http://localhost:8041/v1/chat/completions "HTTP/1.1 200 OK"
QA Reading:  88%|████████▊ | 882/1000 [04:37<00:44,  2.62it/s]INFO:httpx:HTTP Request: POST http://localhost:8041/v1/chat/completions "HTTP/1.1 200 OK"
QA Reading:  88%|████████▊ | 883/1000 [04:38<00:51,  2.26it/s]INFO:httpx:HTTP Request: POST http://localhost:8041/v1/chat/completions "HTTP/1.1 200 OK"
QA Reading:  88%|████████▊ | 884/1000 [04:38<00:54,  2.14it/s]INFO:httpx:HTTP Request: POST http://localhost:8041/v1/chat/completions "HTTP/1.1 200 OK"
QA Reading:  88%|████████▊ | 885/1000 [04:39<00:55,  2.09it/s]INFO:httpx:HTTP Request: POST http://localhost:8041/v1/chat/completions "HTTP/1.1 200 OK"
QA Reading:  89%|████████▊ | 887/1000 [04:39<00:41,  2.72it/s]INFO:httpx:HTTP Request: POST http://localhost:8041/v1/chat/completions "HTTP/1.1 200 OK"
QA Reading:  89%|████████▉ | 888/1000 [04:40<00:49,  2.27it/s]INFO:httpx:HTTP Request: POST http://localhost:8041/v1/chat/completions "HTTP/1.1 200 OK"
QA Reading:  89%|████████▉ | 889/1000 [04:40<00:49,  2.24it/s]INFO:httpx:HTTP Request: POST http://localhost:8041/v1/chat/completions "HTTP/1.1 200 OK"
QA Reading:  89%|████████▉ | 891/1000 [04:41<00:37,  2.94it/s]INFO:httpx:HTTP Request: POST http://localhost:8041/v1/chat/completions "HTTP/1.1 200 OK"
QA Reading:  89%|████████▉ | 892/1000 [04:42<00:55,  1.93it/s]INFO:httpx:HTTP Request: POST http://localhost:8041/v1/chat/completions "HTTP/1.1 200 OK"
QA Reading:  89%|████████▉ | 893/1000 [04:42<00:57,  1.87it/s]INFO:httpx:HTTP Request: POST http://localhost:8041/v1/chat/completions "HTTP/1.1 200 OK"
QA Reading:  89%|████████▉ | 894/1000 [04:43<00:50,  2.09it/s]INFO:httpx:HTTP Request: POST http://localhost:8041/v1/chat/completions "HTTP/1.1 200 OK"
QA Reading:  90%|████████▉ | 895/1000 [04:43<00:52,  2.00it/s]INFO:httpx:HTTP Request: POST http://localhost:8041/v1/chat/completions "HTTP/1.1 200 OK"
QA Reading:  90%|████████▉ | 896/1000 [04:44<00:50,  2.08it/s]INFO:httpx:HTTP Request: POST http://localhost:8041/v1/chat/completions "HTTP/1.1 200 OK"
QA Reading:  90%|████████▉ | 897/1000 [04:45<01:02,  1.65it/s]INFO:httpx:HTTP Request: POST http://localhost:8041/v1/chat/completions "HTTP/1.1 200 OK"
QA Reading:  90%|█████████ | 901/1000 [04:45<00:29,  3.30it/s]INFO:httpx:HTTP Request: POST http://localhost:8041/v1/chat/completions "HTTP/1.1 200 OK"
QA Reading:  90%|█████████ | 902/1000 [04:46<00:35,  2.74it/s]INFO:httpx:HTTP Request: POST http://localhost:8041/v1/chat/completions "HTTP/1.1 200 OK"
QA Reading:  90%|█████████ | 904/1000 [04:47<00:38,  2.49it/s]INFO:httpx:HTTP Request: POST http://localhost:8041/v1/chat/completions "HTTP/1.1 200 OK"
QA Reading:  91%|█████████ | 906/1000 [04:47<00:32,  2.92it/s]INFO:httpx:HTTP Request: POST http://localhost:8041/v1/chat/completions "HTTP/1.1 200 OK"
QA Reading:  91%|█████████ | 908/1000 [04:48<00:28,  3.21it/s]INFO:httpx:HTTP Request: POST http://localhost:8041/v1/chat/completions "HTTP/1.1 200 OK"
QA Reading:  91%|█████████ | 909/1000 [04:48<00:32,  2.81it/s]INFO:httpx:HTTP Request: POST http://localhost:8041/v1/chat/completions "HTTP/1.1 200 OK"
QA Reading:  91%|█████████ | 910/1000 [04:49<00:33,  2.68it/s]INFO:httpx:HTTP Request: POST http://localhost:8041/v1/chat/completions "HTTP/1.1 200 OK"
QA Reading:  91%|█████████ | 911/1000 [04:49<00:35,  2.52it/s]INFO:httpx:HTTP Request: POST http://localhost:8041/v1/chat/completions "HTTP/1.1 200 OK"
QA Reading:  91%|█████████ | 912/1000 [04:50<00:34,  2.55it/s]INFO:httpx:HTTP Request: POST http://localhost:8041/v1/chat/completions "HTTP/1.1 200 OK"
QA Reading:  91%|█████████▏| 914/1000 [04:50<00:27,  3.17it/s]INFO:httpx:HTTP Request: POST http://localhost:8041/v1/chat/completions "HTTP/1.1 200 OK"
QA Reading:  92%|█████████▏| 916/1000 [04:50<00:23,  3.52it/s]INFO:httpx:HTTP Request: POST http://localhost:8041/v1/chat/completions "HTTP/1.1 200 OK"
QA Reading:  92%|█████████▏| 917/1000 [04:51<00:26,  3.11it/s]INFO:httpx:HTTP Request: POST http://localhost:8041/v1/chat/completions "HTTP/1.1 200 OK"
QA Reading:  92%|█████████▏| 918/1000 [04:51<00:27,  3.00it/s]INFO:httpx:HTTP Request: POST http://localhost:8041/v1/chat/completions "HTTP/1.1 200 OK"
QA Reading:  92%|█████████▏| 920/1000 [04:52<00:25,  3.11it/s]INFO:httpx:HTTP Request: POST http://localhost:8041/v1/chat/completions "HTTP/1.1 200 OK"
QA Reading:  92%|█████████▏| 921/1000 [04:52<00:26,  2.99it/s]INFO:httpx:HTTP Request: POST http://localhost:8041/v1/chat/completions "HTTP/1.1 200 OK"
QA Reading:  92%|█████████▏| 922/1000 [04:53<00:27,  2.81it/s]INFO:httpx:HTTP Request: POST http://localhost:8041/v1/chat/completions "HTTP/1.1 200 OK"
QA Reading:  92%|█████████▏| 924/1000 [04:53<00:22,  3.31it/s]INFO:httpx:HTTP Request: POST http://localhost:8041/v1/chat/completions "HTTP/1.1 200 OK"
QA Reading:  92%|█████████▎| 925/1000 [04:54<00:25,  2.90it/s]INFO:httpx:HTTP Request: POST http://localhost:8041/v1/chat/completions "HTTP/1.1 200 OK"
QA Reading:  93%|█████████▎| 927/1000 [04:54<00:22,  3.18it/s]INFO:httpx:HTTP Request: POST http://localhost:8041/v1/chat/completions "HTTP/1.1 200 OK"
QA Reading:  93%|█████████▎| 928/1000 [04:55<00:25,  2.85it/s]INFO:httpx:HTTP Request: POST http://localhost:8041/v1/chat/completions "HTTP/1.1 200 OK"
QA Reading:  93%|█████████▎| 929/1000 [04:55<00:25,  2.75it/s]INFO:httpx:HTTP Request: POST http://localhost:8041/v1/chat/completions "HTTP/1.1 200 OK"
QA Reading:  93%|█████████▎| 930/1000 [04:56<00:32,  2.14it/s]INFO:httpx:HTTP Request: POST http://localhost:8041/v1/chat/completions "HTTP/1.1 200 OK"
QA Reading:  93%|█████████▎| 932/1000 [04:56<00:22,  3.03it/s]INFO:httpx:HTTP Request: POST http://localhost:8041/v1/chat/completions "HTTP/1.1 200 OK"
QA Reading:  93%|█████████▎| 933/1000 [04:57<00:25,  2.64it/s]INFO:httpx:HTTP Request: POST http://localhost:8041/v1/chat/completions "HTTP/1.1 200 OK"
QA Reading:  93%|█████████▎| 934/1000 [04:57<00:23,  2.79it/s]INFO:httpx:HTTP Request: POST http://localhost:8041/v1/chat/completions "HTTP/1.1 200 OK"
QA Reading:  94%|█████████▎| 935/1000 [04:57<00:26,  2.42it/s]INFO:httpx:HTTP Request: POST http://localhost:8041/v1/chat/completions "HTTP/1.1 200 OK"
QA Reading:  94%|█████████▎| 937/1000 [04:58<00:20,  3.05it/s]INFO:httpx:HTTP Request: POST http://localhost:8041/v1/chat/completions "HTTP/1.1 200 OK"
QA Reading:  94%|█████████▍| 938/1000 [04:58<00:23,  2.63it/s]INFO:httpx:HTTP Request: POST http://localhost:8041/v1/chat/completions "HTTP/1.1 200 OK"
QA Reading:  94%|█████████▍| 939/1000 [04:59<00:23,  2.60it/s]INFO:httpx:HTTP Request: POST http://localhost:8041/v1/chat/completions "HTTP/1.1 200 OK"
QA Reading:  94%|█████████▍| 940/1000 [04:59<00:24,  2.44it/s]INFO:httpx:HTTP Request: POST http://localhost:8041/v1/chat/completions "HTTP/1.1 200 OK"
QA Reading:  94%|█████████▍| 941/1000 [05:00<00:23,  2.50it/s]INFO:httpx:HTTP Request: POST http://localhost:8041/v1/chat/completions "HTTP/1.1 200 OK"
QA Reading:  94%|█████████▍| 942/1000 [05:00<00:22,  2.53it/s]INFO:httpx:HTTP Request: POST http://localhost:8041/v1/chat/completions "HTTP/1.1 200 OK"
QA Reading:  94%|█████████▍| 944/1000 [05:01<00:19,  2.86it/s]INFO:httpx:HTTP Request: POST http://localhost:8041/v1/chat/completions "HTTP/1.1 200 OK"
QA Reading:  94%|█████████▍| 945/1000 [05:01<00:20,  2.69it/s]INFO:httpx:HTTP Request: POST http://localhost:8041/v1/chat/completions "HTTP/1.1 200 OK"
QA Reading:  95%|█████████▍| 946/1000 [05:02<00:23,  2.33it/s]INFO:httpx:HTTP Request: POST http://localhost:8041/v1/chat/completions "HTTP/1.1 200 OK"
QA Reading:  95%|█████████▍| 947/1000 [05:02<00:22,  2.32it/s]INFO:httpx:HTTP Request: POST http://localhost:8041/v1/chat/completions "HTTP/1.1 200 OK"
QA Reading:  95%|█████████▍| 948/1000 [05:03<00:24,  2.10it/s]INFO:httpx:HTTP Request: POST http://localhost:8041/v1/chat/completions "HTTP/1.1 200 OK"
QA Reading:  95%|█████████▍| 949/1000 [05:03<00:22,  2.22it/s]INFO:httpx:HTTP Request: POST http://localhost:8041/v1/chat/completions "HTTP/1.1 200 OK"
QA Reading:  95%|█████████▌| 951/1000 [05:03<00:16,  3.05it/s]INFO:httpx:HTTP Request: POST http://localhost:8041/v1/chat/completions "HTTP/1.1 200 OK"
QA Reading:  95%|█████████▌| 952/1000 [05:04<00:17,  2.67it/s]INFO:httpx:HTTP Request: POST http://localhost:8041/v1/chat/completions "HTTP/1.1 200 OK"
QA Reading:  95%|█████████▌| 953/1000 [05:04<00:17,  2.64it/s]INFO:httpx:HTTP Request: POST http://localhost:8041/v1/chat/completions "HTTP/1.1 200 OK"
QA Reading:  96%|█████████▌| 957/1000 [05:05<00:09,  4.39it/s]INFO:httpx:HTTP Request: POST http://localhost:8041/v1/chat/completions "HTTP/1.1 200 OK"
QA Reading:  96%|█████████▌| 958/1000 [05:05<00:11,  3.59it/s]INFO:httpx:HTTP Request: POST http://localhost:8041/v1/chat/completions "HTTP/1.1 200 OK"
QA Reading:  96%|█████████▌| 959/1000 [05:06<00:13,  3.06it/s]INFO:httpx:HTTP Request: POST http://localhost:8041/v1/chat/completions "HTTP/1.1 200 OK"
QA Reading:  96%|█████████▌| 961/1000 [05:06<00:11,  3.33it/s]INFO:httpx:HTTP Request: POST http://localhost:8041/v1/chat/completions "HTTP/1.1 200 OK"
QA Reading:  96%|█████████▌| 962/1000 [05:07<00:13,  2.80it/s]INFO:httpx:HTTP Request: POST http://localhost:8041/v1/chat/completions "HTTP/1.1 200 OK"
QA Reading:  96%|█████████▋| 963/1000 [05:08<00:15,  2.34it/s]INFO:httpx:HTTP Request: POST http://localhost:8041/v1/chat/completions "HTTP/1.1 200 OK"
QA Reading:  96%|█████████▋| 965/1000 [05:08<00:11,  2.98it/s]INFO:httpx:HTTP Request: POST http://localhost:8041/v1/chat/completions "HTTP/1.1 200 OK"
QA Reading:  97%|█████████▋| 966/1000 [05:09<00:12,  2.78it/s]INFO:httpx:HTTP Request: POST http://localhost:8041/v1/chat/completions "HTTP/1.1 200 OK"
QA Reading:  97%|█████████▋| 967/1000 [05:09<00:11,  2.86it/s]INFO:httpx:HTTP Request: POST http://localhost:8041/v1/chat/completions "HTTP/1.1 200 OK"
QA Reading:  97%|█████████▋| 968/1000 [05:09<00:12,  2.64it/s]INFO:httpx:HTTP Request: POST http://localhost:8041/v1/chat/completions "HTTP/1.1 200 OK"
QA Reading:  97%|█████████▋| 969/1000 [05:10<00:15,  1.99it/s]INFO:httpx:HTTP Request: POST http://localhost:8041/v1/chat/completions "HTTP/1.1 200 OK"
QA Reading:  97%|█████████▋| 970/1000 [05:11<00:14,  2.12it/s]INFO:httpx:HTTP Request: POST http://localhost:8041/v1/chat/completions "HTTP/1.1 200 OK"
QA Reading:  97%|█████████▋| 972/1000 [05:11<00:11,  2.46it/s]INFO:httpx:HTTP Request: POST http://localhost:8041/v1/chat/completions "HTTP/1.1 200 OK"
QA Reading:  97%|█████████▋| 973/1000 [05:12<00:10,  2.46it/s]INFO:httpx:HTTP Request: POST http://localhost:8041/v1/chat/completions "HTTP/1.1 200 OK"
QA Reading:  97%|█████████▋| 974/1000 [05:12<00:10,  2.57it/s]INFO:httpx:HTTP Request: POST http://localhost:8041/v1/chat/completions "HTTP/1.1 200 OK"
QA Reading:  98%|█████████▊| 975/1000 [05:13<00:10,  2.28it/s]INFO:httpx:HTTP Request: POST http://localhost:8041/v1/chat/completions "HTTP/1.1 200 OK"
QA Reading:  98%|█████████▊| 976/1000 [05:13<00:09,  2.46it/s]INFO:httpx:HTTP Request: POST http://localhost:8041/v1/chat/completions "HTTP/1.1 200 OK"
QA Reading:  98%|█████████▊| 977/1000 [05:13<00:09,  2.36it/s]INFO:httpx:HTTP Request: POST http://localhost:8041/v1/chat/completions "HTTP/1.1 200 OK"
QA Reading:  98%|█████████▊| 978/1000 [05:14<00:10,  2.14it/s]INFO:httpx:HTTP Request: POST http://localhost:8041/v1/chat/completions "HTTP/1.1 200 OK"
QA Reading:  98%|█████████▊| 979/1000 [05:14<00:10,  2.09it/s]INFO:httpx:HTTP Request: POST http://localhost:8041/v1/chat/completions "HTTP/1.1 200 OK"
QA Reading:  98%|█████████▊| 980/1000 [05:15<00:10,  1.89it/s]INFO:httpx:HTTP Request: POST http://localhost:8041/v1/chat/completions "HTTP/1.1 200 OK"
QA Reading:  98%|█████████▊| 981/1000 [05:15<00:09,  2.02it/s]INFO:httpx:HTTP Request: POST http://localhost:8041/v1/chat/completions "HTTP/1.1 200 OK"
QA Reading:  98%|█████████▊| 983/1000 [05:16<00:06,  2.78it/s]INFO:httpx:HTTP Request: POST http://localhost:8041/v1/chat/completions "HTTP/1.1 200 OK"
QA Reading:  98%|█████████▊| 984/1000 [05:16<00:05,  2.74it/s]INFO:httpx:HTTP Request: POST http://localhost:8041/v1/chat/completions "HTTP/1.1 200 OK"
QA Reading:  98%|█████████▊| 985/1000 [05:17<00:05,  2.70it/s]INFO:httpx:HTTP Request: POST http://localhost:8041/v1/chat/completions "HTTP/1.1 200 OK"
QA Reading:  99%|█████████▊| 987/1000 [05:17<00:03,  3.58it/s]INFO:httpx:HTTP Request: POST http://localhost:8041/v1/chat/completions "HTTP/1.1 200 OK"
QA Reading:  99%|█████████▉| 988/1000 [05:17<00:03,  3.30it/s]INFO:httpx:HTTP Request: POST http://localhost:8041/v1/chat/completions "HTTP/1.1 200 OK"
QA Reading:  99%|█████████▉| 989/1000 [05:18<00:03,  3.00it/s]INFO:httpx:HTTP Request: POST http://localhost:8041/v1/chat/completions "HTTP/1.1 200 OK"
QA Reading:  99%|█████████▉| 990/1000 [05:18<00:03,  2.89it/s]INFO:httpx:HTTP Request: POST http://localhost:8041/v1/chat/completions "HTTP/1.1 200 OK"
QA Reading:  99%|█████████▉| 991/1000 [05:19<00:03,  2.54it/s]INFO:httpx:HTTP Request: POST http://localhost:8041/v1/chat/completions "HTTP/1.1 200 OK"
QA Reading:  99%|█████████▉| 993/1000 [05:19<00:02,  2.88it/s]INFO:httpx:HTTP Request: POST http://localhost:8041/v1/chat/completions "HTTP/1.1 200 OK"
QA Reading:  99%|█████████▉| 994/1000 [05:20<00:02,  2.61it/s]INFO:httpx:HTTP Request: POST http://localhost:8041/v1/chat/completions "HTTP/1.1 200 OK"
QA Reading: 100%|█████████▉| 995/1000 [05:20<00:02,  2.31it/s]INFO:httpx:HTTP Request: POST http://localhost:8041/v1/chat/completions "HTTP/1.1 200 OK"
QA Reading: 100%|█████████▉| 996/1000 [05:21<00:01,  2.51it/s]INFO:httpx:HTTP Request: POST http://localhost:8041/v1/chat/completions "HTTP/1.1 200 OK"
QA Reading: 100%|█████████▉| 997/1000 [05:21<00:01,  2.17it/s]INFO:httpx:HTTP Request: POST http://localhost:8041/v1/chat/completions "HTTP/1.1 200 OK"
QA Reading: 100%|█████████▉| 998/1000 [05:22<00:00,  2.09it/s]INFO:httpx:HTTP Request: POST http://localhost:8041/v1/chat/completions "HTTP/1.1 200 OK"
QA Reading: 100%|█████████▉| 999/1000 [05:22<00:00,  2.25it/s]INFO:httpx:HTTP Request: POST http://localhost:8041/v1/chat/completions "HTTP/1.1 200 OK"
QA Reading: 100%|██████████| 1000/1000 [05:23<00:00,  1.90it/s]QA Reading: 100%|██████████| 1000/1000 [05:23<00:00,  3.09it/s]
Extraction Answers from LLM Response: 0it [00:00, ?it/s]Extraction Answers from LLM Response: 846it [00:00, 8459.36it/s]Extraction Answers from LLM Response: 1000it [00:00, 8555.11it/s]
INFO:src.hipporag.HippoRAG:Evaluation results for QA: {'ExactMatch': 0.498, 'F1': 0.5541}
INFO:__main__:Setwise selector daec_noisyor[bridge]@100: EM=0.4980 (delta=+0.0430), F1=0.5541
WARNING:src.hipporag.evaluation.retrieval_eval:Length of retrieved docs (100) is smaller than largest topk for recall score (200)
WARNING:src.hipporag.evaluation.retrieval_eval:Length of retrieved docs (100) is smaller than largest topk for recall score (200)
WARNING:src.hipporag.evaluation.retrieval_eval:Length of retrieved docs (100) is smaller than largest topk for recall score (200)
WARNING:src.hipporag.evaluation.retrieval_eval:Length of retrieved docs (100) is smaller than largest topk for recall score (200)
WARNING:src.hipporag.evaluation.retrieval_eval:Length of retrieved docs (100) is smaller than largest topk for recall score (200)
WARNING:src.hipporag.evaluation.retrieval_eval:Length of retrieved docs (100) is smaller than largest topk for recall score (200)
WARNING:src.hipporag.evaluation.retrieval_eval:Length of retrieved docs (100) is smaller than largest topk for recall score (200)
WARNING:src.hipporag.evaluation.retrieval_eval:Length of retrieved docs (100) is smaller than largest topk for recall score (200)
WARNING:src.hipporag.evaluation.retrieval_eval:Length of retrieved docs (100) is smaller than largest topk for recall score (200)
WARNING:src.hipporag.evaluation.retrieval_eval:Length of retrieved docs (100) is smaller than largest topk for recall score (200)
WARNING:src.hipporag.evaluation.retrieval_eval:Length of retrieved docs (100) is smaller than largest topk for recall score (200)
WARNING:src.hipporag.evaluation.retrieval_eval:Length of retrieved docs (100) is smaller than largest topk for recall score (200)
WARNING:src.hipporag.evaluation.retrieval_eval:Length of retrieved docs (100) is smaller than largest topk for recall score (200)
WARNING:src.hipporag.evaluation.retrieval_eval:Length of retrieved docs (100) is smaller than largest topk for recall score (200)
WARNING:src.hipporag.evaluation.retrieval_eval:Length of retrieved docs (100) is smaller than largest topk for recall score (200)
WARNING:src.hipporag.evaluation.retrieval_eval:Length of retrieved docs (100) is smaller than largest topk for recall score (200)
WARNING:src.hipporag.evaluation.retrieval_eval:Length of retrieved docs (100) is smaller than largest topk for recall score (200)
WARNING:src.hipporag.evaluation.retrieval_eval:Length of retrieved docs (100) is smaller than largest topk for recall score (200)
WARNING:src.hipporag.evaluation.retrieval_eval:Length of retrieved docs (100) is smaller than largest topk for recall score (200)
WARNING:src.hipporag.evaluation.retrieval_eval:Length of retrieved docs (100) is smaller than largest topk for recall score (200)
WARNING:src.hipporag.evaluation.retrieval_eval:Length of retrieved docs (100) is smaller than largest topk for recall score (200)
WARNING:src.hipporag.evaluation.retrieval_eval:Length of retrieved docs (100) is smaller than largest topk for recall score (200)
WARNING:src.hipporag.evaluation.retrieval_eval:Length of retrieved docs (100) is smaller than largest topk for recall score (200)
WARNING:src.hipporag.evaluation.retrieval_eval:Length of retrieved docs (100) is smaller than largest topk for recall score (200)
WARNING:src.hipporag.evaluation.retrieval_eval:Length of retrieved docs (100) is smaller than largest topk for recall score (200)
WARNING:src.hipporag.evaluation.retrieval_eval:Length of retrieved docs (100) is smaller than largest topk for recall score (200)
WARNING:src.hipporag.evaluation.retrieval_eval:Length of retrieved docs (100) is smaller than largest topk for recall score (200)
WARNING:src.hipporag.evaluation.retrieval_eval:Length of retrieved docs (100) is smaller than largest topk for recall score (200)
WARNING:src.hipporag.evaluation.retrieval_eval:Length of retrieved docs (100) is smaller than largest topk for recall score (200)
WARNING:src.hipporag.evaluation.retrieval_eval:Length of retrieved docs (100) is smaller than largest topk for recall score (200)
WARNING:src.hipporag.evaluation.retrieval_eval:Length of retrieved docs (100) is smaller than largest topk for recall score (200)
WARNING:src.hipporag.evaluation.retrieval_eval:Length of retrieved docs (100) is smaller than largest topk for recall score (200)
WARNING:src.hipporag.evaluation.retrieval_eval:Length of retrieved docs (100) is smaller than largest topk for recall score (200)
WARNING:src.hipporag.evaluation.retrieval_eval:Length of retrieved docs (100) is smaller than largest topk for recall score (200)
WARNING:src.hipporag.evaluation.retrieval_eval:Length of retrieved docs (100) is smaller than largest topk for recall score (200)
WARNING:src.hipporag.evaluation.retrieval_eval:Length of retrieved docs (100) is smaller than largest topk for recall score (200)
WARNING:src.hipporag.evaluation.retrieval_eval:Length of retrieved docs (100) is smaller than largest topk for recall score (200)
WARNING:src.hipporag.evaluation.retrieval_eval:Length of retrieved docs (100) is smaller than largest topk for recall score (200)
WARNING:src.hipporag.evaluation.retrieval_eval:Length of retrieved docs (100) is smaller than largest topk for recall score (200)
WARNING:src.hipporag.evaluation.retrieval_eval:Length of retrieved docs (100) is smaller than largest topk for recall score (200)
WARNING:src.hipporag.evaluation.retrieval_eval:Length of retrieved docs (100) is smaller than largest topk for recall score (200)
WARNING:src.hipporag.evaluation.retrieval_eval:Length of retrieved docs (100) is smaller than largest topk for recall score (200)
WARNING:src.hipporag.evaluation.retrieval_eval:Length of retrieved docs (100) is smaller than largest topk for recall score (200)
WARNING:src.hipporag.evaluation.retrieval_eval:Length of retrieved docs (100) is smaller than largest topk for recall score (200)
WARNING:src.hipporag.evaluation.retrieval_eval:Length of retrieved docs (100) is smaller than largest topk for recall score (200)
WARNING:src.hipporag.evaluation.retrieval_eval:Length of retrieved docs (100) is smaller than largest topk for recall score (200)
WARNING:src.hipporag.evaluation.retrieval_eval:Length of retrieved docs (100) is smaller than largest topk for recall score (200)
WARNING:src.hipporag.evaluation.retrieval_eval:Length of retrieved docs (100) is smaller than largest topk for recall score (200)
WARNING:src.hipporag.evaluation.retrieval_eval:Length of retrieved docs (100) is smaller than largest topk for recall score (200)
WARNING:src.hipporag.evaluation.retrieval_eval:Length of retrieved docs (100) is smaller than largest topk for recall score (200)
WARNING:src.hipporag.evaluation.retrieval_eval:Length of retrieved docs (100) is smaller than largest topk for recall score (200)
WARNING:src.hipporag.evaluation.retrieval_eval:Length of retrieved docs (100) is smaller than largest topk for recall score (200)
WARNING:src.hipporag.evaluation.retrieval_eval:Length of retrieved docs (100) is smaller than largest topk for recall score (200)
WARNING:src.hipporag.evaluation.retrieval_eval:Length of retrieved docs (100) is smaller than largest topk for recall score (200)
WARNING:src.hipporag.evaluation.retrieval_eval:Length of retrieved docs (100) is smaller than largest topk for recall score (200)
WARNING:src.hipporag.evaluation.retrieval_eval:Length of retrieved docs (100) is smaller than largest topk for recall score (200)
WARNING:src.hipporag.evaluation.retrieval_eval:Length of retrieved docs (100) is smaller than largest topk for recall score (200)
WARNING:src.hipporag.evaluation.retrieval_eval:Length of retrieved docs (100) is smaller than largest topk for recall score (200)
WARNING:src.hipporag.evaluation.retrieval_eval:Length of retrieved docs (100) is smaller than largest topk for recall score (200)
WARNING:src.hipporag.evaluation.retrieval_eval:Length of retrieved docs (100) is smaller than largest topk for recall score (200)
WARNING:src.hipporag.evaluation.retrieval_eval:Length of retrieved docs (100) is smaller than largest topk for recall score (200)
WARNING:src.hipporag.evaluation.retrieval_eval:Length of retrieved docs (100) is smaller than largest topk for recall score (200)
WARNING:src.hipporag.evaluation.retrieval_eval:Length of retrieved docs (100) is smaller than largest topk for recall score (200)
WARNING:src.hipporag.evaluation.retrieval_eval:Length of retrieved docs (100) is smaller than largest topk for recall score (200)
WARNING:src.hipporag.evaluation.retrieval_eval:Length of retrieved docs (100) is smaller than largest topk for recall score (200)
WARNING:src.hipporag.evaluation.retrieval_eval:Length of retrieved docs (100) is smaller than largest topk for recall score (200)
WARNING:src.hipporag.evaluation.retrieval_eval:Length of retrieved docs (100) is smaller than largest topk for recall score (200)
WARNING:src.hipporag.evaluation.retrieval_eval:Length of retrieved docs (100) is smaller than largest topk for recall score (200)
WARNING:src.hipporag.evaluation.retrieval_eval:Length of retrieved docs (100) is smaller than largest topk for recall score (200)
WARNING:src.hipporag.evaluation.retrieval_eval:Length of retrieved docs (100) is smaller than largest topk for recall score (200)
WARNING:src.hipporag.evaluation.retrieval_eval:Length of retrieved docs (100) is smaller than largest topk for recall score (200)
WARNING:src.hipporag.evaluation.retrieval_eval:Length of retrieved docs (100) is smaller than largest topk for recall score (200)
WARNING:src.hipporag.evaluation.retrieval_eval:Length of retrieved docs (100) is smaller than largest topk for recall score (200)
WARNING:src.hipporag.evaluation.retrieval_eval:Length of retrieved docs (100) is smaller than largest topk for recall score (200)
WARNING:src.hipporag.evaluation.retrieval_eval:Length of retrieved docs (100) is smaller than largest topk for recall score (200)
WARNING:src.hipporag.evaluation.retrieval_eval:Length of retrieved docs (100) is smaller than largest topk for recall score (200)
WARNING:src.hipporag.evaluation.retrieval_eval:Length of retrieved docs (100) is smaller than largest topk for recall score (200)
WARNING:src.hipporag.evaluation.retrieval_eval:Length of retrieved docs (100) is smaller than largest topk for recall score (200)
WARNING:src.hipporag.evaluation.retrieval_eval:Length of retrieved docs (100) is smaller than largest topk for recall score (200)
WARNING:src.hipporag.evaluation.retrieval_eval:Length of retrieved docs (100) is smaller than largest topk for recall score (200)
WARNING:src.hipporag.evaluation.retrieval_eval:Length of retrieved docs (100) is smaller than largest topk for recall score (200)
WARNING:src.hipporag.evaluation.retrieval_eval:Length of retrieved docs (100) is smaller than largest topk for recall score (200)
WARNING:src.hipporag.evaluation.retrieval_eval:Length of retrieved docs (100) is smaller than largest topk for recall score (200)
WARNING:src.hipporag.evaluation.retrieval_eval:Length of retrieved docs (100) is smaller than largest topk for recall score (200)
WARNING:src.hipporag.evaluation.retrieval_eval:Length of retrieved docs (100) is smaller than largest topk for recall score (200)
WARNING:src.hipporag.evaluation.retrieval_eval:Length of retrieved docs (100) is smaller than largest topk for recall score (200)
WARNING:src.hipporag.evaluation.retrieval_eval:Length of retrieved docs (100) is smaller than largest topk for recall score (200)
WARNING:src.hipporag.evaluation.retrieval_eval:Length of retrieved docs (100) is smaller than largest topk for recall score (200)
WARNING:src.hipporag.evaluation.retrieval_eval:Length of retrieved docs (100) is smaller than largest topk for recall score (200)
WARNING:src.hipporag.evaluation.retrieval_eval:Length of retrieved docs (100) is smaller than largest topk for recall score (200)
WARNING:src.hipporag.evaluation.retrieval_eval:Length of retrieved docs (100) is smaller than largest topk for recall score (200)
WARNING:src.hipporag.evaluation.retrieval_eval:Length of retrieved docs (100) is smaller than largest topk for recall score (200)
WARNING:src.hipporag.evaluation.retrieval_eval:Length of retrieved docs (100) is smaller than largest topk for recall score (200)
WARNING:src.hipporag.evaluation.retrieval_eval:Length of retrieved docs (100) is smaller than largest topk for recall score (200)
WARNING:src.hipporag.evaluation.retrieval_eval:Length of retrieved docs (100) is smaller than largest topk for recall score (200)
WARNING:src.hipporag.evaluation.retrieval_eval:Length of retrieved docs (100) is smaller than largest topk for recall score (200)
WARNING:src.hipporag.evaluation.retrieval_eval:Length of retrieved docs (100) is smaller than largest topk for recall score (200)
WARNING:src.hipporag.evaluation.retrieval_eval:Length of retrieved docs (100) is smaller than largest topk for recall score (200)
WARNING:src.hipporag.evaluation.retrieval_eval:Length of retrieved docs (100) is smaller than largest topk for recall score (200)
WARNING:src.hipporag.evaluation.retrieval_eval:Length of retrieved docs (100) is smaller than largest topk for recall score (200)
WARNING:src.hipporag.evaluation.retrieval_eval:Length of retrieved docs (100) is smaller than largest topk for recall score (200)
WARNING:src.hipporag.evaluation.retrieval_eval:Length of retrieved docs (100) is smaller than largest topk for recall score (200)
WARNING:src.hipporag.evaluation.retrieval_eval:Length of retrieved docs (100) is smaller than largest topk for recall score (200)
WARNING:src.hipporag.evaluation.retrieval_eval:Length of retrieved docs (100) is smaller than largest topk for recall score (200)
WARNING:src.hipporag.evaluation.retrieval_eval:Length of retrieved docs (100) is smaller than largest topk for recall score (200)
WARNING:src.hipporag.evaluation.retrieval_eval:Length of retrieved docs (100) is smaller than largest topk for recall score (200)
WARNING:src.hipporag.evaluation.retrieval_eval:Length of retrieved docs (100) is smaller than largest topk for recall score (200)
WARNING:src.hipporag.evaluation.retrieval_eval:Length of retrieved docs (100) is smaller than largest topk for recall score (200)
WARNING:src.hipporag.evaluation.retrieval_eval:Length of retrieved docs (100) is smaller than largest topk for recall score (200)
WARNING:src.hipporag.evaluation.retrieval_eval:Length of retrieved docs (100) is smaller than largest topk for recall score (200)
WARNING:src.hipporag.evaluation.retrieval_eval:Length of retrieved docs (100) is smaller than largest topk for recall score (200)
WARNING:src.hipporag.evaluation.retrieval_eval:Length of retrieved docs (100) is smaller than largest topk for recall score (200)
WARNING:src.hipporag.evaluation.retrieval_eval:Length of retrieved docs (100) is smaller than largest topk for recall score (200)
WARNING:src.hipporag.evaluation.retrieval_eval:Length of retrieved docs (100) is smaller than largest topk for recall score (200)
WARNING:src.hipporag.evaluation.retrieval_eval:Length of retrieved docs (100) is smaller than largest topk for recall score (200)
WARNING:src.hipporag.evaluation.retrieval_eval:Length of retrieved docs (100) is smaller than largest topk for recall score (200)
WARNING:src.hipporag.evaluation.retrieval_eval:Length of retrieved docs (100) is smaller than largest topk for recall score (200)
WARNING:src.hipporag.evaluation.retrieval_eval:Length of retrieved docs (100) is smaller than largest topk for recall score (200)
WARNING:src.hipporag.evaluation.retrieval_eval:Length of retrieved docs (100) is smaller than largest topk for recall score (200)
WARNING:src.hipporag.evaluation.retrieval_eval:Length of retrieved docs (100) is smaller than largest topk for recall score (200)
WARNING:src.hipporag.evaluation.retrieval_eval:Length of retrieved docs (100) is smaller than largest topk for recall score (200)
WARNING:src.hipporag.evaluation.retrieval_eval:Length of retrieved docs (100) is smaller than largest topk for recall score (200)
WARNING:src.hipporag.evaluation.retrieval_eval:Length of retrieved docs (100) is smaller than largest topk for recall score (200)
WARNING:src.hipporag.evaluation.retrieval_eval:Length of retrieved docs (100) is smaller than largest topk for recall score (200)
WARNING:src.hipporag.evaluation.retrieval_eval:Length of retrieved docs (100) is smaller than largest topk for recall score (200)
WARNING:src.hipporag.evaluation.retrieval_eval:Length of retrieved docs (100) is smaller than largest topk for recall score (200)
WARNING:src.hipporag.evaluation.retrieval_eval:Length of retrieved docs (100) is smaller than largest topk for recall score (200)
WARNING:src.hipporag.evaluation.retrieval_eval:Length of retrieved docs (100) is smaller than largest topk for recall score (200)
WARNING:src.hipporag.evaluation.retrieval_eval:Length of retrieved docs (100) is smaller than largest topk for recall score (200)
WARNING:src.hipporag.evaluation.retrieval_eval:Length of retrieved docs (100) is smaller than largest topk for recall score (200)
WARNING:src.hipporag.evaluation.retrieval_eval:Length of retrieved docs (100) is smaller than largest topk for recall score (200)
WARNING:src.hipporag.evaluation.retrieval_eval:Length of retrieved docs (100) is smaller than largest topk for recall score (200)
WARNING:src.hipporag.evaluation.retrieval_eval:Length of retrieved docs (100) is smaller than largest topk for recall score (200)
WARNING:src.hipporag.evaluation.retrieval_eval:Length of retrieved docs (100) is smaller than largest topk for recall score (200)
WARNING:src.hipporag.evaluation.retrieval_eval:Length of retrieved docs (100) is smaller than largest topk for recall score (200)
WARNING:src.hipporag.evaluation.retrieval_eval:Length of retrieved docs (100) is smaller than largest topk for recall score (200)
WARNING:src.hipporag.evaluation.retrieval_eval:Length of retrieved docs (100) is smaller than largest topk for recall score (200)
WARNING:src.hipporag.evaluation.retrieval_eval:Length of retrieved docs (100) is smaller than largest topk for recall score (200)
WARNING:src.hipporag.evaluation.retrieval_eval:Length of retrieved docs (100) is smaller than largest topk for recall score (200)
WARNING:src.hipporag.evaluation.retrieval_eval:Length of retrieved docs (100) is smaller than largest topk for recall score (200)
WARNING:src.hipporag.evaluation.retrieval_eval:Length of retrieved docs (100) is smaller than largest topk for recall score (200)
WARNING:src.hipporag.evaluation.retrieval_eval:Length of retrieved docs (100) is smaller than largest topk for recall score (200)
WARNING:src.hipporag.evaluation.retrieval_eval:Length of retrieved docs (100) is smaller than largest topk for recall score (200)
WARNING:src.hipporag.evaluation.retrieval_eval:Length of retrieved docs (100) is smaller than largest topk for recall score (200)
WARNING:src.hipporag.evaluation.retrieval_eval:Length of retrieved docs (100) is smaller than largest topk for recall score (200)
WARNING:src.hipporag.evaluation.retrieval_eval:Length of retrieved docs (100) is smaller than largest topk for recall score (200)
WARNING:src.hipporag.evaluation.retrieval_eval:Length of retrieved docs (100) is smaller than largest topk for recall score (200)
WARNING:src.hipporag.evaluation.retrieval_eval:Length of retrieved docs (100) is smaller than largest topk for recall score (200)
WARNING:src.hipporag.evaluation.retrieval_eval:Length of retrieved docs (100) is smaller than largest topk for recall score (200)
WARNING:src.hipporag.evaluation.retrieval_eval:Length of retrieved docs (100) is smaller than largest topk for recall score (200)
WARNING:src.hipporag.evaluation.retrieval_eval:Length of retrieved docs (100) is smaller than largest topk for recall score (200)
WARNING:src.hipporag.evaluation.retrieval_eval:Length of retrieved docs (100) is smaller than largest topk for recall score (200)
WARNING:src.hipporag.evaluation.retrieval_eval:Length of retrieved docs (100) is smaller than largest topk for recall score (200)
WARNING:src.hipporag.evaluation.retrieval_eval:Length of retrieved docs (100) is smaller than largest topk for recall score (200)
WARNING:src.hipporag.evaluation.retrieval_eval:Length of retrieved docs (100) is smaller than largest topk for recall score (200)
WARNING:src.hipporag.evaluation.retrieval_eval:Length of retrieved docs (100) is smaller than largest topk for recall score (200)
WARNING:src.hipporag.evaluation.retrieval_eval:Length of retrieved docs (100) is smaller than largest topk for recall score (200)
WARNING:src.hipporag.evaluation.retrieval_eval:Length of retrieved docs (100) is smaller than largest topk for recall score (200)
WARNING:src.hipporag.evaluation.retrieval_eval:Length of retrieved docs (100) is smaller than largest topk for recall score (200)
WARNING:src.hipporag.evaluation.retrieval_eval:Length of retrieved docs (100) is smaller than largest topk for recall score (200)
WARNING:src.hipporag.evaluation.retrieval_eval:Length of retrieved docs (100) is smaller than largest topk for recall score (200)
WARNING:src.hipporag.evaluation.retrieval_eval:Length of retrieved docs (100) is smaller than largest topk for recall score (200)
WARNING:src.hipporag.evaluation.retrieval_eval:Length of retrieved docs (100) is smaller than largest topk for recall score (200)
WARNING:src.hipporag.evaluation.retrieval_eval:Length of retrieved docs (100) is smaller than largest topk for recall score (200)
WARNING:src.hipporag.evaluation.retrieval_eval:Length of retrieved docs (100) is smaller than largest topk for recall score (200)
WARNING:src.hipporag.evaluation.retrieval_eval:Length of retrieved docs (100) is smaller than largest topk for recall score (200)
WARNING:src.hipporag.evaluation.retrieval_eval:Length of retrieved docs (100) is smaller than largest topk for recall score (200)
WARNING:src.hipporag.evaluation.retrieval_eval:Length of retrieved docs (100) is smaller than largest topk for recall score (200)
WARNING:src.hipporag.evaluation.retrieval_eval:Length of retrieved docs (100) is smaller than largest topk for recall score (200)
WARNING:src.hipporag.evaluation.retrieval_eval:Length of retrieved docs (100) is smaller than largest topk for recall score (200)
WARNING:src.hipporag.evaluation.retrieval_eval:Length of retrieved docs (100) is smaller than largest topk for recall score (200)
WARNING:src.hipporag.evaluation.retrieval_eval:Length of retrieved docs (100) is smaller than largest topk for recall score (200)
WARNING:src.hipporag.evaluation.retrieval_eval:Length of retrieved docs (100) is smaller than largest topk for recall score (200)
WARNING:src.hipporag.evaluation.retrieval_eval:Length of retrieved docs (100) is smaller than largest topk for recall score (200)
WARNING:src.hipporag.evaluation.retrieval_eval:Length of retrieved docs (100) is smaller than largest topk for recall score (200)
WARNING:src.hipporag.evaluation.retrieval_eval:Length of retrieved docs (100) is smaller than largest topk for recall score (200)
WARNING:src.hipporag.evaluation.retrieval_eval:Length of retrieved docs (100) is smaller than largest topk for recall score (200)
WARNING:src.hipporag.evaluation.retrieval_eval:Length of retrieved docs (100) is smaller than largest topk for recall score (200)
WARNING:src.hipporag.evaluation.retrieval_eval:Length of retrieved docs (100) is smaller than largest topk for recall score (200)
WARNING:src.hipporag.evaluation.retrieval_eval:Length of retrieved docs (100) is smaller than largest topk for recall score (200)
WARNING:src.hipporag.evaluation.retrieval_eval:Length of retrieved docs (100) is smaller than largest topk for recall score (200)
WARNING:src.hipporag.evaluation.retrieval_eval:Length of retrieved docs (100) is smaller than largest topk for recall score (200)
WARNING:src.hipporag.evaluation.retrieval_eval:Length of retrieved docs (100) is smaller than largest topk for recall score (200)
WARNING:src.hipporag.evaluation.retrieval_eval:Length of retrieved docs (100) is smaller than largest topk for recall score (200)
WARNING:src.hipporag.evaluation.retrieval_eval:Length of retrieved docs (100) is smaller than largest topk for recall score (200)
WARNING:src.hipporag.evaluation.retrieval_eval:Length of retrieved docs (100) is smaller than largest topk for recall score (200)
WARNING:src.hipporag.evaluation.retrieval_eval:Length of retrieved docs (100) is smaller than largest topk for recall score (200)
WARNING:src.hipporag.evaluation.retrieval_eval:Length of retrieved docs (100) is smaller than largest topk for recall score (200)
WARNING:src.hipporag.evaluation.retrieval_eval:Length of retrieved docs (100) is smaller than largest topk for recall score (200)
WARNING:src.hipporag.evaluation.retrieval_eval:Length of retrieved docs (100) is smaller than largest topk for recall score (200)
WARNING:src.hipporag.evaluation.retrieval_eval:Length of retrieved docs (100) is smaller than largest topk for recall score (200)
WARNING:src.hipporag.evaluation.retrieval_eval:Length of retrieved docs (100) is smaller than largest topk for recall score (200)
WARNING:src.hipporag.evaluation.retrieval_eval:Length of retrieved docs (100) is smaller than largest topk for recall score (200)
WARNING:src.hipporag.evaluation.retrieval_eval:Length of retrieved docs (100) is smaller than largest topk for recall score (200)
WARNING:src.hipporag.evaluation.retrieval_eval:Length of retrieved docs (100) is smaller than largest topk for recall score (200)
WARNING:src.hipporag.evaluation.retrieval_eval:Length of retrieved docs (100) is smaller than largest topk for recall score (200)
WARNING:src.hipporag.evaluation.retrieval_eval:Length of retrieved docs (100) is smaller than largest topk for recall score (200)
WARNING:src.hipporag.evaluation.retrieval_eval:Length of retrieved docs (100) is smaller than largest topk for recall score (200)
WARNING:src.hipporag.evaluation.retrieval_eval:Length of retrieved docs (100) is smaller than largest topk for recall score (200)
WARNING:src.hipporag.evaluation.retrieval_eval:Length of retrieved docs (100) is smaller than largest topk for recall score (200)
WARNING:src.hipporag.evaluation.retrieval_eval:Length of retrieved docs (100) is smaller than largest topk for recall score (200)
WARNING:src.hipporag.evaluation.retrieval_eval:Length of retrieved docs (100) is smaller than largest topk for recall score (200)
WARNING:src.hipporag.evaluation.retrieval_eval:Length of retrieved docs (100) is smaller than largest topk for recall score (200)
WARNING:src.hipporag.evaluation.retrieval_eval:Length of retrieved docs (100) is smaller than largest topk for recall score (200)
WARNING:src.hipporag.evaluation.retrieval_eval:Length of retrieved docs (100) is smaller than largest topk for recall score (200)
WARNING:src.hipporag.evaluation.retrieval_eval:Length of retrieved docs (100) is smaller than largest topk for recall score (200)
WARNING:src.hipporag.evaluation.retrieval_eval:Length of retrieved docs (100) is smaller than largest topk for recall score (200)
WARNING:src.hipporag.evaluation.retrieval_eval:Length of retrieved docs (100) is smaller than largest topk for recall score (200)
WARNING:src.hipporag.evaluation.retrieval_eval:Length of retrieved docs (100) is smaller than largest topk for recall score (200)
WARNING:src.hipporag.evaluation.retrieval_eval:Length of retrieved docs (100) is smaller than largest topk for recall score (200)
WARNING:src.hipporag.evaluation.retrieval_eval:Length of retrieved docs (100) is smaller than largest topk for recall score (200)
WARNING:src.hipporag.evaluation.retrieval_eval:Length of retrieved docs (100) is smaller than largest topk for recall score (200)
WARNING:src.hipporag.evaluation.retrieval_eval:Length of retrieved docs (100) is smaller than largest topk for recall score (200)
WARNING:src.hipporag.evaluation.retrieval_eval:Length of retrieved docs (100) is smaller than largest topk for recall score (200)
WARNING:src.hipporag.evaluation.retrieval_eval:Length of retrieved docs (100) is smaller than largest topk for recall score (200)
WARNING:src.hipporag.evaluation.retrieval_eval:Length of retrieved docs (100) is smaller than largest topk for recall score (200)
WARNING:src.hipporag.evaluation.retrieval_eval:Length of retrieved docs (100) is smaller than largest topk for recall score (200)
WARNING:src.hipporag.evaluation.retrieval_eval:Length of retrieved docs (100) is smaller than largest topk for recall score (200)
WARNING:src.hipporag.evaluation.retrieval_eval:Length of retrieved docs (100) is smaller than largest topk for recall score (200)
WARNING:src.hipporag.evaluation.retrieval_eval:Length of retrieved docs (100) is smaller than largest topk for recall score (200)
WARNING:src.hipporag.evaluation.retrieval_eval:Length of retrieved docs (100) is smaller than largest topk for recall score (200)
WARNING:src.hipporag.evaluation.retrieval_eval:Length of retrieved docs (100) is smaller than largest topk for recall score (200)
WARNING:src.hipporag.evaluation.retrieval_eval:Length of retrieved docs (100) is smaller than largest topk for recall score (200)
WARNING:src.hipporag.evaluation.retrieval_eval:Length of retrieved docs (100) is smaller than largest topk for recall score (200)
WARNING:src.hipporag.evaluation.retrieval_eval:Length of retrieved docs (100) is smaller than largest topk for recall score (200)
WARNING:src.hipporag.evaluation.retrieval_eval:Length of retrieved docs (100) is smaller than largest topk for recall score (200)
WARNING:src.hipporag.evaluation.retrieval_eval:Length of retrieved docs (100) is smaller than largest topk for recall score (200)
WARNING:src.hipporag.evaluation.retrieval_eval:Length of retrieved docs (100) is smaller than largest topk for recall score (200)
WARNING:src.hipporag.evaluation.retrieval_eval:Length of retrieved docs (100) is smaller than largest topk for recall score (200)
WARNING:src.hipporag.evaluation.retrieval_eval:Length of retrieved docs (100) is smaller than largest topk for recall score (200)
WARNING:src.hipporag.evaluation.retrieval_eval:Length of retrieved docs (100) is smaller than largest topk for recall score (200)
WARNING:src.hipporag.evaluation.retrieval_eval:Length of retrieved docs (100) is smaller than largest topk for recall score (200)
WARNING:src.hipporag.evaluation.retrieval_eval:Length of retrieved docs (100) is smaller than largest topk for recall score (200)
WARNING:src.hipporag.evaluation.retrieval_eval:Length of retrieved docs (100) is smaller than largest topk for recall score (200)
WARNING:src.hipporag.evaluation.retrieval_eval:Length of retrieved docs (100) is smaller than largest topk for recall score (200)
WARNING:src.hipporag.evaluation.retrieval_eval:Length of retrieved docs (100) is smaller than largest topk for recall score (200)
WARNING:src.hipporag.evaluation.retrieval_eval:Length of retrieved docs (100) is smaller than largest topk for recall score (200)
WARNING:src.hipporag.evaluation.retrieval_eval:Length of retrieved docs (100) is smaller than largest topk for recall score (200)
WARNING:src.hipporag.evaluation.retrieval_eval:Length of retrieved docs (100) is smaller than largest topk for recall score (200)
WARNING:src.hipporag.evaluation.retrieval_eval:Length of retrieved docs (100) is smaller than largest topk for recall score (200)
WARNING:src.hipporag.evaluation.retrieval_eval:Length of retrieved docs (100) is smaller than largest topk for recall score (200)
WARNING:src.hipporag.evaluation.retrieval_eval:Length of retrieved docs (100) is smaller than largest topk for recall score (200)
WARNING:src.hipporag.evaluation.retrieval_eval:Length of retrieved docs (100) is smaller than largest topk for recall score (200)
WARNING:src.hipporag.evaluation.retrieval_eval:Length of retrieved docs (100) is smaller than largest topk for recall score (200)
WARNING:src.hipporag.evaluation.retrieval_eval:Length of retrieved docs (100) is smaller than largest topk for recall score (200)
WARNING:src.hipporag.evaluation.retrieval_eval:Length of retrieved docs (100) is smaller than largest topk for recall score (200)
WARNING:src.hipporag.evaluation.retrieval_eval:Length of retrieved docs (100) is smaller than largest topk for recall score (200)
WARNING:src.hipporag.evaluation.retrieval_eval:Length of retrieved docs (100) is smaller than largest topk for recall score (200)
WARNING:src.hipporag.evaluation.retrieval_eval:Length of retrieved docs (100) is smaller than largest topk for recall score (200)
WARNING:src.hipporag.evaluation.retrieval_eval:Length of retrieved docs (100) is smaller than largest topk for recall score (200)
WARNING:src.hipporag.evaluation.retrieval_eval:Length of retrieved docs (100) is smaller than largest topk for recall score (200)
WARNING:src.hipporag.evaluation.retrieval_eval:Length of retrieved docs (100) is smaller than largest topk for recall score (200)
WARNING:src.hipporag.evaluation.retrieval_eval:Length of retrieved docs (100) is smaller than largest topk for recall score (200)
WARNING:src.hipporag.evaluation.retrieval_eval:Length of retrieved docs (100) is smaller than largest topk for recall score (200)
WARNING:src.hipporag.evaluation.retrieval_eval:Length of retrieved docs (100) is smaller than largest topk for recall score (200)
WARNING:src.hipporag.evaluation.retrieval_eval:Length of retrieved docs (100) is smaller than largest topk for recall score (200)
WARNING:src.hipporag.evaluation.retrieval_eval:Length of retrieved docs (100) is smaller than largest topk for recall score (200)
WARNING:src.hipporag.evaluation.retrieval_eval:Length of retrieved docs (100) is smaller than largest topk for recall score (200)
WARNING:src.hipporag.evaluation.retrieval_eval:Length of retrieved docs (100) is smaller than largest topk for recall score (200)
WARNING:src.hipporag.evaluation.retrieval_eval:Length of retrieved docs (100) is smaller than largest topk for recall score (200)
WARNING:src.hipporag.evaluation.retrieval_eval:Length of retrieved docs (100) is smaller than largest topk for recall score (200)
WARNING:src.hipporag.evaluation.retrieval_eval:Length of retrieved docs (100) is smaller than largest topk for recall score (200)
WARNING:src.hipporag.evaluation.retrieval_eval:Length of retrieved docs (100) is smaller than largest topk for recall score (200)
WARNING:src.hipporag.evaluation.retrieval_eval:Length of retrieved docs (100) is smaller than largest topk for recall score (200)
WARNING:src.hipporag.evaluation.retrieval_eval:Length of retrieved docs (100) is smaller than largest topk for recall score (200)
WARNING:src.hipporag.evaluation.retrieval_eval:Length of retrieved docs (100) is smaller than largest topk for recall score (200)
WARNING:src.hipporag.evaluation.retrieval_eval:Length of retrieved docs (100) is smaller than largest topk for recall score (200)
WARNING:src.hipporag.evaluation.retrieval_eval:Length of retrieved docs (100) is smaller than largest topk for recall score (200)
WARNING:src.hipporag.evaluation.retrieval_eval:Length of retrieved docs (100) is smaller than largest topk for recall score (200)
WARNING:src.hipporag.evaluation.retrieval_eval:Length of retrieved docs (100) is smaller than largest topk for recall score (200)
WARNING:src.hipporag.evaluation.retrieval_eval:Length of retrieved docs (100) is smaller than largest topk for recall score (200)
WARNING:src.hipporag.evaluation.retrieval_eval:Length of retrieved docs (100) is smaller than largest topk for recall score (200)
WARNING:src.hipporag.evaluation.retrieval_eval:Length of retrieved docs (100) is smaller than largest topk for recall score (200)
WARNING:src.hipporag.evaluation.retrieval_eval:Length of retrieved docs (100) is smaller than largest topk for recall score (200)
WARNING:src.hipporag.evaluation.retrieval_eval:Length of retrieved docs (100) is smaller than largest topk for recall score (200)
WARNING:src.hipporag.evaluation.retrieval_eval:Length of retrieved docs (100) is smaller than largest topk for recall score (200)
WARNING:src.hipporag.evaluation.retrieval_eval:Length of retrieved docs (100) is smaller than largest topk for recall score (200)
WARNING:src.hipporag.evaluation.retrieval_eval:Length of retrieved docs (100) is smaller than largest topk for recall score (200)
WARNING:src.hipporag.evaluation.retrieval_eval:Length of retrieved docs (100) is smaller than largest topk for recall score (200)
WARNING:src.hipporag.evaluation.retrieval_eval:Length of retrieved docs (100) is smaller than largest topk for recall score (200)
WARNING:src.hipporag.evaluation.retrieval_eval:Length of retrieved docs (100) is smaller than largest topk for recall score (200)
WARNING:src.hipporag.evaluation.retrieval_eval:Length of retrieved docs (100) is smaller than largest topk for recall score (200)
WARNING:src.hipporag.evaluation.retrieval_eval:Length of retrieved docs (100) is smaller than largest topk for recall score (200)
WARNING:src.hipporag.evaluation.retrieval_eval:Length of retrieved docs (100) is smaller than largest topk for recall score (200)
WARNING:src.hipporag.evaluation.retrieval_eval:Length of retrieved docs (100) is smaller than largest topk for recall score (200)
WARNING:src.hipporag.evaluation.retrieval_eval:Length of retrieved docs (100) is smaller than largest topk for recall score (200)
WARNING:src.hipporag.evaluation.retrieval_eval:Length of retrieved docs (100) is smaller than largest topk for recall score (200)
WARNING:src.hipporag.evaluation.retrieval_eval:Length of retrieved docs (100) is smaller than largest topk for recall score (200)
WARNING:src.hipporag.evaluation.retrieval_eval:Length of retrieved docs (100) is smaller than largest topk for recall score (200)
WARNING:src.hipporag.evaluation.retrieval_eval:Length of retrieved docs (100) is smaller than largest topk for recall score (200)
WARNING:src.hipporag.evaluation.retrieval_eval:Length of retrieved docs (100) is smaller than largest topk for recall score (200)
WARNING:src.hipporag.evaluation.retrieval_eval:Length of retrieved docs (100) is smaller than largest topk for recall score (200)
WARNING:src.hipporag.evaluation.retrieval_eval:Length of retrieved docs (100) is smaller than largest topk for recall score (200)
WARNING:src.hipporag.evaluation.retrieval_eval:Length of retrieved docs (100) is smaller than largest topk for recall score (200)
WARNING:src.hipporag.evaluation.retrieval_eval:Length of retrieved docs (100) is smaller than largest topk for recall score (200)
WARNING:src.hipporag.evaluation.retrieval_eval:Length of retrieved docs (100) is smaller than largest topk for recall score (200)
WARNING:src.hipporag.evaluation.retrieval_eval:Length of retrieved docs (100) is smaller than largest topk for recall score (200)
WARNING:src.hipporag.evaluation.retrieval_eval:Length of retrieved docs (100) is smaller than largest topk for recall score (200)
WARNING:src.hipporag.evaluation.retrieval_eval:Length of retrieved docs (100) is smaller than largest topk for recall score (200)
WARNING:src.hipporag.evaluation.retrieval_eval:Length of retrieved docs (100) is smaller than largest topk for recall score (200)
WARNING:src.hipporag.evaluation.retrieval_eval:Length of retrieved docs (100) is smaller than largest topk for recall score (200)
WARNING:src.hipporag.evaluation.retrieval_eval:Length of retrieved docs (100) is smaller than largest topk for recall score (200)
WARNING:src.hipporag.evaluation.retrieval_eval:Length of retrieved docs (100) is smaller than largest topk for recall score (200)
WARNING:src.hipporag.evaluation.retrieval_eval:Length of retrieved docs (100) is smaller than largest topk for recall score (200)
WARNING:src.hipporag.evaluation.retrieval_eval:Length of retrieved docs (100) is smaller than largest topk for recall score (200)
WARNING:src.hipporag.evaluation.retrieval_eval:Length of retrieved docs (100) is smaller than largest topk for recall score (200)
WARNING:src.hipporag.evaluation.retrieval_eval:Length of retrieved docs (100) is smaller than largest topk for recall score (200)
WARNING:src.hipporag.evaluation.retrieval_eval:Length of retrieved docs (100) is smaller than largest topk for recall score (200)
WARNING:src.hipporag.evaluation.retrieval_eval:Length of retrieved docs (100) is smaller than largest topk for recall score (200)
WARNING:src.hipporag.evaluation.retrieval_eval:Length of retrieved docs (100) is smaller than largest topk for recall score (200)
WARNING:src.hipporag.evaluation.retrieval_eval:Length of retrieved docs (100) is smaller than largest topk for recall score (200)
WARNING:src.hipporag.evaluation.retrieval_eval:Length of retrieved docs (100) is smaller than largest topk for recall score (200)
WARNING:src.hipporag.evaluation.retrieval_eval:Length of retrieved docs (100) is smaller than largest topk for recall score (200)
WARNING:src.hipporag.evaluation.retrieval_eval:Length of retrieved docs (100) is smaller than largest topk for recall score (200)
WARNING:src.hipporag.evaluation.retrieval_eval:Length of retrieved docs (100) is smaller than largest topk for recall score (200)
WARNING:src.hipporag.evaluation.retrieval_eval:Length of retrieved docs (100) is smaller than largest topk for recall score (200)
WARNING:src.hipporag.evaluation.retrieval_eval:Length of retrieved docs (100) is smaller than largest topk for recall score (200)
WARNING:src.hipporag.evaluation.retrieval_eval:Length of retrieved docs (100) is smaller than largest topk for recall score (200)
WARNING:src.hipporag.evaluation.retrieval_eval:Length of retrieved docs (100) is smaller than largest topk for recall score (200)
WARNING:src.hipporag.evaluation.retrieval_eval:Length of retrieved docs (100) is smaller than largest topk for recall score (200)
WARNING:src.hipporag.evaluation.retrieval_eval:Length of retrieved docs (100) is smaller than largest topk for recall score (200)
WARNING:src.hipporag.evaluation.retrieval_eval:Length of retrieved docs (100) is smaller than largest topk for recall score (200)
WARNING:src.hipporag.evaluation.retrieval_eval:Length of retrieved docs (100) is smaller than largest topk for recall score (200)
WARNING:src.hipporag.evaluation.retrieval_eval:Length of retrieved docs (100) is smaller than largest topk for recall score (200)
WARNING:src.hipporag.evaluation.retrieval_eval:Length of retrieved docs (100) is smaller than largest topk for recall score (200)
WARNING:src.hipporag.evaluation.retrieval_eval:Length of retrieved docs (100) is smaller than largest topk for recall score (200)
WARNING:src.hipporag.evaluation.retrieval_eval:Length of retrieved docs (100) is smaller than largest topk for recall score (200)
WARNING:src.hipporag.evaluation.retrieval_eval:Length of retrieved docs (100) is smaller than largest topk for recall score (200)
WARNING:src.hipporag.evaluation.retrieval_eval:Length of retrieved docs (100) is smaller than largest topk for recall score (200)
WARNING:src.hipporag.evaluation.retrieval_eval:Length of retrieved docs (100) is smaller than largest topk for recall score (200)
WARNING:src.hipporag.evaluation.retrieval_eval:Length of retrieved docs (100) is smaller than largest topk for recall score (200)
WARNING:src.hipporag.evaluation.retrieval_eval:Length of retrieved docs (100) is smaller than largest topk for recall score (200)
WARNING:src.hipporag.evaluation.retrieval_eval:Length of retrieved docs (100) is smaller than largest topk for recall score (200)
WARNING:src.hipporag.evaluation.retrieval_eval:Length of retrieved docs (100) is smaller than largest topk for recall score (200)
WARNING:src.hipporag.evaluation.retrieval_eval:Length of retrieved docs (100) is smaller than largest topk for recall score (200)
WARNING:src.hipporag.evaluation.retrieval_eval:Length of retrieved docs (100) is smaller than largest topk for recall score (200)
WARNING:src.hipporag.evaluation.retrieval_eval:Length of retrieved docs (100) is smaller than largest topk for recall score (200)
WARNING:src.hipporag.evaluation.retrieval_eval:Length of retrieved docs (100) is smaller than largest topk for recall score (200)
WARNING:src.hipporag.evaluation.retrieval_eval:Length of retrieved docs (100) is smaller than largest topk for recall score (200)
WARNING:src.hipporag.evaluation.retrieval_eval:Length of retrieved docs (100) is smaller than largest topk for recall score (200)
WARNING:src.hipporag.evaluation.retrieval_eval:Length of retrieved docs (100) is smaller than largest topk for recall score (200)
WARNING:src.hipporag.evaluation.retrieval_eval:Length of retrieved docs (100) is smaller than largest topk for recall score (200)
WARNING:src.hipporag.evaluation.retrieval_eval:Length of retrieved docs (100) is smaller than largest topk for recall score (200)
WARNING:src.hipporag.evaluation.retrieval_eval:Length of retrieved docs (100) is smaller than largest topk for recall score (200)
WARNING:src.hipporag.evaluation.retrieval_eval:Length of retrieved docs (100) is smaller than largest topk for recall score (200)
WARNING:src.hipporag.evaluation.retrieval_eval:Length of retrieved docs (100) is smaller than largest topk for recall score (200)
WARNING:src.hipporag.evaluation.retrieval_eval:Length of retrieved docs (100) is smaller than largest topk for recall score (200)
WARNING:src.hipporag.evaluation.retrieval_eval:Length of retrieved docs (100) is smaller than largest topk for recall score (200)
WARNING:src.hipporag.evaluation.retrieval_eval:Length of retrieved docs (100) is smaller than largest topk for recall score (200)
WARNING:src.hipporag.evaluation.retrieval_eval:Length of retrieved docs (100) is smaller than largest topk for recall score (200)
WARNING:src.hipporag.evaluation.retrieval_eval:Length of retrieved docs (100) is smaller than largest topk for recall score (200)
WARNING:src.hipporag.evaluation.retrieval_eval:Length of retrieved docs (100) is smaller than largest topk for recall score (200)
WARNING:src.hipporag.evaluation.retrieval_eval:Length of retrieved docs (100) is smaller than largest topk for recall score (200)
WARNING:src.hipporag.evaluation.retrieval_eval:Length of retrieved docs (100) is smaller than largest topk for recall score (200)
WARNING:src.hipporag.evaluation.retrieval_eval:Length of retrieved docs (100) is smaller than largest topk for recall score (200)
WARNING:src.hipporag.evaluation.retrieval_eval:Length of retrieved docs (100) is smaller than largest topk for recall score (200)
WARNING:src.hipporag.evaluation.retrieval_eval:Length of retrieved docs (100) is smaller than largest topk for recall score (200)
WARNING:src.hipporag.evaluation.retrieval_eval:Length of retrieved docs (100) is smaller than largest topk for recall score (200)
WARNING:src.hipporag.evaluation.retrieval_eval:Length of retrieved docs (100) is smaller than largest topk for recall score (200)
WARNING:src.hipporag.evaluation.retrieval_eval:Length of retrieved docs (100) is smaller than largest topk for recall score (200)
WARNING:src.hipporag.evaluation.retrieval_eval:Length of retrieved docs (100) is smaller than largest topk for recall score (200)
WARNING:src.hipporag.evaluation.retrieval_eval:Length of retrieved docs (100) is smaller than largest topk for recall score (200)
WARNING:src.hipporag.evaluation.retrieval_eval:Length of retrieved docs (100) is smaller than largest topk for recall score (200)
WARNING:src.hipporag.evaluation.retrieval_eval:Length of retrieved docs (100) is smaller than largest topk for recall score (200)
WARNING:src.hipporag.evaluation.retrieval_eval:Length of retrieved docs (100) is smaller than largest topk for recall score (200)
WARNING:src.hipporag.evaluation.retrieval_eval:Length of retrieved docs (100) is smaller than largest topk for recall score (200)
WARNING:src.hipporag.evaluation.retrieval_eval:Length of retrieved docs (100) is smaller than largest topk for recall score (200)
WARNING:src.hipporag.evaluation.retrieval_eval:Length of retrieved docs (100) is smaller than largest topk for recall score (200)
WARNING:src.hipporag.evaluation.retrieval_eval:Length of retrieved docs (100) is smaller than largest topk for recall score (200)
WARNING:src.hipporag.evaluation.retrieval_eval:Length of retrieved docs (100) is smaller than largest topk for recall score (200)
WARNING:src.hipporag.evaluation.retrieval_eval:Length of retrieved docs (100) is smaller than largest topk for recall score (200)
WARNING:src.hipporag.evaluation.retrieval_eval:Length of retrieved docs (100) is smaller than largest topk for recall score (200)
WARNING:src.hipporag.evaluation.retrieval_eval:Length of retrieved docs (100) is smaller than largest topk for recall score (200)
WARNING:src.hipporag.evaluation.retrieval_eval:Length of retrieved docs (100) is smaller than largest topk for recall score (200)
WARNING:src.hipporag.evaluation.retrieval_eval:Length of retrieved docs (100) is smaller than largest topk for recall score (200)
WARNING:src.hipporag.evaluation.retrieval_eval:Length of retrieved docs (100) is smaller than largest topk for recall score (200)
WARNING:src.hipporag.evaluation.retrieval_eval:Length of retrieved docs (100) is smaller than largest topk for recall score (200)
WARNING:src.hipporag.evaluation.retrieval_eval:Length of retrieved docs (100) is smaller than largest topk for recall score (200)
WARNING:src.hipporag.evaluation.retrieval_eval:Length of retrieved docs (100) is smaller than largest topk for recall score (200)
WARNING:src.hipporag.evaluation.retrieval_eval:Length of retrieved docs (100) is smaller than largest topk for recall score (200)
WARNING:src.hipporag.evaluation.retrieval_eval:Length of retrieved docs (100) is smaller than largest topk for recall score (200)
WARNING:src.hipporag.evaluation.retrieval_eval:Length of retrieved docs (100) is smaller than largest topk for recall score (200)
WARNING:src.hipporag.evaluation.retrieval_eval:Length of retrieved docs (100) is smaller than largest topk for recall score (200)
WARNING:src.hipporag.evaluation.retrieval_eval:Length of retrieved docs (100) is smaller than largest topk for recall score (200)
WARNING:src.hipporag.evaluation.retrieval_eval:Length of retrieved docs (100) is smaller than largest topk for recall score (200)
WARNING:src.hipporag.evaluation.retrieval_eval:Length of retrieved docs (100) is smaller than largest topk for recall score (200)
WARNING:src.hipporag.evaluation.retrieval_eval:Length of retrieved docs (100) is smaller than largest topk for recall score (200)
WARNING:src.hipporag.evaluation.retrieval_eval:Length of retrieved docs (100) is smaller than largest topk for recall score (200)
WARNING:src.hipporag.evaluation.retrieval_eval:Length of retrieved docs (100) is smaller than largest topk for recall score (200)
WARNING:src.hipporag.evaluation.retrieval_eval:Length of retrieved docs (100) is smaller than largest topk for recall score (200)
WARNING:src.hipporag.evaluation.retrieval_eval:Length of retrieved docs (100) is smaller than largest topk for recall score (200)
WARNING:src.hipporag.evaluation.retrieval_eval:Length of retrieved docs (100) is smaller than largest topk for recall score (200)
WARNING:src.hipporag.evaluation.retrieval_eval:Length of retrieved docs (100) is smaller than largest topk for recall score (200)
WARNING:src.hipporag.evaluation.retrieval_eval:Length of retrieved docs (100) is smaller than largest topk for recall score (200)
WARNING:src.hipporag.evaluation.retrieval_eval:Length of retrieved docs (100) is smaller than largest topk for recall score (200)
WARNING:src.hipporag.evaluation.retrieval_eval:Length of retrieved docs (100) is smaller than largest topk for recall score (200)
WARNING:src.hipporag.evaluation.retrieval_eval:Length of retrieved docs (100) is smaller than largest topk for recall score (200)
WARNING:src.hipporag.evaluation.retrieval_eval:Length of retrieved docs (100) is smaller than largest topk for recall score (200)
WARNING:src.hipporag.evaluation.retrieval_eval:Length of retrieved docs (100) is smaller than largest topk for recall score (200)
WARNING:src.hipporag.evaluation.retrieval_eval:Length of retrieved docs (100) is smaller than largest topk for recall score (200)
WARNING:src.hipporag.evaluation.retrieval_eval:Length of retrieved docs (100) is smaller than largest topk for recall score (200)
WARNING:src.hipporag.evaluation.retrieval_eval:Length of retrieved docs (100) is smaller than largest topk for recall score (200)
WARNING:src.hipporag.evaluation.retrieval_eval:Length of retrieved docs (100) is smaller than largest topk for recall score (200)
WARNING:src.hipporag.evaluation.retrieval_eval:Length of retrieved docs (100) is smaller than largest topk for recall score (200)
WARNING:src.hipporag.evaluation.retrieval_eval:Length of retrieved docs (100) is smaller than largest topk for recall score (200)
WARNING:src.hipporag.evaluation.retrieval_eval:Length of retrieved docs (100) is smaller than largest topk for recall score (200)
WARNING:src.hipporag.evaluation.retrieval_eval:Length of retrieved docs (100) is smaller than largest topk for recall score (200)
WARNING:src.hipporag.evaluation.retrieval_eval:Length of retrieved docs (100) is smaller than largest topk for recall score (200)
WARNING:src.hipporag.evaluation.retrieval_eval:Length of retrieved docs (100) is smaller than largest topk for recall score (200)
WARNING:src.hipporag.evaluation.retrieval_eval:Length of retrieved docs (100) is smaller than largest topk for recall score (200)
WARNING:src.hipporag.evaluation.retrieval_eval:Length of retrieved docs (100) is smaller than largest topk for recall score (200)
WARNING:src.hipporag.evaluation.retrieval_eval:Length of retrieved docs (100) is smaller than largest topk for recall score (200)
WARNING:src.hipporag.evaluation.retrieval_eval:Length of retrieved docs (100) is smaller than largest topk for recall score (200)
WARNING:src.hipporag.evaluation.retrieval_eval:Length of retrieved docs (100) is smaller than largest topk for recall score (200)
WARNING:src.hipporag.evaluation.retrieval_eval:Length of retrieved docs (100) is smaller than largest topk for recall score (200)
WARNING:src.hipporag.evaluation.retrieval_eval:Length of retrieved docs (100) is smaller than largest topk for recall score (200)
WARNING:src.hipporag.evaluation.retrieval_eval:Length of retrieved docs (100) is smaller than largest topk for recall score (200)
WARNING:src.hipporag.evaluation.retrieval_eval:Length of retrieved docs (100) is smaller than largest topk for recall score (200)
WARNING:src.hipporag.evaluation.retrieval_eval:Length of retrieved docs (100) is smaller than largest topk for recall score (200)
WARNING:src.hipporag.evaluation.retrieval_eval:Length of retrieved docs (100) is smaller than largest topk for recall score (200)
WARNING:src.hipporag.evaluation.retrieval_eval:Length of retrieved docs (100) is smaller than largest topk for recall score (200)
WARNING:src.hipporag.evaluation.retrieval_eval:Length of retrieved docs (100) is smaller than largest topk for recall score (200)
WARNING:src.hipporag.evaluation.retrieval_eval:Length of retrieved docs (100) is smaller than largest topk for recall score (200)
WARNING:src.hipporag.evaluation.retrieval_eval:Length of retrieved docs (100) is smaller than largest topk for recall score (200)
WARNING:src.hipporag.evaluation.retrieval_eval:Length of retrieved docs (100) is smaller than largest topk for recall score (200)
WARNING:src.hipporag.evaluation.retrieval_eval:Length of retrieved docs (100) is smaller than largest topk for recall score (200)
WARNING:src.hipporag.evaluation.retrieval_eval:Length of retrieved docs (100) is smaller than largest topk for recall score (200)
WARNING:src.hipporag.evaluation.retrieval_eval:Length of retrieved docs (100) is smaller than largest topk for recall score (200)
WARNING:src.hipporag.evaluation.retrieval_eval:Length of retrieved docs (100) is smaller than largest topk for recall score (200)
WARNING:src.hipporag.evaluation.retrieval_eval:Length of retrieved docs (100) is smaller than largest topk for recall score (200)
WARNING:src.hipporag.evaluation.retrieval_eval:Length of retrieved docs (100) is smaller than largest topk for recall score (200)
WARNING:src.hipporag.evaluation.retrieval_eval:Length of retrieved docs (100) is smaller than largest topk for recall score (200)
WARNING:src.hipporag.evaluation.retrieval_eval:Length of retrieved docs (100) is smaller than largest topk for recall score (200)
WARNING:src.hipporag.evaluation.retrieval_eval:Length of retrieved docs (100) is smaller than largest topk for recall score (200)
WARNING:src.hipporag.evaluation.retrieval_eval:Length of retrieved docs (100) is smaller than largest topk for recall score (200)
WARNING:src.hipporag.evaluation.retrieval_eval:Length of retrieved docs (100) is smaller than largest topk for recall score (200)
WARNING:src.hipporag.evaluation.retrieval_eval:Length of retrieved docs (100) is smaller than largest topk for recall score (200)
WARNING:src.hipporag.evaluation.retrieval_eval:Length of retrieved docs (100) is smaller than largest topk for recall score (200)
WARNING:src.hipporag.evaluation.retrieval_eval:Length of retrieved docs (100) is smaller than largest topk for recall score (200)
WARNING:src.hipporag.evaluation.retrieval_eval:Length of retrieved docs (100) is smaller than largest topk for recall score (200)
WARNING:src.hipporag.evaluation.retrieval_eval:Length of retrieved docs (100) is smaller than largest topk for recall score (200)
WARNING:src.hipporag.evaluation.retrieval_eval:Length of retrieved docs (100) is smaller than largest topk for recall score (200)
WARNING:src.hipporag.evaluation.retrieval_eval:Length of retrieved docs (100) is smaller than largest topk for recall score (200)
WARNING:src.hipporag.evaluation.retrieval_eval:Length of retrieved docs (100) is smaller than largest topk for recall score (200)
WARNING:src.hipporag.evaluation.retrieval_eval:Length of retrieved docs (100) is smaller than largest topk for recall score (200)
WARNING:src.hipporag.evaluation.retrieval_eval:Length of retrieved docs (100) is smaller than largest topk for recall score (200)
WARNING:src.hipporag.evaluation.retrieval_eval:Length of retrieved docs (100) is smaller than largest topk for recall score (200)
WARNING:src.hipporag.evaluation.retrieval_eval:Length of retrieved docs (100) is smaller than largest topk for recall score (200)
WARNING:src.hipporag.evaluation.retrieval_eval:Length of retrieved docs (100) is smaller than largest topk for recall score (200)
WARNING:src.hipporag.evaluation.retrieval_eval:Length of retrieved docs (100) is smaller than largest topk for recall score (200)
WARNING:src.hipporag.evaluation.retrieval_eval:Length of retrieved docs (100) is smaller than largest topk for recall score (200)
WARNING:src.hipporag.evaluation.retrieval_eval:Length of retrieved docs (100) is smaller than largest topk for recall score (200)
WARNING:src.hipporag.evaluation.retrieval_eval:Length of retrieved docs (100) is smaller than largest topk for recall score (200)
WARNING:src.hipporag.evaluation.retrieval_eval:Length of retrieved docs (100) is smaller than largest topk for recall score (200)
WARNING:src.hipporag.evaluation.retrieval_eval:Length of retrieved docs (100) is smaller than largest topk for recall score (200)
WARNING:src.hipporag.evaluation.retrieval_eval:Length of retrieved docs (100) is smaller than largest topk for recall score (200)
WARNING:src.hipporag.evaluation.retrieval_eval:Length of retrieved docs (100) is smaller than largest topk for recall score (200)
WARNING:src.hipporag.evaluation.retrieval_eval:Length of retrieved docs (100) is smaller than largest topk for recall score (200)
WARNING:src.hipporag.evaluation.retrieval_eval:Length of retrieved docs (100) is smaller than largest topk for recall score (200)
WARNING:src.hipporag.evaluation.retrieval_eval:Length of retrieved docs (100) is smaller than largest topk for recall score (200)
WARNING:src.hipporag.evaluation.retrieval_eval:Length of retrieved docs (100) is smaller than largest topk for recall score (200)
WARNING:src.hipporag.evaluation.retrieval_eval:Length of retrieved docs (100) is smaller than largest topk for recall score (200)
WARNING:src.hipporag.evaluation.retrieval_eval:Length of retrieved docs (100) is smaller than largest topk for recall score (200)
WARNING:src.hipporag.evaluation.retrieval_eval:Length of retrieved docs (100) is smaller than largest topk for recall score (200)
WARNING:src.hipporag.evaluation.retrieval_eval:Length of retrieved docs (100) is smaller than largest topk for recall score (200)
WARNING:src.hipporag.evaluation.retrieval_eval:Length of retrieved docs (100) is smaller than largest topk for recall score (200)
WARNING:src.hipporag.evaluation.retrieval_eval:Length of retrieved docs (100) is smaller than largest topk for recall score (200)
WARNING:src.hipporag.evaluation.retrieval_eval:Length of retrieved docs (100) is smaller than largest topk for recall score (200)
WARNING:src.hipporag.evaluation.retrieval_eval:Length of retrieved docs (100) is smaller than largest topk for recall score (200)
WARNING:src.hipporag.evaluation.retrieval_eval:Length of retrieved docs (100) is smaller than largest topk for recall score (200)
WARNING:src.hipporag.evaluation.retrieval_eval:Length of retrieved docs (100) is smaller than largest topk for recall score (200)
WARNING:src.hipporag.evaluation.retrieval_eval:Length of retrieved docs (100) is smaller than largest topk for recall score (200)
WARNING:src.hipporag.evaluation.retrieval_eval:Length of retrieved docs (100) is smaller than largest topk for recall score (200)
WARNING:src.hipporag.evaluation.retrieval_eval:Length of retrieved docs (100) is smaller than largest topk for recall score (200)
WARNING:src.hipporag.evaluation.retrieval_eval:Length of retrieved docs (100) is smaller than largest topk for recall score (200)
WARNING:src.hipporag.evaluation.retrieval_eval:Length of retrieved docs (100) is smaller than largest topk for recall score (200)
WARNING:src.hipporag.evaluation.retrieval_eval:Length of retrieved docs (100) is smaller than largest topk for recall score (200)
WARNING:src.hipporag.evaluation.retrieval_eval:Length of retrieved docs (100) is smaller than largest topk for recall score (200)
WARNING:src.hipporag.evaluation.retrieval_eval:Length of retrieved docs (100) is smaller than largest topk for recall score (200)
WARNING:src.hipporag.evaluation.retrieval_eval:Length of retrieved docs (100) is smaller than largest topk for recall score (200)
WARNING:src.hipporag.evaluation.retrieval_eval:Length of retrieved docs (100) is smaller than largest topk for recall score (200)
WARNING:src.hipporag.evaluation.retrieval_eval:Length of retrieved docs (100) is smaller than largest topk for recall score (200)
WARNING:src.hipporag.evaluation.retrieval_eval:Length of retrieved docs (100) is smaller than largest topk for recall score (200)
WARNING:src.hipporag.evaluation.retrieval_eval:Length of retrieved docs (100) is smaller than largest topk for recall score (200)
WARNING:src.hipporag.evaluation.retrieval_eval:Length of retrieved docs (100) is smaller than largest topk for recall score (200)
WARNING:src.hipporag.evaluation.retrieval_eval:Length of retrieved docs (100) is smaller than largest topk for recall score (200)
WARNING:src.hipporag.evaluation.retrieval_eval:Length of retrieved docs (100) is smaller than largest topk for recall score (200)
WARNING:src.hipporag.evaluation.retrieval_eval:Length of retrieved docs (100) is smaller than largest topk for recall score (200)
WARNING:src.hipporag.evaluation.retrieval_eval:Length of retrieved docs (100) is smaller than largest topk for recall score (200)
WARNING:src.hipporag.evaluation.retrieval_eval:Length of retrieved docs (100) is smaller than largest topk for recall score (200)
WARNING:src.hipporag.evaluation.retrieval_eval:Length of retrieved docs (100) is smaller than largest topk for recall score (200)
WARNING:src.hipporag.evaluation.retrieval_eval:Length of retrieved docs (100) is smaller than largest topk for recall score (200)
WARNING:src.hipporag.evaluation.retrieval_eval:Length of retrieved docs (100) is smaller than largest topk for recall score (200)
WARNING:src.hipporag.evaluation.retrieval_eval:Length of retrieved docs (100) is smaller than largest topk for recall score (200)
WARNING:src.hipporag.evaluation.retrieval_eval:Length of retrieved docs (100) is smaller than largest topk for recall score (200)
WARNING:src.hipporag.evaluation.retrieval_eval:Length of retrieved docs (100) is smaller than largest topk for recall score (200)
WARNING:src.hipporag.evaluation.retrieval_eval:Length of retrieved docs (100) is smaller than largest topk for recall score (200)
WARNING:src.hipporag.evaluation.retrieval_eval:Length of retrieved docs (100) is smaller than largest topk for recall score (200)
WARNING:src.hipporag.evaluation.retrieval_eval:Length of retrieved docs (100) is smaller than largest topk for recall score (200)
WARNING:src.hipporag.evaluation.retrieval_eval:Length of retrieved docs (100) is smaller than largest topk for recall score (200)
WARNING:src.hipporag.evaluation.retrieval_eval:Length of retrieved docs (100) is smaller than largest topk for recall score (200)
WARNING:src.hipporag.evaluation.retrieval_eval:Length of retrieved docs (100) is smaller than largest topk for recall score (200)
WARNING:src.hipporag.evaluation.retrieval_eval:Length of retrieved docs (100) is smaller than largest topk for recall score (200)
WARNING:src.hipporag.evaluation.retrieval_eval:Length of retrieved docs (100) is smaller than largest topk for recall score (200)
WARNING:src.hipporag.evaluation.retrieval_eval:Length of retrieved docs (100) is smaller than largest topk for recall score (200)
WARNING:src.hipporag.evaluation.retrieval_eval:Length of retrieved docs (100) is smaller than largest topk for recall score (200)
WARNING:src.hipporag.evaluation.retrieval_eval:Length of retrieved docs (100) is smaller than largest topk for recall score (200)
WARNING:src.hipporag.evaluation.retrieval_eval:Length of retrieved docs (100) is smaller than largest topk for recall score (200)
WARNING:src.hipporag.evaluation.retrieval_eval:Length of retrieved docs (100) is smaller than largest topk for recall score (200)
WARNING:src.hipporag.evaluation.retrieval_eval:Length of retrieved docs (100) is smaller than largest topk for recall score (200)
WARNING:src.hipporag.evaluation.retrieval_eval:Length of retrieved docs (100) is smaller than largest topk for recall score (200)
WARNING:src.hipporag.evaluation.retrieval_eval:Length of retrieved docs (100) is smaller than largest topk for recall score (200)
WARNING:src.hipporag.evaluation.retrieval_eval:Length of retrieved docs (100) is smaller than largest topk for recall score (200)
WARNING:src.hipporag.evaluation.retrieval_eval:Length of retrieved docs (100) is smaller than largest topk for recall score (200)
WARNING:src.hipporag.evaluation.retrieval_eval:Length of retrieved docs (100) is smaller than largest topk for recall score (200)
WARNING:src.hipporag.evaluation.retrieval_eval:Length of retrieved docs (100) is smaller than largest topk for recall score (200)
WARNING:src.hipporag.evaluation.retrieval_eval:Length of retrieved docs (100) is smaller than largest topk for recall score (200)
WARNING:src.hipporag.evaluation.retrieval_eval:Length of retrieved docs (100) is smaller than largest topk for recall score (200)
WARNING:src.hipporag.evaluation.retrieval_eval:Length of retrieved docs (100) is smaller than largest topk for recall score (200)
WARNING:src.hipporag.evaluation.retrieval_eval:Length of retrieved docs (100) is smaller than largest topk for recall score (200)
WARNING:src.hipporag.evaluation.retrieval_eval:Length of retrieved docs (100) is smaller than largest topk for recall score (200)
WARNING:src.hipporag.evaluation.retrieval_eval:Length of retrieved docs (100) is smaller than largest topk for recall score (200)
WARNING:src.hipporag.evaluation.retrieval_eval:Length of retrieved docs (100) is smaller than largest topk for recall score (200)
WARNING:src.hipporag.evaluation.retrieval_eval:Length of retrieved docs (100) is smaller than largest topk for recall score (200)
WARNING:src.hipporag.evaluation.retrieval_eval:Length of retrieved docs (100) is smaller than largest topk for recall score (200)
WARNING:src.hipporag.evaluation.retrieval_eval:Length of retrieved docs (100) is smaller than largest topk for recall score (200)
WARNING:src.hipporag.evaluation.retrieval_eval:Length of retrieved docs (100) is smaller than largest topk for recall score (200)
WARNING:src.hipporag.evaluation.retrieval_eval:Length of retrieved docs (100) is smaller than largest topk for recall score (200)
WARNING:src.hipporag.evaluation.retrieval_eval:Length of retrieved docs (100) is smaller than largest topk for recall score (200)
WARNING:src.hipporag.evaluation.retrieval_eval:Length of retrieved docs (100) is smaller than largest topk for recall score (200)
WARNING:src.hipporag.evaluation.retrieval_eval:Length of retrieved docs (100) is smaller than largest topk for recall score (200)
WARNING:src.hipporag.evaluation.retrieval_eval:Length of retrieved docs (100) is smaller than largest topk for recall score (200)
WARNING:src.hipporag.evaluation.retrieval_eval:Length of retrieved docs (100) is smaller than largest topk for recall score (200)
WARNING:src.hipporag.evaluation.retrieval_eval:Length of retrieved docs (100) is smaller than largest topk for recall score (200)
WARNING:src.hipporag.evaluation.retrieval_eval:Length of retrieved docs (100) is smaller than largest topk for recall score (200)
WARNING:src.hipporag.evaluation.retrieval_eval:Length of retrieved docs (100) is smaller than largest topk for recall score (200)
WARNING:src.hipporag.evaluation.retrieval_eval:Length of retrieved docs (100) is smaller than largest topk for recall score (200)
WARNING:src.hipporag.evaluation.retrieval_eval:Length of retrieved docs (100) is smaller than largest topk for recall score (200)
WARNING:src.hipporag.evaluation.retrieval_eval:Length of retrieved docs (100) is smaller than largest topk for recall score (200)
WARNING:src.hipporag.evaluation.retrieval_eval:Length of retrieved docs (100) is smaller than largest topk for recall score (200)
WARNING:src.hipporag.evaluation.retrieval_eval:Length of retrieved docs (100) is smaller than largest topk for recall score (200)
WARNING:src.hipporag.evaluation.retrieval_eval:Length of retrieved docs (100) is smaller than largest topk for recall score (200)
WARNING:src.hipporag.evaluation.retrieval_eval:Length of retrieved docs (100) is smaller than largest topk for recall score (200)
WARNING:src.hipporag.evaluation.retrieval_eval:Length of retrieved docs (100) is smaller than largest topk for recall score (200)
WARNING:src.hipporag.evaluation.retrieval_eval:Length of retrieved docs (100) is smaller than largest topk for recall score (200)
WARNING:src.hipporag.evaluation.retrieval_eval:Length of retrieved docs (100) is smaller than largest topk for recall score (200)
WARNING:src.hipporag.evaluation.retrieval_eval:Length of retrieved docs (100) is smaller than largest topk for recall score (200)
WARNING:src.hipporag.evaluation.retrieval_eval:Length of retrieved docs (100) is smaller than largest topk for recall score (200)
WARNING:src.hipporag.evaluation.retrieval_eval:Length of retrieved docs (100) is smaller than largest topk for recall score (200)
WARNING:src.hipporag.evaluation.retrieval_eval:Length of retrieved docs (100) is smaller than largest topk for recall score (200)
WARNING:src.hipporag.evaluation.retrieval_eval:Length of retrieved docs (100) is smaller than largest topk for recall score (200)
WARNING:src.hipporag.evaluation.retrieval_eval:Length of retrieved docs (100) is smaller than largest topk for recall score (200)
WARNING:src.hipporag.evaluation.retrieval_eval:Length of retrieved docs (100) is smaller than largest topk for recall score (200)
WARNING:src.hipporag.evaluation.retrieval_eval:Length of retrieved docs (100) is smaller than largest topk for recall score (200)
WARNING:src.hipporag.evaluation.retrieval_eval:Length of retrieved docs (100) is smaller than largest topk for recall score (200)
WARNING:src.hipporag.evaluation.retrieval_eval:Length of retrieved docs (100) is smaller than largest topk for recall score (200)
WARNING:src.hipporag.evaluation.retrieval_eval:Length of retrieved docs (100) is smaller than largest topk for recall score (200)
WARNING:src.hipporag.evaluation.retrieval_eval:Length of retrieved docs (100) is smaller than largest topk for recall score (200)
WARNING:src.hipporag.evaluation.retrieval_eval:Length of retrieved docs (100) is smaller than largest topk for recall score (200)
WARNING:src.hipporag.evaluation.retrieval_eval:Length of retrieved docs (100) is smaller than largest topk for recall score (200)
WARNING:src.hipporag.evaluation.retrieval_eval:Length of retrieved docs (100) is smaller than largest topk for recall score (200)
WARNING:src.hipporag.evaluation.retrieval_eval:Length of retrieved docs (100) is smaller than largest topk for recall score (200)
WARNING:src.hipporag.evaluation.retrieval_eval:Length of retrieved docs (100) is smaller than largest topk for recall score (200)
WARNING:src.hipporag.evaluation.retrieval_eval:Length of retrieved docs (100) is smaller than largest topk for recall score (200)
WARNING:src.hipporag.evaluation.retrieval_eval:Length of retrieved docs (100) is smaller than largest topk for recall score (200)
WARNING:src.hipporag.evaluation.retrieval_eval:Length of retrieved docs (100) is smaller than largest topk for recall score (200)
WARNING:src.hipporag.evaluation.retrieval_eval:Length of retrieved docs (100) is smaller than largest topk for recall score (200)
WARNING:src.hipporag.evaluation.retrieval_eval:Length of retrieved docs (100) is smaller than largest topk for recall score (200)
WARNING:src.hipporag.evaluation.retrieval_eval:Length of retrieved docs (100) is smaller than largest topk for recall score (200)
WARNING:src.hipporag.evaluation.retrieval_eval:Length of retrieved docs (100) is smaller than largest topk for recall score (200)
WARNING:src.hipporag.evaluation.retrieval_eval:Length of retrieved docs (100) is smaller than largest topk for recall score (200)
WARNING:src.hipporag.evaluation.retrieval_eval:Length of retrieved docs (100) is smaller than largest topk for recall score (200)
WARNING:src.hipporag.evaluation.retrieval_eval:Length of retrieved docs (100) is smaller than largest topk for recall score (200)
WARNING:src.hipporag.evaluation.retrieval_eval:Length of retrieved docs (100) is smaller than largest topk for recall score (200)
WARNING:src.hipporag.evaluation.retrieval_eval:Length of retrieved docs (100) is smaller than largest topk for recall score (200)
WARNING:src.hipporag.evaluation.retrieval_eval:Length of retrieved docs (100) is smaller than largest topk for recall score (200)
WARNING:src.hipporag.evaluation.retrieval_eval:Length of retrieved docs (100) is smaller than largest topk for recall score (200)
WARNING:src.hipporag.evaluation.retrieval_eval:Length of retrieved docs (100) is smaller than largest topk for recall score (200)
WARNING:src.hipporag.evaluation.retrieval_eval:Length of retrieved docs (100) is smaller than largest topk for recall score (200)
WARNING:src.hipporag.evaluation.retrieval_eval:Length of retrieved docs (100) is smaller than largest topk for recall score (200)
WARNING:src.hipporag.evaluation.retrieval_eval:Length of retrieved docs (100) is smaller than largest topk for recall score (200)
WARNING:src.hipporag.evaluation.retrieval_eval:Length of retrieved docs (100) is smaller than largest topk for recall score (200)
WARNING:src.hipporag.evaluation.retrieval_eval:Length of retrieved docs (100) is smaller than largest topk for recall score (200)
WARNING:src.hipporag.evaluation.retrieval_eval:Length of retrieved docs (100) is smaller than largest topk for recall score (200)
WARNING:src.hipporag.evaluation.retrieval_eval:Length of retrieved docs (100) is smaller than largest topk for recall score (200)
WARNING:src.hipporag.evaluation.retrieval_eval:Length of retrieved docs (100) is smaller than largest topk for recall score (200)
WARNING:src.hipporag.evaluation.retrieval_eval:Length of retrieved docs (100) is smaller than largest topk for recall score (200)
WARNING:src.hipporag.evaluation.retrieval_eval:Length of retrieved docs (100) is smaller than largest topk for recall score (200)
WARNING:src.hipporag.evaluation.retrieval_eval:Length of retrieved docs (100) is smaller than largest topk for recall score (200)
WARNING:src.hipporag.evaluation.retrieval_eval:Length of retrieved docs (100) is smaller than largest topk for recall score (200)
WARNING:src.hipporag.evaluation.retrieval_eval:Length of retrieved docs (100) is smaller than largest topk for recall score (200)
WARNING:src.hipporag.evaluation.retrieval_eval:Length of retrieved docs (100) is smaller than largest topk for recall score (200)
WARNING:src.hipporag.evaluation.retrieval_eval:Length of retrieved docs (100) is smaller than largest topk for recall score (200)
WARNING:src.hipporag.evaluation.retrieval_eval:Length of retrieved docs (100) is smaller than largest topk for recall score (200)
WARNING:src.hipporag.evaluation.retrieval_eval:Length of retrieved docs (100) is smaller than largest topk for recall score (200)
WARNING:src.hipporag.evaluation.retrieval_eval:Length of retrieved docs (100) is smaller than largest topk for recall score (200)
WARNING:src.hipporag.evaluation.retrieval_eval:Length of retrieved docs (100) is smaller than largest topk for recall score (200)
WARNING:src.hipporag.evaluation.retrieval_eval:Length of retrieved docs (100) is smaller than largest topk for recall score (200)
WARNING:src.hipporag.evaluation.retrieval_eval:Length of retrieved docs (100) is smaller than largest topk for recall score (200)
WARNING:src.hipporag.evaluation.retrieval_eval:Length of retrieved docs (100) is smaller than largest topk for recall score (200)
WARNING:src.hipporag.evaluation.retrieval_eval:Length of retrieved docs (100) is smaller than largest topk for recall score (200)
WARNING:src.hipporag.evaluation.retrieval_eval:Length of retrieved docs (100) is smaller than largest topk for recall score (200)
WARNING:src.hipporag.evaluation.retrieval_eval:Length of retrieved docs (100) is smaller than largest topk for recall score (200)
WARNING:src.hipporag.evaluation.retrieval_eval:Length of retrieved docs (100) is smaller than largest topk for recall score (200)
WARNING:src.hipporag.evaluation.retrieval_eval:Length of retrieved docs (100) is smaller than largest topk for recall score (200)
WARNING:src.hipporag.evaluation.retrieval_eval:Length of retrieved docs (100) is smaller than largest topk for recall score (200)
WARNING:src.hipporag.evaluation.retrieval_eval:Length of retrieved docs (100) is smaller than largest topk for recall score (200)
WARNING:src.hipporag.evaluation.retrieval_eval:Length of retrieved docs (100) is smaller than largest topk for recall score (200)
WARNING:src.hipporag.evaluation.retrieval_eval:Length of retrieved docs (100) is smaller than largest topk for recall score (200)
WARNING:src.hipporag.evaluation.retrieval_eval:Length of retrieved docs (100) is smaller than largest topk for recall score (200)
WARNING:src.hipporag.evaluation.retrieval_eval:Length of retrieved docs (100) is smaller than largest topk for recall score (200)
WARNING:src.hipporag.evaluation.retrieval_eval:Length of retrieved docs (100) is smaller than largest topk for recall score (200)
WARNING:src.hipporag.evaluation.retrieval_eval:Length of retrieved docs (100) is smaller than largest topk for recall score (200)
WARNING:src.hipporag.evaluation.retrieval_eval:Length of retrieved docs (100) is smaller than largest topk for recall score (200)
WARNING:src.hipporag.evaluation.retrieval_eval:Length of retrieved docs (100) is smaller than largest topk for recall score (200)
WARNING:src.hipporag.evaluation.retrieval_eval:Length of retrieved docs (100) is smaller than largest topk for recall score (200)
WARNING:src.hipporag.evaluation.retrieval_eval:Length of retrieved docs (100) is smaller than largest topk for recall score (200)
WARNING:src.hipporag.evaluation.retrieval_eval:Length of retrieved docs (100) is smaller than largest topk for recall score (200)
WARNING:src.hipporag.evaluation.retrieval_eval:Length of retrieved docs (100) is smaller than largest topk for recall score (200)
WARNING:src.hipporag.evaluation.retrieval_eval:Length of retrieved docs (100) is smaller than largest topk for recall score (200)
WARNING:src.hipporag.evaluation.retrieval_eval:Length of retrieved docs (100) is smaller than largest topk for recall score (200)
WARNING:src.hipporag.evaluation.retrieval_eval:Length of retrieved docs (100) is smaller than largest topk for recall score (200)
WARNING:src.hipporag.evaluation.retrieval_eval:Length of retrieved docs (100) is smaller than largest topk for recall score (200)
WARNING:src.hipporag.evaluation.retrieval_eval:Length of retrieved docs (100) is smaller than largest topk for recall score (200)
WARNING:src.hipporag.evaluation.retrieval_eval:Length of retrieved docs (100) is smaller than largest topk for recall score (200)
WARNING:src.hipporag.evaluation.retrieval_eval:Length of retrieved docs (100) is smaller than largest topk for recall score (200)
WARNING:src.hipporag.evaluation.retrieval_eval:Length of retrieved docs (100) is smaller than largest topk for recall score (200)
WARNING:src.hipporag.evaluation.retrieval_eval:Length of retrieved docs (100) is smaller than largest topk for recall score (200)
WARNING:src.hipporag.evaluation.retrieval_eval:Length of retrieved docs (100) is smaller than largest topk for recall score (200)
WARNING:src.hipporag.evaluation.retrieval_eval:Length of retrieved docs (100) is smaller than largest topk for recall score (200)
WARNING:src.hipporag.evaluation.retrieval_eval:Length of retrieved docs (100) is smaller than largest topk for recall score (200)
WARNING:src.hipporag.evaluation.retrieval_eval:Length of retrieved docs (100) is smaller than largest topk for recall score (200)
WARNING:src.hipporag.evaluation.retrieval_eval:Length of retrieved docs (100) is smaller than largest topk for recall score (200)
WARNING:src.hipporag.evaluation.retrieval_eval:Length of retrieved docs (100) is smaller than largest topk for recall score (200)
WARNING:src.hipporag.evaluation.retrieval_eval:Length of retrieved docs (100) is smaller than largest topk for recall score (200)
WARNING:src.hipporag.evaluation.retrieval_eval:Length of retrieved docs (100) is smaller than largest topk for recall score (200)
WARNING:src.hipporag.evaluation.retrieval_eval:Length of retrieved docs (100) is smaller than largest topk for recall score (200)
WARNING:src.hipporag.evaluation.retrieval_eval:Length of retrieved docs (100) is smaller than largest topk for recall score (200)
WARNING:src.hipporag.evaluation.retrieval_eval:Length of retrieved docs (100) is smaller than largest topk for recall score (200)
WARNING:src.hipporag.evaluation.retrieval_eval:Length of retrieved docs (100) is smaller than largest topk for recall score (200)
WARNING:src.hipporag.evaluation.retrieval_eval:Length of retrieved docs (100) is smaller than largest topk for recall score (200)
WARNING:src.hipporag.evaluation.retrieval_eval:Length of retrieved docs (100) is smaller than largest topk for recall score (200)
WARNING:src.hipporag.evaluation.retrieval_eval:Length of retrieved docs (100) is smaller than largest topk for recall score (200)
WARNING:src.hipporag.evaluation.retrieval_eval:Length of retrieved docs (100) is smaller than largest topk for recall score (200)
WARNING:src.hipporag.evaluation.retrieval_eval:Length of retrieved docs (100) is smaller than largest topk for recall score (200)
WARNING:src.hipporag.evaluation.retrieval_eval:Length of retrieved docs (100) is smaller than largest topk for recall score (200)
WARNING:src.hipporag.evaluation.retrieval_eval:Length of retrieved docs (100) is smaller than largest topk for recall score (200)
WARNING:src.hipporag.evaluation.retrieval_eval:Length of retrieved docs (100) is smaller than largest topk for recall score (200)
WARNING:src.hipporag.evaluation.retrieval_eval:Length of retrieved docs (100) is smaller than largest topk for recall score (200)
WARNING:src.hipporag.evaluation.retrieval_eval:Length of retrieved docs (100) is smaller than largest topk for recall score (200)
WARNING:src.hipporag.evaluation.retrieval_eval:Length of retrieved docs (100) is smaller than largest topk for recall score (200)
WARNING:src.hipporag.evaluation.retrieval_eval:Length of retrieved docs (100) is smaller than largest topk for recall score (200)
WARNING:src.hipporag.evaluation.retrieval_eval:Length of retrieved docs (100) is smaller than largest topk for recall score (200)
WARNING:src.hipporag.evaluation.retrieval_eval:Length of retrieved docs (100) is smaller than largest topk for recall score (200)
WARNING:src.hipporag.evaluation.retrieval_eval:Length of retrieved docs (100) is smaller than largest topk for recall score (200)
WARNING:src.hipporag.evaluation.retrieval_eval:Length of retrieved docs (100) is smaller than largest topk for recall score (200)
WARNING:src.hipporag.evaluation.retrieval_eval:Length of retrieved docs (100) is smaller than largest topk for recall score (200)
WARNING:src.hipporag.evaluation.retrieval_eval:Length of retrieved docs (100) is smaller than largest topk for recall score (200)
WARNING:src.hipporag.evaluation.retrieval_eval:Length of retrieved docs (100) is smaller than largest topk for recall score (200)
WARNING:src.hipporag.evaluation.retrieval_eval:Length of retrieved docs (100) is smaller than largest topk for recall score (200)
WARNING:src.hipporag.evaluation.retrieval_eval:Length of retrieved docs (100) is smaller than largest topk for recall score (200)
WARNING:src.hipporag.evaluation.retrieval_eval:Length of retrieved docs (100) is smaller than largest topk for recall score (200)
WARNING:src.hipporag.evaluation.retrieval_eval:Length of retrieved docs (100) is smaller than largest topk for recall score (200)
WARNING:src.hipporag.evaluation.retrieval_eval:Length of retrieved docs (100) is smaller than largest topk for recall score (200)
WARNING:src.hipporag.evaluation.retrieval_eval:Length of retrieved docs (100) is smaller than largest topk for recall score (200)
WARNING:src.hipporag.evaluation.retrieval_eval:Length of retrieved docs (100) is smaller than largest topk for recall score (200)
WARNING:src.hipporag.evaluation.retrieval_eval:Length of retrieved docs (100) is smaller than largest topk for recall score (200)
WARNING:src.hipporag.evaluation.retrieval_eval:Length of retrieved docs (100) is smaller than largest topk for recall score (200)
WARNING:src.hipporag.evaluation.retrieval_eval:Length of retrieved docs (100) is smaller than largest topk for recall score (200)
WARNING:src.hipporag.evaluation.retrieval_eval:Length of retrieved docs (100) is smaller than largest topk for recall score (200)
WARNING:src.hipporag.evaluation.retrieval_eval:Length of retrieved docs (100) is smaller than largest topk for recall score (200)
WARNING:src.hipporag.evaluation.retrieval_eval:Length of retrieved docs (100) is smaller than largest topk for recall score (200)
WARNING:src.hipporag.evaluation.retrieval_eval:Length of retrieved docs (100) is smaller than largest topk for recall score (200)
WARNING:src.hipporag.evaluation.retrieval_eval:Length of retrieved docs (100) is smaller than largest topk for recall score (200)
WARNING:src.hipporag.evaluation.retrieval_eval:Length of retrieved docs (100) is smaller than largest topk for recall score (200)
WARNING:src.hipporag.evaluation.retrieval_eval:Length of retrieved docs (100) is smaller than largest topk for recall score (200)
WARNING:src.hipporag.evaluation.retrieval_eval:Length of retrieved docs (100) is smaller than largest topk for recall score (200)
WARNING:src.hipporag.evaluation.retrieval_eval:Length of retrieved docs (100) is smaller than largest topk for recall score (200)
WARNING:src.hipporag.evaluation.retrieval_eval:Length of retrieved docs (100) is smaller than largest topk for recall score (200)
WARNING:src.hipporag.evaluation.retrieval_eval:Length of retrieved docs (100) is smaller than largest topk for recall score (200)
WARNING:src.hipporag.evaluation.retrieval_eval:Length of retrieved docs (100) is smaller than largest topk for recall score (200)
WARNING:src.hipporag.evaluation.retrieval_eval:Length of retrieved docs (100) is smaller than largest topk for recall score (200)
WARNING:src.hipporag.evaluation.retrieval_eval:Length of retrieved docs (100) is smaller than largest topk for recall score (200)
WARNING:src.hipporag.evaluation.retrieval_eval:Length of retrieved docs (100) is smaller than largest topk for recall score (200)
WARNING:src.hipporag.evaluation.retrieval_eval:Length of retrieved docs (100) is smaller than largest topk for recall score (200)
WARNING:src.hipporag.evaluation.retrieval_eval:Length of retrieved docs (100) is smaller than largest topk for recall score (200)
WARNING:src.hipporag.evaluation.retrieval_eval:Length of retrieved docs (100) is smaller than largest topk for recall score (200)
WARNING:src.hipporag.evaluation.retrieval_eval:Length of retrieved docs (100) is smaller than largest topk for recall score (200)
WARNING:src.hipporag.evaluation.retrieval_eval:Length of retrieved docs (100) is smaller than largest topk for recall score (200)
WARNING:src.hipporag.evaluation.retrieval_eval:Length of retrieved docs (100) is smaller than largest topk for recall score (200)
WARNING:src.hipporag.evaluation.retrieval_eval:Length of retrieved docs (100) is smaller than largest topk for recall score (200)
WARNING:src.hipporag.evaluation.retrieval_eval:Length of retrieved docs (100) is smaller than largest topk for recall score (200)
WARNING:src.hipporag.evaluation.retrieval_eval:Length of retrieved docs (100) is smaller than largest topk for recall score (200)
WARNING:src.hipporag.evaluation.retrieval_eval:Length of retrieved docs (100) is smaller than largest topk for recall score (200)
WARNING:src.hipporag.evaluation.retrieval_eval:Length of retrieved docs (100) is smaller than largest topk for recall score (200)
WARNING:src.hipporag.evaluation.retrieval_eval:Length of retrieved docs (100) is smaller than largest topk for recall score (200)
WARNING:src.hipporag.evaluation.retrieval_eval:Length of retrieved docs (100) is smaller than largest topk for recall score (200)
WARNING:src.hipporag.evaluation.retrieval_eval:Length of retrieved docs (100) is smaller than largest topk for recall score (200)
WARNING:src.hipporag.evaluation.retrieval_eval:Length of retrieved docs (100) is smaller than largest topk for recall score (200)
WARNING:src.hipporag.evaluation.retrieval_eval:Length of retrieved docs (100) is smaller than largest topk for recall score (200)
WARNING:src.hipporag.evaluation.retrieval_eval:Length of retrieved docs (100) is smaller than largest topk for recall score (200)
WARNING:src.hipporag.evaluation.retrieval_eval:Length of retrieved docs (100) is smaller than largest topk for recall score (200)
WARNING:src.hipporag.evaluation.retrieval_eval:Length of retrieved docs (100) is smaller than largest topk for recall score (200)
WARNING:src.hipporag.evaluation.retrieval_eval:Length of retrieved docs (100) is smaller than largest topk for recall score (200)
WARNING:src.hipporag.evaluation.retrieval_eval:Length of retrieved docs (100) is smaller than largest topk for recall score (200)
WARNING:src.hipporag.evaluation.retrieval_eval:Length of retrieved docs (100) is smaller than largest topk for recall score (200)
WARNING:src.hipporag.evaluation.retrieval_eval:Length of retrieved docs (100) is smaller than largest topk for recall score (200)
WARNING:src.hipporag.evaluation.retrieval_eval:Length of retrieved docs (100) is smaller than largest topk for recall score (200)
WARNING:src.hipporag.evaluation.retrieval_eval:Length of retrieved docs (100) is smaller than largest topk for recall score (200)
WARNING:src.hipporag.evaluation.retrieval_eval:Length of retrieved docs (100) is smaller than largest topk for recall score (200)
WARNING:src.hipporag.evaluation.retrieval_eval:Length of retrieved docs (100) is smaller than largest topk for recall score (200)
WARNING:src.hipporag.evaluation.retrieval_eval:Length of retrieved docs (100) is smaller than largest topk for recall score (200)
WARNING:src.hipporag.evaluation.retrieval_eval:Length of retrieved docs (100) is smaller than largest topk for recall score (200)
WARNING:src.hipporag.evaluation.retrieval_eval:Length of retrieved docs (100) is smaller than largest topk for recall score (200)
WARNING:src.hipporag.evaluation.retrieval_eval:Length of retrieved docs (100) is smaller than largest topk for recall score (200)
WARNING:src.hipporag.evaluation.retrieval_eval:Length of retrieved docs (100) is smaller than largest topk for recall score (200)
WARNING:src.hipporag.evaluation.retrieval_eval:Length of retrieved docs (100) is smaller than largest topk for recall score (200)
WARNING:src.hipporag.evaluation.retrieval_eval:Length of retrieved docs (100) is smaller than largest topk for recall score (200)
WARNING:src.hipporag.evaluation.retrieval_eval:Length of retrieved docs (100) is smaller than largest topk for recall score (200)
WARNING:src.hipporag.evaluation.retrieval_eval:Length of retrieved docs (100) is smaller than largest topk for recall score (200)
WARNING:src.hipporag.evaluation.retrieval_eval:Length of retrieved docs (100) is smaller than largest topk for recall score (200)
WARNING:src.hipporag.evaluation.retrieval_eval:Length of retrieved docs (100) is smaller than largest topk for recall score (200)
WARNING:src.hipporag.evaluation.retrieval_eval:Length of retrieved docs (100) is smaller than largest topk for recall score (200)
WARNING:src.hipporag.evaluation.retrieval_eval:Length of retrieved docs (100) is smaller than largest topk for recall score (200)
WARNING:src.hipporag.evaluation.retrieval_eval:Length of retrieved docs (100) is smaller than largest topk for recall score (200)
WARNING:src.hipporag.evaluation.retrieval_eval:Length of retrieved docs (100) is smaller than largest topk for recall score (200)
WARNING:src.hipporag.evaluation.retrieval_eval:Length of retrieved docs (100) is smaller than largest topk for recall score (200)
WARNING:src.hipporag.evaluation.retrieval_eval:Length of retrieved docs (100) is smaller than largest topk for recall score (200)
WARNING:src.hipporag.evaluation.retrieval_eval:Length of retrieved docs (100) is smaller than largest topk for recall score (200)
WARNING:src.hipporag.evaluation.retrieval_eval:Length of retrieved docs (100) is smaller than largest topk for recall score (200)
WARNING:src.hipporag.evaluation.retrieval_eval:Length of retrieved docs (100) is smaller than largest topk for recall score (200)
WARNING:src.hipporag.evaluation.retrieval_eval:Length of retrieved docs (100) is smaller than largest topk for recall score (200)
WARNING:src.hipporag.evaluation.retrieval_eval:Length of retrieved docs (100) is smaller than largest topk for recall score (200)
WARNING:src.hipporag.evaluation.retrieval_eval:Length of retrieved docs (100) is smaller than largest topk for recall score (200)
WARNING:src.hipporag.evaluation.retrieval_eval:Length of retrieved docs (100) is smaller than largest topk for recall score (200)
WARNING:src.hipporag.evaluation.retrieval_eval:Length of retrieved docs (100) is smaller than largest topk for recall score (200)
WARNING:src.hipporag.evaluation.retrieval_eval:Length of retrieved docs (100) is smaller than largest topk for recall score (200)
WARNING:src.hipporag.evaluation.retrieval_eval:Length of retrieved docs (100) is smaller than largest topk for recall score (200)
WARNING:src.hipporag.evaluation.retrieval_eval:Length of retrieved docs (100) is smaller than largest topk for recall score (200)
WARNING:src.hipporag.evaluation.retrieval_eval:Length of retrieved docs (100) is smaller than largest topk for recall score (200)
WARNING:src.hipporag.evaluation.retrieval_eval:Length of retrieved docs (100) is smaller than largest topk for recall score (200)
WARNING:src.hipporag.evaluation.retrieval_eval:Length of retrieved docs (100) is smaller than largest topk for recall score (200)
WARNING:src.hipporag.evaluation.retrieval_eval:Length of retrieved docs (100) is smaller than largest topk for recall score (200)
WARNING:src.hipporag.evaluation.retrieval_eval:Length of retrieved docs (100) is smaller than largest topk for recall score (200)
WARNING:src.hipporag.evaluation.retrieval_eval:Length of retrieved docs (100) is smaller than largest topk for recall score (200)
WARNING:src.hipporag.evaluation.retrieval_eval:Length of retrieved docs (100) is smaller than largest topk for recall score (200)
WARNING:src.hipporag.evaluation.retrieval_eval:Length of retrieved docs (100) is smaller than largest topk for recall score (200)
WARNING:src.hipporag.evaluation.retrieval_eval:Length of retrieved docs (100) is smaller than largest topk for recall score (200)
WARNING:src.hipporag.evaluation.retrieval_eval:Length of retrieved docs (100) is smaller than largest topk for recall score (200)
WARNING:src.hipporag.evaluation.retrieval_eval:Length of retrieved docs (100) is smaller than largest topk for recall score (200)
WARNING:src.hipporag.evaluation.retrieval_eval:Length of retrieved docs (100) is smaller than largest topk for recall score (200)
WARNING:src.hipporag.evaluation.retrieval_eval:Length of retrieved docs (100) is smaller than largest topk for recall score (200)
WARNING:src.hipporag.evaluation.retrieval_eval:Length of retrieved docs (100) is smaller than largest topk for recall score (200)
WARNING:src.hipporag.evaluation.retrieval_eval:Length of retrieved docs (100) is smaller than largest topk for recall score (200)
WARNING:src.hipporag.evaluation.retrieval_eval:Length of retrieved docs (100) is smaller than largest topk for recall score (200)
WARNING:src.hipporag.evaluation.retrieval_eval:Length of retrieved docs (100) is smaller than largest topk for recall score (200)
WARNING:src.hipporag.evaluation.retrieval_eval:Length of retrieved docs (100) is smaller than largest topk for recall score (200)
WARNING:src.hipporag.evaluation.retrieval_eval:Length of retrieved docs (100) is smaller than largest topk for recall score (200)
WARNING:src.hipporag.evaluation.retrieval_eval:Length of retrieved docs (100) is smaller than largest topk for recall score (200)
WARNING:src.hipporag.evaluation.retrieval_eval:Length of retrieved docs (100) is smaller than largest topk for recall score (200)
WARNING:src.hipporag.evaluation.retrieval_eval:Length of retrieved docs (100) is smaller than largest topk for recall score (200)
WARNING:src.hipporag.evaluation.retrieval_eval:Length of retrieved docs (100) is smaller than largest topk for recall score (200)
WARNING:src.hipporag.evaluation.retrieval_eval:Length of retrieved docs (100) is smaller than largest topk for recall score (200)
WARNING:src.hipporag.evaluation.retrieval_eval:Length of retrieved docs (100) is smaller than largest topk for recall score (200)
WARNING:src.hipporag.evaluation.retrieval_eval:Length of retrieved docs (100) is smaller than largest topk for recall score (200)
WARNING:src.hipporag.evaluation.retrieval_eval:Length of retrieved docs (100) is smaller than largest topk for recall score (200)
WARNING:src.hipporag.evaluation.retrieval_eval:Length of retrieved docs (100) is smaller than largest topk for recall score (200)
WARNING:src.hipporag.evaluation.retrieval_eval:Length of retrieved docs (100) is smaller than largest topk for recall score (200)
WARNING:src.hipporag.evaluation.retrieval_eval:Length of retrieved docs (100) is smaller than largest topk for recall score (200)
WARNING:src.hipporag.evaluation.retrieval_eval:Length of retrieved docs (100) is smaller than largest topk for recall score (200)
WARNING:src.hipporag.evaluation.retrieval_eval:Length of retrieved docs (100) is smaller than largest topk for recall score (200)
WARNING:src.hipporag.evaluation.retrieval_eval:Length of retrieved docs (100) is smaller than largest topk for recall score (200)
WARNING:src.hipporag.evaluation.retrieval_eval:Length of retrieved docs (100) is smaller than largest topk for recall score (200)
WARNING:src.hipporag.evaluation.retrieval_eval:Length of retrieved docs (100) is smaller than largest topk for recall score (200)
WARNING:src.hipporag.evaluation.retrieval_eval:Length of retrieved docs (100) is smaller than largest topk for recall score (200)
WARNING:src.hipporag.evaluation.retrieval_eval:Length of retrieved docs (100) is smaller than largest topk for recall score (200)
WARNING:src.hipporag.evaluation.retrieval_eval:Length of retrieved docs (100) is smaller than largest topk for recall score (200)
WARNING:src.hipporag.evaluation.retrieval_eval:Length of retrieved docs (100) is smaller than largest topk for recall score (200)
WARNING:src.hipporag.evaluation.retrieval_eval:Length of retrieved docs (100) is smaller than largest topk for recall score (200)
WARNING:src.hipporag.evaluation.retrieval_eval:Length of retrieved docs (100) is smaller than largest topk for recall score (200)
WARNING:src.hipporag.evaluation.retrieval_eval:Length of retrieved docs (100) is smaller than largest topk for recall score (200)
WARNING:src.hipporag.evaluation.retrieval_eval:Length of retrieved docs (100) is smaller than largest topk for recall score (200)
WARNING:src.hipporag.evaluation.retrieval_eval:Length of retrieved docs (100) is smaller than largest topk for recall score (200)
WARNING:src.hipporag.evaluation.retrieval_eval:Length of retrieved docs (100) is smaller than largest topk for recall score (200)
WARNING:src.hipporag.evaluation.retrieval_eval:Length of retrieved docs (100) is smaller than largest topk for recall score (200)
WARNING:src.hipporag.evaluation.retrieval_eval:Length of retrieved docs (100) is smaller than largest topk for recall score (200)
WARNING:src.hipporag.evaluation.retrieval_eval:Length of retrieved docs (100) is smaller than largest topk for recall score (200)
WARNING:src.hipporag.evaluation.retrieval_eval:Length of retrieved docs (100) is smaller than largest topk for recall score (200)
WARNING:src.hipporag.evaluation.retrieval_eval:Length of retrieved docs (100) is smaller than largest topk for recall score (200)
WARNING:src.hipporag.evaluation.retrieval_eval:Length of retrieved docs (100) is smaller than largest topk for recall score (200)
WARNING:src.hipporag.evaluation.retrieval_eval:Length of retrieved docs (100) is smaller than largest topk for recall score (200)
WARNING:src.hipporag.evaluation.retrieval_eval:Length of retrieved docs (100) is smaller than largest topk for recall score (200)
WARNING:src.hipporag.evaluation.retrieval_eval:Length of retrieved docs (100) is smaller than largest topk for recall score (200)
WARNING:src.hipporag.evaluation.retrieval_eval:Length of retrieved docs (100) is smaller than largest topk for recall score (200)
WARNING:src.hipporag.evaluation.retrieval_eval:Length of retrieved docs (100) is smaller than largest topk for recall score (200)
WARNING:src.hipporag.evaluation.retrieval_eval:Length of retrieved docs (100) is smaller than largest topk for recall score (200)
WARNING:src.hipporag.evaluation.retrieval_eval:Length of retrieved docs (100) is smaller than largest topk for recall score (200)
WARNING:src.hipporag.evaluation.retrieval_eval:Length of retrieved docs (100) is smaller than largest topk for recall score (200)
WARNING:src.hipporag.evaluation.retrieval_eval:Length of retrieved docs (100) is smaller than largest topk for recall score (200)
WARNING:src.hipporag.evaluation.retrieval_eval:Length of retrieved docs (100) is smaller than largest topk for recall score (200)
WARNING:src.hipporag.evaluation.retrieval_eval:Length of retrieved docs (100) is smaller than largest topk for recall score (200)
WARNING:src.hipporag.evaluation.retrieval_eval:Length of retrieved docs (100) is smaller than largest topk for recall score (200)
WARNING:src.hipporag.evaluation.retrieval_eval:Length of retrieved docs (100) is smaller than largest topk for recall score (200)
WARNING:src.hipporag.evaluation.retrieval_eval:Length of retrieved docs (100) is smaller than largest topk for recall score (200)
WARNING:src.hipporag.evaluation.retrieval_eval:Length of retrieved docs (100) is smaller than largest topk for recall score (200)
WARNING:src.hipporag.evaluation.retrieval_eval:Length of retrieved docs (100) is smaller than largest topk for recall score (200)
WARNING:src.hipporag.evaluation.retrieval_eval:Length of retrieved docs (100) is smaller than largest topk for recall score (200)
WARNING:src.hipporag.evaluation.retrieval_eval:Length of retrieved docs (100) is smaller than largest topk for recall score (200)
WARNING:src.hipporag.evaluation.retrieval_eval:Length of retrieved docs (100) is smaller than largest topk for recall score (200)
WARNING:src.hipporag.evaluation.retrieval_eval:Length of retrieved docs (100) is smaller than largest topk for recall score (200)
WARNING:src.hipporag.evaluation.retrieval_eval:Length of retrieved docs (100) is smaller than largest topk for recall score (200)
WARNING:src.hipporag.evaluation.retrieval_eval:Length of retrieved docs (100) is smaller than largest topk for recall score (200)
WARNING:src.hipporag.evaluation.retrieval_eval:Length of retrieved docs (100) is smaller than largest topk for recall score (200)
WARNING:src.hipporag.evaluation.retrieval_eval:Length of retrieved docs (100) is smaller than largest topk for recall score (200)
WARNING:src.hipporag.evaluation.retrieval_eval:Length of retrieved docs (100) is smaller than largest topk for recall score (200)
WARNING:src.hipporag.evaluation.retrieval_eval:Length of retrieved docs (100) is smaller than largest topk for recall score (200)
WARNING:src.hipporag.evaluation.retrieval_eval:Length of retrieved docs (100) is smaller than largest topk for recall score (200)
WARNING:src.hipporag.evaluation.retrieval_eval:Length of retrieved docs (100) is smaller than largest topk for recall score (200)
WARNING:src.hipporag.evaluation.retrieval_eval:Length of retrieved docs (100) is smaller than largest topk for recall score (200)
WARNING:src.hipporag.evaluation.retrieval_eval:Length of retrieved docs (100) is smaller than largest topk for recall score (200)
WARNING:src.hipporag.evaluation.retrieval_eval:Length of retrieved docs (100) is smaller than largest topk for recall score (200)
WARNING:src.hipporag.evaluation.retrieval_eval:Length of retrieved docs (100) is smaller than largest topk for recall score (200)
WARNING:src.hipporag.evaluation.retrieval_eval:Length of retrieved docs (100) is smaller than largest topk for recall score (200)
WARNING:src.hipporag.evaluation.retrieval_eval:Length of retrieved docs (100) is smaller than largest topk for recall score (200)
WARNING:src.hipporag.evaluation.retrieval_eval:Length of retrieved docs (100) is smaller than largest topk for recall score (200)
WARNING:src.hipporag.evaluation.retrieval_eval:Length of retrieved docs (100) is smaller than largest topk for recall score (200)
WARNING:src.hipporag.evaluation.retrieval_eval:Length of retrieved docs (100) is smaller than largest topk for recall score (200)
WARNING:src.hipporag.evaluation.retrieval_eval:Length of retrieved docs (100) is smaller than largest topk for recall score (200)
WARNING:src.hipporag.evaluation.retrieval_eval:Length of retrieved docs (100) is smaller than largest topk for recall score (200)
WARNING:src.hipporag.evaluation.retrieval_eval:Length of retrieved docs (100) is smaller than largest topk for recall score (200)
WARNING:src.hipporag.evaluation.retrieval_eval:Length of retrieved docs (100) is smaller than largest topk for recall score (200)
WARNING:src.hipporag.evaluation.retrieval_eval:Length of retrieved docs (100) is smaller than largest topk for recall score (200)
WARNING:src.hipporag.evaluation.retrieval_eval:Length of retrieved docs (100) is smaller than largest topk for recall score (200)
WARNING:src.hipporag.evaluation.retrieval_eval:Length of retrieved docs (100) is smaller than largest topk for recall score (200)
WARNING:src.hipporag.evaluation.retrieval_eval:Length of retrieved docs (100) is smaller than largest topk for recall score (200)
WARNING:src.hipporag.evaluation.retrieval_eval:Length of retrieved docs (100) is smaller than largest topk for recall score (200)
WARNING:src.hipporag.evaluation.retrieval_eval:Length of retrieved docs (100) is smaller than largest topk for recall score (200)
WARNING:src.hipporag.evaluation.retrieval_eval:Length of retrieved docs (100) is smaller than largest topk for recall score (200)
WARNING:src.hipporag.evaluation.retrieval_eval:Length of retrieved docs (100) is smaller than largest topk for recall score (200)
WARNING:src.hipporag.evaluation.retrieval_eval:Length of retrieved docs (100) is smaller than largest topk for recall score (200)
WARNING:src.hipporag.evaluation.retrieval_eval:Length of retrieved docs (100) is smaller than largest topk for recall score (200)
WARNING:src.hipporag.evaluation.retrieval_eval:Length of retrieved docs (100) is smaller than largest topk for recall score (200)
WARNING:src.hipporag.evaluation.retrieval_eval:Length of retrieved docs (100) is smaller than largest topk for recall score (200)
WARNING:src.hipporag.evaluation.retrieval_eval:Length of retrieved docs (100) is smaller than largest topk for recall score (200)
WARNING:src.hipporag.evaluation.retrieval_eval:Length of retrieved docs (100) is smaller than largest topk for recall score (200)
WARNING:src.hipporag.evaluation.retrieval_eval:Length of retrieved docs (100) is smaller than largest topk for recall score (200)
WARNING:src.hipporag.evaluation.retrieval_eval:Length of retrieved docs (100) is smaller than largest topk for recall score (200)
WARNING:src.hipporag.evaluation.retrieval_eval:Length of retrieved docs (100) is smaller than largest topk for recall score (200)
WARNING:src.hipporag.evaluation.retrieval_eval:Length of retrieved docs (100) is smaller than largest topk for recall score (200)
WARNING:src.hipporag.evaluation.retrieval_eval:Length of retrieved docs (100) is smaller than largest topk for recall score (200)
WARNING:src.hipporag.evaluation.retrieval_eval:Length of retrieved docs (100) is smaller than largest topk for recall score (200)
WARNING:src.hipporag.evaluation.retrieval_eval:Length of retrieved docs (100) is smaller than largest topk for recall score (200)
WARNING:src.hipporag.evaluation.retrieval_eval:Length of retrieved docs (100) is smaller than largest topk for recall score (200)
WARNING:src.hipporag.evaluation.retrieval_eval:Length of retrieved docs (100) is smaller than largest topk for recall score (200)
WARNING:src.hipporag.evaluation.retrieval_eval:Length of retrieved docs (100) is smaller than largest topk for recall score (200)
WARNING:src.hipporag.evaluation.retrieval_eval:Length of retrieved docs (100) is smaller than largest topk for recall score (200)
WARNING:src.hipporag.evaluation.retrieval_eval:Length of retrieved docs (100) is smaller than largest topk for recall score (200)
WARNING:src.hipporag.evaluation.retrieval_eval:Length of retrieved docs (100) is smaller than largest topk for recall score (200)
WARNING:src.hipporag.evaluation.retrieval_eval:Length of retrieved docs (100) is smaller than largest topk for recall score (200)
WARNING:src.hipporag.evaluation.retrieval_eval:Length of retrieved docs (100) is smaller than largest topk for recall score (200)
WARNING:src.hipporag.evaluation.retrieval_eval:Length of retrieved docs (100) is smaller than largest topk for recall score (200)
WARNING:src.hipporag.evaluation.retrieval_eval:Length of retrieved docs (100) is smaller than largest topk for recall score (200)
WARNING:src.hipporag.evaluation.retrieval_eval:Length of retrieved docs (100) is smaller than largest topk for recall score (200)
WARNING:src.hipporag.evaluation.retrieval_eval:Length of retrieved docs (100) is smaller than largest topk for recall score (200)
WARNING:src.hipporag.evaluation.retrieval_eval:Length of retrieved docs (100) is smaller than largest topk for recall score (200)
WARNING:src.hipporag.evaluation.retrieval_eval:Length of retrieved docs (100) is smaller than largest topk for recall score (200)
WARNING:src.hipporag.evaluation.retrieval_eval:Length of retrieved docs (100) is smaller than largest topk for recall score (200)
WARNING:src.hipporag.evaluation.retrieval_eval:Length of retrieved docs (100) is smaller than largest topk for recall score (200)
WARNING:src.hipporag.evaluation.retrieval_eval:Length of retrieved docs (100) is smaller than largest topk for recall score (200)
WARNING:src.hipporag.evaluation.retrieval_eval:Length of retrieved docs (100) is smaller than largest topk for recall score (200)
WARNING:src.hipporag.evaluation.retrieval_eval:Length of retrieved docs (100) is smaller than largest topk for recall score (200)
WARNING:src.hipporag.evaluation.retrieval_eval:Length of retrieved docs (100) is smaller than largest topk for recall score (200)
WARNING:src.hipporag.evaluation.retrieval_eval:Length of retrieved docs (100) is smaller than largest topk for recall score (200)
WARNING:src.hipporag.evaluation.retrieval_eval:Length of retrieved docs (100) is smaller than largest topk for recall score (200)
WARNING:src.hipporag.evaluation.retrieval_eval:Length of retrieved docs (100) is smaller than largest topk for recall score (200)
WARNING:src.hipporag.evaluation.retrieval_eval:Length of retrieved docs (100) is smaller than largest topk for recall score (200)
WARNING:src.hipporag.evaluation.retrieval_eval:Length of retrieved docs (100) is smaller than largest topk for recall score (200)
WARNING:src.hipporag.evaluation.retrieval_eval:Length of retrieved docs (100) is smaller than largest topk for recall score (200)
WARNING:src.hipporag.evaluation.retrieval_eval:Length of retrieved docs (100) is smaller than largest topk for recall score (200)
WARNING:src.hipporag.evaluation.retrieval_eval:Length of retrieved docs (100) is smaller than largest topk for recall score (200)
WARNING:src.hipporag.evaluation.retrieval_eval:Length of retrieved docs (100) is smaller than largest topk for recall score (200)
WARNING:src.hipporag.evaluation.retrieval_eval:Length of retrieved docs (100) is smaller than largest topk for recall score (200)
WARNING:src.hipporag.evaluation.retrieval_eval:Length of retrieved docs (100) is smaller than largest topk for recall score (200)
WARNING:src.hipporag.evaluation.retrieval_eval:Length of retrieved docs (100) is smaller than largest topk for recall score (200)
WARNING:src.hipporag.evaluation.retrieval_eval:Length of retrieved docs (100) is smaller than largest topk for recall score (200)
WARNING:src.hipporag.evaluation.retrieval_eval:Length of retrieved docs (100) is smaller than largest topk for recall score (200)
WARNING:src.hipporag.evaluation.retrieval_eval:Length of retrieved docs (100) is smaller than largest topk for recall score (200)
WARNING:src.hipporag.evaluation.retrieval_eval:Length of retrieved docs (100) is smaller than largest topk for recall score (200)
WARNING:src.hipporag.evaluation.retrieval_eval:Length of retrieved docs (100) is smaller than largest topk for recall score (200)
WARNING:src.hipporag.evaluation.retrieval_eval:Length of retrieved docs (100) is smaller than largest topk for recall score (200)
WARNING:src.hipporag.evaluation.retrieval_eval:Length of retrieved docs (100) is smaller than largest topk for recall score (200)
WARNING:src.hipporag.evaluation.retrieval_eval:Length of retrieved docs (100) is smaller than largest topk for recall score (200)
WARNING:src.hipporag.evaluation.retrieval_eval:Length of retrieved docs (100) is smaller than largest topk for recall score (200)
WARNING:src.hipporag.evaluation.retrieval_eval:Length of retrieved docs (100) is smaller than largest topk for recall score (200)
WARNING:src.hipporag.evaluation.retrieval_eval:Length of retrieved docs (100) is smaller than largest topk for recall score (200)
WARNING:src.hipporag.evaluation.retrieval_eval:Length of retrieved docs (100) is smaller than largest topk for recall score (200)
WARNING:src.hipporag.evaluation.retrieval_eval:Length of retrieved docs (100) is smaller than largest topk for recall score (200)
WARNING:src.hipporag.evaluation.retrieval_eval:Length of retrieved docs (100) is smaller than largest topk for recall score (200)
WARNING:src.hipporag.evaluation.retrieval_eval:Length of retrieved docs (100) is smaller than largest topk for recall score (200)
WARNING:src.hipporag.evaluation.retrieval_eval:Length of retrieved docs (100) is smaller than largest topk for recall score (200)
WARNING:src.hipporag.evaluation.retrieval_eval:Length of retrieved docs (100) is smaller than largest topk for recall score (200)
WARNING:src.hipporag.evaluation.retrieval_eval:Length of retrieved docs (100) is smaller than largest topk for recall score (200)
WARNING:src.hipporag.evaluation.retrieval_eval:Length of retrieved docs (100) is smaller than largest topk for recall score (200)
WARNING:src.hipporag.evaluation.retrieval_eval:Length of retrieved docs (100) is smaller than largest topk for recall score (200)
WARNING:src.hipporag.evaluation.retrieval_eval:Length of retrieved docs (100) is smaller than largest topk for recall score (200)
WARNING:src.hipporag.evaluation.retrieval_eval:Length of retrieved docs (100) is smaller than largest topk for recall score (200)
WARNING:src.hipporag.evaluation.retrieval_eval:Length of retrieved docs (100) is smaller than largest topk for recall score (200)
WARNING:src.hipporag.evaluation.retrieval_eval:Length of retrieved docs (100) is smaller than largest topk for recall score (200)
WARNING:src.hipporag.evaluation.retrieval_eval:Length of retrieved docs (100) is smaller than largest topk for recall score (200)
WARNING:src.hipporag.evaluation.retrieval_eval:Length of retrieved docs (100) is smaller than largest topk for recall score (200)
WARNING:src.hipporag.evaluation.retrieval_eval:Length of retrieved docs (100) is smaller than largest topk for recall score (200)
WARNING:src.hipporag.evaluation.retrieval_eval:Length of retrieved docs (100) is smaller than largest topk for recall score (200)
WARNING:src.hipporag.evaluation.retrieval_eval:Length of retrieved docs (100) is smaller than largest topk for recall score (200)
WARNING:src.hipporag.evaluation.retrieval_eval:Length of retrieved docs (100) is smaller than largest topk for recall score (200)
WARNING:src.hipporag.evaluation.retrieval_eval:Length of retrieved docs (100) is smaller than largest topk for recall score (200)
WARNING:src.hipporag.evaluation.retrieval_eval:Length of retrieved docs (100) is smaller than largest topk for recall score (200)
WARNING:src.hipporag.evaluation.retrieval_eval:Length of retrieved docs (100) is smaller than largest topk for recall score (200)
WARNING:src.hipporag.evaluation.retrieval_eval:Length of retrieved docs (100) is smaller than largest topk for recall score (200)
WARNING:src.hipporag.evaluation.retrieval_eval:Length of retrieved docs (100) is smaller than largest topk for recall score (200)
WARNING:src.hipporag.evaluation.retrieval_eval:Length of retrieved docs (100) is smaller than largest topk for recall score (200)
WARNING:src.hipporag.evaluation.retrieval_eval:Length of retrieved docs (100) is smaller than largest topk for recall score (200)
WARNING:src.hipporag.evaluation.retrieval_eval:Length of retrieved docs (100) is smaller than largest topk for recall score (200)
WARNING:src.hipporag.evaluation.retrieval_eval:Length of retrieved docs (100) is smaller than largest topk for recall score (200)
WARNING:src.hipporag.evaluation.retrieval_eval:Length of retrieved docs (100) is smaller than largest topk for recall score (200)
WARNING:src.hipporag.evaluation.retrieval_eval:Length of retrieved docs (100) is smaller than largest topk for recall score (200)
WARNING:src.hipporag.evaluation.retrieval_eval:Length of retrieved docs (100) is smaller than largest topk for recall score (200)
WARNING:src.hipporag.evaluation.retrieval_eval:Length of retrieved docs (100) is smaller than largest topk for recall score (200)
WARNING:src.hipporag.evaluation.retrieval_eval:Length of retrieved docs (100) is smaller than largest topk for recall score (200)
WARNING:src.hipporag.evaluation.retrieval_eval:Length of retrieved docs (100) is smaller than largest topk for recall score (200)
WARNING:src.hipporag.evaluation.retrieval_eval:Length of retrieved docs (100) is smaller than largest topk for recall score (200)
WARNING:src.hipporag.evaluation.retrieval_eval:Length of retrieved docs (100) is smaller than largest topk for recall score (200)
WARNING:src.hipporag.evaluation.retrieval_eval:Length of retrieved docs (100) is smaller than largest topk for recall score (200)
WARNING:src.hipporag.evaluation.retrieval_eval:Length of retrieved docs (100) is smaller than largest topk for recall score (200)
WARNING:src.hipporag.evaluation.retrieval_eval:Length of retrieved docs (100) is smaller than largest topk for recall score (200)
WARNING:src.hipporag.evaluation.retrieval_eval:Length of retrieved docs (100) is smaller than largest topk for recall score (200)
WARNING:src.hipporag.evaluation.retrieval_eval:Length of retrieved docs (100) is smaller than largest topk for recall score (200)
WARNING:src.hipporag.evaluation.retrieval_eval:Length of retrieved docs (100) is smaller than largest topk for recall score (200)
WARNING:src.hipporag.evaluation.retrieval_eval:Length of retrieved docs (100) is smaller than largest topk for recall score (200)
WARNING:src.hipporag.evaluation.retrieval_eval:Length of retrieved docs (100) is smaller than largest topk for recall score (200)
WARNING:src.hipporag.evaluation.retrieval_eval:Length of retrieved docs (100) is smaller than largest topk for recall score (200)
WARNING:src.hipporag.evaluation.retrieval_eval:Length of retrieved docs (100) is smaller than largest topk for recall score (200)
WARNING:src.hipporag.evaluation.retrieval_eval:Length of retrieved docs (100) is smaller than largest topk for recall score (200)
WARNING:src.hipporag.evaluation.retrieval_eval:Length of retrieved docs (100) is smaller than largest topk for recall score (200)
WARNING:src.hipporag.evaluation.retrieval_eval:Length of retrieved docs (100) is smaller than largest topk for recall score (200)
WARNING:src.hipporag.evaluation.retrieval_eval:Length of retrieved docs (100) is smaller than largest topk for recall score (200)
WARNING:src.hipporag.evaluation.retrieval_eval:Length of retrieved docs (100) is smaller than largest topk for recall score (200)
WARNING:src.hipporag.evaluation.retrieval_eval:Length of retrieved docs (100) is smaller than largest topk for recall score (200)
WARNING:src.hipporag.evaluation.retrieval_eval:Length of retrieved docs (100) is smaller than largest topk for recall score (200)
WARNING:src.hipporag.evaluation.retrieval_eval:Length of retrieved docs (100) is smaller than largest topk for recall score (200)
WARNING:src.hipporag.evaluation.retrieval_eval:Length of retrieved docs (100) is smaller than largest topk for recall score (200)
WARNING:src.hipporag.evaluation.retrieval_eval:Length of retrieved docs (100) is smaller than largest topk for recall score (200)
WARNING:src.hipporag.evaluation.retrieval_eval:Length of retrieved docs (100) is smaller than largest topk for recall score (200)
WARNING:src.hipporag.evaluation.retrieval_eval:Length of retrieved docs (100) is smaller than largest topk for recall score (200)
WARNING:src.hipporag.evaluation.retrieval_eval:Length of retrieved docs (100) is smaller than largest topk for recall score (200)
WARNING:src.hipporag.evaluation.retrieval_eval:Length of retrieved docs (100) is smaller than largest topk for recall score (200)
WARNING:src.hipporag.evaluation.retrieval_eval:Length of retrieved docs (100) is smaller than largest topk for recall score (200)
WARNING:src.hipporag.evaluation.retrieval_eval:Length of retrieved docs (100) is smaller than largest topk for recall score (200)
WARNING:src.hipporag.evaluation.retrieval_eval:Length of retrieved docs (100) is smaller than largest topk for recall score (200)
WARNING:src.hipporag.evaluation.retrieval_eval:Length of retrieved docs (100) is smaller than largest topk for recall score (200)
WARNING:src.hipporag.evaluation.retrieval_eval:Length of retrieved docs (100) is smaller than largest topk for recall score (200)
WARNING:src.hipporag.evaluation.retrieval_eval:Length of retrieved docs (100) is smaller than largest topk for recall score (200)
WARNING:src.hipporag.evaluation.retrieval_eval:Length of retrieved docs (100) is smaller than largest topk for recall score (200)
WARNING:src.hipporag.evaluation.retrieval_eval:Length of retrieved docs (100) is smaller than largest topk for recall score (200)
WARNING:src.hipporag.evaluation.retrieval_eval:Length of retrieved docs (100) is smaller than largest topk for recall score (200)
WARNING:src.hipporag.evaluation.retrieval_eval:Length of retrieved docs (100) is smaller than largest topk for recall score (200)
WARNING:src.hipporag.evaluation.retrieval_eval:Length of retrieved docs (100) is smaller than largest topk for recall score (200)
WARNING:src.hipporag.evaluation.retrieval_eval:Length of retrieved docs (100) is smaller than largest topk for recall score (200)
WARNING:src.hipporag.evaluation.retrieval_eval:Length of retrieved docs (100) is smaller than largest topk for recall score (200)
WARNING:src.hipporag.evaluation.retrieval_eval:Length of retrieved docs (100) is smaller than largest topk for recall score (200)
WARNING:src.hipporag.evaluation.retrieval_eval:Length of retrieved docs (100) is smaller than largest topk for recall score (200)
WARNING:src.hipporag.evaluation.retrieval_eval:Length of retrieved docs (100) is smaller than largest topk for recall score (200)
WARNING:src.hipporag.evaluation.retrieval_eval:Length of retrieved docs (100) is smaller than largest topk for recall score (200)
WARNING:src.hipporag.evaluation.retrieval_eval:Length of retrieved docs (100) is smaller than largest topk for recall score (200)
WARNING:src.hipporag.evaluation.retrieval_eval:Length of retrieved docs (100) is smaller than largest topk for recall score (200)
WARNING:src.hipporag.evaluation.retrieval_eval:Length of retrieved docs (100) is smaller than largest topk for recall score (200)
WARNING:src.hipporag.evaluation.retrieval_eval:Length of retrieved docs (100) is smaller than largest topk for recall score (200)
WARNING:src.hipporag.evaluation.retrieval_eval:Length of retrieved docs (100) is smaller than largest topk for recall score (200)
WARNING:src.hipporag.evaluation.retrieval_eval:Length of retrieved docs (100) is smaller than largest topk for recall score (200)
WARNING:src.hipporag.evaluation.retrieval_eval:Length of retrieved docs (100) is smaller than largest topk for recall score (200)
WARNING:src.hipporag.evaluation.retrieval_eval:Length of retrieved docs (100) is smaller than largest topk for recall score (200)
WARNING:src.hipporag.evaluation.retrieval_eval:Length of retrieved docs (100) is smaller than largest topk for recall score (200)
WARNING:src.hipporag.evaluation.retrieval_eval:Length of retrieved docs (100) is smaller than largest topk for recall score (200)
WARNING:src.hipporag.evaluation.retrieval_eval:Length of retrieved docs (100) is smaller than largest topk for recall score (200)
WARNING:src.hipporag.evaluation.retrieval_eval:Length of retrieved docs (100) is smaller than largest topk for recall score (200)
WARNING:src.hipporag.evaluation.retrieval_eval:Length of retrieved docs (100) is smaller than largest topk for recall score (200)
WARNING:src.hipporag.evaluation.retrieval_eval:Length of retrieved docs (100) is smaller than largest topk for recall score (200)
WARNING:src.hipporag.evaluation.retrieval_eval:Length of retrieved docs (100) is smaller than largest topk for recall score (200)
WARNING:src.hipporag.evaluation.retrieval_eval:Length of retrieved docs (100) is smaller than largest topk for recall score (200)
WARNING:src.hipporag.evaluation.retrieval_eval:Length of retrieved docs (100) is smaller than largest topk for recall score (200)
WARNING:src.hipporag.evaluation.retrieval_eval:Length of retrieved docs (100) is smaller than largest topk for recall score (200)
WARNING:src.hipporag.evaluation.retrieval_eval:Length of retrieved docs (100) is smaller than largest topk for recall score (200)
WARNING:src.hipporag.evaluation.retrieval_eval:Length of retrieved docs (100) is smaller than largest topk for recall score (200)
WARNING:src.hipporag.evaluation.retrieval_eval:Length of retrieved docs (100) is smaller than largest topk for recall score (200)
WARNING:src.hipporag.evaluation.retrieval_eval:Length of retrieved docs (100) is smaller than largest topk for recall score (200)
WARNING:src.hipporag.evaluation.retrieval_eval:Length of retrieved docs (100) is smaller than largest topk for recall score (200)
WARNING:src.hipporag.evaluation.retrieval_eval:Length of retrieved docs (100) is smaller than largest topk for recall score (200)
WARNING:src.hipporag.evaluation.retrieval_eval:Length of retrieved docs (100) is smaller than largest topk for recall score (200)
WARNING:src.hipporag.evaluation.retrieval_eval:Length of retrieved docs (100) is smaller than largest topk for recall score (200)
WARNING:src.hipporag.evaluation.retrieval_eval:Length of retrieved docs (100) is smaller than largest topk for recall score (200)
WARNING:src.hipporag.evaluation.retrieval_eval:Length of retrieved docs (100) is smaller than largest topk for recall score (200)
WARNING:src.hipporag.evaluation.retrieval_eval:Length of retrieved docs (100) is smaller than largest topk for recall score (200)
WARNING:src.hipporag.evaluation.retrieval_eval:Length of retrieved docs (100) is smaller than largest topk for recall score (200)
{
  "output_json": "run_logs/daec_noisyor_dense_pool100_2wiki_fixclean_full1000_20260428.json",
  "overall_recomputed": {
    "Recall@1": 0.416,
    "Recall@2": 0.6335,
    "Recall@5": 0.7238,
    "Recall@10": 0.767,
    "Recall@20": 0.799,
    "Recall@30": 0.8193,
    "Recall@50": 0.8423,
    "Recall@100": 0.877,
    "Recall@150": 0.877,
    "Recall@200": 0.877,
    "ExactMatch": 0.455,
    "F1": 0.4990797036297037,
    "num_queries": 1000
  },
  "causal_slice": {
    "Recall@1": 0.5,
    "Recall@2": 0.5,
    "Recall@5": 0.75,
    "Recall@10": 0.75,
    "Recall@20": 0.75,
    "Recall@30": 0.75,
    "Recall@50": 1.0,
    "Recall@100": 1.0,
    "Recall@150": 1.0,
    "Recall@200": 1.0,
    "ExactMatch": 0.0,
    "F1": 0.3333333333333333,
    "num_queries": 2
  },
  "nonempty_subgraph_slice": {
    "num_queries": 0
  },
  "v2_metrics": {},
  "setwise_selector_qa": {
    "selector": "daec_noisyor",
    "score_mode": "bridge",
    "pool_k": 100,
    "anchor_count": 2,
    "reserve_top_m": 2,
    "max_bridge_slots": 0,
    "structure_max_hops": 2,
    "base_weight": 0.25,
    "structure_weight": 0.6,
    "novelty_weight": 0.15,
    "non_anchor_title_dedup": false,
    "query_entity_source": "seed",
    "gate_mode": "none",
    "gate_min_structure_score": 0.15,
    "gate_min_combined_margin": 0.0,
    "gate_min_closure_score": 0.0,
    "gate_min_novelty_score": 0.0,
    "gate_min_frontier_gain": 0.0,
    "gate_min_path_coherence": 0.0,
    "gate_max_avg_local_structure": 0.95,
    "gate_min_suffix_base_mean": 0.15,
    "reader_order_probe_mode": "none",
    "beam_width": 4,
    "beam_expand_per_state": 4,
    "beam_projected_shortlist_factor": 1,
    "late_rerank_enabled": false,
    "late_rerank_candidate_count": 4,
    "late_rerank_include_baseline": true,
    "late_rerank_doc_char_limit": 280,
    "late_rerank_policy": "always",
    "late_rerank_max_state_score_gap": 0.0,
    "late_rerank_judge_backend": "inherit",
    "late_rerank_judge_model": "qwen3-8b-train",
    "late_rerank_judge_base_url": "http://localhost:8041/v1",
    "late_rerank_judge_reasoning_effort": null,
    "state_score_weights": {
      "path_connectivity": 0.3,
      "reachable_doc_ratio": 0.2,
      "query_reachability": 0.15,
      "support_mean": 0.05,
      "support_min": 0.05,
      "closure_mean": 0.1,
      "suffix_base_mean": 0.05,
      "query_coverage": 0.1,
      "frontier_ratio": 0.05,
      "redundancy_penalty": 0.1
    },
    "setwise_model_path": null,
    "setwise_requirement_cache_path": null,
    "setwise_requirement_mode": "oracle",
    "setwise_requirement_model_path": null,
    "setwise_requirement_reserve_policy": "fixed",
    "setwise_requirement_annotation_pool_k": 50,
    "setwise_requirement_smooth_tau": 0.15,
    "setwise_requirement_counterfactual_tau": 0.1,
    "setwise_requirement_live_annotation_pool_k": 0,
    "setwise_requirement_live_annotation_score_mode": "heuristic",
    "setwise_requirement_live_atomic_model_path": null,
    "setwise_requirement_live_source_expand_factor": 0,
    "setwise_requirement_exposure_watch_titles": [
      "Riverside Plaza",
      "Minneapolis",
      "Mississippi River",
      "The Right Stuff Records",
      "Sony Music"
    ],
    "setwise_requirement_probe_force_source_titles": [],
    "setwise_requirement_probe_force_shortlist_titles": [],
    "setwise_requirement_probe_force_final_titles": [],
    "setwise_requirement_probe_force_pool_gold_into_final": false,
    "setwise_requirement_probe_source_sort_mode": "combined",
    "setwise_requirement_probe_source_support_gain_weight": 0.0,
    "setwise_requirement_probe_shortlist_sort_mode": "margin_first",
    "setwise_requirement_probe_bridge_bonus_mode": "off",
    "setwise_requirement_probe_bridge_bonus_weight": 0.0,
    "selector_EM": 0.498,
    "selector_F1": 0.5541,
    "baseline_EM": 0.455,
    "baseline_F1": 0.4991,
    "EM_delta": 0.043,
    "F1_delta": 0.055,
    "selector_retrieval_metrics": {
      "Recall@1": 0.227,
      "Recall@2": 0.5523,
      "Recall@5": 0.7855,
      "Recall@10": 0.821,
      "Recall@20": 0.8353
    },
    "per_bucket": {
      "2_doc": {
        "count": 765,
        "baseline_EM": 0.4131,
        "selector_EM": 0.4706,
        "EM_delta": 0.0575,
        "baseline_F1": 0.4703,
        "selector_F1": 0.5432,
        "F1_delta": 0.0729
      },
      "4_doc": {
        "count": 235,
        "baseline_EM": 0.5915,
        "selector_EM": 0.5872,
        "EM_delta": -0.0043,
        "baseline_F1": 0.5927,
        "selector_F1": 0.5897,
        "F1_delta": -0.003
      }
    },
    "selector_summary": {
      "selector": "daec_noisyor",
      "score_mode": "bridge",
      "avg_mapped_pool_doc_count": 100.0,
      "avg_seed_entity_count": 4.887,
      "avg_selected_structured_doc_count": 4.671,
      "reserve_top_m": 2,
      "max_bridge_slots": 0,
      "non_anchor_title_dedup": false,
      "query_entity_source": "seed",
      "gate_mode": "none",
      "gate_min_structure_score": 0.15,
      "gate_min_combined_margin": 0.0,
      "gate_min_closure_score": 0.0,
      "gate_min_novelty_score": 0.0,
      "gate_min_frontier_gain": 0.0,
      "gate_min_path_coherence": 0.0,
      "gate_max_avg_local_structure": 0.95,
      "gate_min_suffix_base_mean": 0.15,
      "reader_order_probe_mode": "none",
      "reader_order_probe_apply_count": 0,
      "reader_order_probe_skip_count": 0,
      "reader_order_probe_reason_counts": {},
      "gate_apply_count": 0,
      "gate_skip_count": 0,
      "gate_reason_counts": {},
      "saturation_guard_apply_count": 0,
      "saturation_guard_skip_count": 0,
      "late_rerank_enabled": false,
      "late_rerank_apply_count": 0,
      "late_rerank_override_count": 0,
      "late_rerank_block_count": 0,
      "late_rerank_parse_failure_count": 0,
      "late_rerank_error_count": 0,
      "late_rerank_policy": "always",
      "late_rerank_max_state_score_gap": 0.0,
      "beam_width": 4,
      "beam_expand_per_state": 4,
      "beam_projected_shortlist_factor": 1,
      "beam_projection_eval_count": 0,
      "beam_projection_extra_eval_count": 0,
      "beam_projection_rescue_count": 0,
      "beam_projection_changed_query_count": 0,
      "beam_projection_max_selected_rank": 0,
      "examples_preview": [
        {
          "question": "When did Lothair Ii's mother die?",
          "selected_titles": [
            "Theobald of Arles",
            "Lothair II",
            "Teutberga",
            "Waldrada of Lotharingia",
            "Bertha, daughter of Lothair II"
          ],
          "seed_entities_preview": [
            "bertha",
            "emperor lothair i",
            "ermengarde of tours",
            "lothair ii",
            "lotharingia"
          ],
          "question_entities_preview": [
            "emperor lothair i",
            "heraclius ii",
            "lothair",
            "lothair ii",
            "lothair ii of lotharingia",
            "moctezuma ii",
            "tzihuacxochitzin ii",
            "unknown mother"
          ],
          "grounded_question_entities_preview": [
            "emperor lothair i",
            "lothair",
            "lothair ii",
            "lothair ii of lotharingia",
            "unknown mother"
          ],
          "proposal_query_entities_preview": [
            "bertha",
            "emperor lothair i",
            "ermengarde of tours",
            "lothair ii",
            "lotharingia"
          ],
          "query_entities_preview": [
            "bertha",
            "emperor lothair i",
            "ermengarde of tours",
            "lothair ii",
            "lotharingia"
          ],
          "selection_steps": [
            {
              "step": 1,
              "mode": "daec_noisyor_greedy",
              "pool_position": 8,
              "title": "Theobald of Arles",
              "objective_gain": 0.748706,
              "objective": 0.748706,
              "coverage_by_requirement": {
                "s1": 0.497412,
                "s2": 1.0
              }
            },
            {
              "step": 2,
              "mode": "daec_noisyor_greedy",
              "pool_position": 0,
              "title": "Lothair II",
              "objective_gain": 0.251294,
              "objective": 1.0,
              "coverage_by_requirement": {
                "s1": 1.0,
                "s2": 1.0
              }
            }
          ]
        },
        {
          "question": "Which film was released first, Aas Ka Panchhi or Phoolwari?",
          "selected_titles": [
            "Aas Ka Panchhi",
            "Phoolwari",
            "Aansoo Ban Gaye Phool",
            "Pyar Ka Bandhan",
            "Kyōen Kobanzame"
          ],
          "seed_entities_preview": [
            "1961 hindi movie",
            "aas ka panchhi",
            "chaturbhuj doshi",
            "mohan kumar",
            "phoolwari"
          ],
          "question_entities_preview": [
            "aas ka panchhi",
            "bengali film",
            "bollywood film",
            "film",
            "film director",
            "first indian film with sound",
            "malayalam film",
            "phoolwari"
          ],
          "grounded_question_entities_preview": [
            "aas ka panchhi",
            "bollywood film",
            "film",
            "phoolwari"
          ],
          "proposal_query_entities_preview": [
            "1961 hindi movie",
            "aas ka panchhi",
            "chaturbhuj doshi",
            "mohan kumar",
            "phoolwari"
          ],
          "query_entities_preview": [
            "1961 hindi movie",
            "aas ka panchhi",
            "chaturbhuj doshi",
            "mohan kumar",
            "phoolwari"
          ],
          "selection_steps": [
            {
              "step": 1,
              "mode": "daec_noisyor_greedy",
              "pool_position": 0,
              "title": "Aas Ka Panchhi",
              "objective_gain": 0.728294,
              "objective": 0.728294,
              "coverage_by_requirement": {
                "s1": 1.0,
                "s2": 0.184882,
                "s3": 1.0
              }
            },
            {
              "step": 2,
              "mode": "daec_noisyor_greedy",
              "pool_position": 1,
              "title": "Phoolwari",
              "objective_gain": 0.271706,
              "objective": 1.0,
              "coverage_by_requirement": {
                "s1": 1.0,
                "s2": 1.0,
                "s3": 1.0
              }
            }
          ]
        },
        {
          "question": "What is the place of birth of the performer of song Changed It?",
          "selected_titles": [
            "Chris Brown",
            "Changed It",
            "You Changed Me",
            "Charles Arthur Tabberer",
            "Zhang Ye (singer)"
          ],
          "seed_entities_preview": [
            "5 october 1942",
            "chang po ya",
            "changed it",
            "lil wayne",
            "nicki minaj"
          ],
          "question_entities_preview": [
            "changed it",
            "country of birth",
            "domicile of birth",
            "place of birth",
            "place of residence",
            "song",
            "the hiding place",
            "the o c"
          ],
          "grounded_question_entities_preview": [
            "changed it",
            "country of birth",
            "domicile of birth",
            "place of birth",
            "place of residence"
          ],
          "proposal_query_entities_preview": [
            "5 october 1942",
            "chang po ya",
            "changed it",
            "lil wayne",
            "nicki minaj"
          ],
          "query_entities_preview": [
            "5 october 1942",
            "chang po ya",
            "changed it",
            "lil wayne",
            "nicki minaj"
          ],
          "selection_steps": [
            {
              "step": 1,
              "mode": "daec_noisyor_greedy",
              "pool_position": 45,
              "title": "Chris Brown",
              "objective_gain": 0.64116,
              "objective": 0.64116,
              "coverage_by_requirement": {
                "s1": 0.28232,
                "s2": 1.0
              }
            },
            {
              "step": 2,
              "mode": "daec_noisyor_greedy",
              "pool_position": 0,
              "title": "Changed It",
              "objective_gain": 0.35884,
              "objective": 1.0,
              "coverage_by_requirement": {
                "s1": 1.0,
                "s2": 1.0
              }
            }
          ]
        },
        {
          "question": "Are Marufabad and Nasamkhrali both located in the same country?",
          "selected_titles": [
            "Abdul-Vahed Niyazov",
            "Nasamkhrali",
            "Marufabad",
            "Kyōen Kobanzame",
            "Qaleh-ye Bakhtiar"
          ],
          "seed_entities_preview": [
            "545",
            "iran",
            "kabutarsorkh rural district",
            "marufabad",
            "nasamkhrali",
            "qaleh ye zaras",
            "telavi district"
          ],
          "question_entities_preview": [
            "at the time of marriage",
            "do the a side",
            "do the best",
            "heart and soul",
            "i zaz al dawlafortification of the empire",
            "marufabad",
            "nasamkhrali",
            "one and five"
          ],
          "grounded_question_entities_preview": [
            "i zaz al dawlafortification of the empire",
            "marufabad",
            "nasamkhrali"
          ],
          "proposal_query_entities_preview": [
            "545",
            "iran",
            "kabutarsorkh rural district",
            "marufabad",
            "nasamkhrali",
            "qaleh ye zaras",
            "telavi district"
          ],
          "query_entities_preview": [
            "545",
            "iran",
            "kabutarsorkh rural district",
            "marufabad",
            "nasamkhrali",
            "qaleh ye zaras",
            "telavi district"
          ],
          "selection_steps": [
            {
              "step": 1,
              "mode": "daec_noisyor_greedy",
              "pool_position": 2,
              "title": "Abdul-Vahed Niyazov",
              "objective_gain": 0.553267,
              "objective": 0.553267,
              "coverage_by_requirement": {
                "s1": 0.49541,
                "s2": 0.350714,
                "s3": 0.813677
              }
            },
            {
              "step": 2,
              "mode": "daec_noisyor_greedy",
              "pool_position": 1,
              "title": "Nasamkhrali",
              "objective_gain": 0.256369,
              "objective": 0.809636,
              "coverage_by_requirement": {
                "s1": 0.571958,
                "s2": 1.0,
                "s3": 0.856951
              }
            },
            {
              "step": 3,
              "mode": "daec_noisyor_greedy",
              "pool_position": 0,
              "title": "Marufabad",
              "objective_gain": 0.145293,
              "objective": 0.954929,
              "coverage_by_requirement": {
                "s1": 1.0,
                "s2": 1.0,
                "s3": 0.864788
              }
            },
            {
              "step": 4,
              "mode": "daec_noisyor_greedy",
              "pool_position": 25,
              "title": "Kyōen Kobanzame",
              "objective_gain": 0.045071,
              "objective": 1.0,
              "coverage_by_requirement": {
                "s1": 1.0,
                "s2": 1.0,
                "s3": 1.0
              }
            }
          ]
        },
        {
          "question": "Which film has the director who is older, God'S Gift To Women or Aldri Annet Enn Bråk?",
          "selected_titles": [
            "Edith Carlmar",
            "God's Gift to Women",
            "Aldri annet enn bråk",
            "Arne Toonen",
            "Alberto Lattuada"
          ],
          "seed_entities_preview": [
            "aldri annet enn br k",
            "film",
            "gabriel axel",
            "god s gift to women",
            "michael curtiz",
            "steno",
            "toto and the women"
          ],
          "question_entities_preview": [
            "aldri annet enn br k",
            "director",
            "english title of aldri annet enn br k",
            "film",
            "film director",
            "god s gift to women",
            "hollywood film director",
            "remake of aldri annet enn br k"
          ],
          "grounded_question_entities_preview": [
            "aldri annet enn br k",
            "director",
            "english title of aldri annet enn br k",
            "film",
            "film director",
            "god s gift to women",
            "remake of aldri annet enn br k"
          ],
          "proposal_query_entities_preview": [
            "aldri annet enn br k",
            "film",
            "gabriel axel",
            "god s gift to women",
            "michael curtiz",
            "steno",
            "toto and the women"
          ],
          "query_entities_preview": [
            "aldri annet enn br k",
            "film",
            "gabriel axel",
            "god s gift to women",
            "michael curtiz",
            "steno",
            "toto and the women"
          ],
          "selection_steps": [
            {
              "step": 1,
              "mode": "daec_noisyor_greedy",
              "pool_position": 2,
              "title": "Edith Carlmar",
              "objective_gain": 0.524143,
              "objective": 0.524143,
              "coverage_by_requirement": {
                "s1": 0.237537,
                "s2": 0.592276,
                "s3": 0.266757,
                "s4": 1.0
              }
            },
            {
              "step": 2,
              "mode": "daec_noisyor_greedy",
              "pool_position": 1,
              "title": "God's Gift to Women",
              "objective_gain": 0.373926,
              "objective": 0.898069,
              "coverage_by_requirement": {
                "s1": 1.0,
                "s2": 0.592276,
                "s3": 1.0,
                "s4": 1.0
              }
            },
            {
              "step": 3,
              "mode": "daec_noisyor_greedy",
              "pool_position": 0,
              "title": "Aldri annet enn bråk",
              "objective_gain": 0.101931,
              "objective": 1.0,
              "coverage_by_requirement": {
                "s1": 1.0,
                "s2": 1.0,
                "s3": 1.0,
                "s4": 1.0
              }
            }
          ]
        }
      ],
      "dtc_max_steps": 4,
      "dtc_match_threshold": 0.35,
      "dtc_redundancy_weight": 0.1,
      "dtc_base_weight": 0.05,
      "dtc_rank_weight": 0.0,
      "dtc_anchor_bonus_weight": 0.1,
      "dtc_dependency_bonus_weight": 0.1,
      "dtc_max_completion_tokens": 512,
      "dtc_decomposition_mode": "llm",
      "dtc_include_satisfiable_by": false,
      "dtc_enforce_dependencies": true,
      "dtc_require_new_crossing": false,
      "dtc_demand_gate_enabled": false,
      "dtc_demand_gate_alpha": 1.0,
      "dtc_repairable_filter_enabled": false,
      "dtc_satisfiable_by_policy": "binding_override",
      "dtc_demand_gate_preserve_count": 0,
      "avg_dtc_baseline_demand_satisfaction_rate": 0.0,
      "dtc_ser_enabled": false,
      "dtc_ser_lambda0": 1.0,
      "dtc_ser_anchor_binding_enabled": false,
      "dtc_enable_dependency_binding": false,
      "dtc_binding_max_candidates": 5,
      "dtc_binding_entity_hit_required": true,
      "dtc_parse_success_count": 1000,
      "dtc_fallback_count": 0,
      "avg_dtc_requirement_count": 2.772,
      "avg_dtc_covered_requirement_rate": 1.0,
      "avg_dtc_embedding_available_requirement_count": 2.772,
      "daec_main_objective": "frozen_binding_noisy_or",
      "daec_binding_top_m": 5
    }
  },
  "external_pool": {
    "enabled": true,
    "path": "run_logs/dense_pool_exports_full1000_20260424/2wikimultihopqa_dense_pool100.json",
    "source": "dense_pool100",
    "dataset": "2wikimultihopqa",
    "records_loaded": 1000,
    "records_available": 1000,
    "pool_k_payload": 100,
    "min_pool_size": 100,
    "max_pool_size": 100,
    "mean_pool_size": 100.0,
    "total_pool_docs": 100000,
    "exact_doc_text_match_count": 100000,
    "title_fallback_match_count": 0,
    "unmatched_doc_count": 0,
    "question_mismatch_count": 0,
    "query_idx_mismatch_count": 0,
    "payload_retrieval": {
      "recomputed_title_recall": {
        "Recall@5": 0.7238,
        "Recall@20": 0.799,
        "Recall@100": 0.877
      },
      "dense_metrics": {
        "Recall@5": 0.7238,
        "Recall@20": 0.799,
        "Recall@100": 0.877
      }
    }
  }
}
